post_id,symbol,stock_name,title,text,truncated,author,user_id,created_at,reply_count,like_count,retweet_count,view_count,fav_count,source,url,crawl_time
297565280,SH688646,ST逸飞,逸飞激光：核心技术人员程从贵离任,证券日报网讯 7月15日晚间，逸飞激光发布公告称，公司核心技术人员程从贵先生于近日因达到法定退休年龄提请退休，退休离任后不再担任公司任何职务。（编辑 何帆）,0,证券日报,8353550788,2024-07-15 12:30:04,0,0,0,28620,0,雪球,https://xueqiu.com/8353550788/297565280,2026-07-08 16:22:18
297678078,SH688646,ST逸飞,,逸飞激光：逸飞激光关于拟实施2024年度中期分红、控股子公司总经理拟增持公司股份暨落实“提质增效重回报”行动方案的公告 网页链接,0,ST逸飞(SH688646),0,2024-07-16 08:11:00,1,0,0,8462,0,公告,https://xueqiu.com/S/SH688646/297678078,2026-07-08 16:22:18
297679169,SH688646,ST逸飞,逸飞激光：拟实施2024年度中期分红,【逸飞激光：拟实施2024年度中期分红】财联社7月16日电，逸飞激光公告，公司拟计划实施2024年度中期分红。在2024年半年度具有可供分配利润的条件下，实施2024年度中期分红比例不低于2024年半年度归属于上市公司股东净利润的30%。公司控股子公司新聚力总经理赵来根拟以自有资金通过上海证券交易所交易系统允许的方式(包括但不限于集中竞价和大宗交易等)增持公司股份，本次拟增持股份金额合计不低于人民币1000万元。,0,财联社,7437424816,2024-07-16 08:20:08,0,1,0,40714,0,雪球,https://xueqiu.com/7437424816/297679169,2026-07-08 16:22:18
297683050,SH688646,ST逸飞,逸飞激光最新公告：拟实施2024年度中期分红,逸飞激光公告，公司拟计划实施2024年度中期分红。在2024年半年度具有可供分配利润的条件下，实施2024年度中期分红比例不低于2024年半年度归属于上市公司股东净利润的30%。公司控股子公司新聚力总经理赵来根拟以自有资金通过上海证券交易所交易系统允许的方式(包括但不限于集中竞价和大宗交易等)增持公司股份，本次拟增持股份金额合计不低于人民币1000万元。以上内容由证券之星根据公开信息整理，由算法生成（网信算备310104345710301240019号），与本站立场无关，如数据存在问题请联系我们。本文为数据整理，不对您构成任何投资建议，投资有风险，请谨慎决策。,0,证券之星财经,5187193467,2024-07-16 08:50:10,0,0,0,35815,0,雪球,https://xueqiu.com/5187193467/297683050,2026-07-08 16:22:18
297685510,SH688646,ST逸飞,逸飞激光：控股子公司新聚力总经理赵来根以增持不低于1000万元公司股份,每经AI快讯，逸飞激光（SH 688646，收盘价：28.39元）7月16日晚间发布公告称，公司控股子公司无锡新聚力科技有限公司总经理赵来根先生拟以自有资金通过上海证券交易所交易系统允许的方式增持公司股份。本次拟增持股份金额合计不低于人民币1000万元。 截至发稿，逸飞激光市值为27亿元。 道达号（daoda1997）“个股趋势”提醒：1. 近30日内无机构对逸飞激光进行调研。 每经头条（nbdtoutiao）—— (记者 王晓波) 免责声明：本文内容与数据仅供参考，不构成投资建议，使用前请核实。据此操作，风险自担。 每日经济新闻,0,每日经济新闻,4642157440,2024-07-16 09:10:08,0,0,0,35628,0,雪球,https://xueqiu.com/4642157440/297685510,2026-07-08 16:22:18
297973394,SH688646,ST逸飞,逸飞激光拟拿超30%净利中期分红 派现回购增持接连上演,业绩稳步增长，逸飞激光(688646.SH)积极分享公司成长红利。 7月16日晚间，逸飞激光发布公告，公司拟实施2024年度中期分红，计划拿出超30%利润发放年中红包。同时，公司控股子公司无锡新聚力科技有限公司(简称新聚力)总经理赵来根拟增持公司股份，增持金额不低于1000万元。 长江商报记者注意到，上个月逸飞激光刚刚完成2023年度权益分派，合计派发现金红利3104.73万元。另外，今年2月，公司公告拟以不超48.75元/股的价格回购公司股份，回购资金不超1.2亿元。上述举措，均是逸飞激光落实公司“提质增效重回报”行动方案的具体表现。 上市不到一年，逸飞激光公布的两份财报均表现不俗。2023年，公司实现营业收入6.97亿元，同比增加29.36%；归母净利润1.01亿元，同比增加7.7%。2024年一季度，公司实现营业收入1.19亿元，同比增长4.69%；归母净利润1584.06万元，同比增长82.58%。 连续分红回购彰显发展信心 公告显示，为提升公司投资价值，与投资者共享发展成果，维护全体股东利益，推动公司高质量发展，逸飞激光计划实施2024年度中期分红。在2024年半年度具有可供分配利润的条件下，实施2024年度中期分红比例不低于2024年半年度归属于上市公司股东净利润的30%。 同时，公司控股子公司新聚力总经理赵来根拟以自有资金增持公司股份。本次拟增持股份金额合计不低于1000万元，增持计划未设置固定价格、价格区间，拟自2024年7月17日起至12月4日完成。 逸飞激光在公告中指出，公司此举是为践行“以投资者为本”的上市公司发展理念，维护公司全体股东利益，基于对公司未来发展前景的信心及价值的认可，落实“提质增效重回报”行动方案，以进一步提高公司质量和投资价值，持续优化公司经营、规范治理，强化市场竞争力，积极回报广大投资者，树立良好的资本市场形象。 此前6月18日，逸飞激光发布了2023年年度权益分派实施公告。2023年度，公司拟每10股派发现金红利3.3元(含税)，共计派发现金红利3104.73万元。本次权益分派股权登记日为6月21日，除权除息日为6月24日，现金红利已于6月24日发放。 另外，今年2月，逸飞激光还发布了回购股份方案，拟以集中竞价交易的方式回购公司股份，回购资金总额不低于6000万元，不超过1.2亿元，回购价格不超过48.75元/股。 截至6月30日，逸飞激光已回购股份108万股，支付金额为2997.59万元。 业绩稳健一季度净利增超八成 2023年7月28日，逸飞激光在上交所科创板上市，成为湖北第7家激光上市企业。自2005年成立以来，公司坚持“激光+智能装备+工艺应用”三维一体的创新战略，已形成了以精密激光加工技术为核心，以智能制造装备为载体的技术和产品体系。 连续分红的背后，是逸飞激光近年来保持稳健增长的业绩表现。财务数据显示，2019—2023年，逸飞激光连续五年营收和净利双增，营业收入分别为1.20亿元、2.06亿元、3.97亿元、5.39亿元、6.97亿元，归母净利润分别为-0.15亿元、0.12亿元、0.42亿元、0.94亿元、1.01亿元。2024年一季度，公司业绩大幅增长，实现营业收入1.19亿元，同比增长4.69%，归母净利润0.16亿元，同比增长82.28%。 为进一步丰富产品矩阵，促进公司业务的快速发展，今年5月，逸飞激光加快拓展步伐，拟使用自有资金3000万元购买赵来根持有的新聚力51%的股权，并在受让股权后承担该标的股权中尚未实缴出资的缴纳义务。 值得一提的是，逸飞激光本次股东增持计划，即为兑现收购新聚力51%股权事项中，赵来根做出的购买公司股票承诺。 逸飞激光此前表示，公司与新聚力有共同的客户群体，在新能源电池领域具有较强的业务互补性和延展性。本次交易是公司基于聚焦主业发展和积极拓展新行业、新业务的布局，有利于公司整合双方的市场、客户、技术、产品、生产以及供应链资源，发挥智慧物流与智能装备的协同效益，在智能制造领域实现智慧物流、智能装备与生产管理系统的高效协同，降低生产成本，推动实现智能制造的高端化、智能化、绿色化，符合公司发展愿景与长期战略规划。 近年来，面对锂电池产业链投资形势与风格转变的趋势，逸飞激光进一步强化市场导向的产品策略，并加大重点市场的开拓力度，取得了良好的经营效益。公司在此前召开的业绩说明会上表示，目前公司产能利用率处于较高水平，公司在手订单也比较充足。 逸飞激光称，公司将专注于精密激光加工智能装备领域，坚持创新与质量双驱动，以正向设计推动电池“组装”向“封装”升级，持续推进圆柱、方形全极耳电池系列装备的量产应用，加强模组PACK系列装备的产品化迭代，加大新兴领域拓展，同时践行从设备出海到全球化发展的新路径，全面提升核心竞争力，朝着成为世界一流的智能制造装备供应商的目标而奋进，力争用更好的经营业绩回报广大股东。,0,ST逸飞(SH688646),0,2024-07-18 07:27:18,0,0,0,14583,0,新闻,https://xueqiu.com/S/SH688646/297973394,2026-07-08 16:22:18
297974125,SH688646,ST逸飞,,逸飞激光投资者关系活动记录表-2024.07.15 网页链接,0,ST逸飞(SH688646),0,2024-07-18 07:30:01,0,0,0,1052,0,互动易,https://xueqiu.com/S/SH688646/297974125,2026-07-08 16:22:18
297977977,SH688646,ST逸飞,,逸飞激光：投资者关系活动记录表-2024.07.15 网页链接,0,ST逸飞(SH688646),0,2024-07-18 07:43:02,0,0,0,5590,0,公告,https://xueqiu.com/S/SH688646/297977977,2026-07-08 16:22:18
297987946,SH688646,ST逸飞,逸飞激光：7月15日接受机构调研，融通基金参与,证券之星消息，2024年7月18日逸飞激光（688646）发布公告称公司于2024年7月15日接受机构调研，融通基金参与。具体内容如下：问：公司创业之初主要是做激光器的，请目前公司设备里用的激光器主要是外购还是自产？外购主要是哪些供应商？答：公司主要根据客户的具体需求和下游应用领域选择激光器，目前，公司设备产品中使用的激光器自产（含定制化采购）占比相对较高，也有部分外购，主要是来自锐科激光、IPG等供应商。问：传统小圆柱电池已经是成熟的产品，为什么还要全极耳化？主要应用在哪些领域？公司在这方面业务如何？答：传统小圆柱电池在有限的电芯尺寸下，容量已经较为极致，而采用全极耳技术的小圆柱电芯在倍率性、宽温性、快充等性能方面都有进一步的提升。目前小圆柱全极耳电池主要是用在电动工具、小动力、智能家居等领域。公司圆柱电芯设备可以适用于 18系、21系、26系小圆柱全极耳电池的生产，同时也有传统小圆柱电池产线全极耳改造升级业务。问：请公司今年资本开支主要在哪些方面？答：公司今年的资本开支重点是围绕募投项目、厂房扩建、研究院建设及完善、投资并购等方面。目前，公司资金和综合授信储备充裕，未来公司将根据市场环境变化，以及实际需求进行规划布局。问：公司在手订单以及订单结构如何？答：目前，公司在手订单较为充裕，整体来看，订单主要是新能源电池业务方面。问：公司目前毛利率在什么水平？展望未来毛利率情况？答：公司 2024年一季度综合毛利率为 37.79%，公司毛利率受市场供需情况、原材料价格、当期项目验收等多方面因素的影响，会存在一定的波动性。公司会通过不断加强技术与产品创新，持续提升产品竞争力，并通过规模化、精细化管理强化成本与费用控制，来保障公司持续盈利能力。逸飞激光（688646）主营业务：从事精密激光加工智能装备研发、设计、生产和销售。逸飞激光2024年一季报显示，公司主营收入1.19亿元，同比上升4.69%；归母净利润1584.06万元，同比上升82.58%；扣非净利润874.14万元，同比上升44.9%；负债率30.65%，投资收益229.26万元，财务费用-4.24万元，毛利率37.79%。该股最近90天内无机构评级。融资融券数据显示该股近3个月融资净流出1138.81万，融资余额减少；融券净流入0.0，融券余额增加。以上内容由证券之星根据公开信息整理，由算法生成（网信算备310104345710301240019号），与本站立场无关，如数据存在问题请联系我们。本文为数据整理，不对您构成任何投资建议，投资有风险，请谨慎决策。,0,证券之星财经,5187193467,2024-07-18 08:50:18,0,0,0,37330,0,雪球,https://xueqiu.com/5187193467/297987946,2026-07-08 16:22:18
298147944,SH688646,ST逸飞,,逸飞激光：逸飞激光首次公开发行部分限售股及部分战略配售限售股上市流通公告 网页链接,0,ST逸飞(SH688646),0,2024-07-19 10:37:03,0,0,0,5945,0,公告,https://xueqiu.com/S/SH688646/298147944,2026-07-08 16:22:18
298147946,SH688646,ST逸飞,,逸飞激光：民生证券股份有限公司关于武汉逸飞激光股份有限公司首次公开发行部分限售股及部分战略配售限售股上市流通的核查意见 网页链接,0,ST逸飞(SH688646),0,2024-07-19 10:37:03,0,0,0,6263,0,公告,https://xueqiu.com/S/SH688646/298147946,2026-07-08 16:22:18
298410503,SH688646,ST逸飞,逸飞激光CTP模组自动线交付，获客户“优质服务奖”,近日，逸飞激光供给某头部电池企业的方形动力电池CTP模组全自动生产线在客户工厂圆满完成交付，实现批量生产。交付仪式现场，该头部电池企业授予逸飞激光“优质服务奖”以及致谢锦旗，高度赞扬了逸飞团队“求真务实，协同创新”的工作态度，并对产品品质及高效交付表示认可，期待该产线成为其公司高质量智能制造的标杆项目。 逸飞激光具备成熟的电池模组PACK组装装备产品系列，已向行业内交付多条模组PACK自动/半自动产线，应用于动力与储能市场。凭借完善的项目全周期服务管理体系和PLM/MES/PDM/ERP四大智能管理系统，可为客户提供高效高质量的项目交付服务，屡次收获客户好评。 该条产线用于方形动力电池系统CTP结构的自动化组装，包括电芯处理段、模组装配段、PACK装配段和电测段四个部分，整线组装效率为20PPM，可提供扫码OCV测试、电芯分选、激光清洗、电芯堆叠、Bus-bar焊接、箱盖组装、气密性测试等装配工艺和设备。整线采用模块化及柔性化设计，可兼容120Ah~360Ah电芯的自动化生产，同时搭载数字化检测以及智能管理系统，实现高精度、高效率的自动化组装。 逸飞激光模组PACK系列产品 柔性设计，实现快速换型 采用模块化、标准化设计理念，实现了整线、单元、模块的三级柔性设计及高兼容性，可兼容多型号、多尺寸产品，部分工序实现一键快速换型，满足动力、户储、工商业等不同电池系统的多样化生产制造需求。 自适应焊接系统，实现高精度加工 采用多轴组合联动式自适应系统，夹具兼容不同来料，结合视觉定位系统，实现加工位置的精准定位。运用独立压紧、随动焊接工艺，对单个电芯进行独立压紧，依据单个焊接位置微调焦距，保障焊接精度及品质。 整线数字化，实现智能管理 整线配置数字化智能控制系统，通过深度感知技术、分析决策技术、闭环执行技术及MES系统，结合异构数据进行收集、处理、分析，搭配数字孪生、虚拟仿真、智慧物流及仓储系统，进行全过程、多环节的协同管理、智能决策、信息溯源及优化革新。 多种传输布局，实现灵活生产 支持离散式AGV小车/连续式直线传输模式，可依需选择最优适配方案，免受生产场地限制，综合协调“人机料法环”，最大化利用资源，持续降低运营成本，提高生产效益。 逸飞激光可根据客户需求，提供从单机、工作站、半自动产线、全自动产线到电池系统组装整厂解决方案的模组PACK全系列产品和服务，以及退役动力电池梯次利用拆解重组整线方案，可实现不同规格圆柱、方形、软包电池模组PACK的多样化、高效率、高质量生产。 正常解决方案 目前，逸飞激光模组PACK系列产品广泛应用于动力及储能电池领域，可满足两轮车、电动汽车（CTP，CTC）、电动工具、户储、工商业储能、电力储能（集装箱储能）等多领域产品的制造需求。未来，逸飞激光将紧跟市场趋势，持续为全球客户提供柔性化、模块化、智能化模组PACK解决方案，助力企业优化资源配置，实现降本提质增效。,0,ST逸飞(SH688646),0,2024-07-23 01:19:20,1,0,0,14511,0,新闻,https://xueqiu.com/S/SH688646/298410503,2026-07-08 16:22:18
298478752,SH688646,ST逸飞,逸飞激光CTP模组自动线交付,近日，逸飞激光供给某头部电池企业的方形动力电池CTP模组全自动生产线在客户工厂圆满完成交付，实现批量生产。交付仪式现场，该头部电池企业授予逸飞激光“优质服务奖”以及致谢锦旗，高度赞扬了逸飞团队“求真务实，协同创新”的工作态度，并对产品品质及高效交付表示认可，期待该产线成为其公司高质量智能制造的标杆项目。逸飞激光具备成熟的电池模组PACK组装装备产品系列，已向行业内交付多条模组PACK自动/半自动产线，应用于动力与储能市场。凭借完善的项目全周期服务管理体系和PLM/MES/PDM/ERP四大智能管理系统，可为客户提供高效高质量的项目交付服务，屡次收获客户好评。该条产线用于方形动力电池系统CTP结构的自动化组装，包括电芯处理段、模组装配段、PACK装配段和电测段四个部分，整线组装效率为20PPM，可提供扫码OCV测试、电芯分选、激光清洗、电芯堆叠、Bus-bar焊接、箱盖组装、气密性测试等装配工艺和设备。整线采用模块化及柔性化设计，可兼容120Ah~360Ah电芯的自动化生产，同时搭载数字化检测以及智能管理系统，实现高精度、高效率的自动化组装。逸飞激光模组PACK系列产品&gt;&gt; 柔性设计，实现快速换型采用模块化、标准化设计理念，实现了整线、单元、模块的三级柔性设计及高兼容性，可兼容多型号、多尺寸产品，部分工序实现一键快速换型，满足动力、户储、工商业等不同电池系统的多样化生产制造需求。&gt;&gt; 自适应焊接系统，实现高精度加工采用多轴组合联动式自适应系统，夹具兼容不同来料，结合视觉定位系统，实现加工位置的精准定位。运用独立压紧、随动焊接工艺，对单个电芯进行独立压紧，依据单个焊接位置微调焦距，保障焊接精度及品质。&gt;&gt; 整线数字化，实现智能管理整线配置数字化智能控制系统，通过深度感知技术、分析决策技术、闭环执行技术及MES系统，结合异构数据进行收集、处理、分析，搭配数字孪生、虚拟仿真、智慧物流及仓储系统，进行全过程、多环节的协同管理、智能决策、信息溯源及优化革新。&gt;&gt; 多种传输布局，实现灵活生产支持离散式AGV小车/连续式直线传输模式，可依需选择最优适配方案，免受生产场地限制，综合协调“人机料法环”，最大化利用资源，持续降低运营成本，提高生产效益。逸飞激光可根据客户需求，提供从单机、工作站、半自动产线、全自动产线到电池系统组装整厂解决方案的模组PACK全系列产品和服务，以及退役动力电池梯次利用拆解重组整线方案，可实现不同规格圆柱、方形、软包电池模组PACK的多样化、高效率、高质量生产。整厂解决方案目前，逸飞激光模组PACK系列产品广泛应用于动力及储能电池领域，可满足两轮车、电动汽车（CTP，CTC）、电动工具、户储、工商业储能、电力储能（集装箱储能）等多领域产品的制造需求。未来，逸飞激光将紧跟市场趋势，持续为全球客户提供柔性化、模块化、智能化模组PACK解决方案，助力企业优化资源配置，实现降本提质增效。,0,用户3105890754,3105890754,2024-07-23 07:02:22,0,0,0,39697,0,雪球,https://xueqiu.com/3105890754/298478752,2026-07-08 16:22:18
298550974,SH688646,ST逸飞,逸飞激光：7月23日获融资买入182.21万元,同花顺（300033）数据中心显示，逸飞激光7月23日获融资买入182.21万元，占当日买入金额的24.02%，当前融资余额2999.03万元，占流通市值的5.71%，超过历史50%分位水平。 融资走势表 日期融资变动融资余额7月23日-22.58万2999.03万7月22日196.20万3021.61万7月19日-93.24万2825.41万7月18日-1.78万2918.65万7月17日-52.25万2920.44万 融券方面，逸飞激光7月23日融券偿还0股，融券卖出0股，按当日收盘价计算，卖出金额0.00元；融券余额0.00，低于历史10%分位水平，处于低位。 融券走势表 日期融券变动融券余额7月23日0.000.007月22日0.000.007月19日0.000.007月18日0.000.007月17日0.000.00 综上，逸飞激光当前两融余额2999.03万元，较昨日下滑0.75%，余额超过历史50%分位水平。 两融余额的走势表 日期两融余额余额变动7月23日2999.03万-22.58万7月22日3021.61万196.20万7月19日2825.41万-93.24万7月18日2918.65万-1.78万7月17日2920.44万-52.25万 说明1：融资余额若长期增加时表示投资者心态偏向买方，市场人气旺盛属强势市场，反之则属弱势市场。 说明2：买入金额=主动买入特大单金额+主动买入大单金额+主动买入中单金额+主动买入小单金额。,0,ST逸飞(SH688646),0,2024-07-24 00:03:48,0,0,0,13583,0,新闻,https://xueqiu.com/S/SH688646/298550974,2026-07-08 16:22:18
298656939,SH688646,ST逸飞,逸飞激光：公司控股子公司新聚力有储备半导体AMHS设备相关技术及产品,同花顺（300033）金融研究中心07月24日讯，有投资者向逸飞激光提问， 公司控股子公司新聚力科技产品广泛应用于新能源电池、半导体、消费电子、医疗健康等行业。在半导体AMHS系统新聚力实现了部分核心设备的国产替代。 AMHS设备是与半导体CIM软件结合最为紧密的自动化系统，在半导体材料、晶圆制造与封装测试环节均有应用。公司曾表示与中科院半导体研究所有合作关系。请问公司在半导体领域的规划布局情况以及技术、产品研发、应用情况？目前是否有客户（或潜在客户）、订单？谢谢！ 公司回答表示，尊敬的投资者您好！公司控股子公司新聚力有储备半导体AMHS设备相关技术及产品，具体客户及业务开展情况请关注公司公告以及官网、公众号等公开平台发布的信息，感谢您的关注。 点击进入互动平台 查看更多回复信息,0,ST逸飞(SH688646),0,2024-07-24 10:04:19,0,0,0,14094,0,新闻,https://xueqiu.com/S/SH688646/298656939,2026-07-08 16:22:18
298657155,SH688646,ST逸飞,逸飞激光：公司暂未涉及光刻机相关业务,同花顺（300033）金融研究中心07月24日讯，有投资者向逸飞激光提问， 董秘您好，请问公司业务跟光刻机是否相关？ 公司回答表示，尊敬的投资者您好！目前，公司暂未涉及光刻机相关业务。公司将会积极关注新兴产业的发展情况，并结合自身实际业务探索相关业务机会。感谢您的关注。 点击进入互动平台 查看更多回复信息,0,ST逸飞(SH688646),0,2024-07-24 10:05:25,0,0,0,15975,0,新闻,https://xueqiu.com/S/SH688646/298657155,2026-07-08 16:22:18
298758564,SH688646,ST逸飞,逸飞激光：公司电芯装配设备和模组PACK设备均可用于半固态/固态电池的生产,每经AI快讯，有投资者在投资者互动平台提问：经了解，与传统液态锂电池相比，固态电池的前段工序基本与液态锂电池相同。中、后段工序上，固态电池需要加压或者烧结。因此，固态电池激光封装工艺，是固态电池制造关键节点和重点、难点，谁先掌握核心技术，取得专利，谁将在未来的固态电池产业链上取得优势。请问公司目前在固态电池制造方面的技术、产品应用情况，以及在固态电池激光封装生产工艺上的技术、研发情况？ 逸飞激光（688646.SH）7月24日在投资者互动平台表示，公司电芯装配设备和模组 PACK 设备均可用于半固态/固态电池的生产，未来公司还将持续研究固态电池激光封装工艺，打通固态电池制造关键节点，开发固态电池新型设备，升级可适配固态电池生产的锂电池装备，开发固态电池激光封装产线。 (记者 蔡鼎) 免责声明：本文内容与数据仅供参考，不构成投资建议，使用前核实。据此操作，风险自担。 每日经济新闻,0,每日经济新闻,4642157440,2024-07-25 05:10:11,0,0,0,31391,0,雪球,https://xueqiu.com/4642157440/298758564,2026-07-08 16:22:18
298961579,SH688646,ST逸飞,逸飞激光： 公司控股子公司新聚力有储备半导体AMHS设备相关技术及产品,证券之星消息，逸飞激光(688646)07月26日在投资者关系平台上答复投资者关心的问题。投资者：董秘您好！半导体生产中常用的软件包括计算机集成制造（CIM），请问公司控股子公司新聚力科技有半导体CIM软件方面的技术和产品应用吗？谢谢！逸飞激光董秘：尊敬的投资者您好！公司控股子公司新聚力有储备半导体AMHS设备相关技术及产品，感谢您的关注。以上内容由证券之星根据公开信息整理，由算法生成（网信算备310104345710301240019号），与本站立场无关，如数据存在问题请联系我们。本文为数据整理，不对您构成任何投资建议，投资有风险，请谨慎决策。,0,证券之星财经,5187193467,2024-07-26 12:10:12,0,0,0,30404,0,雪球,https://xueqiu.com/5187193467/298961579,2026-07-08 16:22:18
299290738,SH688646,ST逸飞,,逸飞激光投资者关系活动记录表-（2024.07.24-2024.07.25） 网页链接,0,ST逸飞(SH688646),0,2024-07-30 07:32:01,1,0,0,1146,0,互动易,https://xueqiu.com/S/SH688646/299290738,2026-07-08 16:22:18
299292441,SH688646,ST逸飞,,逸飞激光：投资者关系活动记录表-(2024.07.24-2024.07.25） 网页链接,0,ST逸飞(SH688646),0,2024-07-30 07:43:01,3,0,0,7560,0,公告,https://xueqiu.com/S/SH688646/299292441,2026-07-08 16:22:18
299299250,SH688646,ST逸飞,逸飞激光：7月24日接受机构调研，国盛证券、汇丰晋信等多家机构参与,"证券之星消息，2024年7月30日逸飞激光（688646）发布公告称公司于2024年7月24日接受机构调研，国盛证券、汇丰晋信、东北证券、人保资管、融通基金、申万菱信、财通证券、博时基金、富国基金参与。具体内容如下：问：如何看待大圆柱电池发展现状？以及对大圆柱未来的展望？答：一般来讲，壳体直径在 30mm及以上的圆柱电池被业界称为大圆柱电池。作为新兴电池技术路径，大圆柱电池从前期的研发与工艺验证到市场规模化应用，不仅在于突破生产制造中的工艺难题，还面临规模化量产的系统性问题，需要整个产业链上下游通力协作，共同推动其大规模量产应用。目前，32系/40系/60系大圆柱电池已在新能源汽车、储能、轻型车等市场部分实现量产应用，46系也处于加速量产阶段。公司各个系列的大圆柱电芯装配线已实现批量交付。大圆柱全极耳电池具有高安全性、快充电、长寿命等产品性能优势，且生产效率更高、产品一致性更好、生产成本更低，便于进行大规模的应用与推广，契合中高端新能源汽车和储能的需求。目前，全球主流新能源汽车厂商、锂电池厂商纷纷布局大圆柱全极耳路径，市场渗透率不断提升，未来，大圆柱全极耳电池将成为主流的电池技术路径之一。问：公司在圆柱电芯设备的核心竞争力如何？设备出货量大概有多少？答：公司圆柱全极耳电池激光封装产线具有高效率、高精度、高良率、高稳定性的特点，实现了装备形式、结构工艺等全覆盖，可以适用于直径 18-80mm 圆柱全极耳电池的开发与量产应用，且拥有更加完善的专利布局，并获得第三方权威机构认可，技术水平行业领先。目前，已批量交付给行业知名客户。问：小圆柱全极耳电池主要应用在哪些领域？公司的小圆柱全极耳电芯设备订单情况如何？答：小圆柱全极耳电池主要是用在电动工具、小动力、智能家居等领域，在海外市场，特斯拉等车企也将小圆柱电池用于新能源汽车领域。目前，公司小圆柱全极耳电芯装配设备已供货给行业知名客户，同时也有传统小圆柱电池产线全极耳改造升级业务订单。4、近期，有消息显示，特斯拉在 4680取得重要进展，请问公司跟特斯拉有业务合作吗？公司与特斯拉暂无直接业务合作。问：公司收购新聚力的目的是什么？对公司有些方面的协同性？答：公司基于聚焦主业发展以及积极拓展新行业、新业务的布局，战略收购新聚力。目前已收购完成，双方正在整合市场、客户、技术、产品、生产以及供应链等方面的资源，在智能制造领域实现智慧物流、智能装备与生产管理系统的高效协同。在新能源电池领域，公司和新聚力可以充分发挥各自的产品优势，增加公司产品和服务多样性，提升单一客户的销售金额，增加业务规模，同时，共同推进全极耳电池、钠电池、固态电池等电池行业新兴技术的商业化发展；并充分发挥新聚力物流技术通用性优势，拓展半导体、功能材料、医疗健康等新行业、新业务，为公司提供更多的商业机会和增长潜力，加速并完善公司业务布局。问：公司收购新聚力 51%股权时签署的《股权转让协议》中约定了业绩承诺，2024 年—2026 年新聚力实现的净利润分别不低于人民币 2,400万元、3,600万元和 6,000 万元，累计目标净利润不低于人民币 2亿元。请今年业绩目标完成度如何？答：新聚力整体经营稳健，且储备订单较为充裕，加之目前双方正在加快整合资源，预计对其经营也会产生有利影响，公司和控股子公司新聚力将会积极推动业绩目标的达成。7、公司目前员工人数是多少？后续有扩人的计划吗？截至 2023年末，公司员工总人数为 884人。未来，公司将会根据实际经营发展需求储备管理、高端技术、海外营销等方面的人才队伍，进一步增强核心竞争力。问：请公司目前产能利用率如何？还有扩产计划吗？答：目前，公司整体产能利用率处于较高水平，今年上半年公司逸飞智能二期、江苏逸飞二期已建成陆续投入，且武汉总部基地项目亦有序建设中，建成投入使用后，将进一步扩充公司产能。问：公司目前毛利率在什么水平？未来毛利率会有何变动？答：公司 2024年一季度综合毛利率为 37.79%，公司毛利率受市场供需情况、原材料价格、当期项目验收等多方面因素的影响，会存在一定的波动性。公司会通过不断加强技术与产品创新，持续提升产品竞争力，并通过规模化、精细化管理强化成本与费用控制，来保障公司持续盈利能力。问：现阶段新能源电池“产能过剩”，对公司业务影响大吗？今年新增订单情况如何？答：新能源电池的“产能过剩”是低端产能和重复产能的结构性过剩，也是阶段性的供需失衡，而优质产能仍有很大的市场。公司始终坚持创新与质量双驱动，差异化战略布局圆柱全极耳电池技术路径，目前正处于发展初期，且已逐步获得全球主流新能源汽车厂商与电池企业的广泛认可，有望迎来全球全面量产加速，公司作为圆柱全极耳电芯智能装配设备核心供应商，凭借长期技术和市场积累等先发优势将从中受益。整体来看，今年公司新增订单同比有一定幅度增长，其中圆柱电芯装配设备订单占比较高且呈上升趋势。逸飞激光（688646）主营业务：从事精密激光加工智能装备研发、设计、生产和销售。逸飞激光2024年一季报显示，公司主营收入1.19亿元，同比上升4.69%；归母净利润1584.06万元，同比上升82.58%；扣非净利润874.14万元，同比上升44.9%；负债率30.65%，投资收益229.26万元，财务费用-4.24万元，毛利率37.79%。该股最近90天内无机构评级。融资融券数据显示该股近3个月融资净流出360.23万，融资余额减少；融券净流入0.0，融券余额增加。以上内容由证券之星根据公开信息整理，由算法生成（网信算备310104345710301240019号），与本站立场无关，如数据存在问题请联系我们。本文为数据整理，不对您构成任何投资建议，投资有风险，请谨慎决策。",0,证券之星财经,5187193467,2024-07-30 08:30:07,0,0,0,35909,0,雪球,https://xueqiu.com/5187193467/299299250,2026-07-08 16:22:17
299584050,SH688646,ST逸飞,,逸飞激光：逸飞激光关于以集中竞价交易方式回购公司股份的进展公告 网页链接,0,ST逸飞(SH688646),0,2024-08-01 08:14:05,0,0,0,4830,0,公告,https://xueqiu.com/S/SH688646/299584050,2026-07-08 16:22:17
299601356,SH688646,ST逸飞,逸飞激光：7月份累计回购股份227825股,证券日报网讯 8月1日晚间，逸飞激光发布公告称，2024年7月份，公司通过上海证券交易所交易系统以集中竞价交易方式累计回购公司股份227，825股，占公司总股本的比例为0.24%。（编辑 郭之宸）,0,证券日报,8353550788,2024-08-01 10:40:06,0,0,0,26233,0,雪球,https://xueqiu.com/8353550788/299601356,2026-07-08 16:22:17
300133876,SH688646,ST逸飞,,逸飞激光：逸飞激光关于董事辞职暨补选董事、聘任副总经理的公告 网页链接,0,ST逸飞(SH688646),0,2024-08-06 10:11:17,0,0,0,4175,0,公告,https://xueqiu.com/S/SH688646/300133876,2026-07-08 16:22:17
300153929,SH688646,ST逸飞,逸飞激光：董事顾弘、郭敏离职,证券日报网讯 8月6日晚间，逸飞激光发布公告称，公司董事会于近日收到董事顾弘先生、郭敏女士提交的书面离职报告，顾弘先生、郭敏女士因个人工作安排原因申请辞去公司第二届董事会董事职务。（编辑 袁冠琳 张昕）,0,证券日报,8353550788,2024-08-06 14:00:07,0,0,0,22556,0,雪球,https://xueqiu.com/8353550788/300153929,2026-07-08 16:22:17
300993517,SH688646,ST逸飞,逸飞激光高速磁悬浮大圆柱全极耳电池生产线下线交付,近日，逸飞激光高速磁悬浮大圆柱全极耳电池智能组装线于公司华中制造基地完成FAT正式下线，交付客户工厂。该产线搭载业内首推的磁悬浮传输技术，实现主工序段最高2000mm/s高速传输，结合飞拍检测技术、全清洗工艺，实现高良率、高精度、高柔性、智能化、低耗能生产，助力极限制造。 聚焦极限制造目标 1 高效率 磁悬浮传输线通过电磁力实现生产装置与物流线的无接触悬浮，传送速度可达2000mm/s，有效缩短物料传送时间，传输效率提升4倍以上。 结合飞拍检测技术，运动状态下即可完成图像、数据采集及分析，在同等机构设计的情况下，生产效率提升50%以上。 2 高良率 采用新一代机器视觉智能检测系统，采用视觉定位结合自动纠偏技术，实现精细化质量控制，产品一致性高。 采用磁悬浮传输技术，产品定位精度控制0.01mm以内；配合集流盘无飞溅焊接工艺、无损折弯技术，以及壳体全清洗工艺，持续探索良率极限。 3 高柔性 通过磁悬浮传输系统，实现单个动子小车独立编程控制，快慢、节拍可控，灵活性高。 同时采用高集成、模块化设计，与传统物流方式相比，单模块换型时间减少50%以上，换型快速、简便，生产更具柔性。 4 智能化 一体化智能运维管理平台，实现生产全流程过程监控，关键参数全部可视化管理及实时调整。通过大数据互联互通，可实时捕捉并预警设备故障、人员违章操作等异常情况，具备功率监测、压力自动检测调整等功能，保障设备高效运行。 5 绿色低碳 随着效率与精度的提升，同等需求下，整线的激光器、视觉等大件模块数量减少，综合能耗降低25%以上； 低机械磨损，无粉尘产生，维护成本降低25%以上； 设备集成度高，占地面积小，照明功率及人工成本显著降低，打造低碳产线。 逸飞激光磁悬浮全极耳圆柱电池装备 系列解决方案 目前，逸飞激光提供小规模试制、中试线至大规模批量化生产的磁悬浮全极耳圆柱电池智能制造装备全套解决方案，覆盖21/32/40/46/60系电芯产品，单站生产效率可达360PPM，年产能达10GWh，可满足极耳整形、集流盘焊接、封口焊接、密封钉焊接等工序的自动化生产需求。未来，逸飞将持续创新，不断升级迭代新技术新产品在新能源锂电智造装备领域的纵深应用，助力全球客户实现更大规模、更优效率的产业化落地。,0,ST逸飞(SH688646),0,2024-08-14 06:27:12,0,0,0,10232,0,新闻,https://xueqiu.com/S/SH688646/300993517,2026-07-08 16:22:17
300993717,SH688646,ST逸飞,逸飞激光控股子公司新聚力召开战略伙伴大会,8月9日，逸飞激光控股子公司新聚力2024年度战略伙伴大会在无锡隆重召开。本届大会以“同心聚力 逸耀未来”为主题，旨在面对全球化大市场的新竞争态势，与广大合作伙伴一起构建更为稳定、高效的产业协同，通过加深业务融合，全面提升产业链合作企业的竞争力，实现共赢发展。来自包括施耐德、西门子等世界500强以及多家细分领域龙头企业在内的200多位合作伙伴莅临大会现场。 会上，逸飞激光与新聚力董事长吴轩发表致辞，他表示，逸飞激光与新聚力在达成战略并购后，积极推进深度的业务融合，将重点在产品创新、市场拓展、管理升级以及金融资本四个方面全面实现协同发展。未来，逸飞激光将通过打造多维协同的生态链，构建系统的创新能力、价值提供能力，与产业链共建发展平台，专业分工，专业协同，共同穿周期、拓未来、谋发展。 逸飞激光副总经理、新聚力总经理赵来根发表致辞，他表示，新聚力通过逸飞激光的平台，获得雄厚的金融、技术和市场支持，也赋予了新聚力更高的使命和目标。未来将以逸飞激光集团的平台为支撑，继续深化与各位合作伙伴的协同，通过信息共享、资源共享、能力共享，实现产业链竞争力的整体提升。 会上，新聚力还与施耐德电气（中国）有限公司、浙江锐格物流科技股份有限公司、中山市德友鑫智能装备有限公司三家企业举行了战略合作签约仪式。,0,ST逸飞(SH688646),0,2024-08-14 06:28:18,0,0,0,10973,0,新闻,https://xueqiu.com/S/SH688646/300993717,2026-07-08 16:22:17
301028807,SH688646,ST逸飞,,逸飞激光： 逸飞激光关于召开2024年半年度业绩说明会的公告 网页链接,0,ST逸飞(SH688646),0,2024-08-14 10:34:01,0,0,0,2750,0,公告,https://xueqiu.com/S/SH688646/301028807,2026-07-08 16:22:17
301030219,SH688646,ST逸飞,逸飞激光：业绩说明会定于8月22日举行,每经AI快讯，逸飞激光（SH 688646，收盘价：25元）8月14日晚间发布公告称，公司2024年半年度业绩说明会定于2024年08月22日下午14:00-15:00，以上证路演中心网络互动的形式进行。出席本次业绩说明会的人员有：董事长、总经理吴轩，董事、副总经理、财务总监王树，副总经理、董事会秘书曹卫斌。 2023年1至12月份，逸飞激光的营业收入构成为：锂电池占比96.68%，其他占比2.51%。 截至发稿，逸飞激光市值为24亿元。 道达号（daoda1997）“个股趋势”提醒：1. 近30日内共有1批机构对逸飞激光调研，合计调研的机构家数为9家。 每经头条（nbdtoutiao）—— (记者 曾健辉) 免责声明：本文内容与数据仅供参考，不构成投资建议，使用前请核实。据此操作，风险自担。 每日经济新闻,0,每日经济新闻,4642157440,2024-08-14 10:50:08,0,0,0,16760,0,雪球,https://xueqiu.com/4642157440/301030219,2026-07-08 16:22:17
301318218,SH688646,ST逸飞,,逸飞激光：逸飞激光关于2024年半年度利润分配预案的公告 网页链接,0,ST逸飞(SH688646),0,2024-08-16 10:11:01,0,0,0,2499,0,公告,https://xueqiu.com/S/SH688646/301318218,2026-07-08 16:22:17
301318220,SH688646,ST逸飞,,逸飞激光：逸飞激光2024年半年度报告摘要 网页链接,0,ST逸飞(SH688646),0,2024-08-16 10:11:02,0,0,0,3209,0,公告,https://xueqiu.com/S/SH688646/301318220,2026-07-08 16:22:17
301318222,SH688646,ST逸飞,,逸飞激光：逸飞激光第二届监事会第五次会议决议公告 网页链接,0,ST逸飞(SH688646),0,2024-08-16 10:11:02,0,0,0,3607,0,公告,https://xueqiu.com/S/SH688646/301318222,2026-07-08 16:22:17
301318223,SH688646,ST逸飞,,逸飞激光：逸飞激光关于2024年半年度募集资金存放与实际使用情况的专项报告 网页链接,0,ST逸飞(SH688646),0,2024-08-16 10:11:02,0,0,0,4291,0,公告,https://xueqiu.com/S/SH688646/301318223,2026-07-08 16:22:17
301318224,SH688646,ST逸飞,,逸飞激光：逸飞激光关于2024年半年度计提资产减值准备的公告 网页链接,0,ST逸飞(SH688646),0,2024-08-16 10:11:03,0,0,0,4403,0,公告,https://xueqiu.com/S/SH688646/301318224,2026-07-08 16:22:17
301318225,SH688646,ST逸飞,,逸飞激光：民生证券股份有限公司关于武汉逸飞激光股份有限公司使用暂时闲置募集资金及自有资金进行现金管理的专项核查意见 网页链接,0,ST逸飞(SH688646),0,2024-08-16 10:11:03,0,0,0,4850,0,公告,https://xueqiu.com/S/SH688646/301318225,2026-07-08 16:22:17
301318226,SH688646,ST逸飞,,逸飞激光：逸飞激光关于使用部分暂时闲置募集资金及自有资金进行现金管理的公告 网页链接,0,ST逸飞(SH688646),0,2024-08-16 10:11:03,0,0,0,4713,0,公告,https://xueqiu.com/S/SH688646/301318226,2026-07-08 16:22:17
301318228,SH688646,ST逸飞,,逸飞激光：逸飞激光关于公司2024年度提质增效重回报专项行动方案的半年度评估报告 网页链接,0,ST逸飞(SH688646),0,2024-08-16 10:11:03,0,0,0,5074,0,公告,https://xueqiu.com/S/SH688646/301318228,2026-07-08 16:22:17
301318230,SH688646,ST逸飞,,逸飞激光：逸飞激光关于召开2024年第二次临时股东大会的通知 网页链接,0,ST逸飞(SH688646),0,2024-08-16 10:11:04,0,0,0,4820,0,公告,https://xueqiu.com/S/SH688646/301318230,2026-07-08 16:22:17
301318234,SH688646,ST逸飞,,逸飞激光：逸飞激光2024年半年度报告 网页链接,0,ST逸飞(SH688646),0,2024-08-16 10:11:07,0,0,0,5186,0,公告,https://xueqiu.com/S/SH688646/301318234,2026-07-08 16:22:17
301319520,SH688646,ST逸飞,逸飞激光半年度营业收入3.49亿元，同比增长11.25%,8月17日，逸飞激光发布2024年中报，公司实现营业总收入3.49亿元，同比增长11.25%，归母净利润4038.21万，同比增长11.93%。 具体来看，逸飞激光2024年半年度实现总营收3.49亿元，同比增长11.25%。成本端营业成本2.49亿元，同比增长15.81%，费用等成本7035.74万元，同比增长13.93%。营业总收入扣除营业成本和各项费用后，归母净利润4038.21万元，同比增长11.93%。,0,ST逸飞(SH688646),0,2024-08-16 10:23:27,0,0,0,8738,0,新闻,https://xueqiu.com/S/SH688646/301319520,2026-07-08 16:22:17
301322683,SH688646,ST逸飞,逸飞激光上半年净现金流为-7748.43万元同比下滑189.09%，经营性现金流为负,逸飞激光中报数据显示，2024年1-6月，公司净现金流为-7748.43万元同比下滑189.09%，其中，经营性现金流-6980.93万元，投资性现金流1.15亿元，融资性现金流-1.23亿元。 报告期内，公司销售商品、提供劳务收到的现金为1.88亿元，取得投资收益收到的现金为689.32万元，购建固定资产、无形资产和其他长期资产支付的现金为6209.98万元。 资料显示，武汉逸飞激光股份有限公司成立于2005年，位于武汉东湖新技术开发区高新大道999号武汉未来科技城龙山创新园一期C1栋1101室(自贸区武汉片区)，是一家以从事从事精密激光加工智能装备研发、设计、生产和销售为主的企业。企业注册资本9516.26万人民币，法人代表为吴轩。,0,ST逸飞(SH688646),0,2024-08-16 10:55:16,0,0,0,11580,0,新闻,https://xueqiu.com/S/SH688646/301322683,2026-07-08 16:22:15
301323217,SH688646,ST逸飞,逸飞激光：2024年半年度净利润约4038万元，同比增加11.93%,每经AI快讯，逸飞激光（SH 688646，收盘价：25.22元）8月16日晚间发布半年度业绩报告称，2024年上半年营业收入约3.49亿元，同比增加11.25%；归属于上市公司股东的净利润约4038万元，同比增加11.93%；基本每股收益0.43元，同比减少15.69%。 截至发稿，逸飞激光市值为24亿元。 道达号（daoda1997）“个股趋势”提醒：1. 近30日内共有1批机构对逸飞激光调研，合计调研的机构家数为9家。 每经头条（nbdtoutiao）—— (记者 王可然) 免责声明：本文内容与数据仅供参考，不构成投资建议，使用前请核实。据此操作，风险自担。 每日经济新闻,0,每日经济新闻,4642157440,2024-08-16 11:00:10,0,0,0,17419,0,雪球,https://xueqiu.com/4642157440/301323217,2026-07-08 16:22:15
301323231,SH688646,ST逸飞,注意！逸飞激光将于9月3日召开股东大会,每经AI快讯，逸飞激光（SH 688646，收盘价：25.22元）8月16日发布公告称，2024年9月3日14点30分，公司将在湖北省鄂州市葛店开发区高新四路逸飞激光行政楼4楼会议室召开2024年第二次临时股东大会。本次股东大会将审议《关于2024年半年度利润分配预案的议案》等议案，2024年8月27日收市后登记在册的股东可现场参会投票，或通过交易所投票系统行使表决权。 2023年1至12月份，逸飞激光的营业收入构成为：锂电池占比96.68%，其他占比2.51%。 截至发稿，逸飞激光市值为24亿元。 道达号（daoda1997）“个股趋势”提醒：1. 近30日内共有1批机构对逸飞激光调研，合计调研的机构家数为9家。 每经头条（nbdtoutiao）—— (记者 张喜威) 免责声明：本文内容与数据仅供参考，不构成投资建议，使用前请核实。据此操作，风险自担。 每日经济新闻,0,每日经济新闻,4642157440,2024-08-16 11:00:11,0,0,0,21308,0,雪球,https://xueqiu.com/4642157440/301323231,2026-07-08 16:22:15
301329337,SH688646,ST逸飞,逸飞激光2024年半年度董事会经营评述,"逸飞激光2024年半年度董事会经营评述内容如下： 一、报告期内公司所属行业及主营业务情况说明 (一)主要业务、主要产品或服务情况 1、公司主营业务 公司是智能激光装备及创新工艺方案的提供商，是专业从事精密激光加工智能装备研发、设计、生产和销售的国家高新技术企业、国家级重点支持的“专精特新小巨人企业”，能够为新能源电池、家电厨卫、装配式建筑、汽车零部件等领域提供智能装备与智慧物流装备及系统。 2、公司主要产品 按照产品类别划分，公司主营产品可分为精密激光加工智能装备和智慧物流装备及系统。 按照产品功能划分，公司主营产品可分为自动化产线和智能化专机。智能化专机是实现特定加工工序的一体化设备，一般由加工主机、运控系统、检测系统及机械工装等组成。自动化产线是实现多工序自动加工的产线设备，一般由多个智能化专机、上下料系统、物流传送系统、整线控制系统、信息化管理系统等组成。 新能源电池智能装备业务产品：公司主营业务产品中，锂电设备收入占比较高。锂电池的生产可分电芯制造和模组/PACK两大环节，其中电芯制造包含极片制作（前段）、电芯装配（中段）和电芯激活检测（后段）三大工序。公司锂电设备产品主要用于电芯装配阶段和模组/PACK阶段，可提供智能化专机、电芯封装自动化整线解决方案。 （1）自动化产线 （2）智能化专机 （3）改造与增值服务 公司改造与增值服务主要是对客户已有锂电生产设备进行技术升级改造。近年来，新能源电池行业发展迅速，下游电池制造行业新材料、新工艺、新技术不断进步，对已有电池制造产线的技术升级需求不断增加，公司凭借自身的技术和工艺优势为上述客户提供技术升级服务，改造与增值服务将成为公司新的利润增长点。 （4）智慧物流装备及系统 (二)主要经营模式 1、盈利模式 公司主营业务为精密激光加工智能装备的研发、设计、生产和销售，在精密激光加工智能装备方面，通过向新能源电池、家电厨卫、装配式建筑、汽车零部件等领域提供各类自动化产线、精密激光加工智能化专机及改造与增值服务来实现收入和利润；在智慧物流装备及系统方面，通过向新能源电池、半导体、消费电子、医疗健康等行业客户提供新能源电池整厂物流成套系统、半导体CIM软件、半导体AMHS设备、智能化仓储物流系统、自动化输送分拣系统、数字工厂可视化平台系统、智慧工厂信息管理系统以及物流线核心设备供应的服务来实现收入和利润。 2、采购模式 公司对外采购的原材料主要包括激光光学器件、机械标准件、机械非标件、电气标准件、仪器设备及耗材等。激光光学器件、机械标准件、电气标准件等，由采购部门根据生产需要直接采购；机械非标件、仪器设备，定制化程度较高，供应商按照公司的技术及质量要求进行供货。报告期内，公司主营产品主要为定制化产品，对应原材料的类别、型号较多，公司采用“以产定采”为主，“适当库存采购”为辅的采购模式。 公司采购原材料的付款方式主要包括预付、现款现货、月结30天、月结60天、月结90天等，主要采用银行转账和承兑汇票等方式支付。 3、生产模式 报告期内，公司主营产品为各类自动化产线、精密激光加工智能化专机以及智慧物流装备及系统，主要采用“以销定产”的生产模式，按照客户的需求进行设计和生产。另外，为提高产品交付效率，公司也会根据下游市场需求预测，进行备货生产。计供中心根据BOM进行物料采购，工程制造中心对产品进行组装调试，检验合格后发往客户现场，现场完成安装调试后由客户最终验收确认。 另外，随着下游电池已投产设备存量的不断增加，以及行业技术的不断进步，已投产存量设备需要进行技术改造和升级，因此，除设备销售以外，公司还为客户提供改造与增值服务。 4、销售模式 报告期内，公司产品及服务销售主要为直销模式。公司的销售流程主要包括前期接触了解客户需求、技术洽谈制定技术方案、合同签订实施生产制造、进度跟进确保产品交付、产品运行满足客户验收等五个阶段。公司产品主要采用依照市场价格定价的方式，综合考虑市场供求关系、技术研发难度、客户订单规模、客户信誉、交货周期等因素，与客户协商确定最终价格，部分客户采用招投标定价的方式。结算方式主要根据合同约定按阶段收款，部分情况下根据客户需求通过融资租赁方式收款。 (三)所处行业情况 1、所处行业 根据《国民经济行业分类》（GB/T4754-2017），公司所属行业为“专用设备制造业（C35）”中的“电子元器件与机电组件设备制造业（C3563）”。 根据《战略性新兴产业重点产品和服务指导目录（2016版）》，公司主营产品属于“2高端装备制造产业”之“2.1智能制造装备产业”中的“2.1.3工业机器人与工作站”，同时属于“5新能源汽车产业”之“5.3生产测试设备”之“5.3.1电池生产装备”中的“极片成型、极耳焊接、卷绕及叠片单机自动化以及连线自动化生产线装备”和“模块焊接设备”等。根据国家统计局发布的《战略性新兴产业分类（2018）》，公司所属行业为“2高端装备制造业”之“2.1智能制造装备产业”中的“2.1.3智能测控装备制造”，同时属于“5新能源汽车产业”之“5.2新能源汽车装置、配件制造”中的“5.2.2新能源汽车储能装置制造”。 2、行业发展情况 （1）高端装备制造业 高端装备制造业作为国家战略性新兴产业，是现代产业体系的脊梁、推动工业转型升级的引擎。为加快发展新质生产力、落实制造强国战略、建设现代化产业体系提供重要支撑，近年来，我国高端装备制造业不断输出先进生产力，以“新”赋能千行百业，推动我国工业制造向“新”发力。国家层面对高端装备制造产业的支持出台了一系列政策，如《中国制造2025》作为国家战略，明确提出了推动制造业升级的总体战略和行动计划，特别强调了高端装备制造的重要性，并提出了加强产业创新中心建设、促进自主研发和产业化的目标；《“十四五”智能制造发展规划》进一步细化了智能制造的发展路径，包括加快系统创新、深化推广应用、加强自主供给和夯实基础支撑等重点任务，旨在推动制造业的数字化、网络化和智能化转型。 2024年4月9日，为推动工业领域大规模设备更新，扩大有效投资，推动先进产能比重持续上升，工业和信息化部等七部门联合印发了《推动工业领域设备更新实施方案》，明确指出到2027年，工业领域设备投资规模较2023年增长25%以上，此举措将有效释放工业领域设备更新潜力、增加先进产能、提高生产效率；同时方案强调了高端、智能、绿色、安全作为工业领域设备更新的重点方向，一是推动设备高端化更新升级，加快落后低效设备替代；二是推进数字化智能化设备和软件大规模普及，智能化升级从生产辅助环节的信息化向核心生产环节的分析优化拓展；三是加快生产设备绿色化更新改造，推动重点用能设备能效升级；四是提升设备安全水平，推广应用先进适用安全装备。上述措施一方面将推动工业企业加快应用先进适用设备，促进高技术、高效率、高可靠性设备的大规模应用，带动提升研发设计、生产制造、检验检测等各环节设备技术水平，加快创新产品推广应用，持续提高先进产能比重，以设备升级带动我国制造业整体竞争力提升。另一方面从需求端倒逼，因设备革新带来的装备制造订单激增有助于培育装备制造行业新的经济增长点，促进制造业高端化发展。 作为高端智能装备的具体体现，激光加工技术在现代制造业中的地位不断提升，广泛应用在新能源、消费电子、新型显示、半导体、航空航天、医疗、通信等多个行业领域，激光加工技术已经成为新质生产力的先进工具之一。公司专注于“激光+智能装备”的深度融合，助力下游产业的创新迭代和智能化升级，从公司产品的下游应用领域来看，公司产品多应用于新能源电池制造领域。近年来，在全球绿色低碳能源转型的大背景下，新能源汽车、储能及消费电子市场的快速发展，锂电池市场需求持续增加。GGII数据显示，2024年上半年，中国锂电池出货量达到459GWh，同比增长21%。其中，动力电池出货量为320GWh，储能电池出货量为116GWh，数码电池出货量为23GWh。预计2024年中国锂电池市场出货量将超1,100GWh，正式进入TWh时代；其中动力电池出货量超820GWh，同比增长超20%；储能电池出货量超200GWh，同比增长超25%。未来，随着全球对新能源产业的重视和投入增加，锂电设备行业预计将进一步渗透到各个领域，迎来更广阔的发展空间。 （2）智慧物流行业 根据中商产业研究院发布的《2024-2029年中国智慧物流市场调查与行业前景预测专题研究报告》显示，2023年中国智慧物流行业市场规模约为7,903亿元，较上年增长12.98%，中商产业研究院分析师预测，2024年中国智慧物流市场规模将达到8,546亿元。中商产业研究院发布的《2024-2029年中国智能物流装备行业研究报告》显示，2023年中国智能物流装备市场规模达到1,003.9亿元，近五年年均复合增长率达24.35%，预测2024年中国智能物流装备市场规模将达到1,166.8亿元，市场规模呈高速增长状态。 基于物联网、大数据、云计算等技术的成熟使得物流行业开始向智能化发展。智能算法和智能装备的应用不仅提高了物流的自动化水平，还使得物流系统能够进行自我优化和预测分析。当前，物流行业正处于智慧化阶段，人工智能、机器学习等技术的应用使得物流系统能够进行深度学习和自我优化，进一步提升物流效率和服务质量。近年来，中国政府出台了一系列政策文件，如《关于深化“互联网+先进制造业”发展工业互联网的指导意见》、《关于推动物流高质量发展促进形成强大国内市场的意见》等，进一步激发了智慧物流系统建设高潮，推动了行业的快速发展。2024年3月，国务院印发的《推动大规模设备更新和消费品以旧换新行动方案》，方案提出将持续推进重点行业设备更新改造，围绕推进新型工业化，加快淘汰落后产品设备，提升安全可靠水平，促进产业高端化、智能化、绿色化发展。在政策和市场需求双驱动下，智慧物流行业发展空间巨大。 3、公司所处的行业地位分析及其变化情况 公司专注于精密激光加工智能装备与智慧物流装备及系统领域，坚持创新驱动的发展战略，持续推动技术创新和产品迭代升级，经过多年发展，目前已成为行业领先的知名的智能装备供应商。 在锂电池制造设备领域，公司产品主要应用于电芯制造的电芯装配环节和模组/PACK环节，形成了圆柱全极耳电芯装配系列装备、模组/PACK系列装备和方形电芯装配系列装备。公司在业内率先突破圆柱全极耳电池制造工艺技术难题，推出了圆柱全极耳电芯装配段全工序设备和圆柱全极耳电芯自动装配线等系列装备，具有先发优势，产线效率、良品率更高，且拥有更加完善的专利布局，并获得第三方权威机构认可，技术水平和市场份额行业领先。2022年10月，公司“圆柱全极耳锂电池激光焊接设备及全自动组装生产”入选由工业和信息化办公厅、中国工业联合会发布的“第七批国家制造业单项冠军产品”名单。 公司的模组/PACK装配专机和各类模组/PACK自动装配线，具有高柔性化、多兼容性特征，自动装配线在良品率、定位精度和设备故障率等方面具有一定领先优势，整体技术处于行业先进水平；公司的方形电芯装配方面，在焊接精度、密封耐压强度、设备故障率等方面具有一定领先优势，能够有效满足下游客户的生产需求，整体技术处于行业先进水平。 在智慧物流领域，公司控股子公司新聚力在新能源电池、半导体、消费电子、医疗健康等领域形成了一定领先优势，服务于多家锂电池头部电池企业，在固态电池、钠电池领域率先获得产业应用，并在半导体AMHS设备领域实现了部分核心设备的国产替代。 二、核心技术与研发进展 (一)核心技术及其先进性以及报告期内的变化情况 1、核心技术基本情况 经过多年的发展，公司形成了以精密激光加工技术为核心，以智能制造装备为载体的技术和产品体系。目前，公司的核心技术包括激光加工技术和智能化装备技术。 （1）激光加工技术 公司拥有的激光加工技术分为激光加工系统技术和激光加工工艺技术两大类，包括激光数字化控制技术、激光多维自适应加工技术、激光高精度分光技术、高反材料激光焊接技术、集流体激光焊接技术、汇流排激光焊接技术。 （2）智能化装备技术 公司拥有的智能化装备技术分为自动化技术、数字化技术和专业化应用技术三大类，包括高速精密传送技术、柔性工装技术、多轴运动控制技术、机器视觉定位技术、数字化在线检测技术、智能产线信息化管理技术、全极耳集流体无损成型技术、壳盖自动化装配技术和模组自动堆叠技术。 (二)报告期内获得的研发成果 报告期内，公司及子公司新获授权知识产权共81项。截至2024年6月30日，公司及子公司授权有效期内的知识产权为577项（其中发明专利86项、软件著作权123项）。 (三)研发投入情况表 (四)在研项目情况 (五)研发人员情况 (六)其他说明 二、经营情况的讨论与分析 报告期内，公司实现营业收入348,609,329.14元，同比增长11.25%，实现归属于上市公司股东的净利润40,382,146.49元，同比增长11.93%。主要经营情况如下： (一)聚焦主业持续拓展新技术、新产品、新应用 公司坚持以“激光+装备+工艺”三维一体滚动创新体系为核心，聚焦激光智能装备领域，持续拓展新技术、新产品、新应用，打造高效率、高精度、高良率、高稳定性的激光封装产线。报告期内公司持续推进圆柱、方形全极耳电池系列装备的量产应用，推出了高速磁悬浮全极耳大圆柱电池组装线，适用于32、40、46、60系列钢壳/铝壳全极耳大圆柱电池的量产；加强模组PACK系列装备的产品化迭代，推出了适用于不同规格、类型电池柔性化批量生产及重组梯次利用的模组PACK自动装配线，并结合新能源电池行业新技术、新材料、新工艺等发展情况，相继拓展了适用于新型电芯结构件、钠离子电池、固态/半固态电池等领域的多种智能装备。 (二)技术创新驱动，打造一体化平台 报告期内，公司持续围绕激光加工工艺技术、激光加工系统技术、自动化技术、数字化技术、专业化应用技术等核心技术展开研发创新，提高公司电芯、模组PACK自动装配线的精度、生产效率，加强模组PACK系列装备的模块化、标准化、柔性化升级。公司工程技术研究院全面投入使用，自建23个专业级实验室和119项分析测试科目，并筹备CNAS实验室认证，聚焦激光加工工艺研究、标准化产品开发、软件技术研发、新兴领域激光应用开发以及精密组件和光学器件的研究验证等方向，结合公司历来项目经验的积累，公司与多家上下游企业建立了紧密合作关系，通过专业的团队、先进的智能装备、工艺技术、精密仪器、仿真平台以及分析测试，形成了自身特有的分析测试体系与大数据库，覆盖了从原材料到成品电池的全工程验证和圆柱、方形、软包全品类工艺，能够全面、准确的对新能源电池生产各环节进行验证评估，为客户提供高效可靠的测试及检测服务，确保新技术能高效、顺畅地从研发过渡到量产应用，加速了新技术的产业化进程。 公司依托研究院构建了新能源电池激光应用产业链共性创新平台，致力于将其打造成为结合“技术创新-工程转化-分析测试”的一体化平台，提升全流程研发效率，缩短新技术研发到量产应用的周期。平台聚焦于高端智能装备、新能源等领域，服务于新兴技术的研发、验证、检测及成果转化需求，以推动产业链的协同创新和智能制造升级，并通过对新技术、新路径的研究拓展公司产品线，以技术创新推动高质量发展，为公司可持续发展注入强大的“源动力”。同时，平台充分发挥“产业孵化”功能，强化产学研合作，推动创新链、产业链、资金链、人才链的深度融合，提升科技成果转化与产业化的水平，针对不同的产业创新领域以事业部方式赋能产业创新发展，让“产业孵化”走向“产业转化”。 (三)强化市场导向，开拓市场布局 报告期内，公司进一步强化市场导向的产品策略，并加大重点市场的开拓力度，强化客户服务体系建设，以客户需求为中心，优化服务流程和提高服务质量，通过整合资源、优化设计，为客户提供定制化、一站式服务，并加强客户回访，强化客户服务水平，增强客户黏性，提高回购率。同时加大海外营销、服务等体系建设，参加海外展会拓宽市场渠道，进一步加强国际市场的合作交流，加速公司各体系各环节的全球化进程，以更好地满足海外客户需求，践行从设备出海到全球化发展的新路径。 (四)业务与资本协同发展 报告期内，公司收购了新聚力51%股权，本次交易是公司基于聚焦主业发展和积极拓展新行业、新业务的布局，在智能制造领域实现智慧物流、智能装备与生产管理系统的高效协同，降低生产成本，推动实现智能制造的高端化、智能化、绿色化，有利于发挥智慧物流与智能装备的协同效益，增加了公司产品和服务的多样性，丰富产品矩阵，提升公司整体运营效率和市场竞争力；实现了双方市场与客户资源协同，进一步拓展了成本下降空间，能够满足更多不同行业客户的物流仓储和智能装备一体化需求，提升整体品牌与市场占有率；发挥了智慧物流技术通用性优势，加快公司在其他行业领域的开发探索与市场布局，为公司提供更多的商业机会和增长潜力；推动了关键技术与共性技术交流融合，通过自研技术进行国产化替代，为客户降低综合方案成本的同时，保障供应链的稳定性。 三、风险因素 (一)新技术、新产品研发失败风险 激光产业和智能制造装备产业均为技术密集型产业，公司必须通过持续的研发投入，不断进行新技术、新产品的研发，提升工艺水平、提高产品性能，以满足客户定制化的需求，保证产品的市场竞争力。未来，若公司新产品、新技术研发失败，或者竞争对手率先在相关领域取得技术突破，推出更先进、更具竞争力的产品，将会影响公司的市场竞争力，进而导致盈利能力下降。 (二)经营业绩分布不均的风险 公司的精密激光加工智能装备具有非标准、定制化特性。公司产品发货至客户现场后需经安装、调试等过程，经客户验收合格并确认收入，此周期相对较长。受春节假期、客户采购习惯及验收进度等因素的影响，公司下半年营业收入占比相对较高，呈现一定的季节性波动。由于公司目前业务规模较小且部分订单金额较大，受上述因素的影响，在完整的会计年度内，公司的经营业绩表现出一定的波动性，公司存在经营业绩分布不均的风险。 (三)海外拓展风险 公司践行从设备出海到全球化发展的新路径，推行全球化的市场销售布局，加速公司各体系各环节的全球化进程。如果境外各区域的市场环境、法律环境、政治环境等因素发生变化，或公司国际化运营能力不足，将对公司未来经营情况造成不利影响。 (四)毛利率下滑的风险 下游锂电制造行业面临降本压力，若下游客户加强对设备采购的成本管控，或锂电设备领域的竞争程度加剧，或公司原材料、人工成本大幅上升，将导致公司主要产品面临一定价格压力或生产成本增加的情况。若公司不能根据市场需求及时推出高附加值产品，公司主要产品或服务将存在毛利率下滑的风险。 (五)存货余额较大及减值的风险 报告期末，公司的存货账面价值为55,763.89万元，占总资产的比例为21.75%，公司期末存货账面价值相对较高，主要是本期项目备货增加、收购新聚力新增原材料和发出商品所致。存货规模较大，一方面占用公司营运资金，另一方面由于发出商品尚未实现收入，若因客户需求变化或经营情况发生重大不利变化而发生订单成本增加、订单取消、客户退货的情形，可能产生存货跌价和损失的风险，进而影响公司的经营业绩。 (六)应收票据及应收账款余额较大风险 报告期末，公司应收账款账面价值为37,168.48万元，应收票据账面价值为1,666.06万元，合计38,834.55万元，占总资产的比例为15.15%，主要由于销售收入增长和收购新聚力导致应收账款增加，以及受行业特点、销售模式等因素的影响。若经济形势恶化或客户自身发生重大经营困难，公司将面临一定的坏账损失的风险。 四、报告期内核心竞争力分析 (一)核心竞争力分析 1、技术研发优势 公司自成立以来始终重视自主创新和技术研发，经过多年的发展，公司形成了以精密激光加工技术为核心、以智能制造装备为载体的技术和产品体系，通过持续、稳定的研发投入，公司搭建了高质量技术研发平台，建立了高素质研发团队，并取得了丰硕的研发成果。 （1）持续、稳定的研发投入 激光产业及智能制造装备产业均为技术密集型产业，公司自设立以来始终重视技术创新。报告期内，公司研发费用金额为33,897,969.07元，占同期营业收入的比例为9.72%。公司持续、稳定的研发投入为公司研发工作的顺利开展提供了充足的资金保障，有利于保持公司技术先进性，增强产品的核心竞争力。 （2）高质量技术研发平台与高素质研发团队 技术研发平台方面，公司是国家级专精特新“小巨人”企业、2022年度湖北省高新技术企业百强、湖北省激光行业协会副会长单位，拥有精密激光焊接技术湖北省工程研究中心、湖北省企业技术中心、工业设计中心等三大省级企业技术创新平台，并于2023年11月入选第六批国家级工业设计中心，技术研发实力突出。 公司高度注重产品研发的投入和自身工艺技术的积累，成立了工程技术研究院并在报告期内全面投入使用，培养及引进高端专业人才，聚焦围绕光、机、电、软件等方向开展关键共性技术攻关，搭建了新能源电池激光应用产业链共性创新平台，形成技术研发、工程验证、分析测试为一体的系统创新平台，能够为新能源电池激光应用产业链上下游企业提供新能源电池激光焊接装备核心部件研发、激光焊接工艺分析测试服务、新能源电池激光焊接技术研发服务、新能源电池激光焊接工程化应用验证服务、新能源电池激光焊接装备智能软件研发等服务。得益于系统创新平台的建设，公司研发创新模式全面升级，有效提升全流程研发效率，缩短新技术研发到量产应用的周期，促进产业链协同的创新迭代和智造升级，助力形成适应新时代、新经济、 新产业 （ 300832 ）的新质生产力。对外合作方面，公司与上下游企业、高校以及科研机构等建立“产学研用”联合创新模式，与华中科技大学、江苏大学等高校建立了产学研合作关系，与中国科学院半导体研究所、武汉产业创新发展研究院等科研院所开展科研项目，共同提升技术研发实力。 研发人员方面，公司建立了一支高素质、跨领域的研发团队，人员专业领域涉及光学、机械、电气、材料、软件等各个学科，具备丰富的专业技术知识和技能，为公司的技术创新和产品迭代升级提供有力的支撑。截至2024年6月30日，公司及子公司有研发人员364人，占员工总数38.68%。 （3）荣誉成就 截至2024年6月30日，公司及子公司授权有效期内的知识产权共计577项。公司参与起草了2019年12月发布的《锂离子电池生产设备通用技术要求》（GB/T38331-2019）国家标准和2024年4月发布的《动力电池数字化车间集成第1部分：通用要求》（GB/T43962.1-2024）国家标准。2021年12月，公司自主研发的发明专利“一种全极耳电芯生产线”获第二届湖北省高价值专利大赛金奖；2022年2月，公司入选由中国科学技术协会组织评选的2021“科创中国”先导技术榜；2022年10月，公司“圆柱全极耳锂电池激光焊接设备及全自动组装生产”入选由工业和信息化办公厅、中国工业联合会发布的“第七批国家制造业单项冠军产品”名单；2023年1月，公司“圆柱全极耳动力电池激光加工关键技术与智能装备开发”项目荣获2022年度湖北省科学技术进步二等奖，该项目于2023年10月荣获由中国机械工业联合会和中国机械工程学会颁发的2023年度机械工业科学技术奖科技进步二等奖。子公司江苏逸飞于2023年9月获得“江苏省精密激光焊接技术工程技术研究中心”认定。 2、产品及服务优势 在精密激光加工智能装备领域，公司形成了以精密激光加工技术为核心、以智能制造装备为载体的技术和产品体系，实现了从激光器、激光单机、自动工作站、自动产线到智能产线的研发突破与产品升级。按照产品功能划分，公司主要产品包括自动化产线和智能化专机，应用于新能源电池、家电厨卫、装配式建筑等领域，其中锂电设备收入占比较高。 公司产品主要应用于新能源电池电芯制造的电芯装配环节和模组/PACK环节，形成了圆柱全极耳电芯装配系列装备、模组/PACK系列装备和方形电芯装配系列装备，并相继推出电芯结构件自动装配线、钠离子电芯自动装配线、固态/半固态电池的电芯装配线，可以适用于锂电池、钠电池、固态/半固态电池等不同形态领域。在圆柱全极耳电芯装备方面，公司在业内率先突破圆柱全极耳电池制造工艺技术难题，推出了圆柱全极耳电芯装配段全工序设备和圆柱全极耳电芯自动装配线等系列装备，技术先进、质量稳定，产线效率、良品率更高，获得众多行业知名客户的广泛认可，且拥有更加完善的专利布局，长期的技术创新和市场积累形成了技术、工艺、产品、市场等多方面领先优势；在模组/PACK装备方面，公司推出了模组/PACK装配专机和各类模组/PACK自动装配线，具有高柔性化、多兼容性特征，自动装配线在良品率、定位精度和设备故障率等方面具有一定领先优势，整体技术处于行业先进水平；在方形电芯装配方面，公司推出了极耳焊接、转接片焊接、壳盖封口焊接和密封钉焊接等专机设备和方形电芯自动装配线，在焊接精度、密封耐压强度、设备故障率等方面具有一定领先优势，能够有效满足下游客户的生产需求，整体技术处于行业先进水平。 在家电厨卫、装配式建筑、新能源汽车零部件等其他设备领域，公司拥有柔性激光工作台、机器人激光焊接站、家电厨卫产品自动装配线等产品，并结合公司激光与智能装备技术储备形成了公司产品优势，具有生产效率高、焊缝美观、焊接密封性好等特点，获得了良好的市场口碑。 在智慧物流领域，子公司新聚力可以为客户提供新能源电池整厂物流成套系统、半导体物流设备软件、半导体物料搬运设备、智能化仓储物流系统、自动化输送分拣系统、数字工厂可视化平台系统、智慧工厂信息管理系统以及物流线核心设备供应的服务，包括智慧物流系统与悬挂运输系统（OHT）、堆料机（Stocker）、多层货架等物流设备及相应配套软件系统等整厂物流解决方案，具备数字化工厂解决方案能力。 3、高端智能装备数智一体化优势 公司聚焦高端智能装备制造领域，通过精密加工智能装备与智慧物流装备及系统的融合，逐步实现从智能装备制造向数智化高质量发展的升级，具备高精度性、高稳定性、高一致性、高感知性、高数据分析能力的数智化智能装备制造优势，结合智慧物流实现各生产环节的精细化、动态化、可视化管理，提高了智能化分析决策和自动化操作执行能力，以解决客户不同复杂程度的生产流程和精细工艺控制问题，满足客户产品制造的高品质要求、高一致性要求和高安全性要求，并能够为客户提供数智一体化的智能装备和数字化工厂解决方案。 数字化工厂结构 通过数智一体化优势，同时借助智慧物流技术的通用性以及行业适用的广泛性，公司能够快速满足不同行业的需求，具备在泛半导体、消费电子、医疗健康、食品等其他行业领域开发探索与市场布局的优势。 行业拓展领域 4、客户资源与品牌优势 公司重视自身品牌建设，始终专注于智能装备领域，凭借核心技术和产品优势，经过多年发展，公司积累了丰富的优质客户资源，获得了行业龙头与知名企业等优质客户群的广泛认可，在行业内形成了良好的品牌优势；通过持续的研发投入和技术创新，不断提升公司产品性能和稳定性；以客户需求为导向，不断提升产品质量和服务水平，为客户提供最优质、最具有性价比的产品和解决方案，在售后服务方面给客户提供高效、便捷、专业的服务体验，进一步提升公司的品牌知名度与影响力。 5、区位优势 从区域分布来看，华中地区是我国四大激光产业聚集区之一，其中又以武汉市最为集中，“中国光谷”（即武汉东湖新技术开发区）最为知名。公司总部位于武汉东湖新技术开发区，毗邻华中科技大学等知名高校，能够共享“中国光谷”激光产业群完善的产业链配套设施，以及周边高等学府的才智资源。此外，公司还分别在我国另外两大激光产业聚集区，长三角（江苏省镇江市、无锡市）和珠三角（广东省东莞市、珠海市）地区建立了生产研发基地和营销中心，方便公司更好的为客户提供产品和服务。公司现有业务布局有利于产品的研发、生产和销售，区位优势明显。",0,ST逸飞(SH688646),0,2024-08-16 12:12:33,0,0,0,12797,0,新闻,https://xueqiu.com/S/SH688646/301329337,2026-07-08 16:22:15
301332894,SH688646,ST逸飞,逸飞激光：2024年上半年归属于上市公司股东的净利润同比增长11.93%,证券日报网讯 8月16日晚间，逸飞激光发布2024年半年度报告摘要称，2024年上半年归属于上市公司股东的净利润为40，382，146.49元，同比增长11.93%。（编辑 汪世军）,0,证券日报,8353550788,2024-08-16 13:00:03,0,0,0,18755,0,雪球,https://xueqiu.com/8353550788/301332894,2026-07-08 16:22:15
301433654,SH688646,ST逸飞,逸飞激光2024年上半年营收净利双增长 聚焦主业拓展新兴领域,本报记者 李万晨曦8月16日晚间，逸飞激光发布2024年半年报，公司实现营业收入3.49亿元，同比增长11.25%；归属于上市公司股东的净利润4038.21万元，同比增长11.93%。对于业绩增长的原因，逸飞激光在半年报中提到，公司聚焦主业拓展新技术、新产品、新应用；成立工程技术研究院，打造一体化平台；强化市场导向，进一步加大重点市场和产品的布局等。新能源电池业务在手订单充裕艾文智略首席投资官曹辙接受《证券日报》记者采访时表示，近年来，在全球绿色低碳能源转型的大背景下，新能源汽车、储能及消费电子市场快速发展，锂电池市场需求持续增加。GGII数据显示，2024年上半年，中国锂电池出货量达到459GWh，同比增长21%。预计2024年中国锂电池市场出货量将超1100GWh，正式进入TWh时代。逸飞激光是智能激光装备及创新工艺方案的提供商，是专业从事精密激光加工智能装备研发、设计、生产和销售的国家高新技术企业。面对锂电池产业链投资形势与风格转变的趋势，逸飞激光进一步强化市场导向的产品策略，并加大重点市场的开拓力度，取得了良好的经营效益。上半年，逸飞激光持续聚焦激光智能装备领域，加大重点市场的开拓力度，持续拓展新技术、新产品、新应用，推出了高速磁悬浮全极耳大圆柱电池组装线，适用于32、40、46、60系列钢壳/铝壳全极耳大圆柱电池的量产；同时还推出了适用于不同规格、类型电池柔性化批量生产及重组梯次利用的模组PACK自动装配线，并结合新能源电池行业新技术等发展情况，相继拓展了适用于新型电芯结构件、钠离子电池等领域的多种智能装备。“公司目前在手订单较为充裕，主要是新能源电池业务方面。并且公司具备成熟的圆柱全极耳智能组装线系列产品，适用18－60mm直径圆柱电池的量产应用，已批量向行业内知名客户交付。”逸飞激光相关负责人接受《证券日报》记者采访时表示。该负责人进一步表示，未来公司还将持续研究固态电池激光封装工艺，打通固态电池制造关键节点，开发固态电池新型设备，升级可适配固态电池生产的锂电池装备，开发固态电池激光封装产线。持续研发投入加大新兴领域拓展增强产品的核心竞争力离不开逸飞激光研发投入的高增长。半年报显示，今年上半年，公司研发费用为3389.8万元，占同期营业收入的比例为9.72%；同时，公司高度注重产品研发的投入和自身工艺技术的积累，成立了工程技术研究院，现已全面投入使用，并依托研究院构建了新能源电池激光应用产业链共性创新平台。逸飞激光上述负责人表示，得益于系统创新平台的建设，公司研发创新模式全面升级，有效提升全流程研发效率，缩短新技术研发到量产应用的周期，促进产业链协同的创新迭代和智造升级。“针对不同的产业创新领域以事业部方式赋能产业创新发展，让‘产业孵化’走向‘产业转化’。”该负责人说。除创新模式升级外，半年报还提到，公司在聚焦主业发展的同时，积极拓展新行业、新业务的布局。今年5月份，公司战略收购无锡新聚力科技有限公司（简称“新聚力”）51%股权。新聚力是一家智慧物流系统解决方案供应商，产品主要应用于新能源电池等领域，双方主营业务均与新能源电池有关，且有一定的差异性和互补性。“本次交易是公司基于聚焦主业发展，积极拓展新行业、新业务的布局，有利于整合双方的市场、客户、产品等资源，发挥智慧物流与智能装备的协同效益。”上述负责人表示。“从市场方面看，在能源向绿色低碳转型的背景下，锂电行业新技术、新工艺、新设备等领域的创新升级，将有望带来增长新机遇。”专精特新企业高质量发展促进工程执行主任袁帅在接受《证券日报》记者采访时表示。（编辑 李波 上官梦露）,0,证券日报,8353550788,2024-08-18 12:30:02,0,0,0,25491,0,雪球,https://xueqiu.com/8353550788/301433654,2026-07-08 16:22:15
301440746,SH688646,ST逸飞,逸飞激光上半年实现营收3.49亿元，净利润同比增长11.93%,"8月16日，逸飞激光发布2024年上半年业绩报告称，H1实现营业收入348,609,329.14元，同比增长11.25%；归属于上市公司股东的净利润为40,382,146.49元，同比增长11.93%；归属于上市公司股东的扣除非经常性损益的净利润26,546,290.66元，同比下降1.87%。经营活动产生的现金流量净额为-69,809,332.57元，较上期减少较多，主要原因为：（1）结合产品拓展与市场需求情况，逸飞激光采购备货支出增加；（2）逸飞激光人力资源持续优化，研发类人员增长，支付给职工及为职工支付的现金增加。GGII数据显示，2024年上半年，中国锂电池出货量达到459GWh，同比增长21%。其中，动力电池出货量为320GWh，储能电池出货量为116GWh，数码电池出货量为23GWh。预计2024年中国锂电池市场出货量将超1,100GWh，正式进入TWh时代；其中动力电池出货量超820GWh，同比增长超20%；储能电池出货量超200GWh，同比增长超25%。逸飞激光专注于精密激光加工智能装备与智慧物流装备及系统领域，坚持创新驱动的发展战略，持续推动技术创新和产品迭代升级，经过多年发展，目前已成为行业领先的知名的智能装备供应商，其产品主要应用于电芯制造的电芯装配环节和模组/PACK环节，形成了圆柱全极耳电芯装配系列装备、模组/PACK系列装备和方形电芯装配系列装备。研发成果方面，报告期内，逸飞激光及子公司新获授权知识产权共81项。截至2024年6月30日，公司及子公司授权有效期内的知识产权为577项（其中发明专利86项、软件著作权123项）。",0,集微网,9983210953,2024-08-18 14:59:08,0,0,0,25315,0,雪球,https://xueqiu.com/9983210953/301440746,2026-07-08 16:22:15
301667800,SH688646,ST逸飞,,逸飞激光投资者关系活动记录表-2024.08.19 网页链接,0,ST逸飞(SH688646),0,2024-08-20 07:32:02,0,0,0,738,0,互动易,https://xueqiu.com/S/SH688646/301667800,2026-07-08 16:22:15
301667993,SH688646,ST逸飞,,逸飞激光：投资者关系活动记录表-2024.08.19 网页链接,0,ST逸飞(SH688646),0,2024-08-20 07:33:06,0,0,0,4663,0,公告,https://xueqiu.com/S/SH688646/301667993,2026-07-08 16:22:15
301682803,SH688646,ST逸飞,,逸飞激光：民生证券股份有限公司关于武汉逸飞激光股份有限公司2024年半年度持续督导跟踪报告 网页链接,0,ST逸飞(SH688646),0,2024-08-20 09:11:02,0,0,0,5142,0,公告,https://xueqiu.com/S/SH688646/301682803,2026-07-08 16:22:15
301731164,SH688646,ST逸飞,逸飞激光上半年净利增11.93% 研发费率保持10%左右高位,日前，逸飞激光(688646.SH)半年报出炉。 财报显示，2024年上半年，逸飞激光实现营业收入3.49亿元，同比增长11.25%；归属于上市公司股东的净利润(下称“净利润”)为4038.21万元，同比增长11.93%。 对于业绩增长的原因，逸飞激光在半年报中提到，公司聚焦主业拓展新技术、新产品、新应用；成立工程技术研究院，打造一体化平台；强化市场导向，进一步加大重点市场和产品的布局等。 研发投入保持高位 逸飞激光是智能激光装备及创新工艺方案提供商，能够为新能源电池、家电厨卫、装配式建筑、汽车零部件等领域提供智能装备与智慧物流装备及系统。按照产品功能划分，公司主要产品包括自动化产线和智能化专机，其中锂电设备收入占比较高。2023年7月28日，公司登陆上交所科创板。 上市以来，逸飞激光业绩稳定。2023年，公司实现营业收入约6.97亿元，同比增加29.36%；净利润约1.01亿元，同比增加7.7%。刚出炉的半年报显示，2024年上半年，公司实现营业收入3.49亿元，同比增长11.25%；净利润为4038.21万元，同比增长11.93%。 激光产业及智能制造装备产业均为技术密集型产业，逸飞激光自设立以来始终重视技术创新。2023年，公司研发费用金额为6943.1万元，占同期营业收入的比例为9.96%。今年一季度，逸飞激光研发投入1614.27万元，同比增长19.23%，占营收比例升至13.51%；整个上半年，公司研发费用为3389.8万元，占同期营业收入的比例为9.72%。截至2024年6月30日，逸飞激光及子公司有研发人员364人，占员工总数38.68%；授权有效期内的知识产权共计577项。 逸飞激光透露，得益于系统创新平台的建设，公司研发创新模式全面升级，有效提升全流程研发效率，缩短新技术研发到量产应用的周期，促进产业链协同的创新迭代和智造升级。公司高度注重产品研发的投入和自身工艺技术的积累，成立了工程技术研究院，现已全面投入使用，并依托研究院构建了新能源电池激光应用产业链共性创新平台。 积极拓展新业务布局 近年来，在全球绿色低碳能源转型的大背景下，新能源汽车、储能及消费电子市场快速发展，锂电池市场需求持续增加。GGII数据显示，2024年上半年，中国锂电池出货量达到459GWh，同比增长21%。预计2024年中国锂电池市场出货量将超1100GWh，正式进入TWh时代。 今年上半年，逸飞激光持续聚焦激光智能装备领域，加大重点市场的开拓力度，持续拓展新技术、新产品、新应用，推出了高速磁悬浮全极耳大圆柱电池组装线，适用于32、40、46、60系列钢壳/铝壳全极耳大圆柱电池的量产；同时还推出了适用于不同规格、类型电池柔性化批量生产及重组梯次利用的模组PACK自动装配线，并结合新能源电池行业新技术等发展情况，相继拓展了适用于新型电芯结构件、钠离子电池等领域的多种智能装备。 逸飞激光方面透露，公司目前在手订单较为充裕，主要是新能源电池业务方面。并且公司具备成熟的圆柱全极耳智能组装线系列产品，适用18—60mm直径圆柱电池的量产应用，已批量向行业内知名客户交付。未来公司还将持续研究固态电池激光封装工艺，打通固态电池制造关键节点，开发固态电池新型设备，升级可适配固态电池生产的锂电池装备，开发固态电池激光封装产线。 值得注意的是，逸飞激光在聚焦主业发展的同时，积极拓展新行业、新业务的布局。今年5月份，公司战略收购无锡新聚力科技有限公司(简称“新聚力”)51%股权。该公司是一家智慧物流系统解决方案供应商，产品主要应用于新能源电池等领域，双方主营业务均与新能源电池有关，且有一定的差异性和互补性。逸飞激光称，该次交易有利于整合双方的市场、客户、产品等资源，发挥智慧物流与智能装备的协同效应。,0,ST逸飞(SH688646),0,2024-08-20 22:15:12,0,0,0,11673,0,新闻,https://xueqiu.com/S/SH688646/301731164,2026-07-08 16:22:15
301732344,SH688646,ST逸飞,逸飞激光获42家机构调研：目前公司圆柱全极耳电芯自动装配线的良品率99.8%，产品技术、市场占有率等均...,"逸飞激光8月20日发布投资者关系活动记录表，公司于2024年8月19日接受42家机构调研，机构类型为QFII、保险公司、其他、基金公司、海外机构、证券公司、阳光私募机构。 投资者关系活动主要内容介绍： 问：2024年上半年业绩如何？收入结构是怎么样的？ 答：公司2024年上半年实现营收3.49亿元，同比增长11.25%，归母净利润4,038.21万元，同比增长11.93%，整体经营业绩稳步增长。其中，圆柱全极耳电芯设备和模组PACK设备业务收入占比较高。 问：公司上半年毛利率下降的原因是什么？展望未来毛利率？ 答：公司毛利率受收入结构、当期项目验收、原材料价格等多方面因素的影响，短期内会存在一定的波动性。公司2024年半年度综合毛利率为28.50%，主要是受当期项目验收影响，毛利率较低的方形电芯设备收入有所增加所致。未来，公司会通过不断加强技术与产品创新，持续提升产品竞争力，并通过规模化、精细化管理强化成本与费用控制，来保障公司持续盈利能力。 问：公司在圆柱电芯设备的核心竞争力如何？ 答：公司全面突破了圆柱全极耳电池制造工艺技术难题，首创全极耳成型、全极耳焊接等核心工艺技术，并推动其持续升级迭代，推出了圆柱全极耳电芯装配段全工序设备和圆柱全极耳电芯自动装配线等系列装备，具备高效率、高精度、高良率、高稳定性的特点，实现了装备形式、结构工艺等全覆盖，可以适用于直径18-80mm圆柱全极耳电池的开发与量产应用，且拥有更加完善的专利布局，并获得第三方权威机构认可。目前，公司圆柱全极耳电芯自动装配线的良品率99.8%，产品技术、市场占有率等均处于国际领先水平，并入选了国家级制造业单项冠军产品。 问：如何看待大圆柱电池发展现状以及未来发展？ 答：作为新兴电池技术路径，大圆柱电池从前期的研发与工艺验证到市场规模化应用，不仅在于核心技术的突破，还面临规模化量产与应用的系统性问题，需要整个产业链上下游通力协作，共同推动其大规模量产应用。目前，大圆柱电池已在新能源汽车、储能、轻型车等市场部分实现量产应用，46系大圆柱电池也处于加速量产阶段，并拓展出三元、铁锂等多个材料体系的产品路径。公司各个系列的大圆柱电芯装配线已实现批量交付。 大圆柱全极耳电池具有高安全性、快充电、长寿命等产品性能优势，且生产效率更高、产品一致性更好、生产成本更低，便于进行大规模的应用与推广，契合中高端新能源汽车和储能的需求。目前，全球主流新能源汽车厂商、锂电池厂商纷纷布局大圆柱全极耳路径，市场渗透率不断提升，未来，大圆柱全极耳电池将成为主流的电池技术路径之一。 问：公司今年新增订单情况如何？ 答：整体来看，今年公司新增订单同比有一定幅度增长，其中圆柱电芯装配设备订单占比较高且呈上升趋势。 问：公司上半年员工人数多少？后续有扩人的计划吗？ 答：截至2024年6月末，公司员工总人数为941人。未来，公司将会根据实际经营发展需求储备管理、高端技术、海外营销等方面的人才队伍，进一步增强核心竞争力。 问：上半年收购新聚力对公司有哪些影响？未来有哪些规划？ 答：新聚力是一家集规划设计、软件开发、数字孪生、设备制造、工程实施、售后服务于一体的EPC级整厂智慧物流系统解决方案服务商。公司与新聚力在业务、客户、市场、技术、供应链等方面具有互补性和协同性。在新能源电池领域，公司和新聚力可以充分发挥各自的产品优势，增加公司产品和服务多样性，提升单一客户的销售金额，增加业务规模，同时，共同推进全极耳电池、钠电池、固态电池等电池行业新兴技术的商业化发展；并充分发挥新聚力物流技术通用性优势，拓展半导体、功能材料、医疗健康等新行业、新业务，为公司提供更多的商业机会和增长潜力，加速并完善公司业务布局。未来，双方将加速业务和资源的深度协同，在智能制造领域实现智慧物流、智能装备与生产管理系统的高效协同，推动实现智能制造的高端化、智能化、绿色化。深化新能源主业协同效应，提升在新能源领域的市场竞争力，并积极拓展新兴领域业务，培育新的业绩增长点，实现多元化业务布局。同时，双方将合力加大拓展海外市场，进一步提高拓展效率，加速推进公司全球化布局。 问：请问新聚力2024年的2,400万元业绩承诺完成情况如何？ 答：目前，新聚力整体经营稳健，且储备订单较为充裕，加之目前双方正在加快整合资源，预计对其经营也会产生有利影响，公司和控股子公司新聚力将会积极推动业绩目标的达成。 问：新聚力的半导体业务进展如何？有哪些客户？ 答：目前，新聚力在半导体AMHS设备领域实现了部分核心设备的国产替代，且积累了一些优质客户。 问：公司在固态电池方面业务进展如何？ 答：公司电芯装配设备和模组PACK设备均可用于半固态/固态电池的生产，控股子公司新聚力可以提供半固态/固态电池整厂智慧物流成套系统，均已实现头部客户的交付。未来公司还将持续研究固态电池激光封装工艺，打通固态电池制造关键节点，开发固态电池新型设备，升级可适配固态电池生产的锂电池装备，开发固态电池激光封装产线。 问：8月初，湖北省发布《关于推动激光产业高质量发展的实施意见》，可以看出对湖北省的激光产业支持力度很大以及对发展激光产业的决心。而且其中，也明确提到“加快建设逸飞激光工程技术研究院等研发机构”、“促进逸飞激光锂电激光智造装备三期等一批重大项目加快建成投产达效”等内容，请问公司如何看待这项产业政策？对公司有哪些影响？ 答：湖北是全国激光产业的发源地，也是中国最大的激光设备制造基地之一。湖北省本次出台的《关于推动激光产业高质量发展的实施意见》，显示了政府部门对激光产业发展的高度重视和支持，进一步巩固提升省内光电子信息产业“独树一帜”特色地位。本次的实施意见重点提出了，以“用”为导向，集合政府、产业链上下游、科研院所等多方力量，进行技术攻关；同时，强化链式发展，由原本单一企业发展模式向链式协同发展转变，提升整个产业链的韧性和规模，推动“中国光谷”走向“世界光谷”。 公司作为湖北省新能源电池激光应用产业链的链主企业，是本次实施意见的重要承载和支持企业。公司将会把握产业政策相关机遇，持续加大研发投入，以工程技术研究院为载体，构建新能源电池激光应用产业链共性创新平台和公共技术服务平台的发展，聚焦于高端智能装备、新能源等领域，服务于新兴技术的研发、验证、检测及成果转化需求，以推动产业链的协同创新和智能制造升级；同时，公司将充分发挥“产业孵化”功能，强化“产学研用”合作，推动创新链、产业链、资金链、人才链的深度融合，提升科技成果转化与产业化的水平，让“产业孵化”走向“产业转化”，实现公司发展模式的升级; 调研参与机构详情如下： 参与单位名称参与单位类别参与人员姓名中银基金基金公司--农银汇理基金公司--博时基金基金公司--富安达基金基金公司--明世伙伴基金基金公司--正圆基金基金公司--瑞达基金基金公司--融通基金基金公司--东北证券证券公司--中信建投证券公司--中信证券证券公司--中金公司证券公司--中银证券证券公司--华创证券证券公司--华福证券证券公司--华西证券证券公司--国投证券证券公司--国泰君安证券公司--太平洋证券证券公司--广发证券证券公司--德邦证券证券公司--海通证券证券公司--申万宏源证券公司--美银证券证券公司--兴亿投资阳光私募机构--华夏财富阳光私募机构--朴信投资阳光私募机构--混沌投资阳光私募机构--百川财富阳光私募机构--衍航投资阳光私募机构--高毅资产阳光私募机构--长城财富保险资管保险公司--摩根士丹利海外机构--才华资本QFII--兴证资管其他--和基投资其他--惠友资本其他--泾溪投资其他--美阳投资其他--贵源投资其他--跃微创投其他--顽岩资产其他--",0,ST逸飞(SH688646),0,2024-08-20 22:47:33,0,0,0,11820,0,新闻,https://xueqiu.com/S/SH688646/301732344,2026-07-08 16:22:15
301816728,SH688646,ST逸飞,逸飞激光：公司作为湖北省新能源电池激光应用产业链的链主企业，是本次实施意见的重要承载和支持企业,同花顺（300033）金融研究中心08月21日讯，有投资者向逸飞激光提问， 8月2日湖北省发布《关于推动激光产业高质量发展的实施意见》，内容多次提到逸飞激光，“加快建设逸飞激光工程技术研究院等研发机构；支持逸飞激光CNAS实验室等公共服务平台发挥作用；促进逸飞激光锂电激光智造装备三期等一批重大项目加快建成投产达效”。《意见》提出，鼓励有意愿有实力的龙头企业并购重组，整合产业上下游、研发机构等资源，全力打造百亿级世界一流激光企业。请问公司如何借此契机规划布局公司的业务发展？谢谢！ 公司回答表示，尊敬的投资者您好！湖北省出台的《关于推动激光产业 高质量发展的实施意见》，显示了政府部门对激光产业发展的高度重视和支持。公司作为湖北省新能源电池激光应用产业链的链主企业，是本次实施意见的重要承载和支持企业。公司将会把握产业政策相关机遇，持续加大研发投入，以工程技术研究院为载体，构建新能源电池激光应用产业链共性创新平台和公共技术服务平台的发展，聚焦于高端智能装备、新能源等领域，服务于新兴技术的研发、验证、检测及成果转化需求，以推动产业链的协同创新和智能制造升级；同时，公司将充分发挥“产业孵化”功能，强化“产学研用”合作，推动创新链、产业链、资金链、人才链的深度融合，提升科技成果转化与产业化的水平，让“产业孵化”走向“产业转化”，实现公司发展模式的升级。感谢您的关注。 点击进入互动平台 查看更多回复信息,0,ST逸飞(SH688646),0,2024-08-21 07:59:23,0,0,0,11113,0,新闻,https://xueqiu.com/S/SH688646/301816728,2026-07-08 16:22:15
301989963,SH688646,ST逸飞,,逸飞激光于2024年08月22日下午14:00-15:00在上海证券交易所上证路演中心举行了2024年半年度业绩说明会，就投资者关心的问题进行交流，具体交流内容详见《投资者关系活动记录表（2024年半年度业绩说明会）》 网页链接,0,ST逸飞(SH688646),0,2024-08-22 09:00:01,0,0,0,833,0,互动易,https://xueqiu.com/S/SH688646/301989963,2026-07-08 16:22:15
301990586,SH688646,ST逸飞,,逸飞激光：投资者关系活动记录表（2024年半年度业绩说明会） 网页链接,0,ST逸飞(SH688646),0,2024-08-22 09:03:05,0,0,0,5797,0,公告,https://xueqiu.com/S/SH688646/301990586,2026-07-08 16:22:15
301993017,SH688646,ST逸飞,逸飞激光：固态电池封装技术与装备开发项目预计投资3500万元，技术处于国内先进水平,金融界8月22日消息，逸飞激光披露投资者关系活动记录表显示，“固态电池封装技术与装备开发”项目预计总投资规模3500万元，目前处于研发与测试阶段，技术处于国内先进水平，且已有部分设备实现头部客户交付。项目完成后，可适用于固态电池工艺开发、中试验证与量产应用全过程，助力新能源电池新兴技术的发展。另一方面，公司23年9月中标的阜阳海钠1GWh钠离子电池自动装配线项目截止目前尚未确认收入。公司自动化产线的生产组装周期通常需要2-6个月，验收周期通常需要6-14个月，随后才能确认收入。此外，公司非常重视解禁事宜，一直与首发股东保持着密切的联系，并积极沟通妥善处理。,0,ST逸飞(SH688646),0,2024-08-22 09:19:48,0,0,0,10829,0,新闻,https://xueqiu.com/S/SH688646/301993017,2026-07-08 16:22:15
301999118,SH688646,ST逸飞,逸飞激光：8月22日召开业绩说明会，投资者参与,"证券之星消息，2024年8月22日逸飞激光（688646）发布公告称公司于2024年8月22日召开业绩说明会。具体内容如下：问：公司本次业绩说明会无预征集，业绩说明会正式开始后，公司在遵守信息披露相关规定的前下回复投资者，回复内容不涉及未披露的重大信息。现将本次业绩说明会投资者出的及公司答复情况整理如下：答：公司本次业绩说明会无预征集问题，业绩说明会正式开始后，公司在遵守信息披露相关规定的前提下复投资者提问，复内容不涉及未披露的重大信息。现将本次业绩说明会投资者提出的问题及公司复情况整理如下问：请公司“固态电池封装技术与装备开发”项目预计需投入研发资金多少万元？目前进展情况如何？相关研发成果在行业领域中处于什么技术水平？今后有哪些应用场景？谢谢！答：尊敬的投资者您好！公司“固态电池封装技术与装备开发”项目预计总投资规模 3500 万元，目前处于研发与测试阶段，技术处于国内先进水平，且已有部分设备实现头部客户交付。公司电芯装配设备、模组 PCK设备和控股子公司新聚力的智慧物流成套系统均可用于半固态/固态电池的生产，未来公司将持续推进相关技术与工艺研究，开发固态电池新型设备，升级可适配固态电池生产的锂电池装备，推出固态电池系列装备与产线。项目完成后，可适用于固态电池工艺开发、中试验证与量产应用全过程，助力新能源电池新兴技术的发展。感谢您的关注。问：请公司 23年 9月中标的阜阳海钠 1GWh钠离子电池自动装配线项目今年半年报是否已经确认了收入？谢谢！答：尊敬的投资者您好！阜阳海钠项目截止目前尚未确认收入。感谢您的关注。问：鹏辉能源称技术取得突破，8月 28日将推出全固态电池新品,,请吴总，如何看待这个消息，真正的固态电池已经正式量产了吗？答：尊敬的投资者您好！固态电池具有高安全、高能量密度等优势，是锂电池发展的一种重要新兴技术，今年以来，固态电池相关技术研究与产业化进程持续提速，固态电池有望迎来加速量产。逸飞激光一直秉承创新与质量双驱动的发展策略，高度重视固态电池、大圆柱电池、钠电池等新兴技术路径的研发投入，推出了激光与智能装备系列产品，形成了多维度的行业领先优势，2024年上半年公司全面完成“技术创新-工程转化-分析测试”一体的研发创新平台建设，将进一步提升研发效率缩短研发创新到产业应用的转化周期，助力新能源电池新兴技术的发展。问：近日，逸飞激光有多条电池产线交付使用，如为某国际客户供的圆柱全极耳电芯组装量产线项目完成 FAT；供给某头部电池企业的方形动力电池 CTP模组全自动生产线在客户工厂圆满完成交付，实现批量生产；高速磁悬浮大圆柱全极耳电池智能组装线于公司华中制造基地完成 FAT正式下线，交付客户工厂，等等。请相关的产线从交付使用到确认收入需要多长时间？谢谢！答：尊敬的投资者您好！公司产品技术复杂度较高，生产组装难度高，因而公司产品生产周期较长；同时设备规模较大，到达客户现场后需经过安装调试、试运行阶段，试运行阶段需要根据客户要求进行反复调试，保证整线效率和良品率满足客户生产需求。一般情况下，公司自动化产线的生产组装周期通常需要 2-6个月，验收周期通常需要 6-14个月。验收周期一方面受原材料供应情况、付款进度、客户场地准备等情况影响，另一方面也受客户厂房配套设施、生产线其他部分设备到位情况、产品量产情况、客户自身订单等情况影响，公司设备验收周期会有所变化；另外，海外运输与当地监管和用工环境等也会造成一定影响，确认收入的时间也会相应变化。感谢您的关注。问：请曹总逸飞激光 7月份解禁的 30%股本减持情况如何？分别以什么方式进行的减持？公司有无统筹安排？答：尊敬的投资者您好！公司非常重视解禁事宜，一直与首发股东保持着密切的联系，并积极沟通妥善处理。机构股东和自然人股东是否减持取决于自身资金需求、基金是否临近存续期、对公司未来成长价值的判断等因素。后续如有收到应披露减持计划股东的相关减持计划，公司将会根据相关法律法规及时履行信息披露义务。感谢您的关注。问：公司全资子公司逸飞智能、江苏逸飞今年上半年均出现亏损，请是什么原因？公司逸飞智能二期和江苏逸飞二期目前投产是否顺利？预计逸飞智能、江苏逸飞（含二期项目）今年度能实现盈利吗？谢谢！答：尊敬的投资者您好！公司营业收入与利润情况受收入结构、当期项目验收、固定成本与费用支出等多方面因素的影响，短期内会存在一定的波动性。子公司逸飞智能和江苏逸飞上半年出现亏损主要受当期产品收入结构影响，毛利率相对较低的产品收入占比有所提升，且固定成本增加所致。目前，逸飞智能二期项目和江苏逸飞二期项目已完工投入使用，后续产能将会进一步提升，根据公司产品交付周期与验收周期情况，产能转化为收入会有一定周期的滞后性。关于子公司的经营业绩情况请关注公司定期报告及临时公告，感谢您的关注。逸飞激光（688646）主营业务：从事精密激光加工智能装备研发、设计、生产和销售。逸飞激光2024年中报显示，公司主营收入3.49亿元，同比上升11.25%；归母净利润4038.21万元，同比上升11.93%；扣非净利润2654.63万元，同比下降1.87%；其中2024年第二季度，公司单季度主营收入2.29亿元，同比上升15.01%；单季度归母净利润2454.15万元，同比下降10.44%；单季度扣非净利润1780.48万元，同比下降15.29%；负债率35.63%，投资收益689.32万元，财务费用102.35万元，毛利率28.5%。该股最近90天内无机构评级。融资融券数据显示该股近3个月融资净流入298.02万，融资余额增加；融券净流入0.0，融券余额增加。以上内容由证券之星根据公开信息整理，由算法生成（网信算备310104345710301240019号），与本站立场无关，如数据存在问题请联系我们。本文为数据整理，不对您构成任何投资建议，投资有风险，请谨慎决策。",0,证券之星财经,5187193467,2024-08-22 10:00:05,0,0,0,23227,0,雪球,https://xueqiu.com/5187193467/301999118,2026-07-08 16:22:15
302022960,SH688646,ST逸飞,电动工具锂电需求回暖“升温”,会议倒计时90天 2024高工锂电年会 暨高工金球奖颁奖典礼 主办单位：高工锂电、高工产业研究院（GGII） 协办单位：瑞能股份 总冠名：海目星激光 专场冠名：锐科激光、欧科工业空调、英联复合集流体、华视控股、埃斯顿自动化、德福科技、逸飞激光 金球奖全程特约赞助：思客琦 产品发布会：尚水智能 年会时间：2024年11月20-22日 年会地点：深圳前海华侨城JW万豪酒店 电动工具市场规模稳增，随着下游客户去库存结束以及补库重启，带动锂电池需求增长。与此同时，电动工具对于锂电池的需求也在发生新的变化。 从市场来看，2024年上半年，电动工具锂电池海外大客户去库存基本结束，相关采购逐渐恢复至正常状态，国内电池企业获取订单规模增加。 包括亿纬锂能、蔚蓝锂芯、横店东磁等电池企业在投资者关系管理信息中均证实了上述观点。 其中，横店东磁表示，上半年公司锂电池在电动工具领域出货量实现翻番以上增长，预计下半年锂电池出货仍将保持较好的增速，尤其是电动工具类产品，全年出货目标超5亿支。 得益于电动工具市场需求修复，蔚蓝锂芯上半年锂电池销量约1.75亿颗，其中二季度近1亿颗，整个上半年出货情况略超公司原先目标。公司6月的排产约5000万颗左右，预计在八九月的时候，有可能达到7000万颗的排产，基本实现满产。 同时，受制于海外圆柱电池产能稀缺，圆柱海外电池龙头已经开始涨价，海外下游客户也普遍接受涨价执行，对于国内电池企业而言，将有利于盈利能力的进一步提升。 在供给端，电动工具TOP级企业开始加速导入全极耳圆柱电池，全极耳圆柱电池也成为电动工具领域新的需求风向标。 高工锂电注意到，在中大型园林工具应用场景中，至今仍是引擎类机器占主流，锂电化不顺利的核心原因也在于传统圆柱电池在工作电流和工作时间方面的掣肘。而在2023年，就有国际电动工具巨头明确提出将18、21系圆柱电池转向全极耳工艺路线。 核心原因在于，全极耳圆柱电池的优势极为明显，全极耳结构可有效降低电池内阻，支持更大倍率放电的同时，降低电池的工作温升，由此更好地释放电池设计容量。此外，低温充电和低温循环的表现也完胜传统极耳结构的圆柱电芯。 今年以来，包括亿纬锂能、新能安、力神电池、比克电池、睿恩新能源等电池企业密集发布了18/21系全极耳圆柱电池新品，由此印证全极耳圆柱电池需求风口的到来。 高工产研锂电研究所（GGII）预测，2027年中国电动工具锂电池出货量将超10GWh，全极耳圆柱电池也有望在电动工具领域加速渗透。 面向长期正向增长的赛道，锂电智能装备企业也在积极配合电池企业需求不断优化、改进、革新，应对电动工具等领域要求。 如：先导智能可提供全球效率顶级的圆柱电池整线，整线涵盖了行业领先的大幅宽涂布机、辊压设备和激光模切机，以及全极耳、多极耳大圆柱卷绕机，确保了单机效率行业最高。同时，先导智能通过引入AI技术和数字技术，自主研发出智能制造数字化工厂系统，令生产脱离人工干预，配合数智融合对设备的赋能，实现整线产线全自动、高智能、集成化运行。 目前，先导智能已成功交付包括首条350PPM全极耳21圆柱电池整线、150PPM46圆柱电池整线等。 逸飞激光高速磁悬浮大圆柱全极耳电池生产线下线交付，该产线搭载业内首推的磁悬浮传输技术，实现主工序段最高2000mm/s高速传输。 结合飞拍检测技术、全清洗工艺，逸飞激光高速磁悬浮大圆柱全极耳电池智能组装线可满足高良率、高精度、高柔性、智能化、低耗能生产。并可覆盖21/32/40/46/60系电芯产品，单站生产效率可达360PPM。 随着圆柱电池对节拍速度要求越来越高，对于焊接的速度和效率也提出新的要求。对此，卡门哈斯激光推出了圆柱电池塔转激光飞行振镜焊接系统。相比于传统加工焊接，飞行焊接解决方案主要有四部分组成，包括激光器、光学组件、控制机和质量监测部分。 该系统通过独特的低热漂抗高反设计，最高可支持10000w激光器焊接工作；通过特殊镀膜设计和加工，确保扫描头整体的综合损耗控制在3.5%以下。与传统加工对比，应用卡门哈斯飞行加工系统可提升节拍，减少非加工区时间。 瑞能股份瞄准电动工具领域精准出击，可提供60V/100V/150V、20A/30A/40A/60A等全系电动工具电池测试系统，电压精度达±0.05%F.S.，研发生产测试更准确；能量回馈效率≥90%，充放电双向节能，成本更低；电流响应≤5MS，支持各类高速动态测试；搭载自研升级版测试软件，实现智能进阶；支持CAN/RS485通讯，适配不同电池，容差更小。 此外，其系统采用模块化设计，整机24CH，支持通道并联，动态升级扩容。同时，单通道可独立控制独立通信，整机高度集成，设备体积小。 广东惠龙推出600PPM大圆柱全自动外观检测包装线，单机产能高效；只需一台设备便可实现电压内阻测试、扫码、外观检测（包含3D检测）分档、数据精确绑定等功能；包装部分只需2-3名操作人员，单班节约人力成本至少10人。 同时，还可轻松扩展成300-600PPM化成段的容量分选系统，支持非传统托杯模式、高速焊接和封口设备；另可根据客户要求实现包膜电池或裸电生产。 综合来看，全球无绳电动工具市场份额依然集中在TTI、Stanley Black & Decker、Bosch、Makita、HiKOKI等国际企业手中，其对于圆柱锂电池的高品质、高一致性、高效率的生产要求更加严苛。 目前，海外电动工具锂电池需求已经不断向中国企业倾斜，基于产品生产的迭代升级，未来具备优势技术实力的装备企业也将长期获益。,0,高工锂电,7862386466,2024-08-22 13:25:12,0,2,0,85348,0,雪球,https://xueqiu.com/7862386466/302022960,2026-07-08 16:22:15
302049744,SH688646,ST逸飞,研发不足，知名上市公司客户用新能源车抵债,"最近火了一个词，叫“设备更新”。改开以来，中国进行了三次大规模的设备更新。第一次是改开初期，大规模引进西方发达国家的设备，开始有了真正的工业化基础；第二次是加入世贸组织前后，为了融入全球市场，同时进行了企业改制，设备进行了升级换新（这个阶段诞生了一大批上市公司，海尔、格力、美的都成长于这个时代）；第三次是2016年开始，以5G设备更新和国电开启国家泛在智能电网建设为标志，央企国企带头更新国产高精尖设备（这个阶段诞生了一大批科创板上市公司，衍生了工业物联网、5G云计算）。对于大部分企业尤其是民企来讲，成本是第一位的。如何让企业心甘情愿的更换设备呢？其实答案都写在设备更新的实施方案和实施细则里了，主要是靠税收减免和金融支持。新设备效率更高还节能环保，谁不想换新啊，只是没钱。如果能够税收减免和低息贷款节约的成本能够覆盖掉更换设备的成本，企业会非常乐意。据发改委，首批近500亿元超长期特别国债资金加力支持大规模设备更新的项目清单已下达，新一批项目正在加快申报审核；在金融政策支持上，超500亿元设备更新再贷款合同已签订，其中工商业节能更新改造金额超150亿元。很多行业借此机会鸟枪换炮，直接把传统机床换成了激光设备。 一、逸飞激光一飞冲天二十年前，激光焊接还是只有大众才拥有的天顶星科技。现如今，激光焊接已经成了国产汽车的标配。进入新能源车时代，甚至连电池包都是激光焊接的。随着设备更新的快速推进，激光设备将成为大赢家。2023年，逸飞激光在A股上市。公司2019年以来，营收和净利润爆发式增长。数据来源：同花顺iFind2023年净利润增幅放缓的原因是公司加大了研发投入，然而尽管如此，公司研发费用占营收比例也不过在10%左右，属于比例较低的范畴。或许正是基于此，公司作为一家高科技公司，并没有申报科创板。刚刚发布的半年报显示，公司2024年上半年的营业收入为3.49亿元，同比增长11.25%；归属于上市公司股东的净利润为4038万元，同比增长11.93%。除了业绩靓丽以外，公司2024年上半年花了3000万收购了无锡新聚力51%的股权。新聚力的核心业务涉及新能源电池、半导体、消费电子、医疗健康等领域，提供包括智慧物流系统与悬挂输送系统（OHT）、堆料机（Stocker）、多层货架等物流设备及相应配套软件系统等整厂物流解决方案。公司通过这次收购，不仅加强了在智能制造领域的核心竞争力，同时也积极拓展到新的行业和业务领域。实现了智慧物流、智能装备与生产管理系统的高效协同，这有助于降低生产成本，并推动公司产品向高端化、智能化和绿色化方向发展。利用智慧物流技术的通用性，加快了公司在其他行业领域的开发和市场布局，为公司带来了更多的商业机会和增长潜力。 二、大客户疑云据公司招股书，2019年-2022年，前五大客户（同一控制下企业合并计算）销售收入占同期营业收入的比例分别为86.07%、69.96%和57.67%，公司客户集中度较高。然而，和常规理解的不同，公司的前五大客户却不太固定。国轩高科为公司2020年和2022年第一大客户，2021年未进入公司前五大客户；宁德时代为公司2020年第四大客户和2021年第一大客户，2022年未进入公司前五大客户；鹏辉能源为公司2020年第三大客户、2021年第二大客户和2022年第五大客户；亿纬锂能为公司2021年第五大客户，2022年未进入公司前五大客户。对此，公司解释为：相比一般的原材料采购，固定资产采购具有低频次、大金额、非连续的特性，由此导致前五大客户存在变动，发行人对前五大客户不同年度的销售金额也存在波动。星空君认为，这个解释勉强说得过去。但和其中大客户之一--国轩高科的故事就比较离谱了。2020年10月，国轩高科与公司办理完成8条圆柱电芯装配线的交付验收程序，设备合同价款13,100.00万元，剩余5,700.00万元合同款项尚未支付。公司为及时收回上述设备验收款，同时因国轩集团全资子公司合肥奥莱持有一批北汽新能源汽车待售，故公司与国轩高科协商达成以下协议： 国轩高科在2021年4月前分批支付该合同验收款，同时，公司需从合肥奥莱处，以5.98万元每辆价格，购置400台北汽EC3轿车，合计购车款2,392.00万元。公司已经处置完成上述400辆轿车中391辆，其余9辆自用。由于该事项与收入确认事项相继发生，公司基于谨慎性原则，将该批车辆协议约定价款与公允价值差额736.28万元确认可变对价，冲减了该合同的销售收入。新能源车卖5.98万的价格倒是蛮吸引人的，于是星空君特意去找了这款车的照片，一言难尽。由于该案例出现在了公司招股书的回复函里，国轩高科资金链紧张的状况也“暴露”了。三、经营风险 大客户问题依然是公司的第一大经营风险。公司过于依赖大客户，且新能源产业链正处于高速发展和极度内卷的过程中，很有可能出现暴雷现象，这就会连带公司回款出现问题。基于此，星空君认为公司存在三大风险因素：一是坏账风险。公司应收票据及应收账款余额较大，若经济形势恶化或客户发生重大经营困难，可能面临坏账损失的风险。二是毛利率下降。下游锂电制造行业面临降本压力，若公司不能及时推出高附加值产品，可能面临毛利率下滑的风险。三是存货跌价损失风险。公司存货账面价值占总资产的比例较高，若客户需求变化或经营情况发生重大不利变化，可能产生存货跌价和损失的风险。",0,诗与星空,2715130875,2024-08-22 23:15:04,1,2,0,73564,2,雪球,https://xueqiu.com/2715130875/302049744,2026-07-08 16:22:15
302391154,SH688646,ST逸飞,,逸飞激光：逸飞激光关于以集中竞价交易方式回购公司股份比例达到总股本2%暨回购进展公告 网页链接,0,ST逸飞(SH688646),0,2024-08-26 09:21:02,0,0,0,6348,0,公告,https://xueqiu.com/S/SH688646/302391154,2026-07-08 16:22:15
302396421,SH688646,ST逸飞,逸飞激光最新公告：回购公司股份比例达到总股本2%,"逸飞激光公告，截至2024年8月26日，公司通过上海证券交易所交易系统以集中竞价交易方式已累计回购公司股份1,983,766股，占公司总股本的比例为2.08%，回购成交的最高价为32.46元/股，最低价为23.38元/股，支付的资金总额为人民币5318.85万元（不含交易佣金等交易费用）。本次回购股份符合相关法律法规、规范性文件的规定及公司回购股份方案。以上内容为证券之星据公开信息整理，由智能算法生成，不构成投资建议。",0,证券之星财经,5187193467,2024-08-26 10:00:52,0,1,0,17282,0,雪球,https://xueqiu.com/5187193467/302396421,2026-07-08 16:22:13
302441391,SH688646,ST逸飞,逸飞激光获得实用新型专利授权：“多工位密封钉焊接装置”,证券之星消息，根据天眼查APP数据显示逸飞激光（688646）新获得一项实用新型专利授权，专利名为“多工位密封钉焊接装置”，专利申请号为CN202322954901.1，授权日为2024年8月27日。专利摘要：本实用新型涉及激光焊接装置技术领域，本实用新型提供一种多工位密封钉焊接装置，包括动力转盘机构，动力转盘机构包括转盘以及设于转盘上的多个电池夹具，各电池夹具沿转盘的环向依次间隔分布；于转盘的外周并沿转盘的转动方向依次间隔设有料输送机构、上料机构、清洗机构、上钉机构、预焊机构、满焊机构、检测机构、下料机构及出料输送机构；其中，转盘上还设有夹具驱动部，夹具驱动部对应上料机构与下料机构设置，夹具驱动部用于驱动电池夹具在运转至所述上料机构与所述下料机构时松开夹持的电池。本实用新型提供的多工位密封钉焊接装置旨在解决传统技术中密封钉焊接工位设置不合理，焊接效率以及效果较差的问题。今年以来逸飞激光新获得专利授权46个，较去年同期增加了35.29%。结合公司2024年中报财务数据，今年上半年公司在研发方面投入了3389.8万元，同比增8.63%。数据来源：天眼查APP以上内容为证券之星据公开信息整理，由智能算法生成，不构成投资建议。,0,证券之星财经,5187193467,2024-08-26 18:30:48,0,1,0,18801,0,雪球,https://xueqiu.com/5187193467/302441391,2026-07-08 16:22:13
302532340,SH688646,ST逸飞,鄂州、十堰两地主要领导调研逸飞激光,8月24日，鄂州、十堰两地主要党政领导在鄂州市开展区域协作工作，深化区域间交流合作，共绘高质量发展蓝图。 上午9点半，在鄂州市委书记、市人大常委会主任孙兵，市委副书记、市长王玺玮的陪同下，十堰市委书记黄剑雄，十堰市委副书记、市长王永辉率党政代表团来到逸飞激光华中智能制造基地（葛店）开展调研工作。 在公司董事长吴轩陪同下，两地领导一行参观了公司工程技术研究院以及W1/W2生产车间，详细调研了公司研发创新的进展，以及生产经营的情况。 吴轩介绍到，逸飞激光工程技术研究院围绕光、机、电、软件等方向开展关键共性技术攻关，构建技术研发、工程验证、分析测试为一体的系统创新平台，加强公司可持续创新能力的发展。 基于新能源电池激光应用产业链，打造共性创新平台和公共技术服务平台，聚焦于高端智能装备、新能源等领域，服务于新兴技术的研发、验证、检测及成果转化需求，以推动产业链的协同创新和智能制造升级；同时，公司将充分发挥“产业孵化”功能，强化“产学研用”合作，推动创新链、产业链、资金链、人才链的深度融合，提升科技成果转化与产业化的水平，让“产业孵化”走向“产业转化”，实现公司发展模式的升级。 鄂州市市委书记孙兵以及十堰市市委书记黄剑雄对逸飞激光的高质量创新发展表示高度认可，他们均表示，将深化两地上下游企业的紧密合作，以技术改造推动产业链协同创新、转型升级，促进企业抱团发展，推动两地共赢共荣。,0,ST逸飞(SH688646),0,2024-08-27 07:35:26,0,0,0,12382,0,新闻,https://xueqiu.com/S/SH688646/302532340,2026-07-08 16:22:13
302554157,SH688646,ST逸飞,,逸飞激光：逸飞激光2024年第二次临时股东大会会议资料 网页链接,0,ST逸飞(SH688646),0,2024-08-27 09:41:14,0,0,0,6047,0,公告,https://xueqiu.com/S/SH688646/302554157,2026-07-08 16:22:13
302790693,SH688646,ST逸飞,逸飞激光：8月28日获融资买入137.23万元，占当日流入资金比例14.36%,同花顺（300033）数据中心显示，逸飞激光8月28日获融资买入137.23万元，占当日买入金额的14.36%，当前融资余额3534.56万元，占流通市值的2.93%，超过历史80%分位水平，处于相对高位。 融资走势表 日期融资变动融资余额8月28日-83.74万3534.56万8月27日-49.62万3618.30万8月26日79.52万3667.92万8月23日-76.96万3588.39万8月22日11.68万3665.36万 融券方面，逸飞激光8月28日融券偿还0股，融券卖出0股，按当日收盘价计算，卖出金额0.00元；融券余额0.00，低于历史10%分位水平，处于低位。 融券走势表 日期融券变动融券余额8月28日0.000.008月27日0.000.008月26日0.000.008月23日0.000.008月22日0.000.00 综上，逸飞激光当前两融余额3534.56万元，较昨日下滑2.31%，余额超过历史70%分位水平。 两融余额的走势表 日期两融余额余额变动8月28日3534.56万-83.74万8月27日3618.30万-49.62万8月26日3667.92万79.52万8月23日3588.39万-76.96万8月22日3665.36万11.68万 说明1：融资余额若长期增加时表示投资者心态偏向买方，市场人气旺盛属强势市场，反之则属弱势市场。 说明2：买入金额=主动买入特大单金额+主动买入大单金额+主动买入中单金额+主动买入小单金额。,0,ST逸飞(SH688646),0,2024-08-29 00:43:58,0,0,0,9060,0,新闻,https://xueqiu.com/S/SH688646/302790693,2026-07-08 16:22:13
303316326,SH688646,ST逸飞,,逸飞激光：逸飞激光关于以集中竞价交易方式回购公司股份的进展公告 网页链接,0,ST逸飞(SH688646),0,2024-09-02 08:44:04,0,0,0,5402,0,公告,https://xueqiu.com/S/SH688646/303316326,2026-07-08 16:22:13
303318772,SH688646,ST逸飞,逸飞激光：累计回购约237万股,每经AI快讯，逸飞激光（SH 688646，收盘价：25.29元）9月2日晚间发布公告称，截至2024年8月31日，公司通过上海证券交易所交易系统以集中竞价交易方式已累计回购公司股份约237万股，占公司总股本约9516万股的比例为2.49%，回购成交的最高价为32.46元/股，最低价为23.38元/股，支付的资金总额为人民币约6303万元。 截至发稿，逸飞激光市值为24亿元。 道达号（daoda1997）“个股趋势”提醒：1. 近30日内共有1批机构对逸飞激光调研，合计调研的机构家数为42家。 每经头条（nbdtoutiao）—— (记者 蔡鼎) 免责声明：本文内容与数据仅供参考，不构成投资建议，使用前请核实。据此操作，风险自担。 每日经济新闻,0,每日经济新闻,4642157440,2024-09-02 09:00:55,0,0,0,10294,0,雪球,https://xueqiu.com/4642157440/303318772,2026-07-08 16:22:13
303337478,SH688646,ST逸飞,逸飞激光：8月28日高管赵来根增持股份合计200股,证券之星消息，根据9月2日市场公开信息、上市公司公告及交易所披露数据整理，逸飞激光（688646）最新董监高及相关人员股份变动情况：2024年8月28日公司董事赵来根共增持公司股份200.0股，占公司总股本为0.0002%。变动期间公司股价上涨1.15%，8月28日当日收盘报25.46元。逸飞激光近半年内的董监高及核心技术人员增减持详情如下：逸飞激光的高管列表及最新持股情况如下：融资融券数据显示该股近5日融资净流出65.23万，融资余额减少；融券净流入0.0，融券余额增加。该股最近90天内无机构评级。以上内容为证券之星据公开信息整理，由智能算法生成，不构成投资建议。,0,证券之星财经,5187193467,2024-09-02 12:10:28,0,0,0,12559,0,雪球,https://xueqiu.com/5187193467/303337478,2026-07-08 16:22:13
303347349,SH688646,ST逸飞,逸飞激光董事赵来根增持200股，增持金额5080元,每经AI快讯，据上交所官网，2024年8月28日，逸飞激光（SH 688646，收盘价：25.29元）董事赵来根通过二级市场买卖，增持公司200股，成交均价25.4元/股，增持5080元。 (记者 曾健辉) 免责声明：本文内容与数据仅供参考，不构成投资建议，使用前请核实。据此操作，风险自担。 每日经济新闻,0,每日经济新闻,4642157440,2024-09-02 14:10:09,0,0,0,14288,0,雪球,https://xueqiu.com/4642157440/303347349,2026-07-08 16:22:13
303355598,SH688646,ST逸飞,逸飞激光新注册《圆柱电芯机械封口控制软件V1.0》项目的软件著作权,证券之星消息，近日逸飞激光（688646）新注册了《圆柱电芯机械封口控制软件V1.0》项目的软件著作权。今年以来逸飞激光新注册软件著作权19个，较去年同期增加了533.33%。结合公司2024年中报财务数据，今年上半年公司在研发方面投入了3389.8万元，同比增8.63%。数据来源：企查查以上内容为证券之星据公开信息整理，由智能算法生成，不构成投资建议。,0,证券之星财经,5187193467,2024-09-02 17:40:06,0,0,0,14495,0,雪球,https://xueqiu.com/5187193467/303355598,2026-07-08 16:22:13
303431730,SH688646,ST逸飞,逸飞激光：公司与华芯锂能、力华电源签订的供需合作项目进展顺利,同花顺（300033）金融研究中心09月03日讯，有投资者向逸飞激光提问， 5月17日，逸飞激光分别与华芯锂能（山东）5GWh大圆柱半固态锂电池、力华电源25GWh大圆柱46系储能电池签约供需合作项目，请问相关项目进展是否顺利？据近日海目星公告，海目星与欣界能源2GWh电池自动化生产线设备采购金额约为4亿元。请问公司与华芯锂能（山东）、力华电源大圆柱电池产线合作项目设备采购金额约为多少亿元？谢谢！ 公司回答表示，尊敬的投资者您好！公司与华芯锂能、力华电源签订的供需合作项目进展顺利，具体合作情况涉及商业秘密不便透露，如达到披露标准，公司将会及时履行信息披露义务，感谢您的关注。 点击进入互动平台 查看更多回复信息,0,ST逸飞(SH688646),0,2024-09-03 07:46:21,0,0,0,7982,0,新闻,https://xueqiu.com/S/SH688646/303431730,2026-07-08 16:22:13
303440843,SH688646,ST逸飞,,逸飞激光：北京德恒（杭州）律师事务所关于武汉逸飞激光股份有限公司2024年第二次临时股东大会的法律意见书 网页链接,0,ST逸飞(SH688646),0,2024-09-03 09:01:02,0,0,0,5769,0,公告,https://xueqiu.com/S/SH688646/303440843,2026-07-08 16:22:13
303440844,SH688646,ST逸飞,,逸飞激光：逸飞激光2024年第二次临时股东大会决议公告 网页链接,0,ST逸飞(SH688646),0,2024-09-03 09:01:02,0,0,0,6171,0,公告,https://xueqiu.com/S/SH688646/303440844,2026-07-08 16:22:13
303584579,SH688646,ST逸飞,鹏辉能源：武汉逸飞激光是公司的设备供应商,同花顺（300033）金融研究中心09月04日讯，有投资者向鹏辉能源（300438）提问， 请问武汉逸飞激光与公司有业务往来吗？逸飞激光与公司的合作和业务往来主要有哪些？谢谢！ 公司回答表示，您好！武汉逸飞激光是公司的设备供应商。感谢您的关注！ 点击进入互动平台 查看更多回复信息,0,ST逸飞(SH688646),0,2024-09-04 11:12:17,0,0,0,7941,0,新闻,https://xueqiu.com/S/SH688646/303584579,2026-07-08 16:22:13
303589529,SH688646,ST逸飞,鹏辉能源：武汉逸飞激光是公司的设备供应商,"证券之星消息，鹏辉能源(300438)09月04日在投资者关系平台上答复投资者关心的问题。投资者：请问武汉逸飞激光与公司有业务往来吗？逸飞激光与公司的合作和业务往来主要有哪些？谢谢！鹏辉能源董秘：您好！武汉逸飞激光是公司的设备供应商。感谢您的关注！投资者：近期报道贵司固态电池能量密度280wh/kg，预计2026年量产，而现有的麒麟电池能量密度已达255wh/看过，怎么体现了自己的先进性？如何保持市场竞争力？鹏辉能源董秘：您好！评价电池产品参数，不能只看能量密度等某一个指标，还要综合看其他指标，比如安全性方面，重点是有没有通过针刺试验；温域方面，是否覆盖低温到高温较大的温域；工艺和成本方面，是否利于解决量产降本问题等；然后，最重要的是解决了什么实际问题，只要能不断解决行业和客户痛点，那就是在进步。公司本次发布的固态电池，通过使用自研的高离子电导率、高稳定性、低成本的氧化物复合固态电解质替代隔膜和电解液，实现了固态电池工艺创新和材料创新，在工艺和降本方面为公司固态电池产业化构筑坚实基础。安全性能方面，得益于自研的复合固态电解质、高导热添加剂、自动安全机制三重安全防线，鹏辉能源第一代固态电池可以通过最严苛的针刺试验，不可燃的固态电解质加上“自动安全机制”的耦合，鹏辉能源真正做到了人们期望中固态电池的性能：本质安全。温域方面，公司自研的第一代固态电池，宽温域性能优异，在-20℃~85℃温度环境，均可进行充放电循环，做到了真正的宽温域应用，实现了极端环境下正常工作，着力解决客户痛点。目前公司开始进一步优化迭代固态电池性能，并在推动固态电池中试和量产工作计划。 感谢您的关注！投资者：请问贵司研发的全固态电池是否是用于新能源车的动力电池？整车使用比现有液态电池成本高多少？何时能够量产？鹏辉能源董秘：您好！公司研发的第一代全固态电池通过了严苛的针刺试验，做到了人们期望中固态电池的性能：本质安全，而且温域宽，覆盖-20℃~85℃温域，如果将来针对性的开发量产，预计可以解决目前动力电池痛点，所以未来不排除可以应用在新能源汽车动力电池领域。按公司固态电池中试和量产计划，2025年进行中试，2026年建生产线并量产。感谢您的关注！投资者：今儿发布会发布的固态电池是否已经小规模送样？应用于哪些行业？鹏辉能源董秘：您好！公司研发的全固态电池技术未来不排除可以应用在消费、储能、动力及其他领域。目前公司开始进一步优化迭代固态电池性能，并在推动固态电池中试和量产工作计划。感谢您的关注！投资者：尊敬的董秘：请问贵公司全固态电池的用锂量比其它含液态电池的大吗？鹏辉能源董秘：您好！公司于近期举行了产品及技术发布会，发布了第一代固态电池。您可以通过“鹏辉能源”官方微信公众号了解相关产品详情。感谢您的关注！投资者：公司发布的固态电池，主要应用场景能覆盖哪些？是否包括手机平板等电子设备以及风光电网系统？鹏辉能源董秘：您好！公公司研发的全固态电池技术未来不排除可以应用在消费、储能、动力及其他领域。感谢您的关注！投资者：首先恭喜公司的纯固态电池取得突破性的进展，希望公司做好知识产权管理，确保机密资料不会泄露。其次想了解一下公司对纯固态电池的市场应用规模以及对应的生产计划有无规划？谢谢。鹏辉能源董秘：您好！公司申请了固态电池相关专利，您可以通过国家知识产权局官网等相关网站进行查询。目前公司开始进一步优化迭代固态电池性能，并在推动固态电池中试和量产工作计划。感谢您的关注和建议！投资者：董秘您好，请问公司的电池是否可以用在消费电子上？比如手机，平板，智能设备上？鹏辉能源董秘：您好！据了解，公司几乎是世界上消费电池品种最全的公司。感谢您的关注！投资者：请问公司在消费电子是否有应用，客户群体主要有哪些？鹏辉能源董秘：您好！公司的主要业务为锂离子电池、一次电池（锂铁电池、锂锰电池等）的研发、生产和销售，下游主要应用领域为储能、新能源汽车、消费数码等领域。公司消费电池的主要客户有HARMAN、Honeywell、PHILIPS、小米、传音等。感谢您的关注！投资者：董秘您好！请问公司的固态电池技术是否已经申请了专利？谢谢！鹏辉能源董秘：您好！公司申请了固态电池相关专利，您可以通过国家知识产权局官网等相关网站进行查询。感谢您的关注！投资者：当下，公司的全固态电池有无取得国家的3C认证，若有，是何时取得的？若无，计划何时申请认证？鹏辉能源董秘：您好！公司会确保各产品符合各项质量要求，并做好相关认证工作。感谢您的关注！投资者：你好，请问贵司会参加2024年动力电池大会吗？如果会的话，具体参会参展产品有那些？是否会安排贵司的一代全固态电池二次亮相呢？鹏辉能源董秘：您好！公司没有参加本次动力电池大会，但参加了9月2日到4日在上海国家会展中心举行的第三届EESA储能展，在展会上展出了公司最新发布的第一代固态电池。感谢您的关注！投资者：公司全固态电池取得重大突破，预计2025年启动中试研发并小规模生产，2026年将正式建立产线并批量生产。网传公司先后与电动垂直起降飞行器（eVTOL）企业及新能源汽车整车企业进行了洽谈，拟开展战略合作并设立合资公司。请问是否属实？麻烦介绍一下，谢谢！鹏辉能源董秘：您好！感谢您的关注！投资者：公司固态电池在未来市场中的应用前景如何？有何优势？麻烦介绍一下。鹏辉能源董秘：您好！公司未来全固态电池技术应用领域包括但不限于消费电子产品、民商用无人机、eVTOL飞行器、动力等领域。核心优势是解决客户痛点。安全性能方面，得益于自研的复合固态电解质、高导热添加剂、自动安全机制三重安全防线，鹏辉能源第一代固态电池可以通过最严苛的针刺试验，不可燃的固态电解质加上“自动安全机制”的耦合，鹏辉能源真正做到了人们期望中固态电池的性能：本质安全。温域方面，公司自研的第一代固态电池，宽温域性能优异，在-20℃~85℃温度环境，均可进行充放电循环，做到了真正的宽温域应用，实现了极端环境下正常工作，着力解决客户痛点。感谢您的关注！投资者：董秘：公司全固态电池生产线是在现有厂房设备基础上通过技改或设备更新，还是新建？全固态电池产线规划如何？麻烦介绍一下。鹏辉能源董秘：您好！预计将来上固态电池生产线时要对原有生产线做较大比例调整或者直接上新线。目前公司已开始进一步优化迭代固态电池性能，并在推动固态电池中试和量产工作计划。感谢您的关注！投资者：请问贵公司全固态电池技术有自主知识产权并申请专利了吗？鹏辉能源董秘：您好！公司申请了固态电池相关专利，您可以通过国家知识产权局官网等相关网站进行查询。感谢您的关注！投资者：公司发布全固态电池安全性绝对好且成本只比现有电高15%，多付15%电池成不到一万元就能买到安全消费者肯定乐意接受甚至是迫切的需求！公司是否已经在做中试和批量生产的准备？鹏辉能源董秘：您好。目前公司已开始进一步优化迭代固态电池性能，并在推动固态电池中试和量产工作计划。感谢您的关注！投资者：请问公司的固态电池有没有3C认证?鹏辉能源董秘：您好！公司会确保各产品符合各项质量要求，并做好相关认证工作。感谢您的关注！投资者：董秘:公司全固态电池在电动垂直起降飞行（eVTOL）、电动摩托车、电动汽车等场景应用情况如何?在快速充电与续航方面有何优势?麻烦介绍一下,谢谢!鹏辉能源董秘：您好！公司未来全固态电池技术应用领域包括但不限于消费电子产品、民商用无人机、eVTOL飞行器、动力等领域。感谢您的关注！投资者：您好！请告知截止8月30日盘后的股东人数，谢谢！鹏辉能源董秘：您好！截至2024年8月30公司股东总户数90,905户。感谢您的关注！投资者：请问第一代全固态电池的生产线，从开始建设，到建成，需要大约几个月？鹏辉能源董秘：您好！目前公司已开始进一步优化迭代固态电池性能，并在推动固态电池中试和量产工作计划。感谢您的关注！以上内容为证券之星据公开信息整理，由智能算法生成，不构成投资建议。",0,证券之星财经,5187193467,2024-09-04 12:20:18,0,0,0,27887,0,雪球,https://xueqiu.com/5187193467/303589529,2026-07-08 16:22:13
303841432,SH688646,ST逸飞,,逸飞激光：逸飞激光关于股东减持股份计划的公告 网页链接,0,ST逸飞(SH688646),0,2024-09-06 09:32:06,0,0,0,6136,0,公告,https://xueqiu.com/S/SH688646/303841432,2026-07-08 16:22:13
303841436,SH688646,ST逸飞,,逸飞激光：逸飞激光首次公开发行部分限售股上市流通公告 网页链接,0,ST逸飞(SH688646),0,2024-09-06 09:32:09,0,0,0,6146,0,公告,https://xueqiu.com/S/SH688646/303841436,2026-07-08 16:22:13
303841443,SH688646,ST逸飞,,逸飞激光：民生证券股份有限公司关于武汉逸飞激光股份有限公司首次公开发行部分限售股上市流通的核查意见 网页链接,0,ST逸飞(SH688646),0,2024-09-06 09:32:12,0,0,0,6831,0,公告,https://xueqiu.com/S/SH688646/303841443,2026-07-08 16:22:13
303842250,SH688646,ST逸飞,逸飞激光：股东怡珀新能源等计划合计减持不超4%,【逸飞激光：股东怡珀新能源等计划合计减持不超4%】财联社9月6日电，逸飞激光公告，股东怡珀新能源、海富长江、中比基金计划自公告披露之日起15个交易日结束后3个月内，分别减持不超过2%、1.33%、0.67%的公司股份。,0,财联社,7437424816,2024-09-06 09:40:16,0,1,1,23443,0,雪球,https://xueqiu.com/7437424816/303842250,2026-07-08 16:22:13
303843288,SH688646,ST逸飞,逸飞激光：约872.7万股限售股9月18日解禁,每经AI快讯，逸飞激光（SH 688646，收盘价：24.25元）9月6日晚间发布公告称，公司限售股份约872.7万股将于2024年9月18日解禁并上市流通，占公司总股本比例为9.17%。 2023年1至12月份，逸飞激光的营业收入构成为：锂电池占比96.68%，其他占比2.51%。 截至发稿，逸飞激光市值为23亿元。 道达号（daoda1997）“个股趋势”提醒：1. 近30日内共有1批机构对逸飞激光调研，合计调研的机构家数为42家。 每经头条（nbdtoutiao）—— (记者 王晓波) 免责声明：本文内容与数据仅供参考，不构成投资建议，使用前请核实。据此操作，风险自担。 每日经济新闻,0,每日经济新闻,4642157440,2024-09-06 09:50:41,0,0,0,17722,0,雪球,https://xueqiu.com/4642157440/303843288,2026-07-08 16:22:13
303853157,SH688646,ST逸飞,逸飞激光：8726956股限售股将于9月18日上市流通,证券日报网讯 9月6日晚间，逸飞激光发布首次公开发行部分限售股上市流通公告称，本次股票上市类型为公司首发限售股份；股票认购方式为网下，本次股票上市流通总数为8726956股。本次股票上市流通日期为2024年9月18日。（编辑 王雪儿）,0,证券日报,8353550788,2024-09-06 12:00:07,0,0,0,21104,0,雪球,https://xueqiu.com/8353550788/303853157,2026-07-08 16:22:12
303854584,SH688646,ST逸飞,逸飞激光：9月4日至9月6日高管赵来根增持股份合计5.5万股,证券之星消息，根据9月6日市场公开信息、上市公司公告及交易所披露数据整理，逸飞激光（688646）最新董监高及相关人员股份变动情况：2024年9月4日至2024年9月6日公司董事赵来根共增持公司股份5.5万股，占公司总股本为0.0578%。变动期间公司股价下跌3.27%，9月6日当日收盘报24.25元。逸飞激光近半年内的董监高及核心技术人员增减持详情如下：逸飞激光的高管列表及最新持股情况如下：融资融券数据显示该股近5日融资净流出282.39万，融资余额减少；融券净流入0.0，融券余额增加。该股最近90天内无机构评级。以上内容为证券之星据公开信息整理，由智能算法生成，不构成投资建议。,0,证券之星财经,5187193467,2024-09-06 12:20:51,0,0,0,23123,0,雪球,https://xueqiu.com/5187193467/303854584,2026-07-08 16:22:12
303856766,SH688646,ST逸飞,【风口解读】逸飞激光多位大股东拟合计减持不超4%，年内股价跌超33%,"泡财经获悉，9月6日晚间，逸飞激光（688646.SH）公告，股东怡珀新能源、海富长江、中比基金计划自公告披露之日起15个交易日结束后3个月内，分别减持不超过2%、1.33%、0.67%的公司股份。逸飞激光主营业务是从事精密激光加工智能装备研发、设计、生产和销售。主要产品是锂电池电芯自动装配线、模组/PACK自动装配线。当前公司股价低迷，今年以来已累计下跌33.2%。今年上半年，公司实现营业收入3.49亿元，同比增长11.25%；归母净利润4038.21万元，同比增长11.93%。值得注意的是，公司不久前才迎来巨额限售股解禁。也就是说，刚解禁，原始股东们就迫不及待减持。7月19日晚间，公司公告部分限售股即将解禁上市，本次解除限售股份的数量为2839.08万股，占公司发行总股本的29.83%，本次解除限售的股份上市流通日期为2024年7月29日，解禁股类型为首发原股东限售股份,首发战略配售股份。（本文数据来源：同花顺iFinD等）",0,泡財經,3124808626,2024-09-06 12:55:43,0,0,0,26457,0,雪球,https://xueqiu.com/3124808626/303856766,2026-07-08 16:22:12
303868065,SH688646,ST逸飞,逸飞激光董事赵来根增持3.5万股，增持金额86.17万元,每经AI快讯，据上交所官网，2024年9月6日，逸飞激光（SH 688646，收盘价：24.25元）董事赵来根通过二级市场买卖，增持公司3.5万股，成交均价24.62元/股，增持86.17万元。 (记者 曾健辉) 免责声明：本文内容与数据仅供参考，不构成投资建议，使用前请核实。据此操作，风险自担。 每日经济新闻,0,每日经济新闻,4642157440,2024-09-06 15:30:15,0,1,0,31257,0,雪球,https://xueqiu.com/4642157440/303868065,2026-07-08 16:22:12
304072244,SH688646,ST逸飞,逸飞激光：9月9日高管赵来根增持股份合计3万股,证券之星消息，根据9月9日市场公开信息、上市公司公告及交易所披露数据整理，逸飞激光（688646）最新董监高及相关人员股份变动情况：2024年9月9日公司董事赵来根共增持公司股份3.0万股，占公司总股本为0.0315%。变动期间公司股价上涨2.23%，9月9日当日收盘报24.79元。逸飞激光近半年内的董监高及核心技术人员增减持详情如下：逸飞激光的高管列表及最新持股情况如下：融资融券数据显示该股近5日融资净流出275.78万，融资余额减少；融券净流入0.0，融券余额增加。该股最近90天内无机构评级。以上内容为证券之星据公开信息整理，由智能算法生成，不构成投资建议。,0,证券之星财经,5187193467,2024-09-09 12:20:23,0,0,0,24959,0,雪球,https://xueqiu.com/5187193467/304072244,2026-07-08 16:22:12
304088456,SH688646,ST逸飞,逸飞激光董事赵来根增持3万股，增持金额70.95万元,每经AI快讯，据上交所官网，2024年9月9日，逸飞激光（SH 688646，收盘价：24.79元）董事赵来根通过二级市场买卖，增持公司3万股，成交均价23.65元/股，增持70.95万元。 (记者 曾健辉) 免责声明：本文内容与数据仅供参考，不构成投资建议，使用前请核实。据此操作，风险自担。 每日经济新闻,0,每日经济新闻,4642157440,2024-09-09 15:30:09,0,0,0,28007,0,雪球,https://xueqiu.com/4642157440/304088456,2026-07-08 16:22:12
304190338,SH688646,ST逸飞,,逸飞激光：逸飞激光关于以集中竞价交易方式回购公司股份比例达到总股本3%暨回购进展公告 网页链接,0,ST逸飞(SH688646),0,2024-09-10 09:04:05,0,0,0,6226,0,公告,https://xueqiu.com/S/SH688646/304190338,2026-07-08 16:22:12
304207915,SH688646,ST逸飞,逸飞激光：累计回购股份3049116股,证券日报网讯 9月10日晚间，逸飞激光发布公告称，2024年2月2日至2024年9月9日，公司通过上海证券交易所交易系统以集中竞价交易方式累计回购公司股份3，049，116股，占公司总股本的3.20%。（编辑 郭之宸）,0,证券日报,8353550788,2024-09-10 12:30:08,0,0,0,27833,0,雪球,https://xueqiu.com/8353550788/304207915,2026-07-08 16:22:12
304590984,SH688646,ST逸飞,提质增效 逸飞激光锻造大储电池系统装配“最优解”,会议倒计时68天 2024高工锂电年会 暨高工金球奖颁奖典礼 主办单位：高工锂电、高工产业研究院（GGII） 协办单位：瑞能股份 总冠名：海目星激光 专场冠名：德福科技、英联复合集流体、逸飞激光、锐科激光、欧科工业空调、华视控股、埃斯顿自动化 金球奖全程特约赞助：思客琦 产品发布会：尚水智能 年会时间：2024年11月20-22日 年会地点：深圳前海华侨城JW万豪酒店 基于314Ah电芯的5MWh储能系统集装箱，正在成为国内大储厂商的“标配”。 一方面，314Ah储能电芯兼具度电成本更低、BMS管理精度更高、装配简化程度高等显著优势，成为各大集成商优先选择的产品。据悉，目前行业内超90%的电池企业均是以314Ah电芯产品进行投标。 另一方面，储能招投标风向也在发生改变，配套工商业储能产品需求渐起，通过替换314Ah电芯实现产品性能升级，以进入新一轮的市场竞争。因此，314Ah电芯的采购力度不断加大。 预计今年年底，314Ah储能电芯的市占率将达到50%。同时，储能电池包的组装从52S（52个电池串联）向104S（104个电池串联）也成为行业新的风向标。 大储需求持续上行，国内大储招标、中标、并网数据持续高增，带动了储能系统集成商对大储产品装备的旺盛需求，大容量电芯加速迭代，5MWh储能系统风向带来的长PACK设计，也对储能系统的集成及盈利能力提出了更高要求。 在此背景下，深耕新能源电池智能制造装备研发、生产多年的逸飞激光，锚准储能赛道新风向，开启新的锂电设备增长点。 高工锂电注意到，逸飞激光于近期推出了适用于集装箱式储能电池系统的电池模组PACK装配线系列解决方案，该产线适用于104S、52S等集装箱储能电池包的组装需求，聚焦大容量电池包的高质量、高效率装配，提升规模经济效益。 该产线适用于100-320Ah方形储能电池包的装配，覆盖电芯处理、模组PACK装配核心工段，提供OCV测试、电芯分选、激光清洗、电芯堆叠、汇流排焊接等工艺及设备。通过提升装配效率、缩短装配流程、减少电池包物料等方式，同等系统电能容量下大幅降低生产成本，达成储能系统建设成本与容量的最优平衡。 储能电池系统装配线布局图 据悉，逸飞激光拥有成熟且系列化的储能电池系统装配线方案，能够串联从电芯装配至集装箱组装的全套工艺流程，兼顾系统性能、成本、可靠性及安全性，满足多场景应用需求，综合优势明显： 1、高柔性系统设计，可实现快速换型 整线采用标准化模块化设计，可实现整线、单元、模块的三级柔性设计。采用柔性工装技术，夹具等模块可独立运作，灵活配置，便于调整和替换，快速实现换型生产，兼容多型号、多尺寸产品，支持并/混线生产。 柔性生产模块 2、高精度加工，整线数字化检测 整线采用了包括视觉定位、AI视觉检测、焊中检测、OCV测试等数字化检测手段，实现高精度加工。同时结合独立压紧、随动焊接技术，实现了模组汇流排的高一致性焊接加工，提升了电池系统的可靠性和安全性。 自适应焊接系统 3、整厂智能化管理，实现精细化控制 配置智慧仓储和物流管理系统、通过MES、WMS等智能化软件系统的管理，对生产过程、产品质量、库存信息、批次信息等进行全方位数字化管控。通过数字孪生系统可实现关键点位可视化管理，通过人机协作融合，实现全流程、多系统的统筹调度、集中控制、高效衔接及动态优化，打造智能化数字化工厂。 MES系统可视化数据大屏 4、自动化水平高，实现提质增效 模组自动化率90%以上，PACK和集装箱装配关键工位均实现自动化装配。整线可配置AGV小车，覆盖原材料/电芯出入库、模组PACK装配、成品/辅料缓存、集装箱输送等核心操作场景，协同物流机器人联动运输网络，大幅减少人力投入及人工失误，适应高负荷、全天候工作，提升作业效率。 5、布局多样化，空间利用率高 支持物流输送线连续式，或AGV小车离散式多种产线布局，可根据车间场地灵活机动设计整线方案，提升空间利用率，最大化节约生产资源，降低人员投入及能耗，助力精益生产。 多种物流产线布局 高工锂电注意到，在近期举行的中国国际储能展上，逸飞激光现场展示了储能电芯及各类电池模组PACK装配整体解决方案、新能源工厂智慧物流系统及大数据平台等系列产品和方案，适用于源网测大型储能、工商业储能以及户用储能电池系统智能装配的多维需求。 据悉，目前逸飞激光储能电池智能装配系列产品广泛应用于户储/工商储/大储集装箱产品，已服务于多家储能行业知名企业，为新型储能系统建设及规模化发展打通路径。 逸飞激光表示，未来公司将持续筑牢储能装配领域技术优势，助力更多储能项目落地开花，助推新能源产业发展驶入“快车道”。 高工锂电分析认为，依托实力雄厚的研发团队、融合智能化生产工艺技术，以及敏锐的市场感知和洞察力，逸飞激光展示了其在产品开发迭代、深化工艺创新方面的综合实力。 考虑到大储/工商储市场需求持续扩大，且越来越多地方开始支持用户侧储能，314Ah及更大容量的电芯渗透将逐步加快，能够在制造端赋能储能企业提升经济性的装备企业，也将持续获益。,0,高工锂电,7862386466,2024-09-13 08:35:58,0,1,0,41470,2,雪球,https://xueqiu.com/7862386466/304590984,2026-07-08 16:22:12
304613171,SH688646,ST逸飞,逸飞激光：9月12日至9月13日高管赵来根增持股份合计10.5万股,证券之星消息，根据9月13日市场公开信息、上市公司公告及交易所披露数据整理，逸飞激光（688646）最新董监高及相关人员股份变动情况：2024年9月12日至2024年9月13日公司董事赵来根共增持公司股份10.5万股，占公司总股本为0.1103%。变动期间公司股价下跌4.67%，9月13日当日收盘报23.87元。逸飞激光近半年内的董监高及核心技术人员增减持详情如下：逸飞激光的高管列表及最新持股情况如下：融资融券数据显示该股近5日融资净流出81.5万，融资余额减少；融券净流入0.0，融券余额增加。该股最近90天内无机构评级。以上内容为证券之星据公开信息整理，由智能算法生成，不构成投资建议。,0,证券之星财经,5187193467,2024-09-13 12:10:18,0,0,0,29086,0,雪球,https://xueqiu.com/5187193467/304613171,2026-07-08 16:22:12
304626151,SH688646,ST逸飞,逸飞激光董事赵来根增持8.5万股，增持金额206.38万元,每经AI快讯，据上交所官网，2024年9月13日，逸飞激光董事赵来根通过二级市场买卖，增持公司8.5万股，成交均价24.28元/股，增持206.38万元。 (记者 曾健辉) 免责声明：本文内容与数据仅供参考，不构成投资建议，使用前请核实。据此操作，风险自担。 每日经济新闻,0,每日经济新闻,4642157440,2024-09-13 14:40:10,0,0,0,29536,0,雪球,https://xueqiu.com/4642157440/304626151,2026-07-08 16:22:12
304822749,SH688646,ST逸飞,逸飞激光（688646）872.7万股限售股将于9月18日解禁，占总股本9.17%,"证券之星消息，根据市场公开信息整理，逸飞激光（688646）于9月18日将有872.7万股限售股份解禁，为公司首发原股东限售股份，占公司总股本9.17%。（本次数据根据历史公告整理得出,实际情况以上市公司最新公告为准）最近一年内，该股累计解禁2953.4万股，占总股本的31.04%。本次解禁后，公司还有3901.23万股限售股份，占总股本41.0%。具体如下图所示：本次解禁涉及股东明细见下表：逸飞激光财务数据及主营业务：逸飞激光2024年中报显示，公司主营收入3.49亿元，同比上升11.25%；归母净利润4038.21万元，同比上升11.93%；扣非净利润2654.63万元，同比下降1.87%；其中2024年第二季度，公司单季度主营收入2.29亿元，同比上升15.01%；单季度归母净利润2454.15万元，同比下降10.44%；单季度扣非净利润1780.48万元，同比下降15.29%；负债率35.63%，投资收益689.32万元，财务费用102.35万元，毛利率28.5%。逸飞激光（688646）主营业务：从事精密激光加工智能装备研发、设计、生产和销售。以上内容为证券之星据公开信息整理，由智能算法生成，不构成投资建议。",0,证券之星财经,5187193467,2024-09-18 00:20:07,0,0,0,26077,0,雪球,https://xueqiu.com/5187193467/304822749,2026-07-08 16:22:12
304891885,SH688646,ST逸飞,逸飞激光：公司拥有一支经验丰富、研发能力突出的研发团队，并建立了工程技术研究院，构建了“技术创新...,同花顺（300033）金融研究中心09月18日讯，有投资者向逸飞激光提问， 公司在研项目“超快激光精密加工技术研究及产业化”提出“提升精度突破微米级，推进超快激光在微焊接、切割、剥离、划线等精密加工或冷加工领域应用”。突破微米级超快激光技术特别适用于加工高硬度、高脆性的材料，如半导体晶圆、特种合金、精密医疗器件、柔性显示屏、玻璃、陶瓷、蓝宝石等。请问：超快激光技术与公司现有技术有共性吗？公司现有研发力量是否足够？建议公司加大对突破微米级超快激光精密技术的研发投入。 谢谢！ 公司回答表示，尊敬的投资者您好！超快激光具有高精度、高稳定性、高效率等特征，在新能源电池、精密电子、新型材料、半导体等精密加工方面有着显著的优势。公司拥有一支经验丰富、研发能力突出的研发团队，并建立了工程技术研究院，构建了“技术创新-工程转化-分析测试”的一体化平台，研发投入也不断提升，有充足的研发实力去进行新兴技术及工艺的研发攻关。感谢您的关注及建议。 点击进入交易所官方互动平台查看更多,0,ST逸飞(SH688646),0,2024-09-18 08:04:21,1,0,0,5130,0,新闻,https://xueqiu.com/S/SH688646/304891885,2026-07-08 16:22:12
305028335,SH688646,ST逸飞,9月19日逸飞激光现1002.29万元大宗交易,证券之星消息，9月19日逸飞激光发生大宗交易，交易数据如下：近三个月该股共发生5笔大宗交易，合计成交6651.0手，折价成交5笔。该股在过去半年内已有共计3711.78万股限售解禁股上市，占公司总股本的39.0%。截至2024年9月19日收盘，逸飞激光(688646)报收于23.85元，上涨0.72%，换手率0.68%，成交量3813.0手，成交额910.46万元。该股最近90天内无机构评级。以上内容为证券之星据公开信息整理，由智能算法生成，不构成投资建议。,0,证券之星财经,5187193467,2024-09-19 09:50:20,0,0,0,23024,0,雪球,https://xueqiu.com/5187193467/305028335,2026-07-08 16:22:12
305155746,SH688646,ST逸飞,,逸飞激光：逸飞激光关于调整2024年半年度利润分配方案每股分配比例的公告 网页链接,0,ST逸飞(SH688646),0,2024-09-20 09:41:04,0,0,0,4504,0,公告,https://xueqiu.com/S/SH688646/305155746,2026-07-08 16:22:12
305167751,SH688646,ST逸飞,逸飞激光：9月18日高管赵来根增持股份合计1.5万股,证券之星消息，根据9月20日市场公开信息、上市公司公告及交易所披露数据整理，逸飞激光（688646）最新董监高及相关人员股份变动情况：2024年9月18日公司董事赵来根共增持公司股份1.5万股，占公司总股本为0.0158%。变动期间公司股价下跌0.8%，9月18日当日收盘报23.68元。逸飞激光近半年内的董监高及核心技术人员增减持详情如下：逸飞激光的高管列表及最新持股情况如下：融资融券数据显示该股近5日融资净流出40.51万，融资余额减少；融券净流入0.0，融券余额增加。该股最近90天内无机构评级。以上内容为证券之星据公开信息整理，由智能算法生成，不构成投资建议。,0,证券之星财经,5187193467,2024-09-20 12:10:07,0,0,0,22500,0,雪球,https://xueqiu.com/5187193467/305167751,2026-07-08 16:22:12
305179674,SH688646,ST逸飞,逸飞激光董事赵来根增持1.5万股，增持金额35.22万元,每经AI快讯，据上交所官网，2024年9月18日，逸飞激光（SH 688646，收盘价：23.07元）董事赵来根通过二级市场买卖，增持公司1.5万股，成交均价23.48元/股，增持35.22万元。 (记者 曾健辉) 免责声明：本文内容与数据仅供参考，不构成投资建议，使用前请核实。据此操作，风险自担。 每日经济新闻,0,每日经济新闻,4642157440,2024-09-20 15:00:08,0,0,0,32851,0,雪球,https://xueqiu.com/4642157440/305179674,2026-07-08 16:22:12
305496605,SH688646,ST逸飞,9月24日逸飞激光现4笔折价11.53%的大宗交易 合计成交1182.98万元,证券之星消息，9月24日逸飞激光发生大宗交易，交易数据如下：近三个月该股共发生9笔大宗交易，合计成交1.23万手，折价成交9笔。该股在过去半年内已有共计3711.78万股限售解禁股上市，占公司总股本的39.0%。截至2024年9月24日收盘，逸飞激光(688646)报收于23.5元，上涨2.84%，换手率1.26%，成交量7100.0手，成交额1658.69万元。该股最近90天内无机构评级。以上内容为证券之星据公开信息整理，由智能算法生成，不构成投资建议。,0,证券之星财经,5187193467,2024-09-24 09:40:51,0,1,0,21559,0,雪球,https://xueqiu.com/5187193467/305496605,2026-07-08 16:22:12
305683231,SH688646,ST逸飞,逸飞激光出资490万元成立武汉逸飞私募基金管理有限公司，持股49%,天眼查工商信息显示，近日，武汉逸飞激光股份有限公司出资490万元成立武汉逸飞私募基金管理有限公司，持股49%，所属行业为资本市场服务。 资料显示，武汉逸飞私募基金管理有限公司成立于2024年8月28日，法定代表人为焦伟，注册资本1000万人民币，公司位于武汉市，私募股权投资基金管理、创业投资基金管理服务(须在中国证券投资基金业协会完成登记备案后方可从事经营活动)。(除许可业务外，可自主依法经营法律法规非禁止或限制的项目)。,0,ST逸飞(SH688646),0,2024-09-25 20:44:20,0,0,0,4454,0,新闻,https://xueqiu.com/S/SH688646/305683231,2026-07-08 16:22:12
306057314,SH688646,ST逸飞,逸飞激光：9月27日高管赵来根增持股份合计4万股,证券之星消息，根据9月27日市场公开信息、上市公司公告及交易所披露数据整理，逸飞激光（688646）最新董监高及相关人员股份变动情况：2024年9月27日公司董事赵来根共增持公司股份4.0万股，占公司总股本为0.042%。变动期间公司股价上涨5.31%，9月27日当日收盘报25.6元。逸飞激光近半年内的董监高及核心技术人员增减持详情如下：逸飞激光的高管列表及最新持股情况如下：融资融券数据显示该股近5日融资净流入157.28万，融资余额增加；融券净流入0.0，融券余额增加。该股最近90天内无机构评级。以上内容为证券之星据公开信息整理，由智能算法生成，不构成投资建议。,0,证券之星财经,5187193467,2024-09-27 12:10:26,0,0,0,17443,0,雪球,https://xueqiu.com/5187193467/306057314,2026-07-08 16:22:12
306075760,SH688646,ST逸飞,逸飞激光董事赵来根增持4万股，增持金额102.2万元,每经AI快讯，据上交所官网，2024年9月27日，逸飞激光（SH 688646，收盘价：25.6元）董事赵来根通过二级市场买卖，增持公司4万股，成交均价25.55元/股，增持102.2万元。 (记者 曾健辉) 免责声明：本文内容与数据仅供参考，不构成投资建议，使用前请核实。据此操作，风险自担。 每日经济新闻,0,每日经济新闻,4642157440,2024-09-27 15:10:15,0,0,0,18721,0,雪球,https://xueqiu.com/4642157440/306075760,2026-07-08 16:22:10
306879821,SH688646,ST逸飞,,逸飞激光：逸飞激光关于以集中竞价交易方式回购公司股份的进展公告 网页链接,0,ST逸飞(SH688646),0,2024-10-07 07:34:10,0,0,0,3530,0,公告,https://xueqiu.com/S/SH688646/306879821,2026-07-08 16:22:10
307119382,SH688646,ST逸飞,逸飞激光：9月30日高管赵来根增持股份合计9万股,证券之星消息，根据10月8日市场公开信息、上市公司公告及交易所披露数据整理，逸飞激光（688646）最新董监高及相关人员股份变动情况：2024年9月30日公司董事赵来根共增持公司股份9.0万股，占公司总股本为0.0946%。变动期间公司股价上涨14.41%，9月30日当日收盘报29.29元。逸飞激光近半年内的董监高及核心技术人员增减持详情如下：逸飞激光的高管列表及最新持股情况如下：融资融券数据显示该股近5日融资净流入755.45万，融资余额增加；融券净流入0.0，融券余额增加。该股最近90天内无机构评级。以上内容为证券之星据公开信息整理，由智能算法生成，不构成投资建议。,0,证券之星财经,5187193467,2024-10-08 12:30:10,0,0,0,11830,0,雪球,https://xueqiu.com/5187193467/307119382,2026-07-08 16:22:10
307145655,SH688646,ST逸飞,逸飞激光董事赵来根增持9万股，增持金额247.05万元,每经AI快讯，据上交所官网，2024年9月30日，逸飞激光董事赵来根通过二级市场买卖，增持公司9万股，成交均价27.45元/股，增持247.05万元。 (记者 曾健辉) 免责声明：本文内容与数据仅供参考，不构成投资建议，使用前请核实。据此操作，风险自担。 每日经济新闻,0,每日经济新闻,4642157440,2024-10-08 16:00:40,0,0,0,16232,0,雪球,https://xueqiu.com/4642157440/307145655,2026-07-08 16:22:10
307329629,SH688646,ST逸飞,,逸飞激光：逸飞激光关于董事、副总经理增持股份计划实施完成的公告 网页链接,0,ST逸飞(SH688646),0,2024-10-09 10:17:02,0,0,0,3767,0,公告,https://xueqiu.com/S/SH688646/307329629,2026-07-08 16:22:10
307368803,SH688646,ST逸飞,逸飞激光董事赵来根增持4.32万股，增持金额151.59万元,每经AI快讯，据上交所官网，2024年10月8日，逸飞激光（SH 688646，收盘价：29.5元）董事赵来根通过二级市场买卖，增持公司4.32万股，成交均价35.09元/股，增持151.59万元。 (记者 曾健辉) 免责声明：本文内容与数据仅供参考，不构成投资建议，使用前请核实。据此操作，风险自担。 每日经济新闻,0,每日经济新闻,4642157440,2024-10-09 15:10:18,0,0,0,22792,0,雪球,https://xueqiu.com/4642157440/307368803,2026-07-08 16:22:10
307505974,SH688646,ST逸飞,逸飞激光46系大圆柱电池量产线进入规模化交付阶段,逸飞激光深耕圆柱全极耳电池装备领域15年，自主创新核心技术，率先突破圆柱全极耳电池制造工艺与装备技术难题，推出圆柱全极耳电芯装配系列设备，具备高效率、高良率、高智能化等优势，成为众多头部电池企业和车企的首选，入选国家级制造业单项冠军产品。 针对4680等46系大圆柱电池，逸飞激光推出了直线式、转塔式、磁悬浮式和组合式等多种激光封装产线。近期，逸飞激光46系大圆柱电池量产线迎来千PPM级批量交付，陆续下线50/120/150/240/300/360PPM等多条量产线。 逸飞激光46系大圆柱电池产线已应用于4680/4695/46120等46系主流电芯规格，全面适用于46系三元锂电池、磷酸铁锂电池量产，也涵盖了双通/单通不同工艺路径的装备需求，助力多家电池企业实现46系大圆柱电池的规模化量产，加速46系大圆柱电池规模化应用。 CBIS 2024 2024年11月18日-20日，由中国化学与物理电源行业协会和电池中国网联合主办的“第九届动力电池应用国际峰会(CBIS2024)”将在上海召开，峰会以“向新·融合——开创产业合作新时代”为主题。逸飞激光重点支持本届峰会，并将派代表在会议期间发表主题演讲。敬请关注!,0,用户3105890754,3105890754,2024-10-10 08:42:39,0,0,0,17114,0,雪球,https://xueqiu.com/3105890754/307505974,2026-07-08 16:22:10
307511252,SH688646,ST逸飞,逸飞激光：设备更新政策有利于扩大市场需求，预计将对公司产生积极影响,同花顺（300033）金融研究中心10月10日讯，有投资者向逸飞激光提问， 9月20日工信部印发《工业重点行业领域设备更新和技术改造指南的通知》，其中指出，“锂电池行业设备更新目标为：重点推动产线迭代升级和自动化智能化改造，提升整线直通率、单机生产效率、设备控制精度、能源利用效率”。请问该通知对公司发展是否有利？有利的话主要表现在哪些方面？公司如何看待新能源电池“产能过剩”及如何把握优质产能？在新能源电池设备供应商中公司是否具有核心竞争力、产品优势、客户优势？谢谢！ 公司回答表示，尊敬的投资者您好！设备更新政策有利于扩大市场需求，预计将对公司产生积极影响。公司始终坚持创新与质量双驱动，推动并引领高速、高精度、低能耗的激光高端装备发展。未来，公司将积极把握锂电设备更新机遇，持续加大研发投入，推动技术工艺创新和产品智能化、绿色化升级。感谢您的关注。 点击进入交易所官方互动平台查看更多,0,ST逸飞(SH688646),0,2024-10-10 09:16:27,0,0,0,3556,0,新闻,https://xueqiu.com/S/SH688646/307511252,2026-07-08 16:22:10
307511637,SH688646,ST逸飞,逸飞激光：锂电设备的使用寿命一般在5-10年左右,同花顺（300033）金融研究中心10月10日讯，有投资者向逸飞激光提问， 请问锂电设备的使用寿命一般为多少年？近日工信部《工业重点行业领域设备更新和技术改造指南的通知》指出，“锂电池行业设备更新目标为：重点推动产线迭代升级和自动化智能化改造，提升整线直通率、单机生产效率、设备控制精度、能源利用效率”。前几年锂电设备将逐步到使用寿命需进行更新。此外，业内预计26年左右固态电池进入量产需大量设备。请问公司的技术、产品在锂电池设备更新周期中是否有核心竞争力和领先优势？谢谢！ 公司回答表示，尊敬的投资者您好！锂电设备的使用寿命一般在5-10年左右，由于电池技术不断创新发展，设备技术也在不断迭代升级，为了适应新技术、新工艺的发展、保持产线的竞争力和生产效率，电池厂商多会提前对锂电设备进行相应的更新或者升级，以更好满足市场需求。公司能提供从整线设备到智慧物流、仓储的一体化解决方案，产品具备高效率、高精度、高良率、低能耗等优势。同时，公司重点布局圆柱全极耳技术，并积极关注半固态/固态、钠电等新兴电池技术的发展动态和趋势，根据市场需求研发并升级相应激光封装工艺以及新型设备，助推新技术规模化量产应用。感谢您的关注。 点击进入交易所官方互动平台查看更多,0,ST逸飞(SH688646),0,2024-10-10 09:19:17,0,0,0,3949,0,新闻,https://xueqiu.com/S/SH688646/307511637,2026-07-08 16:22:10
307519967,SH688646,ST逸飞,逸飞激光： 设备更新政策有利于扩大市场需求，预计将对公司产生积极影响,证券之星消息，逸飞激光(688646)10月10日在投资者关系平台上答复投资者关心的问题。投资者：经了解，突破微米级超快激光精密加工技术特别适用于加工高硬度、高脆性的材料，如应用于手机折叠屏加工。在半导体晶圆加工以及芯片制造上，超快激光精密加工技术在微米级别的突破，为光刻机的技术进步提供了新的方向，这种技术的应用将有助于推动芯片制造技术的进步。请问公司“提升精度突破微米级”的在研项目“超快激光精密加工技术研究及产业化”的主要应用前景有哪些？有涉及手机折叠屏、光刻机等研发应用方向吗？谢谢！逸飞激光董秘：尊敬的投资者您好！公司的在研项目“超快激光精密加工技术研究及产业化”主要应用在新能源电池、精密电子、新型材料、半导体等精密加工领域。感谢您的关注。投资者：9月20日工信部印发《工业重点行业领域设备更新和技术改造指南的通知》，其中指出，“锂电池行业设备更新目标为：重点推动产线迭代升级和自动化智能化改造，提升整线直通率、单机生产效率、设备控制精度、能源利用效率”。请问该通知对公司发展是否有利？有利的话主要表现在哪些方面？公司如何看待新能源电池“产能过剩”及如何把握优质产能？在新能源电池设备供应商中公司是否具有核心竞争力、产品优势、客户优势？谢谢！逸飞激光董秘：尊敬的投资者您好！设备更新政策有利于扩大市场需求，预计将对公司产生积极影响。公司始终坚持创新与质量双驱动，推动并引领高速、高精度、低能耗的激光高端装备发展。未来，公司将积极把握锂电设备更新机遇，持续加大研发投入，推动技术工艺创新和产品智能化、绿色化升级。感谢您的关注。投资者：8月2日湖北省《关于推动激光产业高质量发展的实施意见》提出，鼓励有意愿有实力的龙头企业并购重组，整合产业上下游、研发机构等资源，全力打造百亿级世界一流激光企业。9月24日证监会发布《关于深化上市公司并购重组市场改革的意见》。请问公司近期有并购重组计划吗？建议公司围绕激光产业链、泛激光智能装备产业链，如半导体、人工智能、人形机器人、物联网等激光先进应用及新兴技术领域开展并购重组，做强做大公司业务。谢谢！逸飞激光董秘：尊敬的投资者您好！公司是《关于推动激光产业高质量发展的实施意见》的重要承载和支持企业，实施意见明确提及支持研发机构和公共服务平台的建设，进行关键技术攻关，推动技术与市场紧密结合；强化链式发展，推动强链补链，延伸产业链。公司将会积极把握相关政策机遇，推动建立业务与资本协同发展的机制，积极关注激光智能装备产业链以及其他新兴领域内的相关优质标的，通过参股、孵化、并购等方式，推动科技成果的引进、转化和产业应用助力主营业务升级与新业务拓展，促进公司高质量发展。感谢您的关注和宝贵意见。投资者：请问锂电设备的使用寿命一般为多少年？近日工信部《工业重点行业领域设备更新和技术改造指南的通知》指出，“锂电池行业设备更新目标为：重点推动产线迭代升级和自动化智能化改造，提升整线直通率、单机生产效率、设备控制精度、能源利用效率”。前几年锂电设备将逐步到使用寿命需进行更新。此外，业内预计26年左右固态电池进入量产需大量设备。请问公司的技术、产品在锂电池设备更新周期中是否有核心竞争力和领先优势？谢谢！逸飞激光董秘：尊敬的投资者您好！锂电设备的使用寿命一般在5-10年左右，由于电池技术不断创新发展，设备技术也在不断迭代升级，为了适应新技术、新工艺的发展、保持产线的竞争力和生产效率，电池厂商多会提前对锂电设备进行相应的更新或者升级，以更好满足市场需求。公司能提供从整线设备到智慧物流、仓储的一体化解决方案，产品具备高效率、高精度、高良率、低能耗等优势。同时，公司重点布局圆柱全极耳技术，并积极关注半固态/固态、钠电等新兴电池技术的发展动态和趋势，根据市场需求研发并升级相应激光封装工艺以及新型设备，助推新技术规模化量产应用。感谢您的关注。以上内容为证券之星据公开信息整理，由智能算法生成，不构成投资建议。,0,证券之星财经,5187193467,2024-10-10 10:20:21,0,0,0,14654,0,雪球,https://xueqiu.com/5187193467/307519967,2026-07-08 16:22:10
307522176,SH688646,ST逸飞,,逸飞激光：民生证券股份有限公司关于武汉逸飞激光股份有限公司差异化权益分派特殊除权除息事项的核查意见 网页链接,0,ST逸飞(SH688646),0,2024-10-10 10:41:01,0,0,0,3773,0,公告,https://xueqiu.com/S/SH688646/307522176,2026-07-08 16:22:10
307522179,SH688646,ST逸飞,,逸飞激光：逸飞激光2024年半年度权益分派实施公告 网页链接,0,ST逸飞(SH688646),0,2024-10-10 10:41:02,0,0,0,4082,0,公告,https://xueqiu.com/S/SH688646/307522179,2026-07-08 16:22:10
307522180,SH688646,ST逸飞,,逸飞激光：逸飞激光关于2024年半年度权益分派实施后调整回购股份价格上限的公告 网页链接,0,ST逸飞(SH688646),0,2024-10-10 10:41:02,0,0,0,5526,0,公告,https://xueqiu.com/S/SH688646/307522180,2026-07-08 16:22:10
307528183,SH688646,ST逸飞,逸飞激光46系大圆柱电池量产线迈向千PPM级交付,会议倒计时41天 2024高工锂电年会 暨高工金球奖颁奖典礼 主办单位：高工锂电、高工产业研究院（GGII） 协办单位：瑞能股份 总冠名：海目星激光 专场冠名：德福科技、英联复合集流体、汉嵙新材、逸飞激光、锐科激光、欧科工业空调、华视控股 金球奖全程特约赞助：思客琦 产品发布会：尚水智能 年会时间：2024年11月20-22日 年会地点：深圳前海华侨城JW万豪酒店 46系大圆柱电池吹响量产冲锋号。 设备端的反应最为敏感。高工锂电获悉，近期，逸飞激光46系大圆柱电池量产线迎来千PPM级批量交付，陆续下线50/120/150/240/300/360PPM等多条量产线。 目前，全球主流新能源汽车厂商、锂电池厂商纷纷布局大圆柱全极耳技术路径。在新能源汽车、储能、轻型车等市场，大圆柱全极耳电池已实现量产应用，46系大圆柱电池也进入加速量产阶段。 率先交付多条46系大圆柱全极耳电池量产线背后，投射出逸飞激光在该领域的技术力、产品力及市场竞争力： 一是，逸飞激光率先突破圆柱全极耳电池制造工艺与装备技术难题，领先推出圆柱全极耳电芯装配系列设备，产品可覆盖4680/4695/46120等46系主流电芯规格，并涵盖了双通/单通不同工艺路径的装备需求。 二是，针对4680等46系大圆柱电池，逸飞激光推出了直线式、转塔式、磁悬浮式和组合式等多种激光封装产线，可满足不同的客户需求。 三是，根据不同的应用场景，大圆柱全极耳电池拓展出三元、铁锂等多种材料体系的产品路径。逸飞激光的产品，可全面适用于46系三元锂电池、磷酸铁锂电池的量产。 从行业竞争力来看，逸飞激光深耕圆柱全极耳电池装备领域15年，公司圆柱全极耳电芯自动装配线良品率高达99.8%，产品技术、市场占有率等均处于国际领先水平，并入选了国家级制造业单项冠军产品。 目前，逸飞激光各个系列的大圆柱电芯装配线已实现批量交付，并助力多家电池企业实现46系大圆柱电池的规模化量产，加速46系大圆柱电池规模化应用。 高工锂电分析认为，大圆柱全极耳电池凭借高安全性、快充电、长寿命等产品性能优势，且生产效率更高、产品一致性更好、生产成本更低，可契合中高端新能源汽车、储能和eVTOL等多元化场景需求。未来，大圆柱全极耳电池也将成为主流的电池技术路径之一。 逸飞激光深耕布局大圆柱电芯装备领域，拥有自主创新核心技术，产品具备高效率、高良率、高智能化等优势，并率先实现量产线的规模化交付，有望在大圆柱全极耳电池装备持续增长态势中保持行业领先地位。,0,高工锂电,7862386466,2024-10-10 11:46:00,0,2,0,21572,1,雪球,https://xueqiu.com/7862386466/307528183,2026-07-08 16:22:10
307531707,SH688646,ST逸飞,逸飞激光：调整回购股份价格上限,证券日报网讯 10月10日晚间，逸飞激光发布公告称，本次回购股份价格上限由不超过人民币48.42元/股（含）调整为不超过人民币48.29元/股（含）。回购价格调整起始日：2024年10月17日（2024年半年度权益分派除权除息日）。（编辑 王雪儿）,0,证券日报,8353550788,2024-10-10 12:40:13,0,0,0,15580,0,雪球,https://xueqiu.com/8353550788/307531707,2026-07-08 16:22:10
307965236,SH688646,ST逸飞,逸飞激光：公司订单充裕，同比有一定幅度的增长,同花顺（300033）金融研究中心10月14日讯，有投资者向逸飞激光提问， 从半年报中看到，今年上半年公司合同负债较上年度末大幅增加，请问公司订单情况如何？ 公司回答表示，尊敬的投资者您好！今年上半年公司合同负债3.38亿元，较上年度末增长82.70%，公司订单充裕，同比有一定幅度的增长。感谢您的关注。 点击进入交易所官方互动平台查看更多,0,ST逸飞(SH688646),0,2024-10-14 07:50:51,0,0,0,3172,0,新闻,https://xueqiu.com/S/SH688646/307965236,2026-07-08 16:22:10
307979908,SH688646,ST逸飞,10月14日逸飞激光发生1笔大宗交易 成交金额288.9万元,证券之星消息，10月14日逸飞激光发生大宗交易，交易数据如下：大宗交易成交价格28.89元，相对当日收盘价折价1.5%，成交10万股，成交金额288.9万元，买方营业部为中信证券股份有限公司总部(非营业场所)，卖方营业部为中信建投证券股份有限公司武汉珞喻东路证券营业部。近三个月该股共发生10笔大宗交易，合计成交1.33万手，折价成交10笔。该股在过去半年内已有共计3711.78万股限售解禁股上市，占公司总股本的39.0%。截至2024年10月14日收盘，逸飞激光(688646)报收于29.33元，上涨4.04%，换手率1.46%，成交量8171.0手，成交额2359.42万元。该股最近90天内无机构评级。以上内容为证券之星据公开信息整理，由智能算法生成，不构成投资建议。,0,证券之星财经,5187193467,2024-10-14 09:30:27,0,0,0,15018,0,雪球,https://xueqiu.com/5187193467/307979908,2026-07-08 16:22:10
308134980,SH688646,ST逸飞,10月15日逸飞激光现562.6万元大宗交易,证券之星消息，10月15日逸飞激光发生大宗交易，交易数据如下：大宗交易成交价格28.13元，相对当日收盘价折价1.51%，成交20万股，成交金额562.6万元，买方营业部为东兴证券股份有限公司成都都江堰市迎宾路证券营业部，卖方营业部为中信建投证券股份有限公司武汉珞喻东路证券营业部。近三个月该股共发生11笔大宗交易，合计成交1.53万手，折价成交11笔。该股在过去半年内已有共计3711.78万股限售解禁股上市，占公司总股本的39.0%。截至2024年10月15日收盘，逸飞激光(688646)报收于28.56元，下跌2.63%，换手率1.79%，成交量1.01万手，成交额2942.31万元。该股最近90天内无机构评级。以上内容为证券之星据公开信息整理，由智能算法生成，不构成投资建议。,0,证券之星财经,5187193467,2024-10-15 09:30:34,0,0,0,17178,0,雪球,https://xueqiu.com/5187193467/308134980,2026-07-08 16:22:10
308456771,SH688646,ST逸飞,10月17日XD逸飞激发生1笔大宗交易 成交金额275.9万元,证券之星消息，10月17日XD逸飞激发生大宗交易，交易数据如下：大宗交易成交价格27.59元，相对当日收盘价折价1.39%，成交10万股，成交金额275.9万元，买方营业部为中信建投证券股份有限公司北京京西分公司，卖方营业部为中信建投证券股份有限公司武汉珞喻东路证券营业部。近三个月该股共发生12笔大宗交易，合计成交1.63万手，折价成交12笔。该股在过去半年内已有共计3711.78万股限售解禁股上市，占公司总股本的39.0%。截至2024年10月17日收盘，XD逸飞激(688646)报收于27.98元，上涨0.76%，换手率1.34%，成交量7506.0手，成交额2121.34万元。该股最近90天内无机构评级。以上内容为证券之星据公开信息整理，由智能算法生成，不构成投资建议。,0,证券之星财经,5187193467,2024-10-17 09:30:32,0,0,0,18555,0,雪球,https://xueqiu.com/5187193467/308456771,2026-07-08 16:22:10
308565111,SH688646,ST逸飞,,$逸飞激光(SH688646)$ 能不能来个重组,0,只想躺平炒股,9266758088,2024-10-18 04:25:01,2,0,0,21505,0,iPhone,https://xueqiu.com/9266758088/308565111,2026-07-08 16:22:10
308616436,SH688646,ST逸飞,,逸飞激光：逸飞激光关于合并持股5%以上股东持股比例降至5%以下的权益变动提示性公告 网页链接,0,ST逸飞(SH688646),0,2024-10-18 07:37:02,0,0,0,5335,0,公告,https://xueqiu.com/S/SH688646/308616436,2026-07-08 16:22:07
308616438,SH688646,ST逸飞,,逸飞激光：逸飞激光简式权益变动报告书 网页链接,0,ST逸飞(SH688646),0,2024-10-18 07:37:02,0,0,0,6148,0,公告,https://xueqiu.com/S/SH688646/308616438,2026-07-08 16:22:07
308633762,SH688646,ST逸飞,10月18日逸飞激光发布公告，其股东减持15.27万股,证券之星消息，10月18日逸飞激光发布公告《逸飞激光:逸飞激光关于合并持股5%以上股东持股比例降至5%以下的权益变动提示性公告》，其股东海富产业投资基金管理有限公司-海富长江成长股权投资(湖北)合伙企业(有限合伙)、中国-比利时直接股权投资基金于2024年10月9日至2024年10月17日间合计减持15.27万股，占公司目前总股本的0.1605%，变动期间该股股价下跌15.57%，截止10月17日收盘报27.98元。股东增减持详情见下表：根据逸飞激光2024年中报公布的十大股东详情如下：以上内容为证券之星据公开信息整理，由智能算法生成，不构成投资建议。,0,证券之星财经,5187193467,2024-10-18 09:20:11,0,0,0,21525,0,雪球,https://xueqiu.com/5187193467/308633762,2026-07-08 16:22:07
308760370,SH688646,ST逸飞,逸飞激光牵手松山湖材料实验室“谋局”固态电池关键技术突破,会议倒计时32天 2024高工锂电年会 暨高工金球奖颁奖典礼 ——重整边界 重构价值 重塑生态 主办单位：高工锂电、高工产业研究院（GGII） 协办单位：瑞能股份 总冠名：海目星激光 专场冠名：科达利、德福科技、英联复合集流体、汉嵙新材、逸飞激光、锐科激光、欧科工业空调、华视控股 金球奖全程特约赞助：思客琦 产品发布会：尚水智能 年会时间：2024年11月20-22日 年会地点：深圳前海华侨城JW万豪酒店 距离车企披露在2026-2027年装车固态电池的时间节点越来越近，现阶段固态电池产业化进入放大产能的关键时期。 2024年以来，产业链企业正加快摸索固态电池从实验室走向规模产线的路径，产业内GWh级规模的固态电池项目频现。据高工锂电其此前梳理，2024年1-7月，固态电池新增产能超140GWh，其中仅约1GWh为新增落地产能。 规划与落地的差距也反映固态电池在工艺方面，尤其是全固态电池制程工艺，在放大产能时所面临工程化问题尚未得到妥善解决。 其中，固态电池的极片生产，相比较液态锂电池的湿法极片工艺，以干法工艺为主的固态电池极片存在膜片分散性、均匀性挑战。在电芯致密化成型过程中，电芯内部存在孔隙缺陷，致密度低会降低固态电池性能发挥，极片边缘受压导致搭接短路等问题也需要解决。 作为新能源行业领先的精密激光加工智能装备提供商，逸飞激光高度重视固态电池等新技术发展趋势，以工程技术研究院为载体，构建了“研发创新-工程转化-分析测试”为一体的新型创新平台。 目前，逸飞激光已完成多项核心技术与装备开发，实现多种半固态/固态电池装备与智慧物流系统对头部客户的交付。 与此同时，逸飞激光也在协同产业链上的企业，摸索新技术以应对固态电池产业化在制程工艺上的种种挑战。 10月18日，逸飞激光与松山湖材料实验室在武汉签署协议，双方将在固态电池电极关键工艺和装备领域协力合作，探索协同创新赋能产业升级的新路径。 根据协议内容，双方以新能源电池产业的核心发展需求及产业生态建设为目标，进一步探索“新材料、新工艺、新装备”在更多领域的协同创新应用，充分发挥松山湖材料实验室科研力量和逸飞激光精密激光加工技术的核心优势，联合开发新型结构化极片与激光微加工技术，进一步探索锂电池新材料新工艺的产业化应用路径，加快固态电池关键工艺技术的创新突破与产业化应用。 本次与逸飞激光合作的松山湖材料实验室是广东省第一批省实验室之一，也是大湾区综合性国家科学中心先行启动区（松山湖科学城）建设的重要科研平台。 松山湖材料实验室积极布局新能源板块，在正负极材料、极片技术、电解质等关键核心材料领域进行深入探索和产业化布局，助力国内新能源产业链的自主可控和高质量发展，通过科研端与产业端深度融合，推动科技成果快速转化，助力粤港澳大湾区成为全球科技创新高地。 逸飞激光深耕新能源电池行业近20年，能为客户提供从电芯装配、模组PACK到智慧物流及仓储整线解决方案，持续引领并推动新能源电池激光应用与高端装备发展。 逸飞激光工程技术研究院，搭建了电池结构件、电芯中试生产、电池成组应用、电池回收拆解等全产业链中试验证平台，配套建设全过程、全工艺分析测试中心，以新能源电池等应用需求为导向，指引新能源电池装备与激光应用技术的全面创新突破，形成新技术、新工艺、新结构、新器件、新装备的融合创新机制。 同时，打通从技术创新到成果转化的垂直链条，促进新能源电池与激光应用、智能装备等多个产业链的协同创新，大幅提升从技术创新到装备开发再到应用验证的开发效率，并通过加速新兴技术的持续创新突破与产业化，助力新能源电池等先进产业创新迭代与智能化升级。 本次逸飞激光与松山湖材料实验室的合作，不仅为固态电池电极工艺和装备领域注入了新的活力，更为新能源产业链的自主可控和高质量发展提供了有力支撑。 通过此次合作，双方将共同探索锂电池极片制造技术的升级路径，为固态电池的产业化应用奠定坚实基础。同时，双方还将发挥各自优势，推动“新材料、新工艺、新装备”在更多领域的协同创新应用，加快新能源电池技术的创新迭代与智能化升级。,0,高工锂电,7862386466,2024-10-20 06:20:46,0,1,0,31832,1,雪球,https://xueqiu.com/7862386466/308760370,2026-07-08 16:22:07
308802147,SH688646,ST逸飞,逸飞激光与松山湖材料实验室正式达成战略合作！共同推进固态电池电极关键技术突破与产业化,10月16日至18日，由中国材料研究学会主办的第五届中国新材料产业发展大会在武汉市经开区举办，会上举行了逸飞激光与松山湖材料实验室战略合作签约仪式。松山湖材料实验室副主任、锂离子电池材料团队负责人黄学杰、逸飞激光工程技术研究院院长张三胜、近百位新能源行业专家学者以及产业相关企业代表等出席了签约仪式。 双方的战略合作旨在聚焦新能源电池产业的核心发展需求及产业生态建设目标，充分发挥松山湖材料实验室科研力量和逸飞激光精密激光加工技术的核心优势，并基于逸飞激光工程技术研究院的新型创新平台，联合开发新型结构化极片与激光微加工技术，进一步探索锂电池新材料、新工艺和新装备的产业化应用路径，加快固态电池关键工艺技术的创新突破与产业化应用。为产业链上下游提供更加高效且经济的解决方案，通过技术合作与创新推动新能源电池产业的快速发展。 松山湖材料实验室简介 松山湖材料实验室是广东省第一批省实验室之一，也是大湾区综合性国家科学中心先行启动区（松山湖科学城）建设的重要科研平台，松山湖材料实验室积极布局新能源板块，在正负极材料、极片技术、电解质等关键核心材料领域进行深入探索和产业化布局，助力国内新能源产业链的自主可控和高质量发展。松山湖材料实验室通过科研端与产业端深度融合，推动科技成果快速转化，助力粤港澳大湾区成为全球科技创新高地。 逸飞激光工程技术研究院简介 逸飞激光工程技术研究院，是全新构建的“研发创新-工程转化-分析测试”为一体的新型创新平台，建设有先进激光元器件、激光系统、激光工艺、智能软件、智能装备、数字孪生等23个专业实验室，配套有工业CT、扫描电镜、电性能检测等200余套先进设备，能够实现材料成分、金相、挤压针刺等涉及结构、性能、安全等方面的119项分析测试项目，搭建了电池结构件、电芯中试验证、电池成组应用、电池回收拆解等全产业链中试验证平台。 以新能源电池、钙钛矿及相关新型材料应用等先进产业的应用需求为导向，指引新能源电池装备与激光应用技术的全面创新突破，形成新技术、新工艺、新结构、新器件、新装备的融合创新机制，打通成果转化垂直链条，全面提升技术创新、成果转化和产业化的整体效能，助力新能源电池等先进产业创新迭代与智能化升级。,0,ST逸飞(SH688646),0,2024-10-20 23:07:27,0,0,0,3316,0,新闻,https://xueqiu.com/S/SH688646/308802147,2026-07-08 16:22:07
308899054,SH688646,ST逸飞,松山湖材料实验室与逸飞激光正式签约！共同推进固态电池电极关键技术突破与产业化,10月18日，松山湖材料实验室与武汉逸飞激光股份有限公司在武汉签署协议，双方将在固态电池电极工艺和装备领域协力合作，探索协同创新赋能产业升级的新路径。 松山湖材料实验室高级工程师金周，武汉逸飞激光股份有限公司技术总监雷波作为双方代表签署协议，松山湖材料实验室副主任、锂离子电池材料团队负责人黄学杰，武汉逸飞激光股份有限公司董事、工程技术研究院院长张三胜，以及参加第五届中国新材料产业发展大会—固态电池材料分会的近百位新能源专家学者、企业代表共同见证。 根据协议内容，双方以新能源电池产业的核心发展需求及产业生态建设为目标，进一步探索“新材料、新工艺、新装备”在更多领域的协同创新应用，充分发挥松山湖材料实验室科研力量和武汉逸飞激光股份有限公司精密激光加工技术的核心优势，联合开发新型结构化极片与激光微加工技术，进一步探索锂电池新材料新工艺的产业化应用路径，加快固态电池关键工艺技术的创新突破与产业化应用，通过技术合作与创新推动新能源电池产业的快速发展。 极片是锂电池的核心，锂电池极片制造技术的升级对于推动电池技术创新和满足各类设备对电池的高能量密度、快速充电等需求具有重要意义，也是固态电池实现产业化应用的关键。武汉逸飞激光股份有限公司与松山湖材料实验室的此次合作，旨在共同探索锂电池极片制造技术的升级路径，为产业链上下游提供更加高效且经济的解决方案。 武汉逸飞激光股份有限公司是行业领先的精密激光加工智能装备提供商，深耕新能源电池行业近20年，能为客户提供从电芯装配、模组PACK到智慧物流及仓储整线解决方案，持续引领并推动新能源电池激光应用与高端装备发展。逸飞激光高度重视固态电池等新技术发展趋势，以工程技术研究院为载体，构建了“研发创新-工程转化-分析测试”为一体的新型创新平台，完成多项核心技术与装备开发，实现了多种半固态/固态电池装备与智慧物流系统对头部客户的交付。 松山湖材料实验室是广东省第一批省实验室之一，也是大湾区综合性国家科学中心先行启动区(松山湖科学城)建设的重要科研平台。松山湖材料实验室积极布局新能源板块，在正负极材料、极片技术、电解质等关键核心材料领域进行深入探索和产业化布局，助力国内新能源产业链的自主可控和高质量发展。松山湖材料实验室通过科研端与产业端深度融合，推动科技成果快速转化，助力粤港澳大湾区成为全球科技创新高地。 逸飞激光工程技术研究院，是逸飞激光全新构建的“研发创新-工程转化-分析测试”为一体的新型创新平台，搭建了电池结构件、电芯中试生产、电池成组应用、电池回收拆解等全产业链中试验证平台，配套建设全过程、全工艺分析测试中心，以新能源电池等应用需求为导向，指引新能源电池装备与激光应用技术的全面创新突破，形成新技术、新工艺、新结构、新器件、新装备的融合创新机制，并打通从技术创新到成果转化的垂直链条，促进新能源电池与激光应用、智能装备等多个产业链的协同创新，大幅提升从技术创新到装备开发再到应用验证的开发效率，并通过加速新兴技术的持续创新突破与产业化，助力新能源电池等先进产业创新迭代与智能化升级。 CBIS 2024 2024年11月18日-20日，由中国化学与物理电源行业协会和电池中国网联合主办的“第九届动力电池应用国际峰会(CBIS2024)”将在上海召开，峰会以“向新·融合——开创产业合作新时代”为主题。逸飞激光重点支持本届峰会，并将派代表在会议期间发表主题演讲。敬请关注!,0,用户3105890754,3105890754,2024-10-21 07:27:48,0,0,0,25217,0,雪球,https://xueqiu.com/3105890754/308899054,2026-07-08 16:22:07
309249587,SH688646,ST逸飞,10月23日逸飞激光现298.4万元大宗交易,证券之星消息，10月23日逸飞激光发生大宗交易，交易数据如下：大宗交易成交价格29.84元，相对当日收盘价折价1%，成交10万股，成交金额298.4万元，买方营业部为中信证券股份有限公司总部(非营业场所)，卖方营业部为中信建投证券股份有限公司武汉珞喻东路证券营业部。近三个月该股共发生14笔大宗交易，合计成交1.83万手，折价成交14笔。该股在过去半年内已有共计3711.78万股限售解禁股上市，占公司总股本的39.0%。截至2024年10月23日收盘，逸飞激光(688646)报收于30.14元，上涨2.31%，换手率2.77%，成交量1.55万手，成交额4665.47万元。该股近半年内有股东持股变动，合计净减持15.27万股，股东增减持明细如下表：该股最近90天内无机构评级。以上内容为证券之星据公开信息整理，由智能算法生成，不构成投资建议。,0,证券之星财经,5187193467,2024-10-23 09:30:30,0,0,0,20187,0,雪球,https://xueqiu.com/5187193467/309249587,2026-07-08 16:22:07
309621263,SH688646,ST逸飞,欣旺达动力/逸飞激光/屹锂科技等企业亮相 高工金球奖第十批公示（持续更新）,会议倒计时27天 2024高工锂电年会 暨高工金球奖颁奖典礼 ——重整边界 重构价值 重塑生态 主办单位：高工锂电、高工产业研究院（GGII） 协办单位：瑞能股份 总冠名：海目星激光 金球奖冠名：杉杉科技 专场冠名：科达利、德福科技、英联复合集流体、汉嵙新材、逸飞激光、锐科激光、欧科工业空调、华视股份 金球奖全程特约赞助：思客琦 产品发布会：尚水智能 年会时间：2024年11月20-22日 年会地点：深圳前海华侨城JW万豪酒店 2024高工金球奖年度评选活动正在火热进行中。见证中国锂电产业起伏升级，高工金球奖一直以来是前瞻锂电行业发展的风向标。 被誉为“锂电行业奥斯卡”的高工金球奖，自2013年起已成功举办11届。高工金球奖旨在由业界共同推荐、评选行业中具有公信力的产品和企业品牌，以激励行业技术创新，激发企业争做第一品牌的精神。 目前，锂电产业链已有超110家企业参与2024金球奖评选（戳此查看：2024高工金球奖评选细则），现将参评企业名单公示（以下排名不分先后，后续将持续分批更新）如下： 欣旺达动力 欣旺达动力从事动力电池及系统解决方案与储能电芯产品的研发、生产与销售。2021-2023年，公司位列中国HEV混动汽车电 池装机量TOP１，2024年H1公司位列全球动力电池装机量前十名。储能电芯-2024H1欣旺达动力位列全球磷酸铁锂储能电芯出货量全球前十、中国磷酸铁锂储能电芯产量全国前十。 欣星驰电池是欣旺达首次发布磷酸铁锂6C闪充电池，该款电池具备峰值6C平均超4.5C的快充能力，能实现10分钟补能到80%SOC（或10分钟补能500KM）。电芯能量密度达450Wh/L，系统体积利用率超80%，二者叠加赋予其超越同类产品的超能续航。高成组率系统和高能量密度电芯的双加成产生一个惊人的效果，欣星驰电池在整车端实现的续航表现能与市面上已有的三元超充电池媲美。 同时其低温性能出众，低温续航达成和补能效率优于同类产品，具备全地域全温域的高性能保持能力。欣星驰电池的空间适应性体现在从-20℃严寒环境的哈尔滨到30℃高温环境的海口都能保持高效的性能。在-20℃的低温下，电池的能量保持率仍能超过90%。 逸飞激光 在46系大圆柱电池智造领域，逸飞激光推出了直线式、转塔式、磁悬浮式和组合式等多种激光封装产线。近期，逸飞激光46系大圆柱电池量产线迎来千PPM级批量交付，陆续下线50/120/150/240/300/360PPM等多条量产线。逸飞激光46系大圆柱电池产线已应用于4680/4695/46120等46系主流电芯规格，全面适用于46系三元锂电池、磷酸铁锂电池量产，也涵盖了双通/单通不同工艺路径的装备需求，助力多家电池企业实现46系大圆柱电池的规模化量产，加速46系大圆柱电池规模化应用。 在新能源工厂智慧物流系统领域，逸飞激光推出了新能源电池头整厂智慧物流和仓储系统。该系统采用高柔性、高集成度、高智能化、高安全性设计，自主开发智能软件管理系统，并配套设计主动安全防护系统，为电池生产物流与仓储提供全过程安全防护，可同时满足多条电池产线、多种规格电池混线生产，有效提升整厂装备利用率，降低生产成本，显著提升产品出货效率。 同时，公司与松山湖材料实验室等高校和科研院所建立协同创新平台，旨在聚焦新能源电池产业的核心发展需求及产业生态建设目标，充分发挥高校和科研院所的科研力量和逸飞激光精密激光加工技术的核心优势，并基于逸飞激光工程技术研究院的新型创新平台，联合开发新型结构化极片与激光微加工技术，进一步探索锂电池新材料、新工艺和新装备的产业化应用路径，加快固态电池关键工艺技术的创新突破与产业化应用。 尚水智能 COMODO固液混合制浆机是尚水智能最新推出的一款高效、节能、操作简便、性价比突出的新型制浆系统。采用COMODO进行胶液与浆料制备，可在短时间内完成各类工艺。最快可在3min内完成PVDF制胶，5min内完成CMC制胶，13min内完成极耳胶制浆，21min内完成导电底涂制浆，30min内完成导电浆制浆。 双螺杆制浆机是尚水智能Contomix连续制浆机的核心设备之一，具备产能大、能耗低等优势，可广泛应用于锂离子电池正负极材料的分散制浆。双螺杆制浆机仅用8节螺套即可完成制浆，每节机筒可单独控温，减少了由末端磨损带来的金属污染并降低了整机成本与主轴扰度。该制浆机独特的非金属机筒与元件设计，有利于减少由于螺杆自重带来的磨损，进一步降低金属污染。在实际工况中，双螺杆制浆机耐腐蚀通过测试。 浩能科技 浩能科技，创立于2005年，是珠海格力集团控股上市公司科恒股份旗下全资子公司，专业从事高精度涂布、辊压、分切以及各种功能膜等新能源智能装备的研发、设计、生产、销售的国家高新技术企业。公司主要产品以锂电池前工序生产智能高端装备整线制造，可广泛应用于动力电池、储能电池、3C电池、钙钛矿电池、氢燃料电池等多领域产品的生产制造。浩能科技的产品线涵盖了动力电池、储能电池、3C电池、钙钛矿电池、氢燃料电池等多个领域的生产制造，其产品以高精度、高稳定性和高效率著称，能够灵活应对客户的多样化需求。近年来，公司紧跟行业发展趋势，持续增加研发投入，形成了强大的未来技术储备。例如，浩能科技成功推出了“新型二代宽幅钙钛矿平面涂布设备”、“干法涂布设备”、“全自动刀分切设备”和“超宽幅辊压设备”等一系列创新产品。 本年度，浩能科技推出了超宽幅辊压设备，其辊面宽度达到1800mm，运行速度高120m/min，这一突破性的设计大幅提升了生产能力，满足了市场对于高效、大规模生产的迫切需求。该设备采用了先进的压延拉伸技术，有效解决了因极片与极耳延展差异导致的打皱和断带问题，显著提高了极片的质量和生产效率。 此外，创新性地引入了激光擦辊技术，大幅提升了辊面的清洁度，还有效减少了溶剂的使用，更加环保高效。在维护保养方面，设备采采用液压拆辊技术，提高了换辊效率，还极大增强了操作的安全性。最后，为了进一步提升自动化水平，推出收放卷全自动贴胶机构，能实现全自动换卷，为构建智能化、无人化工厂提供了强有力的支持。 屹锂科技 屹锂科技采用硫化物作为电解质，通过金属锂负极的改性工程，提升了负极的稳定性和与电解质的亲和性。界面工程的创新提高了电解质与正负极的兼容性，有效解决了传统锂电池的安全问题。公司已成功研发出2Ah及5Ah的全固态电池软包电芯，能量密度达到410Wh/kg，充放电循环寿命超过2000次，固态电池核心材料硫化物电解质离子电导率达到17mS/cm。 公司在上海临港新片区建立了研发及中试基地产能达到400MWh，固态电解质产能十吨，即将完成三期500MWh产线，进一步推动2GWh电芯与百吨级固态电解质的量产建设。屹锂科技电解质已面向头部应用单位、研究所及高等院校供货，与国内主要汽车制造商建立了合作关系，电池技术受到关注。公司还着眼于消费电子市场，即将签订全固态电池消费电子商业应用首单。 往期精彩 ■ 亿纬/孚能/兰钧等企业亮相 高工金球奖第一批公示（持续更新中） ■ 德方/诺德/中科等企业亮相 高工金球奖第二批公示（持续更新） ■ 大族锂电/曼恩斯特/卡洛维德等企业亮相 高工金球奖第三批公示（持续更新） ■ 比克/星恒/琥崧等企业亮相 高工金球奖第四批公示（持续更新） ■ 科达利/精实机电/誉辰智能等企业亮相 高工金球奖第五批公示（持续更新） ■ 星源/金力/蓝廷等企业亮相 高工金球奖第六批公示（持续更新） ■ 大族光子/当升科技/远航锦鲤等企业亮相 高工金球奖第七批公示（持续更新） ■ 赣锋/力神/卫蓝等企业亮相 高工金球奖第八批公示（持续更新） ■ 先导/大族/中基等企业亮相 高工金球奖第九批公示（持续更新）,0,高工锂电,7862386466,2024-10-25 11:10:18,1,3,0,59521,2,雪球,https://xueqiu.com/7862386466/309621263,2026-07-08 16:22:07
310091700,SH688646,ST逸飞,,逸飞激光：逸飞激光关于2024年前三季度计提资产减值准备的公告 网页链接,0,ST逸飞(SH688646),0,2024-10-29 08:01:02,0,0,0,6407,0,公告,https://xueqiu.com/S/SH688646/310091700,2026-07-08 16:22:07
310091705,SH688646,ST逸飞,,逸飞激光：逸飞激光2024年第三季度报告 网页链接,0,ST逸飞(SH688646),0,2024-10-29 08:01:02,0,0,0,6827,0,公告,https://xueqiu.com/S/SH688646/310091705,2026-07-08 16:22:07
310099257,SH688646,ST逸飞,逸飞激光：2024年前三季度净利润约5558万元,每经AI快讯，逸飞激光（SH 688646，收盘价：29.7元）10月29日晚间发布三季度业绩公告称，2024年前三季度营收约5.35亿元，同比增加15.18%；归属于上市公司股东的净利润约5558万元，同比增加10.56%；基本每股收益0.59元，同比减少10.61%。 截至发稿，逸飞激光市值为28亿元。 道达号（daoda1997）“个股趋势”提醒：1. 近30日内无机构对逸飞激光进行调研。 每经头条（nbdtoutiao）—— (记者 毕陆名) 免责声明：本文内容与数据仅供参考，不构成投资建议，使用前请核实。据此操作，风险自担。 每日经济新闻,0,每日经济新闻,4642157440,2024-10-29 08:41:00,0,1,0,16521,0,雪球,https://xueqiu.com/4642157440/310099257,2026-07-08 16:22:07
310116483,SH688646,ST逸飞,逸飞激光：2024年前三季度净利润同比增长10.56%,证券日报网讯 10月29日晚间，逸飞激光发布2024年第三季度报告称，公司2024年前三季度实现营业收入为534，731，251.19元，同比增长15.18%；实现归属于上市公司股东的净利润为55，578，975.38元，同比增长10.56%。（编辑 郭之宸）,0,证券日报,8353550788,2024-10-29 10:10:52,0,0,0,15453,0,雪球,https://xueqiu.com/8353550788/310116483,2026-07-08 16:22:07
310140305,SH688646,ST逸飞,逸飞激光第三季度营收同比增长23.35%,10月29日晚间，逸飞激光(688646.SH)发布2024年第三季度报告：前三季度实现营业收入5.35亿元，同比增长15.18%；实现归母净利润5557.9万元，同比增长10.56%。其中，第三季度公司实现营收1.86亿元，同比增长23.35%；实现归母净利润1519.68万元，同比增长7.09%。 逸飞激光是一家专业从事精密激光加工智能装备研发、设计、生产和销售的国家高新技术企业、国家级重点支持的专精特新“小巨人”企业，能够为新能源电池、家电厨卫、装配式建筑、汽车零部件等领域提供智能装备与智慧物流装备及系统。 在锂电池制造设备领域，逸飞激光产品主要应用于电芯制造的电芯装配环节和模组/PACK环节，形成了圆柱全极耳电芯装配系列装备、模组/PACK系列装备和方形电芯装配系列装备。 在家电厨卫、装配式建筑、新能源汽车零部件等其他设备领域，逸飞激光拥有柔性激光工作台、机器人激光焊接站、家电厨卫产品自动装配线等产品，并结合公司激光与智能装备技术储备形成了公司产品优势，具有生产效率高、焊缝美观、焊接密封性好等特点，获得了良好的市场口碑。 在智慧物流领域，逸飞激光可以为客户提供新能源电池整厂物流成套系统、半导体物流设备软件、半导体物料搬运设备、智能化仓储物流系统、自动化输送分拣系统、数字工厂可视化平台系统、智慧工厂信息管理系统以及物流线核心设备供应的服务，包括智慧物流系统与悬挂运输系统(OHT)、堆料机(Stocker)、多层货架等物流设备及相应配套软件系统等整厂物流解决方案，具备数字化工厂解决方案能力。,0,ST逸飞(SH688646),0,2024-10-29 12:35:12,0,0,0,2886,0,新闻,https://xueqiu.com/S/SH688646/310140305,2026-07-08 16:22:07
310216800,SH688646,ST逸飞,,"$逸飞激光(SH688646)$ 不要被它的名字所迷惑，最开始以为它就是做激光器，用于焊接或切割的企业。最后发现，它其实是一家“卖铲子”的企业。公司是智能激光装备及创新工艺方案的提供商，是专业从事精密激光加工智能装备研发、设 计、生产和销售的国家高新技术企业。能够为新能 源电池、家电厨卫、装配式建筑、汽车零部件等领域提供智能装备与智慧物流装备及系统。按照产品类别划分，公司主营产品可分为精密激光加工智能装备和智慧物流装备及系统。 按照产品功能划分，公司主营产品可分为自动化产线和智能化专机。智能化专机是实现特定 加工工序的一体化设备，一般由加工主机、运控系统、检测系统及机械工装等组成。自动化产线 是实现多工序自动加工的产线设备，一般由多个智能化专机、上下料系统、物流传送系统、整线 控制系统、信息化管理系统等组成。 新能源电池智能装备业务产品：公司主营业务产品中，锂电设备收入占比较高。锂电池的生 产可分电芯制造和模组/PACK 两大环节，其中电芯制造包含极片制作（前段）、电芯装配（中段） 和电芯激活检测（后段）三大工序。公司锂电设备产品主要用于电芯装配阶段和模组/PACK 阶段， 可提供智能化专机、电芯封装自动化整线解决方案，具体情况如下：不管新能源采用锂电池或是钠电池路线，该买的PACK或相关的设备，还得买，因此我觉得它有了铲子股的属性。同时它还可以做这个：公司改造与增值服务主要是对客户已有锂电生产设备进行技术升级改造。近年来，新能源电 池行业发展迅速，下游电池制造行业新材料、新工艺、新技术不断进步，对已有电池制造产线的 技术升级需求不断增加，公司凭借自身的技术和工艺优势为上述客户提供技术升级服务，改造与 增值服务将成为公司新的利润增长点。盈利模式：公司主营业务为精密激光加工智能装备的研发、设计、生产和销售，在精密激光加工智能装 备方面，通过向新能源电池、家电厨卫、装配式建筑、汽车零部件等领域提供各类自动化产线、 精密激光加工智能化专机及改造与增值服务来实现收入和利润；在智慧物流装备及系统方面，通 过向新能源电池、半导体、消费电子、医疗健康等行业客户提供新能源电池整厂物流成套系统、 半导体 CIM 软件、半导体 AMHS 设备、智能化仓储物流系统、自动化输送分拣系统、数字工厂可视 化平台系统、智慧工厂信息管理系统以及物流线核心设备供应的服务来实现收入和利润。生产模式：报告期内，公司主营产品为各类自动化产线、精密激光加工智能化专机以及智慧物流装备及 系统，主要采用“以销定产”的生产模式，按照客户的需求进行设计和生产。另外，为提高产品 交付效率，公司也会根据下游市场需求预测，进行备货生产。计供中心根据 BOM 进行物料采购， 工程制造中心对产品进行组装调试，检验合格后发往客户现场，现场完成安装调试后由客户最终 验收确认。 另外，随着下游电池已投产设备存量的不断增加，以及行业技术的不断进步，已投产存量设 备需要进行技术改造和升级，因此，除设备销售以外，公司还为客户提供改造与增值服务。 销售模式：报告期内，公司产品及服务销售主要为直销模式。公司的销售流程主要包括前期接触了解客 户需求、技术洽谈制定技术方案、合同签订实施生产制造、进度跟进确保产品交付、产品运行满 足客户验收等五个阶段。公司产品主要采用依照市场价格定价的方式，综合考虑市场供求关系、 技术研发难度、客户订单规模、客户信誉、交货周期等因素，与客户协商确定最终价格，部分客 户采用招投标定价的方式。结算方式主要根据合同约定按阶段收款，部分情况下根据客户需求通 过融资租赁方式收款。看一下收入结构：有必要提示一点，它可能是在行业或公司景气度较好的时候上市的企业，因此其上市前后一两年是收入、利润最好的时候。未来的爆发力怎样，还需要进一步的验证。回购事项：同意公司使用不低于人民币 6,000 万元（含）且不超过人民币 12,000 万元（含）的自有资金，以不超过人民币 48.75 元/股（含）的价格回购公司股份，在未来适宜时机拟用于员工持股计划或股权激励。截至 2024 年 9 月 30 日，公司通过上海证券交易所交易系统以集中竞价交易 方式已累计回购公司股份 3,087,416 股，占公司总股本 95,162,608 股的比例为 3.24%（比例数据系四舍五入），回购成交的最高价为 32.46 元/股，最低价为 23.36 元/股，支付的资金总额为人民币 80,829,731.84 元。投关表：公司毛利率受收入结构、当期项目验收、原材料价格等多方面因素的影响，短期内会存在一定的波动性。公司2024 年半年度综合毛利率为 28.50%，主要是受当期项目验收影响，毛利率较低的方形电芯设备收入有所增加所致。未来，公司会通过不断加强技术与产品创新，持续提升产品竞争力，并通过规模化、精细化管理强化成本与费用控制，来保障公司持续盈利能力。整体来看，今年公司新增订单同比有一定幅度增长，其中圆柱电芯装配设备订单占比较高且呈上升趋势。新聚力在半导体 AMHS 设备领域实现了部分核心设备的国产替代，且积累了一些优质客户。",0,江月楼,1605946057,2024-10-30 02:24:21,3,3,1,26481,1,雪球,https://xueqiu.com/1605946057/310216800,2026-07-08 16:22:07
310746333,SH688646,ST逸飞,,逸飞激光：逸飞激光关于召开2024年第三季度业绩说明会的公告 网页链接,0,ST逸飞(SH688646),0,2024-11-01 07:57:04,0,0,0,6644,0,公告,https://xueqiu.com/S/SH688646/310746333,2026-07-08 16:22:07
310755180,SH688646,ST逸飞,逸飞激光荣登2024武汉民营企业科技创新50强榜单,10月31日，武汉市促进民营企业转型升级交流会在武汉会议中心召开，会上，武汉市工商联发布了《2024武汉民营企业科技创新50强》，逸飞激光荣登榜单。,0,ST逸飞(SH688646),0,2024-11-01 08:43:55,0,0,0,2793,0,新闻,https://xueqiu.com/S/SH688646/310755180,2026-07-08 16:22:07
310782066,SH688646,ST逸飞,逸飞激光：11月11日将召开2024年第三季度业绩说明会,证券日报网讯 11月1日晚间，逸飞激光发布公告称，公司2024年第三季度业绩说明会定于2024年11月11日10：00—11：00召开，会议召开方式为上证路演中心网络互动。（编辑 张昕）,0,证券日报,8353550788,2024-11-01 12:10:43,0,0,0,15499,0,雪球,https://xueqiu.com/8353550788/310782066,2026-07-08 16:22:07
311039622,SH688646,ST逸飞,,逸飞激光投资者关系活动记录表-2024.11.01 网页链接,0,ST逸飞(SH688646),0,2024-11-04 07:30:02,0,0,0,966,0,互动易,https://xueqiu.com/S/SH688646/311039622,2026-07-08 16:22:07
311040455,SH688646,ST逸飞,,逸飞激光：逸飞激光关于以集中竞价交易方式回购公司股份的进展公告 网页链接,0,ST逸飞(SH688646),0,2024-11-04 07:34:02,0,0,0,6636,0,公告,https://xueqiu.com/S/SH688646/311040455,2026-07-08 16:22:07
311074876,SH688646,ST逸飞,逸飞激光：累计回购股份3087416股,证券日报网讯 11月4日晚间，逸飞激光公告称，截至2024年10月31日，公司通过上海证券交易所交易系统以集中竞价交易方式已累计回购公司股份3087416股，占公司总股本的比例为3.24%，回购成交的最高价为32.46元/股，最低价为23.36元/股，支付的资金总额为80829731.84元（不含交易佣金等交易费用）。（编辑 张昕）,0,证券日报,8353550788,2024-11-04 11:40:08,0,0,0,13091,0,雪球,https://xueqiu.com/8353550788/311074876,2026-07-08 16:22:07
311113720,SH688646,ST逸飞,逸飞激光获15家机构调研：目前公司订单充裕，且圆柱电芯设备订单占比较高（附调研问答）,"逸飞激光11月2日发布投资者关系活动记录表，公司于2024年10月31日接受15家机构调研，机构类型为基金公司、证券公司、阳光私募机构。 投资者关系活动主要内容介绍： 问：2024年三季度业绩如何？收入结构是怎么样的？ 答：公司2024年前三季度实现营收5.35亿元，同比增长15.18%，归母净利润5,557.90万元，同比增长10.56%，整体经营业绩稳健增长。其中，圆柱全极耳电芯设备和模组PACK设备业务收入占比较高。 问：在行业周期下行的背景下，公司业绩能够保持稳健增长，请问主要是什么原因？ 答：在新能源电池产业周期性放缓的情况，公司仍旧保持稳健增长的发展态势，主要是基于公司前瞻性、差异化的布局大圆柱全极耳电池、钠电池、固态电池等新兴电池装备领域，随着新兴技术的规模化量产加速，相关订单和业务收入规模随之增加；加之公司充分发挥产业并购协同效益，并全面提升数字化精益管理能力，在提质、增效、降本等方面取得较好成效。 问：公司收购的新聚力的业绩如何？今年归母净利润实现2,400万元的业绩承诺是否能完成？ 答：公司控股子公司新聚力经营稳健，2024年前三季度业绩情况表现良好。目前，新聚力储备订单较为充裕，双方正在加快整合优势资源、高效协同，将积极推动业绩目标的达成。 问：当前监管部门鼓励高质量并购重组，请问公司近期还会有战略并购计划？ 答：公司将会积极把握相关政策机遇，推动建立业务与资本协同发展的机制，积极关注激光与光电产业、高端智能装备产业、新能源电池产业及其他新兴领域内的发展机会，通过参股、孵化、并购等方式，实现资本与业务的协同，促进公司高质量发展。 问：有关注到最新公司和松山湖材料实验室在固态电池方面有合作，请问具体合作内容是什么？公司在固态电池装备方面有哪些新突破？ 答：公司与松山湖材料实验室签订战略合作，联合开发新型结构化极片与激光微加工技术，进一步探索锂电池新材料新工艺的产业化应用路径，加快固态电池关键工艺技术的创新突破与产业化应用。 目前，公司已实现半固态/固态电芯装配设备、模组PACK设备以及整厂智慧物流成套系统对头部客户的交付，正在积极开发全固态电池激光封装工艺及新型设备。 问：新聚力半导体物流业务进展如何？公司在半导体领域内还有没有其他规划？ 答：新聚力在半导体业务领域，储备了深厚的技术和优质的客户，在半导体AMHS设备领域实现了部分核心设备的国产替代。双方深度融合以来，新聚力产品持续突破，全面推出了Stocker、ZipTower、AMR、OHT等系列核心设备与软件，并将在CeMAT2024亚洲国际物流技术与运输系统展览会上展出。除此之外，公司也在积极关注精密激光加工在半导体领域应用的业务机会和相关投资并购机会。 问：从三季报中看到公司合同负债大幅增长，是否意味公司订单也是增长的？ 答：合同负债主要是公司基于订单预收的客户款项，公司前三季度合同负债3.2亿元，较上年度末增长73.22%。目前，公司订单充裕，且圆柱电芯设备订单占比较高。 问：公司前三季度计提资产减值准备3000多万元主要原因是什么？后续有冲回的可能吗？ 答：公司2024年前三季度确认资产减值损失和信用减值损失共计3,124.89万元，是基于公司实际情况和会计准则做出的判断，主要是应收账款和存货等的计提减值。公司将会持续加强对应收账款的管理，积极推动应收账款回款，若已计提应收账款后续收回的，可根据实现情况进行冲回。 问：今年下半年以来，特斯拉4680电池量产加速合计产出超1亿颗，预计将要迎来全面装车应用，请问公司46系设备订单情况如何？46系电池量产后公司产能是否跟得上？ 答：公司圆柱全极耳电池装备系国家级制造业单项冠军产品，市场、技术或工艺等方面国际领先，成为众多国际知名电池、汽车企业的一致选择，今年以来公司46系设备订单同比去年大幅增加。公司逸飞智能二期、江苏逸飞二期项目目前已投入使用，产能能够满足市场需求，且公司总部基地项目正在建设中，后续也会根据市场需求和订单情况，进一步扩大产能。 问：如何看待大圆柱电池发展现状以及未来发展？什么时候会实现规模化量产？ 答：基于大圆柱全极耳电池极致的性能优势、制造优势、低成本优势以及多元化场景应用的优势，被主流车企及电池企业广泛关注，其市场渗透率不断提升，未来大圆柱全极耳电池将会是主流电池技术路径之一。公司各个系列的大圆柱电芯装配线已实现了批量交付，目前来看，32系/40系/60系大圆柱电池在新能源汽车、储能、轻型车等市场应用不断提升，46系也处于加速量产阶段。 问：公司工程技术研究院建成至今，有哪些成果？ 答：公司研究院构建了“研发创新-工程转化-分析测试”为一体的新型创新平台，搭建了电池结构件、电芯中试验证、电池成组应用、电池回收拆解等全产业链中试验证平台，目前已有多家行业客户在平台上完成了新产品、新工艺开发验证，从研发创新到市场应用的效率大幅提升。同时，在新型激光系统、激光智能感知、超快激光应用等多方面取得新突破; 调研参与机构详情如下： 参与单位名称参与单位类别参与人员姓名银华基金基金公司--银河基金基金公司--东北证券证券公司--东方证券证券公司--中信建投证券公司--中信证券证券公司--中邮证券证券公司--华创证券证券公司--华福证券证券公司--民生证券证券公司--海通证券证券公司--申万宏源证券公司--西部证券证券公司--中大君悦阳光私募机构--混沌投资阳光私募机构-- 点击进入交易所官方公告平台下载原文>>>",0,ST逸飞(SH688646),0,2024-11-04 23:31:12,0,0,0,3319,0,新闻,https://xueqiu.com/S/SH688646/311113720,2026-07-08 16:22:05
311155532,SH688646,ST逸飞,,$逸飞激光(SH688646)$ 你他娘的现在不赶紧涨，下周一大资金全部开始怼机构股。你们这些微盘股烂股都得死了,0,老百姓赢麻了,3497527004,2024-11-05 02:45:52,1,0,0,15121,0,雪球,https://xueqiu.com/3497527004/311155532,2026-07-08 16:22:05
311440352,SH688646,ST逸飞,,逸飞激光：逸飞激光关于持股5%以上股东持股比例降至5%以下的权益变动提示性公告 网页链接,0,ST逸飞(SH688646),0,2024-11-06 09:07:03,0,0,0,6373,0,公告,https://xueqiu.com/S/SH688646/311440352,2026-07-08 16:22:05
311440353,SH688646,ST逸飞,,逸飞激光：逸飞激光简式权益变动报告书 网页链接,0,ST逸飞(SH688646),0,2024-11-06 09:07:03,0,0,0,6347,0,公告,https://xueqiu.com/S/SH688646/311440353,2026-07-08 16:22:05
311449836,SH688646,ST逸飞,11月6日逸飞激光发布公告，其股东减持48.01万股,证券之星消息，11月6日逸飞激光发布公告《逸飞激光:逸飞激光关于持股5%以上股东持股比例降至5%以下的权益变动提示性公告》，其股东广州怡珀新能源产业投资管理有限责任公司-广州怡珀新能源产业股权投资合伙企业(有限合伙)于2024年10月9日至2024年11月6日间合计减持48.01万股，占公司目前总股本的0.5045%，变动期间该股股价下跌3.62%，截止11月6日收盘报31.94元。股东增减持详情见下表：根据逸飞激光2024年中报公布的十大股东详情如下：以上内容为证券之星据公开信息整理，由智能算法生成，不构成投资建议。,0,证券之星财经,5187193467,2024-11-06 10:10:24,0,0,0,11994,0,雪球,https://xueqiu.com/5187193467/311449836,2026-07-08 16:22:05
311460540,SH688646,ST逸飞,高工锂电年会 | 欣旺达/巨湾技研/逸飞激光等企业共议电动化市场“新变”,会议倒计时15天 2024高工锂电年会 暨高工金球奖颁奖典礼 ——重整边界 重构价值 重塑生态 主办单位：高工锂电、高工产业研究院（GGII） 协办单位：瑞能股份 总冠名：海目星激光 金球奖冠名：杉杉科技 专场冠名：科达利、德福科技、英联复合集流体、汉嵙新材、逸飞激光、锐科激光、欧科工业空调、华视股份 金球奖全程特约赞助：思客琦 产品发布会：尚水智能 年会时间：2024年11月20-22日 年会地点：深圳前海华侨城JW万豪酒店 在经历了多年的技术积淀与市场培育后，电动化浪潮在2024年迎来了进入高潮。自今年7月起，我国新能源车的市场渗透率持续攀升，稳居50%以上，“油电之争”正式由新能源汽车占据主导。 在此背景下，2024高工锂电年会将于11月20-22日在深圳前海华侨城JW万豪酒店盛大召开，11月20日下午，在由【逸飞激光冠名】市场应用专场一——电动化拐点与电池迭代中，汇聚欣旺达、巨湾技研、逸飞激光、华视股份、卡洛维德、杉岩数据、金美新材料等企业，他们将围绕电动化市场的新变化、新技术、新趋势展开深入探讨。 伴随着新能源电动化渗透率提高，消费者补能焦虑更为凸显，更高性能的快充技术、大圆柱电池技术正在加速导入市场。 2024年，欣旺达首发磷酸铁锂6C闪充电池——欣星驰电池，该款电池具备峰值6C平均超4.5C的快充能力，能实现10分钟补能到80%SOC（或10分钟补能500KM）。电芯能量密度达450Wh/L，系统体积利用率超80%，其续航表现能与市面上已有的三元超充电池媲美。 巨湾技研致力于发展超快充电池技术，让“充电像加油一样快”。在电动化市场快速发展的背景下，通过不断突破技术瓶颈，极大地缩短了电动汽车的充电时间，提升了用户体验。今年以来，巨湾技研正在推进超快充技术在商用车、eVTOL等多元场景的应用。此次参会，巨湾技研将分享其在超快充电池领域的最新研究成果，以及如何通过技术创新推动电动化市场的进一步发展。 逸飞激光专注于为锂电池制造提供智能化解决方案。尤其今年，逸飞激光46系大圆柱电池量产线迎来千PPM级批量交付，陆续下线50/120/150/240/300/360PPM等多条量产线。 逸飞激光46系大圆柱电池产线已应用于4680/4695/46120等46系主流电芯规格，全面适用于46系三元锂电池、磷酸铁锂电池量产，也涵盖了双通/单通不同工艺路径的装备需求，助力多家电池企业实现46系大圆柱电池的规模化量产，加速46系大圆柱电池规模化应用。 而当新能源汽车占据市场主流，电池的安全性、可靠性重要程度再上一台阶，电池制造工艺与安全材料配套要求进一步严苛。 华视股份基于自身在成像、运控和算法的积累，完成了以下在线高速毛刺检测设备的研发和应用，最小能够检测尺寸为两个像素大小的毛刺。支持120米/分速度下的真全检。 基于小样本训练即可达到95%以上的检出能力；对于检测状态具备自我评估报警能力。提供自动避让、智能复位、快速聚焦，适应运行中穿带、接带等生产过程，实现对电池生产过程中的全面监测和质量控制，确保每一块电池都符合最高标准。此次参会，华视股份将分享其在视觉检测领域的最新进展，以及如何通过技术创新提升电池产品的安全性和可靠性。 卡洛维德突破多层极耳焊接瓶颈，公司压熔焊技术在一定的焊接压力作用下，将被焊材料压紧在上下电极之间，利用电流流经被焊材料的接触面及邻近区域产生电阻热，将被焊金属加热到局部熔化状态，实现原子间的结合，从而形成牢固的焊接接头。 杉岩数据作为大数据存储与管理的领先企业，通过自主研发的大数据存储与管理技术，能够实现对海量数据的快速处理和分析。杉岩数据解决方案对产线非结构化数据的采集/汇聚、智能数据处理/存储，数据标识/检索，可实现实时数据扩容、数据全生命周期管理、智能打标签与检索，击破硬盘数据存储无法在线实时扩容、数据分散可靠性低、文件管理与检索难三大痛点，为锂电生产规模制造提供有力的数据支持。 金美新材料作为复合集流体量产先锋，公司核心产品新型多功能铝复合集流体(MA)和新型多功能铜复合集流体(MC)已经过市场下游持续6年以上的多次批量装车应用实测，已经实现商品化应用并进入量产阶段。 在2024高工锂电年会【逸飞激光冠名】市场应用专场一——电动化拐点与电池迭代，欣旺达、巨湾技研、逸飞激光、华视股份、卡洛维德、杉岩数据、金美新材料等企业将做主题分享，将为我们带来关于电动化市场新变化的深刻洞察和前沿思考。,0,高工锂电,7862386466,2024-11-06 11:40:52,0,3,0,47139,1,雪球,https://xueqiu.com/7862386466/311460540,2026-07-08 16:22:05
311479100,SH688646,ST逸飞,逸飞激光：股东怡珀新能源持股比例降至5%以下,证券日报网讯 11月6日晚间，逸飞激光发布公告称，公司于2024年11月6日收到公司股东怡珀新能源出具的《简式权益变动报告书》。公司股东广州怡珀新能源产业投资管理有限责任公司—广州怡珀新能源产业股权投资合伙企业（有限合伙）（简称“怡珀新能源”）通过集中竞价方式减持公司股份480100股，减持后持股比例由5.50%减少至4.9999%，不再是公司持股5%以上的股东。（编辑 张昕）,0,证券日报,8353550788,2024-11-06 14:10:17,0,1,0,14518,0,雪球,https://xueqiu.com/8353550788/311479100,2026-07-08 16:22:05
311507768,SH688646,ST逸飞,逸飞激光连续2日融资买入额增长率超50%，多头加速建仓,据同花顺（300033）iFind数据显示，逸飞激光11月6日获融资买入1665.84万元，连续2日融资买入额增长率超50%，当前融资余额6867.91万元，占流通市值比例为3.83%。 融资买入额连续2日大幅增长，说明融资客在加大融资买入。一般融资客判断后续股价有较大涨幅且收益远超融资利息支出时，才会着急连续买入，代表杠杆资金看好后市。 回测数据显示，近一年连续2日融资买入额增长率超50%样本个股共有19646个，持股周期两天的单次收益平均值为0.14%。 注：买入金额=主动买入特大单金额+主动买入大单金额+主动买入中单金额+主动买入小单金额 （数据来源：同花顺iFinD）,0,ST逸飞(SH688646),0,2024-11-06 23:35:40,0,0,0,3188,0,新闻,https://xueqiu.com/S/SH688646/311507768,2026-07-08 16:22:05
311592924,SH688646,ST逸飞,,$逸飞激光(SH688646)$ 你也是固态，搞的辣么猥琐,0,暖风吹过亦有点冻,2439283750,2024-11-07 05:25:58,0,1,0,15692,0,iPhone,https://xueqiu.com/2439283750/311592924,2026-07-08 16:22:05
311780133,SH688646,ST逸飞,,$逸飞激光(SH688646)$ $海目星(SH688559)$ 固态设备不止有海目星啊，这是国家队,0,没空跟你扯,1896639592,2024-11-08 03:05:13,0,1,0,16769,0,雪球,https://xueqiu.com/1896639592/311780133,2026-07-08 16:22:05
311794860,SH688646,ST逸飞,,$逸飞激光(SH688646)$ 同板块的海目星都涨停，你还在等什么,0,暖风吹过亦有点冻,2439283750,2024-11-08 03:58:47,2,0,0,17188,0,iPhone,https://xueqiu.com/2439283750/311794860,2026-07-08 16:22:05
311832643,SH688646,ST逸飞,,$逸飞激光(SH688646)$ 清仓不跟你玩了,0,暖风吹过亦有点冻,2439283750,2024-11-08 06:48:53,1,0,0,16964,0,iPhone,https://xueqiu.com/2439283750/311832643,2026-07-08 16:22:05
312137872,SH688646,ST逸飞,逸飞激光：46系设备订单增速明显 正推进固态电池相关工艺的研发|直击业绩会,《科创板日报》11月11日讯（记者 黄修眉）“目前公司在手订单充裕，现有产能能够满足订单需求，且总部基地项目正在建设，后续也会根据市场需求和订单情况，进一步扩大产能。”在今日（11月11日）举行的2024年第三季度业绩说明会上，逸飞激光董事长、总经理吴轩表示。 数据显示，今年前三季度，逸飞激光实现营收5.35亿元，同比增长15.18%；实现归母净利润5557.9万元，同比增长10.56%；同时期内，经营活动产生的现金流量净额为-5698.84万元，上年同期为-3096.46万元。 （逸飞激光各报告期营收情况） （逸飞激光各报告期归母净利润情况） 近年来，逸飞激光推出了圆柱全极耳电芯装配段全工序设备和圆柱全极耳电芯自动装配线等系列装备。 针对逸飞激光大圆柱全极耳电池及设备相关市场最新情况，该公司董事长、总经理吴轩在接受《科创板日报》记者提问时称：“在今年前三季度的营收中，圆柱全极耳电芯设备和模组PACK设备业务收入占比较高，且圆柱全极耳电芯设备业务收入增速较快。” 吴轩表示，“逸飞激光各个系列的大圆柱电芯装配线已实现批量交付。今年前三季度，大圆柱电芯装备订单同比去年大幅增加；其中，46系设备订单增速显著。” 逸飞激光也在近日的投资者调研中表示，基于大圆柱全极耳电池极致的性能优势、制造优势、低成本优势以及多元化场景应用的优势，被主流车企及电池企业广泛关注，其市场渗透率不断提升，未来大圆柱全极耳电池将会是主流电池技术路径之一。 对于电池市场的未来趋势与发展，吴轩向《科创板日报》记者表示，从该公司参与的电池市场来看，电池发展新趋势主要集中在封装形式和材料两方面，封装形式方面主要以大圆柱电池为代表，材料方面主要以固态电池、钠电池等领域为代表。 “具体来看，21/32/40/46/60系等多个圆柱全极耳电池系列均呈量产加速趋势，在新能源汽车、储能、轻型车等市场应用不断提升，未来有望进一步放量，并成为主流的电池技术路径之一。”吴轩称。 值得一提的是，逸飞激光在10月底的投资者调研中提到，该公司在新型激光系统、激光智能感知、超快激光应用等多方面取得新突破。 吴轩今日（11月11日）进一步介绍了上述新突破：该公司基于新型激光智能感知系统在激光在线检测领域获得新的突破与应用；在超快、高功率激光系统方面获得突破与升级，并实现了超快激光在钙钛矿及相关玻璃基新型材料、电池极片微加工等方面的应用，其主要应用包括激光划线、激光封装等。 “我们也已实现半固态/固态电芯装配设备、模组PACK设备以及整厂智慧物流成套系统对头部客户的交付，正推进固态电池激光封装工艺与装备的研发与产业化应用。”吴轩进一步表示。,0,科创板日报,9252950692,2024-11-11 05:40:12,0,2,0,19209,0,雪球,https://xueqiu.com/9252950692/312137872,2026-07-08 16:22:05
312172597,SH688646,ST逸飞,,逸飞激光于2024年11月11日上午10:00-11:00在上海证券交易所上证路演中心举行了2024年第三季度业绩说明会，就投资者关心的问题进行交流，具体交流内容详见《投资者关系活动记录表（2024年第三季度业绩说明会）》 网页链接,0,ST逸飞(SH688646),0,2024-11-11 07:58:01,0,0,0,949,0,互动易,https://xueqiu.com/S/SH688646/312172597,2026-07-08 16:22:05
312173793,SH688646,ST逸飞,,逸飞激光：投资者关系活动记录表（2024年第三季度业绩说明会） 网页链接,0,ST逸飞(SH688646),0,2024-11-11 08:03:06,0,0,0,5914,0,公告,https://xueqiu.com/S/SH688646/312173793,2026-07-08 16:22:05
312193777,SH688646,ST逸飞,逸飞激光：公司与松山湖材料实验室签订战略合作，联合开发新型结构化极片与激光微加工技术,同花顺（300033）金融研究中心11月11日讯，有投资者向逸飞激光提问， 据报道，中科院物理研究所将联合松山湖材料实验室，在松山湖建设先进阿秒激光设施。同时成立阿秒科学中心，聚集一大批国内外优秀的研究人员和工程技术人员。据了解，突破微米级的超快激光包括纳秒、皮秒、阿秒激光。请问公司在研项目“超快激光精密加工技术研究及产业化”（提升精度突破微米级）与松山湖先进阿秒激光设施建设有关吗？公司会参与松山湖先进阿秒激光设施建设吗？谢谢！ 公司回答表示，尊敬的投资者您好！公司在研项目“超快激光精密加工技术研究及产业化”主要应用在新能源电池、精密电子、新型材料、半导体等精密加工领域。公司与松山湖材料实验室签订战略合作，联合开发新型结构化极片与激光微加工技术，进一步探索锂电池新材料新工艺的产业化应用路径，加快固态电池关键工艺技术的创新突破与产业化应用。感谢您的关注。 点击进入交易所官方互动平台查看更多,0,ST逸飞(SH688646),0,2024-11-11 10:00:19,0,0,0,3150,0,新闻,https://xueqiu.com/S/SH688646/312193777,2026-07-08 16:22:05
312193941,SH688646,ST逸飞,逸飞激光：公司股价受宏观经济状况、政策调控、市场环境、投资者情绪或预期等多种因素影响,"同花顺（300033）金融研究中心11月11日讯，有投资者向逸飞激光提问， 如果逸飞学习其它公司，回购的股份用于注销，那么公司大小股东双赢。公司长期低于发行价格，二级市场投资者没有盈利的，回购用于股权激励，对中小投资者没有意义。另外，最近不断有大宗交易，价格明显低于发行价，是不是意味着目前市值体现了公司价值？ 公司回答表示，尊敬的投资者您好！公司高度重视投资者权益保护，全面推出并实施“提质增效重回报”行动计划，积极实施回购股份、一年多次分红等措施回馈投资者，2023年上市至今累计回购80,829,731.84元、累计分红43,244,459.67元。公司股价受宏观经济状况、政策调控、市场环境、投资者情绪或预期等多种因素影响，大宗交易价格并不能体现公司价值。近期大宗交易主要是上市前机构股东因其自身存续期限、资金需求等发生的自身交易行为，且部分大宗交易对象需锁定6个月。未来，公司将会持续聚焦主业，加大研发创新，努力提升经营质量，推动业务与资本的高效协同，进一步推动公司高质量发展和内在价值的提升，以回报广大投资者。感谢您的关注。 点击进入交易所官方互动平台查看更多",0,ST逸飞(SH688646),0,2024-11-11 10:01:23,0,0,0,3141,0,新闻,https://xueqiu.com/S/SH688646/312193941,2026-07-08 16:22:05
312194054,SH688646,ST逸飞,逸飞激光：公司与松山湖材料实验室目前项目合作进展顺利,同花顺（300033）金融研究中心11月11日讯，有投资者向逸飞激光提问， 10月18日，逸飞激光与中科院松山湖材料实验室签署固态电池关键核心技术的合作协议，将充分发挥松山湖材料实验室科研力量和逸飞激光精密激光加工技术的核心优势，联合开发新型结构化极片与激光微加工技术，加快固态电池关键工艺技术的创新突破与产业化应用。请问相关合作目前进展情况如何？该合作内容与公司“超快激光精密技术研究及产业化”研发项目有关吗？谢谢！ 公司回答表示，尊敬的投资者您好！公司与松山湖材料实验室目前项目合作进展顺利，本次合作的部分内容是公司“超快激光精密技术研究及产业化”研发项目的应用方向之一。感谢您的关注。 点击进入交易所官方互动平台查看更多,0,ST逸飞(SH688646),0,2024-11-11 10:02:23,0,0,0,3299,0,新闻,https://xueqiu.com/S/SH688646/312194054,2026-07-08 16:22:05
312194164,SH688646,ST逸飞,逸飞激光：新聚力推出半导体AMHS系统对标行业领先水平,同花顺（300033）金融研究中心11月11日讯，有投资者向逸飞激光提问， 公司的控股子公司新聚力在亚洲国际物流展展出半导体物流设备获得广泛关注，具体产品与市场情况可否详细介绍一下？ 公司回答表示，尊敬的投资者您好！新聚力在CeMAT亚洲国际物流展全面推出了半导体AMHS系统，包含线边密集库（Stocker）、高速塔式提升机（Tower）、天车搬运系统（OHT）等系列核心设备与软件，全面对标行业领先水平，并已经实现部分设备的国产替代，帮助半导体晶圆厂实现大规模量产条件下的高效、安全、无尘的全自动搬运和仓储。目前，日本大福、村田机械等海外企业占据绝大部分市场份额，国产化率较低；随着全球半导体行业的快速发展，半导体AMHS系统行业规模将随之增长，半导体物流设备市场空间广阔。感谢您的关注。 点击进入交易所官方互动平台查看更多,0,ST逸飞(SH688646),0,2024-11-11 10:03:23,0,0,0,3404,0,新闻,https://xueqiu.com/S/SH688646/312194164,2026-07-08 16:22:05
312194513,SH688646,ST逸飞,逸飞激光：公司在超快激光领域有相关技术储备，可在钙钛矿及相关新型材料等领域进行应用，主要应用包括...,同花顺（300033）金融研究中心11月11日讯，有投资者向逸飞激光提问， 钙钛矿材料是一类具有优异光电性质的半导体材料，在太阳能电池、光电探测、 LED 等领域具有广阔的应用前景。钙钛矿叠层电池被认为是光伏下一代技术。 近日公司微信公众号提到，“逸飞激光工程技术研究院以新能源电池、钙钛矿及相关新型材料应用等先进产业的应用需求为导向，指引新能源电池装备与激光应用技术的全面创新突破”。 请问公司是否在开展与“钙钛矿及相关新型材料应用”的业务？具体是哪方面技术和应用领域？谢谢！ 公司回答表示，尊敬的投资者您好！公司在超快激光领域有相关技术储备，可在钙钛矿及相关新型材料等领域进行应用，主要应用包括激光划线、激光封装等。感谢您的关注。 点击进入交易所官方互动平台查看更多,0,ST逸飞(SH688646),0,2024-11-11 10:06:17,0,0,0,3386,0,新闻,https://xueqiu.com/S/SH688646/312194513,2026-07-08 16:22:04
312194776,SH688646,ST逸飞,逸飞激光：公司主要基于战略规划及未来整体经营业务发展的需要而设立武汉逸飞私募基金管理有限公司、武...,同花顺（300033）金融研究中心11月11日讯，有投资者向逸飞激光提问， 董秘您好！近期公司成立了武汉逸飞私募基金管理有限公司、武汉逸智先进技术研究有限公司、武汉逸智信诚技术检测有限公司等子公司。请问上述子公司成立的目的是什么？与公司的业务及发展规划有何关系？谢谢！ 公司回答表示，尊敬的投资者您好！公司主要基于战略规划及未来整体经营业务发展的需要而设立上述子公司，旨在通过系统性提升研发创新能力以及拓展检测服务业务，并寻求激光与光电产业、高端智能装备产业、新能源电池产业及其他新兴领域内的投资并购、孵化等潜在机会，通过内生外延式发展，推动业务与资本协同，实现高质量发展。感谢您的关注！ 点击进入交易所官方互动平台查看更多,0,ST逸飞(SH688646),0,2024-11-11 10:08:19,0,0,0,3435,0,新闻,https://xueqiu.com/S/SH688646/312194776,2026-07-08 16:22:04
312195352,SH688646,ST逸飞,逸飞激光：公司基于新型激光智能感知系统在激光在线检测领域获得新的突破与应用，在超快、高功率激光系...,同花顺（300033）金融研究中心11月11日讯，有投资者向逸飞激光提问， 董秘您好！近日逸飞激光在接待机构调研时表示，公司工程技术研究院构建了“研发创新-工程转化-分析测试”为一体的新型创新平台，目前已有多家行业客户在平台上完成了新产品、新工艺开发验证。同时，在新型激光系统、激光智能感知、超快激光应用等多方面取得新突破。请问能否详细介绍一下新型激光系统、激光智能感知、超快激光应用等多方面取得新突破的技术和产品等情况，以及相关技术、产品等的应用前景？谢谢！ 公司回答表示，尊敬的投资者您好！公司基于新型激光智能感知系统在激光在线检测领域获得新的突破与应用，在超快、高功率激光系统方面获得突破与升级，并实现了超快激光在钙钛矿及相关玻璃基新型材料、电池极片微加工等方面的应用，相关技术于新能源电池、精密电子、新型材料、半导体等精密加工领域应用广泛，具体情况请关注公司后续披露的定期报告。感谢您的关注。 点击进入交易所官方互动平台查看更多,0,ST逸飞(SH688646),0,2024-11-11 10:12:19,0,0,0,3918,0,新闻,https://xueqiu.com/S/SH688646/312195352,2026-07-08 16:22:04
312200065,SH688646,ST逸飞,逸飞激光：11月11日召开业绩说明会，投资者参与,"证券之星消息，2024年11月11日逸飞激光（688646）发布公告称公司于2024年11月11日召开业绩说明会。具体内容如下：问：公司有说到今年以来 46系设备订单同比去年大幅增加，那么今年四季度乃至明年，是否有延续增长势头的可能性？答：尊敬的投资者您好！今年以来，公司大圆柱电芯装备订单同比去年大幅增加，其中，46系设备订单增速显著。截止目前，特斯拉公告 4680电池累计量产已突破 1亿颗，有望迎来规模化装车与应用；整体市场来看，21/32/40/46/60系等多个圆柱全极耳电池系列均呈量产加速趋势，未来有望进一步放量，并成为主流的电池技术路径之一。随着大圆柱电池规模化量产加速，公司作为行业内掌握圆柱全极耳电芯装配核心技术的设备供应商，将凭借在圆柱电芯装备技术、工艺、市场等方面的全面领先优势进一步受益。感谢您的关注。问：从公司对下游客户与市场的了解来看，公司认为目前以及明年电池市场有哪些新的趋势？答：尊敬的投资者您好！从公司参与的电池市场来看，电池发展新趋势主要集中在封装形式和材料两方面，封装形式方面主要以大圆柱电池为代表，材料方面主要以固态电池、钠电池等领域为代表。感谢您的关注。问：请公司的大圆柱电池最新的市场开拓情况如何？公司认为今年四季度电池市场情况如何？明年是否有进一步快速发展的可能性？答：尊敬的投资者您好！今年以来，公司大圆柱电芯装备订单同比去年大幅增加，其中，46系设备订单增速显著。截至目前，特斯拉公告 4680电池累计量产已突破 1亿颗，有望迎来规模化装车与应用；整体市场来看，21/32/40/46/60系等多个圆柱全极耳电池系列均呈量产加速趋势，未来有望进一步放量，并成为主流的电池技术路径之一。随着大圆柱电池规模化量产加速，公司作为行业内掌握圆柱全极耳电芯装配核心技术的设备供应商，将凭借在圆柱电芯装备技术、工艺、市场等方面的全面领先优势进一步受益。感谢您的关注。问：公司最新的钠电池、固态电池项目进展如何？答：尊敬的投资者您好！公司实现钠电池电芯装配设备、固态电池电芯装配设备、模组 PCK设备以及整厂智慧物流成套系统对头部客户的交付。感谢您的关注。问：从公司对下游客户与市场的了解来看，明年储能市场会有哪些趋势？公司在该方面的客户拓展进展如何？答：尊敬的投资者您好，储能市场是新能源电池主要应用领域，公司主要电池客户多数都有从事储能业务。从长期来看，在“双碳”战略背景下，储能市场发展前景良好，公司将持续开拓储能市场客户，不断发展储能相关的新业务。感谢您的关注。问：公司股本较小，财务指标不错，并且基本面成长性发展潜力都不错，但二级市场表现不佳，建议年度分配方案中考虑大比例转增股本。谢谢！答：尊敬的投资者您好！感谢您的建议，公司高度重视股东报，一年多次分红，与广大投资者共享公司发展成果。公司 2023 年年度分红 31,047,258.99 元，2024 年半年度分红12,197,200.68元，未来公司将综合考虑股价、经营业绩、未来投资计划、资本市场发展情况等多种因素后制定适当的分红方案。感谢您的关注。问：公司前三季度营收中，各个业务板块占比如何？哪些板块是增长较为迅速的？答：尊敬的投资者您好！公司整体业绩实现稳健增长，2024年前三季度营收 5.35亿元，同比增长 15.18%，归母净利润 5,557.90万元，同比增长 10.56%，其中，圆柱全极耳电芯设备和模组 PCK设备业务收入占比较高，且圆柱全极耳电芯设备业务收入增速较快。感谢您的关注。问：公司的全固态电池激光封装工艺及新型设备研发进展如何？答：尊敬的投资者您好！公司已实现固态电池电芯装配设备、模组 PCK设备以及整厂智慧物流成套系统对头部客户的交付，目前正在积极推进固态电池激光封装工艺与装备的研发与产业化应用，具体研发进展请关注公司定期报告。感谢您的关注。问：公司微信公众号到，公司工程技术研究院是新型创新平台，其中到“以新能源电池、钙钛矿及相关新型材料应用等先进产业的应用需求为导向，指引新能源电池装备与激光应用技术的全面创新突破”。请公司是否在开展与“钙钛矿及相关新型材料应用”相关的工作？具体是哪方面？谢谢！答：尊敬的投资者您好！公司在超快激光领域有相关技术储备，可在钙钛矿及相关新型材料等领域进行应用，主要应用包括激光划线、激光封装等。感谢您的关注。问：近日，长安汽车和太蓝新能源发布最新的固态电池技术引起行业关注，请公司与长安、太蓝是否有业务往来？答：尊敬的投资者您好！公司与长安汽车、太蓝新能源均有业务合作。感谢您的关注。问：请公司与中科院松山湖材料实验室的合作目前进展情况如何？公司目前在固态电池方面取得了哪些成果及应用？谢谢！答：尊敬的投资者您好！目前，公司已实现固态电池电芯装配设备、模组 PCK设备以及整厂智慧物流成套系统对头部客户的交付，未来公司还将持续加大力度推进固态电池激光封装工艺与装备的研发与产业化应用。公司与松山湖材料实验室签订战略合作，联合开发新型结构化极片与激光微加工技术，进一步探索锂电池“新材料、新工艺、新装备”一体的产业化应用路径，加快固态电池关键工艺技术的创新突破与产业化应用。感谢您的关注。问：前三季度公司计了资产减值准备 3000 多万元，今后计的坏账如果收回的话，是否可以计回利润？谢谢！答：尊敬的投资者您好！公司 2024 年前三季度确认资产减值损失和信用减值损失共计 3,124.89万元，是基于公司实际情况和会计准则做出的判断，主要是应收账款和存货等的计提减值。公司将会持续加强对应收账款的管理，积极推动应收账款款，若已计提应收账款后续收的，可根据实现情况进行冲。感谢您的关注。问：公司目前的订单和产能情况如何？预计四季度订单如何？答：尊敬的投资者您好！目前，公司在手订单充裕，现有产能能够满足订单需求，且公司总部基地项目正在建设中，后续也会根据市场需求和订单情况，进一步扩大产能。感谢您的关注。问：公司在最近调研时到“公司工程技术研究院构建了“研发创新-工程转化-分析测试”为一体的新型创新平台，在新型激光系统、激光智能感知、超快激光应用等多方面取得新突破”。请公司具体取得了哪些突破，具体研发和市场进展如何？答：尊敬的投资者您好！公司基于新型激光智能感知系统在激光在线检测领域获得新的突破与应用，在超快、高功率激光系统方面获得突破与升级，并实现了超快激光在钙钛矿及相关玻璃基新型材料、电池极片微加工等方面的应用，具体情况请关注公司后续披露的定期报告。感谢您的关注。问：近日中信证券等投资机构调研逸飞激光时，公司到，公司工程技术研究院取得的成果，其中到，在新型激光系统、激光智能感知、超快激光应用等多方面取得新突破。请在新型激光系统、激光智能感知、超快激光应用等多方面取得新突破具体是哪些突破？谢谢！答：尊敬的投资者您好！公司基于新型激光智能感知系统在激光在线检测领域获得新的突破与应用，在超快、高功率激光系统方面获得突破与升级，并实现了超快激光在钙钛矿及相关玻璃基新型材料、电池极片微加工等方面的应用，具体情况请关注公司后续披露的定期报告。感谢您的关注。逸飞激光（688646）主营业务：从事精密激光加工智能装备研发、设计、生产和销售。逸飞激光2024年三季报显示，公司主营收入5.35亿元，同比上升15.18%；归母净利润5557.9万元，同比上升10.56%；扣非净利润3619.88万元，同比上升2.84%；其中2024年第三季度，公司单季度主营收入1.86亿元，同比上升23.35%；单季度归母净利润1519.68万元，同比上升7.09%；单季度扣非净利润965.25万元，同比上升18.47%；负债率39.7%，投资收益949.64万元，财务费用179.65万元，毛利率29.35%。融资融券数据显示该股近3个月融资净流入3949.04万，融资余额增加；融券净流入0.0，融券余额增加。以上内容为证券之星据公开信息整理，由智能算法生成，不构成投资建议。",0,证券之星财经,5187193467,2024-11-11 10:50:21,0,1,0,14322,0,雪球,https://xueqiu.com/5187193467/312200065,2026-07-08 16:22:04
312202381,SH688646,ST逸飞,逸飞激光：公司会积极关注相关地区业务合作机会。感谢您的关注和宝贵建议！,"证券之星消息，逸飞激光(688646)11月11日在投资者关系平台上答复投资者关心的问题。投资者：钙钛矿材料是一类具有优异光电性质的半导体材料，在太阳能电池、光电探测、LED等领域具有广阔的应用前景。钙钛矿叠层电池被认为是光伏下一代技术。近日公司微信公众号提到，“逸飞激光工程技术研究院以新能源电池、钙钛矿及相关新型材料应用等先进产业的应用需求为导向，指引新能源电池装备与激光应用技术的全面创新突破”。请问公司是否在开展与“钙钛矿及相关新型材料应用”的业务？具体是哪方面技术和应用领域？谢谢！逸飞激光董秘：尊敬的投资者您好！公司在超快激光领域有相关技术储备，可在钙钛矿及相关新型材料等领域进行应用，主要应用包括激光划线、激光封装等。感谢您的关注。投资者：据报道，中科院物理研究所将联合松山湖材料实验室，在松山湖建设先进阿秒激光设施。同时成立阿秒科学中心，聚集一大批国内外优秀的研究人员和工程技术人员。据了解，突破微米级的超快激光包括纳秒、皮秒、阿秒激光。请问公司在研项目“超快激光精密加工技术研究及产业化”（提升精度突破微米级）与松山湖先进阿秒激光设施建设有关吗？公司会参与松山湖先进阿秒激光设施建设吗？谢谢！逸飞激光董秘：尊敬的投资者您好！公司在研项目“超快激光精密加工技术研究及产业化”主要应用在新能源电池、精密电子、新型材料、半导体等精密加工领域。公司与松山湖材料实验室签订战略合作，联合开发新型结构化极片与激光微加工技术，进一步探索锂电池新材料新工艺的产业化应用路径，加快固态电池关键工艺技术的创新突破与产业化应用。感谢您的关注。投资者：10月18日，逸飞激光与中科院松山湖材料实验室签署固态电池关键核心技术的合作协议，将充分发挥松山湖材料实验室科研力量和逸飞激光精密激光加工技术的核心优势，联合开发新型结构化极片与激光微加工技术，加快固态电池关键工艺技术的创新突破与产业化应用。请问相关合作目前进展情况如何？该合作内容与公司“超快激光精密技术研究及产业化”研发项目有关吗？谢谢！逸飞激光董秘：尊敬的投资者您好！公司与松山湖材料实验室目前项目合作进展顺利，本次合作的部分内容是公司“超快激光精密技术研究及产业化”研发项目的应用方向之一。感谢您的关注。投资者：如果逸飞学习其它公司，回购的股份用于注销，那么公司大小股东双赢。公司长期低于发行价格，二级市场投资者没有盈利的，回购用于股权激励，对中小投资者没有意义。另外，最近不断有大宗交易，价格明显低于发行价，是不是意味着目前市值体现了公司价值？逸飞激光董秘：尊敬的投资者您好！公司高度重视投资者权益保护，全面推出并实施“提质增效重回报”行动计划，积极实施回购股份、一年多次分红等措施回馈投资者，2023年上市至今累计回购80,829,731.84元、累计分红43,244,459.67元。公司股价受宏观经济状况、政策调控、市场环境、投资者情绪或预期等多种因素影响，大宗交易价格并不能体现公司价值。近期大宗交易主要是上市前机构股东因其自身存续期限、资金需求等发生的自身交易行为，且部分大宗交易对象需锁定6个月。未来，公司将会持续聚焦主业，加大研发创新，努力提升经营质量，推动业务与资本的高效协同，进一步推动公司高质量发展和内在价值的提升，以回报广大投资者。感谢您的关注。投资者：深汕特别合作区是深圳产业转移承载地、新引进重大产业项目目的地和粤东高质量发展孵化器，聚焦新能源汽车和新型储能、新材料、智能制造及海洋装备制造、海上新能源等产业，公司的技术、产品、业务等有一定的关联性，请问公司是否有意到深汕合作区考察合作及发展机会。谢谢！逸飞激光董秘：尊敬的投资者您好！公司会积极关注相关地区业务合作机会。感谢您的关注和宝贵建议！投资者：董秘您好！近期公司成立了武汉逸飞私募基金管理有限公司、武汉逸智先进技术研究有限公司、武汉逸智信诚技术检测有限公司等子公司。请问上述子公司成立的目的是什么？与公司的业务及发展规划有何关系？谢谢！逸飞激光董秘：尊敬的投资者您好！公司主要基于战略规划及未来整体经营业务发展的需要而设立上述子公司，旨在通过系统性提升研发创新能力以及拓展检测服务业务，并寻求激光与光电产业、高端智能装备产业、新能源电池产业及其他新兴领域内的投资并购、孵化等潜在机会，通过内生外延式发展，推动业务与资本协同，实现高质量发展。感谢您的关注！投资者：董秘您好！近日逸飞激光在接待机构调研时表示，公司工程技术研究院构建了“研发创新-工程转化-分析测试”为一体的新型创新平台，目前已有多家行业客户在平台上完成了新产品、新工艺开发验证。同时，在新型激光系统、激光智能感知、超快激光应用等多方面取得新突破。请问能否详细介绍一下新型激光系统、激光智能感知、超快激光应用等多方面取得新突破的技术和产品等情况，以及相关技术、产品等的应用前景？谢谢！逸飞激光董秘：尊敬的投资者您好！公司基于新型激光智能感知系统在激光在线检测领域获得新的突破与应用，在超快、高功率激光系统方面获得突破与升级，并实现了超快激光在钙钛矿及相关玻璃基新型材料、电池极片微加工等方面的应用，相关技术于新能源电池、精密电子、新型材料、半导体等精密加工领域应用广泛，具体情况请关注公司后续披露的定期报告。感谢您的关注。投资者：公司的控股子公司新聚力在亚洲国际物流展展出半导体物流设备获得广泛关注，具体产品与市场情况可否详细介绍一下？逸飞激光董秘：尊敬的投资者您好！新聚力在CeMAT亚洲国际物流展全面推出了半导体AMHS系统，包含线边密集库（Stocker）、高速塔式提升机（Tower）、天车搬运系统（OHT）等系列核心设备与软件，全面对标行业领先水平，并已经实现部分设备的国产替代，帮助半导体晶圆厂实现大规模量产条件下的高效、安全、无尘的全自动搬运和仓储。目前，日本大福、村田机械等海外企业占据绝大部分市场份额，国产化率较低；随着全球半导体行业的快速发展，半导体AMHS系统行业规模将随之增长，半导体物流设备市场空间广阔。感谢您的关注。以上内容为证券之星据公开信息整理，由智能算法生成，不构成投资建议。",0,证券之星财经,5187193467,2024-11-11 11:10:22,0,0,0,22595,0,雪球,https://xueqiu.com/5187193467/312202381,2026-07-08 16:22:04
312318644,SH688646,ST逸飞,逸飞激光：公司与松山湖材料实验室目前项目合作进展顺利,每经AI快讯，有投资者在投资者互动平台提问：10月18日，逸飞激光与中科院松山湖材料实验室签署固态电池关键核心技术的合作协议，将充分发挥松山湖材料实验室科研力量和逸飞激光精密激光加工技术的核心优势，联合开发新型结构化极片与激光微加工技术，加快固态电池关键工艺技术的创新突破与产业化应用。请问相关合作目前进展情况如何？该合作内容与公司“超快激光精密技术研究及产业化”研发项目有关吗？ 逸飞激光（688646.SH）11月11日在投资者互动平台表示，公司与松山湖材料实验室目前项目合作进展顺利，本次合作的部分内容是公司“超快激光精密技术研究及产业化”研发项目的应用方向之一。 (记者 蔡鼎) 免责声明：本文内容与数据仅供参考，不构成投资建议，使用前核实。据此操作，风险自担。 每日经济新闻,0,每日经济新闻,4642157440,2024-11-12 04:30:09,0,0,0,14289,0,雪球,https://xueqiu.com/4642157440/312318644,2026-07-08 16:22:04
312333431,SH688646,ST逸飞,,$逸飞激光(SH688646)$ 不知道是哪个股东这么蠢，有你这么砸的吗？傻啦吧唧,0,无尽的伊苏,8681382734,2024-11-12 05:45:03,0,1,0,22744,0,Android,https://xueqiu.com/8681382734/312333431,2026-07-08 16:22:04
312483652,SH688646,ST逸飞,,$逸飞激光(SH688646)$ $力星股份(SZ300421)$ 出农业干机器人和固态电池,0,空方代表,5867114294,2024-11-13 02:31:06,0,0,0,15800,0,Android,https://xueqiu.com/5867114294/312483652,2026-07-08 16:22:04
312494102,SH688646,ST逸飞,,$逸飞激光(SH688646)$ 科创板最小流通市值的半导体了吧？,0,空方代表,5867114294,2024-11-13 03:00:31,2,1,0,18450,0,Android,https://xueqiu.com/5867114294/312494102,2026-07-08 16:22:04
312569923,SH688646,ST逸飞,,$逸飞激光(SH688646)$ $当升科技(SZ300073)$ $宁德时代(SZ300750)$ 当升科技 ：已系统布局固态锂电正极材料及电解质，已导入辉能、清陶、卫蓝等并批量销售（来自韭研公社APP）逸飞激光：成功斩获了首条固态电池（卫蓝湖州基地）智能化成套集成系统项目，率先进入半固态锂电池领域的集成商（来自韭研公社APP）逸飞激光小市值，而且可能大家忽略了他年初收购的公司还是一家半导体公司，而且业绩对赌。等于再重新再造了一个逸飞激光。主要是便宜位置低，而且业绩好。,0,空方代表,5867114294,2024-11-13 09:04:53,6,3,0,60434,3,Android,https://xueqiu.com/5867114294/312569923,2026-07-08 16:22:04
312642878,SH688646,ST逸飞,逸飞激光前三季营收增15% 圆柱全极耳电池订单大涨,在手订单充裕，逸飞激光(688646.SH)业绩稳步提升。 逸飞激光在日前举行的业绩说明会上表示，今年以来，公司大圆柱电芯装备订单同比去年大幅增加，其中，46系设备订单增速显著。目前公司在手订单充裕，现有产能能满足订单需求，且总部基地项目正在建设，后续也会根据市场需求和订单情况，进一步扩大产能。同时，公司正积极推进固态电池激光封装工艺与装备的研发与产业化应用。 公开资料显示，逸飞激光成立于2005年，是专业从事精密激光加工智能装备研发、设计、生产和销售的国家级专精特新“小巨人”企业，能够为新能源电池、家电厨卫、装配式建筑、汽车零部件等领域提供智能装备与智慧物流装备及系统。2023年，逸飞激光在科创板挂牌上市，成为湖北第7家激光上市公司。 近年来，逸飞激光推出了圆柱全极耳电芯装配段全工序设备和圆柱全极耳电芯自动装配线等系列装备。随着大圆柱电池规模化量产加速，公司作为行业内掌握圆柱全极耳电芯装配核心技术的设备供应商，其市场开拓情况一直受到投资者关注。 逸飞激光在日前回答投资者提问时指出，公司各个系列的大圆柱电芯装配线已实现批量交付，在今年前三季度的营收中，圆柱全极耳电芯设备和模组PACK设备业务收入占比较高，且圆柱全极耳电芯设备业务收入增速较快。 据悉，截至目前，特斯拉公告4680电池累计量产已突破1亿颗，有望迎来规模化装车与应用；整体市场来看，21/32/40/46/60系等多个圆柱全极耳电池系列均呈量产加速趋势，未来有望进一步放量，并成为主流的电池技术路径之一。 目前，逸飞激光已实现固态电池电芯装配设备、模组PACK设备以及整厂智慧物流成套系统对头部客户的交付，未来公司还将持续加大力度推进固态电池激光封装工艺与装备的研发与产业化应用。 业务发展向好也体现在业绩上。财报显示，逸飞激光今年前三季度实现营业总收入5.35亿元，归母净利润5557.9万元，分别同比增长15.18%和10.56%；前三季度公司投入研发资金6055万元，同比增长21.83%。 值得一提的是，在聚焦主业发展的同时，逸飞激光还积极拓展新行业、新业务的布局，进一步丰富公司的产品矩阵，促进业务的快速发展。 今年5月，公司以3000万元自有资金战略收购无锡新聚力科技有限公司(简称“新聚力”)51%股权。该公司是一家智慧物流系统解决方案供应商，产品主要应用于新能源电池等领域，双方主营业务均与新能源电池有关，且有一定的差异性和互补性。 逸飞激光日前表示，新聚力经营稳健，2024年前三季度业绩情况表现良好。目前，新聚力储备订单较为充裕，双方正在加快整合优势资源、高效协同，将积极推动业绩目标的达成。 逸飞激光称，新聚力在半导体业务领域，储备了深厚的技术和优质的客户，在半导体AMHS设备领域实现了部分核心设备的国产替代。双方深度融合以来，新聚力产品持续突破，全面推出了Stocker、ZipTower、AMR、OHT等系列核心设备与软件，并将在CeMAT2024亚洲国际物流技术与运输系统展览会上展出。除此之外，公司也在积极关注精密激光加工在半导体领域应用的业务机会和相关投资并购机会。,0,ST逸飞(SH688646),0,2024-11-14 00:55:16,0,0,0,4250,0,新闻,https://xueqiu.com/S/SH688646/312642878,2026-07-08 16:22:04
312676726,SH688646,ST逸飞,,$逸飞激光(SH688646)$ 质地比信宇人好多了，可惜这个市场从不看基本面,0,没这个命,4495113718,2024-11-14 02:45:29,1,0,0,18170,0,Android,https://xueqiu.com/4495113718/312676726,2026-07-08 16:22:04
312924075,SH688646,ST逸飞,,逸飞激光46系大圆柱电池产线已应用于4680/4695/46120等46系主流电芯规格，全面适用于46系三元锂电池、磷酸铁锂电池量产，也涵盖了双通/单通不同工艺路径的装备需求，助力多家电池企业实现46系大圆柱电池的规模化量产，加速46系大圆柱电池规模化应用。与此同时，逸飞激光还在业内率先推出高速磁悬浮大圆柱全极耳电池智能组装线，并已交付客户工厂。该产线搭载业内首推的磁悬浮传输技术，实现主工序段最高2000mm/s高速传输，结合飞拍检测技术、全清洗工艺，实现高良率、高精度、高柔性、智能化、低耗能生产，助力极限制造。凭借公司在圆柱全极耳电池领域的装备优势，在行业扩产低谷期，逸飞激光整体业绩保持稳健增长。今年前三季度，逸飞激光实现营收5.35亿元，同比增长15.18%；实现归母净利润5557.9万元，同比增长10.56%。其中，圆柱全极耳电芯设备和模组PACK设备业务收入占比较高，且圆柱全极耳电芯设备业务收入增速较快。而随着大圆柱电池规模化量产加速，作为业内掌握圆柱全极耳电芯装配核心技术的设备供应商，逸飞激光有望凭借其在圆柱电芯生产装备技术、工艺、市场等方面的全面领先优势进一步受益。吴轩透露，目前该公司在手订单充裕，现有产能能满足订单需求，且总部基地项目正在建设，后续也会根据市场需求和订单情况，进一步扩大产能。,0,巍卓铭诚,1334287437,2024-11-15 06:38:49,0,3,0,20109,0,雪球,https://xueqiu.com/1334287437/312924075,2026-07-08 16:22:04
312927171,SH688646,ST逸飞,,$逸飞激光(SH688646)$ $力星股份(SZ300421)$ 我亏点，兄弟们亏了多，等于我今天血赚。！！！！！！！,0,空方代表,5867114294,2024-11-15 06:48:48,0,1,0,19204,0,Android,https://xueqiu.com/5867114294/312927171,2026-07-08 16:22:04
312931417,SH688646,ST逸飞,大圆柱+固态多维发力，逸飞激光装备迎来利好,大圆柱电池、固态电池领域将是接下来几年设备企业新的增量市场，率先押注相关技术的企业或将迎来新一轮的快速增长期，甚至改写设备市场的格局。01大圆柱电池密集量产，设备订单大幅增加 进入下半年，特斯拉、LG新能源、松下能源都发出了大规模量产46系列大圆柱电池的信号。其中，9月，特斯拉宣布，第1亿颗4680电池正式下线，此时距其宣布第5000万颗电池下线，仅过去3个多月时间;同月，松下能源宣布，已为其4680电池的量产做好准备，该公司日本和歌山工厂将率先量产4680电池。同时，LG新能源也透露，其将于今年12月量产配套特斯拉的4680电池，同时该公司还将向Rivian大规模配套4695电池，预计未来5年总配套量约67GWh。 国内来看，亿纬锂能此前透露，截至今年3月，公司已下线超610万颗大圆柱电池，截至今年6月中旬已配套2.1万辆电动汽车。此外，宁德时代、远景动力、国轩高科、比克电池、宁德时代、正力新能、力神电池等多家企业大圆柱电池的研发量产进程正密集推进。 事实上，设备端对于大圆柱电池的量产反应要更为直接。 “今年以来，公司大圆柱电芯装备订单同比大幅增加，其中，46 系设备订单增速显著。”逸飞激光董事长兼总经理吴轩在其公司2024年第三季度业绩说明会上透露，从整体市场来看，21/32/40/46/60系等多个圆柱全极耳电池系列均呈量产加速趋势，未来有望进一步放量，并成为主流的电池技术路径之一。 逸飞激光深耕圆柱全极耳电池装备领域15年，自主创新核心技术，率先突破圆柱全极耳电池制造工艺与装备技术难题，推出圆柱全极耳电芯装配系列设备，具备高效率、高良率、高智能化等优势，成为众多头部电池企业和车企的首选，且产品入选国家级制造业单项冠军产品名录。 据了解，针对46系大圆柱电池，逸飞激光推出了直线式、转塔式、磁悬浮式和组合式等多种激光封装产线。近期，逸飞激光46系大圆柱电池量产线迎来千PPM级批量交付，陆续下线50/120/150/240/300/360PPM等多条量产线。 逸飞激光46系大圆柱电池产线已应用于4680/4695/46120等46系主流电芯规格，全面适用于46系三元锂电池、磷酸铁锂电池量产，也涵盖了双通/单通不同工艺路径的装备需求，助力多家电池企业实现46系大圆柱电池的规模化量产，加速46系大圆柱电池规模化应用。 与此同时，逸飞激光还在业内率先推出高速磁悬浮大圆柱全极耳电池智能组装线，并已交付客户工厂。该产线搭载业内首推的磁悬浮传输技术，实现主工序段最高2000mm/s高速传输，结合飞拍检测技术、全清洗工艺，实现高良率、高精度、高柔性、智能化、低耗能生产，助力极限制造。 凭借公司在圆柱全极耳电池领域的装备优势，在行业扩产低谷期，逸飞激光整体业绩保持稳健增长。今年前三季度，逸飞激光实现营收5.35亿元，同比增长15.18%;实现归母净利润5557.9万元，同比增长10.56%。其中，圆柱全极耳电芯设备和模组PACK设备业务收入占比较高，且圆柱全极耳电芯设备业务收入增速较快。 而随着大圆柱电池规模化量产加速，作为业内掌握圆柱全极耳电芯装配核心技术的设备供应商，逸飞激光有望凭借其在圆柱电芯生产装备技术、工艺、市场等方面的全面领先优势进一步受益。吴轩透露，目前该公司在手订单充裕，现有产能能满足订单需求，且总部基地项目正在建设，后续也会根据市场需求和订单情况，进一步扩大产能。02持续大力推进固态电池激光封装工艺与装备产业化应用 固态电池产业化无疑是新能源电池产业下一个暴增点，宁德时代、亿纬锂能、国轩高科、中创新航、清陶能源以及广汽埃安、长安汽车、上汽等多家车企，已经公布了其各自的全固态电池量产或装车时间表。未来几年，基于固态电池的装备研发及出货也将是锂电装备端的下一个爆点。 作为新能源行业领先的精密激光加工智能装备提供商，逸飞激光高度重视固态电池等新技术发展趋势，以工程技术研究院为载体，构建了“研发创新-工程转化-分析测试”为一体的新型创新平台。 目前，逸飞激光已完成多项核心技术与装备开发，实现固态电池电芯装配设备、模组PACK设备以及整厂智慧物流成套系统对头部客户的交付。 与此同时，逸飞激光也在协同产业链上的企业，摸索新技术以应对固态电池产业化在制程工艺上的种种挑战。今年10月，逸飞激光与松山湖材料实验室在武汉签署协议，双方将在固态电池电极关键工艺和装备领域协力合作，探索协同创新赋能产业升级的新路径。 根据协议内容，双方将以新能源电池产业的核心发展需求及产业生态建设为目标，进一步探索“新材料、新工艺、新装备”在更多领域的协同创新应用，充分发挥松山湖材料实验室科研力量和逸飞激光精密激光加工技术的核心优势，联合开发新型结构化极片与激光微加工技术，进一步探索锂电池新材料新工艺的产业化应用路径，加快固态电池关键工艺技术的创新突破与产业化应用。 2024年11月18日-20日，由中国化学与物理电源行业协会联合电池中国网共同主办的第九届动力电池应用国际峰会(CBIS2024)，将在中国上海召开。峰会主题为“向新·融合——开创产业合作新时代”。11月18日下午将举行的“先进电池技术及应用”主题论坛，将由武汉逸飞激光股份有限公司专场冠名。届时，逸飞激光工程技术研究院研发总监雷波将带来题为《激光系统创新助推电池智能装备升级》的主题演讲，敬请关注!,0,用户3105890754,3105890754,2024-11-15 07:00:52,0,1,0,35425,0,雪球,https://xueqiu.com/3105890754/312931417,2026-07-08 16:22:04
313052382,SH688646,ST逸飞,逸飞激光加码固态电池，助推产业化进程加速,会议倒计时4天 2024高工锂电年会 暨高工金球奖颁奖典礼 ——重整边界 重构价值 重塑生态 主办单位：高工锂电、高工产业研究院（GGII） 协办单位：瑞能股份 总冠名：海目星激光 金球奖冠名：杉杉科技、科达利 专场冠名：德福科技、英联复合集流体、汉嵙新材、逸飞激光、锐科激光、欧科工业空调、华视集团 金球奖全程特约赞助：思客琦 产品发布会：尚水智能 年会时间：2024年11月20-22日 年会地点：深圳前海华侨城JW万豪酒店 近期，固态电池产业链上捷报频传，一系列关键进展正引领着新能源领域的深刻变革。 太蓝新能源与长安汽车联合发布无隔膜固态锂电池技术，计划于2026年实现无隔膜半固态电池装车验证，2027年实现无隔膜全固态电池批量生产；卫蓝新能源北京固态电池量产建设项目已于10月开工，董事长俞会根表示，全固态电池 2027年在整车上进行小规模验证完全可能；宁德时代、华为、比亚迪等知名企业也相继公布固态电池相关专利，展现了固态电池技术的深厚积淀与创新活力；广汽集团更是进一步明确表示，其全固态电池的研发成果已初步打通全流程制造工艺，计划在2026年将该技术应用于汽车搭载。 与此同时，固态电池在投融资领域也热度不减。据高工产业研究院（GGII）数据显示，截至2024年9月底，国内已有24家固态电池企业完成75笔融资，这表明一级市场继续看好固态电池的发展前景，并给予其强有力的资金支持。 固态电池作为动力电池领域的前沿技术，因其高能量密度、高安全性等显著优势，被视为下一代电池技术的制高点。近年来，固态电池研发的消息频频传来，业内车企、电池企业乃至跨界企业均看好其发展前景，纷纷加大投入，推进固态电池产业化。 在这场固态电池技术革命中，逸飞激光凭借其深厚的技术实力和敏锐的市场洞察力，成功实现了固态电池市场的开拓，据悉，逸飞激光已完成多项固态/半固态电池装备的核心技术与工艺的开发。目前，已向头部企业交付了固态电池电芯装配线、固态电池模组PACK设备以及整厂智慧物流系统等设备，其在固态电池领域的技术实力初步崭露锋芒。 逸飞激光始终紧跟新能源电池产业新技术的进化趋势，提前布局产业发展新方向，开展前瞻性研发，并以工程技术研究院为载体，构建了“研发创新-工程转化-分析测试”为一体的新型创新平台，助力电池产业链上下游的协同创新，推动技术成果向实际生产力的转化，为新技术、新产品的规模化量产和产业化进程提供了有力支撑。 为了进一步推动固态电池技术的创新与应用，逸飞激光与松山湖材料实验室携手合作，共同探索固态电池电极关键工艺和装备领域的新路径，为固态电池电极工艺和装备领域注入了新的活力。 松山湖材料实验室作为广东省第一批省实验室之一，拥有强大的科研力量和深厚的产业化布局经验。双方将以新能源电池产业的核心发展需求及产业生态建设为目标，进一步探索“新材料、新工艺、新装备”在更多领域的协同创新应用。 通过联合开发新型结构化极片与激光微加工技术，双方将加快固态电池关键工艺技术的创新突破与产业化应用，助力固态电池的产业化进程加快。 逸飞激光工程技术研究院搭建了电池结构件、电芯中试生产、电池成组应用、电池回收拆解等全产业链中试验证平台，配套建设全过程、全工艺分析测试中心。以下一代动力电池等先进产业的应用需求为导向，旨在实现新能源电池装备与激光应用技术的全面创新突破。 作为下一代动力电池技术革命浪潮的见证者与推动者，逸飞激光将参加于11月20-22日举办的2024高工锂电年会。逸飞激光将在20日下午的市场应用专场一：电动化拐点与电池迭代中，做题为《智能装备与下一代电池的协同进化》的主题演讲。 在演讲中，逸飞激光将分享其产业链协同创新战略，以及协同创新平台的能力建设与技术创新，包括固态电池智能装备、大圆柱电池智能装备、超快激光加工等领域的技术突破、市场应用等，与产业链企业共同探讨下一代电池技术的发展趋势和产业化路径。,0,高工锂电,7862386466,2024-11-16 11:00:48,1,2,1,32338,0,雪球,https://xueqiu.com/7862386466/313052382,2026-07-08 16:22:04
313106838,SH688646,ST逸飞,,逸飞激光的固态电池，很多人还没有关注到的,0,价值投资新贵,1100108856,2024-11-17 11:12:46,0,6,0,49403,2,雪球,https://xueqiu.com/1100108856/313106838,2026-07-08 16:22:04
313319394,SH688646,ST逸飞,,$逸飞激光(SH688646)$ 固态电池 还没被发现的明珠 铲子公司 价格在低位 未来可期！,0,Jerryxxz,2368129874,2024-11-19 01:28:48,0,2,0,24754,0,iPhone,https://xueqiu.com/2368129874/313319394,2026-07-08 16:22:04
313457624,SH688646,ST逸飞,,$逸飞激光(SH688646)$ 大圆柱电池24、25迎来量产高峰，设备厂商逸飞专攻圆柱全极耳，市占率40%以上，营收将迎来高光时刻。唯一缺点有减持。,0,尽力局-,5218589349,2024-11-19 13:39:36,4,2,0,29058,0,Android,https://xueqiu.com/5218589349/313457624,2026-07-08 16:22:04
313630693,SH688646,ST逸飞,2024高工锂电年会直击②：新能源车渗透突破50%，电池如何迭代,汽车电动化迎来关键拐点，也带来下一阶段挑战。 2024年以来，国内新能源乘用车的市场渗透率突破50%，汽车电动化迎来关键拐点，也为产业链带来下一阶段的挑战。 一方面，高渗透率下乘用车电动化增速放缓，终端车企对“性能/成本”的考量也在发生变化。此前2020-2022年，原材料价格波动显著，行业主要矛盾集中在成本控制上。如今，随着材料价格企稳，电池性能差异化开始主导市场竞争。此背景下，车企对电池的性能要求日益提升，推动电池产品和技术进入快速迭代周期。 快充是这一轮迭代的代表方向之一。据宁德时代披露，公司快充电池出货占比目前已达3-4成，2025年则将进一步提升至7-8成，快充电池在经历技术发展和充分验证后，即将成为主流应用趋势。 另一方面，电池市场需求正从单一的乘用车应用场景向多元化发展转变。商用车、船舶、低空飞行、人形机器人等差异化应用场景加快迈向电动化，在强劲注入新驱动力的同时，也对电池能量密度、安全性和循环寿命等提出更高层级要求，这反过来推动大圆柱、固态电池等技术路线的研发提速。核心材料和制造工艺也迎来了新一轮的升级需求。 行业竞争正在从“低价制胜”向“质量制胜”转变，兼具技术积累和产业链协同的企业，正在从新一轮市场博弈中脱颖而出。 11月20日，在2024高工锂电年会的【逸飞激光冠名】市场应用专场一，来自巨湾技研、逸飞激光、华视集团、卡洛维德、杉岩数据、金美新材料的企业高层发表精彩的主题演讲，共议电池迭代如何满足全场景应用需求。 巨湾技研首席科学家毛文峰 巨湾技研首席科学家毛文峰发表“超快充电池的多元应用及下一代快充固态技术展望”主题演讲。 毛文峰指出，随着电动汽车渗透率的提升，充电速度和效率成为制约行业发展的关键因素。巨湾通过优化材料体系、工艺和充电策略，成功开发出XFC极速快充电池，支持充电10分钟行驶322公里，显著提升了用户体验。巨湾的快充电池已应用在商用车、乘用车及航空飞行器等多个应用场景中，不仅充电速度快，而且在循环寿命、能量密度和成本控制方面也达到了行业领先水平。 在固态电池领域，巨湾技研以其自主知识产权、集巨介电性-C、铁电性-F和超离子性-S三位一体的CFS功能陶瓷为基体，将聚离子凝胶以纳米限域的方式嵌入到基体中，创造了一种独特的复合全固态电解质(ASSE)材料，该材料不仅具有超高离子电导(10-3 ~10-2 S/cm)，而且具有优异的界面性能、力学性能、可加工性能和成本效益。 结合“CFS”固态电解质、高能量密度正极材料、锂基负极材料、多层梯级厚电极技术和低迂曲度等设计流程，巨湾技研全固态电池的量产目标是比能量在450Wh/kg及以上，额定容量约为76Ah，将率先应用于电动汽车和eVTOL航空器领域。 逸飞激光工程技术研究院研发技术总监李奕慈博士 逸飞激光工程技术研究院研发技术总监李奕慈博士发表“装备研创路径升级 助力电池极致制造与创新拓展”主题演讲。 李奕慈博士指出，电池全场景应用的拓展，使得电池迭代在不同细分市场存在差异化痛点，例如安全性、成本、续航等，带来了技术创新的多样化。这给电池封装环节的持续创新带来挑战与机遇，需从工艺、设备、自动化、数字化等多维度全面提升技术、产品和工艺能力。 为此，逸飞激光提出了“激光技术+智能装备技术+工艺应用”三维一体滚动创新策略；构建协同创新平台，面向客户打造了五大功能布局，包括：系统性研发、制造方案数字化、制造工艺及工程验证、制造品质保障分析测试服务、通用检测服务平台。 以此为基础，逸飞激光能够助力电池产业链上下游企业把技术的创新加速推向产业化落地和产品化应用，从而推动产业的持续迭代和进化。 例如，基于系统性研发布局，公司激光加工工艺持续创新突破，在固态电池领域，逸飞激光突破了极片激光微加工工艺，以此提升固态电池的性能，并已实现了固态电池组装设备和物流系统的交付；借助工艺及工程验证平台，可以快速完成电池新结构、新材料以及新工艺的量产工艺和装备的验证，再通过分析测试平台实现制造过程的质量保障，支撑电池企业加速实现新产品的规模化量产。 目前，逸飞激光可提供覆盖各类电芯、模组PACK的组装整线系统方案，以及从前段到后段的智慧物流系统方案，并采用数字孪生技术，实现数字化工厂可视化运营，为上下游提供全方位技术链服务。 华视集团董事长曹国平博士 华视集团董事长曹国平博士发表“精密智造与工业检测新技术研讨”的主题演讲。 曹国平表示，华视集团定位于工业精密检测供应商，主要商品包括机器视觉、涂布模头、面密度检测设备。面对行业不断的内卷，要想致胜，主要靠技术产品的创新。目前华视集团的创新产品包括闭环全检产品，其主要由涂布模头、闭环控制软件平台、算法平台等组成。华视集团该产品解决方案的优势在于通过实时数据检测与反馈控制实现涂布面密度精确调节，确保电极材料均匀性和一致性。 曹国平认为，要想实现精确控制决策，面密度检测很重要。华视集团旗下锐奇精测推出了X射线面密度全检产品，该检测设备可以实现100%覆盖率的面密度线扫全检，检测率实现跨越式升级。此外，华视集团还推出了闭环双层模头，相比于常规工艺，该产品方案通过高精度可电动调节的智能化模头，与产线其他自动化设备联动，实现涂布面密度一致性的全自动闭环控制。 最后在出海方面，曹国平表示，华视集团已经在欧洲和美国配置磨床与CNC设备，在帮助锂电企业出海方面，可以为客户提供本土化的模头维修与垫片服务。 卡洛维德副总经理方祥明 卡洛维德副总经理方祥明发表“压熔焊创新工艺与智能装备的展望”主题演讲。 方祥明表示，传统焊接技术在锂电极耳焊接过程中面临诸多挑战，如焊接温度控制不稳定、焊接速度慢、焊料易污染电池材料、焊接过程中可能产生飞溅等。为克服传统焊接技术的局限性和挑战，卡洛维德创新开发压熔焊先进焊接技术，实现提高焊接质量，降低焊接缺陷，提升电池性能和安全性能。 卡洛维德压熔焊可实现多层极耳焊接+极柱焊接的“一步法”焊接，可应用于主流铜、铝、镍、钢以及复合集流体箔材，焊接可形成多个稳定的熔核。此外，卡洛维德还通过稳定电源、智能焊接控制器、工艺参数的调整以优化焊接工艺，并进行焊后良率监控。 目前，卡洛维德在焊接层数上，实验室内已突破200层多层极耳焊接，具体应用中已突破160层，焊接节拍高、无飞溅、良率高。在复合集流体焊接上，压熔焊工艺的突破，可实现100层内的复合集流体与极柱/TAB片的焊接。 在市场开拓方面，卡洛维德已于8月与中创新航就专利运营进行签约，在10月与海目星激光达成战略合作。并且卡洛维德还在大圆柱、方壳、刀片电池等多元电池焊接场景中持续突破。 杉岩数据董事长&CEO 陈坚 杉岩数据董事长&CEO 陈坚发表“智能产线检测数据管理，助力锂电品质飞跃”主题演讲。 陈坚指出，在新能源车和电池行业中，检测数据的管理至关重要。随着国际、国内标准以及下游客户对数据安全、合规性的要求日益严格，确保数据的有效管理和长期存储，对于保障车辆及人的安全、满足合规要求具有关键作用。同时，数据也是提升生产效率、产品良率和质量改进的重要资源。 目前，数据管理面临三大挑战：首先是数据量巨大，如何高效、低成本地存储成为一大难题；其次，数据格式多样，不同品牌设备产生的数据标签不统一，给数据整合与管理带来困扰；最后，如何实现数据的跨域管理，特别是在集团化运营中，实现检测数据的统一查询、管理和汇聚，是另一大挑战。 针对上述挑战，杉岩数据推出了首款高端制造业检测数据管理IDM解决方案。该方案可实现数据的自动采集、打标、汇聚和全生命周期管理，提高存储性价比和访问性能。同时，它能够打通OT域和IT域，对接多种业务系统，提升数据分析效率。此外，该方案还具备高性价比的存储、高性能访问和千亿级文件秒级检索等优势，已广泛应用于新能源、消费电子、半导体等领域，在智能制造领域，服务了60多家头部客户和100多个厂区，累计存储的AOI质检文件数量达到1600亿。 金美新材料应用中心研究院院长孙耀明博士 金美新材料应用中心研究院院长孙耀明博士发表“复合集流体商业化提速，开启市场高速成长期”主题演讲。 金美新材料创始开发的复合集流体可以有效解决电池碰撞事故及充放电引发内短路造成的安全问题，并提升了能量密度和循环寿命，相比于金属箔材具有极佳的差异化优势，有效提高电池产品的竞争力。 研发方面：金美新材料从2015年开始10年磨一剑，拥有1200项国内外知识产权保护，具有全面的知识产权护城河。应用方面：2018年第一代复合集流体首发上车，拥有7年以上的应用经验。研发一代，量产一代，应用一代，金美以多年实车装机经验，多年被客户毒打出来的量产实际经验保证供应链安全及各项测试数据不断推动产品革新，具有极佳的差异化优势。 目前，金美第二代6-8μm复合集流体持续量产，已经建成了重庆綦江示范基地年产能1亿㎡，正在建设四川宜宾基地规划年产能12亿㎡。随着金美量产化的快速推进，随时可以实现复合集流体MC和电解铜箔持平，甚至更低；结合市场和客情分析，预计2025年会是复合集流体批量应用的元年。,0,高工锂电,7862386466,2024-11-20 14:40:41,0,3,0,40167,0,雪球,https://xueqiu.com/7862386466/313630693,2026-07-08 16:22:04
313916110,SH688646,ST逸飞,,$逸飞激光(SH688646)$ 之前就分析了这个公司 固态电池铲子公司 非常有前景 目前价格很低 好戏在后头,0,Jerryxxz,2368129874,2024-11-22 07:02:54,0,2,0,24281,0,iPhone,https://xueqiu.com/2368129874/313916110,2026-07-08 16:22:01
314117708,SH688646,ST逸飞,装备研创路径升级 助力电池极致制造与创新拓展,11月18日-22日，第九届动力电池应用国际峰会及2024高工锂电年会先后在上海和深圳召开。逸飞激光参会并荣获“锂想奖-年度创新企业/年度产品信赖企业”，以及“高工金球奖-年度智能制造先锋”三项荣誉。 两场会议上，逸飞激光作了《装备研创路径升级，助力电池极致制造与创新拓展》主题演讲。 目前，电动化时代已全面开启，带来了电池全场景应用的拓展，使得电池技术迭代进化的方向在不同细分市场存在差异化，例如快充、安全性、成本、续航等，也带来了技术创新的多样化发展。这给电池封装环节的持续创新带来挑战与机遇，需从工艺、设备、自动化、数字化等多维度全面提升技术、产品和工艺能力。 逸飞激光成立近20年，坚持“激光技术+智能装备技术+工艺应用”三维一体滚动创新策略，基于电池企业对于极限制造和创新拓展的不断追求，构建了集“技术创新-工程转化-分析测试”一体化的协同创新平台，面向客户打造了五大功能布局，包括：系统性研发、制造方案数字化、工艺及工程验证、制造品质保障分析测试服务、通用检测服务平台，助力大圆柱全极耳电池、钠离子电池、固态电池等新兴电池技术的产业化落地和产品化应用。 通过系统性研发布局，逸飞激光打造了包括光、机、电、软件等面向产业需求的多门类技术研发平台，持续创新迭代。例如在固态电池领域，逸飞激光突破了负极极片超快激光微加工工艺，以此提升固态电池的性能。 固态电池负极极片激光微加工工艺 基于制造方案数字化，逸飞激光利用3D虚拟仿真、数字孪生等技术，为客户提供“所见即所得”的制造整体解决方案，可支撑客户整厂规划、整线布局设计以及工序设计；并通过“AI+大数据+可视化”的数字孪生平台，实现了从整厂级、整线级、设备级到部件级的可视化运营管理。 借助工艺及工程验证平台，可以快速完成电池新结构、新材料以及新工艺的量产工艺和装备验证，再通过分析测试平台实现制造过程的质量保障，支撑电池企业加速实现新产品的规模化量产。 逸飞激光工程技术研究院为锂电产业链提供 完善的工程验证及分析测试服务 未来，逸飞激光将持续完善工程技术研究院的创新体系建设，不断提升科技创新能力，以“产学研用”为目标，为上下游合作伙伴提供产业链协同创新平台，共同推进我国新能源产业高质量发展。,0,ST逸飞(SH688646),0,2024-11-25 02:15:49,0,0,0,2915,0,新闻,https://xueqiu.com/S/SH688646/314117708,2026-07-08 16:22:01
314332869,SH688646,ST逸飞,逸飞激光研究院雷波：将电池技术创新与极限制造方案创新深度耦合 助产业进化,装备制造企业以什么样的创新路径来积极应对广大电池制造企业客户的需求?这是摆在所有装备企业面前的一个重要课题。 日前举办的第九届动力电池应用国际峰会(CBIS2024)期间，在由逸飞激光冠名的“先进电池技术及应用”主题论坛上，逸飞激光工程技术研究院总监雷波，作题为《装备研创路径升级 助力电池极致制造与创新拓展》的主题演讲，向与会代表分享了逸飞激光的创新发展经验。图为逸飞激光工程技术研究院总监雷波作主题演讲01电池需求多元化装备企业挑战与机遇并存 市场方面，随着全场景电动化的开启，动力、储能、小动力、消费电子等不同细分场景的应用特征，带来了不同类别电池产品的差异化需求。如高安全性、低成本、长续航、快充、轻量化、长循环寿命等，这对电池装备制造企业提出了新的挑战。 据雷波介绍，逸飞激光将电池的技术创新，与极限制造方案的创新进行深度耦合，协同打通从技术创新到产业化的路径，推动不同类别电池在生产环节的极限制造，持续助力电池产业进化。 “这需要从不同场景电池的实际需求出发，围绕电池的能量密度、快充、长循环、安全等关键指标，在满足不同电池形态、不同工艺路径、不同封装形式等生产需求的同时，提升生产效率、生产良率、加工质量，并实现极致管控、极限制造。” 迎接新挑战，首先要解决行业痛点。在雷波看来，从电池技术创新到实现极限制造过程中，面临诸多痛点，这主要包括专业领域复杂，技术创新到真正在产品中的应用的周期长、投入高，存在新技术应用滞后性等特征。 为了解决上述痛点，雷波指出，逸飞激光根据差异化的电池需求，打造共性装备及工艺技术的同时，还提供定制化生产设备、柔性化产线配置，实现装备及专用加工系统的模块化、标准化、产品化，并加强系统创新组合。 同时，积极建设工程技术研究平台，加强共性单元技术创新、分析测试及工程验证转化一体化的产业化落地，打通工艺技术与装备技术在电池应用场景的数据链，更好地服务于电池制造场景，助力电池极致制造与创新拓展。02构建支撑产业链进化的装备创新路径 资料显示，逸飞激光成立20多年来，一直以创新战略为公司的发展核心，坚持“激光技术、智能装备技术、工艺应用”三维一体的滚动创新模式，持续推动技术创新和产品迭代升级，助力下游客户可持续发展。 对于“装备制造企业以什么样的创新路径来积极应对广大电池制造企业客户的需求?”的问题，雷波表示，逸飞激光通过激光工艺及智能装备创新，结合不同客户、不同电池及装备模式的需求，构建了产业链协同创新平台，推进新技术、新产品的工程转化和规模制造。 雷波分享了逸飞激光产业链协同创新平台的五大“利器”，即系统性研发、制造方案数字化、制造工艺及工程验证、制造品质保障分析测试服务和通用检测服务平台。 值得注意的是，据介绍，逸飞激光的系统性创新研发，是紧跟产业发展趋势的制造装备和技术攻关。主要包括激光系统、智能装备智能激光控制系统、激光加工工艺、系统化智能装备的创新研发及应用，以及面向客户难点的精准定制化研发。 其中，在激光加工工艺创新研发上，逸飞激光取得全新突破。据介绍，其极片涂层激光表面处理技术，可应用于固态电池负极极片激光微加工工艺;电池壳体毛化工艺，能够提高漆层与壳体结合力，优化电芯外壳喷涂工艺;集流盘抑制飞溅焊接工艺，可以提升集流盘焊接质量及合格率。 同时，精准定制化研发也是逸飞激光的一大创新优势，以解决客户的生产难点。 “对于极耳成型的多种路径，如无损整形、切叠、拍平工艺，以及不同的密封钉装配工艺，逸飞激光对加工工艺难点都进行了精准的研发突破，并提供相应的定制化装备解决方案。” 此外，逸飞激光的制造工艺及工程验证平台，可以对电芯、电池模组等进行验证，通过系统分析，对新材料、新结构、新形态、新制造工艺的规模化制造提供数据支撑或优化建议。 资料显示，截至2024年6月末，逸飞激光申请知识产权超1000项，已获授权知识产权577项，其中发明专利86项，实用新型专利324项。03逸飞激光产品矩阵 锂电领域，逸飞激光的产品阵容庞大，覆盖各类电芯、模组PACK的组装整线系统方案，以及从前段到后段的智慧物流系统及仓储、智能制造软件系统方案等。 据介绍，逸飞激光在行业内率先突破圆柱全极耳电芯的关键工艺，推出量产系列装备，处于国际领先水平;针对方形电芯的封装，逸飞具备超过15年的工艺创新和装备交付经验，并引领了多项激光工艺在方形电池封装中的应用;针对模组PACK领域，逸飞激光也推出了高柔性的系列化解决方案，具备行业领先水平。逸飞激光电芯封装解决方案 据介绍，逸飞激光目前在国内已形成6大产业基地布局，以武汉光谷总部为核心，建设了华中基地、华东基地、华南基地以及无锡新聚力、珠海逸科兴。行业应用持续拓展，从新能源电芯到电池系统，再到半导体、医药健康等领域。基于工程技术平台，未来将持续孵化和推出更多先进加工工艺，以及可靠的模块化装备。 雷波表示，“逸飞激光通过对行业应用实践的积累，以及建设电池领域激光应用产业链协同创新平台，能够更好地与客户创新融合，从而让先进加工工艺更可靠，让制造装备更可靠，以加速电池制造领域的智能化升级。”,0,用户3105890754,3105890754,2024-11-26 06:36:20,0,0,0,19346,0,雪球,https://xueqiu.com/3105890754/314332869,2026-07-08 16:22:01
314401336,SH688646,ST逸飞,,#逸飞激光# #激光雷达#从基本面看:逸飞激光（688646）属于工业机械板块，最新一期财报风险评级为低风险。本期机构持股占比较上期大幅增加。研究员对该股积极乐观。从技术层面看：图形显示 当前多头趋势明朗逸飞激光的60日均线目前处于上升趋势中，近期股价表现稳健，为持股待涨提供了良好环境。如果您当前仓位较高，后市如果股价跌破T-2日最低价时可以考虑卖出减少持仓数量。如果是空仓且准备买入，应保持冷静，别急，目前位置不要追涨。以上观点仅供参考，股市有风险，投资需谨慎,0,敬重的加薪艺术家,1342964613,2024-11-26 15:33:11,0,0,0,21963,1,Android,https://xueqiu.com/1342964613/314401336,2026-07-08 16:22:01
314406755,SH688646,ST逸飞,逸飞激光获得发明专利授权：“用于锂电池氦检的输送线”,证券之星消息，根据天眼查APP数据显示逸飞激光（688646）新获得一项发明专利授权，专利名为“用于锂电池氦检的输送线”，专利申请号为CN202210743563.4，授权日为2024年11月26日。专利摘要：本发明涉及锂电池生产技术领域，提供一种用于锂电池氦检的输送线，包括：第一输送线、上料机构、氦检机构及搬运机构；上料机构与氦检机构沿第一输送线的输送方向依次排布；搬运机构靠近氦检机构设置；上料机构用于将待检测的锂电池移载至第一输送线上的托盘；搬运机构用于将承托有待检测的锂电池的托盘移载至氦检机构内；在氦检机构内的锂电池氦检完毕后，搬运机构用于将氦检机构内的托盘移载至第一输送线上；本发明通过锂电池的连续输送与检测，提升了锂电池的氦检效率。今年以来逸飞激光新获得专利授权61个，较去年同期减少了4.69%。结合公司2024年中报财务数据，今年上半年公司在研发方面投入了3389.8万元，同比增8.63%。数据来源：天眼查APP以上内容为证券之星据公开信息整理，由智能算法生成，不构成投资建议。,0,证券之星财经,5187193467,2024-11-26 18:20:52,0,0,0,21296,0,雪球,https://xueqiu.com/5187193467/314406755,2026-07-08 16:22:01
314431942,SH688646,ST逸飞,,$逸飞激光(SH688646)$ 垃圾股，大股涨你跌，微盘股涨，你又不涨,0,老百姓赢麻了,3497527004,2024-11-27 01:50:13,0,1,0,21714,0,雪球,https://xueqiu.com/3497527004/314431942,2026-07-08 16:22:01
314587666,SH688646,ST逸飞,湖北省激光行业协会走进武汉逸飞激光股份有限公司共商海外会展战略,2024年11月22号上午，湖北省激光行业协会走访武汉逸飞激光股份有限公司，副总经理米仁兵及市场部负责人李敏热情接待协会一行。 双方讨论了海外会展对于企业拓展国际市场的重要性，并探讨了政府对企业参展的支持政策。逸飞激光对新能源领域的海外市场表现出浓厚兴趣，特别是在电池、光电等相关产品的展览和推广方面。 会议中，米仁兵副总经理表示，海外会展是企业拓展国际市场的重要平台，能够有效提升品牌知名度和市场份额。他指出，逸飞激光将积极参与国际展会，特别是在新能源和光电领域，寻求更多的合作机会。 在展会策划与执行方面，刘新民副秘书长强调了展位设计、搭建、物流和仓储等关键因素的重要性，并探讨了通过创新展示方式吸引观众和客户的策略。他指出，创新的展示技术不仅能提升品牌形象，还能增强与国际客户的互动，有助于提升逸飞激光在全球市场上的曝光度。刘新民副秘书长同时分享了解决出国参展时签证问题和旅行安排的策略，强调了提前规划和准备的必要性，以确保参展团队能够顺利抵达目的地并高效参与展会活动。 协会副秘书长张之岑、宣传部陈希伦参加走访。 湖北省激光行业协会 聚世界之光一起向未来 如果您喜欢我们的资讯，点击右上角图标，可以： 1、转发给朋友；,0,ST逸飞(SH688646),0,2024-11-28 00:59:12,0,0,0,3527,0,新闻,https://xueqiu.com/S/SH688646/314587666,2026-07-08 16:22:01
314826220,SH688646,ST逸飞,,$逸飞激光(SH688646)$ 今天能绿的股可没多少,0,没这个命,4495113718,2024-11-29 06:50:31,2,0,0,23381,0,Android,https://xueqiu.com/4495113718/314826220,2026-07-08 16:22:01
315036533,SH688646,ST逸飞,,今年8月，逸飞激光高速磁悬浮大圆柱全极耳电池生产线下线交付逸飞激光46系大圆柱电池产线已应用于4680/4695/46120等46系主流电芯规格，全面适用于46系三元锂电池、磷酸铁锂电池量产，也涵盖了双通/单通不同工艺路径的装备需求，助力多家电池企业实现46系大圆柱电池的规模化量产，加速46系大圆柱电池规模化应用。,0,守株待兔-对行对标,8238466299,2024-12-02 02:51:28,2,1,0,21566,1,雪球,https://xueqiu.com/8238466299/315036533,2026-07-08 16:22:01
315104358,SH688646,ST逸飞,,逸飞激光：逸飞激光关于以集中竞价交易方式回购公司股份的进展公告 网页链接,0,ST逸飞(SH688646),0,2024-12-02 08:34:02,0,0,0,4149,0,公告,https://xueqiu.com/S/SH688646/315104358,2026-07-08 16:22:01
315134381,SH688646,ST逸飞,逸飞激光：累计回购股份3150000股,证券日报网讯 12月2日晚间，逸飞激光发布公告称，截至2024年11月30日，公司通过上海证券交易所交易系统以集中竞价交易方式已累计回购公司股份3，150，000股，占公司总股本95，162，608股的比例为3.31%（比例数据系四舍五入）。（编辑 赵子强）,0,证券日报,8353550788,2024-12-02 12:40:38,0,0,0,19562,0,雪球,https://xueqiu.com/8353550788/315134381,2026-07-08 16:22:01
315421453,SH688646,ST逸飞,逸飞激光焊接质量闭环监测系统，助力电池智造提质增效,随着电池技术的迭代更新，电池的应用边界持续拓展，正日益渗透千行百业，带来了市场需求不断释放。然而，在电池产业规模化发展的阶段，对产品质量、性能、安全性、一致性等提出了更高要求。在电池生产过程中，激光焊接是电池内部各个部件“相互连接”的最核心工艺，往往决定了电池的导电性能、密封性能等。因此，焊接过程的全面质量管控对于电池的质量、性能和安全性至关重要。 基于此，逸飞激光推出覆盖焊前、焊中、焊后全流程的焊接质量闭环监测系统，系统包括：焊前精准定位+焊接过程质量优化+焊中质量实时监控+焊后缺陷快速检测，可有效提升焊接质量，防止批量缺陷产生，拦截不良品流出，满足量产环境下多种焊接工艺及产品品类的质量管控需求，助力厂商实现提质增效。 激光功率检测波形图 01. 焊前精准定位及自动纠偏 避免装配误差，定位精度0.05mm 视觉定位 ⊙ 通过高精度视觉系统，对工件进行精准识别及定位，并对位置进行检测及偏差量计算，系统自动纠偏调整，确保工件的待加工位置与实际加工位置一致，产品定位精度可达0.05mm 02. 自适应焊接闭环控制 显著优化焊接质量，焊接合格率≥99.8% 焊接功率监测波形图 ⊙ 运用焊接功率实时监测系统，对激光每一次出光功率进行监测，通过功率多维闭环补偿技术，对偏离设定值的实际功率进行监控报警+实时快速补偿，保证出光功率的一致性，激光输出功率波动≤0.5% ⊙ 运用焊接焦点实时监测系统，在每一次焊接前完成激光焦距测量，及时纠正离焦量偏差，精确定位激光焦点，激光焦深偏差≤0.1μm，实现高品质、高精度加工 03. 焊接过程质量实时监控 100%无损全检 焊接质量实时监测数据图 ⊙ 运用焊中质量实时监测系统，通过多传感器融合技术，对焊接过程中的多重信号进行即时采集和动态趋势分析，能够对虚焊、熔深不足、穿透等关键内部缺陷进行100%焊中无损检测，解决传统抽检和产品破坏性测试痛点，快速、全面反映焊接质量 ⊙ 高速在线监测，测量频率可达 200 kHz，捕捉焊接过程中的细微波动，缺陷检出率100%，有效拦截焊接过程的各类缺陷 ⊙ 产品质量数据监测系统，可实现提前介入和快速干预调整，杜绝缺陷品的产生和流出 04. 焊后缺陷快速、有效检测 过杀率 焊后外观监测 ⊙ 2D+3D全方位缺陷检测系统，基于2D传统相机平面图像处理数据，配合3D视觉立体成像三维数据，实现复杂形状、表面和立体形态、深度的全面检测 ⊙ 传统图像算法与AI深度学习相结合，持续训练、优化检测算法，提升系统的准确性及可靠性 ⊙ 检测速度达200mm/s，检测精度达0.02mm，实现高效性与精确性并存 ⊙ 配合MES系统，可对质量检测信息进行全流程管理及追溯 适用范围 适用于电芯集流盘、极柱、封口、密封钉、电池模组Busbar等多种焊接工序，满足多场景下的质量管控需求 逸飞激光焊接质量闭环监测系统，通过焊前、焊中、焊后三重检测，可系统、全面地保障产品焊接质量，助力企业提质增效。过程中，数据监测-数据采集-分析反馈-优化调整这一闭环管理机制，极大提升了焊接作业的可靠性，可帮助企业构建稳定、高效的质量管理体系，实现规模效益高质量增长。 目前，该系统已广泛应用于多品类、多规格动力及储能电池生产场景，服务于多家业内头部厂商，为高品质电池的大规模生产提供坚实保障，将进一步增强电池厂商的自主可控能力，提升产业链供应链韧性和安全水平。,0,ST逸飞(SH688646),0,2024-12-04 07:11:26,0,0,0,3056,0,新闻,https://xueqiu.com/S/SH688646/315421453,2026-07-08 16:22:01
315422561,SH688646,ST逸飞,逸飞激光获激光行业最佳影响力企业奖,11月28日，由湖北省光学学会、激光之家主办的2024第三届中国激光星锐企业峰会暨先进激光加工技术高峰论坛在武汉光谷隆重举行。来自全国各地的激光行业管理者、资深行业专家、高校学术专家、企业代表等300余人参加会议。 大会上，逸飞激光获“中国激光星锐奖”—激光行业最佳影响力企业奖。这一奖项代表了产业同仁对于逸飞在激光技术创新拓展应用方面的认可，也激励着我们未来坚定地以创新作为企业发展的核心根本，持续进步，为智能制造提供不断进化的智能装备。 该奖项是由中国激光星锐奖组委会、《激光之家》主办，由国内多地激光行业协会、激光学会、激光产业联盟及高校、研究机构的专家们共同评审，旨在塑造激光企业的品牌形象，拓展激光企业的市场机遇，提升产业价值，促进激光产业高质量发展。,0,ST逸飞(SH688646),0,2024-12-04 07:15:53,0,0,0,3389,0,新闻,https://xueqiu.com/S/SH688646/315422561,2026-07-08 16:22:01
315425421,SH688646,ST逸飞,,逸飞激光投资者关系活动记录表-2024.12.03 网页链接,0,ST逸飞(SH688646),0,2024-12-04 07:30:01,0,0,0,1067,0,互动易,https://xueqiu.com/S/SH688646/315425421,2026-07-08 16:22:01
315426017,SH688646,ST逸飞,,逸飞激光：投资者关系活动记录表-2024.12.03 网页链接,0,ST逸飞(SH688646),0,2024-12-04 07:33:08,0,0,0,4042,0,公告,https://xueqiu.com/S/SH688646/315426017,2026-07-08 16:22:01
315444256,SH688646,ST逸飞,12月4日逸飞激光现4笔折价18.28%的大宗交易 合计成交1984.52万元,证券之星消息，12月4日逸飞激光发生大宗交易，交易数据如下：近三个月该股共发生18笔大宗交易，合计成交2.42万手，折价成交18笔。该股在过去半年内已有共计3711.78万股限售解禁股上市，占公司总股本的39.0%。截至2024年12月4日收盘，逸飞激光(688646)报收于35.34元，上涨1.55%，换手率3.32%，成交量1.86万手，成交额6635.72万元。该股近半年内有股东持股变动，合计净减持63.28万股，股东增减持明细如下表：该股最近90天内无机构评级。以上内容为证券之星据公开信息整理，由智能算法生成，不构成投资建议。,0,证券之星财经,5187193467,2024-12-04 09:30:10,0,0,0,23126,0,雪球,https://xueqiu.com/5187193467/315444256,2026-07-08 16:22:01
315491047,SH688646,ST逸飞,逸飞激光获7家机构调研：目前公司已实现固态电池电芯装配设备、模组PACK设备以及整厂智慧物流成套系统...,逸飞激光12月4日发布投资者关系活动记录表，公司于2024年12月3日接受7家机构调研，机构类型为其他、基金公司、证券公司、阳光私募机构。 投资者关系活动主要内容介绍： 问：公司前三季度营收净利双增长，请问第四季度经营情况怎样？会延续前三季度的增长势头么？ 答：第四季度以来，公司经营业务正常，项目验收、回款等事项稳步推进中，关于第四季度的业绩情况请关注公司后续披露的定期报告。 问：从公司过往业绩情况来看，单季度变化较大，且第四季度业绩相对较高，请问公司业绩是否存在季节性特征？主要原因是什么？ 答：从行业特性以及公司过往业绩来看，公司业绩存在一定的季节性特性，主要受春节假期、客户采购习惯及验收进度等因素的影响。 问：请问公司46系订单情况如何？如何看待大圆柱量产节奏？ 答：今年以来，公司大圆柱电芯装备订单同比去年大幅增加，其中，46系设备订单增速显著，此外，公司各个系列的大圆柱电芯装配线已实现了批量交付。从整体市场来看，32系/40系/60系大圆柱电池在新能源汽车、储能、轻型车等市场应用不断提升，46系也处于加速量产阶段，截止今年9月份，特斯拉公告4680电池累计量产已突破1亿颗，其在规模化生产和制造工艺优化方面有较大进展，有望迎来规模化装车与应用，在特斯拉等企业的带动下，46系电池量产或将进一步加速。 问：今年以来，全球消费电子市场持续回暖，拉动消费电池需求增长，请问公司在3C消费方面业务情况如何？ 答：公司布局消费电池领域较早，公司的电芯装配设备、模组PACK设备、激光焊接机等产品均可用于消费电池领域，并积累了一批优质客户，未来公司将持续关注消费电池行业机遇，加大研发投入，推动相关产品迭代升级。 问：公司小圆柱电芯装配线全极耳改造业务主要是改造哪些工序？目前业务进展情况如何？展望未来市场空间？ 答：公司小圆柱电芯装配线的全极耳改造主要是将原有超声“植”极耳设备改为全极耳成型、正/负集流盘焊接等全极耳工序设备，实现单极耳/双极耳向全极耳升级，其他前后道设备基本无需改变。小圆柱全极耳电池在倍率性、长续航、宽温性、快充等性能方面有很大提升，可广泛应用于电动工具、消费电子、小动力、eVTOL等领域，应用场景丰富，前景广阔。公司凭借自身的技术和工艺优势已为多家头部客户完成小圆柱全极耳电池设备交付，并获得下游终端市场广泛认可，未来有望引领市场广泛应用，小圆柱全极耳电池装备与相关改造业务也有望成为公司新的利润增长点。 问：激光技术应用领域广泛，可以应用在半导体等精密领域，请问未来公司有计划拓展到半导体领域业务吗？ 答：公司的控股子公司新聚力已布局了半导体领域，在亚洲国际物流展上新聚力全新推出了半导体AMHS系统，包含Stocker、Zip Tower、OHT等系列核心设备，并已实现部分核心设备的国产替代。除此之外，公司也在积极关注精密激光加工在半导体领域应用的业务机会和相关投资并购机会。 问：近期，固态电池产业链突破进展不断，请问公司在固态电池方面业务进展如何？ 答：目前公司已实现固态电池电芯装配设备、模组PACK设备以及整厂智慧物流成套系统对头部客户的交付。同时，公司与松山湖材料实验室联合开发新型结构化极片与激光微加工技术，进一步探索锂电池新材料新工艺的产业化应用路径，加快固态电池关键工艺技术的创新突破与产业化应用。 问：上半年公司成功收购了无锡新聚力，请问公司后续还会有战略并购计划么？主要围绕哪些方向？ 答：公司将会积极把握相关政策机遇，推动建立业务与资本协同发展的机制，积极关注激光与光电产业、高端智能装备产业、新能源电池产业及其他新兴领域内的发展机会，通过参股、孵化、并购等方式，实现资本与业务协同发展，促进公司高质量发展。 问：请问公司订单转化为收入一般需要多长时间？ 答：公司的主要产品为精密激光加工智能装备，具有非标准、定制化特性，从订单到确认收入需要经过物料采购、组装调试、客户现场的安装调试、试运行、验收等多个环节，而验收周期受产品技术工艺复杂程度、组装调试难度、付款进度、客户场地准备等多种因素的影响。公司自动化产线相关订单转化为收入的周期一般为8-20个月；智能化专机相关订单转化为收入的周期一般为4-9个月。 问：公司今年前三季度毛利率较半年度略有提升，展望未来毛利率水平？ 答：公司第三季度毛利率为30.94%，较第二季度毛利率有所改善。公司毛利率受收入结构、当期项目验收、原材料价格等多方面因素的影响，短期内会存在一定的波动性。未来，公司会通过不断加强技术与产品创新，持续提升产品竞争力，并通过规模化、精细化管理强化成本与费用控制，来保障公司持续盈利能力。 问：公司目前有多少员工？未来还会有扩张的计划？ 答：截至2024年6月末，公司员工总人数为941人。未来，公司将会根据实际经营发展需求储备管理、高端技术、海外营销等方面的人才队伍，进一步增强核心竞争力; 调研参与机构详情如下： 参与单位名称参与单位类别参与人员姓名交银施罗德基金基金公司--德邦基金基金公司--光大证券证券公司--招商证券证券公司--长江证券证券公司--彤源投资阳光私募机构--长江资管其他-- 点击进入交易所官方公告平台下载原文>>>,0,ST逸飞(SH688646),0,2024-12-04 22:55:14,0,0,0,3985,0,新闻,https://xueqiu.com/S/SH688646/315491047,2026-07-08 16:22:01
315495052,SH688646,ST逸飞,【机构调研记录】德邦基金调研逸飞激光,证券之星消息，根据市场公开信息及12月4日披露的机构调研信息，德邦基金近期对1家上市公司进行了调研，相关名单如下：1）逸飞激光 （德邦基金参与公司特定对象调研）个股亮点：公司自主研发的核心技术包含有机器视觉定位与捡测技术，主要应用于各类自动化产线与智能化专机的物料识别、 测量、自适应定位以及在线检测， 相关产品与技术均已实观量产应用。；公司开发了回收电池拆解重组柔性生产线等产品。；公司电芯装配线可适用于半固态/固态电池的生产，目前已供货给相关厂商。德邦基金成立于2012年，截至目前，资产管理规模(全部公募基金)762.0亿元，排名71/208；资产管理规模(非货币公募基金)535.95亿元，排名70/208；管理公募基金数66只，排名82/208；旗下公募基金经理15人，排名84/208。旗下最近一年表现最佳的公募基金产品为德邦鑫星价值灵活配置混合A，最新单位净值为1.47，近一年增长32.85%。以上内容为证券之星据公开信息整理，由智能算法生成，不构成投资建议。,0,证券之星财经,5187193467,2024-12-05 00:20:47,0,0,0,66080,0,雪球,https://xueqiu.com/5187193467/315495052,2026-07-08 16:22:01
315561209,SH688646,ST逸飞,,$逸飞激光(SH688646)$ 再次说明一下我的观点 看好的股票 从来不马后炮 来雪球主要想和一些有能力的老师请教学习 逸飞激光这只股票目前看绝对的低位 并且概念一定是未来A股炒作方向 A股垃圾太多了 想要在A股赚钱一定要选好方向！,0,Jerryxxz,2368129874,2024-12-05 05:39:28,5,0,0,36657,1,iPhone,https://xueqiu.com/2368129874/315561209,2026-07-08 16:22:01
315594216,SH688646,ST逸飞,逸飞激光：本专利可应用于多种激光领域的光学系统元器件保养及质量检查,同花顺（300033）金融研究中心12月05日讯，有投资者向逸飞激光提问， 11月26日，逸飞激光获得“一种激光器QBH端面清洁装置”发明专利。1、请问公司“激光器QBH端面清洁装置”与传统激光器清洁方式相比是否具有领先优势和核心竞争力？2、随着激光技术的广泛应用，对激光器的维护和保养需求日益增加。未来激光器的清洁管理将成为一个重要的专业领域。请问公司“激光器QBH端面清洁装置”的市场应用前景主要有哪些？谢谢！ 公司回答表示，尊敬的投资者您好！公司激光器QBH端面清洁装置是将激光技术与视觉技术相融合，通过镜头模组进行实时监测和数据存储，实现激光系统关键器件清洁和保养的可视化、智能化，使清洁更精准、更高效、更环保。本专利可应用于多种激光领域的光学系统元器件保养及质量检查，在工业装备和科研领域中具有广泛的应用前景。感谢您的关注！ 点击进入交易所官方互动平台查看更多,0,ST逸飞(SH688646),0,2024-12-05 08:10:23,0,0,0,4223,0,新闻,https://xueqiu.com/S/SH688646/315594216,2026-07-08 16:22:01
315596133,SH688646,ST逸飞,逸飞激光：公司激光器QBH端面清洁装置融合激光技术与视觉技术，可实现清洁的精准化、高效化和环保化,金融界12月5日消息，有投资者在互动平台向逸飞激光提问：11月26日，逸飞激光获得“一种激光器QBH端面清洁装置”发明专利。1、请问公司“激光器QBH端面清洁装置”与传统激光器清洁方式相比是否具有领先优势和核心竞争力？2、随着激光技术的广泛应用，对激光器的维护和保养需求日益增加。未来激光器的清洁管理将成为一个重要的专业领域。请问公司“激光器QBH端面清洁装置”的市场应用前景主要有哪些？谢谢！ 公司回答表示：公司激光器QBH端面清洁装置是将激光技术与视觉技术相融合，通过镜头模组进行实时监测和数据存储，实现激光系统关键器件清洁和保养的可视化、智能化，使清洁更精准、更高效、更环保。本专利可应用于多种激光领域的光学系统元器件保养及质量检查，在工业装备和科研领域中具有广泛的应用前景。,0,ST逸飞(SH688646),0,2024-12-05 08:23:30,0,0,0,4348,0,新闻,https://xueqiu.com/S/SH688646/315596133,2026-07-08 16:21:59
315670269,SH688646,ST逸飞,逸飞激光：12月5日获融资买入1383.31万元，占当日流入资金比例15.86%,同花顺（300033）数据中心显示，逸飞激光12月5日获融资买入1383.31万元，占当日买入金额的15.86%，当前融资余额8782.08万元，占流通市值的4.11%，超过历史90%分位水平，处于高位。 融资走势表 日期融资变动融资余额12月5日182.04万8782.08万12月4日159.27万8600.04万12月3日-15.82万8440.77万12月2日-74.20万8456.60万11月29日-145.33万8530.80万 融券方面，逸飞激光12月5日融券偿还0股，融券卖出0股，按当日收盘价计算，卖出金额0.00元；融券余额0.00，低于历史10%分位水平，处于低位。 融券走势表 日期融券变动融券余额12月5日0.000.0012月4日0.000.0012月3日0.000.0012月2日0.000.0011月29日0.000.00 综上，逸飞激光当前两融余额8782.08万元，较昨日上升2.12%，余额超过历史90%分位水平，处于高位。 两融余额的走势表 日期两融余额余额变动12月5日8782.08万182.04万12月4日8600.04万159.27万12月3日8440.77万-15.82万12月2日8456.60万-74.20万11月29日8530.80万-145.33万 说明1：融资余额若长期增加时表示投资者心态偏向买方，市场人气旺盛属强势市场，反之则属弱势市场。 说明2：买入金额=主动买入特大单金额+主动买入大单金额+主动买入中单金额+主动买入小单金额。,0,ST逸飞(SH688646),0,2024-12-06 01:31:47,0,0,0,4217,0,新闻,https://xueqiu.com/S/SH688646/315670269,2026-07-08 16:21:59
316278406,SH688646,ST逸飞,,$逸飞激光(SH688646)$ 这主力一辈子吃不上四个热菜,0,没这个命,4495113718,2024-12-11 01:43:00,1,1,0,26373,0,Android,https://xueqiu.com/4495113718/316278406,2026-07-08 16:21:59
316545907,SH688646,ST逸飞,12月12日逸飞激光发生2笔大宗交易 成交金额661.5万元,证券之星消息，12月12日逸飞激光发生大宗交易，交易数据如下：近三个月该股共发生20笔大宗交易，合计成交2.6万手，折价成交20笔。该股在过去半年内已有共计3711.78万股限售解禁股上市，占公司总股本的39.0%。截至2024年12月12日收盘，逸飞激光(688646)报收于37.07元，上涨0.54%，换手率2.63%，成交量1.48万手，成交额5424.86万元。该股近半年内有股东持股变动，合计净减持63.28万股，股东增减持明细如下表：该股最近90天内无机构评级。以上内容为证券之星据公开信息整理，由智能算法生成，不构成投资建议。,0,证券之星财经,5187193467,2024-12-12 09:30:07,0,0,0,22782,0,雪球,https://xueqiu.com/5187193467/316545907,2026-07-08 16:21:59
316875198,SH688646,ST逸飞,逸飞激光及董事长吴轩入选“武汉优秀企业和武汉优秀企业家宣传展示名单”,近日，第十九届（2022-2023年度）武汉优秀企业和优秀企业家宣传展示名单正式发布。逸飞激光入选优秀企业宣传展示名单，吴轩董事长入选优秀企业家宣传展示名单。,0,ST逸飞(SH688646),0,2024-12-16 01:39:47,1,0,0,4175,0,新闻,https://xueqiu.com/S/SH688646/316875198,2026-07-08 16:21:59
317429318,SH688646,ST逸飞,,逸飞激光投资者关系活动记录表-（2024.12.12-12.17） 网页链接,0,ST逸飞(SH688646),0,2024-12-19 07:30:02,0,0,0,1808,0,互动易,https://xueqiu.com/S/SH688646/317429318,2026-07-08 16:21:59
317429915,SH688646,ST逸飞,,逸飞激光：投资者关系活动记录表-（2024.12.12-12.17） 网页链接,0,ST逸飞(SH688646),0,2024-12-19 07:33:07,0,0,0,4111,0,公告,https://xueqiu.com/S/SH688646/317429915,2026-07-08 16:21:59
317447279,SH688646,ST逸飞,12月19日逸飞激光现2笔大宗交易 机构净买入629.82万元,证券之星消息，12月19日逸飞激光发生大宗交易，交易数据如下：近三个月该股共发生18笔大宗交易，合计成交2.32万手，折价成交18笔。该股在过去半年内已有共计3711.78万股限售解禁股上市，占公司总股本的39.0%。截至2024年12月19日收盘，逸飞激光(688646)报收于35.34元，上涨3.48%，换手率2.19%，成交量1.23万手，成交额4249.86万元。该股近半年内有股东持股变动，合计净减持63.28万股，股东增减持明细如下表：该股最近90天内无机构评级。以上内容为证券之星据公开信息整理，由智能算法生成，不构成投资建议。,0,证券之星财经,5187193467,2024-12-19 09:30:08,0,0,0,19905,0,雪球,https://xueqiu.com/5187193467/317447279,2026-07-08 16:21:59
317499519,SH688646,ST逸飞,【机构调研记录】长城基金调研逸飞激光、雄帝科技等5只个股（附名单）,"证券之星消息，根据市场公开信息及12月19日披露的机构调研信息，长城基金近期对5家上市公司进行了调研，相关名单如下：1）逸飞激光 （长城基金参与公司特定对象调研&现场参观&电话会议）个股亮点：公司自主研发的核心技术包含有机器视觉定位与捡测技术，主要应用于各类自动化产线与智能化专机的物料识别、 测量、自适应定位以及在线检测， 相关产品与技术均已实观量产应用。；公司开发了回收电池拆解重组柔性生产线等产品。；公司电芯装配线可适用于半固态/固态电池的生产，目前已供货给相关厂商。2）雄帝科技 （长城基金参与公司特定对象调研&现场）个股亮点：公司以身份信息综合业务为主线，形成了安全证件与智慧政务为主的业务板块。；公司的电子身份证的相关技术和产品在白俄罗斯电子身份证项目及香港数码身份项目中已有应用。；公司为客户提供以身份信息可信技术为核心的多维身份识别服务3）瑞迪智驱 （长城基金参与公司特定对象调研&现场参观）个股亮点：公司研制的PMC核燃装卸贮存系统制动器较好地解决了核电燃科转运与存储设备中超大扭矩、抗核辐射、耐高温等问题。；公司生产的精密传动件、电磁制动器和谐波减速机作为自动化设备传动与制动系统关键零部件，主要应用于数控机床、机器人、电梯等领域。；公司人形机器人用高精度行星滚柱丝杠研发项目主要面对人形机器人市场4）长安汽车 （景顺长城基金参与公司特定对象调研）个股亮点：公司主营整车（含乘用车、商用车包括新能源车）的研发、制造和销售以及发动机的研发、生产；B股:长 安Ｂ(200625)于1996-11-08上市；深蓝03氢电版续航里程可达700公里以上，可实现3分钟超快补能，目前订单符合预期。5）蓝黛科技 （长城基金参与公司特定对象调研&现场参观）个股亮点：汽车动力传动、触控产品高新技术企业,公司主营业务包含显示模组；公司主要以减速器齿轴类核心零部件作为主要市场拓展方向，设立自动化子公司将以机器人集成和机器人关节减速机为主要产品业务；公司触控显示业务主要为触摸屏及触控显示一体化相关产品的研发、生产和销售，产品主要应用于汽车电子、平板电脑、笔记本电脑、工控终端、物联网智能设备等信息终端领域长城基金成立于2001年，截至目前，资产管理规模(全部公募基金)3400.88亿元，排名27/208；资产管理规模(非货币公募基金)1412.98亿元，排名34/208；管理公募基金数224只，排名27/208；旗下公募基金经理35人，排名33/208。旗下最近一年表现最佳的公募基金产品为长城全球新能源车股票发起式(QDII)A，最新单位净值为1.54，近一年增长32.01%。以上内容为证券之星据公开信息整理，由智能算法生成，不构成投资建议。",0,证券之星财经,5187193467,2024-12-20 00:20:19,0,0,0,42378,0,雪球,https://xueqiu.com/5187193467/317499519,2026-07-08 16:21:59
317524573,SH688646,ST逸飞,,$逸飞激光(SH688646)$ 逸飞激光 （长城基金参与公司特定对象调研&amp;现场参观&amp;电话会议）个股亮点：公司自主研发的核心技术包含有机器视觉定位与捡测技术，主要应用于各类自动化产线与智能化专机的物料识别、 测量、自适应定位以及在线检测， 相关产品与技术均已实观量产应用。；公司开发了回收电池拆解重组柔性生产线等产品。,0,解析几何价格,6305327169,2024-12-20 02:16:09,0,0,0,21240,0,Android,https://xueqiu.com/6305327169/317524573,2026-07-08 16:21:59
317744245,SH688646,ST逸飞,坚持创新驱动发展 加速产业深度融合 逸飞激光领航湖北激光应用产业链高质量发展,激光是继核能、电脑、半导体之后，人类的又一重大发明，被称为“最快的刀”和“最准的尺”。诞生于中国光谷的武汉逸飞激光股份有限公司（简称“逸飞激光”，688646.SH），是一家专业从事精密激光加工智能装备研发、生产和销售的国家高新技术企业。从最初的激光器起步，到激光应用领域的不断突破，逸飞激光的发展历程是我国激光产业由弱到强的真实写照。近日，逸飞激光副总经理、董事会秘书曹卫斌接受《经济参考报》记者专访时表示，公司将继续坚持技术创新，力争开发性能更加优异的智能制造装备产品，加速推动激光应用产业链的深度融合和协同创新，在切实助力湖北激光产业高质量发展的同时，向世界一流智能制造装备供应商这一目标稳步迈进。 坚持创新驱动志在行稳致远 2005年12月，逸飞激光在武汉成立。逸飞激光相关负责人表示，回顾19年的发展历程不难发现，公司始终坚持创新驱动的发展战略，这才造就了从小到大、从弱变强、从有到优的精彩跃升。 “公司成立初期的主要产品是脉冲激光器、激光加工单机，然后逐步演变升级为半自动工作站、全自动生产线、智能生产线，产品不断迭代升级，应用领域持续拓展。”曹卫斌告诉记者，凭借“激光技术+智能装备技术+工艺应用”三位一体的滚动创新模式，公司在电池装备与激光应用领域构筑了强大的竞争力。 2007年，逸飞激光攻克了铝、铜及相关合金等高反金属材料激光焊接难题，推出了激光焊接机，获得新能源电池企业广泛认可，由此正式进入了新能源电池焊接领域。 公司在业内率先突破圆柱全极耳电池制造工艺技术难题，开发了圆柱全极耳电芯装配系列装备，引领了行业发展并实现产业化，在技术、工艺、产品、市场占有率方面长期位居全球前列；在方形电池制造领域，公司解决了多项激光加工难题，推动了激光技术在方形电池制造中的全面应用，推出了方形电芯装配线系列产品；在模组/PACK智造领域，公司结合多元化、个性化的柔性制造需求，开发了多维自适应焊接技术，推出了柔性模组PACK系列装备，适用于圆柱、方形、软包多类型电池的模组PACK批量生产及梯次利用。 2021年7月，逸飞激光自主研发的“圆柱全极耳锂电池激光焊接设备及其全自动组装生产线”，经中国化学与物理电源行业协会锂电池分会认定为“国际首创，技术先进，质量稳定”，并于2022年10月入选由工业和信息化部办公厅、中国工业联合会发布的“第七批国家制造业单项冠军产品”名单。 2023年7月，头顶国家高新技术企业、湖北省支柱产业细分领域隐形冠军示范企业、国家级重点支持的“专精特新小巨人企业”等多个称号的逸飞激光，以“圆柱全极耳电池智能装备第一股”成功登陆科创板。 “公司研发突破与产品升级是一个持续不断、精益求精的过程，虽然投入巨大，但取得的发展成就也是有目共睹的。”曹卫斌表示。财报显示，2021年至2023年，逸飞激光的营收和归母净利润呈逐年增长态势，同期公司研发支出也维持高比例增长。今年前三季度，在新能源电池行业周期下行，同行业公司业绩普遍下滑的情形下，逸飞激光仍逆势增长，营收和归母净利润分别同比增长15.18%、10.56%。同期，公司研发投入达到6055.62万元，同比增长21.83%。 正是因为坚持不懈地进行科技创新、持续加大研发投入，逸飞激光才成功走出了一条掌握核心技术、打造领先产品、赢得广阔市场、实现优异业绩的正向循环发展之路。 拓展应用领域剑指行业一流 目前，逸飞激光的主要产品包括锂电池电芯自动装配线、模组/PACK自动装配线等自动化产线和各类精密激光加工智能化专机，以及智慧物流装备及系统，广泛应用于新能源电池的电芯、模组PACK制造以及电池回收梯次利用领域，同时也应用于半导体、医疗健康、家电厨卫、装配式建筑、汽车零部件等领域。 据曹卫斌介绍，在圆柱全极耳电芯装备方面，逸飞激光的产品技术先进、质量稳定，产线效率、良品率更高，且拥有更加完善的专利布局，形成了技术、工艺、产品、市场等多方面领先优势；在模组/PACK装备方面，推出了模组/PACK装配专机和各类模组/PACK自动装配线，具有高柔性化、多兼容性特征，整体技术处于行业先进水平；在方形电芯装配方面，推出了极耳焊接、转接片焊接、壳盖封口焊接和密封钉焊接等专机设备和方形电芯自动装配线，在焊接精度、密封耐压强度、设备故障率等方面具有一定领先优势，整体技术处于行业先进水平。 不仅如此，在家电厨卫、装配式建筑、新能源汽车零部件等其他设备领域，逸飞激光还特别推出了柔性激光工作台、机器人激光焊接站、家电厨卫产品自动装配线等产品，具有生产效率高、焊缝美观、焊接密封性好等特点，获得了良好的市场口碑。 今年6月，逸飞激光收购了无锡新聚力科技有限公司（简称“新聚力”）51%股权，将业务进一步拓展到智慧物流甚至是半导体领域。值得关注的是，新聚力在2024年亚洲国际物流展上全新推出了半导体AMHS系统，包含Stocker、Zip Tower、OHT等系列核心设备，并已打破部分核心设备的国外垄断。 曹卫斌指出，公司收购新聚力51%股权后，可以在智能制造领域实现智慧物流、智能装备与生产管理系统的高效协同，降低生产成本，丰富产品矩阵，为公司提供更多的商业机会和增长潜力。他表示，公司将会积极把握相关政策机遇，推动建立业务与资本协同发展的机制，积极关注激光与光电产业、高端智能装备产业、新能源电池产业及其他新兴领域内的发展机会，通过参股、孵化、并购等方式，实现资本与业务的协同，促进公司高质量发展。 “未来，逸飞激光将通过持续的技术创新，在巩固锂电设备领域竞争优势和市场地位的同时，探索智能激光焊接的多领域应用，进一步扩充公司产品的下游应用领域，增强公司的市场竞争力。”曹卫斌表示，公司将以客户需求为导向，持续开发性能优异的智能制造装备产品，服务于下游产业的智能化升级，致力于成为世界一流的智能制造装备供应商。 发挥链主作用赋能激光产业 作为全国最大的光电子芯片研发生产基地、全球最大的光纤光缆研制基地，湖北正在奋力打造世界级光电子信息产业集群。其中，激光技术作为高科技战略竞争的重要领域之一，是增强高端制造业竞争力、加快推进新旧动能转换的基础性技术支撑，已成为湖北光电子信息产业快速发展的重要突破口。 今年8月2日，湖北省发布的《关于推动激光产业高质量发展的实施意见》（简称《实施意见》），提出“一年筑基、两年起势、三年翻番”的产业规模目标，以激光产业赋能带动千行百业创新发展。《经济参考报》记者注意到，《实施意见》多次提到逸飞激光，如“加快建设逸飞激光工程技术研究院等研发机构”“支持逸飞激光CNAS实验室等公共服务平台发挥作用”“促进逸飞激光锂电激光智造装备三期等一批重大项目加快建成投产达效”等。 “作为湖北省新能源电池激光应用产业链‘链主’企业，逸飞激光是《实施意见》的重要承载和支持企业之一。”据曹卫斌介绍，《实施意见》中提到的逸飞激光工程技术研究院，可针对激光光学系统、激光加工工艺、智能装备以及智能软件等开展创新研究，公司致力于将其打造成为结合“技术创新-工程转化-分析测试”的一体化平台，力求为客户提供更优质的产品和技术服务。而“新能源电池激光应用产业链共性创新平台”的成立，则开创了与上下游企业、高校以及科研机构等“产学研用”联合创新的新模式。 得益于创新平台的建设，逸飞激光研发创新模式全面升级，有效提升了全流程研发效率，缩短了新技术研发到量产应用的周期，促进了产业链协同的创新迭代和智造升级，在一定程度上助力形成了适应新时代、新经济、新产业的新质生产力。今年10月，逸飞激光与松山湖材料实验室签订战略合作，双方基于逸飞激光工程技术研究院的新型创新平台，加快固态电池关键工艺技术的创新突破与产业化应用。目前，逸飞激光已实现固态电芯装配设备、模组PACK设备以及整厂智慧物流成套系统对头部客户的交付。 采访行将结束，曹卫斌表示，逸飞激光将会积极把握产业政策相关机遇，持续加大研发投入，致力服务于新兴技术的研发、验证、检测及成果转化需求，切实推动产业链的协同创新和智能制造升级。同时，充分发挥“产业孵化”功能，强化“产学研用”合作，让“产业孵化”走向“产业转化”，推动创新链、产业链、资金链、人才链的深度融合，在实现公司发展模式全新升级的同时，切实助力我国激光产业进一步做大做强。,0,ST逸飞(SH688646),0,2024-12-22 21:44:25,0,0,0,4722,0,新闻,https://xueqiu.com/S/SH688646/317744245,2026-07-08 16:21:59
317951895,SH688646,ST逸飞,,$逸飞激光(SH688646)$ 激光是继核能、电脑、半导体之后，人类的又一重大发明，被称为“最快的刀”和“最准的尺”。诞生于中国光谷的武汉逸飞激光股份有限公司（简称“逸飞激光”，688646.SH），是一家专业从事精密激光加工智能装备研发、生产和销售的国家高新技术企业,0,解析几何价格,6305327169,2024-12-24 05:12:26,0,0,0,22105,0,Android,https://xueqiu.com/6305327169/317951895,2026-07-08 16:21:59
318042646,SH688646,ST逸飞,逸飞激光：12月24日获融资买入244.32万元,同花顺（300033）数据中心显示，逸飞激光12月24日获融资买入244.32万元，占当日买入金额的21.25%，当前融资余额8288.61万元，占流通市值的4.44%，超过历史90%分位水平，处于高位。 融资走势表 日期融资变动融资余额12月24日-24.43万8288.61万12月23日83.91万8313.04万12月20日-372.06万8229.13万12月19日-319.19万8601.18万12月18日-238.22万8920.37万 融券方面，逸飞激光12月24日融券偿还0股，融券卖出0股，按当日收盘价计算，卖出金额0.00元；融券余额0.00，低于历史10%分位水平，处于低位。 融券走势表 日期融券变动融券余额12月24日0.000.0012月23日0.000.0012月20日0.000.0012月19日0.000.0012月18日0.000.00 综上，逸飞激光当前两融余额8288.61万元，较昨日下滑0.29%，余额超过历史90%分位水平，处于高位。 两融余额的走势表 日期两融余额余额变动12月24日8288.61万-24.43万12月23日8313.04万83.91万12月20日8229.13万-372.06万12月19日8601.18万-319.19万12月18日8920.37万-238.22万 说明1：融资余额若长期增加时表示投资者心态偏向买方，市场人气旺盛属强势市场，反之则属弱势市场。 说明2：买入金额=主动买入特大单金额+主动买入大单金额+主动买入中单金额+主动买入小单金额。,0,ST逸飞(SH688646),0,2024-12-25 00:43:50,0,0,0,3942,0,新闻,https://xueqiu.com/S/SH688646/318042646,2026-07-08 16:21:59
318245575,SH688646,ST逸飞,,$逸飞激光(SH688646)$ 好股，三周跌了16个点，反弹一个点都站不住,0,保重千千万,1315561626,2024-12-26 05:48:24,0,0,0,19783,0,Android,https://xueqiu.com/1315561626/318245575,2026-07-08 16:21:59
319121431,SH688646,ST逸飞,逸飞激光获得实用新型专利授权：“一种用于扫码的输送线”,证券之星消息，根据天眼查APP数据显示逸飞激光（688646）新获得一项实用新型专利授权，专利名为“一种用于扫码的输送线”，专利申请号为CN202420827904.0，授权日为2025年1月3日。专利摘要：本实用新型涉及电芯加工领域，提供一种用于扫码的输送线，该用于扫码的输送线包括：输送线，用于传输包括料杯和电芯的料杯组件，输送线上设有第一工位和第二工位；转盘组件，沿周向间隔设有多个用于承载料杯组件的卡槽，在转盘组件转动的过程中，卡槽在第一工位与第二工位间转动，被配置为将传输至第一工位的料杯组件传递至第二工位；扫码器，设置在转盘组件的一侧，用于对在卡槽上的料杯组件进行扫码检测。该用于扫码的输送线，通过转盘组件的设计，料杯组件能够在第一工位和第二工位之间有效地传递，配合设置在转盘组件一侧的扫码器，实现了对料杯组件的快速扫码检测。这种方式大大提高了扫码效率，减少了等待时间，提升了整体生产效率。今年以来逸飞激光新获得专利授权2个，较去年同期增加了100%。结合公司2024年中报财务数据，2024上半年公司在研发方面投入了3389.8万元，同比增8.63%。数据来源：天眼查APP以上内容为证券之星据公开信息整理，由智能算法生成（网信算备310104345710301240019号），不构成投资建议。,0,证券之星财经,5187193467,2025-01-02 18:20:05,0,0,0,14998,0,雪球,https://xueqiu.com/5187193467/319121431,2026-07-08 16:21:59
319134150,SH688646,ST逸飞,逸飞激光：1月2日获融资买入1130.28万元,同花顺（300033）数据中心显示，逸飞激光1月2日获融资买入1130.28万元，占当日买入金额的32.95%，当前融资余额8205.95万元，占流通市值的4.36%，超过历史90%分位水平，处于高位。 融资走势表 日期融资变动融资余额1月2日-498.33万8205.95万12月31日414.42万8704.27万12月30日46.43万8289.86万12月27日-373.62万8243.43万12月26日688.30万8617.05万 融券方面，逸飞激光1月2日融券偿还0股，融券卖出0股，按当日收盘价计算，卖出金额0.00元；融券余额0.00，低于历史10%分位水平，处于低位。 融券走势表 日期融券变动融券余额1月2日0.000.0012月31日0.000.0012月30日0.000.0012月27日0.000.0012月26日0.000.00 综上，逸飞激光当前两融余额8205.95万元，较昨日下滑5.73%，余额超过历史90%分位水平，处于高位。 两融余额的走势表 日期两融余额余额变动1月2日8205.95万-498.33万12月31日8704.27万414.42万12月30日8289.86万46.43万12月27日8243.43万-373.62万12月26日8617.05万688.30万 说明1：融资余额若长期增加时表示投资者心态偏向买方，市场人气旺盛属强势市场，反之则属弱势市场。 说明2：买入金额=主动买入特大单金额+主动买入大单金额+主动买入中单金额+主动买入小单金额。,0,ST逸飞(SH688646),0,2025-01-03 01:03:16,0,0,0,3356,0,新闻,https://xueqiu.com/S/SH688646/319134150,2026-07-08 16:21:59
319374329,SH688646,ST逸飞,,逸飞激光：逸飞激光关于控股股东、实际控制人、董事长兼总经理提议公司第二期回购股份的公告 网页链接,0,ST逸飞(SH688646),0,2025-01-05 07:34:02,0,0,0,2589,0,公告,https://xueqiu.com/S/SH688646/319374329,2026-07-08 16:21:59
319374337,SH688646,ST逸飞,,逸飞激光：逸飞激光关于股份回购实施结果暨股份变动的公告 网页链接,0,ST逸飞(SH688646),0,2025-01-05 07:34:04,0,0,0,4241,0,公告,https://xueqiu.com/S/SH688646/319374337,2026-07-08 16:21:59
319375203,SH688646,ST逸飞,逸飞激光最新公告：控股股东、实际控制人、董事长兼总经理提议公司第二期回购股份,逸飞激光控股股东、实际控制人、董事长兼总经理吴轩向董事会提议以公司自有资金和自筹资金通过集中竞价交易方式进行第二期回购公司股份，并在未来适宜时机用于股权激励/员工持股计划、注销并减少注册资本。回购价格不高于公司董事会审议通过回购股份方案决议前30个交易日公司股票均价的150%。回购股份的资金总额不低于人民币5000万元（含），不超过人民币1亿元（含）。以上内容为证券之星据公开信息整理，由智能算法生成（网信算备310104345710301240019号），不构成投资建议。,0,证券之星财经,5187193467,2025-01-05 07:50:07,0,0,0,14269,0,雪球,https://xueqiu.com/5187193467/319375203,2026-07-08 16:21:59
319385926,SH688646,ST逸飞,逸飞激光回购315万股 资金总额8307万元,财中社1月5日电逸飞激光（688646）截至2025年1月6日已回购315万股，占总股本的3.31%，回购资金总额为8307万元，回购价格区间为23.36元/股至36.45元/股。 2024年前三季度，逸飞激光实现收入5.35亿元，归母净利润5558万元。,0,ST逸飞(SH688646),0,2025-01-05 11:22:30,0,0,0,2954,0,新闻,https://xueqiu.com/S/SH688646/319385926,2026-07-08 16:21:59
319499059,SH688646,ST逸飞,逸飞激光主力资金持续净流入，3日共净流入2483.34万元,逸飞激光01月06日DDE大单资金(主力资金)净流入1222.76万元，两市排名248/5126。近3日逸飞激光主力资金持续流入，3日共净流入2483.34万元。 【投顾分析】 该股今日DDE大单净额为正，且最近3日均量亦为正，表明近期主力资金买入居多，主力资金短期处于流入趋势；投顾建议：投资者对该股短期走势可持乐观态度。 免责声明：相关内容根据互联网大数据分析所得，不代表公司立场，不构成投资建议，请注意投资风险。,0,ST逸飞(SH688646),0,2025-01-06 08:11:28,0,0,0,2761,0,新闻,https://xueqiu.com/S/SH688646/319499059,2026-07-08 16:21:58
319507776,SH688646,ST逸飞,逸飞激光：本次股份回购计划实施完毕,证券日报网讯 1月5日晚间，逸飞激光发布公告称，截至本公告披露日，公司本次股份回购计划实施完毕。公司通过上海证券交易所交易系统以集中竞价交易方式已累计回购公司股份3，150，000股，占公司总股本95，162，608股的比例为3.31%（比例数据系四舍五入）。（编辑 姚尧）,0,证券日报,8353550788,2025-01-06 09:10:49,0,0,0,13508,0,雪球,https://xueqiu.com/8353550788/319507776,2026-07-08 16:21:58
319507790,SH688646,ST逸飞,逸飞激光：控股股东、实际控制人、董事长兼总经理提议公司第二期回购股份,证券日报网讯 1月5日晚间，逸飞激光发布公告称，公司控股股东、实际控制人、董事长兼总经理吴轩先生提议以公司自有资金和自筹资金通过集中竞价交易方式进行第二期回购公司股份，回购股份的资金总额不低于人民币5，000万元（含），不超过人民币10，000万元（含）。（编辑 姚尧）,0,证券日报,8353550788,2025-01-06 09:10:52,0,0,0,14416,0,雪球,https://xueqiu.com/8353550788/319507790,2026-07-08 16:21:58
319509679,SH688646,ST逸飞,,"@今日话题 【逸飞激光：实际控制人提议拟5000万-1亿元回购公司股份】1月6日，逸飞激光（688646）发布公告称，控股股东、实际控制人、董事长兼总经理吴轩提议公司实施第二期股份回购计划,用于股权激励/员工持股计划或注销以减少注册资本。根据提议，此次回购将以集中竞价交易方式进行，资金总额预计不低于5000万元且不超过1亿元，资金来源为公司自有资金及自筹资金。回购期限不超过12个月，从股东大会审议通过最终方案之日起计算。资料显示，逸飞激光成立于2005年12月，从事精密激光加工智能装备研发、设计、生产和销售。",0,GPLP犀牛,1515690066,2025-01-06 09:25:56,0,0,0,14949,0,雪球,https://xueqiu.com/1515690066/319509679,2026-07-08 16:21:58
319666210,SH688646,ST逸飞,1月7日逸飞激光现667.8万元大宗交易,证券之星消息，1月7日逸飞激光发生大宗交易，交易数据如下：近三个月该股共发生16笔大宗交易，合计成交1.93万手，折价成交16笔。该股在过去半年内已有共计3711.78万股限售解禁股上市，占公司总股本的39.0%。截至2025年1月7日收盘，逸飞激光(688646)报收于37.62元，上涨2.9%，换手率5.47%，成交量3.07万手，成交额1.14亿元。该股近半年内有股东持股变动，合计净减持63.28万股，股东增减持明细如下表：该股最近90天内无机构评级。以上内容为证券之星据公开信息整理，由智能算法生成（网信算备310104345710301240019号），不构成投资建议。,0,证券之星财经,5187193467,2025-01-07 09:30:18,0,0,0,15148,0,雪球,https://xueqiu.com/5187193467/319666210,2026-07-08 16:21:58
319734076,SH688646,ST逸飞,,$逸飞激光(SH688646)$ 近三个月该股共发生16笔大宗交易，合计成交1.93万手，折价成交16笔。该股在过去半年内已有共计3711.78万股限售解禁股上市，占公司总股本的39.0%。,0,解析几何价格,6305327169,2025-01-08 02:01:24,0,0,0,17327,0,Android,https://xueqiu.com/6305327169/319734076,2026-07-08 16:21:58
319820311,SH688646,ST逸飞,,逸飞激光：逸飞激光关于股东减持股份计划时间届满暨减持结果公告 网页链接,0,ST逸飞(SH688646),0,2025-01-08 08:44:02,0,0,0,2576,0,公告,https://xueqiu.com/S/SH688646/319820311,2026-07-08 16:21:58
319822895,SH688646,ST逸飞,逸飞激光：股东怡珀新能源、海富长江、中比基金减持计划实施完毕，共减持公司股份约197万股,每经AI快讯，逸飞激光1月8日晚间发布公告称，公司股东怡珀新能源、海富长江、中比基金减持计划实施完毕，共减持公司股份约197万股，减持股份占公司总股份为2.0702%。 2023年1至12月份，逸飞激光的营业收入构成为：锂电池占比96.68%，其他占比2.51%。 逸飞激光的董事长、总经理均是吴轩，男，49岁，学历背景为本科。 截至发稿，逸飞激光市值为35亿元。 道达号（daoda1997）“个股趋势”提醒：1. 逸飞激光上次发布减持公告是2024年09月07日，第二个交易日上涨2.24%，逸飞激光近一年共发布2次减持类公告。 每经头条（nbdtoutiao）——美国年度大型展会开始！全球4800多家企业参展，中国就有1300多家，英伟达、宝马也来了！现场直击→ (记者 王晓波) 免责声明：本文内容与数据仅供参考，不构成投资建议，使用前请核实。据此操作，风险自担。 每日经济新闻,0,每日经济新闻,4642157440,2025-01-08 09:00:24,0,0,0,16955,0,雪球,https://xueqiu.com/4642157440/319822895,2026-07-08 16:21:58
319831201,SH688646,ST逸飞,1月8日逸飞激光发布公告，其股东减持133.73万股,证券之星消息，1月8日逸飞激光发布公告《逸飞激光:逸飞激光关于股东减持股份计划时间届满暨减持结果公告》，其股东海富产业投资基金管理有限公司-海富长江成长股权投资(湖北)合伙企业(有限合伙)、广州怡珀新能源产业投资管理有限责任公司-广州怡珀新能源产业股权投资合伙企业(有限合伙)、中国-比利时直接股权投资基金于2024年10月18日至2025年1月8日间合计减持133.73万股，占公司目前总股本的1.4052%，变动期间该股股价上涨31.31%，截止1月8日收盘报36.74元。股东增减持详情见下表：根据逸飞激光2024年三季报公布的十大股东详情如下：以上内容为证券之星据公开信息整理，由智能算法生成（网信算备310104345710301240019号），不构成投资建议。,0,证券之星财经,5187193467,2025-01-08 10:10:33,0,0,0,19298,0,雪球,https://xueqiu.com/5187193467/319831201,2026-07-08 16:21:58
320345996,SH688646,ST逸飞,,逸飞激光投资者关系活动记录表-(2025.1.7-1.13) 网页链接,0,ST逸飞(SH688646),0,2025-01-13 10:30:01,0,0,0,1167,0,互动易,https://xueqiu.com/S/SH688646/320345996,2026-07-08 16:21:58
320346273,SH688646,ST逸飞,,逸飞激光：投资者关系活动记录表-(2025.1.7-1.13) 网页链接,0,ST逸飞(SH688646),0,2025-01-13 10:33:04,0,0,0,2317,0,公告,https://xueqiu.com/S/SH688646/320346273,2026-07-08 16:21:58
320346727,SH688646,ST逸飞,逸飞激光：46系大圆柱电池加速量产,金融界1月13日消息，逸飞激光披露投资者关系活动记录表显示公司目前大圆柱电芯装配线在2024年已实现批量交付，32系/40系/60系大圆柱电池在新能源汽车、储能、轻型车等市场的应用不断提升，46系大圆柱电池也处于加速量产阶段。此外，公司逸飞智能二期和江苏逸飞二期已于去年年中陆续投入使用，产能能够满足市场需求，总部基地项目亦正在建设中，未来将根据订单和市场需求情况进一步扩充产能。,0,ST逸飞(SH688646),0,2025-01-13 10:39:19,0,0,0,2787,0,新闻,https://xueqiu.com/S/SH688646/320346727,2026-07-08 16:21:58
320368122,SH688646,ST逸飞,逸飞激光：1月7日接受机构调研，华宝基金、从容投资等多家机构参与,证券之星消息，2025年1月13日逸飞激光（688646）发布公告称公司于2025年1月7日接受机构调研，华宝基金、从容投资、太平洋证券、诺安基金、华泰柏瑞基金、中信资管、金信基金、交银施罗德基金、西部利德基金、浙商证券、国联证券、乐信投资、南华基金、长江证券、金科投资参与。具体内容如下： 公司在遵守信息披露相关规定的前提下与投资者进行交流，交流内容不涉及未披露的重大信息。具体交流内容如下：问：近几年公司整体毛利率表现较好，请 2024年毛利率季度波动较大，请是什么原因？展望未来毛利率水平？答：公司毛利率受收入结构、当期项目验收、原材料价格等多方面因素的影响，短期内会存在一定的波动性。公司2024 年季度毛利率波动的原因主要是受当期项目验收影响，毛利率较低的方形电芯设备收入增加所致。未来，公司会通过不断加强技术与产品创新，持续提升产品竞争力，并通过规模化、精细化管理强化成本与费用控制，来保障公司持续盈利能力。问：从公司财报看，2024年合同负债增幅较大，请主要原因是什么？公司订单是否同步增长？答：公司前三季度合同负债 3.2 亿元，较上年度末增长73.22%。合同负债主要是公司基于订单预收的客户款项，整体来看，公司订单充裕，其中圆柱电芯设备订单增速较快。问：请新聚力业绩如何？2024年承诺的2400万元业绩能否实现？答：新聚力整体经营稳健，且储备订单较为充裕，加之目前双方正在加快整合资源，预计对其经营也会产生有利影响，公司和控股子公司新聚力将会积极推动业绩目标的达成。4、新聚力的半导体业务进展如何？市场空间怎样？目前新聚力已推出了半导体 MHS 系统，包含Stocker、Zip Tower、OHT 等系列核心设备，并已实现部分核心设备的国产替代。随着 12英寸晶圆厂的建设，MHS 被广泛应用，市场规模高速增长，根据 SEMI数据显示，2015~2022年全球 MHS市场复合增长率 24%，预计 2025年全球 MHS市场规模将达到 39.2亿美元；目前，海外企业占据主要市场份额，国产替代空间巨大。问：公司未来会有并购重组的计划么？有关注的方向或者标的吗？答：公司着力推动建立业务与资本协同发展的机制，已完成新聚力的战略并购，在智能制造领域实现智能装备与智慧物流的高效协同，推动实现新能源与半导体产业布局；同时，公司会根据整体战略规划、业务发展等情况，持续关注激光与光电产业、高端智能装备产业、新能源电池产业及其他新兴领域内的相关机会。问：如何看待大圆柱电池发展现状？规模化量产时间节点？答：基于大圆柱全极耳电池极致的性能优势、制造优势、低成本优势以及多元化场景应用的优势，被主流车企及电池企业广泛关注，其市场渗透率不断提升，未来大圆柱全极耳电池将会是主流电池技术路径之一。公司各个系列的大圆柱电芯装配线在 2024 年已实现了批量交付，目前来看，32 系/40 系/60系大圆柱电池在新能源汽车、储能、轻型车等市场应用不断提升，46 系也处于加速量产阶段。问：公司目前产能利用率如何？随着大圆住电池的量产加速，公司现有产能是否能满足市场需求？未来还会继续扩充产能吗？答：公司目前产能利用率处于较高水平，公司逸飞智能二期、江苏逸飞二期去年年中陆续投入使用，产能能够满足市场需求，且总部基地项目亦正在建设中，后续公司也会根据实际的订单和市场需求情况，进一步扩充产能。问：公司工程技术研究院自投入使用以来，有哪些创新成果？答：公司研究院构建了“技术研发-工程转化-分析测试”为一体的新型创新平台，搭建了电池结构件、电芯中试验证、电池成组应用、电池收拆解等全产业链中试验证平台，目前已有多家行业客户在平台上完成了新产品、新工艺开发验证，从研发创新到市场应用的效率大幅提升。同时，在新型激光系统、激光智能感知、超快激光应用等多方面取得新突破。逸飞激光（688646）主营业务：从事精密激光加工智能装备研发、设计、生产和销售。逸飞激光2024年三季报显示，公司主营收入5.35亿元，同比上升15.18%；归母净利润5557.9万元，同比上升10.56%；扣非净利润3619.88万元，同比上升2.84%；其中2024年第三季度，公司单季度主营收入1.86亿元，同比上升23.35%；单季度归母净利润1519.68万元，同比上升7.09%；单季度扣非净利润965.25万元，同比上升18.47%；负债率39.7%，投资收益949.64万元，财务费用179.65万元，毛利率29.35%。融资融券数据显示该股近3个月融资净流入3843.34万，融资余额增加；融券净流入0.0，融券余额增加。以上内容为证券之星据公开信息整理，由智能算法生成（网信算备310104345710301240019号），不构成投资建议。,0,证券之星财经,5187193467,2025-01-13 14:40:10,0,2,0,25770,1,雪球,https://xueqiu.com/5187193467/320368122,2026-07-08 16:21:58
320440527,SH688646,ST逸飞,46系电池量产箭在弦上，这家公司大圆柱电芯装备订单“狂飙”,逸飞激光成立于2005年，位于武汉·中国光谷，是一家专业从事精密激光加工智能装备研发、生产和销售的国家级专精特新“小巨人”企业。技术与产品公司成功突破了圆柱全极耳电池制造工艺技术难题，攻克了全极耳集流体无损成型、集流体焊接、壳盖自动化装配、高精度传送、智能产线信息化管理等关键技术，开发出圆柱全极耳电芯装配系列设备。其主要产品包括锂电池电芯自动装配线、模组/PACK自动装配线等自动化产线及各类精密激光加工智能化专机，广泛应用于新能源电池、储能、消费电池的电芯、模组、PACK制造领域。经营情况2024年前三季度，逸飞激光实现营收5.35亿元，同比增长15.18%；实现归母净利润5557.9万元，同比增长10.56%。公司采用“以销定产”的生产模式，同时也会根据下游市场需求预测进行备货生产。市场与客户公司产品广泛应用于新能源电池、家电厨卫、装配式建筑、汽车零部件等领域，服务客户包括宁德时代、国轩、亿纬、鹏辉、比亚迪、LG、中创新航、远景、蜂巢、派能、海辰、ATL、珠海冠宇等国内外知名锂电池生产企业，以及广汽、长安、蔚来、小鹏、印度TATA等新能源汽车厂家。研发创新公司设立了工程技术研究院等研发机构，致力于推动电芯“组装”向电芯“封装”升级等关键共性技术攻关。目前已有多家行业客户在其平台上完成了新产品、新工艺开发验证，从研发创新到市场应用的效率大幅提升。并在新型激光系统、激光智能感知、超快激光应用等多方面取得新突破。,0,hehe2020,1390493657,2025-01-14 05:55:25,0,0,0,19790,0,iPhone,https://xueqiu.com/1390493657/320440527,2026-07-08 16:21:58
320610155,SH688646,ST逸飞,,$逸飞激光(SH688646)$ 激光设备里极少数趋势上明确上升的个股，重点关注！其实它是隐含了数个不错的题材的，后面的帖子再聊聊吧。,0,深红财经,4059794437,2025-01-15 09:43:07,1,0,0,17209,0,雪球,https://xueqiu.com/4059794437/320610155,2026-07-08 16:21:58
320653884,SH688646,ST逸飞,逸飞激光：1月15日获融资买入3290.84万元，占当日流入资金比例45.35%,同花顺（300033）数据中心显示，逸飞激光1月15日获融资买入3290.84万元，占当日买入金额的45.35%，当前融资余额1.10亿元，占流通市值的4.84%，超过历史90%分位水平，处于高位。 融资走势表 日期融资变动融资余额1月15日2078.96万1.10亿1月14日366.58万8930.50万1月13日-74.71万8563.92万1月10日-297.19万8638.64万1月9日284.36万8935.83万 融券方面，逸飞激光1月15日融券偿还0股，融券卖出0股，按当日收盘价计算，卖出金额0.00元；融券余额0.00，低于历史10%分位水平，处于低位。 融券走势表 日期融券变动融券余额1月15日0.000.001月14日0.000.001月13日0.000.001月10日0.000.001月9日0.000.00 综上，逸飞激光当前两融余额1.10亿元，较昨日上升23.28%，余额超过历史90%分位水平，处于高位。 两融余额的走势表 日期两融余额余额变动1月15日1.10亿2078.96万1月14日8930.50万366.58万1月13日8563.92万-74.71万1月10日8638.64万-297.19万1月9日8935.83万284.36万 说明1：融资余额若长期增加时表示投资者心态偏向买方，市场人气旺盛属强势市场，反之则属弱势市场。 说明2：买入金额=主动买入特大单金额+主动买入大单金额+主动买入中单金额+主动买入小单金额。,0,ST逸飞(SH688646),0,2025-01-16 00:43:36,0,0,0,2560,0,新闻,https://xueqiu.com/S/SH688646/320653884,2026-07-08 16:21:58
320770903,SH688646,ST逸飞,上海洗霸、华自科技、逸飞激光、海辰药业有新动态！,上海洗霸固态电池完成设计1月15日消息，上海洗霸应用于eVTOL的高比能软包锂离子固态电池已设计完成。上海洗霸与中国科学院上海硅酸盐研究所固态电池先进材料联合创新实验室和上海科源固能新能源科技有限公司联合攻关，近期已完成高比能固态电池软包锂离子电池设计工作，设计完成的高比能软包锂离子固态电池已进入小批量生产，生产产品待质检合格后进入测试。据悉，该款高比能软包锂离子固态电池采用先进固态电池材料技术，以上海科源固能生产固态电解质包覆高镍三元材料为正极，以浙江领硅生产的均质硅碳作为负极材料，并在正极中掺混纳米级、超高离子电导率固态电解质粉体，在隔膜负极侧涂覆纳米级固态电解质浆料。产品设计的能量密度≥320Wh/kg，合格产品理论上将率先应用于 eVTOL 场景，目前产品最终测试结果需要得到第三方的认可。华自科技交付半固态产线1月15日，华自科技在互动平台表示，已按客户需求向头部锂电厂商提供半固态电池产线。逸飞激光：已实现固态电池电芯装配设备等交付1月15日，逸飞激光在投资者互动平台表示，目前，已实现固态电池电芯装配设备、模组 PACK设备以及整厂智慧物流成套系统对头部客户的交付。同时，与松山湖材料实验室联合开发新型结构化极片与激光微加工技术，进一步探索锂电池新材料新工艺的产业化应用路径，加快固态电池关键工艺技术的创新突破与产业化应。海辰药业等五方出资设立合资公司，固态电池等电池相关粘合剂研究1月15日，海辰药业发布公告，控股子公司安庆汇辰、赛科动力、宜宾市戎固新材料技术中心与曹熹宸、严美强拟共同投资设立合资公司四川洛辰，主要投资从事新能源及电子材料的研发、生产、销售、技术专利许可及技术服务的业务。合资公司注册资本为2000万元，其中安庆汇辰以认缴出资额820万元为投资金额，占比41%。五方共同出资设立合资公司，旨在结合赛科动力在包括固态电池在内的各类新能源电池相关粘合剂方面的技术储备优势，及安庆汇辰在新能源材料方面的产业化优势，共同推动包括固态电池在内的各类新能源电池相关粘合剂的小试、中试、到商业化量产。安庆汇辰与赛科动力方将在固态电池粘合剂的研发与产业化等方面进行深度合作，并不断迭代、优化整个新能源电池体系相关粘合剂的解决方案。,0,njgfcv,1572331072,2025-01-16 14:20:45,0,0,0,209417,1,雪球,https://xueqiu.com/1572331072/320770903,2026-07-08 16:21:58
320877222,SH688646,ST逸飞,,逸飞激光：民生证券股份有限公司关于武汉逸飞激光股份有限公司首次公开发行部分限售股上市流通的核查意见 网页链接,0,ST逸飞(SH688646),0,2025-01-17 09:37:02,0,0,0,2174,0,公告,https://xueqiu.com/S/SH688646/320877222,2026-07-08 16:21:58
320877225,SH688646,ST逸飞,,逸飞激光：逸飞激光首次公开发行部分限售股上市流通公告 网页链接,0,ST逸飞(SH688646),0,2025-01-17 09:37:03,0,0,0,2173,0,公告,https://xueqiu.com/S/SH688646/320877225,2026-07-08 16:21:58
321199833,SH688646,ST逸飞,概念动态|逸飞激光新增“芯片概念”,2025年1月21日，逸飞激光新增“芯片概念”。 据同花顺数据显示，入选理由是：2024年11月11日互动易：新聚力在CeMAT亚洲国际物流展全面推出了半导体AMHS系统，包含线边密集库（Stocker）、高速塔式提升机（Tower）、天车搬运系统（OHT）等系列核心设备与软件，全面对标行业领先水平，并已经实现部分设备的国产替代，帮助半导体晶圆厂实现大规模量产条件下的高效、安全、无尘的全自动搬运和仓储。 该公司常规概念还有：宁德时代（300750）概念、锂电池概念、融资融券、专精特新、装配式建筑、储能、长安汽车概念、动力电池回收、钠离子电池、新型工业化、比亚迪（002594）概念、机器视觉、固态电池、智能物流。,0,ST逸飞(SH688646),0,2025-01-21 07:15:48,0,0,0,2735,0,新闻,https://xueqiu.com/S/SH688646/321199833,2026-07-08 16:21:56
321232717,SH688646,ST逸飞,逸飞激光新一代圆柱全极耳电芯组装线批量交付,摘要 2024年全极耳圆柱电池已经市场起量，2025年市场渗透还会进一步加快，由此也将带动产业链相关企业共同获益。 全极耳技术，通过缩短电子传输路径，打破传统圆柱电池由于内阻大、发热严重等问题，无法持续提供高功率输出瓶颈，相比传统小圆柱电池降低了约80%，显著提升电池的充放电倍率，也使得全极耳圆柱电池开启了更大范围的应用场景。 2024年以来，包括亿纬锂能、新能安、比克电池、睿恩新能源等多家电池企业均发布了全极耳圆柱新品，并深入其在电动工具、两轮车、电摩、无人机、户用储能、工商业储能等多元细分市场。预示着全极耳圆柱电池市场化提速。 行业的一致共识是，2024年全极耳圆柱电池已经市场起量，2025年市场渗透还会进一步加快，由此也将带动产业链相关企业共同获益。 高工锂电注意到，近日，逸飞激光新一代圆柱电池高速智能装配线下线交付至客户车间。作为率先突破圆柱全极耳电池关键制造工艺的供应商，逸飞激光旗下系列化圆柱电池装备布局完善，涵盖全尺寸、多工艺与多传输形式。 从2022年到2023年，逸飞激光陆续实现了150ppm、300ppm、360ppm等不同型号圆柱全极耳电池装配线产品的迭代。2024年第三季度，46系大圆柱全极耳电池装配线也迎来了批量化的交付。 据悉，逸飞激光新一代圆柱电池高速智能装配线，在传输效率、柔性、加工精度、智能化程度等方面提升显著，能更好地适应工业4.0浪潮下的大规模、多样化制造需求，节省场地、设备维护及人工成本，增厚企业规模效益。 良率优化 产效跃升 为极限制造加注澎湃动力 ⊙ 高精度传送、定位、加工，定位精度0.01mm，无需重复定位，加工流程简化、精度高 ⊙ 关键工站双工位加工，可实现连续不间断作业，加工效率提升40%+ ⊙ 电芯与结构件装配线通过自动物流一体化对接，高效智能组装 ⊙ 不良品自动剔除，不占用加工位，有效提升稼动率 工艺升级 技术革新 大幅降低焊接飞溅 ⊙ 采用超低飞溅激光焊接技术，精准控制激光参数，使熔池温度分布更均匀，减少匙孔波动程度和坍塌，有效抑制90%以上飞溅 ⊙ 激光能量集中，最高焊接速度≥60mm/s，焊接质量稳定，焊缝平整美观，工件无损伤、变形 高速高精度磁悬浮传输 跑出新质生产力“加速度” ⊙ 2m/s高速磁悬浮传输，传输效率提升4倍以上，减少物料传送时间，提高生产节拍 ⊙ 动子小车独立编程运行，组合使用，可依据实际需求灵活调度，柔性生产；配备供料缓存系统，设有动子独立维修区域，故障处理无需停机 ⊙ 无接触式传送，可有效降低物料的机械磨损，无磨损粉尘产生，减少设备停工维护及维修的频率 焊中+焊后质量闭环监测 批量缺陷零容忍 ⊙ 配置焊接质量闭环监测系统，结构件来料自动检测纠偏+焊接过程质量优化+焊中质量实时监控+焊后缺陷快速检测，有效提升焊接质量，防止批量缺陷产生 ⊙ 整线配备2D+2.5D+3D视觉检测系统，结合飞拍检测技术，应对不同类型缺陷检测 全过程数字化管控 引领智慧生产新趋势 ⊙ 电芯＆结构件一对一绑定追溯，实现最高产品追溯精度 ⊙ 引入AI算法检测系统，持续训练深度学习模型，提升检测精度、效率及可靠性 ⊙ 应用MES智能管理平台，实时监控、采集关键数据，实现生产过程智能化管控，产品信息100%追溯 集约式低能耗运营 打造绿色低碳工厂 ⊙ 工站高集成模块化设计，集流盘焊接、入壳、盖板焊接多位一体，占地面积减少25%+ ⊙ 同等生产效率需求下，大件模块数量减少，照明等设备电耗减低，综合能耗降低25%+ 从其高节拍、高柔性、高自动化、高智能等特性来看，逸飞激光将进一步助力大圆柱电池的规模化量产进程，推动电池产业创新、高质量、可持续发展。,0,高工锂电,7862386466,2025-01-21 11:45:29,0,3,0,28466,0,雪球,https://xueqiu.com/7862386466/321232717,2026-07-08 16:21:56
321415796,SH688646,ST逸飞,逸飞激光：1月22日获融资买入987.87万元，占当日流入资金比例35.24%,同花顺（300033）数据中心显示，逸飞激光1月22日获融资买入987.87万元，占当日买入金额的35.24%，当前融资余额1.14亿元，占流通市值的4.83%，超过历史90%分位水平，处于高位。 融资走势表 日期融资变动融资余额1月22日574.18万1.14亿1月21日-8.76万1.08亿1月20日-458.83万1.08亿1月17日266.88万1.13亿1月16日1.63万1.10亿 融券方面，逸飞激光1月22日融券偿还0股，融券卖出0股，按当日收盘价计算，卖出金额0.00元；融券余额0.00，低于历史10%分位水平，处于低位。 融券走势表 日期融券变动融券余额1月22日0.000.001月21日0.000.001月20日0.000.001月17日0.000.001月16日0.000.00 综上，逸飞激光当前两融余额1.14亿元，较昨日上升5.31%，余额超过历史90%分位水平，处于高位。 两融余额的走势表 日期两融余额余额变动1月22日1.14亿574.18万1月21日1.08亿-8.76万1月20日1.08亿-458.83万1月17日1.13亿266.88万1月16日1.10亿1.63万 说明1：融资余额若长期增加时表示投资者心态偏向买方，市场人气旺盛属强势市场，反之则属弱势市场。 说明2：买入金额=主动买入特大单金额+主动买入大单金额+主动买入中单金额+主动买入小单金额。,0,ST逸飞(SH688646),0,2025-01-23 00:27:43,0,0,0,2599,0,新闻,https://xueqiu.com/S/SH688646/321415796,2026-07-08 16:21:56
321611906,SH688646,ST逸飞,,$逸飞激光(SH688646)$ 同花顺（300033）数据中心显示，逸飞激光1月22日获融资买入987.87万元，占当日买入金额的35.24%，当前融资余额1.14亿元，占流通市值的4.83%，超过历史90%分位水平，处于高位。,0,解析几何价格,6305327169,2025-01-24 05:22:15,0,0,0,16438,0,Android,https://xueqiu.com/6305327169/321611906,2026-07-08 16:21:56
321950213,SH688646,ST逸飞,逸飞激光获得实用新型专利授权：“一种密封钉定位装置”,证券之星消息，根据天眼查APP数据显示逸飞激光（688646）新获得一项实用新型专利授权，专利名为“一种密封钉定位装置”，专利申请号为CN202420668709.8，授权日为2025年1月28日。专利摘要：本实用新型公开一种密封钉定位装置，密封钉定位装置具有供钉工位和待焊接工位，供钉工位上具有密封钉，密封钉定位装置包括电芯载具、上钉机构、第一视觉定位机构和第二视觉定位机构，电芯载具用于将电芯运载至待焊接工位，上钉机构具有拾取部，拾取部用于对供钉工位的密封钉进行拾取，第一视觉定位机构位于上钉机构与待焊接工位之间，用于采集密封钉相对拾取部的第一位置，第二视觉定位机构位于待焊接工位上方，用于采集电芯上注液孔的第二位置，上钉机构用于根据第一位置和第二位置，将密封钉自第一视觉定位机构处移动至待焊接工位。如此设置，解决了密封钉在上钉过程中容易出现位置偏差的问题，提高了密封钉的定位精度和焊接工作中的良品率。今年以来逸飞激光新获得专利授权7个，较去年同期增加了40%。结合公司2024年中报财务数据，2024上半年公司在研发方面投入了3389.8万元，同比增8.63%。数据来源：天眼查APP以上内容为证券之星据公开信息整理，由智能算法生成（网信算备310104345710301240019号），不构成投资建议。,0,证券之星财经,5187193467,2025-01-28 18:30:46,0,0,0,10960,0,雪球,https://xueqiu.com/5187193467/321950213,2026-07-08 16:21:56
322203694,SH688646,ST逸飞,,逸飞激光：逸飞激光第二届董事会第十一次会议决议公告 网页链接,0,ST逸飞(SH688646),0,2025-02-04 07:31:01,0,0,0,1986,0,公告,https://xueqiu.com/S/SH688646/322203694,2026-07-08 16:21:56
322203696,SH688646,ST逸飞,,逸飞激光：逸飞激光关于召开2025年第一次临时股东大会的通知 网页链接,0,ST逸飞(SH688646),0,2025-02-04 07:31:02,0,0,0,2044,0,公告,https://xueqiu.com/S/SH688646/322203696,2026-07-08 16:21:56
322203698,SH688646,ST逸飞,,逸飞激光：逸飞激光关于第二期以集中竞价交易方式回购公司股份方案的公告 网页链接,0,ST逸飞(SH688646),0,2025-02-04 07:31:02,0,0,0,2250,0,公告,https://xueqiu.com/S/SH688646/322203698,2026-07-08 16:21:56
322204643,SH688646,ST逸飞,逸飞激光拟斥5000万元至1亿元回购股份,逸飞激光(688646.SH)披露回购股份方案，公司拟通过集中竞价方式回购公司已发行的人民币普通股(A股)股票，回购股份金额不低于人民币5000万元(含)，不超过人民币1亿元(含)，回购股份的价格不超过人民币56.17元/股(含)，回购的股份将在未来适宜时机用于股权激励/员工持股计划、注销并减少注册资本，其中，拟用于股权激励/员工持股计划的股份数量不低于实际回购总量的50%，拟用于注销并减少注册资本的股份数量不高于实际回购总量的50%。,0,ST逸飞(SH688646),0,2025-02-04 07:47:13,0,0,0,2652,0,新闻,https://xueqiu.com/S/SH688646/322204643,2026-07-08 16:21:56
322204663,SH688646,ST逸飞,,【逸飞激光：拟5000万元—1亿元回购公司股份】逸飞激光公告，拟5000万元—1亿元回购公司股份，本次回购的股份将在未来适宜时机用于股权激励/员工持股计划、注销并减少注册资本，本次回购股份的价格不超过56.17元/股（含）。公司已取得兴业银行股份有限公司武汉分行出具的《贷款承诺函》，专项贷款金额不超过9000万元。,0,7X24快讯,5124430882,2025-02-04 07:47:40,1,8,0,35628,1,雪球,https://xueqiu.com/5124430882/322204663,2026-07-08 16:21:56
322205435,SH688646,ST逸飞,逸飞激光：2月4日召开董事会会议,每经AI快讯，逸飞激光（SH 688646，收盘价：40.3元）2月4日晚间发布公告称，公司第二届第十一次董事会会议于2025年2月4日在公司507会议室以现场结合通讯的方式召开。审议了《关于提请召开公司2025年第一次临时股东大会的议案》等。 2023年1至12月份，逸飞激光的营业收入构成为：锂电池占比96.68%，其他占比2.51%。 逸飞激光的总经理、董事长均是吴轩，男，49岁，学历背景为本科。 截至发稿，逸飞激光市值为38亿元。 道达号（daoda1997）“个股趋势”提醒：1. 近30日内共有1批机构对逸飞激光调研，合计调研的机构家数为15家。 每经头条（nbdtoutiao）——大S在日本感染流感并发肺炎去世，日本累计流感病例已达约952万人，过度囤购致药品短缺！为何流感会致命？ (记者 曾健辉) 免责声明：本文内容与数据仅供参考，不构成投资建议，使用前请核实。据此操作，风险自担。 每日经济新闻,0,每日经济新闻,4642157440,2025-02-04 08:00:06,0,0,0,10611,0,雪球,https://xueqiu.com/4642157440/322205435,2026-07-08 16:21:56
322215627,SH688646,ST逸飞,【风口解读】逸飞激光拟5000万元至1亿元回购，已跌破发行价,2月4日晚间，逸飞激光（688646.SH）公告，拟5000万元—1亿元回购公司股份，本次回购的股份将在未来适宜时机用于股权激励/员工持股计划、注销并减少注册资本，本次回购股份的价格不超过56.17元/股（含）。公司已取得兴业银行股份有限公司武汉分行出具的《贷款承诺函》，专项贷款金额不超过9000万元。逸飞激光主营业务是从事精密激光加工智能装备研发、设计、生产和销售。主要产品是锂电池电芯自动装配线、模组/PACK自动装配线。股票回购往往被视为一种稳价措施，指上市公司利用现金等方式，从股票市场买回自家公司已经发行在外的一定数额的股票。一般而言，回购后可以注销，也可以用于实施员工持股计划或股权激励计划。公司股价长期承压，当前股价较发行价跌幅达到13.03%。业绩方面，2024年前三季度，公司实现营业收入5.35亿元，同比增长15.18%；实现归母净利润5557.9万元，同比增长10.56%。（本文数据来源：同花顺iFinD等）,0,泡財經,3124808626,2025-02-04 11:21:51,0,0,0,11202,0,雪球,https://xueqiu.com/3124808626/322215627,2026-07-08 16:21:56
322221824,SH688646,ST逸飞,2025/02/04,1，逸飞激光（688646）：拟5000万元至1亿元回购公司股份2月4日，逸飞激光公告，拟5000万元—1亿元回购公司股份，本次回购的股份将在未来适宜时机用于股权激励/员工持股计划、注销并减少注册资本，本次回购股份的价格不超过56.17元/股（含）。公司已取得兴业银行股份有限公司武汉分行出具的《贷款承诺函》，专项贷款金额不超过9000万元。2，硅宝科技（300019）：股东拟增持274.58万股至549.15万股公司股份2月4日，硅宝科技公告，持股16.31%的股东四川发展引领资本管理有限公司（简称“引领资本”）计划通过集中竞价的方式增持公司股份。本次增持计划拟在满足价格前提不超过16.2元/股的情况下，累计增持数量不低于274.58万股（含本数）且不超过549.15万股（含本数）。建设银行成都新都支行同意为引领资本增持公司股份提供不超过8006.607万元的股票回购增持贷。3，北汽蓝谷（600733）：子公司1月汽车销售量为7219辆，比去年同期增长383.85%2月4日，北汽蓝谷发布子公司1月份产销快报，北京新能源汽车股份有限公司1月汽车销售量为7219辆，去年同期为1492辆。4，比亚迪（002594）：1月新能源汽车销量30.05万辆，比去年同期增长49.13%2月4日，比亚迪发布1月产销快报，1月新能源汽车销量30.05万辆，去年同期为20.15万辆；1月海外销售新能源乘用车合计6.63万辆；1月新能源汽车动力电池及储能电池装机总量约为15.511GWh，2025年累计装机总量约为15.511GWh。5，鱼跃医疗（002223）：持续葡萄糖监测系统取得医疗器械注册证2月4日，鱼跃医疗公告，持续葡萄糖监测系统取得医疗器械注册证。,0,小兵2025,8864825870,2025-02-04 13:30:21,0,0,0,47400,0,Android,https://xueqiu.com/8864825870/322221824,2026-07-08 16:21:56
322241902,SH688646,ST逸飞,逸飞激光（688646）188.3万股限售股将于2月5日解禁，占总股本1.98%,"证券之星消息，根据市场公开信息整理，逸飞激光（688646）于2月5日将有188.3万股限售股份解禁，为公司追加承诺限售股份上市流通，占公司总股本1.98%。（本次数据根据历史公告整理得出,实际情况以上市公司最新公告为准）最近一年内，该股累计解禁3711.78万股，占总股本的39.0%。本次解禁后，公司还有3712.92万股限售股份，占总股本39.02%。具体如下图所示：本次解禁涉及股东明细见下表：逸飞激光财务数据及主营业务：逸飞激光2024年三季报显示，公司主营收入5.35亿元，同比上升15.18%；归母净利润5557.9万元，同比上升10.56%；扣非净利润3619.88万元，同比上升2.84%；其中2024年第三季度，公司单季度主营收入1.86亿元，同比上升23.35%；单季度归母净利润1519.68万元，同比上升7.09%；单季度扣非净利润965.25万元，同比上升18.47%；负债率39.7%，投资收益949.64万元，财务费用179.65万元，毛利率29.35%。逸飞激光（688646）主营业务：从事精密激光加工智能装备研发、设计、生产和销售。以上内容为证券之星据公开信息整理，由智能算法生成（网信算备310104345710301240019号），不构成投资建议。",0,证券之星财经,5187193467,2025-02-05 00:11:10,0,0,0,15458,0,雪球,https://xueqiu.com/5187193467/322241902,2026-07-08 16:21:56
322319527,SH688646,ST逸飞,回购股票提振信心 湖北这家上市公司获银行“回购贷”支持,湖北日报讯（记者王艳华）2月4日，逸飞激光公告称拟5000万元至1亿元回购公司股份，公司已取得兴业银行股份有限公司武汉分行出具的《贷款承诺函》，专项贷款金额不超过人民币9000万元。本次回购的股份将在未来适宜时机用于股权激励/员工持股计划、注销并减少注册资本，回购股份价格不超过人民币56.17元/股（含）。 回购增持是上市公司展现对未来发展的信心，增强投资者对公司的投资信心的重要手段。2024年2月，逸飞激光首次回购公司股份6000万元至1.2亿元。此外，自2023年7月在科创板上市以来，逸飞激光连续两年派发现金红利回报投资者，目前已累计分红金额超4320万元。 过去，大部分A股上市公司要用自有资金或自筹资金回购股份，回购股份的资金来源多样性不足，影响了上市公司回购增持的积极性。2024年9月，央行推出股票回购增持再贷款工具，有效帮助上市公司降低融资成本，通过融资进行回购的案例大幅增加。今年1月14日，国务院新闻办公室在“中国经济高质量发展成效”系列新闻发布会公布，2024年末金融机构和超700家上市公司或主要股东签订了股票回购、增持贷款合同，全市场披露回购增持计划上限接近3000亿元。 湖北省金融机构和上市公司积极运用这一工具。截至2月5日，湖北已有7家上市公司公开表示获得银行专项贷款支持，超20家上市公司发布回购股票的方案或进展，向广大投资者表示公司对未来发展有信心。去年11月，华康医疗（301235）、三峡新材（600293）和居然智家（000785）3家公司累计获得银行承诺贷款不超过2.19亿元。今年1月，金融管理部门加大支持力度，对股票回购增持再贷款落地有关政策进行调整优化，进一步减轻借款人的资金压力。1月，奥美医疗（002950）、兴发集团（600141）、光电控股先后宣布获得银行回购增持贷款。,0,ST逸飞(SH688646),0,2025-02-05 08:47:58,0,0,0,2702,0,新闻,https://xueqiu.com/S/SH688646/322319527,2026-07-08 16:21:56
322340587,SH688646,ST逸飞,逸飞激光：第二届董事会第十一次会议决议公告,证券日报网讯 2月4日晚间，逸飞激光发布公告称，公司第二届董事会第十一次会议审议通过了《关于第二期以集中竞价交易方式回购公司股份方案的议案》《关于提请召开公司2025年第一次临时股东大会的议案》。（编辑 王雪儿）,0,证券日报,8353550788,2025-02-05 12:40:37,0,0,0,11075,0,雪球,https://xueqiu.com/8353550788/322340587,2026-07-08 16:21:56
322369100,SH688646,ST逸飞,逸飞激光：2月5日获融资买入1168.28万元，占当日流入资金比例50.37%,同花顺（300033）数据中心显示，逸飞激光2月5日获融资买入1168.28万元，占当日买入金额的50.37%，当前融资余额1.29亿元，占流通市值的5.39%，超过历史90%分位水平，处于高位。 融资走势表 日期融资变动融资余额2月5日343.42万1.29亿1月27日-600.25万1.25亿1月24日632.68万1.31亿1月23日1118.35万1.25亿1月22日574.18万1.14亿 融券方面，逸飞激光2月5日融券偿还0股，融券卖出0股，按当日收盘价计算，卖出金额0.00元；融券余额0.00，低于历史10%分位水平，处于低位。 融券走势表 日期融券变动融券余额2月5日0.000.001月27日0.000.001月24日0.000.001月23日0.000.001月22日0.000.00 综上，逸飞激光当前两融余额1.29亿元，较昨日上升2.74%，余额超过历史90%分位水平，处于高位。 两融余额的走势表 日期两融余额余额变动2月5日1.29亿343.42万1月27日1.25亿-600.25万1月24日1.31亿632.68万1月23日1.25亿1118.35万1月22日1.14亿574.18万 说明1：融资余额若长期增加时表示投资者心态偏向买方，市场人气旺盛属强势市场，反之则属弱势市场。 说明2：买入金额=主动买入特大单金额+主动买入大单金额+主动买入中单金额+主动买入小单金额。,0,ST逸飞(SH688646),0,2025-02-06 00:35:25,0,0,0,2639,0,新闻,https://xueqiu.com/S/SH688646/322369100,2026-07-08 16:21:56
322443245,SH688646,ST逸飞,,逸飞激光：逸飞激光关于第二期回购股份事项前十大股东和前十大无限售条件股东持股信息的公告 网页链接,0,ST逸飞(SH688646),0,2025-02-06 07:57:02,0,0,0,2274,0,公告,https://xueqiu.com/S/SH688646/322443245,2026-07-08 16:21:56
322445136,SH688646,ST逸飞,逸飞激光：截至2025年1月27日前十大流通股东持股占比39.48%,每经AI快讯，逸飞激光（SH 688646，收盘价：41.45元）2月6日晚间发布公告称，武汉逸飞激光股份有限公司于2025年2月4日召开了第二届董事会第十一次会议，审议通过了《关于第二期以集中竞价交易方式回购公司股份方案的议案》。现将公司2025年1月27日前十大无限售条件股东披露如下：广州怡珀新能源产业投资管理有限责任公司－广州怡珀新能源产业股权投资合伙企业（有限合伙）持约473万股，占比8.16%；广州朗润股权投资管理有限公司－共青城朗润涵纳投资合伙企业（有限合伙）持约326万股，占比5.62%；武汉逸飞激光股份有限公司回购专用证券账户持315万股，占比5.43%；海富产业投资基金管理有限公司－海富长江成长股权投资（湖北）合伙企业（有限合伙）持约230万股，占比3.96%；富诚海富资管－中信银行－富诚海富通逸飞激光员工参与科创板战略配售集合资产管理计划持约214万股，占比3.68%；中珈资本（武汉）投资管理有限公司持约205万股，占比3.53%；广东博力威科技股份有限公司持约164万股，占比2.82%；上海宏鹰股权投资基金管理有限公司－蚌埠宏鹰股权投资合伙企业（有限合伙）持约125万股，占比2.16%；熊五岳持约119万股，占比2.06%；梅亮持约119万股，占比2.06%。前十大流通股东合计持股约2291万股，占比39.48%。 2023年1至12月份，逸飞激光的营业收入构成为：锂电池占比96.68%，其他占比2.51%。 截至发稿，逸飞激光市值为39亿元。 道达号（daoda1997）“个股趋势”提醒：1. 近30日内无机构对逸飞激光进行调研。 每经头条（nbdtoutiao）——哪吒“钞能力”惊人！票房已破56亿元，预测还有29亿空间！背后最大赢家曝光：10亿收入已稳稳拿下 (记者 曾健辉) 免责声明：本文内容与数据仅供参考，不构成投资建议，使用前请核实。据此操作，风险自担。 每日经济新闻,0,每日经济新闻,4642157440,2025-02-06 08:10:11,0,0,0,19191,0,雪球,https://xueqiu.com/4642157440/322445136,2026-07-08 16:21:56
322595106,SH688646,ST逸飞,春节后A股再掀回购增持热潮，哪些上市公司已“出招”？,春节后A股回购增持“大军”继续扩容，节后首个交易周，不少上市公司积极发布股票回购、增持相关公告。来源：摄图网春节后股票回购频频春节后首个交易周，多家上市公司相继发布股票回购相关公告。截至目前，今年以来已有194个股票回购方案实施完毕，涉及179家公司，其中33家公司股票回购金额超亿元。其中，京东方A（000725.SZ）、中国建筑（601668.SH）、东方雨虹（002271.SZ）股票回购金额居前，分别达10亿元、8.87亿元、6亿元。从春节后首个交易日来看，14家上市公司密集发布了股票回购公告，其中1家公司披露股票回购预案，11家公司披露股票回购实施进展，两家公司股票回购方案已实施完毕。其中，逸飞激光（688646.SH）相关回购公告显示，公司召开第二届董事会第十一次会议，审议通过了《关于第二期以集中竞价交易方式回购公司股份方案的议案》，拟使用不低于5000万元、不超过1亿元，回购公司股份。该次股份回购资金来源为自有资金、自筹资金（含股票回购专项贷款）。目前，逸飞激光已取得兴业银行武汉分行出具的《贷款承诺函》，专项贷款金额不超过9000万元。该次回购股份价格不超过56.17元/股，回购期限为12个月。其中，拟用于股权激励/员工持股计划的股份数量不低于实际回购总量的50%，拟用于注销并减少注册资本的股份数量不高于实际回购总量的50%。另外，在春节后首个交易日披露回购实施进展的上市公司中，海康威视（002415.SZ）、横店东磁（002056.SZ）、丽珠集团（000513.SZ）回购金额居前，分别为5.93亿元、3.2亿元、2.39亿元。春节后第二个交易日，A股回购热情延续。其中，吉祥航空（603885.SH）于2月6日公告的回购股份方案金额引人注目。相关公告显示，吉祥航空拟通过上海证券交易所交易系统以集中竞价交易方式回购公司股份，该次回购的资金总额不低于2.50亿元，且不超过5亿元。吉祥航空指出，该次回购股份价格计划不超过15.80元/股（含），回购股份将全部用于员工持股计划或者股权激励。控股股东增持频现除了回购以外，近期还有多家上市公司控股股东出手增持股份，且不少公司宣布控股股东权益变动达到1%。具体来看，恒逸石化（000703.SZ）于2月5日披露，公司控股股东恒逸集团于2025年1月24日以集中竞价的方式增持公司股份609.59万股，增持金额为3708.44万元（不含手续费），占公司总股本的0.18%。恒逸集团及其一致行动人合计持股比例从52.88%增加至53.07%。股价方面，恒逸石化股票收盘价在控股股东恒逸集团增持股票当日涨幅达1.66%。东阳光（600673.SH）于2月6日发布公告指出，自2024年10月24日起至今，公司控股股东深圳东阳光实业以集中竞价交易方式累计增持公司股份2041.52万股，占公司总股本的0.68%，增持金额合计2.24亿元（不含交易费用）。截至目前，深圳东阳光实业持有公司5.97亿股股份，占公司已发行总股本的19.81%；深圳东阳光实业及其一致行动人合计持有公司15.67亿股股份，占公司总股本的52.01%，权益变动触及1%。本次增持计划尚未实施完毕，增持主体将继续按照相关增持计划，在增持计划实施期间内增持公司股份。股价方面，公司股票收盘价从2024年10月24日的7.80元/股，震荡上行至2025年2月5日的10.75元/股，最高一度触及13.40元/股。今飞凯达（002863.SZ）也在公告中披露，公司控股股东今飞控股于2025年1月8日至27日间，累计增持公司股份622.21万股，占公司目前总股本的1.04%，增持金额为2856.76万元（不含手续费）。股价方面，公司股票收盘价从2025年1月8日的4.39元/股，震荡上行至1月27日的4.67元/股。此外，还有上市公司宣布增持计划完成。同方股份（600100.SH）于2月6日发布公告称，截至2025年2月4日，公司间接控股股东中国核工业集团有限公司及其一致行动人采用集中竞价方式累计增持公司5192.31万股股份，占公司已发行股份总数的1.55%，增持金额约为2.87亿元。该次股份增持计划已完成。股价方面，公司2月5日收盘价为7.12元/股，涨幅为5.33%。春节后首个交易周，有人官宣股份增持计划完成，也有人公布新的股份增持计划。银河电子（002519.SZ）于2月6日指出，公司收到控股股东银河电子集团的《增持计划告知函》，银河电子集团基于对公司发展前景的坚定信心以及对公司长期投资价值的认可，计划自2月6日起6个月内增持公司股份，累计增持金额不低于2000万元，且不超过4000万元。据悉，该次增持不设价格区间，银河电子集团将根据公司股票价格波动情况及二级市场整体趋势，逐步实施增持计划，增持资金源于其自有或自筹资金。股价方面，银河电子2月5日收盘价为4.82元/股。,0,金色光-投资有道,5264837636,2025-02-07 08:50:25,0,0,0,67962,0,雪球,https://xueqiu.com/5264837636/322595106,2026-07-08 16:21:54
322844305,SH688646,ST逸飞,,逸飞激光：逸飞激光关于股东减持股份计划的公告 网页链接,0,ST逸飞(SH688646),0,2025-02-10 10:17:01,0,0,0,2410,0,公告,https://xueqiu.com/S/SH688646/322844305,2026-07-08 16:21:54
322844617,SH688646,ST逸飞,逸飞激光：股东怡珀新能源拟减持不超过3%公司股份,"【逸飞激光：股东怡珀新能源拟减持不超过3%公司股份】财联社2月10日电，逸飞激光公告称，股东怡珀新能源因自身资金需求，拟通过集中竞价、大宗交易减持其所持有的公司股份合计不超过2,854,800股（不超过公司总股本的3.00%）。通过集中竞价方式减持的，减持期间为本次减持计划公告披露之日起15个交易日后的3个月内进行；通过大宗交易方式减持的，减持期间为本次减持计划公告披露之日起3个交易日后的3个月内进行。",0,财联社,7437424816,2025-02-10 10:20:08,0,0,0,16667,0,雪球,https://xueqiu.com/7437424816/322844617,2026-07-08 16:21:54
322888563,SH688646,ST逸飞,逸飞激光：2月10日获融资买入828.92万元,同花顺（300033）数据中心显示，逸飞激光2月10日获融资买入828.92万元，占当日买入金额的23.1%，当前融资余额1.24亿元，占流通市值的5.31%，超过历史90%分位水平，处于高位。 融资走势表 日期融资变动融资余额2月10日-556.77万1.24亿2月7日496.32万1.29亿2月6日-425.14万1.25亿2月5日343.42万1.29亿1月27日-600.25万1.25亿 融券方面，逸飞激光2月10日融券偿还0股，融券卖出0股，按当日收盘价计算，卖出金额0.00元；融券余额0.00，低于历史10%分位水平，处于低位。 融券走势表 日期融券变动融券余额2月10日0.000.002月7日0.000.002月6日0.000.002月5日0.000.001月27日0.000.00 综上，逸飞激光当前两融余额1.24亿元，较昨日下滑4.3%，余额超过历史90%分位水平，处于高位。 两融余额的走势表 日期两融余额余额变动2月10日1.24亿-556.77万2月7日1.29亿496.32万2月6日1.25亿-425.14万2月5日1.29亿343.42万1月27日1.25亿-600.25万 说明1：融资余额若长期增加时表示投资者心态偏向买方，市场人气旺盛属强势市场，反之则属弱势市场。 说明2：买入金额=主动买入特大单金额+主动买入大单金额+主动买入中单金额+主动买入小单金额。,0,ST逸飞(SH688646),0,2025-02-11 00:08:00,0,0,0,2741,0,新闻,https://xueqiu.com/S/SH688646/322888563,2026-07-08 16:21:54
322988572,SH688646,ST逸飞,,@今日话题 【逸飞激光：股东拟减持不超过3%公司股份】2月11日，逸飞激光（688646）发布公告称，股东广州怡珀新能源产业投资管理有限责任公司－广州怡珀新能源产业股权投资合伙企业（有限合伙）基于自身资金需求，怡珀新能源计划通过集中竞价和大宗交易的方式减持不超过285.48万股公司股份，即不超过公司总股本的3.00%。其中，通过集中竞价方式减持的时间为自本次减持计划公告披露之日起15个交易日后的3个月内进行，而通过大宗交易方式进行减持则在公告披露后3个交易日后的3个月内实施。资料显示，逸飞激光成立于2005年12月，主营业务是从事精密激光加工智能装备研发、设计、生产和销售。,0,GPLP犀牛,1515690066,2025-02-11 09:31:15,0,0,0,12081,0,雪球,https://xueqiu.com/1515690066/322988572,2026-07-08 16:21:54
323020272,SH688646,ST逸飞,雷来了！10大龙头减持套现，涵盖多行业，股东频繁调整布局,本周，资本市场频频传来股东减持消息，涉及的行业涵盖通信设备、半导体、机器人、医药、汽车零部件、计算机设备等多个领域。多家行业龙头股东纷纷减持套现，引发市场对这些公司的股价动向和基本面的关注。尤其是机器人领域的埃夫特和通信设备龙头移为通信，都出现了大额减持，反映出股东在当前股市环境下的布局调整。以下是本周减持的详细信息。减持详情一览：逸飞激光主营业务：逸飞激光专注于激光加工智能装备，主要提供圆柱全极耳锂电池装配线设备。减持方：股东怡珀新能源。减持规模：减持公司总股本的3%，预计套现1.13亿元。历史减持：此次为上市后的第二次减持，首度减持发生在2024年9月，股东曾减持8%的股份。埃夫特主营业务：埃夫特是国内工业机器人领域的领军企业，产品包括焊接、喷涂、码垛等机器人，特别在喷涂机器人领域处于国产化领先地位。减持方：信惟基石、马鞍山基石、鼎晖源霖三大股东。减持规模：合计减持3%的股份，约1565万股，套现高达4.9亿元。历史减持：2023年6月，埃夫特曾多次被大股东减持，合计减持比例为18%；2024年10月再次减持了8%的股份。爱柯迪主营业务：爱柯迪是汽车铝合金精密压铸件的供应商，主要为新能源车提供轻量化零部件及三电系统部件。减持方：XUDONG INTERNATIONAL LIMITED。减持规模：预计减持985万股，套现约1.73亿元。聚辰股份主营业务：聚辰股份主要从事半导体芯片设计，涉及EEPROM、音圈马达驱动芯片等领域。减持方：北京珞珈、武汉珞珈。减持规模：合计减持2.99%的股份，套现约3.3亿元。东软载波主营业务：东软载波是一家通信设备提供商，专注于芯片设计与能源互联网服务。减持方：控股股东澜海瑞盛及高管潘松、孙雪飞。减持规模：合计减持503万股。日久光电主营业务：日久光电是国内柔性光学导电材料的龙头企业，产品包括ITO导电膜、OCA光学胶等。减持方：山东未来基金。减持规模：减持公司总股本的3%，套现金额为1.34亿元。移为通信主营业务：移为通信主要从事无线物联网设备的开发与销售，产品涵盖车载追踪器、资产监控设备等。减持方：控股股东及高管。减持规模：合计减持913万股，预计套现1.57亿元。联合光电主营业务：联合光电是国内光学镜头领域的领先企业，产品涉及安防、AR/VR、车载镜头等。减持方：光博投资及个人股东王毅仁。减持规模：减持2%的股份，套现金额约1.2亿元。贵州燃气主营业务：贵州燃气是贵州省最大的城市燃气供应商，最终控制人是贵州省国资委。减持方：贵阳工投。减持规模：减持3%的股份，套现金额约2.31亿元。三元基因主营业务：三元基因是国内干扰素领域的龙头企业，主要产品为重组人干扰素α1b。减持方：浙江圣达科技。减持规模：减持接近2%的股份。市场反应与分析：这些减持事件多发生在科技和成长型行业，尤其是机器人、半导体和通信设备等领域。大股东减持的背后往往是多重因素的考虑，其中包括股东的资产再配置需求、对公司未来发展的不确定性、以及当前股价的较高估值等。尽管这些减持消息可能引发短期市场震荡，但并不必然意味着公司基本面出现问题。以埃夫特为例，尽管公司股东多次减持，但作为国内工业机器人领域的领先企业，埃夫特的技术和市场地位依然稳固，未来仍有较大的成长空间。类似地，移为通信、逸飞激光等公司虽然出现减持，但它们在各自细分领域的行业地位仍然不可小觑。投资者在面对这些减持事件时，需要更加关注公司的基本面变化，尤其是长期发展潜力和市场需求。在一些情况下，减持可能反映的是股东的战略调整，并不代表公司面临经营困境。短期的市场反应可能过于敏感，因此投资者应保持理性，避免盲目跟风。结语：股东的减持行为无疑对市场情绪产生了一定的影响，但也为投资者提供了深入分析行业动态和公司基本面的机会。当前市场环境复杂多变，投资者在面对这些减持时，除了要关注短期股价波动，更应重点关注公司是否具备持续的创新能力和市场竞争力。尤其是当行业龙头减持时，短期的市场波动并不能完全反映公司的长期价值，理性的投资者将有机会在市场动荡中发现潜在的投资机会。,0,招财旺旺牛,9661745518,2025-02-11 14:54:37,0,1,0,60362,1,雪球,https://xueqiu.com/9661745518/323020272,2026-07-08 16:21:54
323075715,SH688646,ST逸飞,,1月21日，逸飞激光官方透露，公司新一代圆柱电池高速智能装配线正式下线交付至客户车间。该新一代圆柱电池高速智能装配线，在传输效率、柔性、加工精度、智能化程度等方面提升显著，能更好地适应工业4.0浪潮下的大规模、多样化制造需求，节省场地、设备维护及人工成本，增厚企业规模效益。据悉，在圆柱电池领域，逸飞激光已陆续实现了150ppm、300ppm、360ppm等不同型号圆柱全极耳电池装配线产品的迭代。2024年第三季度，其46系大圆柱全极耳电池装配线也迎来了批量化的交付。1月16日，先导智能宣布国际业务取得重大突破，赢得了欧洲某行业顶尖锂电客户后道设备订单。据悉，该客户是欧洲某上市公司的全资子公司，专注于锂电池业务的发展，规划在意大利建设面积超过26万平方米的磷酸铁锂电芯工厂。此次先导智能将为客户打造的后道整线解决方案覆盖多条锂电后道生产线，覆盖注液、化成和终检（EOL）等工艺，建设完成后总产能达8GWh。此外，先导智能还于1月9日发布消息称，与某全球知名欧洲汽车品牌达成合作。确定先导智能成为其电池产线的整线设备供应商，并由全资子公司泰坦新动力进行化成分容检测工段的落地实施，在欧洲建立全面的供应链体系。2月5日，誉辰智能锂电设备实现顺利出货，按时交付至国内头部锂电池客户，为双方在新的一年开展更深度合作奠定了稳固基础。该锂电池客户是全球领先的电池企业与新能源领域的领军者，据悉，誉辰智能自与该客户合作以来，已经为其多个生产基地供应多款锂电池核心设备。1月24日，据利元亨发布多条订单消息显示，公司不仅与波兰商用车动力电池模组和储能系统制造商龙头企业签署全球战略合作协议，还成功斩获了捷克某储能企业模组PACK线项目，进一步巩固了利元亨在全球智能装备市场的地位。此外，利元亨还中标了国内某头部企业AI算力服务器新基地智能工厂建设项目，并与其达成了深化战略合作伙伴关系，双方将在算力智能工厂建设，服务器应用与关键部件制造等方面展开全面合作。1月10日，赢合科技宣布接连斩获全球锂电领域头部客户的量产项目超级订单。其中中标了Y客户项目，项目涵盖了Y客户国内外多个生产基地，提供涂布至组装线段的全流程核心设备支持，将助力Y客户达成2025年全球产能战略目标；中标了H客户的核心项目，将提供涂布及辊分设备支持，为其产能扩张注入新动力。据了解，此次中标的项目包含双层挤压式涂布机、辊分一体机、超高速多工位切叠一体机、铝壳电池组装线等多款赢合科技“明星”产品。市场认为，目前国内锂电设备已经完全打破此前被进口设备垄断市场的局面，正加速向全球进行技术与产品的输出，伴随着海内外市场的爆发，设备企业在2025有望迎来新一轮增长。,0,巍卓铭诚,1334287437,2025-02-12 03:10:04,0,3,0,76616,1,Android,https://xueqiu.com/1334287437/323075715,2026-07-08 16:21:54
323310916,SH688646,ST逸飞,,逸飞激光：逸飞激光2025年第一次临时股东大会会议资料 网页链接,0,ST逸飞(SH688646),0,2025-02-13 09:57:02,0,0,0,2748,0,公告,https://xueqiu.com/S/SH688646/323310916,2026-07-08 16:21:54
323904616,SH688646,ST逸飞,,逸飞激光：逸飞激光关于第二期回购股份事项前十大股东和前十大无限售条件股东持股信息的公告 网页链接,0,ST逸飞(SH688646),0,2025-02-18 09:11:01,0,0,0,2711,0,公告,https://xueqiu.com/S/SH688646/323904616,2026-07-08 16:21:54
323907043,SH688646,ST逸飞,逸飞激光：截至2025年2月17日前十大流通股东持股占比39.3%,每经AI快讯，逸飞激光（SH 688646，收盘价：37.66元）2月18日晚间发布公告称，武汉逸飞激光股份有限公司于2025年2月4日召开了第二届董事会第十一次会议，审议通过了《关于第二期以集中竞价交易方式回购公司股份方案的议案》。现将公司2025年2月17日前十大无限售条件股东披露如下：广州怡珀新能源产业投资管理有限责任公司－广州怡珀新能源产业股权投资合伙企业（有限合伙）持约473万股，占比8.16%；广州朗润股权投资管理有限公司－共青城朗润涵纳投资合伙企业（有限合伙）持约326万股，占比5.62%；武汉逸飞激光股份有限公司回购专用证券账户持315万股，占比5.43%；海富产业投资基金管理有限公司－海富长江成长股权投资（湖北）合伙企业（有限合伙）持约230万股，占比3.96%；富诚海富资管－中信银行－富诚海富通逸飞激光员工参与科创板战略配售集合资产管理计划持约214万股，占比3.68%；中珈资本（武汉）投资管理有限公司持约205万股，占比3.53%；广东博力威科技股份有限公司持约164万股，占比2.82%；熊五岳持约119万股，占比2.06%；梅亮持约119万股，占比2.06%；中国－比利时直接股权投资基金持约115万股，占比1.98%。前十大流通股东合计持股约2280万股，占比39.3%。 2023年1至12月份，逸飞激光的营业收入构成为：锂电池占比96.68%，其他占比2.51%。 逸飞激光的总经理、董事长均是吴轩，男，49岁，学历背景为本科。 截至发稿，逸飞激光市值为36亿元。 道达号（daoda1997）“个股趋势”提醒：1. 近30日内无机构对逸飞激光进行调研。 每经头条（nbdtoutiao）——纽约吸金潮：所有运金车超负荷往返机场与金库，安保公司紧急招人！关税阴霾下，生产商不得已止损空单，央行却因出借黄金大赚 (记者 王晓波) 免责声明：本文内容与数据仅供参考，不构成投资建议，使用前请核实。据此操作，风险自担。 每日经济新闻,0,每日经济新闻,4642157440,2025-02-18 09:30:12,0,0,0,14096,0,雪球,https://xueqiu.com/4642157440/323907043,2026-07-08 16:21:54
324252592,SH688646,ST逸飞,,.逸飞激光 固态电池方面潜力巨大,0,气质的财经暴风,5343017956,2025-02-20 10:35:57,1,0,0,16592,0,Android,https://xueqiu.com/5343017956/324252592,2026-07-08 16:21:54
324594242,SH688646,ST逸飞,,逸飞激光：逸飞激光关于第二期回购股份减少注册资本通知债权人的公告 网页链接,0,ST逸飞(SH688646),0,2025-02-23 07:34:16,0,0,0,2661,0,公告,https://xueqiu.com/S/SH688646/324594242,2026-07-08 16:21:54
324594251,SH688646,ST逸飞,,逸飞激光：逸飞激光2025年第一次临时股东大会决议公告 网页链接,0,ST逸飞(SH688646),0,2025-02-23 07:34:18,0,0,0,2632,0,公告,https://xueqiu.com/S/SH688646/324594251,2026-07-08 16:21:54
324594255,SH688646,ST逸飞,,逸飞激光：北京德恒（杭州）律师事务所关于武汉逸飞激光股份有限公司2025年第一次临时股东大会的法律意见书 网页链接,0,ST逸飞(SH688646),0,2025-02-23 07:34:19,0,0,0,2691,0,公告,https://xueqiu.com/S/SH688646/324594255,2026-07-08 16:21:54
324612526,SH688646,ST逸飞,【公告汇总】2月23日上市公司股份回购一览,2月23日，截至20时，上市公司发布的股份回购公告汇总如下： 逸飞激光（688646）公告称公司计划通过集中竞价交易方式回购股份，资金总额不低于5000万元且不超过1亿元，回购股份将用于股权激励和减少注册资本，预计回购数量占总股本的0.94%至1.87%。 双元科技（688623）截至2025年2月23日已回购54万股，占总股本的0.92%，回购资金总额为3001万元，回购价格区间为47.8元/股至61.89元/股。,0,ST逸飞(SH688646),0,2025-02-23 12:32:21,0,0,0,2759,0,新闻,https://xueqiu.com/S/SH688646/324612526,2026-07-08 16:21:54
324885796,SH688646,ST逸飞,,$逸飞激光(SH688646)$ 跌成变形金刚了,0,保重千千万,1315561626,2025-02-25 06:39:24,0,0,0,8199,0,Android,https://xueqiu.com/1315561626/324885796,2026-07-08 16:21:54
325097780,SH688646,ST逸飞,,逸飞激光：逸飞激光关于第二期以集中竞价交易方式回购公司股份的回购报告书 网页链接,0,ST逸飞(SH688646),0,2025-02-26 09:21:02,0,0,0,2620,0,公告,https://xueqiu.com/S/SH688646/325097780,2026-07-08 16:21:54
325099065,SH688646,ST逸飞,逸飞激光：拟以5000万元至1亿元回购公司股份,【逸飞激光：拟以5000万元至1亿元回购公司股份】财联社2月26日电，逸飞激光公告称，公司拟通过集中竞价交易方式回购公司股份，回购金额不低于5000万元，不超过1亿元。资金来源包括自有资金和自筹资金，其中自筹资金部分将通过兴业银行武汉分行的专项贷款获得，贷款金额不超过9000万元。回购的股份将在未来适宜时机用于股权激励/员工持股计划或注销并减少注册资本，其中用于股权激励/员工持股计划的股份数量不低于实际回购总量的50%，用于注销的股份数量不高于实际回购总量的50%。回购价格不超过56.17元/股。回购期限自股东大会审议通过之日起不超过12个月。,0,财联社,7437424816,2025-02-26 09:30:07,0,1,0,12468,0,雪球,https://xueqiu.com/7437424816/325099065,2026-07-08 16:21:54
325100556,SH688646,ST逸飞,逸飞激光最新公告：拟以5000万元至1亿元回购公司股份,逸飞激光公告称，公司拟通过集中竞价交易方式回购公司股份，回购金额不低于5000万元，不超过1亿元。资金来源包括自有资金和自筹资金，其中自筹资金部分将通过兴业银行武汉分行的专项贷款获得，贷款金额不超过9000万元。回购的股份将在未来适宜时机用于股权激励/员工持股计划或注销并减少注册资本，其中用于股权激励/员工持股计划的股份数量不低于实际回购总量的50%，用于注销的股份数量不高于实际回购总量的50%。回购价格不超过56.17元/股。回购期限自股东大会审议通过之日起不超过12个月。以上内容为证券之星据公开信息整理，由智能算法生成（网信算备310104345710301240019号），不构成投资建议。,0,证券之星财经,5187193467,2025-02-26 09:40:21,0,0,0,8088,0,雪球,https://xueqiu.com/5187193467/325100556,2026-07-08 16:21:52
325146365,SH688646,ST逸飞,逸飞激光：公司拟回购不超过178.03万股公司股份,逸飞激光2025年2月27日发布股份回购公告，公司拟于2025年2月27日至2026年2月23日完成本次公司股份回购计划，本次回购价格不超过56.17元/股 ，回购总金额不超过人民币10000.00万元人民币，若全额回购且按回购总金额上限和回购股份价格上限测算，预计可回购股份数量不超过178.03万股，拟回购股份数量上限占公司总股本比例为1.87%，具体回购股份的数量以回购期满或终止回购时实际回购的股份数量为准。 公告称，基于对公司未来发展的信心和对公司价值的认可，为了维护广大投资者利益，增强投资者对公司的投资信心，同时为了进一步建立健全公司长效激励机制，促进公司健康可持续发展，公司控股股东、实际控制人、董事长兼总经理吴轩先生向董事会提议以公司自有资金和自筹资金通过集中竞价交易方式进行第二期回购公司股份，并在未来适宜时机用于股权激励/员工持股计划、注销并减少注册资本。 股票代码股票简称回购股份实施公告日最新每股回购价格上限（单位：元）拟回购资金总额上限（单位：万元）拟回购股份数量上限（单位：万股）拟回购股份数量上限占公司总股本比例688646逸飞激光2025年2月27日56.1710000.00178.031.87%,0,ST逸飞(SH688646),0,2025-02-26 16:05:17,0,0,0,2522,0,新闻,https://xueqiu.com/S/SH688646/325146365,2026-07-08 16:21:52
325259293,SH688646,ST逸飞,,$逸飞激光(SH688646)$ 趋势确定第一目标为五十五见,0,鳯-火,1590140423,2025-02-27 06:37:33,1,1,0,10160,0,Android,https://xueqiu.com/1590140423/325259293,2026-07-08 16:21:52
325268398,SH688646,ST逸飞,,$逸飞激光(SH688646)$ 全固态电池第一设备提供商，目前只在山脚下,0,鳯-火,1590140423,2025-02-27 07:10:19,0,1,0,10868,0,Android,https://xueqiu.com/1590140423/325268398,2026-07-08 16:21:52
325290962,SH688646,ST逸飞,,逸飞激光：逸飞激光2024年度业绩快报公告 网页链接,0,ST逸飞(SH688646),0,2025-02-27 09:04:02,0,1,0,3545,0,公告,https://xueqiu.com/S/SH688646/325290962,2026-07-08 16:21:52
325293836,SH688646,ST逸飞,逸飞激光发布2024年度业绩快报，盈利0.714亿元,证券之星消息，逸飞激光近日即将发布2024年年报，根据2月27日发布的业绩快报，归属净利润盈利0.714亿元，同比减少29.42%。逸飞激光（688646）主营业务：从事精密激光加工智能装备研发、设计、生产和销售。该股最近90天内无机构评级。以上内容为证券之星据公开信息整理，由智能算法生成（网信算备310104345710301240019号），不构成投资建议。,0,证券之星财经,5187193467,2025-02-27 09:21:26,0,0,0,7161,0,雪球,https://xueqiu.com/5187193467/325293836,2026-07-08 16:21:52
325296751,SH688646,ST逸飞,逸飞激光：2024年度净利润7137.45万元，同比下降29.42%,每经AI快讯，逸飞激光（SH 688646，收盘价：41.3元）2月27日晚间发布2024年度业绩快报，营业收入约8.75亿元，同比增加25.49%；归属于上市公司股东的净利润7137.45万元，同比减少29.42%；基本每股收益0.76元，同比减少38.71%。 逸飞激光的总经理、董事长均是吴轩，男，49岁，学历背景为本科。 截至发稿，逸飞激光市值为39亿元。 道达号（daoda1997）“个股趋势”提醒：1. 近30日内无机构对逸飞激光进行调研。 每经头条（nbdtoutiao）——深圳放大招！应届生求职免费住15天！开年就爆满，记者探访：单间标配独立卫浴+WiFi+空调 (记者 曾健辉) 免责声明：本文内容与数据仅供参考，不构成投资建议，使用前请核实。据此操作，风险自担。 每日经济新闻,0,每日经济新闻,4642157440,2025-02-27 09:40:35,0,0,0,7949,0,雪球,https://xueqiu.com/4642157440/325296751,2026-07-08 16:21:52
325319147,SH688646,ST逸飞,逸飞激光：2024年营业总收入同比增长25.49%,证券日报网讯 2月27日晚间，逸飞激光发布2024年度业绩快报公告称，公司2024年实现营业总收入为87，494.52万元，同比增长25.49%；实现归属于母公司所有者的净利润为7，137.45万元，同比下降29.42%。（编辑 任世碧）,0,证券日报,8353550788,2025-02-27 12:40:07,0,0,0,7694,0,雪球,https://xueqiu.com/8353550788/325319147,2026-07-08 16:21:52
325482758,SH688646,ST逸飞,2月28日逸飞激光跌7.41%，宝盈睿丰创新混合A/B基金重仓该股,证券之星消息，2月28日逸飞激光（688646）跌7.41%，收盘报38.24元，换手率5.46%，成交量3.17万手，成交额1.24亿元。该股为固态电池、钠电池、锂电池、宁德时代概念股、智慧物流、新能源汽车、智能制造、工业自动化、激光概念热股。2月28日的资金流向数据方面，主力资金净流出1144.32万元，占总成交额9.21%，游资资金净流入1264.21万元，占总成交额10.18%，散户资金净流出119.89万元，占总成交额0.97%。融资融券方面近5日融资净流入963.98万，融资余额增加；融券净流入0.0，融券余额增加。重仓逸飞激光的公募基金请见下表：根据2024基金年报公募基金重仓股数据，重仓该股的公募基金共2家，其中持有数量最多的公募基金为宝盈睿丰创新混合A/B。宝盈睿丰创新混合A/B目前规模为0.33亿元，最新净值2.69（2月27日），较上一交易日下跌2.32%，近一年上涨30.84%。该公募基金现任基金经理为容志能 朱凯。朱凯在任的基金产品包括:宝盈先进制造混合A，管理时间为2023年2月17日至今，期间收益率为-21.15%；宝盈新能源产业混合发起式A，管理时间为2023年2月17日至今，期间收益率为-45.04%；容志能在任的基金产品包括:宝盈转型动力混合A，管理时间为2023年3月17日至今，期间收益率为41.09%；宝盈国家安全沪港深股票A，管理时间为2023年3月17日至今，期间收益率为10.64%；宝盈创新驱动股票A，管理时间为2023年4月15日至今，期间收益率为13.36%；宝盈科技30混合，管理时间为2024年12月24日至今，期间收益率为15.43%。宝盈睿丰创新混合A/B的前十大重仓股如下：以上内容为证券之星据公开信息整理，由智能算法生成（网信算备310104345710301240019号），不构成投资建议。,0,证券之星财经,5187193467,2025-02-28 08:40:37,0,0,0,14518,0,雪球,https://xueqiu.com/5187193467/325482758,2026-07-08 16:21:52
325621792,SH688646,ST逸飞,,逸飞激光：逸飞激光关于第二期以集中竞价交易方式首次回购公司股份暨回购进展的公告 网页链接,0,ST逸飞(SH688646),0,2025-03-02 07:31:06,0,0,0,2843,0,公告,https://xueqiu.com/S/SH688646/325621792,2026-07-08 16:21:52
325639353,SH688646,ST逸飞,,$逸飞激光(SH688646)$逸飞激光与固态电池领域存在深度技术协同和产业化合作，主要体现在以下方面：1. 核心装备研发与交付逸飞激光已突破固态电池极片激光微加工工艺，显著提升电池性能，并实现固态电池电芯装配设备、模组PACK设备及整厂智慧物流系统的交付。其设备覆盖从极片加工到整线物流的全流程，支持头部客户规模化生产。2. 产学研合作推动技术突破逸飞激光与松山湖材料实验室达成战略合作，联合开发新型结构化极片与激光微加工技术，重点攻关固态电池电极工艺难题，加速新材料、新工艺的产业化应用。双方通过“研发创新-工程转化-分析测试”一体化平台，打通从实验室到量产的垂直链条。3. 全产业链工艺验证与支持公司搭建了电池结构件、电芯中试、成组应用及回收拆解等全产业链验证平台，提供从工艺分析、方案设计到小批量测试的全流程服务，帮助客户加速固态电池技术产业化。其分析测试体系涵盖材料、结构、安全性等119项指标，配备工业CT、3D显微镜等先进设备。4. 技术布局与市场趋势逸飞激光将固态电池列为重点发展方向，与圆柱/方形电池形成多元化布局，并推进激光封装工艺研发。随着固态电池预计2030年实现商用，其技术突破将助力新能源车产业高质量发展。,0,牛市来了2024,2100216791,2025-03-02 13:02:36,0,2,0,20496,0,Android,https://xueqiu.com/2100216791/325639353,2026-07-08 16:21:52
325907639,SH688646,ST逸飞,,逸飞激光投资者关系活动记录表-（2025.2.28-2025.3.2） 网页链接,0,ST逸飞(SH688646),0,2025-03-04 07:30:01,0,0,0,2294,0,互动易,https://xueqiu.com/S/SH688646/325907639,2026-07-08 16:21:52
325908217,SH688646,ST逸飞,,逸飞激光：投资者关系活动记录表-（2025.2.28-2025.3.2） 网页链接,0,ST逸飞(SH688646),0,2025-03-04 07:33:06,0,0,0,3688,0,公告,https://xueqiu.com/S/SH688646/325908217,2026-07-08 16:21:52
325922715,SH688646,ST逸飞,逸飞激光：2月27日接受机构调研，包括知名机构正圆投资的多家机构参与,证券之星消息，2025年3月4日逸飞激光（688646）发布公告称公司于2025年2月27日接受机构调研，富国基金、长城基金、汇泉基金、汇百川基金、君成私募基金、浦银安盛基金、同泰基金、正圆投资、中信保诚基金、国联民生、申万宏源、博时基金、东北证券、国盛证券、西部证券、国金证券、招商证券、中信证券、中信建投、银河证券、兴业证券、华福证券、摩根士丹利、海通证券、中邮证券、国泰君安、中银国际资管、上海证券、国投证券、南方东英资产、深圳温莎资本、中兴威投资、太平洋证券、新华养老保险、国信证券自营、厦门财富管理、乘是资产、晶通投资、上海人寿保险、交银施罗德基金、农银汇理、银河基金、UBS参与。具体内容如下： 公司在遵守信息披露相关规定的前提下与投资者进行交流，交流内容不涉及未披露的重大信息。具体交流内容如下：问：在行业周期性调整的大背景下，同行业普遍收入、利润大幅下滑，公司 2024年收入逆势增长的原因是什么？答：2024 年公司预计实现营业收入 8.75 亿元，同比增长 25.49%，主要原因是公司聚焦主业，前瞻布局圆柱全极耳电池等新兴赛道，进一步加大新兴产品和重点市场拓展力度，圆柱全极耳电池系列装备开始全面量产出货，固态电池、钠离子电池、电芯结构件等多类新型装备陆续投放市场；同时，通过业务与资本协同，积极拓展新技术、新产品、新应用，并购拓展智慧物流类装备业务，并充分发挥智能装备与智慧物流的协同效益，更好地满足客户需求，推动公司在较为严峻的市场形势下实现营业收入和新签订单的持续快速增长。(上述财务数据为初步核算数据，未经会计师事务所审计，具体数据以公司后续披露的年度报告为准。)问：随着特斯拉、宝马等头部车企加速 46系电池“上车”，大圆柱电池有望迎来规模化量产，请公司订单储备如何，现有产能是否能满足市场需求，未来还会继续扩充产能吗？答：公司圆柱电池装备已全面应用于直径 18-60mm的圆柱电池制造领域，46 系圆柱全极耳电池装备也已实现批量出货，目前公司订单充裕，其中圆柱电池装备订单增速较快；公司华中、华东、华南三大产业基地已分批投入使用，总部基地项目亦正在建设中，能够满足市场需求，公司将会根据后续市场需求预测与订单进展情况，适时考虑进一步扩充产能。问：公司如何看待圆柱电池在 eVTOL、人形机器人、数据库BBU电池等新兴领域的应用？答：eVTOL、人形机器人、数据库 BBU 电源等新兴领域对电池的需求各有特色，通常体现在对高能量密度、高续航、高倍率快充、极致安全性等性能的需求，而圆柱全极耳电池是少有的能够兼具上述性能优势与高一致性、灵活成组等制造优势的电池结构，在新兴领域受到广泛关注，有望成为新兴领域发展的重要支撑。问：请新聚力 2024年承诺业绩实现情况如何？半导体物流系统进展如何？答：新聚力 2024 年业绩表现良好，初步预计业绩目标已达成，业绩情况请关注后续披露年报。新聚力已在国内率先推出 Stocker、Zip Tower、OHT等半导体 MHS系统全系列核心设备，部分核心装备已形成批量订单。问：公司未来会有并购重组的计划吗？有关注的方向或者标的吗？答：公司将着力推动建立业务与资本协同发展的机制，持续关注激光与光电产业、泛半导体等高端装备产业、新能源电池产业及其他新兴领域内的相关机会。问：公司在固态电池领域的布局和进展如何？答：公司电芯装配设备、模组 PCK 设备以及整厂智慧物流系统等核心设备均已应用于固态电池制造领域，并与多家头部客户形成销售、合作关系，多个项目已获得客户验收通过。同时，公司与松山湖材料实验室达成战略合作，联合开发固态电池极片加工新工艺、新装备，拓展固态电池前端工艺的激光应用，加快固态电池关键工艺技术的创新突破与产业化应用。问：请公司在海外布局方面最新进展如何，未来如何规划？答：公司高度重视海外市场，与海外重点电池企业保持积极沟通，2024年在海外多个国家和地区实现设备销售，圆柱全极耳电池量产线交付海外客户。公司将进一步加大海外市场的拓展力度，并积极拓展海外产业合作伙伴，结合不同国家和地区的市场需求和法规政策，通过本地化合作快速提升全球营销和服务体系建设，践行从设备出海到全球化的新路径。问：请介绍一下公司 2025年的发展规划？答：2025 年，公司将会进一步落实“激光+智能装备”平台化升级发展战略，加大市场拓展力度，把握全球圆柱电池加速放量机遇，持续巩固圆柱全极耳电池装备的优势地位，推动光伏钙钛矿超快激光加工设备、半导体 MHS 核心设备等新产品加速投向市场；进一步提升管理效率、强化成本管理、加大应收账款催收力度，系统保障和提升公司盈利能力；同时，公司将坚持以创新为驱动，加快推动业务与资本的协同发展，全面拥抱 I、人形机器人等新兴技术，实现对现有技术和产品的升级，并积极拓展新技术、新产品、新应用，以寻求新的业绩增长点。逸飞激光（688646）主营业务：从事精密激光加工智能装备研发、设计、生产和销售。逸飞激光2024年三季报显示，公司主营收入5.35亿元，同比上升15.18%；归母净利润5557.9万元，同比上升10.56%；扣非净利润3619.88万元，同比上升2.84%；其中2024年第三季度，公司单季度主营收入1.86亿元，同比上升23.35%；单季度归母净利润1519.68万元，同比上升7.09%；单季度扣非净利润965.25万元，同比上升18.47%；负债率39.7%，投资收益949.64万元，财务费用179.65万元，毛利率29.35%。融资融券数据显示该股近3个月融资净流入5536.37万，融资余额增加；融券净流入0.0，融券余额增加。以上内容为证券之星据公开信息整理，由智能算法生成（网信算备310104345710301240019号），不构成投资建议。,0,证券之星财经,5187193467,2025-03-04 09:10:16,0,0,0,26490,0,雪球,https://xueqiu.com/5187193467/325922715,2026-07-08 16:21:52
325981814,SH688646,ST逸飞,逸飞激光获43家机构调研：目前公司订单充裕，其中圆柱电池装备订单增速较快（附调研问答）,逸飞激光3月4日发布投资者关系活动记录表，公司于2025年3月2日接受43家机构调研，机构类型为QFII、保险公司、其他、基金公司、海外机构、证券公司、阳光私募机构。 投资者关系活动主要内容介绍： 问：在行业周期性调整的大背景下，同行业普遍收入、利润大幅下滑，公司2024年收入逆势增长的原因是什么？ 答：2024年公司预计实现营业收入8.75亿元，同比增长25.49%，主要原因是公司聚焦主业，前瞻布局圆柱全极耳电池等新兴赛道，进一步加大新兴产品和重点市场拓展力度，圆柱全极耳电池系列装备开始全面量产出货，固态电池、钠离子电池、电芯结构件等多类新型装备陆续投放市场；同时，通过业务与资本协同，积极拓展新技术、新产品、新应用，并购拓展智慧物流类装备业务，并充分发挥智能装备与智慧物流的协同效益，更好地满足客户需求，推动公司在较为严峻的市场形势下实现营业收入和新签订单的持续快速增长。(上述财务数据为初步核算数据，未经会计师事务所审计，具体数据以公司后续披露的年度报告为准。) 问：随着特斯拉、宝马等头部车企加速46系电池“上车”，大圆柱电池有望迎来规模化量产，请问公司订单储备如何，现有产能是否能满足市场需求，未来还会继续扩充产能吗？ 答：公司圆柱电池装备已全面应用于直径18-60mm的圆柱电池制造领域，46系圆柱全极耳电池装备也已实现批量出货，目前公司订单充裕，其中圆柱电池装备订单增速较快；公司华中、华东、华南三大产业基地已分批投入使用，总部基地项目亦正在建设中，能够满足市场需求，公司将会根据后续市场需求预测与订单进展情况，适时考虑进一步扩充产能。 问：公司如何看待圆柱电池在eVTOL、人形机器人、数据库BBU电池等新兴领域的应用？ 答：eVTOL、人形机器人、数据库BBU电源等新兴领域对电池的需求各有特色，通常体现在对高能量密度、高续航、高倍率快充、极致安全性等性能的需求，而圆柱全极耳电池是少有的能够兼具上述性能优势与高一致性、灵活成组等制造优势的电池结构，在新兴领域受到广泛关注，有望成为新兴领域发展的重要支撑。 问：请问新聚力2024年承诺业绩实现情况如何？半导体物流系统进展如何？ 答：新聚力2024年业绩表现良好，初步预计业绩目标已达成，业绩情况请关注后续披露年报。新聚力已在国内率先推出Stocker、ZipTower、OHT等半导体AMHS系统全系列核心设备，部分核心装备已形成批量订单。 问：公司未来会有并购重组的计划吗？有关注的方向或者标的吗？ 答：公司将着力推动建立业务与资本协同发展的机制，持续关注激光与光电产业、泛半导体等高端装备产业、新能源电池产业及其他新兴领域内的相关机会。 问：公司在固态电池领域的布局和进展如何？ 答：公司电芯装配设备、模组PACK设备以及整厂智慧物流系统等核心设备均已应用于固态电池制造领域，并与多家头部客户形成销售、合作关系，多个项目已获得客户验收通过。同时，公司与松山湖材料实验室达成战略合作，联合开发固态电池极片加工新工艺、新装备，拓展固态电池前端工艺的激光应用，加快固态电池关键工艺技术的创新突破与产业化应用。 问：请问公司在海外布局方面最新进展如何，未来如何规划？ 答：公司高度重视海外市场，与海外重点电池企业保持积极沟通，2024年在海外多个国家和地区实现设备销售，圆柱全极耳电池量产线交付海外客户。公司将进一步加大海外市场的拓展力度，并积极拓展海外产业合作伙伴，结合不同国家和地区的市场需求和法规政策，通过本地化合作快速提升全球营销和服务体系建设，践行从设备出海到全球化的新路径。 问：请介绍一下公司2025年的发展规划？ 答：2025年，公司将会进一步落实“激光+智能装备”平台化升级发展战略，加大市场拓展力度，把握全球圆柱电池加速放量机遇，持续巩固圆柱全极耳电池装备的优势地位，推动光伏钙钛矿超快激光加工设备、半导体AMHS核心设备等新产品加速投向市场；进一步提升管理效率、强化成本管理、加大应收账款催收力度，系统保障和提升公司盈利能力；同时，公司将坚持以创新为驱动，加快推动业务与资本的协同发展，全面拥抱AI、人形机器人等新兴技术，实现对现有技术和产品的升级，并积极拓展新技术、新产品、新应用，以寻求新的业绩增长点; 调研参与机构详情如下： 参与单位名称参与单位类别参与人员姓名中信保诚基金基金公司--交银施罗德基金基金公司--农银汇理基金公司--博时基金基金公司--同泰基金基金公司--富国基金基金公司--汇百川基金基金公司--浦银安盛基金基金公司--银河基金基金公司--长城基金基金公司--上海证券证券公司--东北证券证券公司--中信建投证券公司--中信证券证券公司--中邮证券证券公司--兴业证券证券公司--华福证券证券公司--国信证券自营证券公司--国投证券证券公司--国泰君安证券公司--国盛证券证券公司--国联民生证券公司--国金证券证券公司--太平洋证券证券公司--招商证券证券公司--海通证券证券公司--申万宏源证券公司--西部证券证券公司--银河证券证券公司--厦门财富管理阳光私募机构--君成私募基金阳光私募机构--深圳温莎资本阳光私募机构--上海人寿保险保险公司--新华养老保险保险公司--UBS海外机构--摩根士丹利海外机构--南方东英资产QFII--中兴威投资其他--中银国际资管其他--乘是资产其他--晶通投资其他--正圆投资其他--汇泉基金其他-- 点击进入交易所官方公告平台下载原文>>>,0,ST逸飞(SH688646),0,2025-03-04 23:03:12,0,0,0,3233,0,新闻,https://xueqiu.com/S/SH688646/325981814,2026-07-08 16:21:52
325985478,SH688646,ST逸飞,【私募调研记录】正圆投资调研逸飞激光、国投智能,根据市场公开信息及3月4日披露的机构调研信息，知名私募正圆投资近期对2家上市公司进行了调研，相关名单如下：1）逸飞激光 （正圆投资参与公司电话会议）调研纪要：逸飞激光预计2024年实现营业收入8.75亿元，同比增长25.49%。公司聚焦主业，布局圆柱全极耳电池等新兴赛道，订单充裕，现有产能可满足市场需求。圆柱全极耳电池在eVTOL、人形机器人等领域具有高能量密度等优势。新聚力2024年业绩表现良好，半导体MHS系统核心设备已形成批量订单。公司持续关注激光与光电产业等高端装备产业的机会，核心设备已应用于固态电池制造领域，并与松山湖材料实验室达成战略合作。公司已在多个国家和地区实现设备销售，未来将加大海外市场拓展力度。2025年，公司将落实‘激光+智能装备’平台化升级发展战略，加大市场拓展力度，推动新产品投向市场。2）国投智能调研纪要：2月28日，中共中央政治局就建设更高水平平安中国进行第十九次集体学习，提出平安中国建设只能加强，不能削弱。公司网络空间安全业务聚焦打击新型网络犯罪、网络安全防护、数据安全和人工智能安全四大方向。电子数据取证产品将人工智能大模型与电子数据取证分析全面融合，构建“端-云-脑”三级智能化体系。公司主导了十余个省市级的公共安全大数据平台建设，大模型将驱动平台升级，实现从信息化到智能化的跃迁。公司网络空间安全产品注重数据全生命周期治理，聚焦业务内生安全，构建了下一代主动防御体系。一体机产品战略定位是打造社会智能化的新基座，主要面向公共安全、智慧税务、金融业务、能源等行业私有化部署的场景。AI大模型面临数据安全、内容安全、模型安全和供应链安全四大风险，公司提供相应防护方案。机构简介：深圳正圆投资2015年成立于深圳前海自贸区，并于当年获得私募证券投资基金牌照。正圆拥有专业的投研团队，丰富的投资经验，完善的风险管理制度。 立足于中国经济结构转型升级，服务于中国实体经济发展。依赖团队专业的投研能力，致力于成为社会资本与优质产业之间的纽带，通过将客户资产配置于符合发展趋势的优质公司，实现客户资产的保值增值。以上内容为证券之星据公开信息整理，由智能算法生成（网信算备310104345710301240019号），不构成投资建议。,0,证券之星财经,5187193467,2025-03-05 00:10:22,0,0,0,18698,0,雪球,https://xueqiu.com/5187193467/325985478,2026-07-08 16:21:52
325986262,SH688646,ST逸飞,【机构调研记录】银河基金调研联化科技、逸飞激光,证券之星消息，根据市场公开信息及3月4日披露的机构调研信息，银河基金近期对2家上市公司进行了调研，相关名单如下：1）联化科技 （银河基金参与公司特定对象调研）调研纪要：联化科技表示，植保行业“去库存”接近尾声，2024年四季度订单量回暖。公司继续拓展新客户和新产品，执行“大客户战略”。医药业务稳定发展，深化大客户合作，拓展新客户和技术储备。新能源业务以电解液为切入点，2025年有望实现营收突破。英国子公司已实现部分产品销售，马来西亚基地计划2025年一季度启动土建。美国关税影响有限，因美国口岸交付占比有限。公司计划投资不超过2亿美金建设马来西亚基地，分期建设。2）逸飞激光 （银河基金参与公司电话会议）调研纪要：逸飞激光预计2024年实现营业收入8.75亿元，同比增长25.49%。公司聚焦主业，布局圆柱全极耳电池等新兴赛道，订单充裕，现有产能可满足市场需求。圆柱全极耳电池在eVTOL、人形机器人等领域具有高能量密度等优势。新聚力2024年业绩表现良好，半导体MHS系统核心设备已形成批量订单。公司持续关注激光与光电产业等高端装备产业的机会，核心设备已应用于固态电池制造领域，并与松山湖材料实验室达成战略合作。公司已在多个国家和地区实现设备销售，未来将加大海外市场拓展力度。2025年，公司将落实‘激光+智能装备’平台化升级发展战略，加大市场拓展力度，推动新产品投向市场。银河基金成立于2002年，截至目前，资产管理规模(全部公募基金)1046.66亿元，排名59/209；资产管理规模(非货币公募基金)755.06亿元，排名58/209；管理公募基金数162只，排名43/209；旗下公募基金经理25人，排名56/209。旗下最近一年表现最佳的公募基金产品为银河创新成长混合A，最新单位净值为6.93，近一年增长63.12%。以上内容为证券之星据公开信息整理，由智能算法生成（网信算备310104345710301240019号），不构成投资建议。,0,证券之星财经,5187193467,2025-03-05 00:20:11,0,0,0,30014,0,雪球,https://xueqiu.com/5187193467/325986262,2026-07-08 16:21:52
325986279,SH688646,ST逸飞,【机构调研记录】浦银安盛基金调研逸飞激光、聚辰股份等3只个股（附名单）,证券之星消息，根据市场公开信息及3月4日披露的机构调研信息，浦银安盛基金近期对3家上市公司进行了调研，相关名单如下：1）逸飞激光 （浦银安盛基金参与公司电话会议）调研纪要：逸飞激光预计2024年实现营业收入8.75亿元，同比增长25.49%。公司聚焦主业，布局圆柱全极耳电池等新兴赛道，订单充裕，现有产能可满足市场需求。圆柱全极耳电池在eVTOL、人形机器人等领域具有高能量密度等优势。新聚力2024年业绩表现良好，半导体MHS系统核心设备已形成批量订单。公司持续关注激光与光电产业等高端装备产业的机会，核心设备已应用于固态电池制造领域，并与松山湖材料实验室达成战略合作。公司已在多个国家和地区实现设备销售，未来将加大海外市场拓展力度。2025年，公司将落实‘激光+智能装备’平台化升级发展战略，加大市场拓展力度，推动新产品投向市场。2）聚辰股份 （浦银安盛基金参与公司特定对象调研）调研纪要：去年公司持续进行技术升级和产品线完善，推动SPD、汽车级EEPROM及NOR Flash业务成长。2024年实现营业收入10.28亿元，同比增长46.10%，归母净利润2.90亿元，同比增长188.52%。SPD产品适用于DDR5世代多种内存模组，汽车级EEPROM芯片广泛应用于汽车多个系统。喻芯半导体产品涵盖嵌入式存储、固态硬盘、内存条和移动存储四条产品线，已应用于多个领域。3）温氏股份 （浦银安盛基金参与公司券商策略会）调研纪要：公司养猪业务主要采用“公司+农户”的分段式饲养模式。种猪场竣工产能约4600万头，育肥阶段有效饲养能力合计约3800万头。2024年肉猪养殖综合成本降至7.2元/斤，同比下降约1.2元/斤，市场因素影响占比约40%，非市场因素影响占比约60%。2025年肉猪养殖综合成本奋斗目标为不超过6.5元/斤。2024年肉猪出栏量中，猪业一部（南部）占比47%，猪业二部（东中部）占比26%，猪业三部（西部+北部）占比25%，其他独立经营单元占比2%。公司通过物联网和数字化技术管理手段监控饲料流向，防止偷卖饲料行为。公司重视投资者回报，自2015年底上市以来累计现金分红金额达268亿元。公司与安佑集团建立全面战略协同关系，通过产业链深度融合实现优势互补。浦银安盛基金成立于2007年，截至目前，资产管理规模(全部公募基金)3819.0亿元，排名26/209；资产管理规模(非货币公募基金)1781.53亿元，排名28/209；管理公募基金数196只，排名31/209；旗下公募基金经理32人，排名39/209。旗下最近一年表现最佳的公募基金产品为浦银安盛科技创新优选混合，最新单位净值为1.23，近一年增长47.67%。旗下最新募集公募基金产品为浦银安盛中证A500指数增强A，类型为指数型-股票，集中认购期2025年2月13日至2025年3月7日。以上内容为证券之星据公开信息整理，由智能算法生成（网信算备310104345710301240019号），不构成投资建议。,0,证券之星财经,5187193467,2025-03-05 00:20:20,0,1,0,16679,0,雪球,https://xueqiu.com/5187193467/325986279,2026-07-08 16:21:52
325986337,SH688646,ST逸飞,【机构调研记录】富国基金调研新宝股份、逸飞激光等6只个股（附名单）,证券之星消息，根据市场公开信息及3月4日披露的机构调研信息，富国基金近期对6家上市公司进行了调研，相关名单如下：1）新宝股份 （富国基金参与公司特定对象调研&投资机构线上交流）调研纪要：新宝股份2024年第四季度外销订单增长，内销订单较弱，预计2025年外销订单稳定增长，内销业务积极推新。公司设立电器研究院，扩展核心研究领域，提升产品创新能力。研发费用率将保持稳定，优化投入结构，加大核心技术研发。公司已布局印尼产能，应对关税影响，预计能满足大部分客户需求。公司抗风险能力强，海外建厂满足客户需求，有一定优势。公司将在原有品类提升市占率，扩展新品类，增加产品丰富度。2）逸飞激光 （富国基金参与公司电话会议）调研纪要：逸飞激光预计2024年实现营业收入8.75亿元，同比增长25.49%。公司聚焦主业，布局圆柱全极耳电池等新兴赛道，订单充裕，现有产能可满足市场需求。圆柱全极耳电池在eVTOL、人形机器人等领域具有高能量密度等优势。新聚力2024年业绩表现良好，半导体MHS系统核心设备已形成批量订单。公司持续关注激光与光电产业等高端装备产业的机会，核心设备已应用于固态电池制造领域，并与松山湖材料实验室达成战略合作。公司已在多个国家和地区实现设备销售，未来将加大海外市场拓展力度。2025年，公司将落实‘激光+智能装备’平台化升级发展战略，加大市场拓展力度，推动新产品投向市场。3）聚辰股份 （富国基金参与公司特定对象调研）调研纪要：去年公司持续进行技术升级和产品线完善，推动SPD、汽车级EEPROM及NOR Flash业务成长。2024年实现营业收入10.28亿元，同比增长46.10%，归母净利润2.90亿元，同比增长188.52%。SPD产品适用于DDR5世代多种内存模组，汽车级EEPROM芯片广泛应用于汽车多个系统。喻芯半导体产品涵盖嵌入式存储、固态硬盘、内存条和移动存储四条产品线，已应用于多个领域。4）威胜信息 （富国基金参与公司现场调研）调研纪要：威胜信息在AI产品、通信芯片业务、海外市场、长沙智谷项目等方面取得显著进展。AI产品营收超4亿元，占比达30%，未来将推MI2.0配用电一体化解决方案及超声波智能水表。AI技术集成到芯片和通讯网关模块中，实现边缘侧推理，提升电网管理和抢修维护效率。长沙智谷项目采用软件平台模式，提供园区管理、节能、安全等一体化解决方案。2024年海外业务收入4.21亿元，印尼和沙特工厂将投入使用，重点布局东南亚、中东等地。2025年将继续履行2024年结算订单，并新增重点布局南南国家，特别是东南亚地区。2024年芯片模块业务营收7.76亿元，国内HPLC双模渗透率提升，国际市场保持旺盛需求。政策背景需智能化手段实现新能源并网接入，公司已培育适合国南网市场的新产品和技术。新能源入市政策将带来基于现货交易的新商机，公司准备充分，计划创新业务和商务模式。5）国投智能调研纪要：2月28日，中共中央政治局就建设更高水平平安中国进行第十九次集体学习，提出平安中国建设只能加强，不能削弱。公司网络空间安全业务聚焦打击新型网络犯罪、网络安全防护、数据安全和人工智能安全四大方向。电子数据取证产品将人工智能大模型与电子数据取证分析全面融合，构建“端-云-脑”三级智能化体系。公司主导了十余个省市级的公共安全大数据平台建设，大模型将驱动平台升级，实现从信息化到智能化的跃迁。公司网络空间安全产品注重数据全生命周期治理，聚焦业务内生安全，构建了下一代主动防御体系。一体机产品战略定位是打造社会智能化的新基座，主要面向公共安全、智慧税务、金融业务、能源等行业私有化部署的场景。AI大模型面临数据安全、内容安全、模型安全和供应链安全四大风险，公司提供相应防护方案。6）粤高速Ａ （富国基金管理有限公司参与公司特定对象调研&电话交流）调研纪要：粤高速A在2024年的经营情况显示，第四季度营收和利润同比降幅较大，主要由于主要路产受周边道路网分流影响以及去年同期有特殊收益。广佛高速的管养问题仍在与政府沟通中，广惠高速改扩建项目总投资305.2亿元，公司按51%股比承担资本金出资约54.48亿元，其余为银行贷款。公司在建改扩建项目将借鉴以往经验，尽量减少对车流量的影响。此外，截至2024年12月31日，公司融资年利率区间为2.20%-2.80%。富国基金成立于1999年，截至目前，资产管理规模(全部公募基金)10687.96亿元，排名7/209；资产管理规模(非货币公募基金)7019.24亿元，排名4/209；管理公募基金数710只，排名5/209；旗下公募基金经理94人，排名7/209。旗下最近一年表现最佳的公募基金产品为富国中证港股通互联网ETF，最新单位净值为0.87，近一年增长73.43%。旗下最新募集公募基金产品为富国景气优选混合A，类型为混合型-偏股，集中认购期2025年2月24日至2025年3月14日。以上内容为证券之星据公开信息整理，由智能算法生成（网信算备310104345710301240019号），不构成投资建议。,0,证券之星财经,5187193467,2025-03-05 00:20:48,0,0,0,35927,0,雪球,https://xueqiu.com/5187193467/325986337,2026-07-08 16:21:49
325986786,SH688646,ST逸飞,【机构调研记录】交银施罗德基金调研逸飞激光、聚辰股份,证券之星消息，根据市场公开信息及3月4日披露的机构调研信息，交银施罗德基金近期对2家上市公司进行了调研，相关名单如下： 1)逸飞激光(交银施罗德基金参与公司电话会议) 调研纪要：逸飞激光预计2024年实现营业收入8.75亿元，同比增长25.49%。公司聚焦主业，布局圆柱全极耳电池等新兴赛道，订单充裕，现有产能可满足市场需求。圆柱全极耳电池在eVTOL、人形机器人等领域具有高能量密度等优势。新聚力2024年业绩表现良好，半导体MHS系统核心设备已形成批量订单。公司持续关注激光与光电产业等高端装备产业的机会，核心设备已应用于固态电池制造领域，并与松山湖材料实验室达成战略合作。公司已在多个国家和地区实现设备销售，未来将加大海外市场拓展力度。2025年，公司将落实‘激光+智能装备’平台化升级发展战略，加大市场拓展力度，推动新产品投向市场。 2)聚辰股份(交银施罗德基金参与公司特定对象调研) 调研纪要：去年公司持续进行技术升级和产品线完善，推动SPD、汽车级EEPROM及NOR Flash业务成长。2024年实现营业收入10.28亿元，同比增长46.10%，归母净利润2.90亿元，同比增长188.52%。SPD产品适用于DDR5世代多种内存模组，汽车级EEPROM芯片广泛应用于汽车多个系统。喻芯半导体产品涵盖嵌入式存储、固态硬盘、内存条和移动存储四条产品线，已应用于多个领域。 交银施罗德基金成立于2005年，截至目前，资产管理规模(全部公募基金)5386.35亿元，排名21/209；资产管理规模(非货币公募基金)2565.05亿元，排名21/209；管理公募基金数246只，排名25/209；旗下公募基金经理44人，排名24/209。旗下最近一年表现最佳的公募基金产品为中概互联网LOF，最新单位净值为1.2，近一年增长33.43%。旗下最新募集公募基金产品为交银中证A50指数A，类型为指数型-股票，集中认购期2025年3月3日至2025年3月28日。,0,ST逸飞(SH688646),0,2025-03-05 00:25:21,0,0,0,4115,0,新闻,https://xueqiu.com/S/SH688646/325986786,2026-07-08 16:21:49
326247136,SH688646,ST逸飞,,$逸飞激光(SH688646)$ 信宇人尾盘拉升，同样是固态的逸飞尾盘大笔流出，大概是有问题了,0,保重千千万,1315561626,2025-03-06 07:06:12,2,0,0,11773,0,Android,https://xueqiu.com/1315561626/326247136,2026-07-08 16:21:49
326361523,SH688646,ST逸飞,,$逸飞激光(SH688646)$ 有点搞笑，拉了13个点回落这么多，这根大天线想干嘛,0,保重千千万,1315561626,2025-03-07 02:15:01,0,0,0,12274,0,Android,https://xueqiu.com/1315561626/326361523,2026-07-08 16:21:49
326815140,SH688646,ST逸飞,,$逸飞激光(SH688646)$ 我的买点，量化的卖点，现在割肉了，量化也不买？,0,松间赵,7901366729,2025-03-11 03:06:14,1,0,0,11829,0,雪球,https://xueqiu.com/7901366729/326815140,2026-07-08 16:21:49
326886798,SH688646,ST逸飞,,逸飞激光：逸飞激光关于第二期以集中竞价交易方式回购公司股份的进展公告 网页链接,0,ST逸飞(SH688646),0,2025-03-11 10:14:03,0,0,0,3217,0,公告,https://xueqiu.com/S/SH688646/326886798,2026-07-08 16:21:49
326888737,SH688646,ST逸飞,逸飞激光：累计回购约37万股,每经AI快讯，逸飞激光3月11日晚间发布公告称，截至2025年3月11日，公司通过上海证券交易所交易系统以集中竞价交易方式累计回购公司股份约37万股，占公司总股本约9516万股的比例为0.39%，回购成交的最高价为40.74元/股，最低价为38.24元/股，支付的资金总额为人民币约1464万元。 每经头条（nbdtoutiao）——专访市场监管总局原副局长、国家认监委原主任蒲淳：对信用风险低的企业实现“无事不扰”，对信用风险高的严格监管，做到“无处不在” (记者 王晓波) 免责声明：本文内容与数据仅供参考，不构成投资建议，使用前请核实。据此操作，风险自担。 每日经济新闻,0,每日经济新闻,4642157440,2025-03-11 10:30:16,0,0,0,11713,0,雪球,https://xueqiu.com/4642157440/326888737,2026-07-08 16:21:49
326914275,SH688646,ST逸飞,逸飞激光：累计回购公司股份368320股,证券日报网讯 3月11日晚间，逸飞激光发布公告称，截至2025年3月11日，公司通过上海证券交易所交易系统以集中竞价交易方式累计回购公司股份368，320股，占公司总股本的0.39%。（编辑 姚尧）,0,证券日报,8353550788,2025-03-11 14:10:16,0,0,0,10803,0,雪球,https://xueqiu.com/8353550788/326914275,2026-07-08 16:21:49
326950925,SH688646,ST逸飞,,$逸飞激光(SH688646)$【行业首条快充宽温46系大圆柱电池量产线交付投产】近日，行业首条46系列大圆柱全极耳超充宽温电池量产线在宁波正式投产。该产线由逸飞激光提供系统解决方案并实施交付，从设备进场到实现日产7.5万支电池仅用时2个月，凭借行业领先的交付效率，成为行业大圆柱电池制造的标杆项目。该条产线应用了全新升级的全极耳集流体无损成型技术、激光焊接智能控制系统、高稳态超低飞溅激光焊接等新工艺和技术，有效提升了制造效率和产品性能。同时，采用了磁悬浮传输方案，提高了传输速度和精度，降低了粉尘和机械损耗。整线采用柔性设计方案，可兼容4680/4695/46120等多种大圆柱电池的生产。,0,飞影2222,6942115683,2025-03-12 01:29:36,2,1,0,17766,0,雪球,https://xueqiu.com/6942115683/326950925,2026-07-08 16:21:49
326960689,SH688646,ST逸飞,行业首条快充宽温46系大圆柱电池量产线交付投产,人民财讯3月12日电，从逸飞激光获悉，近日，行业首条46系列大圆柱全极耳超充宽温电池量产线在宁波正式投产。该产线由逸飞激光提供系统解决方案并实施交付，从设备进场到实现日产7.5万支电池仅用时2个月，凭借行业领先的交付效率，成为行业大圆柱电池制造的标杆项目。,0,ST逸飞(SH688646),0,2025-03-12 01:58:25,0,0,0,2654,0,新闻,https://xueqiu.com/S/SH688646/326960689,2026-07-08 16:21:49
327044635,SH688646,ST逸飞,,$逸飞激光(SH688646)$ 昨日回购利好，今早纹丝不动，我熬不住了，，，然后我一直跺脚到现在,0,松间赵,7901366729,2025-03-12 08:18:59,1,0,0,18759,0,Android,https://xueqiu.com/7901366729/327044635,2026-07-08 16:21:49
327053185,SH688646,ST逸飞,,$逸飞激光(SH688646)$ 逸飞激光36亿市值今年1.8亿利润，订单30%增长（1-2月10%）24年订单13.5亿，yoy 40%，95%以上都是锂电，8-9亿是圆柱，今年大家都要投圆柱，25年订单30%增长，18亿，估计60-70%或更高是圆柱，亿纬锂能、宁德都在投，圆柱有50%以上份额，武汉院士，合作机器人本体，公众号写了，后面会成立一个子公司,0,向日葵般的信仰,1630482985,2025-03-12 09:17:26,1,1,0,23675,1,iPhone,https://xueqiu.com/1630482985/327053185,2026-07-08 16:21:49
327068820,SH688646,ST逸飞,,？逸飞激光成立机器人,0,巧克力夹心,2420275366,2025-03-12 11:35:08,0,0,0,23241,0,Android,https://xueqiu.com/2420275366/327068820,2026-07-08 16:21:49
327069884,SH688646,ST逸飞,46大圆柱电池产业化“兵临城下”,摘要 突破技术工艺，稳步提升产线良品率，以及规模化交付能力，成为国内大圆柱产业链企业的一致目标。 大圆柱电池产业迎来多元市场需求集中释放的“破晓时刻”。 近日，特斯拉宣布4680产能达到17GWh；云山动力投产了1.5GWh大圆柱电池量产示范线。 2月，宝马宣布其新一代大圆柱电池即将装车第六代eDrive电驱系统的新车型，宝马沈阳生产基地预计2026年大规模投产首款新世代车型。 同在2月，亿纬锂能宣布获得一汽奔腾大圆柱电池供应商定点通知。 国内外4680大圆柱项目相继提产、量产，宝马大圆柱电池装车时间点确定，一汽奔腾加入大圆柱电池应用阵营，进一步明晰了大圆柱电池在车端应用的放量信号。 电池及上游产业链端，今年以来，包括宁德时代、亿纬锂能、比克电池、睿恩新能源、逸飞激光、中瑞股份等企业，也相继发出产能进展、持续加码或技术迭代等利好信号。 实际上，大圆柱电池的应用潜力远不止于车端。从近期释放的一系列新兴应用场景来看，无论是工商业储能、轻型车、人型机器人、eVTOL还是AI数据中心BBU等领域，都给大圆柱电池市场化应用打开了可观的增量空间。 在韩国最大规模的电池行业展览会 InterBattery 2025 上，韩国电池三巨头 LG、三星 SDI、SK on 纷纷亮相46系大圆柱电池，并签署了一系列相关合作，同样印证了大圆柱电池在新场景中的应用潜力。 从市场端的需求变化，到电池及产业链端的技术革新，种种迹象表明，大圆柱电池正迈向产业化高速发展的新阶段，一个新的电池时代或许即将来临。 解锁多元场景 拓展增长边界 大圆柱电池凭借高能量密度、高安全性和长寿命等特点，成为眼下多个新兴场景的理想选择。 其中，在2025政府工作报告中频繁提及的低空经济领域，eVTOL对电池提出了超越传统动力电池的性能要求。如工信部等四部门发布的《绿色航空制造业发展纲要（2023—2035年）》提出，以2025年实现400Wh/kg级锂电池产品量产、500Wh/kg级产品小规模验证为攻关方向。 大圆柱电池在能量密度、倍率性能、成组效率、标准化、成本多维度具备极强的综合优势，“半固态+大圆柱”的组合也逐步开始应用于eVTOL市场。如中创新航、国轩高科、力神均推出了46系大圆柱半固态电池。 同样为今年最火热的赛道之一，人形机器人也将为大圆柱电池拓展应用边界。人形机器人要求锂电池同时满足高能量密度、高功率、高倍率、高安全和长寿命等多重要求，无疑也是大圆柱电池可切入的又一应用赛道。 业内预测，到2030年，全球人形机器人对于锂电池的需求将达到50-80GWh。 在AI领域，全球AI芯片龙头英伟达计划在新一代服务器GB3800中将BBU（Battery Backup Unit，备用电池单元）列为标配，这一动向不仅将重构数据中心应急电源系统的技术路线，也将为大圆柱电池开辟新的应用空间。 采用锂电池技术的BBU则更具竞争力。一方面，其5-10年的使用寿命和快充特性能显著降低全生命周期成本；另一方面，在新型AI数据中心采用的高压直流配电系统中，高倍率BBU可表现出更高的电力转换效率，有助于优化数据中心运营成本结构。 AI服务器的功率提升正在推动BBU技术快速迭代，叠加数据中心BBU极度重视安全性与稳定性，且对电芯成本不敏感，全极耳大圆柱能显著提高电芯的热安全性，因此也将成为其高附加值应用市场。 可以看到，特斯拉4680供应起量，宝马大圆柱电池2025装车消息，以及多元应用场景蓄势待发，都将成为大圆柱电池全面产业化的拐点。由此也将带动中国46大圆柱产业链持续获益。 全链贯通 中国大圆柱起步国际化 在大圆柱电池的产业化进程中，中国企业已经成为一股不可忽视的力量，并且实现了全产业链贯通。 尤其在宝马大圆柱产业化应用的快速推进中，中国大圆柱供应链展现出了强大的竞争实力。而在宝马供应链的助推下，中国大圆柱电池也有望站上国际化舞台。 对比来看，特斯拉在2020年首次披露4680大圆柱电池，最早开启其产业化进程。不过，从时间节奏把控上看，2021年实现第一代4680量产，到2022年4月展示第二代焊接版4680量产线，再到2024年7月计划在第四季度量产双干法4680电池，整体迭代过程中遇到不少问题，导致时间上有一定的迟滞。 而宝马在2022年宣布启用圆柱电芯，虽然相对特斯拉稍晚，但宝马自宣布后迅速与宁德时代、亿纬锂能、远景动力等供应商达成合作，在2024年底沈阳生产基地已成功启动第六代动力电池项目的试生产工作，也为其2026年的大规模量产做好了充分准备。 行业也一致认为，宝马在46大圆柱产业化能够在进程中得以快速前进，很重要的原因，在于宝马选择合作了强大的中国供应链。 需要指出的是，国内46大圆柱走出了与特斯拉4680截然不同的技术工艺。如特斯拉4680电池采用了干法工艺等技术创新，且正负极都尝试采用干法制备，在极耳处理工艺上，特斯拉采用切折工艺，很大程度影响了其量产进度。 相比而言，宝马大圆柱电池技术路线则偏稳健，采用传统的湿法工艺，成本得以有效控制；在极耳处理工艺上，宝马大圆柱电池采用了揉平工艺，而非特斯拉的切折工艺；在正极端子、集流盘、极柱焊接以及封口方面的激光工艺也在不断精进，生产良品率不断提升。 此外，在电池成组技术上，宝马采用CTP结合“电池车身一体化”的方案，更适合与供应商协作以及多车型协同生产。 中国大圆柱电池产业链包括电池、材料、装备企业的技术实力、多项新型技术突破以及产能规模，都将持续为宝马大圆柱电池车型竞争力提供有力加持。 亿纬锂能董事长刘金成博士表示，国内大圆柱技术背靠宝马这样的公司的项目去国际化，这样的步伐一定是比较坚强，而且成功率更高的。 中国大圆柱产业链加速崛起 大圆柱电池的产业化大幕已经拉开，产业链诸多企业已经悄然备战。今年以来，包括宁德时代、亿纬锂能、比克电池、睿恩新能源、逸飞激光、中瑞股份等产业链企业也在持续释放大圆柱电池方面的利好信号。 如：宁德时代在2024宝马中国可持续发展供应商日上宣布，2026年开始将陆续在全球和中国为宝马“新世代”架构的纯电车型供应圆柱电池。 亿纬锂能动力电池研究院院长何巍博士近日透露，截至2025年2月中旬，亿纬锂能大圆柱电池已实现量产装车31300+台，单车最长行驶里程达到18.5万公里以上。 比克动力则在持续通过大圆柱结构升级、全极耳工艺优化、磷酸锰铁锂材料优化等维度，提升大圆柱产品的性能，满足终端应用需求。 睿恩新能源2025年计划实现“国产高倍率、高比能无极耳大圆柱锂离子电池一期项目”14-16GWh产能。 装备方面，逸飞激光率先突破了圆柱全极耳关键核心工艺和装备技术，从无到有构建了覆盖不同结构和工艺路径、多种装备形式以及梯次化量产需求（50PPM-360PPM）的圆柱全极耳系列智能装备，率先实现了圆柱全极耳电池量产组装线的成熟应用和批量交付。 同时，逸飞激光作为圆柱全极耳电池智能装备的引领者，通过十数年的创新和工程经验积累，已建成超过100万级的专业工艺数据库，再结合多维检测技术、 AI 技术和数字孪生的赋能，助力客户有效缩短产业化周期。并通过激光调制技术等多个新型焊接系统，实现更出色的飞溅抑制、更精细的焊接过程，有效提高产品一致性、降低生产成本，助力大圆柱电池全面实现精细化、大规模制造。 材料方面，中瑞股份公告，已取得相关土地使用权证书，满足大圆柱系列新型锂电池精密金属结构件项目建设。 中瑞股份透露，公司与多家客户在46结构件领域建立了合作意向，并根据部分客户要求配套开展46系列大圆柱结构件全套组合件的研发设计，已陆续进入客户的B样或者C样验证阶段，部分产品已实现批量供应。 目前，国内大圆柱产业链企业的一致目标，是不断突破技术工艺，稳步提升产线良品率，以及规模化交付能力，进一步降低制造成本，补齐大圆柱电池在标准化程度和综合性能提升之外的 “成本短板”。 声明：，转载请注明出处。。 往期精彩 ■ 硫化物固态电池产业化“全面提速” ■ 2025“两会”中的新能源 ■ AI会提前全固态电池量产吗？,0,高工锂电,7862386466,2025-03-12 11:45:49,4,4,0,59436,1,雪球,https://xueqiu.com/7862386466/327069884,2026-07-08 16:21:49
327110937,SH688646,ST逸飞,逸飞激光：3月12日获融资买入3471.65万元，占当日流入资金比例为20.37%,同花顺（300033）数据中心显示，逸飞激光3月12日获融资买入3471.65万元，占当日买入金额的20.37%，当前融资余额1.15亿元，占流通市值的4.63%，超过历史70%分位水平。 交易日期融资买入额融资偿还额融资余额2025-03-1234716460.0027695791.00115470055.002025-03-1115317673.0022148571.00108449386.002025-03-1013358938.0026021723.00115280284.002025-03-0723262625.0022671163.00127943069.002025-03-069939426.0020786415.00127351607.00 融券方面，逸飞激光3月12日融券偿还0股，融券卖出0股，按当日收盘价计算，卖出金额0元，融券余额0，低于历史10%分位水平。 交易日期融券卖出额融券偿还额融券余额2025-03-120.000.000.002025-03-110.000.000.002025-03-100.000.000.002025-03-070.000.000.002025-03-060.000.000.00 综上，逸飞激光当前两融余额1.15亿元，较昨日上升6.47%，两融余额超过历史70%分位水平。 交易日期证券简称融资融券变动融资融券余额2025-03-12逸飞激光7020669.00115470055.002025-03-11逸飞激光-6830898.00108449386.002025-03-10逸飞激光-12662785.00115280284.002025-03-07逸飞激光591462.00127943069.002025-03-06逸飞激光-10846989.00127351607.00 说明1：融资余额若长期增加时表示投资者心态偏向买方，市场人气旺盛属强势市场，反之则属弱势市场。说明2：买入金额=主动买入特大单金额+主动买入大单金额+主动买入中单金额+主动买入小单金额。,0,ST逸飞(SH688646),0,2025-03-13 00:07:20,0,0,0,2383,0,新闻,https://xueqiu.com/S/SH688646/327110937,2026-07-08 16:21:49
327145459,SH688646,ST逸飞,,$逸飞激光(SH688646)$ 42.4接回卖出去的1000股，拿了这么久，没可能现在就想我走,0,老百姓赢麻了,3497527004,2025-03-13 02:42:27,0,0,0,18363,0,雪球,https://xueqiu.com/3497527004/327145459,2026-07-08 16:21:47
327278554,SH688646,ST逸飞,3.14商业观察：固态电池滞胀概念股（附股）,进入2025年，固态电池产业大事不断。消息面上，2025全固态电池技术交流大会暨第一届干法电极技术研讨会将于2025年3月18日—19日在安徽蚌埠举行。固态电池采用固体电解质替代了传统锂电池中的液体，这一改变不仅大大提高了电池的安全性，杜绝了起火爆炸的风险，还显著提升了能量密度。也就是说，固态电池体积变小了，储存的电量却更多。凭借高能量密度、高安全性、长循环寿命等显著优势，固态电池被视为下一代电池技术的终极方向。彭博新能源财经(BNEF)预测，2027年全球固态电池市场规模将达500亿美元，2030年突破1200亿美元，2027年至2030年复合增速超30%。毫无疑问，随着技术的持续突破，固态电池有望成为全球最大的蓝海市场之一。布局固态电池的A股公司达到180家。今年以来，A股固态电池板块整体涨幅超过15%，位居热门指数上游水平。3月12日，固态电池板块中多股上涨，逸飞激光涨超12%，冠盛股份、ST百利涨停，长城汽车、领湃科技、软控股份等多股跟涨。3月12日，冠盛股份早盘强势涨停。公司与吉林省东驰新能源科技有限公司签订《战略合作协议书》，双方计划共同成立合资公司，以一代准固态动力电池、半固态储能电池的生产制造、销售出口为主营业务。逸飞激光涨幅超过10%，公司电芯装配线可适用于半固态/固态电池的生产。截至3月12日，上述180家公司中，接近40家公司年内涨幅超过30%，位居前3的分别是华丰股份、武汉蓝电及圣阳股份，涨幅均超过80%。华丰股份与上硅所李驰麟研究员团队，就新型储能电池的产业化研发的主要路线是锂金属固态电池，目标是打造长续航动力电池和长寿命储能电池两大系列产品。武汉蓝电专注电池测试系统的开发、生产和销售，为二次电池(包括固态电池)提供专业检测服务。另外，还有冠盛股份、长虹能源、力佳科技等公司涨幅均超过60%。尽管说固态电池概念股2025年大部分表现都还不错，但也有一些表现不佳。福田汽车年内下跌4%以上，公司自主开发半固态电池是其新能源自主技术储备的需要。据不完全统计，在固态电池概念股当中，截止到3月13日，涨幅不足15%的有：新宙邦、厦门钨业、福田汽车、长安汽车、洁美科技、联得装备、豪鹏科技、普利特、骆驼股份、世名科技。严重声明：拒绝抄袭，拒绝谩骂，欢迎转载。股市有风险，投资需谨慎，笔者分析也仅仅是一个参考，不作为你买卖的依据，文中个股不作为买卖依据，仅仅是研究所用，据此操作，风险自负。,0,华彬金融观察,1930559733,2025-03-13 22:31:56,0,1,0,49529,2,雪球,https://xueqiu.com/1930559733/327278554,2026-07-08 16:21:47
327402316,SH688646,ST逸飞,3月14日逸飞激光涨8.74%，宝盈睿丰创新混合A/B基金重仓该股,证券之星消息，3月14日逸飞激光（688646）涨8.74%创60日新高，收盘报44.4元，换手率9.86%，成交量5.72万手，成交额2.5亿元。该股为宁德时代概念股、激光、工业自动化、新能源汽车、锂电池、智慧物流、智能制造、钠电池、固态电池概念热股。3月14日的资金流向数据方面，主力资金净流入733.29万元，占总成交额2.94%，游资资金净流入651.17万元，占总成交额2.61%，散户资金净流出1384.47万元，占总成交额5.55%。融资融券方面近5日融资净流入43.19万，融资余额增加；融券净流入0.0，融券余额增加。重仓逸飞激光的公募基金请见下表：该股最近90天内共有1家机构给出评级，增持评级1家。根据2024基金年报公募基金重仓股数据，重仓该股的公募基金共2家，其中持有数量最多的公募基金为宝盈基金的宝盈睿丰创新混合A/B。宝盈睿丰创新混合A/B目前规模为0.33亿元，最新净值2.667（3月13日），较上一交易日下跌3.33%，近一年上涨21.23%。该公募基金现任基金经理为容志能 朱凯。朱凯在任的基金产品包括:宝盈先进制造混合A，管理时间为2023年2月17日至今，期间收益率为-22.9%；宝盈新能源产业混合发起式A，管理时间为2023年2月17日至今，期间收益率为-46.42%；容志能在任的基金产品包括:宝盈转型动力混合A，管理时间为2023年3月17日至今，期间收益率为35.99%；宝盈国家安全沪港深股票A，管理时间为2023年3月17日至今，期间收益率为7.61%；宝盈创新驱动股票A，管理时间为2023年4月15日至今，期间收益率为9.76%；宝盈科技30混合，管理时间为2024年12月24日至今，期间收益率为14.49%。宝盈睿丰创新混合A/B的前十大重仓股如下：以上内容为证券之星据公开信息整理，由智能算法生成（网信算备310104345710301240019号），不构成投资建议。,0,证券之星财经,5187193467,2025-03-14 08:31:36,0,0,0,26576,0,雪球,https://xueqiu.com/5187193467/327402316,2026-07-08 16:21:47
327633783,SH688646,ST逸飞,,$逸飞激光(SH688646)$ 证券之星消息，3月14日逸飞激光（688646）涨8.74%创60日新高，收盘报44.4元，换手率9.86%，成交量5.72万手，成交额2.5亿元。,0,解析几何价格,6305327169,2025-03-17 03:05:17,0,0,0,18756,0,Android,https://xueqiu.com/6305327169/327633783,2026-07-08 16:21:47
328350778,SH688646,ST逸飞,,$逸飞激光(SH688646)$ 继续加了点仓，120手等你起飞,0,老百姓赢麻了,3497527004,2025-03-21 05:27:29,2,2,0,18578,0,雪球,https://xueqiu.com/3497527004/328350778,2026-07-08 16:21:47
329046699,SH688646,ST逸飞,逸飞激光：3月26日获融资买入1608.81万元,同花顺（300033）数据中心显示，逸飞激光3月26日获融资买入1608.81万元，占当日买入金额的33.01%，当前融资余额1.29亿元，占流通市值的5.39%，超过历史90%分位水平。 交易日期融资买入额融资偿还额融资余额2025-03-2616088081.0013478269.00128721665.002025-03-2519288544.0022638520.00126111853.002025-03-2415797797.0010736473.00129461829.002025-03-2114260587.009193105.00124400505.002025-03-2014353704.008940039.00119333023.00 融券方面，逸飞激光3月26日融券偿还0股，融券卖出0股，按当日收盘价计算，卖出金额0元，融券余额0，低于历史10%分位水平。 交易日期融券卖出额融券偿还额融券余额2025-03-260.000.000.002025-03-250.000.000.002025-03-240.000.000.002025-03-210.000.000.002025-03-200.000.000.00 综上，逸飞激光当前两融余额1.29亿元，较昨日上升2.07%，两融余额超过历史70%分位水平。 交易日期证券简称融资融券变动融资融券余额2025-03-26逸飞激光2609812.00128721665.002025-03-25逸飞激光-3349976.00126111853.002025-03-24逸飞激光5061324.00129461829.002025-03-21逸飞激光5067482.00124400505.002025-03-20逸飞激光5413665.00119333023.00 说明1：融资余额若长期增加时表示投资者心态偏向买方，市场人气旺盛属强势市场，反之则属弱势市场。说明2：买入金额=主动买入特大单金额+主动买入大单金额+主动买入中单金额+主动买入小单金额。,0,ST逸飞(SH688646),0,2025-03-27 00:07:48,0,0,0,2292,0,新闻,https://xueqiu.com/S/SH688646/329046699,2026-07-08 16:21:47
329104285,SH688646,ST逸飞,,$逸飞激光(SH688646)$ 重视湖北具身智能产业链重大机会-首推逸飞激光湖北省委领导近期多次主持推进加快人形机器人产业化落地工作，积极推进人形机器人整机研发，后期还将成立产业基金扶持相关企业，重视湖北省人形机器人产业链相关投资机会。逸飞激光与武创院深度合作，All-in机器人赛道，是华中地区唯一的机器人整机上市平台。武创院科研实力深厚，被誉为华中地区的“中科院”，具有全国最领先的机器人科研团队，同时具有全国机械专业排名第一的华科大团队，研发水平领先，已先后发布“天问”、“劳动者”“大壮”等10余款成熟的人形机器人产品。逸飞深耕新能源制造，具备丰富的机器人迭代场景与整机生产能力，是国内人形机器人整机制造+场景应用的唯一上市企业，未来3年成为工业界“宇树”。公司拥有丰富的工业化场景，在武创院赋能机器人技术后，可快速将人形机器人应用于工业场景进行迭代。此外，看好推荐湖北链其他人形机器人公司：华中数控、华工科技、三丰智能等。,0,逻辑的声音,8836308794,2025-03-27 05:03:25,1,3,0,21607,0,Android,https://xueqiu.com/8836308794/329104285,2026-07-08 16:21:47
329111655,SH688646,ST逸飞,,$逸飞激光(SH688646)$ 同花顺（300033）数据中心显示，逸飞激光3月26日获融资买入1608.81万元，占当日买入金额的33.01%，当前融资余额1.29亿元，占流通市值的5.39%，超过历史90%分位水平。,0,解析几何价格,6305327169,2025-03-27 05:41:58,0,1,0,13723,0,Android,https://xueqiu.com/6305327169/329111655,2026-07-08 16:21:47
329221497,SH688646,ST逸飞,逸飞激光：3月27日获融资买入1573.35万元，占当日流入资金比例为12.25%,同花顺（300033）数据中心显示，逸飞激光3月27日获融资买入1573.35万元，占当日买入金额的12.25%，当前融资余额1.16亿元，占流通市值的4.68%，超过历史90%分位水平。 交易日期融资买入额融资偿还额融资余额2025-03-2715733526.0028238089.00116217102.002025-03-2616088081.0013478269.00128721665.002025-03-2519288544.0022638520.00126111853.002025-03-2415797797.0010736473.00129461829.002025-03-2114260587.009193105.00124400505.00 融券方面，逸飞激光3月27日融券偿还0股，融券卖出0股，按当日收盘价计算，卖出金额0元，融券余额0，低于历史10%分位水平。 交易日期融券卖出额融券偿还额融券余额2025-03-270.000.000.002025-03-260.000.000.002025-03-250.000.000.002025-03-240.000.000.002025-03-210.000.000.00 综上，逸飞激光当前两融余额1.16亿元，较昨日下滑9.71%，两融余额超过历史70%分位水平。 交易日期证券简称融资融券变动融资融券余额2025-03-27逸飞激光-12504563.00116217102.002025-03-26逸飞激光2609812.00128721665.002025-03-25逸飞激光-3349976.00126111853.002025-03-24逸飞激光5061324.00129461829.002025-03-21逸飞激光5067482.00124400505.00 说明1：融资余额若长期增加时表示投资者心态偏向买方，市场人气旺盛属强势市场，反之则属弱势市场。说明2：买入金额=主动买入特大单金额+主动买入大单金额+主动买入中单金额+主动买入小单金额。,0,ST逸飞(SH688646),0,2025-03-28 00:07:40,0,0,0,2376,0,新闻,https://xueqiu.com/S/SH688646/329221497,2026-07-08 16:21:47
329602944,SH688646,ST逸飞,,$逸飞激光(SH688646)$ 一季报肯定有问题,0,保重千千万,1315561626,2025-03-31 06:24:55,0,2,0,11949,0,Android,https://xueqiu.com/1315561626/329602944,2026-07-08 16:21:47
329804114,SH688646,ST逸飞,,逸飞激光：逸飞激光第二届监事会第七次会议决议公告 网页链接,0,ST逸飞(SH688646),0,2025-04-01 09:31:02,0,0,0,2568,0,公告,https://xueqiu.com/S/SH688646/329804114,2026-07-08 16:21:47
329804120,SH688646,ST逸飞,,逸飞激光：逸飞激光关于与关联方共同投资暨受让参股公司股权的公告 网页链接,0,ST逸飞(SH688646),0,2025-04-01 09:31:02,0,0,0,2576,0,公告,https://xueqiu.com/S/SH688646/329804120,2026-07-08 16:21:47
329804122,SH688646,ST逸飞,,逸飞激光：逸飞激光关于对外进行战略投资暨与武创院共同设立合资公司的公告 网页链接,0,ST逸飞(SH688646),0,2025-04-01 09:31:02,0,0,0,2650,0,公告,https://xueqiu.com/S/SH688646/329804122,2026-07-08 16:21:47
329804123,SH688646,ST逸飞,,逸飞激光：民生证券股份有限公司关于武汉逸飞激光股份有限公司关于与关联方共同投资暨受让参股公司股权的核查意见 网页链接,0,ST逸飞(SH688646),0,2025-04-01 09:31:02,0,0,0,2754,0,公告,https://xueqiu.com/S/SH688646/329804123,2026-07-08 16:21:47
329804125,SH688646,ST逸飞,,逸飞激光：逸飞激光关于第二期以集中竞价交易方式回购公司股份的进展公告 网页链接,0,ST逸飞(SH688646),0,2025-04-01 09:31:03,0,0,0,2782,0,公告,https://xueqiu.com/S/SH688646/329804125,2026-07-08 16:21:47
329806543,SH688646,ST逸飞,逸飞激光最新公告：拟与武创院共同设立合资公司,逸飞激光(688646.SH)公告称，公司拟与武汉产业创新发展研究院全资子公司武汉武创院投资有限公司成立合资公司湖北武逸科技有限公司，拟定注册资本为4000万元，其中公司拟认缴出资额2000万元，占注册资本总额的50%。本次设立合资公司将重点布局激光与柔性智造相关领域的新兴技术与新兴装备，以产业链思维带动创新发展。以上内容为证券之星据公开信息整理，由智能算法生成（网信算备310104345710301240019号），不构成投资建议。,0,证券之星财经,5187193467,2025-04-01 09:50:22,0,3,0,17021,0,雪球,https://xueqiu.com/5187193467/329806543,2026-07-08 16:21:47
329826352,SH688646,ST逸飞,逸飞激光：累计回购约81万股,每经AI快讯，逸飞激光（SH 688646，收盘价：41.36元）4月1日晚间发布公告称，截至2025年3月31日，公司通过上海证券交易所交易系统以集中竞价交易方式累计回购公司股份约81万股，占公司总股本约9516万股的比例为0.85%，回购成交的最高价为44.8元/股，最低价为38.15元/股，支付的资金总额为人民币约3222万元。 2023年1至12月份，逸飞激光的营业收入构成为：锂电池占比96.68%，其他占比2.51%。 逸飞激光的董事长、总经理均是吴轩，男，49岁，学历背景为本科。 截至发稿，逸飞激光市值为39亿元。 道达号（daoda1997）“个股趋势”提醒：1. 近30日内无机构对逸飞激光进行调研。 每经头条（nbdtoutiao）——涨涨涨！上千元难“买”一个客户，业内人士直言：实在太贵了！有企业领导下死命令：成本必须砍30%，否则年终奖难保 (记者 曾健辉) 免责声明：本文内容与数据仅供参考，不构成投资建议，使用前请核实。据此操作，风险自担。 每日经济新闻,0,每日经济新闻,4642157440,2025-04-01 12:50:36,0,1,0,17206,0,雪球,https://xueqiu.com/4642157440/329826352,2026-07-08 16:21:47
329833408,SH688646,ST逸飞,逸飞激光：第二届监事会第七次会议决议公告,证券日报网讯 4月1日晚间，逸飞激光发布公告称，公司第二届监事会第七次会议审议通过了《关于与关联方共同投资暨受让参股公司股权的议案》等。（编辑 姚尧）,0,证券日报,8353550788,2025-04-01 13:40:52,0,1,0,16133,0,雪球,https://xueqiu.com/8353550788/329833408,2026-07-08 16:21:47
329834848,SH688646,ST逸飞,逸飞激光：3月份累计回购公司股份655976股,证券日报网讯 4月1日晚间，逸飞激光发布公告称，2025年3月份，公司通过上海证券交易所交易系统以集中竞价交易方式累计回购公司股份655，976股，占公司总股本的比例为0.69%。（编辑 任世碧）,0,证券日报,8353550788,2025-04-01 13:50:45,0,0,0,15857,1,雪球,https://xueqiu.com/8353550788/329834848,2026-07-08 16:21:47
329870772,SH688646,ST逸飞,,$逸飞激光(SH688646)$ 竞价最高48.88，画图画的真牛逼,0,保重千千万,1315561626,2025-04-02 01:28:52,0,1,0,19960,0,Android,https://xueqiu.com/1315561626/329870772,2026-07-08 16:21:46
330019402,SH688646,ST逸飞,逸飞激光深化与武创院合作 4000万设合资公司培育新业务,逸飞激光（688646.SH）4月1日晚间发布公告，公司拟与武汉产业创新发展研究院（下称“武创院”）旗下投资公司共同出资设立湖北武逸科技，合资公司注册资本4000万元，双方各持股50%。 本次投资旨在利用各方优势资源，围绕智能制造前沿技术领域，推动激光与柔性智造相关领域的新兴技术与装备的发展。 深化与武创院合作 逸飞激光是智能激光装备及创新工艺方案提供商，能够为新能源电池、家电厨卫、装配式建筑、汽车零部件等领域提供智能装备与智慧物流装备及系统，其中锂电设备收入占比较高。2023年7月28日，公司登陆上交所科创板。 最新公告显示，逸飞激光拟与武创院旗下全资子公司——武汉武创院投资有限公司（下称“武创院投资”）成立合资公司湖北武逸科技有限公司（最终名称以公司登记部门核准的名称为准，下称“合资公司”）。合资公司拟定注册资本为人民币4000 万元，其中逸飞激光拟认缴出资额2000万元，占注册资本总额的50%；武创院投资拟认缴出资额2000万元，占注册资本总额的50%。 合作方武创院是湖北省和武汉市重点打造的新型研发机构，重点围绕光电子信息、生命健康、高端装备制造等优势产业，链接国内外高校院所、行业龙头企业、头部投资机构等创新资源，挖掘、遴选和支持科技成果转化项目，构建“早期拨转股+中期风险投资+成熟期产业资本介入”的持续助推孵化机制，助推高校的研发成果与企业的需求精准匹配、高效落地。 逸飞激光与武创院已在2023年7月正式建立战略合作关系，双方拟通过本次设立合资公司等方式进一步深化合作，充分利用各方优势资源，重点布局激光与柔性智造相关领域的新兴技术与新兴装备（002933），孵化并加速新质生产力新兴产业发展，赋能双方未来新业务发展。 已耗资3222万回购 同日，逸飞激光还披露了回购进展。截至2025年3月31日，公司已累计回购81万股，占总股本的0.85%，回购资金总额为3222万元，回购价格区间为38.15元/股至44.8元/股。 今年2月底，逸飞激光发布公告称，公司拟于2025年2月27日至2026年2月23日完成本次股份回购计划，本次回购价格不超过56.17元/股，回购总金额不超过人民币1亿元。此次回购为逸飞激光第二期回购股份，拟用于股权激励/员工持股计划、注销并减少注册资本。 在3月初与投资者的互动中，逸飞激光透露，2024年公司预计实现营业收入8.75亿元，同比增长25.49%，营收增长主要是因为公司前瞻布局圆柱全极耳电池等新兴赛道，圆柱全极耳电池系列装备开始全面量产出货，固态电池、钠离子电池、电芯结构件等多类新型装备陆续投放市场；同时，通过多方努力，公司在较为严峻的市场形势下实现营业收入和新签订单的持续快速增长。 在海外布局方面，2024年逸飞激光在海外多个国家和地区实现设备销售，圆柱全极耳电池量产线交付海外客户。公司还将进一步加大海外市场的拓展力度，并积极拓展海外产业合作伙伴，通过本地化合作快速提升全球营销和服务体系建设，践行从设备出海到全球化的新路径。,0,ST逸飞(SH688646),0,2025-04-03 00:43:12,0,0,0,2600,0,新闻,https://xueqiu.com/S/SH688646/330019402,2026-07-08 16:21:46
330126364,SH688646,ST逸飞,,逸飞激光：逸飞激光关于与关联方共同投资进展暨标的公司工商信息变更并取得营业执照的公告 网页链接,0,ST逸飞(SH688646),0,2025-04-03 09:37:03,0,0,0,2821,0,公告,https://xueqiu.com/S/SH688646/330126364,2026-07-08 16:21:46
330704513,SH688646,ST逸飞,,$逸飞激光(SH688646)$ 物流在涨，去年收购的新聚力是物流软件提供商，可惜没被挖掘,0,保重千千万,1315561626,2025-04-08 03:19:35,1,0,0,18398,0,Android,https://xueqiu.com/1315561626/330704513,2026-07-08 16:21:46
330787567,SH688646,ST逸飞,,逸飞激光：逸飞激光关于第二期以集中竞价交易方式回购公司股份比例达到总股本1%暨回购进展公告 网页链接,0,ST逸飞(SH688646),0,2025-04-08 10:11:02,0,1,0,3260,0,公告,https://xueqiu.com/S/SH688646/330787567,2026-07-08 16:21:46
330963186,SH688646,ST逸飞,,$逸飞激光(SH688646)$ 等你反包上去，四天时间从最高的43.88到今天早上最低的29.7,0,老百姓赢麻了,3497527004,2025-04-09 07:15:26,1,0,0,20257,0,雪球,https://xueqiu.com/3497527004/330963186,2026-07-08 16:21:46
331075010,SH688646,ST逸飞,逸飞激光：4月9日获融资买入1314.92万元，占当日流入资金比例为35.07%,同花顺（300033）数据中心显示，逸飞激光4月9日获融资买入1314.92万元，占当日买入金额的35.07%，当前融资余额1.13亿元，占流通市值的5.95%，超过历史80%分位水平。 交易日期融资买入额融资偿还额融资余额2025-04-0913149246.0013891680.00113201866.002025-04-086455911.007723965.00113944300.002025-04-0714286534.0018622062.00115212354.002025-04-0311827724.0024261688.00119547882.002025-04-0225338679.0020207025.00131981846.00 融券方面，逸飞激光4月9日融券偿还0股，融券卖出0股，按当日收盘价计算，卖出金额0元，融券余额0，低于历史10%分位水平。 交易日期融券卖出额融券偿还额融券余额2025-04-090.000.000.002025-04-080.000.000.002025-04-070.000.000.002025-04-030.000.000.002025-04-020.000.000.00 综上，逸飞激光当前两融余额1.13亿元，较昨日下滑0.65%，两融余额超过历史70%分位水平。 交易日期证券简称融资融券变动融资融券余额2025-04-09逸飞激光-742434.00113201866.002025-04-08逸飞激光-1268054.00113944300.002025-04-07逸飞激光-4335528.00115212354.002025-04-03逸飞激光-12433964.00119547882.002025-04-02逸飞激光5131654.00131981846.00 说明1：融资余额若长期增加时表示投资者心态偏向买方，市场人气旺盛属强势市场，反之则属弱势市场。说明2：买入金额=主动买入特大单金额+主动买入大单金额+主动买入中单金额+主动买入小单金额。 更多两市融资融券请查看融资融券功能>>,0,ST逸飞(SH688646),0,2025-04-10 00:07:52,0,0,0,2376,0,新闻,https://xueqiu.com/S/SH688646/331075010,2026-07-08 16:21:46
331118237,SH688646,ST逸飞,,$逸飞激光(SH688646)$ 34.9加到2W股，今年的希望就在你身上了,0,老百姓赢麻了,3497527004,2025-04-10 02:55:39,2,2,0,21100,0,雪球,https://xueqiu.com/3497527004/331118237,2026-07-08 16:21:46
331170681,SH688646,ST逸飞,逸飞激光：电芯装配设备已应用于固态电池制造领域,同花顺（300033）金融研究中心04月10日讯，有投资者向逸飞激光提问， 董秘您好！请问：1、公司目前在固态电池方面的技术、产品应用情况？2、公司与松山湖材料实验室在固态电池方面的合作目前进展情况包括取得了哪些技术突破或产品应用？谢谢！ 公司回答表示，尊敬的投资者您好，公司电芯装配设备、模组PACK 设备以及整厂智慧物流系统等核心设备均已应用于固态电池制造领域，并与多家头部客户形成销售、合作关系，多个项目已获得客户验收通过。同时，公司与松山湖材料实验室达成战略合作，联合开发固态电池极片加工新工艺、新装备，在超快激光与电池极片微加工领域取得一定突破，有助于加快固态电池关键工艺技术的创新突破与产业化应用。感谢您的关注。 点击进入交易所官方互动平台查看更多,0,ST逸飞(SH688646),0,2025-04-10 07:36:44,0,0,0,2552,0,新闻,https://xueqiu.com/S/SH688646/331170681,2026-07-08 16:21:46
331170831,SH688646,ST逸飞,逸飞激光：公司已推出钙钛矿太阳能电池装备并实现交付,同花顺（300033）金融研究中心04月10日讯，有投资者向逸飞激光提问， 董秘好！公司网站提到与武汉产业创新发展研究院全面战略合作，并提到双方还针对钙钛矿太阳能电池装备、半导体智能装备以及人形机器人等领域探讨了未来持续合作创新的方向。请问：1、公司在钙钛矿太阳能电池装备、半导体智能装备以及人形机器人等领域的技术、产品情况？2、公司与武创院在钙钛矿太阳能电池装备、半导体智能装备以及人形机器人等领域未来的合作方向具体情况？谢谢！ 公司回答表示，尊敬的投资者您好，公司已推出钙钛矿太阳能电池装备、半导体物流系统及设备，并实现了交付。公司与武创院成立合资公司湖北武逸科技有限公司，将重点布局激光与柔性智造相关领域的新兴技术与新兴装备（002933），打造以“用”为导向的创新发展体系，加速公司“激光与智能装备”平台化发展战略升级，赋能双方未来新业务发展。湖北武逸科技有限公司投资设立湖北荆楚人形机器人有限公司，持股比例为35%，截至目前上述公司尚未产生利润，对公司的业绩影响较小，敬请注意投资风险。感谢您的关注。 点击进入交易所官方互动平台查看更多,0,ST逸飞(SH688646),0,2025-04-10 07:37:47,0,0,0,2850,0,新闻,https://xueqiu.com/S/SH688646/331170831,2026-07-08 16:21:46
331170972,SH688646,ST逸飞,逸飞激光：公司全面突破圆柱全极耳电池制造工艺技术难题,同花顺（300033）金融研究中心04月10日讯，有投资者向逸飞激光提问， 近日，行业首条46系列大圆柱全极耳超充宽温电池量产线在宁波正式投产，该产线由逸飞激光提供系统解决方案并实施交付。据电池百人会网站信息，中关村新型电池技术创新联盟秘书长于清教表示，2025年全球大圆柱电池需求将进入百GWh量级。2030年市场需求较2025年将有四五倍的增长空间，对应市场规模进入千亿元级别。请问：1、公司大圆柱全极耳电池工艺、技术的市场地位及专利保护情况？2、大圆柱全极耳电池与固态电池的关系？谢谢！ 公司回答表示，尊敬的投资者您好，公司全面突破了圆柱全极耳电池制造工艺技术难题，首创全极耳成型、全极耳焊接等核心工艺技术，推出了圆柱全极耳电芯装配系列装备，具备高效率、高精度、高良率、高稳定性的特点，适用于直径18-80mm 圆柱全极耳电池的开发与量产应用，且拥有更加完善的专利布局，并获得第三方权威机构认可，产品技术、市场占有率等均处于领先水平，并入选了国家级制造业单项冠军产品。圆柱形是锂电池常见的一种封装形式，具备机械强度高、充放电低膨胀率、高标准化、高一致性等优势，是固态电池重要的封装形式之一，目前已有头部企业在研发并推出“圆柱+固态”技术路径的产品。感谢您的关注。 点击进入交易所官方互动平台查看更多,0,ST逸飞(SH688646),0,2025-04-10 07:38:47,0,0,0,2980,0,新闻,https://xueqiu.com/S/SH688646/331170972,2026-07-08 16:21:46
331171099,SH688646,ST逸飞,逸飞激光：公司是智能激光装备及创新工艺方案的提供商，在人工智能、智能机器人等方面已经形成一定的技...,"同花顺（300033）金融研究中心04月10日讯，有投资者向逸飞激光提问， 董秘您好！近日《武汉市2025年人工智能产业发展行动方案》发布，《行动方案》提出，今年武汉全市将深入实施“人工智能+”行动，推动人工智能技术在武汉市的全面落地。2024年逸飞激光成立了武汉逸智先进技术研究有限公司，经营范围包括人工智能应用软件开发，智能机器人的研发，物联网技术研发等。请问公司在人工智能、机器人方面的研发、技术、产品应用或发展规划情况？谢谢！ 公司回答表示，尊敬的投资者您好，公司是智能激光装备及创新工艺方案的提供商，在人工智能、智能机器人等方面已经形成一定的技术储备，应用于智能化激光装备以及整厂智慧物流解决方案等方面。公司将积极响应武汉“人工智能+”行动,依托逸智先进“技术研发、工程验证、分析测试”为一体的系统创新平台，加强与相关科研院所、高校科研团队和产业链上下游企业的联合创新，通过以“用”为导向的创新体系，同步推进“人工智能+”的技术创新与产业应用，助力公司核心竞争力提升与新业务拓展。感谢您的关注。 点击进入交易所官方互动平台查看更多",0,ST逸飞(SH688646),0,2025-04-10 07:39:47,0,0,0,3030,0,新闻,https://xueqiu.com/S/SH688646/331171099,2026-07-08 16:21:46
331173199,SH688646,ST逸飞,逸飞激光：目前DeepSeek的接入尚在测试阶段，不会对公司经营及业绩产生重大影响,同花顺（300033）金融研究中心04月10日讯，有投资者向逸飞激光提问， 董秘您好！请问贵公司是否已经部署了DeepSeek？如果已经部署了，请问主要应用于哪些具体的业务？公司接入DeepSeek有哪些成本、收益方面的考量？如果公司计划在未来再进行部署，计划将DeepSeek应用于什么具体的业务呢？我们投资者非常期待您的回复，谢谢！ 公司回答表示，尊敬的投资者您好，公司积极接入DeepSeek并进行本地化部署，推进建设激光智能制造相关的垂直领域大模型、搭建私有知识库和智能体，提升创新迭代效率，赋能公司业务发展，并推动企业管理的数字化和智能化升级。目前，DeepSeek的接入尚在测试阶段，不会对公司经营及业绩产生重大影响，敬请注意投资风险。感谢您的关注。 点击进入交易所官方互动平台查看更多,0,ST逸飞(SH688646),0,2025-04-10 07:53:47,0,0,0,2950,0,新闻,https://xueqiu.com/S/SH688646/331173199,2026-07-08 16:21:46
331174362,SH688646,ST逸飞,逸飞激光：公司美国业务收入占整体营收比重很小，美国加征关税政策对公司业务影响较小,同花顺（300033）金融研究中心04月10日讯，有投资者向逸飞激光提问， 近期，美国对中国产品加征关税，请问公司在美国的业务占比如何？关税政策对公司影响大吗？ 公司回答表示，尊敬的投资者您好，公司美国业务收入占整体营收比重很小，美国加征关税政策对公司业务影响较小。感谢您的关注。 点击进入交易所官方互动平台查看更多,0,ST逸飞(SH688646),0,2025-04-10 07:59:19,0,0,0,3661,0,新闻,https://xueqiu.com/S/SH688646/331174362,2026-07-08 16:21:46
331248426,SH688646,ST逸飞,逸飞激光：4月10日获融资买入1413.90万元，占当日流入资金比例为36.92%,同花顺（300033）数据中心显示，逸飞激光4月10日获融资买入1413.90万元，占当日买入金额的36.92%，当前融资余额1.17亿元，占流通市值的5.99%，超过历史90%分位水平。 交易日期融资买入额融资偿还额融资余额2025-04-1014138979.0010314497.00117026348.002025-04-0913149246.0013891680.00113201866.002025-04-086455911.007723965.00113944300.002025-04-0714286534.0018622062.00115212354.002025-04-0311827724.0024261688.00119547882.00 融券方面，逸飞激光4月10日融券偿还0股，融券卖出0股，按当日收盘价计算，卖出金额0元，融券余额0，低于历史10%分位水平。 交易日期融券卖出额融券偿还额融券余额2025-04-100.000.000.002025-04-090.000.000.002025-04-080.000.000.002025-04-070.000.000.002025-04-030.000.000.00 综上，逸飞激光当前两融余额1.17亿元，较昨日上升3.38%，两融余额超过历史70%分位水平。 交易日期证券简称融资融券变动融资融券余额2025-04-10逸飞激光3824482.00117026348.002025-04-09逸飞激光-742434.00113201866.002025-04-08逸飞激光-1268054.00113944300.002025-04-07逸飞激光-4335528.00115212354.002025-04-03逸飞激光-12433964.00119547882.00 说明1：融资余额若长期增加时表示投资者心态偏向买方，市场人气旺盛属强势市场，反之则属弱势市场。说明2：买入金额=主动买入特大单金额+主动买入大单金额+主动买入中单金额+主动买入小单金额。 更多两市融资融券请查看融资融券功能>>,0,ST逸飞(SH688646),0,2025-04-11 00:07:54,0,0,0,4077,0,新闻,https://xueqiu.com/S/SH688646/331248426,2026-07-08 16:21:46
331876126,SH688646,ST逸飞,逸飞激光：目前新聚力半导体AMHS系统的部分核心设备已形成批量订单,同花顺（300033）金融研究中心04月16日讯，有投资者向逸飞激光提问， 请问公司半导体AMHS系统设备的订单情况？目前国内半导体AMHS系统设备是否存在国产替代机会？公司如何把握半导体AMHS系统设备的国产替代机会？谢谢！ 公司回答表示，尊敬的投资者您好，目前新聚力半导体AMHS系统的部分核心设备已形成批量订单。随着大尺寸晶圆厂的建设，AMHS被广泛应用，市场规模高速增长，根据SEMI数据显示，2015—2022年全球AMHS市场复合增长率24%，预计2025年全球AMHS市场规模将达到39.2亿美元；目前，海外企业占据主要市场份额，国产替代空间巨大，公司将会积极把握机遇，加大市场拓展力度，同时加大研发投入，持续推动产品迭代升级，以满足国产替代的需求，打造新的业绩增长点。感谢您的关注。 点击进入交易所官方互动平台查看更多,0,ST逸飞(SH688646),0,2025-04-16 09:27:17,0,0,0,4583,0,新闻,https://xueqiu.com/S/SH688646/331876126,2026-07-08 16:21:46
331884724,SH688646,ST逸飞,逸飞激光：公司高度重视投资者回报合理制定利润分配方案积极回馈投资者,证券之星消息，逸飞激光(688646)04月16日在投资者关系平台上答复投资者关心的问题。投资者：董秘您好！公司基本面良好，资本公积金较多，建议年度分红方案中考虑10转10股，以提高二级市场流动性。谢谢！逸飞激光董秘：尊敬的投资者您好，感谢您的关注和建议，公司高度重视投资者回报，将会综合公司生产经营、盈利水平、发展规划等因素，合理制定利润分配方案，积极回馈投资者。具体情况请关注公司后续披露的定期报告及相关公告。谢谢！以上内容为证券之星据公开信息整理，由智能算法生成（网信算备310104345710301240019号），不构成投资建议。,0,证券之星财经,5187193467,2025-04-16 10:40:57,0,0,0,13710,0,雪球,https://xueqiu.com/5187193467/331884724,2026-07-08 16:21:46
332395858,SH688646,ST逸飞,,逸飞激光：逸飞激光关于控股子公司签订日常经营重要合同的自愿披露公告 网页链接,0,ST逸飞(SH688646),0,2025-04-21 08:57:01,0,0,0,2554,0,公告,https://xueqiu.com/S/SH688646/332395858,2026-07-08 16:21:44
332397697,SH688646,ST逸飞,逸飞激光：控股子公司签订1.54亿元合同,每经AI快讯，4月21日，逸飞激光(688646.SH)公告称，公司控股子公司无锡新聚力科技有限公司与国内某锂电头部企业签订了《购销合同》，总金额为1.54亿元（含税），占公司2023年度经审计营业收入的22.06%。 每日经济新闻,0,每日经济新闻,4642157440,2025-04-21 09:10:09,0,3,0,14225,0,雪球,https://xueqiu.com/4642157440/332397697,2026-07-08 16:21:44
332671007,SH688646,ST逸飞,逸飞激光与金羽新能签署战略合作协议,每经AI快讯，2025年4月22日，逸飞激光与金羽新能签署战略合作协议。双方将在前期全固态电池合作开发的基础上，围绕全极耳固态电池、方形铝壳固态电池的设备研发、工艺优化、市场推广、产业链协同等方面展开全方位的战略合作。 每日经济新闻,0,每日经济新闻,4642157440,2025-04-23 03:00:16,0,0,0,15206,0,雪球,https://xueqiu.com/4642157440/332671007,2026-07-08 16:21:44
332723257,SH688646,ST逸飞,产业协同创新，固态电池商业化“大提速”,"作为极具前景的下一代电池技术，固态电池具备令人惊叹的能量密度和优异的高安全性能，未来市场应用潜力巨大，已成为全球新能源企业技术竞逐的焦点。 截至目前，包括比亚迪、长安、东风、吉利、蔚来、上汽、广汽、丰田、现代等车企，以及宁德时代、亿纬锂能、LG新能源、国轩高科、欣旺达、正力新能、孚能科技、瑞浦兰钧、力神电池、远景动力、比克电池、当升科技、恩捷股份、天赐材料、逸飞激光等众多电池厂商和材料、设备企业，都在发力固态电池。 近期，固态电池领域不断传来好消息。4月10日，上汽集团在2025“上汽之夜”发布会上宣布，上汽新一代固态电池将于今年底在全新MG4上量产应用，2027年上汽首款全固态电池“光启电池”将实现落地。 4月22日，逸飞激光与金羽新能签署战略合作协议，双方将在前期全固态电池合作开发的基础上，围绕全极耳固态电池、方形铝壳固态电池的设备研发、工艺优化、市场推广、产业链协同等方面展开全方位的战略合作。 逸飞激光将充分发挥“技术研发-工程转化-分析测试”一体化平台优势，为金羽新能提供从产品研发到落地的全周期技术支持，协助其完成全新固态电池产品极片段后工序的设备开发、优化及工艺定型。金羽新能将协同逸飞激光开展固态电池智能制造关键设备的开发，优化全极耳固态电池、方形铝壳固态电池的产品方案，打通全链条标准智造，加速固态电池商业化进程。 在整个新能源产业链企业的协同创新共同努力下，固态电池技术和制造工艺不断取得突破，量产装车落地和产业化进程不断加快。01广阔市场空间与技术挑战 目前，不少企业都给出了固态电池量产时间表。 宁德时代计划在2027年左右小批量生产全固态电池，目前已建立10Ah级全固态电池验证平台;比亚迪计划2027年左右启动全固态电池批量示范装车应用，2030年后实现大规模上车;长安汽车预计，其金钟罩全固态电池将在今年年底前实现功能样车首发，2026年实现固态电池装车验证，2027年推进全固态电池逐步量产。 相比传统的液态锂电池，固态电池具有高能量密度和高安全性等诸多优势，对液态电池形成碾压之势。受限于材料体系，液态锂电池能量密度已接近理论天花板，难以进一步提升。而固态电池的能量密度可轻松达到350Wh/kg以上，甚至500Wh/kg以上。 由于采用固态电解质替代传统液态电解液，固态电池拥有极为出色的安全性能。固态电解质一方面具备传导离子和隔绝电极的功能,另一方面其固态的特性也让电池在结构上更加稳定，具备耐高温、不可燃、无泄漏等特性，有望从根本上解决热失控风险。 固态电池应用前景非常广阔。据中银证券预测，2025年和2030年全球固态电池需求量将分别达到44.2GWh和494.9GWh。国海证券认为，未来全球固态电池出货量将高速增长，到2030年市场空间有望达到1500亿元以上。 不过值得注意的是，虽然固态电池量产进程不断加快，但现阶段仍存在多项关键技术和工艺难题尚未攻克，比如在高性能电极、复合电解质膜、高稳定性界面和制造工艺方面面临着巨大的挑战。业内人士指出，固态电池不是一家企业或一个研发机构单打独斗能完成的。从整个产业的角度来看，要支持联合创新的尝试。02产业链协同创新是必由之路 攻克固态电池大规模商业化的技术堡垒，需要全产业链的协同创新。目前国内不少锂电材料、设备厂商与下游新能源车企、电池企业客户合作，积极布局固态电池材料和设备的研发，协同推动固态电池产业化进程。 高镍和超高镍材料更能发挥高能量密度的性能优势，是目前固态电池正极材料的主流研发路线之一。据了解，当升科技开发的固态电池专用双相复合超高镍正极材料，采用超稳定快离子导体修饰技术，可以解决固态电解质与正极材料界面阻抗大、副反应严重等难题;采用新一代双相复合工艺，可以解决超高镍正极材料安全性差、产气严重等实用化问题。 对于全固态电池而言，目前国内主要汽车和电池企业，大多数都开始聚焦硫化物电解质技术路线。恩捷股份预计，2026年-2027年底建成千吨级硫化锂量产线，建成千吨级硫卤化物固态电解质量产线，实现超薄硫卤化物电解质批量生产;天赐材料开发出硫化锂路线的固态电解质，目前其硫化物路线的固态电解质处于中试阶段，现阶段主要配合下游电池客户做材料技术验证。 作为一种颠覆性的技术，固态电池对生产设备提出了新的更高要求。作为行业领先的精密激光加工智能装备供应商，逸飞激光积极协同产业链企业，加快固态电池工艺创新突破与产业化应用。除了与金羽新能源展开合作外，去年10月逸飞激光还与松山湖材料实验室签署协议，双方在固态电池电极关键工艺和装备领域协力合作。 目前，逸飞激光已针对固态电池封装技术与装备进行了系统开发，实现了固态电池电芯装配、模组PACK及智慧物流系统等装备的客户交付与应用。同时，公司开发了高动态激光加工技术、激光加工质量闭环监测系统、精准定制激光调质系统等新技术，率先将激光微加工技术用于固态电池的极片涂层表面处理、激光极片快速干燥等工艺，有助于降低固态电池电解液质量分数、优化NP比。 当下固态电池正处于产业迅速发展的关键时期，虽然过去几年在很多关键技术和工艺方面取得突破，但要实现大规模商业化装车仍需克服不少挑战，加强产业链协同是实现商业化落地的必由之路。",0,用户3105890754,3105890754,2025-04-23 08:13:46,0,0,0,31015,2,雪球,https://xueqiu.com/3105890754/332723257,2026-07-08 16:21:44
332847080,SH688646,ST逸飞,,$逸飞激光(SH688646)$ 人人对你不看好，偏偏你最不争气,0,保重千千万,1315561626,2025-04-24 03:24:15,3,2,0,15325,0,Android,https://xueqiu.com/1315561626/332847080,2026-07-08 16:21:44
332927276,SH688646,ST逸飞,冲刺固态电池交付，装备与技术协同纵深,6月会议预告 2025高工钠电产业峰会 主办单位：高工钠电、高工产业研究院（GGII） 总冠名：众钠能源 会议时间：6月9日 会议地点：苏州香格里拉大酒店（苏州虎丘区塔园路168号） 2025高工固态电池 技术与应用峰会 主办单位：高工锂电、高工储能、高工产业研究院（GGII） 总冠名：利元亨 会议时间：6月10日 会议地点：苏州香格里拉大酒店（苏州虎丘区塔园路168号） 2024年以来，固态电池产业化按下“加速键”。其中，装备与技术的深度协同是最为明显的表现。 4月22日，逸飞激光与金羽新能签署战略合作协议。双方将基于此前的固态电池合作，围绕全极耳固态电池、方形铝壳固态电池的设备研发、工艺优化、市场推广、产业链协同等方面进一步展开全方位的战略合作。 此前，四川新能源汽车创新中心有限公司——欧阳明高院士工作站与纳科诺尔、海目星与欣界能源、璞泰来与中科固能、璞泰来与恩力动力等等都达成类似的战略合作，以求攻克固态电池生产工艺难题、加快其量产落地。 而固态电池技术与装备谋求深度协同背后，是固态电池走向应用市场、落地商用的迫切心情。 固态电池冲击多场景商用 此前，业内对于固态电池存在技术抢跑的焦虑，在“电池终极形态”的呼声下，各种阶段性成果频繁释出。从产业成果中可以看出固态电池材料体系形成清晰的路径分野，固态电池企业以各自路径推进产业化。相比之下，固态电池实际惠及终端的消息并不多见。 而在并不多见的固态电池实际订单中，通常以无人机、eVTOL、物流车等小型移动终端为切口，企业订单金额可达千万元级别，市场前景可观。本次逸飞激光的合作方，金羽新能“无际”无负极准固态电池、“扶摇”高能量密度半固态电池、“万山”超快充半固态电池已批量导入上述市场，并实现过亿元交付。 同时，船舶、商用车、储能领域，也开始有固态电池装机的消息，多元场景的市场需求下，固态电池企业进入交付冲刺。 金羽新能目前已具备2GWh固态电池产能，预计在2025年实现满产。此外，清陶能源、卫蓝新能源、辉能科技、鹏辉能源、中固时代、合源锂创、冠盛东驰等固态电池企业都规划了GWh规模的产能，不少规模已达10GWh量级。 整体看来，在2024年产业产能规划已达百GWh级别。按照各家企业节奏，2025年将陆续爬产放量。 GWh级量产线跑通以后 而随着固态电池产能的放大，跑通GWh级固态电池量产线外，还得跑出效率、良率，更有机会率先赢得市场。据悉，固态电池产线良率与节拍与传统锂电产业仍存在差距，尤其，良率不高成为固态电池企业目前的困扰（约80%～90%）。 固态电池产线仍距离成熟还有一段距离。例如，在材料环节，需要精确控制原料的配比和混合均匀性，以保证固态电解质的性能稳定；在电芯环节，需解决电极与电解质之间的界面问题，如采用热压技术提高电极与电解质的接触面积和紧密程度。 装备与技术的深度协同战略紧迫性提升。 以逸飞激光与金羽新能的合作为例，目前，逸飞激光已针对固态电池封装技术与装备进行了系统开发，实现了固态电池电芯装配、模组PACK及智慧物流系统等装备的客户交付与应用。 同时，逸飞激光开发了高动态激光加工技术、激光加工质量闭环监测系统、精准定制激光调质系统等新技术，率先将激光微加工技术用于固态电池的极片涂层表面处理、激光极片快速干燥等工艺，有助于降低固态电池电解液质量分数、优化NP比。 双方合作中，逸飞激光将充分发挥其“技术研发-工程转化-分析测试”一体化平台优势，为金羽新能提供全周期技术支持。 工艺层面，在固态电池极片成型的难点，逸飞激光将协助金羽新能完成全新固态电池产品极片段后工序的设备开发、优化及工艺定型。 产品层面，双方将开展固态电池智能制造关键设备的开发，优化全极耳固态电池、方形铝壳固态电池的产品方案。 制造层面，在同等技术及商务条件下，金羽新能将优先向逸飞激光采购锂电池生产设备，合作打造固态电池智造标杆工厂，以打通全链条标准智造，降低生产成本。 据悉，逸飞激光与金羽新能已经就全固态电池与装备开发进行了合作，相关产品将于近期交付。而基于以上各维度的合作，双方可打通“体系构建-装备研发-工艺创新-场景验证”的产业闭环，推动固态电池快步走向市场。 声明： 往期精彩 ■ 铁锂狂奔、三元式微，全球动力电池市场“变局” ■ 地球日承诺：锂电加速迈向零碳运营 ■ 攻关成本、良率瓶颈 复合集流体产业化何时到来？,0,高工锂电,7862386466,2025-04-24 11:10:36,0,1,0,22058,1,雪球,https://xueqiu.com/7862386466/332927276,2026-07-08 16:21:44
333268495,SH688646,ST逸飞,,逸飞激光：逸飞激光关于延期披露2024年年度报告及2025年第一季度报告的公告 网页链接,0,ST逸飞(SH688646),0,2025-04-27 07:38:40,2,0,0,4206,0,公告,https://xueqiu.com/S/SH688646/333268495,2026-07-08 16:21:44
333686603,SH688646,ST逸飞,,逸飞激光：2024年度独立董事述职报告（潘红波） 网页链接,0,ST逸飞(SH688646),0,2025-04-29 14:14:59,0,0,0,2259,0,公告,https://xueqiu.com/S/SH688646/333686603,2026-07-08 16:21:44
333686605,SH688646,ST逸飞,,逸飞激光：逸飞激光2024年非经营性资金占用及其他关联资金往来情况 网页链接,0,ST逸飞(SH688646),0,2025-04-29 14:15:00,0,0,0,2293,0,公告,https://xueqiu.com/S/SH688646/333686605,2026-07-08 16:21:44
333686606,SH688646,ST逸飞,,逸飞激光：逸飞激光2024年度内部控制评价报告 网页链接,0,ST逸飞(SH688646),0,2025-04-29 14:15:01,0,0,0,2316,0,公告,https://xueqiu.com/S/SH688646/333686606,2026-07-08 16:21:44
333686607,SH688646,ST逸飞,,逸飞激光：逸飞激光2024年年度报告 网页链接,0,ST逸飞(SH688646),0,2025-04-29 14:15:02,0,0,0,2623,0,公告,https://xueqiu.com/S/SH688646/333686607,2026-07-08 16:21:44
333686610,SH688646,ST逸飞,,逸飞激光：逸飞激光董事会关于公司2024年度非标准审计意见和否定意见内控审计报告涉及事项的专项说明 网页链接,0,ST逸飞(SH688646),0,2025-04-29 14:15:03,0,0,0,2443,0,公告,https://xueqiu.com/S/SH688646/333686610,2026-07-08 16:21:44
333686613,SH688646,ST逸飞,,逸飞激光：逸飞激光监事会对《董事会关于公司2024年度非标准审计意见和否定意见内控审计报告涉及事项的专项说明》意见 网页链接,0,ST逸飞(SH688646),0,2025-04-29 14:15:04,0,0,0,2450,0,公告,https://xueqiu.com/S/SH688646/333686613,2026-07-08 16:21:44
333686617,SH688646,ST逸飞,,逸飞激光：逸飞激光2024年度董事会审计委员会履职情况报告 网页链接,0,ST逸飞(SH688646),0,2025-04-29 14:15:05,0,0,0,2460,0,公告,https://xueqiu.com/S/SH688646/333686617,2026-07-08 16:21:44
333686618,SH688646,ST逸飞,,逸飞激光：逸飞激光2024年内部控制审计报告 网页链接,0,ST逸飞(SH688646),0,2025-04-29 14:15:05,0,0,0,2489,0,公告,https://xueqiu.com/S/SH688646/333686618,2026-07-08 16:21:44
333686620,SH688646,ST逸飞,,逸飞激光：逸飞激光董事会关于独立董事独立性情况的专项意见 网页链接,0,ST逸飞(SH688646),0,2025-04-29 14:15:06,0,0,0,2509,0,公告,https://xueqiu.com/S/SH688646/333686620,2026-07-08 16:21:44
333686623,SH688646,ST逸飞,,逸飞激光：逸飞激光2024年度会计师事务所的履职情况评估报告及审计委员会履行监督职责情况报告 网页链接,0,ST逸飞(SH688646),0,2025-04-29 14:15:07,0,0,0,2558,0,公告,https://xueqiu.com/S/SH688646/333686623,2026-07-08 16:21:44
333686624,SH688646,ST逸飞,,逸飞激光：2024年度独立董事述职报告（邵泽宁） 网页链接,0,ST逸飞(SH688646),0,2025-04-29 14:15:07,0,0,0,2598,0,公告,https://xueqiu.com/S/SH688646/333686624,2026-07-08 16:21:44
333686627,SH688646,ST逸飞,,逸飞激光：逸飞激光2024年年度报告摘要 网页链接,0,ST逸飞(SH688646),0,2025-04-29 14:15:07,0,0,0,2897,0,公告,https://xueqiu.com/S/SH688646/333686627,2026-07-08 16:21:44
333686628,SH688646,ST逸飞,,逸飞激光：2024年度独立董事述职报告（杨克成） 网页链接,0,ST逸飞(SH688646),0,2025-04-29 14:15:07,0,0,0,2655,0,公告,https://xueqiu.com/S/SH688646/333686628,2026-07-08 16:21:41
333686632,SH688646,ST逸飞,,逸飞激光：逸飞激光信息披露暂缓与豁免业务管理制度 网页链接,0,ST逸飞(SH688646),0,2025-04-29 14:15:08,0,0,0,2693,0,公告,https://xueqiu.com/S/SH688646/333686632,2026-07-08 16:21:41
333686633,SH688646,ST逸飞,,逸飞激光：关于对逸飞激光2024年度财务报表出具保留意见审计报告的专项说明 网页链接,0,ST逸飞(SH688646),0,2025-04-29 14:15:08,0,0,0,2884,0,公告,https://xueqiu.com/S/SH688646/333686633,2026-07-08 16:21:41
333686634,SH688646,ST逸飞,,逸飞激光：逸飞激光关于股票被实施其他风险警示暨股票停牌的公告 网页链接,0,ST逸飞(SH688646),0,2025-04-29 14:15:08,0,0,0,3050,0,公告,https://xueqiu.com/S/SH688646/333686634,2026-07-08 16:21:41
333686635,SH688646,ST逸飞,,逸飞激光：逸飞激光2024年度提质增效回报专项行动方案的评估报告暨2025年度提质增效重回报专项行动方案 网页链接,0,ST逸飞(SH688646),0,2025-04-29 14:15:09,0,0,0,2915,0,公告,https://xueqiu.com/S/SH688646/333686635,2026-07-08 16:21:41
333686637,SH688646,ST逸飞,,逸飞激光：逸飞激光关于续聘2025年度会计师事务所的公告 网页链接,0,ST逸飞(SH688646),0,2025-04-29 14:15:09,0,0,0,2927,0,公告,https://xueqiu.com/S/SH688646/333686637,2026-07-08 16:21:41
333686640,SH688646,ST逸飞,,逸飞激光：民生证券股份有限公司关于武汉逸飞激光股份有限公司2024年度募集资金存放与实际使用情况的专项核查意见 网页链接,0,ST逸飞(SH688646),0,2025-04-29 14:15:09,0,0,0,3074,0,公告,https://xueqiu.com/S/SH688646/333686640,2026-07-08 16:21:41
333686641,SH688646,ST逸飞,,逸飞激光：逸飞激光关于2024年度利润分配方案的公告 网页链接,0,ST逸飞(SH688646),0,2025-04-29 14:15:10,0,0,0,3111,0,公告,https://xueqiu.com/S/SH688646/333686641,2026-07-08 16:21:41
333686643,SH688646,ST逸飞,,逸飞激光：逸飞激光2025年第一季度报告 网页链接,0,ST逸飞(SH688646),0,2025-04-29 14:15:10,0,0,0,3429,0,公告,https://xueqiu.com/S/SH688646/333686643,2026-07-08 16:21:41
333686645,SH688646,ST逸飞,,逸飞激光：逸飞激光关于2024年度募集资金存放与实际使用情况的专项报告 网页链接,0,ST逸飞(SH688646),0,2025-04-29 14:15:10,0,0,0,3193,0,公告,https://xueqiu.com/S/SH688646/333686645,2026-07-08 16:21:41
333686648,SH688646,ST逸飞,,逸飞激光：逸飞激光关于预计2025年度公司及子公司申请综合授信额度并提供担保的公告 网页链接,0,ST逸飞(SH688646),0,2025-04-29 14:15:11,0,0,0,3212,0,公告,https://xueqiu.com/S/SH688646/333686648,2026-07-08 16:21:41
333686649,SH688646,ST逸飞,,逸飞激光：逸飞激光2024年度业绩快报更正公告 网页链接,0,ST逸飞(SH688646),0,2025-04-29 14:15:11,0,0,0,3349,0,公告,https://xueqiu.com/S/SH688646/333686649,2026-07-08 16:21:41
333686653,SH688646,ST逸飞,,逸飞激光：逸飞激光关于召开2024年年度股东大会的通知 网页链接,0,ST逸飞(SH688646),0,2025-04-29 14:15:11,0,0,0,3575,0,公告,https://xueqiu.com/S/SH688646/333686653,2026-07-08 16:21:41
333686654,SH688646,ST逸飞,,逸飞激光：逸飞激光第二届监事会第八次会议决议公告 网页链接,0,ST逸飞(SH688646),0,2025-04-29 14:15:11,0,0,0,3671,0,公告,https://xueqiu.com/S/SH688646/333686654,2026-07-08 16:21:41
333686655,SH688646,ST逸飞,,逸飞激光：逸飞激光关于参加2024年度科创板电池行业集体业绩说明会暨召开2025年第一季度业绩说明会的公告 网页链接,0,ST逸飞(SH688646),0,2025-04-29 14:15:12,0,0,0,3760,0,公告,https://xueqiu.com/S/SH688646/333686655,2026-07-08 16:21:41
333686656,SH688646,ST逸飞,,逸飞激光：逸飞激光关于会计政策变更的公告 网页链接,0,ST逸飞(SH688646),0,2025-04-29 14:15:12,0,0,0,3822,0,公告,https://xueqiu.com/S/SH688646/333686656,2026-07-08 16:21:41
333686658,SH688646,ST逸飞,,逸飞激光：逸飞激光关于与关联方共同投资进展暨标的公司股权转让变更完成的公告 网页链接,0,ST逸飞(SH688646),0,2025-04-29 14:15:12,0,0,0,3960,0,公告,https://xueqiu.com/S/SH688646/333686658,2026-07-08 16:21:41
333686659,SH688646,ST逸飞,,逸飞激光：逸飞激光关于2024年度计提资产减值准备的公告 网页链接,0,ST逸飞(SH688646),0,2025-04-29 14:15:12,0,0,0,4156,0,公告,https://xueqiu.com/S/SH688646/333686659,2026-07-08 16:21:41
333686662,SH688646,ST逸飞,,逸飞激光：民生证券股份有限公司关于武汉逸飞激光股份有限公司及子公司申请综合授信额度及为子公司提供担保的核查意见 网页链接,0,ST逸飞(SH688646),0,2025-04-29 14:15:13,0,0,0,4256,0,公告,https://xueqiu.com/S/SH688646/333686662,2026-07-08 16:21:41
333686695,SH688646,ST逸飞,,逸飞激光：逸飞激光关于2024年度募集资金存放与实际使用情况专项报告的鉴证报告 网页链接,0,ST逸飞(SH688646),0,2025-04-29 14:15:20,0,0,0,4371,0,公告,https://xueqiu.com/S/SH688646/333686695,2026-07-08 16:21:41
333687200,SH688646,ST逸飞,,逸飞激光：逸飞激光2024年年度审计报告 网页链接,0,ST逸飞(SH688646),0,2025-04-29 14:18:28,0,0,0,4436,0,公告,https://xueqiu.com/S/SH688646/333687200,2026-07-08 16:21:39
333689577,SH688646,ST逸飞,逸飞激光：5月6日起股票被实施其他风险警示,【逸飞激光：5月6日起股票被实施其他风险警示】财联社4月29日电，逸飞激光(688646.SH)公告称，因立信会计师事务所出具的内部控制审计报告和财务报表审计报告被出具否定意见和保留意见，公司股票自2025年4月30日开市起停牌1天，将于2025年5月6日开市起复牌。实施其他风险警示后，公司A股简称变更为“ST逸飞”，扩位简称变更为“ST逸飞激光”，股票不进入上海证券交易所风险警示板交易，涨跌幅不变仍为20%。投资者当日通过竞价交易、大宗交易和盘后固定价格交易累计买入的公司股票数量不得超过50万股。,0,财联社,7437424816,2025-04-29 14:30:14,0,2,0,18872,0,雪球,https://xueqiu.com/7437424816/333689577,2026-07-08 16:21:39
333690086,SH688646,ST逸飞,,"逸飞激光：关于武汉逸飞激光股份有限公司2024年度审计报告保留意见、内控审计报告否定意见相关事项的监管工作函上市公司,董事,监事,高级管理人员,中介机构及其相关人员 网页链接",0,ST逸飞(SH688646),0,2025-04-29 14:33:07,0,0,0,4847,0,公告,https://xueqiu.com/S/SH688646/333690086,2026-07-08 16:21:39
333691105,SH688646,ST逸飞,逸飞激光最新公告：5月6日起股票被实施其他风险警示,逸飞激光(688646.SH)公告称，因立信会计师事务所出具的内部控制审计报告和财务报表审计报告被出具否定意见和保留意见，公司股票自2025年4月30日开市起停牌1天，将于2025年5月6日开市起复牌。实施其他风险警示后，公司A股简称变更为“ST逸飞”，扩位简称变更为“ST逸飞激光”，股票不进入上海证券交易所风险警示板交易，涨跌幅不变仍为20%。投资者当日通过竞价交易、大宗交易和盘后固定价格交易累计买入的公司股票数量不得超过50万股。以上内容为证券之星据公开信息整理，由AI算法生成（网信算备310104345710301240019号），不构成投资建议。,0,证券之星财经,5187193467,2025-04-29 14:40:15,0,1,0,12182,0,雪球,https://xueqiu.com/5187193467/333691105,2026-07-08 16:21:39
333694323,SH688646,ST逸飞,,逸飞激光算是很差的了，即将ST，但估值都有30亿,0,流畅的致富小电车,7533923140,2025-04-29 15:03:28,0,0,0,13641,0,Android,https://xueqiu.com/7533923140/333694323,2026-07-08 16:21:39
333694734,SH688646,ST逸飞,,$逸飞激光(SH688646)$ 没想到公司造假业绩快报都能向下大幅修正 80%,0,目目分分,1314859924,2025-04-29 15:06:55,0,3,0,18437,0,雪球,https://xueqiu.com/1314859924/333694734,2026-07-08 16:21:39
333736585,SH688646,ST逸飞,,$逸飞激光(SH688646)$ 这股居然能暴雷，疑似关联交易套取募投资金，内控否认被ST，加入关注观望几个月先，看看明年有没有摘帽行情。,0,积微陈著,3293352184,2025-04-30 01:57:14,3,7,0,50571,2,Android,https://xueqiu.com/3293352184/333736585,2026-07-08 16:21:39
333747339,SH688646,ST逸飞,,"$逸飞激光(SH688646)$ （一）保留意见审计报告涉及事项 逸飞激光的募投项目逸飞激光锂电激光智造装备三期基地项目及精密激光焊接与智能化装备工程研究中心建设项目的总包方将该项目的部分土建和劳务分包给河南传众建筑工程有限公司（以下简称“传众公司”），分包合同金额合计 7,000.00 万元。截至 2024 年 12 月 31 日，总包方通过资金指定代付方式委托逸飞激光向传众公司支付 5,100.00 万元。传众公司提供的资金支付资料显示，传众公司收到前述款项后，将其中的 4,845.00 万元支付给武汉柒宝合烁智能技术有限公司（以下简称“柒宝公司”），柒宝公司又将其中的4,533.99 万元支付给逸飞激光的 6 家客户，83.00 万元支付给 1 家其他公司。逸飞激光未能就上述情形提供合理解释和支持性资料，因此，我们无法就上述逸飞激光支付款项的性质以及上述收付款单位与逸飞激光是否存在潜在的关联方关系和关联交易获取充分、适当的审计证据，也无法确定该事项对逸飞激光财务报表可能产生的影响。（二）否定意见内控审计报告涉及事项 逸飞激光按照募投项目总包方的资金指定代付委托，向募投项目的分包方支付资金 5,100 万元, 其中 4,533.99 万元流向了逸飞激光的6 家客户。逸飞激光未能就上述情形提供合理解释和支持性资料。这种情况表明逸飞激光与募集资金管理及收入确认相关的内部控制存在重大缺陷。这是以前房地产企业通过施工方进行资金占用的老套路，预付或结算工程款，将资金打工施工方或总包方，然后总包方再通过第三方打给老板的关联公司，形成资金占用。没想到20多年过去了，公司还在玩这一套。如果是资金占用，问题可能还小一点，又打给了客户，如果客户再把资金打回给公司，核销应收账款，那就是真正的业绩造假了。虽然这个内控否定让我很动心，但一旦坐实业绩造假，证监会定会立案调查。目前看证监局一定会启动调查程序，凶多吉少，先看看情况。",0,江月楼,1605946057,2025-04-30 02:34:04,13,7,0,35370,7,雪球,https://xueqiu.com/1605946057/333747339,2026-07-08 16:21:39
333759372,SH688646,ST逸飞,,"$帕瓦股份(SH688184)$ 浙江证监局还是下手很轻，这么严重的问题都只是警示函，正常应该都立案调查了，像思科瑞之类的企业肯定都喊不服啊。1. 向供应商多付工程及设备款 本期公司经自查确认，公司 2023 年度存在与供应商交易价格不公允的情形，累计向部分供应商多支付工程及设备款 18,000 万元。公司对自查发现的上述问题采用追溯重述法进行了更正。公司实际控制人张宝出具承诺，将对相关供应商未归还的多付工程及设备款承担连带赔偿责任。截至本财务报表批准对外报出日，相关供应商尚未归还上述多付的工程及设备款。另外公司还存在虚增营业收入、少提存货跌价准备、虚增在建工程、印章使用管理不规范等问题。它的这个做法，跟$逸飞激光(SH688646)$ 是一个套路，也是通过在建工程、固定资产科目出去的。至于虚的营业收入，也保不齐这笔钱是给了某些客户，做了个闭环。因此今年会计师审计：2、形成保留意见的基础 (一) 如财务报表附注十四(一)1 所述，帕瓦股份公司经自查确认，存在与供应商交易价格不公允的情形，累计向部分供应商多支付工程及设备款18,000万元。帕瓦股份公司实际控制人张宝出具承诺，将对相关供应商未归还的多付工程及设备款承担连带赔偿责任。截至审计报告日，相关供应商尚未归还上述多付的工程及设备款。我们无法就上述事项获取充分、适当的审计证据，也无法确定上述事项对帕瓦股份公司其他应收款、存货、在建工程、固定资产、营业成本、资产减值损失等项目可能产生的影响，以及是否存在关联方资金占用的情形。(二) 如财务报表附注十四(一)2 所述，帕瓦股份公司于2025 年3 月25日收到中国证券监督管理委员会浙江监管局下达的《关于对浙江帕瓦新能源股份有限公司及相关人员采取出具警示函措施的决定》（〔2025〕48 号，以下简称《警示函》）。帕瓦股份公司对《警示函》指出的虚增营业收入、少计提存货跌价准备、虚增在建工程等问题进行了自查，采用追溯重述法对2023 年度财务报表进行了更正。我们无法就上述前期差错更正事项获取充分、适当的审计证据，以确定上述前期差错更正事项的完整性和金额的准确性。内控也是个否定意见。到了这一步，我估计证监会也会立案调查了，金额不小了。接着看看戏。",0,江月楼,1605946057,2025-04-30 03:25:49,14,6,1,50366,3,雪球,https://xueqiu.com/1605946057/333759372,2026-07-08 16:21:39
333789414,SH688646,ST逸飞,逸飞激光：持续聚焦主业夯实核心竞争力 2025年一季度营收同比增长97.61%,本报讯 （记者李万晨曦）4月29日晚间，逸飞激光发布2024年年报和2025年一季报。2024年，公司持续聚焦主业，全面启动“激光+智能装备”平台化升级发展战略，加大研发投入，积极拓展新技术、新产品、新应用、新市场，加速全球化发展步伐。受锂电池市场需求放缓，行业竞争加剧的影响，2024年公司实现营业收入6.92亿元，实现归属于上市公司股东的净利润2432.62万元。2025年第一季度，公司实现营收2.36亿元，同比增长97.61%；归属于上市公司股东的净利润907.73万元。其中，一季度营收实现大幅增长，主要系智慧物流业务收入增加。财报显示，2024年，公司聚焦新能源电池主业，进一步加强研发创新，完善产品布局。在新能源电池装备领域，公司全新推出了高速磁悬浮全极耳大圆柱电池装配线、方形电池高速装配线、方形电池CTP模组全自动生产线、新型电芯结构件装配线、钠离子电池智能装备、固态/半固态智能装备等新产品。其中，在圆柱电池装备方面，公司围绕核心技术、量产装备、市场应用等构建了全面领先优势，推出了直线、转盘、环形、转塔、高速磁悬浮等不同装备形式的全系列装备，效率覆盖25-360PPM，全面用于直径18mm、21mm、32mm、40mm、46mm、60mm等全系列圆柱全极耳电池量产应用，以满足圆柱电池加速量产的市场需求。值得一提的是，报告期内，公司圆柱电池设备订单大幅增长，圆柱全极耳电池系列装备全面量产出货，46系大圆柱全极耳电池智能装备实现批量交付。在模组PACK装备领域，公司基于市场多元化需求特征，推出了单机、工作站、半自动产线、全自动产线到电池系统组装整厂解决方案的模组PACK全系列产品和服务，实现不同规格圆柱、方形、软包电池模组PACK的多样化、高效率、高质量生产，报告期内，公司方形电池CTP模组全自动生产线凭借其智能化、柔性化特征，也获得国内外客户的广泛认可，并出口至欧美、亚洲等多元市场。与此同时，2024年公司通过战略并购无锡新聚力科技有限公司（以下简称“新聚力”），拓展智慧物流、半导体业务版图。随着双方业务的深度融合，新聚力发布东风系列AMHS系统产品，包含天车搬运系统（OHT）、高速塔式提升机（Tower）以及线边密集库（Stocker）等核心设备，部分设备已实现了国产替代，能够满足国内外客户的多元化、定制化需求，目前已实现了头部客户的交付。此外，逸飞激光持续践行创新和质量驱动发展策略，2024年，公司研发投入为9263.67万元，占整体营业收入的比例为13.39%。截至2024年12月31日，逸飞激光及子公司授权有效期内的知识产权为633项，其中发明专利103项、软件著作权152项。（编辑 张伟）,0,证券日报,8353550788,2025-04-30 06:40:39,0,0,0,21944,1,雪球,https://xueqiu.com/8353550788/333789414,2026-07-08 16:21:39
333818529,SH688646,ST逸飞,,$逸飞激光(SH688646)$ 建议大家翻翻公司近5年的财报，财务表现很稳定，这说明核心业务的造血能力没垮。现在被警示导致股价下跌，完全可以用定投的方式分批建仓，平摊成本！,0,竹内龙马,5877616117,2025-04-30 09:45:27,4,1,0,24684,0,Android,https://xueqiu.com/5877616117/333818529,2026-07-08 16:21:39
333819029,SH688646,ST逸飞,,$逸飞激光(SH688646)$ 现在割肉肯定亏，不如把一部分仓位做 T 降低成本。关注后续整改进展公告，公告日前后股价波动大，做差价的机会多,0,dariaaaaa,5024662872,2025-04-30 09:51:00,0,0,0,21947,0,Android,https://xueqiu.com/5024662872/333819029,2026-07-08 16:21:39
333819630,SH688646,ST逸飞,,$逸飞激光(SH688646)$ 下班放假了，节后复牌如果跌出黄金坑，肯定就上车了，它从上市经历调整之后能够重新起来，就说明公司质地和前景是不错的，这波一季报的业绩还是很稳的,0,老实人只看报12138,1220089871,2025-04-30 09:57:34,0,2,0,19816,0,雪球,https://xueqiu.com/1220089871/333819630,2026-07-08 16:21:39
333853110,SH688646,ST逸飞,逸飞激光2024年度现金分红和回购金额超9500万元 占年度净利润比例为391.63%,"4月29日晚，逸飞激光披露2024年年报、2025年一季报等公告。2024年，逸飞激光聚焦主业，从产品扩充、研发推进、全球市场拓展等领域全面提升公司主营业务竞争力，全年共计实现营业收入6.92亿元，实现归属于母公司所有者的净利润2,432.62万元。 在财报之外，逸飞激光还发布了《2024年度“提质增效重回报”专项行动方案的评估报告暨2025年度“提质增效重回报”专项行动方案》，总结2024年经营及投资者回报成效的同时，对2025年的专项行动进行展望。 具体而言，2024年在夯实主营业务、优化企业经营效益的同时，逸飞激光积极响应“国九条”，强化“关键少数”责任，严格履行信披义务，强化投资者沟通，并通过股份回购、高管增持、分红等举措切实提升投资者回报，与广大投资者共享发展成效。逸飞激光累计推行了合计金额达12,197,207.58元(含税)的现金分红，还实施了资金总额达83,071,946.74元(不含交易佣金等交易费用)回购方案，现金分红和回购金额合计95,269,154.32元，占2024年归属于上市公司股东净利润的比例为391.63%。此外，董事、副总经理、控股子公司总经理赵来根还以集中竞价方式累计增持公司股份378,401股。相关举措不仅以真金白银有力回馈广大投资者，且彰显了管理层对公司可持续发展坚定信心。 此外，上市以来，逸飞激光充分运用资本市场工具，推动业务与资本协同发展。战略并购新聚力，主业方面实现“1+1＞2”战略目标，并积极拓展半导体、医疗健康、消费电子、食品等其他领域业务，推动实现多元化业务布局；与武汉产业创新发展研究院合作，充分利用各方优势资源，围绕智能制造前沿技术领域，重点布局激光与柔性智造相关领域的新兴技术与新兴装备，孵化并加速新质生产力新兴产业发展，赋能双方未来新业务发展。 公司表示，未来将持续聚焦主业，围绕“激光+智能装备”平台化升级发展战略，积极培育新的业务增长点，进一步夯实自身的核心竞争力、盈利能力，提升系统风险管控能力，积极回馈广大投资者，切实履行作为上市公司应尽的责任与义务，为促进资本市场的平稳健康发展贡献力量。(郑南)",0,ST逸飞(SH688646),0,2025-04-30 15:30:57,0,0,0,4980,0,新闻,https://xueqiu.com/S/SH688646/333853110,2026-07-08 16:21:39
333859454,SH688646,ST逸飞,鹰眼预警：逸飞激光应收账款增速高于营业收入增速,新浪财经上市公司研究院|财报鹰眼预警 4月30日，逸飞激光发布2024年年度报告，审计意见为保留意见的审计。 报告显示，公司2024年全年营业收入为6.92亿元，同比下降0.74%；归母净利润为2432.62万元，同比下降75.94%；扣非归母净利润为941.23万元，同比下降87.57%；基本每股收益0.26元/股。 公司自2023年7月上市以来，已经现金分红2次，累计已实施现金分红为4324.45万元。 上市公司财报鹰眼预警系统分别从业绩质量、盈利能力、资金压力与安全及运营效率等四大维度，对逸飞激光2024年年报进行智能量化分析。 一、业绩质量层面 报告期内，公司营收为6.92亿元，同比下降0.74%；净利润为3470.17万元，同比下降65.68%；经营活动净现金流为-1.02亿元，同比下降172.68%。 从业绩整体层面看，需要重点关注： • 营业收入增速持续下降。近三期年报，营业收入同比变动分别为35.87%，29.36%，-0.74%，变动趋势持续下降。 项目202212312023123120241231营业收入（元）5.39亿6.97亿6.92亿营业收入增速35.87%29.36%-0.74% • 营业收入增速大幅低于行业均值。报告期内，营业收入同比下降0.74%，低于行业均值5.83%，行业偏离度超过50%。 项目202212312023123120241231营业收入（元）5.39亿6.97亿6.92亿营业收入增速35.87%29.36%-0.74%营业收入增速行业均值13.95%9.04%5.83% • 归母净利润增速持续下降。近三期年报，归母净利润同比变动分别为122.53%，7.7%，-75.94%，变动趋势持续下降。 项目202212312023123120241231归母净利润（元）9389.42万1.01亿2432.62万归母净利润增速122.53%7.7%-75.94% • 归母净利润增速大幅低于行业均值。报告期内，归母净利润同比下降75.94%，低于行业均值-20.14%，偏离行业度超过50%。 项目202212312023123120241231归母净利润（元）9389.42万1.01亿2432.62万归母净利润增速122.53%7.7%-75.94%归母净利润增速行业均值2.3%2.17%-20.14% • 扣非归母净利润增速持续下降。近三期年报，扣非归母净利润同比变动分别为88.88%，11.24%，-87.57%，变动趋势持续下降。 项目202212312023123120241231扣非归母利润（元）6809.72万7574.81万941.23万扣非归母利润增速88.88%11.24%-87.57% • 扣非归母净利润增速大幅低于行业均值。报告期内，扣非归母净利润同比下降87.57%，低于行业均值-25.09%，偏离行业度超过50%。 项目202212312023123120241231扣非归母利润（元）6809.72万7574.81万941.23万扣非归母利润增速88.88%11.24%-87.57%扣非归母利润增速行业均值4.71%5.04%-25.09% 从收入成本及期间费用配比看，需要重点关注： • 营业收入与税金及附加变动背离。报告期内，营业收入同比变动-0.74%，税金及附加同比变动6.97%，营业收入与税金及附加变动背离。 项目202212312023123120241231营业收入（元）5.39亿6.97亿6.92亿营业收入增速35.87%29.36%-0.74%税金及附加增速66.45%-9.78%6.97% 结合经营性资产质量看，需要重点关注： • 应收账款增速高于营业收入增速。报告期内，应收账款较期初增长32.38%，营业收入同比增长-0.74%，应收账款增速高于营业收入增速。 项目202212312023123120241231营业收入增速35.87%29.36%-0.74%应收账款较期初增速58.91%49.49%32.38% • 应收账款增速高于行业均值，营业收入增速低于行业均值。报告期内，应收账款较期初变动32.38%高于行业均值2.77%，营业收入同比变动-0.74%低于行业均值5.83%。 项目202212312023123120241231营业收入增速35.87%29.36%-0.74%营业收入增速行业均值13.95%9.04%5.83%应收账款较期初增速58.91%49.49%32.38%应收账款较期初增速行业均值23.22%-47.88%2.77% • 应收账款/营业收入高于行业均值。报告期内，应收账款/营业收入比值为52.32%，高于行业均值42.82%。 项目202212312023123120241231应收账款（元）1.83亿2.74亿3.62亿营业收入（元）5.39亿6.97亿6.92亿应收账款/营业收入33.95%39.23%52.32%应收账款/营业收入行业均值35.39%38.59%42.82% • 应收账款/营业收入比值持续增长。近三期年报，应收账款/营业收入比值分别为33.95%、39.23%、52.32%，持续增长。 项目202212312023123120241231应收账款（元）1.83亿2.74亿3.62亿营业收入（元）5.39亿6.97亿6.92亿应收账款/营业收入33.95%39.23%52.32% • 存货增速高于营业成本增速。报告期内，存货较期初增长44.52%，营业成本同比增长7.69%，存货增速高于营业成本增速。 项目202212312023123120241231存货较期初增速79.85%-4.91%44.52%营业成本增速30.01%33.26%7.69% • 存货增速高于营业收入增速。报告期内，存货较期初增长44.52%，营业收入同比增长-0.74%，存货增速高于营业收入增速。 项目202212312023123120241231存货较期初增速79.85%-4.91%44.52%营业收入增速35.87%29.36%-0.74% 结合现金流质量看，需要重点关注： • 经营活动净现金流持续下降。近三期年报，经营活动净现金流分别为0.5亿元、-0.4亿元、-1亿元，持续下降。 项目202212312023123120241231经营活动净现金流（元）5490.49万-3728.02万-1.02亿 • 净利润与经营活动净现金流背离。报告期内，净利润为0.3亿元、经营活动净现金流为-1亿元，净利润与经营活动净现金流背离。 项目202212312023123120241231经营活动净现金流（元）5490.49万-3728.02万-1.02亿净利润（元）9389.42万1.01亿3470.17万 • 经营活动净现金流/净利润比值低于1。报告期内，经营活动净现金流/净利润比值为-2.929低于1，盈利质量较弱。 项目202212312023123120241231经营活动净现金流（元）5490.49万-3728.02万-1.02亿净利润（元）9389.42万1.01亿3470.17万经营活动净现金流/净利润0.58-0.37-2.93 • 经营活动净现金流/净利润比值低于行业均值。报告期内，经营活动净现金流/净利润比值-2.93低于行业均值1.07，盈利质量弱于行业水平。 项目202212312023123120241231经营活动净现金流（元）5490.49万-3728.02万-1.02亿净利润（元）9389.42万1.01亿3470.17万经营活动净现金流/净利润0.58-0.37-2.93经营活动净现金流/净利润行业均值0.441.491.07 • 经营活动净现金流/净利润比值持续下滑。近三期半年报，经营活动净现金流/净利润比值分别为0.58、-0.37、-2.93，持续下滑，盈利质量呈现下滑趋势。 项目202212312023123120241231经营活动净现金流（元）5490.49万-3728.02万-1.02亿净利润（元）9389.42万1.01亿3470.17万经营活动净现金流/净利润0.58-0.37-2.93 二、盈利能力层面 报告期内，公司毛利率为25.47%，同比下降18.63%；净利率为5.01%，同比下降65.43%；净资产收益率（加权）为1.5%，同比下降84.65%。 结合公司经营端看收益，需要重点关注： • 销售毛利率持续下降。近三期年报，销售毛利率分别为34.7%、32.73%、25.47%，变动趋势持续下降。 项目202212312023123120241231销售毛利率34.7%32.73%25.47%销售毛利率增速9.27%-5.68%-18.63% • 销售毛利率低于行业均值。报告期内，销售毛利率为25.47%，低于行业均值31.32%。 项目202212312023123120241231销售毛利率34.7%32.73%25.47%销售毛利率行业均值34.22%33.64%31.32% • 销售净利率持续下降。近三期年报，销售净利率分别为17.42%，14.5%，5.01%，变动趋势持续下降。 项目202212312023123120241231销售净利率17.42%14.5%5.01%销售净利率增速63.78%-16.75%-65.43% • 销售毛利率低于行业均值，销售净利率高于行业均值。报告期内，销售毛利率为25.47%低于行业均值31.32%，销售净利率为5.01%高于行业均值4.18%。 项目202212312023123120241231销售毛利率34.7%32.73%25.47%销售毛利率行业均值34.22%33.64%31.32%销售净利率17.42%14.5%5.01%销售净利率行业均值10.49%9.79%4.18% 结合公司资产端看收益，需要重点关注： • 净资产收益率持续下降。近三期年报，加权平均净资产收益率分别为18%，9.77%，1.5%，变动趋势持续下降。 项目202212312023123120241231净资产收益率18%9.77%1.5%净资产收益率增速24.74%-45.72%-84.65% • 净资产收益率低于行业均值。报告期内，加权平均净资产收益率为1.5%，低于行业均值2.58%。 项目202212312023123120241231净资产收益率18%9.77%1.5%净资产收益率行业均值9.98%6.42%2.58% 从非常规性损益看，需要重点关注： • 非常规性收益占比较高。报告期内，非常规性收益/净利润比值为72.3%。（注：非常规性收益=投资净收益+公允价值变动净收益+营业外收入+非流动资产处置损失）。 项目202212312023123120241231非常规性收益（元）647.6万1431.97万2509.74万净利润（元）9389.42万1.01亿3470.17万非常规性收益/净利润6.4%14.16%72.3% 三、资金压力与安全层面 报告期内，公司资产负债率为43.96%，同比增长34.31%；流动比率为1.74，速动比率为1.26；总债务为5.22亿元，其中短期债务为5.22亿元，短期债务占总债务比为100%。 从财务状况整体看，需要重点关注： • 资产负债率较大幅度增长。报告期内，资产负债率较期初变动34.31%，资产负债率增长至43.96%。 项目20231231期初资产负债率32.73%本期资产负债率43.96% 从短期资金压力看，需要重点关注： • 现金比率持续下降。近三期年报，现金比率分别为1.08、0.97、0.64，持续下降。 项目202212312023123120241231现金比率1.080.970.64 • 经营活动净现金流/流动负债比值低于行业均值。报告期内，经营活动净现金流/流动负债比值为-0.08，低于行业均值0.01。 项目202206302023063020240630经营活动净现金流（元）9380.2万-3095.13万-6980.93万流动负债（元）7.05亿7.09亿9亿经营活动净现金流/流动负债0.13-0.04-0.08经营活动净现金流/流动负债行业均值0.090.040.01 • 经营活动净现金流/流动负债比值持续下降。近三期年报，经营活动净现金流/流动负债比值为分别为0.08、-0.05、-0.08，持续下降。 项目202206302023063020240630经营活动净现金流（元）9380.2万-3095.13万-6980.93万流动负债（元）7.05亿7.09亿9亿经营活动净现金流/流动负债0.13-0.04-0.08 从长期资金压力看，需要重点关注： • 总债务/净资产比值高于行业均值。报告期内，总债务/净资产比值为33.01%高于行业均值27.85%。 项目202212312023123120241231总债务（元）2.5亿3.88亿5.22亿净资产（元）5.7亿16.65亿15.82亿总债务/净资产行业均值27.85%27.85%27.85% 从资金管控角度看，需要重点关注： • 预付账款增速高于营业成本增速。报告期内，预付账款较期初增长27.13%，营业成本同比增长7.69%，预付账款增速高于营业成本增速。 项目202212312023123120241231预付账款较期初增速68.68%-21.98%27.13%营业成本增速30.01%33.26%7.69% 从资金协调性看，需要重点关注： • 经营活动无法满足资本性支出资金需求，融资渠道趋紧。报告期内，经营活动净现金流与投资活动净现金流之和为-0.5亿元，筹资活动净现金流为-0.2亿元，经营活动无法覆盖投资资金需求，融资渠道趋紧。 项目20241231经营活动净现金流（元）-1.02亿投资活动净现金流（元）5013.15万筹资活动净现金流（元）-1848.18万 • 经营现金流质量欠佳，融资渠道趋紧。报告期内，经营活动净现金流与投资活动净现金流之和为-0.5亿元，筹资活动净现金流为-0.2亿元，融资渠道趋紧。 项目20241231经营活动净现金流（元）-1.02亿投资活动净现金流（元）5013.15万筹资活动净现金流（元）-1848.18万 四、运营效率层面 报告期内，公司应收帐款周转率为2.18，同比下降28.71%；存货周转率为1.05，同比下降9.64%；总资产周转率为0.26，同比下降28.34%。 从经营性资产看，需要重点关注： • 应收账款周转率持续下降。近三期年报，应收账款周转率分别为3.62，3.05，2.18，应收账款周转能力趋弱。 项目202212312023123120241231应收账款周转率（次）3.623.052.18应收账款周转率增速-23.77%-15.52%-28.71% • 存货周转率大幅低于行业均值。报告期内，存货周转率1.05低于行业均值2.54，行业偏离度超过50%。 项目202212312023123120241231存货周转率（次）1.071.131.05存货周转率行业均值（次）2.092.12.54 从长期性资产看，需要重点关注： • 总资产周转率持续下降。近三期年报，总资产周转率分别0.47，0.36，0.26，总资产周转能力趋弱。 项目202212312023123120241231总资产周转率（次）0.470.360.26总资产周转率增速-5.79%-21.71%-28.34% • 固定资产变动较大。报告期内，固定资产为2.1亿元，较期初增长89.74%。 项目20231231期初固定资产（元）1.12亿本期固定资产（元）2.12亿 • 在建工程变动较大。报告期内，在建工程为1亿元，较期初增长88.17%。 项目20231231期初在建工程（元）5184.42万本期在建工程（元）9755.63万 • 递延所得税资产变动较大，同时所得税费用为负。报告期内，递延所得税资产为0.4亿元，较期初增长117.74%，所得税费用为-0.2亿元。 项目20231231期初递延所得税资产（元）1728.61万本期递延所得税资产（元）3763.89万本期所得税费用（元）-1683.71万 从三费维度看，需要重点关注： • 管理费用增速超过20%。报告期内，管理费用为0.4亿元，同比增长38.18%。 项目202212312023123120241231管理费用（元）2923.8万2962.01万4092.94万管理费用增速24.75%1.31%38.18% • 管理费用增速超营收。报告期内，管理费用同比增长38.18%，营业收入同比增长-0.74%，管理费用增速高于营业收入增速。 项目202212312023123120241231营业收入增速35.87%29.36%-0.74%管理费用增速24.75%1.31%38.18% 点击逸飞激光鹰眼预警，查看最新预警详情及可视化财报预览。 新浪财经上市公司财报鹰眼预警简介：上市公司财报鹰眼预警是上市公司财报智能化专业分析系统。鹰眼预警通过聚集会计师事务所及上市公司等一大批权威的财务专家，分别从公司业绩成长、收益质量、资金压力与安全及运营效率等多个维度跟踪解读上市公司最新财报，并以图文形式提示可能存在的财务风险点。为金融机构、上市公司、监管部门等提供了专业、高效、便捷的上市公司财务风险识别及预警的技术解决方案。 鹰眼预警入口：新浪财经APP-行情-数据中心-鹰眼预警或新浪财经APP-个股行情页-财务-鹰眼预警 声明：文章内容仅供参考，不构成任何投资建议。如有疑问，请联系biz@staff.sina.com.cn。 责任编辑：小浪快报,0,ST逸飞(SH688646),0,2025-04-30 20:37:25,0,0,0,5219,2,新闻,https://xueqiu.com/S/SH688646/333859454,2026-07-08 16:21:39
333882170,SH688646,ST逸飞,逸飞激光2025年一季度营收翻倍增长但盈利能力下滑,近期逸飞激光(688646)发布2025年一季报，证券之星财报模型分析如下： 营收与利润 逸飞激光(688646)在2025年一季度实现了显著的营收增长，营业总收入达到2.36亿元，同比上升97.61%。然而，公司的盈利能力却出现了明显的下滑，归母净利润为907.73万元，同比下降42.7%；扣非净利润为627.5万元，同比下降28.22%。 主要财务指标 毛利率：22.0%，同比减少36.84%。净利率：6.35%，同比减少51.53%。三费占营收比：7.19%，同比减少28.67%。每股净资产：16.22元，同比减少6.57%。每股经营性现金流：-0.58元，同比减少0.34%。每股收益：0.1元，同比减少41.18%。 应收账款与有息负债 本报告期内，逸飞激光的应收账款上升至4.04亿元，同比增幅达40%。同时，有息负债也从2.24亿元增加到3.52亿元，增幅为56.92%。这表明公司在扩大业务规模的同时，也面临着应收账款和债务压力的增加。 现金流状况 尽管货币资金从2.44亿元增加到2.83亿元，增幅为15.92%，但公司的现金流状况仍需关注。每股经营性现金流为-0.58元，且近3年经营性现金流均值/流动负债仅为-3.37%，显示出公司在现金流管理方面存在一定的挑战。 商业模式与融资分红 公司业绩主要依靠研发、营销及股权融资驱动。自上市以来，累计融资总额为11.13亿元，累计分红总额为4396.51万元，分红融资比为0.04。这表明公司在资本市场上较为活跃，但分红比例较低。 总结 总体来看，逸飞激光在2025年一季度实现了营收的大幅增长，但盈利能力有所下降，应收账款和有息负债的增加也给公司带来了新的挑战。此外，现金流状况和财务费用状况也需要进一步关注。,0,ST逸飞(SH688646),0,2025-05-01 07:43:45,0,0,0,5477,0,新闻,https://xueqiu.com/S/SH688646/333882170,2026-07-08 16:21:39
333904885,SH688646,ST逸飞,,$逸飞激光(SH688646)$ 2.17逸飞回购账户315股还在，3.31一季报逸飞回购账号315万就退出了，不是还在回购期间吗？怎么退出不用公告的，有没有人知道怎么回事呢？,0,自由的理想3nu,1883888940,2025-05-01 15:28:16,2,0,0,21666,0,Android,https://xueqiu.com/1883888940/333904885,2026-07-08 16:21:39
333932074,SH688646,ST逸飞,,【逸飞激光：2025年第一季度净利润907.73万元，同比下降42.70%】 逸飞激光公告，2025年第一季度营收为2.36亿元，同比增长97.61%；净利润为907.73万元，同比下降42.70%。,0,上市公司报,7819158416,2025-05-02 06:26:47,0,1,0,19230,0,雪球,https://xueqiu.com/7819158416/333932074,2026-07-08 16:21:39
334051524,SH688646,ST逸飞,,逸飞激光：财务报告管理制度（2025年5月） 网页链接,0,ST逸飞(SH688646),0,2025-05-05 08:54:01,0,0,0,4656,0,公告,https://xueqiu.com/S/SH688646/334051524,2026-07-08 16:21:39
334051525,SH688646,ST逸飞,,逸飞激光：募集资金管理制度（2025年5月） 网页链接,0,ST逸飞(SH688646),0,2025-05-05 08:54:01,0,0,0,4964,0,公告,https://xueqiu.com/S/SH688646/334051525,2026-07-08 16:21:37
334051526,SH688646,ST逸飞,,逸飞激光：逸飞激光关于修订部分公司治理制度的公告 网页链接,0,ST逸飞(SH688646),0,2025-05-05 08:54:01,0,0,0,5198,0,公告,https://xueqiu.com/S/SH688646/334051526,2026-07-08 16:21:37
334051527,SH688646,ST逸飞,,逸飞激光：内部审计制度（2025年5月） 网页链接,0,ST逸飞(SH688646),0,2025-05-05 08:54:01,0,1,0,5686,0,公告,https://xueqiu.com/S/SH688646/334051527,2026-07-08 16:21:37
334150624,SH688646,ST逸飞,,$ST逸飞(SH688646)$ 大家联合起来起诉不。,0,福瑞斯特李,3009860798,2025-05-06 07:53:10,0,3,0,24157,0,雪球,https://xueqiu.com/3009860798/334150624,2026-07-08 16:21:37
334154653,SH688646,ST逸飞,,$ST逸飞(SH688646)$ 刚问元宝智能，如果要摘帽至少要等一年，还要满足以下条件。悲剧了，根据中国A股市场规则及逸飞激光（688646）当前被实施其他风险警示（ST）的情况，其摘帽（去除ST标识）需满足以下条件及时间节点：一、摘帽的核心条件根据《上海证券交易所科创板股上市规则》及搜索结果135，逸飞激光需满足以下要求：审计问题整改当前公司因内部控制审计报告被出具否定意见、财务报表审计报告被出具保留意见被实施ST7。需在下一会计年度（2025年）内解决相关问题，确保审计机构对财务报表及内部控制出具无保留意见的审计报告。财务指标达标净利润：2025年度净利润需为正值（扣除非经常性损益后也需为正）125。净资产：每股净资产需为正值（科创板要求净资产为正即可，无需超过1元）35。主营业务正常运营：需证明核心业务具备持续盈利能力，非经常性损益不影响扣非净利润的正向性23。无重大违规或风险不存在重大会计差错、虚假陈述、证监会责令整改未完成等情况13。公司治理、信息披露等符合监管要求。二、摘帽的时间流程申请时间公司需在2025年年度报告披露后（预计2026年4月底前）向交易所提交摘帽申请5。若2025年审计问题未解决，需等待下一年度（2026年）审计结果符合条件后再申请。审核周期交易所通常在收到申请后1-2个月内完成审核5。若条件完全满足，最快可能在2026年6月完成摘帽。三、当前进展与风险提示停牌与复牌：公司股票已于2025年5月6日复牌并实施ST，涨跌幅限制仍为20%67。退市风险：若2025年财报仍无法满足审计要求，可能触发退市风险警示（*ST），进一步面临退市风险7。投资者策略：需密切关注公司2025年年报审计结果及整改措施，尤其是内部控制缺陷的修复进度。总结：摘帽时间预估乐观情况：若2025年审计问题整改到位，2026年4月年报披露后提交申请，2026年6月左右完成摘帽。保守情况：若问题持续，可能需更长时间，甚至无法在短期内摘帽。建议投资者通过公司公告及交易所披露信息跟踪进展，并注意相关风险。,0,福瑞斯特李,3009860798,2025-05-06 08:19:33,2,0,0,31769,2,雪球,https://xueqiu.com/3009860798/334154653,2026-07-08 16:21:37
334174203,SH688646,ST逸飞,,ST逸飞：逸飞激光关于控股股东、实际控制人、董事长兼总经理及董事、高级管理人员增持公司股份计划的公告 网页链接,0,ST逸飞(SH688646),0,2025-05-06 11:21:01,1,0,0,6156,0,公告,https://xueqiu.com/S/SH688646/334174203,2026-07-08 16:21:37
334176745,SH688646,ST逸飞,ST逸飞：实控人和副总经理拟合计增持1500万元—3000万元公司股份,人民财讯5月6日电，ST逸飞(688646)5月6日晚间公告，控股股东、实际控制人、董事长兼总经理吴轩和董事兼副总经理赵来根（统称为“增持主体”）拟使用自有资金或自筹资金，通过上海证券交易所允许的方式（包括但不限于集中竞价交易、大宗交易等）增持公司股份。本次拟合计增持金额不低于1500万元（含），不超过3000万元（含），本次增持计划不设定价格区间。,0,ST逸飞(SH688646),0,2025-05-06 11:54:27,0,0,0,5083,0,新闻,https://xueqiu.com/S/SH688646/334176745,2026-07-08 16:21:37
334179742,SH688646,ST逸飞,ST逸飞：实控人吴轩、董事兼副总经理赵来根拟合计增持1500万元~3000万元公司股份,"每经AI快讯，ST逸飞（SH 688646，收盘价：25.35元）5月6日晚间发布公告称，公司近日收到控股股东、实际控制人、董事长兼总经理吴轩先生和董事兼副总经理赵来根先生（以下统称为“增持主体”）的告知函，增持主体计划自本公告披露之日起6个月内，使用自有资金或自筹资金，通过上海证券交易所允许的方式（包括但不限于集中竞价交易、大宗交易等）增持公司股份。本次拟合计增持金额不低于人民币1,500万元（含），不超过人民币3,000万元（含），本次增持计划不设定价格区间，增持主体将根据市场整体走势及对公司价值的合理判断，在实施期限内择机实施增持计划。 截至发稿，ST逸飞市值为24亿元。 每经头条（nbdtoutiao）——巴菲特对美元罕见“警告”后金价重拾升势！投资黄金股看似“避险+增长”双保险，实则暗藏五大真相！ (记者 王晓波) 免责声明：本文内容与数据仅供参考，不构成投资建议，使用前请核实。据此操作，风险自担。 每日经济新闻",0,每日经济新闻,4642157440,2025-05-06 12:30:33,0,2,0,22576,0,雪球,https://xueqiu.com/4642157440/334179742,2026-07-08 16:21:37
334190568,SH688646,ST逸飞,,$ST逸飞(SH688646)$ 这只股票看着很纠结。基本面确实不错。但疑虑挥之不去，公司是用募集资金打给分包商再把钱打给客户，是否有可能在IPO的时候虚增营收？是否构成IPO文件虚假记载重大违法退市的标准？,0,ST刘在石,4349645944,2025-05-06 14:16:00,5,3,0,28900,1,雪球,https://xueqiu.com/4349645944/334190568,2026-07-08 16:21:37
334245756,SH688646,ST逸飞,,$ST逸飞(SH688646)$ 机构和融资盘走了就是底,0,上茶上茶,8017344353,2025-05-07 03:15:04,1,0,0,21362,0,iPhone,https://xueqiu.com/8017344353/334245756,2026-07-08 16:21:37
334282019,SH688646,ST逸飞,ST逸飞：实控人和副总经理拟合计增持1500万元至3000万元公司股份,本报讯 （记者李万晨曦）5月7日，武汉逸飞激光股份有限公司（以下简称“ST逸飞”）公告，为维护全体股东利益，提升投资者信心，公司控股股东、实际控制人、董事长兼总经理吴轩先生和董事兼副总经理赵来根先生计划自本公告披露之日起6个月内，使用自有资金或自筹资金，通过上海证券交易所允许的方式，增持公司股份。本次拟合计增持金额不低于1500万元（含），不超过3000万元（含），本次增持计划不设定价格区间，增持主体将根据市场整体走势及对公司价值的合理判断，在实施期限内择机实施增持计划。ST逸飞深耕新能源电池行业近20年，构建了“激光技术+智能装备技术+工艺应用”滚动创新体系，已成为行业领先的精密激光加工智能装备供应商。2025年一季报显示，公司第一季度实现营业收入2.36亿元，同比增长97.61%；实现归属于上市公司股东的净利润907.73万元。作为圆柱全极耳电池设备领域的领先供应商，ST逸飞已围绕核心技术、量产装备、市场应用等构建了全面领先优势，并推出了直线、转盘、环形、转塔、高速磁悬浮等不同装备形式的全系列装备，效率覆盖25PPM至360PPM，全面用于直径18mm至60mm等全系列圆柱全极耳电池量产应用，以满足圆柱电池加速量产的市场需求。公司今年2月披露的投资者调研纪要提到，公司46系圆柱全极耳电池装备也已实现批量出货，目前公司订单充裕，其中圆柱电池装备订单增速较快；同时公司华中、华东、华南三大产业基地已分批投入使用，总部基地项目亦正在建设中，能够满足市场需求。研发方面，2025年第一季度，公司研发投入总额2708.27万元，占整体营业收入的比例为11.47%。持续高水平研发投入的同时，ST逸飞不断聚焦新业务拓展，为公司积蓄新的增长点，持续提升公司的综合竞争力。进入2025年，ST逸飞在多个领域持续布局。4月初，公司公告称，与武创院成立合资公司湖北武逸科技有限公司（以下简称“武逸科技”），重点布局激光与柔性智造相关领域的新兴技术与新兴装备。同时，通过武逸科技与院士团队、武昌区政府共同设立湖北荆楚人形机器人有限公司，公司也进一步切入机器人赛道。公司还于4月与武创院正式联合对外发布“激光应用与高端装备创新枢纽”，将重点布局新一代电池智能装备产业、工业人形机器人、第三代太阳能电池高端装备、半导体先进封测及智慧物流等四大领域，为公司的长期高质量发展提供“源动力”。在固态电池领域，公司针对固态电池封装技术与装备进行了系统开发，实现了固态电池电芯装配、模组PACK及智慧物流系统等装备的客户交付与应用，并开发了高动态激光加工技术、激光加工质量闭环监测系统等新技术，率先将激光微加工技术用于固态电池的极片涂层表面处理、激光极片快速干燥等工艺。近期，ST逸飞与金羽新能签署战略合作协议，双方将在前期全固态电池合作开发的基础上，围绕全极耳固态电池、方形铝壳固态电池的设备研发、工艺优化、市场推广、产业链协同等方面展开全方位的战略合作。业内人士认为，伴随全球圆柱电池加速放量机遇，ST逸飞的优势地位将持续巩固，同时公司不断加码固态电池、钠离子电池等先进电池领域，以及全面拥抱AI、人形机器人等新兴技术，积极拓展新技术、新产品、新应用，业绩持续增长具备充足动能。（编辑 张明富）,0,证券日报,8353550788,2025-05-07 07:10:04,0,1,0,26911,2,雪球,https://xueqiu.com/8353550788/334282019,2026-07-08 16:21:37
334310376,SH688646,ST逸飞,,ST逸飞：逸飞激光关于第二期以集中竞价交易方式回购公司股份比例达到总股本2%暨回购进展公告 网页链接,0,ST逸飞(SH688646),0,2025-05-07 10:54:04,0,1,0,11235,2,公告,https://xueqiu.com/S/SH688646/334310376,2026-07-08 16:21:37
334310378,SH688646,ST逸飞,,ST逸飞：逸飞激光关于2024年年度股东大会增加临时提案的公告 网页链接,0,ST逸飞(SH688646),0,2025-05-07 10:54:04,0,0,0,5763,0,公告,https://xueqiu.com/S/SH688646/334310378,2026-07-08 16:21:37
334311437,SH688646,ST逸飞,ST逸飞二期股份回购进度达2% 累计投入超7000万元,"5月7日，ST逸飞(688646.SH)披露股份回购进展公告显示，截至2025年5月7日，公司通过集中竞价交易方式累计回购股份2,020,586股，占总股本的2.12%，累计支付资金达7028.53万元。本次回购成交价格区间为25.44元/股至44.80元/股，实际执行价格显著低于预案设定的56.17元/股上限。 根据公告披露，公司第二期回购计划始于2025年2月24日，预计实施至2026年2月23日，资金规模介于5000万元至10000万元之间。回购股份将专项用于员工持股计划/股权激励及注册资本核减，其中用于激励计划的股份不低于回购总量的50%，用于减资的股份不高于50%。",0,ST逸飞(SH688646),0,2025-05-07 11:07:26,0,0,0,5279,0,新闻,https://xueqiu.com/S/SH688646/334311437,2026-07-08 16:21:37
334312806,SH688646,ST逸飞,ST逸飞累计回购202万股 金额7029万元,ST逸飞（688646）发布公告，截至2025年5月7日，公司累计回购股份202万股，占总股本的2.12%，回购资金总额为7029万元，回购价格区间为25.44元/股至44.8元/股。 2025年一季度，ST逸飞实现收入2.36亿元，归母净利润908万元。,0,ST逸飞(SH688646),0,2025-05-07 11:24:25,0,0,0,5547,0,新闻,https://xueqiu.com/S/SH688646/334312806,2026-07-08 16:21:37
334332328,SH688646,ST逸飞,被实施“ST”后发布利好 ST逸飞内控缺陷专项整改仍在路上,前脚股价跌停，后脚发布增持利好。 5月7日，ST逸飞(688646，原称“逸飞激光”)公告称，公司控股股东、实际控制人、董事长兼总经理吴轩和董事兼副总经理赵来根计划自本公告披露之日起6个月内，使用自有资金或自筹资金增持公司股份。本次拟合计增持金额不低于1500万元，不超过3000万元，不设定价格区间，增持主体将根据市场整体走势及对公司价值的合理判断，在实施期限内择机实施增持计划。 “非标”意见与IPO募投资金有关 4月30日，逸飞激光公告称，因立信会计师事务所(下称“立信所”)出具了否定意见的内部控制审计报告和保留意见的审计报告，触及《科创板股票上市规则(2025年4月修订)》第12.9.1条第(三)项规定的“最近一个会计年度财务报告内部控制被出具无法表示意见或否定意见的审计报告”的情形，公司股票将被实施其他风险警示。公司股票自4月30日开市起停牌1天，于5月6日开市起复牌。受此消息影响，5月6日，ST逸飞股价“一字”跌停。 值得关注的是，立信所给出的“非标”意见，与IPO项目的募投资金有关。 根据公告，逸飞激光的募投项目锂电激光智造装备三期基地项目及精密激光焊接与智能化装备工程研究中心建设项目的总包方，将该项目的部分土建和劳务分包给河南传众建筑工程有限公司(下称“传众公司”)，分包合同金额合计7000万元。截至2024年12月31日，总包方通过资金指定代付方式，委托逸飞激光向传众公司支付5100万元。 传众公司提供的资金支付资料显示，传众公司收到前述款项后，将其中的4845万元支付给武汉柒宝合烁智能技术有限公司(下称“柒宝公司”)，柒宝公司又将其中的4533.99万元支付给逸飞激光的6家客户，83万元支付给1家其他公司。 因为逸飞激光未能就上述情形提供合理解释和支持性资料，立信所无法就上述逸飞激光支付款项的性质，以及上述收付款单位与逸飞激光是否存在潜在的关联方关系和关联交易获取充分、适当的审计证据，也无法确定该事项对逸飞激光财务报表可能产生的影响，因此对逸飞激光2024年度财务报表发表了保留意见。 公开资料显示，ST逸飞于2023年7月28日在科创板上市，发行价为46.80元/股。保荐机构(主承销商)为民生证券(现为国联民生（601456）)，保荐代表人为张艳朋、吕彦峰。 公司否认“虚增收入或利润” 就在逸飞激光被实施ST的当天，公司披露修订的《募集资金管理制度》《内部审计制度》《财务报告管理制度》。以内部审计为例，增加了“审计部应按照月度对募集资金的存放与使用情况进行检查，向审计委员会汇报检查结果，并报送月度募集资金使用情况报告及募集资金使用明细情况”“审计部应当在业绩预告、业绩快报、季报、半年报、年报等财务报告对外披露前，对财务报告及相关披露数据进行独立审计”等内容。 记者注意到，相关制度在设计层面意欲提升内控机制，但执行层面是否能够畅通？比如，是否有足够的资源来执行更频繁的审计？员工是否接受过相关培训以遵守新流程？此外，虽然制度规定了各部门的职责，但部门之间的协作是否顺畅？公司存在募集资金流向客户的问题，修订后的募集资金管理制度是否针对此类问题有具体的防范措施？是否增加了对分包方和客户关系的审查？此外，针对立信所提出的问题，公司是否通过资金循环，虚增收入或利润，掩盖真实经营状况？ 带着上述问题，记者7日以邮件方式联系了ST逸飞。 ST逸飞在给记者的邮件回复中称：“公司经营正常，一季度实现营业收入2.36亿元，同比增长97.61%。不存在通过募集资金循环来虚增收入的情形。同时针对当前不利影响因素，公司已逐步开展全面自查整改，并在对公司内控制度进行全面梳理的基础上，对部分公司治理制度进行优化修订。” 同时，公司进一步表示：“修订版的《募集资金管理制度》主要是结合相关法律法规进一步规范募集资金管理，建立从募投项目合同专有审批、募集资金使用专有审批到募集资金的存放与使用情况专项审计的全过程重点内控机制，确保严格按照募投项目规划、募投合同签署进行募集资金使用，同时进一步细化明确了相关责任部门和具体审批流程，完善公司各部门对募集资金管理和使用的权限，全面规范募集资金的存放与使用。5月7日下午，公司相关领导及业务人员已召开会议知会流程并培训学习，会后将立即贯彻落实。”记者刘扬,0,ST逸飞(SH688646),0,2025-05-07 14:55:17,0,0,0,5591,0,新闻,https://xueqiu.com/S/SH688646/334332328,2026-07-08 16:21:37
334439644,SH688646,ST逸飞,,ST逸飞：民生证券股份有限公司关于武汉逸飞激光股份有限公司2024年度持续督导跟踪报告 网页链接,0,ST逸飞(SH688646),0,2025-05-08 10:21:02,0,0,0,5849,0,公告,https://xueqiu.com/S/SH688646/334439644,2026-07-08 16:21:37
334439645,SH688646,ST逸飞,,ST逸飞：民生证券股份有限公司关于武汉逸飞激光股份有限公司2024年度持续督导工作现场检查报告 网页链接,0,ST逸飞(SH688646),0,2025-05-08 10:21:02,0,0,0,6046,0,公告,https://xueqiu.com/S/SH688646/334439645,2026-07-08 16:21:37
334449970,SH688646,ST逸飞,ST逸飞：5月7日高管赵来根增持股份合计7883股,证券之星消息，根据5月8日市场公开信息、上市公司公告及交易所披露数据整理，ST逸飞（688646）最新董监高及相关人员股份变动情况：2025年5月7日公司董事赵来根共增持公司股份7883.0股，占公司总股本为0.0083%。变动期间公司股价上涨4.18%，5月7日当日收盘报26.41元。ST逸飞近半年内的董监高及核心技术人员增减持详情如下：ST逸飞的高管列表及最新持股情况如下：该股最近90天内共有1家机构给出评级，增持评级1家。以上内容为证券之星据公开信息整理，由AI算法生成（网信算备310104345710301240019号），不构成投资建议。,0,证券之星财经,5187193467,2025-05-08 12:10:31,0,1,0,17375,0,雪球,https://xueqiu.com/5187193467/334449970,2026-07-08 16:21:35
334454000,SH688646,ST逸飞,,科创板ST逸飞（688646.SH）分析。1. 原因。主要是因为立信会计师事务所对其2024年度内部控制出具了否定意见，并对财务报表出具了保留意见。核心问题涉及募集资金管理不规范。前期公司通过分包商河南传众建筑工程有限公司支付5100万元，资金最终流向了6家客户。公司未能提供合理解释，审计机构质疑存在潜在关联交易。2. 现状。财务压力：2024年净利润同比下滑75.94%，2025年一季度净利润仍下降42.7%，显示盈利能力较弱。但尚未资不抵债。监管态度：由于ST逸飞的问题主要是内控和财务披露问题，而非债务危机，监管层将关注其整改情况。行业背景：公司主营锂电设备，行业竞争加剧，但仍有增长潜力（如固态电池、钠离子电池等新方向）。3. 未来。整改为主：公司已承诺加强募集资金管理、优化内控体系，并计划通过业务拓展（如固态电池装备）改善业绩。若未来公司财务状况进一步恶化（如连续亏损、现金流断裂），可能会考虑进行重整等。,0,中流击水泰山行,3609870307,2025-05-08 12:54:28,2,1,0,24557,2,Android,https://xueqiu.com/3609870307/334454000,2026-07-08 16:21:35
334630683,SH688646,ST逸飞,,$ST逸飞(SH688646)$ 比方说客户买了逸飞激光1个亿的设备，报表实现净利润2千万。实际通过虚增5千万建设费用，返还给客户，也就是说实际亏损3千万，通过造假变成盈利2千万。这不退市就是鼓励财务造假！,0,能源小兵,3251604311,2025-05-10 06:25:58,1,1,0,19645,1,iPhone,https://xueqiu.com/3251604311/334630683,2026-07-08 16:21:35
334761334,SH688646,ST逸飞,,$ST逸飞(SH688646)$ 自家现金在暴雷之后仍旧继续买入，至少买5000万，已经买了7000万且仍在增持。另有公告管理层有下限增持1500-3000万。相比之下，那个雷也就是5000万的雷。雷炸出来的坑可是给领导们机会了。,0,FlyBy39,1184867393,2025-05-12 06:07:17,4,2,0,19645,0,雪球,https://xueqiu.com/1184867393/334761334,2026-07-08 16:21:35
334815189,SH688646,ST逸飞,ST逸飞：5月9日高管吴轩增持股份合计5.2万股,证券之星消息，根据5月12日市场公开信息、上市公司公告及交易所披露数据整理，ST逸飞（688646）最新董监高及相关人员股份变动情况：2025年5月9日公司董事吴轩共增持公司股份5.2万股，占公司总股本为0.0547%。变动期间公司股价上涨0.98%，5月9日当日收盘报26.83元。ST逸飞近半年内的董监高及核心技术人员增减持详情如下：ST逸飞的高管列表及最新持股情况如下：该股最近90天内共有1家机构给出评级，增持评级1家。以上内容为证券之星据公开信息整理，由AI算法生成（网信算备310104345710301240019号），不构成投资建议。,0,证券之星财经,5187193467,2025-05-12 12:10:35,0,0,0,13133,1,雪球,https://xueqiu.com/5187193467/334815189,2026-07-08 16:21:35
335057839,SH688646,ST逸飞,,$ST逸飞(SH688646)$ 近日，逸飞激光首条海外储能集装箱装配线项目下线。该产线几大看点：1、年产能达5GWh以上：可兼容50~314Ah容量方形电池系统的组装，年产能达5GWh以上，覆盖从电芯处理、到PACK装配、再到集装箱装配和检测等全流程工段2、全流程质量保证：配备激光调质系统和随动压紧机构，可有效提升焊接强度与一致性；通过智能视觉检测、EOL测试、气密性测试、淋雨测试等全流程检测手段3、全场景自动化升级：应用六轴机器人配合高精度视觉系统，可实现全自动精准输送、定位与入箱；配合60T重载AGV系统，联动空中穿梭物流系统、专用轨道输送线等，实现PACK包从夹层到装配位的无缝衔接、集装箱的自动流转。4、全线高柔性装配：整线采用模块化设计，夹具和工艺程序可实现一键切换，换型时间缩减80%以上，快速适配不同产品需求。5、整线数字化管理：生产数据实时上传MES系统，全流程可追溯。,0,赶一场烟火,7860648039,2025-05-14 06:13:13,1,0,0,14579,0,雪球,https://xueqiu.com/7860648039/335057839,2026-07-08 16:21:35
335058826,SH688646,ST逸飞,,$ST逸飞(SH688646)$ 宁德时代近日启动申购，本月20日港股上市，预计募资净额约 307.18 亿港元，募资规模或创下近三年港股新能源板块最大IPO纪录。作为全球动力电池龙头，宁德赴港上市，产业链相关企业如福蓉科技、逸飞激光、天元股份等热度居高步下。,0,dariaaaaa,5024662872,2025-05-14 06:18:07,0,2,0,23816,0,Android,https://xueqiu.com/5024662872/335058826,2026-07-08 16:21:35
335236001,SH688646,ST逸飞,ST逸飞2024年净利2433万减少76%：董秘曹卫斌薪酬39万降薪17万,挖贝网5月15日，ST逸飞[688646]近期发布2024年年度报告，报告期内实现营业收入6.92亿元，同比减少0.74%，归属于上市公司股东的净利润2432.62万元，同比减少75.94%。逸飞激光表示，归属于上市公司股东的净利润同比减少75.94%，归属于上市公司股东的扣除非经常性损益的净利润同比减少87.57%，主要原因是：报告期内锂电行业竞争加剧，锂电设备毛利下滑，期间费用阶段性大幅增加、资产减值损失计提大幅增长。董事会秘书曹卫斌2024年薪酬为39.19万元，2023年薪酬为55.71万元，降薪16.52万元。逸飞激光是智能激光装备及创新工艺方案提供商，专业从事精密激光加工智能装备研发、设计、生产和销售。,0,挖贝网,5120510365,2025-05-15 09:50:41,0,0,0,11085,0,雪球,https://xueqiu.com/5120510365/335236001,2026-07-08 16:21:35
335365144,SH688646,ST逸飞,,逸飞激光于2025年05月15日下午15:00-17:00参加了由上海证券交易所主办的2024年度科创板电池行业集体业绩说明会，就投资者关心的问题进行交流，具体交流内容详见《逸飞激光投资者关系活动记录表-（2024年度科创板电池行业集体业绩说明会暨2025年第一季度业绩说明会）》 网页链接,0,ST逸飞(SH688646),0,2025-05-16 07:32:02,0,0,0,5573,0,互动易,https://xueqiu.com/S/SH688646/335365144,2026-07-08 16:21:35
335365315,SH688646,ST逸飞,,ST逸飞：投资者关系活动记录表-（2024年度科创板电池行业集体业绩说明会暨2025年第一季度业绩说明会） 网页链接,0,ST逸飞(SH688646),0,2025-05-16 07:33:07,0,1,0,7941,0,公告,https://xueqiu.com/S/SH688646/335365315,2026-07-08 16:21:35
335378866,SH688646,ST逸飞,,ST逸飞：逸飞激光2024年年度股东大会会议资料 网页链接,0,ST逸飞(SH688646),0,2025-05-16 09:21:01,0,0,0,8469,0,公告,https://xueqiu.com/S/SH688646/335378866,2026-07-08 16:21:35
335380726,SH688646,ST逸飞,ST逸飞：5月15日召开业绩说明会，投资者参与,"证券之星消息，2025年5月16日ST逸飞（688646）发布公告称公司于2025年5月15日召开业绩说明会。具体内容如下：问：5月 15-17日，在深圳举行的中国国际电池技术展以及武汉举行的“中国光谷”国际光电子博览会上，请问公司有哪些新技术新产品发布？在电池、光伏、半导体等智能装备有何特点？机器人化智能激光系统是什么情况。相关新技术新产品的应用场景、发展前景如何？谢谢！答：尊敬的投资者您好，此次展会上，公司全新推出了智能激光系统、新一代密封钉高速装配站、新一代高速氦检机等新产品及新技术，同时，公司结合全球市场需求及标准体系，推出了电池封装、模组 PACK装配、储能集装箱系统装配、电池 CTP系统装配、结构件装配、智慧物流系统及设备等全新的产品系列，相关新技术、新产品契合装备智能化与全球化发展趋势，发展前景广阔。公司创新性将激光技术与工业互联网、人工智能、数字孪生等前沿技术进行深度融合，构建了一套高度智能化、可闭环迭代的制造体系，公司智能装备产品具备更高效、高精度、智能化、绿色化等特征。机器人化智能激光系统是综合运用激光技术、感知技术、机器人技术、AI技术等，能够独立实现智能控制、智能调质、感知、定位、加工以及质量闭环监测与优化的激光系统。感谢您的关注。问：4月 13日，公司与武创院全面战略合作，组建“激光应用与高端装备创新枢纽”，重点布局“新一代电池智能装备产业、工业人形机器人、第三代太阳能电池高端装备、半导体先进封测及智慧物流装备”等四大领域。请问在半导体先进封测方面，公司的技术及今后规划布局的情况？在半导体智慧物流方面，公司除现有的半导体 AMHS系统设备外，是否有计划开发其他半导体智慧物流方面的技术、产品？半导体 AMHS系统设备目前的市场需求及订单情况如何？谢谢！答：尊敬的投资者您好，公司积极关注半导体封测领域的发展机会，将推动业务与资本的协同发展；公司控股子公司新聚力已在国内率先推出 Stocker、ZipTower、OHT等 AMHS系统全系列核心设备，实现部分核心设备的国产替代，并已部分形成批量订单；随着 12英寸晶圆厂的建设，AMHS被广泛应用，市场规模高速增长，根据 SEMI数据显示，2015~2022年全球 AMHS市场复合增长率 24%，预计 2025年全球 AMHS市场规模将达到 39.2亿美元；目前，海外企业占据主要市场份额，国产替代空间巨大，未来公司将进一步加大拓展力度，并在核心软件与零部件方面进一步发力。感谢您的关注。问：公司提到“新一代电池智能装备产业”是重点布局领域之一，请问公司“新一代电池智能装备”主要有哪些？相关设备的应用领域及前景如何？谢谢！答：尊敬的投资者您好，公司“新一代电池智能装备”主要包括圆柱全极耳电池智能装配设备、固态电池设备、钠电池设备等设备。随着全球电动化趋势加速以及电池安全新国标的发布，大圆柱全极耳电池、固态电池、钠电池等先进电池技术，凭借各自优势，适用于新能源汽车、储能、轻型车、eVTOL、机器人等不同应用场景，市场空间广阔。感谢您的关注。问：请问公司在钙钛矿太阳能电池高端装备领域主要开发了哪些产品？是否已交付客户使用？目前订单（或潜在客户、订单）及规划布局情况如何？钙钛矿太阳能电池相比传统太阳能电池有何优点？钙钛矿太阳能电池主要有哪些应用场景？市场前景如何？谢谢！答：尊敬的投资者您好，公司针对不同市场需求，开发了 P1/P2/P3激光划线到 P4激光清边，集成 P1/P2/P3/P4功能的一体化设备、切割裂片清边一体化设备、XBC电池激光开窗设备、玻璃封焊及退火等全系列高端激光装备，部分产品实现了交付。钙钛矿太阳能电池作为第三代光伏太阳能电池，具备转换效率更高、轻薄柔性、更低成本等优势。主要应用场景有集中式光伏、分布式光伏、BIPV、3C行业等方面，市场前景广阔。感谢您的关注。问：请问公司在工业和人形机器人领域目前的开展情况？以及今后规划布局思路？公司开发的机器人化智能激光系统主要应用领域应用场景有哪些？谢谢！答：尊敬的投资者您好！公司的合资公司湖北武逸科技有限公司与院士团队、武昌区政府共同投资设立了湖北荆楚人形机器人有限公司，将布局智能装备与机器人发展的共性技术和核心部件，以提升装备的智能化、柔性化为牵引，通过具身智能技术赋能专业装备和工业制造的 AI智能化升级，逐步实现人形机器人在工业场景的商业化应用落地，并不断延伸打造全新的产业集群。公司开发的机器人化智能激光系统主要应用领域有新能源电池、钙钛矿太阳能电池、航空航天、医疗、工业制造等。感谢您的关注。问：公司提到 2024年三季度以来，市场大圆柱电池需求放量，公司大圆柱特别是46系大圆柱电池量产线迎来千 PPM级批量交付，陆续下线 50/120/150/240/300/360PPM等多条量产线。请问：1、相关产线从生产到交付使用、验收并计入营业收入大概多久时间？2、公司在行业内首推的高速磁悬浮全极耳大圆柱电池组装线有哪些优势？3、公司目前订单（包括大圆柱电池产线、固态电池、钙钛矿太阳能、半导体 Amhs系统设备等公司相关业务）情况如何？谢谢！答：尊敬的投资者您好！公司圆柱全极耳智能装配线具有非标准、定制化特性，从订单到确认收入需要经过物料采购、组装调试、客户现场的安装调试、试运行、验收等多个环节，而验收周期受产品技术工艺复杂程度、组装调试难度、付款进度、客户场地准备等多种因素的影响，该类产线转化为收入的周期一般为 8-20个月。公司新推出的高速磁悬浮全极耳大圆柱电池组装线兼具高效率、高精度、高良率、低能耗、低维护成本的优势，适用于大圆柱全极耳电池的大规模量产应用。目前，公司订单充裕，其中，大圆柱全极耳电池装配线订单占比较高，固态电池设备、钙钛矿太阳能、半导体 Amhs系统设备等产品已实现了客户交付。感谢您的关注。问：公司 2024年报审计报告中提到的 5100万元募集资金使用可能存在不规范情况，导致公司被 st。请问相关问题的核实结果如何？预计何时能够处理好相关问题？谢谢！答：尊敬的投资者您好！公司高度重视此次事项，已开展全面自查整改，并积极采取措施尽快解决上述事项以消除对公司的影响，切实保护投资者合法权益。公司于 2024年 5月 5日，召开董事会，针对内控审计报告涉及的募集资金等重点事项进行了系统修订，以优化相关内控流程与内控制度，提升公司治理水平，保证公司持续稳定健康发展。同时，公司积极实施股份回购和高管增持。目前，公司正积极配合中介机构进行专项核查，具体情况请关注后续公司披露的公告。感谢您的关注。问：（1）公司目前订单情况如何？产能情况如何？产能利用率多少？库存情况如何？后续是否有扩产计划？（2）公司今年主要工作是什么？主要业绩增长点是什么？（3）收并购方面，公司有哪些规划与考虑？（4）近期，中美关税政策变化引发市场高度关注。美国关税政策对公司业务产生哪些影响？公司有何应对举措？（5）未来 1-2年，公司研发重点是什么？有哪些业务规划？海外市场方面有何布局与考虑？答：尊敬的投资者您好！今年以来，公司新增订单增多，且公司加大海外市场的拓展，海外订单也实现一定突破。目前公司产能利用率处于较高水平；同时，公司将积极推进募投项目的建设，并开启华中智能制造基地三期项目的建设工作，预计建成投产后，产能将会进一步扩产，以满足全球多元化业务的发展需求。整体来看，中美关税政策变化对公司业务的影响较小。关于投资并购方面，公司会根据整体战略规划、业务发展等情况，持续关注激光与光电产业、高端智能装备产业、新能源电池产业及其他新兴领域内的相关机会。2025年，公司将进一步落实“激光+智能装备”平台化升级发展战略，加大市场拓展力度，把握全球圆柱电池加速放量机遇，持续巩固圆柱全极耳电池装备的优势地位，推动光伏钙钛矿超快激光加工设备、半导体 AMHS核心设备等新产品加速投向市场；进一步提升管理效率、强化成本管理、加大应收账款催收力度，系统保障和提升公司盈利能力；同时，公司将坚持以创新为驱动，加快推动业务与资本的协同发展，全面拥抱AI、人形机器人等新兴技术，实现对现有技术和产品的升级，并积极拓展新技术、新产品、新应用，以寻求新的业绩增长点。感谢您的关注。问：请问在 4680大圆柱电池设备领域，是否已形成差异化技术壁垒？答：尊敬的投资者您好，公司圆柱全极耳电池激光封装产线具有高效率、高精度、高良率、高稳定性的特点，可以适用于直径 18-80mm圆柱全极耳电池的量产应用，拥有 420余项相关专利布局，其中已授权发明专利 50余项，技术水平行业领先，入选了国家级制造业单项冠军产品。针对 4680、4695、46120等 46系大圆柱电池，公司在全极耳无损成型、全极耳集流盘焊接与温升控制、以及整线系统等方面都已形成一定的技术壁垒，相关产品也已批量交付给行业知名客户。感谢您的关注。问：2024年 11月首届珠海国际灵巧操作挑战赛暨具身智能产业大会在珠海举办。大会现场，润星泰电器、逸科兴制造等企业发布了在具身智能产业链 11项重大科研攻关项目。经了解，逸科兴制造发布的具身智能产业链重大科研攻关项目为“大圆柱电池组装工序解决方案”。逸科兴制造为逸飞激光 2023年底在珠海成立的子公司。请问“大圆柱电池组装工序解决方案”与具身智能产业有何关系，在具身智能产业中的作用是什么？谢谢！答：尊敬的投资者您好！人形机器人等具身智能需要电池作为能源供应载体，大圆柱电池与全极耳技术的结合能够发挥电池的安全性与动力性能优势，为具身智能带来澎湃动力；大圆柱电池组装工序是圆柱电池生产的关键工序，大圆柱电池装备是具身智能产业的商业化发展重要的基础支撑装备。感谢您的关注。问：公司的订单获取策略更侧重技术优势还是价格竞争？答：尊敬的投资者您好，一直以来，公司坚持创新和质量驱动发展的策略，订单获取一般以客户需求为导向，以技术优势为核心，同时兼顾产品、价格、服务等因素，形成差异化竞争力。感谢您的关注。问：公司年报审计中提到的 5100万工程款问题究竟是什么情况？核实清楚了吗？什么时候可以正式公告告知投资者？答：尊敬的投资者您好！公司高度重视此次事项，已开展全面自查整改，并积极采取措施尽快解决上述事项以消除对公司的影响，切实保护投资者合法权益。公司于 2024年 5月 5日，召开董事会，针对内控审计报告涉及的募集资金等重点事项进行了系统修订，以优化相关内控流程与内控制度，提升公司治理水平，保证公司持续稳定健康发展。同时，公司积极实施股份回购和高管增持。目前，公司正积极配合中介机构进行专项核查，具体情况请关注后续公司披露的公告。感谢您的关注。问：公司在年报中说，2024年，受锂电行业竞争加剧的影响，公司锂电设备毛利率短期内有所下滑。请问 2025年一季度市场情况如何？公司认为二季度及全年，市场情况是否会好转？答：尊敬的投资者您好！公司 2025年第一季度实现营业收入 236,035,977.10元，同比增长 97.61%，毛利率为 22%，公司毛利率受收入结构、当期项目验收、原材料价格等多方面因素的影响，也会受行业竞争情况影响，短期内存在一定的波动性。2024年，全球新能源电池市场需求增速放缓，电池装备市场需求放缓或延迟，市场竞争加剧，第四季度才开始呈现部分企稳回升迹象。2025年第一季度公司新签订单增多，且公司加大海外市场的拓展，海外订单也实现一定突破，2025年二季度及全年有望延续行业回升趋势，同时圆柱全极耳产品系列有望加速量产。感谢您的关注。问：请问公司在工业和人形机器人领域的开展情况以及今后规划布局思路？谢谢！答：尊敬的投资者您好，公司是行业领先的激光与智能装备提供商，在人工智能、工业机器人等方面已经形成一定的技术储备，应用于智能化激光装备以及整厂智慧物流解决方案等方面。同时，公司的合资公司湖北武逸科技有限公司与院士团队、武昌区政府共同投资设立了湖北荆楚人形机器人有限公司，将布局智能装备与机器人发展的共性技术和核心部件，以提升装备的智能化、柔性化为牵引，通过具身智能技术赋能专业装备和工业制造的 AI智能化升级，并结合装备智能化与工程化优势，加速实现人形机器人在工业场景的商业化应用落地。感谢您的关注。问：4月 13日，逸飞激光与武创院联合成立“激光应用与高端装备创新枢纽”，重点布局新一代电池智能装备产业、工业人形机器人、第三代太阳能电池高端装备、半导体先进封测及智慧物流等四大领域。请问公司在半导体先进封测方面的规划布局思路及研发、技术、产品（或潜在客户）情况如何？在半导体智慧物流方面，公司除半导体 AMHS系统设备外，是否有计划开发其他半导体智慧物流方面的技术、产品？谢谢！答：尊敬的投资者您好，公司积极关注半导体封测领域的发展机会，将推动业务与资本的协同发展；公司控股子公司新聚力已在国内率先推出 Stocker、ZipTower、OHT等 AMHS系统全系列核心设备，实现部分核心设备的国产替代，并已部分形成批量订单；随着 12英寸晶圆厂的建设，AMHS被广泛应用，市场规模高速增长，根据 SEMI数据显示，2015~2022年全球AMHS市场复合增长率 24%，预计 2025年全球 AMHS市场规模将达到 39.2亿美元；目前，海外企业占据主要市场份额，国产替代空间巨大，未来公司将进一步加大拓展力度，并在核心软件与零部件方面进一步发力。感谢您的关注。问：5月 15-17日，在深圳举行的中国国际电池技术展，以及武汉举行的“中国光谷”国际光电子博览会上，请问公司有哪些新技术新产品发布？相关新技术新产品的应用场景、发展前景如何？在电池、光伏、半导体等智能装备有何特点？智能激光系统是什么？在技术上有何特点？主要有哪些应用场景及前景？谢谢！答：尊敬的投资者您好，此次展会上，公司全新推出了智能激光系统、新一代密封钉高速装配站、新一代高速氦检机等新产品及新技术，同时，公司结合全球市场需求及标准体系，推出了电池封装、模组 PACK装配、储能集装箱系统装配、电池 CTP系统装配、结构件装配、智慧物流系统及设备等全新的产品系列，相关新技术、新产品契合装备智能化与全球化发展趋势，发展前景广阔。公司创新性将激光技术与工业互联网、人工智能、数字孪生等前沿技术进行深度融合，构建了一套高度智能化、可闭环迭代的制造体系，公司智能装备产品具备更高效、高精度、智能化、绿色化等特征。机器人化智能激光系统是综合运用激光技术、感知技术、机器人技术、AI技术等，能够独立实现智能控制、智能调质、感知、定位、加工以及质量闭环监测与优化的激光系统。感谢您的关注。问：请问公司在钙钛矿太阳能电池高端装备领域的技术、产品、订单（或潜在客户）及规划布局情况？钙钛矿太阳能电池相比传统太阳能电池有何优点？钙钛矿太阳能电池主要有哪些应用场景？市场前景如何？谢谢！答：尊敬的投资者您好，公司针对不同市场需求，开发了 P1/P2/P3激光划线到 P4激光清边，集成 P1/P2/P3/P4功能的一体化设备、切割裂片清边一体化设备、XBC电池激光开窗设备、玻璃封焊及退火等全系列高端激光装备，部分产品实现了交付。钙钛矿太阳能电池作为第三代光伏太阳能电池，具备转换效率更高、轻薄柔性、更低成本等优势。主要应用场景有集中式光伏、分布式光伏、BIPV、3C行业等方面，市场前景广阔。感谢您的关注。问：建议公司开发、生产电池精密结构件特别是大圆柱全极耳电池、固态电池等电池精密结构产品。电池精密结构件产品属于一次性产品，且生产、结算周期较短。基于公司在圆柱全极耳电池、固态电池等电池领域的技术、产品、客户，以及公司电池结构件装配解决方案等优势，公司可以考虑开发、生产电池精密结构件特别是大圆柱全极耳电池、固态电池等电池精密结构件产品，可以更好地为电池生产生产商客户提供完善的技术、产品配套服务，有利于产业链的协同，拓展公司电池产业链相关产品业务。谢谢！答：尊敬的投资者您好，公司将会认真听取投资者的意见、建议，并根据实际情况与市场需求对相关新业务进行分析与论证，在保障公司核心竞争力的同时，不断拓展新技术、新产品、新业务。感谢您的宝贵建议。ST逸飞（688646）主营业务：从事精密激光加工智能装备研发、设计、生产和销售。ST逸飞2025年一季报显示，公司主营收入2.36亿元，同比上升97.61%；归母净利润907.73万元，同比下降42.7%；扣非净利润627.5万元，同比下降28.22%；负债率43.7%，投资收益337.19万元，财务费用121.5万元，毛利率22.0%。该股最近90天内共有1家机构给出评级，增持评级1家。以下是详细的盈利预测信息：以上内容为证券之星据公开信息整理，由AI算法生成（网信算备310104345710301240019号），不构成投资建议。",0,证券之星财经,5187193467,2025-05-16 09:40:20,0,0,0,17077,1,雪球,https://xueqiu.com/5187193467/335380726,2026-07-08 16:21:35
335428443,SH688646,ST逸飞,,$ST逸飞(SH688646)$ST易见年报被出具无法表示意见的原因主要是2020年年报• 财务造假：证监会查出公司2015年至2020年定期报告存在虚假记载和重大遗漏，涉及多年财务数据造假，影响重大且性质恶劣，导致审计机构无法对财务报表的真实性和准确性发表肯定意见。2021年年报• 持续经营能力存疑：公司面临后续债务到期还款、银行账户及子公司股权被冻结、多笔诉讼等问题，资金压力大，经营受到严重影响，持续经营能力存在重大不确定性，审计机构无法判断公司基于持续经营假设编制的财务报表是否适当。• 前期差错更正复杂：公司因财务造假对2015年至2020年度财务数据进行追溯调整，涉及事项形成原因复杂，审计机构无法获取充分适当的审计证据确认期初金额的准确性及对本期财务报表的影响。2023年年报• 持续经营能力依旧存疑：公司报出的2023年度财务报告中净亏损7.93亿元，已连续多年亏损，还存在债务逾期、对外担保连带赔偿压力、原控股股东资金占用未解决、大额应收款未收回、业务量收缩、资不抵债、多起诉讼及仲裁等问题，持续经营能力的不确定性仍未消除。• 涉嫌违法犯罪未定性：公司就部分前任高管涉嫌违法犯罪向公安机关报案，在司法机关对相关应收债权的金额及可回收金额未做最终认定前，审计机构无法获取充分适当的审计证据确认应收债权金额及坏账准备金额的准确性。,0,一瞬流光刺长空,5136045137,2025-05-17 00:02:18,3,0,0,16051,0,iPhone,https://xueqiu.com/5136045137/335428443,2026-07-08 16:21:35
335487750,SH688646,ST逸飞,ST逸飞，固态电池设备商,$ST逸飞(SH688646)$ $国轩高科(SZ002074)$$固态电池(BK2622)$ 国轩高科在昨日(25.05.17)发布固态电池垣准固态电池:这是一款 197Ah 的方形电池，电芯能量密度可达 300Wh/kg 以上，系统能量密度可达 235Wh/kg 以上，较同体积液态电池系统能量提升超 36%。其应用场景广泛，包括 eVTOL、新能源汽车、人形机器人等。该电池年产能约为 12GWh，已完成超 5 家客户电芯送样测试，超 4 家客户上车测试，搭载 G 垣准固态电池的 “001” 号样车总里程已经超过 1 万公里。逸飞激光：国轩高科设备战略供应商。2024年12月，国轩高科第14届供应商大会暨2025战略发布会上，逸飞激光荣获国轩高科“2024年度卓越供应奖”，并签约成为2025设备战略供应商。25年Q1前十大股东，国轩高科赫然在列，彰显对上游供应商公司的信心！逸飞激光有各式新能源电池装配线解决方案：另外装配线也适用固态/半固态电池，相信固态电池的发展定能给公司带来正向收益。风险：年报保留意见，固态电池产业发展不及预期！,0,反-而,7054026908,2025-05-18 06:18:00,1,5,0,39351,4,雪球,https://xueqiu.com/7054026908/335487750,2026-07-08 16:21:35
335550336,SH688646,ST逸飞,,$ST逸飞(SH688646)$ 真正的行业龙头+优质芯片股+大手笔增持.唯一还在底部的ST股！,0,优质股-淡定涨跌,7324375917,2025-05-19 02:52:38,0,0,0,14354,0,雪球,https://xueqiu.com/7324375917/335550336,2026-07-08 16:21:35
335589090,SH688646,ST逸飞,,$ST逸飞(SH688646)$ ST拖后腿的，质地不差，回购，就是科创板块缺少ST资金。,0,镭加音,7222404707,2025-05-19 07:11:13,1,0,0,16375,0,iPhone,https://xueqiu.com/7222404707/335589090,2026-07-08 16:21:33
335625197,SH688646,ST逸飞,ST逸飞：5月16日高管吴轩增持股份合计4万股,证券之星消息，根据5月19日市场公开信息、上市公司公告及交易所披露数据整理，ST逸飞（688646）最新董监高及相关人员股份变动情况：2025年5月16日公司董事吴轩共增持公司股份4.0万股，占公司总股本为0.042%。变动期间公司股价上涨0.34%，5月16日当日收盘报26.36元。ST逸飞近半年内的董监高及核心技术人员增减持详情如下：ST逸飞的高管列表及最新持股情况如下：该股最近90天内共有1家机构给出评级，增持评级1家。以上内容为证券之星据公开信息整理，由AI算法生成（网信算备310104345710301240019号），不构成投资建议。,0,证券之星财经,5187193467,2025-05-19 12:10:45,0,0,0,13545,0,雪球,https://xueqiu.com/5187193467/335625197,2026-07-08 16:21:33
335643916,SH688646,ST逸飞,ST逸飞董事吴轩增持4万股，增持金额105.24万元,每经AI快讯，据上交所官网，2025年5月16日，ST逸飞（SH 688646，收盘价：26.87元）董事吴轩通过二级市场买卖，增持公司4万股，成交均价26.31元/股，增持105.24万元。 （记者 曾健辉） 免责声明：本文内容与数据仅供参考，不构成投资建议，使用前请核实。据此操作，风险自担。 每日经济新闻,0,每日经济新闻,4642157440,2025-05-19 15:20:33,0,0,0,13582,0,雪球,https://xueqiu.com/4642157440/335643916,2026-07-08 16:21:33
335731292,SH688646,ST逸飞,,$ST逸飞(SH688646)$ st涨你不跟，电池涨你不跟，激光设备涨你还不跟，微盘股涨，你又不跟。这几个一跌，你直接领跌。,0,老百姓赢麻了,3497527004,2025-05-20 06:52:37,1,0,0,16853,0,雪球,https://xueqiu.com/3497527004/335731292,2026-07-08 16:21:33
335782198,SH688646,ST逸飞,,$ST逸飞(SH688646)$ $ST逸飞(SH688646)$ 主力高度控盘.占总股本56.25%.近期大股东增持26.6元.因为内控戴帽，看金额问题不大，有增持回购，行业也不错值得研究！,0,吴帝兴,9613360957,2025-05-20 13:31:34,0,0,0,15779,1,雪球,https://xueqiu.com/9613360957/335782198,2026-07-08 16:21:33
335819686,SH688646,ST逸飞,,$ST逸飞(SH688646)$ 不知道这些机构有没有清理完,0,镭加音,7222404707,2025-05-21 01:43:24,2,0,0,18387,0,iPhone,https://xueqiu.com/7222404707/335819686,2026-07-08 16:21:33
336030206,SH688646,ST逸飞,,$ST逸飞(SH688646)$ 这公司2023年7月上市，上市2年不到，如果真的立案，搞不好涉及欺诈发行，那就真的GG了,0,叶落花飞,2091889555,2025-05-22 07:03:01,7,0,0,15766,0,雪球,https://xueqiu.com/2091889555/336030206,2026-07-08 16:21:33
336060329,SH688646,ST逸飞,,ST逸飞：逸飞激光2024年年度股东大会决议公告 网页链接,0,ST逸飞(SH688646),0,2025-05-22 10:41:01,0,0,0,13224,0,公告,https://xueqiu.com/S/SH688646/336060329,2026-07-08 16:21:33
336060332,SH688646,ST逸飞,,ST逸飞：北京德恒（杭州）律师事务所关于武汉逸飞激光股份有限公司2024年年度股东大会的法律意见书 网页链接,0,ST逸飞(SH688646),0,2025-05-22 10:41:01,0,0,0,13950,0,公告,https://xueqiu.com/S/SH688646/336060332,2026-07-08 16:21:33
336070946,SH688646,ST逸飞,,@爱吃牛排的脑洞君:有几个细节，22年上市时保荐资料的签字会计师是立信的梁谦海，代华威，23年审计报告的签字会计师也是这两位。24年换了签字会计师，问题就被爆出来了。不排除这个问题是为了冲上市埋下的，鉴于“国九条”之后的强监管，新换上来的会计师也不想背这个锅。还有这次的问题有个蹊跷的地方是募集资金一层层支付之后回到了上市公司的6家客户那里，那这6个客户不可能正好又是募投项目的基建方，如果不是基建方，这笔钱以工程款名义给到下游客户是为了什么，合理猜测是造成资金闭环，也就是这6个客户的销售款真实性要打个问号。这个问题严不严重，会不会再爆出其他财务造假，提供虚假材料的问题，如果上升要立案，那就问题大了。$ST逸飞(SH688646)$,0,爱吃牛排的脑洞君,1780264876,2025-05-22 12:26:41,1,2,0,20285,0,Android,https://xueqiu.com/1780264876/336070946,2026-07-08 16:21:33
336071845,SH688646,ST逸飞,,立信也是尽力了，这个问题盖是不能盖了，但又不能不顾及后果，毕竟保荐也有他们的份。所以审计意见只给了保留意见，内控给了否定意见。这事件的本质是内控问题吗？这么表述有点偷换概念，也给后面处理这个遗留问题留出了时间和空间。$ST逸飞(SH688646)$,0,爱吃牛排的脑洞君,1780264876,2025-05-22 12:37:19,0,0,0,20404,0,Android,https://xueqiu.com/1780264876/336071845,2026-07-08 16:21:33
336100347,SH688646,ST逸飞,,$ST逸飞(SH688646)$ 固态电池这一波应该说还没有玩，原因是最近芯片等都凉了找不到热点。昨天审慎干了ST逸飞，结果被套了2千多。有持有这只票的股友没有，支个招，今天是卖出还是留着？,0,摩西之西,3182519529,2025-05-22 23:49:40,1,0,0,32270,0,雪球,https://xueqiu.com/3182519529/336100347,2026-07-08 16:21:33
336468410,SH688646,ST逸飞,,$ST逸飞(SH688646)$ 大概率要被立案处理。,0,凡是求真,4127426837,2025-05-26 21:59:06,0,4,0,17165,0,iPhone,https://xueqiu.com/4127426837/336468410,2026-07-08 16:21:33
336757492,SH688646,ST逸飞,,$ST逸飞(SH688646)$ 这只股因为是科创板的st，关注的人非常少。戴帽st原因：“因立信会计师事务所（特殊普通合伙）出具了否定意见的内部控制审计报告和保留意见的审计报告”。被st之后立即发布增持计划，实控人开始增持，目前增持了4万股，按26元的价格还要买26万股达到增持计划的下限800万元。如果没有暗雷，当前价格就是月线底部区域。目前争论的是会不会立案，甚至财务造假。不太确定，有哪位高人指点一下？,0,戴帽执剑人,4661084698,2025-05-28 15:38:45,12,0,0,25324,1,Android,https://xueqiu.com/4661084698/336757492,2026-07-08 16:21:33
336947420,SH688646,ST逸飞,,$ST逸飞(SH688646)$ 湖北“荆楚”人形机器人已启动量产规划工作，预计今年3季度将陆续走上工作岗位。”该机器人对标特斯拉人形机器人，采用丝杠驱动方案，优点通俗地讲就是能干重活，而且能耗低、续航长。据了解，湖北荆楚人形机器人有限公司是武创院与逸飞激光联合打造“武创院激光应用与高端装备创新枢纽”的首个示范项目，武逸科技是创新枢纽的运营实体，也是“荆楚”人形机器人项目实施主体。具体来看，武昌营造发展环境，丁汉教授团队注入科研成果，武创院匹配转化路径，逸飞激光主导工程落地和创新应用，首义科创投提供金融配套和办公研发场地服务，全要素协同在武昌形成了产业闭环。,0,竹内龙马,5877616117,2025-05-30 02:19:16,0,0,0,16500,0,雪球,https://xueqiu.com/5877616117/336947420,2026-07-08 16:21:33
336952322,SH688646,ST逸飞,,华中科技大学丁汉教授团队、武汉产业创新发展研究院、武汉首义科创投集团和逸飞激光（ST逸飞）昨日共同签署人形机器人产业化项目合作协议。据介绍，“荆楚”人形机器人已启动量产，有望今年三季度“上岗”。,0,私募小韭菜2019,1855261132,2025-05-30 02:35:53,2,3,0,16490,0,雪球,https://xueqiu.com/1855261132/336952322,2026-07-08 16:21:33
337025301,SH688646,ST逸飞,,ST逸飞：逸飞激光关于公司股票被实施其他风险警示的进展公告 网页链接,0,ST逸飞(SH688646),0,2025-05-30 09:57:01,0,0,0,11959,0,公告,https://xueqiu.com/S/SH688646/337025301,2026-07-08 16:21:33
337025302,SH688646,ST逸飞,,ST逸飞：逸飞激光关于收到湖北证监局警示函的公告 网页链接,0,ST逸飞(SH688646),0,2025-05-30 09:57:01,8,1,1,21628,1,公告,https://xueqiu.com/S/SH688646/337025302,2026-07-08 16:21:30
337030289,SH688646,ST逸飞,ST逸飞及相关责任人因信息披露不准确被警示,ST逸飞（688646）发布公告，2025年5月30日公司收到湖北证监局出具的警示函。 公告指出，公司在2024年年度报告中披露的归母净利润为2433万元，较2023年度减少75.94%，净利润降幅超50%，且未披露2024年度业绩预告。公司此前在2025年2月28日披露的业绩快报中显示，2024年度营业收入为8.75亿元，归母净利润为7137万元，扣非净利润为4532万元，后续更正为营业收入6.92亿元，归母净利润2433万元，扣非净利润941万元。公司业绩快报披露的营业收入、归母净利润、扣非净利润等与年度报告披露的相关数据存在重大差异，业绩快报披露不准确。 公司的行为违反了《上市公司信息披露管理办法》的相关规定，董事长吴轩、财务总监王树及董事会秘书曹卫斌对此负有主要责任。湖北证监局决定对公司及相关责任人采取警示函的行政监管措施，并将其记入证券期货市场诚信档案。 2025年一季度，ST逸飞实现收入2.36亿元，归母净利润908万元。,0,ST逸飞(SH688646),0,2025-05-30 10:44:31,0,0,0,12188,0,新闻,https://xueqiu.com/S/SH688646/337030289,2026-07-08 16:21:30
337030932,SH688646,ST逸飞,,$ST逸飞(SH688646)$ 公司基本面+行业不错+回购。警示函只提到业绩披露问题，轻拿轻放。说明后续立案可能性并不大。若果真如此，这里确实是不错的买点,0,耐心用心,8690128747,2025-05-30 10:51:34,5,3,0,18465,0,Android,https://xueqiu.com/8690128747/337030932,2026-07-08 16:21:30
337038016,SH688646,ST逸飞,,$ST逸飞(SH688646)$ 算是有结论了，是不是可以放心开仓了,0,镭加音,7222404707,2025-05-30 12:11:34,2,0,0,18374,0,iPhone,https://xueqiu.com/7222404707/337038016,2026-07-08 16:21:30
337043664,SH688646,ST逸飞,,$ST逸飞(SH688646)$ 警示函内容：1.公司未披露 2024 年度业绩预告。2.业绩快报披露不准确。初步判断问题不大。实控人自己掏钱增持，自己公司老板最懂。一季度营收增加+回购+实控人增持，题材也不错。没有什么热度，股价历史底部区域。用仓位控制风险。,0,戴帽执剑人,4661084698,2025-05-30 13:23:55,0,0,0,20655,0,雪球,https://xueqiu.com/4661084698/337043664,2026-07-08 16:21:30
337216116,SH688646,ST逸飞,,$ST逸飞(SH688646)$ 唯一担忧就是会不会被立案，希望处罚结果早点出，如果不立案只是行政处罚的话这个价位闭眼买,0,月入一千八,4822589592,2025-06-02 15:39:42,1,2,0,17125,1,Android,https://xueqiu.com/4822589592/337216116,2026-07-08 16:21:30
337306333,SH688646,ST逸飞,,回复@飞教头: ST逸飞，老师怎么看啊//@飞教头:回复@咖喱noo:,0,用户9282747463,9282747463,2025-06-03 07:37:55,0,0,0,14431,0,雪球,https://xueqiu.com/9282747463/337306333,2026-07-08 16:21:30
337320657,SH688646,ST逸飞,,ST逸飞：逸飞激光关于第二期以集中竞价交易方式回购公司股份的进展公告 网页链接,0,ST逸飞(SH688646),0,2025-06-03 09:21:05,0,0,0,17083,0,公告,https://xueqiu.com/S/SH688646/337320657,2026-07-08 16:21:30
337337811,SH688646,ST逸飞,ST逸飞：5月30日高管吴轩增持股份合计3万股,证券之星消息，根据6月3日市场公开信息、上市公司公告及交易所披露数据整理，ST逸飞（688646）最新董监高及相关人员股份变动情况：2025年5月30日公司董事吴轩共增持公司股份3.0万股，占公司总股本为0.0315%。变动期间公司股价下跌1.07%，5月30日当日收盘报25.82元。ST逸飞近半年内的董监高及核心技术人员增减持详情如下：ST逸飞的高管列表及最新持股情况如下：该股最近90天内共有1家机构给出评级，增持评级1家。以上内容为证券之星据公开信息整理，由AI算法生成（网信算备310104345710301240019号），不构成投资建议。,0,证券之星财经,5187193467,2025-06-03 12:10:17,0,1,0,18676,0,雪球,https://xueqiu.com/5187193467/337337811,2026-07-08 16:21:30
337476515,SH688646,ST逸飞,,ST逸飞：逸飞激光关于股东减持股份计划时间届满暨减持股份结果公告 网页链接,0,ST逸飞(SH688646),0,2025-06-04 10:17:01,1,0,0,17619,0,公告,https://xueqiu.com/S/SH688646/337476515,2026-07-08 16:21:30
337481625,SH688646,ST逸飞,6月4日ST逸飞发布公告，股东减持42.01万股,证券之星消息，6月4日ST逸飞发布公告《ST逸飞:逸飞激光关于股东减持股份计划时间届满暨减持股份结果公告》，其股东广州怡珀新能源产业投资管理有限责任公司-广州怡珀新能源产业股权投资合伙企业(有限合伙)于2025年3月4日至2025年6月3日间合计减持42.01万股，占公司目前总股本的0.4414%，变动期间该股股价下跌31.19%，截止6月3日收盘报26.49元。股东增减持详情见下表：根据ST逸飞2025年一季报公布的十大股东详情如下：以上内容为证券之星据公开信息整理，由AI算法生成（网信算备310104345710301240019号），不构成投资建议。,0,证券之星财经,5187193467,2025-06-04 11:10:37,0,0,0,17515,0,雪球,https://xueqiu.com/5187193467/337481625,2026-07-08 16:21:30
337768517,SH688646,ST逸飞,,$ST逸飞(SH688646)$ 进入全力进攻状态,0,91百万实盘起步,1205532427,2025-06-06 08:31:10,0,0,0,17686,0,iPhone,https://xueqiu.com/1205532427/337768517,2026-07-08 16:21:30
337889397,SH688646,ST逸飞,,$ST逸飞(SH688646)$ 进攻尚早，潜力无潜无限，需要沉淀！,0,股海老班长,8629853875,2025-06-08 05:05:20,0,1,0,14643,0,雪球,https://xueqiu.com/8629853875/337889397,2026-07-08 16:21:30
338023579,SH688646,ST逸飞,,$ST逸飞(SH688646)$ 9100股，耐心之树结黄金之果,0,91百万实盘起步,1205532427,2025-06-09 08:49:18,0,3,0,16058,0,iPhone,https://xueqiu.com/1205532427/338023579,2026-07-08 16:21:30
338027333,SH688646,ST逸飞,,ST逸飞：逸飞激光关于参加湖北辖区上市公司2025年投资者网上集体接待日活动的公告 网页链接,0,ST逸飞(SH688646),0,2025-06-09 09:17:01,0,0,0,11495,0,公告,https://xueqiu.com/S/SH688646/338027333,2026-07-08 16:21:30
338155031,SH688646,ST逸飞,,$ST逸飞(SH688646)$ 和武汉政府合作的公司主营机器人业务，建个底仓,0,杰斯的明天,4097152295,2025-06-10 06:04:52,2,2,0,12509,0,Android,https://xueqiu.com/4097152295/338155031,2026-07-08 16:21:30
338233571,SH688646,ST逸飞,ST逸飞获得发明专利授权：“一种两驱多位的圆柱电芯上料装置”,证券之星消息，根据天眼查APP数据显示ST逸飞（688646）新获得一项发明专利授权，专利名为“一种两驱多位的圆柱电芯上料装置”，专利申请号为CN202310068536.6，授权日为2025年6月10日。专利摘要：本发明锂电池生产技术领域，提供一种两驱多位的圆柱电芯上料装置，包括：移载机构、电芯翻转机构及电芯变距机构；移载机构用于将电芯步送线上呈水平状态的多个电芯移载至电芯翻转机构上，电芯翻转机构用于将水平状态的多个电芯翻转至竖直状态，移载机构用于将竖直状态的多个电芯移载至电芯变距机构上，电芯变距机构用于调节多个电芯当中任意相邻两个电芯之间的间距，移载机构用于将电芯变距机构上的间距调节后的多个电芯移载至转盘夹具上；本发明在上料过程中通过对电芯的姿态及间距的调节，以满足后续揉平装置的需求。今年以来ST逸飞新获得专利授权32个，较去年同期减少了27.27%。结合公司2024年年报财务数据，2024年公司在研发方面投入了9263.67万元，同比增33.42%。数据来源：天眼查APP以上内容为证券之星据公开信息整理，由AI算法生成（网信算备310104345710301240019号），不构成投资建议。,0,证券之星财经,5187193467,2025-06-10 18:50:22,0,2,0,14036,0,雪球,https://xueqiu.com/5187193467/338233571,2026-07-08 16:21:30
338541862,SH688646,ST逸飞,,$ST逸飞(SH688646)$ 主力应上个台阶再说，这样磨，没多大意义！,0,股海老班长,8629853875,2025-06-12 13:17:04,1,0,0,12792,0,雪球,https://xueqiu.com/8629853875/338541862,2026-07-08 16:21:29
338667403,SH688646,ST逸飞,,逸飞激光于2025年06月12日下午14:30-16:50参加了由湖北证监局、湖北省上市公司协会与深圳市全景网络有限公司联合举办的“2025年湖北辖区上市公司投资者集体接待日活动”，就投资者关心的问题进行交流，具体交流内容详见《投资者关系活动记录表-（湖北辖区上市公司2025年投资者网上集体接待日活动）》 网页链接,0,ST逸飞(SH688646),0,2025-06-13 07:30:00,0,0,0,10466,0,互动易,https://xueqiu.com/S/SH688646/338667403,2026-07-08 16:21:29
338667983,SH688646,ST逸飞,,ST逸飞：投资者关系活动记录表-（湖北辖区上市公司2025年投资者网上集体接待日活动） 网页链接,0,ST逸飞(SH688646),0,2025-06-13 07:33:03,0,0,0,13034,0,公告,https://xueqiu.com/S/SH688646/338667983,2026-07-08 16:21:29
338669179,SH688646,ST逸飞,,$ST逸飞(SH688646)$ 这票真的无人问津，个人觉得还不错,0,耐心用心,8690128747,2025-06-13 07:39:31,3,1,1,17461,0,Android,https://xueqiu.com/8690128747/338669179,2026-07-08 16:21:29
338684263,SH688646,ST逸飞,ST逸飞：6月12日召开业绩说明会，投资者参与,"证券之星消息，2025年6月13日ST逸飞（688646）发布公告称公司于2025年6月12日召开业绩说明会。具体内容如下：问：公司本次业绩说明会在遵守信息披露相关规定的前下回复投资者，回复内容不涉及未披露的重大信息。现将本次业绩说明会投资者出的及公司答复情况整理如下：答：公司本次业绩说明会在遵守信息披露相关规定的前提下复投资者提问，复内容不涉及未披露的重大信息。现将本次业绩说明会投资者提出的问题及公司复情况整理如下问：请介绍公司在同行业中具有哪些领先优势？答：尊敬的投资者您好，公司深耕精密激光加工智能装备领域，以自主创新和技术研发作为核心驱动力，形成了以精密激光加工技术为核心、以智能制造装备为载体的技术和产品体系。公司领先优势主要体现在技术创新、产品与服务、市场与品牌等方面，截至 2024 年末，公司在激光与智能化装备技术方面形成了 20项核心技术，已获授权知识产权为 633 项，其中发明专利 103 项，并构建了“技术研发-工程验证-分析测试”为一体的高效创新体系，推动技术和产品持续创新升级；在新能源电池装备领域，公司形成了智能装备与智慧物流一体的制造解决方案，获得第三方权威机构认可，核心产品入选了国家级制造业单项冠军产品；在市场与品牌方面，公司积累了丰富的优质客户资源，获得了众多海内外行业龙头与知名企业等优质客户的广泛认可，在行业内形成了良好的品牌优势。感谢您的关注。问：5100 万因非标带帽，目前进展如何?答：尊敬的投资者您好,相关事项进展具体内容详见公司于2025年 5月 31 日在上海证券交易所网站（网页链接）披露的《逸飞激光关于公司股票被实施其他风险警示的进展公告》，后续如有其他进展情况，公司将会及时履行披露义务，感谢您的关注。问：请介绍一下公司为摘除 st而作了哪些努力？对顺利摘帽是否有信心？答：尊敬的投资者您好，公司高度重视此次事项，现已开展全面自查，对公司内控体系的建设和执行进行全面梳理，及时召开董事会对关键内控制度进行快速修订，以优化相关内控流程与内控制度，提升公司治理水平，并组织全体董事、监事、高级管理人员及关键岗位人员加强对上市公司相关法律、法规及规范性文件的培训和学习；同时，公司积极配合会计师事务所和保荐机构开展补充核查工作，进一步提供相关证据资料。公司将积极采取有效措施尽快消除相关影响，并加强与监管部门的沟通汇报，及时向监管部门咨询并认真听取监管部门专业意见，争取早日申请撤销对公司股票实施的其他风险警示。感谢您的关注。问：公司会被立案调查么，审计什么时候出结果？答：尊敬的投资者您好，截至目前，公司没有收到立案调查通知，具体情况请关注公司后续进展公告。感谢您的关注。问：请公司大圆柱电池、固态电池设备在手订单特别是今年一季度以来新增订单情况怎么样？公司预计大圆柱电池、固态电池设备今年下半年的订单需求趋势会如何？公司半导体AMHS 设备、第三代光伏钙钛矿太阳能电池设备、智慧物流设备等相关产品订单及产品交付情况怎么样？公司在半导体封测业务的规划布局情况怎么样？谢谢！答：尊敬的投资者您好，目前公司订单充裕，其中，大圆柱全极耳电池装配线订单占比较高，并在海外市场取得一定突破，固态电池设备、钙钛矿太阳能、半导体 MHS 系统设备等产品已实现了客户交付。此外，公司积极关注半导体封测领域的发展机会。感谢您的关注。问：公司现在股价已经跌破发行价，公司是否有保护投资者利益升股价的切实行动？答：尊敬的投资者您好，公司积极践行“以投资者为本”的上市公司发展理念，开展和落实“提质增效重报”行动方案，积极实施股份购，第一期股份购计划已完成。截至 2025 年 5月30 日，公司的第二期股份购计划已累计购公司股份2,158,386 股，占公司总股本 95,162,608 股的比例为 2.27%，支付的资金总额为人民币 73,890,018.33 元（不含交易佣金等交易费用）。公司董事长、董事积极增持公司股份，预计增持金额为1500 万元-3000 万元。未来，公司将坚持以提高企业经营效益为核心，力争用良好的业绩推动公司内在价值长期健康发展，以报广大投资者。感谢您的关注。问：业绩预告前没考虑资产减值吗，如今股票因非标带帽腰斩北深套，公司现在业绩如何，何时能去掉 st帽子答：尊敬的投资者您好，今年以来，公司经营业务正常，新增订单增多，且公司加大海外市场的拓展，海外订单也实现一定突破，关于具体业绩情况请您关注公司后续披露的定期报告。公司将积极采取有效措施尽快消除相关影响，并加强与监管部门的沟通汇报，及时向监管部门咨询并认真听取监管部门专业意见，争取早日申请撤销对公司股票实施的其他风险警示。感谢您的关注。问：请公司人形机器人业务目前有哪些进展？荆楚人形机器人预计何时量产？主要应用场景有哪些？公司在荆楚人形机器人产业化及应用落地上主要发挥哪些作用？谢谢！答：尊敬的投资者您好，公司的合资公司湖北武逸科技有限公司与院士团队、武昌区政府共同投资设立了湖北荆楚人形机器人有限公司，目前已正式开启产业化进程，预计三季度进入小批量量产阶段。荆楚人形机器人主要应用于文旅、政务等生活场景，也能应用于装配、检测、搬运等工业场景。感谢您的关注。问：请介绍公司在机器人业务方面的工作进展成果及对未来的展望。答：尊敬的投资者您好，公司是行业领先的激光与智能装备提供商，在人工智能、工业机器人等方面已经形成一定的技术储备；同时，公司的合资公司湖北武逸科技有限公司与院士团队、武昌区政府共同投资设立了湖北荆楚人形机器人有限公司，目前已正式开启产业化进程。智能装备是 I与具身智能技术的重要载体，公司未来将继续发挥工程转化和智能制造优势，深化人形机器人与具身智能领域布局，提升公司现有装备产品的智能化、柔性化水平，推动具身智能技术等共性技术在更广泛的工业场景中转化应用，并加速推动人形机器人的商业化应用落地。感谢您的关注。问：请今年业绩会大幅增长吗？答：尊敬的投资者您好！今年以来，公司经营业务正常，新增订单增多，且公司加大海外市场的拓展，海外订单也实现一定突破。关于年度业绩情况请您关注公司后续披露的定期报告，感谢您的关注。问：请介绍公司上半年的业务改善情况，以及对下半年和未来几年的展望。答：尊敬的投资者您好！今年以来，公司经营业务正常，新增订单增多，且公司加大海外市场的拓展，海外订单也实现一定突破。未来，公司将进一步落实“激光+智能装备”平台化升级发展战略，加大市场拓展力度，把握全球电动化趋势加速的机遇，持续巩固圆柱全极耳电池装备的优势地位，推动公司主要产品走向全球市场，推动新一代光伏、半导体等领域新产品加速投向市场，并进一步提升管理效率、强化成本管理、加大应收账款催收力度，系统保障和提升公司盈利能力；同时，公司将坚持以创新为驱动，加快推动业务与资本的协同发展，全面拥抱 I、人形机器人等新兴技术，实现对现有技术和产品的升级，积极拓展新技术、新产品、新应用，以寻求新的业绩增长点，促进公司持续高质量发展。感谢您的关注。问：请介绍今年以来公司在国内外各种参会所取得的订单情况。答：尊敬的投资者您好！公司通过参加海内外展会，进一步提升品牌影响力和知名度，并拓展新市场、新客户。今年以来，公司新增订单增多，且公司加大海外市场的拓展力度，海外订单也实现一定突破，其中有部分客户是通过展会接洽并进行进一步合作的。感谢您的关注。ST逸飞（688646）主营业务：从事精密激光加工智能装备研发、设计、生产和销售。ST逸飞2025年一季报显示，公司主营收入2.36亿元，同比上升97.61%；归母净利润907.73万元，同比下降42.7%；扣非净利润627.5万元，同比下降28.22%；负债率43.7%，投资收益337.19万元，财务费用121.5万元，毛利率22.0%。以上内容为证券之星据公开信息整理，由AI算法生成（网信算备310104345710301240019号），不构成投资建议。",0,证券之星财经,5187193467,2025-06-13 09:20:23,0,0,0,16804,0,雪球,https://xueqiu.com/5187193467/338684263,2026-07-08 16:21:29
338695953,SH688646,ST逸飞,,ST逸飞：逸飞激光关于2024年年度报告的信息披露监管问询函的回复公告 网页链接,0,ST逸飞(SH688646),0,2025-06-13 11:05:00,1,0,0,16205,0,公告,https://xueqiu.com/S/SH688646/338695953,2026-07-08 16:21:29
338695954,SH688646,ST逸飞,,ST逸飞：立信会计师事务所关于武汉逸飞激光股份有限公司2024年年度报告的信息披露监管问询函回复的核查意见 网页链接,0,ST逸飞(SH688646),0,2025-06-13 11:05:00,0,0,0,16934,0,公告,https://xueqiu.com/S/SH688646/338695954,2026-07-08 16:21:29
338695955,SH688646,ST逸飞,,ST逸飞：民生证券股份有限公司关于武汉逸飞激光股份有限公司2024年年度报告的信息披露监管问询函回复的核查意见 网页链接,0,ST逸飞(SH688646),0,2025-06-13 11:05:00,0,0,0,19263,0,公告,https://xueqiu.com/S/SH688646/338695955,2026-07-08 16:21:29
338754981,SH688646,ST逸飞,,$ST逸飞(SH688646)$ 好消息啊，回复了，问题不大。立信、民生证券也都认同这个结果！5100万工程款转给了实控人的大舅哥，不过也算工程款一部分，属于关联交易，上市公司也承认了，金额不大，说清楚是小问题，再说立案的，可以闭嘴了。明年肯定摘帽！！终于不用趴在地板上一动不动了！！！起来吧,0,稳行舟,5169750628,2025-06-14 07:27:59,11,7,0,27109,0,Android,https://xueqiu.com/5169750628/338754981,2026-07-08 16:21:29
338855657,SH688646,ST逸飞,,"$ST逸飞(SH688646)$ ，下手的时间还早，但信息可以更新一下：截至2024年末，公司在手订单132,666.58万元（含税），较2023年末增长59.48%；其中对客户一的在手订单6,079.00万元，占比4.58%。公司深耕新能源锂电池装备领域，除客户一外，公司在手订单客户还包括众多动力电池与储能领域行业龙头企业，以及新开拓的多家行业知名客户。整体来看，公司在手订单客户主要为上市公司或其参股控股子公司、国有企业等具有较高的行业知名度国内外企业，经营情况较好、资金实力雄厚、未来发展前景较好。因此，公司不存在对第一大客户的依赖风险，亦不存在对第一大客户依赖显著上升的情形。公司一年的营业收入大概是7亿左右，目前的在手订单约等于11.68亿（扣税），大概1年半左右的营收。未来的收入数量有保证，质量待考。",0,江月楼,1605946057,2025-06-16 01:55:51,13,6,0,30054,2,雪球,https://xueqiu.com/1605946057/338855657,2026-07-08 16:21:29
339239133,SH688646,ST逸飞,ST逸飞：目前公司生产经营正常，截至2024年末，公司在手订单13.27亿元（含税），同比增长59.48%,同花顺（300033）金融研究中心06月18日讯，有投资者向ST逸飞提问， 请问公司目前生产经营是否正常？公司研发人员、在研项目及研发技术、产品、市场、客户等基本面是否正常？目前公司产品交付情况如何？在手订单是否充裕？谢谢！ 公司回答表示，尊敬的投资者您好，目前公司生产经营正常，截至2024年末，公司在手订单13.27亿元（含税），同比增长59.48%。今年以来，新增订单增多，且公司加大海外市场的拓展，海外订单也实现一定突破。感谢您的关注。 点击进入交易所官方互动平台查看更多,0,ST逸飞(SH688646),0,2025-06-18 10:30:22,0,0,0,16074,0,新闻,https://xueqiu.com/S/SH688646/339239133,2026-07-08 16:21:29
339245187,SH688646,ST逸飞,ST逸飞：目前公司生产经营正常,证券之星消息，ST逸飞(688646)06月18日在投资者关系平台上答复投资者关心的问题。投资者：请问公司目前生产经营是否正常？公司研发人员、在研项目及研发技术、产品、市场、客户等基本面是否正常？目前公司产品交付情况如何？在手订单是否充裕？谢谢！ST逸飞董秘：尊敬的投资者您好，目前公司生产经营正常，截至2024年末，公司在手订单13.27亿元（含税），同比增长59.48%。今年以来，新增订单增多，且公司加大海外市场的拓展，海外订单也实现一定突破。感谢您的关注。以上内容为证券之星据公开信息整理，由AI算法生成（网信算备310104345710301240019号），不构成投资建议。,0,证券之星财经,5187193467,2025-06-18 11:40:21,0,2,0,20965,0,雪球,https://xueqiu.com/5187193467/339245187,2026-07-08 16:21:29
339301479,SH688646,ST逸飞,,回复@amazw: 这个是工程款，不是上市公司的钱，有什么理由追回，又不是工程不交付！最多警示下，说实话，警示都缺乏理由，理论上不是上市公司的关联交易。可能存在猫腻，但是法理上说不了什么。$ST逸飞(SH688646)$//@amazw:回复@稳行舟:问询函是监管机构对上市公司年报中存在的疑问或异常情况进行询问，要求公司作出解释和说明。收到问询函是正常的，证监会但凡对年报披露的情况或数据有疑问就会询问，很多公司都会收到，大部分解释完了就完了。逸飞这个也涉及到了5100万的问题询问，逸飞的回应老实但不彻底，回应的是23年之前经核查无关联交易，24年除5100万其他也无关联交易，24年这个5100万确实转给了大舅哥，形成关联交易。后续又转给了6家客户没提，到大舅哥这一级停住了，解决措施也是加强制度管理，没说4845万是否追回，这等于跟监管说是有关联交易，有问题我认，后续我不犯错了，但是是否是严重一点构成资金占用或者虚增营业收入你看着办吧，我私下给你积极沟通汇报。这几天走势也说明资金对这个问询回复不温不火，如果整改彻底一点4845追回，立案肯定就没有了，估计股价早就起飞了。个人看法。,0,稳行舟,5169750628,2025-06-19 01:59:32,9,1,0,24418,0,Android,https://xueqiu.com/5169750628/339301479,2026-07-08 16:21:29
339317106,SH688646,ST逸飞,,$ST逸飞(SH688646)$ 没看懂，为啥这个工程款会从大舅哥的公司流向几个客户呢？这不像简单的资金占用，反而像是虚增收入和利润。,0,资本主义大学霸,9664832455,2025-06-19 02:50:21,4,1,0,25268,0,雪球,https://xueqiu.com/9664832455/339317106,2026-07-08 16:21:29
339325583,SH688646,ST逸飞,,$ST逸飞(SH688646)$ 每天都是高开低走高开低走，你特么做个人啊,0,老百姓赢麻了,3497527004,2025-06-19 03:21:53,0,0,0,29284,0,雪球,https://xueqiu.com/3497527004/339325583,2026-07-08 16:21:29
339378781,SH688646,ST逸飞,,$ST逸飞(SH688646)$ 很多人说担心虚增营业收入，这一点会计师事务所是不认同的，明确意见是符合会计准则的，年报是内部控制被否，不是业绩问题。回复函除了5100万存在关联方，其他都是认同的。要立案正常就不会发问询函，信披违规警示函 也发了，这样的工作流程就不是要立案的流程。静待花开！明年必摘帽，立帖！,0,稳行舟,5169750628,2025-06-19 08:10:41,2,2,0,31053,0,Android,https://xueqiu.com/5169750628/339378781,2026-07-08 16:21:29
339599436,SH688646,ST逸飞,,$ST逸飞(SH688646)$ 对于想买的人，骂醒，必须骂醒！！历史盈利最高的时候也才1亿元，对照现在股价，市盈率仍在25左右，仍然算不上低估，何况现在连年下降才2000多万呢，ST后获单能力估计进一步下降。所以这家公司后边的情况极有可能进一步恶化，就算平稳运行，也要跌倒13元左右才有博弈的性价比。牢记！！,0,九月九-登高,5029198983,2025-06-21 07:18:42,7,0,0,38678,0,Android,https://xueqiu.com/5029198983/339599436,2026-07-08 16:21:29
339930290,SH688646,ST逸飞,,回复@沈顾秋博士: st逸飞国轩高科也有持股105万股，含固态电池量虽然不高，但它的涨幅确是最低的//@沈顾秋博士:回复@沈顾秋博士:今天固态电池板块全线爆发，设备股$利元亨(SH688499)$ 涨停，底部也正式翻倍，其实$金龙羽(SZ002882)$ 和$信宇人(SH688573)$ 已经涨了一段时间了，也不是一两个个股，是赛道整体被资金认可，现在回过头看5月24日写这篇文章，感觉当时还是没有写的很透彻。国轩发布固态电池以来，五百多亿市值一直是中军，资金介入非常明显，而其他的设备、材料等个股，资金就会选择那些符合炒作要求的来推动，所以市值大小其实辩证的来看，国轩市值大但涨幅并不差，很多市值小的也还在底部等待资金验证。从设备来看，我仍然认为，海目星和曼恩现在严重低估，曼恩在固态的逻辑是国轩入股，产线应用的场景比较多，有电池厂和总集的资源；海目星的逻辑是已经有业绩和落地产线，而且绑定了低空这个赛道，海目星的位置尤其低，688的利元亨能20cm，海目星也应该要有。,0,长风破浪st,7201287311,2025-06-24 10:52:13,1,1,0,26006,0,Android,https://xueqiu.com/7201287311/339930290,2026-07-08 16:21:29
339965072,SH688646,ST逸飞,,$ST逸飞(SH688646)$ 一颗还未被人发现的明珠。,0,天津小母牛,7751966106,2025-06-24 19:55:30,1,7,0,47931,0,Android,https://xueqiu.com/7751966106/339965072,2026-07-08 16:21:29
340160606,SH688646,ST逸飞,,$ST逸飞(SH688646)$ 沈博，逸飞冲天了，价值也许会迟到，但不会缺席。,0,长风破浪st,7201287311,2025-06-26 02:05:36,0,0,0,25915,0,Android,https://xueqiu.com/7201287311/340160606,2026-07-08 16:21:26
340240512,SH688646,ST逸飞,,$ST逸飞(SH688646)$ 自选股里面，还没有出手买，今年天涨了，看情况择机买入。,0,今日玩家,9145768800,2025-06-26 08:34:43,0,0,0,26522,0,Android,https://xueqiu.com/9145768800/340240512,2026-07-08 16:21:26
340424911,SH688646,ST逸飞,,ST逸飞：逸飞激光关于公司股票被实施其他风险警示的进展公告 网页链接,0,ST逸飞(SH688646),0,2025-06-27 09:35:04,0,0,0,23948,0,公告,https://xueqiu.com/S/SH688646/340424911,2026-07-08 16:21:26
340842738,SH688646,ST逸飞,,ST逸飞：逸飞激光关于第二期以集中竞价交易方式回购公司股份的进展公告 网页链接,0,ST逸飞(SH688646),0,2025-07-01 10:25:07,0,0,0,20634,0,公告,https://xueqiu.com/S/SH688646/340842738,2026-07-08 16:21:26
340845296,SH688646,ST逸飞,ST逸飞：累计回购约222万股,每经AI快讯，ST逸飞（SH 688646，收盘价：28.61元）7月1日晚间发布公告称，截至2025年6月30日，公司通过上海证券交易所交易系统以集中竞价交易方式累计回购公司股份约222万股，占公司总股本约9516万股的比例为2.34%，回购成交的最高价为44.8元/股，最低价为25.44元/股，支付的资金总额为人民币约7555万元。 2024年1至12月份，ST逸飞的营业收入构成为：锂电池占比98.05%，其他占比1.95%。 截至发稿，ST逸飞市值为27亿元。 每经头条（nbdtoutiao）——“最近很多人买，为过机场安检”……暗访3C贴纸黑市：4万毫安时充电宝“秒变”2万毫安时，1260贴仅28元 （记者 王晓波） 免责声明：本文内容与数据仅供参考，不构成投资建议，使用前请核实。据此操作，风险自担。 每日经济新闻,0,每日经济新闻,4642157440,2025-07-01 10:50:14,0,1,0,22445,0,雪球,https://xueqiu.com/4642157440/340845296,2026-07-08 16:21:26
341066466,SH688646,ST逸飞,,$ST逸飞(SH688646)$ 今天站上 5 日线就起飞,0,康黒碳,8789057687,2025-07-03 02:17:33,0,1,0,20912,0,iPhone,https://xueqiu.com/8789057687/341066466,2026-07-08 16:21:26
341487899,SH688646,ST逸飞,,在回复交易所问询函中，公司通过关联网给6家客户支付4000多万的问题并没有明确解释，口径是除了这个事情都没有问题。这问题悬而未决。河南传众成立时间是2022年8月，公司IPO时间是2023年7月，从时间节点上看有较大虚增冲业绩的可能性。假设这个事情存在问题，后续有两种可能性，（a）认定为财务造假，时间和金额都触及不了退市；（b）认定公司通过财务造假上市，触发9.5.2第一条，引发最差结果，但这个惩罚对公司又有些严重。有没有老师评估过这两种可能性，感谢$ST逸飞(SH688646)$,0,大有巴巴,1714129083,2025-07-07 03:38:06,2,1,0,18956,0,雪球,https://xueqiu.com/1714129083/341487899,2026-07-08 16:21:26
341525911,SH688646,ST逸飞,,$ST逸飞(SH688646)$ 被立案的可能性为0，退一步说，即便被立案也没多大事，早晚会结案，这点小事不足以导致公司退市，既然如此，还有什么可担心的呢，买入，等待，交给时间就好了。,0,天津小母牛,7751966106,2025-07-07 07:58:30,1,1,0,36686,0,Android,https://xueqiu.com/7751966106/341525911,2026-07-08 16:21:26
341526085,SH688646,ST逸飞,,$ST逸飞(SH688646)$ $ST逸飞(SH688646)$ 被立案的可能性为0，退一步说，即便被立案也没多大事，早晚会结案，这点小事不足以导致公司退市，既然如此，还有什么可担心的呢，买入，等待，交给时间就好了。,0,天津小母牛,7751966106,2025-07-07 07:59:54,7,5,0,41027,0,Android,https://xueqiu.com/7751966106/341526085,2026-07-08 16:21:26
342214561,SH688646,ST逸飞,,ST逸飞：逸飞激光关于股东减持股份计划的公告 网页链接,0,ST逸飞(SH688646),0,2025-07-11 10:38:00,0,0,0,12020,0,公告,https://xueqiu.com/S/SH688646/342214561,2026-07-08 16:21:26
342214797,SH688646,ST逸飞,ST逸飞：股东怡珀新能源拟减持不超3%公司股份,"【ST逸飞：股东怡珀新能源拟减持不超3%公司股份】财联社7月11日电，ST逸飞(688646.SH)公告称，股东怡珀新能源因自身资金需求，拟通过集中竞价、大宗交易减持其所持有的公司股份合计不超过2,854,800股（不超过公司总股本的3.00%）。",0,财联社,7437424816,2025-07-11 10:40:14,0,1,0,16623,0,雪球,https://xueqiu.com/7437424816/342214797,2026-07-08 16:21:26
342334422,SH688646,ST逸飞,,$锦盛新材(SZ300849)$ 固定资产和在建工程还是容易藏污纳垢的地方，我们看到公司立案调查写的是：因公司涉嫌信息披露违法违规，根据《中 华人民共和国证券法》《中华人民共和国行政处罚法》等法律法规，中国证监会 决定对公司立案。我们对公司没那么了解，利用AI搜索一下，看看可能是什么情况核心问题：关联交易披露严重滞后未及时披露的 1.5 亿元关联交易2021 年 12 月，锦盛新材与浙江宏祥建设签订 1.18 亿元施工合同，后增至 1.5 亿元，用于建设公司厂房。该工程实际由实控人阮荣涛的侄子阮钟炎承包，但公司直至 2025 年 4 月才追认该交易为关联交易，间隔近四年16。这一行为直接违反《证券法》关于重大关联交易需及时披露的规定，属于典型的信息披露重大遗漏。关联关系认定与定价公允性质疑尽管公司声称已通过第三方机构审核合同金额，但对宏祥建设转包给阮钟炎的具体价格未予披露，且交易未履行关联交易审批程序。法律专家指出，若最终认定信披违规，公司可能面临最高 1000 万元罚款，直接责任人最高罚款 500 万元4。历史监管问询的关联性2023 年深交所曾针对其业绩下滑、关联交易公允性等问题发出问询函，要求说明前五大客户、供应商是否存在关联关系。公司回复称 “未发现关联关系”，但此次立案暴露其关联方识别机制存在系统性缺陷。从这点看，跟$ST逸飞(SH688646)$ 有点像，逸飞是总包之后，再分包给关联方，再预付建设款。而这边就是转包给侄子，然后利用在建工程、固定资产去折腾，把需要处理的窟窿去填平。这样看来，公司的资产应该是虚了一块。未来需要做减法，把水分挤一挤,0,江月楼,1605946057,2025-07-13 08:03:29,1,3,0,42536,1,雪球,https://xueqiu.com/1605946057/342334422,2026-07-08 16:21:26
342918937,SH688646,ST逸飞,,$ST逸飞(SH688646)$ 5100万通过工程方流向下游客户，大概率是虚增利润了，虽然不满足财务强退标准，但很有可能因欺诈发行立案。市场可选的优质st很多，这种涉嫌造假上市的公司建议一票否决。,0,机警的财经小预言家,6365480412,2025-07-17 04:00:03,1,2,0,16572,1,雪球,https://xueqiu.com/6365480412/342918937,2026-07-08 16:21:26
342979481,SH688646,ST逸飞,7月17日ST逸飞现1笔大宗交易 机构净买入574.4万元,证券之星消息，7月17日ST逸飞发生大宗交易，交易数据如下：大宗交易成交价格28.72元，相对当日收盘价折价1.51%，成交20万股，成交金额574.4万元，买方营业部为机构专用，卖方营业部为海通证券股份有限公司武汉中北路证券营业部。近三个月该股共发生1笔大宗交易，合计成交2000.0手，折价成交1笔。该股在过去半年内已有共计188.3万股限售解禁股上市，占公司总股本的1.98%。截至2025年7月17日收盘，ST逸飞(688646)报收于29.16元，上涨1.0%，换手率1.86%，成交量1.08万手，成交额3120.93万元。该股近半年内有股东持股变动，合计净减持42.01万股，股东增减持明细如下表：该股最近90天内无机构评级。以上内容为证券之星据公开信息整理，由AI算法生成（网信算备310104345710301240019号），不构成投资建议。,0,证券之星财经,5187193467,2025-07-17 09:30:25,0,0,0,7981,0,雪球,https://xueqiu.com/5187193467/342979481,2026-07-08 16:21:26
342996967,SH688646,ST逸飞,ST逸飞：7月15日高管吴轩增持股份合计5万股,证券之星消息，根据7月17日市场公开信息、上市公司公告及交易所披露数据整理，ST逸飞（688646）最新董监高及相关人员股份变动情况：2025年7月15日公司董事吴轩共增持公司股份5.0万股，占公司总股本为0.0525%。变动期间公司股价上涨0.1%，7月15日当日收盘报28.97元。ST逸飞近半年内的董监高及核心技术人员增减持详情如下：ST逸飞的高管列表及最新持股情况如下：该股最近90天内无机构评级。以上内容为证券之星据公开信息整理，由AI算法生成（网信算备310104345710301240019号），不构成投资建议。,0,证券之星财经,5187193467,2025-07-17 12:10:17,0,0,0,7982,0,雪球,https://xueqiu.com/5187193467/342996967,2026-07-08 16:21:26
343154921,SH688646,ST逸飞,7月18日ST逸飞现1笔大宗交易 机构净买入721万元,证券之星消息，7月18日ST逸飞发生大宗交易，交易数据如下：大宗交易成交价格28.84元，相对当日收盘价折价1.5%，成交25万股，成交金额721万元，买方营业部为机构专用，卖方营业部为海通证券股份有限公司武汉中北路证券营业部。近三个月该股共发生2笔大宗交易，合计成交4500.0手，折价成交2笔。该股在过去半年内已有共计188.3万股限售解禁股上市，占公司总股本的1.98%。截至2025年7月18日收盘，ST逸飞(688646)报收于29.28元，上涨0.41%，换手率2.81%，成交量1.63万手，成交额4823.59万元。该股近半年内有股东持股变动，合计净减持42.01万股，股东增减持明细如下表：该股最近90天内无机构评级。以上内容为证券之星据公开信息整理，由AI算法生成（网信算备310104345710301240019号），不构成投资建议。,0,证券之星财经,5187193467,2025-07-18 09:30:08,0,0,0,7324,0,雪球,https://xueqiu.com/5187193467/343154921,2026-07-08 16:21:26
343161286,SH688646,ST逸飞,,ST逸飞：民生证券股份有限公司关于武汉逸飞激光股份有限公司募投项目延期及使用自有资金支付募投项目所需资金并以募集资金等额置换的核查意见 网页链接,0,ST逸飞(SH688646),0,2025-07-18 10:25:00,0,0,0,8627,0,公告,https://xueqiu.com/S/SH688646/343161286,2026-07-08 16:21:26
343161287,SH688646,ST逸飞,,ST逸飞：逸飞激光关于公司募投项目延期及使用自有资金支付募投项目所需资金并以募集资金等额置换的公告 网页链接,0,ST逸飞(SH688646),0,2025-07-18 10:25:00,0,0,0,8559,0,公告,https://xueqiu.com/S/SH688646/343161287,2026-07-08 16:21:26
343161289,SH688646,ST逸飞,,ST逸飞：逸飞激光2024年度环境、社会和公司治理（ESG）报告（中文版） 网页链接,0,ST逸飞(SH688646),0,2025-07-18 10:25:00,0,0,0,8691,0,公告,https://xueqiu.com/S/SH688646/343161289,2026-07-08 16:21:26
343161290,SH688646,ST逸飞,,ST逸飞：逸飞激光第二届监事会第九次会议决议公告 网页链接,0,ST逸飞(SH688646),0,2025-07-18 10:25:00,0,0,0,8694,0,公告,https://xueqiu.com/S/SH688646/343161290,2026-07-08 16:21:26
343161291,SH688646,ST逸飞,,ST逸飞：逸飞激光2024年度环境、社会和公司治理（ESG）报告（英文版） 网页链接,0,ST逸飞(SH688646),0,2025-07-18 10:25:00,0,0,0,8707,0,公告,https://xueqiu.com/S/SH688646/343161291,2026-07-08 16:21:23
343430874,SH688646,ST逸飞,,$ST逸飞(SH688646)$ 大宗交易成交价格28.84元，相对当日收盘价折价1.5%，成交25万股，成交金额721万元，买方营业部为机构专用，卖方营业部为海通证券股份有限公司武汉中北路证券营业部。,0,解析几何价格,6305327169,2025-07-21 07:50:48,0,0,0,7020,0,Android,https://xueqiu.com/6305327169/343430874,2026-07-08 16:21:23
343617406,SH688646,ST逸飞,,ST逸飞：逸飞激光关于首次公开发行战略配售限售股上市流通公告 网页链接,0,ST逸飞(SH688646),0,2025-07-22 08:22:00,0,0,0,6420,0,公告,https://xueqiu.com/S/SH688646/343617406,2026-07-08 16:21:23
343617407,SH688646,ST逸飞,,ST逸飞：民生证券股份有限公司关于武汉逸飞激光股份有限公司首次公开发行战略配售限售股上市流通的核查意见 网页链接,0,ST逸飞(SH688646),0,2025-07-22 08:22:00,0,1,0,6782,0,公告,https://xueqiu.com/S/SH688646/343617407,2026-07-08 16:21:23
343619662,SH688646,ST逸飞,,$ST逸飞(SH688646)$ 几个大户解除限售了，跌出价格才有投资价值。,0,有骆驼不吹牛的家伙,7759502763,2025-07-22 08:36:06,0,0,0,6641,0,雪球,https://xueqiu.com/7759502763/343619662,2026-07-08 16:21:23
343637438,SH688646,ST逸飞,ST逸飞：约95.16万股限售股7月30日解禁,每经AI快讯，ST逸飞（SH 688646，收盘价：29.16元）7月22日晚间发布公告称，公司限售股份约95.16万股将于2025年7月30日解禁并上市流通，占公司总股本比例为1%。 2024年1至12月份，ST逸飞的营业收入构成为：锂电池占比98.05%，其他占比1.95%。 截至发稿，ST逸飞市值为28亿元。 每经头条（nbdtoutiao）——白天送乘客晚上送快递？背靠千万人口大城，70多年老牌公交公司决定“拉货”，负责人：可以减轻财政负担 （记者 曾健辉） 免责声明：本文内容与数据仅供参考，不构成投资建议，使用前请核实。据此操作，风险自担。 每日经济新闻,0,每日经济新闻,4642157440,2025-07-22 10:40:29,0,0,0,7463,0,雪球,https://xueqiu.com/4642157440/343637438,2026-07-08 16:21:23
343651217,SH688646,ST逸飞,7月23日st公告汇总,"1、ST逸飞首次公开发行战略配售限售股上市流通。上市股数为951,626股，占公司总股本的1.00%， 2、*ST海源公司独立董事张学记先生已取得深圳证券交易所认可的《上市公司独立董事培训证明》。 3、*ST沐邦因子公司与杭州晟泽盈贸易有限公司的民间借贷纠纷，公司部分募集资金账户资金被司法划扣，划扣金额共计97,465,928元。此次划扣源于双方此前达成和解协议后，公司未履行首期还款义务，被申请强制执行 4、*ST苏吴因公司2024年度审计报告被出具无法表示意见的审计报告，公司决定终止2021年限制性股票激励计划，并于2025年7月25日回购注销127.2352万股限制性股票 5、*ST正平欣汇盛源以现金方式归还900万元，截至公告日，占用资金余额为420.9219万元。 6、*ST仁东审议通过的多项议案（补选非独立董事、聘任内部审计机构负责人、修订《公司章程》、提请召开2025年第二次临时股东会等）以及备查文件等信息。其中，补选董事及修订公司章程的议案尚需提交公司2025年第二次临时股东会审议，该股东会拟于2025年8月8日召开。 7、ST金鸿全资子公司湖南神州界牌瓷业有限公司、衡阳国能置业有限公司及中油金鸿华东投资管理有限公司的部分资产被北京市第二中级人民法院司法冻结。冻结资产包括采矿权、工业用地土地使用权、不动产及应收账款等 8、ST信通审议通过了修订及制定部分公司管理制度的议案，包括修订《会计师事务所选聘制度》《内幕信息知情人登记管理制度》等9项制度，新制定《日常经营重大合同信息披露管理办法》，相关制度全文已在上海证券交易所网站披露。 9、ST联合2025年7月22日召开第七次临时会议决议，审议通过了出售公司部分债权暨关联交易、修订《募集资金使用与管理制度》、修订《内幕信息知情人登记制度》、变更公司证券事务代表以及提请召开公司2025年第三次临时股东大会等多项议案。其中，出售公司部分债权暨关联交易的议案尚需提交股东大会审议，公司决定于2025年8月8日召开2025年第三次临时股东大会。 10、*ST观典修订、制定公司部分治理制度、防范控股股东、实际控制人及其关联方占用公司资金的制度 11、*ST华微公司需在2025年8月12日前清收149,067.82万元被占用资金，否则可能面临退市风险。控股股东上海鹏盛提出通过现金偿还、资产处置等方式解决资金占用问题，并已与亚东投资签署股份转让协议以筹措资金。 12、ST岭南公司股东尹洪卫先生持有的129,462,669股股份被广东省东莞市中级人民法院实施司法轮候冻结，占其持股比例的48.34%，占公司总股本的7.11%，冻结期限为36个月。截至公告披露，尹洪卫累计被冻结股份数量达267,791,617股，占其持股比例的100%，占公司总股本的14.71%；累计被轮候冻结股份数量为1,562,268,539股，占其持股比例的583.39%，占公司总股本的85.83%。 13、*ST高鸿连续三个交易日股票收盘价格跌幅偏离值累计已超过12%，属于股票交易异常波动情况。 14、ST立方公司控股股东合肥岭岑科技咨询合伙企业（有限合伙）持有的32,000,000股公司股票原定于2025年7月22日公开拍卖，现因合肥市中级人民法院已受理关于合肥岭岑的破产重整申请，依法中止对合肥岭岑财产的执行，上述拍卖已中止。$*ST高鸿(SZ000851)$ $ST逸飞(SH688646)$ $*ST沐邦(SH603398)$",0,ST六点半,6739261962,2025-07-22 12:49:12,1,5,0,36888,0,雪球,https://xueqiu.com/6739261962/343651217,2026-07-08 16:21:23
343815759,SH688646,ST逸飞,ST逸飞：湖北荆楚人形机器人携“荆楚1号”亮相博览会,同花顺（300033）金融研究中心07月23日讯，有投资者向ST逸飞提问， 据悉湖北荆楚人形机器人、武汉光谷华汇、湖北光谷东智具身智能等22家鄂企将携80多件展品精彩亮相第三届中国国际供应链促进博览会，请问是否属实？ 公司回答表示，尊敬的投资者您好，上述信息属实，湖北荆楚人形机器人有限公司携“荆楚1号”机器人亮相第三届中国国际供应链促进博览会。感谢您的关注。 点击进入交易所官方互动平台查看更多,0,ST逸飞(SH688646),0,2025-07-23 09:49:23,0,0,0,5769,0,新闻,https://xueqiu.com/S/SH688646/343815759,2026-07-08 16:21:23
343816191,SH688646,ST逸飞,ST逸飞：公司与金羽新能签署战略合作协议，将围绕全极耳固态电池、方形铝壳固态电池的设备研发、工艺优...,同花顺（300033）金融研究中心07月23日讯，有投资者向ST逸飞提问， 据悉贵公司与金羽新能签署固态电池战略合作协议，请问是否能详细披露一下合作内容？ 公司回答表示，尊敬的投资者您好，公司与金羽新能签署战略合作协议，将围绕全极耳固态电池、方形铝壳固态电池的设备研发、工艺优化、市场推广、产业链协同等方面展开全方位的战略合作。公司将充分发挥工程技术研究院“技术研发-工程转化-分析测试”一体化平台优势，为金羽新能提供从产品研发到落地的全周期技术支持，协助其完成全新固态电池产品极片段后工序的设备开发、优化及工艺定型。金羽新能将协同公司开展固态电池智能制造关键设备的开发，优化全极耳固态电池、方形铝壳固态电池的产品方案，打通全链条标准智造，降低生产成本，在同等技术及商务条件下，金羽新能将优先向公司采购锂电池生产设备，合作打造固态电池智造标杆工厂。感谢您的关注。 点击进入交易所官方互动平台查看更多,0,ST逸飞(SH688646),0,2025-07-23 09:52:19,0,0,0,6619,0,新闻,https://xueqiu.com/S/SH688646/343816191,2026-07-08 16:21:23
343816306,SH688646,ST逸飞,ST逸飞：湖北省设立的100亿元人形机器人产业投资母基金主要投向人形机器人和人工智能相关产业核心领域,同花顺（300033）金融研究中心07月23日讯，有投资者向ST逸飞提问， 100亿元湖北省人形机器人产业投资母基金成功设立，请问是否会投资贵公司的荆楚机器人？ 公司回答表示，尊敬的投资者您好，湖北省设立的100亿元人形机器人产业投资母基金主要投向人形机器人和人工智能相关产业核心领域，双方有保持沟通，具体投资情况请关注公开信息。敬请注意投资风险，感谢您的关注。 点击进入交易所官方互动平台查看更多,0,ST逸飞(SH688646),0,2025-07-23 09:53:21,0,0,0,6446,0,新闻,https://xueqiu.com/S/SH688646/343816306,2026-07-08 16:21:23
343825147,SH688646,ST逸飞,ST逸飞：直接及间接持有湖北荆楚人形机器人有限公司19.875%的股权,证券之星消息，ST逸飞(688646)07月23日在投资者关系平台上答复投资者关心的问题。投资者：荆楚机器人即将于3月份进行量产，请问贵公司持有荆楚机器人多少股份？ST逸飞董秘：尊敬的投资者您好，荆楚机器人预计3季度进入小批量量产阶段，公司直接及间接持有湖北荆楚人形机器人有限公司19.875%的股权。感谢您的关注。投资者：请问什么时候能在现实生活中看到荆楚机器人？ST逸飞董秘：尊敬的投资者您好，荆楚人形机器人项目已正式开启产业化进程，预计三季度进入小批量量产阶段，并将率先推进在文旅、政务、工业等领域的应用。敬请注意投资风险，感谢您的关注。投资者：100亿元湖北省人形机器人产业投资母基金成功设立，请问是否会投资贵公司的荆楚机器人？ST逸飞董秘：尊敬的投资者您好，湖北省设立的100亿元人形机器人产业投资母基金主要投向人形机器人和人工智能相关产业核心领域，双方有保持沟通，具体投资情况请关注公开信息。敬请注意投资风险，感谢您的关注。投资者：据悉湖北荆楚人形机器人、武汉光谷华汇、湖北光谷东智具身智能等22家鄂企将携80多件展品精彩亮相第三届中国国际供应链促进博览会，请问是否属实？ST逸飞董秘：尊敬的投资者您好，上述信息属实，湖北荆楚人形机器人有限公司携“荆楚1号”机器人亮相第三届中国国际供应链促进博览会。感谢您的关注。以上内容为证券之星据公开信息整理，由AI算法生成（网信算备310104345710301240019号），不构成投资建议。,0,证券之星财经,5187193467,2025-07-23 11:10:52,0,0,0,8211,0,雪球,https://xueqiu.com/5187193467/343825147,2026-07-08 16:21:23
343836423,SH688646,ST逸飞,,$ST逸飞(SH688646)$ 什么时间能摘帽,0,瞎混的老股民,6164047931,2025-07-23 13:01:04,0,1,0,26231,0,Android,https://xueqiu.com/6164047931/343836423,2026-07-08 16:21:23
343838263,SH688646,ST逸飞,,【ST逸飞：荆楚人形机器人项目预计三季度进入小批量量产阶段】ST逸飞(688646)在互动平台表示，荆楚人形机器人项目已正式开启产业化进程，预计三季度进入小批量量产阶段，并将率先推进在文旅、政务、工业等领域的应用。公司直接及间接持有湖北荆楚人形机器人有限公司19.875%的股权。,0,上市公司报,7819158416,2025-07-23 13:18:04,0,1,0,10058,1,雪球,https://xueqiu.com/7819158416/343838263,2026-07-08 16:21:23
343848125,SH688646,ST逸飞,ST逸飞：荆楚机器人预计3季度进入小批量量产阶段,每经AI快讯，有投资者在投资者互动平台提问：荆楚机器人即将于3月份进行量产，请问贵公司持有荆楚机器人多少股份？ ST逸飞（688646.SH）7月23日在投资者互动平台表示，荆楚机器人预计3季度进入小批量量产阶段，公司直接及间接持有湖北荆楚人形机器人有限公司19.875%的股权。 （记者 谭玉涵） 免责声明：本文内容与数据仅供参考，不构成投资建议，使用前核实。据此操作，风险自担。 每日经济新闻,0,每日经济新闻,4642157440,2025-07-23 14:30:16,0,0,0,7949,0,雪球,https://xueqiu.com/4642157440/343848125,2026-07-08 16:21:23
343848138,SH688646,ST逸飞,ST逸飞：荆楚人形机器人项目已正式开启产业化进程，预计三季度进入小批量量产阶段,每经AI快讯，有投资者在投资者互动平台提问：请问什么时候能在现实生活中看到荆楚机器人？ ST逸飞（688646.SH）7月23日在投资者互动平台表示，荆楚人形机器人项目已正式开启产业化进程，预计三季度进入小批量量产阶段，并将率先推进在文旅、政务、工业等领域的应用。 （记者 谭玉涵） 免责声明：本文内容与数据仅供参考，不构成投资建议，使用前核实。据此操作，风险自担。 每日经济新闻,0,每日经济新闻,4642157440,2025-07-23 14:30:20,0,0,0,9245,0,雪球,https://xueqiu.com/4642157440/343848138,2026-07-08 16:21:23
343907248,SH688646,ST逸飞,,$ST逸飞(SH688646)$ 有人深度研究过这股么？立案的风险大么,0,特区捡垃圾,3287498234,2025-07-24 02:37:50,1,0,0,14878,0,雪球,https://xueqiu.com/3287498234/343907248,2026-07-08 16:21:23
344002020,SH688646,ST逸飞,7月24日ST逸飞现1笔大宗交易 机构净买入718.25万元,证券之星消息，7月24日ST逸飞发生大宗交易，交易数据如下：大宗交易成交价格28.73元，相对当日收盘价折价1.51%，成交25万股，成交金额718.25万元，买方营业部为机构专用，卖方营业部为海通证券股份有限公司武汉中北路证券营业部。近三个月该股共发生3笔大宗交易，合计成交7000.0手，折价成交3笔。该股在过去半年内已有共计188.3万股限售解禁股上市，占公司总股本的1.98%。截至2025年7月24日收盘，ST逸飞(688646)报收于29.17元，上涨1.67%，换手率3.36%，成交量1.95万手，成交额5713.71万元。该股近半年内有股东持股变动，合计净减持42.01万股，股东增减持明细如下表：该股最近90天内无机构评级。以上内容为证券之星据公开信息整理，由AI算法生成（网信算备310104345710301240019号），不构成投资建议。,0,证券之星财经,5187193467,2025-07-24 09:30:07,0,0,0,8300,0,雪球,https://xueqiu.com/5187193467/344002020,2026-07-08 16:21:23
344008839,SH688646,ST逸飞,ST逸飞：公司第二期股份回购计划正在进行中,"同花顺（300033）金融研究中心07月24日讯，有投资者向ST逸飞提问， 请问贵公司第二期股份回购计划目前进展情况如何？ 公司回答表示，尊敬的投资者您好，公司第二期股份回购计划正在进行中，截至2025年6月30日，公司通过上海证券交易所交易系统以集中竞价交易方式累计回购公司股份2,222,800股，占公司总股本比例为2.34%，支付的资金总额为75,552,185.80元。感谢您的关注。 点击进入交易所官方互动平台查看更多",0,ST逸飞(SH688646),0,2025-07-24 10:15:21,0,0,0,7835,0,新闻,https://xueqiu.com/S/SH688646/344008839,2026-07-08 16:21:23
344009217,SH688646,ST逸飞,ST逸飞：公司董事长吴轩先生以及董事赵来根先生均已按计划开始增持公司股份，截止目前公司董事长吴轩先...,同花顺（300033）金融研究中心07月24日讯，有投资者向ST逸飞提问， 请问贵公司董事长增持是否已经开始？ 公司回答表示，尊敬的投资者您好，公司董事长吴轩先生以及董事赵来根先生均已按计划开始增持公司股份，截止目前公司董事长吴轩先生累计增持17.2万股，具体增持情况请关注上海证券交易所上市公司监管动态的董监高股份变动情况。感谢您的关注。 点击进入交易所官方互动平台查看更多,0,ST逸飞(SH688646),0,2025-07-24 10:18:24,0,0,0,9343,0,新闻,https://xueqiu.com/S/SH688646/344009217,2026-07-08 16:21:23
344009328,SH688646,ST逸飞,ST逸飞：公司在固态电池激光应用与制造装备方面均有技术储备，已与多家头部客户形成销售、合作关系,同花顺（300033）金融研究中心07月24日讯，有投资者向ST逸飞提问， 请问贵公司在固态电池上是否有技术储备？ 公司回答表示，尊敬的投资者您好，公司在固态电池激光应用与制造装备方面均有技术储备，公司电芯装配设备、模组PACK 设备以及整厂智慧物流系统等核心设备与相关技术均可应用于固态电池制造领域，并已与多家头部客户形成销售、合作关系，多个项目已获得客户验收通过。同时，公司与松山湖材料实验室联合开发新型结构化极片与激光微加工技术，进一步探索锂电池新材料新工艺的产业化应用路径，加快固态电池关键工艺技术的创新突破与产业化应用。感谢您的关注。 点击进入交易所官方互动平台查看更多,0,ST逸飞(SH688646),0,2025-07-24 10:19:28,0,0,0,9526,0,新闻,https://xueqiu.com/S/SH688646/344009328,2026-07-08 16:21:23
344018581,SH688646,ST逸飞,ST逸飞：第二期股份回购计划正在进行中,"证券之星消息，ST逸飞(688646)07月24日在投资者关系平台上答复投资者关心的问题。投资者：请问贵公司第二期股份回购计划目前进展情况如何？ST逸飞董秘：尊敬的投资者您好，公司第二期股份回购计划正在进行中，截至2025年6月30日，公司通过上海证券交易所交易系统以集中竞价交易方式累计回购公司股份2,222,800股，占公司总股本比例为2.34%，支付的资金总额为75,552,185.80元。感谢您的关注。投资者：请问荆楚机器人发展至今，迭代了几次，目前是否能满足日常使用条件？ST逸飞董秘：尊敬的投资者您好，荆楚人形机器人平台JC01共经历了4次迭代，目前，可应用于文旅、政务等生活场景，也能应用于装配、检测、搬运等工业场景，具体情况请关注荆楚机器人公开信息。敬请注意投资风险，感谢您的关注。投资者：请问荆楚机器人是否能实现视、听、触等多模态融合感知和表情交互？ST逸飞董秘：尊敬的投资者您好，荆楚人形机器人能够实现视觉、听觉、触觉等多模态融合感知，并且能够识别人体肢体动作与表情进行交互，具体情况请关注荆楚机器人公开信息。敬请注意投资风险，感谢您的关注。投资者：请问贵公司在固态电池上是否有技术储备？ST逸飞董秘：尊敬的投资者您好，公司在固态电池激光应用与制造装备方面均有技术储备，公司电芯装配设备、模组PACK设备以及整厂智慧物流系统等核心设备与相关技术均可应用于固态电池制造领域，并已与多家头部客户形成销售、合作关系，多个项目已获得客户验收通过。同时，公司与松山湖材料实验室联合开发新型结构化极片与激光微加工技术，进一步探索锂电池新材料新工艺的产业化应用路径，加快固态电池关键工艺技术的创新突破与产业化应用。感谢您的关注。投资者：请问贵公司董事长增持是否已经开始？ST逸飞董秘：尊敬的投资者您好，公司董事长吴轩先生以及董事赵来根先生均已按计划开始增持公司股份，截止目前公司董事长吴轩先生累计增持17.2万股，具体增持情况请关注上海证券交易所上市公司监管动态的董监高股份变动情况。感谢您的关注。投资者：据悉在5月29号的签约仪式上，华中科技大学丁汉教授团队、武汉产业创新发展研究院（以下简称“武创院”）、武昌区属国有科技投资平台首义科创投集团（以下简称“首义科创投”）和武汉逸飞激光股份有限公司（以下简称“逸飞激光”）共同签署人形机器人产业化项目落地武昌区出资协议及首轮增资协议。请问贵公司最后增资多少？ST逸飞董秘：尊敬的投资者您好，公司增资湖北荆楚人形机器人有限公司后合计持股19.875%，具体增资情况请关注公司后续披露的定期报告。感谢您的关注。投资者：2024年12月公司与国轩高科签约成为国轩高科2025设备战略供应商。公司2025年一季报显示，国轩高科持有公司流通股105万股，为公司10大流通股东之一。请问：1、目前公司与国轩高科的合作情况？2、公司如何看待“大圆柱+固态电池”的技术路径的发展前景？公司在大圆柱电池、固态电池方面的产品交付情况？谢谢！ST逸飞董秘：尊敬的投资者您好，国轩高科是公司重要的战略客户，双方在海内外市场均有业务合作。大圆柱和固态电池都是锂电池新技术发展的重要方向，分别代表了新型的封装结构和材料体系，大圆柱是更便于大规模制造和提高产品标准化与一致性的封装形式，可以兼容固态电池、锂离子电池等各种材料体系，大圆柱电池能够兼具高安全、高一致性、低成本等优势，目前有多家头部电池厂商研究探索圆柱形态叠加固态电池技术路径，并已推出相关产品。公司32、40、46、60等全系列大圆柱电池装备均已实现批量交付，固态电池设备方面也已跟多家头部客户形成销售、合作关系。感谢您的关注。以上内容为证券之星据公开信息整理，由AI算法生成（网信算备310104345710301240019号），不构成投资建议。",0,证券之星财经,5187193467,2025-07-24 11:40:17,0,1,0,29632,0,雪球,https://xueqiu.com/5187193467/344018581,2026-07-08 16:21:21
344184903,SH688646,ST逸飞,ST逸飞：公司跟小米，华为，荣耀等企业的供应链企业有业务合作，并无直接业务往来,同花顺（300033）金融研究中心07月25日讯，有投资者向ST逸飞提问， 请问贵公司与小米，华为，荣耀等企业是否有业务关联？ 公司回答表示，尊敬的投资者您好，公司跟上述企业的供应链企业有业务合作，并无直接业务往来。感谢您的关注。 点击进入交易所官方互动平台查看更多,0,ST逸飞(SH688646),0,2025-07-25 09:12:20,0,0,0,10520,0,新闻,https://xueqiu.com/S/SH688646/344184903,2026-07-08 16:21:21
344188369,SH688646,ST逸飞,ST逸飞：未来将坚持以提高企业经营效益为核心，持续推动技术创新和产品迭代升级，不断夯实内在价值,"同花顺（300033）金融研究中心07月25日讯，有投资者向ST逸飞提问， 贵公司的股价大幅落后于发行价，请问贵公司有什么提升股价的措施？ 公司回答表示，尊敬的投资者您好，公司积极践行“以投资者为本”的上市公司发展理念，开展和落实“提质增效重回报”行动方案，积极实施股份回购，第一期股份回购计划已完成。截至2025年6月末，公司的第二期股份回购计划已累计回购2,222,800股，占公司总股本比例为2.34%，支付的资金总额为人民币75,552,185.80元（不含交易佣金等交易费用）。公司董事长、董事积极增持公司股份，预计增持金额为1500万元-3000万元，目前已开展股份增持。未来，公司将坚持以提高企业经营效益为核心，持续推动技术创新和产品迭代升级，不断夯实内在价值；并通过投资、并购、孵化等方式拓展新业务，完善产业布局，力争用良好的业绩推动公司长期健康发展，以回报广大投资者。感谢您的关注。 点击进入交易所官方互动平台查看更多",0,ST逸飞(SH688646),0,2025-07-25 09:38:27,0,0,0,10964,0,新闻,https://xueqiu.com/S/SH688646/344188369,2026-07-08 16:21:21
344192541,SH688646,ST逸飞,ST逸飞：圆柱全极耳电芯装配设备技术全球领先,"证券之星消息，ST逸飞(688646)07月25日在投资者关系平台上答复投资者关心的问题。投资者：据悉在国内圆柱电芯装配设备领域，贵公司市场占有率已超40%，请问是否属实？ST逸飞董秘：尊敬的投资者您好，公司在业内率先突破圆柱全极耳电池制造工艺和设备技术难题,开发出了圆柱全极耳电芯装配系列设备入选国家级制造业单项冠军产品，在技术、工艺、产品、市场占有率方面位居全球前列。感谢您的关注。投资者：请问贵公司与小米，华为，荣耀等企业是否有业务关联？ST逸飞董秘：尊敬的投资者您好，公司跟上述企业的供应链企业有业务合作，并无直接业务往来。感谢您的关注。投资者：贵公司的股价大幅落后于发行价，请问贵公司有什么提升股价的措施？ST逸飞董秘：尊敬的投资者您好，公司积极践行“以投资者为本”的上市公司发展理念，开展和落实“提质增效重回报”行动方案，积极实施股份回购，第一期股份回购计划已完成。截至2025年6月末，公司的第二期股份回购计划已累计回购2,222,800股，占公司总股本比例为2.34%，支付的资金总额为人民币75,552,185.80元（不含交易佣金等交易费用）。公司董事长、董事积极增持公司股份，预计增持金额为1500万元-3000万元，目前已开展股份增持。未来，公司将坚持以提高企业经营效益为核心，持续推动技术创新和产品迭代升级，不断夯实内在价值；并通过投资、并购、孵化等方式拓展新业务，完善产业布局，力争用良好的业绩推动公司长期健康发展，以回报广大投资者。感谢您的关注。以上内容为证券之星据公开信息整理，由AI算法生成（网信算备310104345710301240019号），不构成投资建议。",0,证券之星财经,5187193467,2025-07-25 10:10:59,0,0,0,12424,0,雪球,https://xueqiu.com/5187193467/344192541,2026-07-08 16:21:21
344462681,SH688646,ST逸飞,ST逸飞：储能电池组装解决方案可实现全面覆盖通过模块化柔性制造打通单线制造至系统集成转化链路,同花顺（300033）金融研究中心07月28日讯，有投资者向ST逸飞提问， 能否介绍一下贵公司的储能电池组装解决方案 公司回答表示，尊敬的投资者您好，储能电池组装解决方案可实现从单体电芯组装到集装箱式储能系统组装过程的全面覆盖，通过模块化柔性制造、核心工艺贯通、产线协同设计和全流程品控体系的构建，打通单线制造至系统集成的转化链路，为全球零碳能源转型提供强力支撑。感谢您的关注。 点击进入交易所官方互动平台查看更多,0,ST逸飞(SH688646),0,2025-07-28 08:20:35,0,0,0,9858,0,新闻,https://xueqiu.com/S/SH688646/344462681,2026-07-08 16:21:21
344475046,SH688646,ST逸飞,ST逸飞：储能电池组装解决方案实现全流程覆盖,证券之星消息，ST逸飞(688646)07月28日在投资者关系平台上答复投资者关心的问题。投资者：能否介绍一下贵公司的储能电池组装解决方案ST逸飞董秘：尊敬的投资者您好，储能电池组装解决方案可实现从单体电芯组装到集装箱式储能系统组装过程的全面覆盖，通过模块化柔性制造、核心工艺贯通、产线协同设计和全流程品控体系的构建，打通单线制造至系统集成的转化链路，为全球零碳能源转型提供强力支撑。感谢您的关注。投资者：由逸飞激光联合院士团队打造的荆楚人形机器人项目正式开启产业化进程。据荆楚人行机器人公司董事长兼CEO赵兴炜介绍，“荆楚”人行机器人既能服务于文旅、政务等生活场景，也能应用于装配、检测、搬运等工业场景，是国内少有的采用丝杠驱动方案实现稳态行走的公司，在直线驱动的人形机器人技术方面具有国内领先优势，具有高负载、低能耗、长续航的优点。请问“荆楚”人形机器人在首次亮相后目前经过了几次迭代？谢谢！ST逸飞董秘：尊敬的投资者您好，荆楚人形机器人自亮相以来共经历了四次迭代。敬请注意投资风险，感谢您的关注。以上内容为证券之星据公开信息整理，由AI算法生成（网信算备310104345710301240019号），不构成投资建议。,0,证券之星财经,5187193467,2025-07-28 09:40:39,0,0,0,10967,0,雪球,https://xueqiu.com/5187193467/344475046,2026-07-08 16:21:21
344479174,SH688646,ST逸飞,民生证券IPO项目上市不到两年被ST，逸飞激光年报被出具“非标”意见,"瑞财经 王敏科创板开市6年以来，合计有591家公司上市，其中有两家退市，两家被实施退市风险警示，三家被实施其他风险警示。值得注意的是，三家被“ST”的公司中，就包括民生证券保荐的ST逸飞(SH688646)。2023年7月28日，逸飞激光登陆科创板，募资11.13亿元，超募5.25亿元，民生证券为保荐机构，其获得了9196万元的承销保荐收入。然而上市不到两年的逸飞激光就被“ST”。今年5月，逸飞激光被实施其他风险警示，股票简称变更为“ST逸飞”。今年4月29日，立信会计师事务所（特殊普通合伙）作为公司2024年度内部控制的审计机构，对逸飞激光2024年度内部控制出具了否定意见内部控制审计报告，并对公司2024年度财务报表出具保留意见的审计报告。根据证监会《上海证券交易所科创板股票上市规则（2025年4月修订）》相关规定，该公司股票自5月6日起被实施其他风险警示，股票简称由“逸飞激光”变更为“ST逸飞”，涨跌幅仍为20%不变。审计机构出具保留意见审计报告的原因在于ST逸飞有5100万元募集资金经过几次转账流水最后流到了6家客户和1家其他公司中。审计机构认为，ST逸飞未能就上述情形提供合理解释和支持性资料，因此无法就上述ST逸飞支付款项的性质以及上述收付款单位与ST逸飞是否存在潜在的关联方关系和关联交易获取充分、适当的审计证据，也无法确定该事项对ST逸飞财务报表可能产生的影响。具体来看，逸飞激光的募投项目逸飞激光锂电激光智造装备三期基地项目及精密激光焊接与智能化装备工程研究中心建设项目的总包方将该项目的部分土建和劳务分包给河南传众建筑工程有限公司（以下简称“传众公司”），分包合同金额合计7000.00万元。截至2024年12月31日，总包方通过资金指定代付方式委托逸飞激光向传众公司支付5100.00万元。传众公司提供的资金支付资料显示，传众公司收到前述款项后，将其中的4845.00万元支付给武汉柒宝合烁智能技术有限公司（以下简称“柒宝公司”），柒宝公司又将其中的4533.99万元支付给逸飞激光的6家客户，83万元支付给1家其他公司。逸飞激光未能就上述情形提供合理解释和支持性资料，因此，我们无法就上述逸飞激光支付款项的性质以及上述收付款单位与逸飞激光是否存在潜在的关联方关系和关联交易获取充分、适当的审计证据，也无法确定该事项对逸飞激光财务报表可能产生的影响。值得注意的是，2024年还是民生证券的持续督导期间。在2024年上半年持续督导报告中，民生证券还认为ST逸飞没有违规，称“保荐机构对逸飞激光的内控制度的设计、实施和有效性进行了核查，逸飞激光的内控制度符合相关法规要求并得到了有效执行，能够保证公司的规范运行”。2025年5月8日，ST逸飞公布了民生证券《2024年度持续督导跟踪报告》，此时民生证券在持续督导报告中也指出审计机构发现的问题。今年4月30日，ST逸飞披露正式年报，2024年度归母净利润为2432.62万元，较2023年度减少75.94%，降幅超过50%，但公司未披露2024年度业绩预告。而ST逸飞在2月28日披露的《2024年年度业绩快报公告》显示，公司2024年度营业收入为8.75亿元，归母净利润为7137.45万元，业绩快报披露的净利润数据与实际相差66%。湖北证监局认为，ST逸飞业绩快报披露的营业收入、归母净利润、扣非净利润等与年度报告披露的相关数据存在重大差异，业绩快报披露不准确。因此，湖北证监局对ST逸飞出具警示函的行政监管措施。相关公司：逸飞激光sh688646,民生证券",0,乐居财经,7053459677,2025-07-28 10:10:23,0,1,0,19564,0,雪球,https://xueqiu.com/7053459677/344479174,2026-07-08 16:21:21
344509160,SH688646,ST逸飞,,$ST逸飞(SH688646)$ 如果不是被ST，这应该是今年的大牛股之一。可惜观察了这么久依旧不敢买，涉及的问题金额不是很大，但是很难解决，如果是挪用归还就可以摘帽，但是这个明面上是正常交易，退回就是业绩造假，不退回审计机构大概率也不会轻易改变自己的判断。以去年天顺时间节点为例，证监会大概率会在三季度末四季度初立案调查，然后一年内出结果，认定没问题摘帽一飞冲天，认定造假有可能会迎来最坏结果。继续放在自选观察，等待消息层面的落地，看那时的股价位置再决定要不要参与。,0,积微陈著,3293352184,2025-07-28 14:27:04,28,25,0,50387,7,Android,https://xueqiu.com/3293352184/344509160,2026-07-08 16:21:21
344712858,SH688646,ST逸飞,ST逸飞（688646）95.16万股限售股将于7月30日解禁，占总股本1%,"证券之星消息，根据市场公开信息整理，ST逸飞（688646）于7月30日将有95.16万股限售股份解禁，为公司首发战略配售股份，占公司总股本1.0%。（本次数据根据历史公告整理得出,实际情况以上市公司最新公告为准）最近一年内，该股累计解禁1061.0万股，占总股本的11.15%。本次解禁后，公司还有3617.76万股限售股份，占总股本38.02%。具体如下图所示：本次解禁涉及股东明细见下表：ST逸飞财务数据及主营业务：ST逸飞2025年一季报显示，公司主营收入2.36亿元，同比上升97.61%；归母净利润907.73万元，同比下降42.7%；扣非净利润627.5万元，同比下降28.22%；负债率43.7%，投资收益337.19万元，财务费用121.5万元，毛利率22.0%。ST逸飞（688646）主营业务：从事精密激光加工智能装备研发、设计、生产和销售。以上内容为证券之星据公开信息整理，由AI算法生成（网信算备310104345710301240019号），不构成投资建议。",0,证券之星财经,5187193467,2025-07-30 00:10:17,0,0,0,8004,0,雪球,https://xueqiu.com/5187193467/344712858,2026-07-08 16:21:21
344753952,SH688646,ST逸飞,,$ST逸飞(SH688646)$ 看了看，题材，市值，回购都不错，但有球友说是有可能欺诈上市，各位有了解深的能给说说吗，也有十万元仓位了，不知该进该退了,0,我看行哦,7400452661,2025-07-30 02:51:18,1,1,0,13503,0,iPhone,https://xueqiu.com/7400452661/344753952,2026-07-08 16:21:21
344773899,SH688646,ST逸飞,,$ST逸飞(SH688646)$ 证券之星消息，根据市场公开信息整理，ST逸飞（688646）于7月30日将有95.16万股限售股份解禁，为公司首发战略配售股份，占公司总股本1.0%,0,解析几何价格,6305327169,2025-07-30 04:12:37,0,0,0,12286,0,Android,https://xueqiu.com/6305327169/344773899,2026-07-08 16:21:21
344846764,SH688646,ST逸飞,,ST逸飞：逸飞激光关于公司股票被实施其他风险警示的进展公告 网页链接,0,ST逸飞(SH688646),0,2025-07-30 10:48:02,0,0,0,11281,0,公告,https://xueqiu.com/S/SH688646/344846764,2026-07-08 16:21:21
344856490,SH688646,ST逸飞,ST逸飞：7月29日高管吴轩增持股份合计5万股,证券之星消息，根据7月30日市场公开信息、上市公司公告及交易所披露数据整理，ST逸飞（688646）最新董监高及相关人员股份变动情况：2025年7月29日公司董事吴轩共增持公司股份5.0万股，占公司总股本为0.0525%。变动期间公司股价下跌0.89%，7月29日当日收盘报28.86元。ST逸飞近半年内的董监高及核心技术人员增减持详情如下：ST逸飞的高管列表及最新持股情况如下：该股最近90天内无机构评级。以上内容为证券之星据公开信息整理，由AI算法生成（网信算备310104345710301240019号），不构成投资建议。,0,证券之星财经,5187193467,2025-07-30 12:10:23,1,1,0,15247,0,雪球,https://xueqiu.com/5187193467/344856490,2026-07-08 16:21:21
345013097,SH688646,ST逸飞,ST逸飞：公司电芯装配设备、模组PACK 设备以及整厂智慧物流系统等核心设备均已应用于固态电池制造领域...,同花顺（300033）金融研究中心07月31日讯，有投资者向ST逸飞提问， 请问贵公司固态电池产品目前是否已经形成销售？ 公司回答表示，尊敬的投资者您好，公司电芯装配设备、模组PACK 设备以及整厂智慧物流系统等核心设备均已应用于固态电池制造领域，并与多家头部客户形成销售、合作关系，多个项目已获得客户验收通过。感谢您的关注。 点击进入交易所官方互动平台查看更多,0,ST逸飞(SH688646),0,2025-07-31 07:47:59,0,0,0,11031,0,新闻,https://xueqiu.com/S/SH688646/345013097,2026-07-08 16:21:21
345022871,SH688646,ST逸飞,,ST逸飞：逸飞激光关于第二期以集中竞价交易方式回购公司股份的进展公告 网页链接,0,ST逸飞(SH688646),0,2025-07-31 08:38:03,0,0,0,11867,0,公告,https://xueqiu.com/S/SH688646/345022871,2026-07-08 16:21:21
345035515,SH688646,ST逸飞,ST逸飞：公司固态电池设备订单合同正常执行中，项目进展顺利,同花顺（300033）金融研究中心07月31日讯，有投资者向ST逸飞提问， 请问贵公司目前的固态电池领域订单执行情况如何？ 公司回答表示，尊敬的投资者您好，公司固态电池设备订单合同正常执行中，项目进展顺利。感谢您的关注。 点击进入交易所官方互动平台查看更多,0,ST逸飞(SH688646),0,2025-07-31 09:53:25,0,0,0,11591,0,新闻,https://xueqiu.com/S/SH688646/345035515,2026-07-08 16:21:21
345045896,SH688646,ST逸飞,ST逸飞：固态电池设备订单合同正常执行中,证券之星消息，ST逸飞(688646)07月31日在投资者关系平台上答复投资者关心的问题。投资者：请问贵公司目前的固态电池领域订单执行情况如何？ST逸飞董秘：尊敬的投资者您好，公司固态电池设备订单合同正常执行中，项目进展顺利。感谢您的关注。以上内容为证券之星据公开信息整理，由AI算法生成（网信算备310104345710301240019号），不构成投资建议。,0,证券之星财经,5187193467,2025-07-31 11:11:00,0,0,0,13191,0,雪球,https://xueqiu.com/5187193467/345045896,2026-07-08 16:21:21
345055984,SH688646,ST逸飞,8月1日st公告汇总,"1、ST诺泰注射用醋酸西曲瑞克、阿戈美拉汀片获得药品注册证书 2、ST逸飞截至2025年7月31日，公司累计回购股份225.78万股，占总股本的2.37%，累计回购金额约7656.79万元，实际回购价格区间为25.44元/股至44.80元/股。 3、*ST创兴股东浙江华侨实业有限公司于2025年7月30日解除质押67,000,000股公司股份，占其所持股份比例65.90%、公司总股本比例15.75%，解除后其累计质押数量为0股。 4、*ST星光公司拟对全资子公司广东星光发展控股有限公司增资人民币5,000万元，增资后其注册资本将由1,000万元变更为6,000万元；公司全资子公司广东中能半导体技术有限公司、广东金源光能科技有限公司拟分别与佛山市晶锐半导体有限公司签署《宿舍租赁合同书》和《厂房租赁合同书》，租赁位于佛山市南海区狮山朗沙村光明大道以南、兴塱二路以西地段晶锐工业园区内的宿舍楼和厂房，租赁期限均为8年，租金总额分别约184.32万元和1,828.04万元。 5、ST明诚公司原总经理闫爱华、原子公司武汉当代时光传媒有限公司董事长魏巍就与公司劳动争议纠纷提出的仲裁申请，均被北京市朝阳区劳动人事争议仲裁委员会驳回 6、*ST苏吴公司股票可能被实施重大违法强制退市的第四次风险提示 7、*ST赛隆连续3个交易日收盘价格涨幅累计偏离 12.64%，根据深圳证券交易所有关规定，属于股票交易异常波动的情况。 8、*ST步森公司部分银行账户新增资金冻结，涉及公司及孙公司合计6个账户，冻结总金额1,757,764.57元。 9、*ST东易公司控股股东部分股份被解除司法冻结及质押 10、*ST绿康公司南浦厂区及控股子公司厂区拟搬迁 11、*ST太和公司5%以上股东何文辉先生部分股份被司法冻结。何文辉持有公司11,963,918股股份，占公司总股本的10.56%，其中累计被冻结5,169,094股，累计被标记6,794,824股，合计占其持股总数及公司总股本的10.56%。 12、ST华鹏公司于2025年7月30日召开董事会会议，审议通过了《关于向银行申请融资提供抵质押担保的议案》，拟将部分资产抵质押给威海银行以获得16,000万元资金支持，相关子公司为该融资提供担保。 13、ST景峰公司控股股东叶湘武先生及其一致行动人因增持和司法强制执行被动卖出股份，导致合计持有公司股份比例从13.98%下降至13.22%，权益变动比例为-0.79%，触及1%整数倍。 14、*ST椰岛连续3个交易日收盘价格涨幅偏离值累计超过 12%，属于股票交易异常波动情形。 15、ST岭南（股东尹洪卫先生所持公司16650万股无限售条件流通股（占公司总股本的9.15%）将被广东省东莞市中级人民法院通过网络司法拍卖平台分8次进行拍卖，拍卖起始日从2025年8月28日持续至9月27日。 16、*ST高鸿2025年8月1日发布的2025年第三次临时股东大会决议公告。会议审议并通过了《关于购买董监高责任险的议案》 17、*ST大立2025年第二次临时股东大会决议，会议审议通过了多项议案，包括选举王友钊、李海龙、沈书豪为第七届董事会独立董事，曾义为非独立董事，以及修订公司章程、股东大会议事规则等9项制度类议案，所有议案均获高比例通过。 18、*ST花王花王集团所持有的58,307,677股公司股份全部竞价成功，成交金额总计253,434,032.20元。本次拍卖股份占花王集团持有公司股份数量的96.81%，占公司总股本的6.65%。 19、ST东时控股股东东方时尚投资所持1050万股公司股份（占总股本1.47%）完成司法拍卖过户，其持股比例从16.32%降至14.85%；控股股东及其关联方累计归还占用资金0元，占用余额约为3.87亿元，公司股票及“东时转债”自2025年6月20日起停牌，预计停牌时间不超过2个月$ST逸飞(SH688646)$ $ST东时(SH603377)$ $*ST步森(SZ002569)$",0,ST六点半,6739261962,2025-07-31 12:36:04,0,1,0,42950,1,雪球,https://xueqiu.com/6739261962/345055984,2026-07-08 16:21:21
345655042,SH688646,ST逸飞,8月5日ST逸飞现1笔大宗交易 机构净买入1384.5万元,证券之星消息，8月5日ST逸飞发生大宗交易，交易数据如下：大宗交易成交价格27.69元，相对当日收盘价折价3.01%，成交50万股，成交金额1384.5万元，买方营业部为机构专用，卖方营业部为海通证券股份有限公司武汉中北路证券营业部。近三个月该股共发生4笔大宗交易，合计成交1.2万手，折价成交4笔。该股在过去半年内已有共计95.16万股限售解禁股上市，占公司总股本的1.0%。截至2025年8月5日收盘，ST逸飞(688646)报收于28.55元，上涨0.14%，换手率1.25%，成交量7392.0手，成交额2109.41万元。该股近半年内有股东持股变动，合计净减持42.01万股，股东增减持明细如下表：该股最近90天内无机构评级。以上内容为证券之星据公开信息整理，由AI算法生成（网信算备310104345710301240019号），不构成投资建议。,0,证券之星财经,5187193467,2025-08-05 09:30:12,0,0,0,8906,0,雪球,https://xueqiu.com/5187193467/345655042,2026-07-08 16:21:19
345824814,SH688646,ST逸飞,,ST逸飞：逸飞激光关于控股股东、实际控制人、董事长兼总经理及董事、高级管理人员增持时间过半暨增持计划进展公告 网页链接,0,ST逸飞(SH688646),0,2025-08-06 08:45:01,0,0,0,7998,0,公告,https://xueqiu.com/S/SH688646/345824814,2026-07-08 16:21:19
345926487,SH688646,ST逸飞,,ST逸飞连续两天被机构专用席位通过大宗成交50万股，这是协议转让吗还是怎么说？但好的一点是数据显示，这票历史发生折价大宗后22个交易日内股价上涨概率极高，这两日的折价或许将迎来股价上行通道！$ST逸飞(SH688646)$,0,格雷A梦,9014994815,2025-08-07 02:28:51,0,0,0,10225,0,雪球,https://xueqiu.com/9014994815/345926487,2026-07-08 16:21:19
345996075,SH688646,ST逸飞,ST逸飞：公司46系列大圆柱全极耳超充宽温电池量产线已交付给客户并投入使用,同花顺（300033）金融研究中心08月07日讯，有投资者向ST逸飞提问， 请问贵公司的首条46系列大圆柱全极耳超充宽温电池量产线目前是否能够确认收款？ 公司回答表示，尊敬的投资者您好，公司46系列大圆柱全极耳超充宽温电池量产线已交付给客户并投入使用，具体经营情况请关注公司定期报告。感谢您的关注。 点击进入交易所官方互动平台查看更多,0,ST逸飞(SH688646),0,2025-08-07 07:40:33,0,0,0,6920,0,新闻,https://xueqiu.com/S/SH688646/345996075,2026-07-08 16:21:19
345996281,SH688646,ST逸飞,ST逸飞：公司锂电智造解决方案、电池系统组装解决方案以及激光焊接自动线等产品可用于新能源汽车领域,同花顺（300033）金融研究中心08月07日讯，有投资者向ST逸飞提问， 请问贵公司产品是否能用于新能源汽车市场？ 公司回答表示，尊敬的投资者您好，公司锂电智造解决方案、电池系统组装解决方案以及激光焊接自动线等产品可用于新能源汽车领域。感谢您的关注。 点击进入交易所官方互动平台查看更多,0,ST逸飞(SH688646),0,2025-08-07 07:41:43,0,0,0,7435,0,新闻,https://xueqiu.com/S/SH688646/345996281,2026-07-08 16:21:19
345996455,SH688646,ST逸飞,ST逸飞：公司储备了机器视觉、多轴运动控制、数字化在线检测等技术,同花顺（300033）金融研究中心08月07日讯，有投资者向ST逸飞提问， 请问贵公司有具身智能技术储备？ 公司回答表示，尊敬的投资者您好，公司储备了机器视觉、多轴运动控制、数字化在线检测、智能产线信息化管理、仿真评估等技术主要涉及工业机器人与激光加工、智能装备领域的融合应用。公司作为智能激光装备及创新工艺方案提供商，始终关注具身智能领域相关前沿技术，未来将会积极探索研究相关技术与激光加工技术在智能装备制造领域内的融合应用与创新。感谢您的关注。 点击进入交易所官方互动平台查看更多,0,ST逸飞(SH688646),0,2025-08-07 07:42:43,0,0,0,7594,0,新闻,https://xueqiu.com/S/SH688646/345996455,2026-07-08 16:21:19
345996672,SH688646,ST逸飞,ST逸飞：锂电池智造解决方案可用于低空经济领域,同花顺（300033）金融研究中心08月07日讯，有投资者向ST逸飞提问， 请问贵公司产品是否能用于低空经济市场？ 公司回答表示，尊敬的投资者您好，公司用于生产大圆柱电池、固态电池等各类电池的锂电池智造解决方案可用于低空经济领域，公司将会持续关注新兴领域的业务机会。感谢您的关注。 点击进入交易所官方互动平台查看更多,0,ST逸飞(SH688646),0,2025-08-07 07:43:43,0,0,0,9078,0,新闻,https://xueqiu.com/S/SH688646/345996672,2026-07-08 16:21:19
345996865,SH688646,ST逸飞,ST逸飞：公司钙钛矿太阳能电池设备已实现客户交付,同花顺（300033）金融研究中心08月07日讯，有投资者向ST逸飞提问， 请问贵公司的第三代光伏钙钛矿太阳能电池设备交付情况如何？ 公司回答表示，尊敬的投资者您好，公司钙钛矿太阳能电池设备已实现客户交付。感谢您的关注。 点击进入交易所官方互动平台查看更多,0,ST逸飞(SH688646),0,2025-08-07 07:44:43,0,0,0,9618,0,新闻,https://xueqiu.com/S/SH688646/345996865,2026-07-08 16:21:19
345997084,SH688646,ST逸飞,ST逸飞：目前主要精力聚焦在公司产品创新迭代和业务发展上,同花顺（300033）金融研究中心08月07日讯，有投资者向ST逸飞提问， 请问荆楚机器人是否有上市计划？ 公司回答表示，尊敬的投资者您好，公司的参股公司湖北荆楚人形机器人有限公司处于初创阶段，目前主要精力聚焦在公司产品创新迭代和业务发展上，短期内没有上市计划，但荆楚团队和相关股东方对资本市场秉持开放态度，敬请注意投资风险，感谢您的关注。 点击进入交易所官方互动平台查看更多,0,ST逸飞(SH688646),0,2025-08-07 07:45:43,0,0,0,9577,0,新闻,https://xueqiu.com/S/SH688646/345997084,2026-07-08 16:21:19
345999782,SH688646,ST逸飞,ST逸飞：在半导体领域，子公司新聚力推出了半导体AMHS系统，部分核心设备已实现国产替代，并批量交付客,同花顺（300033）金融研究中心08月07日讯，有投资者向ST逸飞提问， 请问贵公司产品是否可用于半导体芯片领域? 公司回答表示，尊敬的投资者您好，在半导体领域，子公司新聚力推出了半导体AMHS系统，部分核心设备已实现国产替代，并批量交付客户。感谢您的关注。 点击进入交易所官方互动平台查看更多,0,ST逸飞(SH688646),0,2025-08-07 07:59:53,0,0,0,10584,0,新闻,https://xueqiu.com/S/SH688646/345999782,2026-07-08 16:21:19
346054457,SH688646,ST逸飞,,$ST逸飞(SH688646)$ 逸飞还有立案的可能么？,0,有骆驼不吹牛的家伙,7759502763,2025-08-07 14:41:46,1,1,0,13083,0,雪球,https://xueqiu.com/7759502763/346054457,2026-07-08 16:21:19
346109953,SH688646,ST逸飞,,$ST逸飞(SH688646)$ 今天必拉的，瞅机会冲进去。问题不大。,0,正义的回报小花朵,1440505229,2025-08-08 02:35:48,0,0,0,19857,0,iPhone,https://xueqiu.com/1440505229/346109953,2026-07-08 16:21:19
346201226,SH688646,ST逸飞,ST逸飞：争取早日申请撤销对公司股票实施的其他风险警示,同花顺（300033）金融研究中心08月08日讯，有投资者向ST逸飞提问， 6月28日，逸飞激光《关于公司股票被实施其他风险警示的进展公告》中提到，“公司积极配合会计师事务所和保荐机构完成补充核查工作，从业务实质、内控流程、财务资料等多维度补充收集具有充分证明力的审计证据，确保核查工作的完成”。请公司向监管部门、会计师事务所、保荐机构转达投资者诉求，要求会计师事务所尽快如实公布核查结果，切实保护投资者权益。 公司回答表示，尊敬的投资者您好，感谢您对公司的关注和建议，公司将与监管部门、审计机构以及保荐机构保持积极汇报沟通并听取专业意见，同时通过优化内控制度体系、强化内控监督的专项检查、完善业务流程等有效措施以期尽快消除相关影响，争取早日申请撤销对公司股票实施的其他风险警示。再次感谢！ 点击进入交易所官方互动平台查看更多,0,ST逸飞(SH688646),0,2025-08-08 10:20:25,0,0,0,12027,0,新闻,https://xueqiu.com/S/SH688646/346201226,2026-07-08 16:21:19
346209154,SH688646,ST逸飞,ST逸飞：荆楚机器人应用类别及技术能力说明,"证券之星消息，ST逸飞(688646)08月08日在投资者关系平台上答复投资者关心的问题。投资者：请问荆楚机器人目前有几个应用类别，在采用全丝杠方案的人形机器人中处于什么位置？ST逸飞董秘：尊敬的投资者您好，荆楚机器人目前主要有面向商业场景、工业场景、家庭服务三大应用类别，是国内少数全面掌握全丝杠驱动方案的机器人企业，整体技术能力处于行业领先水平,具体情况请关注荆楚机器人外部公开信息。感谢您的关注。投资者：在教育部近日公布的2024年度国家教材建设重点研究基地的认定结果中，由丁汉担任基地主任的“高等学校智能制造与机器人教材研究基地”成功入选，也是华中科技大学首个国家级教材建设研究平台。请问这会对贵公司的荆楚机器人有什么助力吗？ST逸飞董秘：尊敬的投资者您好，丁汉院士领衔的“高等学校智能制造与机器人教材研究基地”入选国家级教材建设研究平台，预计将与荆楚机器人在技术创新、人才培养与输送、标准与生态建设、产业资源对接等多维度产生协同效应。感谢您的关注。投资者：据悉贵公司联合武创院发布创新枢纽，创新枢纽将重点布局新一代电池智能装备产业、工业人形机器人、第三代太阳能电池高端装备、半导体先进封测及智慧物流等四大领域，请问是否属实？ST逸飞董秘：尊敬的投资者您好，今年4月份，公司与武创院正式联合对外发布“激光应用与高端装备创新枢纽”，公司将依托自身在新能源电池智能装备、半导体高端物流等领域的产业链整合能力，承担“链主”角色，聚焦新一代电池智能装备产业、工业人形机器人、第三代太阳能电池高端装备、半导体先进封测及智慧物流等四大领域，培育更多新质生产力，构建“需求牵引创新、技术驱动产业、资本加速转化”的良性创新生态。详细情况请查阅公司官方微信公众号发布的相关文章。感谢您的关注。投资者：据悉湖北荆楚人形机器人有限公司已进入“创客中国”智能仿生机器人中小企业创新创业大赛企业组决赛，请问是否属实？ST逸飞董秘：尊敬的投资者您好，根据创客中国公示信息，湖北荆楚人形机器人有限公司在第十届“创客中国”智能仿生机器人中小企业创新创业大赛（企业组）决赛中获得二等奖。感谢您的关注。以上内容为证券之星据公开信息整理，由AI算法生成（网信算备310104345710301240019号），不构成投资建议。",0,证券之星财经,5187193467,2025-08-08 11:40:24,0,0,0,16477,0,雪球,https://xueqiu.com/5187193467/346209154,2026-07-08 16:21:19
346407837,SH688646,ST逸飞,,$ST逸飞(SH688646)$ 这个股好，评论区很安静，越安静越有前途，等高位了在人多起来就对了,0,一个尘世小迷童,7700251416,2025-08-11 03:34:55,1,1,0,14449,0,Android,https://xueqiu.com/7700251416/346407837,2026-07-08 16:21:19
346480899,SH688646,ST逸飞,ST逸飞：汽车制造是荆楚机器人重点布局的应用领域之一,同花顺（300033）金融研究中心08月11日讯，有投资者向ST逸飞提问， 有消息称“荆楚”人形机器人将于三季度融入某头部车企生产线，请问是否属实？ 公司回答表示，尊敬的投资者您好，汽车制造是荆楚机器人重点布局的应用领域之一，具体详细业务合作情况涉及商业机密不便透露，敬请谅解。感谢您的关注。 点击进入交易所官方互动平台查看更多,0,ST逸飞(SH688646),0,2025-08-11 10:24:25,0,1,0,10790,0,新闻,https://xueqiu.com/S/SH688646/346480899,2026-07-08 16:21:19
346481030,SH688646,ST逸飞,ST逸飞：公司46系大圆柱电池量产线已部分确认收入,同花顺（300033）金融研究中心08月11日讯，有投资者向ST逸飞提问， 贵公司在24年三季度宣布46系大圆柱电池量产线进入规模化交付阶段，请问目前这些产线是否已经进行收入确认？ 公司回答表示，尊敬的投资者您好，公司46系大圆柱电池量产线已部分确认收入，还有部分项目处于生产交付中。感谢您的关注。 点击进入交易所官方互动平台查看更多,0,ST逸飞(SH688646),0,2025-08-11 10:25:30,0,1,0,11139,0,新闻,https://xueqiu.com/S/SH688646/346481030,2026-07-08 16:21:19
346485522,SH688646,ST逸飞,ST逸飞：46系大圆柱电池量产线已部分确认收入,【ST逸飞：46系大圆柱电池量产线已部分确认收入】财联社8月11日电，ST逸飞在互动平台表示，公司46系大圆柱电池量产线已部分确认收入，还有部分项目处于生产交付中。,0,财联社,7437424816,2025-08-11 11:10:07,0,0,0,14744,0,雪球,https://xueqiu.com/7437424816/346485522,2026-07-08 16:21:19
346485750,SH688646,ST逸飞,,【ST逸飞：46系大圆柱电池量产线已部分确认收入】ST逸飞在互动平台表示，公司46系大圆柱电池量产线已部分确认收入，还有部分项目处于生产交付中。,0,7X24快讯,5124430882,2025-08-11 11:11:20,1,3,0,40331,0,雪球,https://xueqiu.com/5124430882/346485750,2026-07-08 16:21:17
346488780,SH688646,ST逸飞,ST逸飞：荆楚机器人公司目前各项经营业务、战略合作均进展顺利,"证券之星消息，ST逸飞(688646)08月11日在投资者关系平台上答复投资者关心的问题。投资者：据悉荆楚机器人将与铁四院，东风汽车等共同合作开发，请问目前进展如何？ST逸飞董秘：尊敬的投资者您好，荆楚机器人公司目前各项经营业务、战略合作均进展顺利，具体情况请关注荆楚机器人外部公开信息。感谢您的关注。投资者：6月24日，机器人领域顶级期刊InternationalJournalofRoboticsResearch刊发了华中科技大学机械学院丁汉院士团队关于机器人化智能制造的最新研究成果“Anovelelectromagneticvariablestiffnessactuatorforroboticgrinding:Design,modeling,optimization,andcontrol（用于机器人磨抛的新型电磁变刚度致动器：设计、建模、优化和控制）,请问此项技术是否会运用到丁汉院士团队的荆楚机器人上？ST逸飞董秘：尊敬的投资者您好，丁汉院士团队关于机器人化智能制造最新研究成果内一些设计理念、创新技术点在荆楚人形机器人设计优化过程中可以借鉴、迁移，如高精度力控算法、振动抑制、表面质量评估算法等技术，感谢您的关注。投资者：有消息称“荆楚”人形机器人将于三季度融入某头部车企生产线，请问是否属实？ST逸飞董秘：尊敬的投资者您好，汽车制造是荆楚机器人重点布局的应用领域之一，具体详细业务合作情况涉及商业机密不便透露，敬请谅解。感谢您的关注。投资者：贵公司在24年三季度宣布46系大圆柱电池量产线进入规模化交付阶段，请问目前这些产线是否已经进行收入确认？ST逸飞董秘：尊敬的投资者您好，公司46系大圆柱电池量产线已部分确认收入，还有部分项目处于生产交付中。感谢您的关注。投资者：请问贵公司设备生产的圆柱全极耳锂电池是否能用于无人机上？ST逸飞董秘：尊敬的投资者您好，圆柱全极耳电池具备高安全性、高能量密度、高充放电倍率、高一致性、长寿命、宽温域等优势，能够很好地满足无人机在货物运输、巡逻巡检、紧急救援、农业植保、户外摄影等应用领域对电池技术性能的要求。目前，已有部分客户用公司设备生产的圆柱电池用于无人机领域。感谢您的关注。以上内容为证券之星据公开信息整理，由AI算法生成（网信算备310104345710301240019号），不构成投资建议。",0,证券之星财经,5187193467,2025-08-11 11:40:17,0,1,0,16530,0,雪球,https://xueqiu.com/5187193467/346488780,2026-07-08 16:21:17
346763431,SH688646,ST逸飞,华恒生物：合成生物产业革命的擎旗者，底部反转在即！,"一、实控人：铁血女帅掌舵，技术信仰铸就护城河郭恒华，40年坚守的产业传奇。 作为华恒生物创始人、实控人兼董事长，郭恒华深耕化工及合成生物领域近40年，以54.3%的控股比例（上市初期）牢牢锚定公司战略航向，至今仍通过直接持股19.80%及控股平台三和投资（9.97%）、恒润华业（3.18%）掌控大局。她不仅是资本舵手，更是技术革命的布道者——从突破 “厌氧发酵”全球技术瓶颈，到推动L-丙氨酸成本骤降30%-50%，每一步都烙印着其“以生物制造颠覆化工旧秩序”的野心！核心团队深度绑定，科学家与资本共舞 。首席科学家张学礼博士（合成生物权威，持股3.8%）领衔研发天团，高管及技术骨干均持股绑定，形成 “技术-股权”双螺旋激励结构，让创新基因深植企业骨髓！二、研发平台：超级引擎（AI+生物制造）定义产业未来1、技术双塔，发酵法+酶法双平台碾压同行。华恒建成全球稀缺的 “厌氧发酵”全链条技术体系，以葡萄糖为原料在常温常压下高效合成L-丙氨酸，成本仅0.78万元/吨（传统化学法1.2万元/吨），毛利率长期稳居40%+，碾压酶法工艺。更以8项发明专利+11项实用新型专利（仅2023上半年）筑起知识产权高墙！2、AI革命，3.2亿砸向精准发酵，开启智能造物时代。2025年5月，公司豪掷3.2亿元启动 “人工智能精准发酵及蛋白质工程共享示范项目”，引入AI实时优化发酵参数、构建蛋白质智能设计数据库，将传统发酵升级为可预测、可调控的生物制造操作系统！项目达产后年产值超5亿元，奠定未来10年成本与品质霸权。3、产学研帝国，院士工作站+四大基地护航产业化 。联手郑裕国院士共建工作站，与中科院、北化等顶尖机构深度绑定；合肥、长丰、秦皇岛、巴彦淖尔四大生产基地化身“技术转化器”，2024年产能5.8万吨→2025年33.2万吨，产能裂变在即！三、行业地位：全球丙氨酸之王，生物基材料新霸主崛起1、统治性份额，L-丙氨酸全球市占率第一。主导新型绿色螯合剂MGDA、维生素B6等高端市场，技术壁垒让对手望尘莫及！2、第二曲线爆发，生物基材料横扫千军 。丁二酸（可降解塑料PBS核心原料）量产毛利率达52%，1,3-丙二醇项目2025年投产，剑指千亿可降解塑料市场；缬氨酸产能释放驱动饲料革命，生物基新材料营收占比将超50%，再造一个华恒！3、 政策加冕，合肥百亿基金押注，合成生物“国家先导区”核心标的 。合肥市将生物制造列为五大先导产业，设立100亿产业基金丛林，目标2027年产值150亿→2030年300亿！华恒作为 “合肥合成生物制造产业园”链主企业，坐享政策、资本、土地三重红利！四、行业前景：万亿合成生物浪潮，华恒就是弄潮儿！1、 全球爆发：DNA合成市场2025年37亿美元→2035年137亿美元（CAGR 14%），生物制造替代化工产品比例将达35%48； 中国加速度：2025年产业规模1.2万亿元，十年CAGR 17%！政策强音已响：“合成生物”写入十四五规划，“双碳”目标倒逼生物基替代。2、 应用核爆：从医药（基因疗法）、食品（合成香料）到材料（可降解塑料）、能源（生物燃料），华恒的产品矩阵覆盖七大黄金赛道，每一次技术突破都是对万亿市场的切割！五、底部反转：戴维斯双击已箭在弦上！1、 短期阵痛VS长期辉煌2024年受缬氨酸价格战拖累，净利润下滑47%-60%，毛利率降至28%，市场恐慌性抛售铸就历史估值底（动态PE 43倍，市值仅67亿）.2、 反转信号轰鸣（1）产能大爆发17.8万吨在建产能2025年起释放，丁二酸、1,3-丙二醇等高端产品将拉升毛利率重回40%+；（2） AI降本革命精准发酵项目2028年投产，生产成本再砍20%+，利润弹性惊人；（3） 政策点火合肥百亿基金定向输血链主企业，华恒再融资引入国资“耐心资本”，现金流无忧；（4） 机构共识目标价59.24元，较现价空间涨幅巨大！2026年将是业绩拐点，产能+毛利双升引爆戴维斯双击！终极宣言：此刻不争，更待何时？华恒生物，是技术信仰与产业野心的完美合体——郭恒华的铁血领导、张学礼的科学锋芒、AI+生物制造的超级平台，正在合成生物黄金赛道上劈出中国制造的世界级锋芒！短期利润回调是黄金坑，产能释放与政策红利已组成多头双翼。牛市风起时，龙头必当直上云霄！华恒生物——合成生物产业的“宁德时代”，此刻布局，就是押注下一个十年产业革命的王座！$华恒生物(SH688639)$ $博威合金(SH601137)$ $ST逸飞(SH688646)$",0,小小起夜家,5635057221,2025-08-13 03:05:21,5,7,0,79182,6,雪球,https://xueqiu.com/5635057221/346763431,2026-07-08 16:21:17
346841168,SH688646,ST逸飞,ST逸飞主力资金持续净流入，3日共净流入1075.77万元,ST逸飞08月13日DDE大单资金(主力资金)净流入628.94万元，两市排名1083/5153。近3日ST逸飞主力资金持续流入，3日共净流入1075.77万元。 【投顾分析】 该股今日DDE大单净额为正，且最近3日均量亦为正，表明近期主力资金买入居多，主力资金短期处于流入趋势；投顾建议：投资者对该股短期走势可持乐观态度。 免责声明：相关内容根据互联网大数据分析所得，不代表公司立场，不构成投资建议，请注意投资风险。,0,ST逸飞(SH688646),0,2025-08-13 08:13:47,0,0,0,10964,0,新闻,https://xueqiu.com/S/SH688646/346841168,2026-07-08 16:21:17
346933664,SH688646,ST逸飞,,$ST逸飞(SH688646)$ 有可能欺诈上市，而退市吗,0,遥远地,5244017343,2025-08-14 01:25:49,1,0,0,34681,0,Android,https://xueqiu.com/5244017343/346933664,2026-07-08 16:21:17
346938227,SH688646,ST逸飞,,$ST逸飞(SH688646)$ 这几天像吃了药一样很猛,0,小镇西风,1485911741,2025-08-14 01:38:49,0,1,0,13404,0,iPhone,https://xueqiu.com/1485911741/346938227,2026-07-08 16:21:17
347263500,SH688646,ST逸飞,ST逸飞：公司推出圆柱全极耳电芯装配系列设备，整体技术水平全球领先,同花顺（300033）金融研究中心08月15日讯，有投资者向ST逸飞提问， 特斯拉第1亿颗4680电池已下线，请问贵公司在国内46大圆柱生产设备厂家中处于什么地位？ 公司回答表示，尊敬的投资者您好，公司自主创新核心技术，率先突破圆柱全极耳电池制造工艺与装备技术难题，推出圆柱全极耳电芯装配系列设备，具备高效率、高良率、高智能化等优势，适用于直径18-80mm圆柱全极耳电池的量产应用，入选了国家级制造业单项冠军产品，整体技术水平全球领先。针对4680、4695、46120等46系大圆柱电池，公司推出了直线式、转塔式、磁悬浮式和组合式等多种激光封装产线，相关产品也已批量交付给行业知名客户。感谢您的关注。 点击进入交易所官方互动平台查看更多,0,ST逸飞(SH688646),0,2025-08-15 08:59:17,0,0,0,9413,0,新闻,https://xueqiu.com/S/SH688646/347263500,2026-07-08 16:21:17
347263926,SH688646,ST逸飞,ST逸飞：全极耳技术是突破圆柱电池大型化瓶颈的关键技术,"同花顺（300033）金融研究中心08月15日讯，有投资者向ST逸飞提问， 宝马宣布2025年大圆柱电池量产装车, 充电速度提升30%, 10分钟300公里续航,请问大圆柱电池是否可以达到此效果? 公司回答表示，尊敬的投资者您好，全极耳技术能够大幅提升电池集流体与极柱间的导流面积，从而大幅提升过电流能力、降低电池内阻，是突破圆柱电池大型化瓶颈的关键技术，使得大圆柱全极耳电池能够具备高安全性、高能量密度和高充放电倍率等优势。根据宝马公开信息，宝马新世代车型搭载46系圆柱电池，通过无模组集成与电池车身一体化技术实现能量密度提升20%、续航增加30%、充电速度提升30%，结合800V高压平台，支持快充10分钟续航300公里，具体情况请关注宝马外部公开信息。感谢您的关注。 点击进入交易所官方互动平台查看更多",0,ST逸飞(SH688646),0,2025-08-15 09:00:29,0,0,0,9696,0,新闻,https://xueqiu.com/S/SH688646/347263926,2026-07-08 16:21:17
347264077,SH688646,ST逸飞,ST逸飞：公司参加了第一届中国激光焊接行业大会,同花顺（300033）金融研究中心08月15日讯，有投资者向ST逸飞提问， 第一届中国激光焊接行业协会圆满召开，请问贵公司是否有参加？ 公司回答表示，尊敬的投资者您好，公司参加了第一届中国激光焊接行业大会，感谢您的关注。 点击进入交易所官方互动平台查看更多,0,ST逸飞(SH688646),0,2025-08-15 09:01:29,0,0,0,10282,0,新闻,https://xueqiu.com/S/SH688646/347264077,2026-07-08 16:21:17
347275725,SH688646,ST逸飞,ST逸飞：荆楚机器人已推出荆楚1号、荆楚2号,"证券之星消息，ST逸飞(688646)08月15日在投资者关系平台上答复投资者关心的问题。投资者：请问目前荆楚机器人研究进度如何？至今为止迭代了几次了？是否能投入现实运行？ST逸飞董秘：尊敬的投资者您好，荆楚机器人公司有面向商业场景、工业场景、家庭服务三大应用类别的机器人，目前均进展顺利，已正式推出荆楚1号、荆楚2号机器人，其中荆人形机器人平台JC01目前已迭代至第四代，具体情况请关注荆楚机器人外部公开信息。湖北荆楚人形机器人有限公司为公司的参股公司，成立时间较短，对公司业绩影响较小，敬请注意投资风险，感谢您的关注。投资者：宝马宣布2025年大圆柱电池量产装车,充电速度提升30%,10分钟300公里续航,请问大圆柱电池是否可以达到此效果?ST逸飞董秘：尊敬的投资者您好，全极耳技术能够大幅提升电池集流体与极柱间的导流面积，从而大幅提升过电流能力、降低电池内阻，是突破圆柱电池大型化瓶颈的关键技术，使得大圆柱全极耳电池能够具备高安全性、高能量密度和高充放电倍率等优势。根据宝马公开信息，宝马新世代车型搭载46系圆柱电池，通过无模组集成与电池车身一体化技术实现能量密度提升20%、续航增加30%、充电速度提升30%，结合800V高压平台，支持快充10分钟续航300公里，具体情况请关注宝马外部公开信息。感谢您的关注。投资者：第一届中国激光焊接行业协会圆满召开，请问贵公司是否有参加？ST逸飞董秘：尊敬的投资者您好，公司参加了第一届中国激光焊接行业大会，感谢您的关注。投资者：特斯拉第1亿颗4680电池已下线，请问贵公司在国内46大圆柱生产设备厂家中处于什么地位？ST逸飞董秘：尊敬的投资者您好，公司自主创新核心技术，率先突破圆柱全极耳电池制造工艺与装备技术难题，推出圆柱全极耳电芯装配系列设备，具备高效率、高良率、高智能化等优势，适用于直径18-80mm圆柱全极耳电池的量产应用，入选了国家级制造业单项冠军产品，整体技术水平全球领先。针对4680、4695、46120等46系大圆柱电池，公司推出了直线式、转塔式、磁悬浮式和组合式等多种激光封装产线，相关产品也已批量交付给行业知名客户。感谢您的关注。以上内容为证券之星据公开信息整理，由AI算法生成（网信算备310104345710301240019号），不构成投资建议。",0,证券之星财经,5187193467,2025-08-15 10:10:34,0,1,0,12926,0,雪球,https://xueqiu.com/5187193467/347275725,2026-07-08 16:21:17
347343171,SH688646,ST逸飞,颠覆性技术全球领跑，ST逸飞（688646）迎来黄金增长周期！,"在新能源革命席卷全球的浪潮中，一家中国科技企业凭借颠覆性技术突破，抢占全球动力电池装备制高点——ST逸飞自主创新研发的圆柱全极耳电芯装配系列设备，以“高效率、高良率、高智能化”的压倒性优势，入选国家级制造业单项冠军产品，正迎来产业转型中技术创新到技术变现的黄金期。一、技术霸权：定义全球电池装备新标准全极耳技术是突破圆柱电池大型化瓶颈的“核武器”。它彻底颠覆传统电池集流体设计，将导流面积提升至极限水平，让电池内阻大幅降低、过电流能力倍增，实现“高安全性、高能量密度、高充放电倍率”三位一体的性能跃升！宝马新世代车型搭载的46系大圆柱电池已宣布量产装车，其支持“充电10分钟续航300公里” 的惊人性能背后，正是ST逸飞设备赋能的46系电池核心工艺！公司已推出覆盖4680、4695、46120等全型号的磁悬浮式、直线式、转塔式激光封装产线，批量交付全球头部电池巨头，成为大圆柱电池爆发式增长的核心受益者。二、实控人信心加倍：真金白银重仓增持顶级产业资本与公司领袖正以史无前例的力度重仓押注！ 控股股东吴轩闪电增持：斥资超611万元增持22.2万股，单枪匹马完成增持下限目标的50%以上； 董事赵来根同步出手：斥资近200万元买入7.5万股，管理层集体看好。公司回购彰显价值底线：累计回购225万股，耗资7656万元，最高成交价44.8元/股，较现价溢价近50%！机构席位狂扫百万筹码：8月以来大宗交易频现机构抢筹，单笔1386万元大单密集进场，机构专用席位连续重仓买入，凸显战略资本对技术壁垒的深度认可。三、万亿赛道爆发：政策与产业共振下的历史性机遇全球动力电池扩产海啸已至： 特斯拉官宣第1亿颗4680电池下线，大圆柱电池规模化拐点确立1 宝马、奔驰等巨头集体转向46系大圆柱，2025年量产装车大幕拉开.中国《新能源汽车产业发展规划》强力扶持，高端装备首获“单项冠军”政策加持, ST逸飞卡位“设备-电池-整车”黄金链条咽喉环节，其设备覆盖18-80mm全系圆柱电池量产，技术护城河深不可测！四、新质生产力布局：人形机器人引爆第二增长曲线公司联合武创院打造“激光应用与高端装备创新枢纽”，四大战略领域横空出世： 新一代电池智能装备（全球领先优势持续扩大）\ 工业人形机器人（参股公司荆楚机器人已推出荆楚1号/2号，进军商业、工业万亿市场）\ 第三代太阳能电池高端装备（切入光伏革命下一站）\ 半导体先进封测及智慧物流（打破海外技术封锁）. 2025年一季度营收暴增97.61%，人形机器人、半导体装备等新业务即将贡献增量，业绩弹性远超预期！五、估值重构在即：戴维斯双击一触即发现价26.87元/股，总市值25.57亿元，滚动PE 145倍虽高于行业均值，但相较于97.61%的营收增速及全球领先技术溢价，估值具备强大支撑, 机构持股达1634万股，市值占比超25%，资本长线布局意图明显. 股东户数仅5826户，股权高度集中，流动性筹码稀缺.当下市值尚未反映技术垄断红利：对比全球锂电设备巨头百亿级估值，ST逸飞手握“单项冠军”技术+四大新质生产力布局，成长空间亟待重估！结论：全球高端智造的中国王牌，当下即是黄金买点！（代码：688646） 技术霸权构筑护城河，产业资本重仓押注，政策东风席卷万亿赛道——ST逸飞正以雷霆之势突入全球高端智造核心战场！现价较机构大宗成本微弱持平，较回购最高价折价折幅巨大，安全边际坚实，戴维斯双击近在眼前。 建议立即关注，迎接新能源装备龙头的历史性主升浪！六、重大风险提示1、ST主要原因财务报表保留意见：立信会计师事务所因无法获取充分审计证据（如募集资金异常流向、关联方交易未披露），对2024年度财务报表出具保留意见，表明公司财务信息披露存在重大不确定性。内控否定意见：内控审计报告指出募集资金管理及收入确认流程存在重大缺陷，涉及5100万元资金异常流转至关联方，暴露公司治理和合规风险。2、摘帽可能性评估摘帽可能性：中等偏高（50%-60%）。若钠电池设备订单落地（2025年预计贡献1-2亿元营收）、内控整改到位（2025年年报无非标意见），则有望摘帽。若公司整改后满足以下条件，可申请撤销ST： 审计机构出具无保留意见的财务报告； 内部控制审计报告无否定意见； 财务指标（如净利润、扣非净利润）恢复至正常水平。 时间窗口：2025年年报（2026年4-6月）是关键节点，若整改成效显著，可能于2026年Q2前摘帽。3、黑天鹅ST逸飞5100万元异常资金流向被证监会或地方证监局立案调查的可能性极高，原因包括：金额远超挪用资金罪立案标准； 资金流向存在利益输送嫌疑且公司无法合理解释； 已触发审计非标意见及ST规则，监管机构高度关注； 涉嫌虚假陈述及信息披露违规，可能引发跨部门联合调查。一立案调查，股价又面临回调，但不构成极端风险（市场已有预期）。$ST逸飞(SH688646)$ $ST华通(SZ002602)$ $尚太科技(SZ001301)$",0,小小起夜家,5635057221,2025-08-16 03:20:17,10,5,0,64021,8,雪球,https://xueqiu.com/5635057221/347343171,2026-07-08 16:21:17
347511066,SH688646,ST逸飞,,$ST逸飞(SH688646)$ 不懂就问，什么时候会有立案调查的公告出来！会不会退市！,0,gyjzxm,9170171712,2025-08-18 02:56:02,2,0,0,14809,0,Android,https://xueqiu.com/9170171712/347511066,2026-07-08 16:21:17
347678561,SH688646,ST逸飞,,$ST逸飞(SH688646)$ 一支不错的标的，待事件过去，摘帽之时就是股价腾飞之日！值得期待！,0,股海老班长,8629853875,2025-08-18 23:14:15,0,2,0,12773,0,雪球,https://xueqiu.com/8629853875/347678561,2026-07-08 16:21:17
347716604,SH688646,ST逸飞,,$ST逸飞(SH688646)$ 你涨了吗你就跌起来,0,老百姓赢麻了,3497527004,2025-08-19 02:17:45,1,1,0,16181,0,雪球,https://xueqiu.com/3497527004/347716604,2026-07-08 16:21:17
347834594,SH688646,ST逸飞,ST逸飞：率先突破圆柱全极耳电池制造工艺与装备技术难题,同花顺（300033）金融研究中心08月19日讯，有投资者向ST逸飞提问， 特斯拉4680电池、宝马新世代车型全部押注46圆柱电池，请问贵公司的大圆柱电池技术储备如何？ 公司回答表示，尊敬的投资者您好，公司自主创新核心技术，率先突破圆柱全极耳电池制造工艺与装备技术难题，推出圆柱全极耳电芯装配系列设备，具备高精度、高效率、高良率、高智能化等特征，适用于直径18-80mm圆柱全极耳电池的量产应用，入选了国家级制造业单项冠军产品，整体技术水平行业领先。截至2025年6月末，公司在圆柱全极耳电池制造工艺与装备技术方面布局相关专利420余项，其中已授权发明专利50余项。感谢您的关注。 点击进入交易所官方互动平台查看更多,0,ST逸飞(SH688646),0,2025-08-19 10:05:31,0,0,0,9585,0,新闻,https://xueqiu.com/S/SH688646/347834594,2026-07-08 16:21:17
347835338,SH688646,ST逸飞,ST逸飞：2024年大圆柱电池在户用储能、便携式储能等市场表现突出，其出货量同比增速突破100%,同花顺（300033）金融研究中心08月19日讯，有投资者向ST逸飞提问， 请问贵公司能生产的大圆柱电池是可用于储能领域？ 公司回答表示，尊敬的投资者您好，大圆柱电池可以应用于工商业储能、便携式储能、户用储能等场景，根据《2024中国大圆柱锂电池行业发展蓝皮书》显示，2024年大圆柱电池在户用储能、便携式储能等市场表现突出，其出货量同比增速突破100%。感谢您的关注。 点击进入交易所官方互动平台查看更多,0,ST逸飞(SH688646),0,2025-08-19 10:10:18,0,0,0,9809,0,新闻,https://xueqiu.com/S/SH688646/347835338,2026-07-08 16:21:17
347839680,SH688646,ST逸飞,ST逸飞：截至2025年6月末，公司在圆柱全极耳电池制造工艺与装备技术方面布局相关专利420余项,每经AI快讯，有投资者在投资者互动平台提问：特斯拉4680电池、宝马新世代车型全部押注46圆柱电池，请问贵公司的大圆柱电池技术储备如何？ ST逸飞（688646.SH）8月19日在投资者互动平台表示，公司自主创新核心技术，率先突破圆柱全极耳电池制造工艺与装备技术难题，推出圆柱全极耳电芯装配系列设备，具备高精度、高效率、高良率、高智能化等特征，适用于直径18-80mm圆柱全极耳电池的量产应用，入选了国家级制造业单项冠军产品，整体技术水平行业领先。截至2025年6月末，公司在圆柱全极耳电池制造工艺与装备技术方面布局相关专利420余项，其中已授权发明专利50余项。 （记者 王晓波） 免责声明：本文内容与数据仅供参考，不构成投资建议，使用前核实。据此操作，风险自担。 每日经济新闻,0,每日经济新闻,4642157440,2025-08-19 10:40:16,0,0,0,10787,0,雪球,https://xueqiu.com/4642157440/347839680,2026-07-08 16:21:17
348022825,SH688646,ST逸飞,ST逸飞：公司目前在手订单较为充裕，且今年上半年新签订单增多,同花顺（300033）金融研究中心08月20日讯，有投资者向ST逸飞提问， 你好，我想问一下公司：1.上半年没有业绩快报的主要原因是什么，是不是没有达到业绩快报的披露标准？2.上半年在手订单情况和订单执行情况如何？谢谢！ 公司回答表示，尊敬的投资者您好，公司目前在手订单较为充裕，且今年上半年新签订单增多。公司严格按照相关法律法规履行信息披露义务，具体半年度业绩请关注公司将于2025年8月26日披露的2025年半年度报告。感谢您的关注。 点击进入交易所官方互动平台查看更多,0,ST逸飞(SH688646),0,2025-08-20 07:47:27,0,1,0,9160,1,新闻,https://xueqiu.com/S/SH688646/348022825,2026-07-08 16:21:17
348386184,SH688646,ST逸飞,,$ST逸飞(SH688646)$ 公司目前在手订单较为充裕，且今年上半年新签订单增多。公司严格按照相关法律法规履行信息披露义务，具体半年度业绩请关注公司将于2025年8月26日披露的2025年半年度报告。,0,解析几何价格,6305327169,2025-08-22 03:09:17,1,0,0,11480,0,Android,https://xueqiu.com/6305327169/348386184,2026-07-08 16:21:17
348469395,SH688646,ST逸飞,ST逸飞：钙钛矿太阳能电池作为第三代光伏太阳能电池，具备转换效率更高、轻薄柔性、更低成本等优势，主...,同花顺（300033）金融研究中心08月22日讯，有投资者向ST逸飞提问， 请问公司在光伏特别是第三代钙钛矿太阳能领域开发了哪些产品？相关产品订单情况及交付使用情况怎么样？公司是否将光伏特别是第三代钙钛矿太阳能领域业务作为公司其中一项新的重点业务进行发展和规划布局？第三代钙钛矿太阳能电池的应用场景主要有哪些？第三代钙钛矿太阳能电池发展前景如何？谢谢！ 公司回答表示，尊敬的投资者您好，公司针对不同市场需求，开发了P1/P2/P3 激光划线到P4激光清边，集成P1/P2/P3/P4功能 的一体化设备、切割裂片清边一体化设备、XBC电池激光开窗设备、玻璃封焊及退火等全系列高端激光装备，部分产品实现了交付。钙钛矿太阳能电池作为第三代光伏太阳能电池，具备转换效率更高、轻薄柔性、更低成本等优势，主要应用场景有集中式光伏、分布式光伏、BIPV、3C行业等方面，市场前景广阔。感谢您的关注。 点击进入交易所官方互动平台查看更多,0,ST逸飞(SH688646),0,2025-08-22 07:56:33,0,0,0,8583,1,新闻,https://xueqiu.com/S/SH688646/348469395,2026-07-08 16:21:17
348830253,SH688646,ST逸飞,,$ST逸飞(SH688646)$ 短期目标上40再说！，一飞一飞，一飞冲天！,0,股海老班长,8629853875,2025-08-25 05:54:44,6,0,0,8846,0,雪球,https://xueqiu.com/8629853875/348830253,2026-07-08 16:21:15
348896618,SH688646,ST逸飞,ST逸飞半年度营业收入4.32亿元，同比增长23.90%,8月26日，ST逸飞发布2025年中报，公司实现营业总收入4.32亿元，同比增长23.90%，归母净利润1814.85万，同比下降55.06%。 具体来看，ST逸飞2025年半年度实现总营收4.32亿元，同比增长23.90%。成本端营业成本3.28亿元，同比增长29.07%，费用等成本9640.71万元，同比增长47.58%。营业总收入扣除营业成本和各项费用后，归母净利润1814.85万元，同比下降55.06%。,0,ST逸飞(SH688646),0,2025-08-25 10:12:21,0,0,0,5769,0,新闻,https://xueqiu.com/S/SH688646/348896618,2026-07-08 16:21:15
348896779,SH688646,ST逸飞,财报速递：ST逸飞2025年半年度净利润1814.85万元,8月26日，A股上市公司ST逸飞发布2025年半年度业绩报告，其中，净利润1814.85万元，同比下降55.06%。 根据同花顺财务诊断大模型对其本期及过去5年财务数据1200余项财务指标的综合运算及跟踪分析，ST逸飞近五年总体财务状况低于行业平均水平。具体而言，盈利能力、成长能力一般。 净利润1814.85万元，同比下降55.06% 从营收和利润方面看，公司本报告期实现营业总收入4.32亿元，同比增长23.90%，净利润1814.85万元，同比下降55.06%，基本每股收益为0.19元。 从资产方面看，公司报告期内，期末资产总计为27.81亿元，应收账款为4.39亿元；现金流量方面，经营活动产生的现金流量净额为-8195.57万元，销售商品、提供劳务收到的现金为3.14亿元。 存在5项财务风险 根据ST逸飞公布的相关财务信息显示，公司存在5个财务风险，具体如下： 指标类型评述应收应收账款周转率平均为1.91(次/年)，公司收帐压力大。营运总资产周转率平均为0.29(次/年)，公司运营效率很低。偿债速动比率为1.04，短期偿债能力很弱。收益净利润现金含量平均为-168.70%，公司现金流很弱。收现主营业务收现比率平均为78.40%，公司现金流较差。 综合来看，ST逸飞总体财务状况低于行业平均水平，当前总评分为0.85分，在所属的自动化设备行业的91家公司中排名靠后。具体而言，盈利能力、成长能力一般。 各项指标评分如下： 指标类型上期评分本期评分排名评价盈利能力4.041.5464一般成长能力3.721.2669一般营运能力2.500.8876不佳资产质量1.120.7778不佳偿债能力2.930.7179较低现金流0.050.2288较弱总分2.870.8586低于行业平均水平 关于同花顺财务诊断大模型 同花顺（300033）财务诊断大模型根据公司最新及往期财务数据和行业状况，计算出公司的财务评分、亮点和风险，反映公司已披露的财务状况，但不是对未来财务状况的预测。财务评分区间为0~5分，分数越高说明财务状况越好、对中长期的投资价值越大。财务亮点与风险评述中涉及“平均”关键词的取指标5年平均值，没有“平均”关键词的取最新报告期数据。上述所有信息均基于人工智能算法，仅供参考，不代表同花顺财经观点，投资者据此操作，风险自担。 了解更多该公司的股票诊断信息>>>,0,ST逸飞(SH688646),0,2025-08-25 10:13:25,0,0,0,5916,0,新闻,https://xueqiu.com/S/SH688646/348896779,2026-07-08 16:21:15
348897604,SH688646,ST逸飞,,ST逸飞：逸飞激光2025年半年度报告摘要 网页链接,0,ST逸飞(SH688646),0,2025-08-25 10:18:00,1,0,0,5889,0,公告,https://xueqiu.com/S/SH688646/348897604,2026-07-08 16:21:15
348897605,SH688646,ST逸飞,,ST逸飞：逸飞激光关于参加2025年半年度科创板新能源行业集体业绩说明会的公告 网页链接,0,ST逸飞(SH688646),0,2025-08-25 10:18:00,0,0,0,4532,0,公告,https://xueqiu.com/S/SH688646/348897605,2026-07-08 16:21:15
348897606,SH688646,ST逸飞,,ST逸飞：逸飞激光第二届监事会第十次会议决议公告 网页链接,0,ST逸飞(SH688646),0,2025-08-25 10:18:00,0,0,0,4540,0,公告,https://xueqiu.com/S/SH688646/348897606,2026-07-08 16:21:15
348897608,SH688646,ST逸飞,,ST逸飞：逸飞激光2025年半年度报告 网页链接,0,ST逸飞(SH688646),0,2025-08-25 10:18:00,0,0,0,4810,0,公告,https://xueqiu.com/S/SH688646/348897608,2026-07-08 16:21:15
348897609,SH688646,ST逸飞,,ST逸飞：逸飞激光关于公司2025年度提质增效重回报专项行动方案的半年度评估报告 网页链接,0,ST逸飞(SH688646),0,2025-08-25 10:18:00,0,0,0,4615,0,公告,https://xueqiu.com/S/SH688646/348897609,2026-07-08 16:21:15
348897610,SH688646,ST逸飞,,ST逸飞：逸飞激光关于使用部分超募资金永久补充流动资金的公告 网页链接,0,ST逸飞(SH688646),0,2025-08-25 10:18:00,0,0,0,4608,0,公告,https://xueqiu.com/S/SH688646/348897610,2026-07-08 16:21:15
348897611,SH688646,ST逸飞,,ST逸飞：民生证券股份有限公司关于武汉逸飞激光股份有限公司使用部分超募资金永久补充流动资金的核查意见 网页链接,0,ST逸飞(SH688646),0,2025-08-25 10:18:00,0,0,0,4688,0,公告,https://xueqiu.com/S/SH688646/348897611,2026-07-08 16:21:15
348897612,SH688646,ST逸飞,,ST逸飞：逸飞激光关于召开2025年第二次临时股东大会的通知 网页链接,0,ST逸飞(SH688646),0,2025-08-25 10:18:01,0,0,0,4812,0,公告,https://xueqiu.com/S/SH688646/348897612,2026-07-08 16:21:15
348897613,SH688646,ST逸飞,,ST逸飞：逸飞激光关于取消监事会并修订《公司章程》、办理工商变更登记、修订及制定部分管理制度的公告 网页链接,0,ST逸飞(SH688646),0,2025-08-25 10:18:01,0,0,0,4877,0,公告,https://xueqiu.com/S/SH688646/348897613,2026-07-08 16:21:15
348897614,SH688646,ST逸飞,,ST逸飞：武汉逸飞激光股份有限公司章程（2025年8月修订） 网页链接,0,ST逸飞(SH688646),0,2025-08-25 10:18:01,0,0,0,5146,0,公告,https://xueqiu.com/S/SH688646/348897614,2026-07-08 16:21:15
348897615,SH688646,ST逸飞,,ST逸飞：逸飞激光关于2025年半年度计提资产减值准备的公告 网页链接,0,ST逸飞(SH688646),0,2025-08-25 10:18:01,0,0,0,5545,0,公告,https://xueqiu.com/S/SH688646/348897615,2026-07-08 16:21:15
348897616,SH688646,ST逸飞,,ST逸飞：董事、高级管理人员和核心技术人员所持本公司股份及其变动管理办法（2025年8月修订） 网页链接,0,ST逸飞(SH688646),0,2025-08-25 10:18:01,0,0,0,5729,0,公告,https://xueqiu.com/S/SH688646/348897616,2026-07-08 16:21:15
348897617,SH688646,ST逸飞,,ST逸飞：财务报告管理制度（2025年8月修订） 网页链接,0,ST逸飞(SH688646),0,2025-08-25 10:18:01,0,0,0,5961,0,公告,https://xueqiu.com/S/SH688646/348897617,2026-07-08 16:21:15
348897618,SH688646,ST逸飞,,ST逸飞：对外担保管理制度（2025年8月修订） 网页链接,0,ST逸飞(SH688646),0,2025-08-25 10:18:01,0,0,0,6371,0,公告,https://xueqiu.com/S/SH688646/348897618,2026-07-08 16:21:15
348897619,SH688646,ST逸飞,,ST逸飞：独立董事工作制度（2025年8月修订） 网页链接,0,ST逸飞(SH688646),0,2025-08-25 10:18:01,0,0,0,6415,0,公告,https://xueqiu.com/S/SH688646/348897619,2026-07-08 16:21:15
348897620,SH688646,ST逸飞,,ST逸飞：董事会议事规则（2025年8月修订） 网页链接,0,ST逸飞(SH688646),0,2025-08-25 10:18:01,0,0,0,7222,0,公告,https://xueqiu.com/S/SH688646/348897620,2026-07-08 16:21:15
348897621,SH688646,ST逸飞,,ST逸飞：对外投资决策管理制度（2025年8月修订） 网页链接,0,ST逸飞(SH688646),0,2025-08-25 10:18:01,0,0,0,7370,0,公告,https://xueqiu.com/S/SH688646/348897621,2026-07-08 16:21:15
348897622,SH688646,ST逸飞,,ST逸飞：防止控股股东、实际控制人及其他关联方占用公司资金管理制度（2025年8月修订） 网页链接,0,ST逸飞(SH688646),0,2025-08-25 10:18:01,0,0,0,8224,0,公告,https://xueqiu.com/S/SH688646/348897622,2026-07-08 16:21:13
348897623,SH688646,ST逸飞,,ST逸飞：关联交易管理制度（2025年8月修订） 网页链接,0,ST逸飞(SH688646),0,2025-08-25 10:18:01,0,0,0,8615,0,公告,https://xueqiu.com/S/SH688646/348897623,2026-07-08 16:21:13
348897625,SH688646,ST逸飞,,ST逸飞：股东会议事规则（2025年8月修订） 网页链接,0,ST逸飞(SH688646),0,2025-08-25 10:18:01,0,0,0,9523,0,公告,https://xueqiu.com/S/SH688646/348897625,2026-07-08 16:21:13
348897626,SH688646,ST逸飞,,ST逸飞：累积投票制度（2025年8月修订） 网页链接,0,ST逸飞(SH688646),0,2025-08-25 10:18:01,0,0,0,10575,0,公告,https://xueqiu.com/S/SH688646/348897626,2026-07-08 16:21:13
348897627,SH688646,ST逸飞,,ST逸飞：募集资金管理制度（2025年8月修订） 网页链接,0,ST逸飞(SH688646),0,2025-08-25 10:18:01,0,0,0,11744,0,公告,https://xueqiu.com/S/SH688646/348897627,2026-07-08 16:21:13
348897629,SH688646,ST逸飞,,ST逸飞：内部审计制度（2025年8月修订） 网页链接,0,ST逸飞(SH688646),0,2025-08-25 10:18:01,0,0,0,11995,0,公告,https://xueqiu.com/S/SH688646/348897629,2026-07-08 16:21:13
348897630,SH688646,ST逸飞,,ST逸飞：投资者关系管理制度（2025年8月修订） 网页链接,0,ST逸飞(SH688646),0,2025-08-25 10:18:01,0,0,0,12401,0,公告,https://xueqiu.com/S/SH688646/348897630,2026-07-08 16:21:13
348897631,SH688646,ST逸飞,,ST逸飞：信息披露管理制度（2025年8月修订） 网页链接,0,ST逸飞(SH688646),0,2025-08-25 10:18:01,0,0,0,12451,0,公告,https://xueqiu.com/S/SH688646/348897631,2026-07-08 16:21:13
348897632,SH688646,ST逸飞,,ST逸飞：信息披露暂缓与豁免业务管理制度（2025年8月修订） 网页链接,0,ST逸飞(SH688646),0,2025-08-25 10:18:01,0,0,0,13538,0,公告,https://xueqiu.com/S/SH688646/348897632,2026-07-08 16:21:13
348897633,SH688646,ST逸飞,,ST逸飞：逸飞激光关于2025年半年度募集资金存放与实际使用情况的专项报告 网页链接,0,ST逸飞(SH688646),0,2025-08-25 10:18:01,0,0,0,14577,0,公告,https://xueqiu.com/S/SH688646/348897633,2026-07-08 16:21:13
348922690,SH688646,ST逸飞,ST逸飞(688646)6月30日股东户数0.54万户，较上期减少7.21%,来源：证券之星 证券之星消息，近日ST逸飞披露，截至2025年6月30日公司股东户数为5406.0户，较3月31日减少420.0户，减幅为7.21%。户均持股数量由上期的1.63万股增加至1.76万股，户均持股市值为50.45万元。 在自动化设备行业个股中，ST逸飞股东户数低于行业平均水平，截至6月30日，自动化设备行业平均股东户数为3.13万户。户均持股市值方面，自动化设备行业A股上市公司户均持股市值为34.34万元，ST逸飞高于行业平均水平。 从股价来看，2025年3月31日至2025年6月30日，ST逸飞区间跌幅为27.66%，在此期间股东户数减少420.0户，减幅为7.21%。 根据统计，逸飞激光2025年3月31日至2025年6月30日，主力资金净流出1.3亿元，游资资金净流入5826.31万元，散户资金净流入7223.52万元。期间龙虎榜该股共上榜1次，机构专用席位上榜1次。,0,新浪财经,3338215700,2025-08-25 12:20:13,0,0,0,16678,1,雪球,https://xueqiu.com/3338215700/348922690,2026-07-08 16:21:13
348951560,SH688646,ST逸飞,,$ST逸飞(SH688646)$ 是不是意味的整改结束了！,0,gyjzxm,9170171712,2025-08-25 14:42:44,3,1,0,17253,0,Android,https://xueqiu.com/9170171712/348951560,2026-07-08 16:21:13
348963315,SH688646,ST逸飞,股东追踪|梅亮等增持ST逸飞,近期ST逸飞发布2025中报，十大流通股东发生了以下变化：2位股东增持，3位股东的自持流通股份减少。 增持的前十大流通股东中，中珈资本(武汉)投资管理有限公司本期较上期自持股份增持0.54%至186.5万股；梅亮本期较上期自持股份增持2.77%至122.7万股。 自持流通股份减少的前十大流通股东中，广州怡珀新能源产业投资管理有限责任公司-广州怡珀新能源产业股权投资合伙企业(有限合伙)本期较上期自持股份减少0.23%至431.3万股；海富产业投资基金管理有限公司-海富长江成长股权投资(湖北)合伙企业(有限合伙)本期较上期自持股份减少0.07%至206.6万股；刘振林本期较上期自持股份减少10.86%至103.4万股。 机构或基金名称持有数量占流通股比例自持流通股份变动比例股份类型广州怡珀新能源产业投资管理有限责任公司-广州怡珀新能源产业股权投资合伙企业(有限合伙)431.3万股7.43%-0.23%流通A股广州朗润股权投资管理有限公司-共青城朗润涵纳投资合伙企业(有限合伙)326.3万股5.62%不变流通A股富诚海富资管-中信银行-富诚海富通逸飞激光员工参与科创板战略配售集合资产管理计划213.7万股3.68%不变流通A股海富产业投资基金管理有限公司-海富长江成长股权投资(湖北)合伙企业(有限合伙)206.6万股3.56%-0.07%流通A股中珈资本(武汉)投资管理有限公司186.5万股3.21%0.54%流通A股广东博力威科技股份有限公司163.6万股2.82%不变流通A股梅亮122.7万股2.11%2.77%流通A股熊五岳119.4万股2.06%不变流通A股国轩高科股份有限公司104.5万股1.8%不变流通A股刘振林103.4万股1.78%-10.86%流通A股 小科普： 证金（中国证券金融股份有限公司）：主要负责证券市场融资融券的业务，是稳定证券市场的重要力量；投资风格偏向稳定性和安全性，通常在市场波动时发挥“国家队”角色，进行市场托底。 汇金（中央汇金投资有限责任公司）：中央级别的投资公司，管理国家外汇储备的一部分，进行多元化的国内外投资；投资风格偏向长期稳健投资，注重价值和宏观经济趋势，对国有企业的持股较多。 社保基金（全国社会保障基金理事会）：国家战略储备基金，通过多种渠道实现基金保值增值，以保障社会保险支出的需求。投资风格偏向稳健、长期，注重风险控制和收益平衡，倾向于获得稳定的长期回报。 大基金（国家集成电路产业投资基金）：专注于推动中国集成电路产业发展的基金，支持半导体企业的成长和创新。投资风格偏向产业导向型，更关注科技和战略新兴产业的长期发展，具有较强的前瞻性。 险资（保险资金）：由保险公司投资的资金，主要来源于保费收入，规模庞大且流动性要求高。投资风格偏向稳健、保守，偏好低风险、高稳定性的资产，如债券、优质蓝筹股和基础设施项目。 信托（信托公司）：提供信托服务，以受托人的身份管理和运用财产，为投资者和被投资者提供桥梁。投资风格较为灵活，涵盖了房地产、股权、固定收益类产品等领域，风险偏好和投资期限多样化。 外资（外资机构）：国外资金进入中国市场的代表，涵盖对冲基金、养老金、主权财富基金等。投资风格偏向多元化和国际化，注重全球资产配置、行业龙头和成长性企业的投资机会，反应灵敏且策略多变。 牛散：指的是指盈利能力非常好的散户，选股能力强，具有超强的股市洞察能力，牛散一般都能跑赢市场，并且获得不错的收益。牛散又名大户，散户中成功之后，就成了牛散。,0,ST逸飞(SH688646),0,2025-08-25 16:33:38,0,0,0,15855,0,新闻,https://xueqiu.com/S/SH688646/348963315,2026-07-08 16:21:13
349108904,SH688646,ST逸飞,,$ST逸飞(SH688646)$ 近期ST逸飞发布2025中报，十大流通股东发生了以下变化：2位股东增持，3位股东的自持流通股份减少。,0,解析几何价格,6305327169,2025-08-26 08:16:58,0,0,0,14599,0,Android,https://xueqiu.com/6305327169/349108904,2026-07-08 16:21:13
349136421,SH688646,ST逸飞,ST逸飞：2025年上半年营收4.32亿元 加大研发投入布局新兴业务,本报讯 （记者李万晨曦）8月25日晚间，武汉逸飞激光股份有限公司（以下简称“ST逸飞”）发布2025年中期报告。报告期内，公司实现营业收入4.32亿元，同比增长23.90%；归母净利润为1814.85万元。 今年上半年，ST逸飞持续聚焦主业，加大研发投入持续开发新技术、新产品，并拓展布局新兴业务，通过“激光技术+智能装备技术+工艺应用”滚动创新体系，推动技术迭代与产业应用的深度融合，以技术创新穿越市场周期，在锂电设备主业以及新布局业务均实现新突破。 研发投入转化成效显著 大圆柱+固态多维发力 报告期内，公司持续加大研发投入，研发费用5138.55万元，同比增长51.59%，截至6月30日，公司及子公司累计获得知识产权677项，其中发明专利117项，报告期内新获授权知识产权共45项。 通过持续的高研发投入以及有效成果转化，公司在夯实现有优势领域的同时，逐步扩张新兴领域市场应用，成功推出了智能激光系统、新一代密封钉高速装配站、新一代高速氦检机等创新产品。同时，公司不断创新技术、优化工艺，推出更智能化、高精度、高效率、高良率的电池封装、储能集装箱系统装配等全系列解决方案。 在圆柱电池领域，公司全新推出“云轨”“星轮”“飞梭”三大系列组装线，覆盖直径18mm至60mm全系列圆柱全极耳电池，并实现行业首条46系列大圆柱全极耳超充宽温电池量产线、新一代圆柱电池高速智能装配线等46系列大圆柱设备批量交付。 在固态电池领域，公司成功将高动态激光加工技术、激光加工质量闭环监测系统、精准定制激光调质系统及激光极片快速干燥工艺等新技术应用到固态电池极片制片环节，开发激光超快加工设备、激光刻槽设备，部分实现客户交付。此外，公司通过研发大幅面高均匀激光能场极片涂层热处理装备，快速实现极片涂层水分及溶剂的去除，以及通过突破极片涂层高速表面处理技术，极大提升激光装备对卷绕机速度的适配能力，助力固态电池技术发展。 海外业务持续突破 布局机器人等新兴业务 公司在重视研发新产品的同时，还在持续推动国产“出海”。报告期内，公司为海外客户交付全自动储能集装箱装配线，覆盖电芯处理到集装箱装配与检测全流程，并提供一站式大储能系统解决方案，并在新加坡设立全资子公司，加快建立本地化服务体系，进一步推动海外发展。 海外拓展方面，上半年，公司相继开拓了英国、日本、韩国、德国、土耳其等国家客户，建立了良好的业务合作关系，海外业务实现较大突破，订单大幅增长。公开数据显示，截至2024年末，公司在手订单13.27亿元（含税），同比增长59.48%。 近日，ST逸飞与印度汽车零部件制造商Endurance签订战略合作协议。双方将聚焦电池先进技术领域，针对创新工艺和装备进行联合研发，合作开发电芯及模组PACK市场，同时针对印度等区域共同完善本地化服务体系，以应对“火热”的印度新能源电池市场，推动全球新能源产业发展。 另一方面，今年以来，ST逸飞持续推动业务与资本协同，加速布局新兴业务，公司与武创院联合发布“激光应用与高端装备创新枢纽”，并成立湖北武逸科技有限公司作为载体，将聚焦新一代电池智能装备、第三代太阳能电池装备、半导体先进封测及智慧物流等前沿赛道，持续推动新兴产业项目落地。 其中，创新枢纽的首个标杆项目已逐步实现产业化，公司联合武创院、华中科技大学丁汉院士团队、武昌区政府成功落地首个示范项目荆楚人形机器人项目。在钙钛矿领域，公司也推出了P1-P4划线/清边激光设备、钙钛矿基板切裂一体机（P5）、新一代光伏钙钛矿电池智能装备等全系列高端激光装备，部分设备实现客户交付。 随着主业回暖以及新兴业务布局逐步落地，ST逸飞呈现“短期有支撑、中期有亮点、长期有基础”的发展格局，通过持续技术创新和产品迭代升级、深化降本增效、拓展海外市场等有效措施，业绩将逐步修复，打开长远向好发展空间。,0,ST逸飞(SH688646),0,2025-08-26 10:17:30,0,0,0,15201,0,新闻,https://xueqiu.com/S/SH688646/349136421,2026-07-08 16:21:13
349140937,SH688646,ST逸飞,ST逸飞：2025年上半年营收4.32亿元 加大研发投入布局新兴业务,本报讯 （记者李万晨曦）8月25日晚间，武汉逸飞激光股份有限公司（以下简称“ST逸飞”）发布2025年中期报告。报告期内，公司实现营业收入4.32亿元，同比增长23.90%；归母净利润为1814.85万元。今年上半年，ST逸飞持续聚焦主业，加大研发投入持续开发新技术、新产品，并拓展布局新兴业务，通过“激光技术+智能装备技术+工艺应用”滚动创新体系，推动技术迭代与产业应用的深度融合，以技术创新穿越市场周期，在锂电设备主业以及新布局业务均实现新突破。研发投入转化成效显著大圆柱+固态多维发力报告期内，公司持续加大研发投入，研发费用5138.55万元，同比增长51.59%，截至6月30日，公司及子公司累计获得知识产权677项，其中发明专利117项，报告期内新获授权知识产权共45项。通过持续的高研发投入以及有效成果转化，公司在夯实现有优势领域的同时，逐步扩张新兴领域市场应用，成功推出了智能激光系统、新一代密封钉高速装配站、新一代高速氦检机等创新产品。同时，公司不断创新技术、优化工艺，推出更智能化、高精度、高效率、高良率的电池封装、储能集装箱系统装配等全系列解决方案。在圆柱电池领域，公司全新推出“云轨”“星轮”“飞梭”三大系列组装线，覆盖直径18mm至60mm全系列圆柱全极耳电池，并实现行业首条46系列大圆柱全极耳超充宽温电池量产线、新一代圆柱电池高速智能装配线等46系列大圆柱设备批量交付。在固态电池领域，公司成功将高动态激光加工技术、激光加工质量闭环监测系统、精准定制激光调质系统及激光极片快速干燥工艺等新技术应用到固态电池极片制片环节，开发激光超快加工设备、激光刻槽设备，部分实现客户交付。此外，公司通过研发大幅面高均匀激光能场极片涂层热处理装备，快速实现极片涂层水分及溶剂的去除，以及通过突破极片涂层高速表面处理技术，极大提升激光装备对卷绕机速度的适配能力，助力固态电池技术发展。海外业务持续突破布局机器人等新兴业务公司在重视研发新产品的同时，还在持续推动国产“出海”。报告期内，公司为海外客户交付全自动储能集装箱装配线，覆盖电芯处理到集装箱装配与检测全流程，并提供一站式大储能系统解决方案，并在新加坡设立全资子公司，加快建立本地化服务体系，进一步推动海外发展。海外拓展方面，上半年，公司相继开拓了英国、日本、韩国、德国、土耳其等国家客户，建立了良好的业务合作关系，海外业务实现较大突破，订单大幅增长。公开数据显示，截至2024年末，公司在手订单13.27亿元（含税），同比增长59.48%。近日，ST逸飞与印度汽车零部件制造商Endurance签订战略合作协议。双方将聚焦电池先进技术领域，针对创新工艺和装备进行联合研发，合作开发电芯及模组PACK市场，同时针对印度等区域共同完善本地化服务体系，以应对“火热”的印度新能源电池市场，推动全球新能源产业发展。另一方面，今年以来，ST逸飞持续推动业务与资本协同，加速布局新兴业务，公司与武创院联合发布“激光应用与高端装备创新枢纽”，并成立湖北武逸科技有限公司作为载体，将聚焦新一代电池智能装备、第三代太阳能电池装备、半导体先进封测及智慧物流等前沿赛道，持续推动新兴产业项目落地。其中，创新枢纽的首个标杆项目已逐步实现产业化，公司联合武创院、华中科技大学丁汉院士团队、武昌区政府成功落地首个示范项目荆楚人形机器人项目。在钙钛矿领域，公司也推出了P1-P4划线/清边激光设备、钙钛矿基板切裂一体机（P5）、新一代光伏钙钛矿电池智能装备等全系列高端激光装备，部分设备实现客户交付。随着主业回暖以及新兴业务布局逐步落地，ST逸飞呈现“短期有支撑、中期有亮点、长期有基础”的发展格局，通过持续技术创新和产品迭代升级、深化降本增效、拓展海外市场等有效措施，业绩将逐步修复，打开长远向好发展空间。（编辑 郭之宸）,0,证券日报,8353550788,2025-08-26 10:40:07,0,0,0,15910,0,雪球,https://xueqiu.com/8353550788/349140937,2026-07-08 16:21:13
349328238,SH688646,ST逸飞,,$ST逸飞(SH688646)$ 今年上半年，ST逸飞持续聚焦主业，加大研发投入持续开发新技术、新产品，并拓展布局新兴业务，通过“激光技术+智能装备技术+工艺应用”滚动创新体系，推动技术迭代与产业应用的深度融合，以技术创新穿越市场周期，在锂电设备主业以及新布局业务均实现新突破。,0,解析几何价格,6305327169,2025-08-27 06:12:28,0,1,0,17062,0,Android,https://xueqiu.com/6305327169/349328238,2026-07-08 16:21:13
349330944,SH688646,ST逸飞,,$ST逸飞(SH688646)$ 一点都没涨，调整的时候一马当先跌,0,老百姓赢麻了,3497527004,2025-08-27 06:20:16,1,0,0,22686,0,雪球,https://xueqiu.com/3497527004/349330944,2026-07-08 16:21:13
349939173,SH688646,ST逸飞,,ST逸飞：逸飞激光关于公司股票被实施其他风险警示的进展公告 网页链接,0,ST逸飞(SH688646),0,2025-08-29 09:14:00,0,2,0,15594,0,公告,https://xueqiu.com/S/SH688646/349939173,2026-07-08 16:21:13
350050328,SH688646,ST逸飞,,$ST逸飞(SH688646)$ 这个ST一定要等到明年年报才能申请除掉吗？,0,gyjzxm,9170171712,2025-08-30 03:00:02,1,0,0,17057,0,Android,https://xueqiu.com/9170171712/350050328,2026-07-08 16:21:13
350352993,SH688646,ST逸飞,,ST逸飞：逸飞激光关于第二期以集中竞价交易方式回购公司股份的进展公告 网页链接,0,ST逸飞(SH688646),0,2025-09-01 09:56:02,0,0,0,13913,0,公告,https://xueqiu.com/S/SH688646/350352993,2026-07-08 16:21:11
350355832,SH688646,ST逸飞,ST逸飞：累计回购约226万股,每经AI快讯，ST逸飞（SH 688646，收盘价：31.27元）9月1日晚间发布公告称，截至2025年8月31日，公司通过上海证券交易所交易系统以集中竞价交易方式累计回购公司股份约226万股，占公司总股本约9516万股的比例为2.37%，回购成交的最高价为44.8元/股，最低价为25.44元/股，支付的资金总额为人民币约7657万元。 2025年1至6月份，ST逸飞的营业收入构成为：锂电池占比98.51%，其他占比1.49%。 截至发稿，ST逸飞市值为30亿元。 每经头条（nbdtoutiao）——个人消费贷贴息明日开闸！贷30万元最多可享贴息3000元，一文读懂→ （记者 张喜威） 免责声明：本文内容与数据仅供参考，不构成投资建议，使用前请核实。据此操作，风险自担。 每日经济新闻,0,每日经济新闻,4642157440,2025-09-01 10:10:12,0,0,0,13063,0,雪球,https://xueqiu.com/4642157440/350355832,2026-07-08 16:21:11
350378203,SH688646,ST逸飞,9月2日st公告汇总,"1、*ST高鸿公司股票存在可能因股价低于面值被终止上市的风险 2、*ST国化2025年9月19日2025年上海辖区上市公司集体接待日暨中报业绩说明会 3、*ST波导截至2025年8月31日收盘，公司累计回购股份181.14万股，占总股本比例0.2415%，累计支付金额593.9560万元，实际回购价格区间为3.27元/股至3.30元/股。 4、*ST原尚2025年09月09日召开2025年半年度业绩说明会 5、ST葫芦娃近日收到国家药品监督管理局（以下简称“国家药监局”）核准签发的关于二甲双胍恩格列净片（Ⅰ）吸入用复方异丙托溴铵溶液的《药品注册证书》 6、*ST苏吴股票连续三个交易日内收盘价格跌幅偏离值累计超过 12%，属于股票交易异常波动的情形。 7、*ST威尔连续三个交 易日收盘价格涨幅偏离值累计超过了12%，根据深圳证券交易所的有关规定，属 于股票交易异常波动的情况。 8、ST华嵘持股5%以上股东股份将被第二次司法拍卖 9、*ST赛隆子公司停产检修完成暨复产， 9月1日正式复工复产。 10、*ST熊猫2025年9月10日召开2025年半年度业绩说明会 11、ST逸飞截至2025年8月31日，公司通过上海证券交易所交易系统以集中竞价交易方式累计回购公司股份 2,257,800 股，回购成交的最高价为44.80元/股，最低价为25.44元/股，支付的资金总额为人币76,567,871.01元 12、*ST元成截至本公告披露日，中国证监会调查仍在进行中，公司尚未收到结论性意见或决定。 13、*ST亚振第五届董事会第十二次会议决议，审议通过的议案。关于聘任2025年度会计师事务所的议案；关于子公司广西锆业科技有限公司关联交易的议案；公司将于2025年9月12日召开2025年第三次临时股东大会。 14、*ST绿康林信红女士因个人原因，申请辞去公司董事会秘书职务。 15、*ST亚太连续3个交易日收盘价格跌幅偏离值累计超过12%。属于股票交易异常波动的情形； 公司收到临港亚诺化工《告知函》，因海宁金麒麟进出口有限公司的财产不足以清偿破产费用，管理人已提出终结申请，终结海宁金麒麟进出口有限公司破产程序。 16、*ST惠程经评审委员会综合评定，确定植恩生物技术股份有限公司为中选重整投资人 17、ST数源审议未通过《关于公司拟以股权质押向控股股东为公司融资提供担保进行反担保的议案》，该议案由公司董事会提请股东会表决。 18、ST德豪审议通过关于增加2025年度担保额度以及担保方和被担保方的议案 19、*ST美谷准许申请人襄阳龙马金缘水利工程有限公司撤回对被申请人湖北金环绿色纤维有限公司的破产清算申请。 20、*ST南置同意提名李明轩、郭崇华、刘筠、昌海军、廖奕、杨泽轩、林晚发为公司第七届董事会董事候选人，其中，廖奕、杨泽轩、林晚发为独立董事候选人。 21、ST宝实宁夏国有资本运营集团有限责任公司拟将持有的ST宝实206,896,551股A股流通股无偿划转给宁夏电力投资集团有限公司。股权结构变动：划转前，宁国运为公司第一大股东，持股29.33%；划转完成后，宁夏电投将直接持股18.17%，成为新的直接控股股东，而宁国运持股比例降至11.16%。本次划转不涉及实际控制人变更，公司实控人仍为宁夏回族自治区人民政府。 22、*ST中装中装转2即将停止交易，2025年9月3日最后一个交易日 23、*ST星光公司分别与厦门乾照光电科技有限公司、聚灿光电科技股份有限公司、厦门市三安半导体科技有限公司签署了保证担保合同或保证函。截至2025年8月31日，公司为子公司广东中能半导体技术有限公司实际累计发生担保金额约180万元。 24、ST华通逐项审议通过了《关于拟为全资子公司提供担保的议案》审议通过了《由公司为蓝沙信息向银行申请的综合授信额度提供担保的议案》$ST逸飞(SH688646)$ $*ST宝实(SZ000595)$ $*ST波导(SH600130)$",0,ST六点半,6739261962,2025-09-01 12:53:35,0,6,0,105962,3,雪球,https://xueqiu.com/6739261962/350378203,2026-07-08 16:21:11
350787281,SH688646,ST逸飞,ST逸飞曹卫斌：荆楚人形机器人的团队和相关股东方对资本市场秉持开放态度,本文来源：时代财经9月3日，在2025年半年度科创板新能源行业集体业绩说明会上，ST逸飞副总经理、董事会秘书曹卫斌表示，公司的参股公司湖北荆楚人形机器人有限公司处于初创阶段，目前主要精力聚焦在公司产品创新迭代和业务发展上，短期内没有上市计划，但荆楚团队和相关股东方对资本市场秉持开放态度，敬请注意投资风险。（时代财经）,0,时代财经,3841514490,2025-09-03 11:40:11,0,0,0,15596,0,雪球,https://xueqiu.com/3841514490/350787281,2026-07-08 16:21:11
350973764,SH688646,ST逸飞,,逸飞激光于2025年09月03日下午15:00-17:00参加了由上海证券交易所主办的2025年半年度科创板新能源行业集体业绩说明会，就投资者关心的问题进行交流，具体交流内容详见《逸飞激光投资者关系活动记录表-（2025年半年度科创板新能源行业集体业绩说明会）》 网页链接,0,ST逸飞(SH688646),0,2025-09-04 07:32:00,0,0,0,10188,0,互动易,https://xueqiu.com/S/SH688646/350973764,2026-07-08 16:21:11
350974041,SH688646,ST逸飞,,ST逸飞：投资者关系活动记录表-（2025年半年度科创板新能源行业集体业绩说明会 ） 网页链接,0,ST逸飞(SH688646),0,2025-09-04 07:33:05,1,0,1,15467,0,公告,https://xueqiu.com/S/SH688646/350974041,2026-07-08 16:21:11
350978632,SH688646,ST逸飞,,ST逸飞：逸飞激光2025年第二次临时股东大会会议资料 网页链接,0,ST逸飞(SH688646),0,2025-09-04 07:53:01,0,0,0,13875,0,公告,https://xueqiu.com/S/SH688646/350978632,2026-07-08 16:21:11
350991134,SH688646,ST逸飞,,交流会没有人问何时退市，或者被立案调查吗？$ST逸飞(SH688646)$,0,gyjzxm,9170171712,2025-09-04 08:54:05,0,0,0,14708,0,Android,https://xueqiu.com/9170171712/350991134,2026-07-08 16:21:11
351023650,SH688646,ST逸飞,9月5日st公告汇总,1、ST逸飞2025年9月10日召开2025年第二次临时股东大会 2、ST华扬2025年09月12日召开2025年半年度业绩说明会 3、*ST中基2025年9月9日召开2025年第四次临时股东大会 4、*ST华嵘延期回复上海证券交易所《监管工作函》预计不晚于2025年9月11日提交回复 5、*ST三圣连续3个交易日收盘价涨幅偏离值累计达 到13.62%，属于股票交易异常波动情况。 6、*ST沐邦聘任杨昕先生任公司证券事务代表，协助董事会秘书开展工作，任期与公司第五届董事会任期相同 7、*ST苏吴公司股票可能被实施重大违法强制退市的第九次风险提示 8、ST华西股票连续三个交易日内收盘价格涨幅偏离值累计超过12%，属于股票交易异常波动情形。 9、ST联合2025年9月8日召开重大资产重组投资者说明会 10、ST景峰连续2个交易日收盘价格涨幅偏离值累计达 13.75%，属于股票交易异常波动情况。 11、*ST正平连续两个交易日内收盘价格涨幅偏离值累计超过12%，属于股票交易异常波动。 12、*ST仁东拍卖处置低效资产的进展，本次公开拍卖的3家标的公司股权全部流拍 13、*ST中装实际控制人因可转债转股持股比例被动稀释超过1% 14、*ST建艺审议通过《关于向控股股东借款暨关联交易的议案》$ST逸飞(SH688646)$ $ST华扬(SH603825)$ $*ST中基(SZ000972)$,0,ST六点半,6739261962,2025-09-04 12:39:11,0,5,0,64260,0,雪球,https://xueqiu.com/6739261962/351023650,2026-07-08 16:21:11
351213560,SH688646,ST逸飞,ST逸飞：目前，公司经营业务稳健向好，此次公司被ST对经营业务没有实质性影响,同花顺（300033）金融研究中心09月05日讯，有投资者向ST逸飞提问， 你好，请问公司什么时候可以解决外部审计机构提出的资金流向相关问题，什么时候可以去帽？被ST以后，影响公司的正常经营和发展吗？ 公司回答表示，尊敬的投资者您好！公司高度重视此次事项，并与监管部门、审计机构以及保荐机构保持积极汇报沟通并听取专业意见，同时通过优化内控制度体系、强化内控监督的专项检查、完善业务流程等有效措施以期尽快消除相关影响，争取早日申请撤销对公司股票实施的其他风险警示。目前，公司经营业务稳健向好，此次公司被ST对经营业务没有实质性影响。感谢您的关注。 点击进入交易所官方互动平台查看更多,0,ST逸飞(SH688646),0,2025-09-05 09:11:23,0,0,0,14616,0,新闻,https://xueqiu.com/S/SH688646/351213560,2026-07-08 16:21:11
351213759,SH688646,ST逸飞,ST逸飞：湖北荆楚人形机器人有限公司为公司的参股公司，成立时间较短，对公司业绩影响较小,同花顺（300033）金融研究中心09月05日讯，有投资者向ST逸飞提问， 荆楚人形机器人公司运动控制负责人杨振表示公司研发的荆楚人形机器人在导览、讲解等领域正加速落地。请问是否属实？是否会在武汉首先上线？ 公司回答表示，尊敬的投资者您好，上述信息属实，荆楚人形机器人将会在武汉的一些校史馆、展览馆、博物馆等场景上线，具体详情请关注荆楚机器人对外公开信息。湖北荆楚人形机器人有限公司为公司的参股公司，成立时间较短，对公司业绩影响较小，敬请注意投资风险，感谢您的关注。 点击进入交易所官方互动平台查看更多,0,ST逸飞(SH688646),0,2025-09-05 09:12:35,0,0,0,15850,0,新闻,https://xueqiu.com/S/SH688646/351213759,2026-07-08 16:21:11
351217740,SH688646,ST逸飞,ST逸飞：公司的圆柱电芯装配线适用18系、21系、26系、32系、40系、46系、60系等多种规格圆柱电池的生产...,同花顺（300033）金融研究中心09月05日讯，有投资者向ST逸飞提问， 配备大圆柱电池的全新宝马IX3将于9月8日全球首发，请问这个大圆柱电池和公司生产的大圆柱电池生产线是否是一个东西？ 公司回答表示，尊敬的投资者您好！公司的圆柱电芯装配线适用18系、21系、26系、32系、40系、46系、60系等多种规格圆柱电池的生产，宝马iX3搭载的是46系大圆柱电池。感谢您的关注。 点击进入交易所官方互动平台查看更多,0,ST逸飞(SH688646),0,2025-09-05 09:36:20,0,0,0,16149,0,新闻,https://xueqiu.com/S/SH688646/351217740,2026-07-08 16:21:11
351218125,SH688646,ST逸飞,,ST逸飞：民生证券股份有限公司关于武汉逸飞激光股份有限公司2025年半年度持续督导跟踪报告 网页链接,0,ST逸飞(SH688646),0,2025-09-05 09:39:02,0,0,0,17119,0,公告,https://xueqiu.com/S/SH688646/351218125,2026-07-08 16:21:11
351497669,SH688646,ST逸飞,,$ST逸飞(SH688646)$ 逸飞激光在手订单较为充裕，且海外订单大幅增长，固态电池等新兴业务订单也有突破 。具体情况如下：• 订单总量充足 ：截至2024年末，公司在手订单13.27亿元（含税），同比增长59.48%。2025年上半年，公司相继开拓了英国、日本、韩国等国家客户，海外业务实现较大突破，订单大幅增长，为后续业绩增长提供支撑。• 圆柱电池装备订单占比高 ：公司圆柱电池装备已全面应用于直径18-60mm的圆柱电池制造领域，46系圆柱全极耳电池装备也已实现批量出货，圆柱电池装备订单增速较快，是在手订单的重要组成部分。• 固态电池相关订单有进展：公司固态电池设备获宁德时代、松下等订单，未来将持续加大力度推进固态电池激光封装工艺与装备的研发与产业化应用，固态电池相关订单有望进一步增加。• 新签订大额订单 ：2025年4月，公司控股子公司新聚力与国内某锂电头部企业签订了锂电池智能装备及系统的购销合同，总金额为1.54亿元（含税），若合同顺利履行，预计将对公司2025年度或未来年度经营业绩产生积极影响。• 人形机器人订单预期良好：公司与武创院联合开发的“劳动者1号”已进入车企、仓储物流客户测试，2025年订单量有望突破500台，单台价值量约200万元，预计贡献营收10亿元。,0,A阿锐上海驰路车网,3098267442,2025-09-08 04:58:37,0,0,0,21345,0,iPhone,https://xueqiu.com/3098267442/351497669,2026-07-08 16:21:11
351555195,SH688646,ST逸飞,,ST逸飞：逸飞激光关于股东减持股份结果公告 网页链接,0,ST逸飞(SH688646),0,2025-09-08 09:13:02,0,0,0,15222,0,公告,https://xueqiu.com/S/SH688646/351555195,2026-07-08 16:21:11
351558257,SH688646,ST逸飞,ST逸飞：股东怡珀新能源减持公司股份约285万股，减持计划完成,每经AI快讯，ST逸飞（SH 688646，收盘价：32.67元）9月8日晚间发布公告称，近日，公司收到股东怡珀新能源出具的《关于武汉逸飞激光股份有限公司股份减持计划实施结果告知函》，截至2025年9月5日，怡珀新能源通过集中竞价、大宗交易方式合计减持所持公司股份约285万股，占公司目前总股本的3%，本次减持计划已实施完毕。 2025年1至6月份，ST逸飞的营业收入构成为：锂电池占比98.51%，其他占比1.49%。 截至发稿，ST逸飞市值为31亿元。 每经头条（nbdtoutiao）——“中国真正实现了弯道超车”！从美国回来14年，陈智胜亲历中国创新药大爆发：以前跨国药企不太信任中国数据，但现在不同了 （记者 张喜威） 免责声明：本文内容与数据仅供参考，不构成投资建议，使用前请核实。据此操作，风险自担。 每日经济新闻,0,每日经济新闻,4642157440,2025-09-08 09:30:16,0,0,0,19472,0,雪球,https://xueqiu.com/4642157440/351558257,2026-07-08 16:21:11
351564593,SH688646,ST逸飞,9月8日ST逸飞发布公告，股东减持285.48万股,证券之星消息，9月8日ST逸飞发布公告《ST逸飞:逸飞激光关于股东减持股份结果公告》，其股东广州怡珀新能源产业投资管理有限责任公司-广州怡珀新能源产业股权投资合伙企业(有限合伙)于2025年7月17日至2025年9月5日间合计减持285.48万股，占公司目前总股本的2.9999%，变动期间该股股价上涨7.38%，截止9月5日收盘报31.0元。股东增减持详情见下表：根据ST逸飞2025年中报公布的十大股东详情如下：以上内容为证券之星据公开信息整理，由AI算法生成（网信算备310104345710301240019号），不构成投资建议。,0,证券之星财经,5187193467,2025-09-08 10:10:37,0,0,0,20167,1,雪球,https://xueqiu.com/5187193467/351564593,2026-07-08 16:21:11
351958402,SH688646,ST逸飞,,ST逸飞：逸飞激光关于选举职工董事的公告 网页链接,0,ST逸飞(SH688646),0,2025-09-10 10:16:00,0,0,0,14759,0,公告,https://xueqiu.com/S/SH688646/351958402,2026-07-08 16:21:11
351958403,SH688646,ST逸飞,,ST逸飞：逸飞激光2025年第二次临时股东大会决议公告 网页链接,0,ST逸飞(SH688646),0,2025-09-10 10:16:00,0,1,0,17391,0,公告,https://xueqiu.com/S/SH688646/351958403,2026-07-08 16:21:11
351958404,SH688646,ST逸飞,,ST逸飞：北京德恒（杭州）律师事务所关于武汉逸飞激光股份有限公司2025年第二次临时股东大会的法律意见书 网页链接,0,ST逸飞(SH688646),0,2025-09-10 10:16:00,0,0,0,20949,0,公告,https://xueqiu.com/S/SH688646/351958404,2026-07-08 16:21:11
352101556,SH688646,ST逸飞,,$ST逸飞(SH688646)$ 和先导一个行业的怎么这么差,0,Bruce440,7992206106,2025-09-11 05:04:16,1,1,0,43902,0,Android,https://xueqiu.com/7992206106/352101556,2026-07-08 16:21:09
352146033,SH688646,ST逸飞,,逸飞激光投资者关系活动记录表-（2025.9.9） 网页链接,0,ST逸飞(SH688646),0,2025-09-11 07:32:01,0,0,0,18436,0,互动易,https://xueqiu.com/S/SH688646/352146033,2026-07-08 16:21:09
352146352,SH688646,ST逸飞,,ST逸飞：武汉逸飞激光股份有限公司投资者关系活动记录表（2025.9.10） 网页链接,0,ST逸飞(SH688646),0,2025-09-11 07:33:06,1,1,0,25097,0,公告,https://xueqiu.com/S/SH688646/352146352,2026-07-08 16:21:09
352174048,SH688646,ST逸飞,ST逸飞：国寿养老、西部证券等多家机构于9月9日调研我司,证券之星消息，2025年9月11日ST逸飞（688646）发布公告称国寿养老、西部证券、东北证券于2025年9月9日调研我司。具体内容如下： 公司在遵守信息披露相关规定的前提下与投资者进行交流，交流内容不涉及未披露的重大信息。具体交流内容如下：问：如何看待大圆柱电池产业发展？公司大圆柱全极耳电池设备交付情况如何？主要客户有哪些？答：今年以来，大圆柱电池逐步进入规模化量产阶段，下游应用领域更加多元化，由动力、储能等领域延申拓展至 eVTOL、人形机器人、BBU 等新兴领域，且 46系圆柱电池装车进展加速；此外，圆柱封装形态结合固态电池或钠电技术路线，进一步为圆柱电池带来新的增长空间，未来大圆柱全极耳电池将会是主流电池技术路径之一。公司作为头部圆柱电池设备厂商，客户覆盖国内外主流电池厂商以及知名车企，已实现全系列大圆柱电池装备的批量交付，其中 46 系也实现了海外客户的交付落地。在固态电池、超级电容等领域，公司圆柱电池设备也实现了行业知名客户的交付。问：请公司是否有投资并购计划？重点关注哪些领域？答：公司自上市以来，加速建立业务与资本协同发展的机制，陆续战略并购新聚力，投资了武逸科技、荆楚机器人、天瑞德等公司，拓展新兴业务，进一步完善业务布局。公司一直关注激光与光电产业、高端装备产业、新能源电池产业、机器人产业、泛半导体及其他新兴领域内的相关机会。问：公司海外业务布局情况如何？答：公司持续加速推进全球化战略，积极拓展海外市场，已在新加坡设立子公司作为海外运营总部、在中国香港设立孙子公司，并拟筹备在韩国设立孙公司，面向欧美、日韩、东南亚等市场。今年以来，公司海外市场新增订单同比大幅增长，在英国、德国、土耳其、日本、韩国、印度等多个海外国家和地区实现设备销售，圆柱全极耳电池量产线亦实现海外交付。未来，公司将进一步加大海外市场的拓展力度，并积极拓展海外产业合作伙伴，结合不同国家和地区的市场需求和法规政策，通过本地化合作快速提升全球营销和服务体系建设，践行从设备出海到全球化的新路径。问：公司订单如何？展望全年业绩？答：截至 2024 年末，公司在手订单 13.27 亿元（含税），同比增长 59.48%，同时今年新签订单增多。整体来看，公司经营发展稳健向好，订单充裕，具体业绩情况请关注公司定期报告。问：公司在固态电池领域有哪些布局？最近的研发进展和交付情况如何？答：公司在固态电池激光应用与制造装备方面均有技术储备，公司电芯装配设备、模组 PCK 设备以及整厂智慧物流系统等核心设备与相关技术均可应用于固态电池制造领域。同时，公司将高动态激光加工技术、激光加工质量闭环监测系统、精准定制激光调质系统及激光极片快速干燥工艺等新技术应用到固态电池极片制片环节，开发激光超快加工设备、激光刻槽设备，还通过研发大幅面高均匀激光能场极片涂层热处理装备，在保证材料温升及有效性前提下，快速实现极片涂层水分及溶剂的去除，以及通过突破极片涂层高速表面处理技术，极大提升激光装备对卷绕机速度的适配能力。目前公司与多家行业知名研究机构、客户进行合作与交流，共同推进固态电池设备研发与市场应用，现已逐步实现部分产品的销售与交付。问：目前公司跟武创院的合作有什么进展？答：今年 4月份，公司与武创院正式联合对外发布“激光应用与高端装备创新枢纽”，将重点布局新一代电池智能装备产业、工业人形机器人、第三代太阳能电池高端装备、半导体先进封测及智慧物流等四大领域，依托双方的产业链整合能力、创新能力以及优势资源，培育更多新质新生产力。同时，公司与武创院的全资子公司武创院投资成立合资公司武逸科技，作为创新枢纽的载体。目前，武逸科技已完成荆楚机器人的投资，持股29.75%，并在积极关注及推进具身智能核心部件、泛半导体等领域的投资机会。问：请荆楚机器人进展如何？是否已有订单？答：荆楚机器人公司自成立以来发展快速，已规划并研发了面向商业场景、工业场景、家庭服务三大应用类别的机器人，已正式推出荆楚 1号、荆楚 2号机器人。目前，荆楚机器人已获小批量订单。ST逸飞（688646）主营业务：从事精密激光加工智能装备研发、设计、生产和销售。ST逸飞2025年中报显示，公司主营收入4.32亿元，同比上升23.9%；归母净利润1814.85万元，同比下降55.06%；扣非净利润248.56万元，同比下降90.64%；其中2025年第二季度，公司单季度主营收入1.96亿元，同比下降14.51%；单季度归母净利润907.12万元，同比下降63.04%；单季度扣非净利润-378.93万元，同比下降121.28%；负债率44.97%，投资收益830.35万元，财务费用205.78万元，毛利率24.02%。以上内容为证券之星据公开信息整理，由AI算法生成（网信算备310104345710301240019号），不构成投资建议。,0,证券之星财经,5187193467,2025-09-11 09:50:23,0,0,0,26167,0,雪球,https://xueqiu.com/5187193467/352174048,2026-07-08 16:21:09
352492645,SH688646,ST逸飞,关于ST逸飞立案调查风险探析,一、事实及推测2025年4月30日公司被实施“ST”，直接原因是审计机构出具否定意见《内部控制审计报告》，发现“大额资金收支未按内控流程审批”、“收入确认跨期”等问题。交易所随后下发《问询函》，要求说明1.83亿元收入调减是否构成财务造假；公司两度延期，至今未完整回复——这是监管立案调查前的典型节奏。财务指标触发“重大违法强制退市”红线，2024年净利0.18亿元，但审计调减后可能转负；若2023-2025连续三年虚假记载且合计虚增利润≥5亿元，即触及退市条款。经营性现金流连续两年为负，且与净利润背离&gt;1亿元，进一步加剧了造假的嫌疑。二、立案调查的前置理由或具体信号1、监管层对“收入调减+资金挪用”质疑以及审计机构罕见“否定意见”。2、公司两度延期问询函 ，说明解释存在疑点和难点。3、同一席位持续大宗减持，疑似内幕知情人出逃。三、可以不立案调查的理由1、湖北证监局目前仅采取了出具警示函的行政监管措施，是否升级为立案调查，还需看后续监管层的判断。2、公司声称正在积极整改内控问题，如果整改措施得到认可，可能会降低立案风险。3、技术壁垒和订单增长支撑基本面，整改后有望消除“非标”风险。4、至少目前未发现确实的重大违法违规证据。四、盘外招1、地方政府与行业支持ST逸飞在8月29日牵头启动了武汉市科技重大专项“大圆柱电池全极耳精密激光焊接关键技术及装备研制”项目，并得到了武汉市委、市政府的支持。这确实表明了公司在技术研发和产业合作方面的积极表现，以及地方政府对该项目乃至公司在新能源电池装备领域发展的重视。需要注意的是，证券监管机构的立案调查决策(主要) 是基于法律法规和违规事实的证据，虽然地方政府的态度可能产生一定影响，但并非决定性因素。监管机构依然会坚持依法依规进行判断（你懂的）。2、监管趋势与政治考量湖北省近期强调要“更好发挥资本市场功能作用”、“推动上市公司高质量发展”，这反映了地方希望稳定资本市场、支持科技创新的政策导向。在此背景下，对一家具备核心技术且获得政府重大科技项目支持的上市公司启动立案调查，监管层可能会更加审慎，权衡其对市场和地方经济的潜在影响。但同样需要注意，维护资本市场“三公”原则（公开、公平、公正）和投资者合法权益是监管的核心职责。如果涉嫌违法违规行为事实清晰、证据确凿，监管机构仍有很大概率会依法采取行动。五、结论1、总体判断ST逸飞因已有的信息披露违规和内部控制重大缺陷，目前处于“较高风险”状态。这些是客观存在的问题，也是监管关注的重点。公司牵头武汉重大科技项目并获得地方政府支持，以及湖北省希望稳定资本市场、支持科技创新的政策导向，这些因素可能在一定程度上会影响监管的决策权衡，或在调查节奏、处理力度上有所体现，但并不能直接消除其固有的合规风险，也并非立案调查的决定性阻碍。因此，基于目前已公开的信息，ST逸飞仍存在一定的立案调查概率。其立案调查的概率相较于没有这些“利好”因素的违规公司而言，可能会有所降低，但并非“大大降低”或完全消除。最终的决策取决于监管机构对全部事实、证据和情节的综合评估。2、时间节点推测对照 2024年天顺股份、2023年ST宏图类似“被ST→问询函延期→10月立案”的节奏，平均间隔120-150天；逸飞4月末被ST，对应窗口正是2025年10-11月。3、实质性取消立案调查的机会公司赶在10月底前完成整改、会计差错更正不超过“重大性”标准，从而只收到行政监管措施或警示函。4、股价走势分析如10-11月立案，则在前后可能有几个工作日的剧烈拉升，为内幕知情人出逃制造机会。如不立案，则跟随固态电池走势，总体而言，目前价位介入，只要处理得当，亏损概率不高。$ST逸飞(SH688646)$ $ST华通(SZ002602)$ $ST诺泰(SH688076)$,0,小小起夜家,5635057221,2025-09-13 11:47:21,16,9,0,100715,4,雪球,https://xueqiu.com/5635057221/352492645,2026-07-08 16:21:09
352695783,SH688646,ST逸飞,ST逸飞：目前武逸科技已完成荆楚机器人的投资，持股29.75%,同花顺（300033）金融研究中心09月15日讯，有投资者向ST逸飞提问， 据激光制造网8月9日信息，逸飞激光与武创院成立的合资公司武逸科技公司规划聚焦三大方向：一是核心器件国产化，解决激光器、喷嘴等关键部件的自主供应；二是工艺包开发，针对不同行业推出定制化解决方案；三是智能产线升级，将水导激光技术融入自动化产线，构建智能制造新范式。此外，合资公司还计划通过资本纽带整合上下游企业，打造柔性智造创新联盟。请问相关信息是否属实？武逸科技目前业务开展及下步发展战略规划情况？谢谢！ 公司回答表示，尊敬的投资者您好，公司与武创院投资成立合资公司武逸科技，作为“激光应用与高端装备创新枢纽”的载体。目前，武逸科技已完成荆楚机器人的投资，持股29.75%，并积极关注及推进具身智能核心部件、泛半导体等领域的投资机会。未来，逸飞激光将以创新枢纽为支点，通过投资并购、产业孵化等方式，逐步完善“光-机-电-智”全产业链生态，推动激光应用与高端装备升级发展。感谢您的关注。 点击进入交易所官方互动平台查看更多,0,ST逸飞(SH688646),0,2025-09-15 07:45:17,0,0,0,21126,0,新闻,https://xueqiu.com/S/SH688646/352695783,2026-07-08 16:21:09
352696406,SH688646,ST逸飞,ST逸飞：公司控股子公司新聚力在国内率先推出Stocker、ZipTower、OHT等AMHS系统全系列核心设备，实现部...,同花顺（300033）金融研究中心09月15日讯，有投资者向ST逸飞提问， 据悉逸飞激光控股子公司新聚力科技推出了东风系列半导体AMHS系统设备包括天车搬运系统（OHT）、高速塔式提升机（Tower）和线边密集库（Stocker），并实现核心技术自主可控，目前已成功应用于国内外6-12英寸晶圆厂，部分核心设备实现国产替代。请问是否属实？订单及交付客户情况怎么样？半导体AMHS系统设备国产替代前景如何？谢谢！ 公司回答表示，尊敬的投资者您好，公司控股子公司新聚力在国内率先推出Stocker、ZipTower、OHT等AMHS系统全系列核心设备，实现部分核心设备的国产替代，并已部分形成批量订单；随着12英寸晶圆厂的建设，AMHS被广泛应用，市场规模高速增长，根据SEMI数据显示，2015~2022年全球AMHS市场复合增长率24%，预计2025年全球AMHS市场规模将达到39.2亿美元；目前，海外企业占据主要市场份额，国产替代空间巨大。未来，公司将加大市场拓展力度，积极培育新的业绩增长点，感谢您的关注。 点击进入交易所官方互动平台查看更多,0,ST逸飞(SH688646),0,2025-09-15 07:48:39,4,0,0,23231,0,新闻,https://xueqiu.com/S/SH688646/352696406,2026-07-08 16:21:09
352835995,SH688646,ST逸飞,,$ST逸飞(SH688646)$ 公司控股子公司新聚力在国内率先推出Stocker、ZipTower、OHT等AMHS系统全系列核心设备，实现部分核心设备的国产替代，并已部分形成批量订单；随着12英寸晶圆厂的建设，AMHS被广泛应用，市场规模高速增长，根据SEMI数据显示，2015~2022年全球AMHS市场复合增长率24%，预计2025年全球AMHS市场规模将达到39.2亿美元,0,解析几何价格,6305327169,2025-09-16 03:41:19,0,1,0,24716,0,Android,https://xueqiu.com/6305327169/352835995,2026-07-08 16:21:09
352930105,SH688646,ST逸飞,ST逸飞,"ST逸飞一、2005年成立于武汉·中国光谷，2023年7月在科创板上市。专业从事精密激光加工智能装备研发、设计、生产和销售。主要产品涵盖锂电池电芯自动装配线、模组/PACK自动装配线等自动化产线和各类精密激光加工智能化专机，以及工厂智慧物流装备及系统。产品广泛应用于新能源电池的电芯、模组PACK制造等领域，还涉及半导体、医疗健康、家电厨卫等多个领域。在业内率先突破圆柱全极耳电池制造工艺技术难题，相关装备入选“第七批国家制造业单项冠军产品”名单。构建了国家级工业设计中心等多个创新平台，累计申请各类知识产权1000余项，荣获“中国科协2021年先导技术榜”等众多誉。二、实际控制人:吴轩33.93%。三、戴帽原因时间:2024年内控否定于2025年5月6日戴帽。四、重要事项:1、内控否定原因:按照募投项目总包资金指定代付委托向分包支付5100万元，其中4534万元流向6家客户。年报保留意见和内控否定同一件事。2、2024年6月28日，花费3000万元收购赵来根持有的新聚力51%股权，业绩要求2024-2026年净利润1.2亿元。低于目标的60%要求对方回购股票。3、第1次回购2024年2月7日-2025年1月6日花费8307.19万元回购了315万股，占总股本的3.31%;第2次回购2025年2月28日-5月7日已花费7028.53万元回购了202万股，占总股本的2.12%(计划12个月花费5000-10000万元)。4、2024年7月17日-12月4日赵来根履行承诺花费1000.25万元增持了37.84万股;5、2025年5月7日，实控人吴轩、董事赵来根拟花费3000-5000万元增持。6、2024年9月6日，股东怡珀新能源、海富长江、中比基金腹部减持，截至2025年1月9日合计减持了197万股，占总股本的2.07%。7、年报披露问询函12个问题都有合理的解释，感觉恰恰是公司正常运行的一个排查，整体看一直担心公司存货过大的问题是因为发出商品有3个多亿、在产商品1个多亿，公司0库存，是个难的的好公司。个人观点:因为内控戴帽，主要涉及5100万流向客户的问题，问题猜测。1.该部分资金客户又会给大股东，牵涉资金占用的问题，如果不及时整改可能被立案调查,后续归还资金即可。但是大股东好像并不缺资金，一直在回购股票，就算是想侵占资金应该有能力归还占用资金。2.通过客户流转回公司确认收入，造成财务造假，虚增或者虚减营业收入达到当期披露的营业收入总额百分之三十以上的，应予立案追诉。5100万的财务造假金额占年收入6.8亿的比例不足30%，但虚增或者虚减利润达到当期披露的利润总额百分之三十以上，也会被立案追诉。但是从其财务问询函看，前10名客户交易均具有合理性，上市公司没有财务造假的动力？3.借款给客户？后期归还即可。公司在被审计公司出具非标和内控问题后没有更换审计公司。感觉公司没有大的瑕疵，就算被立案也比较容易整改（可能会延长摘帽的时间）。公司连续两次回购股份，大股东和董事在增持，其中赵来根将新聚力出售给逸飞后买了1000万元公司股票，进入逸飞管理层，ST后赵来根又要增持，目前已买了200万。公司上市时间不久超募资金5亿多，账上有6-7亿现金，公司短期借款较多有3个多亿，整体负债14亿，规模较大。公司所处行业较好，是电池生产设备供应商，优势产品为圆柱电池生产设备，圆柱电池正在扩产能，公司2024年末在手订单13亿，行业较景气，而且2024年未确认的1.6亿能再2015年确认收入。所以2025年业绩营收方面有保障，一般企业营收增长较快的时候容易给予较大的估值。公司是以销定产，没有库存0，库存商品主要是已交付商品和在生产的商品。",0,ST求索,1443525592,2025-09-16 12:10:41,3,1,2,56558,3,雪球,https://xueqiu.com/1443525592/352930105,2026-07-08 16:21:09
354144172,SH688646,ST逸飞,,$ST逸飞(SH688646)$ 你也是机器人呀，冲鸭,0,小镇西风,1485911741,2025-09-24 02:24:51,0,0,0,26936,0,iPhone,https://xueqiu.com/1485911741/354144172,2026-07-08 16:21:09
354660776,SH688646,ST逸飞,ST逸飞：湖北荆楚人形机器人有限公司为公司参股公司,每经AI快讯，有投资者在投资者互动平台提问：据赵兴炜教授介绍，荆楚一号与二号都开始进入量产的阶段，尤其是“荆楚二号”，比“荆楚一号”续航能力更长，功能更强大，尤其是手的操作性能更灵巧。并且，团队已经开始与汽车企业进行合作，将“荆楚二号”投放在生产线上进行功能测试，不久就能上生产线干活了。请问是否属实？ ST逸飞（688646.SH）9月26日在投资者互动平台表示，湖北荆楚人形机器人有限公司为公司参股公司，关于其产品及技术信息请关注荆楚人形机器人的官方微信公众号以及其他外部公开信息。敬请注意投资风险。 （记者 王晓波） 免责声明：本文内容与数据仅供参考，不构成投资建议，使用前核实。据此操作，风险自担。 每日经济新闻,0,每日经济新闻,4642157440,2025-09-26 09:30:15,0,0,0,22854,0,雪球,https://xueqiu.com/4642157440/354660776,2026-07-08 16:21:09
354660800,SH688646,ST逸飞,ST逸飞：公司智能激光系统可应用于新能源电池、钙钛矿太阳能电池、消费电子、汽车零部件等工业制造领域,每经AI快讯，有投资者在投资者互动平台提问：请问公司开发的机器人化智能激光系统主要有哪些应用领域？公司的机器人化智能激光系统是否涉及人工智能、AI技术、机器视觉感知技术等技术的运用？ ST逸飞（688646.SH）9月26日在投资者互动平台表示，公司智能激光系统可广泛应用于新能源电池、钙钛矿太阳能电池、消费电子、汽车零部件等工业制造领域。 （记者 王晓波） 免责声明：本文内容与数据仅供参考，不构成投资建议，使用前核实。据此操作，风险自担。 每日经济新闻,0,每日经济新闻,4642157440,2025-09-26 09:30:19,0,0,0,56074,0,雪球,https://xueqiu.com/4642157440/354660800,2026-07-08 16:21:09
354709976,SH688646,ST逸飞,ST逸飞获得发明专利授权：“一种氙灯电火花真空检测装置”,证券之星消息，根据天眼查APP数据显示ST逸飞（688646）新获得一项发明专利授权，专利名为“一种氙灯电火花真空检测装置”，专利申请号为CN202411210270.5，授权日为2025年9月26日。专利摘要：一种氙灯电火花真空检测装置，涉及电火花检测技术领域，包括氙灯定位机构、检测驱动机构及电火花检测机构；氙灯定位机构上开设有多个用于固定氙灯的定位槽，检测驱动机构靠近氙灯定位机构设置，氙灯定位机构的动力输出端与电火花检测机构固定连接，检测驱动机构可以驱动电火花检测机构移动，依次检测各个定位槽中固定的氙灯，从而达到自动化批量检测氙灯真空度的效果。本设计不仅可以通过检测驱动机构驱动电火花检测机构依次检测各个氙灯，有效提高检测方法效率，而且可以通过氙灯定位机构使氙灯在检测过程中保持固定，有效提高产品合格率。今年以来ST逸飞新获得专利授权55个，较去年同期增加了7.84%。结合公司2025年中报财务数据，今年上半年公司在研发方面投入了5138.55万元，同比增51.59%。通过天眼查大数据分析，武汉逸飞激光股份有限公司共对外投资了11家企业，参与招投标项目68次；财产线索方面有商标信息49条，专利信息628条，著作权信息74条；此外企业还拥有行政许可11个。数据来源：天眼查APP以上内容为证券之星据公开信息整理，由AI算法生成（网信算备310104345710301240019号），不构成投资建议。,0,证券之星财经,5187193467,2025-09-26 19:30:39,0,0,0,26510,0,雪球,https://xueqiu.com/5187193467/354709976,2026-07-08 16:21:09
354814607,SH688646,ST逸飞,,ST逸飞：逸飞激光关于获得政府补助的公告 网页链接,0,ST逸飞(SH688646),0,2025-09-28 07:36:07,0,0,0,24691,0,公告,https://xueqiu.com/S/SH688646/354814607,2026-07-08 16:21:09
354815903,SH688646,ST逸飞,ST逸飞：获得政府补助500万元,每经AI快讯，ST逸飞（SH 688646，收盘价：30.98元）9月28日晚间发布公告称，近日，公司收到该项目的项目立项政府补助款项人民币500万元，属于与收益相关的政府补助款项，其中287.5万元为公司所获政府补助，其余212.5万元为项目合作单位所获政府补助。 2025年1至6月份，ST逸飞的营业收入构成为：锂电池占比98.51%，其他占比1.49%。 截至发稿，ST逸飞市值为29亿元。 每经头条（nbdtoutiao）——去美国的“打工人”天塌了！特朗普10万美元签证费击碎“美国梦”，美企加速外包，加拿大趁机“抢人” （记者 张喜威） 免责声明：本文内容与数据仅供参考，不构成投资建议，使用前请核实。据此操作，风险自担。 每日经济新闻,0,每日经济新闻,4642157440,2025-09-28 07:50:14,0,0,0,25622,0,雪球,https://xueqiu.com/4642157440/354815903,2026-07-08 16:21:09
354835660,SH688646,ST逸飞,9月29日st公告汇总,1、ST瑞和连续三个交易日收盘价格涨幅偏离值累计超过12%，属于股票交易异常波动情形。 2、*ST天茂股票终止上市暨摘牌，摘牌日期：2025年9月30日 3、*ST高鸿公司股票将被终止上市暨停牌的风险提示。将自2025年9月29日（星期一）开市起停牌 4、*ST金比连续三个交易日收盘价格涨幅偏离值累计超过12%，属于股票交易异常波动情况。 5、ST逸飞获得政府补助，总补助款500万元，其中公司获得287.5万元，项目合作单位获得212.5万元$ST逸飞(SH688646)$ $*ST金比(SZ002762)$ $ST瑞和(SZ002620)$,0,ST六点半,6739261962,2025-09-28 12:19:35,0,4,0,85986,0,雪球,https://xueqiu.com/6739261962/354835660,2026-07-08 16:21:09
354975458,SH688646,ST逸飞,,ST逸飞：逸飞激光关于公司股票被实施其他风险警示的进展公告 网页链接,0,ST逸飞(SH688646),0,2025-09-29 08:39:04,1,0,0,26942,0,公告,https://xueqiu.com/S/SH688646/354975458,2026-07-08 16:21:09
355817738,SH688646,ST逸飞,,ST逸飞：逸飞激光关于第二期以集中竞价交易方式回购公司股份的进展公告 网页链接,0,ST逸飞(SH688646),0,2025-10-09 08:46:03,0,1,0,21627,0,公告,https://xueqiu.com/S/SH688646/355817738,2026-07-08 16:21:09
355937847,SH688646,ST逸飞,逸飞激光 4533.99 万元资金流向客户账户的风险分析,"$ST逸飞(SH688646)$ 一、公司概况与事件背景1.1 公司基本情况武汉逸飞激光股份有限公司（股票代码：688646）成立于 2005 年 12 月，是一家专业从事精密激光加工智能装备研发、设计、生产和销售的国家高新技术企业，也是国家重点支持的 &#34;专精特新小巨人企业&#34;。公司于 2023 年 7 月 28 日在上海证券交易所科创板成功上市，发行价格为 46.8 元 / 股，发行 2379.07 万股，募集资金总额超 11 亿元，募集资金净额 9.92 亿元。公司主营业务为精密激光加工智能装备的研发、设计、生产和销售，主要产品包括锂电池电芯自动装配线、模组 / PACK 自动装配线等自动化产线及各类精密激光加工智能化专机，广泛应用于新能源电池、半导体、医疗健康、家电厨卫、装配式建筑、汽车零部件等领域。公司在业内率先突破圆柱全极耳电池制造工艺技术难题，其自主研发的 &#34;圆柱全极耳锂电池激光焊接设备及全自动组装生产线&#34; 为国际首创，产品入选 &#34;第七批国家制造业单项冠军产品&#34; 名单。1.2 内控风险事件概述2025 年 4 月 30 日，逸飞激光发布 2024 年年报，立信会计师事务所（特殊普通合伙）对公司 2024 年度财务报表出具了保留意见的审计报告，对内部控制出具了否定意见的审计报告。这一 &#34;双非标&#34; 审计意见的出现，源于公司存在的重大内控风险 ——4533.99 万元资金流向不明。具体情况为：逸飞激光的两个募投项目（逸飞激光锂电激光智造装备三期基地项目和精密激光焊接与智能化装备工程研究中心建设项目）的总包方将部分土建和劳务分包给河南传众建筑工程有限公司，分包合同金额合计 7000 万元。截至 2024 年 12 月 31 日，总包方通过资金指定代付方式委托逸飞激光向传众公司支付 5100 万元。然而，传众公司收到款项后，将其中的 4845 万元支付给武汉柒宝合烁智能技术有限公司，柒宝公司又将其中的 4533.99 万元支付给逸飞激光的 6 家客户，83 万元支付给 1 家其他公司。更为严重的是，逸飞激光未能就上述资金流向提供合理解释和支持性资料。立信会计师事务所在审计报告中明确指出：&#34;我们无法就上述逸飞激光支付款项的性质以及上述收付款单位与逸飞激光是否存在潜在的关联方关系和关联交易获取充分、适当的审计证据，也无法确定该事项对逸飞激光财务报表可能产生的影响&#34;。二、4533.99 万元资金流向问题的深度分析2.1 资金流转的完整路径根据审计报告和公司公告，5100 万元资金的流转路径呈现出复杂的层级结构：第一层：总包方（逸飞激光募投项目的总承包方）→ 逸飞激光（5100 万元，通过 &#34;资金指定代付&#34; 方式）第二层：逸飞激光 → 河南传众建筑工程有限公司（5100 万元，作为分包工程款）第三层：河南传众建筑工程有限公司 → 武汉柒宝合烁智能技术有限公司（4845 万元，占比 94.9%）第四层：武汉柒宝合烁智能技术有限公司 → 逸飞激光 6 家客户（4533.99 万元，占比 93.6%）→ 1 家其他公司（83 万元，占比 1.7%）从资金流转路径可以看出，93.6% 的资金最终流向了逸飞激光的客户，这一比例之高令人震惊。更值得关注的是，资金在第三层出现了重大偏离 —— 传众公司并未将全部 5100 万元支付给最终的工程分包方，而是将其中的 94.9%（4845 万元）支付给了一家名为 &#34;武汉柒宝合烁智能技术有限公司&#34; 的企业，而这家企业与逸飞激光的关系尚不明确。2.2 6 家客户的身份信息与交易背景根据公司 2024 年年报问询函回复，逸飞激光披露了前十大客户的相关信息：客户名称 成立时间 主营业务 2024 年销售额（万元） 期末应收账款（万元）客户一 1995 年 锂电池研发、生产和销售 16,900 1,666.87客户二 1991 年 全球性知名企业 6,023.84 3,034.14客户三 - 国内知名工业自动化设备上市公司子公司 5,866.37 119.60客户四. 2017 年 新能源动力电池及相关核心材料 2,027.43 162.40客户五 - 锂电池生产商 1,968.23 546.45客户六 2021 年 电池研发、制造、销售 1,642.08 789.49客户七 2016 年 电气机械和器材制造业 1,548.28 267.04客户八 2017 年 电气机械和器材制造业 1,336.63 216.32客户九 2018 年 锂电池生产商 1,196.08 288.50客户十 2018 年 电气机械和器材制造业 1,195.24 245.66需要特别说明的是，上述前十大客户中，有 6 家客户的身份信息与 4533.99 万元资金流向的 6 家客户存在对应关系。其中，客户八的情况尤为可疑：该客户成立于 2021 年，注册资本仅 2245 万元，主要从事 4680 大圆柱锂电池研发与生产，2024 年末应收账款余额高达 789.49 万元，占当期销售额的 48.09%，截至 2025 年 5 月 31 日的期后回款率仅为 12.67%。2.3 公司对资金流向问题的官方解释面对审计机构和监管部门的质疑，逸飞激光在 2025 年 6 月 14 日的年报问询函回复中进行了说明：关于资金性质：公司将这 5100 万元解释为 &#34;按照募投项目总包方的资金指定代付委托&#34; 支付的分包工程款。关于客户身份：公司强调与上述客户不存在关联关系，前十大客户采购与其成立时间、主营业务和经营规模具有匹配性。关于设备安装：除了对客户三销售的设备在终端客户场地安装运行外，对其余客户销售的设备均在客户场地安装运行。关于回款情况：公司表示前十大客户均为行业内知名企业，资信情况良好，与上述客户均保持积极有效沟通，回款不存在异常。然而，这些解释显然无法消除审计机构和市场的疑虑。立信会计师事务所明确指出，公司未能就资金流向提供合理解释和支持性资料。更令人担忧的是，公司在 2025 年 5 月 31 日的公告中表示，针对内部控制审计报告中涉及的保留事项，因时间原因未能充分获取审计资料，正在积极配合会计师事务所和保荐机构开展补充核查工作。2.4 资金流向问题的潜在违规性质基于目前披露的信息，4533.99 万元资金流向问题可能涉及以下违规行为：第一，募集资金违规使用。根据《上市公司监管指引第 2 号 —— 上市公司募集资金管理和使用的监管要求》，上市公司应当建立并完善募集资金存储、使用、变更、监督和责任追究的内部控制制度，募集资金应当按照招股说明书或者其他公开发行募集文件所列用途使用，原则上应当用于主营业务。逸飞激光将募集资金通过复杂的流转路径最终支付给客户，严重违反了募集资金专款专用的原则。第二，关联交易未披露。4533.99 万元资金最终流向 6 家客户，这些客户与逸飞激光之间可能存在未披露的关联关系。根据《上市公司信息披露管理办法》，关联交易是指上市公司或者其控股子公司与上市公司关联人之间发生的转移资源或者义务的事项，上市公司应当履行关联交易的审议程序，并严格执行关联交易回避表决制度。第三，财务造假嫌疑。市场普遍质疑公司可能通过这种资金循环方式虚增销售收入或提前确认收入。2025 年 2 月 28 日，公司披露的 2024 年业绩快报显示营业收入 8.75 亿元，归母净利润 7137 万元；但在 4 月 30 日的年报中，这些数据被大幅下调，营业收入调减 1.83 亿元，归母净利润调减 4704.83 万元，扣非净利润调减 3590.27 万元。这种巨大的差异暴露出公司财务数据的不真实性。三、公司内部控制体系的严重缺陷3.1 内控缺陷的具体表现立信会计师事务所在否定意见的内控审计报告中明确指出，逸飞激光与募集资金管理及收入确认相关的内部控制存在重大缺陷。具体表现在以下几个方面：资金审批流程失控。公司未能建立有效的资金审批机制，5100 万元的大额资金支出仅通过 &#34;资金指定代付&#34; 的方式进行，缺乏必要的审批程序和监督机制。根据公司修订后的《募集资金管理制度》，原本应该建立从募投项目合同专有审批、募集资金使用专有审批到募集资金的存放与使用情况专项审计的全过程重点内控机制，但在实际执行中形同虚设。授权体系失效。公司在资金支付过程中，未能明确各级管理人员的审批权限和责任。按照正常的内控流程，每一笔募集资金的支出都应该经过严格的审批程序，包括专业领域负责人、财务部、证券部、董事会秘书、财务负责人等多级审批，最终报董事长批准。但在这起事件中，如此巨额的资金流转显然绕过了正常的授权体系。监督机制缺失。公司内部审计部门未能发挥应有的监督作用。根据《内部审计制度》，审计部应当每月对募集资金的存放与使用情况进行检查，向审计委员会汇报检查结果，并报送月度募集资金使用情况报告。然而，这 5100 万元资金的异常流转却未被内部审计发现，说明监督机制存在严重漏洞。收入确认流程混乱。公司在收入确认方面存在重大缺陷，导致 2024 年业绩快报与年报出现巨大差异。会计师事务所在审计时发现，公司存在收入跨期调整行为，部分收入 2024 年度不予确认。这反映出公司收入确认流程缺乏规范性和准确性。3.2 内控缺陷的根本原因深入分析逸飞激光的内控缺陷，可以发现其根本原因在于：治理结构不完善。公司虽然建立了董事会、监事会、审计委员会等治理机构，但在实际运作中未能有效发挥作用。独立董事未能真正独立履职，对公司的重大事项缺乏实质性监督。管理层凌驾于内控之上。从 5100 万元资金的异常流转可以看出，公司管理层可能存在凌驾于内部控制之上的情况，通过复杂的资金流转路径规避监管。风险意识淡薄。公司在快速扩张过程中，过分追求业绩增长，忽视了合规风险的管控。特别是在募集资金使用方面，存在侥幸心理，认为通过 &#34;指定代付&#34; 等方式可以规避监管。内控制度执行不力。虽然公司制定了较为完善的内控制度，但在实际执行中存在严重的形式主义。制度与执行 &#34;两张皮&#34;，未能形成有效的内控体系。3.3 内控整改措施及进展面对内控缺陷，逸飞激光在 2025 年 4 月 30 日的董事会专项说明中提出了整改措施：强化募集资金管理：严格遵守募集资金管理规定，规范使用募集资金；加强相关人员的合规培训；加强内部审计频次，定期或不定期检查募集资金使用情况；加强募集资金事前审核把关。提升公司治理水平：进一步加强内部控制建设，优化财务报告等相关制度流程的设计；完善收入确认流程与操作规范；强化关联方申报与关联交易审核管理机制；充分发挥董事会审计委员会和内部审计部门的监督职能。加强合规培训：对大股东、董监高、财务人员及内审人员等进行合规培训；定期组织全体中高层管理人员学习企业内部控制规范、上市公司规范运作要求等。2025 年 5 月 5 日，公司召开第二届董事会第十四次会议，审议通过了修订《募集资金管理制度》《内部审计制度》《财务报告管理制度》的议案。具体修订内容包括：《募集资金管理制度》：建立全过程重点内控机制，细化审批流程，明确各部门权限，规定单次或 12 个月内累计支取超过 5000 万元需通知保荐机构。《内部审计制度》：提高审计部独立性，增加专职审计人员，扩大审计职权，突出对募集资金等关键事项的过程检查与专项审计。《财务报告管理制度》：新增财务报告内部控制基本原则，将业绩预告、业绩快报纳入管理范畴，明确审计部在财务报告披露前进行独立审计。截至 2025 年 6 月 28 日，公司在进展公告中表示：已完成《内部审计制度》《财务报告管理制度》等内控制度的修订和完善积极配合会计师事务所和保荐机构完成补充核查工作组织全体董监高及关键岗位人员系统学习最新政策法规加强与监管部门的沟通联系，主动汇报整改进展然而，这些整改措施能否真正解决内控缺陷，还有待时间检验。特别是在 4533.99 万元资金流向问题尚未得到合理解释的情况下，任何整改措施都显得苍白无力。四、被立案调查的可能性分析4.1 证监会立案调查的标准和程序根据《证券期货违法行为行政处罚办法》第六条的规定，中国证监会及其派出机构发现自然人、法人或者其他组织涉嫌违反证券期货法律、法规和规章，符合下列条件，且不存在依法不予行政处罚等情形的，应当立案：有明确的违法行为主体有证明违法事实的证据法律、法规、规章规定有明确的行政处罚法律责任尚未超过二年行政处罚时效（涉及金融安全且有危害后果的，尚未超过五年）从逸飞激光的情况来看，已经具备了立案调查的基本条件。公司存在明确的违法行为主体，有审计报告等证据证明违法事实，相关法律法规对信息披露违规、募集资金违规使用等行为有明确的处罚规定。4.2 类似案例的处理情况近年来，A 股市场上发生了多起类似的内控失效、资金流向不明的案例，监管部门的处理方式值得借鉴：超卓航科案（2023 年）：公司 5995 万元银行存款被骗，涉嫌擅自改变募集资金用途。2023 年 11 月 17 日，证监会决定对公司立案调查，同日湖北证监局对公司及相关人员出具警示函。维康药业案（2024 年）：公司 2017 年至 2023 年 9 月违规使用个人银行账户开展资金收付，内部控制存在重大缺陷，募集资金使用不规范。2024 年 12 月 27 日，公司及实际控制人因涉嫌信息披露违法违规被证监会立案调查。ST 沐邦案（2025 年）：公司将 2.19 亿元募集资金通过施工方多次划转至控股股东账户，构成募集资金违规使用。2025 年 7 月 25 日收到证监会立案告知书。这些案例表明，当上市公司出现募集资金违规使用、内部控制重大缺陷、信息披露违规等问题时，证监会通常会采取立案调查的监管措施。特别是在资金流向不明、公司无法提供合理解释的情况下，立案调查几乎是必然的结果。4.3 逸飞激光被立案调查的可能性评估基于上述分析，逸飞激光被证监会立案调查的可能性极大，主要理由如下：第一，违规事实清楚。4533.99 万元资金通过复杂路径流向客户，公司无法提供合理解释，已构成募集资金违规使用和信息披露违规的事实。第二，审计机构已出具否定意见。立信会计师事务所对公司内控出具否定意见，认定存在重大缺陷，这为监管部门提供了有力的证据支持。第三，监管措施已升级。2025 年 5 月 30 日，湖北证监局已对公司及董事长吴轩、财务总监王树、董事会秘书曹卫斌出具警示函。根据监管惯例，警示函通常是立案调查的前兆。第四，市场影响恶劣。公司股票已被实施 ST，股价暴跌 20%，市值大幅缩水，严重损害了投资者利益，造成了恶劣的市场影响。第五，类似案例均被立案。从超卓航科、维康药业、ST 沐邦等案例可以看出，凡涉及募集资金违规使用且无法合理解释的，最终都被立案调查。截至 2025 年 6 月 12 日，公司在机构调研时表示尚未收到立案调查通知。但考虑到问题的严重性和监管的一贯做法，预计证监会立案调查只是时间问题。五、立案调查的后果分析如果逸飞激光被证监会立案调查，将面临一系列严重后果：5.1 股价和市值的进一步下跌公司股票已于 2025 年 5 月 6 日起被实施 ST，股票简称由 &#34;逸飞激光&#34; 变更为 &#34;ST 逸飞&#34;。实施 ST 当日，公司股价即遭遇 20% 跌停，收报 25.35 元 / 股，市值缩水至 24.12 亿元，单日市值蒸发超 10 亿元。如果被立案调查，预计股价将面临进一步下跌压力：恐慌性抛售：立案调查消息一旦公布，将引发投资者的恐慌性抛售，股价可能连续跌停。机构投资者撤离：公募基金、保险资金等机构投资者通常会在公司被立案调查后迅速撤离，加剧股价下跌。流动性枯竭：股价持续下跌将导致流动性枯竭，即使想卖也难以成交，形成 &#34;踩踏&#34; 效应。市值大幅缩水：按照类似案例的经验，被立案调查的公司市值通常会下跌 30%-50%，逸飞激光市值可能跌至 15-20 亿元区间。5.2 投资者索赔诉讼根据《证券法》及相关司法解释，如果公司因立案调查被认定存在信息披露虚假陈述等违规行为，投资者可以就其因公司违规行为所遭受的损失提起索赔诉讼。索赔条件：在虚假陈述实施日至揭露日期间买入股票在揭露日之后卖出或继续持有股票并产生亏损损失与虚假陈述行为存在因果关系根据市场分析，逸飞激光的索赔时间窗口可能为：业绩快报虚假陈述：2024 年 8 月 17 日（业绩预告日）至 2025 年 4 月 29 日（停牌前）买入的投资者募集资金流向虚假陈述：2025 年 4 月 29 日前买入的投资者索赔金额预估：考虑到公司股价从上市发行价 46.8 元跌至目前的 26 元左右，跌幅超过 40%如果按照 30% 的投资者参与索赔计算，预计索赔金额可能达到数亿元公司可能需要承担巨额的民事赔偿责任5.3 融资能力严重受损立案调查将使公司的融资能力受到严重影响：银行信贷收紧：银行会立即冻结或减少对公司的授信额度提高贷款利率，增加融资成本要求提供更多的担保措施提前收回贷款或要求立即还款资本市场融资渠道关闭：定增、配股等股权融资将被暂停公司债券发行将被禁止可转债发行计划将被取消与投资者的沟通将变得困难其他融资渠道受限：供应链金融服务可能被终止融资租赁业务受到影响商业信用下降，供应商要求现款现货5.4 监管处罚和市场禁入根据《证券法》第一百九十七条的规定，如果公司被认定存在信息披露违规，将面临严厉的行政处罚：对公司的处罚：责令改正，给予警告并处以 50 万元以上 500 万元以下的罚款（一般违规）情节严重的，处以 500 万元以上 5000 万元以下的罚款（严重违规）对责任人员的处罚：对直接负责的主管人员和其他直接责任人员给予警告并处以 20 万元以上 200 万元以下的罚款（一般违规）情节严重的，处以 100 万元以上 1000 万元以下的罚款（严重违规）对实际控制人组织、指使违法行为的，处以 100 万元以上 5000 万元以下的罚款市场禁入措施：对情节严重的责任人员，可采取证券市场禁入措施禁入期限为 3-10 年，情节特别严重的可终身禁入被禁入人员在禁入期间不得担任上市公司董事、监事、高级管理人员参考类似案例的处罚情况：紫鑫药业案：公司被罚 1000 万元，实控人被罚 1000 万元甲科技案：公司被罚 600 万元，实控人被罚 900 万元并终身市场禁入南卫股份案：公司被罚 300 万元，实控人被罚 450 万元，同时因内幕交易拟罚没 4710 万元5.5 业务经营和声誉损失立案调查对公司正常经营的影响是全方位的：客户流失风险：现有客户可能终止合作或减少订单潜在客户对公司失去信任，不敢合作重要客户可能要求更严格的条款和条件国际客户可能因合规风险而放弃合作供应商关系恶化：供应商可能要求提高预付款比例关键原材料供应可能中断供应商可能要求更短的账期或现金交易优质供应商可能选择退出合作人才流失：核心技术人员可能选择离职高级管理人员面临职业风险新员工招聘变得困难团队士气低落，工作效率下降品牌声誉受损：公司品牌价值大幅下降在行业内的声誉严重受损难以获得政府支持和优惠政策社会形象严重受损5.6 退市风险如果立案调查发现公司存在严重的财务造假行为，可能触发退市条件：财务类退市风险：如果发现虚增利润达到当期利润的 100% 以上，可能被认定为财务造假连续亏损可能触发退市风险警示净资产为负可能直接退市规范类退市风险：信息披露严重违规可能被实施退市风险警示内部控制持续失效可能触发退市程序拒不配合监管可能被强制退市市场类退市风险：股价持续低于面值可能触发退市市值过低可能面临退市风险成交量过低可能影响上市地位根据《上海证券交易所科创板股票上市规则》，连续两年内部控制审计报告被出具否定意见的，公司股票将被实施退市风险警示，第三年仍为否定意见的，将被终止上市。逸飞激光 2024 年已被出具否定意见，如果 2025 年再次被出具否定意见，将面临退市风险。六、结论与建议通过对逸飞激光 4533.99 万元资金流向客户账户这一内控风险事件的深入研究，我们得出以下核心结论：第一，内控风险极其严重。公司存在的 4533.99 万元资金流向不明问题，暴露出其内部控制体系的全面失效。从资金审批、授权、监督到收入确认等各个环节都存在重大缺陷，这种系统性的内控失灵在科创板上市公司中极为罕见。第二，被立案调查几乎是必然结果。基于违规事实清楚、审计机构已出具否定意见、监管措施已升级、市场影响恶劣等因素，预计证监会将在近期对公司立案调查。即使公司采取积极的整改措施，也难以改变被立案的命运。第三，后果将是灾难性的。一旦被立案调查，公司将面临股价暴跌、投资者索赔、融资困难、监管处罚、业务受损、退市风险等一系列严重后果。公司可能从此一蹶不振，甚至面临退市的命运。第四，投资者应高度警惕风险。对于已经持有公司股票的投资者，应及时评估风险，做好止损准备；对于潜在投资者，应坚决回避，不要抱有任何侥幸心理。",0,云飞扬y,2315502329,2025-10-10 03:12:55,2,2,0,79027,0,雪球,https://xueqiu.com/2315502329/355937847,2026-07-08 16:21:09
356171496,SH688646,ST逸飞,ST逸飞新注册《逸飞激光扭矩枪数据采集系统V1.0》等2个项目的软件著作权,证券之星消息，近日ST逸飞（688646）新注册了2个项目的软件著作权，包括《逸飞激光扭矩枪数据采集系统V1.0》、《逸飞激光模组入箱清洗站数据采集软件V1.0》等。今年以来ST逸飞新注册软件著作权3个，较去年同期减少了84.21%。结合公司2025年中报财务数据，今年上半年公司在研发方面投入了5138.55万元，同比增51.59%。通过天眼查大数据分析，武汉逸飞激光股份有限公司共对外投资了11家企业，参与招投标项目69次；财产线索方面有商标信息49条，专利信息628条，著作权信息74条；此外企业还拥有行政许可11个。数据来源：天眼查APP以上内容为证券之星据公开信息整理，由AI算法生成（网信算备310104345710301240019号），不构成投资建议。,0,证券之星财经,5187193467,2025-10-11 18:10:09,0,0,0,22148,0,雪球,https://xueqiu.com/5187193467/356171496,2026-07-08 16:21:06
356247043,SH688646,ST逸飞,ST逸飞公布国际专利申请：“圆柱电芯生产线及其生产工艺”,证券之星消息，根据企查查数据显示ST逸飞（688646）公布了一项国际专利申请，专利名为“圆柱电芯生产线及其生产工艺”，专利申请号为PCT/CN2024/109613，国际公布日为2025年10月9日。专利详情如下：图片来源：世界知识产权组织（WIPO）今年以来ST逸飞已公布的国际专利申请3个。结合公司2025年中报财务数据，今年上半年公司在研发方面投入了5138.55万元，同比增51.59%。数据来源：企查查以上内容为证券之星据公开信息整理，由AI算法生成（网信算备310104345710301240019号），不构成投资建议。,0,证券之星财经,5187193467,2025-10-12 21:01:06,0,0,0,19400,0,雪球,https://xueqiu.com/5187193467/356247043,2026-07-08 16:21:06
357431943,SH688646,ST逸飞,ST逸飞：公司锂电智造、模组PACK、智慧物流及系统等解决方案均可用于储能领域,同花顺（300033）金融研究中心10月20日讯，有投资者向ST逸飞提问， 请问贵公司产品在储能方面有何应用？ 公司回答表示，尊敬的投资者您好，公司锂电智造、模组PACK、智慧物流及系统等解决方案均可用于储能领域。敬请注意投资风险，感谢您的关注。 点击进入交易所官方互动平台查看更多,0,ST逸飞(SH688646),0,2025-10-20 09:30:17,0,0,0,14026,0,新闻,https://xueqiu.com/S/SH688646/357431943,2026-07-08 16:21:06
357585597,SH688646,ST逸飞,,ST逸飞：逸飞激光关于使用部分暂时闲置募集资金及自有资金进行现金管理的公告 网页链接,0,ST逸飞(SH688646),0,2025-10-21 08:33:00,0,0,0,14376,0,公告,https://xueqiu.com/S/SH688646/357585597,2026-07-08 16:21:06
357585598,SH688646,ST逸飞,,ST逸飞：国联民生证券承销保荐有限公司关于武汉逸飞激光股份有限公司使用部分暂时闲置募集资金和自有资金进行现金管理的核查意见 网页链接,0,ST逸飞(SH688646),0,2025-10-21 08:33:00,0,0,0,18990,0,公告,https://xueqiu.com/S/SH688646/357585598,2026-07-08 16:21:06
357601414,SH688646,ST逸飞,ST逸飞：武汉逸智信诚检测实验室已通过CNAS实验室认可并投入使用，主要面向新能源电池、激光及高端装备...,同花顺（300033）金融研究中心10月21日讯，有投资者向ST逸飞提问， 目前，公司正在积极推进CNAS实验室（中国合格评定国家认可委员会）认可筹备工作，并同步规划CMA、TUV等权威资质能力建设。请问公司CNAS实验室预计几时可以通过认证并投入使用？CNAS实验室主要涉及哪方面的业务？对公司发展主要作用是什么？CMA、TUV等权威资质能力建设目前有何进展？谢谢！ 公司回答表示，尊敬的投资者您好，公司全资孙公司武汉逸智信诚技术检测有限公司的检测实验室已通过CNAS实验室认可并投入使用，主要面向新能源电池、激光及高端装备制造等产业，提供涵盖微米材料长度检测、石英玻璃光谱透射比检测、激光发生器光束检测及密封性能检测等检测服务以及具备国际公信力的检测报告与科学数据支撑，进一步提升公司产品质量与市场竞争力。目前，公司正在按计划推进CMA、TUV等资质的认证，具体进展请关注公司定期报告，感谢您的关注。 点击进入交易所官方互动平台查看更多,0,ST逸飞(SH688646),0,2025-10-21 10:29:20,0,0,0,15198,0,新闻,https://xueqiu.com/S/SH688646/357601414,2026-07-08 16:21:06
357912403,SH688646,ST逸飞,ST逸飞：公司招聘工作持续进行中，主要是根据业务发展规划和项目生产等需求,同花顺（300033）金融研究中心10月23日讯，有投资者向ST逸飞提问， 请问贵公司目前生产是否正常？今年是否有扩大招工的计划？ 公司回答表示，尊敬的投资者您好，目前公司经营稳健，生产一切正常，公司招聘工作持续进行中，主要是根据业务发展规划和项目生产等需求，科学合理地储备研发、海外销售、生产等人员，感谢您的关注。 点击进入交易所官方互动平台查看更多,0,ST逸飞(SH688646),0,2025-10-23 07:39:43,0,0,0,14838,0,新闻,https://xueqiu.com/S/SH688646/357912403,2026-07-08 16:21:06
358639563,SH688646,ST逸飞,ST逸飞：公司目前圆柱电芯设备订单充足,每经AI快讯，有投资者在投资者互动平台提问：据报道，8月29日武汉市重大科技项目“大圆柱电池全极耳精密激光焊接关键技术及装备研制”正式启动。项目由逸飞激光牵头联合亿纬锂能、国轩高科、云山动力、楚能新能源、华中科大、逸智信诚等共同参与。请问该科研项目的主要目的是什么？大圆柱电池的应用领域主要有哪些？市场需求潜力如何？公司24年以来大圆柱电池设备的订单情况如何？大圆柱电池与固态电池的关系？“大圆柱+固态电池”的发展及目前电池企业的研发布局情况？ ST逸飞（688646.SH）10月28日在投资者互动平台表示，该项目主要聚焦大圆柱电池全极耳激光焊接环节，针对焊接过程中面临高反材料且物性参数突变、超薄多层全极耳材料、极耳与隔膜大温度梯度精准控制等难题，开发激光光场时空调控技术及器件、多参量融合感知的焊接实时监测技术与系统、以及全极耳电池精密激光焊接装备集成及应用，助力实现良率、稳定性和速度的系统性优化，加速推动大圆柱全极耳电池实现规模化、标准化、产业化。大圆柱电池应用领域主要有新能源汽车、储能、电动两/三轮车、低空经济等领域，市场前景广阔。公司目前圆柱电芯设备订单充足。 （记者 胡玲） 免责声明：本文内容与数据仅供参考，不构成投资建议，使用前核实。据此操作，风险自担。 每日经济新闻,0,每日经济新闻,4642157440,2025-10-28 10:50:58,0,0,0,11653,0,雪球,https://xueqiu.com/4642157440/358639563,2026-07-08 16:21:06
358821167,SH688646,ST逸飞,ST逸飞：逸科兴签订的2G Wh大圆柱钠电产线项目金额未达到日常经营重大合同披露标准,同花顺（300033）金融研究中心10月29日讯，有投资者向ST逸飞提问， 有消息称，近日，广东逸科兴制造技术有限公司成功举行2G Wh大圆柱钠电产线项目合作签约仪式。请问能否披露详细信息？ 公司回答表示，尊敬的投资者您好，逸科兴签订的2G Wh大圆柱钠电产线项目金额未达到日常经营重大合同披露标准，详细内容请查阅逸科兴公众号发布信息，感谢您的关注。 点击进入交易所官方互动平台查看更多,0,ST逸飞(SH688646),0,2025-10-29 07:39:49,0,0,0,11413,0,新闻,https://xueqiu.com/S/SH688646/358821167,2026-07-08 16:21:06
358848487,SH688646,ST逸飞,,ST逸飞：逸飞激光关于公司股票被实施其他风险警示的进展公告 网页链接,0,ST逸飞(SH688646),0,2025-10-29 09:33:04,1,1,0,12701,0,公告,https://xueqiu.com/S/SH688646/358848487,2026-07-08 16:21:06
358848488,SH688646,ST逸飞,,ST逸飞：逸飞激光2025年第三季度报告 网页链接,0,ST逸飞(SH688646),0,2025-10-29 09:33:04,1,0,0,13978,0,公告,https://xueqiu.com/S/SH688646/358848488,2026-07-08 16:21:06
358848746,SH688646,ST逸飞,,ST逸飞：逸飞激光关于2025年前三季度计提资产减值准备的公告 网页链接,0,ST逸飞(SH688646),0,2025-10-29 09:34:02,3,0,0,14872,0,公告,https://xueqiu.com/S/SH688646/358848746,2026-07-08 16:21:06
358885627,SH688646,ST逸飞,图解ST逸飞三季报：第三季度单季净利润同比下降271.69%,证券之星消息，ST逸飞2025年三季报显示，前三季度公司主营收入5.75亿元，同比上升7.55%；归母净利润-794.36万元，同比下降114.29%；扣非净利润-2636.85万元，同比下降172.84%；其中2025年第三季度，公司单季度主营收入1.43亿元，同比下降23.09%；单季度归母净利润-2609.21万元，同比下降271.69%；单季度扣非净利润-2885.41万元，同比下降398.93%；负债率47.9%，投资收益1017.48万元，财务费用257.02万元，毛利率23.08%。财报数据概要请见下图:以上内容为证券之星据公开信息整理，由AI算法生成（网信算备310104345710301240019号），不构成投资建议。,0,证券之星财经,5187193467,2025-10-29 12:11:44,0,0,0,13380,0,雪球,https://xueqiu.com/5187193467/358885627,2026-07-08 16:21:06
359310553,SH688646,ST逸飞,,$ST逸飞(SH688646)$ 这股是我和抖y大佬的小灶股，大家都满上了，等主力拉升，不翻倍不走，30元不可摧毁，二次验证。,0,给你股票的专属情歌,6976942169,2025-10-31 06:30:11,0,1,0,11667,0,Android,https://xueqiu.com/6976942169/359310553,2026-07-08 16:21:06
359371212,SH688646,ST逸飞,ST逸飞：10月30日高管赵来根增持股份合计11万股,证券之星消息，根据10月31日市场公开信息、上市公司公告及交易所披露数据整理，ST逸飞（688646）最新董监高及相关人员股份变动情况：2025年10月30日公司董事赵来根共增持公司股份11.0万股，占公司总股本为0.1156%。变动期间公司股价下跌1.66%，10月30日当日收盘报32.57元。ST逸飞近半年内的董监高及核心技术人员增减持详情如下：ST逸飞的高管列表及最新持股情况如下：该股最近90天内无机构评级。以上内容为证券之星据公开信息整理，由AI算法生成（网信算备310104345710301240019号），不构成投资建议。,0,证券之星财经,5187193467,2025-10-31 12:10:16,0,1,0,11783,0,雪球,https://xueqiu.com/5187193467/359371212,2026-07-08 16:21:06
359465649,SH688646,ST逸飞,,$ST逸飞(SH688646)$ 不满仓买入此股的都是250，我做st多年，这个股，满仓持股待涨，除非连续几天确认跌破30，否则根本不需要卖。,0,给你股票的专属情歌,6976942169,2025-11-01 15:42:16,0,5,0,11854,0,Android,https://xueqiu.com/6976942169/359465649,2026-07-08 16:21:06
359497099,SH688646,ST逸飞,,ST逸飞：逸飞激光关于公司签订日常经营重要订单的自愿披露公告 网页链接,0,ST逸飞(SH688646),0,2025-11-02 07:36:04,0,1,0,12683,0,公告,https://xueqiu.com/S/SH688646/359497099,2026-07-08 16:21:04
359497320,SH688646,ST逸飞,ST逸飞：签订约1.9亿元海外采购订单,"【ST逸飞：签订约1.9亿元海外采购订单】财联社11月2日电，ST逸飞(688646.SH)公告称，公司与海外某客户签订了《采购订单》，总金额为2,681.16万美元，折合人民币约1.9亿元。该订单为公司日常经营性订单，占公司2024年度经审计营业收入的27.46%，预计将对公司未来年度经营业绩产生积极影响。订单履行过程中可能面临外部环境变化、政策变化、客户需求变化及汇率波动等风险。",0,财联社,7437424816,2025-11-02 07:40:07,0,4,0,20613,2,雪球,https://xueqiu.com/7437424816/359497320,2026-07-08 16:21:04
359653701,SH688646,ST逸飞,,ST逸飞：逸飞激光关于第二期以集中竞价交易方式回购公司股份的进展公告 网页链接,0,ST逸飞(SH688646),0,2025-11-03 08:53:00,0,1,0,11383,0,公告,https://xueqiu.com/S/SH688646/359653701,2026-07-08 16:21:04
359679405,SH688646,ST逸飞,ST逸飞：10月31日高管赵来根增持股份合计2万股,证券之星消息，根据11月3日市场公开信息、上市公司公告及交易所披露数据整理，ST逸飞（688646）最新董监高及相关人员股份变动情况：2025年10月31日公司董事赵来根共增持公司股份2.0万股，占公司总股本为0.021%。变动期间公司股价上涨6.05%，10月31日当日收盘报34.54元。ST逸飞近半年内的董监高及核心技术人员增减持详情如下：ST逸飞的高管列表及最新持股情况如下：该股最近90天内无机构评级。以上内容为证券之星据公开信息整理，由AI算法生成（网信算备310104345710301240019号），不构成投资建议。,0,证券之星财经,5187193467,2025-11-03 12:10:10,0,2,0,8904,0,雪球,https://xueqiu.com/5187193467/359679405,2026-07-08 16:21:04
359761368,SH688646,ST逸飞,,$ST逸飞(SH688646)$ 持续买入，等涨到翻倍了，你们以为的利空都会一次性被解决，会出利好。这股不存在利空预期差，最强st，不会随便跌的，没有利空。不要替老板担心公司的发展，因为你根本看不懂，跟随就行。$正帆科技(SH688596)$ 建议有正帆科技的可以换仓过来，因为这个弹性更大，博弈要追求确定性，st逸飞看似不确定实则确定。$ST华通(SZ002602)$,0,给你股票的专属情歌,6976942169,2025-11-04 02:55:52,0,0,0,8114,0,Android,https://xueqiu.com/6976942169/359761368,2026-07-08 16:21:04
359765072,SH688646,ST逸飞,,$ST逸飞(SH688646)$ 冲吧，旋风冲锋龙卷风，逸飞激光百亿启航，闭眼买，逻辑你问问deepseek便知，我只是作为旗手每天都会振奋大家,0,给你股票的专属情歌,6976942169,2025-11-04 03:08:23,0,0,0,7282,0,Android,https://xueqiu.com/6976942169/359765072,2026-07-08 16:21:04
359768963,SH688646,ST逸飞,,$ST逸飞(SH688646)$ 在手订单持续大幅增长，圆柱电池和固态电池核心标的，先看50亿，明年摘帽业绩大爆发，预计80-100亿市值,0,NK青苹果,3828028481,2025-11-04 03:21:42,11,8,0,58684,2,Android,https://xueqiu.com/3828028481/359768963,2026-07-08 16:21:04
359776935,SH688646,ST逸飞,,回复@东橙西柚13: 没事的，立案啥立案，谁告诉你会立案，根本不会有立案了，这笔钱就已经处理好了，只是还没有公告，公司也不差这点钱$ST逸飞(SH688646)$//@东橙西柚13:回复@NK青苹果:后续会有立案财务造假的可能吗？,0,给你股票的专属情歌,6976942169,2025-11-04 03:57:34,0,2,0,6949,0,Android,https://xueqiu.com/6976942169/359776935,2026-07-08 16:21:04
359784591,SH688646,ST逸飞,,$ST逸飞(SH688646)$ 在乎st原因的都是250 ，立帖为证，反正不管三七二十一先买。逻辑你问deepseek就知道了,0,给你股票的专属情歌,6976942169,2025-11-04 04:54:14,0,1,0,6671,0,Android,https://xueqiu.com/6976942169/359784591,2026-07-08 16:21:04
359872657,SH688646,ST逸飞,ST逸飞：公司是《大圆柱电池智能生产线》团体标准的主要起草单位,同花顺（300033）金融研究中心11月04日讯，有投资者向ST逸飞提问， 据悉贵公司参与了《大圆柱电池智能生产线》团体标准立项评审会，请问是否属实？ 公司回答表示，尊敬的投资者您好，公司是《大圆柱电池智能生产线》团体标准的主要起草单位，目前该项目已通过中国电池工业协会团体标准的立项。感谢您的关注。 点击进入交易所官方互动平台查看更多,0,ST逸飞(SH688646),0,2025-11-04 10:22:28,0,1,0,6811,0,新闻,https://xueqiu.com/S/SH688646/359872657,2026-07-08 16:21:04
359943323,SH688646,ST逸飞,,$ST逸飞(SH688646)$ 逸飞机器人央视背书，大圆柱电池世界第一，王者级别，完全不是吹嘘，还有摘帽预期，趁大盘回调多买点，我周末会写一篇逻辑分析。,0,给你股票的专属情歌,6976942169,2025-11-05 01:23:14,0,0,0,7735,0,Android,https://xueqiu.com/6976942169/359943323,2026-07-08 16:21:04
359970706,SH688646,ST逸飞,,$ST逸飞(SH688646)$ 逸飞年报摘帽板上钉钉，今天又是洗盘，尾盘就会v，为什么说是洗盘，因为这5100w公司不差这个钱，还钱就好了，一下就摘帽，公司不回复是想单边上涨，等到消息利好摘帽出货，提前布局就好,0,给你股票的专属情歌,6976942169,2025-11-05 02:32:48,9,0,0,15171,1,Android,https://xueqiu.com/6976942169/359970706,2026-07-08 16:21:04
360000265,SH688646,ST逸飞,,回复@小小起夜家: 首先这不是造假，其次造价也不会退市，因为有额度的，你看看规则好吗?做st要看规则。5100w，认了，顶多处罚一下，公司又不是给不起这个钱。我是满仓了。$ST逸飞(SH688646)$ $正帆科技(SH688596)$ 正帆科技的兄弟们可以平替过来，还有回本的机会//@小小起夜家:回复@st逸飞百亿启航:晕死，不是还钱的事。假如循环流转，那就有可能是虚假客户，虚增收入和利润，那就是上市造假。到今天为止，这公司也没说明白这5100万到底是怎么回事。要不然股价早不是这样了。也因为这个原因，我还不敢重仓这个。不是看在湖北省重点保护这个公司份上，我都不敢参与。,0,给你股票的专属情歌,6976942169,2025-11-05 04:21:19,0,1,0,8313,0,Android,https://xueqiu.com/6976942169/360000265,2026-07-08 16:21:04
360016531,SH688646,ST逸飞,,$ST逸飞(SH688646)$ 卖的都是250，每日低吸就够了，我给大家直播到最后,0,给你股票的专属情歌,6976942169,2025-11-05 05:43:56,0,0,0,7843,0,Android,https://xueqiu.com/6976942169/360016531,2026-07-08 16:21:04
360016732,SH688646,ST逸飞,,回复@东橙西柚13: 落地你就接盘了，想啥，主力给你们坐稳稳抬轿子?$ST逸飞(SH688646)$//@东橙西柚13:回复@st逸飞百亿启航:主要是这事还没有落地，定性。,0,给你股票的专属情歌,6976942169,2025-11-05 05:44:40,0,0,0,8154,0,Android,https://xueqiu.com/6976942169/360016732,2026-07-08 16:21:04
360017181,SH688646,ST逸飞,,$ST逸飞(SH688646)$ $小鹏汽车-W(09868)$龙头企业，任何低开都是买入机会,0,给你股票的专属情歌,6976942169,2025-11-05 05:46:18,0,2,0,10431,0,Android,https://xueqiu.com/6976942169/360017181,2026-07-08 16:21:04
360028686,SH688646,ST逸飞,ST逸飞获得发明专利授权：“电芯入壳工站和动力电池自动生产线”,证券之星消息，根据天眼查APP数据显示ST逸飞（688646）新获得一项发明专利授权，专利名为“电芯入壳工站和动力电池自动生产线”，专利申请号为CN202211124508.3，授权日为2025年11月4日。专利摘要：本发明涉及圆柱电芯生产制造设备技术领域，提供一种电芯入壳工站和动力电池自动生产线，所述电芯入壳工站包括：盖板纠偏装置，包括第一定位机构、检测机构和旋转机构，第一定位机构用于定位圆柱电芯，圆柱电芯一端的集流盘连接有盖板，检测机构用于检测盖板相对水平面的偏转角度；旋转机构用于在偏转角度超出设定角度范围时驱动圆柱电芯周向旋转；入壳装置包括第二定位机构、入壳模具和推送机构，推送机构和第二定位机构分别设于入壳模具的两端，第二定位机构用于定位电池壳，推送机构用于将圆柱电芯从入壳模具推入电池壳内。该电芯入壳工站在提高生产效率的同时保证了圆柱电芯的高质量入壳，提高了生产良率。今年以来ST逸飞新获得专利授权70个，较去年同期增加了34.62%。结合公司2025年中报财务数据，今年上半年公司在研发方面投入了5138.55万元，同比增51.59%。通过天眼查大数据分析，武汉逸飞激光股份有限公司共对外投资了11家企业，参与招投标项目71次；财产线索方面有商标信息49条，专利信息635条，著作权信息74条；此外企业还拥有行政许可11个。数据来源：天眼查APP以上内容为证券之星据公开信息整理，由AI算法生成（网信算备310104345710301240019号），不构成投资建议。,0,证券之星财经,5187193467,2025-11-05 06:30:22,0,2,0,11522,0,雪球,https://xueqiu.com/5187193467/360028686,2026-07-08 16:21:04
360028777,SH688646,ST逸飞,ST逸飞获得发明专利授权：“圆柱电芯生产线以及圆柱电池的生产工艺”,证券之星消息，根据天眼查APP数据显示ST逸飞（688646）新获得一项发明专利授权，专利名为“圆柱电芯生产线以及圆柱电池的生产工艺”，专利申请号为CN202411302481.1，授权日为2025年11月4日。专利摘要：本发明属于电池技术领域，公开了一种圆柱电芯生产线及圆柱电池的生产工艺。包括沿电芯输送方向依次设有第一集流盘焊接单元、电芯压胶单元、第二集流盘焊接单元、壳体清洗单元、电芯入壳体单元、壳体穿透焊单元、盖帽焊接单元、密封钉焊接单元；第一集流盘焊接单元的集流盘焊接机构用以将集流盘供料机构所供的集流盘焊接至第一极，第二集流盘焊接单元的集流盘焊接机构用以将集流盘供料机构所供的集流盘焊接至第二极，电芯压胶单元用于将突出于第一极边缘的绝缘胶压平至第一极的端面，壳体清洗单元用于对壳体进行激光处理，电芯入壳体单元用以将第二极经集流盘与壳体的内底壁焊接，盖帽焊接单元用以将盖帽与壳体的开口的一端进行合盖预点焊。今年以来ST逸飞新获得专利授权70个，较去年同期增加了34.62%。结合公司2025年中报财务数据，今年上半年公司在研发方面投入了5138.55万元，同比增51.59%。通过天眼查大数据分析，武汉逸飞激光股份有限公司共对外投资了11家企业，参与招投标项目71次；财产线索方面有商标信息49条，专利信息635条，著作权信息74条；此外企业还拥有行政许可11个。数据来源：天眼查APP以上内容为证券之星据公开信息整理，由AI算法生成（网信算备310104345710301240019号），不构成投资建议。,0,证券之星财经,5187193467,2025-11-05 06:30:39,0,2,0,11996,0,雪球,https://xueqiu.com/5187193467/360028777,2026-07-08 16:21:04
360047246,SH688646,ST逸飞,ST逸飞：46系圆柱电芯设备订单增长较快,【ST逸飞：46系圆柱电芯设备订单增长较快】财联社11月5日电，有投资者问ST逸飞，据报道，9月3日韩国LG新能源公告与德国奔驰签两笔电池订单，规模为107GWh，预计将供应下一代圆柱电池46系列，合同金额约108亿美元。请问LG新能源与公司有业务往来吗？公司大圆柱特别是46系电池设备订单情况如何？ST逸飞在互动平台表示，目前，公司圆柱电芯设备订单充裕，且46系圆柱电芯设备订单增长较快。,0,财联社,7437424816,2025-11-05 07:50:10,0,0,0,12892,0,雪球,https://xueqiu.com/7437424816/360047246,2026-07-08 16:21:01
360081564,SH688646,ST逸飞,ST逸飞董事赵来根增持3.73万股，增持金额133.97万元,每经AI快讯，据上交所官网，2025年11月4日，ST逸飞（SH 688646，收盘价：36.02元）董事赵来根通过二级市场买卖，增持公司3.73万股，成交均价35.93元/股，增持133.97万元。 （记者 曾健辉） 免责声明：本文内容与数据仅供参考，不构成投资建议，使用前请核实。据此操作，风险自担。 每日经济新闻,0,每日经济新闻,4642157440,2025-11-05 11:40:09,0,2,0,8619,0,雪球,https://xueqiu.com/4642157440/360081564,2026-07-08 16:21:01
360085367,SH688646,ST逸飞,ST逸飞：11月4日高管吴轩、赵来根增持股份合计7.73万股,证券之星消息，根据11月5日市场公开信息、上市公司公告及交易所披露数据整理，ST逸飞（688646）最新董监高及相关人员股份变动情况：2025年11月4日公司董事吴轩、董事赵来根共增持公司股份7.73万股，占公司总股本为0.0812%。变动期间公司股价上涨3.73%，11月4日当日收盘报36.99元。ST逸飞近半年内的董监高及核心技术人员增减持详情如下：ST逸飞的高管列表及最新持股情况如下：该股最近90天内无机构评级。以上内容为证券之星据公开信息整理，由AI算法生成（网信算备310104345710301240019号），不构成投资建议。,0,证券之星财经,5187193467,2025-11-05 12:10:33,0,2,0,8787,0,雪球,https://xueqiu.com/5187193467/360085367,2026-07-08 16:21:01
360096994,SH688646,ST逸飞,,$ST逸飞(SH688646)$ 转发ST逸飞：参与大圆柱电池智能生产线标准起草并已立项财联社 2025-11-04 18:10有投资者问ST逸飞(688646)，据悉贵公司参与了《大圆柱电池智能生产线》团体标准立项评审会，请问是否属实？ST逸飞在互动平台表示，尊敬的投资者您好，公司是《大圆柱电池智能生产线》团体标准的主要起草单位，目前该项目已通过中国电池工业协会团体标准的立项。感谢您的关注。,0,吕先知,7678605016,2025-11-05 13:47:34,0,0,0,24373,0,Android,https://xueqiu.com/7678605016/360096994,2026-07-08 16:21:01
360099352,SH688646,ST逸飞,,$ST逸飞(SH688646)$ 小鹏机器人逸飞也能做，大家可以来买逸飞$小鹏汽车-W(09868)$,0,给你股票的专属情歌,6976942169,2025-11-05 14:05:28,0,1,0,11189,0,Android,https://xueqiu.com/6976942169/360099352,2026-07-08 16:21:01
360115731,SH688646,ST逸飞,,$ST逸飞(SH688646)$ $中际旭创(SZ300308)$ $新易盛(SZ300502)$ 逸飞股东持续增持，5100w循环资金的问题根本不用担心，即使造假按照规则也不会退市，如果有问题，高管敢增持吗，敢说明没问题，等不确定性确定了，逸飞就拉几倍了，无论如何都要有筹码，建仓买入,0,给你股票的专属情歌,6976942169,2025-11-05 16:40:06,1,2,0,14363,0,Android,https://xueqiu.com/6976942169/360115731,2026-07-08 16:21:01
360210421,SH688646,ST逸飞,,$ST逸飞(SH688646)$ 先知先觉，是很难的，现在进场，就等于和大股东一个价格买，他还不知道有没有利空吗? 我周末会写一个文章，全面分析逸飞,0,给你股票的专属情歌,6976942169,2025-11-06 05:29:42,2,1,0,13545,0,Android,https://xueqiu.com/6976942169/360210421,2026-07-08 16:21:01
360223930,SH688646,ST逸飞,,$ST逸飞(SH688646)$ 逸飞机器人，国内第一梯队，对标特斯拉，固态电池圆柱起草人，高管持续增持，st原因年底就能解决，现在是可以布局的时候$中际旭创(SZ300308)$ $新易盛(SZ300502)$,0,鸡你太帅哈,2700056052,2025-11-06 06:19:23,0,0,0,9720,0,雪球,https://xueqiu.com/2700056052/360223930,2026-07-08 16:21:01
360224319,SH688646,ST逸飞,,$ST逸飞(SH688646)$ 大家可以想想看，公司高管还不懂自己公司吗，他们都在增持，你不敢？现在的价格，就是和管理层一个价，你还比管理层懂吗？st就是给大家最好的机会。,0,鸡你太帅哈,2700056052,2025-11-06 06:20:36,0,0,0,10269,0,雪球,https://xueqiu.com/2700056052/360224319,2026-07-08 16:21:01
360224587,SH688646,ST逸飞,,$ST逸飞(SH688646)$ 大概率是持续单边的，别想会跌了，公司估值非常低。$隆基绿能(SH601012)$ $通威股份(SH600438)$ 从光伏亏损了解套出来的人可以来这边赚钱，你们肯定可以长期持有,0,鸡你太帅哈,2700056052,2025-11-06 06:21:35,0,0,0,13360,0,雪球,https://xueqiu.com/2700056052/360224587,2026-07-08 16:21:01
360226191,SH688646,ST逸飞,,$ST逸飞(SH688646)$ ST逸飞：三大核弹级利好引爆，下一个千亿市值的超级巨头！ 💥管理层“真金白银”史诗级增持，信心炸裂！实控人吴轩与副总赵来根豪掷近一个亿强势护盘，增持计划叠加前期个人增持，直接释放“黄金底”信号！这不仅是信心，更是对全球资本的一场宣言：ST逸飞的价值，管理层用身家押注！机器人赛道“王炸”布局，剑指湖北人形机器人第一股！公司与武创院、华科大院士团队联手，成立湖北武逸科技，直攻人形机器人整机量产！2025年三季度即将小批量生产，目标成为湖北首家人形机器人上市公司——这是要硬刚特斯拉Optimus的节奏！固态电池设备全球领先，特斯拉、宝马供应链核心玩家！已实现固态电池电芯装配、模组PACK全线装备的客户交付，联手松山湖实验室、金羽新能突破全固态电池工艺！更凭借46系大圆柱设备“单项冠军” 身份，卡位特斯拉4680电池量产浪潮，技术壁垒碾压全球！总结： 管理层增持、人形机器人、固态电池——三大风口叠加，ST逸飞已不是“黑马”，而是即将腾飞的“巨龙”！现在不关注，难道等股价突破天际再追？st原因只涉及5000w，即使认错，把钱归还就行，管理层有钱增持近一个亿，不会没钱给5100w解决公司问题。兄弟们给我锁仓就好。$三角防务(SZ300775)$ $华盛锂电(SH688353)$,0,鸡你太帅哈,2700056052,2025-11-06 06:27:28,3,1,1,18039,1,雪球,https://xueqiu.com/2700056052/360226191,2026-07-08 16:21:01
360266496,SH688646,ST逸飞,,ST逸飞：逸飞激光关于控股股东、实际控制人、董事长兼总经理及董事、高级管理人员股份增持结果公告 网页链接,0,ST逸飞(SH688646),0,2025-11-06 09:26:12,0,0,0,11850,0,公告,https://xueqiu.com/S/SH688646/360266496,2026-07-08 16:21:01
360270526,SH688646,ST逸飞,ST逸飞：实控人吴轩、董事兼副总经理赵来根合计增持约54万股，增持计划实施完毕,每经AI快讯，ST逸飞（SH 688646，收盘价：37.2元）11月6日晚间发布公告称，2025年5月7日至2025年11月6日期间，公司控股股东、实际控制人、董事长兼总经理吴轩先生和董事兼副总经理赵来根先生通过上海证券交易所交易系统以集中竞价方式增持公司股份合计约54万股，占公司总股本的比例为0.57%，成交金额合计约1658万元。本次增持计划已实施完毕。 2025年1至6月份，ST逸飞的营业收入构成为：锂电池占比98.51%，其他占比1.49%。 截至发稿，ST逸飞市值为35亿元。 每经头条（nbdtoutiao）——36天，美国联邦政府“停摆”创纪录！航空濒临关闭，军饷发放困难，债务增超6000亿美元...... （记者 王晓波） 免责声明：本文内容与数据仅供参考，不构成投资建议，使用前请核实。据此操作，风险自担。 每日经济新闻,0,每日经济新闻,4642157440,2025-11-06 09:50:55,0,0,0,9509,0,雪球,https://xueqiu.com/4642157440/360270526,2026-07-08 16:21:01
360276520,SH688646,ST逸飞,ST逸飞：湖北荆楚人形机器人有限公司为公司参股公司,每经AI快讯，有投资者在投资者互动平台提问：据悉荆楚4号可用于老人陪护，请问是否属实？ ST逸飞（688646.SH）11月6日在投资者互动平台表示，湖北荆楚人形机器人有限公司为公司参股公司，关于其产品及技术信息请关注荆楚人形机器人的官方微信公众号以及其他外部公开信息。 （记者 张明双） 免责声明：本文内容与数据仅供参考，不构成投资建议，使用前核实。据此操作，风险自担。 每日经济新闻,0,每日经济新闻,4642157440,2025-11-06 10:30:16,0,1,0,11495,0,雪球,https://xueqiu.com/4642157440/360276520,2026-07-08 16:21:01
360288704,SH688646,ST逸飞,ST逸飞：11月5日高管吴轩增持股份合计4万股,证券之星消息，根据11月6日市场公开信息、上市公司公告及交易所披露数据整理，ST逸飞（688646）最新董监高及相关人员股份变动情况：2025年11月5日公司董事吴轩共增持公司股份4.0万股，占公司总股本为0.042%。变动期间公司股价下跌2.62%，11月5日当日收盘报36.02元。ST逸飞近半年内的董监高及核心技术人员增减持详情如下：ST逸飞的高管列表及最新持股情况如下：该股最近90天内无机构评级。以上内容为证券之星据公开信息整理，由AI算法生成（网信算备310104345710301240019号），不构成投资建议。,0,证券之星财经,5187193467,2025-11-06 12:10:16,0,0,0,10064,0,雪球,https://xueqiu.com/5187193467/360288704,2026-07-08 16:21:01
360303088,SH688646,ST逸飞,ST逸飞：参股湖北荆楚人形机器人有限公司,来源：上海证券报·中国证券网上证报中国证券网讯（记者 丁鹏）11月6日，ST逸飞在上证e互动平台回复投资者提问时表示，湖北荆楚人形机器人有限公司为公司参股公司。湖北荆楚人形机器人有限公司研制的荆楚人形机器人，今年初曾亮相湖北省“新春第一会”，是湖北省首款下肢采用行星滚柱丝杠驱动的人形机器人，公司是湖北人形机器人行业的领军企业之一。ST逸飞专业从事精密激光加工智能装备研发、设计、生产和销售，产品广泛应用于新能源动力、储能、消费电池的电芯、模组、PACK制造领域。公司突破圆柱全极耳电池制造工艺与装备技术难题，推出圆柱全极耳电芯装配系列设备，入选国家级制造业单项冠军产品，整体技术水平、市场占有率处于行业领先。ST逸飞近日公告，与海外某客户签订了《采购订单》，总金额为2681.16万美元，折合人民币约为1.9亿元。,0,新浪财经,3338215700,2025-11-06 14:00:27,0,0,0,11507,0,雪球,https://xueqiu.com/3338215700/360303088,2026-07-08 16:21:01
360386722,SH688646,ST逸飞,,$ST逸飞(SH688646)$ 持有就行，主力会把轿子抬到你无法想象的地步,0,给你股票的专属情歌,6976942169,2025-11-07 03:00:38,0,3,0,14349,0,Android,https://xueqiu.com/6976942169/360386722,2026-07-08 16:21:01
360394851,SH688646,ST逸飞,,$ST逸飞(SH688646)$ 不知道大家怕什么，逸飞的st问题根本不是问题，现在不追，每天都会新高，等到百亿那天，你们来追吧,0,鸡你太帅哈,2700056052,2025-11-07 03:25:39,0,4,0,12905,0,雪球,https://xueqiu.com/2700056052/360394851,2026-07-08 16:21:01
360438122,SH688646,ST逸飞,,$ST逸飞(SH688646)$ 坚信长期主义，买入st逸飞锁仓，st逸飞虽然现在暂时机器人只是一般，但是固态电池是实打实的牛，机器人后续跟风追赶也能赶上机器人的浪潮，这股没有利空，所谓的st原因也是管理层无理取闹为了低吸增持自己而做的剧本，等到百亿那天，请你回头望看，只会一声大笑，跟着管理层买入锁仓准没错，机器人是顶级产业，有种恨铁不成钢，机器人你最弱了，我相信你是最强的，就在可见的未来。此股我是第一个看好的，我相信最终你们会臣服。 $创业板指(SZ399006)$ $上证指数(SH000001)$,0,鸡你太帅哈,2700056052,2025-11-07 06:34:50,0,3,0,16433,1,雪球,https://xueqiu.com/2700056052/360438122,2026-07-08 16:21:01
360457581,SH688646,ST逸飞,ST逸飞：新聚力推出AMHS系统核心设备具高稳定性高安全性,同花顺（300033）金融研究中心11月07日讯，有投资者向ST逸飞提问， 请问贵公司的AHMS系统有何竞争优势？ 公司回答表示，尊敬的投资者您好，公司控股子公司新聚力在国内率先推出Stocker、ZipTower、OHT等AMHS系统全系列核心设备，已实现部分设备的国产替代，具备高稳定性、高安全性、高可靠性以及高效能等优势，能够更好满足国内外客户的多元化、定制化需求。感谢您的关注。 点击进入交易所官方互动平台查看更多,0,ST逸飞(SH688646),0,2025-11-07 07:48:05,0,1,0,12001,0,新闻,https://xueqiu.com/S/SH688646/360457581,2026-07-08 16:21:00
360463579,SH688646,ST逸飞,,$ST逸飞(SH688646)$ 今天的下跌，我认为只是前期套牢盘获利了结，根本不需要恐慌，甚至可以加仓买回,0,给你股票的专属情歌,6976942169,2025-11-07 08:13:33,0,1,0,14465,0,Android,https://xueqiu.com/6976942169/360463579,2026-07-08 16:21:00
360485600,SH688646,ST逸飞,ST逸飞：固态电池极片激光处理技术处于验证推广阶段,【ST逸飞：固态电池极片激光处理技术处于验证推广阶段】财联社11月7日电，ST逸飞在互动平台表示，固态电池极片激光表面处理主要是通过构建微米级网格状沟槽/微孔离子传输通道，提高锂离子传输效率以提升倍率性能，改善固-固界面接触，降低界面阻抗，并缓解体积膨胀带来的结构失效问题，提升电池的综合性能。目前，公司该激光技术在固态电池制造的应用属于全新工艺，处于验证与推广阶段，收入占整体营收比例较小。,0,财联社,7437424816,2025-11-07 10:30:09,0,0,0,17491,0,雪球,https://xueqiu.com/7437424816/360485600,2026-07-08 16:21:00
360487866,SH688646,ST逸飞,ST逸飞：目前公司圆柱电芯设备订单充裕,【ST逸飞：目前公司圆柱电芯设备订单充裕】财联社11月7日电，ST逸飞在互动平台表示，圆柱全极耳电池制造关键工序全极耳成型、集流盘焊接的主要技术难点在于正负极集流体整型的精度以及平整度控制、高反材料焊接、厚薄穿透焊精度控制、焊接温升控制等，目前公司已全面突破相关技术难题，开发圆柱全极耳电池系列设备，获得国内外客户广泛认可。目前，公司圆柱电芯设备订单充裕，公司战略合作伙伴金羽新能已推出“无际”全固态锂金属圆柱电池，并已正式交付某国际头部客户。,0,财联社,7437424816,2025-11-07 10:50:09,0,1,0,19584,0,雪球,https://xueqiu.com/7437424816/360487866,2026-07-08 16:21:00
360491723,SH688646,ST逸飞,ST逸飞：目前公司圆柱电芯设备订单充裕，公司战略合作伙伴金羽新能已推出“无际”全固态锂金属圆柱电池,每经AI快讯，有投资者在投资者互动平台提问：据悉圆柱电池全极耳结构要把“薄如蝉翼”的铜箔和铝箔，在不造成损伤的前提下，把毫米级的金属集流盘精密地焊接上去，其难度不亚于在发丝上进行雕刻。请问难度主要有哪些？大圆柱全极耳电池的优越性主要有哪些？据网上查询，目前能够全面掌握圆柱电池全极耳技术并实现产业化的设备供应商主要是逸飞激光，是这样吗？大圆柱全极耳电池的市场前景如何？公司相关设备订单情况如何？未来能否实现“大圆柱+固态电池”技术路径？谢谢！ ST逸飞（688646.SH）11月7日在投资者互动平台表示，圆柱全极耳电池制造关键工序全极耳成型、集流盘焊接的主要技术难点在于正负极集流体整型的精度以及平整度控制、高反材料焊接、厚薄穿透焊精度控制、焊接温升控制等，目前公司已全面突破相关技术难题，开发圆柱全极耳电池系列设备，获得国内外客户广泛认可。目前，公司圆柱电芯设备订单充裕，公司战略合作伙伴金羽新能已推出“无际”全固态锂金属圆柱电池，并已正式交付某国际头部客户。 （记者 张明双） 免责声明：本文内容与数据仅供参考，不构成投资建议，使用前核实。据此操作，风险自担。 每日经济新闻,0,每日经济新闻,4642157440,2025-11-07 11:20:22,0,1,0,13240,0,雪球,https://xueqiu.com/4642157440/360491723,2026-07-08 16:21:00
360530711,SH688646,ST逸飞,,$ST逸飞(SH688646)$ 一方面是先进的大圆柱电池封装技术、一方面是12%的毛利率。我怎么也想不明白一个全球领先的技术为什么如此低的毛利率？有研究的大佬能告知一下么？,0,拙工巧匠,1578684695,2025-11-07 19:25:28,4,1,0,15707,1,iPhone,https://xueqiu.com/1578684695/360530711,2026-07-08 16:21:00
360540579,SH688646,ST逸飞,,$ST逸飞(SH688646)$ 财联社 2025-11-07 18:47消息：逸飞已突破大圆柱全极耳电池关键技术并获客户认可,0,吕先知,7678605016,2025-11-08 00:38:02,0,2,0,30182,0,Android,https://xueqiu.com/7678605016/360540579,2026-07-08 16:21:00
360699282,SH688646,ST逸飞,,$ST逸飞(SH688646)$ $先导智能(SZ300450)$ $淳中科技(SH603516)$ 下一个先导智能，下一个牛股，可以平替，才启动，机器人和全固态双料冠军，前面是因为过去的st事件暂时下跌，现在开始启动,0,给你股票的专属情歌,6976942169,2025-11-10 02:11:11,0,0,0,14802,0,Android,https://xueqiu.com/6976942169/360699282,2026-07-08 16:21:00
360700940,SH688646,ST逸飞,,$正帆科技(SH688596)$ $ST逸飞(SH688646)$ 正帆科技无论是股东还是机构，都完成出货了，出货k线就没有人护盘了，只会下楼梯一次次更低，给你们最后一个平替到逸飞激光的机会，如果你们前面听了，现在已经30%解套了，但30%，也只是起步，固态都是三倍起步的，而且逸飞激光，基本面非常好，st原因，后期会在股价高位的时候释放出解决的利好，这就是操盘，和操作预期。$隆基绿能(SH601012)$ 另外光伏必将重回巅峰,0,给你股票的专属情歌,6976942169,2025-11-10 02:15:34,6,0,0,32255,0,Android,https://xueqiu.com/6976942169/360700940,2026-07-08 16:21:00
360712951,SH688646,ST逸飞,,你在这拉不到人啊，这股主力是融资盘，st逸飞融资买不了。,0,瑞博,3411140567,2025-11-10 02:49:09,0,0,0,17805,0,iPhone,https://xueqiu.com/3411140567/360712951,2026-07-08 16:21:00
360741364,SH688646,ST逸飞,,$ST逸飞(SH688646)$ 就10月30号犹豫了一天，就这么错过起飞了,0,安全边际321,5519339803,2025-11-10 04:56:56,4,0,0,15809,0,Android,https://xueqiu.com/5519339803/360741364,2026-07-08 16:21:00
360750715,SH688646,ST逸飞,,$ST逸飞(SH688646)$ 压单必涨，主力真卖就会直接卖，这种都是吓唬你的。让你交出筹码，他根本不敢丢筹码。,0,给你股票的专属情歌,6976942169,2025-11-10 05:38:18,0,0,0,16465,0,Android,https://xueqiu.com/6976942169/360750715,2026-07-08 16:21:00
360782567,SH688646,ST逸飞,ST逸飞：公司密切关注固态电池等新兴技术发展及其市场机遇，积极开展固态电池新型封装设备以及激光技术...,同花顺（300033）金融研究中心11月10日讯，有投资者向ST逸飞提问， 请问贵公司是否有信心固态电池蓬勃发展的浪潮中能否开拓市场，成为领军企业？ 公司回答表示，尊敬的投资者您好，感谢您对公司信任和支持，公司密切关注固态电池等新兴技术发展及其市场机遇，积极开展固态电池新型封装设备以及激光技术在固态电池制造应用的研发。未来，公司将会积极与产业链合伙协同创新，助力固态电池商业化落地。谢谢！ 点击进入交易所官方互动平台查看更多,0,ST逸飞(SH688646),0,2025-11-10 07:46:45,0,0,0,19158,0,新闻,https://xueqiu.com/S/SH688646/360782567,2026-07-08 16:21:00
360942282,SH688646,ST逸飞,,$ST逸飞(SH688646)$ 逸飞对标特斯拉机器人，相信明年会大规模量产，现在很适合潜伏,0,鸡你太帅哈,2700056052,2025-11-11 05:38:44,1,0,0,22047,0,雪球,https://xueqiu.com/2700056052/360942282,2026-07-08 16:21:00
360967462,SH688646,ST逸飞,概念动态|ST逸飞新增“钙钛矿电池”概念,2025年11月11日，ST逸飞新增“钙钛矿电池”概念。 据同花顺数据显示，入选理由是：2025年6月18日互动易：在钙钛矿电池领域，公司开发了P1-P3激光划线与P4激光清边设备以及集成P1-P4一体化设备等全系列高端激光装备，在半导体领域，子公司新聚力已在国内率先推出Stocker、ZipTower、OHT等AMHS系统全系列核心设备，实现部分核心设备的国产替代。目前，钙钛矿电池设备和AMHS设备已部分形成批量订单。 该公司常规概念还有：宁德时代（300750）概念、锂电池概念、专精特新、装配式建筑、储能、长安汽车概念、动力电池回收、钠离子电池、新型工业化、比亚迪（002594）概念、机器视觉、固态电池、智能物流、芯片概念、ST板块、新能源汽车、人形机器人、机器人概念。,0,ST逸飞(SH688646),0,2025-11-11 07:13:29,0,0,0,22058,0,新闻,https://xueqiu.com/S/SH688646/360967462,2026-07-08 16:21:00
360990034,SH688646,ST逸飞,,ST逸飞：逸飞激光关于召开2025年第三季度业绩说明会的公告 网页链接,0,ST逸飞(SH688646),0,2025-11-11 09:06:00,0,0,0,24644,0,公告,https://xueqiu.com/S/SH688646/360990034,2026-07-08 16:21:00
360992159,SH688646,ST逸飞,,千万别被骗掉筹码，逸飞至少值100亿市值，现在任何下跌，都是纸老虎，都是骗筹码的。逸飞百亿起步，逸飞机器人是国内第一梯队的，对标特斯拉机器人。估值很稳健，st原因也被解决了，后续拉高就会出解决公告。等拉到50附近做一波t，然后回调再买回，好股要多宣传，先建个仓，也没有损失，但是错过就是大损失了。$小鹏汽车-W(09868)$ $合富中国(SH603122)$ 小鹏买不到的可以买入逸飞。$ST逸飞(SH688646)$,0,给你股票的专属情歌,6976942169,2025-11-11 09:19:15,14,2,0,38918,2,Android,https://xueqiu.com/6976942169/360992159,2026-07-08 16:21:00
361101090,SH688646,ST逸飞,,$ST逸飞(SH688646)$ 大圆柱全极耳是电池发展的趋势所在。就看这个公司这个技术硬不硬了，硬了就起飞。五千多万对于一个上市企业确实不多，现在市场主要还是担心他的增收不增利，坏账太多，牛技术没有转换成利润。利润与其所述的牛技术相悖。也许现在还是大圆柱全极耳的导入期。目前各大电池厂统一口径就是2027年逐渐开始量产2030年达峰。这个过程比较缓慢。以此推测，从今年开始应该就是大圆柱全极耳的建设逐渐放量期。行不行不知道，陪公司走一趟吧。行了就百亿，不行就认。没啥安全边际。公司除了大圆柱全极耳的技术外，其他杂毛业务干的越多陪的越多，还要不回钱！,0,拙工巧匠,1578684695,2025-11-12 02:49:23,12,3,0,35327,1,iPhone,https://xueqiu.com/1578684695/361101090,2026-07-08 16:21:00
361103384,SH688646,ST逸飞,,$ST逸飞(SH688646)$ 退市也是不可能退市的，现有业务能够撑着退市条件。五千多万追回也是不可能追回的。散户也不用想五千万的款什么时候回款了。切换视角向前看吧，就是净利润的恢复，行业进入旺季。,0,拙工巧匠,1578684695,2025-11-12 02:55:32,1,1,0,31748,0,iPhone,https://xueqiu.com/1578684695/361103384,2026-07-08 16:21:00
361317655,SH688646,ST逸飞,,$ST逸飞(SH688646)$ 10日线，20日线开始低吸模式,0,鸡你太帅哈,2700056052,2025-11-13 03:20:44,0,0,0,25230,0,雪球,https://xueqiu.com/2700056052/361317655,2026-07-08 16:20:58
361375211,SH688646,ST逸飞,,$ST逸飞(SH688646)$ 在逸飞里踏空行情了，再买点，反正最终都会动的,0,鸡你太帅哈,2700056052,2025-11-13 07:19:55,0,1,0,25951,0,雪球,https://xueqiu.com/2700056052/361375211,2026-07-08 16:20:58
362081802,SH688646,ST逸飞,,逸飞激光投资者关系活动记录表（2025.11.12-11.14） 网页链接,0,ST逸飞(SH688646),0,2025-11-18 07:32:01,0,0,0,21624,0,互动易,https://xueqiu.com/S/SH688646/362081802,2026-07-08 16:20:58
362082000,SH688646,ST逸飞,,ST逸飞：武汉逸飞激光股份有限公司投资者关系活动记录表（2025.11.12-11.14） 网页链接,0,ST逸飞(SH688646),0,2025-11-18 07:33:02,0,0,0,30178,0,公告,https://xueqiu.com/S/SH688646/362082000,2026-07-08 16:20:58
362108871,SH688646,ST逸飞,ST逸飞：格林基金、广发证券等多家机构于11月12日调研我司,证券之星消息，2025年11月18日ST逸飞（688646）发布公告称格林基金、广发证券、涌乐基金、华能信托、思瑞投资、泽秋基金、钇远基金于2025年11月12日调研我司。具体内容如下：问：公司在遵守信息披露相关规定的前下与投资者进行交流，交流内容不涉及未披露的重大信息。具体交流内容如下：答：2025 年前三季度公司合同负债近 4 亿元，较去年末增长超 30%；存货 7.84 亿元，较去年末增长 34%。今年以来，受益于新能源电池行业复苏以及大圆柱电池规模化量产加速，公司新增订单同比大幅增长，主要以电芯设备、模组 PCK 设备、锂电整厂智慧物流系统等订单为主。2、公司目前现有产能满足订单需求么？是否会扩建产能？目前公司产能利用率处于高水平状态，公司募投项目正在建设中，同时将根据订单和市场需求情况进一步扩建产能或者外租厂房。3、请介绍一下，公司海外业务进展情况？公司持续深化全球化战略，海外业务发展顺利。今年以来，在新加坡设立全资子公司作为海外运营总部，同时在中国香港、韩国等地设立孙公司，与海外本土企业建立战略合作关系，进一步完善海外服务体系，在保持原有客户良好关系的同时，相继开拓了英国、日本、韩国、德国、土耳其等国家的新客户，海外订单同比大幅增长。4、请问公司在固态电池领域的布局如何？有哪些突破性进展？公司在固态电池激光应用与制造装备方面均有技术储备，公司电芯装配设备、模组 PCK 设备以及整厂智慧物流系统等核心设备与相关技术可应用于半/全固态电池制造领域，并开发了激光刻槽设备、固态电池极片激光表面处理设备等新产品，可用于固态电池极片制片环节，目前新产品处于验证与推广阶段，收入占整体营收比例较小。5、请问公司对 ST摘帽是否有信心？预计什么时候可以摘帽？公司高度重视此次事项，内部开展全面自查，对公司内控体系的建设和执行进行全面梳理，进一步优化相关内控流程与内控制度，以提升公司治理水平。公司积极采取有效措施以尽快消除相关影响，并加强与监管部门的沟通汇报，及时向监管部门咨询并认真听取监管部门专业意见，争取早日申请撤销对公司股票实施的其他风险警示。6、公司在储能方面的订单如何？主要有哪些客户？公司电芯装配线、模组 PCK 生产线以及整厂智慧物流系统等产品，可兼容动力、储能电池生产使用。公司主要电池客户多数都有从事储能业务，也有专门从事储能方面的客户，整体而言，今年公司订单情况表现较好，且受益于储能市场需求的提升，公司与专门从事储能方面客户的订单有所增加。7、公司今年毛利率较去年有所下滑，请问主要是什么原因？展望未来毛利率情况？公司 2025 年前三季度毛利率为 23.08%，较去年同期有所下滑，主要是受行业竞争、收入结构、当期项目验收、原材料价格等多方面因素的影响，短期内存在一定的波动。未来，公司会通过不断加强技术与产品创新，持续提升产品竞争力，并通过规模化、精细化管理强化成本与费用控制，来保障公司持续盈利能力。8、公司未来会有投资并购的计划么？公司推动建立业务与资本协同发展的机制，战略并购了新聚力，投资了武逸科技、荆楚机器人、元生创新等公司，进一步完善主业布局，并拓展新兴业务。公司一直关注激光与光电产业、高端装备产业、新能源电池产业、机器人产业、泛半导体及其他新兴领域内的相关机会。9、公司中长期战略规划是什么？未来，公司将秉承“致力激光创新拓展，笃行装备智能升级”的发展使命，通过持续的技术创新，完善“结构件、电芯、模组 PCK 到收/拆解设备，再到整厂智慧物流装备与系统及仓储”的全产业链一体化布局，持续打造优势产品全球竞争力。在巩固锂电设备领域竞争优势和市场地位的同时，持续探索“激光+智能装备”战略，加大新兴领域拓展，不断延伸智能制造产业链布局，围绕“光电+智能化”核心能力，生态协同与资本并举，横向拓展新兴产业，“一横一纵”双向加速发展，进一步扩大公司在不同领域的市场份额，增强公司的市场竞争力。公司将以客户需求为导向，持续开发性能优异的智能制造装备产品，服务于下游产业的智能化升级，致力于成为世界一流的智能制造装备供应商。ST逸飞（688646）主营业务：从事精密激光加工智能装备研发、设计、生产和销售。ST逸飞2025年三季报显示，前三季度公司主营收入5.75亿元，同比上升7.55%；归母净利润-794.36万元，同比下降114.29%；扣非净利润-2636.85万元，同比下降172.84%；其中2025年第三季度，公司单季度主营收入1.43亿元，同比下降23.09%；单季度归母净利润-2609.21万元，同比下降271.69%；单季度扣非净利润-2885.41万元，同比下降398.93%；负债率47.9%，投资收益1017.48万元，财务费用257.02万元，毛利率23.08%。以上内容为证券之星据公开信息整理，由AI算法生成（网信算备310104345710301240019号），不构成投资建议。,0,证券之星财经,5187193467,2025-11-18 10:10:39,0,0,0,44206,0,雪球,https://xueqiu.com/5187193467/362108871,2026-07-08 16:20:58
362168448,SH688646,ST逸飞,【机构调研记录】格林基金调研ST逸飞,证券之星消息，根据市场公开信息及11月18日披露的机构调研信息，格林基金近期对1家上市公司进行了调研，相关名单如下：1）ST逸飞 （格林基金参与公司特定对象调研）调研纪要：2025年前三季度公司合同负债近4亿元，较去年末增长超30%；存货7.84亿元，增长34%。新能源电池复苏带动订单增长。产能利用率高，募投项目在建，将视需求扩建。海外设新加坡总部，开拓英日韩德等新客户，订单大增。固态电池领域已有技术储备，新产品处于验证阶段。正全面自查内控，争取早日摘帽。储能订单随市场需求提升而增加。前三季度毛利率23.08%，同比下滑，受行业竞争与成本等因素影响。已并购新聚力，投资多家科技公司，持续布局新兴领域。公司致力于成为世界一流的智能制造装备供应商。格林基金成立于2016年，截至目前，资产管理规模(全部公募基金)234.14亿元，排名119/211；资产管理规模(非货币公募基金)228.4亿元，排名99/211；管理公募基金数61只，排名96/211；旗下公募基金经理11人，排名104/211。旗下最近一年表现最佳的公募基金产品为格林高股息优选混合A，最新单位净值为1.75，近一年增长72.01%。以上内容为证券之星据公开信息整理，由AI算法生成（网信算备310104345710301240019号），不构成投资建议。,0,证券之星财经,5187193467,2025-11-19 00:10:39,0,0,0,36718,0,雪球,https://xueqiu.com/5187193467/362168448,2026-07-08 16:20:58
362319406,SH688646,ST逸飞,,$ST逸飞(SH688646)$ 一、凡是可以说的都必须说清，凡是不可以说的都要保持沉默。二、逸飞激光在保持沉默方面做的最为突出。不是说他没说话，是你关心的核心问题一概得不到答案。比如说资金占用问题。比如说所谓的核心技术装备占营业收入问题，比如说高毛利的业务有哪些？还有就是能匿名的尽量匿名，为什么别的企业就可以把合作的大公司的名字在年报里罗列出来而逸飞激光就是用某头部来遮掩？三、业务表述极其含糊，巴菲特说好的财报一言就能知道这个公司在做什么。逸飞让你云里雾里的不知道他到底在干什么，你要研究，深入研究才行。别的公司会很直白的告诉你锂电行业工序分三个段：前、中、后。这公司你看着是中段，但又不全中段。部分内容还能描述成全链条。给你看的是云里雾里，对不是这个行业的人来说他的财报，调研报告，都极其不友好。四、市场预期其摘帽问题，确实是可期待的，确定性大于风险。问题是这公司价值几何？目前价位是否包含了太多摘帽预期？即使变成一个正常公司。其盈利能力是否能匹配当前估值？五、和同行业其他公司比较逸飞的市值确实低，但他营收也低，更不用说利润了，而且他业务是链条上的某一部分。另外公司引以为豪的46电池业务的利润情况也迟迟没有反应在报表上不知为何？如此独步天下的技术理应对应高毛利才对！然而财报上的利润确实是差了很多意思。六、可以确定的是24年年报和25年年报都反应的是过去低毛利率的产品在竞争激烈行业萎缩情况下的营业情况。可你让投资者怎么就能确定你25年的合同负债就是高毛利的产品呢？就是有竞争优势的呢？激光制造这行业没有独步的武功竞争会一直很激烈。一点点随想，很久不写长篇大论了。上次写还是巨额亏损的沃森生物。不知道这个会不会继续那个轨迹……,0,拙工巧匠,1578684695,2025-11-19 12:37:36,3,4,0,48985,1,iPhone,https://xueqiu.com/1578684695/362319406,2026-07-08 16:20:58
362692623,SH688646,ST逸飞,,ST逸飞：投资者关系活动记录表-（2025年第三季度业绩说明会 ） 网页链接,0,ST逸飞(SH688646),0,2025-11-21 07:33:09,0,0,0,40268,1,公告,https://xueqiu.com/S/SH688646/362692623,2026-07-08 16:20:58
363531075,SH688646,ST逸飞,,$ST逸飞(SH688646)$这个票估计有点好消息就会狂拉，没散户了。,0,就剩点根的老韭菜,1432419766,2025-11-27 07:25:51,2,1,0,42686,0,HarmonyOS,https://xueqiu.com/1432419766/363531075,2026-07-08 16:20:58
363714956,SH688646,ST逸飞,,ST逸飞：逸飞激光关于公司股票被实施其他风险警示的进展公告 网页链接,0,ST逸飞(SH688646),0,2025-11-28 09:16:00,0,0,0,37066,0,公告,https://xueqiu.com/S/SH688646/363714956,2026-07-08 16:20:58
364163623,SH688646,ST逸飞,,ST逸飞：逸飞激光关于第二期以集中竞价交易方式回购公司股份的进展公告 网页链接,0,ST逸飞(SH688646),0,2025-12-02 08:29:01,1,1,0,35584,0,公告,https://xueqiu.com/S/SH688646/364163623,2026-07-08 16:20:58
365805528,SH688646,ST逸飞,ST逸飞：公司下游客户主要为锂电池制造企业，终端应用主要根据客户情况决定,每经AI快讯，有投资者在投资者互动平台提问：请问宝马ix3的大圆柱电池是否为贵公司设备生产的？ ST逸飞（688646.SH）12月12日在投资者互动平台表示，公司下游客户主要为锂电池制造企业，终端应用主要根据客户情况决定。 （记者 张明双） 免责声明：本文内容与数据仅供参考，不构成投资建议，使用前核实。据此操作，风险自担。 每日经济新闻,0,每日经济新闻,4642157440,2025-12-12 10:40:28,0,0,0,24639,0,雪球,https://xueqiu.com/4642157440/365805528,2026-07-08 16:20:58
365820365,SH688646,ST逸飞,ST逸飞：湖北荆楚人形机器人有限公司为公司的参股公司,每经AI快讯，有投资者在投资者互动平台提问：据悉此次参展的“荆楚精灵”，搭载了通义千问大模型，让机器人具备实时语音交互、多模态感知能力，更通过逻辑推理优化复杂场景决策。通义千问大模型赋予了荆楚人形机器人强大的语言理解与生成能力，使其能够与人类进行更加自然、流畅的对话，无论是进行日常交流，还是解答专业问题，都能对答如流。请问是否属实？ ST逸飞（688646.SH）12月12日在投资者互动平台表示，湖北荆楚人形机器人有限公司为公司的参股公司，关于其产品及技术信息请关注荆楚人形机器人的官方微信公众号以及其他外部公开信息。 （记者 曾健辉） 免责声明：本文内容与数据仅供参考，不构成投资建议，使用前核实。据此操作，风险自担。 每日经济新闻,0,每日经济新闻,4642157440,2025-12-12 12:30:39,0,0,0,24430,0,雪球,https://xueqiu.com/4642157440/365820365,2026-07-08 16:20:58
366873261,SH688646,ST逸飞,ST逸飞：与松山湖材料实验室联合开发新型结构化极片与激光微加工技术，已开发相应设备处于推广验证阶段,每经AI快讯，有投资者在投资者互动平台提问：2024年10月，松山湖材料实验室与公司签署协议，双方将在固态电池电极工艺和装备领域协力合作。松山湖材料实验室副主任黄学杰等参加了仪式。近日，黄学杰团队开发出一种阴离子调控技术，解决了全固态金属锂电池中电解质和锂电极之间难以紧密接触的难题。请问：公司与松山湖材料实验室在固态电池领域合作进展情况？近日黄学杰团队的研发成果对公司全固态电池业务是否有积极作用？目前公司在固态电池领域的技术、产品、订单情况？ ST逸飞（688646.SH）12月19日在投资者互动平台表示，公司与松山湖材料实验室联合开发新型结构化极片与激光微加工技术，进一步探索锂电池新材料新工艺的产业化应用路径，目前进展顺利，已开发相应设备处于推广和验证阶段。公司在固态电池激光应用与制造装备方面均有技术储备，公司电芯装配设备、模组PACK设备以及整厂智慧物流系统等核心设备与相关技术可应用于半/全固态电池制造领域，并开发了激光刻槽设备、固态电池极片激光表面处理设备等新产品，可用于固态电池极片制片环节。敬请注意投资风险。 （记者 王晓波） 免责声明：本文内容与数据仅供参考，不构成投资建议，使用前核实。据此操作，风险自担。 每日经济新闻,0,每日经济新闻,4642157440,2025-12-19 13:01:18,0,0,0,21466,0,雪球,https://xueqiu.com/4642157440/366873261,2026-07-08 16:20:58
367871441,SH688646,ST逸飞,,ST逸飞：逸飞激光关于控股子公司注册地址变更的公告 网页链接,0,ST逸飞(SH688646),0,2025-12-26 08:33:09,0,0,0,16706,0,公告,https://xueqiu.com/S/SH688646/367871441,2026-07-08 16:20:58
367974421,SH688646,ST逸飞,,$ST逸飞(SH688646)$ 逸飞估计也快了,0,我看行哦,7400452661,2025-12-27 13:43:00,2,0,0,18706,0,iPhone,https://xueqiu.com/7400452661/367974421,2026-07-08 16:20:58
368167876,SH688646,ST逸飞,,ST逸飞：逸飞激光关于公司股票被实施其他风险警示的进展公告 网页链接,0,ST逸飞(SH688646),0,2025-12-29 08:59:00,0,0,0,15250,0,公告,https://xueqiu.com/S/SH688646/368167876,2026-07-08 16:20:58
368629564,SH688646,ST逸飞,,$ST逸飞(SH688646)$ 订单额新高,0,拙工巧匠,1578684695,2025-12-31 13:11:16,0,2,0,20845,0,iPhone,https://xueqiu.com/1578684695/368629564,2026-07-08 16:20:56
369102606,SH688646,ST逸飞,,ST逸飞：逸飞激光关于第二期以集中竞价交易方式回购公司股份的进展公告 网页链接,0,ST逸飞(SH688646),0,2026-01-05 10:59:00,0,0,0,14643,0,公告,https://xueqiu.com/S/SH688646/369102606,2026-07-08 16:20:56
369102607,SH688646,ST逸飞,,ST逸飞：逸飞激光关于股东减持股份计划的公告 网页链接,0,ST逸飞(SH688646),0,2026-01-05 10:59:00,0,0,0,16229,0,公告,https://xueqiu.com/S/SH688646/369102607,2026-07-08 16:20:56
369108211,SH688646,ST逸飞,ST逸飞：股东怡珀新能源拟减持不超1.53%公司股份,每经AI快讯，ST逸飞(688646)1月5日公告，持股1.53%的股东广州怡珀新能源产业投资管理有限责任公司－广州怡珀新能源产业股权投资合伙企业（有限合伙）（以下简称“怡珀新能源”）拟通过集中竞价、大宗交易减持其所持有的公司股份合计不超过145.84万股（不超过公司总股本的1.53%）。 每日经济新闻,0,每日经济新闻,4642157440,2026-01-05 11:41:13,0,0,0,20240,0,雪球,https://xueqiu.com/4642157440/369108211,2026-07-08 16:20:56
369125098,SH688646,ST逸飞,,"26.1.5日晚间st板块公告集锦：1.ST新亚，申请撤销其他风险警示。2.ST逸飞，第二期以集中竞价交易方式回购公司股份的进展，无进展。股东怡珀新能源出具的《关于股东减持计划的告知函》，怡珀新能源因自身资金需求，拟通过集中竞价、大宗交易减持其所持有的公司股份合计不超过1,458,422股（不超过公司总股本的1.53%），通过集中竞价方式减持的，减持期间为本次减持计划公告披露之日起15个交易日后的3个月内进行。3.ST葫芦娃，获得盐酸左沙丁胺醇雾化吸入溶液药品注册证书。4.ST人福，HW221043片获得药物临床试验批准通知书。5.ST联创，回购公司股份的进展，无进展",0,花燕萍,9071569852,2026-01-05 13:50:10,0,4,0,35241,0,雪球,https://xueqiu.com/9071569852/369125098,2026-07-08 16:20:56
369275111,SH688646,ST逸飞,,$ST逸飞(SH688646)$ 啥时候立案调查，到现在了，内控和资金占用还没有解释出来。,0,鸡你太帅哈,2700056052,2026-01-06 07:26:21,1,0,0,16068,0,雪球,https://xueqiu.com/2700056052/369275111,2026-07-08 16:20:56
369976912,SH688646,ST逸飞,ST逸飞：公司直接持有荆楚人形机器人公司4.6591%股份，合营公司武逸科技持有27.7216%股份,每经AI快讯，有投资者在投资者互动平台提问：荆楚人形机器人公司再次融资，与长江成长资本投资有限公司完成投资协议签署，请问贵公司是否有跟投计划？ ST逸飞（688646.SH）1月9日在投资者互动平台表示，公司已于2025年6月完成了一轮对荆楚人形机器人公司的增资，目前公司直接持有其4.6591%股份，合营公司武逸科技持有其27.7216%的股份。敬请注意投资风险。 （记者 王晓波） 免责声明：本文内容与数据仅供参考，不构成投资建议，使用前核实。据此操作，风险自担。 每日经济新闻,0,每日经济新闻,4642157440,2026-01-09 09:30:51,0,0,0,12639,0,雪球,https://xueqiu.com/4642157440/369976912,2026-07-08 16:20:56
369976930,SH688646,ST逸飞,ST逸飞：荆楚人形机器人目前处于小批量生产阶段,每经AI快讯，有投资者在投资者互动平台提问：据悉荆楚人形机器人在武昌区数创大厦已构建完善的产业生态体系，还配备1000平方米装配测试场地与1000平方米标准化工厂，工厂内两条组装线实现高效量产，请问荆楚人形机器人是否已经进入到大规模量产阶段？ ST逸飞（688646.SH）1月9日在投资者互动平台表示，荆楚人形机器人目前处于小批量生产阶段，具体其经营情况请关注其外部公开信息以及官方微信公众号。敬请注意投资风险。 （记者 王晓波） 免责声明：本文内容与数据仅供参考，不构成投资建议，使用前核实。据此操作，风险自担。 每日经济新闻,0,每日经济新闻,4642157440,2026-01-09 09:30:57,0,1,0,15445,0,雪球,https://xueqiu.com/4642157440/369976930,2026-07-08 16:20:56
369993482,SH688646,ST逸飞,ST逸飞：目前公司产能利用率处于高水平状态,每经AI快讯，有投资者在投资者互动平台提问：请问公司目前的产能利用率是多少？ ST逸飞（688646.SH）1月9日在投资者互动平台表示，目前公司产能利用率处于高水平状态，公司募投项目正在建设中，同时将根据订单和市场需求情况进一步扩建产能或者外租厂房。 （记者 张海妮） 免责声明：本文内容与数据仅供参考，不构成投资建议，使用前核实。据此操作，风险自担。 每日经济新闻,0,每日经济新闻,4642157440,2026-01-09 11:20:35,0,1,0,19223,0,雪球,https://xueqiu.com/4642157440/369993482,2026-07-08 16:20:56
370578171,SH688646,ST逸飞,,$ST逸飞(SH688646)$ 此标，可以潜伏！目标60上方！,0,股海老班长,8629853875,2026-01-13 05:59:25,6,0,0,15104,0,雪球,https://xueqiu.com/8629853875/370578171,2026-07-08 16:20:56
370982181,SH688646,ST逸飞,,$ST逸飞(SH688646)$ 毛菇➕盲猜25年毛利润2.99亿—-4.42亿。净利润取决于公司业务结构,0,拙工巧匠,1578684695,2026-01-14 16:46:55,6,2,0,20588,0,iPhone,https://xueqiu.com/1578684695/370982181,2026-07-08 16:20:56
371602486,SH688646,ST逸飞,,ST逸飞：逸飞激光关于公司签订日常经营重要合同的自愿披露公告 网页链接,0,ST逸飞(SH688646),0,2026-01-18 07:33:04,0,1,0,11894,0,公告,https://xueqiu.com/S/SH688646/371602486,2026-07-08 16:20:56
371605376,SH688646,ST逸飞,ST逸飞最新公告：与国内某锂电头部企业签订1.58亿元合同,ST逸飞(688646.SH)公告称，公司近日与国内某锂电头部企业签订了《设备采购安装合同》，合同标的为锂电设备装配线，合同金额为1.58亿元（含税），占公司2024年度营业收入的22.83%。以上内容为证券之星据公开信息整理，由AI算法生成（网信算备310104345710301240019号），不构成投资建议。,0,证券之星财经,5187193467,2026-01-18 08:10:15,0,0,0,12869,0,雪球,https://xueqiu.com/5187193467/371605376,2026-07-08 16:20:56
371606144,SH688646,ST逸飞,ST逸飞：与国内某锂电头部企业签订1.58亿元合同,每经AI快讯，1月18日，ST逸飞(688646.SH)公告称，公司近日与国内某锂电头部企业签订了《设备采购安装合同》，合同标的为锂电设备装配线，合同金额为1.58亿元（含税），占公司2024年度营业收入的22.83%。 每日经济新闻,0,每日经济新闻,4642157440,2026-01-18 08:20:11,0,0,0,12927,0,雪球,https://xueqiu.com/4642157440/371606144,2026-07-08 16:20:56
371638644,SH688646,ST逸飞,ST逸飞与国内某锂电头部企业签订1.58亿元订单,"来源：上海证券报·中国证券网上证报中国证券网讯(记者丁鹏)1月18日，ST逸飞公告称，公司近日与国内某锂电头部企业签订了《设备采购安装合同》，总金额为1.58亿元(含税)，合同标的为锂电设备装配线。ST逸飞表示，本次签订合同金额占公司2024年度经审计营业收入的22.83%，若合同顺利履行预计将对公司未来年度经营业绩产生积极影响，公司将根据合同的相关规定以及公司收入确认原则在相应的会计期间确认收入(最终以经会计师事务所审计的数据为准)。本次交易合同不会对公司业务的独立性构成影响，不会因履行本合同而对合同对方形成依赖。ST逸飞提醒，本合同履行过程中存在因外部宏观环境发生重大变化、国家有关政策变化、客户需求变化以及其他不可预见或不可抗力等因素影响最终执行和盈利的情况。合同设备到货后需要经过安装、调试、性能评估、试运行、设备验收等多个环节，收入确认时点需依据合同履约进度、客户验收结果、控制权转移时点等多项因素进行判断，相关收入确认时点存在不确定性。ST逸飞是一家专业从事精密激光加工智能装备研发、设计、生产和销售的企业，主要产品包括锂电池电芯自动装配线、模组/PACK自动装配线等自动化产线及各类精密激光加工智能化专机,广泛应用于新能源动力、储能、消费电池的电芯等领域。上证报记者了解到，ST逸飞前瞻布局圆柱全极耳电池装备领域，在业内率先突破圆柱全极耳电池制造工艺与装备技术难题，推出了圆柱全极耳电芯装配段全工序设备和圆柱全极耳电芯自动装配线等系列装备，入选国家级制造业单项冠军产品，整体技术水平、市场份额处于行业领先地位。",0,新浪财经,3338215700,2026-01-18 14:40:10,0,1,0,15323,0,雪球,https://xueqiu.com/3338215700/371638644,2026-07-08 16:20:56
371824122,SH688646,ST逸飞,,$ST逸飞(SH688646)$ 还可持续，年报快报出来后，可以大胆加仓，中长期目标60上方！,0,股海老班长,8629853875,2026-01-19 12:53:21,14,1,0,12424,0,雪球,https://xueqiu.com/8629853875/371824122,2026-07-08 16:20:56
372418292,SH688646,ST逸飞,,$ST逸飞(SH688646)$ 单边拉升大牛股,0,鸡你太帅哈,2700056052,2026-01-22 05:44:13,1,0,0,7527,0,雪球,https://xueqiu.com/2700056052/372418292,2026-07-08 16:20:56
372582222,SH688646,ST逸飞,,$ST逸飞(SH688646)$ 如果你有足够信心！60不是梦！,0,股海老班长,8629853875,2026-01-23 02:10:39,0,0,0,6329,0,雪球,https://xueqiu.com/8629853875/372582222,2026-07-08 16:20:56
372996443,SH688646,ST逸飞,,$ST逸飞(SH688646)$ 怎么就不跌呢，不跌也没法买呀！,0,股海老班长,8629853875,2026-01-26 03:09:16,0,0,0,5132,0,雪球,https://xueqiu.com/8629853875/372996443,2026-07-08 16:20:54
372999979,SH688646,ST逸飞,,$ST逸飞(SH688646)$ 可以有想象空间，ST这顶帽子压的够久了，一旦放量，未来空间还是巨大的！要有信心！,0,股海老班长,8629853875,2026-01-26 03:19:23,0,0,0,5926,0,雪球,https://xueqiu.com/8629853875/372999979,2026-07-08 16:20:54
373013451,SH688646,ST逸飞,,$ST逸飞(SH688646)$ 小量加仓，只要主力给机会，慢慢加！目标60上方,0,股海老班长,8629853875,2026-01-26 04:16:38,0,0,0,6074,0,雪球,https://xueqiu.com/8629853875/373013451,2026-07-08 16:20:54
373099627,SH688646,ST逸飞,,ST逸飞：逸飞激光2025年年度业绩预告 网页链接,0,ST逸飞(SH688646),0,2026-01-26 10:56:00,0,0,0,8323,0,公告,https://xueqiu.com/S/SH688646/373099627,2026-07-08 16:20:54
373102616,SH688646,ST逸飞,,$ST逸飞(SH688646)$ 业绩洗澡完毕，2026年迎来业绩爆发年，啥也不用看，跟着大股东走！逸飞是st板块，大股东增持回购力度最大的，没有之一！！,0,NK青苹果,3828028481,2026-01-26 11:15:42,7,9,0,34500,4,Android,https://xueqiu.com/3828028481/373102616,2026-07-08 16:20:54
373103320,SH688646,ST逸飞,ST逸飞：预计2025年年度净利润亏损4800万元到6000万元,每经AI快讯，ST逸飞1月26日晚间发布业绩预告，预计公司2025年年度实现归属于母公司所有者的净利润与上年同期相比，将出现亏损，预计实现归属于母公司所有者的净利润亏损4800万元到6000万元。业绩变动主要原因是，受行业下行周期内市场竞争加剧、部分产品价格下降等因素影响，公司锂电设备的毛利率有所下滑。同时，公司基于谨慎性原则对各项资产进行了全面减值测试，经审慎评估，按照企业会计准则对应收款项计提信用减值损失、对存货计提存货跌价准备，本报告期减值准备计提金额预计较大幅度增加，导致本期净利润同比减少。 每经头条（nbdtoutiao）——国际金价冲破5000美元！7年涨了280%，什么时候才见顶？专家：关键还看美元，重点关注国际货币体系、降息和科技革命 （记者 曾健辉） 免责声明：本文内容与数据仅供参考，不构成投资建议，使用前请核实。据此操作，风险自担。 每日经济新闻,0,每日经济新闻,4642157440,2026-01-26 11:20:33,0,0,0,10931,0,雪球,https://xueqiu.com/4642157440/373103320,2026-07-08 16:20:54
373105886,SH688646,ST逸飞,,$ST逸飞(SH688646)$ ST板块只有退市风险强制要求1月底前披露业绩预告，逸飞选择自觉公告，但又只讲了亏损的坏故事，全然不顾一次次订单披露所导致的收入大增，秘密就藏在回购公告里——2/23第二期回购即将到期，吓出一些恐惧的低价筹码出来，完成公司大力回购的想法。,0,ST深度求索,7213079015,2026-01-26 11:37:39,0,0,0,17045,0,雪球,https://xueqiu.com/7213079015/373105886,2026-07-08 16:20:54
373112044,SH688646,ST逸飞,,$ST逸飞(SH688646)$ 先算核心账（全年净利-4800~-6000万，计提8700~9900万）抛除计提，全年核心经营利润≈4000~5100万，是盈利的！亏损纯因大额计提（坏账+存货跌价），非主业完全不行。要不要我帮你算精准区间，标上乐观/保守档？,0,大牛市经历者,1146138935,2026-01-26 12:18:40,0,2,0,18369,0,iPhone,https://xueqiu.com/1146138935/373112044,2026-07-08 16:20:54
373150304,SH688646,ST逸飞,2026.01.27st股业绩预告，今天有12个,"1.$ST逸飞(SH688646)$ 首亏，预计2025年1-12月归属于上市公司股东的净利润亏损:4,800万元至6,000万元。扣除非经常性损益后的净利润亏损:7,500万元至9,000万元。2.$*ST双成(SZ002693)$ 营收预增，预计2025年1-12月营业收入:25,000万元至29,000万元，扣非营业收入:24,500万元至28,500万元。净利润扭亏，预计2025年1-12月归属于上市公司股东的净利润盈利:1,600万元至2,300万元,同比上年增长:120.43%至129.37%。扣非盈利:1,600万元至2,300万元，如果审计意见没问题的话，可以摘帽。3.$*ST中基(SZ000972)$ 营收预增，预计2025年1-12月营业收入:45,000万元至55,000万元。扣非营业收入:45,000万元至55,000万元。净利润减亏，预计2025年1-12月归属于上市公司股东的净利润亏损:3,500万元至5,500万元。扣非净利润亏损:31,000万元至36,000万元。净资产为正，2200万~3300万元，公司业绩预告与会计师事务所不存在重大分歧。营收达标，净资产正，年报要是标准无保留意见是符合摘帽的。4.st八菱，预增，预计2025年1-12月归属于上市公司股东的净利润盈利:11,200万元至15,000万元,同比上年增长:60.04%至114.34%。扣非盈利:10,000万元至13,000万元。5.st步森，营收续盈，预计2025年1-12月营业收入:12,000万元至17,000万元。净利润扭亏，预计2025年1-12月归属于上市公司股东的净利润盈利:900万元至1,300万元，扣非盈利也是一样。6.st英飞拓，营收预减，预计2025年1-12月营业收入:42,000万元至54,000万元，扣非营收为：39,700万元至51,700万元。净利润减亏，预计亏损:24,000万元至31,000万元,同比上年增长:23.19%至40.53%。扣非净利润亏损：29,000万元至36,500万元。7.st东晶，营收预增，预计2025年1-12月营业收入:34,000万元至37,000万元，扣非营收为：33,000万元至36,000万元。净利润减亏，预计2025年1-12月归属于上市公司股东的净利润亏损:4,000万元至6,000万元，同比上年增长:18.32%至45.54%。营收超过3亿达标，（含 2025 年度新增的电池级碳酸锂业务收入，相关金额约 1.02亿元。扣除后营业收入的金额就没到3亿了，存在退市风险）8.st威尔，营收预增，预计2025年1-12月营业收入:79,000万元至83,000万元。扣非营收=为：28,000万元至32,000万元。净利润扭亏，预计2025年1-12月归属于上市公司股东的净利润盈利:19,000万元至22,000万元，扣非盈利：800万元至1,200万元。9.st德豪，净利润扭亏，预计2025年1-12月归属于上市公司股东的净利润盈利:2,200万元至3,300万元。扣非亏损：13,300万元至14,200万元。10.st立航，营收略增，预计2025年1-12月营业收入:32,000万元至35,000万元，扣非营收也是一样。净利润增亏，预计2025年1-12月归属于上市公司股东的净利润亏损:15,000万元至19,000万元。扣非净利润亏损：15,200万元至19,200万元。营收达标，要是审计意见没问题有几率摘帽。11.st景谷，营收预减，预计2025年1-12月营业收入:17,500万元至20,500万元。扣非营收：14,500万元至16,500万元。净利润增亏，预计2025年1-12月归属于上市公司股东的净利润亏损:21,500万元至26,500万元。扣非净利润亏损：11,000万元至15,000万元。营收没达标，净利润也是亏损，年报后加星。12.st和科，营收预增，预计2025年1-12月营业收入:26,000万元至33,400万元。扣非营收为24,000万元至32,800万元。净利润扭亏，预计盈利:1,550万元至2,100万元。扣非盈利：800万元至1,200万元。以上数据仅供参考。",0,st股民老吴,4230438747,2026-01-26 18:59:44,2,8,0,110374,8,雪球,https://xueqiu.com/4230438747/373150304,2026-07-08 16:20:54
373165510,SH688646,ST逸飞,,"$ST逸飞(SH688646)$ 预告落地,今天给机会不？昨天加了些，希望来根中阴，不知有没有？暂时还不希望赚你钱，只想布局完成就好！",0,股海老班长,8629853875,2026-01-27 00:51:43,0,1,0,9565,0,雪球,https://xueqiu.com/8629853875/373165510,2026-07-08 16:20:54
373316652,SH688646,ST逸飞,,业绩一直亏损，也是问题。$ST逸飞(SH688646)$,0,小树668668,1577511760,2026-01-27 10:35:18,2,0,0,19594,0,iPhone,https://xueqiu.com/1577511760/373316652,2026-07-08 16:20:54
373385421,SH688646,ST逸飞,,$ST逸飞(SH688646)$ 目前逸飞跌是机会，好好把握，2026，对逸飞来讲，利润远大于风险，值得拥有！,0,股海老班长,8629853875,2026-01-28 00:33:40,0,0,0,9525,0,雪球,https://xueqiu.com/8629853875/373385421,2026-07-08 16:20:54
373405505,SH688646,ST逸飞,,$ST逸飞(SH688646)$ 公告一下，本人阶段性锁仓了！60见！,0,股海老班长,8629853875,2026-01-28 01:48:42,0,0,0,9776,0,雪球,https://xueqiu.com/8629853875/373405505,2026-07-08 16:20:54
373445969,SH688646,ST逸飞,,$ST逸飞(SH688646)$ 开始啦，希望今天能放量才好！直接上台阶！,0,股海老班长,8629853875,2026-01-28 03:16:38,4,1,0,12741,0,雪球,https://xueqiu.com/8629853875/373445969,2026-07-08 16:20:54
373472910,SH688646,ST逸飞,,$ST逸飞(SH688646)$ 目前才40，离60，还有很大空间呢，不急，不急！,0,股海老班长,8629853875,2026-01-28 05:04:12,0,1,0,13835,0,雪球,https://xueqiu.com/8629853875/373472910,2026-07-08 16:20:54
373473039,SH688646,ST逸飞,,$ST逸飞(SH688646)$ 想捡更便宜的筹码，结果丢了筹码,0,小镇西风,1485911741,2026-01-28 05:04:41,1,0,0,17345,0,iPhone,https://xueqiu.com/1485911741/373473039,2026-07-08 16:20:54
373474316,SH688646,ST逸飞,,$ST逸飞(SH688646)$ 一定要放量，加油，干到15个点，未来就在40上方玩！,0,股海老班长,8629853875,2026-01-28 05:09:14,1,0,0,22163,0,雪球,https://xueqiu.com/8629853875/373474316,2026-07-08 16:20:54
373486876,SH688646,ST逸飞,,$ST逸飞(SH688646)$ 刚才那一下，估计要洗掉些！,0,股海老班长,8629853875,2026-01-28 05:48:12,2,0,0,23705,0,雪球,https://xueqiu.com/8629853875/373486876,2026-07-08 16:20:54
373489434,SH688646,ST逸飞,,$ST逸飞(SH688646)$ 假如公告145万股减持结束，那又会上个台阶！假如。。。,0,股海老班长,8629853875,2026-01-28 05:55:58,0,0,0,23937,0,雪球,https://xueqiu.com/8629853875/373489434,2026-07-08 16:20:54
373501263,SH688646,ST逸飞,,$ST逸飞(SH688646)$ 虽然没买但还是想说一句孙总nb@NK青苹果,0,不想减肥,1979555715,2026-01-28 06:31:14,0,2,0,23130,0,iPhone,https://xueqiu.com/1979555715/373501263,2026-07-08 16:20:54
373763273,SH688646,ST逸飞,,$ST逸飞(SH688646)$ 尽管折腾，未来可期！耐心！,0,股海老班长,8629853875,2026-01-29 06:34:11,2,0,0,22957,0,雪球,https://xueqiu.com/8629853875/373763273,2026-07-08 16:20:52
373817889,SH688646,ST逸飞,,ST逸飞：逸飞激光关于公司股票被实施其他风险警示的进展公告 网页链接,0,ST逸飞(SH688646),0,2026-01-29 09:49:02,0,0,0,20729,0,公告,https://xueqiu.com/S/SH688646/373817889,2026-07-08 16:20:52
373873366,SH688646,ST逸飞,,$ST逸飞(SH688646)$ 1. 技术与客户壁垒：在46系圆柱全极耳电池装备领域实现批量出货，客户覆盖宁德时代、亿纬锂能等头部企业，技术实力行业认可。2. 新业务布局：布局钠电池、固态电池设备，中标中科海钠项目，与金羽新能战略合作；同时拓展钙钛矿光伏、半导体封测等新兴赛道，为中长期增长储备动能。3. 政策与产业红利：新能源汽车、储能产业长期增长逻辑不变，高端装备“单项冠军”政策加持，若行业回暖，公司有望受益。,0,大宋三司使,9478642198,2026-01-29 15:03:34,0,2,0,40548,1,iPhone,https://xueqiu.com/9478642198/373873366,2026-07-08 16:20:52
374005997,SH688646,ST逸飞,,$ST逸飞(SH688646)$ 应该在40上方玩才对，今天的阳钱有点小，量能还没上来，还需要时间啊！,0,股海老班长,8629853875,2026-01-30 05:50:16,0,1,0,22394,0,雪球,https://xueqiu.com/8629853875/374005997,2026-07-08 16:20:52
374440357,SH688646,ST逸飞,,ST逸飞：逸飞激光关于第二期以集中竞价交易方式回购公司股份的进展公告 网页链接,0,ST逸飞(SH688646),0,2026-02-02 08:19:01,0,1,0,18391,0,公告,https://xueqiu.com/S/SH688646/374440357,2026-07-08 16:20:52
375406317,SH688646,ST逸飞,,$ST逸飞(SH688646)$ 2026年将是逸飞的暴发年，未来可期！,0,股海老班长,8629853875,2026-02-08 12:11:37,3,1,0,14588,0,雪球,https://xueqiu.com/8629853875/375406317,2026-07-08 16:20:52
375620333,SH688646,ST逸飞,,$ST逸飞(SH688646)$ 耐心吧，散户不多了，典型的庄股，等暴发！,0,股海老班长,8629853875,2026-02-10 02:50:08,0,0,0,16842,0,雪球,https://xueqiu.com/8629853875/375620333,2026-07-08 16:20:52
375770589,SH688646,ST逸飞,,$ST逸飞(SH688646)$ 机会来了，第一步先突破50再说！,0,股海老班长,8629853875,2026-02-11 02:11:18,0,0,0,20849,0,雪球,https://xueqiu.com/8629853875/375770589,2026-07-08 16:20:52
375808823,SH688646,ST逸飞,,$ST逸飞(SH688646)$ 站上40，且需站稳，这样对主力相当有利！未来建仓成本会越来越高！机会就在眼前！,0,股海老班长,8629853875,2026-02-11 05:17:54,0,0,0,22648,0,雪球,https://xueqiu.com/8629853875/375808823,2026-07-08 16:20:52
375917759,SH688646,ST逸飞,,$ST逸飞(SH688646)$ 能不能在45左右搭个平台玩一下？,0,股海老班长,8629853875,2026-02-12 01:20:15,0,0,0,22827,0,雪球,https://xueqiu.com/8629853875/375917759,2026-07-08 16:20:52
375937170,SH688646,ST逸飞,,$ST逸飞(SH688646)$ 格局打开，不急，慢慢来！60只是小目标！,0,股海老班长,8629853875,2026-02-12 02:16:54,1,0,0,23938,0,雪球,https://xueqiu.com/8629853875/375937170,2026-07-08 16:20:52
375971395,SH688646,ST逸飞,,$ST逸飞(SH688646)$ 不急，慢慢来，新高是必然的！,0,股海老班长,8629853875,2026-02-12 04:50:20,1,0,0,25087,0,雪球,https://xueqiu.com/8629853875/375971395,2026-07-08 16:20:52
376024669,SH688646,ST逸飞,ST逸飞：公司钙钛矿太阳能电池智能装备业务处于初步发展阶段,每经AI快讯，ST逸飞（688646.SH）2月12日在投资者互动平台表示，公司钙钛矿太阳能电池智能装备业务处于初步发展阶段，在公司整体业务中占比较小。关于其具体进展请关注定期报告、官网以及官方微信公众号。 （记者 张明双） 免责声明：本文内容与数据仅供参考，不构成投资建议，使用前核实。据此操作，风险自担。 每日经济新闻,0,每日经济新闻,4642157440,2026-02-12 09:40:22,0,1,0,25063,0,雪球,https://xueqiu.com/4642157440/376024669,2026-07-08 16:20:52
376107869,SH688646,ST逸飞,,向80-100亿合理估值迈进！$ST逸飞(SH688646)$,0,NK青苹果,3828028481,2026-02-13 02:13:32,1,12,0,50101,0,Android,https://xueqiu.com/3828028481/376107869,2026-07-08 16:20:52
376108129,SH688646,ST逸飞,,$ST逸飞(SH688646)$ 过45有点希望，但需要加把劲！,0,股海老班长,8629853875,2026-02-13 02:14:23,0,1,0,27496,0,雪球,https://xueqiu.com/8629853875/376108129,2026-07-08 16:20:52
376121800,SH688646,ST逸飞,,$ST逸飞(SH688646)$ 牛股特性已出，涨到多少是未知数了！想象空间巨大！,0,股海老班长,8629853875,2026-02-13 03:02:50,3,3,0,32250,0,雪球,https://xueqiu.com/8629853875/376121800,2026-07-08 16:20:52
376760122,SH688646,ST逸飞,,ST逸飞：逸飞激光关于第二期股份回购实施结果暨股份变动的公告 网页链接,0,ST逸飞(SH688646),0,2026-02-24 09:36:00,0,0,0,15226,0,公告,https://xueqiu.com/S/SH688646/376760122,2026-07-08 16:20:52
376886479,SH688646,ST逸飞,ST逸飞拟对前期回购的部分股份实施注销 多措并举夯实股东权益,本报讯 （记者李万晨曦）2月24日晚，武汉逸飞激光股份有限公司（以下简称“ST逸飞”）披露第二期股份回购实施结果暨股份变动公告。该公司拟对前期回购的部分股份实施注销，待注销完成后，公司总股本将相应减少，现有股东权益有望得到进一步夯实。根据公告，本次拟注销的股份来自ST逸飞于2025年2月启动的第二期集中竞价回购计划。截至公告日，该期回购累计回购股份229.08万股，占该公司总股本的2.41%，累计支付资金总额为7770.56万元。其中，本次注销的股份数量为100万股，占第二期回购股份总数的43.65%，占注销前该公司总股本的1.05%。ST逸飞方面表示，此次回购注销主要基于对公司未来发展前景的信心及内在价值的认可，旨在维护广大投资者利益，增强市场信心，并进一步完善本公司长效激励机制，促进公司健康可持续发展。值得关注的是，ST逸飞已连续两年实施股份回购计划，现已累计回购股份5440800股，累计回购金额达1.60亿元。除股份回购注销外，ST逸飞近年亦通过现金分红及管理层增持等方式持续回馈投资者。自2023年上市以来，该公司累计现金分红金额已超过4000万元，同时，公司高管团队在2024年至2025年期间多次通过集中竞价方式增持公司股份，合计增持金额达2657.96万元。在提升股东回报的同时，ST逸飞也从主业发展、公司治理和信息披露等维度推进“提质增效重回报”行动。该公司持续完善产品矩阵，拓展业务边界，并以参股、孵化、并购等方式，围绕光电产业、高端智能装备产业、新能源电池产业、泛半导体产业以及其他新兴产业等重点领域进行布局。在治理层面，ST逸飞进一步完善治理结构，提升规范运作水平，强化信息披露质量与透明度，增强与投资者的沟通效率。本次股份注销完成后，ST逸飞总股本将相应减少，每股收益有望得到提升。业内人士认为，在当前行业调整阶段，上市公司主动注销回购股份，有助于传递积极信号、稳定市场预期，并体现对自身价值的认可和对股东权益的重视。（编辑 李家琪）,0,证券日报,8353550788,2026-02-25 06:40:06,0,3,0,38445,0,雪球,https://xueqiu.com/8353550788/376886479,2026-07-08 16:20:52
377289423,SH688646,ST逸飞,,ST逸飞：逸飞激光2025年度业绩快报公告 网页链接,0,ST逸飞(SH688646),0,2026-02-27 10:53:01,0,1,0,13630,0,公告,https://xueqiu.com/S/SH688646/377289423,2026-07-08 16:20:52
377289424,SH688646,ST逸飞,,ST逸飞：逸飞激光关于公司股票被实施其他风险警示的进展公告 网页链接,0,ST逸飞(SH688646),0,2026-02-27 10:53:01,4,0,0,15702,0,公告,https://xueqiu.com/S/SH688646/377289424,2026-07-08 16:20:52
377314398,SH688646,ST逸飞,ST逸飞最新公告：2025年净利润亏损4985.11万元,"ST逸飞(688646.SH)公告称，ST逸飞发布2025年度业绩快报，营业总收入80,301.41万元，同比增长16.03%，但归属于母公司所有者的净利润为-4,985.11万元。以上内容为证券之星据公开信息整理，由AI算法生成（网信算备310104345710301240019号），不构成投资建议。",0,证券之星财经,5187193467,2026-02-27 14:20:05,0,0,0,20890,0,雪球,https://xueqiu.com/5187193467/377314398,2026-07-08 16:20:50
377534494,SH688646,ST逸飞,,$ST逸飞(SH688646)$ 第一目标，50应不在话下，60值得期待的。坚守，让利润腾飞！,0,股海老班长,8629853875,2026-03-02 03:01:43,0,1,0,13301,0,雪球,https://xueqiu.com/8629853875/377534494,2026-07-08 16:20:50
377641213,SH688646,ST逸飞,,$ST逸飞(SH688646)$ 尽快把50踩在脚下，在50上方做平台!,0,股海老班长,8629853875,2026-03-02 13:15:21,0,0,0,13792,0,雪球,https://xueqiu.com/8629853875/377641213,2026-07-08 16:20:50
377861194,SH688646,ST逸飞,,$ST逸飞(SH688646)$ 油价暴涨，大概率突破100美元，高盛预测将达到120以上。石油煤炭大涨，利好新能源产业链，利好电池制造,0,人间正道是沧桑000,6799326896,2026-03-03 16:04:57,0,0,0,18197,0,iPhone,https://xueqiu.com/6799326896/377861194,2026-07-08 16:20:50
378022858,SH688646,ST逸飞,,$ST逸飞(SH688646)$ 此处有平台，好票也要拿得住，短期亏损只是财务游戏而已，对于一家公司长期跟踪了解，包括股价波动等，均有一定的规律。只要不瞎折腾，未来利润还是相当可观的！逸飞是典型的百元股，简单点，耐心就好！,0,股海老班长,8629853875,2026-03-04 11:58:24,0,1,0,27419,0,雪球,https://xueqiu.com/8629853875/378022858,2026-07-08 16:20:50
378026529,SH688646,ST逸飞,,$ST逸飞(SH688646)$ 短则三个月，长则半年，上60再议！,0,股海老班长,8629853875,2026-03-04 12:32:43,0,1,0,16737,0,雪球,https://xueqiu.com/8629853875/378026529,2026-07-08 16:20:50
378272626,SH688646,ST逸飞,,$ST逸飞(SH688646)$ 自从我卖了后蹭蹭涨,0,小镇西风,1485911741,2026-03-06 02:05:54,0,1,0,19264,0,iPhone,https://xueqiu.com/1485911741/378272626,2026-07-08 16:20:50
378431538,SH688646,ST逸飞,,$ST逸飞(SH688646)$ 站在风口上的企业,0,拙工巧匠,1578684695,2026-03-07 03:54:24,0,3,0,19842,0,iPhone,https://xueqiu.com/1578684695/378431538,2026-07-08 16:20:50
378435226,SH688646,ST逸飞,,$ST逸飞(SH688646)$ 下周应突破50这个关口！,0,股海老班长,8629853875,2026-03-07 04:58:48,1,2,0,19184,0,雪球,https://xueqiu.com/8629853875/378435226,2026-07-08 16:20:50
378575541,SH688646,ST逸飞,,$ST逸飞(SH688646)$ 油价突破120，利好新能源产业链,0,人间正道是沧桑000,6799326896,2026-03-09 02:45:14,0,0,0,17705,0,iPhone,https://xueqiu.com/6799326896/378575541,2026-07-08 16:20:50
378600580,SH688646,ST逸飞,,$ST逸飞(SH688646)$ 今天这关口有难度，仅差一点啊！,0,股海老班长,8629853875,2026-03-09 04:46:44,0,0,0,16828,0,雪球,https://xueqiu.com/8629853875/378600580,2026-07-08 16:20:50
378731599,SH688646,ST逸飞,,$ST逸飞(SH688646)$ 阶段性小目标达成，希望站稳50做平台，再上！,0,股海老班长,8629853875,2026-03-10 01:51:42,2,1,0,17974,0,雪球,https://xueqiu.com/8629853875/378731599,2026-07-08 16:20:50
378808521,SH688646,ST逸飞,,逸飞是稳稳的幸福！50亿市值目标已到，摘帽后看80-100亿！$ST逸飞(SH688646)$,0,NK青苹果,3828028481,2026-03-10 08:07:20,1,12,0,48418,0,Android,https://xueqiu.com/3828028481/378808521,2026-07-08 16:20:50
379026604,SH688646,ST逸飞,,$ST逸飞(SH688646)$ 阶段性小顶，适当回调后，未来更上一层楼，过程如何操作，自行把握，当然未来60，必将踩在脚下！,0,股海老班长,8629853875,2026-03-11 14:07:05,1,0,0,20994,0,雪球,https://xueqiu.com/8629853875/379026604,2026-07-08 16:20:50
379033883,SH688646,ST逸飞,ST逸飞大宗交易成交10.00万股 成交额517.00万元,来源：证券时报网ST逸飞3月11日大宗交易平台出现一笔成交，成交量10.00万股，成交金额517.00万元，大宗交易成交价为51.70元，相对今日收盘价折价1.51%。该笔交易的买方营业部为机构专用，卖方营业部为国泰海通证券股份有限公司武汉中北路证券营业部。 进一步统计，近3个月内该股累计发生3笔大宗交易，合计成交金额为2484.20万元。 证券时报·数据宝统计显示，ST逸飞今日收盘价为52.49元，上涨2.20%，日换手率为3.09%，成交额为9435.09万元，全天主力资金净流入503.87万元，近5日该股累计上涨13.42%，近5日资金合计净流入2530.47万元。 两融数据显示，该股最新融资余额为1.00亿元，近5日减少1122.19万元，降幅为10.05%。（数据宝） 3月11日ST逸飞大宗交易一览成交量（万股）成交金额（万元）成交价格（元）相对当日收盘折溢价（%）买方营业部卖方营业部10.00517.0051.70-1.51机构专用国泰海通证券股份有限公司武汉中北路证券营业部（文章来源：证券时报网）,0,新浪财经,3338215700,2026-03-11 15:10:55,0,0,0,27444,0,雪球,https://xueqiu.com/3338215700/379033883,2026-07-08 16:20:50
379175908,SH688646,ST逸飞,3月12日ST逸飞现1笔大宗交易 机构净买入522.1万元,证券之星消息，3月12日ST逸飞发生大宗交易，交易数据如下：大宗交易成交价格52.21元，相对当日收盘价折价1.49%，成交10万股，成交金额522.1万元，买方营业部为机构专用，卖方营业部为国泰海通证券股份有限公司武汉中北路证券营业部。近三个月该股共发生4笔大宗交易，合计成交6000.0手，折价成交4笔。该股近期无解禁股上市。截至2026年3月12日收盘，ST逸飞(688646)报收于53.0元，上涨0.97%，换手率2.47%，成交量1.44万手，成交额7469.25万元。该股最近90天内无机构评级。以上内容为证券之星据公开信息整理，由AI算法生成（网信算备310104345710301240019号），不构成投资建议。,0,证券之星财经,5187193467,2026-03-12 09:30:41,0,0,0,28178,0,雪球,https://xueqiu.com/5187193467/379175908,2026-07-08 16:20:50
379362093,SH688646,ST逸飞,ST逸飞：葛店三期项目与华中智造基地三期项目为同一项目，武汉总部基地预计今年12月前建成并投入使用,每经AI快讯，有投资者在投资者互动平台提问：请问公司武汉总部基地何时建成？投产后公司产能能否提升1倍？华中智造基地三期与公司曾提到的葛店三期是否为同一项目？公司目前订单情况如何？随着公司武汉总部基地建成投产，推进华中智造基地三期建设公司是否有足够的订单需求？ ST逸飞（688646.SH）3月13日在投资者互动平台表示，葛店三期项目与华中智造基地三期项目为同一项目，武汉总部基地预计在2026年12月前建成并投入使用，建成后，公司产能将进一步扩充，以满足公司订单以及市场需求。 （记者 王晓波） 免责声明：本文内容与数据仅供参考，不构成投资建议，使用前核实。据此操作，风险自担。 每日经济新闻,0,每日经济新闻,4642157440,2026-03-13 09:30:17,0,0,0,27843,0,雪球,https://xueqiu.com/4642157440/379362093,2026-07-08 16:20:50
379529708,SH688646,ST逸飞,,$ST逸飞(SH688646)$ 这在位置，需要横盘整理，公司基本面向好，26年将是逸飞暴发的元年，至于股价涨多高，看主力心情。调高目标位，观点60调至80上方！,0,股海老班长,8629853875,2026-03-16 00:54:45,1,0,0,22428,0,雪球,https://xueqiu.com/8629853875/379529708,2026-07-08 16:20:50
379659650,SH688646,ST逸飞,,ST逸飞：逸飞激光关于控股子公司签订日常经营重要合同的自愿披露公告 网页链接,0,ST逸飞(SH688646),0,2026-03-16 12:49:00,1,2,1,21289,0,公告,https://xueqiu.com/S/SH688646/379659650,2026-07-08 16:20:50
379659775,SH688646,ST逸飞,ST逸飞：控股子公司签订2.10亿元日常经营合同,"【ST逸飞：控股子公司签订2.10亿元日常经营合同】《科创板日报》16日讯，ST逸飞(688646.SH)公告称，公司控股子公司无锡新聚力科技有限公司与国内某锂电头部企业签订《购销合同》，合同金额为人民币21,018万元（含税），占公司2024年度经审计营业收入的30.37%。该合同为日常经营性合同，不涉及关联交易，无需公司董事会、股东会审议。合同标的为锂电智慧物流装备及系统2套，履行期限自合同生效之日起至合同义务履行完成之日止。合同履行过程中存在因外部环境变化、客户需求变化等因素影响最终执行和盈利的情况。",0,科创板日报,9252950692,2026-03-16 12:50:07,0,2,0,37461,0,雪球,https://xueqiu.com/9252950692/379659775,2026-07-08 16:20:50
379661413,SH688646,ST逸飞,,$ST逸飞(SH688646)$ 今年业绩大增，兼具固态电池和钙钛矿概念，近期虽然涨了很多，但热度仍然不高。,0,聚焦质变,8491286481,2026-03-16 13:02:22,0,1,0,27699,0,Android,https://xueqiu.com/8491286481/379661413,2026-07-08 16:20:48
379667236,SH688646,ST逸飞,,$ST逸飞(SH688646)$ 未来空间还有很大的想象力！,0,股海老班长,8629853875,2026-03-16 13:42:00,0,1,0,25794,0,雪球,https://xueqiu.com/8629853875/379667236,2026-07-08 16:20:48
380120027,SH688646,ST逸飞,,$ST逸飞(SH688646)$ 耐心等持续回调！,0,股海老班长,8629853875,2026-03-19 04:15:45,0,0,0,25985,0,雪球,https://xueqiu.com/8629853875/380120027,2026-07-08 16:20:48
380923832,SH688646,ST逸飞,,$ST逸飞(SH688646)$ 这把回调，给了一定二次上车机会，看何时突破前高！,0,股海老班长,8629853875,2026-03-24 10:23:24,2,0,0,23513,0,雪球,https://xueqiu.com/8629853875/380923832,2026-07-08 16:20:48
381506085,SH688646,ST逸飞,,ST逸飞：逸飞激光关于公司股票被实施其他风险警示的进展公告 网页链接,0,ST逸飞(SH688646),0,2026-03-27 10:23:03,0,0,0,19621,0,公告,https://xueqiu.com/S/SH688646/381506085,2026-07-08 16:20:48
381775202,SH688646,ST逸飞,,$ST逸飞(SH688646)$ 未来股价超过海目星是必然的！,0,股海老班长,8629853875,2026-03-30 06:48:04,6,0,0,22316,1,雪球,https://xueqiu.com/8629853875/381775202,2026-07-08 16:20:48
381899369,SH688646,ST逸飞,,$ST逸飞(SH688646)$ 业务聚焦+行业周期,0,拙工巧匠,1578684695,2026-03-31 00:14:56,0,0,0,20039,0,iPhone,https://xueqiu.com/1578684695/381899369,2026-07-08 16:20:48
382195333,SH688646,ST逸飞,,$ST逸飞(SH688646)$ 这盘面走的有意思，几乎成仙股了！根本没多少散户与主力在交易了,0,股海老班长,8629853875,2026-04-01 06:42:24,1,0,0,17733,0,雪球,https://xueqiu.com/8629853875/382195333,2026-07-08 16:20:48
382249726,SH688646,ST逸飞,,$ST逸飞(SH688646)$哈哈， 主力与散户都锁仓啦！这算是好事！,0,股海老班长,8629853875,2026-04-01 12:26:33,1,0,0,17594,0,雪球,https://xueqiu.com/8629853875/382249726,2026-07-08 16:20:48
382803617,SH688646,ST逸飞,,$ST逸飞(SH688646)$ ，今天终于放了点量,0,岩婷波,6757279498,2026-04-07 02:11:46,0,2,0,14550,0,Android,https://xueqiu.com/6757279498/382803617,2026-07-08 16:20:48
382991682,SH688646,ST逸飞,,$ST逸飞(SH688646)$ 今天掉队有点多，主力啊，应顺势不是更好吗？！,0,股海老班长,8629853875,2026-04-08 05:04:41,2,0,0,13168,0,雪球,https://xueqiu.com/8629853875/382991682,2026-07-08 16:20:48
383696423,SH688646,ST逸飞,,$ST逸飞(SH688646)$ 查的到的订单一季度1.58+2.1=3.68亿元，26年订单能不能突破15亿，净利润能不能有一个亿？这几天这种横盘总要变盘这段时间储能、锂电、动力电池都在发酵，80%的概率往上走吧,0,岩婷波,6757279498,2026-04-13 12:57:39,5,1,0,21420,0,Android,https://xueqiu.com/6757279498/383696423,2026-07-08 16:20:48
383825919,SH688646,ST逸飞,,$ST逸飞(SH688646)$ 高位开仓逸飞激光，光模块，看看摘帽后能不能吹上主板的风。,0,ST刘在石,4349645944,2026-04-14 07:44:12,1,1,0,8189,0,雪球,https://xueqiu.com/4349645944/383825919,2026-07-08 16:20:48
384372493,SH688646,ST逸飞,,$ST逸飞(SH688646)$ 冲高减了少量，主仓仍在，晚上看一下底牌，签了这么多大合同，一季报开的也早，应该不会差的。,0,聚焦质变,8491286481,2026-04-17 03:59:04,0,1,0,9610,0,Android,https://xueqiu.com/8491286481/384372493,2026-07-08 16:20:48
384468340,SH688646,ST逸飞,,ST逸飞：逸飞激光关于公司2025年度募集资金存放、管理与实际使用情况的专项报告 网页链接,0,ST逸飞(SH688646),0,2026-04-17 12:36:03,0,0,0,458,0,公告,https://xueqiu.com/S/SH688646/384468340,2026-07-08 16:20:48
384468343,SH688646,ST逸飞,,ST逸飞：关于武汉逸飞激光股份有限公司2025年度募集资金存放与使用情况专项报告的鉴证报告 网页链接,0,ST逸飞(SH688646),0,2026-04-17 12:36:04,0,0,0,1690,0,公告,https://xueqiu.com/S/SH688646/384468343,2026-07-08 16:20:48
384468344,SH688646,ST逸飞,,ST逸飞：逸飞激光关于2025年度利润分配方案的公告 网页链接,0,ST逸飞(SH688646),0,2026-04-17 12:36:04,0,0,0,514,0,公告,https://xueqiu.com/S/SH688646/384468344,2026-07-08 16:20:48
384468346,SH688646,ST逸飞,,ST逸飞：国联民生证券承销保荐有限公司关于武汉逸飞激光股份有限公司2025年度募集资金存放与实际使用情况的专项核查意见 网页链接,0,ST逸飞(SH688646),0,2026-04-17 12:36:04,0,0,0,2174,0,公告,https://xueqiu.com/S/SH688646/384468346,2026-07-08 16:20:48
384468347,SH688646,ST逸飞,,ST逸飞：逸飞激光关于2025年度计提资产减值准备的公告 网页链接,0,ST逸飞(SH688646),0,2026-04-17 12:36:04,0,0,0,539,0,公告,https://xueqiu.com/S/SH688646/384468347,2026-07-08 16:20:48
384468348,SH688646,ST逸飞,,ST逸飞：逸飞激光2026年第一季度报告 网页链接,0,ST逸飞(SH688646),0,2026-04-17 12:36:04,0,0,0,642,0,公告,https://xueqiu.com/S/SH688646/384468348,2026-07-08 16:20:48
384468349,SH688646,ST逸飞,,ST逸飞：逸飞激光2025年年度报告摘要 网页链接,0,ST逸飞(SH688646),0,2026-04-17 12:36:04,0,0,0,628,0,公告,https://xueqiu.com/S/SH688646/384468349,2026-07-08 16:20:46
384468350,SH688646,ST逸飞,,ST逸飞：逸飞激光2025年度“提质增效重回报”专项行动方案评估报告暨2026年度“提质增效重回报”专项行动方案 网页链接,0,ST逸飞(SH688646),0,2026-04-17 12:36:04,0,0,0,568,0,公告,https://xueqiu.com/S/SH688646/384468350,2026-07-08 16:20:46
384468351,SH688646,ST逸飞,,ST逸飞：薪酬管理制度 网页链接,0,ST逸飞(SH688646),0,2026-04-17 12:36:04,0,0,0,570,0,公告,https://xueqiu.com/S/SH688646/384468351,2026-07-08 16:20:46
384468352,SH688646,ST逸飞,,ST逸飞：2025年度独立董事述职报告（邵泽宁） 网页链接,0,ST逸飞(SH688646),0,2026-04-17 12:36:04,0,0,0,656,0,公告,https://xueqiu.com/S/SH688646/384468352,2026-07-08 16:20:46
384468353,SH688646,ST逸飞,,ST逸飞：关于武汉逸飞激光股份有限公司上年度导致非标准审计意见事项消除情况的专项说明 网页链接,0,ST逸飞(SH688646),0,2026-04-17 12:36:04,0,0,0,1819,0,公告,https://xueqiu.com/S/SH688646/384468353,2026-07-08 16:20:46
384468499,SH688646,ST逸飞,,ST逸飞：逸飞激光关于补充确认关联交易的公告 网页链接,0,ST逸飞(SH688646),0,2026-04-17 12:37:01,0,0,0,678,0,公告,https://xueqiu.com/S/SH688646/384468499,2026-07-08 16:20:46
384468500,SH688646,ST逸飞,,ST逸飞：逸飞激光关于前期会计差错更正及定期报告更正的公告 网页链接,0,ST逸飞(SH688646),0,2026-04-17 12:37:01,0,1,0,1897,0,公告,https://xueqiu.com/S/SH688646/384468500,2026-07-08 16:20:46
384468501,SH688646,ST逸飞,,ST逸飞：逸飞激光2025年第三季度报告（更正后） 网页链接,0,ST逸飞(SH688646),0,2026-04-17 12:37:01,0,0,0,763,0,公告,https://xueqiu.com/S/SH688646/384468501,2026-07-08 16:20:46
384468502,SH688646,ST逸飞,,ST逸飞：逸飞激光2025年第一季度报告（更正后） 网页链接,0,ST逸飞(SH688646),0,2026-04-17 12:37:01,0,0,0,788,0,公告,https://xueqiu.com/S/SH688646/384468502,2026-07-08 16:20:46
384468503,SH688646,ST逸飞,,ST逸飞：逸飞激光2024年年度报告（更正后） 网页链接,0,ST逸飞(SH688646),0,2026-04-17 12:37:01,0,0,0,791,0,公告,https://xueqiu.com/S/SH688646/384468503,2026-07-08 16:20:46
384468504,SH688646,ST逸飞,,ST逸飞：逸飞激光2025年度会计师事务所的履职情况评估报告及审计委员会履行监督职责情况报告 网页链接,0,ST逸飞(SH688646),0,2026-04-17 12:37:01,0,0,0,773,0,公告,https://xueqiu.com/S/SH688646/384468504,2026-07-08 16:20:46
384468505,SH688646,ST逸飞,,ST逸飞：逸飞激光董事会关于独立董事独立性情况的专项意见 网页链接,0,ST逸飞(SH688646),0,2026-04-17 12:37:01,0,0,0,743,0,公告,https://xueqiu.com/S/SH688646/384468505,2026-07-08 16:20:46
384468506,SH688646,ST逸飞,,ST逸飞：逸飞激光2025年度董事会审计委员会履职情况报告 网页链接,0,ST逸飞(SH688646),0,2026-04-17 12:37:01,0,0,0,769,0,公告,https://xueqiu.com/S/SH688646/384468506,2026-07-08 16:20:46
384468507,SH688646,ST逸飞,,ST逸飞：逸飞激光2025年度内部控制审计报告 网页链接,0,ST逸飞(SH688646),0,2026-04-17 12:37:01,0,0,0,749,0,公告,https://xueqiu.com/S/SH688646/384468507,2026-07-08 16:20:46
384468508,SH688646,ST逸飞,,ST逸飞：2025年度独立董事述职报告（杨克成） 网页链接,0,ST逸飞(SH688646),0,2026-04-17 12:37:02,0,0,0,846,0,公告,https://xueqiu.com/S/SH688646/384468508,2026-07-08 16:20:46
384468509,SH688646,ST逸飞,,ST逸飞：逸飞激光2025年度内部控制评价报告 网页链接,0,ST逸飞(SH688646),0,2026-04-17 12:37:02,0,0,0,1268,1,公告,https://xueqiu.com/S/SH688646/384468509,2026-07-08 16:20:46
384468510,SH688646,ST逸飞,,ST逸飞：2025年度独立董事述职报告（潘红波） 网页链接,0,ST逸飞(SH688646),0,2026-04-17 12:37:02,0,0,0,1021,0,公告,https://xueqiu.com/S/SH688646/384468510,2026-07-08 16:20:46
384468511,SH688646,ST逸飞,,ST逸飞：逸飞激光2025年度审计报告 网页链接,0,ST逸飞(SH688646),0,2026-04-17 12:37:02,0,0,0,1129,0,公告,https://xueqiu.com/S/SH688646/384468511,2026-07-08 16:20:46
384468512,SH688646,ST逸飞,,ST逸飞：逸飞激光2025年年度报告 网页链接,0,ST逸飞(SH688646),0,2026-04-17 12:37:02,0,0,0,1348,0,公告,https://xueqiu.com/S/SH688646/384468512,2026-07-08 16:20:46
384468513,SH688646,ST逸飞,,ST逸飞：逸飞激光关于申请撤销公司股票其他风险警示的公告 网页链接,0,ST逸飞(SH688646),0,2026-04-17 12:37:02,0,1,0,2935,0,公告,https://xueqiu.com/S/SH688646/384468513,2026-07-08 16:20:46
384468514,SH688646,ST逸飞,,ST逸飞：逸飞激光关于预计2026年度公司及子公司申请综合授信额度并提供担保的公告 网页链接,0,ST逸飞(SH688646),0,2026-04-17 12:37:02,0,0,0,2447,0,公告,https://xueqiu.com/S/SH688646/384468514,2026-07-08 16:20:44
384468515,SH688646,ST逸飞,,ST逸飞：国联民生证券承销保荐有限公司关于武汉逸飞激光股份有限公司及子公司申请综合授信额度及为子公司提供担保的核查意见 网页链接,0,ST逸飞(SH688646),0,2026-04-17 12:37:02,0,0,0,4144,0,公告,https://xueqiu.com/S/SH688646/384468515,2026-07-08 16:20:44
384468516,SH688646,ST逸飞,,ST逸飞：逸飞激光2025年非经营性资金占用及其他关联资金往来情况 网页链接,0,ST逸飞(SH688646),0,2026-04-17 12:37:02,0,0,0,2816,0,公告,https://xueqiu.com/S/SH688646/384468516,2026-07-08 16:20:44
384468517,SH688646,ST逸飞,,ST逸飞：逸飞激光关于2026年度董事、高级管理人员薪酬方案的公告 网页链接,0,ST逸飞(SH688646),0,2026-04-17 12:37:02,0,0,0,3470,0,公告,https://xueqiu.com/S/SH688646/384468517,2026-07-08 16:20:44
384468614,SH688646,ST逸飞,,ST逸飞：逸飞激光2025年半年度报告（更正后） 网页链接,0,ST逸飞(SH688646),0,2026-04-17 12:38:00,0,0,0,4256,0,公告,https://xueqiu.com/S/SH688646/384468614,2026-07-08 16:20:44
384468615,SH688646,ST逸飞,,ST逸飞：逸飞激光2024年第一季度报告（更正后） 网页链接,0,ST逸飞(SH688646),0,2026-04-17 12:38:00,1,0,0,5825,0,公告,https://xueqiu.com/S/SH688646/384468615,2026-07-08 16:20:44
384468616,SH688646,ST逸飞,,ST逸飞：逸飞激光2024年第三季度报告（更正后） 网页链接,0,ST逸飞(SH688646),0,2026-04-17 12:38:00,0,0,0,5259,0,公告,https://xueqiu.com/S/SH688646/384468616,2026-07-08 16:20:44
384468617,SH688646,ST逸飞,,ST逸飞：逸飞激光2024年半年度报告（更正后） 网页链接,0,ST逸飞(SH688646),0,2026-04-17 12:38:00,0,0,0,6926,0,公告,https://xueqiu.com/S/SH688646/384468617,2026-07-08 16:20:44
384468618,SH688646,ST逸飞,,ST逸飞：逸飞激光2023年年度报告（更正后） 网页链接,0,ST逸飞(SH688646),0,2026-04-17 12:38:00,0,0,0,7718,0,公告,https://xueqiu.com/S/SH688646/384468618,2026-07-08 16:20:44
384468619,SH688646,ST逸飞,,ST逸飞：逸飞激光关于召开2025年年度股东会的通知 网页链接,0,ST逸飞(SH688646),0,2026-04-17 12:38:01,0,0,0,9442,0,公告,https://xueqiu.com/S/SH688646/384468619,2026-07-08 16:20:44
384468620,SH688646,ST逸飞,,ST逸飞：逸飞激光2025年环境、社会和公司治理（ESG）报告摘要 网页链接,0,ST逸飞(SH688646),0,2026-04-17 12:38:01,0,0,0,9806,0,公告,https://xueqiu.com/S/SH688646/384468620,2026-07-08 16:20:44
384468621,SH688646,ST逸飞,,ST逸飞：逸飞激光关于续聘2026年度会计师事务所的公告 网页链接,0,ST逸飞(SH688646),0,2026-04-17 12:38:01,0,0,0,10062,0,公告,https://xueqiu.com/S/SH688646/384468621,2026-07-08 16:20:44
384468622,SH688646,ST逸飞,,ST逸飞：逸飞激光2025年环境、社会和公司治理（ESG）报告（中文版） 网页链接,0,ST逸飞(SH688646),0,2026-04-17 12:38:01,0,0,0,10837,0,公告,https://xueqiu.com/S/SH688646/384468622,2026-07-08 16:20:44
384468624,SH688646,ST逸飞,,ST逸飞：逸飞激光关于2026年第一季度计提资产减值准备的公告 网页链接,0,ST逸飞(SH688646),0,2026-04-17 12:38:01,0,0,0,12558,0,公告,https://xueqiu.com/S/SH688646/384468624,2026-07-08 16:20:44
384514239,SH688646,ST逸飞,,$ST逸飞(SH688646)$ 合同负债大增，现金流大增，摘帽，下周新高应该没问题吧。,0,安全边际321,5519339803,2026-04-17 23:56:40,0,2,0,15632,0,Android,https://xueqiu.com/5519339803/384514239,2026-07-08 16:20:44
384725328,SH688646,ST逸飞,ST逸飞披露2025年年报：营收同比增长16% 在手订单超21亿元创历史新高,本报讯 （记者李万晨曦）4月17日晚间，武汉逸飞激光股份有限公司（以下简称“ST逸飞”）披露2025年年度报告以及2026年一季报。尽管受锂电行业订单转化为收入的滞后性影响，净利润阶段性承压，但公司仍展现出较强经营韧性，核心经营指标持续向好：2025年营收8.03亿元，同比增长16.03%，合同负债5.45亿元，较期初提升75.43%；经营活动现金流持续改善，截至2026年一季度末，公司经营活动现金流净额为2.5亿元。作为国家级专精特新“小巨人”企业与国家制造业单项冠军企业，ST逸飞始终坚持创新质量双驱动发展策略，持续加大研发创新与市场拓展的前瞻性投入。2025年研发投入达1.11亿元，同比增长20.21%，占营业收入比例13.87%，新获授权知识产权共106项，持续构筑核心技术壁垒。依托深厚技术储备，公司产品竞争力与市场转化能力持续提升。报告期内，公司推出了智能化激光焊接系统、新一代密封钉高速装配站、新一代高速氦检机等新产品，并发布了CTP模组高速组装线、储能集装箱系统装配等解决方案。公司不断完善圆柱电池装配线的产品系列化，推出覆盖18mm至60mm全系列圆柱全极耳电池的组装线产品，目前各系列均实现批量交付，行业龙头地位进一步巩固。值得一提的是，ST逸飞海外市场拓展取得突破性进展，海外订单实现翻倍增长，报告期内相继拓展了英国、德国、日本、韩国、土耳其、巴西、印度等国家的优秀新客户，海外业务占比进一步提升，成为业绩增长的新引擎。且公司仍在通过系统化运营增强海外市场服务能力，目前，ST逸飞已在新加坡设立子公司，作为海外运营总部，并在中国香港、韩国设立孙公司，通过本地化合作模式，进一步完善海外服务体系建设。年报显示，截至2025年末，公司在手订单已达21.11亿元，较上年末同比增长59.12%，规模创历史新高。事实上，从2025年开始，公司国内外市场开拓成效显著，接连斩获多项大额订单，单笔合同金额持续攀升，不久前，公司控股子公司新聚力与国内锂电头部企业签订锂电智慧物流装备及系统销售合同，订单金额高达2.1亿元。在市场稳步拓展的同时，公司前瞻布局新兴领域，打造新的业绩增长引擎。在固态电池领域，公司与金羽新能深化合作，联合开发的“无际”全固态锂金属圆柱电池已实现国际头部客户交付；在钙钛矿光伏电池领域，推出全系列高端激光装备，第三代光伏钙钛矿电池智能装备实现高效率、高质量、高稳定性加工，设备稼动率超98%，同时与多家头部企业建立合作，助力客户加速钙钛矿太阳能电池的商业化、量产化进程。此外，在钠电领域，公司圆柱钠电设备实现多家客户交付，并与众钠能源签订战略合作协议，双方将聚焦钠电制造工艺与装备创新，携手推动钠电迈入“规模化制造”新阶段，赋能钠电产业化发展。立足2025年的稳健经营底色，ST逸飞经营质地持续优化，市场竞争力不断增强。随着海外市场以及新兴业务的不断拓展，公司展现出更为广阔的发展前景，有望抓住更多发展机遇，实现从技术引领到市场主导的全面升级，为未来业绩可持续增长奠定坚实基础。（编辑 张明富）,0,证券日报,8353550788,2026-04-20 06:10:07,0,1,0,27328,0,雪球,https://xueqiu.com/8353550788/384725328,2026-07-08 16:20:44
384750703,SH688646,ST逸飞,,ST逸飞：国联民生证券承销保荐有限公司关于武汉逸飞激光股份有限公司补充确认关联交易事项的核查意见 网页链接,0,ST逸飞(SH688646),0,2026-04-20 08:19:00,0,0,0,15561,0,公告,https://xueqiu.com/S/SH688646/384750703,2026-07-08 16:20:44
384750704,SH688646,ST逸飞,,ST逸飞：关于武汉逸飞激光股份有限公司前期会计差错更正专项说明的鉴证报告 网页链接,0,ST逸飞(SH688646),0,2026-04-20 08:19:00,0,0,0,17073,0,公告,https://xueqiu.com/S/SH688646/384750704,2026-07-08 16:20:44
384760302,SH688646,ST逸飞,,$ST逸飞(SH688646)$ 逸飞从今天开始会渐渐进入大众视野！脱离以前每天零点几的换手率。,0,岩婷波,6757279498,2026-04-20 09:15:05,0,1,0,18065,0,Android,https://xueqiu.com/6757279498/384760302,2026-07-08 16:20:44
384801536,SH688646,ST逸飞,,$ST逸飞(SH688646)$ 在手订订单25亿，还不包括26年度的，厉害，这戏真有得唱了啊！上调目标位至80元！,0,股海老班长,8629853875,2026-04-20 13:24:23,0,0,0,17150,0,雪球,https://xueqiu.com/8629853875/384801536,2026-07-08 16:20:44
384975879,SH688646,ST逸飞,,ST逸飞：逸飞激光关于股东减持股份结果公告 网页链接,0,ST逸飞(SH688646),0,2026-04-21 11:03:03,0,1,0,17147,0,公告,https://xueqiu.com/S/SH688646/384975879,2026-07-08 16:20:42
385813250,SH688646,ST逸飞,,$ST逸飞(SH688646)$ 五月份先突60再说吧，2026年年度，逸飞还是有看头的。不要想着每天大涨，至少逸飞ST了，只要有足够的耐心，不乱搞，拿得住，基本没吃套！或多或少都会有赢利！,0,股海老班长,8629853875,2026-04-25 13:08:21,2,0,0,13690,0,雪球,https://xueqiu.com/8629853875/385813250,2026-07-08 16:20:42
386036479,SH688646,ST逸飞,,$ST逸飞(SH688646)$ 【在手订单超21亿元！逸飞激光海外新增订单实现翻倍增长】作为圆柱全极耳电池装备龙头，逸飞激光依托多基地协同布局，产能稳步扩容，2025年实现营收8亿元，同比增长16%。公司以技术创新与全球化布局，持续助力新能源产业高质量发展。网页链接,0,电池网,8060576013,2026-04-27 09:22:02,0,0,0,22912,1,雪球,https://xueqiu.com/8060576013/386036479,2026-07-08 16:20:42
386040886,SH688646,ST逸飞,,ST逸飞：国联民生证券承销保荐有限公司关于武汉逸飞激光股份有限公司2025年度持续督导工作现场检查报告 网页链接,0,ST逸飞(SH688646),0,2026-04-27 09:40:00,0,0,0,13224,0,公告,https://xueqiu.com/S/SH688646/386040886,2026-07-08 16:20:42
386040887,SH688646,ST逸飞,,ST逸飞：国联民生证券承销保荐有限公司关于武汉逸飞激光股份有限公司2025年度持续督导跟踪报告 网页链接,0,ST逸飞(SH688646),0,2026-04-27 09:40:00,0,0,0,15696,0,公告,https://xueqiu.com/S/SH688646/386040887,2026-07-08 16:20:42
386090305,SH688646,ST逸飞,,$ST逸飞(SH688646)$ 争取节前突破60这个点位！一起加油！,0,股海老班长,8629853875,2026-04-27 12:48:51,0,0,0,14432,0,雪球,https://xueqiu.com/8629853875/386090305,2026-07-08 16:20:42
386393070,SH688646,ST逸飞,2026年4月28日ST板块公告要闻汇总及涨停个股,一、ST板块个股公告要闻1. ST逸飞：已提交摘帽申请；2025年末在手订单同比增59.12%，2026年Q1合同负债、经营现金流大幅增长；三大基地满负荷运转，募投项目年内落地，大圆柱电池设备订单占比高，钠电、固态电池设备均有布局，海外业务拓展顺利；并购标的新聚力超额完成业绩承诺，订单储备充裕。2. *ST皇庭：2026年一季度营收1.20亿元（同比-8.63%），归母净利润-3231.10万元，扣非归母净利润-4251.32万元。3. ST京蓝：控股股东全额支付2024年度业绩补偿款5208.51万元；当日涨停（+5.03%），领涨龙头2。4. ST宏达：2022年信披违法违规引发的235件投资者索赔案已全部办结，涉案金额约3007万元，最终和解/判决金额约2830万元。5. ST凯利：定于2026年5月12日举行2025年度网上业绩说明会。6. *ST岩石：发布第八次市值低于5亿元的终止上市风险提示公告，公司名称已完成工商变更登记。7. *ST大立：控股股东、实控人庞惠民质押1430万股用于个人融资，累计质押占所持股份的54.70%、公司总股本的14.63%。8. *ST帅电：2026年一季度营收2349.88万元（同比-51.99%），归母净利润-720.14万元，扣非归母净利润-957.40万元；股票连续三日涨幅偏离值超12%，触发交易异常波动。9. *ST四通：2026年一季度营收9661.37万元（同比+42.74%），归母净利润-1194.65万元，扣非归母净利润-1385.76万元。10. ST百利：金融借款合同纠纷案件已判决，需与关联方共同承担连带清偿责任，因前期已计提相关负债，预计对利润无重大影响。11. *ST波导：撤销退市风险警示，4月29日停牌一天，4月30日起复牌并恢复简称“波导股份”。12. *ST特迅：股票连续三日涨幅偏离值超12%，触发交易异常波动。13. *ST铖昌：定于2026年5月7日举行2025年年度网上业绩说明会。14. *ST双成：2026年一季度营收4843.99万元（同比+32.08%），归母净利润344.82万元（同比+134.34%），扣非归母净利润285.38万元（同比+125.73%）。15. ST路通：2025年营收1.16亿元（同比-34.36%），归母净利润-9233.93万元，扣非归母净利润-9484.86万元；2026年一季度营收2130.34万元（同比-14.68%），归母净利润-715.84万元，扣非归母净利润-825.44万元。16. *ST海源：控股股东解除1115.26万股股份质押，累计质押占所持股份的70%。17. *ST海钦：2026年一季度营收5.24亿元（同比+137.04%），归母净利润2237.55万元（同比+1806.38%），扣非归母净利润2182.09万元（同比+1316.95%）；已申请撤销退市风险警示及部分其他风险警示，目前处于补充材料阶段，若获批将变更为“ST海钦”。18. *ST春天：2025年度预亏、业务收入存疑、预付投资款回收不确定，存在终止上市风险；当日涨停（+5.16%），7天4板。19. *ST熊猫：审议通过《董事和高级管理人员薪酬管理制度》议案。20. ST通脉：2025年营收4.17亿元（同比+17.40%），归母净利润-1.64亿元，扣非归母净利润-1.48亿元；2026年一季度营收1.05亿元（同比+32.99%），归母净利润673.91万元（同比+183.03%），扣非归母净利润667.55万元（同比+219.44%）。21. ST华扬：新增9起广告合同纠纷诉讼，涉案本金2119.78万元；近12个月累计涉诉10起，本金合计4119.78万元，占净资产73.35%。22. *ST威尔：2025年营收8.14亿元（同比+3.58%），归母净利润2.02亿元（同比+8813.16%），扣非归母净利润891.20万元（同比+146.78%）；2026年一季度营收1.82亿元（同比+1.44%），归母净利润751.18万元（同比+366.66%），扣非归母净利润745.88万元（同比+232.23%）；已申请撤销退市风险警示。23. *ST阳光：2026年一季度营收6220.65万元（同比-14.88%），归母净利润-2347.37万元，扣非归母净利润-2442.04万元。24. *ST恒久：申请延期回复深交所关注函，需进一步核实问题并等待中介机构意见。25. *ST椰岛：股票连续三日涨幅偏离值超12%，触发交易异常波动；2025年度报告审计存在不确定性，若扣除特定收入后营收低于3亿元等情况，可能被终止上市；拟对2020、2021年度合计3050.25万元收入进行会计差错追溯调整；当日涨停（+4.97%），2天2板。26. *ST明德：2026年一季度营收7066.67万元（同比+1.01%），归母净利润-37.74万元，扣非归母净利润-1138.36万元。27. ST亚光：2026年一季度营收1.06亿元（同比-59.87%），归母净利润-2953.47万元，扣非归母净利润-3118.46万元。28. *ST棒杰：2026年一季度营收1.14亿元（同比-7.15%），归母净利润-5620.54万元，扣非归母净利润-3734.43万元。29. *ST星光：2025年营收3.80亿元（同比+98.01%），归母净利润-384.39万元，扣非归母净利润-823.73万元；已申请撤销退市风险警示。30. ST八菱：2026年一季度营收1.94亿元（同比+34.81%），归母净利润2420.38万元（同比-48.43%），扣非归母净利润2505.77万元（同比-45.75%）；当日涨停（+5.05%），首板。31. ST香雪：2025年营收15.95亿元（同比-14.16%），归母净利润-13.92亿元，扣非归母净利润-10.68亿元；2026年一季度营收3.54亿元（同比-15.88%），归母净利润-1.11亿元，扣非归母净利润-6638.59万元；因2025年度经审计净资产为负，4月30日起被实施退市风险警示，4月29日停牌一天。32. ST恒信：2026年一季度营收1.07亿元（同比+42.26%），归母净利润-4270.45万元，扣非归母净利润-4275.94万元。33. ST长方（300301）：2026年一季度营收1.06亿元（同比-9.81%），归母净利润-2062.83万元（同比+9.45%），扣非归母净利润-2079.17万元（同比+14.38%）；因投资性房地产计量模式变更追溯调整前期数据，同步发布新增债务逾期、申请庭外重组、其他风险警示进展公告。34. *ST观典（688287）：2025年营收1.23亿元（同比+37.21%），归母净利润-2.17亿元，扣非归母净利润-2.10亿元；2026年一季度营收3615.99万元（同比+174.69%），归母净利润-2065.39万元，扣非归母净利润-1982.56万元；同步发布会计师事务所非标准审计意见专项说明。35. ST海泰（600082）：2026年一季度营收936.01万元（同比+20.25%），归母净利润-1352.98万元，扣非归母净利润-1235.37万元。36. *ST易录（原易华录，300212）：因2025年度净资产为负、近三年扣非前后净利润孰低者均为负值，4月29日停牌一天，4月30日起被实施退市风险警示及其他风险警示，简称变更为“*ST易录”，同步披露2025年年报及募集资金使用鉴证报告。37. *ST田野（920023）：因2025年度财务报告被出具无法表示意见的审计报告，4月29日停牌一天，4月30日起被实施退市风险警示，简称变更为“*ST田野”。38. ST得润（原得润电子，002055）：2025年营收45.06亿元（同比-12.99%），归母净利润-3384.57万元，扣非归母净利润3664.62万元；2026年一季度营收10.79亿元（同比+5.44%），归母净利润2525.75万元（同比-21.23%），扣非归母净利润2175.81万元（同比-18.89%）；近三年扣非前后净利润孰低者均为负值，审计报告显示持续经营能力存在不确定性。39. ST司特（002538）：2025年营收46.63亿元（同比+8.87%），归母净利润1.65亿元（同比-47.06%），扣非归母净利润1.57亿元（同比-46.45%）；会计师事务所出具保留意见审计报告，同步发布相关专项说明及非经营性资金占用专项说明。40. ST长园（600525）：2025年营收7.90亿元（同比+0.28%），归母净利润-11.40亿元，扣非归母净利润-8527.00万元；2026年一季度报告同步披露，发布2025年度ESG报告、利润分配方案等公告，会计师事务所出具带强调事项段的无保留意见审计报告。41. *ST中迪（000609）：发布2026年第三次临时股东大会决议公告及法律意见书，同步披露修订后的公司章程；当日涨幅+4.98%，领涨龙头1，11天8板。42. ST围海（002586）：披露2026年一季度报告。43. *ST西发（000752）：发布资金占用事项其他风险警示进展、重大资产重组进展、重整债权申报及第一次债权人会议公告；当日涨停（+5.03%），首板。44. ST达华（002512）：2025年营收18.48亿元（同比-4.33%），归母净利润-2.02亿元，扣非归母净利润-2.23亿元；2026年一季度营收4.79亿元（同比+53.47%），归母净利润3643.11万元，扣非归母净利润-576.09万元。二、ST板块涨停个股明细45. ST帕瓦（688184）：当日涨幅+5.50%，领涨板块。46. ST景峰（000908）：当日涨停（+5.07%），首板。47. ST信通（600289）：当日涨停（+5.07%），首板。48. *ST正平（603843）：当日涨停（+5.04%），首板。49. *ST步森（002569）：当日涨幅+5.02%，2天2板。50. *ST景谷（600265）：当日涨幅+5.00%，3天2板。51. *ST宇顺（002289）：当日涨幅+5.00%，领涨龙头3，2天2板。52. *ST原尚（603813）：当日涨幅+5.00%，7天6板。53. *ST发展（000838）：当日涨幅+5.00%，2天2板。54. *ST沐邦（603398）：当日涨停（+5.00%），首板。55. ST新华锦（600735）：当日涨幅+4.95%，2天2板。56. *ST海华（600243）：当日涨停（+4.95%），首板。57. ST起步（603557）：当日涨幅+4.88%，2天2板。#参与、沟通、记录笔记# #十五五规划# #st板块# $ST板块(BK0400)$ $上证指数(SH000001)$ $*ST中迪(SZ000609)$,0,奋斗路上的人儿,1599240287,2026-04-28 14:44:42,4,8,0,58776,6,Android,https://xueqiu.com/1599240287/386393070,2026-07-08 16:20:42
386572857,SH688646,ST逸飞,,ST逸飞：武汉逸飞激光股份有限公司投资者关系活动记录表（2026.4.22-4.23） 网页链接,0,ST逸飞(SH688646),0,2026-04-29 08:33:32,0,3,0,18922,0,公告,https://xueqiu.com/S/SH688646/386572857,2026-07-08 16:20:42
386612903,SH688646,ST逸飞,,ST逸飞：逸飞激光关于公司股票被实施其他风险警示的进展公告 网页链接,0,ST逸飞(SH688646),0,2026-04-29 10:56:06,0,0,0,18090,0,公告,https://xueqiu.com/S/SH688646/386612903,2026-07-08 16:20:42
386612905,SH688646,ST逸飞,,ST逸飞：逸飞激光2025年环境、社会和公司治理（ESG）报告（英文版） 网页链接,0,ST逸飞(SH688646),0,2026-04-29 10:56:06,0,0,0,20210,0,公告,https://xueqiu.com/S/SH688646/386612905,2026-07-08 16:20:42
386724778,SH688646,ST逸飞,,$ST逸飞(SH688646)$ 今天节前最后交易日，能否突破？,0,股海老班长,8629853875,2026-04-30 01:09:48,1,0,0,23370,0,雪球,https://xueqiu.com/8629853875/386724778,2026-07-08 16:20:42
386765755,SH688646,ST逸飞,,$ST逸飞(SH688646)$ 冲一冲，搞个旅游费。,0,大方的开源小燕子,4686594891,2026-04-30 02:46:04,0,2,0,27324,0,iPhone,https://xueqiu.com/4686594891/386765755,2026-07-08 16:20:42
386862526,SH688646,ST逸飞,,$ST逸飞(SH688646)$ 有点意思，月K也太牛了，一路长虹啊！,0,股海老班长,8629853875,2026-04-30 09:10:29,0,1,0,25149,0,雪球,https://xueqiu.com/8629853875/386862526,2026-07-08 16:20:42
386998970,SH688646,ST逸飞,,$ST逸飞(SH688646)$ 五月份，逸飞将突破60-70这道关口，短短几个月，目标利润超额完成！过了70后，逸飞，你就随意发挥吧！,0,股海老班长,8629853875,2026-05-01 13:17:32,1,2,0,26140,0,雪球,https://xueqiu.com/8629853875/386998970,2026-07-08 16:20:42
387344973,SH688646,ST逸飞,,$ST逸飞(SH688646)$ 量价配合都不错，未来还有发力的过程！加油干吧！,0,股海老班长,8629853875,2026-05-06 03:56:13,0,1,0,21527,0,雪球,https://xueqiu.com/8629853875/387344973,2026-07-08 16:20:42
387397879,SH688646,ST逸飞,,$ST逸飞(SH688646)$ 60这一位置已基本站稳，下一目标是80。前提看摘帽前股价能否到70左右！如能到这一价位，后面主力就可以放飞自我了！加油！,0,股海老班长,8629853875,2026-05-06 08:01:03,0,1,0,22665,0,雪球,https://xueqiu.com/8629853875/387397879,2026-07-08 16:20:42
387555555,SH688646,ST逸飞,,$ST逸飞(SH688646)$ 之前担心会计差错怕被立案，实盘买了三成没提过，最近看了好几个专做st的才知道会计差错远低于20-30%幅度的立案标准，就踏实拿着等摘帽了，100亿应该值的，在手订单几十亿还在继续增加，继续持有不动了…,0,低调捂股,6536821909,2026-05-07 04:38:38,3,3,0,34346,0,iPhone,https://xueqiu.com/6536821909/387555555,2026-07-08 16:20:42
387792669,SH688646,ST逸飞,,$ST逸飞(SH688646)$ 一直上涨，不好意思提，今天说一下，逸飞坚定持有，下半年业绩爆发，看到100元,0,NK青苹果,3828028481,2026-05-08 06:28:18,3,23,0,54344,0,Android,https://xueqiu.com/3828028481/387792669,2026-07-08 16:20:42
387844035,SH688646,ST逸飞,,$ST逸飞(SH688646)$ 看多的越来越多就代表越来越危险⚠️,0,大方的开源小燕子,4686594891,2026-05-08 10:41:59,0,2,0,29911,0,iPhone,https://xueqiu.com/4686594891/387844035,2026-07-08 16:20:42
388087434,SH688646,ST逸飞,,$ST逸飞(SH688646)$ 走了，感谢，看图形走的。,0,拙工巧匠,1578684695,2026-05-11 01:57:05,8,0,0,27486,0,iPhone,https://xueqiu.com/1578684695/388087434,2026-07-08 16:20:42
388575600,SH688646,ST逸飞,,$ST逸飞(SH688646)$ 再次新高，老鸭头走势，会不会发力来主升，是个值得思考的问题！,0,股海老班长,8629853875,2026-05-13 04:48:34,0,2,0,23654,1,雪球,https://xueqiu.com/8629853875/388575600,2026-07-08 16:20:39
388589105,SH688646,ST逸飞,,$ST逸飞(SH688646)$ 有点一根穿云箭的意思！今天的涨幅及量能确认了长期走势趋势！,0,岩婷波,6757279498,2026-05-13 05:39:02,0,3,0,23378,0,Android,https://xueqiu.com/6757279498/388589105,2026-07-08 16:20:39
388611695,SH688646,ST逸飞,,$ST逸飞(SH688646)$ 60目标位已过，向70进军，看这周有没希望通过。80这个目标也即将实现。一起加油，先实现上述目标位后，再考虑下一步行动！,0,股海老班长,8629853875,2026-05-13 06:43:54,3,0,0,27789,0,雪球,https://xueqiu.com/8629853875/388611695,2026-07-08 16:20:39
388656715,SH688646,ST逸飞,,ST逸飞：逸飞激光关于申请撤销其他风险警示的进展公告 网页链接,0,ST逸飞(SH688646),0,2026-05-13 09:39:02,0,2,0,27460,0,公告,https://xueqiu.com/S/SH688646/388656715,2026-07-08 16:20:39
388662121,SH688646,ST逸飞,,$ST逸飞(SH688646)$ 摘帽补充材料，接近成功，说明股价还有蛮大的空间，加油！,0,股海老班长,8629853875,2026-05-13 10:05:07,0,6,0,30286,0,雪球,https://xueqiu.com/8629853875/388662121,2026-07-08 16:20:39
388901018,SH688646,ST逸飞,,ST逸飞：逸飞激光关于参加十五五·未来产业——科创企业产业迭代与创新赋能之2025年度智能制造行业集体业绩说明会暨召开2026年第一季度业绩说明会的公告 网页链接,0,ST逸飞(SH688646),0,2026-05-14 09:26:01,0,1,0,27438,0,公告,https://xueqiu.com/S/SH688646/388901018,2026-07-08 16:20:39
389390840,SH688646,ST逸飞,,$ST逸飞(SH688646)$ 今天算突破70了，但需要守住，下一目标80，达到这一目标后，后面就随缘啦！,0,股海老班长,8629853875,2026-05-18 01:59:25,3,1,0,25643,0,雪球,https://xueqiu.com/8629853875/389390840,2026-07-08 16:20:39
389982956,SH688646,ST逸飞,,ST逸飞：逸飞激光关于公司签订日常经营重要订单进展的自愿披露公告 网页链接,0,ST逸飞(SH688646),0,2026-05-20 10:46:00,1,3,1,26419,1,公告,https://xueqiu.com/S/SH688646/389982956,2026-07-08 16:20:39
390007827,SH688646,ST逸飞,,$ST逸飞(SH688646)$ 还有挺大的空间，耐心即可！,0,股海老班长,8629853875,2026-05-20 13:20:38,2,2,0,31792,0,雪球,https://xueqiu.com/8629853875/390007827,2026-07-08 16:20:39
390227469,SH688646,ST逸飞,,$ST逸飞(SH688646)$ 今天这把调整真厉害，逸飞新高后随大盘一起调整，可惜了！未来还需努力！,0,股海老班长,8629853875,2026-05-21 10:49:12,0,0,0,30940,0,雪球,https://xueqiu.com/8629853875/390227469,2026-07-08 16:20:39
390409176,SH688646,ST逸飞,,$ST逸飞(SH688646)$ 哈哈，逸飞，你就慢慢飞吧！先在80等你！,0,股海老班长,8629853875,2026-05-22 06:39:21,2,1,0,33339,0,雪球,https://xueqiu.com/8629853875/390409176,2026-07-08 16:20:39
390454252,SH688646,ST逸飞,,$ST逸飞(SH688646)$ 日，周，月K，虽然股价目前不算太高，但这种走势，很明显主力完全控盘！才三千多散户，主力随便玩，这市场不弄个百元股，真还说不过去！,0,股海老班长,8629853875,2026-05-22 09:30:24,2,1,0,35115,0,雪球,https://xueqiu.com/8629853875/390454252,2026-07-08 16:20:39
391061858,SH688646,ST逸飞,,$ST逸飞(SH688646)$ 感觉摘帽越来越近了，难得近期超量换手率提高。也算是借势在转正股前的洗盘吧！,0,亚域振潇2026,2709681746,2026-05-26 12:03:57,0,0,0,30358,0,iPhone,https://xueqiu.com/2709681746/391061858,2026-07-08 16:20:39
391148200,SH688646,ST逸飞,,$ST逸飞(SH688646)$ 今日清仓，感恩逸飞。好公司，极具成长性，70块远不是逸飞的尽头，26年随着业绩的不断兑现，会推动股价继续持续上涨。已拿到可观收益，落袋为安，继续瞄准下一只“逸飞”。现将本人1月份成文的逸飞投资报告公开，共勉之。,0,黑左吾,3641604057,2026-05-27 01:56:30,11,12,0,36217,6,雪球,https://xueqiu.com/3641604057/391148200,2026-07-08 16:20:39
391262933,SH688646,ST逸飞,,ST逸飞：武汉逸飞激光股份有限公司投资者关系活动记录表（十五五·未来产业——科创企业产业迭代与创新赋能之2025年度智能制造行业集体业绩说明会暨2026年第一季度业绩说明会） 网页链接,0,ST逸飞(SH688646),0,2026-05-27 07:33:09,0,0,0,30751,0,公告,https://xueqiu.com/S/SH688646/391262933,2026-07-08 16:20:39
391273825,SH688646,ST逸飞,ST逸飞：公司固态电池设备、钠电池设备均已实现客户交付,5月27日，ST逸飞（688646.SH）发布投资者关系活动记录表。在业务发展方面，公司各系列圆柱电芯设备均已实现批量交付。电芯装配线、模组PACK生产线以及整厂智慧物流系统等产品可广泛用于动力、储能电池生产，目前订单正按合同约定有序生产交付中。关于并购计划，公司透露已战略并购新聚力，并投资了武逸科技、荆楚人形机器人公司、元生创新、岱石科技等公司，进一步完善主业布局并拓展新兴业务。针对产能建设，公司武汉总部基地项目预计2026年内建成投入使用，项目建成后公司产能将会进一步扩充。葛店三期项目目前已完成备案，将根据公司实际情况择机推进建设。在技术研发领域，公司针对钙钛矿太阳能激光领域开发了P1/P2/P3激光划线到P4激光清边，集成P1/P2/P3/P4功能的一体化设备、切割裂片清边一体化设备、XBC电池激光开窗设备、玻璃封焊及退火等系列激光装备，部分设备已实现客户交付。关于新兴业务，公司固态电池设备、钠电池设备均已实现客户交付。控股子公司新聚力在国内率先推出Stocker、ZipTower、OHT等AMHS系统全系列核心设备，部分核心设备已实现国产替代并交付客户。,0,财闻,8871682425,2026-05-27 08:20:15,0,1,0,35441,0,雪球,https://xueqiu.com/8871682425/391273825,2026-07-08 16:20:39
391433239,SH688646,ST逸飞,,$ST逸飞(SH688646)$ 涨的时候不吹票，跌了可以来说说，逸飞在手订单创历史新高，今年下半年业绩确定性反转，利润会远远超过历史新高。ai拉动圆柱电池需求爆发性增长！至于大比例持股人形机器人公司只是锦上添花！目前64亿市值，才4.5倍Pb，对标主板任何同行都是严重低估，现在只有3000个股东，历史新高后，没有套牢盘，筹码高度集中。问题来了，摘帽后，机构进场，股价会拉到多少？100亿市值起步价可否？,0,NK青苹果,3828028481,2026-05-28 03:06:10,3,12,1,63064,1,Android,https://xueqiu.com/3828028481/391433239,2026-07-08 16:20:39
391815281,SH688646,ST逸飞,,ST逸飞：逸飞激光关于公司股票被实施其他风险警示的进展公告 网页链接,0,ST逸飞(SH688646),0,2026-05-29 09:29:01,1,0,0,31236,0,公告,https://xueqiu.com/S/SH688646/391815281,2026-07-08 16:20:39
392371825,SH688646,ST逸飞,,$ST逸飞(SH688646)$ 尾盘68.1清仓最后的2000股，拿了快两年了，37的本最多的时候2W股在手，不过陆陆续续下车吃了些还过得去的肉，希望未来摘帽后能业绩走好，到时候再看下是否值得回来,0,老百姓赢麻了,3497527004,2026-06-02 07:12:26,2,0,0,31810,0,雪球,https://xueqiu.com/3497527004/392371825,2026-07-08 16:20:39
392911595,SH688646,ST逸飞,,ST逸飞：逸飞激光关于2025年年度股东会取消部分议案并增加临时提案的公告 网页链接,0,ST逸飞(SH688646),0,2026-06-04 10:53:00,0,0,0,29511,0,公告,https://xueqiu.com/S/SH688646/392911595,2026-07-08 16:20:39
392911596,SH688646,ST逸飞,,ST逸飞：逸飞激光关于2026年度申请综合授信额度及进行担保额度预计的公告 网页链接,0,ST逸飞(SH688646),0,2026-06-04 10:53:00,0,0,0,33131,0,公告,https://xueqiu.com/S/SH688646/392911596,2026-07-08 16:20:38
392911597,SH688646,ST逸飞,,ST逸飞：国联民生证券承销保荐有限公司关于武汉逸飞激光股份有限公司2026年度申请综合授信额度及进行担保额度预计的核查意见 网页链接,0,ST逸飞(SH688646),0,2026-06-04 10:53:00,0,0,0,34054,0,公告,https://xueqiu.com/S/SH688646/392911597,2026-07-08 16:20:38
393535301,SH688646,ST逸飞,,ST逸飞：武汉逸飞激光股份有限公司章程（2026年6月修订） 网页链接,0,ST逸飞(SH688646),0,2026-06-08 09:56:01,0,0,0,30741,0,公告,https://xueqiu.com/S/SH688646/393535301,2026-07-08 16:20:38
393535302,SH688646,ST逸飞,,ST逸飞：逸飞激光2025年年度股东会会议资料 网页链接,0,ST逸飞(SH688646),0,2026-06-08 09:56:01,0,1,0,32288,0,公告,https://xueqiu.com/S/SH688646/393535302,2026-07-08 16:20:38
394830540,SH688646,ST逸飞,,ST逸飞：逸飞激光2025年年度股东会决议公告 网页链接,0,ST逸飞(SH688646),0,2026-06-15 10:33:02,0,0,0,26088,0,公告,https://xueqiu.com/S/SH688646/394830540,2026-07-08 16:20:38
394830541,SH688646,ST逸飞,,ST逸飞：北京德恒（杭州）律师事务所关于武汉逸飞激光股份有限公司2025年年度股东会的法律意见书 网页链接,0,ST逸飞(SH688646),0,2026-06-15 10:33:02,0,0,0,27122,0,公告,https://xueqiu.com/S/SH688646/394830541,2026-07-08 16:20:38
395099333,SH688646,ST逸飞,,兄弟研究的很扎实，但买入股票后，应该忘掉成本。决定买卖的唯一判断标准，是对未来基本面和趋势的判断！ 逸飞还有很大空间，下半年业绩开始爆发，明年继续高增长，目前动态pe也就20倍，虽然股价涨了但仍然很便宜，摘帽后机构才能进场，先看到100亿市值！$ST逸飞(SH688646)$,0,NK青苹果,3828028481,2026-06-16 15:23:05,1,14,0,42703,1,Android,https://xueqiu.com/3828028481/395099333,2026-07-08 16:20:38
396064216,SH688646,ST逸飞,,6月22日，市场传出上汽、比亚迪等多家车企将2027年明确为全固态电池装车节点，这标志着固态电池已从远期概念转向产业验证阶段。投资焦点正从炒作概念转向挖掘实际订单，其中全固态电池所需的新增干法电极、等静压等工艺将带来设备端需求重估，因此设备企业有望先于材料和电池厂兑现订单弹性，存在显著预期差。$ST逸飞(SH688646)$ 已实现固态电池设备的销售与交付，产品覆盖激光超快加工、刻槽等环节 。固态电池是公认的下一代技术方向，设备市场规模预计到2030年将达千亿级别。公司的先发优势和持续研发投入，使其在未来的产业化浪潮中占据有利位置。 TGV是玻璃核心基板的核心工艺之一。无论采用激光诱导微钻、改质或后续刻蚀，成孔精度、速度、良率和后续金属化兼容性都会直接决定玻璃基板能否量产。,0,ST深度求索,7213079015,2026-06-23 00:52:34,1,4,0,26765,0,雪球,https://xueqiu.com/7213079015/396064216,2026-07-08 16:20:38
396470915,SH688646,ST逸飞,,$ST逸飞(SH688646)$ 80这个点位，应在近期突破！,0,股海老班长,8629853875,2026-06-24 10:06:06,0,1,0,16129,0,雪球,https://xueqiu.com/8629853875/396470915,2026-07-08 16:20:38
396630804,SH688646,ST逸飞,,【华创电新】hcdx逸飞激光（$ST逸飞(SH688646)$ 即将摘帽）：超级电容设备最新挖掘，主业拐点新增订单数倍于去年收入，强call超级电容具备高功率密度（瞬时大电流充放电）的物理特性，对内部的导电连接、密封性提出苛刻要求，公司激光焊接设备带来的熔融焊接，能实现分子层面的冶金结合，接触面积大且界面电阻极低，完美通过大电流。公司25年已经实现多家超级电容客户交付，包括JH等头部客户均已实现导入，26年到目前为止新签订单已达25全年，尤其最近2个月，全年订单预计破亿元。相较于锂电领域，超级电容所需焊点更多，单线价值量更大。激光公司虽然很多，但是逸飞激光焊接特别适合圆柱电池，曾靠此绝技做到锂电圆柱细分龙头，这个技术也特别适合超级电容。公司主业受益于储能和ai的大圆柱电池爆发，今年新签订单有望超30e，去年收入仅8亿元，业绩即将实现反转，展望27年主业有望3e，超级电容单颗设备价值量2-4元，属于价值量比较大的环节，当前70e不到。,0,ST深度求索,7213079015,2026-06-25 03:23:31,0,6,0,24769,1,雪球,https://xueqiu.com/7213079015/396630804,2026-07-08 16:20:38
397400031,SH688646,ST逸飞,,ST逸飞：逸飞激光关于公司股票被实施其他风险警示的进展公告 网页链接,0,ST逸飞(SH688646),0,2026-06-29 08:56:00,0,0,0,11880,0,公告,https://xueqiu.com/S/SH688646/397400031,2026-07-08 16:20:38
397640332,SH688646,ST逸飞,,$ST逸飞(SH688646)$ 今天人形机器人涨的好，逸飞也跟了跟！主力完全控盘，静待摘帽，因犯的错有点大啊，但后期整改良好，未来还有空间。需要一举突80这个关口才好！,0,股海老班长,8629853875,2026-06-30 09:17:53,2,0,0,11204,0,雪球,https://xueqiu.com/8629853875/397640332,2026-07-08 16:20:38
397651579,SH688646,ST逸飞,,ST逸飞：逸飞激光关于变更注册资本、修订《公司章程》并完成工商变更登记的公告 网页链接,0,ST逸飞(SH688646),0,2026-06-30 10:13:02,0,0,0,10357,0,公告,https://xueqiu.com/S/SH688646/397651579,2026-07-08 16:20:38
398131601,SH688646,ST逸飞,,ST逸飞：逸飞激光关于参加湖北辖区上市公司2026年投资者集体接待日活动暨2025年度业绩说明会的公告 网页链接,0,ST逸飞(SH688646),0,2026-07-02 10:09:01,0,0,0,8423,0,公告,https://xueqiu.com/S/SH688646/398131601,2026-07-08 16:20:38
398265837,SH688646,ST逸飞,,$ST逸飞(SH688646)$ 突破80了，向百进军！,0,股海老班长,8629853875,2026-07-03 03:02:19,0,1,0,7903,0,雪球,https://xueqiu.com/8629853875/398265837,2026-07-08 16:20:38
398430474,SH688646,ST逸飞,,【招商电新】$ST逸飞(SH688646)$ 更新公司是智能激光装备及创新工艺方案提供商，一季末合同负债9.49亿元，同、环比提升257%、74%，在手订单充裕。 超容激光焊、密封焊国内独供：目前公司超容设备已实现批量发货。下游客户包括东阳光、江海、今朝等，单条设备（300万支/年）价值量约1300万。同时，公司目前还在对接武藏等海外头部超容企业。 锂电全极耳装备国内市占50% AIDC对本地备电和瞬时稳定性的要求明显提高，全极耳小圆柱电芯能够显著改善倍率性能和热管理表现，在高功率AIDC场景中的渗透率有望持续提升，带动封装装备需求。 光伏钙钛矿激光装备领先企业 公司推出钙钛矿领域全系列高端激光装备，全面覆盖激光划线、清边、切裂与封焊等关键环节，目前已供货京东方等头部组件厂商。,0,ST深度求索,7213079015,2026-07-04 04:17:41,2,2,0,11943,0,雪球,https://xueqiu.com/7213079015/398430474,2026-07-08 16:20:38
398476689,SH688646,ST逸飞,,$ST逸飞(SH688646)$ 周五逸飞跟着机器人板块创出了新高，随着中报业绩预报应该向着新高百元进步。希望摘帽的进程能够快一点，后续基金买入成长更快一些！,0,亚域振潇2026,2709681746,2026-07-05 00:01:38,0,1,0,6156,0,iPhone,https://xueqiu.com/2709681746/398476689,2026-07-08 16:20:38
398511378,SH688646,ST逸飞,下周A股最大变量：ST枷锁打开，这不是风险是机会！,周末的消息刷屏了！下周一开始，主板ST股涨跌幅从5%正式调到10%，跟普通票站在同一起跑线。150多只ST股，涉及680万左右股东，这不是小修小补，这是历史性政策！很多人还在那讨论风险，笔者只想说一句——风险与历史性的机会并存！以前ST股涨跌幅限制，就像给老虎拴了根短绳子，再凶也只能原地打转。现在绳子松了，波动空间直接翻倍！周五盘面已经提前反应，52只ST个股封死涨停，板块指数逆势走强。以前主板靠5%窄幅波动来回套利的玩法彻底失效，但对于真正有东西的票，这是价值发现的加速器。机会在哪？主要集中在两类！第一，摘帽预期明确的。 今年5月以来迎来年内最密集的摘帽潮，10多家公司成功&#34;摘星脱帽&#34;。已落地的：ST新研（300159）新疆国资入主，6月22日摘帽；ST宝实（000595）7月2日摘帽，2025年净利润8332万；ST星光、ST天山、ST金比同步摘帽。申请中的：ST逸飞（688646）已提交申请，正在补充材料，随时可能落地。时间表清晰的：ST任子行（300311）预计7月18日可申请，ST云动（000903）预计8月8日，ST香雪（300147）、ST京蓝（000711）预计8月15日。这些基本面已经反转的，波动放大就是戴维斯双击的加速器！第二，站在风口上的ST洲际契合油气板块的底部，原油类板块已经可拟订为日线级别的第一类买点，后续地缘事件局面想象空间是历史级别的；ST诺泰等是风口创新药板块的代表 ；ST不是原罪，关键是赛道逻辑。ST文峰（601010）切入商业航天赛道；ST宁科长链二元酸业务2025年收入2.6亿、同比增长超110%；ST惠程已签产业投资人协议。但这些还戴着帽子，目前仍是5%涨跌幅，属于高风险博弈，但仓位需要做好风控！当然，分化会极其剧烈。垃圾股只会跌得更快，比如ST岭南收盘价跌破1元后迅速开启涨幅，上周五以涨停表明了资金态度。所以，该政策意味着好公司更快被看见，烂公司更快被扫进垃圾堆。下周一即将见证历史机会只留给有准备的人。当然，周期可以日为单位，而不必以小时为周期。,0,我是飞来侠,8338065592,2026-07-05 09:46:13,0,0,0,6568,0,Android,https://xueqiu.com/8338065592/398511378,2026-07-08 16:20:38
398634194,SH688646,ST逸飞,,$ST逸飞(SH688646)$ 每次回调都是上车机会,0,NK青苹果,3828028481,2026-07-06 06:22:57,8,10,0,15692,0,Android,https://xueqiu.com/3828028481/398634194,2026-07-08 16:20:38
398897915,SH688646,ST逸飞,,$ST逸飞(SH688646)$ 今天算是个机会，不知明能否再来一下！,0,股海老班长,8629853875,2026-07-07 12:46:57,0,0,0,1870,0,雪球,https://xueqiu.com/8629853875/398897915,2026-07-08 16:20:38
