post_id,user_id,author,created_at,title,text,reply_count,like_count,retweet_count,view_count,symbol,stock_name,source,url,truncated,fav_count,crawl_time
373935520,1012092979,狭路逢,2026-01-30 02:05:31,,$ST诺泰(SH688076)$ 老弟们有没有走的？有没有扛不住这个瀑布的？,4,6,0,11404,SH688076,ST诺泰,Android,https://xueqiu.com/1012092979/373935520,0,0,2026-07-08 16:24:04
373938322,3058489894,矫情的小手,2026-01-30 02:11:01,,$ST诺泰(SH688076)$ 别说避险功能了，你是啥都不跟啊！今天加仓是我最后的倔强。,2,16,0,26164,SH688076,ST诺泰,iPhone,https://xueqiu.com/3058489894/373938322,0,0,2026-07-08 16:24:04
373965191,8296981195,2528658popo,2026-01-30 03:06:10,,$ST诺泰(SH688076)$ 留在诺泰的都是老油条，50.8都没跑的我，现在肯定更不会跑呀盘后发预告，虽然往年四季度都不会太好,4,6,0,12429,SH688076,ST诺泰,Android,https://xueqiu.com/8296981195/373965191,0,0,2026-07-08 16:24:04
374002109,8430456713,大空头马鸿运,2026-01-30 05:37:56,,$ST诺泰(SH688076)$ 我又回来了，看看怎么个事,9,17,0,26362,SH688076,ST诺泰,雪球,https://xueqiu.com/8430456713/374002109,0,2,2026-07-08 16:24:04
374018628,5536931131,一年赚10个点的男人,2026-01-30 06:33:09,大家好，我是横盘两年半的练习生诺泰！,"诺泰生物被 ST，原因 2021 年年报虚假记载、2023 年可转债募集说明书存在重大虚假内容，触发科创板上市规则相关条款，2025 年 7 月 22 日起简称变更为 “ST 诺泰”。到目前为止12月17号已经下达了正式的处罚告知书，财报问题已经处理完毕，目前就是等待到今年的12月份熬够12个月的带帽时间，然后申请摘帽，确保内控完善、无新增违法违规，整改验收通过。预计完成摘帽时间是27年内元旦后。当然如果资料以及各种审核提前完成，可以按最短时间算，在元旦前完成摘帽。按照目前的公开资料，诺泰的摘帽问题基本上可以解决。那要算的就是值不值得买的问题。首先ST得摘帽一般都有一个流动性溢价的空间，也就是说摘帽前后都会涨一波，参考以往的经验这个空间大概20-30%,要吃这部分涨幅其实买完拿着就好，等时间就行。另外就是公司估值的恢复的涨幅，目前参考整体行业增速，诺泰的增速略高于其他上市公司，另外就是整体行业估值参考偏低的圣诺PE在35倍。大概的参考时间线跟价格，年报做实增速没有问题股价回到40元以上，在年报后到摘帽期前这个时间主要就是看业务增长情况，预计股价在45-50元，摘帽后预期是50元以上，如果能恢复到正常估值PE35，那么股价到60以上没有问题。按保守算法，就算股价到45-50的区间，对比现有价格收益率依旧可以达到30%以上。以上所有分析未考虑股市整体行情，未考虑该行业的行情情况，未考虑新增退市及违法风险！$ST诺泰(SH688076)$ #上证指数#",3,3,0,19990,SH688076,ST诺泰,雪球,https://xueqiu.com/5536931131/374018628,0,0,2026-07-08 16:24:04
374032843,1588866411,高兴和多多,2026-01-30 07:17:52,,$ST诺泰(SH688076)$ 带st那天36.4最低点，现在比之前跌的还多问题不小啊,3,6,0,6688,SH688076,ST诺泰,iPhone,https://xueqiu.com/1588866411/374032843,0,0,2026-07-08 16:24:04
374062315,0,ST诺泰(SH688076),2026-01-30 09:26:00,,ST诺泰：2025年年度业绩预告 网页链接,27,10,1,26901,SH688076,ST诺泰,公告,https://xueqiu.com/S/SH688076/374062315,0,2,2026-07-08 16:24:04
374064074,1588866411,高兴和多多,2026-01-30 09:34:15,,$ST诺泰(SH688076)$ 业绩预告千呼万唤始出来,0,2,0,4733,SH688076,ST诺泰,iPhone,https://xueqiu.com/1588866411/374064074,0,0,2026-07-08 16:24:04
374064658,7578010490,淘金奶爸,2026-01-30 09:37:44,,$ST诺泰(SH688076)$ $阿诺医药(ANL)$ 诺泰也终会迎来高光时刻！阿诺医药乐观点可以先看到10亿美金，现在价格还有很大空间。但是，剧烈波动再所难免,1,3,0,8345,SH688076,ST诺泰,Android,https://xueqiu.com/7578010490/374064658,0,0,2026-07-08 16:24:04
374065025,4202117770,短中长线卧倒选手,2026-01-30 09:39:51,,$ST诺泰(SH688076)$ 怪不得股价垃圾，越跌越贵了属于是,0,4,0,7538,SH688076,ST诺泰,iPhone,https://xueqiu.com/4202117770/374065025,0,0,2026-07-08 16:24:04
374065988,6990079522,努力不做韭菜88,2026-01-30 09:44:29,,$ST诺泰(SH688076)$ 没看明白，四季度还亏钱？,0,4,0,12305,SH688076,ST诺泰,Android,https://xueqiu.com/6990079522/374065988,0,0,2026-07-08 16:24:04
374066652,7209720541,坚持最为难能可贵,2026-01-30 09:47:52,,$ST诺泰(SH688076)$ 天雷滚滚，早都说了，走势说明一切。恭喜留下的股民，听大v的这波要死无全尸了，哈哈,0,2,0,3737,SH688076,ST诺泰,Android,https://xueqiu.com/7209720541/374066652,0,0,2026-07-08 16:24:04
374067328,6245095476,马四里,2026-01-30 09:50:44,,$ST诺泰(SH688076)$ 这周是给有关系的人留时间跑路吗？一家企业可以赔钱，但是做到这么操蛋还是第一次碰上。果然造假的公司，骨子里都是坏的,0,4,0,9385,SH688076,ST诺泰,Android,https://xueqiu.com/6245095476/374067328,0,0,2026-07-08 16:24:04
374068411,1588866411,高兴和多多,2026-01-30 09:56:23,,$ST诺泰(SH688076)$ 就说在不企稳要多杀多了，一群喊空的出来了,0,4,0,4884,SH688076,ST诺泰,iPhone,https://xueqiu.com/1588866411/374068411,0,0,2026-07-08 16:24:04
374068688,8491286481,聚焦质变,2026-01-30 09:57:58,,$ST诺泰(SH688076)$ 去年踩了一次业绩雷，今年吃一堑长一智，看你年报靠后，没敢拿，果然。。。,2,8,0,16287,SH688076,ST诺泰,Android,https://xueqiu.com/8491286481/374068688,0,0,2026-07-08 16:24:04
374068969,6245095476,马四里,2026-01-30 09:59:19,,$ST诺泰(SH688076)$ 按照原来的业绩规律，诺泰的客户应该是3个季度集中补一次库存，25年四季度正好应该是补库存的时候，但是业绩却是负的，这就说明，减肥药产业链被巨头挤压，没有进入巨头产业链的供应商，基本被边缘化了。诺泰的好日子到头了，建的厂子也用不起来。不用说净利润，按照其他制剂的营收，25年四季度原料药的营收同比应该也可能是负增长，更别提环比。,8,4,0,14481,SH688076,ST诺泰,Android,https://xueqiu.com/6245095476/374068969,0,0,2026-07-08 16:24:04
374069072,7450889099,健康LOVE快乐,2026-01-30 09:59:55,,$*ST大晟(SH600892)$ $ST诺泰(SH688076)$ $*ST建艺(SZ002789)$1月最后一周吐回去全月盈利，还倒亏点。大晟，建艺，都成为历史了，预期是资产重组。哎，诺泰失策，主要亏，解套要等段时间了。,0,1,0,17402,SH688076,ST诺泰,Android,https://xueqiu.com/7450889099/374069072,0,0,2026-07-08 16:24:04
374072404,6245095476,马四里,2026-01-30 10:17:21,,$ST诺泰(SH688076)$ 周一大概率会有10个点，都心里有个数吧，看是扛着，还是准备着急跑,5,4,0,10545,SH688076,ST诺泰,Android,https://xueqiu.com/6245095476/374072404,0,0,2026-07-08 16:24:02
374072919,7998728879,千亿诺泰,2026-01-30 10:20:13,,$ST诺泰(SH688076)$ 四季度营收没有出现下降，但是净利润为负，按照公司以往的高于平均的毛利水平来说主营业务应该没问题，主要还是来源于资产减值计提，计提这个有很多文章可以做，还是需要结合年报来看。同时，三季报预告就玩过文字游戏，当时预告显示业绩一般，三季报发布后却意外的还可以，不排除这次是故技重施。看好26年的诺泰，司美到期叠加摘帽，祝大家26年发财！,9,10,0,11080,SH688076,ST诺泰,iPhone,https://xueqiu.com/7998728879/374072919,0,0,2026-07-08 16:24:02
374073315,4202117770,短中长线卧倒选手,2026-01-30 10:22:36,,$ST诺泰(SH688076)$ 业绩垃圾归垃圾，一些货色也不看看最近跌了多少，114e对于一个年赚3.5e的还在扩产的企业贵么，还周一开盘就十个点，卖了就各自安好呗，少搁这发癫🤪简单来讲，这份业绩预报除了营收和利润外啥都没说，我认为主要问题不在罚款，在那个计提减值。既然营收没问题，同行利润也过得去，那是诺泰做好心人，同行赚钱卖它亏钱卖？,6,4,0,13257,SH688076,ST诺泰,iPhone,https://xueqiu.com/4202117770/374073315,0,0,2026-07-08 16:24:02
374073684,4510011300,周线笑眯眯,2026-01-30 10:24:54,,$ST诺泰(SH688076)$ 好好，只要不造假就好,0,2,0,5399,SH688076,ST诺泰,Android,https://xueqiu.com/4510011300/374073684,0,0,2026-07-08 16:24:02
374073972,6918103439,别跌了行不,2026-01-30 10:26:29,,$ST诺泰(SH688076)$ 良言相劝，周一挂跌停出吧，接下来业绩只会越来越差。从之前投产延后都说明问题了，现在是原料药堆积，产能过剩，之后只会越来越差。,10,4,0,14668,SH688076,ST诺泰,Android,https://xueqiu.com/6918103439/374073972,0,0,2026-07-08 16:24:02
374074731,4642157440,每日经济新闻,2026-01-30 10:30:54,ST诺泰：预计2025年年度净利润为3.1亿元到4.2亿元,每经AI快讯，ST诺泰1月30日晚间发布业绩预告，预计2025年年度实现归属于母公司所有者的净利润为3.1亿元到4.2亿元。业绩变动主要原因是，报告期内，公司整体销售收入增长，但受行业价格波动影响及公司固定成本增加，导致公司毛利率水平同比有所下降。报告期内，公司根据《企业会计准则》等有关要求，对相关资产进行减值测试后，对部分资产计提减值准备，对公司本期业绩产生影响。 每经头条（nbdtoutiao）——核电建设热潮下，设备厂忙到“飞起”！订单已排至2028年，员工三班倒，产线24小时不停 （记者 张明双） 免责声明：本文内容与数据仅供参考，不构成投资建议，使用前请核实。据此操作，风险自担。 每日经济新闻,0,7,0,9442,SH688076,ST诺泰,雪球,https://xueqiu.com/4642157440/374074731,0,0,2026-07-08 16:24:02
374079377,8693995907,KBOSSjc,2026-01-30 10:59:24,,$ST诺泰(SH688076)$ 不错不错，下周有机会就要加仓了。,0,6,0,7335,SH688076,ST诺泰,雪球,https://xueqiu.com/8693995907/374079377,0,0,2026-07-08 16:24:02
374084700,7801997248,三道河的阿白,2026-01-30 11:29:02,,$ST诺泰(SH688076)$ 按业绩预告，营收增长，利润率由于竞争激烈，略有下滑，没有爆雷，下周一看涨！,0,3,0,14869,SH688076,ST诺泰,雪球,https://xueqiu.com/7801997248/374084700,0,0,2026-07-08 16:24:02
374086540,1909861997,半块哈密瓜的皮,2026-01-30 11:41:54,,$ST诺泰(SH688076)$ 计提减值不是很懂，哪位大神解读一下,3,2,0,5435,SH688076,ST诺泰,雪球,https://xueqiu.com/1909861997/374086540,0,0,2026-07-08 16:24:02
374093189,7998728879,千亿诺泰,2026-01-30 12:26:48,,$ST诺泰(SH688076)$ 猜测：计提减值的是存货，诺泰三季报中存在大量存货，业绩解释中表明是待生产的原料，以销定产模式下未来这些存货是会转化成收入的，后续看年报验证,0,5,0,8543,SH688076,ST诺泰,iPhone,https://xueqiu.com/7998728879/374093189,0,0,2026-07-08 16:24:02
374095602,5469125719,嘟嘟的老爸tsh,2026-01-30 12:42:14,,$ST诺泰(SH688076)$ 那个去年两次点评诺泰低估、号称它是全市场医药第一低估的医学百事通，不吭声了，四季度问他，不回答了。雪球有些人，以为自己很懂，开口闭口专业术语、行业格局门儿清，其实也就一散户水平。,0,3,0,7737,SH688076,ST诺泰,雪球,https://xueqiu.com/5469125719/374095602,0,0,2026-07-08 16:24:02
374096272,6245095476,马四里,2026-01-30 12:46:27,,$ST诺泰(SH688076)$ 做一下确定性分析。年营收19.5个亿，同比20%，四季度营收4.3比三季度4.789，环比较少12%。扣非净利润3.95亿，市盈率28.86倍。比上年4.078亿同比减少。这些数据要是放在熊市，还得掉1/3。别管什么计提，营业额实打实的减少，就是企业运营出现了问题。营收是一切的基础，比如信贷。当然也有好消息，好消息就是a股对垃圾股有莫名其妙的想象力，恭喜诺泰从成长价值成为垃圾股。,4,2,0,14169,SH688076,ST诺泰,Android,https://xueqiu.com/6245095476/374096272,0,0,2026-07-08 16:24:02
374097624,4202117770,短中长线卧倒选手,2026-01-30 12:54:56,,去年四季度营收3.7e不说了是么，还营业额实打实减少，说了，卖了就卖了，有点格局，别一副输不起的样子，真够丢人的$ST诺泰(SH688076)$抛开所有的计提不谈是吧，市盈率28是垃圾股是吧，你这种亏货就适合买茅台和中国银行，仅仅因为自己亏过就对个一百多亿在扩产的公司片面解读，还美名其曰“确定性分析”。在我看来，你和你的言论中唯一确定的就是你大幅亏损后卖出，是一个输不起的亏货,3,3,0,10046,SH688076,ST诺泰,iPhone,https://xueqiu.com/4202117770/374097624,0,0,2026-07-08 16:24:02
374098385,4202117770,短中长线卧倒选手,2026-01-30 12:59:56,,回复@短中长线卧倒选手: 所有的逻辑都是瞎扯淡，通过一份模糊的业绩预报（利润上下浮动1e，占最低预测利润的33%）就能推断出牛市里跌了这么久的，动态pe28的公司周一继续下跌10个点，这就是你所谓的“客观”是吧？作为持仓者，我鄙视无脑唱多，业绩也确实不如我所愿，但你这种卖出后带着情绪唱空的亏货也跟无脑唱多的没差多少$ST诺泰(SH688076)$//@短中长线卧倒选手:回复@马四里:去年四季度营收3.7e不说了是么，还营业额实打实减少，说了，卖了就卖了，有点格局，别一副输不起的样子，真够丢人的$ST诺泰(SH688076)$抛开所有的计提不谈是吧，市盈率28是垃圾股是吧，你这种亏货就适合买茅台和中国银行，仅仅因为自己亏过就对个一百多亿在扩产的公司片面解读，还美名其曰“确定性分析”。在我看来，你和你的言论中唯一确定的就是你大幅亏损后卖出，是一个输不起的亏货,0,3,0,9985,SH688076,ST诺泰,iPhone,https://xueqiu.com/4202117770/374098385,0,0,2026-07-08 16:24:02
374108760,1812583476,GHOSTFACEEE,2026-01-30 13:58:27,,$ST诺泰(SH688076)$ 这个业绩只能算中性，目前的估值也不便宜。前期一直跌怀疑有资金提前知道了一部分信息。,0,3,0,7182,SH688076,ST诺泰,雪球,https://xueqiu.com/1812583476/374108760,0,0,2026-07-08 16:24:02
374113177,6998822874,冯斯特洛夫斯基,2026-01-30 14:28:37,,$ST诺泰(SH688076)$ 这份业绩预告是空头最后宣泄的理由，日线五连阴，月线已经收了六连阴（人为打压迹象明显），还能跌哪去？不看好的赶紧斩仓出局，我是一股不卖，再往下跌机会远大于风险。周一见！！,4,4,0,11322,SH688076,ST诺泰,Android,https://xueqiu.com/6998822874/374113177,0,0,2026-07-08 16:24:02
374116709,8247993686,八十万韭菜总教头,2026-01-30 14:44:47,,$ST诺泰(SH688076)$业绩不符合我的预期的。所以，再牛逼的逻辑，再牛逼的长坡厚雪，走势会反应的，当然它反应的至少是一段时期，看你持股周期咋样了。其他的不想评价了，真是脑壳痛，以后也要注意一下这种非典型st了，毕竟它其实就是个白马业绩股。而我本就不太擅长这种。,5,13,0,36656,SH688076,ST诺泰,Android,https://xueqiu.com/8247993686/374116709,0,1,2026-07-08 16:24:02
374117050,6376657720,肽藻粉,2026-01-30 14:46:41,,$ST诺泰(SH688076)$ 总收入19-20亿，净利润3.4-4.5亿，是不是可以理解收入19亿3.4亿利润，收入20亿4.5亿利润，多收入1亿利润多增加1.1亿利润,0,2,0,21317,SH688076,ST诺泰,Android,https://xueqiu.com/6376657720/374117050,0,0,2026-07-08 16:24:02
374121379,7588632663,攀爬路,2026-01-30 15:16:23,,$ST诺泰(SH688076)$ 资产减值计提为五千万加四季度利润。求计提值和 除去计提和罚款三千万四季度利润直接发利润，不发同比增减了，年利润同比-23.3至3.8%,0,4,0,12730,SH688076,ST诺泰,Android,https://xueqiu.com/7588632663/374121379,0,0,2026-07-08 16:24:02
374124970,2602366341,超人出击,2026-01-30 15:48:35,,$ST诺泰(SH688076)$ 估计利拉鲁肽和磷酸奥司他韦的库存计提了不少。销售跟不上产能扩张。去年市场上流感药上新了好几款，奥司他韦不香了。1亿美元中间体的订单下半年出货少，司美专利还没到期，货还在仓库，四季度营收估计不太好看的。总之还是低于预期了。被定性造假并处罚对口碑声誉的影响肯定是有的，普通消费者可不管你做了什么导致的，只看结果，一个假字，杀伤力大大的。,3,9,0,21774,SH688076,ST诺泰,Android,https://xueqiu.com/2602366341/374124970,0,0,2026-07-08 16:24:00
374170987,5536931131,一年赚10个点的男人,2026-01-31 03:46:10,,大账户买了百来手，卖是不可能卖的，你要是真能再砸个10%，那就接着调资金买$ST诺泰(SH688076)$,0,7,0,19887,SH688076,ST诺泰,雪球,https://xueqiu.com/5536931131/374170987,0,0,2026-07-08 16:24:00
374175906,6272575192,x198921,2026-01-31 04:41:58,,$ST诺泰(SH688076)$ 100亿以下还是挺香的,0,6,0,10989,SH688076,ST诺泰,Android,https://xueqiu.com/6272575192/374175906,0,0,2026-07-08 16:24:00
374186150,5281258486,望江望海不忘水,2026-01-31 06:54:54,,$ST诺泰(SH688076)$ 请教一下各位大佬，公司一年的计提是可以全部在第四季度处理吗？,3,3,0,13565,SH688076,ST诺泰,Android,https://xueqiu.com/5281258486/374186150,0,0,2026-07-08 16:24:00
374186686,1968252884,策略策略,2026-01-31 07:02:12,,$湖南黄金(SZ002155)$ $ST诺泰(SH688076)$ 惨啊。 价位高了都是风险，价位低了都是机会。诺泰生物，湖南黄金。,0,2,0,11647,SH688076,ST诺泰,Android,https://xueqiu.com/1968252884/374186686,0,0,2026-07-08 16:24:00
374193883,1968252884,策略策略,2026-01-31 08:35:30,,回复@我真的不会做T: $ST诺泰(SH688076)$ 没关系，我可以错很多次，只要最终对一次就OK了。我要求不高吧。//@我真的不会做T:回复@我真的不会做T:你挺执着的，一年多了，你没预测对过。。,0,4,0,12124,SH688076,ST诺泰,Android,https://xueqiu.com/1968252884/374193883,0,0,2026-07-08 16:24:00
374198958,9274729217,萤火之约,2026-01-31 09:41:10,,$ST诺泰(SH688076)$ 低开多就买回来，所有利空都已经出尽，接下来不会有更差的消息了。虽然说大涨一波大概率没戏，但是年前的科技股估计也未必会有很好的行情吧～34.5左右开就是极具性价比的位置。,8,6,0,19002,SH688076,ST诺泰,iPhone,https://xueqiu.com/9274729217/374198958,0,0,2026-07-08 16:24:00
374238871,5582810816,leoleo99,2026-02-01 02:05:06,,$ST诺泰(SH688076)$ 对比其他取消ST股，基本上2026.12月附近有高点，601车间产能2025年1季度的情况来推算602车间2026年1季度产能，2026年1季度2亿利润的话，这个高点应该在百元附近，602车间主要生产司美注射液，司美注射液注定会放量，就看哪家的业绩好， 一句话，业绩为王！！！ 以上内容仅供参考，不构成任何投资建议，投资有风险，需谨慎决策,0,3,0,22832,SH688076,ST诺泰,雪球,https://xueqiu.com/5582810816/374238871,0,0,2026-07-08 16:24:00
374241710,8347368287,听风漫步,2026-02-01 02:41:08,,$ST诺泰(SH688076)$利空出尽了，研发驱动未来持续向好诺泰生物发布2025年业绩预告，四季度利润下滑了。主要是由于受行业价格波动、固定成本增加导致的毛利率下降，以及对部分资产计提减值准备等一次性因素影响。此次业绩调整可视为&#34;利空出尽&#34;。公司营收保持稳健增长，核心多肽原料药业务需求依然强劲。更重要的是，公司正加速向研发驱动转型：自主研发的司美格鲁肽片临床试验申请已获受理，标志着口服多肽递送技术平台取得突破；吨级寡核苷酸商业化生产车间将形成新的增长曲线。期待2026年迎来更大的成长空间，希望马到成功吧！,3,7,0,18544,SH688076,ST诺泰,Android,https://xueqiu.com/8347368287/374241710,0,0,2026-07-08 16:24:00
374267406,1029425262,有恩的涨停宗师,2026-02-01 08:54:16,,"$ST诺泰(SH688076)$ 看了25年的年报预告，谈点看法。其中关于25年财务数据的部分算是中性的猜测，但大概率是对的。关于26年的展望部分，是基于现有财务数据逻辑推导，决非凭空预测。1，说到25年的利润，先普及一下财务知识：资产减值（除了个别特殊突发情况）与商誉减值都是进入经常性损益的。所以预告里扣非净利润是扣减了资产减值的。扣除资产减值之前的四季度的经营利润大约多少呢？可以估算一下：1，2，3季度的毛利率分别是70 ，68 ，66，一般来说单季度的毛利率不会断崖式下跌的，那么我们按60%算吧，营收大约4亿，假设费用与三季度持平，净利润大约60,00万，即使费用比3季度多一些，净利也有小几千万，算3000万吧。按照预告的中值3.95亿，可以推出资产减值大约在8000万至1.1亿之间。资产减值的项目是哪些呢，主要项目不会是存货，看财务报表里每个季度都有存货减值，4季度多减一点倒有可能，不可能一次性减那么多。猜测主要项目是应收账款，可能收回可能收不回的就先减了再说，另外一个更便于操作的是，新产能建起来之后旧的产线评估值低了自然就能减值了，但其实如果生产需要还是可以用的，完全没有任何损失。至于罚款，按规则肯定计入了25年的非经常性损益，也必须计入，除非他们还想和证监会继续打官司。前三季有非经常性收益7,00万左右，猜测四季度可能还有个1000万左右的非经常性收入，扣除罚款4700万，年度非经常性损益3000万。综上所述，25年如果不计资产减值的话，扣非净利润应该是4.8至5.1万之间，换句话说，如果不财务洗澡的话，扣非净利润应该增长20%以上。2，展望一下26年，营业收入继续增长肯定没有问题，三季报发布后我发过一个帖子谈从存货推导未来一年左右的销售收入，注意是推导不是预测，关于存货又要普及一下，存货里并不都是产成品，也包括原材料、半成品、在制品。产成品也并不都在都压在仓库里，很多已经发往了客户，但多肽原料药的验收周期很长，在验收完成之前没有确认收入都计入存货。担心存货压在仓库里卖不出去，完全是多余的。从半年报可以看到增长的存货里原材料增长速度最快。这种以销定产的企业原材料的增加意味着新订单的增加，存货的增加意味着未来一年销售额的增加。猜测他们胡乱备货或者胡乱扩建产能是没有必要的。虽然现在是职业经理人在经营，但实控人是私人老板，钱不会乱花的。既然营业收入会继续增加，那么费用端呢，首先新产能的建设基本都已经转固（除了延迟的那个），固定资产折旧不会再大幅增加了，生产端的人员也基本到位了，随着产能爬坡，这些都是提升毛利率的积极因素，原料药的价格经过几轮下跌，现在处于低位横盘期，短时间很难再次大幅下跌，因为很多新增产能都还是在规划建设阶段。这样毛利率即使下跌的空间也不会太大。（其实毛利率不能看季度环比的，24年四季度从68%降到62%，25年一季度又回到了70%。）管理费用与销售费用即使有增长也不会超过销售收入的增长，研发费用不好说。总体来看，只要销售收入增长，净利润应该也是会同步增长的。叠加一些其他因素，比如司美格鲁肽专利到期，仿制药的商业化阶段总是比注册阶段用量要大的，如果能爆发，那就是彩蛋了。即使不能爆发稳定增长是没问题的。另外再问一下为什么要这样地大洗澡呢？有理由猜测是为了26年的净利润增长率。提高26年净利润增长率的目的又是什么呢？哈哈。公司23年搞了一个股权激励计划，是以营业收入作为考核条件的，23、24、25年三期已经达成。后面呢？",6,24,1,41224,SH688076,ST诺泰,iPhone,https://xueqiu.com/1029425262/374267406,0,5,2026-07-08 16:24:00
374269823,1029425262,有恩的涨停宗师,2026-02-01 09:25:23,,$ST诺泰(SH688076)$ 问一下为什么要这样地大洗澡呢？有理由猜测是为了26年的净利润增长率。提高26年净利润增长率的目的又是什么呢？哈哈。公司23年搞了一个股权激励计划，是以营业收入作为考核条件的，23、24、25年三期已经完成。后面呢？,0,10,0,22633,SH688076,ST诺泰,iPhone,https://xueqiu.com/1029425262/374269823,0,1,2026-07-08 16:24:00
374284371,4308113781,黄牛_金牛,2026-02-01 12:30:09,,$ST诺泰(SH688076)$ 说点乐观的，所有的利空都在2025年出尽，罚款，减值，毛利下降，包括股价的下跌等等等等，就为了2026年的爆发。相信它否极泰来吧！2026年是国内司美格鲁肽仿制药的爆发之年。,3,16,0,20224,SH688076,ST诺泰,雪球,https://xueqiu.com/4308113781/374284371,0,1,2026-07-08 16:24:00
374310452,1593246071,何福安,2026-02-01 23:54:21,,$ST诺泰(SH688076)$谁知道诺泰的司美格鲁肽仿制药，现在进度到哪儿了，啥时候能3期结束,0,6,0,10957,SH688076,ST诺泰,Android,https://xueqiu.com/1593246071/374310452,0,0,2026-07-08 16:24:00
374320986,4721145458,给我一把大宝剑,2026-02-02 01:24:19,,$ST诺泰(SH688076)$ 还行，四平八稳的,0,4,0,12783,SH688076,ST诺泰,Android,https://xueqiu.com/4721145458/374320986,0,0,2026-07-08 16:24:00
374328670,2183105356,令狐冲0811,2026-02-02 01:43:30,,$ST诺泰(SH688076)$ 纯粹放屁，有的大v卖着票，别人对票有问题，问就说人家问的比较菜，不想回答，嘲笑一番，有买家再问就拉黑，还嘲笑人家，大家忍受你的阴阳怪气，只要能挣钱，还说票是长线，要长期拿，拿了七个多月了，还亏二十个点，如果拿十年回本，有什么意义，草，钱你挣了，有本事别拉黑。,29,16,0,32532,SH688076,ST诺泰,Android,https://xueqiu.com/2183105356/374328670,0,0,2026-07-08 16:24:00
374339315,3237139935,聚焦企业内在价值,2026-02-02 02:06:54,关于诺泰生物的阶段性思考！,目前就是跟进一下2025年的业绩预告，做一下分析和思考下面是给的业绩预告的解读：拆细=&gt;1. 营收保持稳健增长公司预计营业收入将增加约 2.75亿元至3.75亿元 。这表明公司在多肽或相关生物制药市场的份额仍在扩大，产品需求依然旺盛。2. 毛利率下滑拖累利润尽管收入在涨，但利润表现却不如人意，主要原因有二：市场价格战： 受行业价格波动影响，产品单价可能有所下调 。固定成本上升： 公司固定成本增加，导致毛利率水平同比出现下降 。3. 资产减值的影响预告提到公司对相关资产计提了减值准备 。这通常涉及存货跌价、坏账准备或固定资产减值，直接冲减了当期的净利润。4. “扣非”利润高于“归母”利润一个值得关注的细节是：预计的扣非净利润（3.4亿-4.5亿）的下限和上限均高于归母净利润（3.1亿-4.2亿）。这暗示公司在2025年可能承担了较大的非经常性损益亏损（例如投资损失、营业外支出等）。继续看看2025年前三季度的情况1.2025年前三季度数据拆解2.第四季度 (Q4) 预计数据的反转将全年业绩预告与前三季度已披露数据进行对比，可以推算出第四季度的异常波动：预计营收 (Q4)：3.73 亿元 ~ 4.73 亿元对比： 环比第三季度（4.79亿）有所缩减，显示年底订单交付或价格执行受到压力。预计净利润 (Q4)：-1.35 亿元 ~ -0.25 亿元（亏损）逻辑： 全年净利预告上限仅为4.2亿，而前三季度已经赚了4.45亿。这意味着第四季度不仅没盈利，还吞掉了前三季度约 0.25亿至1.35亿的利润。这里面的问题就出来了 =》前三季度的辉煌与第四季度的亏损形成了鲜明对比，问题就是“为什么增收不增利”？1.“前高后低”的价格走势： 上半年受益于多肽（司美格鲁肽等）API的短缺和高溢价，利润丰厚；但进入第四季度，随着行业新增产能释放，单价可能出现了较大幅度的调整。2.年终计提的“财务洗澡”： 公司明确提到计提了资产减值准备。由于Q4营收并未断崖式下跌，利润转负的主要原因大概率是年终审计时，对存货、固定资产或应收款项进行了一次性的大额减值计提。3.ST因素的潜在费用： 作为“ST诺泰”，公司在下半年可能面临更高额的合规成本、法律咨询费或此前立案调查相关的后续支出，这些行政和管理费用往往在年底集中结算。下面就是一个一个来分析了。1.单价是否出现较大的调整？公司的核心销售产品是多肽原料药（尤其是GLP-1系列）及小分子CDMO业务是公司目前最核心的收入来源 。多肽原料药（GLP-1主线）：司美格鲁肽（索马鲁泰）：公司目前以化学合成路线为主 。替尔泊肽：公司主要的GLP-1原料药品种，原料稳定性良好，效期达两年以上 。利拉鲁肽：也是核心的多肽原料药生产品种 。小分子CDMO业务：与多肽业务共同支撑了公司2024年度57.21%的营收增长。先看公司的看法=》公司认为替尔泊肽、司美格鲁肽、利拉鲁肽等GLP-1产品的长期价格会逐步回归至合理水平 。尽管面临价格波动风险，但公司通过全球化布局（拓展东南亚、南美、俄罗斯等市场）及连续流等技术降本手段，能够有效对冲波动并锁定利润率 。目前的情况如何？1.总体趋势：快速下行，并逐步进入“普惠时代”。继续=》2.核心驱动因素分析A. 专利悬崖（2026年是关键年）司美格鲁肽： 诺和诺德的司美格鲁肽化合物专利于 2026 年 3 月 在中国失效。目前已有超过 10 家国内药企（如正大天晴、石药集团等）提交了仿制药申请。为了在仿制药上市前锁定用户，原研药企已经开始主动降价。利拉鲁肽： 专利早已到期，国产仿制药（如华东医药等）的竞争已将其价格拉低至极具竞争力的水平。B. 政策干预与医保谈判中国市场： 2025 年底至 2026 年初，替尔泊肽等新型药物通过医保谈判，价格降幅普遍超过 80%。在某些省份，单针价格已降至 百元以内。国际市场： 美国政府通过《通胀削减法案》（IRA）等政策施压，GLP-1 药物在美月费预计从 1000+ 美元大幅降至 300 美元以下（部分协议甚至低至 245 美元）。C. 产能爆发与成本降低早期的价格高企部分源于“缺货”。随着礼来和诺和诺德在全球范围内巨资扩建工厂，以及国内原料药产能的过剩，供应链成本正在大幅稀释。3.长期预期从“奢侈品”变“日用品”： 以往每月数千元的治疗费用，正逐步降至每月数百元（医保后可能更低），这将极大提升减重药物的渗透率。剂型迭代影响价格： 虽然注射剂在降价，但厂家正转向口服剂型（如口服司美格鲁肽、替尔泊肽口服版）以维持高利润。未来，注射剂将成为低价基础款，而更便捷的口服药可能暂时保持较高溢价。多靶点药物的竞争： 随着信达生物（玛仕度肽）等国产创新双靶点药上市，市场竞争从“单打独斗”变为“群雄逐鹿”，这种竞争将长期压制价格回升的可能性。一句话，持续降价，进入普惠阶段。那么这个四季度大概率是这个情况了。1成立。那么继续看22.年终计提的“财务洗澡”： 公司明确提到计提了资产减值准备。由于Q4营收并未断崖式下跌，利润转负的主要原因大概率是年终审计时，对存货、固定资产或应收款项进行了一次性的大额减值计提。2025年底到2026年初，全球 GLP-1（司美格鲁肽、替尔泊肽）市场价格战爆发，终端药价“腰斩”。诺泰作为上游原料药（API）供应商，其存货价值面临巨大的减值压力。这一点是成立的。营收持续增长，说明客户还在。第一点：存货跌价准备（最大出血点）背景： 2024-2025年，诺泰为了应对 GLP-1 的全球热潮，大量备货多肽原料药。逻辑： 2026年初司美格鲁肽等药物价格崩盘（跌幅达 50%-80%），导致上游原料药市场价远低于当初的生产成本。推演： 审计时，会计师会根据“成本与可变现净值孰低”原则，要求计提巨额存货跌价准备。Q4 利润转负，很可能就是因为这一项计提冲销了前三季度的所有净利。第二点：商誉与无形资产减值背景： 公司此前存在技术转让造假（如与浙江华贝的交易）。逻辑： 监管层已经定性部分交易“不具有商业实质”。推演： 相关研发项目、专利权或因收购产生的商誉，在 2025 年底需要重新评估。如果这些项目无法产生预期现金流，必须一次性计提减值。第三点：固定资产减值（产能过剩）背景： 诺泰在 2024 年大举借款（约 13 亿）进行激进扩张和产能建设。逻辑： 当行业从“缺货”转向“价格战”时，部分新建生产线可能面临开工不足或技术迭代导致的过时。推演： 计提固定资产减值准备，将扩张步子迈大导致的“冗余成本”提前消化。开工不足的可能性不大，更大的可能性还是折旧这块。所以至少目前看，诺泰生物 Q4 利润转负，并不是业务真的“卖不动了”，而是“账算清楚了”。这种“财务洗澡”的逻辑是：在最烂的一年，把所有的坏账和损失都认掉。 这样一来，2026 年公司只要能维持正常的原料药出货，其财务报表就会更好看一些，而且诺泰目前最核心的点，其实是限制了5年不能在资本市场融资，也就是要靠自身造血，那么剩下的就是银行授信，这一点是至关重要的。那么问题来了 =》诺泰生物想要继续拿到银行的授信 需要做哪些？根据 2026 年 1 月公告，公司计划申请总计 60 亿元 的综合授信。这个举措其实很明显，就是用来替代向二级市场融资的。然后通过这个阶段的自身造血，用新增产能产生的现金流覆盖掉利息和本金，至少先还掉利息。那么问题来了？ 诺泰还有多少牌可以打？诺泰生物必须在以下四个层面完成“自救”与“证明”：1. 财务真实性的“终极证明” (2025年报审计)由于此前存在虚增营收的前科，2025 年度的财务报表是银行放款的“生死簿”。无保留意见审计报告： 必须确保 2025 年报被会计师事务所出具“标准无保留意见”。如果出现“带强调事项段”或“保留意见”，绝大多数国有银行和全国性股份制银行会立刻收回授信。解释“财务洗澡”的合理性： 银行需要看到公司通过 2025 年的大额计提，已经把历史包袱（如与浙江华贝的虚假交易、高价库存等）彻底甩掉，证明 2026 年的盈利是“干净”且“可持续”的。2. 现金流与偿债指标的硬性合规银行授信不看“纸面利润”，看的是真金白银。经营性现金流转正： 在 GLP-1 市场价格战剧烈的背景下，公司需要证明其原料药（API）出货仍能带来稳定的现金流入，以覆盖利息。资产负债率警戒线： 诺泰在 2026 年 1 月的公告中特别提到，部分子公司（如杭州诺泰诺和）资产负债率可能超过 70%。公司必须通过增加资本公积或优化债务结构，防止核心子公司的负债率失控，否则银行会自动触发风险预警关停额度。3. 合规体系的“推倒重建”银行对 ST 公司的授信，本质上是对其治理结构的不信任。实控人隔离与信用背书： 处罚公告显示实控人赵德中、赵德毅曾指使造假。银行现在更看重职业经理人团队（如现任董事长、总经理）的独立决策权。公司需要向银行展示新的内控手册和三会（董事会、监事会、股东大会）运作的合规记录。专项风险排查： 银行通常会要求诺泰针对“可转债募资用途”进行专项审计，证明募集资金确实投入到了 GLP-1 产能扩建等实体项目中，而非被挪用。4. 利用 GLP-1 行业的“刚需”属性进行信用对冲尽管有造假污点，但诺泰作为 GLP-1 产业链核心供应商的地位是其最大的筹码。锁定大客户长单： 向银行出示与跨国药企（国外仿制药龙头）或国内头部仿制药企的长期供货合同。订单就是最好的信用担保。争取政策性/专项贷款： 2026 年国家对“先进制造”和“生物医药创新”仍有贴息支持（如 2% 左右的经营贷）。诺泰通过申请这些具备政策背书的专项贷款，可以变相获得银行的信用认可。更直白一些的话，诺泰进入了市场的考验期，新的问题来了=》那么根据诺泰生物的现金状况，以及减肥药的市场情况，诺泰生物有多大可能完成这个背着负债挖金矿的考验阶段？第一个视角：现金流与负债压力评估：勉强支撑，依赖银行“输血”根据 2026 年 1 月的最新公告，诺泰生物正试图申请高达 60 亿元 的综合授信。这传递了两个矛盾的信号：资金渴求： 公司目前现金压力极大。2023 年发行的可转债募资已使用超过83%，而新的募投项目（1.32 亿元规模）已宣布延期至 2026 年底。这意味着短期内无法贡献利润，反而持续吞噬现金。负债红线： 核心子公司（杭州诺泰诺和）的资产负债率已超过 70%。在银行风控体系中，这是非常危险的信号。可能性推演： 只要 60 亿授信能批下来（哪怕只批下一半），公司就能平稳度过 2026 年的设备调试期和专利到期冲击波。若授信受阻，公司将面临严重的流动性危机。能把钱借到手才是王道！第二个视角：减肥药市场“量价博弈”评估：以量补价，护城河尚在减肥药（GLP-1）市场的逻辑已经从“暴利”转向“规模效应”。价格战冲击： 2026 年司美格鲁肽专利到期，仿制药涌入。诺泰作为原料药（API）供应商，单价必然大幅下降。产能优势： 诺泰的优势在于它是国内少数拥有多肽原料药大规模合规产能的企业。虽然单价跌了，但随着药价下降，全球用药人口将呈指数级增长。可能性推演： 诺泰能否活下来，取决于它的成本控制能力。如果它的生产成本能随规模扩大而同步下降，保持 30% 左右的毛利率，它就能在“后专利时代”继续作为卖水人存在。第三个视角：法律与合规“摘帽”战评估：信誉修复需要时间公司目前戴着“ST”帽子，这是其最大的软肋。合规成本： 2025 年的处罚和审计将使公司在 2026 年面临极高的合规支出。摘帽前景： 如果 2025 年度的“财务洗澡”足够彻底，且 2026 年一季度报表能展现出真实的经营性盈利，公司最快可能在 2026 年中下旬申请摘帽。从整体渡过危机的概率的角度讲，7成吧，这个主要是GLP-1 赛道 是生物医药领域十年一遇的“长坡厚雪”，这赋予了公司极强的容错率。多肽药物进入“全适应症爆发期” (概率贡献：+30%)到 2028-2030 年，随着 GLP-1 及相关多肽类药物从减肥、糖尿病向 MASH、阿尔茨海默症、慢性肾病等慢性大病种扩展，并伴随多靶点与联合疗法的发展，全球多肽原料药的总体需求有望在中长期内从当前的吨级规模，逐步迈向数十吨甚至百吨级的产业级别。诺泰只要保住现有的产能梯队，即使利润率被压低，总营收规模也将极其惊人。重资本门槛形成的“寡头格局” (概率贡献：+20%)多肽合成（尤其是固液结合技术）具有极高的环保和技术门槛。银行之所以在它爆雷后仍可能给它 60 亿授信，是因为在这个领域，有钱也买不到“成熟的产能”。未来 5 年，诺泰作为行业前三的地位很难被后来者通过价格战彻底击垮。管理层出清与治理结构优化 (概率贡献：+15%)在 5 年的时间跨度内，随着监管处罚的尘埃落定，公司大概率会完成管理层甚至是实控人的深度更迭。通过引入国资背景或更专业的职业经理人，可以彻底洗清“财务造假”的品牌污点，重新获得资本市场的信任。最可能的推演：诺泰生物目前像是“住进重症监护室的亿万富翁”。虽然它的财务信用破产了，但它手里握着的多肽生产能力是稀缺资源。在 2026-2030 年这个全球减肥药需求激增的窗口期，只要它的工厂不停产，巨大的市场需求会强行推着它走出危机。这种“带病生存”的情况在医药工业史上并不罕见，通常的结局是：经历 2-3 年的极度痛苦（低利润、高利息），然后通过一两份全球性大单实现彻底的翻身。中间的过程都是边走边看了，2026年注定是一个量增价减的一年，诺泰生物最艰难的一年也在于此，2026-2027年熬住，后面就会越来越好过了。至于利润，目前其实需要看2025年年报给出的毛利率情况，因为需求暴增是必然的了，但价格下降也是必然的，所以规模化领先于同行的生产成本，大规模低成本产能，是核心。8亿利润在的话 20-25倍估值，就有160-200亿市值的预期。这块可还是没有算小核酸药物爆发，也就是寡核苷酸那块的，那块未来大概率贡献业绩。就这些！$ST诺泰(SH688076)$ $圣诺生物(SH688117)$ $奥锐特(SH605116)$@雪球 @今日话题,28,45,2,89999,SH688076,ST诺泰,雪球,https://xueqiu.com/3237139935/374339315,0,42,2026-07-08 16:24:00
374365795,6245095476,马四里,2026-02-02 03:21:20,,$ST诺泰(SH688076)$ 发布重大消息后成交量没有大幅波动，死气沉沉，一个是都被套牢，而且是长时间套牢，不愿意出来。另一个是场外人觉得不够便宜，没必要进入。,4,7,0,13088,SH688076,ST诺泰,Android,https://xueqiu.com/6245095476/374365795,0,0,2026-07-08 16:24:00
374393299,6998822874,冯斯特洛夫斯基,2026-02-02 05:33:23,,$ST诺泰(SH688076)$ 加仓！加仓！持有牛多肽吃不上肉，也喝不着汤！,0,4,0,8321,SH688076,ST诺泰,Android,https://xueqiu.com/6998822874/374393299,0,0,2026-07-08 16:24:00
374402426,5965504236,空仓取现养家12,2026-02-02 06:01:32,,$ST诺泰(SH688076)$ 你自己看看这都跌成啥样了,2,12,0,11158,SH688076,ST诺泰,iPhone,https://xueqiu.com/5965504236/374402426,0,1,2026-07-08 16:24:00
374407262,5536931131,一年赚10个点的男人,2026-02-02 06:18:50,,今天的走势符合预期#上证指数# $ST诺泰(SH688076)$,0,2,0,18954,SH688076,ST诺泰,Android,https://xueqiu.com/5536931131/374407262,0,0,2026-07-08 16:23:58
374410050,9274729217,萤火之约,2026-02-02 06:28:36,,$ST诺泰(SH688076)$ 医药类行业的单季度业绩是非常不可靠的，参考同行翰宇、圣诺、还有诺泰自身过去年份的业绩都是这样，常常会出现把业绩集中放在部分季度的情况。所以4季度业绩也就是个参考。,2,6,0,14466,SH688076,ST诺泰,iPhone,https://xueqiu.com/9274729217/374410050,0,1,2026-07-08 16:23:58
374418209,7998728879,千亿诺泰,2026-02-02 06:54:12,,$ST诺泰(SH688076)$ 然而阿泰早已料到下午大盘会跳水，他提前跳了，厉不厉害你泰哥,0,2,0,11338,SH688076,ST诺泰,iPhone,https://xueqiu.com/7998728879/374418209,0,0,2026-07-08 16:23:58
374420662,6245095476,马四里,2026-02-02 07:01:24,,$ST诺泰(SH688076)$ 大单都是对倒，小单在出货，下个节点应该看一季度表现了。现在减肥药市场，原研药不愿意放弃这个大蛋糕，仿制药时代还没来，就已经在挤压生存空间了，还有大批扩产的，不出意外都会被礼来个诺和诺德挤死。4季度业绩只是第一次在验证原研药的竞争力度。,1,3,0,21023,SH688076,ST诺泰,Android,https://xueqiu.com/6245095476/374420662,0,0,2026-07-08 16:23:58
374422085,6245095476,马四里,2026-02-02 07:05:02,,$ST诺泰(SH688076)$ 还有那些，把计提当利空出尽的，慢慢解读吧,0,2,0,12264,SH688076,ST诺泰,Android,https://xueqiu.com/6245095476/374422085,0,0,2026-07-08 16:23:58
374423312,6245095476,马四里,2026-02-02 07:08:15,,$ST诺泰(SH688076)$ 如果一上来有人借着利空砸下去，那是准备吃货拉升。现在钝刀子割肉，那这叫出货,1,6,0,12772,SH688076,ST诺泰,Android,https://xueqiu.com/6245095476/374423312,0,0,2026-07-08 16:23:58
374442617,6991900864,物胜于心,2026-02-02 08:29:16,,$ST诺泰(SH688076)$ 问了AI，专利没到期之前仿制药厂商是不能提前备货的。那就意味着，很可能一季度业绩不会太美好,1,3,0,16437,SH688076,ST诺泰,Android,https://xueqiu.com/6991900864/374442617,0,0,2026-07-08 16:23:58
374446651,7286259804,老玛歌2020,2026-02-02 08:49:20,,"1397，$ST诺泰(SH688076)$ 2025年业绩预告。→_→财务表现关键数据- 营收：预计19-20亿元，同比增长16.94%-23.09%- 扣非净利润：预计3.4-4.5亿元，与2024年实际值40,782万元（约4.08亿元）基本持平，甚至略有下降- 毛利率：2025年Q1为70.2%，较2024年Q3的73.3%下降3.1个百分点- 研发费用：2025年研发投入3.72亿元，同比增长178%，资本化率38.83%（较2024年6.54%大幅提升）→_→这个数字不一定准确，有待检查。二、扣非净利润持平，增收不增利的三大核心原因1. 行业价格战提前爆发- GLP-1原料药价格下行：2025年Q4毛利率已降至62.2%，较Q1下降8个百分点，主要受司美格鲁肽、利拉鲁肽等主力产品价格承压影响- 产能过剩预期：全球多肽原料药产能加速扩张（诺泰自身产能从1.6吨增至11.6吨/年），导致价格提前松动，抵消了销量增长带来的利润- 价格-销量弹性失衡：营收增长20%仅带来利润微增，表明价格下降幅度已接近或超过销量增长幅度，这是行业竞争加剧的典型信号2. 产能扩张带来的固定成本激增- 新增产能折旧压力：- 2025年初连云港601车间（5吨多肽产能）投产- 7月建德工厂七车间新增22万升GMP产能投产- 导致折旧、人工等固定成本短期内大幅增加- 产能利用率不足：2025年Q1-Q3产能利用率仅65%（合同负债5.3亿元对应产能价值约8亿元），新产能从投放到满产需爬坡期，收入贡献滞后于成本支出- 寡核苷酸车间建设投入：预计2025年10月投产的寡核苷酸车间（设计产能1000公斤/年）处于建设末期，相关费用计入2025年报表3. 研发资本化率提升仅部分抵消利润下滑- 研发费用激增：2025年研发投入3.72亿元，同比增长178%，重点投向多肽/寡核苷酸技术平台及AI制药- 资本化率提升：38.83%的资本化率（较2024年6.54%大幅提升），将部分研发支出计入无形资产而非当期费用- 但资本化率接近行业上限：医药行业研发资本化率通常在30%-40%之间，诺泰38.83%已接近行业上限，若进一步提高资本化率将面临监管质疑- 关键验证：若研发费用全部费用化，扣非净利润将减少约1.43亿元（3.72亿元×38.83%），导致扣非净利润为2.0-3.1亿元，同比下降约50%→_→行业对比与验证1. 同行企业表现- 翰宇药业：2025年Q1-Q3营收12.6亿元，同比增长18.5%，扣非净利润2.8亿元，同比增长24.3%- 圣诺生物：2025年Q1-Q3营收8.4亿元，同比增长22.1%，扣非净利润1.9亿元，同比增长31.6%- 对比分析：诺泰生物营收增速与同行相当，但扣非净利润增速明显偏低，印证了其面临更严峻的价格战和成本压力2. 关键财务指标验证- 毛利率变化：2024年Q3为73.3%，2025年Q1为70.2%，Q4降至62.2%，下降趋势明显- 研发费用占比：2025年研发费用占营收19.2%（3.72亿元/19.4亿元），较2024年提升12.7个百分点- 产能利用率：2025年Q1-Q3产能利用率65%，低于行业平均水平（80%+），规模效应未完全释放→_→对2026年做个预测1. 价格战的实质与影响范围- 价格战已提前启动：2025年Q4毛利率降至62.2%，较Q1下降8个百分点，证实价格战已提前爆发，主要受司美格鲁肽、利拉鲁肽等主力产品价格承压影响- 价格战影响范围：原料药价格从2024年Q3的73.3%降至2025年Q4的62.2%，降幅达11.1个百分点，但诺泰生物凭借成本较行业平均低40%的优势，仍维持60%+毛利率- 2026年预测调整：2026年毛利率预测从2025年Q1的70.2%下调至65%-68%，充分反映价格战对利润空间的压缩2. 价格战与产能扩张的动态平衡- 产能扩张节奏：2025年多肽原料药产能达11.6吨，2026年连云港基地二期新增产能，总产能将达170kg，但产能利用率从65%提升至85%+是关键- 价格-销量弹性：即使价格下降15%-20%，只要销量增长25%-30%，营收仍可增长8%-10%，而诺泰2026年预计销量增长35%+，可抵消价格战影响- 产能利用率提升：2025年Q1-Q3产能利用率仅65%，2026年提升至85%+后，单位成本下降15%-20%，部分抵消价格战影响→_→AI告诉我这货还是有点优势有点绝活的，比如→_→- 技术壁垒：诺泰生物采用固液融合多肽合成技术，单批次产量达10公斤级（行业平均仅3公斤），纯度≥99%，成本较行业平均低40%- 成本结构优势：2025年Q1毛利率70.2%，即使价格下降20%，毛利率仍可维持在56%左右，高于行业平均45%-50%- 产能规模效应：2026年产能利用率提升至85%+后，单位成本再降15%-20%，进一步巩固价格战中的竞争优势2. 口服剂型需求爆发提供新增长点- 口服多肽市场爆发：翰宇药业HY3003口服制剂（生物利用度提升至20%+）获批，同等疗效下原料需求降幅达40%，但口服剂型市场空间扩大3-5倍- 诺泰布局口服剂型：2025年Q3已启动口服司美格鲁肽原料药研发，预计2026年Q2进入临床，口服剂型将贡献15%-20%的营收增量- 市场空间测算：口服司美格鲁肽市场空间预计达300-400亿元，是注射剂的2-3倍，诺泰作为核心原料供应商将显著受益3. 产能利用率提升是利润增长关键- 产能爬坡周期：2025年Q1-Q3产能利用率仅65%，2026年提升至85%+，产能释放带来20%-25%的营收增量- 固定成本摊薄：产能利用率每提升10个百分点，单位固定成本下降8%-10%，直接提升毛利率2-3个百分点- 订单储备充足：2024年末合同负债金额达6121万元，较2023年末增长629.88%，2025年已签订3.5亿元东南亚订单，2026年订单储备充足→_→2026年预测的量化验证1. 营收预测验证- 基础数据：2025年营收19-20亿元，产能利用率65%，产能11.6吨- 2026年增量：- 产能利用率提升至85%：+20%营收增量（约3.8-4亿元）- 口服剂型需求爆发：+15%营收增量（约2.85-3亿元）- 价格战影响：-15%营收影响（约2.85-3亿元）- 净增量：3.8+2.85-2.85=3.8亿元，对应2026年营收22.8-23.8亿元。2. 利润预测验证- 基础数据：2025年扣非净利润3.4-4.5亿元，毛利率62.2%- 2026年增量：- 产能利用率提升：+15%利润增量（约0.5-0.7亿元）- 口服剂型高毛利：+10%利润增量（约0.34-0.45亿元）- 价格战影响：-20%利润影响（约0.68-0.9亿元）- 研发资本化率提升：+5%利润增量（约0.17-0.23亿元）- 净增量：0.5+0.34-0.68+0.17=0.33亿。→_→结论：2026年预测已充分考虑2025年价格战影响，核心逻辑在于成本优势抵消价格战影响+产能利用率提升摊薄固定成本+口服剂型需求爆发提供新增长点。若产能利用率提升至85%+且口服剂型研发顺利，2026年营收25-27亿元、扣非净利润4.5-5.5亿元的预测具备合理性。风险可以观察2026年Q1-Q2的产能利用率变化与口服制剂研发进展，此为验证预测准确性的关键窗口。→_→基于上面的瞎蒙型预测做个瞎搞型估值1. DCF模型估值（自由现金流折现法）- 关键参数设定：- 2026年营收预测：25.8亿元（基于产能利用率提升至85%+及口服剂型需求爆发）- 毛利率：66.5%（考虑价格战影响，较2025年Q1下降3.7个百分点）- 自由现金流：约7.2亿元（扣除研发、资本支出等）- WACC：8.5%（参考行业平均水平）- 永续增长率：0.5%（保守估计行业长期增长）- 当前现金储备：5.8亿元（2024年年报数据）- 计算过程：- 2026年企业价值 = 自由现金流 ÷ (WACC - 永续增长率) = 7.2 ÷ (8.5% - 0.5%) = 90亿元- 加上现金储备5.8亿元，减去债务（假设为0），得到总估值95.8亿元- 按总股本2.11亿股计算，DCF估值为45.4元/股- 敏感性分析：- 若WACC降至7.5%，估值升至50.2元/股- 若永续增长率升至1.0%，估值升至47.9元/股- 若自由现金流增加10%，估值升至49.9元/股2. 相对估值法（PE倍数法）- 2026年扣非净利润预测：5.5亿元，同比增长22%- 可比公司PE倍数：- 多肽CDMO行业平均PE：30-35倍（参考药明康德、凯莱英等）- 给个30倍我都觉得太贵，先将就一下吧，165亿折合52块钱。→_→主要是我没想到这货的营收增速这么慢，$翰宇药业(SZ300199)$ 的营收增速是73%，也没想到利润增速输给别人这么多，$圣诺生物(SH688117)$ 的扣非净利润增速是+260%。3. 行业比较与特殊因素调整- 多肽原料药行业估值特点：- 高景气度溢价：GLP-1类药物市场2024年876亿美元，预计2030年达1,419亿美元，行业年增速17.9%- 产能稀缺性：2026年全球产能约95.3万吨，中国第三方产能仅32.05吨，短期紧平衡无过剩风险- 技术壁垒溢价：诺泰生物单批次产量10kg（行业平均3kg），纯度99.9%+，成本较行业低40%- 特殊因素调整：- ST风险折价：因历史财务问题被ST，需给予5-10%折价- 专利到期红利：2026年3月司美格鲁肽专利到期，带来仿制药订单爆发- 口服剂型增量：口服制剂需求量是注射剂的100-150倍，带来额外增长空间→_→总而言之，虽然这笔投资还是赚钱的，但已经是越来越少了。只能盼望2026年摘掉st帽子后有点回升吧。也希望2026年产能爬坡后，原料药可以多卖一点",0,19,1,63118,SH688076,ST诺泰,Android,https://xueqiu.com/7286259804/374446651,0,6,2026-07-08 16:23:58
374457342,0,ST诺泰(SH688076),2026-02-02 09:46:01,,ST诺泰：国浩律师（杭州）事务所关于江苏诺泰澳赛诺生物制药股份有限公司2026年第一次临时股东会法律意见书 网页链接,0,4,0,26926,SH688076,ST诺泰,公告,https://xueqiu.com/S/SH688076/374457342,0,0,2026-07-08 16:23:58
374457343,0,ST诺泰(SH688076),2026-02-02 09:46:01,,ST诺泰：2026年第一次临时股东会决议公告 网页链接,0,5,0,22104,SH688076,ST诺泰,公告,https://xueqiu.com/S/SH688076/374457343,0,0,2026-07-08 16:23:58
374483156,7668100301,待得粉残红,2026-02-02 13:14:40,,$ST诺泰(SH688076)$ 明天如果新低，就满仓干吧,1,3,0,10591,SH688076,ST诺泰,Android,https://xueqiu.com/7668100301/374483156,0,0,2026-07-08 16:23:58
374526397,1968252884,策略策略,2026-02-03 00:52:41,,$诺和诺德(NVO)$ $ST诺泰(SH688076)$ 有人说新的三期临床的药物，早有研究。关键在于专利。,2,3,0,11763,SH688076,ST诺泰,Android,https://xueqiu.com/1968252884/374526397,0,0,2026-07-08 16:23:58
374537222,8596480530,大头大头下雨不愁呀,2026-02-03 01:40:05,,$ST诺泰(SH688076)$ ，，果然是深不见底呀,0,5,0,6209,SH688076,ST诺泰,雪球,https://xueqiu.com/8596480530/374537222,0,0,2026-07-08 16:23:58
374550465,8296981195,2528658popo,2026-02-03 02:12:14,,$ST诺泰(SH688076)$ ST诺泰2025年四季度出现单季大额资产减值集中计提，符合财务大洗澡的典型特征，核心结论与判断依据如下：一、核心特征与数据（四季度推算）- 利润断崖式转亏：前三季度归母净利4.45亿元，全年预告3.1-4.2亿元，推算四季度归母净利**-1.35至-0.25亿元**、扣非约**-0.97至0.13亿元**，单季由盈转亏，与前三季度盈利趋势背离 。- 减值集中计提：公司将“计提资产减值准备”列为业绩下滑主因，推算减值规模约0.8-1.5亿元（含减值直接影响与毛利率下滑叠加） 。- 时间节点敏感：2025年12月遭证监会与上交所处罚，处于合规整改期，存在“一次性出清问题、轻装上阵”的潜在动机 。二、财务大洗澡判定要点（快速核对）表格判断维度 核心特征 ST诺泰情况业绩波动 单季利润由盈转亏，与全年/前三季度趋势背离 符合（四季度由盈转亏）减值节奏 集中在某季度计提，非均匀/季节性减值 符合（明确计提减值为下滑主因）动机匹配 重组/整改/换管理层等，需一次性出清 符合（12月处罚，整改期）现金流匹配 营收稳定，经营现金流未同步恶化 待年报验证（营收约3.73-4.73亿元）三、年报落地核实清单（最终定性关键）1. 减值明细：查资产类型（固资/在建工程/存货/应收等）、金额、计提标准，对比历史节奏，判断是否过度集中 。2. 业绩与现金流：若四季度营收稳定、经营现金流未大幅恶化，进一步印证减值主导业绩下滑。3. 审计与合规：关注审计意见是否质疑减值合理性；查看减值是否关联财务造假整改、内控修复，有无追溯调整 。四、后续跟踪与结论- 年报预约4月30日披露，届时核对上述三点即可最终定性。- 若减值集中、与资产实际状况/行业惯例不匹配、现金流未同步恶化，且与整改节点高度相关，则可确认“财务大洗澡”。,0,3,0,9786,SH688076,ST诺泰,Android,https://xueqiu.com/8296981195/374550465,0,0,2026-07-08 16:23:58
374555661,1836681218,琴山涧5686,2026-02-03 02:24:43,,🈹吧🈹吧不是罪，套牢扛着才受累，及时止损不狼狈，留着本金待春晖！扛吧扛吧不是倔，只要逻辑没跑偏，静待花开终有解，熬过低谷便是巅！立春了，接下来是属于春天的故事…$ST诺泰(SH688076)$,3,2,0,13016,SH688076,ST诺泰,Android,https://xueqiu.com/1836681218/374555661,0,0,2026-07-08 16:23:58
374559546,7668100301,待得粉残红,2026-02-03 02:34:11,,$ST诺泰(SH688076)$ 今天开盘补仓套住了，看来得几天才能给红包,0,2,0,8167,SH688076,ST诺泰,Android,https://xueqiu.com/7668100301/374559546,0,0,2026-07-08 16:23:58
374559558,2984793256,潢川新安,2026-02-03 02:34:13,,$ST诺泰(SH688076)$ 己经没有利空了。现在无非杀人的心理承受能力，忍不住，就走吧,0,1,0,4994,SH688076,ST诺泰,Android,https://xueqiu.com/2984793256/374559558,0,0,2026-07-08 16:23:58
374563749,1411175212,逻辑派投资,2026-02-03 02:44:01,,$ST诺泰(SH688076)$ 很久没有发言了；刚刚无意间盯盘时又看到了阿泰；对于营业收入增长幅度、毛利率水平、利润总额、只能说呵呵；从25年10月建仓，仅仅持有几天时间；现在回过头来看，什么财务洗澡的言论只能说呵呵；后续今年一季度的经营压力更大；今年一季度继续财务洗澡；洗的不是自身，而是行业给阿泰洗澡！行业整体降价，会形成增收不增利的普遍趋势。那些喊千亿市值的人消失的无影无踪了!,11,3,0,20484,SH688076,ST诺泰,iPhone,https://xueqiu.com/1411175212/374563749,0,0,2026-07-08 16:23:58
374565360,6245095476,马四里,2026-02-03 02:47:24,,$ST诺泰(SH688076)$ 真话不愿意听，就爱听好话。快点买，主力上货了,0,2,0,8898,SH688076,ST诺泰,Android,https://xueqiu.com/6245095476/374565360,0,0,2026-07-08 16:23:58
374571219,8838671371,ST6124,2026-02-03 03:01:51,,$ST诺泰(SH688076)$ 果然，市场又一次“先知先觉”。逆大盘牛势，盘整不止，阴跌不止，年报预告一出，果然炸雷了。交学费，长一智，预告前夕，及时小幅止损，躲过一劫。真是不能侥幸，防不胜防。,0,4,0,12318,SH688076,ST诺泰,Android,https://xueqiu.com/8838671371/374571219,0,0,2026-07-08 16:23:55
374579475,1588866411,高兴和多多,2026-02-03 03:26:44,,$ST诺泰(SH688076)$ 剑某有没有带你们跑路？走了我再等等,0,8,0,5035,SH688076,ST诺泰,iPhone,https://xueqiu.com/1588866411/374579475,0,0,2026-07-08 16:23:55
374579652,1411175212,逻辑派投资,2026-02-03 03:27:16,,回复@海证: 一个小小的诺泰居然敢狂妄自大的说给诺和诺德施加压力；中国国内的药明康德都不敢这样说或者定位；全行业产能过剩才是根本性的真理；居然还有这样YY的；笑掉大牙哈哈！翻看以前我的帖子，全行业有多少企业在做与诺泰生物一样的产品再来发言；行业内的全部产能是多少？每一家企业分别产能是多少？每家公司给谁供货？搞清楚了这些问题再发言//@海证:[该内容已被作者删除],3,3,0,8650,SH688076,ST诺泰,iPhone,https://xueqiu.com/1411175212/374579652,0,0,2026-07-08 16:23:55
374582343,7588632663,攀爬路,2026-02-03 03:36:26,,$ST诺泰(SH688076)$ 诺泰的不确定性还在四月份一季度报，不知道到时会怎样，再不走出来，等到去st整个牛市都要错过了。太熬人了,0,6,0,8574,SH688076,ST诺泰,Android,https://xueqiu.com/7588632663/374582343,0,0,2026-07-08 16:23:55
374585007,1411175212,逻辑派投资,2026-02-03 03:46:35,,$ST诺泰(SH688076)$ 继续等击球点；多一份耐心；年报具体内容已经不用再看了；看看一季度业绩披露情况再决定；持续观察中！研究这个公司、产品、全球竞争格局去你年还是花费了很多时间成本。,5,4,0,9800,SH688076,ST诺泰,iPhone,https://xueqiu.com/1411175212/374585007,0,0,2026-07-08 16:23:55
374587447,6273602835,做空碳基-做多硅基,2026-02-03 03:58:35,,回复@逻辑派投资: 你怎么算出来产能过剩的？需求都算不出来，何谈过剩呢。未来几年减肥药放量毋庸置疑，我自己也在用，最终片剂更是将成为主流，对原料药更是百倍需求。诺泰和药明十吨级产能，剩下一个能打的都没有。药明抱到礼来的大腿，诺泰没抱到大腿。在25年，不供货礼来和诺和诺德怎么放量？26年专利批量过期，才会放量。//@逻辑派投资:回复@海证:一个小小的诺泰居然敢狂妄自大的说给诺和诺德施加压力；中国国内的药明康德都不敢这样说或者定位；全行业产能过剩才是根本性的真理；居然还有这样YY的；笑掉大牙哈哈！翻看以前我的帖子，全行业有多少企业在做与诺泰生物一样的产品再来发言；行业内的全部产能是多少？每一家企业分别产能是多少？每家公司给谁供货？搞清楚了这些问题再发言,0,3,0,6656,SH688076,ST诺泰,Android,https://xueqiu.com/6273602835/374587447,0,0,2026-07-08 16:23:55
374587996,1411175212,逻辑派投资,2026-02-03 04:01:28,,$ST诺泰(SH688076)$ 诺和及礼来自建多肽原料药产能即将投产；药明康德的10吨都不知道找谁消化；何况诺泰没有绑上任何大腿；诺泰生物国内客户一个都不敢披露；海外客户占比超过70%；自己去查询一下全球多肽化学原料药与成品制剂、注射液、口服剂的竞争格局、供需平衡关系；以及未来产能过剩的行业分析资料！世界顶级巨头但凡能够赚钱的生意都是全产业链搞投资。查询一下两个巨头自建产能的规模、投产时间就会明白了！,6,4,0,25704,SH688076,ST诺泰,iPhone,https://xueqiu.com/1411175212/374587996,0,0,2026-07-08 16:23:55
374588246,8516018305,小韭菜98,2026-02-03 04:03:01,,$ST诺泰(SH688076)$ 继续补充弹药！,0,2,0,6388,SH688076,ST诺泰,雪球,https://xueqiu.com/8516018305/374588246,0,0,2026-07-08 16:23:55
374588746,1411175212,逻辑派投资,2026-02-03 04:06:03,,$ST诺泰(SH688076)$ 这又不是一场辩论赛；基于事实与数据分析得出结论而已！,0,5,0,9904,SH688076,ST诺泰,iPhone,https://xueqiu.com/1411175212/374588746,0,0,2026-07-08 16:23:55
374595015,1411175212,逻辑派投资,2026-02-03 04:46:47,,$ST诺泰(SH688076)$ 截至2026年2月，诺和诺德从未官方披露多肽原料药（API）的具体吨级产能数字，以下为基于公开信息与行业测算的权威结论，同时明确产能完成进度与增量规划。一、核心结论与口径说明• 诺和诺德对核心多肽API（尤其是GLP-1类）坚持100%自建、不外包，产能数据为商业机密，官方仅披露投资、基地与建设进度，不公布吨数。• 已建成产能：以行业测算的实际产量为锚，2023-2024年司美格鲁肽API年实际产量约1.3吨，为当前已建成产能的核心支撑；叠加利拉鲁肽等传统多肽，整体已建成多肽API产能约1.5-2吨/年。• 未来新增产能：以投资规模与基地定位测算，卡伦堡+克莱顿两大核心扩建项目完全达产后，预计新增多肽API产能≥3吨/年，总产能将提升至4.5-5吨/年以上，可覆盖2029年司美格鲁肽API需求（预计超3吨）。二、已建成产能：现状、基地与测算依据1. 已建成核心基地（满产运行）• 丹麦卡伦堡（Kalundborg）：全球GLP-1多肽API核心基地，采用发酵+化学合成复合工艺，承担司美格鲁肽、利拉鲁肽等主力产品API生产，占公司多肽API总产能的80%以上，当前满产无瓶颈。• 丹麦希勒勒（Hillerød）：传统多肽API基地，覆盖老款多肽产品，产能稳定，为补充产能。• 工艺与供应特点：核心API全流程自建，仅非核心中间体少量外购，保障技术壁垒与供应链自主可控。2. 已建成产能测算（吨级）• 核心单品（司美格鲁肽）：2023-2024年全球实际用量约1.3吨/年，对应已建成产能约1.3吨/年（行业测算，匹配同期销售额与制剂产量）。• 整体多肽API：叠加利拉鲁肽等其他多肽产品，已建成总产能约1.5-2吨/年，完全覆盖当前自有制剂生产需求，无供应缺口。三、未来新增产能：在建项目、进度与增量测算1. 核心扩建项目（分阶段投产，2027-2029年全面达产）项目 投资规模 建设内容 关键进度 新增产能贡献丹麦卡伦堡超级扩建 420亿丹麦克朗（约60亿美元） 新建17万㎡多产品API工厂，覆盖发酵、纯化、冻干全流程 2025年末起分阶段交付，2029年全面建成 新增产能≥2吨/年，核心支撑GLP-1系列增量美国北卡克莱顿（Clayton）新厂 41亿美元 API+制剂一体化基地，聚焦GLP-1多肽API 2027-2029年逐步投产，当前建设中 新增产能≥1吨/年，北美本地化供应核心丹麦希勒勒扩建 159亿丹麦克朗 多肽API产能升级，适配未来慢性病管线 2025-2027年分期完成 补充传统多肽产能，增量约0.5吨/年2. 未来产能节奏与总量• 2026年：卡伦堡扩建项目部分产线投产，释放约0.5吨/年增量，总产能提升至2-2.5吨/年。• 2027-2028年：克莱顿新厂、卡伦堡剩余产线集中投产，累计新增≥2.5吨/年，总产能达4-4.5吨/年。• 2029年：所有扩建项目全面达产，总产能稳定在4.5-5吨/年以上，彻底满足全球需求（含口服司美格鲁肽增量）。四、关键补充说明1. 产能与供应瓶颈区分：当前市场供应紧张源于下游制剂灌装（Fill-Finish），而非API产能；诺和诺德API自建产能充足，扩产节奏与制剂产能扩张协同。2. 数据口径提示：吨级产能为行业基于投资、产量、需求的保守测算，官方未证实；实际产能或因工艺优化、良品率提升存在上浮空间。3. 战略核心：自建产能聚焦GLP-1多肽，采用“发酵主链+化学侧链”复合工艺，完全覆盖核心环节，拒绝外包，保障供应链安全与技术垄断。,0,5,0,11437,SH688076,ST诺泰,iPhone,https://xueqiu.com/1411175212/374595015,0,0,2026-07-08 16:23:55
374595231,1411175212,逻辑派投资,2026-02-03 04:48:27,,$ST诺泰(SH688076)$ 截至2026年2月，礼来与诺和诺德的产能策略显著不同：礼来采用“自建+深度外包”双轨模式，核心多肽API（尤其替尔泊肽）高度依赖外部供应商，自建产能占比低、吨级数据未官方披露。以下为基于公开信息与行业测算的完整产能情况。一、核心结论与产能口径• 自建与外包定位：礼来多肽API自建产能仅占总需求的30%-40%，核心产品替尔泊肽约85%的API由药明康德（合全药业）等CDMO供应，自建产能主要用于技术储备、关键中间体与部分核心批次生产，不追求100%自给。• 已建成产能：当前全球多肽API自建产能约0.4-0.6吨/年，以替尔泊肽、度拉糖肽等核心产品为主，集中于美国本土基地。• 未来新增产能：在建扩建项目完全达产后，预计新增自建多肽API产能1.2-1.5吨/年，2030年前后总自建产能将提升至1.6-2.0吨/年，自给率目标提升至70%，仍保留部分外包以平衡成本与弹性。二、已建成自建产能：基地、规模与测算依据1. 已建成核心自建基地（满产运行）基地 位置 核心产品 工艺类型 产能占比印第安纳波利斯（Indianapolis） 美国印第安纳州 替尔泊肽、度拉糖肽API 固相合成+发酵复合 70%，自建产能核心波多黎各（Puerto Rico） 波多黎各 传统多肽API、中间体 化学合成 20%，补充产能德国基地 德国 欧洲市场多肽API 固相合成 10%，区域供应2. 已建成产能测算（吨级）• 核心依据：2024-2025年替尔泊肽全球API总需求约2.0吨/年，礼来自建产能仅满足其中30%-40%，对应0.6-0.8吨/年；叠加度拉糖肽等其他多肽产品，整体已建成自建多肽API产能约0.4-0.6吨/年（保守测算，剔除外包部分）。• 工艺特点：采用固相合成为主、发酵为辅的工艺，与诺和诺德的“发酵主链+化学侧链”路线不同，自建产线聚焦高纯度核心片段合成。三、未来新增自建产能：在建项目、进度与增量测算1. 核心自建扩建项目（分阶段投产，2027-2032年全面达产）项目 投资规模 建设内容 关键进度 新增自建产能贡献印第安纳州API超级扩建 53亿美元 新建替尔泊肽专用API工厂，扩大多肽固相合成与纯化能力 2026年启动建设，2028-2029年逐步投产 新增0.6-0.8吨/年，核心提升替尔泊肽自建比例弗吉尼亚州新基地 20亿美元 多肽API+制剂一体化，聚焦GLP-1系列 2026年部分投产，2027年全面达产 新增0.3-0.4吨/年，支撑美国东海岸供应阿拉巴马州亨茨维尔API基地 60亿美元 小分子+多肽API复合生产，覆盖口服GLP-1（奥福格列酮）与注射多肽 2026年动工，2032年竣工 新增0.3-0.4吨/年，长期战略储备波多黎各工厂扩建 未披露 多肽中间体与API产能升级 2025-2027年分期完成 补充0.1-0.2吨/年传统多肽产能2. 未来产能节奏与总量• 2026-2027年：弗吉尼亚基地、印第安纳扩建一期投产，新增自建产能0.5-0.7吨/年，总自建产能达0.9-1.2吨/年，自给率提升至50%。• 2028-2029年：印第安纳扩建二期、波多黎各扩建完成，累计新增0.7-0.9吨/年，总自建产能达1.4-1.6吨/年，自给率接近**70%**目标。• 2030-2032年：阿拉巴马基地达产，新增0.3-0.4吨/年，总自建产能稳定在1.6-2.0吨/年，覆盖核心产品大部分需求。四、关键补充说明1. 与诺和诺德核心差异：诺和诺德100%自建核心API、零外包；礼来坚持“自建保核心+外包扩总量”，通过深度绑定药明康德、凯莱英等CDMO快速响应需求，自建产能侧重供应链安全与技术自主。2. 供应瓶颈本质：当前替尔泊肽供应紧张源于制剂灌装与全球分发效率，而非API产能（自建+外包总API产能充足）；礼来通过扩建制剂产线、优化物流缓解缺口，与API产能扩张协同。3. 数据口径提示：吨级产能为基于需求、自给率目标与投资规模的行业测算，礼来未官方披露具体吨数；实际产能或因工艺优化、良品率提升存在±15%浮动。,2,4,0,26398,SH688076,ST诺泰,iPhone,https://xueqiu.com/1411175212/374595231,0,2,2026-07-08 16:23:55
374595290,1762103452,财富梦想888,2026-02-03 04:48:58,,剑大，st诺泰可以补仓了吗？,3,7,0,8903,SH688076,ST诺泰,Android,https://xueqiu.com/1762103452/374595290,0,0,2026-07-08 16:23:55
374601490,1411175212,逻辑派投资,2026-02-03 05:21:19,,$ST诺泰(SH688076)$ 截至2026年2月，全球GLP-1市场已形成诺和诺德司美格鲁肽、礼来替尔泊肽双寡头格局，两者合计占据90%以上市场份额，以下按糖尿病、减肥两大适应症，结合销售额与处方量口径给出最新占比。一、核心口径与总览• 统计口径：全球市场，以销售额占比为主，辅以处方量占比；时间节点为2025全年-2026年初最新公开数据。• 总格局：司美格鲁肽（诺和）与替尔泊肽（礼来）合计占GLP-1市场92%-95%，其余产品（度拉糖肽、利拉鲁肽等）合计仅5%-8%。• 关键拐点：2025年Q3替尔泊肽单季销售额首次反超司美格鲁肽；2026年替尔泊肽全年销售额预计全面超越，成为全球GLP-1第一单品。二、糖尿病适应症（2型糖尿病）市场占比1. 全球销售额占比（2025全年）• 司美格鲁肽（Ozempic+Rybelsus）：48%-50%，销售额约206亿美元，仍为糖尿病GLP-1第一单品。• 替尔泊肽（Mounjaro）：42%-44%，销售额约188亿美元，增速显著高于司美格鲁肽，差距快速收窄。• 其他GLP-1产品（度拉糖肽、利拉鲁肽等）：6%-10%，份额持续被挤压。2. 处方量占比（2026年初，美国核心市场）• 替尔泊肽（Mounjaro）：57.9%，已超越司美格鲁肽成为处方量第一。• 司美格鲁肽（Ozempic+Rybelsus）：41.7%，份额被持续蚕食。• 趋势：替尔泊肽凭借双靶点降糖优势与口服剂型推进，2026年糖尿病销售额预计达233亿美元，全面超越司美格鲁肽（220亿美元）。三、减肥适应症（肥胖/超重）市场占比1. 全球销售额占比（2025全年）• 司美格鲁肽（Wegovy）：49%-51%，销售额约130亿美元，凭借先发优势仍居首位。• 替尔泊肽（Zepbound）：43%-45%，销售额约123亿美元，凭借更强减重效果（平均减重15%-20% vs 司美格鲁肽10%-15%）快速追赶。• 其他减肥药（利拉鲁肽、玛仕度肽等）：4%-8%，份额极小。2. 处方量占比（2026年初，全球核心市场）• 替尔泊肽（Zepbound）：62%-64%，新处方（NRx）份额达64%，总处方（TRx）份额约62%，已形成绝对领先。• 司美格鲁肽（Wegovy）：36%-38%，份额持续下滑，口服Wegovy上市未能扭转颓势。• 趋势：2026年替尔泊肽减肥销售额预计达175亿美元，超越司美,0,5,0,28604,SH688076,ST诺泰,iPhone,https://xueqiu.com/1411175212/374601490,0,2,2026-07-08 16:23:55
374607391,1411175212,逻辑派投资,2026-02-03 05:44:10,,$ST诺泰(SH688076)$ 出言不逊者直接拉黑！,0,2,0,11892,SH688076,ST诺泰,iPhone,https://xueqiu.com/1411175212/374607391,0,0,2026-07-08 16:23:55
374607495,9135541538,价值投资捍卫者,2026-02-03 05:44:33,,$ST诺泰(SH688076)$ 诺泰生物2025年前三季度，合同负债和毛利率都是同比减少的，营收和净利润增速都在放缓，应收账款天数也在增加，前三季度的业绩和财报数据说明了公司所依赖的多肽业务已经不行了，还有，货币资金10亿，长短期贷款23亿，同时，在建工程还在激增，这家公司的负债高企，如果多肽业务后续走向价格战，内卷战，增收不增利的境地，那么这家公司很危险。,0,5,0,8380,SH688076,ST诺泰,雪球,https://xueqiu.com/9135541538/374607495,0,1,2026-07-08 16:23:55
374611034,2183105356,令狐冲0811,2026-02-03 05:56:44,,四千多个上涨的$ST诺泰(SH688076)$ 你就是其中不涨的。,0,2,0,12470,SH688076,ST诺泰,Android,https://xueqiu.com/2183105356/374611034,0,0,2026-07-08 16:23:55
374611550,4767171774,莫凡wcg,2026-02-03 05:58:38,,$ST诺泰(SH688076)$ 什么牛鬼蛇神都能来埋汰你两句了，坚定看好,0,3,0,6959,SH688076,ST诺泰,iPhone,https://xueqiu.com/4767171774/374611550,0,0,2026-07-08 16:23:55
374611777,1364260827,炸毛的韭菜,2026-02-03 05:59:21,,$ST诺泰(SH688076)$ 很快将开启波澜壮阔的上涨,0,5,0,7475,SH688076,ST诺泰,雪球,https://xueqiu.com/1364260827/374611777,0,0,2026-07-08 16:23:55
374613622,2183105356,令狐冲0811,2026-02-03 06:05:27,,$ST诺泰(SH688076)$ 别谈逻辑，谈逻辑就是耍流氓，我们是来挣钱的，你的逻辑再好，就是不挣钱，一直亏钱。有屁用。,0,5,0,14957,SH688076,ST诺泰,Android,https://xueqiu.com/2183105356/374613622,0,1,2026-07-08 16:23:55
374622954,3368131845,打不倒的小辣椒,2026-02-03 06:38:22,,$ST诺泰(SH688076)$ 每一次对跌落之后，迎接市场的总是一轮大涨...,0,3,0,6587,SH688076,ST诺泰,雪球,https://xueqiu.com/3368131845/374622954,0,0,2026-07-08 16:23:55
374633293,2994748381,证券市场周刊,2026-02-03 07:15:12,诺泰生物2025业绩预告：营收增16.94%-23.09%，CDMO业务发力,"近日，诺泰生物（688076.SH）对外发布2025年年度业绩预告，公司预计2025年年度实现营业收入19亿元到20亿元，营收与上年同期相比将增加27,519.81万元到37,519.81万元，同比增幅为16.94%到23.09%。2025年度归母净利润预计为3.10亿元到4.20亿元，扣非归母净利润为3.40亿元到4.50亿元。报告期间，尽管面临行业价格波动与固定成本上升等压力，但公司通过规模化生产、技术优势等有效消化了部分影响，使销售收入实现显著增长，整体经营保持稳健。作为一家专注于多肽药物和小分子化药，并战略布局寡核苷酸业务的生物医药企业，诺泰生物目前已具备贯穿高级中间体、原料药到制剂全链条。公司在仿制药领域优势稳固，并同时通过技术平台承接国际前沿创新药CDMO项目，驱动创新增长。其“仿创结合”的双轮驱动模式，使得公司在自主选择与CDMO两大业务板块均取得了扎实进展。其中，在自主选择业务方面，公司通过多年自主研发，突破了长链多肽药物规模化生产的技术瓶颈，成功构建了固液融合的多肽规模化生产技术平台。该平台现已实现司美格鲁肽、替尔泊肽等长链修饰多肽药物的单批次产量超过10公斤，位居行业领先水平。目前公司的多肽原料药已销往北美、欧洲、拉美、环太平洋等海外市场。而在CDMO业务方面，诺泰生物能够为全球创新药企提供复杂高难度的医药中间体和原料药的定制研发生产服务，终端产品覆盖艾滋病、肿瘤、降糖等多个重大疾病治疗领域，并与因赛特、吉利德等海外知名创新药企建立了稳固的合作关系。另外，值得一提的是，在今年1月，诺泰生物子公司杭州诺泰诺和成功入选2025年第二批浙江省“专精特新”中小企业名单。据介绍，作为诺泰生物在多肽及寡核苷酸CDMO领域的战略支点，诺泰诺和自成立以来持续加大研发投入，已构建了“药物发现-工艺开发-商业化生产”的全链条服务体系。而此次入选，不仅是对公司深耕细分市场、坚持差异化竞争策略的肯定，亦将进一步提升其品牌影响力，为CDMO业务的长期发展注入新动力。业内人士分析指出，从行业发展来看，近年来全球医药产业正经历深刻变革。以多肽、寡核苷酸为代表的新分子药物商业化进程加速，具备核心技术与规模化生产能力的CDMO企业正迎来历史性机遇。而从公司方面来看，诺泰生物凭借在多肽CDMO领域构建的“技术壁垒+规模化产能”优势，已深度嵌入全球热门赛道的供应链。预计未来随着公司自主选择业务迎来放量周期，以及战略布局的寡核苷酸CDMO业务持续推进，在行业高景气与自身技术平台的双重驱动下，诺泰生物未来的业绩持续增长将值得期待。免责声明：本文仅供参考，不构成投资建议。",0,6,0,22017,SH688076,ST诺泰,雪球,https://xueqiu.com/2994748381/374633293,0,2,2026-07-08 16:23:54
374637964,1968252884,策略策略,2026-02-03 07:34:27,,$ST诺泰(SH688076)$ 经网友提示，对比了下诺泰生物研发费用，确实够可以的，除了荣昌生物能与之一战。,9,7,0,17369,SH688076,ST诺泰,Android,https://xueqiu.com/1968252884/374637964,0,0,2026-07-08 16:23:54
374663288,0,ST诺泰(SH688076),2026-02-03 09:59:00,,ST诺泰：关于自愿披露通过药品GMP符合性检查的公告 网页链接,9,12,0,28766,SH688076,ST诺泰,公告,https://xueqiu.com/S/SH688076/374663288,0,1,2026-07-08 16:23:54
374665253,5187193467,证券之星财经,2026-02-03 10:10:21,ST诺泰最新公告：全资子公司杭州澳赛诺奥格特韦钠原料药通过GMP符合性检查,ST诺泰(688076.SH)公告称，公司全资子公司杭州澳赛诺生物科技有限公司奥格特韦钠原料药正式通过GMP符合性检查，检查范围及相关车间、生产线包括原料药（奥格特韦钠）的一车间、六车间、九车间以及B原料药生产线。这表明公司具备领先的生产及质量管理体系，对公司持续开拓创新药原料药客户具有积极意义。但产品生产、销售受多种因素影响，对近期业绩和财务数据的影响存在不确定性。以上内容为证券之星据公开信息整理，由AI算法生成（网信算备310104345710301240019号），不构成投资建议。,0,7,0,15861,SH688076,ST诺泰,雪球,https://xueqiu.com/5187193467/374665253,0,1,2026-07-08 16:23:54
374678916,9252950692,科创板日报,2026-02-03 12:00:08,敲定60亿元综合授信额度 诺泰生物直面多肽业务价格下行|直击股东会,《科创板日报》2月3日讯（记者 史士云）2月2日下午，ST诺泰（688076.SH）（以下称为诺泰生物）在杭州举行了2026年第一次临时股东会。 《科创板日报》记者以投资者身份参会，并在会后与诺泰生物方面就公司的授信额度使用、业务发展等方面进行了交流。 此次股东会采用现场与网络投票相结合方式表决，出席会议的股东及代理人共计231人，持有的表决权股份数量约为1.36亿股，约占公司有表决权股份总数的比例约为43.05%。 会议审议通过了《关于向银行申请综合授信额度并提供担保的议案》。根据诺泰生物此前的公告披露，为满足生产经营及业务发展的资金需求，诺泰生物及其子公司2026年度拟向各大银行及非银行金融机构，申请总额不超60亿元人民币的综合授信敞口额度。授信种类包括流动资金贷款、中长期借款、信用证、银行承兑汇票、应收账款贸易融资等。 与此同时，诺泰生物及全资子公司拟为合并报表范围内子公司提供合计不超10亿元的银行授信担保。其中，为资产负债率超70%的控股子公司杭州诺泰诺和生物医药科技有限公司提供担保额度不超3亿元；为资产负债率不超70%的全资子公司及孙公司杭州澳赛诺生物科技有限公司、杭州诺澳生物医药科技有限公司、杭州澳赛诺医药技术有限公司，提供担保额度不超7亿元。 ▌为子公司担保10亿元，称授信额度远高于实际需求 诺泰生物是一家主要聚焦多肽药物和小分子化药领域的生物医药企业，以“自主研发+定制研发生产”为核心模式，业务覆盖原料药、高级中间体、制剂产品、CDMO板块等。2016年，诺泰生物在新三板挂牌上市，并于2021年5月在科创板上市。 近几年，随着司美格鲁肽、替尔泊肽等GLP-1减肥药物的走红，产品包含小分子化药、GLP-1类多肽药物的诺泰生物也吃到了红利。 2022年-2024年，诺泰生物的营收从6.51亿元快速攀升至16.25亿元，净利润也从1.29亿元大幅增至4.04亿元。尤其在2024年，其营收和归母净利润分别同比增长了57.21%和148.19%，主要原因之一系多肽药原料药和小分子CDMO收入带来的快速增长。 另据诺泰生物2025年半年报披露，其已与多家头部仿制药企开展司美格鲁肽、替尔泊肽原料药项目及制剂项目的合作。在市场覆盖度上，诺泰生物不仅在拓展欧美市场，也已覆盖拉美、亚太等新兴市场。 日前，诺泰生物发布的2025年业绩预告显示，公司营收预计达19亿至20亿元，同比增长16.94%至23.09%，同期归母净利润预计为3.1亿至4.2亿元。不过，结合其前三个季度业绩数据推算，诺泰生物2025年Q4单季度净利润出现了亏损。 诺泰生物方面称，2025年全年公司整体销售收入实现增长，但受行业价格波动、固定成本上升等因素影响，毛利率同比有所下滑。同时，公司对相关资产完成减值测试，并对部分资产计提减值准备，进而对本期业绩造成影响。 此次股东会上，有投资者基于诺泰生物2025年的业绩表现，就远超其营收的60亿元的综合授信额度，以及10亿元的授信担保提出了质疑。 对此，诺泰生物方面指出：“本次申请的60亿元总额度，均为公司及子公司对外的授信敞口额度，涵盖银行承兑汇票等各类业务所需敞口。除此之外，向银行申请的贷款、从其他金融机构获取的借款等融资业务，也全部纳入该额度框架内。事实上，银行在核定授信额度时，会配套推荐其金融产品以扩大业务覆盖，但基于公司稳健运营的发展原则，部分产品并不会实际启用，因此授信额度中存在一定的预留空间。” 对于另10亿元的担保，诺泰生物方面表示，该额度每年需履行董事会、股东大会审批程序，获批后会按需求分配至各子公司，确保有资金需求的子公司都能获得相应额度。 “在额度规划上，我们会预留一定空间，这是因为若实际使用额度超出获批额度，会涉及信息披露等相关问题。以去年为例，公司同样获批10亿元担保额度，最终签订合同的额度仅为2亿元，而实际动用的额度进一步降至1亿元。因此，担保额度的核定是依据各子公司的实际发展状况而定，从财务资金安全角度考量，申请的担保额度远高于实际需求，更多是作为备用额度留存。” 诺泰生物方面说道。 此外，诺泰生物方面还特别指出，授信担保需遵循“先申请授信、再提供担保、最后实际用款”的流程，各环节均可能出现不确定性。因此，公司适度提高申请额度，主要是为了满足子公司未来生产经营的潜在资金需求。 另值得关注的是，得益于市场需求的增长，近年来，包括诺泰生物、药明康德（603259.SH）、凯莱英（002821.SZ）、圣诺生物（688117.SH）等企业均在加速多肽领域的产能布局和扩张。 比如药明康德2025年9月提前完成泰兴多肽产能建设，多肽固相合成反应釜总体积超10万升。诺泰生物也在2025年半年报中披露，其连云港工厂第四代规模化吨级多肽生产车间601车间已于2025 年初正式投产，实现多肽产能5吨/年。 而产能的上升又造成了市场的供大于求，根据中金公司的估算，到2030年，司美格鲁肽及替尔泊肽的原料药需求仅约为50吨，全球供给很可能远超短期需求，多肽类药物领域的价格下行已是必然趋势。 有投资者在股东会上发问诺泰生物会如何应对市场竞争，对此，其表示：“行业价格下行是明确的，这几乎是所有产业发展的必然规律。至于价格具体会跌到什么水平，目前尚无法精准预判。对公司而言，核心竞争力在于，待司美格鲁肽等药物的专利到期后，仿制药企迎来放量窗口期时，公司凭借前期充足的产能布局承接更多大规模订单，同时将成本控制在低于同行的水平，进而才能在市场份额的争夺中占据优势。” ▌上市首年业绩造假坐实，引发再融资受限 2025年7月，随着一纸《行政处罚事先告知书》的送达，诺泰生物在科创板上市首年的业绩造假细节随之浮出水面，根据上交所的规则，公司也同步被实施其他风险警示并冠以ST标识。 2025年12月，证监会正式向诺泰生物下发《行政处罚决定书》。根据处罚结果，诺泰生物被证监会责令改正，并被处以警告及4740万元罚款。同时，诺泰生物六名董事和高级管理人员也被给予警告，并被处以150万元至1300万元不等的罚款。 具体来看，2021年12月，诺泰生物向浙江华贝转让药品技术及上市持有许可人权益，并于当月28日确认业务收入3000万元。中国证监会认为，后者既不具备支付技术转让款的资金实力，也不具备实际应用该技术的生产能力和销售渠道。此外，诺泰生物在同期还策划向浙江华贝增资，而浙江华贝向诺泰生物支付的技术转让款最终来自诺泰生物的增资款。 诺泰生物的技术转让业务并不具有商业实质，不应确认收入。这直接最终使得诺泰生物在2021年年度报告中虚增营业收入3000万元，虚增利润总额2595.16万元，占当期披露利润总额的20.64%。 在上述交易中，签字的责任人包括公司实控人、时任副董事长赵德中，实控人、时任董事长赵德毅，时任总经理金富强，时任副总经理谷海涛，以及时任财务总监徐东海。 这笔虚增收入还引发了连锁反应。2022年11月，诺泰生物召开第三届董事会第七次会议，审议通过了向不特定对象发行可转换公司债券的相关议案。在公司公告的可转债《募集说明书》中，“财务会计信息” 部分公开披露的 2021 年度财务数据包含了上述虚增收入，进而导致事态进一步升级。2023年12月21日，诺泰生物披露《向不特定对象发行可转换公司债券发行结果的公告》，本次可转债共募集资金4.34亿元。 经过证监会的调查，据上述事实，诺泰生物存在两大违法事实：一是2021年年度报告存在虚假记载；二是公开发行文件编造重大虚假内容。 另上交所也对诺泰生物及相关责任人下发了纪律处分决定书，公开认定赵德中三年不适合担任上市公司董事、监事、高级管理人员，一年内不接受赵德中控制的其他企业提交的发行上市申请文件；五年内不接受诺泰生物提交的发行上市申请文件。这也意味着，诺泰生物五年内无法进行再融资申请。 对于历经造假后，如何修复市场信任，诺泰生物方面对《科创板日报》记者表示，公司会开展全面整改工作，编制并提交整改报告，同时主动接受监管部门在公司被实施ST期间的全程监督，这一过程涉及大量的具体工作。 对于被实施ST后，公司可能应对的索赔诉讼，诺泰生物方面表示，公司已就相关事项与审计机构进行了专项沟通与研讨。截至目前，前来主张相关权利的事项所涉金额规模较小。至于公司在相关事项中应承担的责任范围，目前尚未最终确定。 据上交所相关规则，科创板上市公司想要撤销其他风险警示（即“脱帽”，撤销ST标识），需消除此前被实施其他风险警示的相关情形，同时公司最近一个会计年度的财务会计报告需经符合《证券法》规定的会计师事务所出具标准无保留意见的审计报告，不存在其他仍可能触发其他风险警示的情形，且需按规定履行信息披露义务并向上交所提交撤销其他风险警示的申请，经交易所审核通过后，方可正式撤销ST标识，恢复正常证券简称及交易机制。,0,15,0,18297,SH688076,ST诺泰,雪球,https://xueqiu.com/9252950692/374678916,0,2,2026-07-08 16:23:54
374695269,7668100301,待得粉残红,2026-02-03 14:11:04,,$ST诺泰(SH688076)$ 主力只有做多才能赚钱，st好票,0,5,0,14882,SH688076,ST诺泰,Android,https://xueqiu.com/7668100301/374695269,0,0,2026-07-08 16:23:54
374707509,7588632663,攀爬路,2026-02-03 15:33:37,,$ST诺泰(SH688076)$ 有投资者在股东会上发问诺泰生物会如何应对市场竞争，对此，其表示：“行业价格下行是明确的，这几乎是所有产业发展的必然规律。至于价格具体会跌到什么水平，目前尚无法精准预判。对公司而言，核心竞争力在于，待司美格鲁肽等药物的专利到期后，仿制药企迎来放量窗口期时，公司凭借前期充足的产能布局承接更多大规模订单，同时将成本控制在低于同行的水平，进而才能在市场份额的争夺中占据优势。”毛利率的变化跟销量的变化哪个更大？这次从量能上看没有7.22的量能，那天直接放量低开拉升。这次上面大部分筹码装死锁筹，那就是艰难的磨底过程。,3,9,0,19753,SH688076,ST诺泰,Android,https://xueqiu.com/7588632663/374707509,0,0,2026-07-08 16:23:54
374741115,1968252884,策略策略,2026-02-04 01:08:19,,$ST诺泰(SH688076)$ 你这是吓得小手都都抖了。直接迈进500年后了。,0,3,0,11551,SH688076,ST诺泰,雪球,https://xueqiu.com/1968252884/374741115,0,0,2026-07-08 16:23:54
374743697,1029425262,有恩的涨停宗师,2026-02-04 01:18:51,,$ST诺泰(SH688076)$ 讲个简单的逻辑：公司既然一本正经地开股东会申请60亿额度授信，想必应该已经跟银行原则上敲定了。那么银行为什么会同意给一个30亿净资产的公司60亿授信额度呢？而且还是一个ST，我想公司真正能向银行拿得出手的，大概率是大额订单吧。,4,5,0,26179,SH688076,ST诺泰,iPhone,https://xueqiu.com/1029425262/374743697,0,0,2026-07-08 16:23:54
374749235,4202117770,短中长线卧倒选手,2026-02-04 01:38:11,,$ST诺泰(SH688076)$ 无可奈何花落去，似曾相识燕归来？,0,5,0,13765,SH688076,ST诺泰,iPhone,https://xueqiu.com/4202117770/374749235,0,0,2026-07-08 16:23:54
374755544,2984793256,潢川新安,2026-02-04 01:51:27,,$ST诺泰(SH688076)$ 不砸了？两天拿走了2亿筹码，庄家算你狠,1,1,0,12089,SH688076,ST诺泰,Android,https://xueqiu.com/2984793256/374755544,0,0,2026-07-08 16:23:54
374760573,7040995361,ST自由诗,2026-02-04 02:03:21,2026.2.04重要公告,"st恒久：收到民事判决书判决林章威于判决生效之日起十日内向苏州恒久光电科技股份有限公司支付业绩补偿款17506.43万元。st诺泰：澳赛诺奥格特韦钠原料药正式通过 GMP 符合性检查。*st金灵：公司重整计划获得法院裁定批准st景峰：公司重整计划获得法院裁定批准st联创：回购公司股份的进展截至2026年1月31日，公司累计回购公司股股份12,104,900股，占目前公司总股本的1.13%，成交总金额为50,194,917.00元。*st亚太：持股5%以上股东之一致行动人部分股份解除质押st智云：持股5%以上股东部分股份质押st开元：公司控股股东、实际控制人之一致行动人所持公司部分股份司法拍卖被撤回st泉为：控股股东部分股份解除质押*st高斯：全资子公司完成工商登记变更并取得营业执照$*ST恒久(SZ002808)$ $ST诺泰(SH688076)$ $*ST金灵(SZ300091)$",0,8,0,94142,SH688076,ST诺泰,雪球,https://xueqiu.com/7040995361/374760573,0,1,2026-07-08 16:23:54
374779958,5543363938,只想赚钱的Andy,2026-02-04 02:54:25,,$ST诺泰(SH688076)$ 我再等你10CM的大阳线不拉我不会来,8,4,0,14316,SH688076,ST诺泰,iPhone,https://xueqiu.com/5543363938/374779958,0,0,2026-07-08 16:23:54
374834538,1588866411,高兴和多多,2026-02-04 06:41:56,,$ST诺泰(SH688076)$ 信达和美迪西都是你亲人啊，泰泰,0,2,0,12762,SH688076,ST诺泰,iPhone,https://xueqiu.com/1588866411/374834538,0,0,2026-07-08 16:23:54
374889375,5991307505,长坡雪集,2026-02-04 12:02:23,,$诺和诺德(NVO)$ $礼来(LLY)$ $ST诺泰(SH688076)$减肥药也不性感了，没有细了解，一直把减肥药看作医美来参照，认为是高毛利+高复购+成瘾性强。万物逃不开周期啊真是。Mike Doustdar去年8月接任Novo Nordisk CEO，旨在稳定公司并应对Eli Lilly在美减肥药市场的竞争。上任后通过裁员和新口服减肥药推动，股价有所回升。2月3日（提前一天），公司发布2026年指引：销售和运营利润预计同比下降5%-13%（恒定汇率），为近年来首次负增长。股价当日已下跌14%。主要原因：美国市场定价压力显著加剧（特朗普政府降药价政策+与Eli Lilly激烈竞争）。非美市场semaglutide专利到期，仿制药进入导致价格下滑。应对策略：公司计划大幅降价以换取更大市场份额，目标对冲价格下跌影响。分析师预计到2031年全球减肥药市场规模可达1500亿美元。执行难度：Eli Lilly的Zepbound已占据美国新处方超70%，2026年将推出口服版。Novo口服版Wegovy已上市，但竞争加剧。Roche、Pfizer、AstraZeneca等多家药企管线产品即将进入市场。公司高度依赖糖尿病+减肥药两大领域，罕见病业务占比很小，未来竞争压力将持续。估值：跌后基于2026年盈利，市盈率约16倍，与Novartis（&gt;16倍）、AstraZeneca（18倍+）接近，但后两者业务更多元。市场认为Novo需更大估值折价。,4,7,0,60727,SH688076,ST诺泰,iPhone,https://xueqiu.com/5991307505/374889375,0,0,2026-07-08 16:23:52
374890201,7407511882,靠情怀,2026-02-04 12:10:11,,$ST诺泰(SH688076)$ 我觉得这个股，业绩不错，但是受限于st，投资人范围受限的，导致没什么交易量，等摘牌还需要很久，预计下半年就要有庄家埋伏了,3,2,0,12928,SH688076,ST诺泰,iPhone,https://xueqiu.com/7407511882/374890201,0,0,2026-07-08 16:23:52
374968485,4721145458,给我一把大宝剑,2026-02-05 02:11:26,,$ST诺泰(SH688076)$ 哦吼，今天吃威哥了啊,0,5,0,15067,SH688076,ST诺泰,Android,https://xueqiu.com/4721145458/374968485,0,0,2026-07-08 16:23:52
374970468,9613682916,IF-morriaswisa,2026-02-05 02:16:38,,$ST诺泰(SH688076)$ t爽了，虽然还没回本，但是成本降低到36.04了,0,4,0,19377,SH688076,ST诺泰,雪球,https://xueqiu.com/9613682916/374970468,0,1,2026-07-08 16:23:52
374991005,2984793256,潢川新安,2026-02-05 03:11:04,,$ST诺泰(SH688076)$ 下午能否坚持住,1,2,0,11395,SH688076,ST诺泰,Android,https://xueqiu.com/2984793256/374991005,0,0,2026-07-08 16:23:52
375041796,1968252884,策略策略,2026-02-05 07:05:47,,$ST诺泰(SH688076)$ 凡是没信心的，诺泰生物，都50块钱卖给我，条件就是先帮我拿着，不准动，我到时候来结算。,28,8,0,17623,SH688076,ST诺泰,Android,https://xueqiu.com/1968252884/375041796,0,0,2026-07-08 16:23:52
375053198,2984793256,潢川新安,2026-02-05 08:00:54,,$ST诺泰(SH688076)$ 今天还算好。我认为，基本上阿泰筑底完成了。等到年底吧,0,2,0,9593,SH688076,ST诺泰,Android,https://xueqiu.com/2984793256/375053198,0,0,2026-07-08 16:23:52
375059079,2994748381,证券市场周刊,2026-02-05 08:36:43,澳赛诺助力1类口服新药奥格特韦钠获批上市,1月23日，诺泰生物子公司杭州澳赛诺生物科技有限公司（下称“澳赛诺”或“公司”）顺利通过奥格特韦钠原料药GMP符合性检查，助力浙江艾森药业有限公司申报的1类创新药“奥格特韦钠胶囊”获批上市。关于奥格特韦钠适用于治疗轻中型COVID-19成年患者，作为全球首个针对新型冠状病毒感染治疗的双靶点口服小分子药物。是由浙江艾森药业有限公司自主研发的1类原创新药，其原料药由澳赛诺生产供应。作为澳赛诺首个获批上市的创新原料药，于2024年通过国家药品监督管理局注册现场核查，2025年10月正式获得《化学原料药上市申请批准通知书》，并于近日通过上市前GMP符合性检查。此次获批，标志着澳赛诺实现从高级中间体向原料药价值延伸，在创新原料药商业化生产与助力客户新药开发上取得里程碑意义。未来，公司将持续深耕生物医药创新产业链、赋能行业新药研发与产业发展。免责声明：本文仅供参考，不构成投资建议。,5,11,1,21799,SH688076,ST诺泰,雪球,https://xueqiu.com/2994748381/375059079,0,1,2026-07-08 16:23:52
375104632,1968252884,策略策略,2026-02-05 14:23:35,,$ST诺泰(SH688076)$ 大家怎么看。诺泰生物。$诺和诺德(NVO)$ 每人可提问一条。,11,6,0,27744,SH688076,ST诺泰,Android,https://xueqiu.com/1968252884/375104632,0,0,2026-07-08 16:23:52
375127666,9686437421,飞翔0018,2026-02-05 21:16:23,,$ST诺泰(SH688076)$ 司美格鲁肽专利即将到期。,0,7,0,22135,SH688076,ST诺泰,Android,https://xueqiu.com/9686437421/375127666,0,0,2026-07-08 16:23:52
375160235,1968252884,策略策略,2026-02-06 01:59:12,,$ST诺泰(SH688076)$ 目前看，仿制药，跃跃欲试啊。 未来直接口服仿制药， 诺泰拔得头筹啊。未来的仿制药美国少，主要还是看印度人。这得多少量啊。还需要fda备案过的。,1,9,0,17604,SH688076,ST诺泰,Android,https://xueqiu.com/1968252884/375160235,0,0,2026-07-08 16:23:52
375165198,2984793256,潢川新安,2026-02-06 02:12:29,,$ST诺泰(SH688076)$ 庄家就这样玩死你们,0,3,0,11720,SH688076,ST诺泰,Android,https://xueqiu.com/2984793256/375165198,0,0,2026-07-08 16:23:52
375168619,1968252884,策略策略,2026-02-06 02:21:33,,$ST诺泰(SH688076)$ 诺泰生物，新的药王刚登基，你们就说说过剩了，什么脑回路，记住，口服量是注射的一百倍左右。记住，目前司美格鲁肽原料药公告通过fda评审资格的有吗？大家可以回答我。,5,12,0,21428,SH688076,ST诺泰,Android,https://xueqiu.com/1968252884/375168619,0,1,2026-07-08 16:23:52
375170805,6998822874,冯斯特洛夫斯基,2026-02-06 02:27:28,,$ST诺泰(SH688076)$这对敲盘几个意思？ 我想做个长线投资者而不是投机者，可是你们非得逼我短线交易。没办法，挣个买菜钱也行吧！,0,5,0,13728,SH688076,ST诺泰,Android,https://xueqiu.com/6998822874/375170805,0,0,2026-07-08 16:23:52
375236365,6272575192,x198921,2026-02-06 07:17:07,,$ST诺泰(SH688076)$ 涨了2个点🤡又跑出来了刷贴了，还以为昨天20cm了,2,7,0,11868,SH688076,ST诺泰,Android,https://xueqiu.com/6272575192/375236365,0,0,2026-07-08 16:23:50
375268417,7286259804,老玛歌2020,2026-02-06 11:05:21,,1401，刚刚接到律师函，有两个消息。→_→好消息是总算等到了$ST诺泰(SH688076)$ 虚假陈述案子的集体诉讼。→_→坏消息是我却不符合起诉条件。→_→起诉条件是2022.4.28-2024.10.23间你买入。□或者2022.4.28-2024.10.23间有买卖，但至2024.10.24时，买入股数小于卖出股数，或者买卖股数之差为零。☑或者2024.10.24时仍持有，但你的买入均价小于推定卖出价53.024元/股（依最高人民法院司法解释计算出）。→_→我就是第三种情况，大白话就是虽然有虚假陈述，但是你的可计股数买入均价低于你的卖出均价，即你还是赚钱的。既然赚钱了，你还想起诉，你是不是太贪心了。→_→问题是这货现在又跌下来了，这个推定卖出价现在变成历史高点了，恐怕回不去了鸭？,1,5,0,24990,SH688076,ST诺泰,Android,https://xueqiu.com/7286259804/375268417,0,0,2026-07-08 16:23:50
375291123,2479170034,认真的大黄,2026-02-06 14:39:55,司美格鲁肽专利到期倒计时：全球药王国产化启幕，A 股仿制药军团迎黄金窗口,2026年3月20日，诺和诺德旗下司美格鲁肽核心化合物专利将在中国正式到期。这款年销超2500亿元的全球“药王”，即将迎来国产仿制药的集中上市浪潮。对于A股医药板块而言，这不仅是一次重磅品种的专利到期机遇，更是GLP-1代谢疾病赛道从原研垄断走向国产化普及的关键转折点。本文从药物价值、市场前景、A股受益标的与行业逻辑，全面拆解这一重磅投资主线。一、司美格鲁肽：不止降糖，更定义代谢治疗黄金赛道司美格鲁肽属于GLP-1受体激动剂，是当前代谢疾病领域的标杆药物，核心价值覆盖三大刚需场景：一是2型糖尿病，以葡萄糖依赖性降糖、低血糖风险低、心肾保护三重优势，成为一线优选治疗方案；二是肥胖与超重管理，针对BMI≥30或伴合并症人群，实现长期、安全的体重控制，契合国内超亿级肥胖人群需求；三是心肾并发症防护，降低心血管不良事件与肾病进展风险，覆盖糖尿病患者的长期预后需求。凭借长效给药（每周一次注射）、优异临床获益与广泛适应症，司美格鲁肽2025年全球销售额达2508亿元人民币，超越PD-1抑制剂成为全球销量最高的药物。中国市场作为增量核心，原研药因价格偏高导致渗透率不足5%，专利到期后仿制药降价放量，将快速打开基层与普惠市场，行业空间极具弹性。二、专利到期尘埃落定：3月20日开启国产替代窗口期此前国内企业曾发起专利挑战，2025年12月最高人民法院终审维持诺和诺德核心化合物专利有效，但专利期限补偿请求未获支持，最终确定2026年3月20日为法定到期日。这一结果明确了仿制药上市的时间节点，国内药企提前布局的研发管线将集中落地。截至2025年底，国内已有10家企业司美格鲁肽注射液仿制药申报上市（NDA），另有10余款进入III期临床，形成“第一梯队抢首仿、第二梯队补份额、全产业链扩产能”的格局。诺和诺德已提前降价应对竞争，原研垄断格局即将瓦解，国产仿制药将凭借价格、渠道与供应链优势，快速抢占市场份额。三、A股核心受益标的：三大主线卡位国产化红利（一）制剂首仿梯队：进度优先，抢跑商业化华东医药（000963）：国内司美格鲁肽仿制药第一梯队，NDA已获受理，GLP-1商业化团队成熟、院外渠道覆盖全面，叠加利拉鲁肽减重版先发优势，有望分享首仿红利。丽珠集团（000513）：多肽制剂研发与生产经验丰富，司美格鲁肽仿制药已申报上市，产能与成本控制能力突出，是第二梯队核心标的。复星医药（600196）：旗下万邦医药完成NDA申报，依托集团商业化网络与慢病管线协同，具备快速上量潜力。石药集团（港股，A股关联标的协同受益）：仿制药申报进度靠前，多肽规模化生产能力强，覆盖糖尿病与减重双适应症布局。（二）原料药与CDMO：上游刚需，量价齐升诺泰生物（688076）：司美格鲁肽原料药核心供应商，产能规模与成本优势显著，已通过国际认证，直接受益于仿制药集中上市的原料需求爆发。博瑞医药（688166）：多肽CDMO龙头，承接GLP-1类药物中间体与制剂委托研发生产，深度绑定下游仿制药企，分享全产业链增长。凯莱英（002821）：依托连续生产技术与多肽平台，布局GLP-1上游中间体与定制生产，受益于行业产能扩张与工艺升级。（三）在研与管线协同：长期布局，创新+仿制双轮驱动甘李药业（603087）：胰岛素龙头转型GLP-1，司美格鲁肽处于临床阶段，叠加自研双靶点药物，形成慢病管线协同。通化东宝（600867）：糖尿病全管线布局，司美格鲁肽仿制药稳步推进，依托基层渠道优势，后续放量确定性高。翰宇药业（300199）：多肽原料药与制剂一体化企业，司美格鲁肽临床推进中，同时布局利拉鲁肽、替尔泊肽等品种，覆盖GLP-1全赛道。四、行业前景：渗透率提升+价格普惠，赛道长期高景气中国GLP-1市场正处于低基数、高增长阶段：2型糖尿病患者超1.4亿，超重/肥胖人群超5亿，而GLP-1药物渗透率远低于欧美市场。专利到期后，国产仿制药价格有望降至原研的30%-50%，叠加医保准入与基层覆盖，预计2026年国内GLP-1市场规模突破150亿元，2030年有望冲击千亿元级别。竞争格局将呈现“首仿享溢价、后续拼成本”的特征：最先获批的1-2家企业将获得首仿红利，占据20%-30%初期份额；后续企业依靠规模化生产、渠道下沉与适应症拓展争夺市场，多肽产业链成熟、成本控制能力强的企业将胜出。同时，减重适应症的后续获批、口服制剂的研发推进，将进一步打开市场天花板。五、风险提示：竞争加剧与政策波动需警惕一是价格战风险，仿制药集中上市后大概率触发竞价，利润空间被压缩；二是获批不及预期，临床核查、专利纠纷可能延迟上市进度；三是集采政策压力，GLP-1药物已纳入医保谈判范围，大规模集采可能进一步降价；四是创新药替代，双靶点、三靶点GLP-1类新药快速推进，对单靶点仿制药形成长期替代压力。结语司美格鲁肽专利到期，是A股医药板块2026年最确定的产业事件之一。从全球药王到国产普惠，GLP-1赛道的国产化浪潮，既带来仿制药企业的短期业绩弹性，也推动中国多肽产业链从仿制走向创新。对于投资者而言，优先关注首仿进度领先、成本与渠道优势显著的制剂企业，以及原料药刚需、CDMO订单饱满的上游龙头，将是把握这一主线的核心逻辑。随着3月专利到期节点临近，国产司美格鲁肽的上市竞赛已进入冲刺阶段，代谢疾病赛道的国产崛起，正从预期走向现实。,21,17,1,56180,SH688076,ST诺泰,雪球,https://xueqiu.com/2479170034/375291123,0,9,2026-07-08 16:23:50
375297987,7998728879,千亿诺泰,2026-02-06 15:43:33,,$ST诺泰(SH688076)$ 最近这里真的很安静了，极致的缩量和无人问津，相信估值回归就在不久之后了,0,5,0,25523,SH688076,ST诺泰,iPhone,https://xueqiu.com/7998728879/375297987,0,0,2026-07-08 16:23:50
375320635,1588866411,高兴和多多,2026-02-07 01:52:06,,$ST诺泰(SH688076)$ 通过fda获批de原料厂是八家吗？,1,2,0,19113,SH688076,ST诺泰,iPhone,https://xueqiu.com/1588866411/375320635,0,0,2026-07-08 16:23:50
375331632,1968252884,策略策略,2026-02-07 04:38:48,,$ST诺泰(SH688076)$ 了解这个问题至关重要，目前公告通过FDA司美格鲁肽原料药评审的企业有哪几家？？大家可以试着回答下，包括信息来源。,5,6,0,24827,SH688076,ST诺泰,Android,https://xueqiu.com/1968252884/375331632,0,0,2026-07-08 16:23:50
375333082,6769259204,laotang926,2026-02-07 05:05:30,,一、FDA DMF 核心状态含义（司美格鲁肽原料药适用）1. A 状态（Active / 可引用）- 定义：DMF 完成行政审评，文件合规、编号有效、未被关闭，处于活跃可用状态。- 关键：仅代表“备案有效”，不代表技术审评通过；制剂企业可凭 LOA（授权信）引用，但 FDA 会在审评制剂时同步审核 DMF 技术内容。- 商业价值：可进入制剂申报供应链，是商业化合作的基础门槛。2. FA Letter（First Adequate Letter / 首次完善信）- 定义：FDA 完成技术完整性审评，确认 DMF 技术资料充分、可支持制剂申报，是 DMF 技术层面的“正式通过”里程碑 。- 关键：比单纯 A 状态更高级，技术无缺陷、可直接支撑 ANDA/NDA 获批，无需再补资料。- 商业价值：供应链优先级最高，制剂客户首选，申报风险最低。3. 已备案 / 已激活（仅行政通过）- 定义：拿到 DMF 编号、状态为 A，但未触发/未完成技术审评，或仅通过 CA（完整性预审）、未到 FA 阶段。- 关键：可用但有技术审评风险，后续可能收到缺陷信、需补资料。- 商业价值：可对接客户，但申报不确定性高于 FA 企业。二、状态对比（一眼看懂）三、对应到司美格鲁肽原料药企业- FA Letter：诺泰生物（技术审评完全通过）- A 状态（可引用）：中肽-全信、深圳健元、福建基诺厚普、深圳翰宇、圣诺生物- 已备案：苏州默迪夫生物查看图片,2,15,0,23183,SH688076,ST诺泰,Android,https://xueqiu.com/6769259204/375333082,0,1,2026-07-08 16:23:50
375378198,2278292646,未来智能,2026-02-08 02:38:54,,早期投诺泰生物应该也是赚到钱的但最近几个季度在该股的持股没能赚到钱，至少这个股东在持有$ST诺泰(SH688076)$ 到现在一直好事多磨,0,2,0,23195,SH688076,ST诺泰,雪球,https://xueqiu.com/2278292646/375378198,0,0,2026-07-08 16:23:50
375382041,9841300578,机会等待22年4月,2026-02-08 03:51:55,,诺泰生物 药明康德,0,2,0,19434,SH688076,ST诺泰,Android,https://xueqiu.com/9841300578/375382041,0,0,2026-07-08 16:23:50
375382393,9841300578,机会等待22年4月,2026-02-08 03:59:11,,诺泰生物还是要看国外的订单//@光头的复利人生: $ST诺泰(SH688076)$ 近期确定成为玛仕度肽原料药及cdmo二供，减肥药降价爆量，上游供应商弹性很大，预期差值得关注！,0,3,0,20996,SH688076,ST诺泰,Android,https://xueqiu.com/9841300578/375382393,0,0,2026-07-08 16:23:50
375500748,3481409430,韭菜种植小能手,2026-02-09 06:27:35,,$ST诺泰(SH688076)$ 减肥药的未来应该也平庸了，这股不适合拿了,2,12,0,20046,SH688076,ST诺泰,雪球,https://xueqiu.com/3481409430/375500748,0,0,2026-07-08 16:23:50
375511825,2743398235,013201735噢,2026-02-09 07:20:29,,$ST诺泰(SH688076)上证4100点时还能买到上证2700以下时的筹码也很不错，有钱就买，今天又加了2笔。算是人弃我取。,0,8,0,25051,SH688076,ST诺泰,雪球,https://xueqiu.com/2743398235/375511825,0,0,2026-07-08 16:23:50
375545518,1968252884,策略策略,2026-02-09 11:47:56,,$ST诺泰(SH688076)$ 奉劝各位散户有点耐心，我认为95%都是等待时机，大涨只有5%的时间。大盘也是一样，如果跟大盘逆着来，岂不是好事乎？大家都懂，为了一时欢愉，要放长线，慢慢来，这样才有成就感。你们已经很幸运了，只需要等待半年的时间，就可以迎来连续高潮。,11,16,0,33240,SH688076,ST诺泰,Android,https://xueqiu.com/1968252884/375545518,0,1,2026-07-08 16:23:50
375606325,4421793798,智增慧发,2026-02-10 02:03:48,,确实如此，不过目前看st诺泰走势还不如st人福，人福好像在上台阶了。,1,2,0,17211,SH688076,ST诺泰,Android,https://xueqiu.com/4421793798/375606325,0,0,2026-07-08 16:23:50
375625249,2007086936,精装追股仔,2026-02-10 03:08:51,,$ST诺泰(SH688076)$ 市场在定价多肽市场竞争激烈，压缩公司的利润空间，先跌到今年六月份吧,0,12,0,24201,SH688076,ST诺泰,Android,https://xueqiu.com/2007086936/375625249,0,0,2026-07-08 16:23:50
375657505,8132726428,姆巴佩佩佩,2026-02-10 06:15:57,,$ST诺泰(SH688076)$ 很明显补跌空间巨大。,0,18,0,16512,SH688076,ST诺泰,Android,https://xueqiu.com/8132726428/375657505,0,0,2026-07-08 16:23:50
375850553,9686437421,飞翔0018,2026-02-11 09:14:37,,诺泰生物的司美格鲁肽注射液糖尿病适应症三期2025年12月11日完成，减肥药造应症三期适应症也快好了吧。,4,10,0,22439,SH688076,ST诺泰,Android,https://xueqiu.com/9686437421/375850553,0,0,2026-07-08 16:23:48
375925858,7934791236,贤者遁世,2026-02-12 01:46:15,,$ST诺泰(SH688076)$ 鉴定完毕，死股一知,1,5,0,21474,SH688076,ST诺泰,Android,https://xueqiu.com/7934791236/375925858,0,0,2026-07-08 16:23:48
375953636,1588866411,高兴和多多,2026-02-12 03:07:38,,$ST诺泰(SH688076)$ 高开低走，低开低走，就是要低走！,0,4,0,9861,SH688076,ST诺泰,iPhone,https://xueqiu.com/1588866411/375953636,0,0,2026-07-08 16:23:48
375961672,9545612059,559号鹤轩,2026-02-12 03:39:08,,$ST诺泰(SH688076)$ 公司很优秀，跌得有点狠，关注整改进度及重要时间节点网页链接,0,2,0,14333,SH688076,ST诺泰,雪球,https://xueqiu.com/9545612059/375961672,0,0,2026-07-08 16:23:48
375964682,1588866411,高兴和多多,2026-02-12 03:54:57,,$ST诺泰(SH688076)$ 多杀多啦，看来得去30咯,0,2,0,12463,SH688076,ST诺泰,iPhone,https://xueqiu.com/1588866411/375964682,0,0,2026-07-08 16:23:48
375966005,7317233253,富贵爽歪歪,2026-02-12 04:03:27,,$ST诺泰(SH688076)$ 创新药新桂网页链接,0,5,0,18411,SH688076,ST诺泰,iPhone,https://xueqiu.com/7317233253/375966005,0,0,2026-07-08 16:23:48
375978432,2183105356,令狐冲0811,2026-02-12 05:30:51,,$ST诺泰(SH688076)$ 今天给董秘打电话，董秘不知道什么是市值管理。是装糊涂，还是我不懂。一下子把我弄蒙了，不知道说什么了。,1,8,0,30362,SH688076,ST诺泰,Android,https://xueqiu.com/2183105356/375978432,0,0,2026-07-08 16:23:48
375992422,1762103452,财富梦想888,2026-02-12 06:30:14,,剑大，st诺泰咋么看，可以补仓了吗？,0,5,0,16113,SH688076,ST诺泰,Android,https://xueqiu.com/1762103452/375992422,0,0,2026-07-08 16:23:48
376045863,3207990013,棋羽双杰,2026-02-12 13:03:52,,$ST诺泰(SH688076)$ 一周前认错离场，在外面，把亏损的挣回来了。,5,4,0,15080,SH688076,ST诺泰,雪球,https://xueqiu.com/3207990013/376045863,0,0,2026-07-08 16:23:48
376067927,6273602835,做空碳基-做多硅基,2026-02-12 16:47:56,,$ST诺泰(SH688076)$ 不理解，st这么久了还能这么跌，出清这么久还没出清完吗？目前阶段明显是向好了啊，估值不算贵，专利马上就要到期，咋还能这样呢,7,6,0,21697,SH688076,ST诺泰,Android,https://xueqiu.com/6273602835/376067927,0,2,2026-07-08 16:23:48
376163561,8296981195,2528658popo,2026-02-13 07:01:32,,$ST诺泰(SH688076)$ 这垃圾公司可以倒闭了，不是一般的差,0,4,0,27818,SH688076,ST诺泰,Android,https://xueqiu.com/8296981195/376163561,0,0,2026-07-08 16:23:48
376164703,2183105356,令狐冲0811,2026-02-13 07:05:24,,$ST诺泰(SH688076)$ 割肉了，放心涨吧,2,7,0,38300,SH688076,ST诺泰,Android,https://xueqiu.com/2183105356/376164703,0,0,2026-07-08 16:23:48
376172131,5519339803,安全边际321,2026-02-13 07:40:48,,st诺泰，减肥药原材料龙头,0,6,0,24101,SH688076,ST诺泰,Android,https://xueqiu.com/5519339803/376172131,0,0,2026-07-08 16:23:48
376174046,1588866411,高兴和多多,2026-02-13 07:54:37,,$ST诺泰(SH688076)$ 买了说不出的苦,0,10,0,27451,SH688076,ST诺泰,iPhone,https://xueqiu.com/1588866411/376174046,0,0,2026-07-08 16:23:48
376280660,1588866411,高兴和多多,2026-02-15 00:46:16,,$ST诺泰(SH688076)$ 往年一季报4.22左右，现在年报都要4.30。庄家知道什么风声了吧,0,9,0,25097,SH688076,ST诺泰,iPhone,https://xueqiu.com/1588866411/376280660,0,0,2026-07-08 16:23:45
376311190,1836681218,琴山涧5686,2026-02-15 23:17:21,,"在10吨级规模下，一个包含39个氨基酸的肽将需要35万吨溶剂、以及约1万辆10吨容量的储罐车。这其中包括约14万吨的DMF（指N,N-二甲基甲酰胺N,N‑Dimethylformamide，被称之为万能溶剂），占全球产量的约15%。司美格鲁肽、玛仕度肽、替尔泊肽，它们的氨基酸数量分别为31，32，39个。$ST诺泰(SH688076)$ $信达生物(01801)$ $昊帆生物(SZ301393)$",0,6,0,37920,SH688076,ST诺泰,Android,https://xueqiu.com/1836681218/376311190,0,0,2026-07-08 16:23:45
376330582,3072690392,忠厚的致富盖世英雄,2026-02-16 07:23:18,,请问st诺泰有关注吗？财务造假st，但是看盈利还可以,2,5,0,32076,SH688076,ST诺泰,iPhone,https://xueqiu.com/3072690392/376330582,0,0,2026-07-08 16:23:45
376651412,6918103439,别跌了行不,2026-02-23 15:30:29,,$ST诺泰(SH688076)$ 深不见底，谁抄谁死，$诺和诺德(NVO)$就是榜样,13,5,0,20340,SH688076,ST诺泰,Android,https://xueqiu.com/6918103439/376651412,0,0,2026-07-08 16:23:45
376683850,8570126895,爱投资的咕噜潘,2026-02-24 02:01:07,,$ST诺泰(SH688076)$ 犯天谴了？？？,1,5,0,10095,SH688076,ST诺泰,iPhone,https://xueqiu.com/8570126895/376683850,0,0,2026-07-08 16:23:45
376693492,6469196520,豁达的打新小清泉,2026-02-24 02:37:01,,$ST诺泰(SH688076)$ 很明显下跌空间巨大。,0,7,0,8892,SH688076,ST诺泰,Android,https://xueqiu.com/6469196520/376693492,0,0,2026-07-08 16:23:45
376695040,2644691959,o萤火虫o,2026-02-24 02:43:19,,$ST诺泰(SH688076)$没放量，恐慌盘还没吓出来，继续观望。,0,5,0,10615,SH688076,ST诺泰,HarmonyOS,https://xueqiu.com/2644691959/376695040,0,0,2026-07-08 16:23:45
376701739,7588632663,攀爬路,2026-02-24 03:12:12,,$ST诺泰(SH688076)$ 翰宇三季度收入6.8亿，利润七千万。 市值160亿，毛利60%左右圣诺三季度收入5.2亿，利润1.27亿，市值61亿，毛利56.7%诺泰三季度收入15.27亿利润4.45亿，毛利68%市值104亿。四季度罚款，再加减值，不尽人意。利空放在一块也是正常。大不了把今年的基数做低。横向对比它就是低估了，最大风险就是专利到期，其他厂商大幅扩建，供大于求，毛利大幅度降低，这个几率有多大？,8,2,0,26536,SH688076,ST诺泰,Android,https://xueqiu.com/7588632663/376701739,0,0,2026-07-08 16:23:45
376702892,7588632663,攀爬路,2026-02-24 03:17:36,,$ST诺泰(SH688076)$ 多肽业务比例60%，附加寡核苷酸业务。值不值这个价,2,6,0,11432,SH688076,ST诺泰,Android,https://xueqiu.com/7588632663/376702892,0,0,2026-07-08 16:23:45
376722119,3066334908,剪刀手华子,2026-02-24 05:33:48,,$ST诺泰(SH688076)$ 才开始跌，大的还在路上,0,5,0,12928,SH688076,ST诺泰,Android,https://xueqiu.com/3066334908/376722119,0,0,2026-07-08 16:23:45
376722200,1798919569,st肉松,2026-02-24 05:34:17,,$ST诺泰(SH688076)$ 越补越跌，补不动了，场外的千万别入坑。,1,8,0,8586,SH688076,ST诺泰,Android,https://xueqiu.com/1798919569/376722200,0,0,2026-07-08 16:23:45
376725746,9497392580,马廷不是汉廷,2026-02-24 05:54:55,,$ST诺泰(SH688076)$ 从需求考虑，只有减肥药降价了，需求才会上升，国人还是穷的多。现在的减肥药还是贵，等专利到期了，减肥药降价，减肥的需求才会转变为减肥药的需求。从供给考虑，原材料的产能当然会增多，但本身给国外的医药公司供货本身就是一种门槛，类似于给特斯拉供货后，给国内的汽车公司就不会存在技术上的问题了。,0,7,0,14033,SH688076,ST诺泰,Android,https://xueqiu.com/9497392580/376725746,0,0,2026-07-08 16:23:45
376734536,9354987476,王思聪7,2026-02-24 06:44:28,,$ST诺泰(SH688076)$ 这周能打到30以下，下重注,0,3,0,17298,SH688076,ST诺泰,雪球,https://xueqiu.com/9354987476/376734536,0,0,2026-07-08 16:23:45
376736445,7668100301,待得粉残红,2026-02-24 06:55:09,,$ST诺泰(SH688076)$ 这主力自卖自买的挺嗨啊,0,5,0,14928,SH688076,ST诺泰,Android,https://xueqiu.com/7668100301/376736445,0,0,2026-07-08 16:23:45
376743290,1588866411,高兴和多多,2026-02-24 07:31:32,,$ST诺泰(SH688076)$ 现在米诺地尔类似于未来的减肥药吧，专利到期一堆厂家品牌出来疯狂抢占市场,0,3,0,11356,SH688076,ST诺泰,iPhone,https://xueqiu.com/1588866411/376743290,0,0,2026-07-08 16:23:45
376781768,9274729217,萤火之约,2026-02-24 13:36:06,,$ST诺泰(SH688076)$ 好吧真是烂股！看看100亿能否守住。,3,6,0,12590,SH688076,ST诺泰,iPhone,https://xueqiu.com/9274729217/376781768,0,0,2026-07-08 16:23:45
376829410,3066334908,剪刀手华子,2026-02-25 01:57:47,,$ST诺泰(SH688076)$ 总有大聪明在说产量=销量，计算器按的飞起。诺和诺德和礼来价格掉的飞快，国内所有的仿制药都用的自己的原料药，这个东西要突围就很困难，业绩爆发更是无从谈起,11,5,1,16982,SH688076,ST诺泰,Android,https://xueqiu.com/3066334908/376829410,0,0,2026-07-08 16:23:45
376865154,1762103452,财富梦想888,2026-02-25 04:46:32,,剑大，st诺泰长期看好么？,14,3,0,10484,SH688076,ST诺泰,Android,https://xueqiu.com/1762103452/376865154,0,0,2026-07-08 16:23:43
376871594,8997760165,天目湖白茶,2026-02-25 05:28:19,,$ST诺泰(SH688076)$ 司美格鲁肽中国专利到期，价格战会较大的影响公司的利润，加上年报在即，不确定性增多。建议等年报一季报落地以后再考虑，现在买入也许能博取较好的价格，但是持股体验可能不会太好,7,1,0,21515,SH688076,ST诺泰,雪球,https://xueqiu.com/8997760165/376871594,0,1,2026-07-08 16:23:43
376916871,1968252884,策略策略,2026-02-25 09:51:06,,$ST诺泰(SH688076)$ 首先要明白一点，原料药占司美格鲁肽减肥药的成本是多少？？如果占比只有1%呢？？,4,2,0,6926,SH688076,ST诺泰,雪球,https://xueqiu.com/1968252884/376916871,0,0,2026-07-08 16:23:43
376920678,6998822874,冯斯特洛夫斯基,2026-02-25 10:22:50,,$ST诺泰(SH688076)$ 喊口号是没用的。网页链接,2,5,0,6542,SH688076,ST诺泰,Android,https://xueqiu.com/6998822874/376920678,0,0,2026-07-08 16:23:43
376930541,1588866411,高兴和多多,2026-02-25 12:05:32,,$ST诺泰(SH688076)$ 口服药的临床申请什么时候通过呀？,0,3,0,6181,SH688076,ST诺泰,iPhone,https://xueqiu.com/1588866411/376930541,0,0,2026-07-08 16:23:43
376968390,7588632663,攀爬路,2026-02-25 22:30:36,,$ST诺泰(SH688076)$ 别的是涨价逻辑，你是降价逻辑，国外销售居多，人民币升值，卖了一圈换算成人民币又得少个几个点。差不多得了。情绪低落到啥时候是个头勒,1,2,0,8322,SH688076,ST诺泰,Android,https://xueqiu.com/7588632663/376968390,0,0,2026-07-08 16:23:43
376970052,6469196520,豁达的打新小清泉,2026-02-25 23:22:34,,有个疑问：诺泰生物国外销售司美格鲁肽和替尔泊肽都销售给谁了？毕竟专利期都还没到呢。,0,2,0,5455,SH688076,ST诺泰,Android,https://xueqiu.com/6469196520/376970052,0,0,2026-07-08 16:23:43
377007134,6519071587,龙头战略家,2026-02-26 02:36:52,,$ST诺泰(SH688076)$ 策略这个人妖是个坑货,0,7,0,12718,SH688076,ST诺泰,雪球,https://xueqiu.com/6519071587/377007134,0,0,2026-07-08 16:23:43
377009754,7510614376,st止盈你太美,2026-02-26 02:44:46,,$ST诺泰(SH688076)$ 我就不信拿到摘帽你还能这么垃圾,0,3,0,10530,SH688076,ST诺泰,Android,https://xueqiu.com/7510614376/377009754,0,0,2026-07-08 16:23:43
377010877,1590394180,喜欢ST股,2026-02-26 02:48:03,,$ST诺泰(SH688076)$ 这个位置还是别急着加仓了，在大盘稳步向上的前提下，股价还能轻松创出近期新低，还是慢慢来吧，就算会有反弹，4、5月份还有可能最后一跌。,1,4,0,5492,SH688076,ST诺泰,Android,https://xueqiu.com/1590394180/377010877,0,0,2026-07-08 16:23:43
377011756,6469196520,豁达的打新小清泉,2026-02-26 02:50:48,,$ST诺泰(SH688076)$ 这下跌才刚刚开始，弄不好到20元。,0,6,0,6498,SH688076,ST诺泰,Android,https://xueqiu.com/6469196520/377011756,0,0,2026-07-08 16:23:43
377012155,4696354130,luoxuelzc,2026-02-26 02:52:00,,$ST诺泰(SH688076)$ 会一直跌到摘帽吧,0,4,0,5712,SH688076,ST诺泰,Android,https://xueqiu.com/4696354130/377012155,0,0,2026-07-08 16:23:43
377012755,3066334908,剪刀手华子,2026-02-26 02:53:57,,$ST诺泰(SH688076)$ 就信那个策略整天跳大神，假数据假消息污染AI，求锤得锤。按照这个走法，一季度也晾了。。。,5,7,0,13589,SH688076,ST诺泰,Android,https://xueqiu.com/3066334908/377012755,0,0,2026-07-08 16:23:43
377015066,9686437421,飞翔0018,2026-02-26 03:01:12,,st诺泰公司做的不是做减肥原料药，是卖能把买这只股票的股民资产大幅缩水的企业。,0,6,0,15981,SH688076,ST诺泰,Android,https://xueqiu.com/9686437421/377015066,0,0,2026-07-08 16:23:43
377018780,2007086936,精装追股仔,2026-02-26 03:13:51,,$ST诺泰(SH688076)$ 兄弟们跑，头也不要回了,4,3,0,14007,SH688076,ST诺泰,Android,https://xueqiu.com/2007086936/377018780,0,0,2026-07-08 16:23:43
377018863,9677662435,猎庄者小号,2026-02-26 03:14:09,,$ST诺泰(SH688076)$ 现在估计很多人不敢买了，我打算捡回一些仓位。这种阴跌的走势确实让人恶心，但是这不也是赚钱的好机会么，说到底还是要战胜自己的内心，做理性的判断。只要产能是真的，专利到期之后无论是销售窗口还是风口起来，股价都会走升一波的，个人喜欢做左侧，慢慢买，慢慢拿，急不来,0,5,0,12472,SH688076,ST诺泰,雪球,https://xueqiu.com/9677662435/377018863,0,0,2026-07-08 16:23:43
377019108,9497026939,古诗拾贝,2026-02-26 03:14:57,,$ST诺泰(SH688076)$ 这跌的有些看不懂了,3,5,0,11526,SH688076,ST诺泰,iPhone,https://xueqiu.com/9497026939/377019108,0,0,2026-07-08 16:23:43
377026042,6918103439,别跌了行不,2026-02-26 03:42:27,,$ST诺泰(SH688076)$ 早都说是一只烂股了，总是有些犟逼天天吹什么利好，你们啊，就是得跌三五年，跌到死心，跌到跳楼。反正26不行看27，27不行看28，大不了看到2030，死之前肯定能解套，加油啊，被套死的韭菜们,5,12,0,18681,SH688076,ST诺泰,Android,https://xueqiu.com/6918103439/377026042,0,0,2026-07-08 16:23:43
377028164,6469196520,豁达的打新小清泉,2026-02-26 03:53:56,,$ST诺泰(SH688076)$ 有一点很好奇，诺泰生物自己的司美格鲁肽仿制药也在临床阶段，专利期过了上市以后就要和信达生物的玛仕度肽竞争，但是诺泰生物还承接了信达生物的玛仕度肽。信达生物的操作有点风骚。$信达生物(01801)$,0,7,0,36353,SH688076,ST诺泰,Android,https://xueqiu.com/6469196520/377028164,0,0,2026-07-08 16:23:41
377037726,6998822874,冯斯特洛夫斯基,2026-02-26 05:05:58,,$ST诺泰(SH688076)$ 人弃我取，买在无人问津时！,14,8,0,13052,SH688076,ST诺泰,Android,https://xueqiu.com/6998822874/377037726,0,0,2026-07-08 16:23:41
377056796,1822395959,十二峰x逆天改命,2026-02-26 06:28:27,,$ST诺泰(SH688076)$ 真恶心啊，随便买的都比你强，跌起来没完了,0,3,0,10843,SH688076,ST诺泰,Android,https://xueqiu.com/1822395959/377056796,0,0,2026-07-08 16:23:41
377058847,5612045840,风险放第一,2026-02-26 06:37:05,,$ST诺泰(SH688076)$ 想给雪球小秘书提个建议，我们有时候看个股消息和资讯，我们有时候不想看某个人比如在诺泰下面整天瞎BB的一个叫策略的人，我想把他屏蔽了，拉黑了，不看他的信息可以做到吗？谁写的不客观不公正，瞎写八道，我就屏蔽谁，看不到他的信息，请小秘书完善下这个功能，有时候看到不想看的信息确实很难受。还影响心情和自己的判断。辛亏很久不看这个股票下面信息了。@雪球小秘书,4,6,0,20553,SH688076,ST诺泰,雪球,https://xueqiu.com/5612045840/377058847,0,0,2026-07-08 16:23:41
377059672,4696354130,luoxuelzc,2026-02-26 06:40:27,,$ST诺泰(SH688076)$ 都失业没饭吃了，还减啥肥,0,11,0,8764,SH688076,ST诺泰,Android,https://xueqiu.com/4696354130/377059672,0,0,2026-07-08 16:23:41
377121456,7954339223,节俭的金融小蚂蚁,2026-02-26 13:18:09,,$ST诺泰(SH688076)$ 这股票最近跌司美原料药跌价吧？现在还有35w/公斤吗？,3,4,0,8778,SH688076,ST诺泰,雪球,https://xueqiu.com/7954339223/377121456,0,0,2026-07-08 16:23:41
377141655,9497026939,古诗拾贝,2026-02-26 15:57:35,,$ST诺泰(SH688076)$ 针对诺泰，还是发点自己的看法吧。目前GLP-1多肽原料药，整个行业都在扩产，包含诺泰自己，诺泰的领导层为什么要技改601和602，还是变更资金用途的去改，无疑证明一点，后续的司美格鲁肽市场哪怕降价，依然可能是一片蓝海。这么多行业内的人能看到的前景，行业外的人更不应该去怀疑，这个过程中唯一需要外行观察的就是产能如何、质量如何、BD如何。,0,6,0,13653,SH688076,ST诺泰,iPhone,https://xueqiu.com/9497026939/377141655,0,0,2026-07-08 16:23:41
377175311,6469196520,豁达的打新小清泉,2026-02-27 01:41:32,,$ST诺泰(SH688076)$ 我早说了，下跌才刚刚开始。,0,8,0,8618,SH688076,ST诺泰,Android,https://xueqiu.com/6469196520/377175311,0,0,2026-07-08 16:23:41
377177039,4696354130,luoxuelzc,2026-02-27 01:46:48,,$ST诺泰(SH688076)$ 创新药都带不起来,0,1,0,8891,SH688076,ST诺泰,Android,https://xueqiu.com/4696354130/377177039,0,0,2026-07-08 16:23:41
377207217,2183105356,令狐冲0811,2026-02-27 03:21:50,,$ST诺泰(SH688076)$ 割肉，立马就涨。,2,2,0,18843,SH688076,ST诺泰,Android,https://xueqiu.com/2183105356/377207217,0,0,2026-07-08 16:23:41
377208194,2519968869,99号技师的司机,2026-02-27 03:25:56,,$ST诺泰(SH688076)$ 别插针啊，赶紧跌到位,1,4,0,11536,SH688076,ST诺泰,Android,https://xueqiu.com/2519968869/377208194,0,0,2026-07-08 16:23:41
377210236,3991585600,金融那些事儿,2026-02-27 03:34:45,,$ST诺泰(SH688076)$ 整个st板块，唯一新低安全低位有业绩的个股今天会是26年的最低价了吗？？$ST赛为(SZ300044)$,0,5,0,16535,SH688076,ST诺泰,Android,https://xueqiu.com/3991585600/377210236,0,0,2026-07-08 16:23:41
377212394,2644691959,o萤火虫o,2026-02-27 03:45:09,,$ST诺泰(SH688076)$无量下跌，还远远没到底部。,3,8,0,19322,SH688076,ST诺泰,HarmonyOS,https://xueqiu.com/2644691959/377212394,0,0,2026-07-08 16:23:41
377214653,2644691959,o萤火虫o,2026-02-27 03:58:25,,$ST诺泰(SH688076)$36买的，预告爆雷那天35.11清仓了，现在看来还好跑的及时，不然多亏十多个点,0,11,0,19079,SH688076,ST诺泰,HarmonyOS,https://xueqiu.com/2644691959/377214653,0,0,2026-07-08 16:23:41
377255813,4131725678,混沌开天2026,2026-02-27 07:22:33,,$ST诺泰(SH688076)$ 新低之后还有新低，啥时候成为领涨明星,1,3,0,22278,SH688076,ST诺泰,Android,https://xueqiu.com/4131725678/377255813,0,0,2026-07-08 16:23:41
377296639,0,ST诺泰(SH688076),2026-02-27 12:03:00,,ST诺泰：关于2025年度计提资产减值准备的公告 网页链接,2,3,0,16404,SH688076,ST诺泰,公告,https://xueqiu.com/S/SH688076/377296639,0,0,2026-07-08 16:23:41
377296640,0,ST诺泰(SH688076),2026-02-27 12:03:00,,ST诺泰：关于自愿披露依帕司他片获得药品注册证书的公告 网页链接,0,2,0,16930,SH688076,ST诺泰,公告,https://xueqiu.com/S/SH688076/377296640,0,0,2026-07-08 16:23:41
377296641,0,ST诺泰(SH688076),2026-02-27 12:03:00,,ST诺泰：2025年度业绩快报公告 网页链接,14,5,0,21402,SH688076,ST诺泰,公告,https://xueqiu.com/S/SH688076/377296641,0,2,2026-07-08 16:23:41
377296691,7668100301,待得粉残红,2026-02-27 12:03:35,,$ST诺泰(SH688076)$ 业绩快报要发布了，不小心重仓看底牌，也算利空落地,0,2,0,10385,SH688076,ST诺泰,Android,https://xueqiu.com/7668100301/377296691,0,0,2026-07-08 16:23:39
377299017,5187193467,证券之星财经,2026-02-27 12:20:05,ST诺泰发布2025年度业绩快报，盈利3.27亿元,"证券之星消息，ST诺泰近日即将发布2025年年报，根据2月27日发布的业绩快报，归属净利润盈利3.27亿元，同比减少19.14%。业绩快报公告中对经营业绩和财务状况情况的说明：（一）报告期内经营情况、财务状况及影响经营业绩的主要因素。1、报告期的经营情况、财务状况2025 年度，公司实现营业收入 194,279.91 万元，较上年同期增长 19.57%；实现归属于母公司所有者的净利润 32,699.99 万元，较上年同期下降 19.14%；实现归属于母公司所有者的扣除非经常性损益的净利润 36,393.14 万元，较上年同期下降 10.76%。2025 年末，公司总资产 673,333.05 万元，较年初增长 32.60%；归属于母公司的所有者权益 297,585.76 万元，较年初增长 11.86%。2、影响经营业绩的主要因素(1)报告期内,公司整体销售收入增长,但受行业价格波动影响及公司固定成本增加,导致公司毛利率水平同比有所下降。(2)报告期内,公司根据《企业会计准则》 等有关要求,对相关资产进行减值测试后,对部分资产计提减值准备,对公司本期业绩产生影响, 具体内容详见《关于 2025 年度计提资产减值准备的公告》（公告编号：2026-011）。（二）上表中有关项目增减变动幅度达 30%以上的变动说明2025 年末公司总资产较年初增加 32.60%,主要系货币资金、存货及固定资产增加。2025 年末公司股本较年初增加 43.80%，主要系本年度资本公积转增股本。三、风险提示1、公司于 2025 年 12 月收到中国证监会下发的《行政处罚决定书》（〔2025〕148 号）,具体内容详见《关于收到的公告》（公告编号：2025-072），本公告所载本报告期期初数未考虑更正影响，具体数据以公司正式披露的相关会计差错更正公告及 2025 年年度报告为准。2、本公告所载 2025 年度主要财务数据为初步核算数据，未经会计师事务所审计，相关数据可能与公司 2025 年年度报告中披露的数据存在差异，具体数据以公司 2025 年年度报告中披露的数据为准，敬请广大投资者注意投资风险。特此公告。江苏诺泰澳赛诺生物制药股份有限公司董事会2026 年 2 月 28 日ST诺泰（688076）主营业务：定制类产品业务和自主选择产品业务,其中定制类产品业务包括CDMO业务、CMO业务和CRO业务;自主选择产品是指公司围绕糖尿病、心血管疾病、肿瘤等疾病治疗方向,以多肽药物为主、小分子化药为辅,自主选择具有较高技术壁垒和良好市场前景的仿制药,积极组织研发、生产、注册申报和销售。该股最近90天内共有1家机构给出评级，买入评级1家。以上内容为证券之星据公开信息整理，由AI算法生成（网信算备310104345710301240019号），不构成投资建议。",0,2,0,15770,SH688076,ST诺泰,雪球,https://xueqiu.com/5187193467/377299017,0,0,2026-07-08 16:23:39
377299467,9274729217,萤火之约,2026-02-27 12:23:50,,$ST诺泰(SH688076)$ 2025年度业绩快报：1.报告期内实现营业收入19.43亿元，同比增长19.57%；（预告值：19～20亿元，处于预告值的中部）其中，q4当季4.16亿元，环比q3下降13.15%，同比去年q4上升11.53%；2.计提资产减值：9189.23万3.归属于上市公司股东的净利润3.27亿元，同比下降19.14%；（预告值：3.1-4.2亿，处于预告值的下部）其中q4当季-1.175亿，除去计提资产减值后，-2561万4.归属于上市公司股东的扣非净利润3.64亿元，同比下降10.76%（预告值：3.4-4.5亿，处于预告值的下部）其中q4当季-0.73亿，除去计提资产减值后，+1889万,31,10,1,31279,SH688076,ST诺泰,iPhone,https://xueqiu.com/9274729217/377299467,0,3,2026-07-08 16:23:39
377300955,2624921603,会虎鲨,2026-02-27 12:34:59,,$ST诺泰(SH688076)$ 上半年估计还会难熬，期待下半年放量。,0,2,0,11394,SH688076,ST诺泰,iPhone,https://xueqiu.com/2624921603/377300955,0,0,2026-07-08 16:23:39
377302396,9274729217,萤火之约,2026-02-27 12:48:24,,$ST诺泰(SH688076)$ 对于我来说其实还可以1.为什么距离业绩预告里的上限差距那么大？感觉可能还是因为9200万的减值全放进来了，当初快报的时候上限值，基本是对应着没把减值放进去的利润值。2025年该减值的基本都完成了，2026利润不大会受减值影响，应该会更好看些。2.q4扣非为正，而且参照2024年q4业绩，诺泰生物q4利润本身就是较其他季度偏低的，该项也基本符合我预期。3.公司营业收入没有咋下滑，环比q3下滑13%对比往年亦属正常（2024年q4环比q3下滑11.5%），这个指标稳住了，说明公司订单层面受到的影响不大，好消息。总之，还是那句，利空基本出尽，继续大幅向下的概率不大的。,1,9,0,12979,SH688076,ST诺泰,iPhone,https://xueqiu.com/9274729217/377302396,0,1,2026-07-08 16:23:39
377302578,6469196520,豁达的打新小清泉,2026-02-27 12:50:05,,$ST诺泰(SH688076)$ 这业绩明显爆雷了。呵呵,2,5,0,11340,SH688076,ST诺泰,Android,https://xueqiu.com/6469196520/377302578,0,0,2026-07-08 16:23:39
377306506,4308113781,黄牛_金牛,2026-02-27 13:16:38,,$ST诺泰(SH688076)$ 1、资产减值算在营业利润里。如果不减值，营业利润为4.9亿，增加9%左右。由于总资产增加了不少（总资产也包含了存货），所以实际营业利润应该更加高。2、罚款计算在利润总额里。营业利润-利润总额=0.48亿，很接近。如果相信这是一次非常合规的财务洗澡，继续持有是没有问题的。一季度的增长可能一般，二季度的表现会好起来，三季度等st撤销后会更好。如果为了财报好看，不应该在这个时候做资产减值处理的。没有一家公司傻到将资产减值和罚款一起处理掉。如果不相信，那就走人吧。最近的股价应该反应了利润的下降，机构们肯定比我们提前知道这些。利空出尽就是利好，相信吗？,6,9,1,22197,SH688076,ST诺泰,雪球,https://xueqiu.com/4308113781/377306506,0,1,2026-07-08 16:23:39
377310935,8247993686,八十万韭菜总教头,2026-02-27 13:50:52,,$ST诺泰(SH688076)$简要复盘，这票其实花了大力气，但得到的是大亏损，搞心态，占精力，真是得不偿失。长坡厚雪，这看似逻辑扎实又得到一致预期的事情，现在看来是不是致命的诱惑？大屁股，高股价，之所以给，是因为预期的高增长，而目前看高增长存疑，利润反而下降，目前这价格是不是还能给，刻舟求剑式的去按目前利润和同行业pe得出价格合理或低估，是否科学或者是死板？股价走势不能百分百反应基本面，但短期一段时间在我记忆脑海中，总是屡试不爽，无一例外。这票我还有一些，但割了很多，没完全走是因为伤的深，但是否回来，要看机缘了，股票很多，就像心爱的女孩，再怎么爱的死去活来，也不能在一棵树上吊死，你失去一颗树木的时候，可能得到的是整个森林。$ST诺泰(SH688076)$,30,13,0,56850,SH688076,ST诺泰,Android,https://xueqiu.com/8247993686/377310935,0,1,2026-07-08 16:23:39
377313203,6376657720,肽藻粉,2026-02-27 14:09:54,,$ST诺泰(SH688076)$ 2025年几千亿利润，不怕没市场，就怕你没本事从两巨头嘴里去扣肉？,0,4,0,21948,SH688076,ST诺泰,Android,https://xueqiu.com/6376657720/377313203,0,0,2026-07-08 16:23:39
377319324,3216879181,剑胆琴心123,2026-02-27 14:50:44,,回复@林屹宣: 我猜是四季度各类计提了不少。业绩预告到业绩快报，预告到年报是逐步脱敏的过程。刚开始披露数据时市场觉得不及预期，调整的时长多，后面应该就不咋调整了，到年报基本脱敏结束了。最近就是阶段底部了。后面仿制药放开，预期就会慢慢好了。$ST诺泰(SH688076)$ 等牛双摘帽，我会再做一波多肽。//@林屹宣:回复@剑胆琴心123:剑大，怎么看多肽的业绩快报，是不是四季度把刚投产车间计提大额固定资产折旧，导致固定成本和费用大增，利润大降,3,31,0,49632,SH688076,ST诺泰,Android,https://xueqiu.com/3216879181/377319324,0,8,2026-07-08 16:23:39
377357457,9089016024,价值投机的巴韭特,2026-02-28 03:01:10,,$ST诺泰(SH688076)$ 利润大下滑，还要跌多少呢,0,3,0,13289,SH688076,ST诺泰,雪球,https://xueqiu.com/9089016024/377357457,0,0,2026-07-08 16:23:39
377365660,2385683132,最大圆上的一个点,2026-02-28 04:38:13,,$ST诺泰(SH688076)$ 你们一个个价值投资者，来炒一个ST还要求这么高？！,0,9,0,15949,SH688076,ST诺泰,Android,https://xueqiu.com/2385683132/377365660,0,0,2026-07-08 16:23:39
377371221,1968252884,策略策略,2026-02-28 05:59:42,,$ST诺泰(SH688076)$ 下跌时候千万种理由，鸡蛋里边挑骨头。请问诸位，st股哪有这么好的股。st可是都涨上天了，可见庄家用心险恶，一手离间计。可惜啊，短时间，我控制不了，但我知道，这是资金必经之路，庄家必走剑阁，高危的新易盛，有色，st，资金哪里去，驱狼吞狗，此上上策也。继续吟诗一首。惜圣诺瀚宇，略输文采，博瑞双马，稍逊风骚，一代天骄，药明合全，只识弯弓射大雕，俱往矣，数风流人物，还看诺泰。2026.03,15,9,0,29117,SH688076,ST诺泰,Android,https://xueqiu.com/1968252884/377371221,0,0,2026-07-08 16:23:39
377397437,1968252884,策略策略,2026-02-28 10:47:01,,$ST诺泰(SH688076)$ 诺泰生物，这个以前的展示现在看来可以的。,2,9,0,14404,SH688076,ST诺泰,Android,https://xueqiu.com/1968252884/377397437,0,0,2026-07-08 16:23:39
377479628,2602366341,超人出击,2026-03-01 15:24:56,,$ST诺泰(SH688076)$ 诺和诺德都被打成什么样了，诺泰这业绩也正常。礼来替尔泊肽和即将上市的奥氟格列隆都对司美形成碾压之势。司美专利期一到，价格肯定要下探到一个新的位置，也只能靠走量了。前期利拉鲁肽的投入估计是要打水漂的。而司美格鲁肽的投入，想再赚超额收益已经不可能，赚二十个点辛苦费估计还是有的。小核酸来势汹汹，对多肽也造成压力。总之，这市场变化太快了。挨打立正。,1,5,0,18158,SH688076,ST诺泰,Android,https://xueqiu.com/2602366341/377479628,0,0,2026-07-08 16:23:39
377496565,9686437421,飞翔0018,2026-03-02 01:18:05,,诺泰生物.司美格鲁肽：印度获批+专利到期 核心影响一、核心事件汇总1. 市场准入突破：2026年2月，公司司美格鲁肽原料药获印度CDSCO批准，成为最早获准进入印度市场的中国原料药厂商之一，具备合法商业化供货资格。2. 全球专利到期：2026年3月20日，司美格鲁肽核心专利在中国、印度、中东、东南亚同步到期，全球主流仿制药市场全面放开。二、事件核心意义与战略价值两大事件叠加，构成诺泰生物从研发供应转向商业化放量的关键转折点，直接打开全球化增量市场：1. 合规与市场双重放开印度获批解决了“能不能卖”的准入问题，专利到期解决了“大规模卖”的市场限制，二者共振打开印度、中国及东南亚、中东等庞大仿制药市场空间。2. 业务模式彻底转变专利保护期内，公司仅能向下游客户供应研发用原料药；专利到期后，全球仿制药企将启动规模化生产，原料药需求从研发小批量转向商业化大批量，业绩弹性彻底释放。3. 全球化卡位优势确立作为首批获印度准入的厂商，公司抢占专利到期前的先发窗口期，可优先绑定印度头部仿制药企（Cipla、Dr.Reddy&#39;s等），锁定南亚、东南亚、中东等新兴市场供应链核心位置。4. 业绩增长逻辑兑现专利到期+合规供货，推动司美格鲁肽原料药从布局品种转为核心盈利增长点，成为公司全球化多肽业务的重要增量支撑。以上为个人意见，仅供参考，不作为投资依据！..,0,3,0,21153,SH688076,ST诺泰,Android,https://xueqiu.com/9686437421/377496565,0,1,2026-07-08 16:23:39
377508514,4696354130,luoxuelzc,2026-03-02 01:50:57,,$ST诺泰(SH688076)$ 到处打仗，人命不值钱，还减啥肥,1,3,0,7086,SH688076,ST诺泰,Android,https://xueqiu.com/4696354130/377508514,0,0,2026-07-08 16:23:39
377509333,9677662435,猎庄者小号,2026-03-02 01:53:12,,$ST诺泰(SH688076)$ 这个时候我选择继续买,0,1,0,10848,SH688076,ST诺泰,雪球,https://xueqiu.com/9677662435/377509333,0,0,2026-07-08 16:23:39
377511173,7668100301,待得粉残红,2026-03-02 01:58:15,,$ST诺泰(SH688076)$ 今天没戏，继续洗，忙别的去了,0,2,0,11855,SH688076,ST诺泰,Android,https://xueqiu.com/7668100301/377511173,0,0,2026-07-08 16:23:37
377517757,6964527540,雪暖晴岚q,2026-03-02 02:14:04,,$ST诺泰(SH688076)$ 百亿市值，按这个价格拿到诺泰的控股权，一点都不亏，诺泰的控股方，搞土建出身的，格局就那么大一点，为了IPO财务造假劣迹斑斑，如此碌碌无为又无诚信的股东方，是最大的问题。,2,9,0,16727,SH688076,ST诺泰,iPhone,https://xueqiu.com/6964527540/377517757,0,1,2026-07-08 16:23:37
377528426,7040995361,ST自由诗,2026-03-02 02:42:12,2026.3.02重要公告,"st诺泰：2025 年度业绩快报：公司营业总收入为 1,942,799,144.82元，营业利润为400,048,003.86元，归属于母公司所有者的扣除非经常性损益的净利润为363,931,382.12元；依帕司他片获得药品注册证书*st天微：申请撤销公司股票退市风险警示；2025年年度报告：公司实现营业收入150,197,152.94元，归属于母公司所有者的净利润为34,133,444.31元,实现扭亏为盈。*st海钦：公司收到《行政处罚事先告知书》*st沐邦：公司及相关当事人收到《行政处罚事先告知书》*st仁东：申请撤销对公司股票交易实施退市风险警示；2025年报：公司2025年营业收入为822,820,010.93元，归属于上市公司股东的扣除非经常性损益的净利润为42,654,479.12元。$ST诺泰(SH688076)$ $*ST天微(SH688511)$ $*ST仁东(SZ002647)$",1,6,1,75070,SH688076,ST诺泰,雪球,https://xueqiu.com/7040995361/377528426,0,0,2026-07-08 16:23:37
377540661,6272575192,x198921,2026-03-02 03:23:09,,$ST诺泰(SH688076)$ 这里的神棍舒坦了？,4,8,0,10399,SH688076,ST诺泰,Android,https://xueqiu.com/6272575192/377540661,0,0,2026-07-08 16:23:37
377549144,8876886738,杀千刀的,2026-03-02 04:01:47,,$ST诺泰(SH688076)$ 走势恶心，如同公司管理层一样，一手好牌打的稀烂，没有量啊。,0,8,0,20083,SH688076,ST诺泰,雪球,https://xueqiu.com/8876886738/377549144,0,0,2026-07-08 16:23:37
377553194,6918103439,别跌了行不,2026-03-02 04:31:44,,$ST诺泰(SH688076)$ 这走势，先跌到15再买，中间抄底，死无全尸。,0,8,0,16344,SH688076,ST诺泰,Android,https://xueqiu.com/6918103439/377553194,0,0,2026-07-08 16:23:37
377553304,1007887767,nirvana1998,2026-03-02 04:32:48,,$ST诺泰(SH688076)$ 下跌趋势，什么价格都是有可能的，直接买完不看了，至于为什么要买是看好前景，诺泰下半年司美原料药是肯定会放量的，价格看不准，但放量绝对会带来利润，价格好就是暴击，价格下降也能少赚点，就看市场怎么估值了。,0,11,0,16161,SH688076,ST诺泰,iPhone,https://xueqiu.com/1007887767/377553304,0,0,2026-07-08 16:23:37
377559191,6998822874,冯斯特洛夫斯基,2026-03-02 05:13:33,,$ST诺泰(SH688076)$ 市值跌破100亿，高管们都没表个态，那我买5手意思一下,1,5,0,13232,SH688076,ST诺泰,Android,https://xueqiu.com/6998822874/377559191,0,0,2026-07-08 16:23:37
377571241,4781171849,november2,2026-03-02 06:07:03,,$ST诺泰(SH688076)$ 两年前的明星股，连挣扎一下都没有,0,3,0,15493,SH688076,ST诺泰,iPhone,https://xueqiu.com/4781171849/377571241,0,0,2026-07-08 16:23:37
377574692,4767171774,莫凡wcg,2026-03-02 06:21:50,,$ST诺泰(SH688076)$ 这波跌的真凶！坚定不移,0,10,0,14325,SH688076,ST诺泰,iPhone,https://xueqiu.com/4767171774/377574692,0,0,2026-07-08 16:23:37
377591166,6769259204,laotang926,2026-03-02 07:28:35,,$ST诺泰(SH688076)$ 越跌越高兴，难道从投机进阶到价值投资阶段了,1,10,0,22910,SH688076,ST诺泰,雪球,https://xueqiu.com/6769259204/377591166,0,0,2026-07-08 16:23:37
377616500,6769259204,laotang926,2026-03-02 09:46:48,st诺泰超跌了吗？,$ST诺泰(SH688076)$ 周末仔细看了诺泰生物的资料，认为超跌了，已补仓，欢迎主力继续砸。看好未来几年诺泰生物，主要基于诺泰生物获得的国际认证、原料药产能与成本，与大型仿制药企已有的合作，中国和印度等地司美格鲁肽专利即将到期，司美格鲁肽原料药占成本较低。具体如下：一、截至 2026年3月，诺泰生物已通过美国 FDA、欧盟 GMP、巴西 ANVISA、韩国 MFDS、印度CDSCO等多项国际权威认证，覆盖多肽、小分子、寡核苷酸等领域，具备全球合规生产能力。此外与中东 / 非洲最大药企之一 Julphar 签署十年独家供应协议，覆盖埃及、摩洛哥等非洲及中东共22 国。二、诺泰生物以固液融合 + 侧链修饰 + AI 生产为核心技术，2025 年底多肽产能达11–12 吨 / 年（全球第二），成本较同行低30%+，是 GLP-1 原料药全球最具竞争力的供应商之一。原料药产能（核心：多肽 + 寡核苷酸）多肽原料药（GLP-1 为核心）2025 年底（当前）： 601 车间（2025-01 投产）：5 吨 / 年（司美格鲁肽、替尔泊肽） 602 车间（2025 上半年投产）：5 吨 / 年（GLP-1 + 胸腺类等）2026 年规划：连云港二期（40kg GLP-1 专用 + 50kg 多肽）Q2 投产寡核苷酸原料药（小核酸）南京基地一期：100kg / 年（siRNA/PMO），计划 2026Q4 投产核心技术路线（多肽为主）固液融合多肽合成（核心壁垒）工艺：固相合成（SPPS）+ 液相纯化 / 修饰融合，解决长链多肽（如司美格鲁肽 30 + 氨基酸）规模化痛点单批次：10 公斤 +（行业平均 1–2kg）纯度：≥99.5%，杂质＜0.1%专利：多肽相关专利 62 项（含 12 项 PCT），覆盖核心工艺侧链化学修饰（长效 GLP-1 关键）脂肪酸侧链、PEG 化修饰效率较传统提升 40%，成本降 25%支撑司美格鲁肽、利拉鲁肽、替尔泊肽等长效多肽生产AI + 智能化生产AI 优化反应参数，利拉鲁肽合成周期从 18 天→12 天近百个传感器实时监控，自动调参，废品率显著下降成本优势（核心数据）工艺降本固液融合较传统多肽工艺：成本降低 30%–40%较国内同行：低 约 30%；较海外：低 25%–50%规模效应产能利用率 ＞80%（高订单锁定），边际成本持续下行GLP-1 原料药毛利率 70%+（显著高于行业）供应链控制自产关键原料（如寡核苷酸单体 PMO），布局印度棕榈酸酐供应链，减少外部依赖核心对比表（多肽原料药）三、与大型仿制药企已有的合作1. 欧美跨国仿制药巨头梯瓦制药（Teva） 合作内容：长期采购司美格鲁肽、利拉鲁肽原料药，用于全球仿制药研发与申报 合作阶段：稳定供货Krka（斯洛文尼亚） 合作内容：口服司美格鲁肽、替尔泊肽原料药供应 合作阶段：2024 年起批量供货Apotex（加拿大） 合作内容：利拉鲁肽原料药与制剂合作 合作阶段：北美市场首仿上市原料供应西普拉（Cipla，印度） 合作内容：司美格鲁肽、利拉鲁肽原料药，支持全球仿制药申报 合作阶段：长期稳定订单 。2026年2月获得印度CDSCO市场准入证书，2026年3月20日司美格鲁肽专利到期。雷迪博士实验室（Dr. Reddy&#39;s，印度） 合作内容：GLP-1 类多肽原料药采购 合作阶段：批量供货。2026年2月获得印度CDSCO市场准入证书，2026年3月20日司美格鲁肽专利到期。2. 中东 / 非洲（战略级合作）Julphar（Gulf Pharmaceutical Industries，阿联酋） 合作时间：2025 年 4 月，十年期独家 / 优先采购协议 合作内容：司美格鲁肽原料药供应，覆盖中东、非洲22 国；提供注册资料、技术转让与现场支持 供应规模：年供应量超 100kg，Julphar 承诺优先采购3. 拉美市场与多家头部仿制药企签订口服司美格鲁肽、利拉鲁肽制剂原料药合作协议合作阶段：2024 年起批量供货，支持当地首仿上市4. 国内大型仿制药 / 制剂企业齐鲁制药 合作内容：司美格鲁肽原料药，支持海外制剂注册与国内申报 合作阶段：稳定供货普利制药 合作内容：司美格鲁肽原料药，用于海外制剂申报 合作阶段：批量供货前沿生物 合作内容：艾博韦泰（抗 HIV 多肽）原料药，2022 年签署1.8 亿元订单 合作阶段：长期稳定四、司美格鲁肽在中国、印度的核心化合物专利将于 2026 年 3 月 20 日到期。五、还有一点特别特别重要，@策略策略 提到的，司美格鲁肽注射剂成本中原料药占比非常低，仿制药企更看重的是批量稳定供货能力。而后续口服剂中原料药用量是注射剂的几十倍（注射剂是一周一次，每个月大约10mg； 而口服剂每天用， 每个月大约750mg），将是成本的主要组成部分。具体如下：我的判断：等专利到期之后，诺和诺德将面临仿制药的竟争，最大的受益者是诺泰生物。可以预期的是接下来几年将有两次放量：1）专利到期，仿制药批量上市导致的原料药需求放量。仿制药企更看重的是批量稳定供货能力，因为原料药在成本组成中占比非常低，主要费用是注射笔/装置，运输保存与销售。 2）口服剂上市，原料药占成本20%以上。第一次放量时间是2026-2027年，诺泰生物已经在认证和产能上做好准备。第二次放量时间要等到口服剂大量上市，预期是2027年以后。本人持有诺泰生物，这是查资料与思考笔记，仅供参考，不作为投资依据。,17,17,0,48473,SH688076,ST诺泰,雪球,https://xueqiu.com/6769259204/377616500,0,9,2026-07-08 16:23:37
377618661,1836681218,琴山涧5686,2026-03-02 10:00:29,,爱迪特，我错了，我差了点耐心！现在的诺泰，和爱迪特当初最黑暗的时候一样，也是套了23％左右后，慢慢涨上来，然后大幅拉升，相对买点快速翻倍。,3,10,0,35475,SH688076,ST诺泰,Android,https://xueqiu.com/1836681218/377618661,0,0,2026-07-08 16:23:37
377694433,3705134023,晒太阳的猫眯着眼睛,2026-03-03 01:41:00,,$ST诺泰(SH688076)$ 尊重一下,16,6,0,25070,SH688076,ST诺泰,Android,https://xueqiu.com/3705134023/377694433,0,0,2026-07-08 16:23:37
377702270,5546851486,财富自由之路加一,2026-03-03 01:59:40,,$ST诺泰(SH688076)$ 万花丛中一点红,0,3,0,12676,SH688076,ST诺泰,Android,https://xueqiu.com/5546851486/377702270,0,0,2026-07-08 16:23:37
377702490,4308113781,黄牛_金牛,2026-03-03 02:00:07,,$ST诺泰(SH688076)$ 这个冬天有点长啊。,0,6,0,16336,SH688076,ST诺泰,雪球,https://xueqiu.com/4308113781/377702490,0,0,2026-07-08 16:23:37
377703608,5543363938,只想赚钱的Andy,2026-03-03 02:02:29,,$ST诺泰(SH688076)$ 看来大资金来了，再观察一下,0,3,0,14008,SH688076,ST诺泰,iPhone,https://xueqiu.com/5543363938/377703608,0,0,2026-07-08 16:23:37
377716755,5536931131,一年赚10个点的男人,2026-03-03 02:32:48,,1月开盘前目标：咱们干票大的，三天后调整目标为回本。2月开盘前目标：咱们干票大的，三天后调整目标为回本。3月开盘前目标：咱们干票大的，三天后调整目标为回本。#上证指数# $ST诺泰(SH688076)$ $木林森(SZ002745)$,0,3,0,29442,SH688076,ST诺泰,雪球,https://xueqiu.com/5536931131/377716755,0,0,2026-07-08 16:23:37
377756155,2158706780,云飞扬cxhqj,2026-03-03 05:29:47,,$ST诺泰(SH688076)$ 无知者无畏吧，买入26年第一只医药股,2,7,0,25887,SH688076,ST诺泰,雪球,https://xueqiu.com/2158706780/377756155,0,0,2026-07-08 16:23:37
377765376,2984793256,潢川新安,2026-03-03 06:03:33,,$ST诺泰(SH688076)$ 老毛病又要犯，下午准备拉稀,1,6,0,20816,SH688076,ST诺泰,Android,https://xueqiu.com/2984793256/377765376,0,0,2026-07-08 16:23:37
377775022,9274729217,萤火之约,2026-03-03 06:34:01,,$ST诺泰(SH688076)$ 今天咋那么强势,0,4,0,23347,SH688076,ST诺泰,iPhone,https://xueqiu.com/9274729217/377775022,0,0,2026-07-08 16:23:34
377776178,9677662435,猎庄者小号,2026-03-03 06:38:01,,$ST诺泰(SH688076)$ 一个企业好不好 还是要看现金流啊,0,4,0,25392,SH688076,ST诺泰,雪球,https://xueqiu.com/9677662435/377776178,0,0,2026-07-08 16:23:34
377783292,2984793256,潢川新安,2026-03-03 07:01:55,,$ST诺泰(SH688076)$ 高度控盘了，庄家想要多高就多高，不要多想了，跟庄家一起生长吧,0,6,0,25406,SH688076,ST诺泰,Android,https://xueqiu.com/2984793256/377783292,0,0,2026-07-08 16:23:34
377904516,6669214262,ST冰粉,2026-03-04 01:47:17,,$ST诺泰(SH688076)$ 再跌跌不好吗？猴急猴急的,0,8,0,49148,SH688076,ST诺泰,Android,https://xueqiu.com/6669214262/377904516,0,0,2026-07-08 16:23:34
377923778,8430456713,大空头马鸿运,2026-03-04 02:40:21,,$ST诺泰(SH688076)$ 减肥药掉肌肉不值得担心，也许就是等比例应该掉的。总之，还是股价和盈利下跌更让人担心,2,11,0,27656,SH688076,ST诺泰,雪球,https://xueqiu.com/8430456713/377923778,0,0,2026-07-08 16:23:34
377938041,5543363938,只想赚钱的Andy,2026-03-04 03:23:17,,$ST诺泰(SH688076)$ 这个股可以高看一眼,0,9,0,32598,SH688076,ST诺泰,iPhone,https://xueqiu.com/5543363938/377938041,0,0,2026-07-08 16:23:34
378076720,2994748381,证券市场周刊,2026-03-05 01:24:16,诺泰生物连云港工厂吨级寡核苷酸原料药车间正式投产,近日，诺泰生物连云港工厂寡核苷酸原料药生产车间正式投产。在杭州下沙生产基地（杭州诺泰诺和生物医药科技有限公司）百公斤级产能基础上，公司寡核苷酸产能进一步扩充至吨级规模。新投产车间约5800平方米，引进全球领先的Cytiva OligoProcess合成仪、BioProcess纯化仪、Sartorius CF10‑CF40系列超滤系统及冻干机等核心生产设备。车间系统配置400‑1000mm规格合成柱、纯化柱超13套，并搭载全新设计的全密闭一体化自动在线氨解系统，大幅缩短批次间非工艺时间，有效提升年产批次效率。项目投产后，公司将建成2条单批次十公斤级以上商业化（Process 级别）生产线与3条单批次公斤级以上中试（Pilot 级别）生产线，寡核苷酸单次合成最大规模由100毫摩尔提升至1800毫摩尔，显著增强后期临床及商业化项目交付能力。凭借丰富的创新药项目经验、优质高效的产能保障、完善的质量体系及专业技术团队，诺泰生物全新寡核苷酸CRDMO一体化平台可高效满足客户从临床前研究至商业化生产的全生命周期开发需求。车间融入智能化、绿色化设计理念，采用DCS自动控制系统，通过负压控制区域、全密闭管道输送和自动化密闭隔离系统等措施，有效杜绝外源污染，保障产品质量。同时降低操作风险，守护职业健康与安全。公司始终坚持严格的质量守则。连云港工厂已多次通过美国FDA、PIC/S成员国（韩国、巴西）及中国NMPA合规检查。本次投产寡核苷酸车间也将基于公司质量体系和精细化管控，确保产品质量与稳定性达到行业领先水平，为下游核酸疫苗、基因治疗、罕见病治疗等领域的创新药研发及产业化提供坚实支撑。此次投产，不仅是产能扩张，更是战略维度的升阶。标志公司在小分子、多肽、寡核苷酸三大核心版图的深度协同，形成从基础研发、工艺优化、规模化生产、全球商业化的完整产业链闭环。未来，诺泰生物将以卓越生产工艺、深厚技术储备、一流质量体系为支点，携手全球合作伙伴，共同推进核酸药物从实验室走向临床、从临床惠及患者，为人类生命健康持续贡献诺泰力量。免责声明：本文仅供参考，不构成投资建议。,4,23,0,39982,SH688076,ST诺泰,雪球,https://xueqiu.com/2994748381/378076720,0,0,2026-07-08 16:23:34
378102750,4696354130,luoxuelzc,2026-03-05 02:46:43,,$ST诺泰(SH688076)$主力为所欲为，跌到摘帽,0,7,0,23091,SH688076,ST诺泰,Android,https://xueqiu.com/4696354130/378102750,0,0,2026-07-08 16:23:34
378111470,1588866411,高兴和多多,2026-03-05 03:16:25,,$ST诺泰(SH688076)$ 板块弃子吗？创新药开始啦,0,9,0,34928,SH688076,ST诺泰,iPhone,https://xueqiu.com/1588866411/378111470,0,0,2026-07-08 16:23:34
378174374,9686437421,飞翔0018,2026-03-05 08:26:10,,诺泰生物司美格鲁肽注射液Ⅲ期临床进展汇总诺泰生物司美格鲁肽注射液的两项核心适应症Ⅲ期临床试验均已完成，具体信息如下：1. 肥胖症适应症（排除糖尿病）- 登记号：CTR20244492- 试验状态：已完成- 实际入组人数：国内420人- 试验完成日期：2026年1月23日2. 2型糖尿病适应症- 登记号：CTR20244501- 试验状态：已完成- 实际入组人数：国内494人- 试验完成日期：2025年12月11日✅ 结论：诺泰生物司美格鲁肽注射液针对2型糖尿病与肥胖症（排除糖尿病）两大适应症的Ⅲ期临床试验已全部完成，为后续新药上市申请奠定了坚实基础。,5,10,0,43567,SH688076,ST诺泰,Android,https://xueqiu.com/9686437421/378174374,0,0,2026-07-08 16:23:34
378207336,6769259204,laotang926,2026-03-05 12:39:50,,- CTR20244501：申办单位为江苏诺泰澳赛诺生物制药股份有限公司（诺泰生物），为2型糖尿病适应症Ⅲ期临床试验，已于2025-12-11完成。- CTR20244492：申办单位同样为江苏诺泰澳赛诺生物制药股份有限公司，为肥胖/超重适应症Ⅲ期临床试验，已于2026-01-23完成。二、核验路径你可以通过中国临床试验登记与信息公示平台（网页链接）输入任一登记号，在“申办者信息”栏确认归属为诺泰生物，试验状态均显示“已完成”。,2,8,0,32971,SH688076,ST诺泰,Android,https://xueqiu.com/6769259204/378207336,0,0,2026-07-08 16:23:34
378276619,1568367252,强烈谴责,2026-03-06 02:17:28,,$ST诺泰(SH688076)$ 来的正是时候,0,4,0,25635,SH688076,ST诺泰,iPhone,https://xueqiu.com/1568367252/378276619,0,0,2026-07-08 16:23:34
378277139,4696354130,luoxuelzc,2026-03-06 02:19:00,,$ST诺泰(SH688076)$ 这几天，筹码吃够了吗？,0,4,0,25701,SH688076,ST诺泰,Android,https://xueqiu.com/4696354130/378277139,0,0,2026-07-08 16:23:34
378284454,7658458407,木愚而来,2026-03-06 02:41:18,,$ST诺泰(SH688076)$ 今天集合竞价成交居然都是我的，大家是多不看好呀,2,8,0,38385,SH688076,ST诺泰,雪球,https://xueqiu.com/7658458407/378284454,0,0,2026-07-08 16:23:34
378325374,9274729217,萤火之约,2026-03-06 06:09:07,,$ST诺泰(SH688076)$ 啊？第一次见诺泰下午还能拉一波的 最近真的改性了,3,5,0,32868,SH688076,ST诺泰,iPhone,https://xueqiu.com/9274729217/378325374,0,0,2026-07-08 16:23:34
378353610,2602366341,超人出击,2026-03-06 08:26:03,,$ST诺泰(SH688076)$ 先为达/辉瑞的埃诺也获批上市了。减肥药越来越热闹,1,6,0,33650,SH688076,ST诺泰,Android,https://xueqiu.com/2602366341/378353610,0,0,2026-07-08 16:23:34
378533695,9274729217,萤火之约,2026-03-09 00:17:00,,$ST诺泰(SH688076)$ 诺泰生物，今天指数估计大跌，你能涨五个点以上不,1,4,0,29913,SH688076,ST诺泰,iPhone,https://xueqiu.com/9274729217/378533695,0,0,2026-07-08 16:23:34
378547934,5543363938,只想赚钱的Andy,2026-03-09 01:35:53,,$ST诺泰(SH688076)$ 持仓中唯一红的,0,4,0,32454,SH688076,ST诺泰,iPhone,https://xueqiu.com/5543363938/378547934,0,0,2026-07-08 16:23:34
378652942,7658458407,木愚而来,2026-03-09 09:23:54,,$ST诺泰(SH688076)$ 如果专利期过后，仿制药价格降到之前的2折左右后批量上市，减肥药销量比当前增长100%可能性大吗？如果这样的话，短期内（未来1-2年内）原药供应出现短缺的可能性有多大？@策略策略,1,5,0,37469,SH688076,ST诺泰,雪球,https://xueqiu.com/7658458407/378652942,0,0,2026-07-08 16:23:34
378656428,1457748979,鑫河远航,2026-03-09 09:52:56,辉瑞&先为达的新品GLP-1获批！对比司美/替西/玛仕，这份总结帮您省钱省时间,先上权威链接：1.国家发布新版医保目录与首版商保目录 替尔泊肽等 114 种药品纳入医保2.世卫组织发布首个药物治疗肥胖全球指南 首选：司美格鲁肽&amp;替尔泊肽3月6日，辉瑞中国宣布，国家药品监督管理局（NMPA）已正式批准新一代cAMP偏向型GLP-1受体激动剂埃诺格鲁肽注射液（先维盈®），用于在控制饮食和增加体力活动基础上对成人超重/肥胖患者的长期体重管理。这一批准标志着辉瑞在中国代谢疾病领域长期科学投入的重要里程碑，也进一步体现了辉瑞持续以机制为基础推进创新、满足患者未满足需求的坚定承诺。埃诺格鲁肽的创新机制源自 2012 年诺贝尔奖成果——G蛋白偶联受体（GPCR）的发现。与传统 GLP-1 受体激动剂不同，埃诺格鲁肽可选择性激活cAMP信号通路，同时尽量减少β-arrestin的募集，从而降低受体脱敏和内化的发生。这一偏向性机制可能通过维持细胞表面活性受体的数量，实现更持久、强效的血糖与体重控制；同时，可能减少与不良反应相关的信号通路激活，带来更佳的胃肠道耐受性；最终，驱动多方面的代谢获益。市面上已经有四款减肥针了：司美格鲁肽、替尔泊肽（替西帕肽）、玛仕度肽、埃诺格鲁肽到底怎么选呢？专家给你划重点！辉瑞近期获批的减肥药是埃诺格鲁肽（Ecnoglutide，商品名：先颐达®），这是辉瑞通过与先为达生物（Sciwind）合作获得中国大陆独家商业化权益的GLP-1受体激动剂。该药于2026年1月30日获批治疗2型糖尿病，随后在2026年3月6日获批用于长期体重管理。重要澄清：辉瑞自研的口服GLP-1药物Danuglipron因肝损伤风险已于2024年终止开发，目前辉瑞在减肥药市场的布局主要依靠外部合作引进（包括埃诺格鲁肽和收购Metsera获得的超长效GLP-1管线）。以下是埃诺格鲁肽与司美格鲁肽、替尔泊肽、玛仕度肽的全面对比：四大减肥药核心对比详细机制与差异化优势1. 埃诺格鲁肽（辉瑞）：“偏向型”技术路线•独特机制：采用”cAMP偏向性”设计，减少GLP-1受体内化到细胞内，理论上可延长药物活性时间，并减少恶心等胃肠道副作用•降糖优势：24周HbA1c降低2.43%，显著优于司美格鲁肽（1.55%），与替尔泊肽最佳疗效（2.07%）持平•肝脏获益：肝脏脂肪含量降低53.1%，尿酸显著下降54.3μmol/L2. 司美格鲁肽：市场领导者与心血管保护•最成熟：全球使用时间最长，心血管保护作用证据最充分（SELECT研究证实可降低20%心血管事件风险）•口服版本：已有口服制剂（Rybelsus），依从性更好•局限性：单靶点机制，减重效果相对双靶点药物温和；胃肠道副作用较明显，停药率相对较高3. 替尔泊肽：双靶点”增效”代表•GIP/GLP-1协同：通过同时激活葡萄糖依赖性促胰岛素多肽（GIP）和GLP-1受体，实现”1+1&gt;2”的降糖减重效果•效果最强：在部分临床试验中展现出接近20%的减重幅度，是目前已上市药物中效果最强劲的之一•适用人群：对合并2型糖尿病的肥胖患者效果尤为突出4. 玛仕度肽：中国原研”燃脂”专家•GCG靶点差异化：通过激活胰高血糖素受体（GCG）促进肝脏脂肪分解和基础代谢率提升，对内脏脂肪减少效果最佳（降低肝脏脂肪含量超80%）•安全性优势：因副作用停药率仅0.5%，显著低于司美格鲁肽（约4%）和替尔泊肽（约3%）•代谢全面改善：同步降低血压（8.5mmHg）、血脂（甘油三酯降29%）、血尿酸（降36.7μmol/L）点评：预计下半年参与集采，采用新的卡式瓶剂型，价格期待显著下降；信达的销售指引是15~20亿关注$信达生物(01801)$ $ST诺泰(SH688076)$$蓝晓科技(SZ300487)$ 等产业链的上下游公司副作用对比共性副作用（所有四类药物）：- 胃肠道反应：恶心、呕吐、腹泻、便秘（多为轻中度，用药初期明显）- 注射部位反应：红肿、疼痛- 黑框警告：甲状腺C细胞肿瘤风险（基于动物实验，人类相关性未明确）各自特点：埃诺格鲁肽：理论上因偏向性设计胃肠道副作用可能更轻，但大规模真实世界数据待积累司美格鲁肽：急性胰腺炎风险需警惕；可能存在抑郁情绪风险替尔泊肽：过敏反应（皮疹、瘙痒）发生率略高玛仕度肽：心率轻度增加（平均增幅≤4.6次/分钟，多在剂量递增期）选择建议•追求降糖+减重平衡：埃诺格鲁肽或替尔泊肽•有心血管疾病史：优先司美格鲁肽（心血管保护证据最充分）•脂肪肝严重/内脏脂肪高：玛仕度肽（GCG靶点专门”燃脂”）•担心副作用耐受性：玛仕度肽（停药率最低）或埃诺格鲁肽（新技术路线）•预算敏感：等待2026年3月司美格鲁肽中国专利到期后的仿制药，或选择国产玛仕度肽特别提醒：目前所有GLP-1类药物均为处方药，需严格排除甲状腺髓样癌病史、胰腺炎病史、妊娠期等禁忌症后方可使用。你用过GLP-1减肥针么？有效果么？评论区聊聊，抽2位送福利。,1,12,1,76965,SH688076,ST诺泰,雪球,https://xueqiu.com/1457748979/378656428,0,8,2026-07-08 16:23:34
378788233,6151700684,_菜鸡,2026-03-10 06:22:21,,$ST诺泰(SH688076)$ 是我草率了，不该对你抱有大的期望，在你身上赚了5个，我现在就买10个，放这里不动。看你怎么蹦哒,3,5,0,22888,SH688076,ST诺泰,Android,https://xueqiu.com/6151700684/378788233,0,0,2026-07-08 16:23:32
379009384,9600058030,来吧随便艹,2026-03-11 11:47:11,,$ST诺泰(SH688076)$ 这个票我没赚钱，垃圾公司,0,8,0,21287,SH688076,ST诺泰,iPhone,https://xueqiu.com/9600058030/379009384,0,0,2026-07-08 16:23:32
379103531,6272575192,x198921,2026-03-12 03:25:17,,$ST诺泰(SH688076)$ 破100亿又可以上了 ，博个双底,1,12,0,16809,SH688076,ST诺泰,Android,https://xueqiu.com/6272575192/379103531,0,0,2026-07-08 16:23:32
379420605,7692958908,菅胆芹心,2026-03-14 01:32:59,,$ST诺泰(SH688076)$ 看看25年7月18到8月这一波，刚写了推荐文章，刚刚ST，反而猛拉一波，里边的xx，xxx全部顺利出货。所谓坚定看好，长期持有，把粉丝牢牢套住。最关键这一轮出货小作文，还是收费的，剑粉套自己的绳子还是自己花钱买的。就问牛不牛，服不服？,2,2,0,18656,SH688076,ST诺泰,Android,https://xueqiu.com/7692958908/379420605,0,1,2026-07-08 16:23:32
379480852,1007887767,nirvana1998,2026-03-15 03:39:07,,$ST诺泰(SH688076)$ 假如拉长到一年，六亿左右的利润，pe25倍，希望还是蛮大的，司美原料药价格差不多跌到位了，马上专利到期后续原料药价格初期应该还会涨一点，二季度会是诺泰业绩最好的观察点，订单放量的话可能到2.5亿，当然最好准备一季度业绩下滑，估计一亿多点，司美原料药和去年比跌了不少，量也没放。,9,5,0,24234,SH688076,ST诺泰,iPhone,https://xueqiu.com/1007887767/379480852,0,2,2026-07-08 16:23:32
379491217,1913734806,栀子之心,2026-03-15 07:23:02,,想起来个跟了二年的事情，标记一下---------专利号CN200680006674.6，即“酰化的GLP-1化合物”，属于诺和诺德为其“明星药物”司美格鲁肽在中国申请并获授权的核心化合物专利。2026年3月20日之后，专利到期，国产仿制药就可以开售了。蓝海变红海，但是架不住人口基数大，卷到天上，依然利好原料药和注射笔企业。$翰宇药业(SZ300199)$ $华东医药(SZ000963)$ $ST诺泰(SH688076)$,2,6,1,66353,SH688076,ST诺泰,雪球,https://xueqiu.com/1913734806/379491217,0,0,2026-07-08 16:23:32
379520027,7692958908,菅胆芹心,2026-03-15 16:07:39,,$ST诺泰(SH688076)$ 收费荐股是明文禁止的，诺泰再努把力，让某大V明年315亮亮相，再上一把央视。,1,5,0,14293,SH688076,ST诺泰,Android,https://xueqiu.com/7692958908/379520027,0,0,2026-07-08 16:23:32
379553160,4767171774,莫凡wcg,2026-03-16 02:18:12,,$ST诺泰(SH688076)$ 再怎么说也是原料药行业里质量产量和技术水平最高的，不至于一直这么低的估值！,0,6,0,9791,SH688076,ST诺泰,iPhone,https://xueqiu.com/4767171774/379553160,0,0,2026-07-08 16:23:32
379557315,6540959886,学习炒股的小猪,2026-03-16 02:29:57,,$ST诺泰(SH688076)$ 一次性计提 9200+4800罚款 第四季度，小问题 ，很便宜的假帽子,1,9,0,20131,SH688076,ST诺泰,iPhone,https://xueqiu.com/6540959886/379557315,0,0,2026-07-08 16:23:32
379567454,5536931131,一年赚10个点的男人,2026-03-16 03:01:10,,小家伙的压岁钱，充值加仓#上证指数# $木林森(SZ002745)$ $ST诺泰(SH688076)$,0,6,0,20384,SH688076,ST诺泰,Android,https://xueqiu.com/5536931131/379567454,0,0,2026-07-08 16:23:32
379576295,7658458407,木愚而来,2026-03-16 03:34:51,,$黑芝麻智能(02533)$ 其他杂毛都清了，现在70%的仓位在$黑芝麻智能(02533)$ 30%在$ST诺泰(SH688076)$ 趟平摆烂了。看看这世界会走向何方！,1,3,0,20797,SH688076,ST诺泰,雪球,https://xueqiu.com/7658458407/379576295,0,0,2026-07-08 16:23:32
379627235,9660029808,BC飞箭路,2026-03-16 08:20:16,,$ST诺泰(SH688076)$ $美诺华(SH603538)$ 两个都在等周五的消息。但趋势上是一个转强，一个还在磨底等底部确立。一个是有强烈的化债需求，一个是中线摘帽概念。看看能否有适当的时机搞个轮换，一起玩,4,6,0,33902,SH688076,ST诺泰,Android,https://xueqiu.com/9660029808/379627235,0,1,2026-07-08 16:23:32
379655500,2774597721,招财猫的小尾巴,2026-03-16 12:08:39,,$ST诺泰(SH688076)$抄底了，希望可以赢两次,0,4,0,13297,SH688076,ST诺泰,Android,https://xueqiu.com/2774597721/379655500,0,0,2026-07-08 16:23:32
379680272,7801997248,三道河的阿白,2026-03-16 15:43:34,,$ST诺泰(SH688076)$ 3月20日是明牌，如果要涨，早启动了，所以不会有变化，继续磨底,0,8,0,17719,SH688076,ST诺泰,iPhone,https://xueqiu.com/7801997248/379680272,0,0,2026-07-08 16:23:32
379725607,3705134023,晒太阳的猫眯着眼睛,2026-03-17 02:23:27,,$ST诺泰(SH688076)$ 阿诺涨两个点，等同于5个点,3,4,0,17222,SH688076,ST诺泰,雪球,https://xueqiu.com/3705134023/379725607,0,0,2026-07-08 16:23:32
379731341,9526081372,长牛乱舞,2026-03-17 02:42:21,,ST诺泰，基本面不错，公司身处黄金赛道，具备扎实的技术、产能和客户基础，主营业务仍在增长。长线好票。$ST诺泰(SH688076)$,0,6,0,19765,SH688076,ST诺泰,雪球,https://xueqiu.com/9526081372/379731341,0,0,2026-07-08 16:23:32
379754781,5359544609,怒剑穿云,2026-03-17 04:47:09,,$ST诺泰(SH688076)$ 为何每次我一加仓，就高开低走? 非盯着我账户？,1,7,0,20856,SH688076,ST诺泰,雪球,https://xueqiu.com/5359544609/379754781,0,0,2026-07-08 16:23:32
379810902,1139141121,龙马中心小学,2026-03-17 09:27:52,,$ST诺泰(SH688076)$ 产能全球第二？,0,3,0,19239,SH688076,ST诺泰,Android,https://xueqiu.com/1139141121/379810902,0,0,2026-07-08 16:23:32
379812096,7286259804,老玛歌2020,2026-03-17 09:36:03,,1420，$ST诺泰(SH688076)$ 2025业绩扒底：价格战锤爆利润，分析师80元目标价有点飘2025年ST诺泰玩了把“增收不增利”的魔幻操作：营收干到19.43亿，同比涨19.57%，但归母净利润直接砍到3.27亿，暴跌19.14%，第四季度还亏了1.18亿，纯纯的业绩暴雷。营收涨全靠多肽原料药产能拉满（从1.5吨飙到11.6吨成国内第一），但卖得多赚得少，核心就是GLP-1原料药价格战杀疯了。2025年下半年这仗直接白热化，原研药企业带头降价，仿制药企扎堆进场，同行们产能全扩产，行业原料药价格直接跌了20%-40%，诺泰之前70%的高毛利根本扛不住。更雪上加霜的是，诺泰自己扩产搞出一堆固定成本，研发投入还同比翻倍，再加上资产减值、财务造假处罚的额外支出，利润直接被摁在地上摩擦。拆解下来，价格战对利润下滑的锅占了50%-60%，妥妥的主因。还有个离谱的点：13位分析师最新给了80.49元的目标价，还是2026年3月刚更的，这会儿股价才31.94元，直接喊出152%的上涨空间，而且这13个人看法高度一致，连个高低差都没有，属实罕见。这预测看着新鲜，但大概率偏乐观了——要么是分析师低估了价格战的持续杀伤力，要么是赌诺泰后续摘帽估值修复，甚至可能是预测没跟上业绩变脸的节奏。毕竟2026年3月GLP-1核心专利到期，仿制药还要扎堆上市，价格战只会更凶，这80元的目标价，水分不小。总结下来，诺泰2025年就是被价格战锤麻了，后续能不能翻身，看价格战会不会缓和、产能利用率能不能提、创新药研发布局能不能跟上；至于分析师的80元目标价，看看就好，别当真。→_→我这笔投资本来赚的挺多的，买增长买唯一唯二的这个策略也没错。只是没想到这货出了一个违法行为的黑天鹅。更没想到减肥药价格战提前开打了。,0,4,0,21134,SH688076,ST诺泰,Android,https://xueqiu.com/7286259804/379812096,0,1,2026-07-08 16:23:31
379899725,8570126895,爱投资的咕噜潘,2026-03-18 02:13:55,,$ST诺泰(SH688076)$ 被套了30个点 这个位置割肉不合适 只能卧倒…,0,2,0,10180,SH688076,ST诺泰,iPhone,https://xueqiu.com/8570126895/379899725,0,0,2026-07-08 16:23:31
379905581,2183105356,令狐冲0811,2026-03-18 02:31:21,,$ST诺泰(SH688076)$ 散户绞肉机，主力在里面添油加醋，散户互杀，主力趁机吃血筹码。散户如果能团结一致，都拿住不卖，主力也完蛋（天方夜谭）。,0,3,0,18869,SH688076,ST诺泰,Android,https://xueqiu.com/2183105356/379905581,0,0,2026-07-08 16:23:31
379906561,6998822874,冯斯特洛夫斯基,2026-03-18 02:34:25,,$ST诺泰(SH688076)$ 一只二十倍市盈率的股票，被各路资金玩儿成了这个样子，悲哀呀！！市值又破百亿，既然大股东们不发声，那我就继续买几手！！,1,5,0,10287,SH688076,ST诺泰,Android,https://xueqiu.com/6998822874/379906561,0,0,2026-07-08 16:23:31
379917064,2183105356,令狐冲0811,2026-03-18 03:07:21,,$ST诺泰(SH688076)$ 什么是长线投资，长线投资是稳定盈利，趋势向上。这货趋势向下，稳定套牢，一些无良大V忽悠小白，说这是长线投资，不是蠢就是坏。,0,8,0,20527,SH688076,ST诺泰,Android,https://xueqiu.com/2183105356/379917064,0,0,2026-07-08 16:23:31
379930570,6991900864,物胜于心,2026-03-18 04:11:52,,$ST诺泰(SH688076)$ 原料药成本甚至不如注射笔，我断定原料药压根不会有价格雪崩，甚至不排除随着放量量价齐升的可能,2,5,0,18093,SH688076,ST诺泰,Android,https://xueqiu.com/6991900864/379930570,0,0,2026-07-08 16:23:31
379946671,8800530136,楊濤520,2026-03-18 05:49:22,,$ST诺泰(SH688076)$ 真的是独树一帜，鹤立鸡群，鸡飞蛋打！,3,6,0,12092,SH688076,ST诺泰,Android,https://xueqiu.com/8800530136/379946671,0,0,2026-07-08 16:23:31
379957577,6531343045,股市游泳健将,2026-03-18 06:34:57,,$ST诺泰(SH688076)$ 连续下跌8个月，再有2个月，10月怀胎，该下崽了,0,11,0,12479,SH688076,ST诺泰,iPad,https://xueqiu.com/6531343045/379957577,0,0,2026-07-08 16:23:31
380005189,7954339223,节俭的金融小蚂蚁,2026-03-18 11:40:13,,$ST诺泰(SH688076)$ 博瑞这么涨，你一点也不动，博瑞不是你兄弟吗？,0,4,0,8963,SH688076,ST诺泰,雪球,https://xueqiu.com/7954339223/380005189,0,0,2026-07-08 16:23:31
380038495,4957917617,四不先生深圳,2026-03-18 15:51:14,,关于今天线上说明会的若干解读问4.正交背板是否已经量产，谢谢答:尊敬的投资者，您好！公司凭借研发技术优势、制造技术优势和品质技术优势，深度参与核心客户项目合作研发，提前迈入专有技术积累关键期，建立技术壁垒。公司将基于行业发展与客户需求，持续推进新产品、新技术的前瞻性布局，紧密配合客户量产节奏。受商业政策限制，未经许可公司不便讨论具体客户名称及业务情况…（附说明：以上这段话还重复在25答、31答、35答……及最后的72答中，可见公司的确定！也需要专门、认真解读^_^）【解读关键词 ：1.三大“技术优势”，试问除了胜宏谁宣称过？谁敢宣称？ 这上市公司公告不是吹牛、开玩笑，没有实实在的过硬的东西，且或己经量产或确被证明。2. “深度参与”核心客户项目合作研发，“提前迈入专有技术”积累关键期，“建立技术壁垒”。这三句话句句掷地有声，你品你细品，结合惟陈董三次受黄教主之邀赴台参会NV产业链宴会，结合全球技术大咖victor在胜宏且其有许多弟子在NV……别再信任何关于技术上的xzw ，在NV将采行的技术路线上，胜宏永远（哦，保守点，先说这三年内吧^_^）领先，你瞪大眼瞧那“技术壁垒”耀不耀眼，刺不刺眼^_^3.“紧密配合客户量产节奏”，前瞻性布局偶就不提了。这“紧密配合”说明啥？NV什么时候需要我胜宏什么时候就能够提前一季度生产，厂房四就是专为你生为你建，为你冲锋上前线……还可以解读为，暂时正交背板还没有量产，但胜宏己通过、己预备好了产线，随时等着NV发令枪响。再结合其他信息，8月份台湾广达小批量推出Rubin 机架，胜宏己为此生产中板，这是提前了6个月；则明年Q1推Rubin ultre时，正交背板有望今年Q3。11答：厂房四已分阶段逐步投产解读：注意“己”，这比1.28参观厂房四时（当时4、5层仅部分投产），是进一步了，也就是说完全投产了！6层的mSAP工艺也投产了！23答：……公司泰国工厂 A1 栋一期升级改造已于 2025 年 3 月完成，二期高端产能已经开始生产验证板。解读：泰国基地二期高端产品并不容易呀！我理解NV与谷歌己审厂过，亚麻与Meta还在验证板审厂，都还未开始小批量出产爬坡呢，Q2能启动吧，Q3爬坡，Q4能满产吧？ 那无论如何这一块（A1栋二期原计约40亿的产值）偶要适当扣减，重新计算了。44答……PCB 行业当前的景气度有其坚实的需求基础，随着全球通用人工智能技术加速演进，人工智能训练和推理需求持续扩大，AI 算力、AI 服务器的需求迅速增长，对 PCB 的需求量大且要求高，为行业未来的持续增长提供了强有力的支撑。从行业发展趋势来看，信号传输带宽将持续升级，材料等级不断提高，高多层板、高阶 HDI 的层数、阶数不断增加，这会进一步消耗高端产能，有效产出面积（平米数）呈减少趋势。当然随之而来的是公司产品价值量、产值能力在不断提升。从中期来看，高端产品的供给仍将处于相对紧张的状态，下游有充足的需求消化新增产能。这就不用解读了啊……其他，关于M10、关于TPU、关于……偶都以为凡认真跟踪的都知确定，勿需絮叨…$胜宏科技(SZ300476)$ $协创数据(SZ300857)$ $ST诺泰(SH688076)$,4,28,1,102362,SH688076,ST诺泰,iPhone,https://xueqiu.com/4957917617/380038495,0,10,2026-07-08 16:23:31
380078437,1836681218,琴山涧5686,2026-03-19 01:51:55,,这个就是传说中缠论经典的日线级底背离？$ST诺泰(SH688076)$,6,4,0,20036,SH688076,ST诺泰,Android,https://xueqiu.com/1836681218/380078437,0,1,2026-07-08 16:23:31
380099165,3263546483,赚钱需要耐心点,2026-03-19 02:45:53,,$ST诺泰(SH688076)$ 为了打压丧心病狂，要不来个-20,0,2,0,9727,SH688076,ST诺泰,iPhone,https://xueqiu.com/3263546483/380099165,0,0,2026-07-08 16:23:31
380104268,1913734806,栀子之心,2026-03-19 03:02:52,,原料药增量可能是个陷阱，因为很难跑通 量增价涨这个闭环，这里说的就是ST诺泰 后续持续跟进一下数据，只有$ST诺泰(SH688076)$,0,5,0,13928,SH688076,ST诺泰,雪球,https://xueqiu.com/1913734806/380104268,0,0,2026-07-08 16:23:31
380135074,5281258486,望江望海不忘水,2026-03-19 05:41:21,,$ST诺泰(SH688076)$ 下跌趋势太猛了，再等等看吧，先躺平了,0,3,0,11088,SH688076,ST诺泰,Android,https://xueqiu.com/5281258486/380135074,0,0,2026-07-08 16:23:31
380140198,5625645568,cook2003,2026-03-19 05:57:45,,$ST诺泰(SH688076)$ 专利到期利好，底部黄金坑即将出现,0,3,0,7966,SH688076,ST诺泰,Android,https://xueqiu.com/5625645568/380140198,0,0,2026-07-08 16:23:31
380142914,5519339803,安全边际321,2026-03-19 06:07:35,,$ST诺泰(SH688076)$ $同力股份(BJ920599)$ 不要在跌了，快撑不住了,0,6,0,8524,SH688076,ST诺泰,Android,https://xueqiu.com/5519339803/380142914,0,0,2026-07-08 16:23:31
380209511,6769259204,laotang926,2026-03-19 11:59:28,,$ST诺泰(SH688076)$ - 2026-03-20：司美格鲁肽全球核心专利到期（中国/印度/东南亚），商业化放量起点，诺泰生物10+吨的优质产能，能带来多少业绩增长？,2,5,0,16475,SH688076,ST诺泰,Android,https://xueqiu.com/6769259204/380209511,0,0,2026-07-08 16:23:31
380213580,5281258486,望江望海不忘水,2026-03-19 12:29:06,,虽然司美格鲁肽专利到期，但感觉应该还是利好st诺泰，其股价跌跌不休，不知道是哪里错了希望您能指教一下，谢谢,1,5,0,10894,SH688076,ST诺泰,Android,https://xueqiu.com/5281258486/380213580,0,0,2026-07-08 16:23:31
380255990,4251647645,kingwalliland,2026-03-19 22:47:47,,$ST诺泰(SH688076)$ 40以下的诺泰已经是错的离谱了，而30以内的诺泰更是大错特错的存在，最好的投资就是那些明显被错杀的个股。,0,7,0,5985,SH688076,ST诺泰,Android,https://xueqiu.com/4251647645/380255990,0,0,2026-07-08 16:23:31
380261910,9686437421,飞翔0018,2026-03-20 00:26:45,,司美格鲁肽印度专利到期对诺泰生物的影响分析（基于上市公司公告与调研信息）一、核心事实依据（来源：诺泰生物官方公告/投资者交流）1. 印度市场准入资质（官方公告）- 事件：2026年2月28日，诺泰生物发布官方新闻，司美格鲁肽原料药获得印度CDSCO签发的FORM CT-19证书，获准进入印度市场，是最早获得该批准的中国司美格鲁肽原料药厂商之一。- 来源：诺泰生物官网《公司要闻|司美格鲁肽原料药获准进入印度市场，依帕司他片喜获中国上市许可》（2026-02-28）- 意义：该证书赋予公司在印度合法商业化供货的资格，可向印度本土仿制药企供应原料药，用于生产司美格鲁肽注射剂和口服片剂。2. 司美格鲁肽全球专利到期时间（公开信息+公司调研）- 事件：2026年3月20日，司美格鲁肽核心专利在印度、中国、中东、东南亚等市场同步到期，全球主流仿制药市场全面放开。- 来源：诺泰生物2025年投资者交流会、调研纪要中多次提及“2026年3月司美格鲁肽专利到期后，下游仿制药需求将迎来爆发”。- 关联：公司在2026年2月获得印度资质，与专利到期形成时间共振，为商业化放量做好准备。3. 产能与技术储备（公告+调研纪要）- 产能：连云港基地601车间2025年投产后，司美格鲁肽原料药年产能达5吨；武汉子公司同步扩产，总产能预计突破10吨/年。- 技术：采用固液融合技术，单批次产量达10公斤级，良品率较行业均值高15%，生产成本降低约22%，具备显著成本与规模优势。- 来源：诺泰生物2024年半年度报告、2025年机构调研纪要。4. 客户合作进展（调研纪要+公开信息）- 已确认合作：公司在调研中披露，与Krka、Chemo、Cipla、Teva等欧美仿制药企合作，支持其制剂研发及注册申报；在南美市场签订制剂战略合作协议，由公司提供原料药，合作方负责制剂开发、注册和销售。- 印度潜在客户：印度头部仿制药企（如雷迪博士实验室、太阳制药、Alkem、Zydus、Natco等）已在专利到期前获批司美格鲁肽仿制药，诺泰生物作为具备印度合规资质的中国供应商，存在明确的合作拓展空间。- 来源：诺泰生物2025年投资者关系活动记录表、机构调研纪要。二、对诺泰生物的核心影响（基于公告/调研逻辑推导）1. 业务层面：从研发供料转向商业化放量- 市场空间打开：印度是全球“世界药房”，司美格鲁肽专利到期后，印度仿制药将快速覆盖本土及东南亚、中东、非洲等新兴市场，诺泰生物作为合规供应商，直接受益于下游仿制药需求爆发。- 客户结构优化：除已落地的欧美、南美客户外，印度头部仿制药企（如雷迪博士、太阳制药等）将成为新的核心客户来源，公司可凭借先发资质和成本优势，深度绑定印度GLP-1仿制药产业链。- 产能利用率提升：2026年公司司美格鲁肽原料药产能达10吨/年，可满足印度及全球约20%的仿制药原料需求，随着印度仿制药量产，产能利用率将快速提升。2. 财务层面：营收与利润弹性显著- 短期增量：依托印度及全球仿制药客户，司美格鲁肽原料药将从“研发小批量供料”转向“商业化大规模供货”，成为公司新的核心增长极。- 长期潜力：印度仿制药出口全球，诺泰生物可通过印度客户间接进入更多新兴市场，进一步放大司美格鲁肽原料药的全球营收贡献。- 利润保障：公司在调研中明确提出“以量换价”策略，通过规模化生产和技术创新，对冲原料药价格下行压力，保持合理利润空间。3. 战略层面：全球化布局里程碑- 合规认证突破：印度FORM CT-19证书是继欧美FDA、中东认证之后的又一重要准入认可，验证了公司产品质量与合规能力，为后续拓展东南亚、拉美等市场奠定基础。- 产业链话语权提升：作为全球少数具备大规模合规生产能力的司美格鲁肽原料药厂商，诺泰生物在全球GLP-1供应链中的地位将进一步巩固，增强与下游仿制药企的议价能力。三、风险提示（基于公司公开披露）1. 价格竞争风险：印度仿制药市场将爆发价格战，可能传导至原料药端，导致单价下行，需依赖规模效应对冲利润压力（来源：2025年业绩说明会）。2. 客户拓展不确定性：除已披露的欧美、南美客户外，印度仿制药企的具体采购意向尚未在公告中明确，若合作拓展不及预期，将影响放量节奏。3. 产能释放风险：若下游需求爆发超预期，需加快产能扩建（如602/607/608车间投产）以避免供应不足，否则可能丢失市场份额（来源：2024年募投项目变更公告）。四、总结司美格鲁肽印度专利到期与诺泰生物原料药获批形成时间共振，是公司从研发阶段走向全球化商业化的关键转折点：- 短期：依托现有客户及印度潜在合作，实现司美格鲁肽原料药供货的规模化突破，贡献明确营收增量。- 中期：凭借先发资质和成本优势，拓展更多印度及全球仿制药企客户，深度绑定GLP-1仿制药产业链。- 长期：以印度为跳板，进一步拓展全球新兴市场，巩固全球司美格鲁肽原料药核心供应商地位。,2,7,0,26516,SH688076,ST诺泰,Android,https://xueqiu.com/9686437421/380261910,0,2,2026-07-08 16:23:29
380279335,1375373555,只要锄头挥的好,2026-03-20 01:47:33,3月20日，司美格鲁肽专利正式到期：诺和诺德“独享”时代终结，国产替代潮全面来袭,就在刚才，诺和诺德（Novo Nordisk）那颗统治全球减重市场的“重磅炸弹”——司美格鲁肽（Semaglutide）核心化合物专利（CN200680006674.6）正式在中国到期。这意味着，过去那个“一支难求、动辄上千”的垄断时代结束了，国产仿制药的“总攻时刻”已经到来。从“奢侈品”到“日用品”的阶跃中国是全球肥胖人口最多的国家之一。在专利保护期内，司美格鲁肽受限于产能和高昂的价格（主要作为医美或高净值人群的“减重秘籍”），其渗透率远未触及冰山底部。下沉市场的饥渴： 随着专利到期，仿制药的定价预计将降至原研药的 50%-70%（甚至更低）。这会将用户群从一线城市白领扩容至二三线城市的超重人群。适应症的溢出： 除了减重，司美格鲁肽在非酒精性脂肪肝（MASH）、慢性肾病甚至抗炎领域的潜力，将随着药价降低而被医生更广泛地处方，需求量将呈几何级数增长。合规化的红利： 过去灰色渠道（如非法代购、三方实验室肽）横行，专利到期后，合规、廉价的国产药将迅速肃清这些黑市。由于司美格鲁肽属于生物类似药，研发和报批门槛极高。目前国内第一梯队如 华东医药（中美华东）、齐鲁制药、联邦制药、丽珠集团 等已在起跑线上。谁能拿到“首仿”批文，谁就能利用先发优势抢占公立医院的进院名额，确立品牌壁垒。司美格鲁肽是典型的多肽药物，其生产对多肽固相合成技术和侧链原料要求极高。 像 诺泰生物、圣诺生物 这种具备大规模、高质量多肽 API（原料药）生产能力的公司。无论最后哪个药企的仿制药卖得火，都要从他们这里买“原料”。这是目前最稳健赛道。诺泰生物 / 圣诺生物： 专门搞多肽合成。司美格鲁肽专利到期，意味着全世界的仿制药厂都要找他们买多肽原料药。这是典型的“旱涝保收”逻辑。华东医药： 毫无疑问的国内减重药龙头，渠道能力极强。联邦制药： 拥有产能优势，且在司美格鲁肽的生物类似物研发上处于第一梯队。恒瑞医药： 虽然它是创新药一哥，但其自主研发的 GLP-1/GIP 双靶点药物正在关键期，司美专利到期会带动整个 GLP-1 赛道的估值中枢上移。爱美客 / 华熙生物： 医美机构正在大规模引入减重项目。司美格鲁肽的普及会直接带动“瘦身+塑形”的联合治疗方案。,0,7,0,36950,SH688076,ST诺泰,Android,https://xueqiu.com/1375373555/380279335,0,1,2026-07-08 16:23:29
380293450,4202117770,短中长线卧倒选手,2026-03-20 02:17:44,,$ST诺泰(SH688076)$ 还有天理吗，还有王法吗,0,5,0,9348,SH688076,ST诺泰,iPhone,https://xueqiu.com/4202117770/380293450,0,0,2026-07-08 16:23:29
380294204,6040516550,用户6040516550,2026-03-20 02:19:35,,$ST诺泰(SH688076)$ 你怎么能这样天天跌的啊,0,3,0,18279,SH688076,ST诺泰,雪球,https://xueqiu.com/6040516550/380294204,0,0,2026-07-08 16:23:29
380296275,4453847866,一波三折u4h,2026-03-20 02:24:57,,$ST诺泰(SH688076)$ 你是不是在等新赛季ST翘板后再启动，同意你就点点头，我先出去打野。,0,4,0,12095,SH688076,ST诺泰,Android,https://xueqiu.com/4453847866/380296275,0,0,2026-07-08 16:23:29
380296549,1836681218,琴山涧5686,2026-03-20 02:25:36,,二月二，龙抬头，春分日，专利悬崖日，30元你还破不破？30.19已经是很好的数字了，19代表延年，成功，后面要长牛呀！$ST诺泰(SH688076)$,1,4,0,21433,SH688076,ST诺泰,Android,https://xueqiu.com/1836681218/380296549,0,0,2026-07-08 16:23:29
380300628,1588866411,高兴和多多,2026-03-20 02:36:11,,$ST诺泰(SH688076)$ 不放量过前高都没戏,4,5,0,17632,SH688076,ST诺泰,iPhone,https://xueqiu.com/1588866411/380300628,0,0,2026-07-08 16:23:29
380323303,1256278825,值得ing,2026-03-20 03:47:48,,$ST诺泰(SH688076)$ 无调研，不行动。无需担心。,1,32,0,17661,SH688076,ST诺泰,雪球,https://xueqiu.com/1256278825/380323303,0,0,2026-07-08 16:23:29
380340912,1822395959,十二峰x逆天改命,2026-03-20 05:28:26,,$ST诺泰(SH688076)$ 20cm要来了，可惜没钱买,0,4,0,13291,SH688076,ST诺泰,Android,https://xueqiu.com/1822395959/380340912,0,0,2026-07-08 16:23:29
380347109,3490800212,做好事买好股,2026-03-20 05:53:20,,$ST诺泰(SH688076)$ 哪来这么多卖的！,1,4,0,12521,SH688076,ST诺泰,iPhone,https://xueqiu.com/3490800212/380347109,0,0,2026-07-08 16:23:29
380355393,9677662435,猎庄者小号,2026-03-20 06:24:13,,$ST诺泰(SH688076)$ 最后加一笔大的,0,5,0,14690,SH688076,ST诺泰,雪球,https://xueqiu.com/9677662435/380355393,0,0,2026-07-08 16:23:29
380432781,9274729217,萤火之约,2026-03-20 13:40:08,,$ST诺泰(SH688076)$ 明确和Cipla、Dr.Reddy‘s合作，2026年2月已获印度CDSCO签发的FORM CT-19证书，是极少数具备印度市场合规供货资格的中国司美格鲁肽原料药企。,1,3,0,21438,SH688076,ST诺泰,iPhone,https://xueqiu.com/9274729217/380432781,0,0,2026-07-08 16:23:29
380471992,3263546483,赚钱需要耐心点,2026-03-21 02:34:09,,$ST诺泰(SH688076)$ 真是利好周五就跳空拉高甩散户了，还会给你们周末研究de时间？别找利好了，安心过周末吧,0,8,0,15055,SH688076,ST诺泰,iPhone,https://xueqiu.com/3263546483/380471992,0,0,2026-07-08 16:23:29
380483391,1029425262,有恩的涨停宗师,2026-03-21 05:29:30,,"$ST诺泰(SH688076)$ 印度司美格鲁肽仿制药获批厂家药企名称,品牌名,剂型,月费(印度卢比),月费(人民币),API主要供应商,上市/获批时间Natco Pharma,-,多剂量瓶(2mg),1290,95,中国诺泰生物/湃肽生物,2026-03-21Natco Pharma,-,注射笔(2mg,4月),4000,300,中国诺泰生物/湃肽生物,2026-04Eris Lifesciences,Sundae,多剂量瓶(2mg),1290,95,中国诺泰生物/湃肽生物,2026-03-21Eris Lifesciences,Sundae,注射笔(2mg,4月),4000,300,中国诺泰生物/湃肽生物,2026-04Eris Lifesciences,Sundae,注射笔(8mg,4月),4500,338,中国诺泰生物/湃肽生物,2026-04Dr. Reddy’s Laboratories,Obeda,多剂量瓶(2mg),1290-3000,95-225,自研(550kg/年)+中国,2026-03-21Sun Pharma,Noveltreat,多剂量瓶/注射笔,1290-3000,95-225,中国+印度Granules,2026-03获批Zydus Lifesciences,Semanext,多剂量瓶/注射笔,1290-3000,95-225,中国+Biocon,2026-03获批Lupin,Livarise,多剂量瓶/注射笔,1290-3000,95-225,中国+自研,2026-03获批Cipla,-,多剂量瓶/注射笔,1290-3000,95-225,中国+印度本土,2026-03获批Alkem,-,多剂量瓶/注射笔,1290-3000,95-225,中国+印度本土,2026-03获批Torrent,-,多剂量瓶/注射笔,1290-3000,95-225,中国+印度本土,2026-03获批Mankind,-,多剂量瓶/注射笔,1290-3000,95-225,中国+印度本土,2026-03获批",5,14,0,31318,SH688076,ST诺泰,iPhone,https://xueqiu.com/1029425262/380483391,0,0,2026-07-08 16:23:29
380549509,6769259204,laotang926,2026-03-22 09:49:53,诺泰生物司美格鲁肽专利 “一种基于SPPS-LPPS混合法的索玛鲁肽大片段偶联工艺” 解读及生产成本及周期分析,$ST诺泰(SH688076)$ @策略策略 你要的司美格鲁肽成本优势依据。专利基本信息见下图：豆包帮解读了一下专利对生产成本及周期的影响，分享如下：省流版：本专利的 SPPS-LPPS 混合法偶联工艺，大幅提升了索玛鲁肽生产的原料利用率与全流程总收率，通过片段回收、试剂精准配比和溶剂循环减少物料消耗，同时凭借步骤同步操作、精准控时和工艺标准化，压缩了单批次生产周期；工艺条件温和且杂质管控能力强，降低了能耗、人工及精制返工成本，适配工业化规模化生产，相比传统工艺实现了成本与周期的双重优化，为诺泰生物索玛鲁肽原料药量产奠定了低成本、高效率的工艺基础。详细版：该专利为索玛鲁肽工业化生产打造了SPPS-LPPS 混合法全流程协同优化工艺，从原料利用率提升、溶剂 / 试剂消耗降低、生产周期缩短、杂质管控减少返工四大核心维度实现成本大幅下降，同时通过工艺标准化与效率提升压缩生产周期，相比传统工艺展现出显著的经济与生产效率优势，以下为具体影响分析：一、成本端：多维度降本，全流程综合成本显著降低1. 原料利用率提升，核心片段损耗大幅减少固相合成（SPPS）阶段：通过PEG-800 接枝 CTC 树脂+阶段性构象洗涤+差异化活化体系，解决肽链折叠问题，片段 Ⅰ 粗品收率≥91%、片段 Ⅱ≥92%，纯化后纯度分别≥97.5%/98%，远高于传统工艺（对比例 1 片段收率仅 78%/80%，纯度 95.2%/96.5%），减少氨基酸原料因折叠、偶联不完全导致的损耗。液相偶联（LPPS）阶段：建立未反应片段回收体系，从滤液中回收的片段 Ⅰ 纯度≥95%，可循环利用，避免原料浪费；同时片段摩尔比仅需 1:1.1-1.5，远低于传统工艺的过量投料比例，进一步降低原料成本。全流程总收率提升至58%-61%（不同纯度要求下），较传统工艺的 45% 提升超 30%，核心原料单耗大幅下降。2. 溶剂 / 试剂消耗减少，单批次物料成本降低固相切割液优化：采用6%TFA+4%TFE+0.5%EDT低浓度切割体系，相比传统高浓度 TFA 切割液，减少昂贵氟化物试剂使用，同时降低废液处理成本。溶剂循环与精准使用：液相阶段通过正己烷分层 + 减压蒸馏回收 DMF、DMSO 等有机溶剂，异丙醚仅为偶联终止液体积的 2-3 倍，避免溶剂过量使用；构象调控与活化体系均为精准配比，无试剂冗余消耗。杂质管控减少精制成本：偶联中间体纯度≥99.03%，二聚体等杂质≤1.5%，远低于传统工艺的杂质水平，后续精制仅需一次反相 C18 层析即可达到标准，减少层析填料、洗脱液的重复消耗。3. 生产能耗与人工成本降低，适配规模化量产工艺条件温和：无需超高温 / 超低温极端条件，梯度控温仅需 0-5℃冰浴 + 22-25℃室温，能耗远低于全固相 / 全液相的严苛条件；树脂溶胀、偶联、洗涤等步骤均为标准化操作，可实现自动化控制，减少人工干预。返工率大幅降低：片段单杂≤0.5%，偶联无新增杂质，避免传统工艺因纯度不达标导致的批次返工，节省返工带来的原料、时间、人工成本。二、周期端：工艺效率提升 + 步骤协同，单批次生产周期显著缩短1. 固相合成阶段：步骤优化，片段制备周期压缩氨基酸偶联效率提升：常规位阻氨基酸活化仅 5-8min + 偶联 2-2.5h，大位阻氨基酸活化 8-10min + 偶联 2.5-3h，通过茚三酮实时检测避免无效反应时间；每 4 步偶联的构象洗涤仅需 3 次 ×5min，不额外增加周期。树脂切割与纯化高效：切割液反应仅 1h，纯化采用梯度洗脱 + 冷冻干燥 12h，相比传统工艺的慢洗脱 + 长时间干燥，片段制备周期缩短约 20%。2. 液相偶联阶段：同步操作 + 精准控时，偶联周期大幅压缩关键步骤同步进行：片段 Ⅰ 构象调控 + 精准活化的同时，完成片段 Ⅱ 的 N 端脱保护与洗涤，避免分步操作的时间浪费，单步骤耗时从传统的 8-10h 压缩至 3.5-4h。偶联反应精准控时：梯度控温仅需 0-5℃搅拌 30min+22-25℃搅拌 3-3.2h，通过UPLC 实时监测在目标产物峰≥95% 时立即终止反应，无过度反应时间；沉淀分离 + 片段回收仅需 1-2h，步骤衔接无停顿。3. 全流程：无中间停顿，标准化工艺实现连续生产SPPS 片段制备→LPPS 偶联→纯化干燥的全流程为连续化操作，无传统工艺的中间物料静置、检测停顿；且工艺参数（如树脂替代度、活化体系配比、控温条件）均为明确区间值，无需反复调试，单批次生产周期较传统 SPPS-LPPS 混合法缩短30%-40%，同时可实现吨级规模化连续生产，进一步提升单位时间产能。三、长期成本与周期优势：工艺稳定性提升，规模化效应显著工艺标准化降低研发与调试成本：专利明确了从固相载体、活化体系到液相构象调控、偶联条件的全流程参数区间，无需针对不同批次进行工艺调试，研发与生产调试周期缩短，长期可节省大量技术研发成本。规模化量产摊薄单位成本：工艺适配工业化大生产，随着生产规模提升，原料采购、溶剂回收、设备使用的单位成本进一步下降，同时生产周期可通过自动化产线进一步压缩，形成成本 - 周期的正向循环。对比传统工艺的核心优势：与对比例 1（CN112021668A）的传统工艺相比，本专利工艺全流程总收率提升 13-16 个百分点，单批次周期缩短 30% 以上，综合生产成本降低 40%-50%，且产品纯度更高、质量更稳定。四、小结该专利通过SPPS-LPPS 全流程的协同优化，从原料、试剂、能耗、人工四大核心成本项实现降本，从步骤同步、效率提升、工艺标准化实现生产周期压缩，不仅解决了传统索玛鲁肽合成中 “片段折叠、偶联效率低、杂质高” 的技术痛点，更打造了适配工业化量产的低成本、短周期工艺体系。对于诺泰生物而言，该专利在索玛鲁肽原研化合物专利到期后，可凭借成本与产能效率优势占据市场竞争核心地位，进一步降低索玛鲁肽原料药的市场售价，提升产品性价比。最后再对比一下不同方法：相较于全固相合成、传统 SPPS-LPPS 混合法、一锅法等索玛鲁肽合成方法，该专利的 SPPS-LPPS 混合优化工艺在成本和生产周期上形成显著优势，同时对比新兴的连续流液相合成（CF-LPPS），在长肽适配性和工业化落地成本上更具实用性，具体差别如下：一、对比全固相合成法成本：全固相合成肽链易折叠、大位阻氨基酸偶联不完全，粗品收率仅 60% 左右，且需 4-5 次制备纯化，层析填料、洗脱液消耗大；本专利片段收率≥91%，偶联中间体纯度≥99.03%，仅需 1 次纯化，原料单耗降低 30% 以上，精制成本减少 60%，还通过片段回收循环利用进一步降低原料损耗。周期：全固相需逐个氨基酸偶联，单批次合成周期长，且因杂质多需反复纯化返工；本专利差异化活化体系提升偶联效率，常规 / 大位阻氨基酸偶联耗时大幅缩短，且步骤无停顿，单批次周期较全固相缩短 50% 以上。二、对比传统 SPPS-LPPS 混合法（如 CN112010961A）成本：传统混合法无构象调控和片段回收，片段纯度仅 95%-96.5%、总收率 45%，溶剂 / 试剂过量使用且无回收，综合生产成本高；本专利总收率提升至 58%-61%，通过精准配剂、溶剂蒸馏回收、低浓度切割液，综合成本降低 40%-50%，且无极端工艺条件，能耗与人工成本更低。周期：传统混合法步骤分步操作，偶联 + 纯化单步骤耗时 8-10h；本专利实现构象调控 / 活化与脱保护同步操作，偶联仅需 3.5-4h，全流程连续化无停顿，单批次周期缩短 30%-40%。三、对比一锅法合成成本：一锅法虽操作简单，但仅适配短肽合成，索玛鲁肽作为长肽易产生副反应，需额外增加封端试剂，且未纯化产品纯度有限，后续仍需精制，试剂与纯化成本偏高；本专利针对长肽优化，无额外试剂消耗，且片段预纯化大幅减少精制成本，原料利用率远高于一锅法。周期：一锅法虽单步耗时短，但长肽合成易失败导致返工，整体周期不可控；本专利工艺参数标准化，无返工风险，周期稳定且可通过自动化进一步压缩，规模化生产周期优势显著。四、对比多片段固相缩合法成本：多片段固相缩合法需合成 6 个短肽片段，固相偶联步骤多，溶剂消耗大且废液处理成本高；本专利仅拆分 2 个大片段，固相步骤减少，溶剂用量降低，且液相偶联的片段回收体系进一步减少物料损耗，规模化生产的单位成本更低。周期：多片段固相缩合法需逐步偶联 6 个片段，偶联步骤繁琐且每步需检测，单批次周期长；本专利 2 个大片段同步固相合成，液相一步偶联，步骤简化，周期较其缩短 20% 以上。五、对比新兴 CF-LPPS 连续流液相合成成本：CF-LPPS 虽溶剂绿色化、效率高，但设备投入成本极高，且仅适配短肽 / 环肽，索玛鲁肽作为高空间位阻长肽需杂交合成，额外增加片段制备成本；本专利基于常规设备优化，无高额设备投入，且直接适配长肽大片段偶联，工业化落地成本远低于 CF-LPPS。周期：CF-LPPS 在短肽合成中周期优势显著，但长肽需 SPPS 制备片段后再液相缩合，整体周期无明显优势；本专利 SPPS-LPPS 全流程协同优化，长肽合成周期稳定，且无需额外片段制备步骤，更适配索玛鲁肽规模化生产的周期需求。核心差异总结该专利工艺通过大片段拆分、全流程协同优化、片段回收，解决了其他方法收率低、杂质高、步骤繁琐、设备投入高的痛点，在成本上实现原料、试剂、能耗的多维度降低，在周期上通过同步操作、精准控时、连续化实现大幅压缩，且无需高额设备投入，是目前适配索玛鲁肽工业化量产的最优工艺之一，相比其他方法兼具低成本、短周期、高适配性三大核心优势。对比表如下：对比一下诺和诺德，瀚宇药业，圣诺生物和诺泰生物的成本及生产周期：核心结论成本排序：诺和诺德＞瀚宇药业＞圣诺生物＞诺泰生物（诺泰成本仅为原研 1/10、瀚宇 1/3）；周期排序：诺和诺德＞圣诺生物＞诺泰生物＞瀚宇药业（瀚宇连续化工艺为国内效率标杆）；规模优势：诺泰、瀚宇为吨级产能第一梯队，单批大产量摊薄成本；圣诺小产能无规模化效应，诺和诺德原料药无量产布局。以上，仅供参考，不作为股票买卖建议。,12,11,0,44075,SH688076,ST诺泰,雪球,https://xueqiu.com/6769259204/380549509,0,3,2026-07-08 16:23:29
380551096,6769259204,laotang926,2026-03-22 10:23:16,,3月20日，司美格鲁肽专利在中国、印度到期，诺泰生物2月份已经获得印度国家药品监管机构认证，可以合规出口到印度。3月21日始，印度陆续有一批司美格鲁肽仿制药将上市，从中国进口原料药目前只有诺泰生物有印度国家药品监管机构认证。成本比印度本国的低30%以上，相信专利到期，是对诺泰生物的大利好！！待半年报验证查看图片,4,6,0,22789,SH688076,ST诺泰,雪球,https://xueqiu.com/6769259204/380551096,0,0,2026-07-08 16:23:29
380557927,9841300578,机会等待22年4月,2026-03-22 12:24:44,,回复@laotang926: 印度 中国 专利到期，在巴西、土耳其和南非的专利保护也会在年内失效，市场一点波澜都没有，市场的焦点不在此。唯有大的订单能够引起市场的注意。//@laotang926:回复@laotang926:3月20日，司美格鲁肽专利在中国、印度到期，诺泰生物2月份已经获得印度国家药品监管机构认证，可以合规出口到印度。3月21日始，印度陆续有一批司美格鲁肽仿制药将上市，从中国进口原料药目前只有诺泰生物有印度国家药品监管机构认证。成本比印度本国的低30%以上，相信专利到期，是对诺泰生物的大利好！！待半年报验证查看图片,3,4,0,13663,SH688076,ST诺泰,雪球,https://xueqiu.com/9841300578/380557927,0,0,2026-07-08 16:23:29
380593275,2984793256,潢川新安,2026-03-23 01:38:28,,$ST诺泰(SH688076)$ 放不了量，估计是差不多了,0,3,0,11718,SH688076,ST诺泰,Android,https://xueqiu.com/2984793256/380593275,0,0,2026-07-08 16:23:29
380605924,8876886738,杀千刀的,2026-03-23 02:03:05,,$ST诺泰(SH688076)$ 要想涨还得摘帽后或者一季报确认业绩后机构建仓吧,0,9,0,18774,SH688076,ST诺泰,雪球,https://xueqiu.com/8876886738/380605924,0,0,2026-07-08 16:23:29
380685584,3263546483,赚钱需要耐心点,2026-03-23 06:36:02,,$ST诺泰(SH688076)$ 弱的一塌糊涂，牛市跌八个月，有你的,0,7,0,10491,SH688076,ST诺泰,iPhone,https://xueqiu.com/3263546483/380685584,0,0,2026-07-08 16:23:29
380725010,4876911516,雷电成风,2026-03-23 09:10:49,,$ST诺泰(SH688076)$ 劝人满仓的缺大德,0,9,0,9069,SH688076,ST诺泰,iPhone,https://xueqiu.com/4876911516/380725010,0,0,2026-07-08 16:23:27
380754205,1968252884,策略策略,2026-03-23 12:15:37,,$ST诺泰(SH688076)$ 为了安全 下线中。 无所屌谓。 这里 投资者非常坚韧。 棒！！！,15,2,0,17056,SH688076,ST诺泰,Android,https://xueqiu.com/1968252884/380754205,0,0,2026-07-08 16:23:27
380818154,4453847866,一波三折u4h,2026-03-24 01:48:21,,$ST诺泰(SH688076)$ 减肥药概念拉升，跟你没半毛钱关系？,0,6,0,10417,SH688076,ST诺泰,Android,https://xueqiu.com/4453847866/380818154,0,0,2026-07-08 16:23:27
380825628,6964527540,雪暖晴岚q,2026-03-24 02:05:48,,$ST诺泰(SH688076)$ 没有买盘，股价只有更低，即便加仓也会选择加药明康德，相比于诺泰，药明更像时间的朋友。,1,4,0,8989,SH688076,ST诺泰,iPhone,https://xueqiu.com/6964527540/380825628,0,0,2026-07-08 16:23:27
380834123,9639919560,红油抄手John,2026-03-24 02:27:46,,$ST诺泰(SH688076)$ 这股真的有机会涨吗？,0,1,0,14119,SH688076,ST诺泰,iPhone,https://xueqiu.com/9639919560/380834123,0,0,2026-07-08 16:23:27
380846738,9677662435,猎庄者小号,2026-03-24 03:09:50,,$ST诺泰(SH688076)$ 时间点差不多了，今补最后一笔。后面交给市场，如果有效跌破25就离场,0,2,0,10858,SH688076,ST诺泰,雪球,https://xueqiu.com/9677662435/380846738,0,0,2026-07-08 16:23:27
380847401,3263546483,赚钱需要耐心点,2026-03-24 03:12:08,,$ST诺泰(SH688076)$ 你还有什么雷？抓紧爆啦,1,1,0,12253,SH688076,ST诺泰,iPhone,https://xueqiu.com/3263546483/380847401,0,0,2026-07-08 16:23:27
380848212,1007887767,nirvana1998,2026-03-24 03:15:10,,$ST诺泰(SH688076)$ 大家对一季报有预期吗，去年上半年司美原料药价格高，从去年下半年已经跌下来了，一季度能有一亿利润吗，没几天就要预告了。,14,3,0,14077,SH688076,ST诺泰,iPhone,https://xueqiu.com/1007887767/380848212,0,0,2026-07-08 16:23:27
380849125,6225493440,小兔乖乖666,2026-03-24 03:18:40,,$ST诺泰(SH688076)$ 怎么会这么弱,2,3,0,11808,SH688076,ST诺泰,iPhone,https://xueqiu.com/6225493440/380849125,0,0,2026-07-08 16:23:27
380861296,1007887767,nirvana1998,2026-03-24 04:29:28,,$ST诺泰(SH688076)$ 今天看美国药房市场出售复方司美之前被禁，才想出诺泰计提存货减值的原因，之前一直想不通，应该是之前诺泰给美国药房的备货，被禁后只能按生产成本减值，之前一直想存货是生产成本入账，为什么能发生大额减值。,17,5,0,32916,SH688076,ST诺泰,iPhone,https://xueqiu.com/1007887767/380861296,0,2,2026-07-08 16:23:27
380861910,1007887767,nirvana1998,2026-03-24 04:34:13,,然后诺泰生物也挺狗的，年报才计提，也怪自己买之前没研究透。,13,4,0,16777,SH688076,ST诺泰,iPhone,https://xueqiu.com/1007887767/380861910,0,0,2026-07-08 16:23:27
380897733,7590028189,南山海岸城,2026-03-24 07:29:06,,今年亏损最大的是st诺泰，这个票犯大错了，并且严重拖累了今年的账户表现。当时意淫收到处罚通知书会大涨，然后又拿了几个月。不甘心这样失败。结果是越套越深。唉。反思中，一方面我的信息源也出了问题，诺泰当时雪球上一批大V天天吹这个票，说是大白马。这本该引起警惕的，结果还觉得这么多人看好，应该不会错。然后还鬼神神差的买了jdqx123的298，看了他写的诺泰的逻辑分析，看完写的是不错，分析的很到位。（说出来是挺丢人的，但不说出来，将来还会错）于是加重了自己持股的信心。现在想来是错的离谱了。怪别人也没用，毕竟人家没按你的手买。当做一个教训吧，任何人的分析都只能参考，但这个参考不是你持股的根据。注意，大V的观点不是你持股的依据。注意，大V的观点不是你持股的依据。注意，大V的观点不是你持股的依据。这句话很重要，值得读三遍。你的依据是，这个股的行业前景，公司的发展前景，还有其他财务业绩、估值等分析。然后再说说，今年赚钱比较多的股。存储股，买的恒烁股份、普冉都赚了。光芯片的长光华芯也赚了。这几个是今年盈利比较大的股。另外一些不痛不痒的股，微赚微亏吧。就说这么多了，今年还亏了点。亏损的原因，还有一个很重要的是：我仓位配置的不够合理，st诺泰亏钱后，后面又补仓了。这个股，大家都知道，K线是一路阴跌，所有补仓的资金都被埋掉了。就好比，本来你有5只军队，一只军队被敌人困住了，其他四支军队都大获全胜。但因为你想救活这只被困的军队，于是又派出了两只精锐的军队去救，结果这两只军队也被埋了。仓位管理就是这样，你的现金就是你的军队，军队安排的不合理，会影响你整体的胜利。比如st诺泰就是那个被困的军队，也是他吃掉了我补仓的两笔现金流。$ST诺泰(SH688076)$ $普冉股份(SH688766)$ $恒烁股份(SH688416)$,3,12,0,37270,SH688076,ST诺泰,雪球,https://xueqiu.com/7590028189/380897733,0,1,2026-07-08 16:23:27
380967931,4028852979,四思,2026-03-24 16:53:58,,$美诺华(SH603538)$诺和诺德的司美格鲁肽在中国的化合物专利于2026年3月到期，这一事件被市场视为中国减肥药市场的“分水岭”，打破了原研药的长期垄断，为国内相关企业带来了新的机遇。根据市场分析和产业链逻辑，受益的上市公司主要可以分为以下三大类：💊 上游原料药及耗材供应商 (“卖铲人”)这类企业被认为具有较高的投资价值，因为它们为下游的仿制药企提供核心原料和生产耗材。无论哪家仿制药最终胜出，都需要采购上游的原料药和耗材，因此能直接受益于仿制药放量带来的需求增长，且受下游价格战影响较小。* 核心逻辑：技术壁垒高、产能稀缺、议价能力强。* 相关公司：* 美诺华：作为“原料药+CDMO+制剂一体化”企业，是多肽原料药的核心供应商之一，被市场视为典型的“卖铲人”。* 诺泰生物：国内多肽原料药种类最丰富的企业之一，具备从原料药到制剂的全链条服务能力，业绩弹性较大。* 翰宇药业：在多肽药物领域具备领先优势，拥有成熟的多肽合成技术平台。* 昊帆生物：国内全系列多肽合成试剂的领先供应商，直接受益于多肽药物产量的增长。* 蓝晓科技：全球固相合成载体的主流供应商，是生产多肽药物的关键耗材提供商。💉 下游仿制药企业 (“掘金者”)这些企业直接研发和生产司美格鲁肽的生物类似药，有望凭借成本优势快速抢占市场，分享千亿级的减重降糖市场红利。* 核心逻辑：率先获批上市的企业将享受“首仿”红利，抢占市场份额。* 相关公司：* 九源基因：首家申报司美格鲁肽上市的企业，若率先获批，将获得显著的先发优势。* 华东医药：在GLP-1领域布局多年，技术积累深厚，有望在专利到期后快速实现产品上市。* 丽珠集团：研发进度领先，且已储备了充足的产能（4000万支/年），为大规模销售做好了准备。* 联邦制药、石药集团：同样处于仿制药研发的第一梯队，已提交上市申请。🧪 创新药及CDMO企业 (“开拓者”)这类企业不直接参与司美格鲁肽的仿制，而是通过开发新一代的GLP-1创新药或提供研发生产外包服务（CDMO）来受益。* 核心逻辑：通过产品差异化（如口服剂型、更长药效）或提供专业服务，在更广阔的GLP-1赛道中建立竞争优势。* 相关公司：* 信达生物、恒瑞医药：正在研发具有差异化优势的下一代GLP-1创新药，有望在激烈的仿制药竞争中开辟新蓝海。* 凯莱英、药明康德：作为全球领先的CDMO企业，可为国内外众多药企的GLP-1类药物提供研发和生产服务，受益于整个赛道的繁荣。请注意：以上内容基于公开市场信息整理，不构成任何投资建议。药品研发和审批存在不确定性，市场竞争也可能导致价格战，压缩利润空间。投资者应谨慎决策，注意风险。,7,4,0,35178,SH688076,ST诺泰,Android,https://xueqiu.com/4028852979/380967931,0,0,2026-07-08 16:23:27
381007764,1134001478,TheSly,2026-03-25 02:11:26,,$ST诺泰(SH688076)$ 感觉已经无人问津了,2,2,0,15689,SH688076,ST诺泰,Android,https://xueqiu.com/1134001478/381007764,0,0,2026-07-08 16:23:27
381014248,9677662435,猎庄者小号,2026-03-25 02:29:59,,$ST诺泰(SH688076)$ 一个很烂的一季度报也是一个确定性,4,3,0,14502,SH688076,ST诺泰,雪球,https://xueqiu.com/9677662435/381014248,0,0,2026-07-08 16:23:27
381014719,7588632663,攀爬路,2026-03-25 02:31:06,,$ST诺泰(SH688076)$ 其实你是个好娘子，只是现在得了病，没有大官人敢碰了，谁也不想遭殃，得病好了，官人又会来的。,0,11,0,15463,SH688076,ST诺泰,Android,https://xueqiu.com/7588632663/381014719,0,0,2026-07-08 16:23:27
381122684,1968252884,策略策略,2026-03-25 11:38:55,,$ST诺泰(SH688076)$ 几点想法吧，一个是国外资本经此一役，流入我兔是趋势，今年上半年开局之年，货币宽松也是去年12月工作会议定的方向，为什么说这些，诺泰生物，因为12月就摘帽了，是12月吗？国外资本参考欧美还是能给与30到40倍估值的。这里确实很别扭。一帮瘸子真碍眼啊。软骨头啊。,0,5,0,14844,SH688076,ST诺泰,Android,https://xueqiu.com/1968252884/381122684,0,0,2026-07-08 16:23:27
381133465,1968252884,策略策略,2026-03-25 12:52:32,,$ST诺泰(SH688076)$ 哪个兄弟 查查 司美格鲁肽 和 心梗，心脑血管 的关系。一个明日之星，一个位于连云港的明日之星，成功的道路，复制起来容易得很。,1,6,0,15999,SH688076,ST诺泰,Android,https://xueqiu.com/1968252884/381133465,0,0,2026-07-08 16:23:27
381160501,1007887767,nirvana1998,2026-03-25 16:41:54,,$ST诺泰(SH688076)$ 司美价格集采降到50一支，诺泰都能赚钱，毛利还不低，对应明年集采，报个低价多拿点单。因为一支里只有几毫克原料药。,0,4,0,14479,SH688076,ST诺泰,iPhone,https://xueqiu.com/1007887767/381160501,0,0,2026-07-08 16:23:27
381168025,1836681218,琴山涧5686,2026-03-25 22:09:51,,按去年惯例，3月28日会发2026年1季度业绩预告，万一超预期了呢？那得快速回40，50再说吧？要是业绩中规中矩和如你预期的不咋样，那也是利空出尽，横竖都要涨的！司美格鲁肽仿制药上市后，预计价格将在半年内降至300-500元，长期可能进一步下探至200元以内。下游仿制药市场将面临激烈的价格战，而上游原料药及配套耗材环节则不受终端价格战的直接影响，具备更稳定的利润率和议价权。对于投资者来说，关注上游原料药环节，不仅能规避价格战的风险，还能享受高技术壁垒带来的高收益。诺泰，它占据的就是C位啊！$ST诺泰(SH688076)$,8,6,0,38508,SH688076,ST诺泰,Android,https://xueqiu.com/1836681218/381168025,0,0,2026-07-08 16:23:27
381223111,7692958908,菅胆芹心,2026-03-26 03:22:43,,$ST诺泰(SH688076)$ 还有喘气的剑粉么？,0,7,0,17129,SH688076,ST诺泰,Android,https://xueqiu.com/7692958908/381223111,0,0,2026-07-08 16:23:25
381238894,3207990013,棋羽双杰,2026-03-26 05:00:27,,$ST诺泰(SH688076)$ 回来看看。这个股太坑人了，牛市大跌的股不多见，还能坚持的，令人佩服。,2,3,0,15350,SH688076,ST诺泰,Android,https://xueqiu.com/3207990013/381238894,0,0,2026-07-08 16:23:25
381259174,1423330049,好好学习m5o,2026-03-26 06:24:03,,$ST诺泰(SH688076)$ 减了肥可以上现场，应该是利好啊？天天找爹啊,1,1,0,24433,SH688076,ST诺泰,Android,https://xueqiu.com/1423330049/381259174,0,0,2026-07-08 16:23:25
381268946,9497392580,马廷不是汉廷,2026-03-26 07:01:28,,$ST诺泰(SH688076)$ 为什么能这么跌啊？难顶,0,2,0,19042,SH688076,ST诺泰,Android,https://xueqiu.com/9497392580/381268946,0,0,2026-07-08 16:23:25
381269240,8800530136,楊濤520,2026-03-26 07:02:31,,$ST诺泰(SH688076)$ ST至今-30%，按理说这才进入买卖区域，但是因为个人的沙比原因，导致亏损30%。没错就是自己沙比。怨不得别人。,6,8,0,21146,SH688076,ST诺泰,Android,https://xueqiu.com/8800530136/381269240,0,0,2026-07-08 16:23:25
381393020,8296981195,2528658popo,2026-03-27 01:41:20,,$ST诺泰(SH688076)$ 昨天打电话给公司证券部，问了很多问题，去年计提原材料跌价不是最主要的，固定资产计提和坏账处理比较多，公司生产销售都是正常的，因为st的原因，加上本身是科创板，很多资金不敢进去，或者有门槛买不了，诺泰一直就是机构票，st后机构出清，如果基金经理需要重新买进要走程序也要承担相应的风险。所以导致成交量越来越低，产生了流动性危机，公司明确表示会做市值管理，也会发布一些好的消息提振股价，我说自己已经亏了好多了，她让我在等一等，扛一扛一季报预告大概率这几天就会出来，诺泰大的摘帽行情在年底，现在深套其中的我们只能扛一扛了,43,18,0,46882,SH688076,ST诺泰,Android,https://xueqiu.com/8296981195/381393020,0,1,2026-07-08 16:23:25
381407246,9677662435,猎庄者小号,2026-03-27 02:18:41,,$ST诺泰(SH688076)$ 说到底还是st导致没多少人能买,0,3,0,17787,SH688076,ST诺泰,雪球,https://xueqiu.com/9677662435/381407246,0,0,2026-07-08 16:23:25
381511440,3009530408,southcowboy,2026-03-27 10:59:42,,"$ST诺泰(SH688076)$ 感觉都没什么信心了, 我来买点, 看能不能把打减肥针的费用赚回来.",2,4,0,13966,SH688076,ST诺泰,雪球,https://xueqiu.com/3009530408/381511440,0,0,2026-07-08 16:23:25
381518020,6469196520,豁达的打新小清泉,2026-03-27 11:46:15,,多肽这么火爆的情况下，出现坏账，那是重大利空。 像友商都在玩命扩大产能，说明供应很紧张。 诺泰生物居然还出现坏账，这是重大利空，难怪跌这么多不带回头的。 先知先觉的资金已经掌握底牌了。 $凯莱英(SZ002821)$ $ST诺泰(SH688076)$,2,7,0,18121,SH688076,ST诺泰,Android,https://xueqiu.com/6469196520/381518020,0,0,2026-07-08 16:23:25
381551728,6991900864,物胜于心,2026-03-27 15:22:27,,$ST诺泰(SH688076)$ 卫健委下了硬指标，全国三级医院都要标配减重门诊。我就不信减肥药不会放量,4,9,0,22884,SH688076,ST诺泰,Android,https://xueqiu.com/6991900864/381551728,0,0,2026-07-08 16:23:25
381569198,3320764902,标错赔率的马,2026-03-27 23:17:12,,$ST诺泰(SH688076)$ 诺泰的筹码博弈和价值 到了变盘的临界点。25年6月到9月，伴随着 ST的确定，险资等机构撤出。但股东人数从1.8万下降到1.57万。从筹码分布看，从25年底至3月底 46元处、43元处、40元处高位筹码峰没有任何的松动。37元平台被穿，筹码峰也没松动。反而在33和30又形成筹码峰。期间伴随的三季报的模糊 和年报洗澡预报。价格事实是连续下跌8个月，价值事实是营收持续增长，毛利未发生大变动。市场主力用行动清洗紧盯价格的人，坚定价值的人看到的是营收的持续增长以及未来的放量和小核酸第二增长曲线。,4,8,0,26880,SH688076,ST诺泰,Android,https://xueqiu.com/3320764902/381569198,0,0,2026-07-08 16:23:25
381636076,1968252884,策略策略,2026-03-29 02:06:43,,$ST诺泰(SH688076)$ 现在的价格，问问各个公司销售部门就知道了。我给个数，2000，你们去验证下。现在机构进不来，眼馋也进不来，这他nd资金 s13嘛，直接先手啊。,12,11,0,21325,SH688076,ST诺泰,Android,https://xueqiu.com/1968252884/381636076,0,0,2026-07-08 16:23:25
381733484,6918103439,别跌了行不,2026-03-30 02:55:38,,$ST诺泰(SH688076)$ 在别的股都涨的情况下，这玩意走成这样真让人害怕啊,0,3,0,14928,SH688076,ST诺泰,Android,https://xueqiu.com/6918103439/381733484,0,0,2026-07-08 16:23:25
381738046,1256278825,值得ing,2026-03-30 03:12:06,,$ST诺泰(SH688076)$ 生产装置9套，运行8套，停产1套，检修0套。产能利用率90%。三班倒。周末轮班上班。,11,17,0,19460,SH688076,ST诺泰,雪球,https://xueqiu.com/1256278825/381738046,0,0,2026-07-08 16:23:25
381766686,3829287150,李达A股投机,2026-03-30 06:01:36,,$ST诺泰(SH688076)$ 印象中江苏的公司很正规的，怎么出了这个败类啊,0,9,0,13898,SH688076,ST诺泰,Android,https://xueqiu.com/3829287150/381766686,0,0,2026-07-08 16:23:25
381772515,1833616471,通通通y06,2026-03-30 06:33:36,,$ST诺泰(SH688076)$ 黎明前的黑夜,1,4,0,13280,SH688076,ST诺泰,Android,https://xueqiu.com/1833616471/381772515,0,0,2026-07-08 16:23:25
381820697,2183105356,令狐冲0811,2026-03-30 11:02:01,,$ST诺泰(SH688076)$ 我给董秘打电话，当时市值100，说他们自己认为市值高了，意思还需要跌。现在市值才90，又给别人说，他们有市值管理，我问的时候就含糊其辞，不提市值管理，意思不需要市值管理。没有真事。Ps:男的接电话，有录音。,7,5,0,34561,SH688076,ST诺泰,Android,https://xueqiu.com/2183105356/381820697,0,1,2026-07-08 16:23:25
381858754,3829287150,李达A股投机,2026-03-30 13:54:25,,$ST诺泰(SH688076)$ ST公墓鸡精不能买，叠加科创板门槛，每天成交量少的可怜，30元以下成交量小于0.5%可观注，应该是底部区域了,0,6,0,12599,SH688076,ST诺泰,Android,https://xueqiu.com/3829287150/381858754,0,0,2026-07-08 16:23:25
381953931,2078483125,小散-1988,2026-03-31 03:36:50,,$ST诺泰(SH688076)$ 跌多了就是利好？可以买了？,1,1,0,14245,SH688076,ST诺泰,iPhone,https://xueqiu.com/2078483125/381953931,0,0,2026-07-08 16:23:23
381957689,1256278825,值得ing,2026-03-31 03:52:58,诺泰生物的产能建设到底处于什么样的状态？,$ST诺泰(SH688076)$ 诺泰最近几年产能固定资产投入已经超30亿，早在三年前就已经布局 。2022年-2023年前后，诺泰通过资产收购的方式从江苏康信手上拿到一块地“A区”（可能包含D区），同时通过招拍挂方式拿到一块地“B区”，同时在老厂区外的连云港中华药港区域拿到一块地，三管齐下拿地用于扩大产能。老厂区拿地前的厂区图老厂区拿地后的厂区地图老厂区与中华药港相隔几公里，以下是相对位置。中华药港厂区建设情况。产能建设成果：结论：1，动辄几亿几十亿的产能项目建设，建设周期不是一朝一夕，甚至不是一年两年就能快速建成的。真是提前战略性布局才能成功的。诺泰生物最近三年的固投都有迹可循，可各维度得到验证。2，诺泰的产能建设，相比同行，确实处于“时间领先”的状态。去对比对比就知道了。3，多肽药是一个很宽广的医药领域，应用领域不仅仅是减肥药，各大药厂确实都在往这个方向发展建设产能。这个赛道还很长很广。4，具体到“司美格鲁肽专利到期-产能过剩”这个点。国内药企“有资格生产司美格鲁肽原料药”的只有8家。在国家药监局备案的11条记录，只有8家企业。另外7家相比诺泰的产能如何？可以用“时间落后，产能落后”来形容。专利到期，原研药价格下跌，仿制药井喷，利好谁？产能过剩是人云亦云的有毒信息。5，为什么诺泰跌跌不休？资本的贪婪与狡诈不可捉摸。既然看准了，就不急不躁。,3,29,0,29758,SH688076,ST诺泰,雪球,https://xueqiu.com/1256278825/381957689,0,5,2026-07-08 16:23:23
381967180,1968252884,策略策略,2026-03-31 05:03:30,,$ST诺泰(SH688076)$ n诺泰生物。基于2025年7月数据。,3,13,0,17552,SH688076,ST诺泰,雪球,https://xueqiu.com/1968252884/381967180,0,2,2026-07-08 16:23:23
381973526,3829287150,李达A股投机,2026-03-31 05:34:28,,$ST诺泰(SH688076)$v每天涨个1% 2%就好了，哪怕0.5%也verygood,0,4,0,11519,SH688076,ST诺泰,Android,https://xueqiu.com/3829287150/381973526,0,0,2026-07-08 16:23:23
382041059,1968252884,策略策略,2026-03-31 11:22:41,,$ST诺泰(SH688076)$ 另外一个诺泰生物厂区。2025年数据。,0,7,0,14236,SH688076,ST诺泰,雪球,https://xueqiu.com/1968252884/382041059,0,0,2026-07-08 16:23:23
382114975,9686437421,飞翔0018,2026-04-01 01:24:25,,官方新闻原文（连云港开发区 2026-03-12）标题：连云港市开发区：抢！快！拼！全区重点项目“马”力全开正文（节选） ：进入马年以来，市开发区马力全开，全力以赴拼经济、抢开局，冲刺新春“开门红”。重点项目“满弦”开工，产业动能“全速”奔涌。诺泰长链多肽药物规模化生产项目原料入库，设备启动。该项目总投资10亿元，占地53亩，总建筑面积3.2万平方米，聚焦生物医药前沿领域，目前已正式进入试生产阶段。待产能全面释放，这里将成为我区生物医药版图上又一重要支点，以创新之力撬动产业未来。发布时间：2026年3月12日来源：中国连云港网（连云港开发区官方）链接：网页链接补充说明- 该项目对应车间：607、608车间（2024年11月获批建设工程规划许可证）- 产品：司美格鲁肽、替尔泊肽等长链多肽原料药- 产能：吨级规模化产能,1,5,0,16810,SH688076,ST诺泰,Android,https://xueqiu.com/9686437421/382114975,0,0,2026-07-08 16:23:23
382124247,1968252884,策略策略,2026-04-01 01:48:50,,$ST诺泰(SH688076)$ 伙计 可以啊。诺泰生物。这个试生产啊。,0,2,0,13433,SH688076,ST诺泰,雪球,https://xueqiu.com/1968252884/382124247,0,0,2026-07-08 16:23:23
382126698,9677662435,猎庄者小号,2026-04-01 01:54:56,,$ST诺泰(SH688076)$ 跌的时候毫不费力，涨一点是触犯天条了么,0,2,0,12856,SH688076,ST诺泰,雪球,https://xueqiu.com/9677662435/382126698,0,0,2026-07-08 16:23:23
382137422,3829287150,李达A股投机,2026-04-01 02:22:16,,$ST诺泰(SH688076)$ 这股居然被我抄到底，不可思议,0,6,0,12915,SH688076,ST诺泰,Android,https://xueqiu.com/3829287150/382137422,0,0,2026-07-08 16:23:23
382141238,4957917617,四不先生深圳,2026-04-01 02:33:20,,在美诺华这一从独特赛道杀岀来的减重保健食品冲击下，偶持有甚长时间的盈利30%不走被套20%的诺泰生物，这一次不知道触底没有…… 长坡厚雪的减肥减重药，不知道会否也经历一种现象，打败你的不是你的同行……,7,8,0,91468,SH688076,ST诺泰,iPhone,https://xueqiu.com/4957917617/382141238,0,1,2026-07-08 16:23:23
382142896,7457273656,大地飞鹰23,2026-04-01 02:38:04,,$ST诺泰(SH688076)$ 29.29元，28.18元，难道底部也需要吉利数字吗？,0,1,0,11761,SH688076,ST诺泰,雪球,https://xueqiu.com/7457273656/382142896,0,0,2026-07-08 16:23:23
382144899,2078483125,小散-1988,2026-04-01 02:43:52,,$ST诺泰(SH688076)$ 跌多了就是利好！,1,4,0,17398,SH688076,ST诺泰,iPhone,https://xueqiu.com/2078483125/382144899,0,0,2026-07-08 16:23:23
382198504,1968252884,策略策略,2026-04-01 06:55:56,,$ST诺泰(SH688076)$ 关于司美格鲁肽和替尔泊肽相关上游公司对比分析。诺泰生物。,0,4,0,11957,SH688076,ST诺泰,Android,https://xueqiu.com/1968252884/382198504,0,0,2026-07-08 16:23:23
382201192,3263546483,赚钱需要耐心点,2026-04-01 07:07:02,,$ST诺泰(SH688076)$ 出个一季报预增的公告吧,0,3,0,13289,SH688076,ST诺泰,iPhone,https://xueqiu.com/3263546483/382201192,0,0,2026-07-08 16:23:23
382209016,7998728879,千亿诺泰,2026-04-01 07:42:09,,$ST诺泰(SH688076)$ 是真的反转还是故技重施？量能还没有3/3那天高…,1,5,0,19196,SH688076,ST诺泰,iPhone,https://xueqiu.com/7998728879/382209016,0,0,2026-07-08 16:23:23
382289112,3263546483,赚钱需要耐心点,2026-04-01 22:50:25,,$ST诺泰(SH688076)$ 风口来了主力你跟不跟？还是准备到年底摘帽再启动吗？,0,3,0,11086,SH688076,ST诺泰,iPhone,https://xueqiu.com/3263546483/382289112,0,0,2026-07-08 16:23:23
382307372,6918103439,别跌了行不,2026-04-02 01:39:51,,$ST诺泰(SH688076)$ 出货了，明天再卖都来不及了,1,2,0,14233,SH688076,ST诺泰,Android,https://xueqiu.com/6918103439/382307372,0,0,2026-07-08 16:23:23
382313630,9677662435,猎庄者小号,2026-04-02 01:55:47,,$ST诺泰(SH688076)$ 看看隔壁圣诺 你就是yituoshi,0,3,0,14420,SH688076,ST诺泰,雪球,https://xueqiu.com/9677662435/382313630,0,0,2026-07-08 16:23:23
382331119,3263546483,赚钱需要耐心点,2026-04-02 02:43:52,,$ST诺泰(SH688076)$ 美诺华都分歧转一致啦，你加油吧,0,1,0,13219,SH688076,ST诺泰,iPhone,https://xueqiu.com/3263546483/382331119,0,0,2026-07-08 16:23:23
382333545,7405196234,雲在清天水在瓶,2026-04-02 02:51:04,,$立高食品(SZ300973)$ 看立高食品的，想今年挽回的，强烈建议来诺泰生物，一是同样的估值，二是两倍的毛利率，三是十倍的增速。选哪个自己辨别,0,1,0,31604,SH688076,ST诺泰,iPhone,https://xueqiu.com/7405196234/382333545,0,0,2026-07-08 16:23:21
382334236,2385683132,最大圆上的一个点,2026-04-02 02:53:16,,$ST诺泰(SH688076)$ 终于有公募的兄弟来了。,0,9,0,16680,SH688076,ST诺泰,Android,https://xueqiu.com/2385683132/382334236,0,1,2026-07-08 16:23:21
382334949,1968252884,策略策略,2026-04-02 02:55:35,,$ST诺泰(SH688076)$ 庄家操盘思路是错的。 总以为 要甩掉人。 目光太短浅了。 眼光放长。,14,6,0,22313,SH688076,ST诺泰,Android,https://xueqiu.com/1968252884/382334949,0,0,2026-07-08 16:23:21
382508756,9677662435,猎庄者小号,2026-04-03 02:11:04,,$ST诺泰(SH688076)$ 有趣 只能再加一笔,0,4,0,12244,SH688076,ST诺泰,雪球,https://xueqiu.com/9677662435/382508756,0,0,2026-07-08 16:23:21
382509053,6918103439,别跌了行不,2026-04-03 02:11:48,,$ST诺泰(SH688076)$ 业绩上绝对有大利空，需要一个清明假期消化，工作日发出来第二天直接会闪崩,1,5,0,14061,SH688076,ST诺泰,Android,https://xueqiu.com/6918103439/382509053,0,0,2026-07-08 16:23:21
382523447,6998822874,冯斯特洛夫斯基,2026-04-03 02:54:45,,$ST诺泰(SH688076)$ 卖了优利德补了诺泰，这感觉太酸爽,4,4,0,12357,SH688076,ST诺泰,Android,https://xueqiu.com/6998822874/382523447,0,0,2026-07-08 16:23:21
382563960,6998822874,冯斯特洛夫斯基,2026-04-03 06:19:49,,$ST诺泰(SH688076)$ 这么砸，人气都砸没了，里面的资金太垃圾。,0,4,0,10769,SH688076,ST诺泰,Android,https://xueqiu.com/6998822874/382563960,0,0,2026-07-08 16:23:21
382566262,3829287150,李达A股投机,2026-04-03 06:30:22,,$ST诺泰(SH688076)$ 赚钱难，难以上青天,0,7,0,14377,SH688076,ST诺泰,Android,https://xueqiu.com/3829287150/382566262,0,0,2026-07-08 16:23:21
382620247,1590394180,喜欢ST股,2026-04-03 13:08:51,,$ST诺泰(SH688076)$ 这半年最失败的操作，莫过于买入诺泰和绝味。当时的想法很简单：看到ST华通走出一波强势行情，便以为从中撤出的资金会转而青睐诺泰这类业绩优良的标的；再加上雪球上几位股友一番头头是道的分析，我便义无反顾地踏上了漫漫被套之路。其实，做ST股票的投资者都清楚，这一策略的核心在于博弈超跌反弹与困境反转。或许是去年牛市带来的错觉——似乎买什么都能赚钱，让我渐渐偏离了最初的操作原则。往后还是应当回归稳健。那些市值偏大、股价偏高、跌幅极为有限的ST品种，最好敬而远之。此类标的不仅难以带来收益，反而会消耗大量时间，而时间，恰恰是炒股过程中最为昂贵的成本。,6,10,0,24605,SH688076,ST诺泰,Android,https://xueqiu.com/1590394180/382620247,0,3,2026-07-08 16:23:21
382623596,1411175212,逻辑派投资,2026-04-03 13:49:07,,$ST诺泰(SH688076)$ 哪些喊千亿市值的人还在吗？我一直在等极限买点！,3,6,0,15129,SH688076,ST诺泰,iPhone,https://xueqiu.com/1411175212/382623596,0,0,2026-07-08 16:23:21
382666533,5359544609,怒剑穿云,2026-04-04 09:37:29,,$ST诺泰(SH688076)$ 市场没有发现诺泰已经业绩反转了。市场也没有发现马上减肥药会成为消费的新赛道，远比前几年要火热。,9,8,0,22673,SH688076,ST诺泰,雪球,https://xueqiu.com/5359544609/382666533,0,0,2026-07-08 16:23:21
382677014,1256278825,值得ing,2026-04-04 13:41:29,,$ST诺泰(SH688076)$ 核了出口数据，所见略同。但是，管理层的倾向性动机，至关重要。 记住：管理层的倾向性动机才是股价波动最大驱动因素，没有之一。实控人/管理层才是最内核的庄。 无论是华明装备还是诺泰，还是别的公司。,4,6,0,14243,SH688076,ST诺泰,iPhone,https://xueqiu.com/1256278825/382677014,0,0,2026-07-08 16:23:21
382685918,1836681218,琴山涧5686,2026-04-04 22:52:20,,光通信领域，1年10倍的出过好几只了，下一个空间这么猛速度这么快的领域，我猜应该是减肥药赛道，其中多肽API相关上市公司相当于光通信里的“易中天”、“长飞光纤（长芯博创）”。$ST诺泰(SH688076)$ $昊帆生物(SZ301393)$ $信达生物(01801)$,2,10,0,32068,SH688076,ST诺泰,Android,https://xueqiu.com/1836681218/382685918,0,0,2026-07-08 16:23:21
382734162,7954339223,节俭的金融小蚂蚁,2026-04-06 03:02:29,,$ST诺泰(SH688076)$ 我查豆包，3月20日之后，多肽api的出口增长翻倍，一个月200kg+；诺泰份额最大，40-50%，印度市场80%。,2,2,0,9625,SH688076,ST诺泰,雪球,https://xueqiu.com/7954339223/382734162,0,1,2026-07-08 16:23:21
382743080,3263546483,赚钱需要耐心点,2026-04-06 06:48:10,,$ST诺泰(SH688076)$ 一月二月多肽的出口数据,7,8,0,12541,SH688076,ST诺泰,iPhone,https://xueqiu.com/3263546483/382743080,0,0,2026-07-08 16:23:21
382750712,1836681218,琴山涧5686,2026-04-06 09:28:20,,查了海关多肽出口数据，不太确定公司的出口到底算江苏还是浙江的（还是2边都有）？要是算浙江，那2026年前2月增长速度吓人呀！3月的数据4月20日可查。$ST诺泰(SH688076)$,13,18,0,28381,SH688076,ST诺泰,雪球,https://xueqiu.com/1836681218/382750712,0,1,2026-07-08 16:23:21
382761226,1836681218,琴山涧5686,2026-04-06 13:10:14,江苏和浙江多肽API出口商,"一、江苏江苏省多肽原料药出口产能主要集中在连云港、常州、苏州、南京四大区域，其中连云港是GLP-1类重磅多肽原料药的出口核心区，常州、苏州聚焦多肽CDMO与特色药物肽出口。江苏省多肽原料药出口的核心增量来自GLP-1类减重降糖多肽（司美格鲁肽、替尔泊肽等），其次为抗肿瘤、辅助生殖、免疫调节、消化道疾病类多肽，出口市场以欧盟、美国等规范市场为主。苏州昊帆生物主营多肽合成试剂，并非多肽原料药（API）生产出口，因此不纳入本名单；博瑞医药虽位于苏州，但其多肽管线的原料药核心供应来自外部合作方，暂未形成规模化多肽原料药自主出口。以下均为注册地/生产主体、出口报关主体在江苏省内，具备FDA、CEP、欧盟出口GMP证明等国际合规资质，以多肽原料药（API）商业化出口为核心业务的厂商，按出口规模与行业地位排序。1、江苏诺泰澳赛诺生物制药股份有限公司属地：江苏省连云港市（注册地、核心生产基地、出口报关主体均位于此）出口资质与市场：连云港工厂连续多次通过美国FDA现场检查，拥有数十个多肽原料药的FDA DMF备案、CEP证书，核心品种均取得江苏省药监局签发的《出口欧盟原料药证明文件》 ，产品出口覆盖欧美、南美、印度、东南亚等全球主流市场，是江苏省多肽原料药出口的绝对主力，也是国内GLP-1类多肽原料药出海的标杆企业。核心出口品种：替尔泊肽（全球首家FDA DMF备案）、司美格鲁肽、利拉鲁肽、醋酸西曲瑞克、依替巴肽、醋酸亮丙瑞林等，核心聚焦减重降糖赛道，同时覆盖辅助生殖、抗凝血、抗肿瘤等领域。2、常州吉恩药业有限公司属地：江苏省常州市新北区出口资质与市场：国家专精特新“小巨人”企业，建有江苏省多肽类及其衍生物医药原料药工程技术研究中心 ，生产线符合USP、EP国际标准，拥有完善的国际合规与质量体系，产品出口覆盖欧美、日韩、东南亚等全球30+国家和地区，是江苏本土老牌多肽出口主力。核心出口品种：亮丙瑞林、戈舍瑞林、奥曲肽、生长抑素、特利加压素等药物肽原料药，同时布局美容肽原料药的规模化出口，覆盖抗肿瘤、消化道疾病、内分泌等赛道。3、合全药业（常州基地，药明康德全资子公司）属地：江苏省常州市出口资质与市场：生产基地多次通过美国FDA、中国NMPA、日本PMDA等全球主流监管机构GMP审计，具备全流程国际化合规能力，产品100%出口欧美规范市场，是江苏多肽原料药定制化出口的核心厂商。核心出口业务：聚焦多肽原料药CDMO/CMO服务，为全球创新药企提供从临床前到商业化阶段的多肽原料药工艺开发、规模化生产与全球注册支持，覆盖复杂长链多肽、修饰多肽等高壁垒品种。依托药明康德全球客户网络，具备多肽+寡核苷酸+化学偶联药物的一体化开发能力，是全球创新药多肽供应链的核心合作方。4、苏州天马医药集团天吉生物制药有限公司属地：江苏省苏州市出口资质与市场：通过国家GMP认证，拥有完整的多肽原料药出口资质，产品符合国际药典标准，出口覆盖欧美、东南亚、中东等市场，是国内较早布局多肽原料药出海的企业之一。核心出口品种：胸腺法新、生长抑素、奥曲肽、特利加压素等多肽原料药，重点布局免疫调节、消化道疾病领域。5、江苏威凯尔医药科技有限公司属地：江苏省南京市江北新区出口资质与市场：建有符合欧美cGMP标准的多肽原料药生产线，具备出口欧盟、美国等规范市场的完整合规能力，多个核心多肽品种完成FDA DMF备案，产品出口以欧美规范市场为主。核心出口品种：代谢疾病、抗肿瘤领域的多肽原料药及高级中间体，同时提供多肽药物CDMO定制生产服务，覆盖创新肽与仿制药多肽两大板块。二、浙江浙江省多肽原料药出口的核心增量赛道为GLP-1类减重降糖多肽（司美格鲁肽、替尔泊肽等），其次为抗肿瘤、辅助生殖、胃肠道疾病类多肽，出口市场以欧盟、美国、俄罗斯、日韩等规范市场为主，核心产能集中在杭州、绍兴两大产业集群。以下均为注册地/生产主体、出口报关主体在浙江省内，具备FDA、CEP、欧盟出口证明等国际合规资质，以多肽原料药出口为核心业务的厂商，按出口规模与行业地位排序。诺泰生物总部虽位于杭州，但其多肽原料药核心产能、出口法人主体均在江苏连云港，因此不纳入浙江省出口统计口径（杭州建德基地业务为小分子药，不是多肽）。1、中肽生化有限公司属地：浙江省杭州市（总部+核心生产基地）出口资质与市场：亚洲首家连续四次通过美国FDA现场认证的多肽企业，产品出口覆盖全球50+国家和地区，核心市场为北美、欧洲、日本，是全球超1000家制药企业的多肽原料药核心供应商，具备完整的DMF申报与ANDA支持能力，是浙江多肽出口的老牌龙头企业。核心出口品种：醋酸戈舍瑞林、利那洛肽、双羟萘酸曲普瑞林、醋酸西曲瑞克、醋酸亮丙瑞林、醋酸曲普瑞林、醋酸艾塞那肽等，覆盖抗肿瘤、辅助生殖、代谢疾病、胃肠道疾病等赛道 。多肽+寡核苷酸双赛道CRDMO全链条能力，从临床前研发到商业化规模化生产全周期覆盖，国际化合规体系成熟。2、浙江湃肽生物股份有限公司属地：浙江省绍兴市（总部+GMP生产基地）出口资质与市场：国家级专精特新“小巨人”企业，多肽原料药/高级中间体出口覆盖美国、俄罗斯、欧盟、巴基斯坦、韩国等全球主流市场，多款核心产品完成美国、欧盟、俄罗斯等多国监管机构注册备案，质量符合EP、USP国际标准。核心出口品种：司美格鲁肽、替尔泊肽、亮丙瑞林、利拉鲁肽、利那洛肽等60+多肽原料药，核心聚焦GLP-1减重降糖赛道，是国内该领域出口的核心主力之一。国内固相多肽合成技术龙头，具备克级研发样品至吨级商业化供应的全规模产能，长链多肽规模化生产技术行业领先，是浙江本土多肽原料药出口的标杆企业。3、杭州信海医药科技有限公司（生产主体：浙江肽昇生物医药有限公司）属地：总部杭州市钱塘区，核心GMP生产基地位于浙江省绍兴市滨海新区出口资质与市场：已获得浙江省药监局签发的《出口欧盟原料药证明文件》，司美格鲁肽、替尔泊肽、利那洛肽等多个核心品种完成美国FDA DMF备案，产品出口欧盟、美国等全球主流规范市场。核心出口品种：司美格鲁肽、替尔泊肽、利那洛肽、瑞塔鲁肽等20余个重磅多肽原料药品种，核心聚焦GLP-1双靶点/单靶点赛道。4、杭州华缔集团有限公司属地：浙江省杭州市，生产基地布局杭州、湖州出口资质与市场：建有符合GMP标准的多肽原料药出口专用生产线，产品出口覆盖东南亚、欧美等市场，具备天然提取多肽与化学合成多肽双赛道生产出口能力。核心出口品种：生化提取多肽原料药、小分子合成多肽原料药、创新肽类中间体，同时布局新生抗原肽等创新肽类药物的研发与国际化申报。5、浙江奥锐特药业股份有限公司属地：浙江省台州市出口资质与市场：通过美国FDA、欧盟CEP等多项国际认证，产品90%以上出口海外，核心市场为欧美规范市场，近年重点布局多肽原料药赛道，逐步实现商业化出口。核心出口品种：重点布局GLP-1类多肽原料药及高级中间体，同步推进多肽创新药CDMO业务的国际化拓展。另外，查询了2025年全年和2026年1-2月多肽原料药出口数据：网址：网页链接江苏2025Q1重量：3585kg江苏2025Q1金额：387,458,833元江苏综合单价Q1：108,077元/kg浙江2025Q1重量：2045kg浙江2025Q1金额：216,326,414元浙江综合单价Q1：105,783元/kg江苏2025Q2重量：2232kg 江苏2025Q2金额：273,484,258元江苏综合单价Q2：122,528元/kg浙江2025Q2重量：2390kg浙江2025Q2金额：165,969,574元浙江综合单价Q2：69,443元/kg江苏2025Q3重量：2232kg 江苏2025Q3金额：319,450,000元江苏综合单价Q3：143,122元/kg浙江2025Q3重量：2391kg浙江2025Q3金额：135,369,780元浙江综合单价Q3：56,616元/kg江苏2025Q4重量：2231kg 江苏2025Q4金额：380,408,349元江苏综合单价Q4：170,510元/kg浙江2025Q4重量：2856kg浙江2025Q4金额：287,643,693元浙江综合单价Q4：100,715元/kg江苏2026前2月重量：984kg 江苏2026前2月金额：343,481,761元江苏综合单价前2月：349,066元/kg浙江2026前2月重量：6344kg浙江2026前2月金额：297,837,328元浙江综合单价前2月：46,947元/kg四川2026前2月重量：71+18=89kg四川2026前2月金额：56049610+15218829=元四川综合单价前2月：800,768元/kg湖北2026前2月重量：615+7=722kg湖北2026前2月金额：8813831+ 6222687= 15,036,518元湖北综合单价前2月：20,826元/kg",21,9,0,46397,SH688076,ST诺泰,雪球,https://xueqiu.com/1836681218/382761226,0,5,2026-07-08 16:23:21
382786161,7405196234,雲在清天水在瓶,2026-04-07 00:50:28,,$ST诺泰(SH688076)$ 现在跌的越猛，未来涨幅越大！,1,7,0,14595,SH688076,ST诺泰,iPhone,https://xueqiu.com/7405196234/382786161,0,0,2026-07-08 16:23:21
382833050,6151700684,_菜鸡,2026-04-07 05:07:49,,$ST诺泰(SH688076)$ 每月初拉涨一天，然后整个月拉一个月,3,3,0,9072,SH688076,ST诺泰,Android,https://xueqiu.com/6151700684/382833050,0,0,2026-07-08 16:23:21
382836298,1535211651,咘咘卡,2026-04-07 05:27:50,,$ST诺泰(SH688076)$ 下跌的第九个月，连跌12个月到20吧,0,6,0,9028,SH688076,ST诺泰,雪球,https://xueqiu.com/1535211651/382836298,0,0,2026-07-08 16:23:21
382881943,1968252884,策略策略,2026-04-07 10:56:33,,$ST诺泰(SH688076)$ 差不多了，该发一些消息了，诺泰生物，比如，比如。,6,7,0,12309,SH688076,ST诺泰,Android,https://xueqiu.com/1968252884/382881943,0,0,2026-07-08 16:23:19
382882525,0,ST诺泰(SH688076),2026-04-07 11:03:00,,ST诺泰：2026年第一季度业绩预告的自愿性披露公告 网页链接,20,13,0,19868,SH688076,ST诺泰,公告,https://xueqiu.com/S/SH688076/382882525,0,2,2026-07-08 16:23:19
382883222,8296981195,2528658popo,2026-04-07 11:10:18,,ST诺泰（688076）2026年一季报预告｜核心点评（速览版）一句话结论：业绩符合预期，利空落地，利空出尽，Q2是关键拐点。1. 业绩数据（官方）- 归母净利：1.2~1.4亿（同比 -8.27% ~ -21.37%）- 扣非净利：1.2~1.4亿（同比 -7.65% ~ -20.84%）- 主因：GLP‑1原料药价格战，毛利率下滑2. 深度解读（3点关键）1. 价格战见底，利空兑现司美格鲁肽原料药价格从去年高位回落，Q1是价格底部，已无继续大跌空间。公司印度、巴西资质齐全，海外订单将在Q2起放量，量增将对冲价跌 。2. 业绩韧性极强，并非暴雷去年Q1基数极高（+130%），今年仍能稳住1.2亿+净利，主业多肽CDMO稳健。对比去年Q4亏损，Q1已明显修复，现金流健康。3. 摘帽倒计时（最大利好）行政处罚满12个月（2026年7月），摘帽确定性高。一季报落地后，机构回流+估值修复将成为主线。3. 后市判断（操作建议）- 短期（1个月）：利空出尽，股价止跌企稳，震荡筑底。- 中期（Q2）：重点看海外订单放量+毛利率回升，业绩有望重回增长。- 长期（7月后）：摘帽+GLP‑1专利到期红利，估值修复空间大。一句话操作： 现在是底部区间，可逢低布局，等待Q2业绩拐点与7月摘帽行情。豆包评价的,2,5,0,16608,SH688076,ST诺泰,Android,https://xueqiu.com/8296981195/382883222,0,1,2026-07-08 16:23:19
382886515,7746262776,超级大飞侠,2026-04-07 11:41:25,,$ST诺泰(SH688076)$ 去年抢出口，1.5亿，今年没抢出口利润只少了1000-3000万，总体向好的，股价已经腰斩。总结，针对目前的股价，这个业绩预告很优秀。,0,13,0,14034,SH688076,ST诺泰,Android,https://xueqiu.com/7746262776/382886515,0,0,2026-07-08 16:23:19
382887596,6469196520,豁达的打新小清泉,2026-04-07 11:52:29,,$ST诺泰(SH688076)$ 爆雷了，一点也不意外。,3,6,0,14221,SH688076,ST诺泰,Android,https://xueqiu.com/6469196520/382887596,0,0,2026-07-08 16:23:19
382899602,7544017627,黄枫谷炼丹小道,2026-04-07 13:38:41,,$ST诺泰(SH688076)$ 幸好四十走了，要不然就死翘翘了。说白了，还是要努力搞懂行业才行,3,6,0,14806,SH688076,ST诺泰,iPhone,https://xueqiu.com/7544017627/382899602,0,0,2026-07-08 16:23:19
382905993,6238104856,土狗最后的疯狂,2026-04-07 14:30:45,,$ST诺泰(SH688076)$ 多日不见，惨不忍睹，， 多亏40跑了，,0,3,0,29401,SH688076,ST诺泰,iPhone,https://xueqiu.com/6238104856/382905993,0,0,2026-07-08 16:23:19
382919480,3263546483,赚钱需要耐心点,2026-04-07 21:06:16,,$ST诺泰(SH688076)$ 一季度干了圣诺一年的利润，后续产能放量，业绩也不会太难看,0,8,0,14351,SH688076,ST诺泰,iPhone,https://xueqiu.com/3263546483/382919480,0,0,2026-07-08 16:23:19
382936880,4767171774,莫凡wcg,2026-04-08 01:18:46,,$ST诺泰(SH688076)$ 这是还好奔着跌去吗,0,1,0,12725,SH688076,ST诺泰,iPhone,https://xueqiu.com/4767171774/382936880,0,0,2026-07-08 16:23:19
382937334,4982976570,伯曼,2026-04-08 01:20:35,,$ST诺泰(SH688076)$ 这业绩不是还行吗，竟然不涨？,0,2,0,17961,SH688076,ST诺泰,Android,https://xueqiu.com/4982976570/382937334,0,0,2026-07-08 16:23:19
382938712,4408723573,无局,2026-04-08 01:26:27,,$ST诺泰(SH688076)$ 看走势以为只有一两千万呢，量价双降？至少大大超出我的预期。看好后续放量,2,6,0,20250,SH688076,ST诺泰,雪球,https://xueqiu.com/4408723573/382938712,0,0,2026-07-08 16:23:19
382972450,8491286481,聚焦质变,2026-04-08 03:10:31,,$ST诺泰(SH688076)$ 一季度业绩落地，今天很好的建仓机会。如果近期能把摘帽股放行，后排、低位、业绩落地，应该会有资金来抬轿的。,5,6,1,22773,SH688076,ST诺泰,Android,https://xueqiu.com/8491286481/382972450,0,0,2026-07-08 16:23:19
382979239,4982976570,伯曼,2026-04-08 03:41:05,,$ST诺泰(SH688076)$ 我就说嘛，怎么会没点表现。,0,4,0,22496,SH688076,ST诺泰,Android,https://xueqiu.com/4982976570/382979239,0,0,2026-07-08 16:23:19
382991623,9497392580,马廷不是汉廷,2026-04-08 05:04:19,,$ST诺泰(SH688076)$ 这个原材料门槛有这么低吗？汽车零部件的门槛低我知道，可要是能给特斯拉供货，那就意味着给所有车企供货都不存在技术门槛了。在医药行业，原材料门槛这么低？专利过期，大家都要模仿国外的减肥药，照理说那原材料就应该找这家啊？我难以理解。,1,6,0,26961,SH688076,ST诺泰,Android,https://xueqiu.com/9497392580/382991623,0,0,2026-07-08 16:23:19
383006141,1968252884,策略策略,2026-04-08 06:08:18,,$ST诺泰(SH688076)$ 好吓人啊，毛利率下跌了，没劲，既然如此，何必出个预告呢。所有，持有到2027年的，朋友们，答个到。有没有计算过，毛利率跌了多少。有没有想过，时间久了，黄浦江又空了。这里可是没有杠杆的。,23,11,0,38784,SH688076,ST诺泰,Android,https://xueqiu.com/1968252884/383006141,0,1,2026-07-08 16:23:19
383024560,2984793256,潢川新安,2026-04-08 07:29:43,,$ST诺泰(SH688076)$ 总算站上30了，不过无所谓，庄家控庄了，等着好了,1,2,0,21034,SH688076,ST诺泰,Android,https://xueqiu.com/2984793256/383024560,0,0,2026-07-08 16:23:19
383134930,1568367252,强烈谴责,2026-04-09 02:32:34,,$ST诺泰(SH688076)$ 你奶奶个腿我刚买几分钟就砸绿,5,5,0,26234,SH688076,ST诺泰,iPhone,https://xueqiu.com/1568367252/383134930,0,0,2026-07-08 16:23:19
383169991,9677662435,猎庄者小号,2026-04-09 05:46:24,,$ST诺泰(SH688076)$ 真的无人问津了，思考要不要再买一些然后半年后见,3,4,0,29441,SH688076,ST诺泰,雪球,https://xueqiu.com/9677662435/383169991,0,0,2026-07-08 16:23:19
383321780,4202117770,短中长线卧倒选手,2026-04-10 03:00:53,,$ST诺泰(SH688076)$ 你终于意识到了今年你还跌20个点是一件极其不合理的事儿了吗,0,8,0,25620,SH688076,ST诺泰,iPad,https://xueqiu.com/4202117770/383321780,0,0,2026-07-08 16:23:17
383324125,7063214195,小妲己的概率游戏,2026-04-10 03:09:12,,$ST诺泰(SH688076)$ 一会没看盘，怎么四个点了哇~,3,18,0,55373,SH688076,ST诺泰,雪球,https://xueqiu.com/7063214195/383324125,0,0,2026-07-08 16:23:17
383345546,1968252884,策略策略,2026-04-10 05:14:43,,$ST诺泰(SH688076)$ 散户朋友们，不必着急，后面的金主会着急的，金主还亏着呢，春天了，去江边跑跑步也是合理的。诺泰生物，未来第四家。网页链接,3,4,0,31902,SH688076,ST诺泰,Android,https://xueqiu.com/1968252884/383345546,0,0,2026-07-08 16:23:17
383383922,2692131377,樊济民红利低波动,2026-04-10 08:09:13,,$ST诺泰(SH688076)$ 说到底，没有一个人知道一季度毛利率下跌的原因!我也不知道。,18,2,0,33885,SH688076,ST诺泰,Android,https://xueqiu.com/2692131377/383383922,0,1,2026-07-08 16:23:17
383389242,8491286481,聚焦质变,2026-04-10 08:42:35,,$ST板块(BK0400)$ 周末能不能放几个摘帽啊，底部已探明，业绩最好的假ST亟需增量资金插入。$ST诺泰(SH688076)$ //@劉梓暉: $ST诺泰(SH688076)$ 一季度业绩落地，今天很好的建仓机会。如果近期能把摘帽股放行，后排、低位、业绩落地，应该会有资金来抬轿的。,2,4,0,28740,SH688076,ST诺泰,Android,https://xueqiu.com/8491286481/383389242,0,0,2026-07-08 16:23:17
383450954,6696672171,静水流深v,2026-04-10 23:11:56,,四月寻好ST诺泰，一季报业绩优良，年底摘帽，八个月调整，…$ST诺泰(SH688076)$,0,7,0,30818,SH688076,ST诺泰,Android,https://xueqiu.com/6696672171/383450954,0,0,2026-07-08 16:23:17
383500987,8557229099,空仓取现养家,2026-04-11 14:46:30,,$ST诺泰(SH688076)$ 爆量了，至暗时刻已经过去，迎接翻倍,0,10,0,29185,SH688076,ST诺泰,iPhone,https://xueqiu.com/8557229099/383500987,0,0,2026-07-08 16:23:17
383585581,1568367252,强烈谴责,2026-04-13 01:53:03,,$ST诺泰(SH688076)$ 这才哪到哪 翻倍都不过分,0,5,0,22088,SH688076,ST诺泰,iPhone,https://xueqiu.com/1568367252/383585581,0,0,2026-07-08 16:23:17
383865164,9166361019,越来越好运er,2026-04-14 12:07:34,,$ST诺泰(SH688076)$ 诺泰生物是国内唯一以2.2类改良新药同步申报司美格鲁肽降糖+减重适应症的企业，有望独享减重赛道4年政策壁垒，占据2.2类减重先发独家优势。;走势好牛👍,11,4,0,16539,SH688076,ST诺泰,iPhone,https://xueqiu.com/9166361019/383865164,0,2,2026-07-08 16:23:17
383883992,7746262776,超级大飞侠,2026-04-14 14:11:53,,诺泰生物的核心真实优势：2.2类化学改良路径下，国内唯一同步申报司美格鲁肽降糖+减重双适应症的企业，注射剂进度领先、口服剂型具备差异化潜力，享有改良新药的政策保护窗口期；而“国内唯一、独享赛道4年壁垒、减重先发独家”均为资本市场夸大表述，未考虑3.3类竞品进度、赛道整体竞争格局及政策保护的边界。,6,4,0,14604,SH688076,ST诺泰,Android,https://xueqiu.com/7746262776/383883992,0,0,2026-07-08 16:23:17
383932813,9677662435,猎庄者小号,2026-04-15 01:50:20,,$ST诺泰(SH688076)$ 什么时候扬眉吐气一把啊,0,3,0,16253,SH688076,ST诺泰,雪球,https://xueqiu.com/9677662435/383932813,0,0,2026-07-08 16:23:17
383986830,9166361019,越来越好运er,2026-04-15 05:44:48,,$ST诺泰(SH688076)$ 这股应该改名了吧，什么诺泰应该叫怂菜,2,5,0,11300,SH688076,ST诺泰,iPhone,https://xueqiu.com/9166361019/383986830,0,0,2026-07-08 16:23:17
384095298,3263546483,赚钱需要耐心点,2026-04-15 23:39:40,,$ST诺泰(SH688076)$ 从去年12.15董秘回复过信息后一直人间蒸发,0,2,0,11654,SH688076,ST诺泰,iPhone,https://xueqiu.com/3263546483/384095298,0,0,2026-07-08 16:23:17
384097204,1499531001,郭小柚,2026-04-16 00:08:37,,$ST诺泰(SH688076)$ 这公司给散户的赔偿还没被执行呢吧,3,2,0,13277,SH688076,ST诺泰,Android,https://xueqiu.com/1499531001/384097204,0,0,2026-07-08 16:23:17
384144941,6918103439,别跌了行不,2026-04-16 03:04:48,,$ST诺泰(SH688076)$ 大资金也遭不住割肉了,0,4,0,11078,SH688076,ST诺泰,Android,https://xueqiu.com/6918103439/384144941,0,0,2026-07-08 16:23:17
384145876,1605946057,江月楼,2026-04-16 03:07:50,,$ST京机(SZ000821)$ ，太空光伏的热度褪去，我们回过头来看公司，股价从16.59跌到了10.8，差不多跌去了35%，基本面发生变化了吗？并没有。但越来越接近年报披露日，一些信息可以结合起来看了。1、公司是2026年1月17日收到的《行政处罚处理事先告知书》，它这是收购资产的历史问题，像$ST诺泰(SH688076)$ 那样去申辩没有任何意义，到现在已经3个月了，算时间的话，正式的处罚通知书随时都可以下来了，届时才可以去算摘帽时间，对股价也有短期触动效应。2、结合公司的3季报和年度业绩预告来看，3季报披露的净利润为3亿元，而业绩预告披露的为1.9-2.35亿元。4季度单季度亏损1亿左右，从扣非的数据看，3季度为2.1亿元，业绩预告1-1.45亿元，4季度单季度亏小1个亿。我们拉一下前5年的4季度的利润表，发现当季都有比较大额的信用减值损失和资产减值损失，结合今年的光伏的情况，光伏资产的商誉可能会有大幅度的计提，如果在今年年报中计提，对未来反而是好事，轻装上阵。业绩预告的说明：公司的核心业务光伏设备业务受行业周期影响业绩下滑。2025 年，公司核心主业所处的光伏行业仍面临阶段性供应过剩的压力，产业链各环节开工率普遍下行，下游市场投资意愿趋于审慎，导致公司作为光伏设备供应商的订单数量与验收进度受到较大影响。与此同时，受光伏行业整体市场环境变化等因素影响，公司依据《企业会计准则第 8 号——资产减值》及相关内部管理制度，本着谨慎性原则对部分资产进行了减值测试，并拟对相关资产计提减值准备。 届时我们看看年报的具体的数据。3、公司在1月底的投关表中提到：2025年，三大板块呈现不同发展态势：1) 光伏设备：受行业周期性下行影响，收入承压，但全球市场地位稳固（组件设备全球占有率行业领先），北美市场取得重大突破。2)锂电设备：受益于储能需求爆发，订单创历史新高，产能已排至2027年。3) 包装机械：经营稳健，海外营收占比较高，是利润的稳定贡献来源。包装机械的毛利率25-30%，整体规模在10亿左右；锂电设备的规模太小，2024年只有4个多亿，2025年哪怕翻一倍，也才8亿，毛利率15-20%，对净利润影响也会小；光伏设备才是大头，也是最不确定因素，2026年的数据好不好看，就得看它能不能顶得住，毛利率已经从22%降至17%。4、如果再炒作一轮太空光伏之类，或是设备的，公司应该有机会蹭上热点：公司在北美市场取得显著突破，已成为该市场核心设备供应商。截至当前，公司已向多个客户在北美市场成功交付光伏组件设备。竞争优势主要体现在：1) 高市场占有率：组件流水线及层压机设备在当地拥有较高市场份额；2) 本地化服务：在美国设有技术服务中心和仓库，提供快速的售后支持和备件服务；3) 客户结构多元：客户既包括在美设厂的中资企业，也包括世界500强企业及当地知名的光伏厂商。5、我们关注一下公司的回购进展，让AI进行整理（当月平均均价应该准的，当月最高价、最低价估计有问题，但公司在公告中披露了整体的最高价和最低价）：目前的股价比3月份之前的回购价格要低1块左右，我们把最高回购价格14.85元设为目标价格，则从目前的价格看有30%的空间。当然，公司4月份预计还要回购，届时回购的平均价应该会下调。6、年报和一季报是4月25日披露，届时交易软件在4月25日不会体现年报的数据，会直接披露一季报的数据，及由此算的市盈率等等。届时没有资产减值的数据影响，数据可能不会太难看。但我们要继续跟踪。 7、美以伊的战争，致使油价快速上涨，从能源安全的角度讲，新能源的崛起是必由之路。而从新能源拓展到新能源设备，也就顺理成章。从未来炒作逻辑上，似乎也能说得下去。就是不知道这一阵风什么时候吹过来，那就等风来。,9,31,0,64087,SH688076,ST诺泰,雪球,https://xueqiu.com/1605946057/384145876,0,9,2026-07-08 16:23:17
384180932,3750008898,等梅花盛开,2026-04-16 06:04:02,,$ST诺泰(SH688076)$ 研究了两三周，今天建好仓位，话说年底45个能变成100个么？O(∩_∩)O哈哈哈~ P.S.止损暂时设在26-27一线...,2,6,0,8560,SH688076,ST诺泰,雪球,https://xueqiu.com/3750008898/384180932,0,0,2026-07-08 16:23:17
384185834,3750008898,等梅花盛开,2026-04-16 06:23:14,,$ST诺泰(SH688076)$ 1. 估值，显然不贵，静态PE不到20倍，而且后续业绩下滑的可能性很小或者说几乎没有；2. 有没有主力，这个问题是不确定的；但即使有主力，那这个主力短期对于股价并没有往上做的需求；比如昨天医药大涨，但它高开一点然后一路砸下来.。3. 公司态度，前一段时间一位兄弟贴的和公司电话沟通的情况，表示公司也很无奈啊什么什么的，但希望做好业绩然后股价自然就好，大致这个意思。根据过去的经验，通常这么说的公司，其实没什么短期运作计划，或者甚至是在故意压股价。那为什么要买？其实很简单，这是一个已经ST，立案检查过，又估值便宜的股票而已。至于主力的想法或者公司的态度，那个太博弈了，无法把握，也可以忽略。那为什么选择现在买，股价刚刚连续多日站上20日线，而且一季报和年报即将披露。对于一个暴跌过、ST过、立案检查过的品种来说，这种披露如果有利好那当然是利好，如果是利空，那也是叫利空出尽。总之，欢迎大家加入诺泰！,2,11,0,16546,SH688076,ST诺泰,雪球,https://xueqiu.com/3750008898/384185834,0,1,2026-07-08 16:23:15
384188820,3750008898,等梅花盛开,2026-04-16 06:35:09,,$ST诺泰(SH688076)$ 真正的投资机会，按照价值投资的大佬们的说法，应该不需要复杂的财务模型或对未来精准的预测，它应该像摆在桌面上的胖钱包一样明显。而在我看来，现在的诺泰恰好就是这样的机会。,2,6,0,13513,SH688076,ST诺泰,雪球,https://xueqiu.com/3750008898/384188820,0,0,2026-07-08 16:23:15
384240464,1968252884,策略策略,2026-04-16 10:57:06,,$ST诺泰(SH688076)$ 诺泰生物，明日之星。,0,4,0,12642,SH688076,ST诺泰,Android,https://xueqiu.com/1968252884/384240464,0,0,2026-07-08 16:23:15
384255788,9166361019,越来越好运er,2026-04-16 12:24:34,,$ST诺泰(SH688076)$ 老板建筑出身=底层基因缺陷家族独裁+不懂医药+漠视全球合规+财务造假+盲目扩产+库存失控=管理全面崩盘不是行业不行，是这家公司从根上就不配做全球化高端多肽药企豆包奶凶奶凶的，难道也被套了,5,12,0,17053,SH688076,ST诺泰,iPhone,https://xueqiu.com/9166361019/384255788,0,0,2026-07-08 16:23:15
384321788,4202117770,短中长线卧倒选手,2026-04-17 01:33:17,,$ST诺泰(SH688076)$ 10万股砸两个点，你这流动性真是没话说了,0,4,0,10462,SH688076,ST诺泰,iPhone,https://xueqiu.com/4202117770/384321788,0,0,2026-07-08 16:23:15
384328356,6918103439,别跌了行不,2026-04-17 01:48:32,,$ST诺泰(SH688076)$ 涨的时候板块倒一，跌的时候板块第一，不愧是第一战略:时间领先，技术领先。跌幅也是领先,1,4,0,12610,SH688076,ST诺泰,Android,https://xueqiu.com/6918103439/384328356,0,0,2026-07-08 16:23:15
384340725,3767605145,何割韭菜而不食肉糜,2026-04-17 02:17:27,,$ST诺泰(SH688076)$ 前几天回本没跑，熬不住了,0,1,0,13195,SH688076,ST诺泰,Android,https://xueqiu.com/3767605145/384340725,0,0,2026-07-08 16:23:15
384343531,3750008898,等梅花盛开,2026-04-17 02:24:33,,$ST诺泰(SH688076)$ 不断的小阴线其实是最磨人的，熬不住的人其实很多；但世间的事情往往就是如此，能否熬住这些小回调其实正是你在股市赚钱还是亏钱的一个重要区分度。--------------------如果有主力，其实它也只会磨人而已，你让它真的砸下来10个点，20个点，其实它也舍不得哈哈。,0,3,0,10524,SH688076,ST诺泰,雪球,https://xueqiu.com/3750008898/384343531,0,0,2026-07-08 16:23:15
384344403,3750008898,等梅花盛开,2026-04-17 02:26:48,,$ST诺泰(SH688076)$ 至于说各种基本面利空，其实都可以一句话回应，这破股票已经跌了快10个月...什么利空没有反应呢!,0,3,0,10351,SH688076,ST诺泰,雪球,https://xueqiu.com/3750008898/384344403,0,0,2026-07-08 16:23:15
384346663,3750008898,等梅花盛开,2026-04-17 02:32:24,,$ST诺泰(SH688076)$ 这种百日小阴线的形成，抛盘无非两个方面：1. 熬不住的散户，可能几十天加起来也没有跌20%，但是过程极端痛苦，因为无论市场如何，板块如何，它就两个走势，单边回落、冲高回落；持股者没有任何满足感；许多人会离场，这其实是最主要的抛盘；2.可能存在的主力，它由于各方面的原因希望低价拿到筹码，于是会再所有的关键位置（比如板块高开，板块集体冲高，股价运行到关键均线），弄一些大单砸出来，吸引跟风抛盘。但这两种资金都无法让股价出现暴跌的走势，连单日暴跌都做不到。,0,8,0,12915,SH688076,ST诺泰,雪球,https://xueqiu.com/3750008898/384346663,0,0,2026-07-08 16:23:15
384387195,6998822874,冯斯特洛夫斯基,2026-04-17 05:27:03,,$ST诺泰(SH688076)$ 呵呵！,7,4,0,10899,SH688076,ST诺泰,Android,https://xueqiu.com/6998822874/384387195,0,0,2026-07-08 16:23:15
384399994,3750008898,等梅花盛开,2026-04-17 06:19:13,,$ST诺泰(SH688076)$ 4月17日13点58分开始，不知道是散户的卖出或者主力的引导（也有概率是两者的合力），让本来良好的走势戛然而止；这时候大多数散户会觉得沮丧失望。但是兄弟姐妹们，这时候一定要管住手，可以不买，但不要随着心情卖出。你的决策应当客观，它毕竟只跌了不到2个点，茶杯里的风暴而已...更不要臆测后续的走势，9个月的阴线，接续月线是反转的概率远大于另外9个月的阴线,1,1,0,11725,SH688076,ST诺泰,雪球,https://xueqiu.com/3750008898/384399994,0,0,2026-07-08 16:23:15
384404378,3750008898,等梅花盛开,2026-04-17 06:36:45,,$ST诺泰(SH688076)$ 各位兄弟姐妹，大家在卖出ST诺泰之前，请考虑两个问题：—————————————————— ——————第一、它当日下跌了多少，是突然跌了5%以上么？还是整体跌幅达到您买入时预设的止损线了么？————————————————————————第二、它后续如果再跌9个月，过往A股的历史上，除了退市的，有多少只股票连续跌18个月？————————————————————————在想好以上问题后，问问自己，想卖出的冲动由何而来？是情绪驱动还是理性？,4,4,0,17111,SH688076,ST诺泰,雪球,https://xueqiu.com/3750008898/384404378,0,1,2026-07-08 16:23:15
384505782,3421015753,一眼就看見,2026-04-17 18:52:34,,回复@lyqfff2007: 诺泰生物吧 当时我有 现在臻雷我也有//@lyqfff2007:回复@grassguo:没有此股，不过我记得去年有个小分子医药股st后10天内涨了30%,9,3,0,17419,SH688076,ST诺泰,iPhone,https://xueqiu.com/3421015753/384505782,0,0,2026-07-08 16:23:15
384511903,6552305684,jgcg,2026-04-17 23:02:06,,回复@光明的投资小骑士: 看7.22被st的诺泰生物怎么走的吧//@光明的投资小骑士:回复@实在的打新小猫头鹰:如果连续跌停 如何应对,0,1,0,19213,SH688076,ST诺泰,HarmonyOS,https://xueqiu.com/6552305684/384511903,0,0,2026-07-08 16:23:15
384512601,5328710839,AA11BB77,2026-04-17 23:19:53,,ST诺泰：7月18日停牌，也是子公司的问题，但sT诺泰业绩好，7月21日探底回升后连涨5天。现在臻镭的业绩更好！净利润同比增长582%，子公司的事。下周一要像诺泰那样探底回升，连涨5天该多好啊,2,2,0,13317,SH688076,ST诺泰,Android,https://xueqiu.com/5328710839/384512601,0,0,2026-07-08 16:23:15
384512872,5328710839,AA11BB77,2026-04-17 23:26:27,,回复@自由的致富指针: 别想太便宜的价，子公司的事，sT诺泰，7月18日周五，7月21日复牌探底回升，连涨5天，臻镭业绩净利润增长582%，比诺泰强多了//@自由的致富指针:回复@股市谢教练:臻镭科技st了，大佬认为几个跌停能入,1,1,0,13363,SH688076,ST诺泰,Android,https://xueqiu.com/5328710839/384512872,0,0,2026-07-08 16:23:15
384513552,4152766526,先生之名,2026-04-17 23:41:49,,关键是St诺泰现在阴跌不止，单边下跌,2,4,0,20145,SH688076,ST诺泰,Android,https://xueqiu.com/4152766526/384513552,0,0,2026-07-08 16:23:15
384527683,6363481262,还看今朝888,2026-04-18 02:51:44,,诺泰生物被立案ST影响没有那么大，一个性质,0,4,0,14223,SH688076,ST诺泰,Android,https://xueqiu.com/6363481262/384527683,0,0,2026-07-08 16:23:15
384552862,1968252884,策略策略,2026-04-18 09:15:18,,$ST诺泰(SH688076)$ 随风潜入夜。诺泰生物低位股。,4,5,0,19929,SH688076,ST诺泰,Android,https://xueqiu.com/1968252884/384552862,0,0,2026-07-08 16:23:13
384553008,1968252884,策略策略,2026-04-18 09:17:35,,$ST诺泰(SH688076)$ $臻镭科技(SH688270)$ 其实大家也都明白，即便是统计数字出来。 最终还是要业绩说话。 水分也罢，不合规也罢，最后都要看你的合同额，你的营收，你的利润。诺泰生物，臻雷科技。,0,5,0,25987,SH688076,ST诺泰,Android,https://xueqiu.com/1968252884/384553008,0,0,2026-07-08 16:23:13
384584832,5931717245,A股小股东125,2026-04-19 00:19:22,,看看st诺泰，立案的时候负八，st时负四。,0,4,0,12806,SH688076,ST诺泰,Android,https://xueqiu.com/5931717245/384584832,0,0,2026-07-08 16:23:13
384669829,4202117770,短中长线卧倒选手,2026-04-20 01:53:33,,$ST诺泰(SH688076)$ 又怎么了，我的大小姐？,5,6,0,12463,SH688076,ST诺泰,iPhone,https://xueqiu.com/4202117770/384669829,0,0,2026-07-08 16:23:13
384756582,1256278825,值得ing,2026-04-20 08:54:25,,$ST诺泰(SH688076)$ 出口数据表现惊艳。,6,7,0,13126,SH688076,ST诺泰,雪球,https://xueqiu.com/1256278825/384756582,0,0,2026-07-08 16:23:13
384788670,3263546483,赚钱需要耐心点,2026-04-20 12:12:05,,$ST诺泰(SH688076)$ 出口45-60公斤，行业第一。能改变趋势吗？,3,3,0,10263,SH688076,ST诺泰,iPhone,https://xueqiu.com/3263546483/384788670,0,0,2026-07-08 16:23:13
384792170,1968252884,策略策略,2026-04-20 12:37:09,,$ST诺泰(SH688076)$ 要宽容点，工作过的都清楚，企业利润哪能一直突突飞起来？每年有个20%的增长都很开心了。所以宽容点，一个是就算维持现有的利润，市盈率也可以了，另外一个就是做光模块的，不可能每年都在风口上，以前很明显的例子，石大胜华，对吧？那么后面如何看待这里呢？一个是ST在冬天大概率是要摘掉的，另外一个不要苛求一口吃成胖子，公司真的很不错，诺泰生物很有前景，具备多方面的优势，有机会成为一家大型药企。对否？朋友们。,5,8,0,18804,SH688076,ST诺泰,雪球,https://xueqiu.com/1968252884/384792170,0,0,2026-07-08 16:23:13
384792292,1256278825,值得ing,2026-04-20 12:38:28,,$ST诺泰(SH688076)$要从几个维度理解出口数据。1，全口径出口金额规模，数量规模增长趋势与幅度。→判断全行业规模趋势。2，剔除单价不合理的样本下金额规模，数量规模增长趋势与幅度。→判断全行业行业规模趋势。3，江苏，浙江，上海三地的出口金额规模，数量规模增长趋势与幅度。→判断全行业行业规模趋势，判断国内多肽类头部企业出口规模趋势。4，出口对象地金额规模，数量规模增长趋势与幅度。→司美格鲁肽到期所在国家及区域出口增长趋势验证。国内多肽类头部企业出口市场份额分析。5，出口地金额规模，数量规模增长趋势与幅度。国内多肽类头部企业出口表现情况。区域性多肽企业出口表现情况。某些估值高涨的标的，实际表现真是对不起那个估值。药明康德-诺和诺德的生产是在江苏，出口是从上海出口的，出口目的地以意大利美国金额最大。上海本地多肽类生产型企业几乎没有，但是出口额与江苏齐驾并驱。江苏的出口规模一直很大，排名数一数二。江苏的增长趋势非常明显。江苏的出口对象地，印度，巴西，巴拉圭，美国占比很大，增长趋势明显。沙特2月爆发式增长，3月归零。西班牙，阿根廷，俄罗斯的出口占比增长比较明显。出口数据需要考虑的维度非常细，要把诸多因素考虑进去，剔除一些维度数据，大致方向性的推断。总得来说，这个行业在持续增长，增长趋势很明显。不用怀疑市场容量。而这个行业的竞争格局，竞争壁垒，没有市场传言的那样低。多肽的纯化门槛是很高的。,1,13,0,10880,SH688076,ST诺泰,雪球,https://xueqiu.com/1256278825/384792292,0,0,2026-07-08 16:23:13
384797259,6991900864,物胜于心,2026-04-20 13:02:35,,$ST诺泰(SH688076)$ 哦豁，国内仿制药要再推迟一年。先往印度卖是对的,7,10,0,15181,SH688076,ST诺泰,Android,https://xueqiu.com/6991900864/384797259,0,0,2026-07-08 16:23:13
384871927,3750008898,等梅花盛开,2026-04-21 02:22:36,,$ST诺泰(SH688076)$ 这几天重点看这个盘，我发现已经不止一次，有人5万手砸穿几个价位，而且他砸的时机很有意思，当股价上行的时候，有接盘的时候，一般不砸；只有当股价横盘或者萎靡向下的时候，它会嗖一下砸出来；还是那段话，各位兄弟姐妹，大家在卖出ST诺泰之前，请考虑两个问题：------------------------------------ ------------第一、它当日下跌了多少，是突然跌了5%以上么？还是整体跌幅达到您买入时预设的止损线了么？------------------------------------------------第二、它后续如果再跌9个月，过往A股的历史上，除了退市的，有多少只股票连续跌18个月？------------------------------------------------在想好以上问题后，问问自己，想卖出的冲动由何而来？是情绪驱动还是理性？,2,4,0,11147,SH688076,ST诺泰,雪球,https://xueqiu.com/3750008898/384871927,0,0,2026-07-08 16:23:13
384872714,3750008898,等梅花盛开,2026-04-21 02:24:58,,$ST诺泰(SH688076)$ 再次提醒，不要跟着卖...只要散户不被吓到，股价只有上行一条路。想要筹码，就要买上去拿货。,1,2,0,7179,SH688076,ST诺泰,雪球,https://xueqiu.com/3750008898/384872714,0,0,2026-07-08 16:23:13
384879768,3750008898,等梅花盛开,2026-04-21 02:47:23,,$ST诺泰(SH688076)$ 嗯哼，这样就挺好，有人每天砸来砸去的自娱自乐，但没有成交量哈哈,0,3,0,7013,SH688076,ST诺泰,雪球,https://xueqiu.com/3750008898/384879768,0,0,2026-07-08 16:23:13
384881443,3750008898,等梅花盛开,2026-04-21 02:52:44,,$ST诺泰(SH688076)$ 观察下来，应该是一个比较怂的资金在玩，每天用几万手来回折腾，但就是舍不得一次多砸一点...,1,4,0,7317,SH688076,ST诺泰,雪球,https://xueqiu.com/3750008898/384881443,0,0,2026-07-08 16:23:13
384911807,3750008898,等梅花盛开,2026-04-21 05:36:23,,$ST诺泰(SH688076)$ 市场反攻，大家都在涨，你看着它毫无起色，是不是万分痛苦，想干脆卖掉……但其实它今天也只不过跌了一个点啊，毛毛雨而已,4,2,0,6440,SH688076,ST诺泰,iPhone,https://xueqiu.com/3750008898/384911807,0,0,2026-07-08 16:23:13
384926652,9166361019,越来越好运er,2026-04-21 06:43:14,,$ST诺泰(SH688076)$ 这股除了几个大户对倒，公司是一点也不维护，还到处开会丢人现眼,1,3,0,6860,SH688076,ST诺泰,iPhone,https://xueqiu.com/9166361019/384926652,0,0,2026-07-08 16:23:13
384943545,1470279342,阿思雨,2026-04-21 08:01:30,,$ST诺泰(SH688076)$诺泰和翰宇比管理费用为什么这么高 把利润都吃没了,1,4,0,9947,SH688076,ST诺泰,Android,https://xueqiu.com/1470279342/384943545,0,0,2026-07-08 16:23:13
384977839,1968252884,策略策略,2026-04-21 11:13:25,,$ST诺泰(SH688076)$ 国内仿制药这个延迟？ 再说吧，对这里还好，上周刚受理，按照常规怎么也得半年批下来。 大吨位的原料药，还需要时间才能投产。有这精力先卖卖国外吧。总体来讲， 多肽 寡核苷酸是风口。 需要这样一家专业做这个的公司。诺泰生物，我的定位是连云港第四家大型药企。,0,7,0,9935,SH688076,ST诺泰,Android,https://xueqiu.com/1968252884/384977839,0,0,2026-07-08 16:23:13
384991773,9686437421,飞翔0018,2026-04-21 12:29:12,,诺泰生物司美格鲁肽注射液上市申请，不会受中瑞贸易协定，医药数据6年保护期的影响而延期。1. 完整自研临床数据打底诺泰生物的司美格鲁肽注射液，独立完整完成了中国境内Ⅲ期头对头等效性临床试验，糖尿病、肥胖两大适应症全部自主完成大样本临床，拥有完全属于自己的全套试验数据，全程没有引用、依赖诺和诺德的原研未披露数据。2. 申报路径差异多数被搁置的企业，是传统仿制药申报、核心数据依托原研；诺泰生物自研数据完备，更接近自主验证路径，不属于协定条款里“依赖原研数据”的禁止情形。3. 公司最新官方表态2026年4月公司互动回复：司美格鲁肽注射液上市申请已获CDE正式受理，目前并未公告出现审评暂停。,2,9,0,15055,SH688076,ST诺泰,Android,https://xueqiu.com/9686437421/384991773,0,0,2026-07-08 16:23:13
385004412,1836681218,琴山涧5686,2026-04-21 13:36:31,,《国内司美格鲁肽仿制药审批暂停，距离“首仿药”出现还要一年？》（网页链接）这种文章挺误导人的，尤其是还披着“业内人士”、“业内专家”之类的外衣！1、《中瑞自贸协定》第11.11条的6年数据保护条款，核心是为缔约双方（中国、瑞士）的原研企业在中国获批上市的药品提供数据保护，约束范围仅限瑞士企业原研、原产的药品。司美格鲁肽的原研企业是丹麦诺和诺德公司，药品核心研发、原液与制剂生产均在丹麦完成，中国境内仅为分包装，原产地明确为丹麦；其中国上市许可持有人（MAH）虽为瑞士注册的诺和诺德子公司，但仅为法律持证主体，不改变药品原研属地与生产属性，完全不满足中瑞协定的保护适用前提。2、药品数据保护期的核心禁止性条款，是阻止其他申请人依赖/参考原研企业提交的未披露试验数据申报上市，而诺泰生物的申报完全规避了这一情形：诺泰生物申报的司美格鲁肽注射液为化药2类改良型新药，并非直接依赖原研数据申报的4类仿制药。公司已完整完成了针对2型糖尿病、肥胖症适应症的全部Ⅲ期临床试验，由北京大学人民医院纪立农教授牵头，委托专业CRO完成全部临床研究，合同金额超1亿元，所有支持上市的安全性、有效性数据均为自主生成，未参考、依赖原研诺和诺德的未披露试验数据，天然不触发数据保护期的禁止性条款。3、国内司美格鲁肽相关制剂审批的核心时间约束，是中国国内现行的药品试验数据保护制度，而非中瑞贸易协定。司美格鲁肽2021年4月在中国获批上市，按国内规则，新型化学成分药品享有6年数据保护期，至2027年4月到期，但该规则仅约束直接依赖原研数据申报的仿制药，对自主完成全套临床试验的改良型新药、生物类似药无直接限制。4、诺泰生物的司美格鲁肽注射液上市申请已获CDE正式受理，最终能否获批、获批时间，核心取决于CDE对其申报资料合规性、临床试验数据质量的技术审评结果，与中瑞贸易协定的6年数据保护期无任何关联。$ST诺泰(SH688076)$,9,17,0,31423,SH688076,ST诺泰,Android,https://xueqiu.com/1836681218/385004412,0,0,2026-07-08 16:23:13
385043374,5582810816,leoleo99,2026-04-22 00:11:33,,$ST诺泰(SH688076)$ 这是要加速审批吗？13天8个审批,2,4,0,12363,SH688076,ST诺泰,Android,https://xueqiu.com/5582810816/385043374,0,0,2026-07-08 16:23:13
385051714,9686437421,飞翔0018,2026-04-22 01:13:00,,诺泰生物司美格鲁肽注射液减肥、糖尿病两个适应症各四个规格共八个品种的2.2类部药上市申请均获NDA受理。,2,11,0,9948,SH688076,ST诺泰,Android,https://xueqiu.com/9686437421/385051714,0,0,2026-07-08 16:23:11
385060656,4202117770,短中长线卧倒选手,2026-04-22 01:41:51,,$ST诺泰(SH688076)$ 拿什么拯救你我的诺泰，连个30都站不稳我也是有点无语了,0,4,0,7081,SH688076,ST诺泰,iPad,https://xueqiu.com/4202117770/385060656,0,0,2026-07-08 16:23:11
385064229,3750008898,等梅花盛开,2026-04-22 01:50:24,,$ST诺泰(SH688076)$ 每天一副气势汹汹砸盘的样子，结果一看又是才1个点...建议没有经验的散户不要看盘；容易被吓唬掉宝贵筹码,1,1,0,5805,SH688076,ST诺泰,雪球,https://xueqiu.com/3750008898/385064229,0,0,2026-07-08 16:23:11
385067288,4876911516,雷电成风,2026-04-22 01:57:56,,$ST诺泰(SH688076)$ 这里还是有点热闹,0,3,0,6264,SH688076,ST诺泰,iPhone,https://xueqiu.com/4876911516/385067288,0,0,2026-07-08 16:23:11
385078312,3750008898,等梅花盛开,2026-04-22 02:25:38,,$ST诺泰(SH688076)$ 一个跌停都不给，就想收走筹码? Are U out of your mind! 不增加难度，这样，砸到27块，就考虑要不要筹码发给你...,4,6,0,6690,SH688076,ST诺泰,雪球,https://xueqiu.com/3750008898/385078312,0,0,2026-07-08 16:23:11
385101207,3750008898,等梅花盛开,2026-04-22 03:37:54,,$ST诺泰(SH688076)$ 故意砸盘从来都是对主力好，对散户不友好。最简单的吸筹方式就是往上买啊。这种每天熬猪油的方式真是拿散户当猪欺负。,1,1,0,5587,SH688076,ST诺泰,雪球,https://xueqiu.com/3750008898/385101207,0,0,2026-07-08 16:23:11
385124422,7018167702,应如是-BEYOND,2026-04-22 05:45:26,,$ST诺泰(SH688076)$ 杀比主力，差不多得了，瀚宇个垃圾都快200亿市值了,1,3,0,7684,SH688076,ST诺泰,雪球,https://xueqiu.com/7018167702/385124422,0,0,2026-07-08 16:23:11
385126984,1968252884,策略策略,2026-04-22 05:54:27,,$ST诺泰(SH688076)$ 散户兄弟们还能熬得住吗？加油吧，我一直在。 诺泰生物。,6,3,0,13158,SH688076,ST诺泰,Android,https://xueqiu.com/1968252884/385126984,0,0,2026-07-08 16:23:11
385128023,9166361019,越来越好运er,2026-04-22 05:58:25,,$ST诺泰(SH688076)$ 这股是够恶毒的，如果有主力这主力太恶臭了，还有公司也是怂，难道年报和一季度报有大雷？,1,2,0,8898,SH688076,ST诺泰,iPhone,https://xueqiu.com/9166361019/385128023,0,0,2026-07-08 16:23:11
385131679,4767171774,莫凡wcg,2026-04-22 06:11:19,,$ST诺泰(SH688076)$ 没有资金关注啊,0,1,0,7756,SH688076,ST诺泰,iPhone,https://xueqiu.com/4767171774/385131679,0,0,2026-07-08 16:23:11
385133004,3263546483,赚钱需要耐心点,2026-04-22 06:15:48,,$ST诺泰(SH688076)$跟翰宇药业差距越来越大，你也是人才,2,4,0,11336,SH688076,ST诺泰,iPhone,https://xueqiu.com/3263546483/385133004,0,0,2026-07-08 16:23:11
385135040,7018167702,应如是-BEYOND,2026-04-22 06:22:55,,$ST诺泰(SH688076)$ 骂死你个缺德玩意，别拉上去，继续对敲砸,0,4,0,10233,SH688076,ST诺泰,雪球,https://xueqiu.com/7018167702/385135040,0,0,2026-07-08 16:23:11
385138663,3490800212,做好事买好股,2026-04-22 06:35:20,,$ST诺泰(SH688076)$ 急不来的，机构暂买不了，等,0,0,0,9930,SH688076,ST诺泰,iPhone,https://xueqiu.com/3490800212/385138663,0,0,2026-07-08 16:23:11
385138872,3750008898,等梅花盛开,2026-04-22 06:36:03,,$ST诺泰(SH688076)$ 抱怨没什么鸟用，只要不被吓倒，不交出筹码，主力怎么对倒也无济于事；而一旦对倒拿不到筹码，那么它也只有上涨一条路可走了,0,0,0,10057,SH688076,ST诺泰,雪球,https://xueqiu.com/3750008898/385138872,0,0,2026-07-08 16:23:11
385142926,6272575192,x198921,2026-04-22 06:50:03,,$ST诺泰(SH688076)$ 又来了一个策略2号？,3,1,0,11892,SH688076,ST诺泰,Android,https://xueqiu.com/6272575192/385142926,0,0,2026-07-08 16:23:11
385144484,9166361019,越来越好运er,2026-04-22 06:55:25,,$ST诺泰(SH688076)$ 到处开会，也不怕人笑话，真无敌啊,0,2,0,12440,SH688076,ST诺泰,iPhone,https://xueqiu.com/9166361019/385144484,0,0,2026-07-08 16:23:11
385190288,7133326396,万万财,2026-04-22 10:12:18,,$ST诺泰(SH688076)$ 又回来了,0,3,0,15326,SH688076,ST诺泰,Android,https://xueqiu.com/7133326396/385190288,0,0,2026-07-08 16:23:11
385297452,1968252884,策略策略,2026-04-23 01:43:58,,$ST诺泰(SH688076)$ 诺泰生物。更新。,7,10,0,18797,SH688076,ST诺泰,Android,https://xueqiu.com/1968252884/385297452,0,0,2026-07-08 16:23:11
385316240,4202117770,短中长线卧倒选手,2026-04-23 02:25:00,,$ST诺泰(SH688076)$ 主力跟牲口有什么区别？答：牲口还没主力这么野蛮,0,3,0,12347,SH688076,ST诺泰,iPad,https://xueqiu.com/4202117770/385316240,0,0,2026-07-08 16:23:11
385339097,3750008898,等梅花盛开,2026-04-23 03:31:49,,$ST诺泰(SH688076)$ 今天好像用了10万股来故意挂单砸开，主力也难啊...5万股的动作已经没有威慑力了，又加一点哈哈。但跌幅还是2个点不到。,3,3,0,10377,SH688076,ST诺泰,雪球,https://xueqiu.com/3750008898/385339097,0,0,2026-07-08 16:23:09
385356342,5582810816,leoleo99,2026-04-23 05:13:55,,$ST诺泰(SH688076)$ 总部位于杭州的中国 Sinopep-Allsino 生物制药公司，一家知名的 API 制造商，目前是唯一获得 DCGI 注册的供应商，也是部分大型印度企业的主要司美格鲁肽 API 供应商之一,5,6,0,23459,SH688076,ST诺泰,雪球,https://xueqiu.com/5582810816/385356342,0,0,2026-07-08 16:23:09
385459646,3767605145,何割韭菜而不食肉糜,2026-04-23 12:48:51,,$ST诺泰(SH688076)$ 圣诺的一季报如此优秀,1,5,0,12414,SH688076,ST诺泰,Android,https://xueqiu.com/3767605145/385459646,0,0,2026-07-08 16:23:09
385482125,7588632663,攀爬路,2026-04-23 14:25:13,,$ST诺泰(SH688076)$ 圣诺的一季度毛利也没下降，同比还上升了。多肽原料药咋感觉依然很景气。老哥你别装了。一季度利润虽然有所下降，相比于四季度亏损已经没有惊吓了。二季度毛利会下降，销售量起码会放量吧。不然这产能增加这么多放着吃灰？还有卖给印度的能收到回收款么,0,2,0,10038,SH688076,ST诺泰,Android,https://xueqiu.com/7588632663/385482125,0,0,2026-07-08 16:23:09
385492141,6151700684,_菜鸡,2026-04-23 15:25:41,,$ST诺泰(SH688076)$ 这个时间，这个价位，可以赌一下,0,1,0,8430,SH688076,ST诺泰,Android,https://xueqiu.com/6151700684/385492141,0,0,2026-07-08 16:23:09
385546399,3750008898,等梅花盛开,2026-04-24 02:07:26,,$ST诺泰(SH688076)$ 每天都是一样的套路，真是有耐心啊！,5,0,0,7024,SH688076,ST诺泰,雪球,https://xueqiu.com/3750008898/385546399,0,0,2026-07-08 16:23:09
385547841,4767171774,莫凡wcg,2026-04-24 02:10:31,,$ST诺泰(SH688076)$ 一季报应该没啥亮点了，赌一季报的人这几天走了,1,1,0,8137,SH688076,ST诺泰,雪球,https://xueqiu.com/4767171774/385547841,0,0,2026-07-08 16:23:09
385631269,9677662435,猎庄者小号,2026-04-24 07:21:35,,$ST诺泰(SH688076)$ 每天都是高开低走，能不能玩点新鲜的？,1,2,0,11924,SH688076,ST诺泰,iPhone,https://xueqiu.com/9677662435/385631269,0,0,2026-07-08 16:23:09
385643885,6226523564,超神学院c9s,2026-04-24 08:09:38,,$ST诺泰(SH688076)$ 公司主要出口是江苏还是浙江啊。公司是江苏的，生产多肽又貌似是在杭州。,0,0,0,7520,SH688076,ST诺泰,Android,https://xueqiu.com/6226523564/385643885,0,0,2026-07-08 16:23:09
385645106,2994748381,证券市场周刊,2026-04-24 08:15:55,诺泰生物子公司澳赛诺入选浙江省重点省专名单,近日，诺泰生物旗下杭州澳赛诺生物科技有限公司（下称“澳赛诺”）成功入选2026年浙江省拟重点支持的专精特新中小企业（“重点省专”）名单。作为国家级高新技术企业，澳赛诺坚持“创新为引擎、品质为基石”发展理念，累计落地超500项研发项目，拥有24项授权发明专利，构建起覆盖实验室研发到规模化商业生产的全链条产业能力。未来，澳赛诺将坚持研发和创新驱动，强化在创新药中间体与原料药领域的核心竞争力。以“专精特新”的硬核实力，积极响应国家与地方产业政策导向，深化产业链协同。声明：本文旨在向公众传达诺泰生物的最新动态、业务进展、科研成果等公司新闻资讯，不构成应履行的正式信息披露义务。公司的信息披露将严格按照法律法规要求，通过指定的信息披露平台及媒体进行发布。来源：诺泰生物免责声明：本文为转载内容，不代表本刊立场，亦不构成投资建议。,3,5,0,22363,SH688076,ST诺泰,雪球,https://xueqiu.com/2994748381/385645106,0,1,2026-07-08 16:23:09
385646560,6991900864,物胜于心,2026-04-24 08:23:39,,这新闻越看越让人疑惑，公司的报关主体到底是在浙江还是江苏啊？$ST诺泰(SH688076)$,1,2,0,13175,SH688076,ST诺泰,Android,https://xueqiu.com/6991900864/385646560,0,0,2026-07-08 16:23:09
385663668,1968252884,策略策略,2026-04-24 09:32:58,,$ST诺泰(SH688076)$ 诺泰生物，审题，制剂技术及多肽递送技术。,5,6,0,16529,SH688076,ST诺泰,Android,https://xueqiu.com/1968252884/385663668,0,1,2026-07-08 16:23:09
385663683,9274729217,萤火之约,2026-04-24 09:33:05,,$ST诺泰(SH688076)$ 转利好：公司要闻|2.2类新药司美格鲁肽注射液（降糖及减重二个适应症）上市许可申请已受理近日，诺泰生物自主研发的2.2类新药司美格鲁肽注射液，正式收到国家药品监督管理局药品审评中心签发的上市申请《受理通知书》。本次申报分别涵盖降糖及减重二个适应症，其中降糖含1.5ml:2mg、3ml:4mg共2个规格；减重含1.5ml:2mg、3ml:4mg、3ml:6.8mg、3ml:9.6mg共4个规格。,3,9,0,21996,SH688076,ST诺泰,iPhone,https://xueqiu.com/9274729217/385663683,0,0,2026-07-08 16:23:09
385689135,1836681218,琴山涧5686,2026-04-24 11:27:41,,诺泰生物的多肽口服递送技术：今天官网的文章《公司要闻|2.2类新药司美格鲁肽注射液（降糖及减重二个适应症）上市许可申请已受理》（网页链接）本次申报分别涵盖降糖及减重二个适应症，其中降糖含1.5ml:2mg、3ml:4mg共2个规格；减重含1.5ml:2mg、3ml:4mg、3ml:6.8mg、3ml:9.6mg共4个规格。文中提到：“此次受理，是公司制剂技术及多肽递送技术平台发展的又一重要里程碑。”这里的关键词是“制剂技术”，特别是“多肽递送技术平台”。2025年12月8日公司官网发布：12月5日，诺泰生物（子公司杭州诺澳生物医药科技有限公司）自主研发的2.2类新药司美格鲁肽片正式获得国家药品监督管理局核准签发的临床试验申请《受理通知书》，含3mg/ 7mg/ 14mg/ 25mg/ 50mg共5个规格。这次2.2类新药口服司美格鲁肽片临床申请是公司加大研发投入取得的一个阶段性成果。该药物拟用于肥胖（BMI≥30kg/m²）或超重（BMI≥27kg/m²）且伴有至少一种体重相关合并症的成年患者体重管理，每日口服1次。截至目前国内外尚无用于体重管理的口服司美格鲁肽制剂。此次受理，标志着公司在新型口服多肽递送技术平台、体重管理药物领域取得里程碑成果。（网页链接）多肽类药物（如司美格鲁肽）口服给药面临两大核心屏障：1、酶降解屏障：多肽分子在胃肠道内会被胃酸、胃蛋白酶、胰酶等快速降解失活；2、渗透吸收屏障：多肽分子分子量大、亲水性强，难以穿透肠道上皮细胞屏障进入体循环，导致口服生物利用度极低，绝大多数多肽药物仅能通过注射给药。诺泰生物的口服多肽递送技术平台，围绕上述两大核心屏障，形成了多维度的技术解决方案，核心方向包括：1、促渗与酶抑制协同技术：通过筛选适配的渗透增强剂与酶抑制剂，一方面可逆性调节肠道上皮细胞紧密连接、提升细胞膜流动性，促进多肽跨膜吸收；另一方面局部抑制胃肠道内蛋白酶活性，减少司美格鲁肽等多肽分子的降解。2、离子液体递送技术：公司自主研发了功能性离子液体递送材料，可通过与多肽分子形成离子对，显著提升多肽在胃肠道环境中的溶解度、化学稳定性，同时增强跨膜渗透能力，是平台的核心自研技术之一。3、制剂处方与工艺优化：结合静电喷雾干燥等先进制剂工艺，制备适配口服递送的原料药颗粒形态，优化制剂的溶出曲线、胃肠道滞留时间，进一步提升口服吸收效率，同时保障制剂的批次稳定性与质量可控性。该平台突破了多肽药物口服给药的技术壁垒，解决了长期注射给药带来的患者依从性差、副作用多的行业痛点，为GLP-1类重磅多肽药物的口服制剂开发提供了底层技术支撑。该平台技术具备通用性，除司美格鲁肽外，可延伸至替尔泊肽等其他长链多肽药物的口服制剂研发，形成公司在口服多肽制剂领域的长期技术壁垒。以上内容根据公司官网信息整理（网页链接）当然，今年司美格鲁肽原料药增量主要看印度仿制药企的需求，3月底批量上市了，等中报看。不过注射制剂如果能尽快获批上市，也意味着先期只会和原研竞争，也有先发优势，这也是下半年和明年1季度业绩看点。（网页链接）至于口服片剂，时间还早，去年12月才受理临床试验申请。当然，等后面炒起来了时候，这些大概率会提前给定价的。就像“易中天”等“光”股，1年10倍+，3年50倍+，多少年（甚至有可能公司整个寿命周期内）的预期都包含在其中了！,7,9,0,23536,SH688076,ST诺泰,Android,https://xueqiu.com/1836681218/385689135,0,1,2026-07-08 16:23:09
385704162,8132726428,姆巴佩佩佩,2026-04-24 12:34:18,,诺泰生物又做减肥药，又给其他减肥药企业供应原料，这咋感觉是左右手互搏啊,1,2,0,10188,SH688076,ST诺泰,Android,https://xueqiu.com/8132726428/385704162,0,0,2026-07-08 16:23:09
385728937,6070909286,好运向北,2026-04-24 14:37:28,,$ST诺泰(SH688076)$ 天天找利好，真有利好盘面应该显现出来了啊,1,4,0,10888,SH688076,ST诺泰,iPhone,https://xueqiu.com/6070909286/385728937,0,0,2026-07-08 16:23:09
385743444,1968252884,策略策略,2026-04-24 17:11:32,,$ST诺泰(SH688076)$ 口服还是要看效果的。诺泰生物。诺和诺德口服在国内专利形同虚设。,0,6,0,21823,SH688076,ST诺泰,Android,https://xueqiu.com/1968252884/385743444,0,0,2026-07-08 16:23:09
385758502,6998822874,冯斯特洛夫斯基,2026-04-25 00:16:15,,$ST诺泰(SH688076)$ 利好不断，一季度业绩也没什么大问题，可股价一直震荡向下，事出反常必有妖！拿好手中的筹码，我们静观其变，很快就要熬出头了（也许下周，也许五一放假后），坚持！坚持！坚持！网页链接,6,2,0,18628,SH688076,ST诺泰,Android,https://xueqiu.com/6998822874/385758502,0,0,2026-07-08 16:23:09
385815344,9166361019,越来越好运er,2026-04-25 13:41:32,,$ST诺泰(SH688076)$ 这利好诺泰呵，可以领先1.5-2年吗？渣泰太怂了,6,2,0,15547,SH688076,ST诺泰,iPhone,https://xueqiu.com/9166361019/385815344,0,0,2026-07-08 16:23:09
385886402,1968252884,策略策略,2026-04-26 13:05:31,,$ST诺泰(SH688076)$ 主板st也到±10个点了，对st主板票不利啊。十个点也是顶，就不如顶20个点了，是吧。,2,2,0,15999,SH688076,ST诺泰,Android,https://xueqiu.com/1968252884/385886402,0,0,2026-07-08 16:23:07
385917481,4767171774,莫凡wcg,2026-04-27 01:26:13,,$ST诺泰(SH688076)$ 新低不断，加不动了,0,0,0,10167,SH688076,ST诺泰,iPhone,https://xueqiu.com/4767171774/385917481,0,0,2026-07-08 16:23:07
385928489,3750008898,等梅花盛开,2026-04-27 01:54:28,,$ST诺泰(SH688076)$ 主力真是怂货，想要低价吸筹，又一点大的振幅都不给...,2,1,0,10038,SH688076,ST诺泰,雪球,https://xueqiu.com/3750008898/385928489,0,0,2026-07-08 16:23:07
385931485,7900410209,选股上人萧刹,2026-04-27 02:01:40,,$ST诺泰(SH688076)$ 半小时成交量1500w 都没有，根本就没有资金玩,0,1,0,12020,SH688076,ST诺泰,Android,https://xueqiu.com/7900410209/385931485,0,0,2026-07-08 16:23:07
385974226,1968252884,策略策略,2026-04-27 04:57:33,,$ST诺泰(SH688076)$ 现在来看，之前预测诺泰生物的2025年产量还是乐观了一点的，实际偏差点，就看中报是否会上来。如果长期投资，需要考虑几方面，①产品前景如何？②公司规模如何？避免大企业病③公司体制如何？灵活否？④公司区域位置是否有优势？大家可以回答下。,16,7,0,25790,SH688076,ST诺泰,Android,https://xueqiu.com/1968252884/385974226,0,0,2026-07-08 16:23:07
386116842,7588632663,攀爬路,2026-04-27 14:19:34,,分别是药明康德24年年报，25年中报，25年报多肽以及寡核苷酸业务收入。依稀记得药明康德是最大的多肽加寡核苷酸制造商。诺泰理应是被管理层优秀的操作st拖累的。瞧瞧圣诺，昊帆一个个健健康康，你丫就是个病秧子。你丫的扶得起么$ST诺泰(SH688076)$,3,3,0,21402,SH688076,ST诺泰,Android,https://xueqiu.com/7588632663/386116842,0,0,2026-07-08 16:23:07
386187434,4767171774,莫凡wcg,2026-04-28 02:10:23,,$ST诺泰(SH688076)$ 药明康德涨停了！你好歹也是行业第二梯队！,1,2,0,8634,SH688076,ST诺泰,雪球,https://xueqiu.com/4767171774/386187434,0,0,2026-07-08 16:23:07
386212588,9677662435,猎庄者小号,2026-04-28 03:21:09,,$ST诺泰(SH688076)$ 其实只要不是非标的审计意见就没事，现在资金担心的其实就是这个,0,3,0,12414,SH688076,ST诺泰,雪球,https://xueqiu.com/9677662435/386212588,0,0,2026-07-08 16:23:07
386230713,1968252884,策略策略,2026-04-28 04:59:18,,$ST诺泰(SH688076)$ 关于诺泰生物与药明康德 多肽寡核苷酸。总体来说，第一季度都不太理想，实际药明康德的也是环比下降了。但是给出了业绩指引，2026全年是大增的。按照我之前的想法，中报或许会有体现，因为合同供货期3个月以上，所以业绩体现都是滞后的。,1,7,0,31036,SH688076,ST诺泰,雪球,https://xueqiu.com/1968252884/386230713,0,0,2026-07-08 16:23:07
386234922,1968252884,策略策略,2026-04-28 05:19:24,,$ST诺泰(SH688076)$ g关于仿制药和改良药。诺泰生物，华东医药。,4,2,0,15463,SH688076,ST诺泰,雪球,https://xueqiu.com/1968252884/386234922,0,0,2026-07-08 16:23:07
386247398,9677662435,猎庄者小号,2026-04-28 06:08:27,,$ST诺泰(SH688076)$ 讲真弄个3-5亿基本可以控盘了,0,1,0,12831,SH688076,ST诺泰,雪球,https://xueqiu.com/9677662435/386247398,0,0,2026-07-08 16:23:07
386271864,1836681218,琴山涧5686,2026-04-28 07:46:38,,关于诺泰生物一、诺泰生物申报的司美格鲁肽注射制剂和片剂，均不属于传统仿制药范畴。二者均按化学药品改良型新药路径申报，与行业内主流的司美格鲁肽仿制药即生物类似药路径有本质区别。1、司美格鲁肽注射制剂：按化学药品2.2类改良型新药申报，目前上市申请已获CDE正式受理。是在已知活性成分基础上进行开发，自主完成了2型糖尿病、肥胖/超重两大适应症的全套Ⅲ期头对头临床试验，核心审评要求是证明相比原研的明显临床优势，而非仿制药“与原研质量和疗效一致”的核心要求，属于改良型新药，而非仿制药。2、司美格鲁肽片剂：按化学药品2.2类改良型新药申报，目前临床试验申请已获CDE受理。该产品针对口服多肽递送技术进行了创新优化，核心是通过剂型改良、适应症拓展实现临床价值突破，完全不符合仿制药的注册定义与审评逻辑。所以，不管是制剂还是口服片剂，最终能否获批、具体获批时间，仍取决于CDE的技术审评结果，与近期网上说得有板有眼的所谓中瑞自贸协定衍生出的“数据保护期”毫无关联！诺泰的司美制剂和片剂，与友商和原研不一样，是公司技术领先，时间领先的充分体现，这一块，有望在下半年和明年给公司贡献国内业务的业绩。二、今年主要还是看多肽原料药出口，尤其是司美格鲁肽原料药对印度等市场的出口放量。本贴是对之前相关内容的小结，附链接：网页链接网页链接网页链接网页链接$ST诺泰(SH688076)$ $华东医药(SZ000963)$ $丽珠集团(SZ000513)$,9,20,0,28690,SH688076,ST诺泰,Android,https://xueqiu.com/1836681218/386271864,0,5,2026-07-08 16:23:07
386435341,3767605145,何割韭菜而不食肉糜,2026-04-29 00:07:57,,$ST诺泰(SH688076)$ 今天能加仓吗？晚上出业绩，这走势比圣诺，瀚宇差太多了。这2个业绩都是不错的,1,1,0,9547,SH688076,ST诺泰,Android,https://xueqiu.com/3767605145/386435341,0,0,2026-07-08 16:23:07
386531914,7900410209,选股上人萧刹,2026-04-29 05:58:37,,$ST诺泰(SH688076)$ 还有一小时收市 目前成交额3000w 都没有,2,1,0,4316,SH688076,ST诺泰,Android,https://xueqiu.com/7900410209/386531914,0,0,2026-07-08 16:23:07
386539228,1535211651,咘咘卡,2026-04-29 06:24:22,,$ST诺泰(SH688076)$ 懦泰跟着大盘艰难红了一天,0,4,0,5360,SH688076,ST诺泰,iPhone,https://xueqiu.com/1535211651/386539228,0,0,2026-07-08 16:23:07
386560900,6998822874,冯斯特洛夫斯基,2026-04-29 07:45:06,,$ST诺泰(SH688076)$ 以往的十三个月，大盘稳步上行，而它却收了十二根月阴线，如果明天收在29.29上方，那就是十一根月阴线，如果公司基本面没有太大问题（没有大雷），那这种极致的走势又是为什么呢？朋友们拿好手中的低位筹码吧，咱们年底见！！,5,3,0,9092,SH688076,ST诺泰,Android,https://xueqiu.com/6998822874/386560900,0,1,2026-07-08 16:23:07
386562907,3750008898,等梅花盛开,2026-04-29 07:54:37,,$ST诺泰(SH688076)$ 今天大幅增持了诺泰...,5,5,0,3790,SH688076,ST诺泰,雪球,https://xueqiu.com/3750008898/386562907,0,0,2026-07-08 16:23:07
386605948,7658458407,木愚而来,2026-04-29 10:27:35,,不错，但还是$ST诺泰(SH688076)$ 性价比及赔率高点。,1,2,0,6593,SH688076,ST诺泰,雪球,https://xueqiu.com/7658458407/386605948,0,0,2026-07-08 16:23:05
386622201,0,ST诺泰(SH688076),2026-04-29 11:31:03,,ST诺泰：第四届董事会第六次会议决议公告 网页链接,0,0,0,1417,SH688076,ST诺泰,公告,https://xueqiu.com/S/SH688076/386622201,0,1,2026-07-08 16:23:05
386622203,0,ST诺泰(SH688076),2026-04-29 11:31:03,,ST诺泰：江苏诺泰澳赛诺生物制药股份有限公司董事、高级管理人员薪酬管理制度 网页链接,0,0,0,2102,SH688076,ST诺泰,公告,https://xueqiu.com/S/SH688076/386622203,0,0,2026-07-08 16:23:05
386622204,0,ST诺泰(SH688076),2026-04-29 11:31:04,,ST诺泰：江苏诺泰澳赛诺生物制药股份有限公司委托理财管理制度 网页链接,0,0,0,2135,SH688076,ST诺泰,公告,https://xueqiu.com/S/SH688076/386622204,0,0,2026-07-08 16:23:05
386622205,0,ST诺泰(SH688076),2026-04-29 11:31:04,,ST诺泰：中喜会计师事务所（特殊普通合伙）关于江苏诺泰澳赛诺生物制药股份有限公司2024年度财务报表审计报告带强调事项段的无保留意见涉及事项影响已消除的专项审核报告 网页链接,0,0,0,2143,SH688076,ST诺泰,公告,https://xueqiu.com/S/SH688076/386622205,0,0,2026-07-08 16:23:05
386622388,0,ST诺泰(SH688076),2026-04-29 11:32:01,,ST诺泰：江苏诺泰澳赛诺生物制药股份有限公司金融衍生品业务管理制度 网页链接,0,0,0,2198,SH688076,ST诺泰,公告,https://xueqiu.com/S/SH688076/386622388,0,0,2026-07-08 16:23:05
386622389,0,ST诺泰(SH688076),2026-04-29 11:32:01,,ST诺泰：中喜会计师事务所（特殊普通合伙）关于江苏诺泰澳赛诺生物制药股份有限公司前期会计差错更正专项说明的鉴证报告 网页链接,0,0,0,2190,SH688076,ST诺泰,公告,https://xueqiu.com/S/SH688076/386622389,0,0,2026-07-08 16:23:05
386622390,0,ST诺泰(SH688076),2026-04-29 11:32:01,,ST诺泰：中喜会计师事务所（特殊普通合伙）关于江苏诺泰澳赛诺生物制药股份有限公司募集资金年度存放、管理与实际使用情况鉴证报告 网页链接,0,0,0,2240,SH688076,ST诺泰,公告,https://xueqiu.com/S/SH688076/386622390,0,0,2026-07-08 16:23:05
386622391,0,ST诺泰(SH688076),2026-04-29 11:32:01,,ST诺泰：中喜会计师事务所（特殊普通合伙）关于江苏诺泰澳赛诺生物制药股份有限公司非经营性资金占用及其他关联资金往来情况的专项说明 网页链接,0,0,0,2297,SH688076,ST诺泰,公告,https://xueqiu.com/S/SH688076/386622391,0,0,2026-07-08 16:23:05
386622392,0,ST诺泰(SH688076),2026-04-29 11:32:01,,ST诺泰：江苏诺泰澳赛诺生物制药股份有限公司内部控制审计报告 网页链接,0,0,0,2261,SH688076,ST诺泰,公告,https://xueqiu.com/S/SH688076/386622392,0,0,2026-07-08 16:23:05
386622393,0,ST诺泰(SH688076),2026-04-29 11:32:01,,ST诺泰：江苏诺泰澳赛诺生物制药股份有限公司审计报告 网页链接,0,0,0,2281,SH688076,ST诺泰,公告,https://xueqiu.com/S/SH688076/386622393,0,0,2026-07-08 16:23:05
386622394,0,ST诺泰(SH688076),2026-04-29 11:32:01,,ST诺泰：南京证券股份有限公司关于江苏诺泰澳赛诺生物制药股份有限公司开展以套期保值为目的金融衍生品交易的核查意见 网页链接,0,0,0,3588,SH688076,ST诺泰,公告,https://xueqiu.com/S/SH688076/386622394,0,0,2026-07-08 16:23:05
386622395,0,ST诺泰(SH688076),2026-04-29 11:32:01,,ST诺泰：南京证券股份有限公司关于江苏诺泰澳赛诺生物制药股份有限公司2025年度募集资金存放与实际使用情况的专项核查报告 网页链接,0,0,0,3626,SH688076,ST诺泰,公告,https://xueqiu.com/S/SH688076/386622395,0,0,2026-07-08 16:23:05
386622396,0,ST诺泰(SH688076),2026-04-29 11:32:01,,ST诺泰：2026年第一季度报告 网页链接,3,2,0,2344,SH688076,ST诺泰,公告,https://xueqiu.com/S/SH688076/386622396,0,0,2026-07-08 16:23:05
386622397,0,ST诺泰(SH688076),2026-04-29 11:32:01,,ST诺泰：江苏诺泰澳赛诺生物制药股份有限公司2025年度内部控制评价报告 网页链接,0,0,0,2592,SH688076,ST诺泰,公告,https://xueqiu.com/S/SH688076/386622397,0,0,2026-07-08 16:23:05
386622399,0,ST诺泰(SH688076),2026-04-29 11:32:01,,ST诺泰：关于2025年度利润分配方案的公告 网页链接,0,0,0,1989,SH688076,ST诺泰,公告,https://xueqiu.com/S/SH688076/386622399,0,0,2026-07-08 16:23:05
386622400,0,ST诺泰(SH688076),2026-04-29 11:32:01,,ST诺泰：关于使用闲置自有资金进行委托理财的公告 网页链接,0,0,0,1930,SH688076,ST诺泰,公告,https://xueqiu.com/S/SH688076/386622400,0,0,2026-07-08 16:23:05
386622401,0,ST诺泰(SH688076),2026-04-29 11:32:01,,ST诺泰：关于2026年第一季度计提资产减值准备的公告 网页链接,0,0,0,2064,SH688076,ST诺泰,公告,https://xueqiu.com/S/SH688076/386622401,0,0,2026-07-08 16:23:05
386622402,0,ST诺泰(SH688076),2026-04-29 11:32:01,,ST诺泰：关于“提质增效重回报”2025年度评估报告暨2026年度行动方案的公告 网页链接,0,1,0,1972,SH688076,ST诺泰,公告,https://xueqiu.com/S/SH688076/386622402,0,0,2026-07-08 16:23:05
386622598,0,ST诺泰(SH688076),2026-04-29 11:33:01,,ST诺泰：2025年年度报告摘要 网页链接,0,0,0,2028,SH688076,ST诺泰,公告,https://xueqiu.com/S/SH688076/386622598,0,0,2026-07-08 16:23:05
386622599,0,ST诺泰(SH688076),2026-04-29 11:33:01,,ST诺泰：2025年度独立董事述职报告（曲峰-届满离任） 网页链接,0,0,0,2041,SH688076,ST诺泰,公告,https://xueqiu.com/S/SH688076/386622599,0,0,2026-07-08 16:23:03
386622600,0,ST诺泰(SH688076),2026-04-29 11:33:01,,ST诺泰：江苏诺泰澳赛诺生物制药股份有限公司董事会审计委员会关于《董事会关于2024年度财务报表计报告带有强调事项段的无保留意见涉及事项影响已消除的专项说明》的意见 网页链接,0,0,0,3138,SH688076,ST诺泰,公告,https://xueqiu.com/S/SH688076/386622600,0,0,2026-07-08 16:23:03
386622601,0,ST诺泰(SH688076),2026-04-29 11:33:01,,ST诺泰：2025年度独立董事述职报告（徐强国-届满离任） 网页链接,0,0,0,2696,SH688076,ST诺泰,公告,https://xueqiu.com/S/SH688076/386622601,0,0,2026-07-08 16:23:03
386622602,0,ST诺泰(SH688076),2026-04-29 11:33:01,,ST诺泰：2025年度独立董事述职报告（高集馥-届满离任） 网页链接,0,0,0,2799,SH688076,ST诺泰,公告,https://xueqiu.com/S/SH688076/386622602,0,0,2026-07-08 16:23:03
386622604,0,ST诺泰(SH688076),2026-04-29 11:33:01,,ST诺泰：2025年度独立董事述职报告（胡文言-届满离任） 网页链接,0,0,0,2846,SH688076,ST诺泰,公告,https://xueqiu.com/S/SH688076/386622604,0,0,2026-07-08 16:23:03
386622605,0,ST诺泰(SH688076),2026-04-29 11:33:01,,ST诺泰：2025年度独立董事述职报告（徐栋娟） 网页链接,0,0,0,3063,SH688076,ST诺泰,公告,https://xueqiu.com/S/SH688076/386622605,0,0,2026-07-08 16:23:03
386622606,0,ST诺泰(SH688076),2026-04-29 11:33:01,,ST诺泰：2025年度独立董事述职报告（寿均华） 网页链接,0,0,0,3114,SH688076,ST诺泰,公告,https://xueqiu.com/S/SH688076/386622606,0,0,2026-07-08 16:23:03
386622607,0,ST诺泰(SH688076),2026-04-29 11:33:01,,ST诺泰：江苏诺泰澳赛诺生物制药股份有限公司审计委员会对会计师事务所2025年度履行监督职责情况的报告 网页链接,0,0,0,3959,SH688076,ST诺泰,公告,https://xueqiu.com/S/SH688076/386622607,0,0,2026-07-08 16:23:03
386622608,0,ST诺泰(SH688076),2026-04-29 11:33:01,,ST诺泰：江苏诺泰澳赛诺生物制药股份有限公司关于2025年度独立董事独立性自查情况的专项报告 网页链接,0,0,0,4820,SH688076,ST诺泰,公告,https://xueqiu.com/S/SH688076/386622608,0,0,2026-07-08 16:23:03
386622609,0,ST诺泰(SH688076),2026-04-29 11:33:01,,ST诺泰：江苏诺泰澳赛诺生物制药股份有限公司关于2025年度会计师事务所履职情况评估报告 网页链接,0,0,0,4845,SH688076,ST诺泰,公告,https://xueqiu.com/S/SH688076/386622609,0,0,2026-07-08 16:23:03
386622611,0,ST诺泰(SH688076),2026-04-29 11:33:01,,ST诺泰：江苏诺泰澳赛诺生物制药股份有限公司关于2025年度董事会审计委员会履职报告 网页链接,0,0,0,4952,SH688076,ST诺泰,公告,https://xueqiu.com/S/SH688076/386622611,0,0,2026-07-08 16:23:03
386622612,0,ST诺泰(SH688076),2026-04-29 11:33:01,,ST诺泰：董事会关于2024年度财务报表审计报告带有强调事项段的无保留意见涉及事项影响已消除的专项说明 网页链接,1,0,0,5234,SH688076,ST诺泰,公告,https://xueqiu.com/S/SH688076/386622612,0,0,2026-07-08 16:23:03
386622613,0,ST诺泰(SH688076),2026-04-29 11:33:01,,ST诺泰：2025年度独立董事述职报告（刘坚） 网页链接,0,0,0,5742,SH688076,ST诺泰,公告,https://xueqiu.com/S/SH688076/386622613,0,0,2026-07-08 16:23:03
386622806,0,ST诺泰(SH688076),2026-04-29 11:34:01,,ST诺泰：2025年年度报告 网页链接,0,1,0,6996,SH688076,ST诺泰,公告,https://xueqiu.com/S/SH688076/386622806,0,0,2026-07-08 16:23:03
386622808,0,ST诺泰(SH688076),2026-04-29 11:34:01,,ST诺泰：关于前期会计差错更正的公告 网页链接,0,1,0,7277,SH688076,ST诺泰,公告,https://xueqiu.com/S/SH688076/386622808,0,1,2026-07-08 16:23:03
386622809,0,ST诺泰(SH688076),2026-04-29 11:34:01,,ST诺泰：江苏诺泰澳赛诺生物制药股份有限公司关于前期会计差错更正后的财务报表及附注 网页链接,0,0,0,9034,SH688076,ST诺泰,公告,https://xueqiu.com/S/SH688076/386622809,0,0,2026-07-08 16:23:03
386622811,0,ST诺泰(SH688076),2026-04-29 11:34:01,,ST诺泰：关于2025年度募集资金存放、管理与实际使用情况的专项报告 网页链接,0,0,0,8540,SH688076,ST诺泰,公告,https://xueqiu.com/S/SH688076/386622811,0,0,2026-07-08 16:23:03
386622812,0,ST诺泰(SH688076),2026-04-29 11:34:01,,ST诺泰：关于开展以套期保值为目的的金融衍生品交易业务的公告 网页链接,0,0,0,9331,SH688076,ST诺泰,公告,https://xueqiu.com/S/SH688076/386622812,0,0,2026-07-08 16:23:03
386622813,0,ST诺泰(SH688076),2026-04-29 11:34:02,,ST诺泰：江苏诺泰澳赛诺生物制药股份有限公司关于开展金融衍生产品交易业务的可行性分析报告 网页链接,0,0,0,11979,SH688076,ST诺泰,公告,https://xueqiu.com/S/SH688076/386622813,0,0,2026-07-08 16:23:03
386622814,0,ST诺泰(SH688076),2026-04-29 11:34:02,,ST诺泰：关于召开2025年度暨2026年第一季度业绩说明会的公告 网页链接,1,0,0,11520,SH688076,ST诺泰,公告,https://xueqiu.com/S/SH688076/386622814,0,0,2026-07-08 16:23:03
386622815,0,ST诺泰(SH688076),2026-04-29 11:34:02,,ST诺泰：关于召开2025年年度股东会的通知 网页链接,0,1,0,11437,SH688076,ST诺泰,公告,https://xueqiu.com/S/SH688076/386622815,0,0,2026-07-08 16:23:01
386625514,9166361019,越来越好运er,2026-04-29 11:44:58,,$ST诺泰(SH688076)$ 今年搞帽；全标准无保留意见！内控是亮点！能分红现金流可以啊一季度又计题减值，后面业绩可期,4,5,0,7530,SH688076,ST诺泰,iPhone,https://xueqiu.com/9166361019/386625514,0,1,2026-07-08 16:23:01
386626486,6226523564,超神学院c9s,2026-04-29 11:48:41,,$ST诺泰(SH688076)$ 好大的雷啊，吓死了,1,2,0,5189,SH688076,ST诺泰,Android,https://xueqiu.com/6226523564/386626486,0,0,2026-07-08 16:23:01
386631480,1836681218,琴山涧5686,2026-04-29 12:03:37,,st诺泰，财报已追溯纠正，内控标准无保留，年底12月17日后可申请摘帽。《一图读懂|诺泰生物2025年度及2026一季度业绩报告》网页链接,5,5,0,12017,SH688076,ST诺泰,Android,https://xueqiu.com/1836681218/386631480,0,0,2026-07-08 16:23:01
386633299,9274729217,萤火之约,2026-04-29 12:09:53,,$ST诺泰(SH688076)$ 9个月了，股东数只减少了七百人。果然还是坚守的人多,2,3,0,10690,SH688076,ST诺泰,iPhone,https://xueqiu.com/9274729217/386633299,0,0,2026-07-08 16:23:01
386633727,8127437981,ZSTOCK2015,2026-04-29 12:10:56,,$ST诺泰(SH688076)$ 26年1季度信用减持，存货跌价计提了3500万，加回去净利润超过去年了,2,4,0,8568,SH688076,ST诺泰,Android,https://xueqiu.com/8127437981/386633727,0,0,2026-07-08 16:23:01
386636456,3750008898,等梅花盛开,2026-04-29 12:21:50,,$ST诺泰(SH688076)$ 我们方哥又多了百来万股，不容易啊！,5,1,0,7325,SH688076,ST诺泰,雪球,https://xueqiu.com/3750008898/386636456,0,0,2026-07-08 16:23:01
386649529,7658458407,木愚而来,2026-04-29 13:02:25,,"$ST诺泰(SH688076)$ 几个亮点：1、2026年Q1 合同负债- 2026-03-31：2,812.57 万元同比（vs 2025-03-31）- 2025Q1：1,932.00 万元- 同比：+45.6%环比（vs 2025-12-31）- 2025年末：2,404.02 万元- 环比：+17.0%2、26Q1营业收入降2%的情况下，实际扣非营业利润增长5%，约1.85亿。说明GLP-1原料药价格基本稳定。没有市场瞎传的血崩。3、按Q1推算，及加上新产品及GLP-1产能爬坡，26年利润最保守应该7亿+。现在动态PE才13。参考$翰宇药业(SZ300199)$ $圣诺医药-B(02257)$ ，真是天上掉馅饼啊！明天20CM",6,13,0,19726,SH688076,ST诺泰,Android,https://xueqiu.com/7658458407/386649529,0,1,2026-07-08 16:23:01
386651008,4619634734,寅木生火,2026-04-29 13:09:35,,$ST诺泰(SH688076)$ 每天砸盘的是谁，好奇怪，看来都是对倒的。 感觉要到转折点了，,0,2,0,7615,SH688076,ST诺泰,Android,https://xueqiu.com/4619634734/386651008,0,0,2026-07-08 16:23:01
386660870,1066996468,拽哥投资,2026-04-29 13:47:15,,$ST诺泰(SH688076)$ 给一个26.66的加仓机会吧,4,3,0,13718,SH688076,ST诺泰,雪球,https://xueqiu.com/1066996468/386660870,0,0,2026-07-08 16:23:01
386664928,7206086591,龙脉决胜,2026-04-29 14:02:24,,$ST诺泰(SH688076)$ 一季度销售费用减少可以理解，但管理费用和研发费用大幅减少是如何做到的？,4,3,0,10709,SH688076,ST诺泰,雪球,https://xueqiu.com/7206086591/386664928,0,0,2026-07-08 16:23:01
386678297,4767171774,莫凡wcg,2026-04-29 15:02:03,,$ST诺泰(SH688076)$ 一季度还计提了3500万，加上这笔钱 比去年1季度盈利要好啊！,0,7,0,8424,SH688076,ST诺泰,雪球,https://xueqiu.com/4767171774/386678297,0,0,2026-07-08 16:23:01
386727287,4202117770,短中长线卧倒选手,2026-04-30 01:19:00,,$ST诺泰(SH688076)$ 这四万股，谁撤单谁孙子,0,4,0,10322,SH688076,ST诺泰,iPad,https://xueqiu.com/4202117770/386727287,0,0,2026-07-08 16:23:01
386755146,7210080041,心法自然,2026-04-30 02:21:10,,$ST诺泰(SH688076)$ 看月线，前面上涨21个月，然后震荡调整21个月，现在负面影响基本消除，预期见底重拾升势21个月,0,2,0,5189,SH688076,ST诺泰,Android,https://xueqiu.com/7210080041/386755146,0,0,2026-07-08 16:23:01
386760539,4202117770,短中长线卧倒选手,2026-04-30 02:33:38,,回复@飞翔0018: 我学证券法的，这种索赔不可能成立，别危言耸听了$ST诺泰(SH688076)$//@飞翔0018:回复@阿福送你一朵小红花:还有股民赔款没出来，不知是几亿还是十几亿,3,3,0,8002,SH688076,ST诺泰,iPad,https://xueqiu.com/4202117770/386760539,0,0,2026-07-08 16:23:01
386772179,4202117770,短中长线卧倒选手,2026-04-30 03:02:09,,回复@阿福送你一朵小红花: 我就直接用语音转文字说明一下。一般来讲被S T之后的索赔案件立案不难，只有持有时间上的要求。这也是我们国家立案登记制之后证券索赔案件增多的一大重要原因。但是立案不代表诉求能够成立。一般来讲。支持诉求需要有实际损害以及损害与诺泰的违法行为之间的因果关系。实践中因果关系的证明非常难，因为你不能说明股价下跌，是因为公司为S T导致的，也有可能同时期大盘以及铜板块的其他个股走势都不是特别好。但对于诺泰来说。他连损害结果的构成要件都没有办法满足，更不用谈损害结果与诺泰违法行为之间的因果关系，因为诺泰被S T之后股价不跌反涨，所以这种情况下法院是不可能认定你在明知股票被st了，同时股票还给你留出了比 S T之前更加高价的出逃路径，然后还认定你的损害结果成立。换言之，在诺泰上面亏钱纯属你个人操作的问题，或者说你就是太贪了。证券法所保护的投资者要求非常高，如果所有的持有S T的人都能通过这种方式来获得赔偿的话，那市场上所有人都会来买S T。至于律师，为什么发广告呢？你们可以看看他们这些发广告的律师所属的律所水平如何？我作为业内人士，反正是从来没有听说过这些律所的，都是些忽悠人的赚点基础律师费的苦命律师罢了。$ST诺泰(SH688076)$//@阿福送你一朵小红花:[该内容已被作者删除],0,3,0,9076,SH688076,ST诺泰,iPad,https://xueqiu.com/4202117770/386772179,0,2,2026-07-08 16:23:01
386782070,3750008898,等梅花盛开,2026-04-30 03:30:18,,$ST诺泰(SH688076)$ 一路砸了9个月，但人家大老板们，关系户们都没跑，只有散户慌慌张张的想逃跑，越到底部越想逃跑...压个几万股就吓的胆颤心惊! 各种给自己编鬼故事！,0,2,0,6911,SH688076,ST诺泰,雪球,https://xueqiu.com/3750008898/386782070,0,0,2026-07-08 16:23:01
386788596,1256278825,值得ing,2026-04-30 03:54:32,诺泰的几个数据,$ST诺泰(SH688076)$ 分享几张草稿数据，欢迎根据数据延伸讨论。营收结构。多肽增长趋势在保持，增长幅度有减弱，增长幅度仍不小，有27%。存货跌价的产品是制剂，一旦纳入医保基本没利润，出口才有钱赚，国际化能力才是出路。经营企业不是一个季度两个季度，不是一个年度两个年度的事。在一个蓬勃发展的强趋势行业里，企业历史的沉淀，当下的布局和趋势都非常重要。从来不相信制造业企业能一个季度三个季度就有实力乌鸡变凤凰。也不担心一个一直表现优异的企业一个季度的亏损就是走向衰败。出口数据，趋势与营收趋势基本相对匹配。26年一季度有延迟确认收入的“嫌疑”。出口省份及出口目的地。多肽全面开花，行业增长迅猛，有实力的玩家就那么几家。药明康德的是诺和诺德从上海出口的，上海本地没有上规模多肽生产厂。25年上海是多肽第一大出口省份。方东晖增持情况，方总增持金额至少5000万元。,9,17,0,17696,SH688076,ST诺泰,雪球,https://xueqiu.com/1256278825/386788596,0,1,2026-07-08 16:23:01
386807010,4202117770,短中长线卧倒选手,2026-04-30 05:28:14,,$ST诺泰(SH688076)$ @飞翔0018 警惕这种嘴巴上唱多，心底里看空的春祸。关于诺泰的索赔问题我已经做了详细且专业的说明，我想小学文凭以上的朋友都能看得明白。作为一位持有者，看到这种消息的第一时间竟然是选择抨击，真是令人不解啊。如果不是立场问题，那就只能认为是认知能力问题了吧,16,3,0,16390,SH688076,ST诺泰,iPhone,https://xueqiu.com/4202117770/386807010,0,0,2026-07-08 16:23:01
386808993,4202117770,短中长线卧倒选手,2026-04-30 05:35:46,,我话就放这，诺泰的每一件索赔案件，都不可能判赔，你敢赌么？@飞翔0018 $ST诺泰(SH688076)$,5,4,0,9385,SH688076,ST诺泰,iPhone,https://xueqiu.com/4202117770/386808993,0,0,2026-07-08 16:22:59
386818759,1836681218,琴山涧5686,2026-04-30 06:09:42,,诺泰的月线，还在练九阴真经，唬谁呢？真起的时候，1阳吞9阴。对真成长股，下跌不可能跌完，往上，则是N倍！$ST诺泰(SH688076)$,4,4,0,13783,SH688076,ST诺泰,Android,https://xueqiu.com/1836681218/386818759,0,0,2026-07-08 16:22:59
386826029,3750008898,等梅花盛开,2026-04-30 06:35:36,,$ST诺泰(SH688076)$ 主力好像还不想行动，今天把昨天加的那点仓位丢出去了.....继续等方老板的进攻信号哈哈,1,0,0,7661,SH688076,ST诺泰,雪球,https://xueqiu.com/3750008898/386826029,0,0,2026-07-08 16:22:59
386851500,2994748381,证券市场周刊,2026-04-30 08:16:06,诺泰生物业绩好于预期 寡核苷酸从战略赛道进入商业化兑现期,4月29日晚间，诺泰生物（688076.SH）同时发布了2025年年报和2026年一季报。从年报来看，公司营收显著增长，报告期内实现营业收入19.43亿元，同比增长19.57%。再从2026年一季报来看，一季度为诺泰生物“利空出尽、利好兑现”的过渡期，短期利润波动不改长期成长逻辑，“GLP-1原料药放量+CDMO订单释放+产能扩张”三大驱动力将持续兑现。从年报到一季报 公司深耕能力圈硕果累累从2025年年报到2026一季报，多项核心的财务数据显示公司在赛道上的不俗成绩：从营业收入来看，2025年全年公司录得营收19.4亿元，今年一季度已实现营收5.5亿元。从扣非归母净利润来看，去年全年公司录得3.7亿元，今年一季度就已实现1.2亿元。截至2025年末，公司的总资产约为67.4亿元。同时在其营收占比中，公司的自主业务占比为70.4%，定制及技术服务为29.6%。进一步看公司主营业务的毛利率，多肽约为78%，小分子约为58%。而公司2025年海内外业务营收占比，国外占比为70%，国内占比为30%。从年报看，在自主选择产品方面，截至期末，公司已取得19个原料药品种的国内上市申请批准通知书，16个制剂品种的国内药品注册证书；40个原料药或中间体品种获得美国FDA DMF/VMF编号，司美格鲁肽、利拉鲁肽、磷酸奥司他韦等8个品种已通过与制剂的关联技术审评。目前，公司的多肽原料药已经销往美国、印度、加拿大、欧洲等海外市场，主要客户包括多家国内外知名的制药公司，支持其制剂的研发或注册申报。在定制类产品及技术服务方面，公司的CDMO业务主要为全球创新药企提供创新药高级医药中间体及原料药的定制研发+定制生产服务，服务于创新药从临床I、Ⅱ、Ⅲ期到药品成功获批上市后的各个阶段，赢得客户高度认可。目前，公司已与Incyte、Gilead等国内外知名创新药企建立了稳固的合作关系。董事长童梓权指出，2026年集团将以BD、研发、生产三大核心引擎驱动发展，构建战略闭环、协同作战的发展体系。对内强化高效协同、精细管理、闭环迭代；对外坚持全球化战略，深耕赛道、拓展价值。继续着眼产业大势，布局未来，与势为伍，乘势而上，坚持长期主义，不断地攻坚克难。寡核苷酸进入高速发展期无论是2025年年报还是2026年一季报，都显示公司第二增长点寡核苷酸成绩喜人。从年报来看，公司将寡核苷酸定为战略赛道，建成固液融合+GalNAc偶联核心技术，产能与CDMO收入爆发；从一季报来看，诺泰生物的寡核苷酸业务正式进入高速发展期。首先，寡核苷酸是指由十几个到几十个核苷酸串联组成的短链核酸，目前主要包括反义核酸药物和小干扰核酸药物，作用于pre-mRNA或mRNA，通过干预靶标基因表达实现疾病治疗目的。从诺泰生物的情况来看，公司坚持“时间领先、技术领先”战略，以多肽、小分子为基石，加速推进寡核苷酸业务商业化，构建“多肽+寡核苷酸”双轮驱动格局。其正成为市场关注的核心焦点，尤其在产能建设、技术突破和国际合作方面的进展显著提升了行业关注度。从发展成果来看，产能实现吨级跃升，商业化能力落地。2026年3月，诺泰生物位于连云港的寡核苷酸原料药生产车间正式投产，产能从百公斤级跃升至吨级规模，单次合成最大规模由100毫摩尔提升至1800毫摩尔。新车间配备全球领先的Cytiva OligoProcess合成仪、BioProcess纯化仪及Sartorius超滤系统。整体来看，连云港寡核苷酸吨级车间投产，产能与质量达到国际一流水平，可以满足全球客户从临床前到商业化的全流程CDMO需求。同时，公司到目前还形成了2条十公斤级商业化线和3条公斤级中试线。实际此前，公司已为全球TOP10药企制定的sIRNA原料药完成工艺验证，2025年1季度起就规模化供货，单项目年收入超1亿元，单价为传统多肽的3倍多。同时，在自主研发管线方面，GaINAc-siRNA（乙肝）完成一期临床，病毒抑制率为82%优于海外竞品，2026年预计签订二期合作，首付款约5000万美元。目前，公司的寡核苷酸技术平台构建已经形成差异化优势。在固相合成上，引进Cytiva最新一代固相合成仪，偶联效率高、易放大；在液相合成上，则依托多肽技术优势，完成超长联、大规模液相合成（含PMO）。而该平台独创的“固相+液相”双合成技术：结合两种路径优势，有效解决长链寡核苷酸合成中的杂质控制与收率难题，生产成本较传统工艺降低22%。此外，就GalNAc-siRNA肝靶向递送技术而言，在乙肝治疗I期临床中病毒抑制率达82%，超过Alnylam同类产品（75%）。公司还在PMO单体合成工艺上实现突破，目前已完成4种PMO单体开发，杂质控制优于行业均值，脱酰胺产物控制在0.1%以内。整体看，凭借GalNAc-寡核苷酸偶联技术，公司开发出高效的GalNAc寡核苷酸偶联平台，可将GalNAc共价缀合到寡核苷酸链3‘/中间5’末端；可树脂上反应，也可氨解后液相反应。此外，其客户合作与国际认证夯实竞争力。目前，诺泰生物已与因赛特（Ionis）、吉利德（Gilead）等海外创新药企建立稳固合作关系。2025年3月，子公司诺泰诺和成为国内同业中首家通过FDA cGMP检查的企业，获得国际市场“通行证”。连云港工厂多次通过FDA、PIC/S成员国及中国NMPA合规检查，质量体系获国际认可。前瞻来看，寡核苷酸的市场前景广阔，增长潜力明确。全球小核酸药物市场规模预计从2024年的439.5亿元增长至2031年的1338.2亿元，CAGR达16.8%。诺泰生物凭借“多肽+寡核苷酸”双轮驱动技术矩阵，正切入代谢、肿瘤、罕见病等高潜力赛道，抢占先机！免责声明：本文仅供参考，不构成投资建议。,1,8,0,18698,SH688076,ST诺泰,雪球,https://xueqiu.com/2994748381/386851500,0,3,2026-07-08 16:22:59
386873581,9166361019,越来越好运er,2026-04-30 10:12:26,,$ST诺泰(SH688076)$ 在自主研发管线方面，GaINAc-siRNA（乙肝）完成一期临床，病毒抑制率为82%优于海外竞品，2026年预计签订二期合作，首付款约5000万美元预计5千万美元，小作文写的不错👍,4,6,0,13746,SH688076,ST诺泰,iPhone,https://xueqiu.com/9166361019/386873581,0,0,2026-07-08 16:22:59
386924291,7658458407,木愚而来,2026-04-30 15:17:31,,$ST诺泰(SH688076)$ 重大利好来袭，美国 FDA 针对司美格鲁肽、替尔泊肽、利拉鲁肽。提议将部分 GLP-1 类药物剔除出503B 大宗原料药名录。预计增厚诺泰2026年利润2亿左右。,9,8,0,18585,SH688076,ST诺泰,Android,https://xueqiu.com/7658458407/386924291,0,2,2026-07-08 16:22:59
386942548,1836681218,琴山涧5686,2026-04-30 22:23:19,,美国FDA，4月30日最新消息（网页链接），可惜我英文水平太烂了，不过现在线上直接翻译很方便，难不倒人。什么意思呢？美国FDA于2026年4月30日发布官方公告，正式提议将司美格鲁肽、替尔泊肽、利拉鲁肽从503B大宗原料药名录中剔除，核心依据是FDA评估后，未发现外包复合机构使用这些原料药进行批量复方配制的临床需求，此举核心目的是打击美国市场上非FDA批准的廉价GLP-1复方制剂，规范市场秩序。目前FDA发布提案草案，处于公众意见征集期（截至2026年6月29日）。503B名录对应的是美国复合药房的批量配制需求（这块属HYYY的市场，不久前发了订单公告），而诺泰生物的多肽原料药在美国市场的核心目标客户是正规仿制药企业。这个一旦形成法案正式实施，HYYY在美国的业务就成了非法了，正规的渠道是买诺泰的，看市场能理解到这个情报不？有时候市场就是个瞎子，HYYY200亿市值，诺泰市值现在不足百亿，即便现在将他们市值调换，诺泰都低估到发指，但市场终会纠偏的！$ST诺泰(SH688076)$,4,5,0,21231,SH688076,ST诺泰,Android,https://xueqiu.com/1836681218/386942548,0,0,2026-07-08 16:22:59
386946943,9526081372,长牛乱舞,2026-05-01 00:04:15,,FDA的这项提案堵死非合规“山寨减肥药”的生存空间，把市场拱手让给合规的“正规军”。在这个逻辑下，作为头部合规CDMO/原料药巨头的诺泰生物是核心受益者。,0,8,0,11590,SH688076,ST诺泰,Android,https://xueqiu.com/9526081372/386946943,0,0,2026-07-08 16:22:59
386947401,5281258486,望江望海不忘水,2026-05-01 00:11:18,,$ST诺泰(SH688076)$ 【转自证券时代周刊】4月29日晚间，诺泰生物(688076.SH)同时发布了2025年年报和2026年一季报。从年报来看，公司营收显著增长，报告期内实现营业收入19.43亿元，同比增长19.57%。再从2026年一季报来看，一季度为诺泰生物“利空出尽、利好兑现”的过渡期，短期利润波动不改长期成长逻辑，“GLP-1原料药放量+CDMO订单释放+产能扩张”三大驱动力将持续兑现。,0,0,0,10053,SH688076,ST诺泰,Android,https://xueqiu.com/5281258486/386947401,0,0,2026-07-08 16:22:59
386950116,1836681218,琴山涧5686,2026-05-01 00:50:59,,503B大宗原料药名录（503B Bulks List），是美国FDA依据《联邦食品、药品和化妆品法案》（FD&amp;C Act）503B条款建立的法定原料药清单，全称是“503B条款下存在临床需求的大宗原料药（原料药/API）清单”。该名录的法定基础，是2013年美国颁布的《药品质量与安全法案》（DQSA）新增的FD&amp;C Act 503B条款。立法初衷是解决美国药品短缺问题、满足临床个性化用药需求，同时填补此前药品配制环节的监管漏洞，降低用药安全风险。503B条款专门规范FDA注册的药品外包配制机构（区别于503A条款下的州立药房个体处方配制），这类机构可批量配制药品、供应给医疗机构作为办公库存，无需绑定单个患者的处方，是美国医院配制药的核心供应方。名录是503B外包机构使用原料药的法定准入门槛，503B外包机构配制药品时，仅可在两种情形下使用大宗原料药，否则无法享受503B条款的监管豁免，且会被认定为违规：1.该原料药已被纳入503B大宗原料药名录；2.用该原料药配制的药品，在配制、分销、配药的全流程中，均处于FDA发布的药品短缺清单内。FDA采用“提名-评估-公示-正式发布”的法定流程管理名录，全程公开透明：1.面向公众开放原料药提名通道，接收临床、行业等各方的纳入申请；2.对提名的原料药逐个开展临床需求、安全性、获益风险比评估；3.在《联邦公报》发布拟纳入/拟不纳入的公告，设置不少于60天的公众评论期，最终发布正式决定，动态更新名录的纳入、剔除清单。原料药能否被纳入名录，核心判定标准是“存在明确的临床需求”，FDA的核心评估维度包括：1.该成分是否有FDA已获批的上市药品，已获批药品是否无法满足临床特殊需求；2.临床使用的必要性、患者获益是否显著大于潜在安全风险；3.是否有充足的安全性、有效性证据支持配制使用。即便原料药被纳入名录，也必须同时满足以下要求，方可用于503B机构的药品配制：1.若有USP/NF等FDA认可的药典标准，必须完全符合药典要求；2.原料药生产企业必须完成FDA 510条款的生产场地注册；3.每批次原料药必须附带有效的检验报告（COA）；4.配制全流程必须遵守cGMP（动态药品生产管理规范），接受FDA的风险导向例行检查，强制上报药品不良事件。FDA官网发布的名录分为两大核心板块，持续动态更新：1. 已纳入清单：经FDA评估确认存在临床需求，允许503B机构用于配制的原料药，包含原料药名称、联邦公报公告编号、正式发布日期等信息；2. 不予纳入清单：经FDA评估确认无明确临床需求，禁止503B机构常规用于配制的原料药，同步公示不予纳入的理由与公告信息。这个对美国临床端，平衡了个性化用药、短缺药可及性与用药安全，规范了医院配制药的供应链，降低了非法配制的安全风险。对全球原料药企业来说，该名录是原料药进入美国503B配制药市场的核心准入门槛，只有纳入名录的原料药，才能稳定向美国数千家503B外包机构供货，是原料药企业拓展美国市场的重要合规目标之一。名录，针对的是药房市场，对面向大型仿制药企业市场的原料药企业，昨天美国FDA发布的那份文件（网页链接）在某种程度上是构成利好的。$ST诺泰(SH688076)$ $翰宇药业(SZ300199)$ $圣诺生物(SH688117)$,2,6,0,63507,SH688076,ST诺泰,Android,https://xueqiu.com/1836681218/386950116,0,1,2026-07-08 16:22:59
386950835,1968252884,策略策略,2026-05-01 01:01:18,,$ST诺泰(SH688076)$ 太忙了，连年报都没时间看了。可以说，财报出来，给散户们坚定了信心。大户加仓，股东减少，洗盘洗不出来，这是一季报的直观结果。$礼来(LLY)$ $药明康德(SH603259)$ 近期对2026的大好展望，叠加诺泰生物12月份摘帽，只等资金过来一起做多。先做出口，后面国内原料制剂一起开打，有奥司他韦经验。寡核苷酸美国占比最高，中国还需努力。加油吧。,7,6,0,27084,SH688076,ST诺泰,Android,https://xueqiu.com/1968252884/386950835,0,0,2026-07-08 16:22:59
386951244,1968252884,策略策略,2026-05-01 01:06:42,,$ST诺泰(SH688076)$ 礼来 诺和诺德，这种背书，技术方向错不了，国内也支持减重。我看的比较超前，资金动作太慢。比如下面这个。$华峰测控(SH688200)$,0,6,0,24762,SH688076,ST诺泰,Android,https://xueqiu.com/1968252884/386951244,0,0,2026-07-08 16:22:59
386961362,1836681218,琴山涧5686,2026-05-01 03:10:38,,回复@黄条徐梓: 你也是随口就来呀，你研究了公司基本面没有？哪里看到有诺泰通过中间商销售的？诺泰直接对接下游制剂药企，无公开信息显示向中间贸易商供货，少量合规渠道经销商辅助市场拓展，非主流模式非贸易属性，可能会有微不足道的那么一丁点。//@黄条徐梓:回复@琴山涧5686:诺泰生物也供应啊 ，很多出口给中间商的最后都是流入 这个药房市场的,3,2,0,17060,SH688076,ST诺泰,Android,https://xueqiu.com/1836681218/386961362,0,0,2026-07-08 16:22:59
386984233,8171715491,A8171715491,2026-05-01 09:19:41,,律师现在的素质差到极点，到处告知有ST股票的人可以索赔，诺泰生物30元涨到81元，戴帽ST买了又涨到50元，现在持有股票股友，只要在这个点位不抛特，都是会 赚大钱的，耐心持有。,3,1,0,20631,SH688076,ST诺泰,Android,https://xueqiu.com/8171715491/386984233,0,0,2026-07-08 16:22:59
387026524,3237139935,聚焦企业内在价值,2026-05-01 23:45:12,企业内在价值：诺泰生物2025年年报和2026年一季报解读！,"闲言少叙，咱们直入正题！进入年报季报分析4步走！先把业绩会信息放上去：股东会现场的公告好了，下面直接进入步1：看年报了！步1：企业经营情况分析一、 财务表现与增长趋势2025年度，公司整体经营保持稳健，营业收入实现了显著增长，但受成本及减值影响，利润水平有所波动。营业收入： 2025年实现营业收入 19.43亿元，较2024年增长 19.57%。增长驱动力： 主要得益于多肽原料药及小分子CDMO（定制研发生产）业务的收入增长。盈利指标：归母净利润： 3.32亿元，同比下降 17.80%。扣非归母净利润： 3.66亿元，同比下降 10.21%。毛利率： 综合毛利率为 62.72%，较上年减少5.06个百分点。现金流： 经营活动产生的现金流量净额为 6.81亿元，同比大幅增长 70.26%，主要系货款回收增加所致。二、 核心业务板块分析公司采取“自主选择产品”与“定制类产品（CDMO）”双轮驱动的经营模式。1. 自主选择产品（增长核心）营收表现： 实现收入 13.68亿元，同比增长 21.16%，毛利率高达 67.79%。产品布局： 聚焦多肽药物，涵盖司美格鲁肽、利拉鲁肽、替尔泊肽等重磅品种。技术优势： 突破了长链多肽规模化生产技术瓶颈，具备侧链化学修饰多肽的数公斤级大生产能力。2. 定制类产品及技术服务（CDMO）营收表现： 实现收入 5.73亿元，同比增长 15.87%。客户结构： 与Incyte、Gilead等知名创新药企建立了稳固合作，服务于艾滋病、肿瘤等重大疾病领域。三、 研发投入与成果公司坚持“技术领先”战略，持续维持高强度的研发投入以巩固竞争壁垒。研发投入额： 2025年研发总投入达 4.54亿元，占营业收入的 23.37%。研发成果：制剂： 注射用醋酸西曲瑞克、阿戈美拉汀片等多个品种取得国内药品注册证书。原料药： 司美格鲁肽、依替巴肽取得伊朗注册证书，替尔泊肽取得孟加拉注册证书。知识产权： 全年新增发明专利申请27个，获得11个。四、 市场分布与销售模式国外市场（主力）： 境外收入 13.65亿元，同比增长 33.13%，毛利率为 72.07%，是公司利润的主要来源。国内市场： 境内收入 5.75亿元，同比略降 3.76%。销售模式： 以直销为主（占比约74.5%），直销收入同比增长 41.49%。五、 未来风险关注尽管基本面稳健，但投资者需关注以下潜在风险：市场竞争： 国内市场竞争日趋激烈，行业内卷可能持续施压毛利率。研发风险： 药品研发周期长且存在不确定性，关键技术突破或临床失败将影响盈利。汇率波动： 境外收入占比较高，人民币汇率波动可能导致汇兑损失。地缘政治： 海外业务面临贸易政策及国际环境变化的风险。继续=》进入步2：2025年分产品收入与毛利结构分析 一、 分产品收入结构分析公司业务主要分为自主选择产品、定制类产品及技术服务两大部分。自主选择产品（核心增长极）：收入金额： 实现收入 13.68亿元，同比增长 21.16%。占比情况： 占主营业务收入的 70.47%，是公司的第一大收入来源。核心驱动： 主要是多肽原料药（如司美格鲁肽、利拉鲁肽、替尔泊肽等）及制剂产品的市场需求持续增长所致。定制类产品及技术服务（CDMO）：收入金额： 实现收入 5.73亿元，同比增长 15.87%。占比情况： 占主营业务收入的 29.53%。业务属性： 该部分主要为国内外药企提供小分子及多肽药物的研发生产服务，具有较强的技术粘性。二、 毛利结构与盈利能力分析2025年公司综合毛利率为 62.72%，虽然维持在较高水平，但较上年下降了 5.06个百分点。1. 分产品毛利率对比自主选择产品： 毛利率为 67.79%，同比下降 6.91个百分点。分析： 该板块毛利贡献最高，但受国内市场竞争加剧及产品结构调整的影响，毛利水平出现一定程度收缩。定制类产品及技术服务： 毛利率为 50.63%，同比增加 1.86个百分点。分析： 该业务板块盈利能力较为稳定，且在2025年实现了效率优化带来的微幅增长。2. 地区间盈利差异（结构性特征）境外业务（高盈利区）： 境外毛利率高达 72.07%，实现毛利约 9.84亿元。境内业务（低盈利区）： 境内毛利率仅为 40.54%，且同比大幅下降 14.24个百分点。点评： 公司的利润结构严重依赖海外市场，境外的毛利贡献远超境内，境内市场正面临激烈的行业内卷压力。三、 2025年产品结构的主要变化 点评：2025年公司呈现出“收入结构向自主多肽产品倾斜，毛利空间受境内竞争挤压”的态势。尽管多肽原料药的规模效应持续释放拉动了营收，但如何应对国内毛利率的快速下滑以及维持海外市场的高壁垒，是公司未来结构优化的重点。2025年分产品营业收入与毛利结构表点评：1. 增长引擎：自主选择产品收入支撑： 该业务贡献了超过七成的营收，是公司绝对的核心增长点。产品驱动： 增长主要源于多肽原料药（如司美格鲁肽、替尔泊肽等）在国内外市场的渗透率提升。毛利韧性： 尽管毛利率因国内竞争有所下滑，但 67.79% 的水平依然远高于定制类业务，是公司利润的主要护城河。2. 稳健辅助：定制类产品 (CDMO)业务表现： 收入增长稳健（+15.87%），且是唯一实现毛利率正向增长（+1.86 pct）的板块。毛利贡献： 虽然收入占比不到三成，但其毛利率的改善有助于平滑自主产品价格波动带来的风险。3. 市场结构性背离境外高溢价： 境外业务毛利率高达 72.07%，贡献了绝大部分利润净值。境内价格承压： 境内毛利率大幅缩水 14.24个百分点，降至 40.54%，显示国内多肽及相关制剂市场竞争已进入白热化阶段。说白了，诺泰生物的净利润贡献主要靠减肥药，主要靠国外为主！继续=》步3：那么2025年年报增长，经营情况是否如预期？答案是不及预期。营收的预期在22-28亿，最终是19.43亿，净利润的预期在5.5亿元，实际上是3.32亿元。当然市场也给了明显的下跌来反映，券商更直接，不覆盖了。下面看详细的=》1. 收入端：超额完成规模扩张增长速度： 2025年实现营业收入 19.43亿元，同比增长 19.57%。预期达成情况： 公司在多肽原料药领域的先发优势得到了市场验证，特别是司美格鲁肽、替尔泊肽等重磅品种的规模化生产，拉动自主选择产品板块实现了 21.16% 的强劲增长。这一表现符合公司通过技术壁垒置换市场份额的增长逻辑。2. 利润端：显著低于市场普遍预期盈利倒挂： 归母净利润下降 17.80%，扣非归母净利润下降 10.21%。偏离原因：毛利率下滑： 综合毛利率下降了 5.06个百分点。这主要是因为国内市场竞争白热化，境内业务毛利率出现了 14.24个百分点 的断崖式下跌。减值影响： 2025年计提了较大规模的资产减值损失，对净利润产生了直接拖累。3. 经营质量：现金流表现超预期回款能力： 经营活动产生的现金流量净额达到 6.81亿元，同比大幅增长 70.26%。财务稳健性： 尽管账面利润缩水，但公司实际收回货款的能力显著增强，说明其核心产品的市场话语权依然较强，并非通过牺牲账期来换取收入增长。然后2026年一季报来了，可以先看一下一季报=》一、 核心财务数据：业绩阶段性承压公司在2026年第一季度经历了营收与利润的“双降”，整体经营节奏较去年同期有所放缓：营收微跌：实现营业收入约 5.53亿元，同比下降 2.23%。利润显著缩减：归属于上市公司股东的净利润为 1.29亿元，同比下降 15.17%；扣非后净利润下降 17.78%。盈利能力指标：加权平均净资产收益率（ROE）为 4.24%，较上年同期减少了 1.33个百分点，显示资本回报效率有所下降。二、 经营质量分析：成本增加与研发收缩通过利润表和现金流量表的对比，可以发现以下几个关键变动：1. 成本端压力上升营业成本激增：在营收微降的情况下，营业成本从1.69亿元上升至 2.10亿元。这意味着毛利率空间受到了挤压，可能源于原材料价格波动、产品结构变动或产能利用率的影响。财务费用大增：财务费用同比大幅增长，其中利息费用从1289万元增加至 1619万元，反映出公司债务规模或融资成本的上升。2. 研发投入大幅调整研发费用削减：本期研发投入为 7425万元，同比下降了 38.52%。影响：研发占营收比重从21.35%降至 13.43%。虽然短期内有助于缓解利润压力，但作为生物制药企业，研发投入的持续减少可能对长期产品竞争力产生影响。3. 现金流表现稳健经营性现金流向好：尽管利润下降，但经营活动产生的现金流量净额为 1.48亿元，同比略增 1.71%。这说明公司的回款能力和核心业务的“造血”功能依然扎实。三、 资产与负债：扩张态势依然存在从资产负债表来看，公司仍处于资本开支和规模扩张的过程中：这里面有几个点说一下：1.研发的削减，目前阶段是合理的，当下主要是回收现金流，保命，熬到可以融资的阶段。2.目前营业成本上升，毛利率下降，本质上还是竞争加剧，后续能做的就是扩产，以量补价这个思路，之后看替尔泊肽的放量情况。3.较高的利息费用支出对利润侵蚀明显，这块目前无解，最主要的还是把产能扩出来，换成净利润，去覆盖掉利息成本。下面重点说一下在建工程与无形资产这块1. 在建工程：结转固定资产，产能开始释放本期末，公司的在建工程余额为 6.55亿元，较上年度末的 6.93亿元 减少了约 3,716万元。变动原因：项目达到预定可使用状态。 结合固定资产从 22.53亿元 增长至 23.41亿元（增长约8,800万元）来看，在建工程的减少主要是因为部分前期投入的生产线或工程项目在第一季度完成建设并通过验收，正式结转为固定资产。经营信号： 这通常意味着公司新的产能正在从“投入期”进入“投产期”，后续需要关注这些新投产的固定资产能否带来相应的营收增长，以及随之而来的折旧费用对利润的压力。2. 无形资产：大幅增长与研发资本化本期末，公司的无形资产为 2.04亿元，较上年度末的 1.55亿元 显著增加了约 4,960万元，增幅高达 32%。变动原因一：研发项目资本化。 报告显示本期“开发支出”余额从 2.99亿元 下降至 2.64亿元（减少约3,500万元）。这说明公司部分研发项目已达到资本化里程碑或取得专利/证书，从开发阶段转入了无形资产核算。变动原因二：外部购置或土地投入。 现金流量表中“购建固定资产、无形资产和其他长期资产支付的现金”本期支出高达 1.67亿元。这部分支出除了涵盖上述在建工程的持续投入外，也包含了新购置的非专利技术、软件系统或土地使用权，直接推高了无形资产账面值。经营信号： 无形资产的增加反映了公司在技术壁垒上的持续积累。3. 关联变动：开发支出与现金流的佐证开发支出余额下降： 减少的 3,440万元 主要是转入了上述无形资产。投资活动现金流压力： 尽管本期购建资产的现金支出（1.67亿元）较去年同期（3.53亿元）有所收窄，但依然维持在较高水平。这表明 ST诺泰目前仍处于重资产扩张阶段，通过牺牲短期现金流来换取长期的产能和技术优势。资产变动逻辑点评：由于在建工程和无形资产的大量转入，公司未来几个季度的折旧与摊销费用将会显著上升。在第一季度营收同比微降（-2.23%）的背景下，如果这些新增资产不能迅速转化为产量和销售额，利润表现可能会继续面临承压风险。诺泰生物 2026 年资产结转与利润风险评估表结论这种“资产先行、营收滞后”的局面在未来 2-3 个季度内引发利润承压的可能性非常大。核心观察点：产能利用率：需关注二季报中营收能否止跌回升，这是消化固定成本的关键。存货去化：目前存货高达 8.99 亿元，若存货周转天数拉长，说明新增产能正在变成积压库存而非现金流。研发资本化节奏：开发支出余额仍有 2.64 亿元，若继续大量转入无形资产，摊销压力将进一步放大。合同负债：合同负债的下滑是您提到的“利润承压风险”中一个非常不利的信号。它直接说明了在资产刚性折旧开始上升时，前端订单端并没有给出强力的增长支撑。后续这几个点都需要关注，其中合同负债算是先行指标之一，密切关注。总结： ST诺泰在2026年开局的表现较为平淡。公司在维持经营性现金流稳定的前提下，面临着成本上升与净利润下滑的挑战，关注以量补价的进展情况。对了，这里面还需要问一句：2025年，诺泰生物的产能情况如何？一、 核心产能基地的职能划分公司目前形成了“两大基地”协同的生产格局：连云港生产基地（诺泰生物）： 主要负责多肽及小分子化学药物的原料药（API）和制剂的规模化生产。建德生产基地（澳赛诺）： 侧重于小分子药物的高级中间体生产。二、 2025年产能的关键进展报告期内，公司通过新产能投产和技术升级，显著提升了核心产品（尤其是多肽）的供应能力：多肽吨级产能突破： 公司自主研发并投产了第四代规模化吨级多肽原料药生产线（即601、602车间）。单批次产量提升： 凭借固液融合等多肽规模化生产技术，公司已实现司美格鲁肽、替尔泊肽等长链多肽单批次产量超过10公斤。全产业链匹配： 产能覆盖了从“起始物料—中间体—原料药—制剂”的全过程，确保了供应链的稳定性和成本优势。1.这些车间（连同105、705等）的合规化手续正在办理中，节点尚来到产权办理，预计2026年度完成产证办理。这说明从财务和合规角度看，车间已经由“在建”转为“固定资产”，具备生产资质，但行政确权还需时间。 这里的行政确权在这里特指领取厂房不动产权证的最后行政手续。也就是目前 601/602 车间的状态是：“肉身”已投入战斗（生产产出、财务折旧），但“户口”（行政登记）预计在 2026 年正式落定。 这在大型工业项目中属于正常的进度差异，不影响其作为“吨级多肽产能”的核心业务功能。2.确认第四代规模化吨级多肽生产车间 601/602 “于今年已顺利投产”。这意味着生产线已经跑通了从投料到产出的全流程。在制药行业，“顺利投产”通常指完成了设备调试、工艺验证（Validation）并正式进入商业化或规模化生产阶段。产能利用率通常会经历以下阶段：初期阶段（2025年）： 刚投产时，由于设备磨合、员工操作熟练度以及订单排产的节奏，产能利用率往往处于低位，正在进行“产能爬坡”。放量阶段： 随着全球GLP-1订单（如司美格鲁肽原料药）的持续输入，利用率才会逐步抬升。也就是601/602车间在2025年完成了“从无到有”的建设与合规，但目前处于“产能储备及初步释放”阶段，利用率尚未达到饱和。厂子已经建好了，产能到出料产出已经搞定，就等单子，所以未来还有产能利用率提升的逻辑。三、 生产量与交付数据（2025年度）从报告披露的产销数据来看，2025年的实际产出情况如下：实际上，诺泰生物的601/602车间真正准备的应该是给替尔泊肽，当下的核心支撑是司美格鲁肽。1. 技术壁垒与毛利率：替尔泊肽占优合成难度： 替尔泊肽是双靶点激动剂，其氨基酸序列更长且含有非天然氨基酸，合成难度和纯化要求高于司美格鲁肽。溢价能力： 由于技术门槛更高，替尔泊肽原料药的单位价格和毛利率通常高于竞争更为激烈的司美格鲁肽。诺泰生物凭借“固液融合”技术在长链多肽上的突破，在替尔泊肽这种超长肽链品种上更能体现其成本控制和收率优势。2. 产能匹配与爆发力：替尔泊肽是“新动能”市场生命周期： 司美格鲁肽已进入稳产和大规模放量期；而替尔泊肽作为较晚推出的品种，其全球需求正处于斜率更陡峭的上升期。新增产能利用率： 2025 年顺利投产的 601、602 吨级车间，很大程度上是为了应对替尔泊肽等重磅品种的商业化订单。对于诺泰而言，替尔泊肽订单的填补速度直接决定了 2026-2028 年新产能的利润兑现程度。3. 商业模式：CDMO 与自主选择产品的平衡司美格鲁肽（自主选择）： 公司已提交司美格鲁肽注射液上市申请，并有口服制剂获批临床，其价值更多体现在“原料药+制剂”的一体化利润。替尔泊肽（CDMO/战略合作）： 诺泰在 2025 年签订了多项“欧美双靶点多肽创新药 CDMO 订单”。考虑到替尔泊肽作为双靶点药物的代表，这些战略订单的落地不仅贡献利润，还巩固了其在全球多肽 CDMO 梯队中的领先地位。司美格鲁肽和替尔泊肽的价值对比点评：如果说司美格鲁肽是诺泰生物在 2025 年实现 19 亿营收的“压舱石”，那么替尔泊肽则是决定公司能否在 2028 年利润预期的“胜负手”。2026 年 5 月， 601/602 车间已投产半年以上且正处于行政确权完成前夕，替尔泊肽订单的交付质量和扩容速度将比司美格鲁肽更能左右资本市场对诺泰生物的估值逻辑。从药理特性、技术壁垒以及诺泰生物（ST诺泰）的产能布局来看，替尔泊肽（Tirzepatide）的潜在价值确实更大，且毛利率预计更高。1. 技术壁垒决定的高毛利合成复杂度： 替尔泊肽不仅链长（39个氨基酸），且含有非天然氨基酸修饰和复杂的侧链结构。这种结构的合成收率远低于普通多肽。收率与成本优势： 诺泰生物凭借“固液融合”技术，在长链多肽上实现了单批次10公斤以上的产量。在行业普遍难以规模化生产替尔泊肽时，公司能够通过更高的收率实现更低的单位成本，从而获得远超行业平均水平的毛利率。纯化难度： 替尔泊肽的杂质谱比司美格鲁肽更复杂，对纯化技术要求极高。具备这种高纯度大规模供应能力的厂商较少，因此拥有更强的议价权。2. 产能消耗与边际效益新产能的“最佳拍档”： 601/602车间的吨级产能是为这种高需求、高单价品种量身定做的。折旧摊薄： 由于替尔泊肽单价高，其带来的营收能更有效地覆盖新转固资产（约2724万元）产生的折旧成本，从而更快地提升整体净利润率。3. 市场竞争格局司美格鲁肽： 全球范围内已有较多厂家（包括多家中国企业）在布局原料药申报，竞争趋于白热化，未来可能面临价格战。替尔泊肽： 目前处于专利期内的爆发式增长阶段，且由于合成极难，全球合规供应商（如诺泰生物这样通过FDA检查的）非常稀缺。战略定位： 诺泰在2025年签订的“欧美双靶点多肽创新药CDMO订单”正是以替尔泊肽这类双靶点药物为代表，这不仅带来了高额利润，还锁定了长期稳定的客户关系。所以诺泰生物的核心应该是要落在替尔泊肽上，当下的关注点是订单公告，合同负债，毛利率，净利润率。说白了就是钱花出去了，开始往回赚了，看赚的能力了，先是订单，之后产能利用率的提升匹配是后续的核心看点。好了，继续，也就是最后一步，步4：企业内在价值再评估当下是2026年5月2日，诺泰生物的市值是93.96亿元，股价是29.73元，市净率是3.02倍。当下不好拍2028年的情况，只能说，2026-2027年经历的就是产能利用率提升，与司美格鲁肽毛利率下降，替尔泊肽高毛利率放量这种交叉的状态，按照一季度的来看，5.5亿营收，1.29亿利润，后续维持的话，则2026年，22亿营收，5.16亿净利润。如果稍稍对替尔泊肽的预期高一些，那么2026年 25亿利润5.86亿净利润。2027年和2028年后续动态跟踪，应该会比2026年大概率要好，因为固定资产转固，折旧这些陆续要差不多了。判断的核心：2026 年关键点： 观察替尔泊肽 CDMO 订单的交付节奏，看其能否在二、三季度快速填补 601/602 的吨级产能。2027-2028 年关键点： 关注 2026 年行政确权完成后，资产负债表的稳定性和后续制剂产品的获批进度。只要替尔泊肽的放量能够抵消司美格鲁肽的均值回归，并跑赢每年约 3000 万-5000 万的新增折旧支出，那么预估的利润阶梯式上升是极大概率事件。如果拍一下 2028年 8亿利润的话，则就我个人而言，目前倾向于2026年 5.86亿利润，2028年8亿利润预期，则2028年有望看到160亿的诺泰生物，也就是50.63元，潜在涨幅70.29%。就这些！$ST诺泰(SH688076)$ $翰宇药业(SZ300199)$",28,15,0,90528,SH688076,ST诺泰,雪球,https://xueqiu.com/3237139935/387026524,0,16,2026-07-08 16:22:59
387035480,9166361019,越来越好运er,2026-05-02 02:30:17,,$ST诺泰(SH688076)$ 二家客户的仿制药都获批了，还磨叽快受不了我错了，感觉不好,9,6,0,22896,SH688076,ST诺泰,iPhone,https://xueqiu.com/9166361019/387035480,0,2,2026-07-08 16:22:59
387036916,7457273656,大地飞鹰23,2026-05-02 02:53:07,,$ST诺泰(SH688076)$ 买了这个股票很久了，经历了分红多次，转赠股份一次，转债配送一次，今年再分0.35元，累计每股领取分红1.85元，虽然经历了9个月的下跌，把人搞得很郁闷，但总体来说还是赚钱。计划继续持有一段时间，我想看看未来如何。,0,3,0,16138,SH688076,ST诺泰,雪球,https://xueqiu.com/7457273656/387036916,0,0,2026-07-08 16:22:59
387049620,1836681218,琴山涧5686,2026-05-02 07:10:35,,诺泰生物主要客户包括Krka、Cipla、Apotex、Chemo、Teva、Dr.Reddy等海外大型仿制药企，支持其制剂的研发或注册申报。其中Dr.Reddy于2026年3月推出印度首款DCGI批准的司美格鲁肽注射液仿制药Obeda®，成为印度市场首仿企业；2026年4月又获得加拿大卫生部批准，拿下加拿大市场首个司美格鲁肽仿制药批件，成为北美规范市场首个获批的司美格鲁肽仿制药企业；同步推进美国、欧盟、巴西等全球主流市场的ANDA申报与专利挑战。Apotex于2026年5月获加拿大卫生部批准，成为加拿大首个获批的本土司美格鲁肽仿制药，拿下加拿大市场先发优势，同步推进美国、拉美市场的ANDA申报与专利挑战。随着Dr.Reddy司美格鲁肽仿制药在印度、加拿大市场的商业化上市，随着Apotex司美格鲁肽仿制药在加拿大市场的商业化上市，诺泰生物的司美格鲁肽原料药有望迎来放量期。1、Krka（科尔康）制药Krka制药是一家总部位于斯洛文尼亚新梅斯托市的全球领先仿制药企业，拥有超70年制药行业经验，是中东欧地区规模最大、综合实力最强的制药集团之一。公司全球员工超13000人，在45个国家设立子公司和代表处，产品覆盖全球超70个国家和地区，国际市场贡献公司94%的销售收入。公司以高性价比创新仿制药为核心，聚焦慢性病治疗领域，构建了从原料药（API）研发生产、制剂开发到全球商业化的全产业链垂直一体化布局。2025年营收20.41亿欧元，同比增长7%；归母净利润：4.037亿欧元，同比增长13%。Krka已全面布局司美格鲁肽、替尔泊肽等重磅GLP-1类药物的仿制药研发、注册与商业化，是欧洲地区最早启动替尔泊肽仿制药项目的企业之一。公司已与诺泰生物达成深度合作，由诺泰生物为其提供替尔泊肽、司美格鲁肽原料药的研发报批样品、商业化批量供货，同时配套提供注册文件支持、技术转让等全流程服务，深度绑定其全球仿制药上市进程。2、Cipla（西普拉）制药Cipla制药是总部位于印度孟买的全球顶尖跨国仿制药企业，是印度第三大制药企业、全球最大的抗逆转录病毒（抗 HIV）药物生产商。公司全球员工超27700人，在全球拥有46个生产基地，产品覆盖超80个国家和地区，上市产品超1500种，涵盖60余个治疗领域。公司以“让药品可及性不再受价格束缚”为核心理念，以高壁垒仿制药为核心，构建了从原料药（API）研发生产、复杂制剂开发到全球商业化的全产业链布局，是发展中国家公共卫生领域的核心药品供应商，同时在欧美规范市场拥有极强的竞争力。2025年与礼来达成战略合作，在印度市场推广原研替尔泊肽，同时加速推进替尔泊肽、司美格鲁肽仿制药的全球研发与注册申报。2024-2025财年（2024年4月-2025年3月，印度财年）营业收入2754.8亿印度卢比（约合33.2亿美元），同比增长8.2%；归母净利润：527.3亿印度卢比（约合6.35亿美元），同比增长 21.7%。Cipla是诺泰生物多肽原料药业务的核心海外客户之一，双方合作覆盖利拉鲁肽、司美格鲁肽、替尔泊肽三大重磅多肽品种，合作深度贯穿研发到商业化全流程。诺泰生物为Cipla提供符合美国FDA、欧盟EMA、WHO等全球主流监管标准的替尔泊肽、司美格鲁肽原料药，支持其在欧美、印度、拉美、非洲等地区的仿制药研发、注册申报与商业化上市，已实现从研发报批样品到商业化批量供货的全阶段合作。3、Apotex（奥贝泰克）制药Apotex制药是总部位于加拿大多伦多的全球顶尖跨国仿制药企业，是加拿大规模最大、综合实力最强的本土制药集团。公司全球员工超8000人，在加拿大、美国、墨西哥、印度等国家设立区域总部和研发中心，产品覆盖全球超115个国家和地区，拥有300余种通用名药物、超4000个剂量剂型产品，在加拿大本土每年供应超8900万张处方，是加拿大处方量最高的制药企业。公司以 “为全球患者提供可负担的创新药品”为核心理念，构建了从原料药（API）研发生产、复杂制剂开发到全球商业化的全产业链垂直一体化布局，是北美仿制药市场专利挑战能力最强、合规资质最完善的企业之一。公司以加拿大本土为根基，美国为核心增长引擎，覆盖拉美、欧洲、亚太、非洲等地区，其中加拿大本土是第一大收入来源，美国市场贡献超30%的营收。2023财年，集团全球总销售收入约39亿加元（约合28.8亿美元），稳居全球仿制药企业前20强。公司已全面布局利拉鲁肽、司美格鲁肽、替尔泊肽等重磅GLP-1/GIP双靶点药物的仿制药研发、注册与商业化。2026年5月获得加拿大卫生部批准，成为加拿大首个获批的本土司美格鲁肽仿制药，拿下加拿大市场先发优势，同步推进美国、拉美市场的ANDA申报与专利挑战。已启动替尔泊肽全球仿制药研发与注册申报，是北美地区最早启动该项目的仿制药企之一，瞄准专利到期后的全球市场份额。诺泰生物为Apotex提供符合美国FDA、加拿大卫生部标准的利拉鲁肽原料药，支持其在北美市场的仿制药研发、注册申报与商业化上市，已实现稳定的商业化批量供货，是Apotex利拉鲁肽仿制药北美市场首仿上市的核心原料药供应商。针对司美格鲁肽、替尔泊肽等重磅 GLP-1 品种，双方已开展深度合作，诺泰生物为其提供研发报批用样品、注册文件支持与工艺技术配套，深度绑定其全球仿制药研发与上市进程，随着Apotex司美格鲁肽仿制药在加拿大获批上市，双方合作将进入商业化批量供货阶段。4、Chemo（凯茂）制药Chemo制药是总部位于西班牙马德里的全球顶尖跨国仿制药与原料药生产企业，隶属于西班牙Insud Pharma跨国集团，是集团工业制药板块的核心主体，也是欧洲仿制药产业链中原料药-制剂垂直一体化能力最强的企业之一。Chemo在全球拥有超10家自有GMP生产基地，为全球96个国家的1100余家制药企业提供产品与服务，是欧洲B2B仿制药与原料药领域主要供应商之一。公司以原料药（API）研发生产为核心壁垒，构建了从原料药合成、复杂制剂开发到全球商业化、定制化CMO/CDMO服务的全产业链布局，服务全球仿制药企业，同时具备自有制剂的全球注册与销售能力。公司拥有一体化的全球自有生产中心，所有生产基地均通过欧盟 EMA、美国 FDA、WHO PQ 等全球主流监管机构的 GMP 认证，具体布局如下：原料药工厂5 家，分别位于西班牙、意大利、阿根廷、印度，覆盖小分子化学合成、多肽合成等全工艺路线；口服固体制剂工厂4 家，2 家位于西班牙，2 家位于印度，具备规模化的片剂、胶囊剂生产能力；注射剂生产工厂3 家，2 家位于西班牙，1 家位于印度，可生产水针、冻干粉针等多种注射剂型，满足无菌制剂的全球合规生产要求。母公司Insud Pharma集团2024-2025财年全球总营收超25亿欧元，其中Chemo制药贡献了超60%的营收，原料药业务同比增长12%，是集团核心增长引擎；2025年，Chemo制药欧洲市场营收保持稳健增长，其中高壁垒多肽原料药业务同比增长超30%，拉美市场仿制药业务同比增长8%。Chemo已全面布局利拉鲁肽、司美格鲁肽、替尔泊肽等重磅GLP-1/GIP双靶点药物的仿制药研发、注册与商业化，是欧洲地区最早启动该类项目的仿制药企之一，同步推进原料药供应链布局与制剂工艺开发，瞄准专利到期后的全球市场份额。诺泰生物为Chemo提供符合欧盟EMA、美国FDA标准的司美格鲁肽、替尔泊肽原料药，支持其在欧洲、拉美等地区的仿制药研发、注册申报与商业化上市，已实现从研发报批样品到商业化批量供货的全阶段合作。5、Teva（梯瓦）制药Teva制药总部位于以色列佩塔提克瓦，是全球规模最大的仿制药企业。公司全球员工超3.5万人，产品覆盖全球60多个国家和地区，上市产品超3500种，是全球唯一在小分子化学药、生物药、多肽类药物均具备全球规模化生产与商业化能力的仿制药龙头企业。公司以高壁垒仿制药为根基，同步构建创新药、生物类似药、原料药全产业链布局。公司北美、欧洲为两大核心市场合计贡献超80%的营收；其中美国市场是第一大收入来源，占比超40%，欧洲市场占比超35%。公司在全球30多个国家拥有超50个GMP生产基地，所有核心生产基地均通过美国FDA、欧盟EMA、WHO PQ等全球主流监管机构的认证，覆盖原料药、口服固体制剂、注射剂、吸入制剂、生物制剂等全剂型生产，其中在以色列、匈牙利、印度、美国、爱尔兰拥有核心原料药生产基地，2025年营收172.58亿美元。诺泰生物为梯瓦制药提供符合美国FDA、欧盟EMA标准的利拉鲁肽、司美格鲁肽、替尔泊肽原料药，支持其在欧美、拉美等全球主流市场的仿制药研发、注册申报与专利挑战，已实现从研发报批样品到商业化批量供货的全阶段合作；其中利拉鲁肽原料药已伴随梯瓦仿制药在美国获批上市，进入稳定商业化供货阶段。6、Dr.Reddy（瑞迪博士）制药Dr.Reddy制药是总部位于印度海得拉巴的全球顶尖跨国仿制药企业，是印度第二大制药集团、全球仿制药产业链的核心参与者。公司以“健康不能等待”为核心理念，深耕医药行业超40年。公司全球员工超2.5万人，在全球拥有20余个生产基地、6大研发中心，产品覆盖全球80余个国家和地区，上市产品超2000种，涵盖60余个治疗领域。公司以高壁垒仿制药为根基，构建了从原料药（API）研发生产、复杂制剂开发、生物类似药到创新药研发的全产业链垂直一体化布局，核心聚焦心血管、糖尿病与代谢、抗肿瘤、中枢神经系统、抗感染五大治疗领域，是全球少数同时具备小分子化学药、多肽类药物、生物药规模化合规生产能力的跨国仿制药龙头。2024-2025财年（2024年4月-2025年3月，印度财年）营收2754.8亿印度卢比（约合33.2亿美元），同比增长8.2%；归母净利润565.44亿印度卢比（约合6.82亿美元），同比增长2%。公司在中国发展业务超20年，2000年成立合资公司昆山龙灯瑞迪制药有限公司，2010年设立北京代表处，2020年成立瑞迪博士（北京）药业有限公司作为中国区总部；业务覆盖全国30个省份，产品进入13000余家医院，核心聚焦肿瘤、糖尿病、心血管、中枢神经系统四大治疗领域。 2026年3月推出印度首款DCGI批准的司美格鲁肽注射液仿制药Obeda®，成为印度市场首仿企业；2026年4月获得加拿大卫生部批准，拿下加拿大市场首个司美格鲁肽仿制药批件，成为北美规范市场首个获批的司美格鲁肽仿制药企业；同步推进美国、欧盟、巴西等全球主流市场的ANDA申报与专利挑战。已完成替尔泊肽制剂工艺开发与临床前研究，同步推进全球注册申报与原料药供应链布局，是全球最早启动替尔泊肽仿制药研发的企业之一，瞄准专利到期后的全球市场份额。同时布局口服司美格鲁肽、利拉鲁肽等多款GLP-1类产品，形成全品类产品矩阵，是全球GLP-1仿制药赛道的核心竞争者。诺泰生物为 Dr.Reddy提供符合美国FDA、欧盟EMA、印度CDSCO等全球主流监管标准的利拉鲁肽、司美格鲁肽、替尔泊肽原料药，支持其在印度、北美、欧洲、拉美等地区的仿制药研发、注册申报与商业化上市，已实现从研发报批样品到商业化批量供货的全阶段合作。$ST诺泰(SH688076)$,3,14,0,38967,SH688076,ST诺泰,雪球,https://xueqiu.com/1836681218/387049620,0,0,2026-07-08 16:22:59
387118772,4098068704,分拆增发减持,2026-05-03 14:53:23,,$ST诺泰(SH688076)$咳咳，你好像被央视点名了啊！你小子安分点哈,2,1,0,17410,SH688076,ST诺泰,Android,https://xueqiu.com/4098068704/387118772,0,0,2026-07-08 16:22:59
387119469,1836681218,琴山涧5686,2026-05-03 15:09:30,,国内按化药2.2类改良型新药路径申报司美格鲁肽相关制剂的企业，按CDE上市申请（NDA）受理时间先后排序见最后面的图。分别是齐鲁制药，石药集团，诺泰生物。其中诺泰生物合计8个品种（降糖4规格+减重4规格），2026年4月9日和4月22日全部获CDE受理，双适应症全覆盖，大概率纳入优先审评。另外还有翰宇药业的HY310，注册路径明确为化药2.2类，已完成降糖+减重双适应症的III期头对头临床试验，准备提交NDA申报资料，业内预计2026年底-2027年初有望获批上市。华东医药、丽珠集团、九源基因、成都倍特、联邦制药等企业的司美格鲁肽产品，均按3.3类治疗用生物制品（生物类似药） 申报。2.2类改良型新药的最终获批，需通过NMPA审评确认其“具有明显临床优势”，审评周期通常短于3.3类生物类似药。化药2.2类改良型新药，指含有已知活性成份的新剂型、新处方工艺、新给药途径，且具有明显临床优势的药品。该路径申报的司美格鲁肽产品均采用全化学合成法制备，区别于3.3类生物类似药的生物发酵重组技术，无需依赖原研药临床试验数据，不受中瑞自贸协定原研数据保护期的限制。$ST诺泰(SH688076)$ $翰宇药业(SZ300199)$ $石药集团(01093)$,7,18,0,63694,SH688076,ST诺泰,Android,https://xueqiu.com/1836681218/387119469,0,3,2026-07-08 16:22:57
387136434,4767171774,莫凡wcg,2026-05-04 02:40:26,,$ST诺泰(SH688076)$ 2个亿,0,6,0,16575,SH688076,ST诺泰,iPhone,https://xueqiu.com/4767171774/387136434,0,1,2026-07-08 16:22:57
387271042,1968252884,策略策略,2026-05-05 17:20:19,,$ST诺泰(SH688076)$ 不错哦。这种大的趋势。,4,4,0,16866,SH688076,ST诺泰,Android,https://xueqiu.com/1968252884/387271042,0,1,2026-07-08 16:22:57
387352466,8029270154,静下心来的伪夹头,2026-05-06 04:45:38,,$ST诺泰(SH688076)$ 常山药业都10个点，你一直压着,0,1,0,13541,SH688076,ST诺泰,iPhone,https://xueqiu.com/8029270154/387352466,0,0,2026-07-08 16:22:57
387367255,8050509541,ST钻家,2026-05-06 05:52:53,重磅：蛰龙已惊眠，一啸动千山，ST诺泰年报点评,1. 基本面硬核扎实，是被错杀的高盈利医药龙头$ST诺泰(SH688076)$ 是国内多肽+siRNA原料药双赛道龙头，核心产品GLP-1减肥药多肽、小核酸原料药长期稳定供货全球TOP10药企。 2025年全年营收19.43亿元，归母净利润3.32亿元，毛利率常年稳定在68%-70%，净利率接近30%；全年经营活动现金流6.81亿元。主业持续盈利、现金流充沛，和普通亏损ST股有本质区别，核心经营能力完全没有问题，仅因历史合规问题被错杀，安全边际极高。2. 年内第一大核心利好：乙肝siRNA创新药，短期首付款+长期里程碑收益双兑现这款乙肝GalNAc-siRNA一期临床病毒抑制率达82%，药效优于海外龙头Alnylam的75%，临床数据真实可查。按照行业惯例，2026年内二期临床启动前后，大概率落地5000万美元首付款合作，折合人民币约3.6亿元，将按合同约定逐年分摊增厚利润。且首付款只是开胃菜，后续二期临床、三期临床、申报上市、成功商业化等关键节点，还会叠加多笔里程碑付款，整体合作总金额通常为首付款的3-10倍；未来若实现全球商业化销售，还能持续分得销售分成，是能带来长期持续收益的重磅管线。3. 年内第二大核心利好：摘帽预期明确，估值修复空间巨大，股价具备翻倍潜力公司历史财务造假相关处罚已于2025年底全部结案，内控整改全面完成，目前主业盈利稳定、现金流健康、无新增违规行为，完全满足摘帽硬性条件，2026年内摘帽是高概率事件。当前受ST身份压制，公司估值相比同盈利水平、同赛道的医药企业折价超50%。一旦成功摘帽，叠加创新药大额合作落地，估值修复叠加业绩增长，股价翻倍是保守预期，是典型的低位、高赔率布局机会。$美年健康(SZ002044)$ $开勒股份(SZ301070)$,1,7,0,119805,SH688076,ST诺泰,雪球,https://xueqiu.com/8050509541/387367255,0,4,2026-07-08 16:22:57
387368146,1836681218,琴山涧5686,2026-05-06 05:56:32,,——诺泰生物研发情况——2025 年公司持续加大研发投入，全年研发总投入 4.54 亿元，同比增长 22.11%；其中费用化研发支出 2.52 亿元，资本化研发支出 2.02 亿元，资本化率 44.52%。截至报告期末，公司研发团队规模从 385 人提升至 479 人，占公司总人数比例超 20%；围绕多肽药物、小分子化药、寡核苷酸药物三大核心技术平台，针对代谢疾病、辅助生殖、妇科、抗感染、精神神经、降脂、抗肿瘤、罕见病等重大治疗领域，搭建了梯度化、全覆盖的在研产品管线，多项核心项目取得里程碑式进展。1、已获批上市的研发项目2、注册申报阶段在研项目3、临床试验/BE 试验阶段项目4、完成工艺验证/中试阶段在研项目5、在研项目研发投入明细技术平台在研布局1、GLP-1 全管线深度布局：构建了从单靶点到三靶点的 GLP-1 全链条管线，覆盖司美格鲁肽（注射 + 口服）、利拉鲁肽、替尔泊肽（双靶点），同时三靶点激动剂瑞他鲁肽已进入小试开发阶段，形成了仿创结合、剂型全覆盖的代谢疾病产品矩阵。2、寡核苷酸（小核酸）技术平台：核心在研项目 GalNAc-siRNA 乙肝候选药物已完成 Ⅰ 期临床试验，病毒抑制率达 82%，计划 2026 年启动 Ⅱ 期临床；英克司兰完成中试生产，配套的寡核苷酸原料药生产车间完成核心建设，实现从百公斤级到吨级的产能跃升，可满足从临床前到商业化的全流程 CDMO 需求。3、XDC（生物偶联药物）技术平台：围绕自身多肽核心优势，重点布局 PDC（多肽偶联药物）研发，建成成熟的多肽偶联物平台，掌握连接子设计合成、毒素载荷偶联、规模化生产等底层技术，首个自研 PDC 管线（针对胰腺癌）进入临床前研究收尾阶段，同步对 ADC 领域进行早期技术探索与储备。$ST诺泰(SH688076)$,6,13,0,37139,SH688076,ST诺泰,雪球,https://xueqiu.com/1836681218/387368146,0,3,2026-07-08 16:22:57
387387289,2984793256,潢川新安,2026-05-06 07:12:01,,$ST诺泰(SH688076)$ 一切掌握在庄家手里,0,3,0,12595,SH688076,ST诺泰,Android,https://xueqiu.com/2984793256/387387289,0,0,2026-07-08 16:22:57
387390071,7274106954,安娜普尔纳,2026-05-06 07:21:19,,$ST诺泰(SH688076)$ 少发点利好吧 最好排名5200以后,0,2,0,13847,SH688076,ST诺泰,Android,https://xueqiu.com/7274106954/387390071,0,0,2026-07-08 16:22:57
387503228,7658458407,木愚而来,2026-05-07 01:40:17,,$翰宇药业(SZ300199)$ 只取得临床数据，就涨起来。$ST诺泰(SH688076)$ 都CDE受理了，股价没反应。捡便宜太难了！,0,6,0,16023,SH688076,ST诺泰,雪球,https://xueqiu.com/7658458407/387503228,0,0,2026-07-08 16:22:57
387538275,7457273656,大地飞鹰23,2026-05-07 03:15:53,,$ST诺泰(SH688076)$ 交易清淡，没人买卖，流动性危机。,5,0,0,11509,SH688076,ST诺泰,雪球,https://xueqiu.com/7457273656/387538275,0,0,2026-07-08 16:22:57
387557339,1968252884,策略策略,2026-05-07 04:51:21,,$ST诺泰(SH688076)$ 中国不缺产量，缺的是好产品，毛利高，一流产品，其他的都没劲，什么k线 报表都是事后诸葛。只要研究好了诺泰生物的产品就可以了。公司两个领先的概念，还是比较响亮的，就看如何做到了。,5,6,0,21829,SH688076,ST诺泰,Android,https://xueqiu.com/1968252884/387557339,0,0,2026-07-08 16:22:57
387689703,1836681218,琴山涧5686,2026-05-07 20:54:03,,司美格鲁肽注射液为热不稳定多肽类无菌水针，采用非最终灭菌的无菌灌装工艺，在原料药、辅料、包材全部检验合格备料完成、生产无偏差无中断的前提下，全生产周期（投料到成品合规放行、可上市销售）为15-17天。原料药交货周期为45-75天。所以从原料药备货，到制剂出来可上市销售，需要提前60-90天下原料药的订单。一、诺泰生物多肽原料药出口，从签约到交货，一般需要的周期是多少天？$ST诺泰(SH688076)$1. 成熟商业化品种①空运标准交付（欧美、亚太核心法规市场主流方式）：全流程标准周期45-75个自然日。②海运常规交付（新兴市场、大批量订单主流方式）：全流程标准周期75-110个自然日。2. 长期框架协议下的备货型订单①已完成备货与预放行的订单，全流程（PO确认→交货）标准周期15-30个自然日。②仅提前锁定产能、未完成备货的订单，周期与成熟品种标准交付周期一致。3. 新客户/新品种首单合规交付①仅需客户审计、样品确认的首单：90-180个自然日。②需同步完成目标市场DMF/CEP备案、完整工艺验证、注册申报的首单：180-360个自然日，具体周期取决于目标市场药监机构的注册审核要求。二、诺泰生物多肽原料药一般保质期是多少天？1. 商业化出口主流品种，在标准合规储存条件下：密封、充氮保护、-20℃±5℃冷冻避光储存，公司出口产品的通用储存要求。①长链修饰型多肽（司美格鲁肽、替尔泊肽、利拉鲁肽等）：标准有效期（保质期）为24个月（730天），该有效期已在公司提交的美国FDA DMF、欧盟CEP等海外注册文件中核准，同步标注于每批次产品的COA（分析报告书）与产品标签中。②结构稳定的短链多肽（醋酸去氨加压素、缩宫素、依替巴肽等）：同等储存条件下，核准有效期可延长至36个月（1095天）。2. 其他储存条件下的保质期①2-8℃冷藏储存：仅适用于短期周转的小批量订单，对应有效期缩短为12个月（365天）。②常温储存：常规多肽原料药不推荐常温储存，仅特殊工艺处理的高稳定性品种可适用，有效期不超过6个月，非公司出口业务常规场景。,9,16,1,30840,SH688076,ST诺泰,Android,https://xueqiu.com/1836681218/387689703,0,1,2026-07-08 16:22:57
387725243,7069783343,垃圾堆里淘金豆豆,2026-05-08 02:00:31,,$ST诺泰(SH688076)$ 众人拾柴火焰高，只能靠咱们小散了,2,5,0,7576,SH688076,ST诺泰,Android,https://xueqiu.com/7069783343/387725243,0,0,2026-07-08 16:22:57
387728897,4441311562,蛋花小炒饭,2026-05-08 02:09:34,,$ST诺泰(SH688076)$ 大傻春，你要干什么！,2,3,0,9459,SH688076,ST诺泰,雪球,https://xueqiu.com/4441311562/387728897,0,0,2026-07-08 16:22:57
387730537,4202117770,短中长线卧倒选手,2026-05-08 02:13:39,,$ST诺泰(SH688076)$ 澡你冯了个福，这次到底是真的还是假的,0,2,0,8094,SH688076,ST诺泰,iPad,https://xueqiu.com/4202117770/387730537,0,0,2026-07-08 16:22:57
387731976,4619634734,寅木生火,2026-05-08 02:17:12,,$ST诺泰(SH688076)$ 一根穿云箭，千军万马来相见,4,4,0,7375,SH688076,ST诺泰,Android,https://xueqiu.com/4619634734/387731976,0,0,2026-07-08 16:22:57
387737187,7457273656,大地飞鹰23,2026-05-08 02:30:27,,$ST诺泰(SH688076)$ 稳住，稳住，就是技术。,0,2,0,7299,SH688076,ST诺泰,雪球,https://xueqiu.com/7457273656/387737187,0,0,2026-07-08 16:22:57
387760752,6918103439,别跌了行不,2026-05-08 03:44:36,,$ST诺泰(SH688076)$ 下午要缩回来搞一个根上影线，又得萎几个月。,1,0,0,7665,SH688076,ST诺泰,Android,https://xueqiu.com/6918103439/387760752,0,0,2026-07-08 16:22:57
387762828,3767605145,何割韭菜而不食肉糜,2026-05-08 03:54:55,,$ST诺泰(SH688076)$ 祝老铁们大赚，解套我已经跑路了,1,5,0,10813,SH688076,ST诺泰,Android,https://xueqiu.com/3767605145/387762828,0,0,2026-07-08 16:22:57
387763932,7900410209,选股上人萧刹,2026-05-08 04:02:05,,$ST诺泰(SH688076)$ 有量就能起来,0,1,0,7795,SH688076,ST诺泰,Android,https://xueqiu.com/7900410209/387763932,0,0,2026-07-08 16:22:55
387770834,8186376091,H三H,2026-05-08 04:54:49,,$ST诺泰(SH688076)$ 这个st为啥不受5个点限制,1,1,0,9267,SH688076,ST诺泰,iPhone,https://xueqiu.com/8186376091/387770834,0,0,2026-07-08 16:22:55
387776379,6998822874,冯斯特洛夫斯基,2026-05-08 05:23:31,,$ST诺泰(SH688076)$ 虽然看不懂是啥意思，但感觉应该很厉害！网页链接,4,7,0,8636,SH688076,ST诺泰,Android,https://xueqiu.com/6998822874/387776379,0,0,2026-07-08 16:22:55
387782782,9209032494,冷陈陈,2026-05-08 05:50:25,,$ST诺泰(SH688076)$ 我还没上车你就起飞了？,0,2,0,11148,SH688076,ST诺泰,雪球,https://xueqiu.com/9209032494/387782782,0,0,2026-07-08 16:22:55
387787350,6991900864,物胜于心,2026-05-08 06:08:22,,$ST诺泰(SH688076)$ 郑重请教，有没有人能看懂，这篇文章讲了啥？,2,2,0,13146,SH688076,ST诺泰,Android,https://xueqiu.com/6991900864/387787350,0,0,2026-07-08 16:22:55
387792028,7181230567,假的满仓,2026-05-08 06:25:54,,$ST诺泰(SH688076)$ST不是限制涨跌幅吗？,2,0,0,9458,SH688076,ST诺泰,HarmonyOS,https://xueqiu.com/7181230567/387792028,0,0,2026-07-08 16:22:55
387801072,2984793256,潢川新安,2026-05-08 06:59:15,,$ST诺泰(SH688076)$ 今天这个成交量，算是大吗？还是正常？,0,0,0,9999,SH688076,ST诺泰,Android,https://xueqiu.com/2984793256/387801072,0,0,2026-07-08 16:22:55
387807798,7069783343,垃圾堆里淘金豆豆,2026-05-08 07:20:46,,$ST诺泰(SH688076)$ 人心思涨，容易被甩下车,0,3,0,13474,SH688076,ST诺泰,Android,https://xueqiu.com/7069783343/387807798,0,0,2026-07-08 16:22:55
387813586,5536931131,一年赚10个点的男人,2026-05-08 07:47:36,,不知道是不是开启反转了，继续卧倒#上证指数# $ST诺泰(SH688076)$,0,1,0,15702,SH688076,ST诺泰,雪球,https://xueqiu.com/5536931131/387813586,0,0,2026-07-08 16:22:55
387824430,7658458407,木愚而来,2026-05-08 08:43:51,,$ST诺泰(SH688076)$ 这不是普通论文，是诺泰从 “GLP-1 原料药工厂” 迈向 “原创多肽 / 大环肽新药公司” 的关键技术突破，属于中长期高价值利好（短期不贡献利润）。下面从技术、战略、商业三个层面说清楚。 一、技术层面：到底突破了什么？ 先把名词翻译成人话： PRMT：一类表观遗传关键酶，在肺癌、乳腺癌、胶质母细胞瘤等多种癌症中 “过度活跃”，是热门抗癌靶点。 大环肽：比普通多肽更稳定、亲和力更强、耐药性更低，是下一代多肽药物（默沙东口服 PCSK9 抑制剂就是这类技术）。 mRNA 展示：全球顶尖的超高通量多肽筛选技术，一次筛万亿级分子，速度 / 效率远超传统方法。 这次突破的核心（三大一次性解决）： 高选择性抑制：只打 PRMT 靶点，不脱靶，毒性远低于小分子。 广谱抑制：覆盖多种 PRMT 亚型，适用癌种更广。 高效底物识别：同时当 “抑制剂 + 探针”，既能治病又能做诊断工具。 论文发在《Chemical Science》并入选2026 热点论文，代表：国际同行认可，技术达全球第一梯队。 二、战略层面：对诺泰意味着什么？ 诺泰过去：强在多肽原料药（GLP-1 为主），弱在原创药发现。 这次突破 = 补齐三大短板： 高端技术平台落地 建成mRNA 展示 + 大环肽 + PRMT 靶点三位一体的原创药发现引擎。 从 “别人做药、我供原料”→“自己发现 + 开发新靶点药物”。 赛道升级：从减肥药→抗肿瘤 / 表观遗传 GLP-1 是短期高景气（2026 年底专利到期）。 PRMT 是全球前沿抗癌赛道，临床在研，空间比 GLP-1 大 10 倍 +。 诺泰提前卡位，打开第二增长曲线。 研发能力质变：从 “仿制” 到 “源头创新” 博士后工作站 + 荷兰顶尖高校合作 =国际化、高水平研发体系。 入选国家知识产权示范企业 =专利保护强，未来可构筑壁垒。 三、商业层面：能带来多少价值？（可量化逻辑） 短期（1–2 年）：不直接赚钱，但价值重估 无直接营收 / 利润贡献（还在早期发现阶段）。 但：研发管线估值提升、机构评级上调、吸引高端人才。 对标：国内同类早期原创药公司，管线价值≥5–10 亿。 中长期（3–5 年）：从 0 到 1，开辟新赛道 PRMT 大环肽抑制剂 开发成1 类原创抗癌药，适应症：肺癌、乳腺癌、胶质母细胞瘤等。 临床成功后：峰值销售额 10–20 亿 / 年，毛利率80%+（远高于原料药）。 技术平台对外授权 / 合作 mRNA 展示 + 大环肽平台可为全球药企提供筛选服务，收费：千万级 / 项目。 类似药明康德早期模式，轻资产、高毛利。 GLP-1 之外的第二增长曲线 摆脱对 GLP-1 的单一依赖，估值从 “原料药代工” 切换为 “创新药企”（PE 可从 15 倍→30–40 倍）。 四、一句话总结（最关键） 短期（0–2 年）：纯利好预期，无业绩兑现，但提升研发估值与市场信心。 中长期（3–5 年）：从原料药→原创抗癌药，打开10 亿 + 级新空间，估值翻倍可期。 定性：诺泰的 “第二成长曲线” 正式启动，属于国家级技术突破级别的利好。$ST诺泰(SH688076)$,11,26,3,42312,SH688076,ST诺泰,雪球,https://xueqiu.com/7658458407/387824430,0,6,2026-07-08 16:22:55
387825218,0,ST诺泰(SH688076),2026-05-08 08:49:00,,ST诺泰：南京证券股份有限公司关于江苏诺泰澳赛诺生物制药股份有限公司2025年度持续督导报告书 网页链接,4,5,0,24293,SH688076,ST诺泰,公告,https://xueqiu.com/S/SH688076/387825218,0,0,2026-07-08 16:22:55
387825835,9781145535,浪迹湖山,2026-05-08 08:52:19,,$ST诺泰(SH688076)$ 难得没有长上影线,0,2,0,17073,SH688076,ST诺泰,Android,https://xueqiu.com/9781145535/387825835,0,0,2026-07-08 16:22:55
387831300,8624594967,2026大转折,2026-05-08 09:20:45,,$ST诺泰(SH688076)$ 今天倍量光头大阳线，是启动了吗，年底摘帽叠加专利到期，拿好筹码，年底会有个好收成吧，过个好年就靠你了,0,6,0,18854,SH688076,ST诺泰,Android,https://xueqiu.com/8624594967/387831300,0,0,2026-07-08 16:22:55
387845285,1968252884,策略策略,2026-05-08 10:52:38,,$ST诺泰(SH688076)$ 五年内，诺泰生物，不能拆分再上市，不能增发，对于老板当然是坏事，其实对于散户是一件好事，对于大户也是好事。,3,12,0,31411,SH688076,ST诺泰,雪球,https://xueqiu.com/1968252884/387845285,0,0,2026-07-08 16:22:55
387846729,9242571906,彪彪彪2017,2026-05-08 11:04:53,,$ST诺泰(SH688076)$ 没看到司美格鲁肽注射液的情况啊？有哪位解释一下吗？,0,1,0,22268,SH688076,ST诺泰,iPhone,https://xueqiu.com/9242571906/387846729,0,0,2026-07-08 16:22:55
387866023,7658458407,木愚而来,2026-05-08 13:30:54,,牛逼大了，下周一必须20CM$ST诺泰(SH688076)$ $翰宇药业(SZ300199)$国内做mRNA展示+大环肽新药（和诺泰这次方向最像）的公司不多，主要分三类：平台型CRO、专注大环肽Biotech、学术转化团队。下面按“相似度”排序，直接给结论+关键信息：一、和诺泰最像：mRNA展示+大环肽自研（直接竞争）1. 元思生肽（SyneronBio，2023年成立）- 核心：Synova™智能化高通量大环肽平台，主打mRNA展示+AI筛选。- 进展：- 2025年：与阿斯利康签34亿美元合作（7500万首付），开发口服大环肽（罕见病/自免/代谢）。- 2026年3月：B轮1.5亿美元融资（阿斯利康、礼来亚洲基金加码）。- 对比诺泰：商业化进度更快（有大额合作），诺泰胜在后端多肽原料药+CDMO能力。2. 峰肽药业（Pinnacle Medicines，华人团队）- 核心：PINPOINT™口服多肽平台，用mRNA展示筛高稳定性大环肽。- 进展：2026年完成8900万美元B轮，管线聚焦免疫/心血管代谢（如IL-23R、PCSK9口服环肽）。- 对比诺泰：同技术路径，诺泰多了PRMT抗癌靶点布局。二、平台型CRO：提供mRNA展示大环肽筛选服务（非直接竞争，是诺泰潜在服务商/同行）1. 美迪西（688202，上市CRO）- 核心：mRNA展示大环肽筛选平台，库容量10¹³，支持非天然氨基酸整合 。- 业务：给药企做环肽筛选+合成+生物分析一站式服务（CDMO属性）。- 对比诺泰：诺泰是“自研+自用”，美迪西是“卖服务”，技术同源但商业模式不同。2. 中国医学科学院药物研究所（王锐院士团队）- 核心：mRNA展示共价大环肽平台，首次实现核糖体合成中引入共价弹头。- 进展：筛出靶向Nectin-4共价环肽，开发PDC药物（抗癌），发《APSB》热点论文。- 对比诺泰：学术顶尖，偏基础研究，无产业化管线；诺泰是“学术+产业”双轮驱动。三、传统多肽药企：做大环肽但不用mRNA展示（差异化竞争）- 圣诺生物（688117）：多肽原料药+制剂龙头，有环肽合成能力，但无mRNA展示平台。- 前沿生物（688221）：抗HIV新药艾可宁（长效多肽），布局环肽类小核酸递送，不做mRNA展示。- 健元医药：GLP-1多肽原料药（司美/替尔泊肽），无大环肽筛选技术。四、一句话总结（谁最像诺泰？）- 第一梯队（直接竞争）：元思生肽、峰肽药业（mRNA展示+大环肽自研，Biotech）。- 第二梯队（技术同源，模式不同）：美迪西（CRO）、医科院药物所（学术）。- 第三梯队（传统多肽，无mRNA展示）：圣诺、前沿生物、健元医药。诺泰的独特性：唯一一家“mRNA展示大环肽自研+后端多肽原料药/CDMO产能”的上市公司，从“发现→开发→生产”全链条闭环，这是元思/峰肽没有的优势。,7,7,0,30454,SH688076,ST诺泰,Android,https://xueqiu.com/7658458407/387866023,0,0,2026-07-08 16:22:55
387917342,1578684695,拙工巧匠,2026-05-09 01:56:54,,$ST诺泰(SH688076)$ 大致研究了一下，从价值估值角度，静态看财报不便宜。主要看点就是减肥药的需求展望与爆发。专利到期后，众多仿制药开始进入该领域。为卖铲子的公司提供了一个机会。多肽生产是个技术活，但是国内啥都卷，即使是个技术活，也有很多产能。这里面的机会就看谁具有成本优势了。总体上如果看好减肥药，不如买卖铲子的，依照 G 人尿性，一定会搞成白菜价。最后，进来是赌摘帽。这个摘帽确定性很强,4,4,0,31403,SH688076,ST诺泰,iPhone,https://xueqiu.com/1578684695/387917342,0,1,2026-07-08 16:22:55
387970770,2775794195,罗杰斯维,2026-05-09 11:31:26,,诺泰生物转向创新药,0,6,0,20229,SH688076,ST诺泰,Android,https://xueqiu.com/2775794195/387970770,0,0,2026-07-08 16:22:55
387993719,9166361019,越来越好运er,2026-05-09 23:50:30,,$ST诺泰(SH688076)$ 这股市有时没道理的，诺泰比翰宇市值低，更不用说美诺华；诺泰的产能、出口、技术、认证、业绩、管线进展、司美申报都是假的吗？不就是ST吗？财务内控己经标准无异议了、南京证券己背书可以到时候随时申请摘帽了！这不就是最大的确定性！等28年四月份再看500亿市值会有吧,7,7,0,32090,SH688076,ST诺泰,iPhone,https://xueqiu.com/9166361019/387993719,0,0,2026-07-08 16:22:55
388007534,7041704608,跑马圈地球,2026-05-10 03:41:10,5月8日总结,超跌股$ST诺泰(SH688076)$ 大涨，离新高一步之遥了，因为怕大盘的回调，卖出了太多的强势股，要不然早就新高了，但投资没有如果，只有不断的吸取教训，同时谨小慎微，慢慢变富就行。希望周一能给个机会创新高，虽然只可能是纸面富贵一下，也高兴。,0,6,0,31900,SH688076,ST诺泰,雪球,https://xueqiu.com/7041704608/388007534,0,0,2026-07-08 16:22:54
388077457,2984793256,潢川新安,2026-05-11 01:35:11,,$ST诺泰(SH688076)$ 本周估计是盘整期,0,0,0,20602,SH688076,ST诺泰,Android,https://xueqiu.com/2984793256/388077457,0,0,2026-07-08 16:22:54
388092727,1578684695,拙工巧匠,2026-05-11 02:09:48,,$ST诺泰(SH688076)$ 就这了，建仓完成。减肥药的卖产人。这个仓是持续验证行业需求向上的逻辑标的ST诺泰核心看多逻辑1. 短期业绩波动实为“黎明前的蓄力”，需求空窗期即将结束2026年一季度营收与净利润的阶段性下滑（营收同比降2.23%，净利同比降15.17%），并非公司基本面恶化，而是特定阶段的周期性现象。一方面，部分下游客户进入新药申报阶段，阶段性减少了原料药采购；另一方面，由于批准上市流程的延迟，导致市场暂时进入了“需求空窗期”。随着后续申报落地及新产品获批，被压抑的需求将迎来集中释放，当前恰恰是左侧布局的最佳窗口期。2. “产能过剩”伪命题，行业大爆发将迅速消化供给尽管市场对多肽领域未来可能出现供大于求存在担忧，但在GLP-1减重药物全球需求呈指数级爆发的背景下，这种顾虑实属多余。面对千亿级的蓝海市场，现有的规划产能远不足以应对未来的海量订单。诺泰生物提前卡位的吨级产能，不仅不是包袱，反而是承接即将到来的仿制药放量浪潮、抢占市场份额的关键壁垒。3. 独家技术构筑极深护城河，成本优势碾压同行这是公司最硬核的底牌。诺泰生物拥有独特的“固液融合”多肽规模化生产技术平台，突破了传统工艺的局限。该技术使得司美格鲁肽等长链多肽单批次产量能超10公斤（行业普遍仅为克级或百克级），直接将生产成本较传统工艺降低了30%-40%，较同行低约30%。在不可避免的行业价格下行趋势中，这种极致的成本控制能力意味着公司拥有最强的定价权和抗风险能力，即便面临激烈的价格战也能保持可观利润。4. 历史包袱彻底出清，利空出尽是重大利好此前因信披违规被ST的历史问题已经彻底解决。公司不仅缴清了罚款、完成了整改，且证监会已明确认定该事项不触及重大违法强制退市。随着立案调查影响的完全消除，压制股价的最大不确定性因素不复存在，公司估值有望迎来修复性的反弹。5. GLP-1管线全面开花，精准卡位千亿减重市场随着2026年3月司美格鲁肽核心专利到期，全球仿制药浪潮一触即发。诺泰生物在此领域布局极深，不仅拥有从一代到三靶点（如瑞他鲁肽）的系统性管线，其2.2类新药口服司美格鲁肽片也已取得临床试验批件，有望率先切入庞大的口服减重蓝海市场。加上现有的吨级多肽产能及通过美国FDA、欧盟GMP等国际认证的质量体系，使其在这场价值重估的盛宴中占据极为有利的先发位置。6. “多肽+寡核苷酸”双轮驱动，第二增长曲线爆发公司在巩固多肽基本盘的同时，前瞻布局的寡核苷酸业务已进入高速兑现期。连云港吨级寡核苷酸车间投产后，已成功拿下全球顶级药企的sIRNA原料药规模化供货大单（单项目年收入超亿元）。配合独创的GalNAc肝靶向递送技术，这一新增长极将为业绩提供强有力的增量支撑。7. 拥抱前沿科技，重塑研发与生产效率公司积极布局AI制药与合成生物学等颠覆性技术。通过与深势科技合作引入AI赋能药物研发全链条，并与合成生物学头部企业诺唯赞设立合资公司，这些前瞻性举措有望大幅降本增效，重塑公司的核心竞争力。此外，公司拟使用不超过2亿元开展金融衍生品交易以对冲汇率风险，也体现了管理层在财务风控上的精细化运作。从价值投资者角度看公司静态估值不便宜。但从总市值 100 亿和所处赛道和公司技术，产能来看不贵。模糊估个三百亿市值,9,6,0,37796,SH688076,ST诺泰,iPhone,https://xueqiu.com/1578684695/388092727,0,1,2026-07-08 16:22:54
388195598,1836681218,琴山涧5686,2026-05-11 08:42:14,,写得不错！多肽，目前生物医药领域兼具“确定性业绩”与“宏大想象力”的黄金赛道。确定性业绩的逻辑就是“产能即真理”，只要全球胖子够多，它们的订单就停不下来；而宏大的想象力来自于下一个爆发点——PDC，就像ADC（抗体偶联药物）彻底改变了肿瘤治疗一样，PDC（多肽偶联药物）正在成为新的研发高地。用多肽当“导航”，精准把毒药送进癌细胞，不仅效果好，成本还比ADC低得多，到时候会是怎样的天量需求，你们来想象。（网页链接）$ST诺泰(SH688076)$ $翰宇药业(SZ300199)$ $圣诺生物(SH688117)$,10,16,0,95783,SH688076,ST诺泰,Android,https://xueqiu.com/1836681218/388195598,0,1,2026-07-08 16:22:54
388338817,2984793256,潢川新安,2026-05-12 03:24:29,,$ST诺泰(SH688076)$ 天天玩这种，冲高回落,0,0,0,15582,SH688076,ST诺泰,Android,https://xueqiu.com/2984793256/388338817,0,0,2026-07-08 16:22:54
388340414,4202117770,短中长线卧倒选手,2026-05-12 03:29:51,,$ST诺泰(SH688076)$ 前一阵大盘好的时候你可不怎么跟大盘的啊,3,3,0,19126,SH688076,ST诺泰,iPad,https://xueqiu.com/4202117770/388340414,0,0,2026-07-08 16:22:54
388407532,4642157440,每日经济新闻,2026-05-12 08:30:12,ST诺泰：公司2.2类新药司美格鲁肽注射液涵盖降糖与减重两个适应症的上市申请均已获国家药监局受理,每经AI快讯，有投资者在投资者互动平台提问：继4月9日公司司四个品种的司美格鲁肽注射液上市申请被NDA受理，4月22日又有四个品种的司美格鲁肽注射液上市申清被NDA受理，公司似上市的司美格鲁肽注射液是否己全部被NDA受理？ ST诺泰（688076.SH）5月12日在投资者互动平台表示，公司自主研发的2.2类新药司美格鲁肽注射液涵盖降糖与减重两个适应症的上市申请均已获国家药监局受理，具体您可查阅国家药监局网站或公司官方公众号。 （记者 张明双） 免责声明：本文内容与数据仅供参考，不构成投资建议，使用前核实。据此操作，风险自担。 每日经济新闻,0,4,0,16858,SH688076,ST诺泰,雪球,https://xueqiu.com/4642157440/388407532,0,0,2026-07-08 16:22:54
388409342,4642157440,每日经济新闻,2026-05-12 08:40:20,ST诺泰：公司自主研发的2.2类新药司美格鲁肽注射液未申请优先审评,每经AI快讯，有投资者在投资者互动平台提问：贵公司的司美格鲁肽注射液上市申请是否会申请优先审批？ ST诺泰（688076.SH）5月12日在投资者互动平台表示，依据《药品注册管理办法》，公司自主研发的2.2类新药司美格鲁肽注射液未申请优先审评，具体您可查询国家药监局网站公示信息。 （记者 张明双） 免责声明：本文内容与数据仅供参考，不构成投资建议，使用前核实。据此操作，风险自担。 每日经济新闻,0,2,0,18097,SH688076,ST诺泰,雪球,https://xueqiu.com/4642157440/388409342,0,0,2026-07-08 16:22:54
388409431,2183105356,令狐冲0811,2026-05-12 08:40:38,,随便写一点，给自己留个标记，做个提醒。①26年1月，埋伏了两个月的$*ST汇科(SZ300561)$ 爆发，最高挣50万，回调到利润35万走了，后来第一个跌停又回来，第二个跌停丢了10万走的，后来不甘心底部回来弄了一万走的。②汇科挣钱了，有点膨胀，同时手里有$ST诺泰(SH688076)$ 43建仓，一直下跌，总认为假st不至于一直下跌，不停的加仓，加到100万，到最后股价到了28，把汇科的利润吃没了，割肉留了10万。教训:①对$ST诺泰(SH688076)$ 太自信了，没有按照交易纪律进行。②挣了钱，以为有保护垫了，胡乱操作，最大的自我认知问题。,2,7,0,68720,SH688076,ST诺泰,Android,https://xueqiu.com/2183105356/388409431,0,2,2026-07-08 16:22:54
388531871,7658458407,木愚而来,2026-05-13 02:21:37,,$ST诺泰(SH688076)$ $翰宇药业(SZ300199)$ 都要奔涨停了，你还在这装啥？$ST诺泰(SH688076)$ 有可能生意被人抢了？,2,4,0,21592,SH688076,ST诺泰,雪球,https://xueqiu.com/7658458407/388531871,0,0,2026-07-08 16:22:54
388553597,6469196520,豁达的打新小清泉,2026-05-13 03:14:02,,当初ST诺泰大家也说影响不大的。,1,5,0,16312,SH688076,ST诺泰,Android,https://xueqiu.com/6469196520/388553597,0,0,2026-07-08 16:22:54
388583010,2638561493,踏实的涨幅小天文台,2026-05-13 05:20:22,,$ST诺泰(SH688076)$ 看看翰宇药业吧,1,1,0,17204,SH688076,ST诺泰,Android,https://xueqiu.com/2638561493/388583010,0,0,2026-07-08 16:22:54
388637347,7407511882,靠情怀,2026-05-13 08:11:10,,$ST诺泰(SH688076)$ 老庄在这里面埋伏的深呐！,2,3,0,15466,SH688076,ST诺泰,iPhone,https://xueqiu.com/7407511882/388637347,0,0,2026-07-08 16:22:54
388685231,8624594967,2026大转折,2026-05-13 12:25:03,,$ST诺泰(SH688076)$ 凭什么翰宇药业能轻松上200亿，诺泰就值100亿，我就是不服,5,5,0,15553,SH688076,ST诺泰,Android,https://xueqiu.com/8624594967/388685231,0,0,2026-07-08 16:22:54
388771789,1007887767,nirvana1998,2026-05-14 01:53:15,,$ST诺泰(SH688076)$ 多肽没什么问题的，奥司他韦拖了后腿，等七月预报确定利润增长拐点。,7,3,0,16832,SH688076,ST诺泰,iPhone,https://xueqiu.com/1007887767/388771789,0,0,2026-07-08 16:22:54
388779902,9677662435,猎庄者小号,2026-05-14 02:07:49,,$ST诺泰(SH688076)$ 我说小庄你们天天对敲有意思么,0,4,0,19675,SH688076,ST诺泰,雪球,https://xueqiu.com/9677662435/388779902,0,0,2026-07-08 16:22:54
388877640,0,ST诺泰(SH688076),2026-05-14 07:33:06,,ST诺泰：江苏诺泰澳赛诺生物制药股份有限公司投资者关系活动记录表（2026-001） 网页链接,6,2,0,21814,SH688076,ST诺泰,公告,https://xueqiu.com/S/SH688076/388877640,0,1,2026-07-08 16:22:54
388945009,6469196520,豁达的打新小清泉,2026-05-14 14:09:30,,信达的玛仕度肽订单被诺泰生物抢走了一些。,1,5,0,14782,SH688076,ST诺泰,Android,https://xueqiu.com/6469196520/388945009,0,0,2026-07-08 16:22:54
388978835,3767605145,何割韭菜而不食肉糜,2026-05-14 23:41:19,,$ST诺泰(SH688076)$ 司美格鲁肽、替尔泊肽等减肥药物严禁不凭处方销售、不审核处方销售、“先销售后补方”等违规行为，不得通过网络零售这个禁令失去很多市场，对减重版的各类肽都很大影响,6,1,0,17812,SH688076,ST诺泰,Android,https://xueqiu.com/3767605145/388978835,0,1,2026-07-08 16:22:54
389038102,9166361019,越来越好运er,2026-05-15 02:55:51,,$ST诺泰(SH688076)$ 真渣渣，天天对倒诅咒吃不上三个菜,3,2,0,13268,SH688076,ST诺泰,iPhone,https://xueqiu.com/9166361019/389038102,0,0,2026-07-08 16:22:54
389076865,2984793256,潢川新安,2026-05-15 05:26:51,,$ST诺泰(SH688076)$ 小庄家，除了对倒骗筹，一点人事不干,0,0,0,12775,SH688076,ST诺泰,Android,https://xueqiu.com/2984793256/389076865,0,0,2026-07-08 16:22:52
389117547,4251647645,kingwalliland,2026-05-15 07:32:32,,$ST诺泰(SH688076)$ 静待下半年的摘帽行情，大概率估值回归,0,5,0,13011,SH688076,ST诺泰,Android,https://xueqiu.com/4251647645/389117547,0,0,2026-07-08 16:22:52
389217055,1968252884,策略策略,2026-05-16 00:50:23,,$ST诺泰(SH688076)$ 科技结束了，中美在蜜月期，不去防守股。资金会去哪里？会来诺泰生物吗？12月份摘帽，还有6个月。摘帽后 机构必然配一部分。这部分钱愿不愿意赚呢？,3,4,0,17376,SH688076,ST诺泰,Android,https://xueqiu.com/1968252884/389217055,0,0,2026-07-08 16:22:52
389251401,1836681218,琴山涧5686,2026-05-16 08:27:50,,减肥药品类那么多，为什么偏偏是GLP-1能火成现象级产品？它不只是能减肥和降糖，还能显著降低血压、血脂，改善心血管健康，甚至对慢性肾病、阿尔茨海默病等多种慢性病都有潜在治疗效果。这意味着GLP-1已经从一个单纯的减肥药，升级成了一个覆盖整个代谢疾病领域的综合治疗平台，市场边界被无限拓宽。更重要的是，这个赛道拥有医药行业最好的商业模式之一：患者需要长期甚至终身用药，复购率极高，而且消费属性极强，自费比例远高于其他处方药，受医保控费政策的影响相对较小。$ST诺泰(SH688076)$ $圣诺生物(SH688117)$ $翰宇药业(SZ300199)$,4,14,0,90862,SH688076,ST诺泰,Android,https://xueqiu.com/1836681218/389251401,0,3,2026-07-08 16:22:52
389288547,1968252884,策略策略,2026-05-17 00:30:28,,2026 诺泰生物 目标200 分批加,6,4,0,17237,SH688076,ST诺泰,Android,https://xueqiu.com/1968252884/389288547,0,0,2026-07-08 16:22:52
389345067,1968252884,策略策略,2026-05-17 13:27:36,,$ST诺泰(SH688076)$ 以前的文章，是否依然精准？ 诺泰生物，1500。网页链接,0,2,0,16165,SH688076,ST诺泰,Android,https://xueqiu.com/1968252884/389345067,0,0,2026-07-08 16:22:52
389356721,8834379146,GoldencyZ,2026-05-17 15:45:20,【国联民生医药】医药行业周报20260517：口服减重药物进入放量期，供应链应该如何前瞻配置？,"1 口服减重药物进入放量期，供应链应该如何前瞻配置？ 1.1 口服减重药物进入放量阶段，市场前景广阔 全球上市最早的GLP-1口服减重药诺和诺德Wegovy口服版取得亮眼销售里程碑。诺和诺德Wegovy司美格鲁肽口服版减重药的周处方量增长迅猛，上市第15周的周处方量已达约20.7万张，触达超过100万肥胖症患者，其周处方量远超其他明星GLP-1减重药物水平，包括替尔泊肽注射剂（15周处方量约8.5万张）、Wegovy注射剂（15周处方量约1.3万张），且Wegovy口服减重药周处方增长曲线仍处于陡峭放量阶段，尚未出现持续的二阶导减缓趋势。口服剂型基于便捷的给药方式快速渗透市场，上市后短时间内便实现处方量快速增长，放量速度显著领先于同类竞品与自身注射版。 口服Wegovy有效性数据近期获进一步验证，凸显口服减重药物价值。口服 Wegovy（司美格鲁肽片剂）是诺和诺德研发的全球首款获批用于长期体重管理的口服GLP-1 受体激动剂，于 2025 年 12 月获美国 FDA 批准上市。近期诺和诺德公布了口服Wegovy OASIS 4三期临床亚组25mg数据，口服Wegovy 25mg治疗中，28.8%的患者为早期应答者（16周减重≥10%），16周减重13.2%，64周减重21.6%。未达到早期应答标准的患者在64周减重11.5%，口服多肽减重药在疗效端得到进一步验证，口服剂型兼具治疗有效性和使用便利性的优势得到进一步验证。 7月医保覆盖后，礼来小分子口服减重药Foundayo的增长潜力有望验证。Foundayo是一款由礼来研发的口服小分子GLP-1受体激动剂，旨在治疗肥胖症和2型糖尿病等代谢性疾病。与市场上已上市的多肽类GLP-1药物不同，Foundayo以小分子结构为创新点，具备易于大规模生产、无需冷链运输和提高患者依从性的优势，三期临床数据显示，该药在72周时可帮助肥胖患者体重减少12.4%，拥有良好的维持减重效果，今年4月Foundayo已获美国FDA批准上市，上市以来销量爬坡节奏相对温和，7月有望进入Medicare Part D医保体系，或将出现显著商业化放量，我们认为Foundayo作为全球首个口服小分子GLP-1药物，有望打开更广阔的降糖减重市场空间，并逐步推动其在代谢疾病、慢病管理领域的持续增长。 口服减重药有望释放肥胖病症市场的增量需求，从截面数据来看，口服剂型价格经济、无需注射、使用场景灵活降低了用药门槛，吸引了更多此前因注射不便问题而未使用减重药的患者，扩大了减重药的触达人群，催生新的需求空间。 肥胖是存在较大未满足需求的严重慢性疾病，创新治疗方案的迭代具有较强的市场基础，看好口服类减重药物的放量持续性。全球范围内肥胖是一类患者体量庞大的严重慢性病，全球超过17亿人受超重或肥胖问题影响，肥胖与200多种不同并发症紧密相关，以46岁为统计基线，正常BMI人群寿命达到70岁的概率为80%，BMI 35–40人群则降至60%，BMI40-50人群则进一步降至50%。当前肥胖治疗药物选择极少，仅约1%的全球肥胖人口在使用规范肥胖治疗药物，以诺和诺德的药物覆盖率为例，全球患者总数高达9.34亿，其中使用全球减重龙头诺和诺德抗肥胖药物进行治疗的患者仅为约400万，患者覆盖率不足0.5%，在超9亿目标患者人群中，大多数尚未获得有效的规范药物治疗，存在较大的未满足临床需求和广阔的市场增长空间，是当前全球减重药品市场持续快速增长的关键驱动力。 1.2国内部分CDMO一体化/细分领域龙头有望受益于口服减重药放量的产业浪潮 口服司美格鲁肽减重药生物利用度较低，多肽CDMO供应链有望受益。口服司美格鲁肽的障碍在于较低的生物利用度，口服司美格鲁肽的生物利用度约0.8%~1.4%，因此口服司美格鲁肽需要更大的司美格鲁肽活性成分摄入量，司美格鲁肽注射版剂量为2.4mg/周，而口服版为25mg/天，因此口服剂型产品的快速商业化放量对司美格鲁肽的原料药稳定供应要求更高。 诺和诺德的Capex近年呈现出快速扩张的趋势，公司Capex 从 2021 年的 60 亿丹麦克朗快速增长至 2025 年600 亿丹麦克朗的水平，2021-2025年公司Capex占收入的比例从4%快速上升到19%的较高水平，我们认为诺和诺德口服减重产品进一步放量产生的API需求或需要依托全球供应链外包实现可持续运营，有望为国内相关CDMO供应商提供增量机遇。 从产业链受益顺序看，围绕口服司美格鲁肽放量后的潜在CDMO需求+管线产品上市后需求提升来判断，在多肽细分领域拥有较强竞争力的CDMO最先兑现。由于口服司美格鲁肽产品对活性API用量较大，且司美格鲁肽为长肽产品，其在原料药合成、长链修饰、纯化放大、口服递送、片剂工艺、质量一致性等方面大规模生产要求均较高：1）有真实的多肽规模化能力；2）有司美/GLP-1相关DMF或国际认证；3）有长链修饰和纯化放大经验；4）有商业化供货或MNC合作基础。细分领域多肽CDMO龙头受益确定性较高包括诺泰生物、翰宇药业、药明康德、凯莱英、圣诺生物、健元医药（四川双马）。 礼来口服小分子减重药Foundayo生产工艺复杂，是CDMO领域的高壁垒方向。O药生产过程涉及冗长复杂的多步合成路线，根据礼来团队在《Organic Process Research & Development》期刊上发表的系列论文，仅关键吲哚中间体(S)-5-(2,2-二甲基四氢-2H-吡喃-4-基)-1H-吲哚合成就需要8步线性反应，从起始物料到最终原料药的全合成路线则更长，合成路径对工艺的稳健性、中间体的纯化和收率控制提出了较高要求。不对称合成与手性控制条件苛刻：分子核心结构包含4个手性中心，其立体化学的精确控制是最大难点之一，在后续步骤中，需要严格控制非对映异构体杂质的生成。3）高难度的环化与官能团转化：合成过程中涉及多个高难度转化，包括四氢吡喃环的构建、环丙烷结构的引入、Evans辅基的还原去除。复杂的生产过程决定了其在供应链方向的合作伙伴筛选将更加谨慎，相关公司或将在高壁垒领域获得较长时间的红利期。 地缘政治不确定性下，礼来供应链布局仍坚定选择中国伙伴，看好国内小分子CDMO龙头/细分领域特色CDMO供应商的获益潜力。礼来作为O药原研方，自身拥有强大的化学工艺开发能力，为了保障全球供应，礼来采取了“内部扩建+外部合作”的策略。在外部合作方向上，2026年3月礼来宣布与康龙化成达成战略合作，投资2亿美元，重点布局Orforglipron口服固体制剂的本土化生产。海特生物/汉瑞药业目前明确指出其在关键片段生产的CDMO能力，海特生物子公司汉瑞药业在2026年3月宣布，成功研发并优化了Orforglipron的关键片段HR2331-M06的生产工艺，公告详细说明了其通过铜催化体系创新路线（用CuBr₂替代昂贵的钯催化剂）及机理研究，实现了对关键非对映异构体杂质（ent-M04）的精确控制（ 减重市场未满足需求仍然较大，GLP-1减重药物的口服及注射版本尚未进入“红海”竞争阶段，继续看好以替尔泊肽为代表的注射类减重产品的业绩释放确定性。美国目前的主要GLP-1类减重产品处方量情况来看，2025年4月至2026年4月期间，其周处方量大致在40 - 70千张区间波动，尽管口服Wegovy在2025年底获批上市后周处方量以较高的锐度快速增长，但作为竞品的替尔泊肽周处方量仍然维持稳定，并未出现此消彼长的“红海”竞争特征，市场容量较大的减重市场仍然处于温和竞争状态，继续看好注射剂型GLP-1减重类药物的销售。 礼来替尔泊肽延续高增态势，GLP-1广阔市场潜力不断释放。2025年礼来GLP-1/GIP双受体激动剂替尔泊肽迎来了全球范围内的高速增长，降糖版/减重版替尔泊肽均取得亮眼成果，全年为礼来贡献了超过365亿美元的收入，成为驱动公司业绩高增的核心引擎，并锁定2025年全球“药王”的地位。 替尔泊肽的两个商业化版本均表现出色：用于治疗2型糖尿病的 Mounjaro全年销售额达229.65亿美元，同比增长99%；用于慢性体重管理的 Zepbound放量速度更快，在获批后的首个完整销售年度即录得135.42亿美元收入，同比高增175%，仅第四季度，替尔泊肽系列产品就贡献了约116.7亿美元的销售额。在替尔泊肽的强力驱动下，礼来2025年总营收达到651.79亿美元，同比大幅增长45%，净利润增长近95%。 多肽CDMO细分领域的龙头公司经历了较长时间的景气度周期，继续看好景气周期下业绩兑现的确定性。药明康德TIDES业务前瞻布局多肽CDMO能力及产能，受益于多肽药物市场的繁荣，近年业绩高速增长，药明康德TIDES业务2025年收入增速达到96%，牵引公司整体业绩较快增长，我们认为跟随多肽下游市场高增的景气度趋势及替尔泊肽降价贡献的弹性因子，多肽CDMO龙头的业绩高增仍具有较强的持续性。 1.3 投资建议 口服多肽减重药方向建议关注1）多肽API领域具有差异化优势并已得到验证的细分龙头：翰宇药业、四川双马（健元）、诺泰生物；2）平台型多肽CDMO龙头的潜在受益：凯莱英、圣诺生物；口服小分子减重药方向建议关注相关复杂化学合成领域具有较强技术沉淀的一体化龙头/专精型公司：药明康德、凯莱英、康龙化成、诚达药业、海特生物。 2 医药行情回顾与热点追踪 2.1 医药行业行情回顾 当周（5.11-5.15）医药生物指数环比-2.75%，跑输创业板指数和沪深300指数。当周医药生物指数周环比-2.75%，沪深300指数周环比-0.25%，创业板指数周环比+3.50%，医药跑输沪深300指数2.50个百分点，跑输创业板指数6.26个百分点。2026年初至今医药生物下跌2.33%，沪深300上涨4.96%，创业板指数上涨22.66%，医药跑输沪深300指数，跑输创业板指数。 在所有行业中，当周（5.11-5.15）医药涨跌幅排在第14位。2026年初至今，医药涨跌幅排在第19位。 子行业方面，当周（5.11-5.15）表现最好的为医药商业II，环比-2.28%；表现最差的为中药II，环比 -3.39%。 2026年初至今表现最好的子行业为化学原料药，上涨6.98%；表现最差的为化学制剂，下跌6.78%。其他子行业中，医疗服务II较年初+5.82%，中药II较年初-5.99%，生物制品II较年初-3.85%，医药商业II较年初-6.33%，医疗器械II较年初-0.53%。 2.2 医药行业热度追踪 估值水平上升，处于平均线下。当周，医药行业估值PE（TTM，剔除负值）为29.40，较上一周下降0.70个单位，比2005年以来均值（35.79）低6.39个单位，当周医药行业整体估值下降。行业估值溢价率处于平均线下。当周医药行业PE估值溢价率（相较A股剔除银行）为14.58%，较上一周下降2.14个百分点。溢价率较2005年以来均值（54.51%）低39.93个百分点，处于相对低位。 当周（5.11-5.15）医药行业交易金额较上一周下降。医药成交总额6503.01亿元，沪深总成交额为167282.62亿元，医药成交额占比沪深总成交额比例为3.89%（2013 年以来成交额均值为7.04%）。 2.3 医药板块个股行情回顾 当周（5.11-5.15）涨跌幅排名前5为昂利康、力诺药包、健麾信息、交大昂立、奕瑞科技。后5为*ST益通、信立泰、博腾股份、ST海王、ST万邦。滚动月涨跌幅排名前5为海泰新光、英诺特、力诺药包、交大昂立、昂利康。后5为*ST益通、ST嘉应、信立泰、ST海王、*ST赛隆。 3 风险提示 1）医保、集采政策导致价格不及预期。医保谈判、带量采购等政策陆续出台，可能导致相关药品、器械的价格持续下调从而加剧行业竞争的风险，导致相关企业利润有望受到影响。 2）临床进度或上市时间不及预期。如临床进度落后或CDE评审要求补充材料，可能会延后相关产品上市时间。 3）行业竞争格局的不确定性。市场内通常有多款与公司管线同类型药物处于研发阶段，未来存在竞争格局不确定性增加的可能。 4）地缘政治风险。海外对中国供应链政策态度尚不明朗，未来存在地缘政治因素导致的业务出海受阻风险。 5）下游投融资及需求复苏不及预期。国内及海外投融资趋势仍有出现潜在变化的可能性，下游复苏的景气度周期存在不确定性。 6）汇兑风险。海外外币计价收入受不利汇兑变动影响产生的上市公司报表层面兑现不及预期的风险。 相关声明 注：文中报告节选自国联民生证券研究所已公开发布研究报告，具体报告内容及相关风险提示等详见完整版报告。 分析师：张金洋 分析师执业编号：S0590525120012 分析师：胡偌碧 分析师执业编号：S0590525120011 研究助理：袁维超 分析师执业编号：S0590525110076 证券研究报告：《医药周报20260517：口服减重药物进入放量期，供应链应该如何前瞻配置？》 报告发布日期：2026年05月17日 分析师承诺 本报告署名分析师具有中国证券业协会授予的证券投资咨询执业资格并登记为注册分析师，基于认真审慎的工作态度、专业严谨的研究方法与分析逻辑得出研究结论，独立、客观地出具本报告并对本报告的内容和观点负责。 本报告清晰准确地反映了研究人员的研究观点，结论不受任何第三方的授意、影响，研究人员不曾因、不因、也将不会因本报告中的具体推荐意见或观点而直接或间接收到任何形式的补偿。 重要提示：《证券期货投资者适当性管理办法》于2017年7月1日起正式实施，通过本微信订阅号/本账号发布的观点和信息仅供国联民生证券的专业投资者参考，完整的投资观点应以国联民生证券股份有限公司（下称“国联民生证券”）发布的完整报告为准。若您并非国联民生证券客户中的专业投资者，为控制投资风险，请取消订阅、接收或使用本订阅号/本账号中的任何信息。本订阅号/本账号难以设置访问权限，若给您造成不便，敬请谅解。国联民生证券不会因为关注、收到或阅读本订阅号/本账号推送内容而视相关人员为客户；市场有风险，投资需谨慎。 免责声明：国联民生证券股份有限公司（下称“国联民生证券”）已获中国证监会许可的证券投资咨询业务资格，本平台推送观点和信息仅供国联民生证券研究服务客户参考，完整的投资观点应以国联民生证券研究所发布的完整报告为准。若您非国联民生证券研究服务客户，为控制投资风险，请勿订阅、接受、转载或使用本平台中的任何信息，若给您造成不便，敬请谅解。国联民生证券不会因订阅本平台的行为或者收到、阅读本平台推送内容而视相关人员为客户。任何未经国联民生证券同意或授权而对本平台内容进行复制、转发或其他类似不当行为均被严格禁止。对于使用本平台包含信息所引起的后果，国联民生证券概不承担任何责任。 本平台及国联民生证券研究报告所载资料的来源及观点的出处皆被国联民生证券认为可靠，但国联民生证券不对其可靠性、准确性、时效性或完整性做出任何保证。本平台推送内容仅反映国联民生证券研究人员于发出完整报告当日的判断，本平台所载的资料、意见及推测有可能因发布日后的各种因素变化而不再准确或失效，国联民生证券不承担更新不准确或过时的资料、意见及推测的义务，在对相关信息进行更新时亦不会另行通知。在任何情况下，本平台所载信息、意见不构成对任何人的投资建议，所述证券或金融工具买卖的出价或征价，评级、目标价、估值、盈利预测等分析判断亦不构成对具体证券或金融工具在具体价位、具体时点、具体市场表现的投资建议。本平台所包含的观点及建议并未考虑获取本平台包含信息的机构及个人的具体投资目的、财务状况、特殊状况、目标或需要，客户应当充分考虑自身特定状况，进行独立评估，并应同时考量自身的投资目的、财务状况和特定需求，必要时就法律、商业、财务、税收等方面咨询专家的意见，不应单纯依靠本报告所载的内容而取代自身的独立判断。在法律允许的情况下，国联民生证券及其关联方可能持有本平台推送内容中提及的公司所发行证券的头寸并进行交易，也可能为这些公司提供或正在争取提供投资银行、财务顾问、咨询服务等相关服务。客户应充分考虑可能存在的利益冲突，勿将本平台推送内容作为投资决策的唯一参考依据。对任何直接或间接使用本平台所载信息和内容或者据此进行投资所造成的任何一切后果或损失，国联民生证券及/或其关联人员均不承担任何形式的法律责任。 ，国联民生证券对本微信号及其推送内容保留一切法律权利。未经国联民生证券事先书面许可，任何机构或个人不得以任何形式转载、翻版、复制、刊登、发表、修改、仿制或引用本订阅号中的内容。任何订阅人如引用或转载本平台所载内容，务必注明出处为国联民生证券研究所，且转载应保持完整性，不得对内容进行有悖原意的引用和删改。转载者需严格依据法律法规使用该文章，转载者单方非法违规行为与我司无关，由此给我司造成的损失，我司保留法律追究权利。",0,8,0,88819,SH688076,ST诺泰,雪球,https://xueqiu.com/8834379146/389356721,0,1,2026-07-08 16:22:52
389368795,5572673947,阿福送你一朵小红花,2026-05-18 00:42:42,,$ST诺泰(SH688076)$ 诺泰血管健康：注射用比伐芦定、氨氯地平阿托伐他汀钙片、依替巴肽注射液、阿托伐他汀钙片、奥美沙坦酯氨氯地平片、依折麦布阿托伐他汀钙片(I)、依折麦布阿托伐他汀钙片(II),0,2,0,15280,SH688076,ST诺泰,雪球,https://xueqiu.com/5572673947/389368795,0,0,2026-07-08 16:22:52
389374154,5582810816,leoleo99,2026-05-18 01:17:41,,$ST诺泰(SH688076)$ 正式批文,11,16,0,21391,SH688076,ST诺泰,Android,https://xueqiu.com/5582810816/389374154,0,0,2026-07-08 16:22:52
389445940,6272575192,x198921,2026-05-18 05:03:12,,$ST诺泰(SH688076)$ 这样跌你们车间的班白加了？,1,2,0,14566,SH688076,ST诺泰,Android,https://xueqiu.com/6272575192/389445940,0,0,2026-07-08 16:22:52
389471324,9166361019,越来越好运er,2026-05-18 06:38:45,,$ST诺泰(SH688076)$ 无人问津，什么利好都救不了，熬着吧，创新药=老鼠药；整个板块不行，港股创新药更惨,3,2,0,15971,SH688076,ST诺泰,iPhone,https://xueqiu.com/9166361019/389471324,0,0,2026-07-08 16:22:52
389497306,0,ST诺泰(SH688076),2026-05-18 08:26:00,,ST诺泰：2025年年度股东会会议资料 网页链接,0,1,0,18571,SH688076,ST诺泰,公告,https://xueqiu.com/S/SH688076/389497306,0,0,2026-07-08 16:22:52
389524145,3448390696,买花赊月,2026-05-18 10:53:05,,回复@Calm2067: 并不是，看看st诺泰，25年7.19收到预先告知书，12.18收到的正式处罚决定书，五个月，京机是1.17收到的预先告知书，中间还有好几个假期呢//@Calm2067:回复@电子羊:这已经是时间最长的一个了,0,2,0,14510,SH688076,ST诺泰,Android,https://xueqiu.com/3448390696/389524145,0,0,2026-07-08 16:22:52
389536869,3767605145,何割韭菜而不食肉糜,2026-05-18 12:17:18,,$ST诺泰(SH688076)$ 老铁们，我之前31.75解套小赚跑路了，今天又接回来了。和大家一起共同致富,0,2,0,16078,SH688076,ST诺泰,Android,https://xueqiu.com/3767605145/389536869,0,0,2026-07-08 16:22:52
389641863,6991900864,物胜于心,2026-05-19 03:16:58,,$ST诺泰(SH688076)$ 帮公司冲业绩，第一针打起,11,11,0,14362,SH688076,ST诺泰,Android,https://xueqiu.com/6991900864/389641863,0,0,2026-07-08 16:22:52
389684311,7069783343,垃圾堆里淘金豆豆,2026-05-19 06:23:24,,$ST诺泰(SH688076)$大牛市，成交量这么低,0,0,0,10592,SH688076,ST诺泰,Android,https://xueqiu.com/7069783343/389684311,0,0,2026-07-08 16:22:52
389707648,4876911516,雷电成风,2026-05-19 07:45:00,,诺泰生物生产的玛士度肽？ 牛,0,2,0,9033,SH688076,ST诺泰,iPhone,https://xueqiu.com/4876911516/389707648,0,0,2026-07-08 16:22:52
389718623,6769259204,laotang926,2026-05-19 08:35:24,诺泰生物两大核心厂区布局及未来五大核心业绩增量,$ST诺泰(SH688076)$ @策略策略 @琴山涧5686 @leoleo99当下公司基本面现状 公司目前处于产能建成、资质落地、订单逐步导入的蓄力周期，前期大额资本开支压制短期利润，市场情绪低迷，股价处于历史低位，属于典型的 “基本面向上，股价低位错配” 阶段。五年长期格局判断 五年之后的诺泰生物将彻底完成转型，成长为多肽 + 核酸药物双技术平台、兼具原料药 + 高端无菌制剂、海内外市场全覆盖的综合型生物医药企业，行业地位、盈利结构、估值体系都会全面重构。 短期审批节奏、订单释放速度存在小幅波动，但整体向上成长趋势确定；目前属于行业低谷布局阶段，正如当下市场漠视蓄力中的诺泰，未来业绩全面兑现、价值彻底爆发后，将迎来价值重估与趋势性行情，长线成长空间充足，赛道壁垒深厚。 知道来时路，能更好的了解公司基本面； 预判未来3-5年公司增量，避免在底部丢了筹码； 希望更多的人认同公司“时间领先+技术领先”理念，诺泰不仅是这么说的，也是这样做的。一、诺泰生物两大核心厂区完整信息1、连云港工厂1.1 连云港临浦路厂区：原料药专属基地定位：多肽 API、GLP-1 原料药、寡核苷酸原料药生产中心投资明细（分年份）2014-2018 年：早期厂房与基础车间建设，累计投资 5 亿元2019-2022 年：产能技改与 GLP-1 工艺落地，累计投资 3 亿元2023-2025 年：601、602 吨级 GLP-1 专用多肽车间，募投投资 2.1 亿元，落地 5 吨新增多肽产能2024-2026 年：寡核苷酸原料药车间建设，累计投资 3.6 亿元原料药厂区合计总投资：13.7 亿元核心车间与产能601 车间、602 车间：柔性长链修饰多肽车间，原规划司美格鲁肽、替尔泊肽原料药，可无缝切换生产玛仕度肽 API，无需新增设备，仅调整工艺参数整体 GLP-1 多肽原料药总产能：10 吨 / 年寡核苷酸原料药车间：2026 年 3 月正式投产，年产能 1000kg在建项目：寡核苷酸单体 &amp; 中间体车间，完善上游自给配套资质：多年通过 FDA、NMPA 全套 GMP 认证，具备全球出口供货资质原料供应链：司美格鲁肽 90% 以上中间体、片段、单体全部厂区自产，仅少量特殊稀有单体外购，产业链自主可控。1.2 连云港中华药港制剂厂区定位：口服固体制剂 + 无菌注射剂成品生产基地总投资：合计 10 亿元2020-2022 年：土地与土建投入 4.5 亿元2023 年：口服制剂设备与验证投入 3 亿元2024-2026 年：无菌注射剂车间建设投入 2.5 亿元投产状态区分口服固体制剂车间：已全面投产，产能充足，与 GLP-1 注射剂无关无菌注射剂车间：硬件全部完工，设备调试、洁净区验证全部完成，暂未正式投产投产硬性审批流程（必经流程，缺一不可）审批主管单位：江苏省药品监督管理局，由省核查中心派遣国家级无菌药品检查员现场核查完整流程：提交 GMP 检查申请→现场动态核查→出具 GMP 符合性告知书→变更药品生产许可证注射剂范围→完成信达玛仕度肽委托生产备案→正式商业化投产时间预判：2026 年下半年完成全部审批，四季度小批量试产，2027 年全面放量设计产能：无菌预充针注射剂单班年产能 1.2 亿支，优先定向供给信达生物玛仕度肽，剩余产能预留自研司美格鲁肽注射剂使用（2026年4月9日已经申报2型糖尿病和减重）。2、杭州建德厂区定位：纯小分子 CDMO 生产基地，不涉及多肽、GLP-1、寡核苷酸业务累计总投资：6.36 亿元核心业务：抗病毒、抗肿瘤药物高级中间体与小分子原料药，主打海外出口业务现状：产能稳定释放，为公司传统稳健现金业务，无新增大规模在建项目。二、诺泰生物五大核心未来业绩增量（长线成长核心逻辑）第一增量：信达生物玛仕度肽全链条合作【2026年5月6日获批】 原料药稳定供货打底，注射剂车间获批后新增制剂代工业务，短期确定性最强，高毛利属性突出。这也意味着连云港中华药港的制剂业务将从投入期过渡到收获期。并且这种原料药+制剂代工业务正常情况下不会轻易换供应商，因为费时费钱，也找不着像诺泰这样的量大管够、质量好且成本低的稳定供货商。第二增量：海外仿制药企 GLP-1 原料药放量 2026年2月28日公司微信公众号新闻，拿到印度CDSCO FORM CT-19证书。2026年3月20日，印度、东南亚等海外市场司美格鲁肽仿制药逐步上市，诺泰凭借成本优势与认证优势，持续承接海外大批量原料药订单，夯实基本盘。第三增量：自研司美格鲁肽注射剂获批上市放量【今年4月9日申报2.2类创新药，审批中】 国内申报进度行业领先，获批后依托自有原料药 + 自有制剂产能，实现自研品牌药品商业化销售，打开自有品牌盈利空间。另外，已拿到司美格鲁肽口服临床受理号。第四增量：寡核苷酸千公斤级原料药产能释放 国内稀缺多肽 + 寡核苷酸双技术平台，切入下一代核酸药物赛道，开辟全新高增长曲线。 连云港吨级车间2026 年 3 月正式投产，寡核苷酸原料药年产能 1000kg（1 吨），另配套 PMO 100kg、PEG‑环肽 200kg 配置：2 条单批 10kg + 商业化产线、3 条公斤级中试线；单次最大合成 1800mmol；Cytiva 工业级合成 / 纯化系统，全密闭自动化生产 叠加杭州百公斤级基地，总产能国内第一梯队。 注：2025 年前国内寡核苷酸以百公斤级为主；2025–2026 年，诺泰、凯莱英、药明实现千公斤级落地，进入商业化供货时代。 千公斤级产能主要服务已上市核酸药放量、重磅商业化品种（如降脂、肝病、罕见病），是核酸药物产业化分水岭。第五增量：寡核苷酸上游中间体投产 完善全产业链布局，进一步压缩生产成本，提升核酸药物整体毛利率。公司技术优势见：网页链接{诺泰生物司美格鲁肽专利 “一种基于SPPS-LPPS混合法的索玛鲁肽大片段偶联工艺” 解读及生产成本及周期分析 $ST诺泰(SH688076)$ @策略策略 你要的司美格鲁肽成本优势依据。专利基本信息见下图：豆包帮解读了一下专利对生... - 雪球}国际认证、原料药产能与成本、国内外合作见：网页链接{st诺泰超跌了吗？ $ST诺泰(SH688076)$ 周末仔细看了 诺泰生物 的资料，认为超跌了，已补仓，欢迎主力继续砸。看好未来几年 诺泰... - 雪球}说明：数据整理使用了豆包AI，基本与我对公司了解的信息一致。仅供参考，不作为股票买卖依据，不对之处请指正。,22,24,0,31142,SH688076,ST诺泰,雪球,https://xueqiu.com/6769259204/389718623,0,12,2026-07-08 16:22:52
389785649,1968252884,策略策略,2026-05-19 14:53:35,,$ST诺泰(SH688076)$ 还有啥可说的呢，风口，创新药，标杆，诺泰生物。,1,3,0,17192,SH688076,ST诺泰,Android,https://xueqiu.com/1968252884/389785649,0,0,2026-07-08 16:22:52
389811850,1256278825,值得ing,2026-05-19 23:04:18,,$翰宇药业(SZ300199)$ 从公告发布节奏，结合换手率看，盈利盘要变现了，甚至已经变现了。$ST诺泰(SH688076)$ 诺泰营收净利产能都是翰宇的倍数，估值是翰宇的一半。孰高孰低？,8,5,0,38429,SH688076,ST诺泰,iPhone,https://xueqiu.com/1256278825/389811850,0,0,2026-07-08 16:22:52
389903603,7900410209,选股上人萧刹,2026-05-20 05:14:41,,$ST诺泰(SH688076)$ 没有流动性 没有量肯定起不来，慢慢熬吧,0,1,0,11819,SH688076,ST诺泰,Android,https://xueqiu.com/7900410209/389903603,0,0,2026-07-08 16:22:49
389907658,2034853111,回本就是跑路时,2026-05-20 05:28:34,,回复@大趋势低吸: 是的st板块没啥资金关注的，同样是减肥药st诺泰和翰宇药业就是好的对比//@大趋势低吸:回复@嘻嘻哈哈金饼果子:这就是不信st的结果。当时雪球发了好几条还有人喷我,0,1,0,12821,SH688076,ST诺泰,Android,https://xueqiu.com/2034853111/389907658,0,0,2026-07-08 16:22:49
389911325,1836681218,琴山涧5686,2026-05-20 05:41:25,,曲折向上，韧性生长！$ST诺泰(SH688076)$,0,2,0,16722,SH688076,ST诺泰,Android,https://xueqiu.com/1836681218/389911325,0,0,2026-07-08 16:22:49
389911684,4202117770,短中长线卧倒选手,2026-05-20 05:42:41,,$ST诺泰(SH688076)$ 基本面与走势背离的程度令人发指,0,0,0,14082,SH688076,ST诺泰,iPad,https://xueqiu.com/4202117770/389911684,0,0,2026-07-08 16:22:49
389913338,1578684695,拙工巧匠,2026-05-20 05:48:29,,$ST诺泰(SH688076)$ 非要装死到半年报吗？,2,2,0,15312,SH688076,ST诺泰,iPhone,https://xueqiu.com/1578684695/389913338,0,0,2026-07-08 16:22:49
389983465,0,ST诺泰(SH688076),2026-05-20 10:49:02,,ST诺泰：关于公司控股股东、实际控制人续签一致行动协议的公告 网页链接,0,6,0,16484,SH688076,ST诺泰,公告,https://xueqiu.com/S/SH688076/389983465,0,0,2026-07-08 16:22:49
390212090,9686437421,飞翔0018,2026-05-21 09:17:21,,诺泰生物业绩好于预期 寡核苷酸从战略赛道进入商业化兑现期（券周刊4月30日，原文30%精简版）2026年4月29日，诺泰生物发布2025年报与2026年一季报，业绩整体超预期，短期利润波动不改长期成长，GLP-1原料药放量、CDMO订单释放、产能扩张三大增长动力持续兑现。2025年公司营收19.43亿元（同比+19.57%），扣非归母净利润3.7亿元；2026年一季度营收5.5亿元、扣非净利润1.2亿元。公司自主业务营收占比70.4%，海外收入占比70%，多肽、小分子业务毛利率分别达78%、58%。目前公司手握大量获批原料药与制剂文号，多个品种通过FDA审评，海外客户覆盖全球知名药企，CDMO业务服务创新药全研发周期，与Incyte、吉利德等企业深度绑定。寡核苷酸成为公司第二核心增长曲线，正式迈入高速商业化阶段。连云港吨级寡核苷酸车间落地投产，合成规模大幅跃升，软硬件配置国际顶尖，可覆盖全球客户全流程CDMO需求。公司早已为全球TOP10药企完成siRNA原料药工艺验证并规模化供货，单项目年营收超1亿元，单价为传统多肽3倍以上。自研乙肝GalNAc-siRNA一期临床病毒抑制率82%，优于海外Alnylam同类产品，预计2026年达成二期对外合作，首付款约5000万美元。技术端构建差异化壁垒：独创“固相+液相”双合成工艺，相较传统工艺生产成本降低22%；GalNAc肝靶向递送、PMO单体合成工艺均实现行业领先突破，杂质控制能力远超行业平均。叠加FDA cGMP合规认证与海外头部药企稳定合作，公司全球竞争力持续加固。全球小核酸药物市场未来7年复合增速16.8%，成长空间广阔。诺泰生物依靠“多肽+寡核苷酸”双技术平台布局高潜力赛道，长期成长动能充足。- 搜狐权威完整转载版（和你截图文字100%对应）：网页链接,0,3,0,9094,SH688076,ST诺泰,Android,https://xueqiu.com/9686437421/390212090,0,0,2026-07-08 16:22:49
390237744,9677662435,猎庄者小号,2026-05-21 11:58:44,,$ST诺泰(SH688076)$ 今天的盘面没什么好说的，能走成这样已经不错了,0,2,0,9596,SH688076,ST诺泰,iPhone,https://xueqiu.com/9677662435/390237744,0,0,2026-07-08 16:22:49
390255281,1207273746,范蠡老乡,2026-05-21 13:44:54,,$ST诺泰(SH688076)$ 说点个人看法，公司2025年的盈利负增长，2026年一季度盈利还是负增长，我看来公司的多肽业务基本就到天花板了，公司的后续增长是看寡核苷酸业务了。什么时候公司的寡核苷酸业务爆发了，公司的股价就会大涨了。在这之前，公司摘帽之前公司的股价也会上涨一下。其他时候，公司的股价应该都不会大涨了（这个大涨指市值突破150亿）。,34,7,1,20013,SH688076,ST诺泰,雪球,https://xueqiu.com/1207273746/390255281,0,0,2026-07-08 16:22:49
390304883,3263546483,赚钱需要耐心点,2026-05-22 01:11:08,,$ST诺泰(SH688076)$ 更正下哈哈,7,0,0,9216,SH688076,ST诺泰,iPhone,https://xueqiu.com/3263546483/390304883,0,0,2026-07-08 16:22:49
390328772,2638561493,踏实的涨幅小天文台,2026-05-22 02:09:00,,$ST诺泰(SH688076)$ 这货跟翰宇药业没法比,0,0,0,7168,SH688076,ST诺泰,Android,https://xueqiu.com/2638561493/390328772,0,0,2026-07-08 16:22:49
390331634,6769259204,laotang926,2026-05-22 02:15:25,,回复@范蠡老乡: 多肽和寡核甘酸都有美好的未来，现在才刚刚开始在你这就结束了。比如印度司美格鲁肽仿制药上市，诺泰是目前中国唯一合规的原料药供应商；司美格鲁肽注射剂正在申报上市，给信达生物提供玛仕度肽原料药和制剂代工。。。//@范蠡老乡:回复@范蠡老乡:我的看法，在寡核苷酸业务爆发之前，公司依靠多肽，公司的年盈利很难突破6亿。即便国内多肽业务多了，国外多肽业务也多了，公司的盈利依然很难突破6亿，所以我认为公司的多肽业务基本就到天花板。昨天晚上之前我也一直认为公司的多肽业务还会继续增长，还会给公司的利润提供快速增长的动力。昨天晚上我又看数据的时候，突然感觉公司的多肽业务可能是到天花板了，即便销售量增加了，价格会下降的更多，所以利润不会有快速增长了。公司25年4季度是下滑的，26年一季度营收下滑2%，利润下滑15%。连续两个季度，6个月，都是下滑的。再对比 圣诺和瀚宇的高速增长。行业在快速增长，其他竞争对手在快速增长，只有诺泰在下滑。所以我认为诺泰的多肽业务基本到天花板了。当然即便我感觉公司的多肽业务到天花板了，我依然会持有到摘帽。这只是我自己的看法。,0,1,0,11402,SH688076,ST诺泰,雪球,https://xueqiu.com/6769259204/390331634,0,0,2026-07-08 16:22:49
390332234,7069783343,垃圾堆里淘金豆豆,2026-05-22 02:16:48,,$ST诺泰(SH688076)$ 老奶奶都不扶，就服你,0,2,0,9990,SH688076,ST诺泰,Android,https://xueqiu.com/7069783343/390332234,0,0,2026-07-08 16:22:49
390336149,9166361019,越来越好运er,2026-05-22 02:25:35,,$ST诺泰(SH688076)$ 服了服了，真是个建筑老板无下限啊一个烂泥扶不上墙的垃圾公司,0,2,0,8391,SH688076,ST诺泰,iPhone,https://xueqiu.com/9166361019/390336149,0,0,2026-07-08 16:22:49
390337097,7900410209,选股上人萧刹,2026-05-22 02:27:42,,$ST诺泰(SH688076)$ 看看翰宇药业 真让人羡慕,2,0,0,8990,SH688076,ST诺泰,Android,https://xueqiu.com/7900410209/390337097,0,0,2026-07-08 16:22:49
390347587,4696354130,luoxuelzc,2026-05-22 02:53:31,,$ST诺泰(SH688076)$ 跌到28又可以加仓了,0,0,0,8148,SH688076,ST诺泰,Android,https://xueqiu.com/4696354130/390347587,0,0,2026-07-08 16:22:49
390348028,1836681218,琴山涧5686,2026-05-22 02:54:39,,今天费不费拉一根比5月8日还大的阳线呢？$ST诺泰(SH688076)$,12,2,0,15350,SH688076,ST诺泰,Android,https://xueqiu.com/1836681218/390348028,0,0,2026-07-08 16:22:49
390351820,1578684695,拙工巧匠,2026-05-22 03:05:07,,$ST诺泰(SH688076)$ 差错更正发完就该拉升了吧,1,0,0,13400,SH688076,ST诺泰,iPhone,https://xueqiu.com/1578684695/390351820,0,0,2026-07-08 16:22:49
390376686,1207273746,范蠡老乡,2026-05-22 04:52:52,,回复@范蠡老乡: 这几个问题，我刚回复过另外一个人，但是我看他把我的回复给删了。那我就再回复一下。印度市场的司美原料药，印度国内也有生产厂家，中国国内的凯莱英、诺泰、圣诺、瀚宇等等等等很多生产企业。司美原料药接下来就是量增价降，毛利不断降低，盈利能维持住就算不错了。司美国内仿制药上市，一是要等到27年，二是国内几十家企业都在抢这个市场，会直接把价格打到地板上。再说玛仕度肽，信达生物能给诺泰多少的采购额？我持谨慎态度，我认为采购额会非常小。//@范蠡老乡:回复@范蠡老乡:我的看法，在寡核苷酸业务爆发之前，公司依靠多肽，公司的年盈利很难突破6亿。即便国内多肽业务多了，国外多肽业务也多了，公司的盈利依然很难突破6亿，所以我认为公司的多肽业务基本就到天花板。昨天晚上之前我也一直认为公司的多肽业务还会继续增长，还会给公司的利润提供快速增长的动力。昨天晚上我又看数据的时候，突然感觉公司的多肽业务可能是到天花板了，即便销售量增加了，价格会下降的更多，所以利润不会有快速增长了。公司25年4季度是下滑的，26年一季度营收下滑2%，利润下滑15%。连续两个季度，6个月，都是下滑的。再对比 圣诺和瀚宇的高速增长。行业在快速增长，其他竞争对手在快速增长，只有诺泰在下滑。所以我认为诺泰的多肽业务基本到天花板了。当然即便我感觉公司的多肽业务到天花板了，我依然会持有到摘帽。这只是我自己的看法。,1,2,0,11168,SH688076,ST诺泰,雪球,https://xueqiu.com/1207273746/390376686,0,0,2026-07-08 16:22:49
390390191,2327139308,道化自然,2026-05-22 05:44:33,,先挨套，再分析。世界肥胖联盟《2025 世界肥胖报告》，全球超重总人数≈29 亿，全球肥胖总人数≈10 亿；国家卫健委2020 年报告，超重 + 肥胖：约 5 亿人。GLP-1 受体激动剂“一药多效”：核心是降糖 + 减重，同时对心、肾、肝、代谢综合征等多种慢性病有明确获益，部分已获批适应症，其他处于临床实验中。本质：GLP-1 是10 亿级代谢病人群的长期刚需药，不是短期网红药。产能———先入关中者为王。$ST诺泰(SH688076)$,0,2,0,18042,SH688076,ST诺泰,雪球,https://xueqiu.com/2327139308/390390191,0,0,2026-07-08 16:22:49
390414166,1968252884,策略策略,2026-05-22 06:53:14,,$ST诺泰(SH688076)$ 说一点，任何一件产品，中国厂家几十、上百家很正常，比如汽车，锂电池，比如风电，比如光伏，比如小分子药物代工，比如信创，比如光纤光模块，比如机器人，司美原料药有规模且投产的不足十家，凸显稀缺性，需要fda认证，凸显门槛。诺泰生物。资金不做人，我也没办法，目标1500，分批加仓最佳策略。,31,6,0,33786,SH688076,ST诺泰,Android,https://xueqiu.com/1968252884/390414166,0,0,2026-07-08 16:22:47
390416578,1207273746,范蠡老乡,2026-05-22 07:00:29,,你举例的这些行业，以及公司。不能类比 诺泰生物。应该类比 药明。药明主要是给原研药提供cdmo的。药明会吃到这个行业红利。但是诺泰主要是给仿制药企业提供原料药，前几年诺泰已经吃过了这个行业的红利了。今年和明年，诺泰能维持住5亿-6亿的利润，利润不大幅下滑就已经很厉害了。,13,2,0,21770,SH688076,ST诺泰,雪球,https://xueqiu.com/1207273746/390416578,0,0,2026-07-08 16:22:47
390418205,6769259204,laotang926,2026-05-22 07:04:43,,回复@范蠡老乡: 给仿制药提供原料药，是在专利到期之后才会快速放量。减肥药这个市场非常大，那么多家仿制药对原料药的需求甚至超过原研药。诺泰的优势在于合规认证+商业化产能+成本优势//@范蠡老乡:回复@策略策略:你举例的这些行业，以及公司。不能类比 诺泰生物。应该类比 药明。药明主要是给原研药提供cdmo的。药明会吃到这个行业红利。但是诺泰主要是给仿制药企业提供原料药，前几年诺泰已经吃过了这个行业的红利了。今年和明年，诺泰能维持住5亿-6亿的利润，利润不大幅下滑就已经很厉害了。,9,0,0,20009,SH688076,ST诺泰,雪球,https://xueqiu.com/6769259204/390418205,0,0,2026-07-08 16:22:47
390424441,1894308055,evanslv,2026-05-22 07:22:16,,回复@范蠡老乡: 药明的红利期在药物专利期内、诺泰红利期在专利期外，今年才开始逐步展现，以前的增长只是美国药房之前给了仿制药一点市场机会而已//@范蠡老乡:回复@策略策略:你举例的这些行业，以及公司。不能类比 诺泰生物。应该类比 药明。药明主要是给原研药提供cdmo的。药明会吃到这个行业红利。但是诺泰主要是给仿制药企业提供原料药，前几年诺泰已经吃过了这个行业的红利了。今年和明年，诺泰能维持住5亿-6亿的利润，利润不大幅下滑就已经很厉害了。,1,0,0,19461,SH688076,ST诺泰,iPhone,https://xueqiu.com/1894308055/390424441,0,0,2026-07-08 16:22:47
390434959,1207273746,范蠡老乡,2026-05-22 08:05:34,,回复@laotang926: 你说的对。技术的门槛不高，不代表 认证、商业化等不存在门槛。但是这些门槛，诺泰跨过去了，药明、凯莱英早跨过去了。圣诺、瀚宇等很快也都能跨过去。//@laotang926:回复@范蠡老乡:生产出来的量是多少？有FDA等认证吗？成本有没有优势？撇开这些谈门槛没有意义,1,0,0,15808,SH688076,ST诺泰,雪球,https://xueqiu.com/1207273746/390434959,0,0,2026-07-08 16:22:47
390686790,1775730208,枕流望斗,2026-05-25 01:12:43,GLP-1基因疗法杀入临床，减肥药2.0来了——谁在真做，谁在蹭？,如果说 GLP-1 的上半场，是一场由礼来和诺和诺德统治的、极其惨烈的产能与手速遭遇战；那么站在2026 年 5 月的当下，这场战役的定义已经被彻底改写。刚刚过去的几周，医疗与资本市场被三枚重磅炸弹连续轰炸：首先是科学天花板再度被掀翻。克利夫兰诊所在 ASCO 投下震撼弹，临床数据显示 GLP-1 展现出令人惊叹的抗癌多效性，适应症正在从减肥、糖尿病向肿瘤微环境无限延伸。其次是终极技术的降维打击。荷兰正式批准了全球首款“打一针管几年”的胰腺靶向 GLP-1 基因疗法进入人体临床。最后是国产创新药的里程碑正面硬刚。中国本土企业闻泰医药的口服小分子 VCT220 刚刚公布了极其惊艳的中国 III 期顶线数据，52周减重超 12.4%，且彻底解除了“空腹、限水”的苛刻限制。GLP-1 的上半场比的是谁先上市，下半场比的是谁先迭代。当市场还在为某家药企的司美格鲁肽仿制药“进入三期”而拉涨停时，行业高层心里都清楚：第一代单靶点多肽打针药的红利期已经进入倒计时。基因疗法、口服小分子以及多靶点迭代，才是分食下一个万亿市场的终局钥匙。在这场交棒的阵痛期里，谁在掏真金白银做管线？谁又在借着概念的风口在风中裸泳？1. Fractyl Health 的“疯狂实验”：“一针管几年”究竟是降维打击还是疯狂画饼？当大众还在纠结是“每周打一针”还是“每天吃一粒”时，资本市场已经开始为“打一针管几年”的科幻故事买单。Fractyl Health 获得临床许可的RJVA-001，代表了这一赛道最激进的上限。它的操作逻辑极其硬核，甚至有些“疯狂”：它不是传统的皮下注射，而是由消化内镜医生通过超声引导，拿一根长针穿过胃壁，直接扎进患者的胰腺。它利用 AAV9 病毒载体，强行“改造”胰腺里的 β 细胞，让它们在血糖升高时，“顺便”自己分泌 GLP-1。这是一场精妙的“生理学对药理学的降维打击”，它追求局部高浓度、全身低暴露，近乎完美地解决了传统打针药让人痛不欲生的胃肠道副作用和停药反弹痛点。但冷静下来，在商业上，我们必须给狂热的炒作浇上一盆冷水：基因疗法是一张无法退票的单程车票。如果传统司美格鲁肽打多了、副作用太大，停药就行；但 RJVA-001 一旦注射，如果启动子失控导致胰腺永无止境地过量分泌 GLP-1，患者将面临致命的长期低血糖休克，你无法把打进细胞的基因再抠出来。再加上内镜手术穿刺、胰腺炎风险以及高昂的商业化成本，这项技术在 2026 年依然是前沿资本的“宏大叙事”，短期内绝不可能颠覆大众消费级的减肥市场。凡是现在宣称自己要跟进“基因减肥”的国内标的，100% 是在蹭热度。2. 闻泰医药 VCT220：口服小分子的“真神降临”与真正的口服自由如果说基因疗法负责“仰望星空”，那么以闻泰医药VCT220为代表的口服小分子，则负责在 2026 年“脚踏实地”地收割战场。在此之前，诺和诺德的口服司美格鲁肽（Rybelsus）是一个向技术妥协的“半成品”。因为多肽极易被胃酸降解，患者每天早晨必须空腹、用不超过 120 毫升的纯水送服，且服药后 30 分钟内不能吃任何东西。即使如此伺候，其真实世界的胃肠道生物利用度也只有可怜的 1% 左右。而闻泰医药刚刚交出完整III 期数据的 VCT220，走的是非肽类小分子路线。小分子化学药的成熟，意味着对多肽固相合成产业链的全面解构：体验的解放：它是纯化学药，结构稳定，完全不怕胃酸，患者不受任何饮食、饮水限制。随餐服，饭后服，怎么方便怎么来。成本的阶级压制：传统多肽药物的生产成本高昂，且全球产能严重卡脖子。而小分子可以用最传统的化工合成线大规模量产，成本只有多肽的几十分之一。判断一家药企在口服小分子上是不是真做，最硬的指标是“出海能力”。早在 2024 年底，海外巨头箕星药业就砸下重金买断了 VCT220 大中华区以外的全球权益。2026 年的今天，VCT220 在国内推进高血压等肥胖并发症的 2 期临床，而在美国则全速推进减重注册。这种能被国际规范市场买单的自研核心数据，才是真创新的金标准。3. 拆解产业链：谁在加班赚美金，谁在互动易演戏？当行业的演进从“打针多肽”向“口服小分子”和“多靶点迭代”过渡时，A 股和港股的产业链利益正在重新洗牌。我们可以用两面镜子，把那些伪装者照得清清楚楚。上游原料药与辅料：看“海外注册证”还是看“实验室PPT”？司美格鲁肽的全球专利悬崖正在逼近，上游多肽原料药（API）成了炒作重灾区。真做派：像诺泰生物、圣诺生物。硬指标是他们的原料药拿到了美国 FDA 的 DMF（药物主文件）激活状态，或者欧洲 CEP 认证，拥有吨级以上的规范产能，赚的是跨国大厂满负荷订单的真金白银。蹭概念派：许多传统原料药小盘股，常年在交易所互动易上回复：“公司已成功研发司美格鲁肽原料药，目前处于小试/中试阶段”。在 2026 年，没有规范市场 DMF 激活的克级、公斤级实验室多肽合成，商业价值无限趋近于零。中游 CDMO：看“反应器体积”还是看“概念车间”？礼来和诺和诺德的全球抢产大战还在继续，国内唯有顶级巨头能接住这泼天富贵。真做派：药明康德、凯莱英。两家巨头在过去两年疯狂扩产，固相合成反应器总资本高达数万升，直接嵌入了全球一线 MNC（跨国药企）的商业化供应链。蹭概念派：常年做农药中间体或传统小分子的三线 CDMO，突然公告宣布“投资数千万元改建多肽线”。跨国大厂的供应链审计长达 2-3 年，等这些低效产能建好、认证通过，下半场小分子口服药都快把初代多肽内卷完了。下游终端：看“全靶点迭代”还是看“买来的淘汰货”？真做派：信达生物的玛仕度肽（GLP-1/GCGR 双靶）已经进入商业化兑现期；恒瑞医药利用长效多肽、口服小分子进行全靶点矩阵式围剿，且海外权益成功高价出海。需要理智审视的派别：华东医药固然靠初代利拉鲁肽仿制药赚到了国内第一波红利。但利拉鲁肽是“一天打一次”的过时品种。如果后期在多靶点和口服小分子上不能迅速自证，其长线天花板在下半场的降维打击面前会非常被动。至于那些从服装、地产转型，花点小钱从国外买来一个“已经临床一期、但在海外早就被卷死”的边缘靶点管线来拉抬股价的企业，一律视为割韭菜的“借尸还魂”。结语：给投资者的三张“降维卸妆表”GLP-1 的竞争，已经从“有没有”变成了“多快、多方便、管多远、管多宽”。在这个交替的节点上，我们要帮读者摘掉滤镜，用三个简单粗暴的指标给概念股“卸妆”：看临床数据，不看临床进度：别听公关稿吹嘘“已进三期”，去扒它的减重率有没有突破 10%？恶心呕吐的停药率是不是高于 15%？数据平庸的管线，上市之日就是见光死之时。看海外认证，不看国内申报：拿不到跨国供应链入场券的原料药和 CDMO，产能只能在国内内卷。看技术代际，不看单靶点仿制：2026 年还在募资做“单靶点多肽仿制药”的，本质上和在 4G 时代末期宣布斥巨资建 3G 基站没有任何区别。本文首发于公众号【枕流望斗】，专注硬核产业研究与宏观趋势，欢迎同行围观,2,6,0,34056,SH688076,ST诺泰,雪球,https://xueqiu.com/1775730208/390686790,0,4,2026-07-08 16:22:47
390703732,7069783343,垃圾堆里淘金豆豆,2026-05-25 02:00:11,,$ST诺泰(SH688076)$ 10天能跌9天，完全没有资金关注,2,6,0,15226,SH688076,ST诺泰,Android,https://xueqiu.com/7069783343/390703732,0,0,2026-07-08 16:22:47
390759705,4202117770,短中长线卧倒选手,2026-05-25 05:26:13,,$ST诺泰(SH688076)$ 你是真的牛批,1,3,0,17229,SH688076,ST诺泰,iPhone,https://xueqiu.com/4202117770/390759705,0,0,2026-07-08 16:22:47
390779088,4202117770,短中长线卧倒选手,2026-05-25 06:31:18,,$ST诺泰(SH688076)$ 眼泪又流出来了，这次能坚挺多久？,3,5,0,17568,SH688076,ST诺泰,iPad,https://xueqiu.com/4202117770/390779088,0,0,2026-07-08 16:22:47
390796446,9274729217,萤火之约,2026-05-25 07:27:02,,$ST诺泰(SH688076)$ 这也没办法。商业航天里st臻镭市值都比铖昌低不少了，诺泰那么差也头疼,0,2,0,15598,SH688076,ST诺泰,iPhone,https://xueqiu.com/9274729217/390796446,0,0,2026-07-08 16:22:47
390797668,7457273656,大地飞鹰23,2026-05-25 07:32:12,,$ST诺泰(SH688076)$z在大家的期盼中，诺泰终于雄起一把，直接 火箭发射，然后半路就吐了。,0,3,0,14366,SH688076,ST诺泰,iPhone,https://xueqiu.com/7457273656/390797668,0,0,2026-07-08 16:22:47
390856274,4107753319,达粉,2026-05-25 13:34:31,,$ST诺泰(SH688076)$ 看来要完犊子了。VCT220（海外代号 CX11）是由成都闻泰医药科技股份有限公司自主研发的每日一次口服小分子非肽类 GLP-1 受体激动剂，主要用于超重或肥胖人群的体重管理，同时布局 2 型糖尿病、高血压及其他心血管代谢疾病领域。核心产品优势给药便捷性：每日一次口服，无饮食饮水限制，无需固定服药时间，大幅提升患者依从性滴定速度快：最快6 周即可完成剂量滴定，缩短患者适应周期储存条件宽松：无需冷藏或避光保存，极大降低药品流通运输与居家存放成本，尤其适合医疗条件薄弱地区生产成本低：通过化学合成方式制备，相比多肽类 GLP-1 药物具有显著的成本优势二、最新临床进展与数据解读关键 Ⅲ 期减重研究顶线结果（2026 年 5 月 18 日公布）试验设计：多中心、随机、双盲、安慰剂对照研究，共纳入 840 例肥胖（BMI≥28 kg/m²）或超重（24 kg/m²≤BMI&lt;28 kg/m²）且至少伴有一种体重相关合并症的成人受试者，按 1:1:1 随机分配接受 VCT220 片 120mg、160mg 或安慰剂治疗，每日一次口服持续 52 周疗效数据：120mg 剂量组：第 52 周体重较基线平均下降12.2%160mg 剂量组：第 52 周体重较基线平均下降12.4%安慰剂组：第 52 周体重较基线平均下降1.3%两组数据均具有极显著的统计学差异（p&lt;0.001）安全性数据：整体安全性良好，安全性特征与已上市同类 GLP-1 受体激动剂类似最常见的不良事件为胃肠道相关不良事件，主要发生于前期滴定阶段，以 1、2 级为主未发生≥3 级的恶心或呕吐两个剂量组中，因治疗相关不良事件终止治疗的比例仅为 1.8%研究期间未发现肝脏安全性信号,3,1,0,20424,SH688076,ST诺泰,雪球,https://xueqiu.com/4107753319/390856274,0,0,2026-07-08 16:22:47
390859094,8171715491,A8171715491,2026-05-25 13:55:11,,对诺泰生物评价很真实。,0,5,0,18472,SH688076,ST诺泰,Android,https://xueqiu.com/8171715491/390859094,0,0,2026-07-08 16:22:47
390905571,7069783343,垃圾堆里淘金豆豆,2026-05-26 01:42:24,,$ST诺泰(SH688076)$ 昨天涨的，今天一哆嗦就还回去了,0,1,0,17026,SH688076,ST诺泰,Android,https://xueqiu.com/7069783343/390905571,0,0,2026-07-08 16:22:47
390908414,4441311562,蛋花小炒饭,2026-05-26 01:48:00,,$ST诺泰(SH688076)$ 昨天尾盘拉那一下干嘛，像抽筋,0,1,0,18214,SH688076,ST诺泰,雪球,https://xueqiu.com/4441311562/390908414,0,0,2026-07-08 16:22:47
390914253,4202117770,短中长线卧倒选手,2026-05-26 01:58:59,,$ST诺泰(SH688076)$ 我情愿你昨天别拉那个破尾盘,4,3,0,20294,SH688076,ST诺泰,iPad,https://xueqiu.com/4202117770/390914253,0,0,2026-07-08 16:22:47
391063526,0,ST诺泰(SH688076),2026-05-26 12:16:00,,ST诺泰：2025年年度股东会决议公告 网页链接,0,2,0,18725,SH688076,ST诺泰,公告,https://xueqiu.com/S/SH688076/391063526,0,0,2026-07-08 16:22:47
391063528,0,ST诺泰(SH688076),2026-05-26 12:16:00,,ST诺泰：国浩律师（杭州）事务所关于江苏诺泰澳赛诺生物制药股份有限公司2025年年度股东会法律意见书 网页链接,0,0,0,19276,SH688076,ST诺泰,公告,https://xueqiu.com/S/SH688076/391063528,0,0,2026-07-08 16:22:47
391149666,4767171774,莫凡wcg,2026-05-27 01:59:23,,$ST诺泰(SH688076)$ 都没人愿意说话了,4,1,0,12087,SH688076,ST诺泰,雪球,https://xueqiu.com/4767171774/391149666,0,0,2026-07-08 16:22:47
391174628,1968252884,策略策略,2026-05-27 02:50:34,,$ST诺泰(SH688076)$ 一直在啊 2027见。 挺好的了。 诺泰生物，分批加仓。,6,5,0,14820,SH688076,ST诺泰,Android,https://xueqiu.com/1968252884/391174628,0,0,2026-07-08 16:22:45
391213808,1968252884,策略策略,2026-05-27 05:08:28,,$ST诺泰(SH688076)$ 废话不多讲，能拿到2027年的点个赞，评论下，让我看下散户们真的有决心吗？？诺泰生物。不为外界所动。,32,23,0,20493,SH688076,ST诺泰,Android,https://xueqiu.com/1968252884/391213808,0,1,2026-07-08 16:22:45
391302093,6991900864,物胜于心,2026-05-27 10:45:04,,$ST诺泰(SH688076)$ 看来员工们还没怎么加班啊，还有心情玩。看的我都红温了,5,5,0,13295,SH688076,ST诺泰,Android,https://xueqiu.com/6991900864/391302093,0,0,2026-07-08 16:22:45
391379416,5124430882,7X24快讯,2026-05-28 01:03:00,,【诺泰生物：舒林酸和联苯苄唑原料药通过GMP符合性检查】据诺泰生物消息，近日，诺泰生物连云港工厂顺利通过舒林酸和联苯苄唑原料药GMP符合性检查，获得江苏省药品监督管理局签发的《药品GMP符合性检查告知书》。,0,11,0,51788,SH688076,ST诺泰,雪球,https://xueqiu.com/5124430882/391379416,0,0,2026-07-08 16:22:45
391380651,8871682425,财闻,2026-05-28 01:10:16,诺泰生物：舒林酸和联苯苄唑原料药通过GMP符合性检查,据ST诺泰（688076.SH）消息，近日，诺泰生物连云港工厂顺利通过舒林酸和联苯苄唑原料药GMP符合性检查，获得江苏省药品监督管理局签发的《药品GMP符合性检查告知书》。,0,5,0,12912,SH688076,ST诺泰,雪球,https://xueqiu.com/8871682425/391380651,0,0,2026-07-08 16:22:45
391423143,3207990013,棋羽双杰,2026-05-28 02:43:44,,$ST诺泰(SH688076)$ 每天都给长长线分批买入的机会。,2,5,0,13411,SH688076,ST诺泰,Android,https://xueqiu.com/3207990013/391423143,0,0,2026-07-08 16:22:45
391430099,8850434375,千亿卫星乘风破浪,2026-05-28 02:59:04,,$ST诺泰(SH688076)$ 请教一下各位股东，公司减重多肽API（利他、司美、替尔API）的营收占比有没有单独披露啊？我翻了一下24-25两年年报好像没有找到，想看看变化,3,3,0,13840,SH688076,ST诺泰,雪球,https://xueqiu.com/8850434375/391430099,0,0,2026-07-08 16:22:45
391447171,8531010667,一语中的-,2026-05-28 03:41:30,,$ST诺泰(SH688076)$ 在操作层面，各种项目掏空公司，没有长线现金流产品,0,5,0,11617,SH688076,ST诺泰,雪球,https://xueqiu.com/8531010667/391447171,0,0,2026-07-08 16:22:45
391480587,4202117770,短中长线卧倒选手,2026-05-28 05:50:55,,$ST诺泰(SH688076)$ 缺口补完了，一分不多一分不少，接着又该用什么为你的颓势找藉口呢,3,6,0,15936,SH688076,ST诺泰,iPad,https://xueqiu.com/4202117770/391480587,0,1,2026-07-08 16:22:45
391493990,9166361019,越来越好运er,2026-05-28 06:28:01,,$ST诺泰(SH688076)$ 真惨啊原谅你了,1,5,0,12479,SH688076,ST诺泰,iPhone,https://xueqiu.com/9166361019/391493990,0,0,2026-07-08 16:22:45
391578135,2984793256,潢川新安,2026-05-28 12:53:39,,$ST诺泰(SH688076)$ 诺泰，有无海洋创新药概和产品,0,4,0,11911,SH688076,ST诺泰,Android,https://xueqiu.com/2984793256/391578135,0,0,2026-07-08 16:22:45
391744567,4107753319,达粉,2026-05-29 05:42:12,,$ST诺泰(SH688076)$ 榜一大哥发威了。点赞,0,1,0,11428,SH688076,ST诺泰,雪球,https://xueqiu.com/4107753319/391744567,0,0,2026-07-08 16:22:45
391751366,8029270154,静下心来的伪夹头,2026-05-29 06:00:54,,$ST诺泰(SH688076)$ 应该要走一波了吧,0,1,0,13119,SH688076,ST诺泰,iPhone,https://xueqiu.com/8029270154/391751366,0,0,2026-07-08 16:22:45
391751759,4538026840,明了的翻倍小程序员,2026-05-29 06:01:51,,$ST诺泰(SH688076)$ 信达暴涨，应该要走一波了,0,0,0,14630,SH688076,ST诺泰,雪球,https://xueqiu.com/4538026840/391751759,0,0,2026-07-08 16:22:45
391803029,3705134023,晒太阳的猫眯着眼睛,2026-05-29 08:30:21,,$ST诺泰(SH688076)$ 厚积薄发,0,6,0,18043,SH688076,ST诺泰,Android,https://xueqiu.com/3705134023/391803029,0,0,2026-07-08 16:22:45
391806634,2994748381,证券市场周刊,2026-05-29 08:47:02,司美格鲁肽原料药获巴西CADIFA批准,5月26日，诺泰生物喜获巴西国家卫生监督管理局（ANVISA）颁发的司美格鲁肽原料药CADIFA（Carta de Adequabilidade do Dossiê de Insumo Farmacêutico Ativo，原料药资料符合性证明函）。此次获批，标志着公司司美格鲁肽原料药正式通过ANVISA审批，成为国内首家拿到巴西市场合规准入资质的司美格鲁肽原料药企业，为公司GLP-1产业全球化布局打开新的增长空间。诺泰生物作为国内最早布局GLP-1多肽原料药研发生产的企业之一，凭借多年技术沉淀，已构建起成熟、完备、规模化的司美格鲁肽生产体系，产品纯度、杂质控制等核心质量指标均达到国际先进水平，获得全球多国的审评认可，可充分满足下游制剂企业的大规模生产需求。巴西为拉美地区第一大医药市场，市场规模占拉美药品市场总量的40%左右。该国人口超2.1亿，糖尿病患者达2200万，肥胖人群数量持续攀升，司美格鲁肽相关代谢类药物市场需求潜力巨大。此次获批，不仅进一步夯实诺泰生物在GLP-1赛道的先发优势与行业地位，更打通司美格鲁肽原料药进入巴西市场的合规通道，为全球下游合作伙伴开拓拉美市场提供稳定、优质的原料支撑。此外，公司于2023年12月取得美国FDA核发的司美格鲁肽原料药“First Adequate letter”，完成FDA DMF资料全部技术性审评。此次巴西市场准入资质的落地，叠加美国市场技术认可，为公司深耕南美市场、拓展全球新兴医药市场筑牢坚实基础，持续助力公司在GLP-1产业实现全球化高质量发展。免责声明：本文仅供参考，不构成投资建议。,5,13,0,29484,SH688076,ST诺泰,雪球,https://xueqiu.com/2994748381/391806634,0,1,2026-07-08 16:22:45
391826805,5281258486,望江望海不忘水,2026-05-29 10:32:55,,$ST诺泰(SH688076)$ 最近是不是就发神经抖动一下，感觉高潮要来了？,1,1,0,16422,SH688076,ST诺泰,Android,https://xueqiu.com/5281258486/391826805,0,0,2026-07-08 16:22:45
391832893,1968252884,策略策略,2026-05-29 11:17:55,,$ST诺泰(SH688076)$ 一个关键的问题，什么时候机构抱团开始抢跑？如果是下周或者下下周，那么这里，诺泰生物就该拉升了，而且是20厘米的。从美股看，今晚过后，下周芯片就到头了。在这里的朋友，上半年业绩应该还不明显。按照2个月供货期，业绩会在三季报有体现。所以我说2027见。一切都在我预测的方向之内。印度的许可证是3月拿，6月可能开始供货。三季报业绩会有显现。,4,7,0,25904,SH688076,ST诺泰,Android,https://xueqiu.com/1968252884/391832893,0,1,2026-07-08 16:22:45
391835979,6998822874,冯斯特洛夫斯基,2026-05-29 11:41:25,,这两年诺泰先后取得了美国、加拿大、印度、韩国、巴西等国家的认证许可，以后诺泰生产的原料药不仅可以销往欧洲，还能卖到东亚、南亚、西亚、北美、拉美等国家，这在国内司美格鲁肽原料药生产厂家应该是领先一大步的。所以我们现在要做的就是持仓耐心等待！,1,5,0,15624,SH688076,ST诺泰,Android,https://xueqiu.com/6998822874/391835979,0,0,2026-07-08 16:22:45
391847528,2984793256,潢川新安,2026-05-29 13:14:45,,$ST诺泰(SH688076)$ 这个对诺泰有无影响？,0,0,0,16487,SH688076,ST诺泰,Android,https://xueqiu.com/2984793256/391847528,0,0,2026-07-08 16:22:45
391901662,7457273656,大地飞鹰23,2026-05-30 03:02:36,,$ST诺泰(SH688076)$ 大家说说几月能撤销ST，我认为7月底申请，8月底撤销。流动性太差了。,15,1,0,18215,SH688076,ST诺泰,雪球,https://xueqiu.com/7457273656/391901662,0,0,2026-07-08 16:22:43
391968800,1007887767,nirvana1998,2026-05-31 03:29:11,,"$ST诺泰(SH688076)$ 司美原料药的需求会在口服司美带动下大福增长的,产能就是钱,现在司美原料药价格已经在100万一千克以下了,后续下降空间已经不大了，按照简单一点估算5吨产能20%净利,10亿左右利润在28年是可以达到的,趋势还是明显的。",7,2,0,21281,SH688076,ST诺泰,iPad,https://xueqiu.com/1007887767/391968800,0,0,2026-07-08 16:22:43
391977116,1266246586,Dominic2023,2026-05-31 05:50:19,司美格鲁肽国内专利到期：两大法规路线对决，谁是“速度之王”？谁是未来的“产能肉搏大魔王”？,提示，本文内容由AI生成，投资有风险，入市需谨慎。兄弟们，随着司美格鲁肽在国内的核心化合物专利于2026年3月正式到期，国内的GLP-1大战场已经进入了实质性的临门一脚阶段。虽然目前由于数据保护期等政策原因，大批量的仿制药获批卡点预计在 2026年Q3至2027年 之间，但各大药企在工艺路线和产能军备竞赛上的底牌已经全部亮出来了。今天我们不谈虚的概念，直接切入核心：拆解各家药企的底层工艺路线，看看未来谁能赢下这场中国医药史上最大规模的化学与生物大肉搏。一、 工艺大对决：生物发酵（正统派） vs 全化学合成（弯道超车）目前国内仿制司美格鲁肽，主要分裂为两大门派：1. 齐鲁制药：全化学合成法（2.2类化学药路径） 逻辑： 像搭积木一样，用氨基酸原料和固相/液相试剂直接拼接出31个氨基酸的主链加侧链。 优势： 规避了复杂的生物发酵，零生物内毒素、零宿主细胞蛋白残留，纯度控制极其确定，扩产极其灵活（只要上游试剂管够）。 幕后赢家： 走这条路线最考验上游原料药和试剂的规模。目前**诺泰生物(SH688076)（已建百公斤级产能、单规格达吨级储备）和圣诺生物**、瀚宇药业等老牌多肽巨头，作为核心试剂与原料药供应商，正吃足第一波红利。2. 华东医药、联邦、东宝：生物发酵+体外修饰（3.3类生物类似药路径） 逻辑： 走原研（诺和诺德）正统重组毕赤酵母发酵路线。先养细菌/酵母“吐出”主链，再通过化学试剂把脂肪酸侧链“嫁接”上去。 优势： 结构与表达体系绝对对标原研，进入超大规模量产（吨级）后，主链的边际成本低得可怕，适合打终极消耗战。二、 产能大阅兵：谁拥有现有最大产能？谁手握后期终极核武？司美格鲁肽每人每周只需几毫克，多肽药物达到“百公斤级”就是世界级产能。如果我们把目光聚焦在**“原研同款生物发酵路线”**上，国内的产能格局非常清晰：1. 现有产能之王（速度流）：华东医药 / 九源基因 格局分析： 九源基因（JY29）是国内首家申报上市的发酵法企业，其杭州基地的百公斤级重组多肽产线已经极为成熟。而**华东医药（中美华东）**在下沙等基地的多肽与重组蛋白制剂产线早已就绪，且拥有国内最顶级的糖尿病/减重销售网络。 雪球观点： 仿制药上市后的前1-2年，是利润最丰厚的黄金期。华东/九源生态圈的现有产能就绪度最高、制剂配套最快，将率先吞下国产替代的第一口肥肉。2. 后期潜在产能之王（暴兵流）：联邦制药、通化东宝 格局分析： 很多球友忽视了这两家二线蓝筹。要明白，司美格鲁肽的发酵、纯化逻辑与胰岛素具有极高的同源性。而这两家，是中国生物发酵领域的“基建狂魔”。 联邦制药： 在内蒙古等地拥有动辄数万升、数十万升的巨型生物发酵罐集群，抗生素和胰岛素原料药的暴兵能力惊人。 通化东宝： 拥有亚洲顶级的重组人胰岛素原料药基地（年产超3吨），其超大规模层析纯化和工业级层析柱设备集群，是国内多肽纯化的天花板。 雪球观点： 联邦和东宝目前处于临床Ⅲ期，虽然进度稍慢，但他们手里的万升级/吨级发酵基建是终极核武器。3-5年后，当国产仿制药全面铺开、行业进入惨烈的“价格战”阶段时，他们可以瞬间将庞大的胰岛素产能“平移”给司美格鲁肽，将原液成本压到地板价。他们不是第一枪的打响者，但大概率是最后的“价格屠夫”。三、 总结与投资思考 短中期（看速度与商业化）： 盯紧 华东医药 和 齐鲁制药，一个走最稳的生物类似药制剂路线，一个走最快的化学合成路线，两家将率先在市场上演龙虎斗。 供应链红利（看确定性）： 无论下游怎么打，上游多肽试剂和原料药的消耗是刚性的，诺泰生物 作为纯原料药规模领跑者，逻辑依然硬核。 中长期（看成本与终局）： 一旦进入拼规模、拼刺刀的红海阶段，账上趴着巨型发酵罐的 联邦制药 和 通化东宝，其后发弹性和成本优势将会非常恐怖。各位球友怎么看？你更愿意为华东医药的渠道与速度买单，还是埋伏联邦、东宝这种未来的发酵产能大魔王？欢迎在评论区对线！#医药高成长# #价值投资# #司美格鲁肽国产化#华东医药#,1,9,0,50579,SH688076,ST诺泰,iPhone,https://xueqiu.com/1266246586/391977116,0,5,2026-07-08 16:22:43
392003658,9166361019,越来越好运er,2026-05-31 12:53:59,,$ST诺泰(SH688076)$ 有些片面，但是礼来真牛👍最新公开数据显示，以礼来（Eli Lilly）和诺和诺德（Novo Nordisk）为代表的GLP-1药物阵营，在2025年创造的销售收入已经超过全球主要AI大模型公司的收入总和。这一结果不仅让市场感到意外，也让越来越多投资机构开始重新审视未来十年最具价值的创新赛道究竟在哪里。礼来+诺和诺德GLP-1单品2025合计销售额◦ 礼来替尔泊肽全系：365亿美元（官方财报）◦ 诺和诺德司美格鲁肽全系：361亿美元（官方财报）◦ 两者GLP-1药物合计：726亿美元2. 全球独立通用大模型创业公司2025全年收入总和仅统计纯大模型MaaS/ToC AI原生企业（不含微软、谷歌、亚马逊云AI整体业务）：◦ OpenAI：80–100亿美元◦ Anthropic：20–90亿美元（年末年化90亿，全年实际约60亿）◦ Midjourney、Perplexity、ElevenLabs、xAI等其余头部加总约20–40亿◦ 全行业独立大模型公司全年总收入区间：160–230亿美元,4,6,0,53045,SH688076,ST诺泰,iPhone,https://xueqiu.com/9166361019/392003658,0,1,2026-07-08 16:22:43
392066715,1207273746,范蠡老乡,2026-06-01 02:38:20,,st诺泰，公司的存货很多是不是因为这个原因？,1,1,0,14096,SH688076,ST诺泰,Android,https://xueqiu.com/1207273746/392066715,0,0,2026-07-08 16:22:43
392087762,4696354130,luoxuelzc,2026-06-01 03:32:03,,商业航天呢，生物制造我买了st诺泰,0,5,0,14950,SH688076,ST诺泰,Android,https://xueqiu.com/4696354130/392087762,0,0,2026-07-08 16:22:43
392210040,7069783343,垃圾堆里淘金豆豆,2026-06-01 13:40:10,,$ST诺泰(SH688076)$ 什么时候才能动一下？,0,1,0,18249,SH688076,ST诺泰,Android,https://xueqiu.com/7069783343/392210040,0,0,2026-07-08 16:22:43
392214255,8660673074,勤恳的盈利魔王,2026-06-01 14:02:01,,$ST诺泰(SH688076)$ 截至今天，月线三连涨，厉害了！,0,0,0,17285,SH688076,ST诺泰,Android,https://xueqiu.com/8660673074/392214255,0,0,2026-07-08 16:22:43
392360270,1836681218,琴山涧5686,2026-06-02 06:34:22,,看着你躺在那里像条咸鱼的样子，我又加了点仓，说不定哪天，你就翻身了呢…$ST诺泰(SH688076)$,8,4,0,19743,SH688076,ST诺泰,Android,https://xueqiu.com/1836681218/392360270,0,3,2026-07-08 16:22:43
392402957,4696354130,luoxuelzc,2026-06-02 09:34:08,,港股创新药ETF都被砸了，今天不怪你@ st诺泰,0,0,0,12031,SH688076,ST诺泰,Android,https://xueqiu.com/4696354130/392402957,0,0,2026-07-08 16:22:43
392403070,8660673074,勤恳的盈利魔王,2026-06-02 09:34:49,,$ST诺泰(SH688076)$ 康方都跌成那样了。这一对比，诺泰就可原谅了。,5,5,0,16142,SH688076,ST诺泰,Android,https://xueqiu.com/8660673074/392403070,0,0,2026-07-08 16:22:43
392616670,3767605145,何割韭菜而不食肉糜,2026-06-03 06:48:30,,$ST诺泰(SH688076)$ 价格越来越低，人也越来越安静,0,1,0,11811,SH688076,ST诺泰,Android,https://xueqiu.com/3767605145/392616670,0,0,2026-07-08 16:22:43
392674939,1836681218,琴山涧5686,2026-06-03 11:28:01,,投资里最反人性的一条：当所有人都认为某个位置是“铁底”并蜂拥而入时，这个底大概率不是真底，低位筹码的集中度，直接决定了一只股票未来的高度。如果一只股在底部就被散户抱团、大V集体推荐，这样的“底部车”，注定载满了浮躁的获利盘，拉起来步步沉重，稍有风吹草动就会引发踩踏。反观那些走出十倍行情的牛股，它们的底部（比如st诺泰现在的29-33元区间）往往是死寂的。没有讨论度，没有关注度，甚至被市场遗忘。直到它们悄无声息地完成翻倍，各路分析才姗姗来迟，告诉你它有多好。去年多少人在ST诺泰的“36-39元底部”抄底，最后又在二次下杀中割肉离场，这个教训（当然也属于我）足够深刻。$ST诺泰(SH688076)$,16,12,0,29675,SH688076,ST诺泰,Android,https://xueqiu.com/1836681218/392674939,0,3,2026-07-08 16:22:43
392688187,1066996468,拽哥投资,2026-06-03 12:57:52,,$ST诺泰(SH688076)$ 此票太能磨了，我服了。,1,0,0,13121,SH688076,ST诺泰,雪球,https://xueqiu.com/1066996468/392688187,0,0,2026-07-08 16:22:43
392700503,1968252884,策略策略,2026-06-03 14:05:11,,没意思。不要去猜底部， 最重要的事情是预测公司未来两三年的业绩。 还有更重要的事情是判断未来五年 中国发展大势。$ST诺泰(SH688076)$,0,4,0,14448,SH688076,ST诺泰,Android,https://xueqiu.com/1968252884/392700503,0,0,2026-07-08 16:22:43
392741630,7860179117,20年倔强老韭菜,2026-06-04 00:57:43,,$ST诺泰(SH688076)$1）GLP-1原料药绿名单准入制：美国全面收紧司美格鲁肽、替尔泊肽原料药进口，只有通过FDA cGMP现场核查、入绿名单的工厂才可合规输美；无证原料药入境直接扣押，取缔灰色散装原料药走私渠道。2）FDA拟将GLP-1移出503B大宗豁免名录：取消非正规小厂散装原料药简易准入门槛，美国下游药厂必须采购合规持证原料药。2.对诺泰利好逻辑1）诺泰连云港、下沙两大生产基地多次通过FDA现场核查，是国内少数具备GLP-1合规出口资质企业，优先锁定绿名单名额，劣质无资质小厂出清，美国订单向头部集中。2）此前大量低价非标走私原料冲击美国市场，新规淘汰不合规供给，司美格鲁肽、替尔泊肽原料药报价与订单量抬升，市场测算有望增厚公司原料药利润。3）CDMO业务：礼来、诺和诺德等原研药企收缩低端零散供应商，优先和合规国产CDMO（诺泰）合作，海外定制订单扩容,2,6,0,17153,SH688076,ST诺泰,Android,https://xueqiu.com/7860179117/392741630,0,4,2026-07-08 16:22:43
392775966,5708763609,维洽,2026-06-04 02:27:12,,$ST诺泰(SH688076)$ 准备做三底了吗,0,2,0,14326,SH688076,ST诺泰,iPhone,https://xueqiu.com/5708763609/392775966,0,0,2026-07-08 16:22:43
392831349,3767605145,何割韭菜而不食肉糜,2026-06-04 05:39:42,,$ST诺泰(SH688076)$ 莫非坚守的老铁们都开始跑路了。跌跌不休,3,3,0,13435,SH688076,ST诺泰,Android,https://xueqiu.com/3767605145/392831349,0,0,2026-07-08 16:22:43
392847573,1968252884,策略策略,2026-06-04 06:24:53,,$ST诺泰(SH688076)$ 还好吧，整个医疗板块，都在喋喋不休，什么康龙 泰格 什么华润 方盛，这里算好的了，这种形势，你要么去追 ai，要么留守这里，别无选择。神仙一般，又忍心看大家自投罗网乎？诺泰生物，明日之星。千亿之行，始于足下。,6,4,0,20051,SH688076,ST诺泰,Android,https://xueqiu.com/1968252884/392847573,0,0,2026-07-08 16:22:43
392876301,3327343762,Tom_Tom,2026-06-04 07:55:15,,$ST诺泰(SH688076)$ 人民财讯6月3日电，ST诺泰(688076)6月3日在互动平台表示，公司瑞他鲁肽原料药处于小试阶段。,1,1,0,13517,SH688076,ST诺泰,iPhone,https://xueqiu.com/3327343762/392876301,0,0,2026-07-08 16:22:43
392891104,0,ST诺泰(SH688076),2026-06-04 09:03:01,,ST诺泰：2025年年度权益分派实施公告 网页链接,4,2,0,17540,SH688076,ST诺泰,公告,https://xueqiu.com/S/SH688076/392891104,0,0,2026-07-08 16:22:41
392909432,1836681218,琴山涧5686,2026-06-04 10:38:25,,除权除息日6.12，和去年是同一天，每股派息0.35元。和去年一样，公布权益分派日期大概率成为起涨点。$ST诺泰(SH688076)$,2,6,0,21199,SH688076,ST诺泰,Android,https://xueqiu.com/1836681218/392909432,0,0,2026-07-08 16:22:41
392994983,3645756987,波纹演绎,2026-06-05 01:22:17,,$ST诺泰(SH688076)$ 怎么涨了？是说市场没想到它还能分红吗？,0,5,0,17400,SH688076,ST诺泰,雪球,https://xueqiu.com/3645756987/392994983,0,0,2026-07-08 16:22:41
393014768,8570126895,爱投资的咕噜潘,2026-06-05 02:02:45,,$ST诺泰(SH688076)$ 买够了8888，锁仓了。心累。,1,10,0,12401,SH688076,ST诺泰,iPhone,https://xueqiu.com/8570126895/393014768,0,0,2026-07-08 16:22:41
393044721,4538026840,明了的翻倍小程序员,2026-06-05 03:09:46,,$ST诺泰(SH688076)$ 29.28有5.3万股要卖，这怎么长得上去,0,2,0,15481,SH688076,ST诺泰,雪球,https://xueqiu.com/4538026840/393044721,0,0,2026-07-08 16:22:41
393076851,1968252884,策略策略,2026-06-05 05:23:51,,$ST诺泰(SH688076)$ ai已经到了崩边缘。今晚纳斯达克做个示范。随便啊。诺泰生物。2027，不见不散。,1,4,0,15910,SH688076,ST诺泰,Android,https://xueqiu.com/1968252884/393076851,0,0,2026-07-08 16:22:41
393188035,3263546483,赚钱需要耐心点,2026-06-05 14:19:13,,$ST诺泰(SH688076)$ 发展ai不就是为了让碳基的生活过得更好吗,0,2,0,13191,SH688076,ST诺泰,iPhone,https://xueqiu.com/3263546483/393188035,0,0,2026-07-08 16:22:41
393192903,6998822874,冯斯特洛夫斯基,2026-06-05 14:50:44,,$ST诺泰(SH688076)$ 司美格鲁肽可能还有延缓衰老的作用？！！【一项里程碑式的人体试验发现，一种广受欢迎的减肥药可以延缓衰老】点击链接打开👉 网页链接 fEE6sBvBhxE` Axw:/ W@m.DH :4pm复制此条消息，打开「今日头条APP」或「今日头条极速版APP」后直接查看~,2,4,0,14754,SH688076,ST诺泰,Android,https://xueqiu.com/6998822874/393192903,0,0,2026-07-08 16:22:41
393254462,7998728879,千亿诺泰,2026-06-06 05:58:42,,$ST诺泰(SH688076)$ 抛开产量，专利，订单等等等等因素，大家买st看的也许是这些，但是最重要的是一个估值回归，是摘帽！诺泰能摘帽吗？-那应该是没问题的啊其他啥的都是摘帽后再说的了,0,4,0,14229,SH688076,ST诺泰,iPhone,https://xueqiu.com/7998728879/393254462,0,0,2026-07-08 16:22:41
393350849,7658458407,木愚而来,2026-06-07 12:58:32,,$黑芝麻智能(02533)$明天是不是又有人憋不住要跑？反正我是不在乎短期怎么走，我只关心半年甚至几年后是什么价格。$ST诺泰(SH688076)$ 炒股不能承受30%回撤甚至腰斩就早点销户吧！反正我离亏损30%还有距离,1,4,0,13727,SH688076,ST诺泰,HarmonyOS,https://xueqiu.com/7658458407/393350849,0,0,2026-07-08 16:22:41
393357060,3517067123,可苦可乐可乐可苦,2026-06-07 14:09:24,,回复@密切的涨停小棒球场: 明年5月也白搭 诺泰生物那几个都没去ST//@密切的涨停小棒球场:回复@金融街民工:明年5月,0,0,0,8853,SH688076,ST诺泰,iPhone,https://xueqiu.com/3517067123/393357060,0,0,2026-07-08 16:22:41
393370100,9453592186,郑思源0316,2026-06-07 23:07:27,减肥药的江湖传奇,2017年12月，诺和诺德的降糖版 Ozempic（诺和泰），每周仅需注射一次，获FDA批准。诺和诺德进一步迭代推出司美格鲁肽（Semaglutide），随着其强劲减重效果的临床数据公布，减重版 Wegovy（诺和盈）于2021年6月获FDA批准，减重效果达15%–20%。2022年5月，礼来的替尔泊肽（Tirzepatide） 降糖版 Mounjaro 获FDA批准上市，首次在临床上实现了对司美格鲁肽的“头对头”对抗。2023年，减重版 Zepbound 获FDA批准，凭借72周平均减重20.9% 的惊人数据，直接超越了Wegovy的疗效天花板。据估算，2024年两款减重药的合计销售额高达457.418亿美元，其江湖地位可见一斑。从此刻起，诺和诺德与礼来开启了正面的“药王”对决，市场主要标的是两大国际巨头——丹麦的诺和诺德（代表性产品为司美格鲁肽）和美国的礼来（代表性产品为替尔泊肽）2025年12月31日，丹麦制药巨头诺和诺德宣布，中国最高人民法院就司美格鲁肽化合物专利相关知识产权作出有利判决。当时，国内创新药企华东医药（000963）旗下的中美华东向国家知识产权局提出司美格鲁肽一项核心专利无效的请求。目前国内已有10款国产司美格鲁肽申报上市，分别来自正大天晴、石药集团、复星万邦、华东医药、联邦制药、九源基因、丽珠集团、齐鲁制药。此外，还有10款国产司美格鲁肽已经进入到了临床三期阶段，来自华润双鹤、翰宇药业等药企。（一）直接对标两大巨头的中国仿制药与创新药华东医药 (000963.SZ) 司美格鲁肽生物类似药，进度领先，减重适应症上市申请已于2026年4月获受理丽珠集团 (000513.SZ) 司美格鲁肽生物类似药，进度领先，上市申请在审批中，已建成年产4000万支生产线甘李药业 (603087.SH) 博凡格鲁肽（创新药），差异化布局，有望成为全球首款&#34;双周制&#34;GLP-1减肥药，减重III期研究已完成恒瑞医药 (600276.SH) 瑞普泊肽（创新药），差异化布局，GLP-1/GIP双靶点创新药，减肥适应症上市申请已获受理复星医药（600196.SH） 司美格鲁肽生物类似药，间接参与，通过子公司万邦医药等布局相关业务中国生物制药（港股） 司美格鲁肽生物类似药，间接参与，通过正大天晴药业集团参与，其上市申请在推进中（二）原料药与中间体，全球产业链的“卖水人”诺泰生物 (688076.SZ) 替尔泊肽、司美格鲁肽原料药，全球核心供应商，全球首家获FDA DMF备案，是礼来的核心供应商金凯生科 (301509.SZ) SNAC中间体，诺和诺德直接供应商，为诺和诺德提供司美格鲁肽口服片关键辅料中间体翰宇药业 (300199.SZ) 司美格鲁肽、替尔泊肽原料药及制剂，利拉鲁肽注射液为美国首个获批的仿制药，司美格鲁肽原料药已完成国家药监局登记（平均日更1000字+，专注于中长线稳健投资，只讲真话，分享干货，真诚交流，互相学习！关注我，一起慢慢变富）,2,2,0,38474,SH688076,ST诺泰,Android,https://xueqiu.com/9453592186/393370100,0,2,2026-07-08 16:22:41
393417384,1968252884,策略策略,2026-06-08 02:30:56,,$ST诺泰(SH688076)$ 现在ai只剩机构折腾了，估计没散户进了。诺泰生物。,0,1,0,9899,SH688076,ST诺泰,Android,https://xueqiu.com/1968252884/393417384,0,0,2026-07-08 16:22:41
393418535,8005761042,猫蛇榜上见,2026-06-08 02:33:42,,$ST诺泰(SH688076)$ 最近开始扎替尔泊肽。刚扎完2.5mg的。感觉真的厉害。有饱腹感。也不会难受。体温有点升高。应该是代谢率上来了。顺便关注一下这个a股的相关厂商。这个药这么强，应该会有机会的。,1,8,0,14646,SH688076,ST诺泰,Android,https://xueqiu.com/8005761042/393418535,0,0,2026-07-08 16:22:41
393426733,1968252884,策略策略,2026-06-08 02:54:21,,$ST诺泰(SH688076)$ 这股有个最大的特点。诺泰生物。,8,2,0,14800,SH688076,ST诺泰,Android,https://xueqiu.com/1968252884/393426733,0,0,2026-07-08 16:22:41
393616940,6136701273,心别贪,2026-06-09 01:18:15,,$ST诺泰(SH688076)$ 这一波会不会跌到12？,3,0,0,6303,SH688076,ST诺泰,Android,https://xueqiu.com/6136701273/393616940,0,0,2026-07-08 16:22:41
393635622,7900410209,选股上人萧刹,2026-06-09 01:59:42,,$ST诺泰(SH688076)$ 流动性完全枯竭，半小时才500w,1,1,0,6833,SH688076,ST诺泰,Android,https://xueqiu.com/7900410209/393635622,0,0,2026-07-08 16:22:41
393638261,9107384389,风尘奇侠2020,2026-06-09 02:05:11,,$ST诺泰(SH688076)$ 大哥多肽今天也买回来一点，中报之前应该没多少跌幅了,0,1,0,5704,SH688076,ST诺泰,雪球,https://xueqiu.com/9107384389/393638261,0,0,2026-07-08 16:22:41
393656524,1836681218,琴山涧5686,2026-06-09 02:50:00,,月线创11个月新低，调整幅度(50.86-28.09)/50.86×100％=44.77％；日线自5.12日33.28以来，也调整有21天了。今年的利润怎么也得有6个亿，PE低于15倍，27年就是个位数PE了…$ST诺泰(SH688076)$,7,5,0,16339,SH688076,ST诺泰,Android,https://xueqiu.com/1836681218/393656524,0,0,2026-07-08 16:22:41
393662560,1968252884,策略策略,2026-06-09 03:06:31,,$ST诺泰(SH688076)$ 非常好的位置，跌无可跌。诺泰生物。,6,3,0,10084,SH688076,ST诺泰,Android,https://xueqiu.com/1968252884/393662560,0,0,2026-07-08 16:22:41
393686609,3207990013,棋羽双杰,2026-06-09 04:56:00,,$ST诺泰(SH688076)$ 如果一个行业进入了国家想要发展的产业名单，那么所有的规则都会为你制定。给你钱，给你人，给你资源，给你订单，等等，所以，不管是投机还是投资，一定要买对了方向。,5,5,0,8760,SH688076,ST诺泰,Android,https://xueqiu.com/3207990013/393686609,0,0,2026-07-08 16:22:40
393730336,7998728879,千亿诺泰,2026-06-09 07:17:15,,$ST诺泰(SH688076)$ 这振幅，这成交量，地量见地价,1,0,0,7804,SH688076,ST诺泰,iPhone,https://xueqiu.com/7998728879/393730336,0,0,2026-07-08 16:22:40
393746517,4649999780,知性的基金指导,2026-06-09 08:27:39,,$ST诺泰(SH688076)$ 所谓的大神肆意鼓吹，硬生生把价格从50唱到近乎腰斩，嘴脸比当初高鸿吹到退市的喜酒还要恶心 ，关键还有些🐶在吹捧,6,6,0,6022,SH688076,ST诺泰,Android,https://xueqiu.com/4649999780/393746517,0,0,2026-07-08 16:22:40
393787776,1968252884,策略策略,2026-06-09 12:37:57,,$ST诺泰(SH688076)$ 有啥可说的，诺泰生物，这里就剩我的死忠粉，还有大户，筹码已经都冻住了。请问大户敢大跌吗，敢吗？软蛋玩意。,0,1,0,7339,SH688076,ST诺泰,Android,https://xueqiu.com/1968252884/393787776,0,0,2026-07-08 16:22:40
393788191,1968252884,策略策略,2026-06-09 12:40:45,,回复@牛肉ABC: 啥逻辑？$ST诺泰(SH688076)$ 查看图片//@牛肉ABC:回复@策略策略:你看到的底就不是底。,1,0,0,8106,SH688076,ST诺泰,Android,https://xueqiu.com/1968252884/393788191,0,0,2026-07-08 16:22:40
393788904,1968252884,策略策略,2026-06-09 12:45:52,,$ST诺泰(SH688076)$ 不用怕 诺泰生物，分批加 慢慢加 气死大户。 就算突然来个10厘米，大户不大，也就这一档了，你们现追大户都来得及的，都比软蛋强，上千，你们以为我说着玩的？,4,2,0,9769,SH688076,ST诺泰,Android,https://xueqiu.com/1968252884/393788904,0,0,2026-07-08 16:22:40
393794615,3320764902,标错赔率的马,2026-06-09 13:26:44,,$ST诺泰(SH688076)$药明给诺泰提了个醒，美国生物制药供应链要摆脱对中国依赖。药明必然会争取其他市场并对诺泰形成竞争压力。公司和诺泰主力可能会调整策略了，再压下去对公司和资本百害而无一利。,41,4,0,19276,SH688076,ST诺泰,Android,https://xueqiu.com/3320764902/393794615,0,1,2026-07-08 16:22:40
393804158,1968252884,策略策略,2026-06-09 14:12:15,,回复@标错赔率的马: 眼光放长远，$ST诺泰(SH688076)$ 诺泰生物，连云港第四家伟大的制药企业。//@标错赔率的马:回复@策略策略:药明多肽和寡核酸是增长极，此事对诺泰的管理层以及市场主力定会有不小的震动。后续如何演变，给他们的时间真的不多了。,21,3,0,16310,SH688076,ST诺泰,Android,https://xueqiu.com/1968252884/393804158,0,0,2026-07-08 16:22:40
393869237,2007086936,精装追股仔,2026-06-10 01:53:07,,$ST诺泰(SH688076)$ 我也不知道为什么市场还有人在低价卖出，现在这个位置了，不卖就没有伤害,5,1,0,5076,SH688076,ST诺泰,Android,https://xueqiu.com/2007086936/393869237,0,0,2026-07-08 16:22:40
393903481,9677662435,猎庄者小号,2026-06-10 03:02:35,,$ST诺泰(SH688076)$ 我就不信了 看看能不能跌倒20,0,2,0,5980,SH688076,ST诺泰,雪球,https://xueqiu.com/9677662435/393903481,0,0,2026-07-08 16:22:40
393904224,7998728879,千亿诺泰,2026-06-10 03:04:21,,$ST诺泰(SH688076)$ 终归还是破了28了，底层逻辑还是没有变，看他折腾吧,0,2,0,7682,SH688076,ST诺泰,iPhone,https://xueqiu.com/7998728879/393904224,0,0,2026-07-08 16:22:40
393909978,8296981195,2528658popo,2026-06-10 03:18:32,,$ST诺泰(SH688076)$ 全部都是套牢盘，怎么玩？,2,2,0,7605,SH688076,ST诺泰,Android,https://xueqiu.com/8296981195/393909978,0,0,2026-07-08 16:22:40
393922180,1763777886,静待花开才好,2026-06-10 03:55:44,,"回复@范蠡老乡: 你还是比较清醒的一个。1、全仓一个股票，都很危险！要是血本无归，你就很难东山再起！如果两个以上，还可以对冲。我吃过大亏。2、我本来也很看好。当时也考虑过全仓。还好他ST,不能融资。42还买了约20W。亏了四万割了。现在定期观察 。诺泰生物属于护城河比较低的股，很多公司扩产能。价格下降，还要抢市场，这就是最大的风险。这样的股全他仓真的风险很大。下次我都考虑到底买不买，一定不会全仓。这是事后诸葛。3、诺泰生物既满足80%产能运转，据豆包回答，利润才6个亿。这个肯定今年不能实现，还要等明年放量抢市场 。还没搜到大神的预测。分开算。能力不足，研究不深入。4、感觉股价再跌三分之一都有可能。如果今年业绩很坏，感觉二季度也不好。现在一定不能补仓。//@范蠡老乡:回复@范蠡老乡:我昨天晚上产生的这个想法。发上来，也是想看看大家的看法。看看大家是怎么看诺泰公司的，看看有没有一些新的信息。我自己全仓诺泰，成本40，这次操作是我信心最足的一次，也是我最近三年里亏的最多的一次。我是非常希望股价能涨起来的，我不是看衰诺泰。只是有这个想法，也想看看大家的看法。",2,3,0,8340,SH688076,ST诺泰,雪球,https://xueqiu.com/1763777886/393922180,0,0,2026-07-08 16:22:40
393944011,1593246071,何福安,2026-06-10 05:38:09,,"回复@静待花开才好: 说的很中肯，不过护城河高的的一般pe也高的可怕，而且现在这个时代基本没啥护城河很高了，诺泰好歹利润目前还行，更多的公司是更烂的。我准备下一步收窄投点电力分红股了//@静待花开才好:回复@范蠡老乡:你还是比较清醒的一个。1、全仓一个股票，都很危险！要是血本无归，你就很难东山再起！如果两个以上，还可以对冲。我吃过大亏。2、我本来也很看好。当时也考虑过全仓。还好他ST,不能融资。42还买了约20W。亏了四万割了。现在定期观察 。诺泰生物属于护城河比较低的股，很多公司扩产能。价格下降，还要抢市场，这就是最大的风险。这样的股全他仓真的风险很大。下次我都考虑到底买不买，一定不会全仓。这是事后诸葛。3、诺泰生物既满足80%产能运转，据豆包回答，利润才6个亿。这个肯定今年不能实现，还要等明年放量抢市场 。还没搜到大神的预测。分开算。能力不足，研究不深入。4、感觉股价再跌三分之一都有可能。如果今年业绩很坏，感觉二季度也不好。现在一定不能补仓。",1,2,0,5064,SH688076,ST诺泰,Android,https://xueqiu.com/1593246071/393944011,0,0,2026-07-08 16:22:40
393982139,9649199772,文商财经1,2026-06-10 07:51:18,百迈科：产销率现两套账与客户诺泰生物对不上账对单一供应商采购额竟超同类采购总额 抽逃出资背后的合规,原标题：百迈科：产销率现两套账与客户诺泰生物对不上账对单一供应商的采购额竟超同类采购总额 抽逃出资背后的合规红线层层分销背后的真实流向之问一边是招股书与公转书产销率“对不上账”，两年凭空消失64万收入；一边是对第一大客户诺泰生物的销售数据与对方年报“撞车”，竟然多出198万元；更离谱的是，对单一供应商马尼（北京）的采购额，居然超过了同期同类采购总额，倒挂37万元。与此同时，公司一边豪掷2.6亿元买理财、三年狂分4209万元现金，一边却向市场伸手要3亿元建新项目，而现有产品产销率已不足84%。再加上实际控制人十年前“借入验资、借出归还”的抽逃出资疑云，以及经销商体系层层分销、终端核查比例仅65%的监管追问——海南百迈科医疗科技股份有限公司的北交所首发审核，正遭遇一连串信披“雷暴”。这些看似孤立的数据矛盾，实则指向同一个核心问题：这家拟上市公司到底是在认真经营，还是在靠“数字游戏”粉饰门面？产销率现两套账，产销数据打架折射信披瑕疵百迈科，其招股书与公开转让说明书（下称“公转书”）在核心产品外科手术缝线系列的数据上出现明显分歧。这起“数据打架”事件，不仅暴露出公司信息披露的严谨性存疑，更直接触及北交所对拟上市公司财务真实性的监管红线。两年连续“对不上”的产销量，根据两份文件，2022年百迈科外科手术缝线产品的产能与产量完全一致：产能66.53万根，产量77.13万根，产能利用率高达115.92%。然而，在销量和产销率上，矛盾浮出水面。招股书显示当年销量为69.04万根，产销率89.51%；而公转书披露的产销率仅为88.97%，由此倒推出的销量应为68.62万根，两者相差0.42万根。类似情况在2023年重演：招股书销量138.14万根、产销率85.59%；公转书产销率85.46%，倒推销量137.92万根，相差0.22万根。别小看这几千根缝线的差额。招股书进一步披露，公司可吸收性外科缝线2022年、2023年单价分别为108.28元/根、99.44元/根。按照上述销量差计算，仅2022年就涉及约42.48万元销售收入，2023年涉及约21.88万元。两年合计超过64万元的收入“消失”在数据缝隙里，对于一家拟上市公司而言，这绝不仅仅是统计口径的疏忽。北交所《公开发行证券的公司信息披露内容与格式准则》明确要求招股说明书与其他公开披露文件内容保持一致，同一数据不得出现前后矛盾。百迈科在连续两年内均出现产销率差异，且差异方向一致——招股书数据均高于公转书，这很难用偶然错误解释。更值得警惕的是，若公转书数据为真实值，则招股书虚增销量和收入，涉嫌财务数据粉饰；反之，则公转书存在漏报。无论哪种可能，都直接挑战了北交所对信息披露“真实、准确、完整”的底线。销售数据与客户诺泰生物对不上账，对单一供应商的采购额竟超同类采购总额百迈科近日披露的招股说明书引发市场关注，这份看似详尽的财务报告，却在关键数据上出现了多处“自相矛盾”，尤其是与第一大客户及原材料采购相关的数据，与常识逻辑严重背离，令人对其信披质量产生深刻质疑。客户销售数据，百迈科与诺泰生物“对不上账”。招股书显示，2023年百迈科对第一大客户诺泰生物（科创板上市公司）的销售金额为1694.43万元，占当期营业收入的9.74%。然而，诺泰生物2023年年报却显示，其对第一大供应商的采购金额仅为1496.39万元。换言之，百迈科声称从诺泰生物处获得的收入，比诺泰生物自己承认的向第一大供应商支付的采购额还高出198.04万元。这一差额意味着什么？要么是百迈科虚增了销售收入，要么是诺泰生物隐瞒了采购规模，无论哪种情况，都直接触及了财务数据的真实性红线。两家公司均为公众企业，信息披露理应经得起交叉验证，而如此明显的“对不上账”，显然不符合基本的财务逻辑。采购数据更离谱，对单一供应商的采购额竟超过同类采购总额如果说客户数据的矛盾尚可解释为统计口径差异，那么百迈科在原材料采购环节的数据“打架”则几乎无法自圆其说。招股书在“原材料采购情况表”中披露，2024年公司缝合针材料采购总额为1227.44万元，占全部原材料采购的20.59%。然而，在“前五大供应商”列表中，对第一大供应商——马尼（北京）贸易有限公司的缝合针材料采购金额却高达1237.67万元。这意味着，仅向这一家供应商的采购额，就超出了同期所有缝合针材料的采购总额10.23万元。这种“倒挂”现象在2025年再次出现：当年缝合针材料采购总额为935.28万元，而对马尼（北京）的采购金额却为962.21万元，超出26.93万元。根据北交所《上市公司持续监管指引第1号——信息披露》等规定，企业招股说明书中的财务数据必须真实、准确、完整，不得存在虚假记载、误导性陈述或重大遗漏。上述两组数据矛盾，已经暴露出百迈科在财务核算或信息披露环节存在不可忽视的问题。尤其是前五大供应商采购额大于同类采购总额，这绝非简单的统计遗漏，而是极有可能意味着采购分类错误、数据录入偏差，甚至存在人为操纵。对于一家拟上市公司而言，如此基础性的数据都无法保证一致性，如何让投资者相信其治理水平和财务管控能力？监管层在审核过程中，极有可能要求保荐机构、会计师对此出具专项说明，甚至启动现场检查。百迈科若不能及时、完整地还原数据背后的真实业务逻辑，其上市进程或将面临实质性障碍。巨额理财与大手笔分红并存，募资扩产合理性待考百迈科也抛出了一份令人瞩目的财务“双面剧本”，其资金运作的细节引发市场关注：一边是超过2.6亿元的理财投入与累计超4000万元的现金分红，另一边却又向市场伸手募资3亿元用于扩产。这种“不差钱”却又“急缺钱”的矛盾操作，究竟藏着怎样的商业逻辑？理财与分红“两不误”，现金流充裕表象下的信披疑云。招股书显示，截至2025年末，百迈科披露的投资支付的现金高达2.60亿元。公司解释称，这笔资金主要用于购买及赎回短期理财产品，以及相关投资收益的现金流。与之对应的是，公司同期持有的货币资金规模仅为1.05亿元。换句话说，公司超过七成的现金资产被“藏”进了理财产品，而非用于日常生产经营或研发投入。更令人咋舌的是分红力度。2023年至2025年，百迈科连续三年派发现金股利，金额分别为957万元、1626万元和1626万元，累计分红达到4209万元。北交所信披规则明确要求，拟上市公司需充分说明募集资金用途的合理性与必要性。当一家公司既能拿出大笔资金购买理财，又能慷慨分红，却还要向投资者募集资金建设新项目，这种“左手分红、右手募资”的操作，显然需要给出更具说服力的解释。募资项目“大干快上”，新增产能能否被市场消化？此次上市，百迈科计划募集资金3.06亿元，全部用于海南百迈科先进医疗器械项目建设。根据规划，项目达产后将大幅扩充产能：新增封创翎产能325万根、抗菌鱼骨线产能25万根、抗菌倒刺线产能50万根。然而，现有产销率数据却透露出隐忧。从表格可以看出，2025年公司外科手术缝线产品的产销率为83.98%。在现有产销率不足的的情况下，大举新建产能是否过于激进？招股书披露，2025年公司该系列产品销量为245.55万根，而新增产能仅封创翎一项就达到325万根，远超现有总销量。若市场拓展不及预期，新增产能或将沦为“沉默成本”。北交所对拟上市公司的信披要求强调“实质重于形式”。百迈科在招股书中将理财资金归为“现金管理”，将分红解释为“回报股东”，表面上看均符合财务规定。但投资者有权追问：这些理财收益是否足以覆盖募资成本？分红决策是否挤占了研发与市场推广资源？现有产销率不足时，募资扩产是否存在“圈钱”嫌疑？抽逃出资背后的合规红线，层层分销背后的“真实流向”之问百迈科公司因实际控制人杨顶建早年增资过程中的资金流转问题，以及经销商销售体系透明度不足，接连遭遇北交所两轮问询。这些疑点不仅涉及公司治理的合规底线，更直接关系到信息披露的真实性与完整性。抽逃出资疑云，一笔“拆借”背后的合规红线。回溯至2012年，百迈科前身建科有限实施增资。彼时，实际控制人杨顶建因资金短缺，委托工商代办机构寻找资金方。机构人员吴飞探于2012年1月5日向杨顶建账户转入287.90万元用于实缴注册资本，另向门象账户转入100万元用于偿还杨顶建对门象的借款，门象随后将这笔资金用于实缴注册资本。合计387.90万元的借款在验资完成后次日，被杨顶建从建科有限借出归还给吴飞探——公司直接将钱转至吴飞探指定的第三方账户。由此，杨顶建对建科有限形成了一笔债务，直至2020年9月才结清。这一行为是否构成抽逃出资或虚假出资？北交所在第二轮问询中要求百迈科说明资金流转的真实背景、资金来源的合法性，以及还款至吴飞探指定账户（海口恒森）的客观依据。然而，当保荐机构与发行人律师尝试联系关键当事人吴飞探时，对方明确拒绝配合访谈。即便中介机构通过工商登记电话核实其身份，吴飞探依然不予回应。监管的追问与当事人的沉默，令这笔十年前的“拆借”蒙上阴影。从法律角度看，公司法明确禁止股东在验资后抽逃出资。尽管杨顶建最终偿还了公司借款，但“先借入验资、再借出归还”的操作，本质上是利用公司资金完成个人债务的闭环。北交所显然关注这种模式是否规避了资本维持原则。若被认定为抽逃出资，不仅影响实控人的诚信记录，更可能触及发行上市的实质性障碍。经销商体系透明度，层层分销背后的“真实流向”之问。如果说历史出资问题关乎“过去”，那么经销商体系的合规性则直接映射百迈科当前业务模式的诚信度。首轮问询中，公司及中介机构已付出大量精力：获取前二十大经销商的进销存数据，穿透走访25家中间级经销商和24家终端医院。然而，第二轮问询并未放过细节——监管层直指核心矛盾：一级经销商仅约5%的销售流向配送商或终端医院，多数经销商存在多层分销；同时，终端核查比例约65%，这一数字是否足以支撑“全部流向医院”的结论？问题在于，医疗器械行业多层分销往往意味着渠道管控的弱化。若经销商囤货、压货甚至相互倒货，公司财报中的“销售实现”就可能虚胖：产品并未真正被终端使用，而是沉淀在渠道库存中。北交所对终端核查比例的质疑，实质上是要求公司证明：每一个确认收入的环节，都有真实的医疗消费需求支撑。结合北交所信披法规，发行人需要对销售链条的“最后一公里”负责。《北京证券交易所股票上市规则》明确要求，拟上市公司应披露主要客户情况，包括终端销售的真实性、回款情况等。若经销商体系复杂到连保荐机构都无法完全穿透，投资者便难以判断公司业绩的可持续性。百迈科目前的做法——通过高比例抽样来推断整体——在监管看来，可能难以替代全面核查。,0,2,0,11130,SH688076,ST诺泰,雪球,https://xueqiu.com/9649199772/393982139,0,0,2026-07-08 16:22:40
393986516,5546851486,财富自由之路加一,2026-06-10 08:11:28,,$ST诺泰(SH688076)$ 重新建仓了，争取拿到年底,0,7,0,7086,SH688076,ST诺泰,Android,https://xueqiu.com/5546851486/393986516,0,0,2026-07-08 16:22:40
393999117,7588632663,攀爬路,2026-06-10 09:13:05,,$ST诺泰(SH688076)$ 差不多得了老哥，再来个10%就要腰斩，看了一圈药股，离腰斩近的也有，大部分1/3到1/4。你个老千算跌的多的了。有本事你就再跌10%。那就真腰斩。来个爽快点再跌，直接大阴线，别阴跌小跌。,0,4,0,9098,SH688076,ST诺泰,Android,https://xueqiu.com/7588632663/393999117,0,0,2026-07-08 16:22:40
394009240,6469196520,豁达的打新小清泉,2026-06-10 10:08:26,,$ST诺泰(SH688076)$ 应该还得下跌。,0,2,0,7703,SH688076,ST诺泰,Android,https://xueqiu.com/6469196520/394009240,0,0,2026-07-08 16:22:40
394016827,7998728879,千亿诺泰,2026-06-10 10:57:11,,$ST诺泰(SH688076)$ 其实洗盘还是有效果的，对比前低28.18和今天的筹码峰,5,2,0,10762,SH688076,ST诺泰,iPhone,https://xueqiu.com/7998728879/394016827,0,0,2026-07-08 16:22:40
394035876,4202117770,短中长线卧倒选手,2026-06-10 13:06:23,,$ST诺泰(SH688076)$ 我确实很鄙视那种卖出后又回来说教的人，大家都曾是一个战壕里的队友，认知水平都接近，既然能在外面赚大钱还回来吠个锤子，讲不好听的，你买st你没准备亏个三四十个点那你买个啥？不要因为在这里面亏钱了就天天盼着里面的人不好，污染环境。,13,5,0,20567,SH688076,ST诺泰,iPad,https://xueqiu.com/4202117770/394035876,0,0,2026-07-08 16:22:40
394057228,1968252884,策略策略,2026-06-10 15:07:59,,$ST诺泰(SH688076)$ 放心吧，大户急得团团转。想拿筹码太难了，砸下去都收不回来。还是格局太小。你们想，芯片出来的资金可不是现在窝囊废能比的。人家可是已经操盘过几十倍涨幅的，非软蛋所能比。天下何为英雄？ 唯 芯片资本 和 诺泰粉丝耳。,2,4,0,13831,SH688076,ST诺泰,Android,https://xueqiu.com/1968252884/394057228,0,0,2026-07-08 16:22:38
394162333,1968252884,策略策略,2026-06-11 04:02:21,,$ST诺泰(SH688076)$ 分红前固定操作了,10,0,0,14293,SH688076,ST诺泰,Android,https://xueqiu.com/1968252884/394162333,0,0,2026-07-08 16:22:38
394165666,7668100301,待得粉残红,2026-06-11 04:19:07,,$ST诺泰(SH688076)$ 这个也是老登板块，都没有出现抢权行情,0,1,0,10206,SH688076,ST诺泰,Android,https://xueqiu.com/7668100301/394165666,0,0,2026-07-08 16:22:38
394176898,5572673947,阿福送你一朵小红花,2026-06-11 05:15:51,,$ST诺泰(SH688076)$ 抛砖引玉：个人比较偏向平庸的猜测，2026年营收、净利润，跟2025差不太多，因为试验数据专利保护的存在，司美格鲁肽注射液，全球通过审批上市的新药，应该没有，所以原料药的订单不会放量。寡核苷酸，也没看到放量,10,6,0,17821,SH688076,ST诺泰,雪球,https://xueqiu.com/5572673947/394176898,0,0,2026-07-08 16:22:38
394219708,3320764902,标错赔率的马,2026-06-11 07:30:41,,$ST诺泰(SH688076)$ 诺泰的极端走势，真是资金博弈思维的写照。当有相当资金进入时，控盘主力，并不知道是来炒股的还是来投资的。从操盘上讲，就必然当做是对手盘。每一次散户所谓的被洗出，不过都是紧盯价格，造成心理崩溃的人性循环。更多的人是卖在之后的价格回升阶段。因为亏损减少了，或者是回本了。而这个阶段正是控盘主力拿到更多筹码 的时候。正常情况下通过筹码分布可以看出筹码转移的情况。但是诺泰却有着历史上和其他股票截然不同的筹码分布。上方的筹码，去年10月份来来几乎没有向下移动。公募保险不能持有st卖出之后，股东人数不升反降。26年一季报股东人数依然下降。人均持股处于上升状态，股价处于持续下跌状态。成交量处于极度萎缩状态。这就说明了一点，操盘者的市值也在不断的下跌，杀散、大户1千自己要杀1万。那么目的只有一个，就是为了获得更多的股份。当下的持仓者如果没有对商业的判断以及正确的估值，当下或者未来被洗出去是必然的。对于国家新兴支柱产业的生物医药，在最优秀的赛道上出现了极端的下跌走势，正是价值投资者的重大机会。产业资本和金融资本，最终都不会让自己的市值 在产业的发展中越来越小，只可能越来越大。就连几百倍PE的垃圾公司，都要拼命去做市值。这个是资本的天性。持有诺泰股份到其营收过百亿 是真正价值投资者的最低要求。,4,9,1,16419,SH688076,ST诺泰,Android,https://xueqiu.com/3320764902/394219708,0,1,2026-07-08 16:22:38
394246351,1968252884,策略策略,2026-06-11 09:39:50,,$ST诺泰(SH688076)$诺泰生物， 大户筹码不是一清二楚嘛？成本大约35-40块钱之间。 去年冬天到春天一直加仓，越到后面，越加不上去，筹码拿不到。只能说明一点，大户太小气，资金量小，又太贪婪。这种时候只需要几个外援组团20个亿。直接就可破局。,5,0,0,16999,SH688076,ST诺泰,Android,https://xueqiu.com/1968252884/394246351,0,0,2026-07-08 16:22:38
394247744,1968252884,策略策略,2026-06-11 09:47:36,,$ST诺泰(SH688076)$ 水从哪里来，ai出来的热钱，最迟7月初，大概率不会去大盘股，这里概率非常大，只需要洒洒水。所以8月份吧，如果反转了，我们就一起相聚崂山脚下。诺泰生物。$中际旭创(SZ300308)$,2,3,0,14832,SH688076,ST诺泰,Android,https://xueqiu.com/1968252884/394247744,0,0,2026-07-08 16:22:38
394252388,1968252884,策略策略,2026-06-11 10:11:05,,$ST诺泰(SH688076)$ 想当年，第一次被警示，后来挂st，我都经历过。想来都有好几年了。诺泰生物。有啥可担忧的呢。如果大家有在江苏浙江的，可以多去公司转一转。从真投资的角度去审视他。能否真的成为第四家制药公司。,6,6,0,20836,SH688076,ST诺泰,Android,https://xueqiu.com/1968252884/394252388,0,0,2026-07-08 16:22:38
394329646,5572673947,阿福送你一朵小红花,2026-06-12 00:49:05,,$ST诺泰(SH688076)$ 问：雪友都说诺泰的司美格鲁肽注射液可以绕过数据保护，因为是自己花钱搞的试验数据，有什么能证明吗？如果是真的，审批能比其他家的早吗？预计最早什么时候审批通过？,5,3,0,11117,SH688076,ST诺泰,雪球,https://xueqiu.com/5572673947/394329646,0,0,2026-07-08 16:22:38
394420714,1836681218,琴山涧5686,2026-06-12 05:38:30,,27的诺泰是大A极为优质的股票，但就如裕太一样，130的时候无人问津，230的时候来了一堆陌生的面孔吹捧它，等到67的时候，也会有一堆来吹诺泰的陌生人…其实现在的诺泰岂止是无人问津？而是人见人踩呀！$XDST诺泰(SH688076)$ $裕太微-U(SH688515)$ $ST思科瑞(SH688053)$,4,10,0,20452,SH688076,ST诺泰,Android,https://xueqiu.com/1836681218/394420714,0,0,2026-07-08 16:22:38
394427596,4538026840,明了的翻倍小程序员,2026-06-12 06:00:34,,$XDST诺泰(SH688076)$ 信达都涨了4个点了， 你自岿然不动$信达生物(01801)$,3,0,0,13366,SH688076,ST诺泰,雪球,https://xueqiu.com/4538026840/394427596,0,0,2026-07-08 16:22:38
394444433,7588632663,攀爬路,2026-06-12 06:50:47,,$XDST诺泰(SH688076)$ 以前的司美格鲁肽是稀缺品，专利没有到期。现在的司美格鲁肽是大宗商品，估值系统已经重构，诺泰的重点是降价后能不能靠销量的提升来维持收入。如果可以维持住，固然是好事，如果收入大减，说明降价的恶性竞争延续。2025年中国产能从10到15吨增长至2028年70-80吨。翰宇，圣诺都在扩产，都是数倍级别的扩产。产能的增长必然导致降价，现在就是价格和销量能不能维持住一个动态平衡。 这是大部分人维持观望的情况。大部分企业的建成到完全投产也是一个循序渐进的过程。管理层早预料这一现况，所以极力发展第二增长极寡核苷酸，这一状况已经初见成效。就是看诺泰拿出业绩来打消疑虑了。或者资金重新重视创新药板块，但现在的资金似乎对bd已经无感了。,2,4,0,16902,SH688076,ST诺泰,Android,https://xueqiu.com/7588632663/394444433,0,0,2026-07-08 16:22:38
394448585,3263546483,赚钱需要耐心点,2026-06-12 07:02:34,,$XDST诺泰(SH688076)$ 主力在等机构资金来抬轿吧,0,1,0,13610,SH688076,ST诺泰,iPhone,https://xueqiu.com/3263546483/394448585,0,0,2026-07-08 16:22:38
394533111,7998728879,千亿诺泰,2026-06-12 15:30:27,,$XDST诺泰(SH688076)$ 分红全拿来补仓了，不要让我失望啊阿泰！,1,1,0,13427,SH688076,ST诺泰,iPhone,https://xueqiu.com/7998728879/394533111,0,0,2026-07-08 16:22:38
394562841,1968252884,策略策略,2026-06-13 01:36:17,,$XDST诺泰(SH688076)$ 占比太低了。未来发展思路就是，api做高端的，对标瑞士，多肽药物抓紧研发，对标美国。api+制剂，双轮驱动。诺泰生物，药明康德。,1,3,0,20536,SH688076,ST诺泰,Android,https://xueqiu.com/1968252884/394562841,0,0,2026-07-08 16:22:38
394569913,1968252884,策略策略,2026-06-13 02:43:33,,$XDST诺泰(SH688076)$ 如图，专注多肽 核酸是对的，和信达生物合作也是对的，开发自己的制剂也是对的。诺泰生物，方向非常正确。来自kim,1,7,0,18994,SH688076,ST诺泰,Android,https://xueqiu.com/1968252884/394569913,0,0,2026-07-08 16:22:38
394577082,7659943804,梦想范子,2026-06-13 04:19:31,多肽风口上st诺泰的囚徒困境,&#34;ST&#34;帽子出现在一家看起来颇具成长性的科创板公司身上，变成了一道颇有意思的资本市场选择题：这究竟是价值陷阱，还是被错杀的金子？持有诺泰的过程中我做了些研究，趁着近期股价又出新低，出个长文记录一下，本文为ai辅助成文，数据未经核验，仅做现象反馈，笔者非医药行业从业人员，相关知识基础薄弱，多有错漏之处还望批评指正。一、前世今生诺泰生物（688076.SH，全称：江苏诺泰澳赛诺生物制药股份有限公司）2009年成立于连云港，这里也是恒瑞、豪森、正大天晴的聚集地，堪称中国医药产业的&#34;黄埔军校&#34;。2021年5月登陆科创板，发行价15.57元，募资约10.4亿元。主业分两块：一是&#34;自主选择产品&#34;，即公司主动布局的多肽原料药+制剂，以司美格鲁肽、利拉鲁肽、替尔泊肽等GLP-1类多肽为核心，约占2025年收入的60%；二是CDMO/CMO定制研发生产，主要为Incyte、Gilead等国际大药企做多肽创新药的定制生产，约占收入的40%。从原料合成、固相合成到色谱纯化、制剂灌装，全流程自主掌控，这在国内多肽原料药企业中并不多见。公司早在2019年就以零缺陷通过了FDA现场检查，是合规出海的国内多肽企业之一。公司大股东赵氏兄弟并不是&#34;医药科班出身&#34;，而是&#34;建筑→地产→医药&#34;跨界路径。这种跨界背景在医药板块的上市公司里其实不少见——资本嗅觉灵敏的地产商，在行业风口切换时果断转型，诺泰只是其中一个案例。但地产基因给诺泰带来的，既有&#34;敢加杠杆、快速扩张&#34;的狼性，也有&#34;资本运作手法激进&#34;的隐忧。2009年，赵德毅担任江苏诺泰制药有限公司董事，兄弟俩正式将医药作为主业板块来经营。关键收购发生在2016年：诺泰在新三板挂牌的同时，发布重大资产重组预案，拟定增收购澳赛诺全部股权。澳赛诺由留美博士金富强创立，核心资产是新药注册中间体的工艺开发能力——这笔收购，本质上是用资本换技术：赵氏兄弟出钱出平台，金富强出技术出团队。2019年，股转公司监管部向诺泰、赵德毅、赵德中出具自律监管措施的决定，理由是收购澳赛诺时未披露交易对手中的关联方，且相关高管未回避表决。二、账本里的那些事儿2025年Q4亏损1.12亿，这是个容易吓退人的数字。拆开来看主要有三条：一是多肽原料药行业进入产能释放周期，价格压力传导到毛利率，全年毛利率同比下降5.06个百分点；二是口服司美格鲁肽等新管线的研发费用在Q4集中确认；三是部分老旧产线计提了资产减值。2026年Q1营收5.53亿元，同比微降2.23%，净利润1.29亿元，基本延续了Q1传统旺季的节奏。下滑的原因主要是2025年Q1基数太高（同比+58.96%），加上部分海外客户库存调整推迟了交付。年报最值得反复看的其实不是利润表，而是资产负债表。长期借款增加10.4亿，这笔钱的流向基本可以从资产端找到答案：固定资产增加7.36亿（注：固定资产净增=在建结转-当年折旧，因此实际在建结转额高于7.36亿，加上折旧后估算实际结转约在8-9亿之间），同时在建工程还新增3.5亿尚未结转，合计约11.5亿的资本开支——与10亿长借+1亿自有资金的来源基本吻合。钱没有乱花，都是实打实投进了产线，这是让我心里稍微踏实的一点。但问题也随之而来的是利息压力：2024年全年财务费用仅1844万，2025年全年已升至5781万，增量约3937万，增幅214%。如果后续借款维持在26亿的计息负债规模、平均利率3%左右，每年光利息就要七八千万。存货方面，期末8.60亿 vs 上年5.84亿，增幅47%，说明存货的堆积是从下半年开始加速的，与产线投产节奏一致，但也隐含着&#34;如果需求不及预期、存货跌价减值&#34;的风险——毕竟多肽原料药的价格在快速下行。合同负债（也就是预收的客户订单款）绝对值不大，但单从25Q4前到26Q1看方向上是成下降趋势的，这里不知道是因为产能的快速扩张导致的交付加快的青黄不接，还是其他原因，不过一定程度上说明新订单补充节奏不算快。整体来看，这是一份典型的&#34;大规模投产期&#34;资产负债表：大量举债→建产线→固定资产扩张→折旧+财务费用双双上行→短期净利率承压。这个模式本身不是问题，问题在于后续产能能否被需求消化。如果GLP-1制剂获批、CDMO订单持续增长，这些沉下去的资本开支就是&#34;储能&#34;；如果需求不振、价格战继续，则可能变成&#34;包袱&#34;。结果如何可能要2026-2027年的答卷交付了才知道，不过多出来的利息和折旧却是实打实的要影响26年的利润的，原料药价格如果继续下降，可能全年的利润持平已是最优解，乙肝的里程碑付款，到可以当作一个彩蛋。三、GLP-1这件事究竟有多大3.1 专利悬崖：全球多肽史上最大的鱼2026年3月，司美格鲁肽核心专利在全球主要市场相继到期（注：专利体系复杂，部分制剂和适应症专利到期时间存在差异，此处指核心化合物专利，请以各国专利局公告为准）。诺和诺德的司美格鲁肽2025年全球销售额接近200亿美元（仅ozempic，全口径约340亿），按原料药占制剂售价10-15%的行业惯例估算，仅司美格鲁肽原料药的潜在市场规模就有20亿美元以上。这条鱼太大，所有多肽原料药企业都想咬一口，问题是这一咬很可能咬到的是&#34;价格战的骨头&#34;而非&#34;红利的肉&#34;。3.2 产能：从百公斤级到吨级产能扩张是支撑未来业绩的另一条主线。公司第四代吨级多肽生产车间（601及602车间）已于2025年顺利投产，单批产能10公斤级以上，据说是行业平均水平（约3公斤）的三倍多，这个数字出自公司路演材料，我没有独立核实的渠道，姑且相信，但要打个问号。寡核苷酸方面，2026年3月连云港工厂寡核苷酸生产车间正式投产，产能从百公斤级扩至吨级，这是公司&#34;第二增长曲线&#34;中最令人期待的部分，毕竟GLP-1的风口总有退潮的时候，寡核苷酸（ASO/siRNA）的全球市场正在快速打开，而且门槛比多肽更高，竞争格局也更好。3.3制剂管线：已经走到哪一步了？诺泰的GLP-1制剂管线，从代际上可以完整串起来——从已经上市的一代利拉鲁肽，到即将获批的二代司美格鲁肽，再到口服剂型的差异化布局，以及双靶点/三靶点的前瞻储备，梯次相当完整。但诺和诺德的口服司美格鲁肽（Rybelsus）在海外已经上市，专利保护到2033年，国产仿制路径受阻；诺泰走的是2.2类新药路线（改良型新药，非简单仿制），如果BE试验顺利，有望成为全球首批国产口服GLP-1减重药之一。当然，BE试验失败的风险也必须提一句：口服多肽的生物利用度极低（通常&lt;1%），制剂工艺难度远超注射剂，这是所有口服GLP-1研发者共同面对的技术天花板。再有GLP-1/GIP双靶点（SPN007）这个管线转让给了禾泰健宇，有兴趣的朋友可以取挖一挖。3.4 小核酸/寡核苷酸管线：第二增长曲线的真实成色英克司兰这个品种我比较看好，可能是我本身也患有高血脂症吧，英克司兰的原研药是诺华（收购Alnylam技术）的PCSK9 siRNA，每年仅需注射2次（vs 他汀类每天1次），患者依从性极好，方向是确定的：小核酸降血脂药物的赛道才刚刚开始，未来可期。GalNAc-siRNA乙肝项目，是诺泰在小核酸领域最接近商业化的自主管线，I期病毒抑制率82%这个数据，如果II期能够复现，价值会非常大——全球乙肝功能性治愈是千亿美元级别的市场预期，但这里必须标注：I期数据距离商业化还有很长的路，失败风险极高。四、那块&#34;ST&#34;帽子是怎么来的，又怎么摘2021年，诺泰通过向空壳公司&#34;浙江华贝&#34;虚构药品技术转让，虚增利润2595万元，占当年利润总额的20.64%。处罚结果（数据来源：中国证监会行政处罚决定书）：公司被罚4740万元，实际控制人赵德中被罚1800万元，首席财务官等相关责任人合计罚款超千万，总处罚金额约7620万元。关于摘帽：根据《上市规则》相关规定，公司需在追溯重述财报后至少满12个月才能申请摘帽审核，追溯重述完成时间大约是2025年底，因此最早提出申请的时间窗口预计在2026年底至2027年初。交易所审核通常需要3-6个月，综合来看2027年上半年完成摘帽是相对合理的预期，但不确定性较高，这个时间点我没有可靠来源，仅为逻辑推演。虽然造假是事实，但是这“左脚踩右脚”的方法怎么这么像英、o、甲他们，只是结果可能不同吧。五、多肽赛道的&#34;囚徒困境&#34;司美格鲁肽原料药的价格变化可以说是多肽赛道&#34;囚徒困境&#34;最直观的注脚。2022-2023年专利保护期，价格一度高达3000-4000元/克；随着国内产能快速释放，2025年价格已降至约30美元/克（约210元/克），降幅约94%（这数据都是看的球友发帖和ai查询均不确定）。这就是所谓的&#34;囚徒困境&#34;：每家企业都知道大家一起扩产会把价格打穿，但如果自己不扩、对手扩了，就会被挤出市场；于是大家都扩，结果是集体把价格打穿。诺泰管理层表示即便在30美元/克的价格下仍能保持合理毛利率，这话我相信一半——成本控制能力确实是诺泰的优势，但&#34;合理毛利率&#34;是多少、能维持多久，这是个问号。（司美格鲁肽原料药在年报里没有单独披露销售金额，但通过推断大概在4亿左右，利润在1.5亿左右）从这个角度看，诺泰未来的出路一定不是在原料药价格战里死磕，而是靠制剂放量（司美制剂获批）和差异化管线（口服司美、寡核苷酸）来突破，这也是为什么我选择这家公司的原因。六、最后说几句持有还是卖出，这道题取决于你怎么给企业估值，不过估值一向是个玄学。如果认为2027年能顺利摘帽，GLP-1制剂获批，英克司兰原料药起量，里程碑费用支付，那现在还是我常说的一句话，不贵；如果认为造假前科已经损坏了企业最核心的东西，可能增收不增利导致丧失核心盈利能力让企业陷入困境，那再便宜也不会碰——这个判断没有对错，只有取舍。,7,18,0,29675,SH688076,ST诺泰,雪球,https://xueqiu.com/7659943804/394577082,0,5,2026-07-08 16:22:38
394609977,7658458407,木愚而来,2026-06-13 13:54:25,,$黑芝麻智能(02533)$投资也要防止左倾冒险主义。$XDST诺泰(SH688076)$,3,3,0,13962,SH688076,ST诺泰,HarmonyOS,https://xueqiu.com/7658458407/394609977,0,0,2026-07-08 16:22:38
394618160,4098068704,分拆增发减持,2026-06-13 17:08:59,,$XDST诺泰(SH688076)$这玩意不是供老美灰色市场以及国内仿制的嘛诺和杰上市关你毛事啊那啥音都在吹你有毛饼,0,2,0,14821,SH688076,ST诺泰,Android,https://xueqiu.com/4098068704/394618160,0,0,2026-07-08 16:22:38
394636581,5390465748,识胆备,2026-06-14 04:07:12,,接下来逐步布局百普赛斯、st诺泰。百普赛斯理由如下:1、医药行业连跌多年。2、已递交港股上市申请压制股价，根据上市节凑预计年底上市。3、平台化建设完成初设后续两个大项目能大幅贡献利润。4、国际国内竞争力。st诺泰理由:1、医药行业连跌多年。2、st后大幅下跌且退市概率很低。3、公司较强的竞争力以及实打实的业绩。4、主要产品逐步放量,6,4,0,35080,SH688076,ST诺泰,Android,https://xueqiu.com/5390465748/394636581,0,1,2026-07-08 16:22:38
394789243,5708763609,维洽,2026-06-15 06:57:54,,$ST诺泰(SH688076)$ 骗我的次数也太多了,3,3,0,11823,SH688076,ST诺泰,iPhone,https://xueqiu.com/5708763609/394789243,0,0,2026-07-08 16:22:36
394816185,8355636363,绿风0491,2026-06-15 09:07:03,,20260615我买的ST股票梳理1、ST诺泰去年果仁搓的ST策略推了ST诺泰，当时看了一下，这个ST诺泰的带帽理由是前期的年报财务指标存在虚假记载，去年12月份，正式处罚落地。评论说ST诺泰属于加大ST股，被ST的原因在于历史财务造假问题，而非持续经营能力出现危机。摘帽是迟早的事。从去年7月开始建仓，中间历经几次操作，变动不是太大，今年股价便逐步下落，一直到现在，浮亏30%。我相信他摘帽是迟早的事情，但这么大的变动幅度是没有想到的事情。我理解ST股票的买入逻辑在于ST把情绪打到低点，带动股价到它的合理价值以下，摘帽行情催生他的价值回归。我当时就是以这个逻辑考虑买入建仓的，但是现在看起来考虑是欠妥的，首先是价格波动，抄底应该在底部才好，但建仓时点是个小高点，时机不合适。其次是估值不足，这个估值需要考虑行业、ST影响综合考虑，之前没有考虑这么多。第三，ST策略是要考虑市场强弱，快速切换，我的习惯操作是看着好的死拿着，这个是不对的。虽然如此，但是目前是不是要卖呢，还是要考虑一下：雪球上显示的ST诺泰目前静态市盈率26.21，动态市盈率16.83，2025年ROE11.47%，2021年至今收入均增长，其中2023、2024两个年度分别增加50%以上，2025年报2025年收入增加19.57%。利润方面，2021年至今2025年增长均为20%以上的高速增长，其中2024年增长148.19%，2025年利润减少17.8%。证监会的处罚意见表示2021年营业收入虚增3000万元，虚增利润2500多万元，对公司的罚款是4740万元，这些影响都已经在财务报告中体现。2025年度利润3.32亿，2024年度利润4.04亿，差额7200多万元，罚款 虚增利润是7240万元，数据基本差不多。2025年报披露其聚焦多肽药物及小分子化药，自主选择产品聚焦糖尿病、心血管疾病、肿瘤等主要疾病治疗领域，有19个原料药品种的国内上市申请批准通知书，16 个制剂品种的国内药品注册证书；40 个原料药或中间体品种获得美国FDA DMF/VMF 编号，司美格鲁肽、利拉鲁肽、磷酸奥司他韦等 8 个品种已通过与制剂的关联技术审评。在定制类产品及技术服务方面，公司的 CDMO 业务主要为全球创新药企提供创新药高级医药中间体及原料药的定制研发 定制生产服务，服务于创新药从临床 I、II、III 期到药品成功获批上市后的各个阶段，通过解决创新药研发过程中的技术瓶颈、生产工艺路径优化及放大生产等难题。目前自主选择产品收入13.68亿，占比70.39%，毛利率67.70%，定制类产品及技术服务收入5.73亿，占比29.47%，毛利率50.63%。这个数据上看比大部分的制造业还是要强好多倍。我看了下2024年的数据，自主选择产品毛利率72.85%，定制类和技术服务毛利率56.21%，都比2025年要高。我理解这些涉及医保资金的压力，销售价格的下降是行业中的共性问题，虽然增收，但是不增利。ST的影响肯定会对经营有影响的，消除掉处罚的影响后，最好的估计是2026年和2024年差不多，2024年的每股收益1.34元，按照这个价格计算目价格市盈率约21倍，对应百分位约20%，目前的市净率2.8倍，对应百分位约8%，不算高，也不能算非常低。（2）ST人福ST人福是另一个假ST股，原因是原控股股东武汉当代科技产业集团股份有限公司（简称&#34;当代集团&#34;）在控制公司期间的多项信息披露违法违规行为，属于&#34;规范类ST&#34;（信息披露违规），而非财务退市类风险警示。对应的是2020-2022年，存在虚增利润、隐瞒关联交易登问题。对应🚀企业有所公告，给上市公司850万的罚款。这个事已经过去，大股东已经换为招商，对现在的经营实际影响不大。公司对2025年度计提了资产减值4.92亿元的情况向下，净利润竟然还增加了39.53%，这个业绩真的是逆天了。2025年的ROE10.16%，净利润18.55亿，2026年一季报5.88亿净利润，通同比增加8.85%，目前静态市盈率15.15%，动态市盈率11.95%，市净率1.45.不算高。人福医药的主要产品是麻醉剂等，药品的毛利率54.11%，也真不算低。不过2025年的的营业收入239.62亿元，同比减少5.79%，年报说主要系医药行业支付端结构性改革影响以及公司落实“归核聚焦”工作，持续优化业务结构所致。一方面说明集采的影响，另一方面利润也确实在增长。年报中列出来的主要产品的毛利率情况，其中中枢神经类药的营收增长1.65%，毛利率86.32%，比上年度提高0.34%，甾体激素及两性健康营收增长13.33%，毛利率51.71%，比上年提高1.83%。维吾尔药营收增长2.53%，毛利率77.07%，比上年度减少1.85%。三个产品营收总计114.44亿元，占总营业收入的47.76%。从数据上我觉得还是真的不错的，这个是值得继续持有的。3、ST新潮ST新潮带来的收益已经超过100%了，遗憾的是买的太少。这只股票要约收购的时候参与了一下，以3.2元的成本买入结合市场表现情况上下做了下波动，今年上半年因为中东战事的问题，股价飙升，做了几个波段，目前已经全卖光了。目前市净率1.59，静态市盈率29.29，已经在石油股中比较高了，随着战争的结束和油价的下落，下落是必然的，如果还能到4元以下的价格，准备再接回一些。新潮被伊泰收购后，经营明显走向正轨，作为一个B股，回A股的想象空间是有的，真正落实需要等几年。,1,3,1,32277,SH688076,ST诺泰,雪球,https://xueqiu.com/8355636363/394816185,0,1,2026-07-08 16:22:36
394816817,8355636363,绿风0491,2026-06-15 09:10:09,我买的ST股票梳理,#雪球星计划#1、ST诺泰去年果仁搓的ST策略推了ST诺泰，当时看了一下，这个ST诺泰的带帽理由是前期的年报财务指标存在虚假记载，去年12月份，正式处罚落地。评论说ST诺泰属于加大ST股，被ST的原因在于历史财务造假问题，而非持续经营能力出现危机。摘帽是迟早的事。从去年7月开始建仓，中间历经几次操作，变动不是太大，今年股价便逐步下落，一直到现在，浮亏30%。我相信他摘帽是迟早的事情，但这么大的变动幅度是没有想到的事情。我理解ST股票的买入逻辑在于ST把情绪打到低点，带动股价到它的合理价值以下，摘帽行情催生他的价值回归。我当时就是以这个逻辑考虑买入建仓的，但是现在看起来考虑是欠妥的，首先是价格波动，抄底应该在底部才好，但建仓时点是个小高点，时机不合适。其次是估值不足，这个估值需要考虑行业、ST影响综合考虑，之前没有考虑这么多。第三，ST策略是要考虑市场强弱，快速切换，我的习惯操作是看着好的死拿着，这个是不对的。虽然如此，但是目前是不是要卖呢，还是要考虑一下：雪球上显示的ST诺泰目前静态市盈率26.21，动态市盈率16.83，2025年ROE11.47%，2021年至今收入均增长，其中2023、2024两个年度分别增加50%以上，2025年报2025年收入增加19.57%。利润方面，2021年至今2025年增长均为20%以上的高速增长，其中2024年增长148.19%，2025年利润减少17.8%。证监会的处罚意见表示2021年营业收入虚增3000万元，虚增利润2500多万元，对公司的罚款是4740万元，这些影响都已经在财务报告中体现。2025年度利润3.32亿，2024年度利润4.04亿，差额7200多万元，罚款 虚增利润是7240万元，数据基本差不多。2025年报披露其聚焦多肽药物及小分子化药，自主选择产品聚焦糖尿病、心血管疾病、肿瘤等主要疾病治疗领域，有19个原料药品种的国内上市申请批准通知书，16 个制剂品种的国内药品注册证书；40 个原料药或中间体品种获得美国FDA DMF/VMF 编号，司美格鲁肽、利拉鲁肽、磷酸奥司他韦等 8 个品种已通过与制剂的关联技术审评。在定制类产品及技术服务方面，公司的 CDMO 业务主要为全球创新药企提供创新药高级医药中间体及原料药的定制研发 定制生产服务，服务于创新药从临床 I、II、III 期到药品成功获批上市后的各个阶段，通过解决创新药研发过程中的技术瓶颈、生产工艺路径优化及放大生产等难题。目前自主选择产品收入13.68亿，占比70.39%，毛利率67.70%，定制类产品及技术服务收入5.73亿，占比29.47%，毛利率50.63%。这个数据上看比大部分的制造业还是要强好多倍。我看了下2024年的数据，自主选择产品毛利率72.85%，定制类和技术服务毛利率56.21%，都比2025年要高。我理解这些涉及医保资金的压力，销售价格的下降是行业中的共性问题，虽然增收，但是不增利。ST的影响肯定会对经营有影响的，消除掉处罚的影响后，最好的估计是2026年和2024年差不多，2024年的每股收益1.34元，按照这个价格计算目价格市盈率约21倍，对应百分位约20%，目前的市净率2.8倍，对应百分位约8%，不算高，也不能算非常低。（2）ST人福ST人福是另一个假ST股，原因是原控股股东武汉当代科技产业集团股份有限公司（简称&#34;当代集团&#34;）在控制公司期间的多项信息披露违法违规行为，属于&#34;规范类ST&#34;（信息披露违规），而非财务退市类风险警示。对应的是2020-2022年，存在虚增利润、隐瞒关联交易登问题。对应*企业有所公告，给上市公司850万的罚款。这个事已经过去，大股东已经换为招商，对现在的经营实际影响不大。公司对2025年度计提了资产减值4.92亿元的情况向下，净利润竟然还增加了39.53%，这个业绩真的是逆天了。2025年的ROE10.16%，净利润18.55亿，2026年一季报5.88亿净利润，通同比增加8.85%，目前静态市盈率15.15%，动态市盈率11.95%，市净率1.45.不算高。人福医药的主要产品是麻醉剂等，药品的毛利率54.11%，也真不算低。不过2025年的的营业收入239.62亿元，同比减少5.79%，年报说主要系医药行业支付端结构性改革影响以及公司落实“归核聚焦”工作，持续优化业务结构所致。一方面说明集采的影响，另一方面利润也确实在增长。年报中列出来的主要产品的毛利率情况，其中中枢神经类药的营收增长1.65%，毛利率86.32%，比上年度提高0.34%，甾体激素及两性健康营收增长13.33%，毛利率51.71%，比上年提高1.83%。维吾尔药营收增长2.53%，毛利率77.07%，比上年度减少1.85%。三个产品营收总计114.44亿元，占总营业收入的47.76%。从数据上我觉得还是真的不错的，这个是值得继续持有的。3、ST新潮ST新潮带来的收益已经超过100%了，遗憾的是买的太少。这只股票要约收购的时候参与了一下，以3.2元的成本买入结合市场表现情况上下做了下波动，今年上半年因为中东战事的问题，股价飙升，做了几个波段，目前已经全卖光了。目前市净率1.59，静态市盈率29.29，已经在石油股中比较高了，随着战争的结束和油价的下落，下落是必然的，如果还能到4元以下的价格，准备再接回一些。新潮被伊泰收购后，经营明显走向正轨，作为一个B股，回A股的想象空间是有的，真正落实需要等几年。$*ST新潮(SH600777)$ $ST人福(SH600079)$ $*ST新潮(SH600777)$,5,9,0,62273,SH688076,ST诺泰,雪球,https://xueqiu.com/8355636363/394816817,0,3,2026-07-08 16:22:36
394857933,4405735642,朗月兄聊交易,2026-06-15 13:45:08,真正的大牛股，不是诞生于技术突破，而是诞生于量产,这些年我越来越清晰地观察到一个现象：绝大多数投资者都在追逐“技术突破”，而真正赚到大钱的人，却在等待“量产突破”。两者看似只有一词之差，本质却天差地别。技术突破解决的是：“能不能做出来”。量产突破解决的是：“能不能赚到钱”。资本市场最终奖励的，从来不是最先进的技术，而是最先形成现金流的企业。这也是为什么很多实验室里的伟大发明，最终没有诞生伟大的上市公司；而一些看似不起眼的制造企业，却能走出数倍甚至数十倍的行情。因为科技走向商业，中间隔着一道巨大的鸿沟：研发成功 ≠ 商业成功。而跨越这道鸿沟的关键节点，正是量产。______ 一、 告别概念，回归现实很多人喜欢研究概念：AI、机器人、脑机接口、核聚变、创新药、小核酸、生物制造……这些方向固然重要。但对于投资而言，更重要的问题是：什么时候开始量产？什么时候开始接订单？什么时候开始形成收入？什么时候开始兑现利润？因为股价上涨的逻辑，有着完整的生命周期。第一阶段：讲故事（交易梦想）市场交易的是未来。没有利润，没有现金流，甚至没有产品，有的只是预期。这个阶段涨得最快，但也最危险，因为所有上涨都建立在沙滩之上。第二阶段：量产（跨越鸿沟）企业开始从实验室走向工厂，从样品走向商品。这是产业化最关键的一步。很多企业熬过了研发，却倒在了量产——因为量产考验的不再只是技术，而是工艺、成本、良率、供应链、客户验证和管理能力的综合体现。第三阶段：放量（兑现价值）订单持续增长，产能持续释放，利润持续兑现。市场开始从“听故事”转向“看报表”。______ 二、 大牛股的诞生时刻真正的大牛股，往往诞生于第三阶段。因为这里会出现资本市场最喜欢的“业绩爆发”。当收入增长、利润增长、估值提升同时发生时，戴维斯双击便出现了。回顾A股历史，无论是新能源、光伏、锂电池、半导体，还是创新药，其实都遵循同一个规律：概念出现时，市场半信半疑；量产落地时，机构开始进场；业绩爆发时，主升浪正式启动。很多人以为牛股起飞是因为利好消息，实际上，消息只是导火索。真正推动股价持续上涨的，是利润表；而利润表背后的核心，是量产。______ 三、 未来的投资锚点所以，投资中有一个非常重要的观察指标：不要只关注行业有没有政策支持，更要关注行业有没有开始量产；不要只关注技术有没有突破，更要关注产业有没有进入商业化；不要只关注企业有没有故事，更要关注企业有没有订单。资本市场终将完成一次残酷的筛选：淘汰所有无法商业化的梦想，奖励所有能够创造现金流的企业。从这个角度看未来几年的A股，我越来越坚定一个判断：真正值得重视的方向，不只是科技创新本身，而是科技创新进入产业化的过程。谁掌握量产能力，谁掌握规模制造能力，谁掌握产业链核心环节，谁就更有机会穿越周期。尤其是在生物制造时代来临的背景下，这种逻辑将会变得更加明显。未来无论是创新药、多肽药物、小核酸药物，还是AI药物设计，最终都绕不开一个终极问题：1、谁来生产？2、谁来放大？2、谁来量产？答案往往不在聚光灯最耀眼的地方，而在产业链最底层、最基础、最枯燥、却最难替代的地方。那里没有最动人的故事，却可能诞生最大的牛股。因为市场最终会发现：研发决定高度，量产决定价值。而利润，才是资本市场永恒的语言。,1,21,0,24145,SH688076,ST诺泰,iPhone,https://xueqiu.com/4405735642/394857933,0,4,2026-07-08 16:22:36
394922810,5582810816,leoleo99,2026-06-16 02:00:47,,$ST诺泰(SH688076)$ 补充申请加mk-0616专利申请,5,8,0,10065,SH688076,ST诺泰,Android,https://xueqiu.com/5582810816/394922810,0,0,2026-07-08 16:22:36
394965143,2638561493,踏实的涨幅小天文台,2026-06-16 04:01:34,,$ST诺泰(SH688076)$ 天天寻底，同行里最垃圾，没有之一！,1,4,0,7981,SH688076,ST诺泰,Android,https://xueqiu.com/2638561493/394965143,0,0,2026-07-08 16:22:36
395021566,1066996468,拽哥投资,2026-06-16 07:38:27,,$ST诺泰(SH688076)$ 6月底能站上30块就算你厉害,0,1,0,7950,SH688076,ST诺泰,雪球,https://xueqiu.com/1066996468/395021566,0,0,2026-07-08 16:22:36
395034965,8110286342,景行千里,2026-06-16 08:41:21,,$ST诺泰(SH688076)$ 身边有朋友买减重注射剂使用，听说效果不错。朋友不爱运动，这类减重方式挺受欢迎，注射后食欲减少，食物摄入量减少从而达到减重效果。因为本人曾经也有过节食减重经历，半年减了十斤左右，没有辅助的情况下，坚持的确需要很强的毅力，现在养成习惯了，不再刻意节食，体重也没有明显都反弹，所以通过借助药物减重这种方式本人也是比较认可。正因如此，关注了这俩于减重相关的股票：1. 华东医药：做终端减重成品注射剂，直接面向减肥市场，但竞争内卷严重；利拉鲁肽营收体量小，无法对冲集采、医美业务下滑，GLP-1仅为小增量，短期难以改变公司基本面。2. 诺泰生物：做全球减肥药上游原料药，不直接参与终端价格战；全球无论哪家药企生产减重针，都需要采购多肽原料，不受国内药品集采降价冲击，行业景气度持续性更强，业绩弹性更大。今天继续加仓了诺泰，华东医药仓位没动，因为华东医药的股息率目前较好，这个位置拿着也亏不了多少钱，但看好后续的医美崛起(最近伊妍仕M型少女针上市）。毕竟女人爱美丽，市场还是很可观的，并且很容易形成跟风。,0,6,0,20488,SH688076,ST诺泰,Android,https://xueqiu.com/8110286342/395034965,0,0,2026-07-08 16:22:36
395059238,1968252884,策略策略,2026-06-16 11:07:19,,$ST诺泰(SH688076)$ 为什么我一直号召大家 就是极力避免这样子。诺泰生物,3,3,0,11277,SH688076,ST诺泰,Android,https://xueqiu.com/1968252884/395059238,0,0,2026-07-08 16:22:36
395096643,5281258486,望江望海不忘水,2026-06-16 15:00:59,,$ST诺泰(SH688076)$ 如图所示,1,1,0,8016,SH688076,ST诺泰,Android,https://xueqiu.com/5281258486/395096643,0,0,2026-07-08 16:22:36
395099667,1968252884,策略策略,2026-06-16 15:26:13,,$ST诺泰(SH688076)$ 非常稳。 跌不动的。明天。诺泰生物。,0,1,0,11507,SH688076,ST诺泰,Android,https://xueqiu.com/1968252884/395099667,0,0,2026-07-08 16:22:36
395150339,6998822874,冯斯特洛夫斯基,2026-06-17 01:59:26,,$ST诺泰(SH688076)$ 大盘每天三万亿左右的成交额，你却成交这么清淡！要么向下突破，要么向上拉升，在此处横盘没有任何意义,5,1,0,7520,SH688076,ST诺泰,Android,https://xueqiu.com/6998822874/395150339,0,0,2026-07-08 16:22:36
395162436,4693092727,投资小克勒,2026-06-17 02:24:23,,$ST诺泰(SH688076)$ 走势实在太恶心了，有人割肉跑路是可以理解的,0,2,0,8505,SH688076,ST诺泰,Android,https://xueqiu.com/4693092727/395162436,0,0,2026-07-08 16:22:36
395162544,7069783343,垃圾堆里淘金豆豆,2026-06-17 02:24:40,,$ST诺泰(SH688076)$ 跌了快1年了，补不动了,1,1,0,10043,SH688076,ST诺泰,Android,https://xueqiu.com/7069783343/395162544,0,0,2026-07-08 16:22:36
395163684,1968252884,策略策略,2026-06-17 02:26:59,,$ST诺泰(SH688076)$ 砸了半天 诺泰生物 成交额就一千万？？？？不够丢人的。还不够我买的。摘帽大概率11或者12月申请。欢迎各路资金共举义旗，共戮大户。,14,4,0,20256,SH688076,ST诺泰,Android,https://xueqiu.com/1968252884/395163684,0,0,2026-07-08 16:22:36
395194826,8110286342,景行千里,2026-06-17 03:48:07,,$ST诺泰(SH688076)$ 今天继续加仓了诺泰，顺便把小仓位的捷佳清了，T出来的资金21元附近重新买入彩-讯，3.9元附近重新买入步高。这些都是本人长期玩的股，最近涨过一波后急跌超跌的股。尤其彩-讯，一度跌到20元区间。这波不要求太多，只要有10%空间就止盈。就好像捷佳，跌破70重新买入，小赚一笔离场。医药股现在板块低谷，这走势有点像2024-2025年的阳光，跌了一年，结果一个月就从50+涨到最高200，现在股价接近3倍左右没有下来。,3,4,0,18475,SH688076,ST诺泰,Android,https://xueqiu.com/8110286342/395194826,0,0,2026-07-08 16:22:36
395206013,8922483425,不只点评垃圾股,2026-06-17 04:53:17,,$ST诺泰(SH688076)$ 熊市腰斩起步，感觉这才刚起步啊。,0,4,0,12867,SH688076,ST诺泰,Android,https://xueqiu.com/8922483425/395206013,0,0,2026-07-08 16:22:36
395241742,4538026840,明了的翻倍小程序员,2026-06-17 06:48:45,,$ST诺泰(SH688076)$ 不是说跌不动了吗，这不挺能跌的,0,2,0,10139,SH688076,ST诺泰,雪球,https://xueqiu.com/4538026840/395241742,0,0,2026-07-08 16:22:36
395252069,3207990013,棋羽双杰,2026-06-17 07:16:40,,$ST诺泰(SH688076)$ 低位不见得就是安全。认知是要迭代的。,0,3,0,9905,SH688076,ST诺泰,雪球,https://xueqiu.com/3207990013/395252069,0,0,2026-07-08 16:22:36
395267528,6998822874,冯斯特洛夫斯基,2026-06-17 08:18:22,,$ST诺泰(SH688076)$ 全天成交额4400多万，市值蒸发了两个多亿，管理层看不到吗？最起码表个态呀，我这个小散都支持了10手,1,3,0,9943,SH688076,ST诺泰,Android,https://xueqiu.com/6998822874/395267528,0,0,2026-07-08 16:22:36
395292612,8110286342,景行千里,2026-06-17 10:18:43,,$ST诺泰(SH688076)$ 这阵子看看易事-特与海-辰-药业就明白，低位坚守与不断补仓是多么的重要，一次20cm就可以回本盈利。如果低位做T降本，每次哪怕T一个点，T一个月只要T飞一次就白干了。等汇洲摘帽后(11.18）再分一部分资金出来守诺泰摘帽。希望到时还能有30左右的筹码。,2,5,0,13875,SH688076,ST诺泰,Android,https://xueqiu.com/8110286342/395292612,0,0,2026-07-08 16:22:34
395382004,7588632663,攀爬路,2026-06-18 01:31:56,,$ST诺泰(SH688076)$ 已经到了完全狗不理了,1,2,0,9541,SH688076,ST诺泰,Android,https://xueqiu.com/7588632663/395382004,0,0,2026-07-08 16:22:34
395395164,7069783343,垃圾堆里淘金豆豆,2026-06-18 01:55:41,,$ST诺泰(SH688076)$ 每日开盘就计提2个点,1,3,0,10061,SH688076,ST诺泰,Android,https://xueqiu.com/7069783343/395395164,0,0,2026-07-08 16:22:34
395412206,8110286342,景行千里,2026-06-18 02:28:02,,$ST诺泰(SH688076)$ 华东跌得多，涨起来也快。这几天没加仓华东，都加到诺泰了。今天还有一点点仓位一犹豫加到步高了，,0,1,0,13515,SH688076,ST诺泰,Android,https://xueqiu.com/8110286342/395412206,0,0,2026-07-08 16:22:34
395429697,1355677641,zhway,2026-06-18 03:02:31,,$ST诺泰(SH688076)$ 这个股，大家分析分析到底是不是有雷没爆出来啊？！,1,2,0,12169,SH688076,ST诺泰,Android,https://xueqiu.com/1355677641/395429697,0,0,2026-07-08 16:22:34
395439106,7658458407,木愚而来,2026-06-18 03:22:21,,$ST诺泰(SH688076)$ 我$ST诺泰(SH688076)$ 的仓位远大于黑芝麻，可我一点都不怎么担心，反尔小仓位的$黑芝麻智能(02533)$ 让我操碎了心。黑芝麻有毒！我真不想玩了，我一键清仓不行吗,3,3,0,16903,SH688076,ST诺泰,雪球,https://xueqiu.com/7658458407/395439106,0,0,2026-07-08 16:22:34
395446620,7658458407,木愚而来,2026-06-18 03:40:39,,$黑芝麻智能(02533)$ 好久没有勇气打开交易软件了，刚才上去看了下，发现亏钱的速度明显变慢了，因为分母一直在变小$ST诺泰(SH688076)$,1,8,0,14746,SH688076,ST诺泰,雪球,https://xueqiu.com/7658458407/395446620,0,0,2026-07-08 16:22:34
395462152,9274729217,萤火之约,2026-06-18 04:46:37,,$ST诺泰(SH688076)$智链全球，合作共赢|诺泰生物CPHI China 2026网页链接,8,6,0,17082,SH688076,ST诺泰,iPhone,https://xueqiu.com/9274729217/395462152,0,0,2026-07-08 16:22:34
395521579,2994748381,证券市场周刊,2026-06-18 07:37:13,智链全球，合作共赢|诺泰生物CPHI China 2026,6月16日-18日，第二十四届世界制药原料中国展（CPHI China 2026）在上海举行。诺泰生物董事长童梓权，高级副总裁李小华和施国强博士携部分高管和BD团队共赴盛会，与全球伙伴展开交流，推动多项合作意向加速落地。公司围绕多肽、寡核苷酸、小分子三大核心领域，凭借学科交叉团队、核心技术平台、规模化和智能化生产能力、全球合规体系和全链条服务等优势，精准匹配国内外药企研发与生产落地需求。未来，诺泰生物将持续巩固产业优势，不断变革，与全球客户合作共赢，为全球医药创新发展和守护人类健康持续赋能。声明：本文旨在向公众传达诺泰生物的最新动态、业务进展、科研成果等公司新闻资讯，不构成应履行的正式信息披露义务。公司的信息披露将严格按照法律法规要求，通过指定的信息披露平台及媒体进行发布。免责声明：本文仅供参考，不构成投资建议。,2,4,0,25334,SH688076,ST诺泰,雪球,https://xueqiu.com/2994748381/395521579,0,1,2026-07-08 16:22:34
395542615,9274729217,萤火之约,2026-06-18 09:04:36,,$ST诺泰(SH688076)$ 转建德市官号发布的 逆势增长30%！建德这家药企，凭什么能与世界巨头长期合作？ 网页链接,6,6,0,16821,SH688076,ST诺泰,iPhone,https://xueqiu.com/9274729217/395542615,0,0,2026-07-08 16:22:34
395641345,1968252884,策略策略,2026-06-19 03:42:49,,$ST诺泰(SH688076)$ 一些医药股 比如 东阿阿胶 都在加速赶底啊。性价比极高。 诺泰生物弹性我认为未来最大。存储 被美股带的 机构都傻眼了。估计会持续到7月。现在进去真是火中取栗啊。,3,4,0,19796,SH688076,ST诺泰,Android,https://xueqiu.com/1968252884/395641345,0,0,2026-07-08 16:22:34
395857383,1968252884,策略策略,2026-06-22 02:06:47,,$ST诺泰(SH688076)$ 诺泰生物，亲爱的散户们，有啥问题，尽管问。,27,2,0,18032,SH688076,ST诺泰,Android,https://xueqiu.com/1968252884/395857383,0,0,2026-07-08 16:22:34
395880342,3207990013,棋羽双杰,2026-06-22 02:54:09,,$ST诺泰(SH688076)$ 1、上涨2个点：科技要崩盘了，NT价值要重估啦。2、套20-30个点：这是价值投资，买ST就要有下跌20-30个点的预期，大平层就在未来。3、深套：我要陪企业慢慢成长，继续加仓。4、道心破碎：没钱加了...哈哈，分红了，继续买入。 卧龙和凤雏（扑街选手和93年大SZ）！！！,6,3,0,17000,SH688076,ST诺泰,雪球,https://xueqiu.com/3207990013/395880342,0,0,2026-07-08 16:22:34
395887688,4538026840,明了的翻倍小程序员,2026-06-22 03:11:50,,$ST诺泰(SH688076)$ 最低点交出了筹码，好菜啊,1,0,0,11098,SH688076,ST诺泰,雪球,https://xueqiu.com/4538026840/395887688,0,0,2026-07-08 16:22:34
395898941,7588632663,攀爬路,2026-06-22 03:46:08,,$ST诺泰(SH688076)$最大的逻辑就是减肥药还用不用， 虽然中国人少了，但诺泰做出口生意啊！诺泰到底做低端还是高端。除非另出一种减肥药，多肽价值清零。上海的多肽一直在放量，价值也在放量！,7,1,0,13262,SH688076,ST诺泰,HarmonyOS,https://xueqiu.com/7588632663/395898941,0,0,2026-07-08 16:22:34
395902759,1535211651,咘咘卡,2026-06-22 04:03:36,,$ST诺泰(SH688076)$ 我是未成年，请问如何申请未成年人退款？,2,6,0,10666,SH688076,ST诺泰,iPhone,https://xueqiu.com/1535211651/395902759,0,0,2026-07-08 16:22:34
395943375,4693092727,投资小克勒,2026-06-22 06:49:13,,$ST诺泰(SH688076)$ 今天感觉有不少人实在顶不住割肉了,20,2,0,14239,SH688076,ST诺泰,Android,https://xueqiu.com/4693092727/395943375,0,0,2026-07-08 16:22:34
395948292,3320764902,标错赔率的马,2026-06-22 07:05:35,,$ST诺泰(SH688076)$ 准备拿到营收100个的，没几个人了吧！,5,3,0,11088,SH688076,ST诺泰,Android,https://xueqiu.com/3320764902/395948292,0,0,2026-07-08 16:22:34
395968612,1836681218,琴山涧5686,2026-06-22 08:26:55,,最近医药指数阴跌，st板块阴跌，而你二者都是，所以多跌了一段，今日再创2025年8月1日回调以来11个月新低也属正常！按前复权，回调幅度（50.51-26.20）/50.51×100％=48.13％。今天把分红资金打出去，以26.26的价格买进是最后的倔强！$ST诺泰(SH688076)$,3,13,0,24817,SH688076,ST诺泰,Android,https://xueqiu.com/1836681218/395968612,0,0,2026-07-08 16:22:34
396037515,1836681218,琴山涧5686,2026-06-22 15:28:16,1-5月各省多肽出口,1、上海市1月份出口意大利244kg，金额7382万元，均价30万元；出口加拿大3kg，金额837万元，均价279万元。2月份出口法国和意大利都是132kg，金额都是4000来万元，均价30万元；出口巴西5kg，金额318万元，均价63.66万元；出口加拿大3kg，金额995万元，均价331万元。3月份出口意大利566kg，金额1.7亿元，均价30万元；出口巴西10kg，金额628万元，均价62.89万元。4月份出口意大利550kg，金额1.6亿元，均价29.92万元；出口俄罗斯1kg，金额233.84万元，均价233.84万元；出口巴西10kg，金额624万元，均价62.43万元；出口美国648kg，金额2亿元，均价30.94万元。5月份出口德国870kg，金额2.58亿元，均价29.72万元；出口意大利783kg，金额2.34亿元，均价29.87万元；出口美国478kg，金额1.27亿元，均价26.67万元。2、江苏省1月份出口印度2kg，金额391万元，均价195.59万元；出口阿联酋3kg，金额486万元，均价162.16万元；出口西班牙4kg，金额91万元，均价22.86万元；出口巴西5kg，金额860万元，均价172.06万元；出口巴拉圭155kg，金额8320万元，均价53.68万元；出口美国68kg，金额7028万元，均价103.34万元。2月份出口印度7kg，金额1226万元，均价175元；出口阿联酋8kg，金额480万元，均价60万元；出口西班牙10kg，金额1070万元，均价107万元；出口巴西9kg，金额566万元，均价62.91万元；出口巴拉圭56kg，金额3814万元，均价68.11万元；出口加拿大3kg，金额425万元，均价141.90万元；出口美国79kg，金额6579万元，均价83.28万元。3月份出口印度18kg，金额2572万元，均价142.88万元；出口西班牙11kg，金额1201万元，均价109.95万元；出口阿根廷8kg，金额438万元，均价54.74万元；出口巴西14kg，金额2236万元，均价159.72万元；出口巴拉圭170kg，金额7953万元，均价46.78万元；出口美国72kg，金额3339万元，均价46.38万元。4月份出口印度55kg，金额3116万元，均价56.65万元；出口阿联酋3kg，金额567万元，均价189万元；出口意大利2kg，金额409万元，均价204.53万元；出口西班牙9kg，金额1001万元，均价111.29万元；出口阿根廷12kg，金额653万元，均价54万元；出口巴西5kg，金额772万元，均价154.44万元；出口巴拉圭75kg，金额2979万元，均价39.73万元；出口加拿大1kg，金额132.94万元，均价132.94万元；出口美国17kg，金额1169万元，均价68.76万元。5月份出口印度11kg，金额1404万元，均价127.67万元；出口阿联酋2kg，金额400万元，均价200万元；出口巴拉圭36kg，金额1494万元，均价41.51万元；出口加拿大13kg，金额1150万元，均价88.51万元；出口美国58kg，金额2530万元，均价43.62万元。3、浙江省1月份出口印度21kg，金额518万元，均价24.70万元；出口德国4kg，金额778万元，均价194.59万元；出口意大利14kg，金额3153万元，均价225万元；出口俄罗斯33kg，金额5833万元，均价176.76万元；出口美国16kg，金额768万元，均价48万元。2月份出口印度56kg，金额2450万元，均价73.76万元；出口阿联酋2kg，金额211万元，均价105.84万元；出口德国24kg，金额4907万元，均价204.46万元；出口俄罗斯23kg，金额2971万元，均价129.18万元；出口巴拉圭10kg，金额989万元，均价98.94万元。3月份出口印度34kg，金额585万元，均价17.22万元；出口俄罗斯24kg，金额4716万元，均价196.49万元；出口巴西7kg，金额401万元，均价57.42万元。4月份出口丹麦3kg，金额100万元，均价33.65万元；出口德国4kg，金额760万元，均价190万元。5月份出口俄罗斯224kg，金额4828万元，均价21.55万元；出口巴西10kg，金额329万元，均价32.91万元。4、北京市1月出口阿联酋2kg，金额322万元，均价161万元。5、湖北省和广东省湖北和广东，对应$翰宇药业(SZ300199)$ 出口6、四川省对应$圣诺生物(SH688117)$ 出口$ST诺泰(SH688076)$,6,30,0,83974,SH688076,ST诺泰,雪球,https://xueqiu.com/1836681218/396037515,0,4,2026-07-08 16:22:34
396069179,9209032494,冷陈陈,2026-06-23 01:17:54,,$ST诺泰(SH688076)$ 集合竞价这是在干嘛？看不懂！,1,1,0,12318,SH688076,ST诺泰,Android,https://xueqiu.com/9209032494/396069179,0,0,2026-07-08 16:22:32
396118121,2507311432,明理的盈利小奇迹,2026-06-23 03:10:39,,$ST诺泰(SH688076)$ 今天应该会涨停。然后反转了,1,1,0,12064,SH688076,ST诺泰,Android,https://xueqiu.com/2507311432/396118121,0,0,2026-07-08 16:22:32
396130622,3767605145,何割韭菜而不食肉糜,2026-06-23 03:49:31,,$ST诺泰(SH688076)$ 回本的我已经跑路了太煎熬了，不断加仓，几千股加到几万股,4,2,0,13051,SH688076,ST诺泰,Android,https://xueqiu.com/3767605145/396130622,0,0,2026-07-08 16:22:32
396131612,1932779066,江湖不挨刀,2026-06-23 03:54:02,GLP-1--出海（2）：诺泰生物研究记录,诺泰生物现在股票简称是ST诺泰。2021年12月，公司向浙江华贝药业转让技术，确认了3000万元收入，但浙江华贝支付这笔钱的资金来源是诺泰同期对浙江华贝的增资款，整个交易形成资金闭环。证监会认定技术转让不具有商业实质，虚增了2021年营业收入3000万元、利润总额2595万元，占当期披露利润总额的20.64%。这份失真的财报随后被带进2023年12月的4.34亿元可转债募集说明书，构成欺诈发行。2025年12月17日处罚决定书落地，公司主体罚款4740万元，实控人赵德中等6名时任高管合计罚款2880万元，五年内不得提交任何发行上市申请。处罚决定书落地满12个月、完成财务追溯重述后可申请摘ST，最早大概是2026年12月。诺泰的业务分两条线，自主选择产品和定制类产品（CDMO）。自主选择产品是公司围绕糖尿病、心血管、肿瘤方向自主立项的仿制药，以多肽原料药为主；定制类是为Incyte、Gilead、勃林格殷格翰等跨国药企提供的合同研发生产服务。两条腿并行的结构，收入不依赖单一客户或单一合同，这是诺泰区别于翰宇最明显的一个地方。营收从2022年的6.49亿元增到2023年的10.34亿元、2024年的16.25亿元、2025年的19.43亿元，四年年均复合增速约31%。归母净利润2022年1.28亿元、2023年1.63亿元、2024年4.04亿元，2025年因Q4集中计提降至3.32亿元。2025年Q4单季亏损1.12亿元，原因是三件事同时落在这一个季度：证监会罚款4740万元直接进营业外支出、全年资产减值损失8433万元（主要是存货跌价准备新增6987万元）、收入追溯调整。这三项都是非现金或一次性项目，2025年全年经营现金流仍然达到7.41亿元，Q4单季经营现金流2.97亿元，是全年最强的一个季度。利润和现金流方向相反，是正常的非现金会计计提结果。季度利润分布比翰宇稳定很多。2025年Q1归母净利润1.53亿元、Q2净利润1.57亿元、Q3净利润1.34亿元，前三季度合计4.44亿元，Q4才因上述集中计提跌至亏损1.12亿元。2026年一季度营收5.53亿元同比下降2.23%，归母净利润1.29亿元同比下降15.17%，扣非净利润1.25亿元，毛利率61.97%，负债率54.09%。同比下滑是因为2025年一季度基数本来就高（营收5.66亿元、净利润1.53亿元），绝对值1.29亿放在历史序列里仍然是高位。国际化诺泰在三家同类公司里走得最深的。2025年美国DMF备案数量78个，海外收入占比70.27%，主要市场覆盖美国、欧洲、加拿大、印度。自主选择产品的海外客户包括Krka、Cipla、Apotex、Teva、Dr.Reddy等，不是单一授权合作方的关系，客户结构比较分散。601和602两个多肽吨级车间均已投产，连云港多肽产能达到数吨级规模。卖方机构对诺泰2025年全年净利润的预测是5.8亿元、2026年7.9亿元、2027年11亿元。当前股价约28元，总市值约89亿元，对应2025年预测净利润约15倍PE，对应2026年预测净利润约11倍PE。我自己算下来，这个区间本身不算贵，放在多肽赛道里甚至偏低。但考虑到ST标签和治理风险现在不适合买入。等到2026年12月完成摘ST申请、追溯重述财报数据清晰、全年盈利确认之后，再做判断更合理。如果届时市值仍在100亿左右，以7到8亿的年化净利润对应12到14倍PE，安全边际会比现在好一些。,3,8,0,22951,SH688076,ST诺泰,雪球,https://xueqiu.com/1932779066/396131612,0,2,2026-07-08 16:22:32
396181366,6272575192,x198921,2026-06-23 07:05:30,,$ST诺泰(SH688076)$ 涨一天又可以跌一个星期了,0,3,0,12785,SH688076,ST诺泰,Android,https://xueqiu.com/6272575192/396181366,0,0,2026-07-08 16:22:32
396237045,1968252884,策略策略,2026-06-23 12:01:43,,$ST诺泰(SH688076)$ 竞答下吧，各位朋友，目前月产量司美格鲁肽和替尔泊肽多少？考考你们。啥时候摘帽？哪天出年中预告？预告业绩多少？诺泰生物。诺和诺德和礼来相比最大的不可比拟的长处是啥？诺和诺德今年股价到多少？。$诺和诺德(NVO)$,6,2,0,27804,SH688076,ST诺泰,Android,https://xueqiu.com/1968252884/396237045,0,0,2026-07-08 16:22:32
396237663,4107753319,达粉,2026-06-23 12:06:45,,$ST诺泰(SH688076)$ 看到一篇新闻，现在胖子越来越多了。减肥药有类似成瘾性，不用就反弹。烟酒减肥药。赛道不错，诺泰还跑的不错。最快27年就能50亿营收。,0,3,0,13145,SH688076,ST诺泰,雪球,https://xueqiu.com/4107753319/396237663,0,0,2026-07-08 16:22:32
396313615,9209032494,冷陈陈,2026-06-24 01:42:40,,$ST诺泰(SH688076)$ 热泪盈眶，要解套了,0,4,0,12744,SH688076,ST诺泰,Android,https://xueqiu.com/9209032494/396313615,0,0,2026-07-08 16:22:32
396320181,6998822874,冯斯特洛夫斯基,2026-06-24 01:55:29,,$ST诺泰(SH688076)$ 大胆猜想一下，本月会不会收一个带长下影的十字星或者月阳线？,5,1,0,12137,SH688076,ST诺泰,Android,https://xueqiu.com/6998822874/396320181,0,0,2026-07-08 16:22:32
396468967,2486766727,坏掉的计算器,2026-06-24 09:59:01,,$ST诺泰(SH688076)$ 不看不知道，一看发现还有这么多被丢弃的粉丝在坚守。年初正是高位鼓吹商业航天的时候，看了下也是惨惨戚戚，说了别碰。$ST思科瑞(SH688053)$,0,3,0,9730,SH688076,ST诺泰,雪球,https://xueqiu.com/2486766727/396468967,0,0,2026-07-08 16:22:32
396481528,3263546483,赚钱需要耐心点,2026-06-24 11:11:56,,$ST诺泰(SH688076)$ 你的订单呢？药明康德凯来英都突破板了，你还在装孙子，客户都被抢走啦？,0,8,0,10128,SH688076,ST诺泰,iPhone,https://xueqiu.com/3263546483/396481528,0,0,2026-07-08 16:22:32
396580579,5536931131,一年赚10个点的男人,2026-06-25 01:49:50,致ST诺泰主力：散户正式投降书,尊敬的诺泰操盘主力大佬：您好！历经数月反复磨底、阴跌杀盘、无量砸盘、日内反复冲高回落的极致折磨，身为坚守在ST诺泰（688076）里的一名普通散户，我今日彻底认输，心甘情愿放下所有抵抗，向主力呈上这份无条件投降书。入市之前，我天真以为诺泰基本面有支撑，摘帽预期明确，底部区间足够安全，抄底就能躺赢。于是我在28元附近重仓入场，满心等待主力拉升吃肉，万万没想到，我踏入的不是价值洼地，而是主力精心布下的无尽炼狱。这段时间，我亲眼见证了主力教科书级别的收割手段，彻底认清了散户和主力之间不可逾越的实力差距：持仓从37元一路阴跌至27元，全年跌幅接近28%，三个月持续震荡下行，没有一波像样的反弹；盘面长期无量横盘，稍微有一点散户抄底资金进场，立刻大单砸盘打压，每天分时走势心电图一般，涨一分难如登天，跌一块轻而易举；近几日主力资金连续净流出，大单持续抛售，不顾板块行情、不顾个股基本面，只管无脑压盘洗筹，把场内每一个散户的耐心彻底耗尽。我熬过了横盘震荡，扛过了深度回调，扛不住主力日复一日的钝刀子割肉。我试过补仓摊低成本，越补越套；试过做T自救，每次都被主力精准打脸，卖完就小拉、加仓就急跌，完美踏错每一波节奏；我盯着盘面熬了无数个交易日，看着账户资金一天天缩水，从小幅浮盈变成深度被套，心态从自信、忐忑，变成焦虑、崩溃，最后彻底麻木。我承认，我斗不过你们。你们手握海量筹码，掌控分时涨跌，知晓所有盘面消息，能随心所欲控盘股价；你们深谙散户所有弱点：怕深套、怕横盘、怕无尽阴跌，精准拿捏我们的贪婪与恐惧。我承认，我所有的技术分析、底部判断、价值逻辑，在主力刻意的砸盘洗筹面前，一文不值。我猜不透你们的底在哪里，不知道还要磨多久，更不知道这漫漫阴跌路何时才能到头。在此，我正式向诺泰主力提出无条件投降，做出以下全部承诺：1. 彻底放弃抄底、补仓、做T所有自救操作，不再和主力对抗，不再盲目猜底，不再妄图抢主力的筹码；2. 锁仓躺平，绝不割肉交出带血筹码，也绝不随意加仓捣乱，安安静静做一个透明持仓散户，绝不干扰主力任何洗盘、吸筹、拉升计划；3. 彻底放平心态，不再盯盘折磨自己，不再幻想短期大涨，完全听从主力安排，主力想跌就跌，想横就横，想磨多久就磨多久，我全盘接受；4. 从此敬畏主力，敬畏资金，认清散户永远只能跟随，不能逆势对抗，往后全程追随主力节奏，主力吃肉，我只求喝一口汤即可。主力大佬，求求您高抬贵手，别再钝刀子割肉折磨我们了。我们散户没有恶意，没有能力砸盘，只是想跟着行情赚一点小钱，养家糊口而已。我们已经彻底投降，所有反抗意志全部清零，所有抄底资金全部撤离。恳请主力结束无尽阴跌，早日结束磨底行情，开启拉升之路。我们散户彻底躺平，绝不捣乱，静待主力发落！此致敬礼！一名被ST诺泰彻底磨碎心态、彻底认输的散户2026年6月25日#上证指数# $ST诺泰(SH688076)$ #半导体#,4,3,0,8913,SH688076,ST诺泰,Android,https://xueqiu.com/5536931131/396580579,0,0,2026-07-08 16:22:32
396583414,2052538487,Kyleq9n,2026-06-25 01:54:06,,$ST诺泰(SH688076)$ 确实是个烂股 毫无主力可言 一直阴跌 早点割了去科技之类的早发了 大家千万别听有些人鼓吹了,5,10,0,10968,SH688076,ST诺泰,雪球,https://xueqiu.com/2052538487/396583414,0,0,2026-07-08 16:22:32
396627002,4097225629,本分的雪花在堆雪人,2026-06-25 03:14:15,,$ST诺泰(SH688076)$ 理性讨论下，给信达供应的24mg版本马氏度肽注射笔什么时候放量？,6,2,0,9541,SH688076,ST诺泰,iPhone,https://xueqiu.com/4097225629/396627002,0,0,2026-07-08 16:22:32
396640973,1634415452,敏捷的猫,2026-06-25 03:52:49,,$ST诺泰(SH688076)$ 这是利用海关统计数据在线查询平台查的，非AI统计，2026年目前仅有1～5月数据，全年按12/5计算推导，实际可能更高，毕竟整体增长。全国数据仅选择商品种类，江苏省数据在商品种类基础上选择了报关所在地，对运往何处未作限制。江苏省主要多肽类企业有药明康德及旗下企业，诺泰，南京斯拜科，泰州兴普泰，苏州昊帆生物，无锡亚肽等等，但总体格局（此处为豆包回答，不能保真）为诺泰澳赛诺42%～45%，泰兴合全（药明体系企业）23%～26%，其他二三梯队公司共占30%的样子。整体来看，诺泰生物所在的江苏省多肽近年转为高价位多肽类出口，特别是2026年以来，高价位多肽出口态势明显。此外，以江苏省多肽类出口单价统计2026年1～5月整体均价为31079.72美元/kg，按目前汇率6.82折算人民币约为21.2亿/t。从多肽各类商品价格体系方面看，司美格鲁肽必然处于高价位，而1～5月销售量中应该占比不多，这不能说明司美格鲁肽的具体出口价格，但能说明司美格鲁肽的价格应该在多肽类均价之上，股吧中各种鼓吹司美格鲁肽价格持续大跌的请给出明确证据，否则这就很打脸了。综上，即便诺泰目前股价身处低谷，但所处多肽赛道整体呈增长趋势。,3,10,0,19141,SH688076,ST诺泰,Android,https://xueqiu.com/1634415452/396640973,0,0,2026-07-08 16:22:32
396670752,1968252884,策略策略,2026-06-25 05:53:02,,$ST诺泰(SH688076)$ 嗯嗯嗯。,8,2,0,14606,SH688076,ST诺泰,Android,https://xueqiu.com/1968252884/396670752,0,0,2026-07-08 16:22:32
396723065,2994748381,证券市场周刊,2026-06-25 08:39:52,诺泰生物小容量注射剂（卡式瓶）生产线通过GMP符合性检查,近日，诺泰生物连云港工厂顺利通过小容量注射剂（非最终灭菌-卡式瓶）生产线（受托生产）的GMP符合性检查，获得江苏省药品监督管理局签发的《药品GMP符合性检查告知书》。连云港中华药港制剂生产基地依照FDA/EMA cGMP国际标准建设，拥有口服固体制剂与无菌注射剂生产线。卡式瓶生产线通过本次GMP符合性检查后，正式进入商业化生产和服务阶段。该生产线设计年产能2亿支，具备高速、大批量、多品种兼容（含适配混悬液工艺能力）、柔性扩产的生产优势，为注射剂、卡式瓶、注射笔平台化承接提供产能支持。引进AUSTAR（奥星）自动化配液系统、SYNTEGON卡式瓶灌装线、SG全自动可见异物灯检机、Mikron/HH注射笔组装线、Rotzinger包装线等先进工艺系统与设备。诺泰生物始终对标国际一流质量标准，此次检查通过是公司在高端复杂制剂领域的新进展。公司将持续推进“原料药+制剂”领域的优势建设，以创新驱动产业升级，为合作伙伴和患者提供一站式卓越服务和优质产品。来源：诺泰生物免责声明：本文为转载内容，不代表本刊立场，亦不构成投资建议。,4,14,1,25718,SH688076,ST诺泰,雪球,https://xueqiu.com/2994748381/396723065,0,2,2026-07-08 16:22:32
396749799,1968252884,策略策略,2026-06-25 10:54:08,,$ST诺泰(SH688076)$ 如下。一瓶多少钱。2亿瓶。,10,10,0,16532,SH688076,ST诺泰,Android,https://xueqiu.com/1968252884/396749799,0,1,2026-07-08 16:22:32
396754619,4107753319,达粉,2026-06-25 11:23:16,,$ST诺泰(SH688076)$ 诺泰的飞轮开始转起来了。技术领先、时间领先。卡位精准，牛。,0,4,0,9051,SH688076,ST诺泰,雪球,https://xueqiu.com/4107753319/396754619,0,0,2026-07-08 16:22:32
396760096,1968252884,策略策略,2026-06-25 11:58:41,,$ST诺泰(SH688076)$ 算下吧,5,5,0,14815,SH688076,ST诺泰,Android,https://xueqiu.com/1968252884/396760096,0,0,2026-07-08 16:22:30
396792868,6998822874,冯斯特洛夫斯基,2026-06-25 14:29:07,,$ST诺泰(SH688076)$ $ST诺泰(SH688076)$ 大家没觉得诺泰生物这几天的走势跟前一阵子不太一样了吗？首先量能逐步放大，其次震荡幅度加大，而且消息面上也是利好频出，但反应到股价上最多也就是一天行情。该来的总会来的，估计很快，大家耐心等待吧！,1,1,0,14497,SH688076,ST诺泰,Android,https://xueqiu.com/6998822874/396792868,0,0,2026-07-08 16:22:30
396841829,2984793256,潢川新安,2026-06-26 01:21:17,,$ST诺泰(SH688076)$ 早上假装拦涨停，开始忽悠演戏了,0,3,0,10909,SH688076,ST诺泰,Android,https://xueqiu.com/2984793256/396841829,0,0,2026-07-08 16:22:30
396861650,1968252884,策略策略,2026-06-26 01:55:11,,$ST诺泰(SH688076)$ 分批加起来。正好芯片钱出来了。,19,4,0,18711,SH688076,ST诺泰,Android,https://xueqiu.com/1968252884/396861650,0,0,2026-07-08 16:22:30
396891592,4097225629,本分的雪花在堆雪人,2026-06-26 02:47:29,,$ST诺泰(SH688076)$ 做诺泰坚定的多头,2,6,0,11856,SH688076,ST诺泰,iPhone,https://xueqiu.com/4097225629/396891592,0,0,2026-07-08 16:22:30
396972268,8570126895,爱投资的咕噜潘,2026-06-26 06:50:02,,$ST诺泰(SH688076)$ 之前买了8888股说锁仓 实在忍不住！死磕到底了,0,1,0,10277,SH688076,ST诺泰,iPhone,https://xueqiu.com/8570126895/396972268,0,0,2026-07-08 16:22:30
397037775,0,ST诺泰(SH688076),2026-06-26 11:23:02,,ST诺泰：江苏诺泰澳赛诺生物制药股份有限公司董事会薪酬与考核委员会关于2023年限制性股票激励计划第三个归属期归属名单的核查意见 网页链接,0,0,0,11293,SH688076,ST诺泰,公告,https://xueqiu.com/S/SH688076/397037775,0,0,2026-07-08 16:22:30
397037776,0,ST诺泰(SH688076),2026-06-26 11:23:02,,ST诺泰：关于公司2023年限制性股票激励计划第三个归属期符合归属条件的公告 网页链接,0,0,0,13725,SH688076,ST诺泰,公告,https://xueqiu.com/S/SH688076/397037776,0,0,2026-07-08 16:22:30
397037777,0,ST诺泰(SH688076),2026-06-26 11:23:02,,ST诺泰：国浩律师（杭州）事务所关于江苏诺泰澳赛诺生物制药股份有限公司2023年限制性股票激励计划第三个归属期归属条件成就、授予价格调整及部分限制性股票作废相关事项的法律意见书 网页链接,0,0,0,14602,SH688076,ST诺泰,公告,https://xueqiu.com/S/SH688076/397037777,0,0,2026-07-08 16:22:30
397037778,0,ST诺泰(SH688076),2026-06-26 11:23:02,,ST诺泰：关于作废处理2023年限制性股票激励计划部分限制性股票的公告 网页链接,0,1,0,16427,SH688076,ST诺泰,公告,https://xueqiu.com/S/SH688076/397037778,0,0,2026-07-08 16:22:30
397037779,0,ST诺泰(SH688076),2026-06-26 11:23:02,,ST诺泰：关于调整2023年限制性股票激励计划相关事项的公告 网页链接,0,0,0,18008,SH688076,ST诺泰,公告,https://xueqiu.com/S/SH688076/397037779,0,0,2026-07-08 16:22:30
397160242,1392680562,纯净的股票狂战士,2026-06-27 13:53:00,,$ST诺泰(SH688076)$ 算算时间，应该快到了，计划建仓,2,2,0,15213,SH688076,ST诺泰,Android,https://xueqiu.com/1392680562/397160242,0,0,2026-07-08 16:22:30
397211347,6769259204,laotang926,2026-06-28 08:57:33,,记录一下，增量一关键的一步实现了。这次通过 GMP 符合性检查，对诺泰生物来说是从原料药向高附加值制剂、CDMO 业务升级的关键里程碑，直接夯实了在 GLP-1 赛道的全产业链竞争力。这次 GMP 认证不是一次简单的检查通过，而是诺泰生物从 “原料供应商” 向 “全产业链 CDMO 服务商 + 制剂企业” 转型的关键一步，为其在 GLP-1 黄金赛道的竞争加上了重要砝码。这条设计年产能 2 亿支的卡式瓶生产线，通过 GMP 认证后可正式承接商业化订单，既可以为公司自有 GLP-1 制剂产品提供生产保障，也能为国内外药企提供 CDMO 受托生产服务（目前是承接信达生物的玛仕度肽），直接切入注射剂制剂市场。既验证公司制剂领域的技术实力，也为2027年司美格鲁肽制剂上市练兵。查看图片,2,6,0,16446,SH688076,ST诺泰,雪球,https://xueqiu.com/6769259204/397211347,0,0,2026-07-08 16:22:30
397213289,6769259204,laotang926,2026-06-28 09:21:16,,2026年6月12日信达生物与诺泰的补充申请药品背景玛仕度肽注射液（商品名：信尔美）是信达生物研发的 1 类创新药，属于 GLP-1/GCG 双受体激动剂，已获批用于成人肥胖 / 超重的体重控制和2 型糖尿病的血糖控制两大适应症，是国内热门的减重降糖药物。本次申请的性质与目的申请类型：补充申请（化药），受理号：CYHB2601113，承办日期：2026-06-12 关键背景：诺泰生物是信达生物的核心合作伙伴，为玛仕度肽提供原料药生产，同时也是其注射剂 CDMO 受托生产方。 申请核心内容：结合诺泰生物近期卡式瓶注射剂生产线通过 GMP 认证的进展，此次补充申请大概率是新增 / 变更玛仕度肽注射液的生产场地或供应商，正式将诺泰生物纳入该产品的商业化生产体系，实现从原料药供应到制剂受托生产的全链条合作。对双方的意义对信达生物：补充申请获批后，可借助诺泰生物的产能保障玛仕度肽注射液的商业化供应，应对市场需求增长，同时拓展卡式瓶等新剂型的生产能力。 对诺泰生物：标志着其在 GLP-1 赛道的 CDMO 业务实现突破，从原料药供应商升级为制剂受托生产方，进一步巩固全产业链优势。简单来说，这是信达生物和诺泰生物为玛仕度肽注射液提交的生产相关补充申请，目的是将诺泰生物纳入该产品的生产体系，为后续大规模商业化生产和供应铺路。查看图片,5,10,0,26544,SH688076,ST诺泰,雪球,https://xueqiu.com/6769259204/397213289,0,0,2026-07-08 16:22:30
397214207,6769259204,laotang926,2026-06-28 09:33:25,,回复@laotang926: 审批周期：玛仕度肽的补充申请预计3-4 个月内获批，即 2026 年 Q4 完成审批流程。生产节奏：获批后还需约 1-2 个月完成工艺验证和备案，预计 2026 年底至 2027 年初，诺泰生物才能正式启动玛仕度肽注射液的商业化受托生产。//@laotang926:回复@laotang926:[已修改]2026年6月12日信达生物与诺泰的补充申请药品背景玛仕度肽注射液（商品名：信尔美）是信达生物研发的 1 类创新药，属于 GLP-1/GCG 双受体激动剂，已获批用于成人肥胖 / 超重的体重控制和2 型糖尿病的血糖控制两大适应症，是国内热门的减重降糖药物。本次申请的性质与目的申请类型：补充申请（化药），受理号：CYHB2601113，承办日期：2026-06-12 关键背景：诺泰生物是信达生物的核心合作伙伴，为玛仕度肽提供原料药生产，同时也是其注射剂 CDMO 受托生产方。 申请核心内容：结合诺泰生物近期卡式瓶注射剂生产线通过 GMP 认证的进展，此次补充申请大概率是新增 / 变更玛仕度肽注射液的生产场地或供应商，正式将诺泰生物纳入该产品的商业化生产体系，实现从原料药供应到制剂受托生产的全链条合作。对双方的意义对信达生物：补充申请获批后，可借助诺泰生物的产能保障玛仕度肽注射液的商业化供应，应对市场需求增长，同时拓展卡式瓶等新剂型的生产能力。 对诺泰生物：标志着其在 GLP-1 赛道的 CDMO 业务实现突破，从原料药供应商升级为制剂受托生产方，进一步巩固全产业链优势。简单来说，这是信达生物和诺泰生物为玛仕度肽注射液提交的生产相关补充申请，目的是将诺泰生物纳入该产品的生产体系，为后续大规模商业化生产和供应铺路。查看图片,3,6,0,24937,SH688076,ST诺泰,雪球,https://xueqiu.com/6769259204/397214207,0,1,2026-07-08 16:22:30
397227111,6769259204,laotang926,2026-06-28 12:40:56,玛仕度肽的适应症（含临床中）、研发历程以及和诺泰生物的合作（附诺泰生物司美格鲁肽研发过程）,"记录一下信达生物玛仕度肽的相关信息（来源，研发历程，适应症，投资金额，上市销售情况），结合诺泰生物的司美格鲁肽制剂的前瞻性布局信息，更能理解司美格鲁肽制剂对诺泰生物的战略意义。一、玛仕度肽注射液适应症及在研情况玛仕度肽注射液（商品名：信尔美）是信达生物研发的 1 类创新药，属于 GLP-1/GCG 双受体激动剂，已获批用于成人肥胖 / 超重的体重控制和2 型糖尿病的血糖控制两大适应症，是国内热门的减重降糖药物。正在开展的 III 期适应症（4 项），后期空间较大。1. 中重度肥胖（9mg 高剂量，NDA 已受理）剂量：9mg（高于获批 2.4/4/6mg）人群：BMI≥35 或 BMI≥30 伴合并症数据：60 周平均减重20.1%（GLORY-2）状态：2025-11-25 NDA 受理，待批2. 超重 / 肥胖合并 MAFLD（代谢相关脂肪性肝病）机制：GCG 靶点强效降肝脂肪（6mg 组肝脂肪相对降 80.2%，GLORY-1）设计：III 期，对比安慰剂，肝脂肪含量 / 肝酶改善状态：III 期进行中，2026–2027 读出3. 肥胖合并 OSA（阻塞性睡眠呼吸暂停）机制：减重 + 改善上气道脂肪堆积，降低呼吸暂停指数设计：III 期，对比安慰剂，AHI（呼吸暂停低通气指数）改善状态：III 期进行中，2026–2027 读出4. 青少年肥胖（12–17 岁）设计：III 期，剂量滴定，长期减重 + 安全性状态：III 期启动，2027 年后读出🧪 早期探索适应症（II 期及更早）1. MASH（代谢相关脂肪性肝炎）目标：炎症 + 纤维化改善（MAFLD 进展版）状态：II 期进行中2. HFpEF（射血分数保留心衰）机制：减重 + 改善心肌代谢 + 降低容量负荷状态：II 期进行中二、玛仕度肽注射液研发历程玛仕度肽（IBI362/OXM3）是信达生物在 2019 年通过 BD（授权引进）自礼来的分子，不是信达完全自主首创的原研分子。1. 来源与 BD 时间线原研公司：礼来（Eli Lilly），内部研发代号 LY3305677，原名 OXM3。2019 年 8 月：信达与礼来签约，获得 OXM3 在大中华区（中国内地、港澳台）的独家开发与商业化权益；礼来保留海外权益。合作性质：典型 BD 授权（License-in），不是信达自主从头发现的靶点 / 分子。2019 年引进礼来玛仕度肽：官方未披露金额；行业估算首付约 1000 万美元，里程碑合计约 2–3 亿美元，销售分成预计5 %。2. 礼来为什么把这个分子给信达OXM3（玛仕度肽）与礼来自家的替尔泊肽（tirzepatide，GIP/GLP-1 双靶点）存在内部优先级竞争。礼来选择集中资源推替尔泊肽，把GCG/GLP-1 双靶点的 OXM3 对外授权，信达接手并推进到临床与上市。3. 信达做了什么拿到分子后，信达独立完成全部临床开发：全球首个 GCG/GLP-1 双靶点进入 III 期并获批（2025-06-27，NMPA）。全部 III 期（GLORY、DREAMS 系列）在中国完成，数据发在 NEJM、Nature、Cell 子刊。研发周期：10+ 年（含礼来早期）累计研发投入：超 10 亿元人民币（俞德超公开演讲：“10 个亿砸下去”）【临床前 + Ⅰ 期（2019–2021）：约 2–3 亿，Ⅱ 期 + Ⅲ 期（减重 + 降糖，2021–2025）：约 5–6 亿，其他适应症（MAFLD/OSA/ 青少年肥胖等，2023–2025）：约 2–3 亿，合计：10–12 亿元人民币】临床规模：500+ 科学家、4000+ 受试者、7+ 适应症信达独立负责生产、商业化、医保、产能建设（包括和诺泰生物的受托生产）。对外口径：“与礼来共同开发”，但源头分子是礼来的。三、目前电商销售价格（一周一针，每个月4支）2mg*4 支 / 盒 ¥628 作为入门剂量，价格大幅下探，用来吸引首次尝试 GLP-1 的用户，通过低门槛放量，扩大用户基数。4mg*4 支 / 盒 ¥1179 主流维持剂量，定在 “比进口药便宜、比仿制药贵” 的区间，覆盖大部分长期用药用户，贡献核心利润。6mg*4 支 / 盒 ¥1638 高剂量，瞄准重度肥胖 / 合并脂肪肝的高价值用户，用疗效溢价实现更高毛利，同时避免和中低剂量用户的价格竞争。价格锚定：为后续医保谈判和降价预留空间。上市初期：先定一个相对高的价格，建立品牌价值和市场定位。医保谈判（预计 2026 年底 - 2027 年）：再通过降价换取医保目录准入，以价换量。玛仕度肽当前的定价，其实是为后续降价预留了充足的空间：即使后续谈判降价 30%-50%，毛利率依然能维持在较高水平，同时能大幅放量，抢占公立医院和基层市场。2025 全年营收：6.5–7.5 亿元, 毛利率：82%–85%2026–2028 营收预期: 2026 年：18–20 亿元；2027 年：28–32 亿元；2028 年：38–45 亿元四、和诺泰生物的合作关键时间节点小结如下：2023 年：诺泰完成原料药备案，成为临床阶段供应商；2025 年底：双方联合提交制剂受托生产补充申请；2026 年 5 月：诺泰获制剂生产批文，正式成为玛仕度肽的商业化生产单位；2026 年 6 月：卡式瓶生产线通过 GMP 检查，产能完全就绪。细节如下：1、临床阶段：原料药绑定（2022-2023）2022 年底 - 2023 年 2 月：原料药备案完成诺泰生物完成玛仕度肽原料药（API）登记，登记号Y20220000633，与制剂完成关联审评激活，正式成为信达生物的临床阶段原料药供应商。这标志着双方合作的起点，为后续商业化阶段的供应奠定了合规基础。2、商业化准备：制剂能力建设（2024-2025）2024-2025 年：工艺开发与验证诺泰生物完成玛仕度肽原料药的商业化工艺放大与优化，同时推进卡式瓶注射剂生产线的技术改造，适配该产品的灌装工艺。同步开展 3 批商业规模工艺验证，确保与信达生物原工艺的质量一致性。2025 年 6 月 27 日：玛仕度肽首次获批上市3、商业化升级：制剂受托生产落地（2025-2026）2025 年 12 月 30 日：联合提交补充申请信达生物与诺泰生物联合提交玛仕度肽注射液补充申请（受理号CYHB2502608），正式申请将诺泰生物新增为制剂受托生产单位，同时更新原料药来源备案。这是诺泰从 “原料药供应商” 升级为 “一体化 CDMO 服务商” 的关键节点。2026 年 5 月：补充申请获批，诺泰正式获生产资质NMPA 批准补充申请，诺泰生物被纳入玛仕度肽注射液的生产单位，获国药准字H20269105批文，具备原料药 + 制剂一体化商业化生产资格。2026 年 6 月：卡式瓶生产线通过 GMP 符合性检查诺泰生物连云港工厂的 小容量注射剂（卡式瓶）生产线（受托生产）通过江苏省药监局 GMP 符合性检查，获《药品 GMP 符合性检查告知书》。该生产线设计年产能 2 亿支，可支持玛仕度肽后续大规模商业化放量。由此可见，信达生物玛仕度肽与诺泰生物是深度绑定的长期战略伙伴，不是普通供货，是联合申报 + 长期 CDMO。诺泰多肽吨级商业化产能，以及连云港工厂的小容量注射剂（卡式瓶）生产线匹配信达爆发需求。注：换供应商 = 重新申报 + 临床桥接 + 审批 1–2 年，费时费钱，信达不可能轻易换。四、诺泰生物司美格鲁肽（原料药 + 注射剂 + 口服）研发过程和资金投入1、研发过程1）原料药（API）：2018–2023，国内第一梯队2018–2020：立项、小试工艺开发，攻克长链多肽（31 肽）固相合成、纯化、杂质控制难点，建立规模化合成路线。2021-11：向FDA递交司美格鲁肽原料药注册申请。2022-01：CDE 原料药登记受理（国内首批，登记号 Y20220001086）。2022-05：收到 FDA 技术审评意见；2023 年初提交发补。2023-01：原料药获 CDE 受理，进入国内第一梯队；同时布局欧盟 EDMF、印度等海外注册。2023–2024：完成商业化工艺放大 + 验证，单批可达10kg 级，纯度≥98.5%，杂质可控；配套106/601/602 车间产能建设。司美格鲁肽原料药海外认证时间线1）美国 FDA（DMF + cGMP）2021 年：完成FDA DMF 完整性评估（Completeness Assessment），正式受理。2021-11：向 FDA 递交司美格鲁肽原料药 DMF（Ⅱ 型），DMF 编号 036273。2023-12-18/19：获得 FDA DMF First Adequate Letter（FA Letter），通过全部技术审评，质量获 FDA 认可，可支持客户 ANDA 申报。2024–2025：连云港工厂多次通过 FDA cGMP 现场检查 / 飞检（含司美格鲁肽生产线）。2）欧洲 EMA/EDMF2022–2024：同步推进欧盟 EDMF 备案，资料已提交、审评中（未出最终结论）。2024–2025：通过欧洲多国 GMP 互认检查（PIC/S 体系），为 EDMF 获批铺垫。3）韩国 MFDS2024–2025：连云港司美格鲁肽原料药生产线通过韩国 MFDS 官方 cGMP 检查，获得韩国市场准入资质。4）印度 CDSCO2026-02-28：获得印度 CDSCO FORM CT-19 证书，司美格鲁肽原料药获准进入印度市场。5）巴西 ANVISA（拉美核心）2025-04-28～05-02：接受巴西 ANVISA cGMP 现场检查（PIC/S 成员），覆盖司美 / 利拉原料药。2025-08-05：正式取得 ANVISA CBPF-GMP 证书，司美格鲁肽原料药生产线符合巴西 cGMP。2026-05-26：获 ANVISA CADIFA 批准（原料药资料符合性证明），国内首家司美格鲁肽原料药企业获巴西市场准入。6）其他重要节点2023–2026：司美格鲁肽原料药已批量出口美国、欧洲、印度、加拿大、巴西等，供应 Cipla、Apotex、Teva 等国际仿制药企研发 / 注册阶段。2）注射剂（2.2类创新药）：2020–2026，Ⅲ 期已完成待CDE审批2020–2022：处方、包材、卡式瓶 / 预充针工艺开发，与原研质量一致（杂质相当或更低）。2023：BE+Ⅰ 期完成；启动Ⅱ 期。2024-11：Ⅲ 期全国研究者会（北大人民医院牵头，65 家中心，2000 例，降糖 + 减重双适应症）。2025-04：Ⅲ 期完成入组，进入随访 / 数据整理。2025 年底–2026 上半年：临床完成，并于2026年4月提交 NDA，2027年Q1-Q2大概率获批。3）口服司美格鲁肽（2.2 类创新）：2021–2025，IND 受理2021–2024：子公司诺澳生物自主开发口服递送技术（克服多肽口服降解 / 吸收差），完成处方 + 工艺 + 体内外验证。2025-12-05：口服司美格鲁肽片（3/7/14/25/50mg）IND 获 CDE 受理。2、投入资金情况1、司美制剂研发（临床前 +Ⅰ/Ⅱ/Ⅲ+ 申报）：2.8–3.3 亿元。时间：2023-2026年。2、产能配套资本开支：601/602 多肽车间（含司美产能）约4.4 亿元，2025 年底投产，总多肽产能11.6 吨 / 年。3、连云港中华药港制剂基地总投资10亿元，新的制剂投入2.5 亿元以上。根据2024-2025年报，司美格鲁肽原料药让诺泰生物营收和利润上了一个台阶，达到营收19+亿元/4亿利润，在此期间，诺泰投入大量资金用于司美格鲁肽制剂研发、原料药商业化放大，新建无菌制剂车间。下一个阶段（2027-2028年），将新增一员主力大将：司美格鲁肽制剂上市。有了前期和信达生物的合作玛仕度肽原料药+制剂代工CDMO练兵，加上诺泰生物司美格鲁肽制剂 原药料+制剂一体化优势明显，相信能让公司营收和利润再上一个台阶。附1：国内电商诺和泰目前的价格：3ml/4 mg 569元。附2：诺泰生物与华润医药商业集团战略签约仅作为本人记录，不作为买卖依据。@策略策略 @琴山涧5686$信达生物(01801)$ $ST诺泰(SH688076)$",3,16,0,49714,SH688076,ST诺泰,雪球,https://xueqiu.com/6769259204/397227111,0,3,2026-07-08 16:22:30
397238775,1968252884,策略策略,2026-06-28 14:56:42,,$ST诺泰(SH688076)$ 7.4或者7.10盘后公布中报预告。 诺泰生物。猜测。倾向于7.10可能性更大。,9,3,0,20630,SH688076,ST诺泰,Android,https://xueqiu.com/1968252884/397238775,0,0,2026-07-08 16:22:30
397357068,8050509541,ST钻家,2026-06-29 06:05:27,ST诺泰：赛道风口已至，摘帽倒计时开启,一、医药股为何全线爆发？多重利好集中共振6月29日，创新药板块集体爆发——同花顺创新药概念指数大涨5.39%，中证创新药产业指数大涨超8%，这一轮行情的引爆点，是一系列政策利好的集中释放：“医保+商保”双目录进入实质性阶段。 国家医保局6月29日公示，557个药品通过基本医保药品目录初审，54个药品通过商保创新药目录初审。申报材料818份，涉及674个药品通用名，比2025年增加100份申报材料、41个药品通用名，形式审查总体通过率高达92%。五年内获批的新通用名药品达343个，新药占比前所未有。市场对高临床价值创新药纳入医保的预期大幅升温。这标志着中国创新药的多层次支付体系正在发生结构性变革。医保目录新规引入预申报机制并优化价格竞标规则，给予高临床价值创新药更合理的定价空间，改善了行业的盈利预期。集采政策彻底转向，专利药豁免。 第12批国家药品集采明确仅纳入成熟仿制药品种，专利期内的创新药不被纳入集采。行业定位已从“控费降价”全面转向“扶优做强”。顶层定调：生物医药首次升格为“新兴支柱产业”。 今年的政府工作报告首次将生物医药列为“新兴支柱产业” ，与集成电路、航空航天、低空经济等产业并列；科创板第五套未盈利上市标准扩容，生物医药企业再融资审核流程大幅简化。商务部释放制度性开放红利。 商务部明确提出研究出台药品跨境分段生产实施细则，便利境外药品上市许可持有人开展生物制品、化学药品跨境分段生产。这对具备全球化服务能力的CDMO企业是重大制度红利。全球并购潮与BD交易井喷。 据行业媒体STAT统计，2026年上半年全球生物医药领域10亿美元以上的收购交易至少已有34起，总金额突破1300亿美元，已超过2025年全年水平。一季度中国创新药对外BD交易总额突破600亿美元，接近2025年总额的一半，全球Q1医药管线交易中国企业占比超70%。2026年5月海外生物医药融资金额307亿美元，同比暴增469% ，连续三个月同比增速超过400%。中国创新药的全球竞争力，正在被资本重新定价。二、ST诺泰：身处风口中心，却被ST标签掩盖了价值$ST诺泰(SH688076)$ 深耕的多肽CDMO赛道，正是这轮行情中最受益的方向之一。公司在GLP-1领域布局了司美格鲁肽、替尔泊肽、利拉鲁肽三大重磅原料药，2025年出货量均实现较大增长。其中，司美格鲁肽注射液降糖与减重双适应症已向CDE提交上市申请，口服司美格鲁肽片已取得临床试验批件——目前国内外尚无用于体重管理的口服司美格鲁肽制剂获批上市，这一进展有望帮助公司切入庞大的口服减重增量市场。2025年全年营收19.43亿元，同比增长19.57% ，扣非净利润3.66亿元；经营性现金流量净额6.81亿元，同比暴增70.26% ，彰显出企业内生造血能力；海外收入13.65亿元，同比增长33.13%，占比超70%，毛利率高达72.07% 。公司与Incyte、Gilead等全球知名创新药企建立了稳固合作；此前与欧洲某大型药企达成的约1亿美元重大合同，2025年实际履行金额较原计划超额完成约65%。2026年一季度营收5.53亿元，同比微降2.23%，主要源于流感季退去后抗病毒制剂销售的季节性回落。2025年一次性资产减值约8000余万元、罚款4740万元、财务费用增长约4000万元等，本质上属于历史包袱的集中清理。短期风险出清后轻装上阵。此外，公司拟向全体股东每10股派发现金红利3.50元，年度分红总额达1.11亿元，占净利润比例33.28%；实控人赵德毅、赵德中已于2026年5月20日续签一致行动协议，有效期至2027年5月19日。大股东用实际行动表达了对公司的信心。三、乙肝创新药管线：被低估的“隐形资产”除了GLP-1的多肽赛道布局，诺泰生物在乙肝治疗领域的创新药管线同样不容忽视，却长期被市场低估。在成熟产品端，公司旗下注射用胸腺法新已获批用于治疗慢性乙型肝炎，推荐剂量为每次1.6mg、每周2次，连续给药6个月。该产品已中标第五批全国药品集采，为公司提供稳定的现金流贡献。更具想象空间的是在研管线。公司自研的乙肝GalNAc-siRNA项目，采用GalNAc肝靶向递送技术，目前处于I期临床阶段，计划2026年推进至II期。一期临床数据显示病毒抑制率达82%，优于海外Alnylam同类产品。市场预计该项目2026年有望达成二期对外合作，首付款约5000万美元。一旦落地，将对公司业绩和估值产生显著提振。此外，公司在代谢及肿瘤领域还布局了ASO、siRNA等多条管线，依托“固相+液相”双合成技术平台持续推进临床前开发。全球小核酸药物市场未来7年复合增速预计达16.8%，诺泰生物的寡核苷酸业务正从战略储备进入商业化兑现期。乙肝创新药管线的价值重估，有望成为摘帽之后推动股价上行的又一重要催化剂。四、摘帽倒计时：7月18日，最大的催化剂即将引爆根据上交所相关规定，公司于2025年7月19日收到《行政处罚事先告知书》 ，满12个月后即具备申请撤销ST的条件——2026年7月18日之后，可正式提交摘帽申请。公司已就上交所纪律处分事项提交专项整改报告并完成会计差错更正，保荐机构已进行核查及培训，目前正积极整理补充材料。ST帽子一旦摘除，机构资金将不再受风控限制，有望大举入场。 当前公司股价因ST标签被压制在历史低位，而摘帽将直接打开估值修复空间。国金证券明确指出，当前创新药板块面临基本面向上、估值向下的背离，具备极高弹性的底部投资价值。在全球创新药资产景气度持续加强的背景下，ST诺泰有望迎来业绩增长与估值提升的“戴维斯双击”。当“医保+商保”双目录、预申报机制与价格优化、集采专利豁免、新兴支柱产业定调、跨境分段生产等政策利好集中释放；当全球创新药并购与BD交易持续井喷、海外融资同比暴增469%；当一个身处全球最火热的多肽赛道、手握乙肝创新药管线、海外收入占比超七成、现金流充沛、GLP-1全管线布局、历史包袱出清、且摘帽在即的公司仍被ST标签所掩盖——市场的定价效率，终将被修复。7月18日的时间窗口，正在一天天逼近。,4,3,0,22905,SH688076,ST诺泰,雪球,https://xueqiu.com/8050509541/397357068,0,2,2026-07-08 16:22:30
397428501,1968252884,策略策略,2026-06-29 11:52:39,,$ST诺泰(SH688076)$ 有几撮傻逼 ，我不发评论了，就该涨了？都他妈的什么脑子。现在这里想压盘都压不住了。兄弟们，都给我坐好了，只等500。,10,4,0,18428,SH688076,ST诺泰,Android,https://xueqiu.com/1968252884/397428501,0,0,2026-07-08 16:22:30
397528370,7209720541,坚持最为难能可贵,2026-06-30 02:29:38,,$ST诺泰(SH688076)$ st板块跌你跟st 医药板块跌你跟医药，你他妈是三家姓奴?,7,8,0,15699,SH688076,ST诺泰,Android,https://xueqiu.com/7209720541/397528370,0,0,2026-07-08 16:22:30
397689952,7192087073,青松长亭,2026-06-30 13:45:32,,$ST诺泰(SH688076)$ 估计应该要涨了，因为我今天割了。外边都在反弹、创新高，实在受不了这死股的磨叽劲儿,1,1,0,10514,SH688076,ST诺泰,Android,https://xueqiu.com/7192087073/397689952,0,0,2026-07-08 16:22:28
397725368,5572673947,阿福送你一朵小红花,2026-06-30 22:16:07,,$ST诺泰(SH688076)$ 翰宇的替尔泊肽美国获批，对诺泰是利空吧？这么卷，还要跌吗？,7,0,0,10905,SH688076,ST诺泰,Android,https://xueqiu.com/5572673947/397725368,0,0,2026-07-08 16:22:28
397751278,7588632663,攀爬路,2026-07-01 01:41:01,,$ST诺泰(SH688076)$ 流动性是个大问题，瞧瞧其他多肽，没有大客户来,0,3,0,10238,SH688076,ST诺泰,Android,https://xueqiu.com/7588632663/397751278,0,0,2026-07-08 16:22:28
397771133,2016372943,古越新安,2026-07-01 02:20:57,,$ST诺泰(SH688076)$ 受不了，庄家，走了，你可以猛拉起来了,0,3,0,10839,SH688076,ST诺泰,Android,https://xueqiu.com/2016372943/397771133,0,0,2026-07-08 16:22:28
397817711,6226523564,超神学院c9s,2026-07-01 04:59:54,,$ST诺泰(SH688076)$ 不是板块拉，这货会跌到多少。,0,3,0,10487,SH688076,ST诺泰,Android,https://xueqiu.com/6226523564/397817711,0,0,2026-07-08 16:22:28
397848082,5708763609,维洽,2026-07-01 06:43:03,,$ST诺泰(SH688076)$ 我又来了，别骗我,2,3,0,12213,SH688076,ST诺泰,iPhone,https://xueqiu.com/5708763609/397848082,0,0,2026-07-08 16:22:28
397878237,1968252884,策略策略,2026-07-01 08:45:42,,$ST诺泰(SH688076)$ 中报马上来，大家可猜下,3,6,0,15631,SH688076,ST诺泰,Android,https://xueqiu.com/1968252884/397878237,0,1,2026-07-08 16:22:28
397908055,6998822874,冯斯特洛夫斯基,2026-07-01 11:55:17,,$ST诺泰(SH688076)$ 这是GLP1减肥药爆发的直接原因吗？网页链接,3,3,0,14536,SH688076,ST诺泰,Android,https://xueqiu.com/6998822874/397908055,0,0,2026-07-08 16:22:28
397909095,6998822874,冯斯特洛夫斯基,2026-07-01 12:01:02,,为啥诺泰生物排名第一，涨幅却倒数第一？,1,0,0,14142,SH688076,ST诺泰,Android,https://xueqiu.com/6998822874/397909095,0,0,2026-07-08 16:22:28
397918189,5572673947,阿福送你一朵小红花,2026-07-01 13:06:05,,$ST诺泰(SH688076)$ cdmo年7～8亿,6,4,0,16014,SH688076,ST诺泰,Android,https://xueqiu.com/5572673947/397918189,0,0,2026-07-08 16:22:28
397945119,9307526463,懒得回眸,2026-07-01 15:46:26,,去年看到美甲店的妹妹托人从医院买针来打，而她大概就是100斤左右…这两周突然身边多了迅速减肥的人，两个月减十几二十斤。总是小声地说是因为运动节食。就是每天在家原地慢跑半小时，就是一周练三次练阴瑜伽、冥想瑜伽…就是每天看你们美食也没少吃…做兼职瑜伽教练的同事一个🙄，都是打针的，上次还看她们讨论。减肥药已悄悄地成为寻常事，特别是国产的价格也很便宜 ，适合普罗大众，作弊的成本低。健身长跑打球这类的，都属于性价比不高的选择了。想到一个常用词“平替”$减肥药(BK0875)$,0,6,0,24742,SH688076,ST诺泰,Android,https://xueqiu.com/9307526463/397945119,0,0,2026-07-08 16:22:28
397961180,3263546483,赚钱需要耐心点,2026-07-01 22:58:48,,$ST诺泰(SH688076)$ 风来了，飞不起来就是能力问题了,1,4,0,16616,SH688076,ST诺泰,iPhone,https://xueqiu.com/3263546483/397961180,0,0,2026-07-08 16:22:28
398028704,5670476029,升-升,2026-07-02 03:15:15,,$ST诺泰(SH688076)$ 跟一下板块，没啥独立精神,0,0,0,14441,SH688076,ST诺泰,iPhone,https://xueqiu.com/5670476029/398028704,0,0,2026-07-08 16:22:28
398038527,9107384389,风尘奇侠2020,2026-07-02 03:45:10,,$ST诺泰(SH688076)$ 大哥肽不错，执行策略，放量突破长期均线加仓，坐等中报,2,2,0,16196,SH688076,ST诺泰,Android,https://xueqiu.com/9107384389/398038527,0,0,2026-07-08 16:22:28
398062483,2984793256,潢川新安,2026-07-02 05:43:10,,$ST诺泰(SH688076)$ 今天估计是到不了30,3,0,0,14851,SH688076,ST诺泰,Android,https://xueqiu.com/2984793256/398062483,0,0,2026-07-08 16:22:28
398076802,5536931131,一年赚10个点的男人,2026-07-02 06:26:54,,超跌反弹还是反转？$ST诺泰(SH688076)$,2,2,0,14496,SH688076,ST诺泰,雪球,https://xueqiu.com/5536931131/398076802,0,0,2026-07-08 16:22:28
398104769,1968252884,策略策略,2026-07-02 07:56:51,,$ST诺泰(SH688076)$ $ST诺泰(SH688076)$ 欢迎大家一起做大做强生物制药，一起见证长成连云港第四大制药企业。诺泰生物。,1,9,0,21303,SH688076,ST诺泰,Android,https://xueqiu.com/1968252884/398104769,0,0,2026-07-08 16:22:28
398212185,6843963792,周末登山,2026-07-03 00:19:54,,$ST诺泰(SH688076)$ 诺泰生物会不会退市？,11,0,0,16711,SH688076,ST诺泰,雪球,https://xueqiu.com/6843963792/398212185,0,0,2026-07-08 16:22:28
398301911,4097225629,本分的雪花在堆雪人,2026-07-03 05:39:33,,$ST诺泰(SH688076)$ 诺泰的CDMO业务实力排第8？6月25日，“2026 PDI医药研发·创新大会暨药品研发百强榜发布会”盛大开幕，会上隆重发布了《2026医药CDMO企业20强》。这份榜单不仅客观呈现了当前CDMO行业的市场竞争格局，更表彰了一批在产能建设、技术平台与全球化交付上持续突破的标杆企业。,1,3,0,13858,SH688076,ST诺泰,iPhone,https://xueqiu.com/4097225629/398301911,0,0,2026-07-08 16:22:28
398321993,1485700826,先有存储后有天,2026-07-03 06:47:15,,$ST诺泰(SH688076)$ 遥遥落后。。。。看看其他几个多肽 glp原料药 cdmo,0,6,0,16486,SH688076,ST诺泰,Android,https://xueqiu.com/1485700826/398321993,0,0,2026-07-08 16:22:28
398332367,2743398235,013201735噢,2026-07-03 07:17:55,,$ST诺泰(SH688076)$ 减肥药板块的起飞最终也可能会促使其止跌回稳。后面可等待Q2业绩数据的发布。若Q2净利能有1.5Y，那么摘帽恢复行情可能就要开始了，年底回到60，明年上100是可以期待的。,3,4,0,15548,SH688076,ST诺泰,雪球,https://xueqiu.com/2743398235/398332367,0,0,2026-07-08 16:22:26
398351776,1256278825,值得ing,2026-07-03 08:55:01,,$ST诺泰(SH688076)$ 多肽全球放量是基本事实。至于各家各自能吃到多少，可根据23-25年的市场份额去延续推演，原料药医药这东西，供应渠道的稳定性一惯性要求很高，不会随意变的。,17,15,0,17125,SH688076,ST诺泰,雪球,https://xueqiu.com/1256278825/398351776,0,1,2026-07-08 16:22:26
398409537,2895632437,L3333k,2026-07-03 23:45:19,,$ST诺泰(SH688076)$ 高手给解读一下。,0,1,0,13891,SH688076,ST诺泰,雪球,https://xueqiu.com/2895632437/398409537,0,0,2026-07-08 16:22:26
398431138,2073799719,关轶ZH,2026-07-04 04:28:16,ST012：ST 诺泰（诺泰生物）#1,一句话：诺泰生物（ST诺泰），是一家2024年被立案后，一直被市场低估的创新原料药公司，目前整改完成，具备摘帽条件但未到时间，当前受市场资金限制未被充分挖掘，如开始挖黄金坑（-10%，连阴），则可适当配置15%-20%仓位，仓位按第二标准，安全边界高。目前本人无实盘买入。具体分析分为几个部分，这是第一篇。一、诺泰生物被带帽原因1）2024 年 10 月 22 日收到中国证券监督管理委员会（以下简称“中国证监会”）《立案告知书》 （证监立案字 0382024093 号、证监立案字 0382024094 号）。2）2025 年 7 月 22 日实施科创板其他风险警示（仅 ST，无 * 退市警示），触发规则：公司 IPO 申报文件存在虚假记载、2021 年通过无商业实质的关联交易虚增营收 3000 万元、虚增利润 2595.16 万元，收到证监会行政处罚决定书后被实施 ST。二、整改落实情况1）全额缴清全部罚没款项（财务处罚整改完成）。证监会合计罚没7620 万元，公司及相关责任人已于 2025 年 12 月底全额缴纳完毕，无欠缴罚款、滞纳金，处罚执行全部落地。2）完成历年财务会计差错追溯更正（财务数据整改完成）。2026 年 4 月 30 日公司正式披露《前期会计差错更正公告》，对 2021-2024 年财务报表全面追溯重述，把当年无商业实质关联交易虚增的 3000 万营收、2595.16 万利润全部冲回，财务数据真实还原；会计师事务所出具专项鉴证报告，财务层面违规问题彻底整改完毕。3）内控体系全面整改完成2025 年度内部控制评价报告、保荐机构持续督导核查报告均明确：公司内控不存在重大缺陷，内部控制整体运行有效，当年违规的内控漏洞已解决。公司已向上交所提交完整专项整改报告；保荐机构、会计师事务所分别出具专项核查文件，确认本次信披违规相关整改全部落实到位、违规影响已完全消除，满足监管整改要求2025年年报审计意见是：标准无保留意见。三、下一步时间计划科创板规则要求：因行政处罚被实施其他风险警示，必须自《行政处罚决定书》生效之日满 12 个月，才能提交摘帽申请：处罚生效日：2025 年 7 月 19 日；最早可提交摘帽申请时间：2026 年 7 月 19 日后；四、约束条件上交所纪律处分约定：公司未来 5 年内不得申请资本市场再融资（定增、可转债、配股等）——————————————$ST诺泰(SH688076)$,0,3,0,18443,SH688076,ST诺泰,雪球,https://xueqiu.com/2073799719/398431138,0,1,2026-07-08 16:22:26
398437488,2073799719,关轶ZH,2026-07-04 06:18:50,ST013：ST诺泰（诺泰生物）#2,上一篇分析完公司ST的时间线和目前整改情况后，这里重点介绍公司的基本产品情况和客户情况。声明，其实我对类似的行业不熟悉，或者说完全不了解，原料上下游、药名都说不出来的那种，但，学点东西，总是没错的。以下信息基本是豆包、网上查的。做完梳理后，对ST诺泰有了一个基本的印象，感觉ST诺泰确定性是非常高的，但目前自己并没有仓位介入，就当是学习吧。财大的一句话点评：________________一、产品情况医药原料药属于精细化工高纯粉末，企业不会对外公开成品裸料实拍（涉及工艺保密、合规管控），公开素材均为实验室样品、洁净生产车间、制剂终端产品、研发场景；— 这个跟我的了解还不一样，我还傻傻的去搜诺泰生物的医用药品，对公司的定位第一次有了一个感性的认识。那就看看样品、实验室和车间情况吧。1、GLP-1 多肽原料药（公司核心营收产品，司美格鲁肽 / 利拉鲁肽 / 替尔泊肽） 这是公司核心 GLP-1 减肥药原料药，为白色高纯医药粉末，经过 FDA 认证，主要供给全球仿制药企业，司美格鲁肽、替尔泊肽等爆款减重降糖药的上游核心原料，纯度可达 99.5% 以上2、口服固体制剂生产车间（小分子制剂 / 奥司他韦等自研制剂产线）连云港高标准 GMP 制剂车间，按照欧美 FDA/EMA 标准建设，用于生产磷酸奥司他韦胶囊、阿戈美拉汀片等自研小分子制剂，年产能 45 亿片，同时承接海外药企 CDMO 制剂代工订单。3、小分子 &amp; 多肽研发实验室（CDMO 研发检测场景）公司研发中心实验室，用于多肽、小分子、寡核苷酸药物的工艺研发、纯度检测、杂质分析，支撑吉利德、勃林格殷格翰等全球客户的创新药定制研发业务4、GLP-1 终端制剂参考（司美格鲁肽注射液）公司除原料药外，自研司美格鲁肽注射液已完成 III 期临床，未来可实现原料药 + 制剂一体化销售，是第二大业绩增长点，面向糖尿病、肥胖两大适应症市场。二、客户情况海外客户总营收 13.65 亿元，海外营收占比 70%，国内仅 30%；自主多肽原料药业务客户贡献总营收约 70%，CDMO 定制业务客户贡献约 30%1、GLP-1，贡献70%2、CDMO，贡献30%3、区域分布情况，欧洲占比超1/3——————现在市场的机会确实挺多的，控好仓位，耐心等待，深挖公司、行业情况，做确定性最高的那几只股票就可以了。如果还有一篇的话，应该是从估值上进行搜集、总结、分析了。,0,3,0,16764,SH688076,ST诺泰,雪球,https://xueqiu.com/2073799719/398437488,0,0,2026-07-08 16:22:26
398439903,2073799719,关轶ZH,2026-07-04 06:59:38,ST014：ST诺泰（诺泰生物）#3,2026年：原料药PE区间在25-30之间，ST诺泰毛利高，可以相对溢价，按30来估算。26年扣非预计能去到7亿，也就是说200亿是比较妥当的估值中枢。现在市值92亿，折价差不多50%，临近摘帽，可能行情会启动，启动前挖坑，可以适当关注，确定性还是在的。2027：继续增长，等摘帽成功后，应该一批资金离场，砸出来0.618黄金分割点，这个时候，就有是一个确定性的捡钱机会了。一、机构预测：2026 年：营收 27.0～30.0 亿元，归母净利润6.91～7.90 亿元2027 年：营收 34.0～38.3 亿元，归母净利润8.73～11.00 亿元二、业绩增长逻辑1、GLP-1 原料药产能释放：601、602 吨级多肽车间 2025 年投产，2026 年全年产能充分爬坡，司美格鲁肽、替尔泊肽海外长单集中交付；海外收入占比超 70%，毛利率维持 65%~70% 高区间.2、CDMO 业务稳健打底：服务吉利德、勃林格等跨国药企，订单稳定性强，平滑周期波动。3、2025 年一次性罚款、大额研发费用属于偶发因素，2026 年不再重复拖累利润，利润回归主业真实盈利水平。— 这个也是一次性增厚2026年利润。4、司美格鲁肽国内专利到期，国内仿制药企业集中申报，原料药需求进入爆发周期。三、行业PE行业PT，去除ST限制后，一般在25-30PE左右，目前ST诺泰的折价率是50%，虽然折价率是50%，看起来不高，但其实收益是90%-110%的空间的。中性行业 PE28 倍（无 ST 公允） 公允市值 193.48 亿，折价率≈52.3%———————-那毛估估就是180-200亿，现在的价格，再跌跌就比较好了，比如说，再跌10亿，到80-85亿之间，就更心动了。具体股价，就是25左右。,0,4,0,18068,SH688076,ST诺泰,雪球,https://xueqiu.com/2073799719/398439903,0,1,2026-07-08 16:22:26
398454471,8836074803,火舞天Lop,2026-07-04 11:11:11,,$ST诺泰(SH688076)$预期 2026 年8月份诺泰生物将迎来一只重要的靴子落地，根据类似案件的审理情况及时间规则，2026年8月15日左右是首批投资者赔偿判决的较合理的窗口期。按现有会计准则，即使今年没有赔付完毕，在财务报表中应把相关债务处理完毕，明年的报表将没有赔付负担。此前我有一个帖子，探讨了 可能的赔付金额，预期在 3 亿左右。网页链接如果届时引发对股价的冲击，应该是一次比较好的介入机会；如果没有对股价造成冲击，因为官司不确定性消除。也是介入的时点之一。自诺泰生物被 ST 之后。公司的业务方面的进展和利好比较多。但由于自身被 ST，以及官司的不确定性，还有医药股市况表现不太好，股价一直比较低迷，但目前有筑底的迹象。减肥药方面，有全球权威咨询机构预计，2027 年减肥药药品将超越肿瘤药品成为全球第一大药品市场。关于 司美格鲁肽和替尔泊肽。司美格鲁肽原研的多肽原料药采用的是生物法生成，而诺泰生物的司美格鲁肽原料采用的是化学法生成，所以不可能成为司美格鲁肽原研的供货方。同时，在司美格鲁肽的仿制药中，采用的原料药也分为两类，一类是生物法，一类是化学法，诺泰生物司美格鲁肽原料药的目标客户是化学法的公司。替尔泊肽离专利期到期尚早，所以诺泰生物提供替尔泊肽仿制药原料药的放量时刻尚未到来，目前阶段提供处于研发阶段的仿制药的原料药，故此量不会放的很大。诺泰生物官方明确三大核心药物平台：1、多肽，基本盘，营收主力；2、小分子化药，毛利率 58%，提供稳定现金流；3、寡核苷酸，高速增长，第二成长曲线。诺泰生物在 2023、2024、2025 年的研发总投入分别为 1.34 亿、3.72 亿、4.54 亿。遥想 因2021年虚增营业收入3000万、虚增利润 2600万，成为 ST 诺泰，一分钱难倒英雄汉，现在每年仅研发投入就达到近5个亿，自身实力已经天地之别。虽表现低迷，但当前股价的吸引力是杠杠的。,0,0,0,11126,SH688076,ST诺泰,iPad,https://xueqiu.com/8836074803/398454471,0,0,2026-07-08 16:22:26
398494780,5390465748,识胆备,2026-07-05 05:03:56,,我认为诺泰生物是不是更好一些,1,4,0,14805,SH688076,ST诺泰,Android,https://xueqiu.com/5390465748/398494780,0,0,2026-07-08 16:22:26
398546329,4097225629,本分的雪花在堆雪人,2026-07-06 00:50:45,,$ST诺泰(SH688076)$ 信达24mg 减重笔开出首张处方网页链接,4,12,0,14586,SH688076,ST诺泰,iPhone,https://xueqiu.com/4097225629/398546329,0,0,2026-07-08 16:22:26
398558071,1968252884,策略策略,2026-07-06 01:41:25,,$ST诺泰(SH688076)$ 大户这个玩法 不行。,1,2,0,16944,SH688076,ST诺泰,Android,https://xueqiu.com/1968252884/398558071,0,0,2026-07-08 16:22:26
398565878,1822395959,十二峰x逆天改命,2026-07-06 02:00:20,,$ST诺泰(SH688076)$ 这跟圣诺比，也太低估了吧,0,6,0,16065,SH688076,ST诺泰,Android,https://xueqiu.com/1822395959/398565878,0,0,2026-07-08 16:22:26
398683242,5281258486,望江望海不忘水,2026-07-06 10:38:08,,$ST诺泰(SH688076)$ 最近的上涨，应该和医药板块也有关系，科技板块出来的资金在找新方向。,0,2,0,11281,SH688076,ST诺泰,Android,https://xueqiu.com/5281258486/398683242,0,0,2026-07-08 16:22:26
398686760,2624921603,会虎鲨,2026-07-06 11:07:32,,$ST诺泰(SH688076)$ 还没到自己的行情。 跟个风,0,2,0,10872,SH688076,ST诺泰,iPhone,https://xueqiu.com/2624921603/398686760,0,0,2026-07-08 16:22:26
398763685,1968252884,策略策略,2026-07-07 02:08:24,,$ST诺泰(SH688076)$ 散户朋友们 坐稳了。 不用怕。,1,2,0,9905,SH688076,ST诺泰,Android,https://xueqiu.com/1968252884/398763685,0,0,2026-07-08 16:22:26
398770655,2984793256,潢川新安,2026-07-07 02:25:28,,$ST诺泰(SH688076)$ 业绩快报出不来有关，很鬼异，去年是7月3号，今年7号了，P消息也没有。,0,1,0,8138,SH688076,ST诺泰,Android,https://xueqiu.com/2984793256/398770655,0,0,2026-07-08 16:22:26
398782815,4097225629,本分的雪花在堆雪人,2026-07-07 02:58:17,,$ST诺泰(SH688076)$ 预计7.10或7.11日，本周四或周五收盘发布半年报预告,5,2,0,8500,SH688076,ST诺泰,iPhone,https://xueqiu.com/4097225629/398782815,0,0,2026-07-08 16:22:26
398806085,1822395959,十二峰x逆天改命,2026-07-07 04:44:22,,$ST诺泰(SH688076)$ 怎么没涨几个点，跌这么狠？好烦，早先割了，现在回来又吃套,0,3,0,8194,SH688076,ST诺泰,Android,https://xueqiu.com/1822395959/398806085,0,0,2026-07-08 16:22:26
398919098,2016372943,古越新安,2026-07-07 14:55:26,,$ST诺泰(SH688076)$ 晚上美减肥药大涨，又创新高了,0,1,0,5332,SH688076,ST诺泰,Android,https://xueqiu.com/2016372943/398919098,0,0,2026-07-08 16:22:26
398950877,9209032494,冷陈陈,2026-07-08 01:15:43,,$ST诺泰(SH688076)$ 集合竞价这是真的吗,2,4,0,4255,SH688076,ST诺泰,Android,https://xueqiu.com/9209032494/398950877,0,0,2026-07-08 16:22:26
399094127,0,ST诺泰(SH688076),2026-07-08 10:03:03,,ST诺泰：关于2023年限制性股票激励计划第三个归属期归属结果暨股份上市公告 网页链接,0,0,0,1684,SH688076,ST诺泰,公告,https://xueqiu.com/S/SH688076/399094127,0,0,2026-07-08 16:22:26
