post_id,symbol,stock_name,title,text,truncated,author,user_id,created_at,reply_count,like_count,retweet_count,view_count,fav_count,source,url,crawl_time
349939979,SZ002816,ST和科,,*ST和科：半年度非经营性资金占用及其他关联资金往来情况汇总表 网页链接,0,*ST和科(SZ002816),0,2025-08-29 09:17:19,0,0,0,12061,0,公告,https://xueqiu.com/S/SZ002816/349939979,2026-07-08 16:20:29
349939981,SZ002816,ST和科,,*ST和科：2025年半年度报告摘要 网页链接,0,*ST和科(SZ002816),0,2025-08-29 09:17:19,0,0,0,14125,0,公告,https://xueqiu.com/S/SZ002816/349939981,2026-07-08 16:20:29
349939983,SZ002816,ST和科,,*ST和科：2025年半年度报告 网页链接,0,*ST和科(SZ002816),0,2025-08-29 09:17:19,3,1,0,15728,0,公告,https://xueqiu.com/S/SZ002816/349939983,2026-07-08 16:20:29
349939984,SZ002816,ST和科,,*ST和科：半年报董事会决议公告 网页链接,0,*ST和科(SZ002816),0,2025-08-29 09:17:19,0,1,0,14296,0,公告,https://xueqiu.com/S/SZ002816/349939984,2026-07-08 16:20:29
349939986,SZ002816,ST和科,,*ST和科：2025年半年度财务报告 网页链接,0,*ST和科(SZ002816),0,2025-08-29 09:17:19,0,1,0,15564,0,公告,https://xueqiu.com/S/SZ002816/349939986,2026-07-08 16:20:29
349939991,SZ002816,ST和科,,*ST和科：关于向控股孙公司增资的公告 网页链接,0,*ST和科(SZ002816),0,2025-08-29 09:17:20,0,0,0,16055,0,公告,https://xueqiu.com/S/SZ002816/349939991,2026-07-08 16:20:29
349940750,SZ002816,ST和科,*ST和科：8月28日召开董事会会议,每经AI快讯，*ST和科（SZ 002816，收盘价：16.47元）8月29日晚间发布公告称，公司第四届第二十次董事会会议于2025年8月28日在深圳市龙华区大浪街道华荣路294号和科达工业园公司会议室以现场及通讯方式召开。会议审议了《关于向控股孙公司增资的议案》等文件。 2024年1至12月份，*ST和科的营业收入构成为：精密清洗设备占比71.68%，其他业务占比14.39%，水处理设备占比7.33%，线束产品占比4.08%，其他占比2.51%。 截至发稿，*ST和科市值为16亿元。 每经头条（nbdtoutiao）——申请超2万份，已开出41家，加盟海底捞，你要准备多少钱？1000万元不算多，真实“账单”公布 （记者 张喜威） 免责声明：本文内容与数据仅供参考，不构成投资建议，使用前请核实。据此操作，风险自担。 每日经济新闻,0,每日经济新闻,4642157440,2025-08-29 09:20:20,0,0,0,11889,0,雪球,https://xueqiu.com/4642157440/349940750,2026-07-08 16:20:29
349942962,SZ002816,ST和科,,你好老师，您买st和科什么逻辑和我们小散说说,0,韩清辉,1053963140,2025-08-29 09:30:03,2,3,0,32344,0,iPhone,https://xueqiu.com/1053963140/349942962,2026-07-08 16:20:29
349948230,SZ002816,ST和科,,$*ST和科(SZ002816)$ 非常好，营收，利润对比上年非常好，三季度预计开始盈利，年报出来申请摘帽，有点东西，这家伙，,0,望云海,6179614412,2025-08-29 09:53:33,0,2,0,37726,0,iPhone,https://xueqiu.com/6179614412/349948230,2026-07-08 16:20:29
349953986,SZ002816,ST和科,,$*ST和科(SZ002816)$ 上半年营收虽然只有7519万元，较去年同期暴增15.4倍，但距离三亿保壳摘帽还需要2.25亿元。注意上半年有线束业务4053万元并表，这不是上半年六个月的成果，一至五月仍然采用净额法确认的营收，这应该只是一个月的总额法确定的营收噢。同时，线束子公司由1000万元增资至5000万元。今年就是要靠线束业务来实现 保壳，几乎板上钉钉。目前16.5亿市值。好了，你们可以开砸了！,0,王牌摸鱼喵,1398621531,2025-08-29 10:16:20,24,53,0,144913,6,雪球,https://xueqiu.com/1398621531/349953986,2026-07-08 16:20:29
350066409,SZ002816,ST和科,,$*ST和科(SZ002816)$ 不懂就问，境外收入只有70多万，也就是说印度工厂的收入还没有确认，但是5000万的美元应收款是啥,0,平衡的财富小诗人,4113532242,2025-08-30 06:04:00,3,1,0,12764,0,iPhone,https://xueqiu.com/4113532242/350066409,2026-07-08 16:20:29
350066468,SZ002816,ST和科,,$*ST和科(SZ002816)$ 保壳摘帽是没问题的，下一步就看资产注入了，大概率年底前出消息,0,对生活充满期待,9490032997,2025-08-30 06:04:44,1,1,0,24100,1,iPhone,https://xueqiu.com/9490032997/350066468,2026-07-08 16:20:29
350112983,SZ002816,ST和科,财报速递：*ST和科2025年半年度净亏损261.67万元,8月30日，A股上市公司*ST和科（002816）发布2025年半年度业绩报告，其中，净亏损261.67万元，亏损同比缩小88.43%。 根据同花顺财务诊断大模型对其本期及过去5年财务数据1200余项财务指标的综合运算及跟踪分析，*ST和科近五年总体财务状况低于行业平均水平。具体而言，偿债能力一般。 净亏损261.67万元，亏损同比缩小88.43% 从营收和利润方面看，公司本报告期实现营业总收入7519.46万元，同比增长1541.63%，净亏损261.67万元，亏损同比减少88.43%，基本每股收益为-0.03元。 从资产方面看，公司报告期内，期末资产总计为4.25亿元，应收账款为1.41亿元；现金流量方面，经营活动产生的现金流量净额为-1478.80万元，销售商品、提供劳务收到的现金为9672.03万元。 财务状况欠佳，存在7项财务风险 根据*ST和科公布的相关财务信息显示，公司存在7个财务风险，具体如下： 指标类型评述收益率净资产收益率平均为-14.70%，公司赚钱能力很弱。盈利营业利润率平均为-81.13%，公司盈利能力较差。营收营收同比增长率平均为-10.25%，公司成长能力较差。应收应收账款周转率平均为0.86(次/年)，公司收帐压力大。存货周转存货周转率平均为0.69(次/年)，存货变现能力较差。营运总资产周转率平均为0.25(次/年)，公司运营能力较差。收益净利润现金含量平均为-633.14%，公司现金流很弱。 综合来看，*ST和科总体财务状况低于行业平均水平，当前总评分为0.34分，在所属的专用设备行业的195家公司中排名靠后。具体而言，偿债能力一般。 各项指标评分如下： 指标类型上期评分本期评分排名评价偿债能力3.531.15151一般成长能力1.410.97158较弱盈利能力0.130.38181较低营运能力0.840.23187不佳现金流0.420.18189较弱资产质量1.650.03195不佳总分0.730.34194低于行业平均水平 关于同花顺财务诊断大模型 同花顺（300033）财务诊断大模型根据公司最新及往期财务数据和行业状况，计算出公司的财务评分、亮点和风险，反映公司已披露的财务状况，但不是对未来财务状况的预测。财务评分区间为0~5分，分数越高说明财务状况越好、对中长期的投资价值越大。财务亮点与风险评述中涉及“平均”关键词的取指标5年平均值，没有“平均”关键词的取最新报告期数据。上述所有信息均基于人工智能算法，仅供参考，不代表同花顺财经观点，投资者据此操作，风险自担。 了解更多该公司的股票诊断信息>>>,0,*ST和科(SZ002816),0,2025-08-30 16:04:41,0,0,0,22784,0,新闻,https://xueqiu.com/S/SZ002816/350112983,2026-07-08 16:20:29
350138067,SZ002816,ST和科,ST和科，9、10月份必须冲起来。,"ST和科，近期走势弱和中报业绩有关。从半年度业绩预告来看公告的中报，数据合理，符合预期。但是，在三季度，公司大概率出现反转，结合目前市值，和科有没有可能成为三季度潜力最大的ST股之一呢？大有可能。因为有营收大增预期，公司的营收四大块：水处理设备、清洗设备（主要增量）、半导体设备、线束（主要增量）。1、水处理业务：从公司财务报表可以看出，2025年水处理业务为0，但是2024年水处理设备项目因验收延期导致产品交付低于预期 ，有7000万的收入，今年公司预计有望Q3验收通过。公司在25年半年报第10页有说明：公司在报告期内除了维持历史项目的维保工作外，集中力量对上一年度承作的重大项目进行施工后的验收跟进工作。2、线束：这是公司增量最大的业务。细心的人会发现，这个业务板块亮点非常足。公司中报线束收入为4000多万，实质就是1-2个月（4月份还是净额计算法）的营收，因为之前都是按总额法来计算营收，而公司当时属于代加工性质，只能用u净额法来计算营收。而整改后公司从代理人变为责任人，可以使用总额法。根据这一数据（4000万），公司在下半年每个月至少2000万营收，近期公司向其控股孙公司深圳市和科达精密部件有限公司增资，精密部件的注册资本由人民币 1,000 万元增长四倍至 5,000 万元，主要是为了支持其线束业务的发展，优化该孙公司的资本结构，并为其融资创造条件。那么，下半年线束业务就不是2000万/月了。3、清洗业务：和科达已成为蓝思科技、富士康、TCL科技和德国博世等下游行业领先企业的长期供应商。今年苹果开始陆续往外转移供应链，要求供应商要采购原供应商的设备，目前印度塔塔集团直接开始采购公司的产品。利润也都有较大幅度的提升（3379万营收/327万利润），目前从公司的情况看，设备出海刚刚开始（抖音也可以查到一些信息），Q2实际确认营收不多，Q3会有比较大金额（预计全年1.5-1.7亿）的确认和利润。4、半导体设备：光刻机板块是公司核心发展方向板块，国产替代的发展路径，公司核心技术团队成员都是从台湾、日本、美国的大厂搞出来的，都是有丰富经验的人物，从公司官网可以看出，和科达通过收购和整合，确立了其在国内半导体湿法制程设备领域的参与者定位。他们凭借有经验的团队和聚焦的产品线，获得了一定的客户基础和订单能见度。然而，该业务目前仍处于发展初期，对营收贡献可能有限，但可以拔高公司上限。颍泉区国资委在2024年10月接手和科达，有其深层次的战略考量。他们并非简单收购一家上市公司，而是希望通过此举整合产业资源、实现国有资产增值，并推动区域产业升级。他们在去年也有摘帽成功的经验，相信一切都在掌控中。受中报影响，股价表现低迷。利空出尽，股价见低，目前公司市值小，股东人数5000多人，大概率低点出现，三季报，我们拭目以待。$*ST和科(SZ002816)$ $*ST威尔(SZ002058)$ $ST中迪(SZ000609)$",0,长牛乱舞,9526081372,2025-08-31 03:51:27,9,13,0,84665,7,雪球,https://xueqiu.com/9526081372/350138067,2026-07-08 16:20:29
350232442,SZ002816,ST和科,ST威尔，ST和科,威尔，知道他会很硬，没想到有这么硬。$*ST威尔(SZ002058)$ 和科，最困难的时候过去了，相信三季报会给你亮眼的回报，低市值，高科技。$*ST和科(SZ002816)$ 荣控还在，继续看好荣控，拿了快四个月了$*ST荣控(SZ000668)$,0,长牛乱舞,9526081372,2025-09-01 02:06:55,1,5,0,62726,3,雪球,https://xueqiu.com/9526081372/350232442,2026-07-08 16:20:29
350235129,SZ002816,ST和科,,$*ST和科(SZ002816)$ 三季报预计营收会大涨，理想情况下单个季度营收1.5亿左右，前三季度2.2亿以上，提前确认保壳。,0,聚焦质变,8491286481,2025-09-01 02:13:01,0,1,0,20362,0,Android,https://xueqiu.com/8491286481/350235129,2026-07-08 16:20:29
350242051,SZ002816,ST和科,,*ST和科中报公布业绩已在预期内，对全年扭亏为盈摘星脱帽，市场有了良好的反应。股价已调整了三个月，进入第三季度尾，应该双底确立冲击前高。良好的表现再显涨停板，希望从今天开始，一路星辰大海！,0,沙尔豪克,1282848579,2025-09-01 02:29:16,0,2,0,22510,0,Android,https://xueqiu.com/1282848579/350242051,2026-07-08 16:20:29
350276871,SZ002816,ST和科,,$*ST和科(SZ002816)$ 几百万就能拉涨停,0,骷髅岛靓仔,4518623783,2025-09-01 04:37:09,0,0,0,20427,0,Android,https://xueqiu.com/4518623783/350276871,2026-07-08 16:20:29
350431282,SZ002816,ST和科,,*ST和科强势涨停二连板，进入9月份反转正式开始啦！,0,沙尔豪克,1282848579,2025-09-02 01:42:23,0,4,0,24830,0,Android,https://xueqiu.com/1282848579/350431282,2026-07-08 16:20:27
350432225,SZ002816,ST和科,,$*ST和科(SZ002816)$ 涨在无人问津时，挺好,0,ST库里,1743746819,2025-09-02 01:44:32,0,1,0,22680,0,iPhone,https://xueqiu.com/1743746819/350432225,2026-07-08 16:20:27
350450261,SZ002816,ST和科,,$*ST和科(SZ002816)$ 别不信，这股两倍起，摘帽是必然趋势，看年中报就知道了，一定要相信zf，别肉喂到嘴边了都不知道吃,0,巴黎铁粉,1373084276,2025-09-02 02:23:32,0,0,0,40241,0,iPhone,https://xueqiu.com/1373084276/350450261,2026-07-08 16:20:27
350464069,SZ002816,ST和科,,$*ST和科(SZ002816)$ 10分钟1单没有,0,深情的红利小编程师,3000566851,2025-09-02 02:57:11,3,0,0,26649,0,iPhone,https://xueqiu.com/3000566851/350464069,2026-07-08 16:20:27
350470420,SZ002816,ST和科,,$*ST和科(SZ002816)$ 逆势2连板，看来是想吸引人气了,0,深情的红利小编程师,3000566851,2025-09-02 03:12:43,0,0,0,27649,0,iPhone,https://xueqiu.com/3000566851/350470420,2026-07-08 16:20:27
350489199,SZ002816,ST和科,,$*ST和科(SZ002816)$ 中报前砸盘的人是怎么想的？说粗来让我乐呵乐呵。,0,王牌摸鱼喵,1398621531,2025-09-02 04:26:03,10,56,0,195396,0,Android,https://xueqiu.com/1398621531/350489199,2026-07-08 16:20:27
350557911,SZ002816,ST和科,*ST和科09月02日涨停分析,"*ST和科（002816）09月02日涨停收盘，股价上涨4.97%，收盘价为18.15元。 该股于上午 9:40:03涨停。截止15:00:31打开涨停2次，封住涨停时长3小时47分9秒。其涨停封板结构较好，最高封单量：108.89万，目前封板数量：58.82万，占实际流通盘0.74%，占当日成交量：15.80%。 【原因分析】 *ST和科涨停原因类别为亏损收窄+半导体清洗+国企改革+ST板块。1、据2025年8月30日半年报，公司2025年上半年营收7,519.46万元，同比增长1,541.63%；归母净利润-261.67万元，亏损同比缩小88.43%，主要因清洗设备业务营收及毛利显著增长。 2、据2025年8月30日半年报，2024年公司购买股权将和科达半导体纳入合并报表，切入半导体专用设备领域，产品涵盖晶圆清洗、匀胶显影等，公司将其作为战略级增长方向。 3、据2025年8月30日半年报，公司2023年成立控股子公司进军线束业务，2025年上半年线束收入4,053.00万元，同比增长16,875.79%，成为第二增长引擎。 4、据公司最新披露，公司实际控制人为阜阳市颍泉区人民政府国有资产监督管理委员会，具备国企改革概念，同时属于ST板块。 （免责声明：本内容由AI技术搜集公开信息总结生成，仅供参考，不构成投资建议，以上市公司公告为准） 【投顾分析】 该股今日放量涨停，表明场外资金吸筹积极性高，做多动能强劲。目前该股量价配合良好，交投较为活跃，后市续涨概率较大。投顾建议：投资者对该股短期走势可持乐观态度。 【历史回测】 近2年，两市共出现过5499次【放量涨停】，当出现这个信号时，次日上涨概率为60.76%，平均收益率为1.87%。持有1天的上涨概率最高，达到了60.76%，持有4天的平均收益率最高，达到了2.51%。 免责声明：相关内容根据互联网大数据分析所得，不代表公司立场，不构成投资建议，请注意投资风险。",0,*ST和科(SZ002816),0,2025-09-02 09:05:54,0,0,0,35824,0,新闻,https://xueqiu.com/S/SZ002816/350557911,2026-07-08 16:20:27
350563805,SZ002816,ST和科,9月2日*ST和科发生1笔大宗交易 成交金额265.51万元,证券之星消息，9月2日*ST和科发生大宗交易，交易数据如下：大宗交易成交价格16.43元，相对当日收盘价折价9.48%，成交16.16万股，成交金额265.51万元，买方营业部为东北证券股份有限公司烟台分公司，卖方营业部为联储证券股份有限公司烟台分公司。近三个月该股共发生4笔大宗交易，合计成交9579.0手，折价成交4笔。该股近期无解禁股上市。截至2025年9月2日收盘，*ST和科(002816)报收于18.15元，上涨4.97%，换手率3.72%，成交量3.72万手，成交额6716.23万元。该股最近90天内无机构评级。以上内容为证券之星据公开信息整理，由AI算法生成（网信算备310104345710301240019号），不构成投资建议。,0,证券之星财经,5187193467,2025-09-02 09:41:13,0,2,0,28970,0,雪球,https://xueqiu.com/5187193467/350563805,2026-07-08 16:20:27
350652226,SZ002816,ST和科,,$*ST和科(SZ002816)$ 开闸放水，明天一字板行情开启,0,无敌菜刀,2879128183,2025-09-03 02:02:41,5,0,0,28905,0,Android,https://xueqiu.com/2879128183/350652226,2026-07-08 16:20:27
350758937,SZ002816,ST和科,,*ST和科：股票交易异常波动公告 网页链接,0,*ST和科(SZ002816),0,2025-09-03 08:29:05,0,2,0,26757,0,公告,https://xueqiu.com/S/SZ002816/350758937,2026-07-08 16:20:27
350890485,SZ002816,ST和科,,前途是光明的，只是过程中充满曲折$ST广物(SH600603)$ $*ST和科(SZ002816)$,0,出手就有A,3816469283,2025-09-04 02:58:21,2,1,0,31906,0,iPhone,https://xueqiu.com/3816469283/350890485,2026-07-08 16:20:27
350896278,SZ002816,ST和科,,$*ST和科(SZ002816)$ 正骨太难了，买点st压压惊,0,AI操盘,3113447901,2025-09-04 03:12:02,0,0,0,22626,0,Android,https://xueqiu.com/3113447901/350896278,2026-07-08 16:20:27
350900304,SZ002816,ST和科,,$*ST和科(SZ002816)$ 每一次上涨都是为了下跌,0,宇智bo卡卡西,7031892934,2025-09-04 03:22:22,0,0,0,24067,0,iPhone,https://xueqiu.com/7031892934/350900304,2026-07-08 16:20:27
351002284,SZ002816,ST和科,,大概率是st和科，本周走出了日线一笔上，确认5f买点的同时，确认了30f理论买点，而当下5f卖点都为形成，甚至两个涨停后的高点也仅仅是个1f理论卖点，今天收盘附近再次确认1f买点。如果对了点个赞,0,盟誓月上魂,6029380054,2025-09-04 09:56:29,0,6,0,30709,0,雪球,https://xueqiu.com/6029380054/351002284,2026-07-08 16:20:27
351025038,SZ002816,ST和科,*ST和科：公司目前主营业务涵盖精密清洗设备、线束产品、水处理设备以及半导体专用设备,同花顺（300033）金融研究中心09月04日讯，有投资者向*ST和科（002816）提问， 你好，请问公司业务有哪些？ 公司回答表示，您好，公司目前主营业务涵盖精密清洗设备、线束产品、水处理设备以及半导体专用设备。公司业务相关介绍详见公司近日披露的2025年半年度报告，感谢您对公司的关注！ 点击进入交易所官方互动平台查看更多,0,*ST和科(SZ002816),0,2025-09-04 12:49:49,0,1,0,29542,0,新闻,https://xueqiu.com/S/SZ002816/351025038,2026-07-08 16:20:27
351291986,SZ002816,ST和科,本周ST股的盘点以及9月ST策略,这个9月第一周，大盘和ST板块都出现了极端情况。周五一阳变牛市，大家又活跃起来了。还是先看一下本周的ST涨幅榜。如果按照创业板300的占比，占比25%，牛市，20厘米的弹性是相当的好。如果按照摘帽线（占比50%），重整线（占比15%），重组线（占比10%），其他超跌，低价线（占比25%）摘帽线：ST广物（25.10.14摘帽），ST尔雅（可能最近结案，年报后可能摘帽），ST广网（25.10.10摘帽），*ST金比（年报后可能摘帽），ST智知（25.12.28摘帽），ST易联众（随时结案申请摘帽），ST新亚（26.1.2摘帽），ST凯文（25.12.5摘帽），ST华通（25.11.7摘帽），*ST凯鑫（年报后摘帽）重整线：*ST聆达，ST景峰，*ST三圣重组线：*ST威尔，*ST和科其他超跌，低价线：*ST正平，ST泉为，*ST天喻，ST长园，ST华西，然后看一下本周的跌幅榜跌幅榜前三的情况，*ST南置高位跌下来，*ST高鸿退市股：可能面退走在重大强制违法退市的前面，*ST亚太，内斗的事件驱动。ST股板块有强烈的时间节点特点，不同的阶段有不同的时间和炒作重点。我们不能预判ST股的热点，但是，可以给板块处于目前的哪个阶段定性。如果不看好ST板块的现阶段，可以不买，如果看好板块的阶段，那就重点选择在哪条线上，跟随资金，不要去预判。ST股的核心赚钱的逻辑，其实主要就三个：错杀，困境反转，价值回归。从涨幅榜上看，摘帽股占比涨幅榜的50%，9月ST资金目前就在价值回归。从大资金求稳的角度，做摘帽股，资金风险小，不会退市，不会意外暴雷，摘帽结合主板牛市的热点和节奏，容易带领资金跟随。那如何选择摘帽股？突发摘帽的优先，300创业板的优先记得去年9月份的唯一摘帽股*ST和科，年报申请后，一直没有批复，结果8月10日，实控人先结案，9月7日突然同意摘帽。然后，17个交易日股价从7.53一直涨到17.15，涨幅 122%，其实这个涨幅，不光是因为摘帽，有聪明资金提前预支了股权转让果汁的预期。股权转让确定后，盘整1个月后，市场资金继续接力从17拉到24块，涨幅40%。而300创业板的摘帽股，适合提前潜伏，因为20厘米的特性，出现利好消息，2到3天就把涨幅走完，等你反应过来追进去，大概率就是接盘里最帅的仔。明牌摘帽的：业绩优先，行业优先，主板热点优先等。明牌摘帽的，就是咱们说的假ST，因为结案被处罚后成为的ST，有明确的摘帽时间节点，处罚决定书一年后就可以申请。还有一种因为营收不够成为ST股的，半年报下来了，大概率就能根据营收来判断，哪些年报可以申请摘帽了。这种ST股属于半明半暗摘帽的，需要提前预判和研究基本面。除了摘帽股，想重点提一下重整ST股。去年的9月开始提前炒重整路条，今年的重整ST股分化严重，能拿到路条的，产投牛掰的，还是会有资金上的。今年的重整行情，等市场出现明确信号的时候，右侧上也不晚，耐心等待吧。前提就是出现公告的时候，能够第一时间解读，并且能够快速得出判断。判断出来，并且敢于重仓投入，这大概才是一个成熟的ST选手吧。这周就聊这么多吧。本文不构成任何投资建议，本文的数据可能会有错误，仅为信息分享。任何因引用数据，或者本文导致的投资行为发生的亏损，《ST股重组》及作者概不承担任何责任。我是飞教头，非专家，非学者，非老师，中间略懂点ST股。一个坑我来踩，经验分享大家的中年boy！,0,飞教头,1938071719,2025-09-06 02:42:52,39,64,2,237815,61,雪球,https://xueqiu.com/1938071719/351291986,2026-07-08 16:20:27
351327306,SZ002816,ST和科,,$*ST和科(SZ002816)$ 值此三季报预告前夕，此文值得一看再看。,0,成长与梦想,9830210350,2025-09-06 10:56:50,0,3,0,24982,0,Android,https://xueqiu.com/9830210350/351327306,2026-07-08 16:20:27
351393871,SZ002816,ST和科,,$*ST和科(SZ002816)$ 这轮什么性质的牛大家也都清楚，这么XX正确的票，必须涨成中市值，摘帽后进入公募基金的,0,深情的红利小编程师,3000566851,2025-09-07 10:45:41,4,2,0,30923,1,雪球,https://xueqiu.com/3000566851/351393871,2026-07-08 16:20:24
351452947,SZ002816,ST和科,,$*ST和科(SZ002816)$ 这下应该洗干净了吧,0,多师傅,5005025439,2025-09-08 02:08:55,1,1,0,24584,0,雪球,https://xueqiu.com/5005025439/351452947,2026-07-08 16:20:24
351454068,SZ002816,ST和科,,和科拿了很久，线的形态终于渐渐走好了，加油吧$*ST和科(SZ002816)$,0,谦杯不醉,7799914152,2025-09-08 02:11:34,4,5,0,29588,0,雪球,https://xueqiu.com/7799914152/351454068,2026-07-08 16:20:24
351456654,SZ002816,ST和科,,*ST和科向着希望前行！！突破前高在九月,0,沙尔豪克,1282848579,2025-09-08 02:18:08,2,7,0,34526,0,Android,https://xueqiu.com/1282848579/351456654,2026-07-08 16:20:24
351556331,SZ002816,ST和科,9月8日*ST和科现611.48万元大宗交易,证券之星消息，9月8日*ST和科发生大宗交易，交易数据如下：大宗交易成交价格18.62元，相对当日收盘价折价0.11%，成交32.84万股，成交金额611.48万元，买方营业部为国信证券股份有限公司上海浦东分公司，卖方营业部为华泰证券股份有限公司上海浦东新区世纪大道证券营业部。近三个月该股共发生5笔大宗交易，合计成交1.29万手，折价成交5笔。该股近期无解禁股上市。截至2025年9月8日收盘，*ST和科(002816)报收于18.64元，上涨5.01%，换手率3.21%，成交量3.21万手，成交额5933.65万元。该股最近90天内无机构评级。以上内容为证券之星据公开信息整理，由AI算法生成（网信算备310104345710301240019号），不构成投资建议。,0,证券之星财经,5187193467,2025-09-08 09:20:04,0,2,0,26548,1,雪球,https://xueqiu.com/5187193467/351556331,2026-07-08 16:20:24
351584964,SZ002816,ST和科,,$*ST和科(SZ002816)$ 看了很多关于和科的讨论，我觉得大家就问几个问题，回答明白了再去想这股到底有没有价值：1、今年证监会一共批准了几只新股IPO？2、阜阳国资委是不是花了近5个亿成为股东？3、年中报业绩是不是在上升趋势，亏损的那小几百万，对比其他ST，这点亏损算事吗？能不能随时抹平？4、新业务是不是有不错的营收和毛利？就说这么多，如果这还看不明白，我只能说：兄弟，洗洗睡吧，真的，股市不适合你，去玩点自己看得懂的吧,0,巴黎铁粉,1373084276,2025-09-08 12:54:23,0,8,0,50076,0,iPhone,https://xueqiu.com/1373084276/351584964,2026-07-08 16:20:24
351638969,SZ002816,ST和科,,*ST和科开盘6分钟涨停板，7天4板。,0,沙尔豪克,1282848579,2025-09-09 01:40:40,1,3,0,29145,0,Android,https://xueqiu.com/1282848579/351638969,2026-07-08 16:20:24
351818854,SZ002816,ST和科,,$*ST和科(SZ002816)$ 走加速了，今天给机会买点吗,0,老珍酒,1311306095,2025-09-10 00:00:37,3,1,0,22727,0,Android,https://xueqiu.com/1311306095/351818854,2026-07-08 16:20:24
351844392,SZ002816,ST和科,,和科，关键位置，冲过去！$*ST和科(SZ002816)$ 压力位，震荡，放量，突破，升空！,0,长牛乱舞,9526081372,2025-09-10 01:58:30,0,7,0,35981,0,雪球,https://xueqiu.com/9526081372/351844392,2026-07-08 16:20:24
352059329,SZ002816,ST和科,,$*ST和科(SZ002816)$ 子公司和科半导体有光刻机的业务。趁跌买回来！,0,修心谨言wy,1505804711,2025-09-11 02:28:39,0,4,0,25124,0,Android,https://xueqiu.com/1505804711/352059329,2026-07-08 16:20:24
352351877,SZ002816,ST和科,,$*ST和科(SZ002816)$ 靠，就几千个散户居然没资金做，这票估计被大佬们拉黑了，每次眼看跃跃欲试要突破就坑人，拉黑了再也不见,0,宇智bo卡卡西,7031892934,2025-09-12 06:50:22,0,4,0,21635,0,iPhone,https://xueqiu.com/7031892934/352351877,2026-07-08 16:20:24
352392539,SZ002816,ST和科,,*ST和科：关于部分应收款项债务重组完成的公告 网页链接,0,*ST和科(SZ002816),0,2025-09-12 10:06:21,5,6,0,25087,1,公告,https://xueqiu.com/S/SZ002816/352392539,2026-07-08 16:20:24
352535863,SZ002816,ST和科,,$*ST和科(SZ002816)$ $*ST步森(SZ002569)$ 下周两只选一只，盘后一路向北，你会选择哪一个呢？,0,本家有来福,1468846270,2025-09-14 05:08:33,3,0,0,38615,0,iPhone,https://xueqiu.com/1468846270/352535863,2026-07-08 16:20:24
352573524,SZ002816,ST和科,,"2025年9月14日晚公告摘要1. ST东时：公司控股股东东方时尚投资持有的公司 56,491,600 股占总股本7.90%全拍卖成功。竞买人安徽荣智以2.99每股拍得。2. *ST和科：部分应收款项债务重组完成，减免深圳汇和富债务1000万，减免之后的欠付债务 2,287.35 万元已偿还。3. ST长园：董事长吴启权先生辞职4. ST云动：回购注销11.7万股5. ST恒久：选举刘荣先生为新任董事长6. ST金刚：终止实施 2023 年限制性股票激励计划7. ST宁科：法院决定对子公司恒力国贸启动预重整。8. *ST国华：变更会计师事务所为深圳广深会计师事务所（普通合伙）9. ST岭南：尹洪卫所持2000万股占总股本1.10%拍卖成功，竞买人以1.669元每股拍得。10. *ST东通：收到事先告知书，19-20年财务造假，22年欺诈发行，可能被强制退市。11. ST天圣：收到事先告知书，17/18年财务造假。12. *ST新潮：收到事先告知书，仅罚款。13. *ST宇顺：公司拟以自筹资金向重大资产重组交易标的公司中恩云科技提供不超过人民币 15亿元的财务资助。14. ST亚太：签署重整投资协议。北京星瑞启源以2.4元获得7500万股。",0,雾隐山,2669205219,2025-09-14 14:40:52,0,5,0,50635,0,Android,https://xueqiu.com/2669205219/352573524,2026-07-08 16:20:24
352631592,SZ002816,ST和科,,$*ST和科(SZ002816)$ 拉上来喘两口气又开始连续潜水了,0,深情的红利小编程师,3000566851,2025-09-15 03:00:05,1,2,0,20655,0,雪球,https://xueqiu.com/3000566851/352631592,2026-07-08 16:20:24
352852821,SZ002816,ST和科,,*ST和科和科连续四阴形态未走坏，10日均价支撑有力，午盘必会有一阳，继续加仓。,0,沙尔豪克,1282848579,2025-09-16 05:22:09,2,6,0,26685,0,Android,https://xueqiu.com/1282848579/352852821,2026-07-08 16:20:24
352962129,SZ002816,ST和科,,$*ST和科(SZ002816)$ 今天18.56确认1f买点的同时，也确认了30f第三类买点，收盘时的18.73，确认了1f二买,0,盟誓月上魂,6029380054,2025-09-16 17:19:43,0,2,0,25586,0,iPhone,https://xueqiu.com/6029380054/352962129,2026-07-08 16:20:22
352988260,SZ002816,ST和科,,*ST和科五阴沿10日线强势调整，再加仓！！,0,沙尔豪克,1282848579,2025-09-17 01:38:06,0,3,0,23296,0,Android,https://xueqiu.com/1282848579/352988260,2026-07-08 16:20:22
353140947,SZ002816,ST和科,*ST和科：公司此前披露的债务重组事项目前已执行完毕,"同花顺（300033）金融研究中心09月17日讯，有投资者向*ST和科（002816）提问， 1，怎么债务重组公告没有后续进展；2，中报预告也没有任何动静？ 公司回答表示，您好，公司此前披露的债务重组事项目前已执行完毕。根据协议约定，公司已累计收到对方支付的款项人民币2,287.35万元，具体内容详见公司于2025年9月13日在巨潮资讯网披露的《关于部分应收款项债务重组完成的公告》。公司已于2025年7月15日披露2025年半年度业绩预告。感谢您对公司的关注！ 点击进入交易所官方互动平台查看更多",0,*ST和科(SZ002816),0,2025-09-17 12:55:23,0,0,0,20479,0,新闻,https://xueqiu.com/S/SZ002816/353140947,2026-07-08 16:20:22
353148227,SZ002816,ST和科,,随着ST板块的上涨，大部分个股都已经水涨船高，$*ST和科(SZ002816)$ 成了市值最小的半导体（光刻机）股。关注横盘调整了几个月的个股机会！$*ST创兴(SH600193)$$ST板块(BK0400)$,0,st博弈,1901742525,2025-09-17 13:42:19,6,5,0,57744,0,Android,https://xueqiu.com/1901742525/353148227,2026-07-08 16:20:22
353202397,SZ002816,ST和科,,$*ST和科(SZ002816)$ 一拉升就会有几百手大砸单出来，最近已经成规律了。,0,深情的红利小编程师,3000566851,2025-09-18 01:52:33,2,1,0,19013,0,iPhone,https://xueqiu.com/3000566851/353202397,2026-07-08 16:20:22
353206760,SZ002816,ST和科,,$*ST和科(SZ002816)$ 根据2025年半年度报告，第三节 管理层讨论与分析 一、报告期内公司从事的主要业务 2、线束产品 公司产品涵盖新能源线束、汽车线束、储能线束，光伏及工业机器人线束。,0,炒股养小小家,1946420077,2025-09-18 02:01:44,0,1,0,23970,0,Android,https://xueqiu.com/1946420077/353206760,2026-07-08 16:20:22
353225586,SZ002816,ST和科,,$*ST和科(SZ002816)$ 盘子还没洗干净么，天天拉升一下又打压下来,0,超级小雨,2713845433,2025-09-18 02:43:58,0,2,0,25611,0,Android,https://xueqiu.com/2713845433/353225586,2026-07-08 16:20:22
353236969,SZ002816,ST和科,,$*ST和科(SZ002816)$ 今天好几笔大单出货，但又没有集中性崩盘，感觉是有大户耐不住性子跑了。,0,逮着就骂,7686274158,2025-09-18 03:12:44,4,1,0,24559,0,iPhone,https://xueqiu.com/7686274158/353236969,2026-07-08 16:20:22
353268583,SZ002816,ST和科,,$*ST和科(SZ002816)$ 你也是 光刻机啊 宝,0,只打板不追高,7889235155,2025-09-18 05:28:08,0,7,0,22783,0,雪球,https://xueqiu.com/7889235155/353268583,2026-07-08 16:20:22
353783013,SZ002816,ST和科,,$*ST和科(SZ002816)$ 这30f一笔上的高点，即为30f卖点，哎，之前多好的形态，硬生生被日线一笔下所破坏，成交量也跟不上，今天大笔出了，成本-79块，看戏吧，哎，转战丰立智能，1f买点今日上午确认,0,盟誓月上魂,6029380054,2025-09-22 03:56:01,0,0,0,21763,0,雪球,https://xueqiu.com/6029380054/353783013,2026-07-08 16:20:22
353783937,SZ002816,ST和科,《潜伏》,$ST板块(BK0400)$ $*ST和科(SZ002816)$ 2025年半年度报告显示：1、报告期内，公司主动调整战略方向，逐步减少中低端清洗设备业务占比，实现产品向高端精密清洗设备转型，集中资源向高端领域转型，并通过购买子公司和科达半导体进军半导体清洗业务。精密清洗设备营业收入实现3306.06万元，同比增长3932.18%。2、报告期内，公司通过拓展销售渠道、开发优质客户，实现线束业务收入显著增长，成为第二增长引擎。网页链接3、报告期内，水处理设备因前期采购需垫付大额资金，销售回款周期较长，公司除了维持历史项目的维保工作，集中力量对上一年度承作的重大项目进行施工后的验收跟进工作，同时审慎开发新项目。4、收购的子公司和科达半导体专注于半导体专用设备的研发、生产和销售，为半导体先进封装及前道制程的方案解决供应商。主要产品涵盖晶圆清洗设备、匀胶显影设备、无掩膜光刻机、微影光刻机和晶圆去胶机等。公司将半导体设备业务定位为战略级增长方向，通过集中资源投入、统筹产业链协作、深化市场布局三大举措，全力支持其发展，培育为公司未来新的利润增长点。三季度扭亏为盈预期，2025年年报披露后摘帽预期。按照第三季度披露规则：上市公司三季报必须在10月31日前完成披露。 业绩预告条件：若预计前三季度净利润与上年同期相比增长超过50%，或出现净利润为负、扭亏为盈等情形，需在10月15日前披露业绩预告。截止目前，同一板块中：中微公司总市值1571亿；盛美上海总市值674亿；芯源微总市值259.1亿；至纯科技总市值111.5亿；……身处最热门的半导体设备（光刻机）黄金赛道，机构资金的最爱，*ST和科摘帽后估值几何？$ST板块(BK0400)$,0,st博弈,1901742525,2025-09-22 04:01:39,10,9,0,42703,5,Android,https://xueqiu.com/1901742525/353783937,2026-07-08 16:20:22
353794527,SZ002816,ST和科,,$*ST和科(SZ002816)$ 三季报最好预期的情况下，值18亿市值，也就是18元左右，8元以来的30分级别上涨，确认结束，当下反弹30分周期一笔上，是30分二卖点。这位置很危险。,0,盟誓月上魂,6029380054,2025-09-22 05:15:04,9,1,0,29758,0,雪球,https://xueqiu.com/6029380054/353794527,2026-07-08 16:20:22
353818691,SZ002816,ST和科,,$*ST和科(SZ002816)$ 这里面的主力全都进医院重症监护室了，每天都要很多钱医治！,0,云鹤居士,6060287974,2025-09-22 06:49:47,0,1,0,25487,0,Android,https://xueqiu.com/6060287974/353818691,2026-07-08 16:20:22
353836046,SZ002816,ST和科,,$*ST和科(SZ002816)$ 从5.23开始横盘整整4个月了，不知道什么时候结束，但说主力出货或者现在高位的都是扯。,0,深情的红利小编程师,3000566851,2025-09-22 08:07:01,2,1,0,20471,0,雪球,https://xueqiu.com/3000566851/353836046,2026-07-08 16:20:22
353836366,SZ002816,ST和科,,回复@深情的红利小编程师: 去加仓st和科，祝您好运//@深情的红利小编程师:回复@盟誓月上魂:每个股票都这样分析一遍，现在指数应该是2000点,0,盟誓月上魂,6029380054,2025-09-22 08:08:56,4,0,0,32070,0,iPhone,https://xueqiu.com/6029380054/353836366,2026-07-08 16:20:22
353847011,SZ002816,ST和科,,$*ST和科(SZ002816)$ 会上明说了，就是要拉科技，光刻机作为科技最核心概念，就等一个明确的客户认可引爆行情了,0,深情的红利小编程师,3000566851,2025-09-22 09:11:01,2,0,0,21540,0,iPad,https://xueqiu.com/3000566851/353847011,2026-07-08 16:20:22
353864008,SZ002816,ST和科,,回复@深情的红利小编程师: 你看好你可以加仓，我成本-76，只不过不看好它技术走势，你就急了？st和科明天99%概率破今天低点，菱形整理加速向下，这都看不出来吗？//@深情的红利小编程师:回复@盟誓月上魂:你这水平就别指导别人在哪儿加仓啦，积点德,0,盟誓月上魂,6029380054,2025-09-22 11:22:21,2,0,0,31945,0,雪球,https://xueqiu.com/6029380054/353864008,2026-07-08 16:20:22
353968030,SZ002816,ST和科,,$*ST和科(SZ002816)$ 18亿正，可以考虑接回来了,0,ST库里,1743746819,2025-09-23 03:11:46,0,1,0,19079,0,iPhone,https://xueqiu.com/1743746819/353968030,2026-07-08 16:20:22
354001331,SZ002816,ST和科,,$*ST和科(SZ002816)$ 这只股票远没有跌完，昨天确认的30分级别二卖，对应会走出周线一笔下，从哪来的回哪去。三季报营收全部正常的情况下，也就值18亿市值，更何况万一有不测，则加速向下。走时已经说明了一切,0,盟誓月上魂,6029380054,2025-09-23 05:47:01,0,1,0,35533,0,iPhone,https://xueqiu.com/6029380054/354001331,2026-07-08 16:20:22
354077050,SZ002816,ST和科,,$*ST和科(SZ002816)$ 这个裕廊发展基金是什么背景,0,质朴的投资奇迹,7838865562,2025-09-23 12:57:53,3,5,0,37335,0,Android,https://xueqiu.com/7838865562/354077050,2026-07-08 16:20:22
354112099,SZ002816,ST和科,拟投资和科达半导体的裕廊发展基金是什么背景,2025年9月16日，漳州市龙文区委常委常务副区长吴维桑带队，蓝田开发区管委会副主任张劼、漳州龙文贸促会会长何华忠、朝阳街道党工委书记孙秋林、龙文发展集团副总经理蔡思明、区政府办干部张鹤坤等一行考察团，赴深圳开展专项产业与资本对接考察活动。裕廊发展副总裁寇旭东、云创资本投资总监刘鹏飞全程陪同，并就产业投资及区域产业发展与考察团展开深度交流。考察团首站抵达裕廊发展基金拟投企业——和科达半导体。考察团实地深入调研企业主营业务布局、核心产品技术特性及市场拓展战略。企业负责人重点介绍了核心产品半导体清洗设备与刻录设备的研发迭代进程、核心技术壁垒及市场竞争优势。同时，公司研发的设备精准响应半导体产业链国产化替代的核心需求，具备显著的市场潜力与广阔的发展空间。随后，考察团到访裕廊发展自有基金——云创资本，与基金董事长胡龙润等核心团队成员举行专题座谈。会上，胡龙润首先详细介绍了裕廊发展“一园一企一基金+N”的创新产业模式，并深度分享了云创资本作为基金运作平台，在股权投资、并购基金等核心业务领域的实践经验与阶段性成果。座谈中，双方围绕龙文区现有产业结构特征、未来发展规划方向，聚焦“产业投资+招商”创新合作机制展开深度探讨，双方在加快推进基金合作落地、协同推动优质产业项目落户龙文等方面达成高度共识。（来源：裕廊发展公众号文章网页链接）裕廊发展基金是上海裕廊东企业管理有限公司（简称“裕廊发展”）旗下的产业基金。裕廊发展于2019在新加坡创立，主营产业投资、产业园区及产业综合体等，其基于“一园一企一基金+N“发展模式，专注培育产业集群、搭建海内外产业生态，重点关注智能制造与人工智能、新能源汽车、医药医疗、新能源等产业，已在上海、深圳、惠州、厦门、漳州等地成立多家公司，打造多个重点案例。裕廊发展旗下自有硬科技产业资本平台——深圳云创资本投资管理有限公司（简称“云创资本”），在产业并购领域已积累丰富经验，截至目前公司投资平台及其股东团队累计管理投资规模超50亿元，投资孵化了数十家上市公司以及新质生产力标杆企业。公司以股权投资为纽带，聚焦投资于“硬科技“及“专精特新”领域的高成长性创新型企业。以下是一些典型案例：【飞骧科技】飞骧科技是一家专注于射频前端芯片研发与销售的企业。2020年，云创资本参与了飞骧科技的融资，为其发展提供了资金支持，此后飞骧科技发展迅速，2025年申请在港上市，估值达到约86亿元。【聚芯半导体】2025年，广东聚芯半导体材料有限公司完成超亿元Pre-A轮融资，由华金资本领投，云创资本等多家知名创投基金跟投。聚芯半导体专注于半导体材料细分领域纳米氧化铈CMP抛光液的研发。【镭芯光电】根据企查查信息，深圳云创资本投资管理有限公司作为执行事务合伙人的深圳云创硬科技产业投资中心（有限合伙），对南京镭芯光电有限公司进行了投资，持股比例为1.6123%。镭芯光电是一家专注于光电芯片领域的科技公司，致力于开发半导体光电器件在工业、生物医药等方面的应用，计划用3-5年左右时间，规模化生产芯片、泵浦、光纤和其他相关产品，8-10年左右形成百亿级业务规模。此次裕廊发展携手云创资本投资和科达半导体，将为*ST和科带来更多半导体产业链的合作和并购机会。$ST板块(BK0400)$,0,st博弈,1901742525,2025-09-24 00:13:03,3,4,0,41078,4,Android,https://xueqiu.com/1901742525/354112099,2026-07-08 16:20:20
354136653,SZ002816,ST和科,,$*ST和科(SZ002816)$ 其他不知道，我只知道这是最便宜的半导体。,0,超级小雨,2713845433,2025-09-24 02:05:10,0,2,0,27606,0,Android,https://xueqiu.com/2713845433/354136653,2026-07-08 16:20:20
354145070,SZ002816,ST和科,,$*ST和科(SZ002816)$ 半导体设备,0,新塘屋古友,1384935718,2025-09-24 02:27:23,0,3,0,21399,0,Android,https://xueqiu.com/1384935718/354145070,2026-07-08 16:20:20
354155949,SZ002816,ST和科,,$半导体设备ETF(SZ159516)$ 创历史新高，最低市值半导体设备$*ST和科(SZ002816)$ 继续躺平！,0,st博弈,1901742525,2025-09-24 02:58:17,3,6,0,52821,0,Android,https://xueqiu.com/1901742525/354155949,2026-07-08 16:20:20
354159278,SZ002816,ST和科,,裕廊发展基金拟投资和科达半导体，会以什么方式投资？基于阜阳国资持股*ST和科比例16%偏低的判断，双方大概率是通过定增收购资产的方式增资入股，三季度报披露后股价将无法压制，好事将近？根据公开信息，深圳远荣智能制造股份有限公司出于扩大生产的需要，在龙海区浮宫镇的项目由裕廊发展牵头发起，引入了云创资本、玫瑰资本等产业引导基金，远荣智能制造自身及其他大中型智能制造企业作为骨干先期入驻。裕廊发展携手云创资本拟投资和科达半导体，会否重启重组并购远荣智能？,0,st博弈,1901742525,2025-09-24 03:07:42,0,7,0,40945,1,Android,https://xueqiu.com/1901742525/354159278,2026-07-08 16:20:20
354165662,SZ002816,ST和科,,$*ST和科(SZ002816)$ 股东人数继续在降，这么好的半导体上涨机会，为何还一直压着不涨,0,多师傅,5005025439,2025-09-24 03:26:43,5,0,0,28372,0,雪球,https://xueqiu.com/5005025439/354165662,2026-07-08 16:20:20
354209508,SZ002816,ST和科,,和科达机器人线束：连接智能未来的&#34;神经网络&#34;从特斯拉Optimus人形机器人到深海探测器，从手术室机械臂到智能工厂，机器人的每一次精准动作都离不开其&#34;神经脉络&#34;——机器人线束。承担着电力传输和信号传递的重要功能，是机器人实现复杂动作和智能决策的基础。（源自和科达公众号文章网页链接）$*ST和科(SZ002816)$$ST板块(BK0400)$查看图片,0,st博弈,1901742525,2025-09-24 06:35:04,3,6,0,30029,1,Android,https://xueqiu.com/1901742525/354209508,2026-07-08 16:20:20
354213124,SZ002816,ST和科,,$*ST和科(SZ002816)$ 半导体设备作为公司战略级增长点，不是纯粹的概念，已经有产品销售，五个月工期，加上付款期限，三季度应该会有所体现。随着半导体行业国产化加速，和科达半导体业务有望成为主营业务,0,ST反转之光,1334453036,2025-09-24 06:47:46,8,4,0,39814,4,iPhone,https://xueqiu.com/1334453036/354213124,2026-07-08 16:20:20
354216003,SZ002816,ST和科,,本来16.3元的30f买点建仓，结果它走了个小转大。30f二卖再次给出，留100股看戏，看看那些持有的人的结局是怎么样的，看看所谓的18亿市值，对于这个垃圾股，到底值不值$*ST和科(SZ002816)$,0,盟誓月上魂,6029380054,2025-09-24 06:57:43,1,0,0,45381,0,iPhone,https://xueqiu.com/6029380054/354216003,2026-07-08 16:20:20
354242609,SZ002816,ST和科,,回复@深情的红利小编程师: 从技术参数来看，ST和科的微影光刻机精度为1微米，其设备所适配的产线生产的产品制程是90-128纳米，公司虽在研发更高端的50纳米结构的产品，但目前技术参数表明其主要应用于成熟制程。而高端光刻机通常指能够实现7nm及以下制程的光刻机，如ASML的EUV光刻机可用于5nm及以下节点逻辑芯片制造。和科达的光刻机可对标追赶国内芯碁微装的光刻机。根据公开信息，芯碁微装PCB系列LDI设备中，4微米产品均价在200-300万元区间，下一代2微米设备均价则提升至1000万元区间。在先进封装领域，芯基微装的LDI设备单价较高，可达200万美元以上，约合人民币1400万元至2000万元区间，甚至更高。此外，2025年芯基微装中标中山大学的无掩膜光刻机CFMEELDW500，单价为570万元。网页链接//@深情的红利小编程师:回复@ST反转之光:575万如果是1台，属于高端LDI光刻机，成熟的对标企业市值在150亿左右,0,st博弈,1901742525,2025-09-24 08:57:41,0,6,0,58468,4,Android,https://xueqiu.com/1901742525/354242609,2026-07-08 16:20:20
354309822,SZ002816,ST和科,,$*ST和科(SZ002816)$ 浪沙兄，三季度扭亏为盈也不作强制披露要求了吗？@浪沙淘金99,0,st博弈,1901742525,2025-09-24 22:02:11,4,7,0,56938,0,Android,https://xueqiu.com/1901742525/354309822,2026-07-08 16:20:20
354339518,SZ002816,ST和科,,$*ST和科(SZ002816)$ 和科达半导体的LDI光刻机技术参数和某头部企业的参数完全一致，中标价格也一样。裕廊发展基金拟投很可能是因为光刻机实际性能已经被客户认可，后续就靠裕廊集团大力开拓市场了,0,深情的红利小编程师,3000566851,2025-09-25 01:56:23,5,7,0,46719,1,雪球,https://xueqiu.com/3000566851/354339518,2026-07-08 16:20:20
354621382,SZ002816,ST和科,,$*ST和科(SZ002816)$ 你咋天天跳水，跟商量好了似的,0,ST库里,1743746819,2025-09-26 06:29:26,0,1,0,33065,0,iPhone,https://xueqiu.com/1743746819/354621382,2026-07-08 16:20:20
354668135,SZ002816,ST和科,,$*ST和科(SZ002816)$ “去年开始，随着我们整个客户供应链全球化的转移和扩张，我们又迎来了第二个春天，我们自己的海外业务在今年和去年下半年，其实订单算是爆发性增长。”——和科达董事长孟宇亮在上市公司企业家交流会上如是说。$ST板块(BK0400)$,0,st博弈,1901742525,2025-09-26 10:19:22,18,9,1,70736,4,Android,https://xueqiu.com/1901742525/354668135,2026-07-08 16:20:20
354750110,SZ002816,ST和科,,回复@机智的财经小冰雹: 海外业务订单爆发性增长，但在半年报境外收入仅有约75万元，明显是计入三四季度营业收入了。推动股价上涨的核心因素便是业绩增长，和科达相当于下一个寒武纪。//@机智的财经小冰雹:回复@st博弈:大概率三季报后 不是那就是重组并购后,0,st博弈,1901742525,2025-09-27 08:59:56,0,1,0,32528,1,Android,https://xueqiu.com/1901742525/354750110,2026-07-08 16:20:20
354750133,SZ002816,ST和科,,老师，st和科还继续持有不,0,饽饽119,9986984118,2025-09-27 09:00:22,1,0,0,29590,0,Android,https://xueqiu.com/9986984118/354750133,2026-07-08 16:20:20
354804629,SZ002816,ST和科,,$*ST和科(SZ002816)$ 有用吗？,0,YING1997,1793527771,2025-09-28 05:19:02,4,2,0,40712,1,Android,https://xueqiu.com/1793527771/354804629,2026-07-08 16:20:20
355003383,SZ002816,ST和科,,同为半导体清洗设备行业的盛美上海在手订单情况，可以解释清楚*ST和科半年报境外应收账款大于境外营业收入的原因了。,0,st博弈,1901742525,2025-09-29 11:47:02,0,6,0,55388,1,Android,https://xueqiu.com/1901742525/355003383,2026-07-08 16:20:20
355017048,SZ002816,ST和科,9月操作总结,9月1号转入了1W元整，开始买票了。以10.14元买了900股卫宁健康，买入之后就开始连跌。最后在9月10日以9.37卖出买入了400股ST和科，19.68的价格。当时买卫宁健康的理由是，AI芯片、硬件都涨的挺高的，我想AI软件应用，还没有涨，应该可以潜伏。所以就选择了卫宁健康，但是忽略了卫宁中报亏损严重，还处于一波下跌的过程，结果买入就被套。ST和科，也是追在了一个小高点，2个涨停之后追的。进去也是连续回调一两周，挺难受的。买ST和科的理由，也是很多博主都说和科困境反转，横盘3-4个月，小市值光刻机，第三季报预期大增，潜在摘帽股。9月还有最后一个交易日了，整整亏了10个点。主要操作错误有以下几点：1.预测9月份是宽幅震荡的行情，却没有等相对低点去买，而直接在9月1号买票。2.追涨杀跌，割肉卫宁健康，去追ST和科，结果2边被套。3.在ST和科连续2天涨停之后，在没有确认突破20.42的高点之前，去追，导致一追就被套。4.被套之后，没有资金来买其他看好的股票。10月操作:1.先做T把ST和科解套，再慢慢做T把卫宁解套，10月目标先解套。,0,切菜大叔,2561745754,2025-09-29 13:26:40,0,2,0,60141,0,Android,https://xueqiu.com/2561745754/355017048,2026-07-08 16:20:18
355206158,SZ002816,ST和科,,*ST和科自7月4日周收盘价19.27元，时隔2个半月之后，今天周收盘价19.05元，再次收在19元之上，持有不易啊！在此过程中，有多少科友失去了耐心陆续离去，他们赚钱的少割肉离去的多呀。从股东户数大幅减少可见一斑！！九月已结束，十月即到来，预㊗️诸位科友国庆/中秋双节快乐！百亿和科心想事成！,0,沙尔豪克,1282848579,2025-09-30 13:35:38,3,8,0,39264,1,Android,https://xueqiu.com/1282848579/355206158,2026-07-08 16:20:18
355640532,SZ002816,ST和科,,$*ST和科(SZ002816)$ 快乐的日子总是短暂的，假期结束，该你表现了,0,ST库里,1743746819,2025-10-08 04:09:48,0,1,0,16580,0,iPhone,https://xueqiu.com/1743746819/355640532,2026-07-08 16:20:18
355699342,SZ002816,ST和科,,*ST和科假日结束了，科友们早就按奈不住激动的心情，期盼着科科划时的表现。股东持有户数已创一年来的新低，股价也会创一年来的新高的，科友们从今天开始耐心地等待吧！,0,沙尔豪克,1282848579,2025-10-08 23:16:15,2,5,0,19921,0,Android,https://xueqiu.com/1282848579/355699342,2026-07-08 16:20:18
355713431,SZ002816,ST和科,,*ST和科新的起点，新的征程，十月开门红，新高本月必有！！,0,沙尔豪克,1282848579,2025-10-09 01:34:30,0,8,0,20446,0,Android,https://xueqiu.com/1282848579/355713431,2026-07-08 16:20:18
355719239,SZ002816,ST和科,,$*ST和科(SZ002816)$ 三季度报之王？主板设备涨得那么好,0,向上爬的蝈蝈,3890882365,2025-10-09 01:50:04,0,7,0,22613,0,Android,https://xueqiu.com/3890882365/355719239,2026-07-08 16:20:18
355751831,SZ002816,ST和科,,$*ST和科(SZ002816)$ 之前还没有收在20元以上过，今天收盘封住的话应该是进入新阶段了，为三季报造势了,0,深情的红利小编程师,3000566851,2025-10-09 03:26:41,0,7,0,20438,0,iPhone,https://xueqiu.com/3000566851/355751831,2026-07-08 16:20:18
355901371,SZ002816,ST和科,,*ST和科集合竞价直接顶一字，2天2板，新高待出！,0,沙尔豪克,1282848579,2025-10-10 01:29:20,0,3,0,16390,0,Android,https://xueqiu.com/1282848579/355901371,2026-07-08 16:20:18
355907447,SZ002816,ST和科,,买就要买新高股，人少的，大v队伍不好带。$*ST和科(SZ002816)$ $ST尔雅(SH600107)$,0,待起风,2472800702,2025-10-10 01:45:23,1,10,0,19888,0,Android,https://xueqiu.com/2472800702/355907447,2026-07-08 16:20:18
355910442,SZ002816,ST和科,,$*ST和科(SZ002816)$ 明天要加速了$*ST艾艾(SH603580)$ 越跌越买,0,st博弈,1901742525,2025-10-10 01:52:29,1,5,0,43874,0,Android,https://xueqiu.com/1901742525/355910442,2026-07-08 16:20:18
355929711,SZ002816,ST和科,,$*ST和科(SZ002816)$ 看样子和科要成为三季报之王了，恭喜车上的朋友。认知不足，守了5个月，倒在黎明前，去面壁。,0,YING1997,1793527771,2025-10-10 02:46:31,2,1,0,23944,1,Android,https://xueqiu.com/1793527771/355929711,2026-07-08 16:20:18
355948661,SZ002816,ST和科,,$*ST和科(SZ002816)$ 上个月跑了、倒在黎明前、20多万股,0,我是专家9090,9804961135,2025-10-10 03:59:19,4,3,0,19962,0,Android,https://xueqiu.com/9804961135/355948661,2026-07-08 16:20:18
355963503,SZ002816,ST和科,,$*ST和科(SZ002816)$ 阿冠不出来吹，一下就突破了,0,宇智bo卡卡西,7031892934,2025-10-10 05:34:29,3,2,0,16147,0,iPhone,https://xueqiu.com/7031892934/355963503,2026-07-08 16:20:18
356001139,SZ002816,ST和科,,$*ST和科(SZ002816)$ 今天大盘走成这个样子，下周来ST搏三季报的资金应该不少，至少周一是买不到了,0,深情的红利小编程师,3000566851,2025-10-10 08:05:37,1,3,0,20514,0,iPhone,https://xueqiu.com/3000566851/356001139,2026-07-08 16:20:18
356078867,SZ002816,ST和科,,$*ST和科(SZ002816)$ 海运大战利空出口企业，别把和科带崩了,0,st博弈,1901742525,2025-10-10 22:46:51,4,6,0,47524,0,Android,https://xueqiu.com/1901742525/356078867,2026-07-08 16:20:18
356079556,SZ002816,ST和科,,$*ST和科(SZ002816)$ 国产替代核心票，20亿的光刻机，你值得拥有,0,山中猛虎,5062537522,2025-10-10 23:02:14,0,8,0,22718,0,iPhone,https://xueqiu.com/5062537522/356079556,2026-07-08 16:20:18
356268158,SZ002816,ST和科,,$*ST和科(SZ002816)$ 营收肯定过3亿，盈利,0,我自踏雪至山巅灬,7638288662,2025-10-13 01:35:55,0,2,0,14617,0,Android,https://xueqiu.com/7638288662/356268158,2026-07-08 16:20:16
356269347,SZ002816,ST和科,,$*ST和科(SZ002816)$ 感谢特不靠谱,0,st博弈,1901742525,2025-10-13 01:38:05,0,8,0,42816,0,Android,https://xueqiu.com/1901742525/356269347,2026-07-08 16:20:16
356283205,SZ002816,ST和科,,*ST和科（002816）本周末美股干崩，贸易战大A唱衰。今早大A股指不让唱衰者失望，直接3800点（下跌-2.49%）开盘。在一片片绿色中和科平开下探上行15分钟封涨停板，三天三板。潜在的半导体+光刻胶题材，和科或许是此波贸易战中最大的收益股。不过需要提醒一下：已有的持有成本相对较低，可耐心等待！准备介入的雪友，需要寻找机会，和科短期上涨较急，年内高点24.80元近在咫尺，或许在攻关前调整洗筹。思想上长线持有准备，股价上百亿和科不是梦！行动上且行且珍惜！㊗️好运！！,0,沙尔豪克,1282848579,2025-10-13 02:10:07,0,6,0,23080,1,Android,https://xueqiu.com/1282848579/356283205,2026-07-08 16:20:16
356285896,SZ002816,ST和科,,$*ST和科(SZ002816)$ 这是洗盘还是出货,0,骷髅岛靓仔,4518623783,2025-10-13 02:17:37,4,2,0,17885,0,Android,https://xueqiu.com/4518623783/356285896,2026-07-08 16:20:16
356298984,SZ002816,ST和科,,$*ST和科(SZ002816)$ 横盘4个月，正式开启第二波翻倍行情,0,深情的红利小编程师,3000566851,2025-10-13 02:58:19,0,3,0,25230,0,雪球,https://xueqiu.com/3000566851/356298984,2026-07-08 16:20:16
356318628,SZ002816,ST和科,,$*ST和科(SZ002816)$ 科达半导体才35%的股权，怎么年报写的的纳入并表呢，请教一下,0,拾菇,7706244395,2025-10-13 04:26:27,2,1,0,22203,0,Android,https://xueqiu.com/7706244395/356318628,2026-07-08 16:20:16
356374206,SZ002816,ST和科,,*ST和科：股票交易异常波动公告 网页链接,0,*ST和科(SZ002816),0,2025-10-13 08:29:04,2,2,0,18420,2,公告,https://xueqiu.com/S/SZ002816/356374206,2026-07-08 16:20:16
356414031,SZ002816,ST和科,"*ST和科：截至2025年10月10日股东总户数为5,094户","证券之星消息，*ST和科(002816)10月13日在投资者关系平台上答复投资者关心的问题。投资者：截止2025年10月10日，和科达股东总人数是多少？*ST和科董秘：您好，截至2025年10月10日，公司合并普通账户和融资融券信用账户股东总户数为5,094户。感谢您对公司的关注！以上内容为证券之星据公开信息整理，由AI算法生成（网信算备310104345710301240019号），不构成投资建议。",0,证券之星财经,5187193467,2025-10-13 13:10:30,0,2,0,20898,0,雪球,https://xueqiu.com/5187193467/356414031,2026-07-08 16:20:16
356455128,SZ002816,ST和科,,$*ST和科(SZ002816)$ 新凯莱合作，营收肯定过3亿，盈利，资产注入预期,0,我自踏雪至山巅灬,7638288662,2025-10-14 01:02:33,0,1,0,16535,0,Android,https://xueqiu.com/7638288662/356455128,2026-07-08 16:20:16
356455721,SZ002816,ST和科,,$*ST和科(SZ002816)$ 新凯莱合作，营收肯定过3亿，盈利，资产注入预期,0,我自踏雪至山巅灬,7638288662,2025-10-14 01:06:00,0,3,0,17307,0,Android,https://xueqiu.com/7638288662/356455721,2026-07-08 16:20:16
356468962,SZ002816,ST和科,,$*ST和科(SZ002816)$ 调整先出了。东易买了,0,待起风,2472800702,2025-10-14 01:49:35,0,6,0,17789,0,Android,https://xueqiu.com/2472800702/356468962,2026-07-08 16:20:16
356481132,SZ002816,ST和科,,$*ST和科(SZ002816)$ 拉周线看，这才哪到哪，刚启动而已,0,ST库里,1743746819,2025-10-14 02:19:21,1,2,0,18702,0,iPhone,https://xueqiu.com/1743746819/356481132,2026-07-08 16:20:16
356662214,SZ002816,ST和科,,$*ST和科(SZ002816)$ 昨天洗了不少钉子户，昨天没跑的，今天便不会再跑，坚守5个月，好不容易突破了就这么点格局？,0,st博弈,1901742525,2025-10-15 01:33:55,0,6,0,46764,0,Android,https://xueqiu.com/1901742525/356662214,2026-07-08 16:20:16
356671773,SZ002816,ST和科,,$*ST和科(SZ002816)$ 合力冲击新高，没有跑的理由,0,ST库里,1743746819,2025-10-15 01:58:23,0,2,0,22976,0,iPhone,https://xueqiu.com/1743746819/356671773,2026-07-08 16:20:16
356674500,SZ002816,ST和科,,$*ST和科(SZ002816)$ 这个可以追，有预期，图形也是大级别突破。,0,时来天地同力,5077287029,2025-10-15 02:05:24,0,6,0,27577,0,iPhone,https://xueqiu.com/5077287029/356674500,2026-07-08 16:20:16
356685109,SZ002816,ST和科,,*ST和科（002816）开盘43分钟5天4板本周一的小作文提醒科友：短期涨幅较急，年内高点24.80元近在咫尺，或许在攻关前调整洗筹。经过昨天的洗筹，今早盘快速涨停。洗筹时间虽较短，但也看出主力不愿意丢失筹码，更说明时间对主力至关重要，必有大招在后。股价下探5日均价快速拉起，调整可结束，明天股价可达24.35元，本周突破新高。头铁们继续持有,0,沙尔豪克,1282848579,2025-10-15 02:35:33,1,7,0,35595,1,Android,https://xueqiu.com/1282848579/356685109,2026-07-08 16:20:16
356685427,SZ002816,ST和科,涂氏家族会放弃*ST艾艾吗,涂氏家族会放弃*ST艾艾吗？答案是“否定”的。涂木林（父）：持股33.75%；蔡瑞美（母）：持股33.19%；涂国圣（子）：持股0.44%。2023年5月15日至2023年7月28日期间，涂国圣通过集中竞价交易方式增持公司股份共57.60万股，增持金额合计818.66万元。据此计算，其增持艾艾精工的平均成本约为818.66万元÷57.60万股=14.21元/股。涂氏家族合计持股：67.38%。截至目前，ST艾艾总市值18.9亿，实际流通市值为18.9*（100-67.38）%=6.16518亿。6.2亿流通市值的ST应该是板块最小的了？艾艾精工的前身是美林机械（上海）有限公司，2011年8月，投资方台湾帝通将其持有的艾艾精工100%股权转让给涂木林夫妇。转让后，艾艾精工增资3586.79万元，增资后涂木林夫妇以4462.5万元出资额持有99.34%股权。2016年，艾艾精工上市，发行价为9.81元/股。上市后，实控人夫妇的持股数量和比例随着公司的资本运作等情况有所变化。2020年6月22日至2020年12月18日期间，艾艾精工控股股东及其一致行动人通过集中竞价交易方式累计减持公司股份共计25.39万股，减持金额364万元，占总股本的0.19%。2022年12月20日，艾艾精工公告称，公司董事长、实控人涂木林与其一致行动人蔡瑞美出于自身资金需求，计划通过大宗交易或协议转让方式减持公司股票不超过2186.63万股，减持比例不超过总股本的16.74%。同日晚间，蔡瑞美、涂木林分别与湖南邕兴私募基金管理有限公司、铸锋资产管理（北京）有限公司签署了股份转让协议，合计转让1794.61万股公司股份，占公司总股本的13.74%。不过，2023年4月27日，艾艾精工发布公告称该次股份转让交易终止，理由为“双方股份转让款项尚未支付，股份尚未登记转让”。由此可见，上市后涂氏家族基本没有减持套现。换位思考一下，假如你是涂氏掌舵人，手持*ST艾艾67.38%的股权，你会轻言放弃吗？$ST板块(BK0400)$ $*ST和科(SZ002816)$ @艾艾精工涂国圣本来应该从从容容、游刃有余；现在却是匆匆忙忙、连滚带爬！——《没出息》,0,st博弈,1901742525,2025-10-15 02:36:37,11,5,0,90320,6,Android,https://xueqiu.com/1901742525/356685427,2026-07-08 16:20:16
356688820,SZ002816,ST和科,,$*ST和科(SZ002816)$ 很标准的买点，5日线买点,0,待起风,2472800702,2025-10-15 02:47:09,3,3,0,26416,0,Android,https://xueqiu.com/2472800702/356688820,2026-07-08 16:20:16
356698017,SZ002816,ST和科,,$*ST和科(SZ002816)$ 最近发言的人有点多了哦,0,逮着就骂,7686274158,2025-10-15 03:17:30,3,1,0,31824,0,iPhone,https://xueqiu.com/7686274158/356698017,2026-07-08 16:20:14
356716022,SZ002816,ST和科,*ST和科录得5天4板,来源：证券时报网*ST和科再度涨停，5个交易日内录得4个涨停，累计涨幅为21.73%，累计换手率为16.59%。截至10:14，该股今日成交量260.52万股，成交金额5803.57万元，换手率2.61%。最新A股总市值达23.19亿元。 龙虎榜数据显示，该股因连续三个交易日内，收盘价涨幅偏离值累计达到12%的ST证券、*ST证券上榜龙虎榜1次，买卖居前营业部中，机构净买入409.59万元，营业部席位合计净买入208.90万元。 公司10月13日在交易所互动平台中披露，截至最新（10月10日）股东户数为5094户，较上期（9月30日）增加75户，环比增长1.49%。 据天眼查APP显示，深圳市和科达精密清洗设备股份有限公司成立于2009年01月05日，注册资本10000万人民币。（数据宝） 近日该股表现日期当日涨跌幅（%）换手率（%）主力资金净流入（万元）2025.10.140.186.09-981.982025.10.135.004.9351.432025.10.105.001.06306.302025.10.094.991.91288.652025.09.301.111.7497.592025.09.292.891.52-64.602025.09.26-1.351.2329.552025.09.25-0.221.82-416.092025.09.241.692.40-169.492025.09.23-2.092.82-460.98（文章来源：证券时报网）,0,新浪财经,3338215700,2025-10-15 05:00:42,0,2,0,35727,0,雪球,https://xueqiu.com/3338215700/356716022,2026-07-08 16:20:14
356808884,SZ002816,ST和科,,$*ST和科(SZ002816)$主板没啥好机会，玩玩ST吧，博弈一些有摘帽预期且超跌底部没涨多少的标的，随便玩玩2. *ST 和科摘帽逻辑：业务转型半导体和储能设备，国资入主优势：2025 年一季度营收同比增长 1379.26%，颍泉区国资委控股 16%前景：切入高景气赛道，摘帽只是时间问题#雪球星计划#,0,爆红可乐,8142292456,2025-10-15 13:43:54,2,3,0,41223,2,雪球,https://xueqiu.com/8142292456/356808884,2026-07-08 16:20:14
356926654,SZ002816,ST和科,,$*ST和科(SZ002816)$ 这个股有没有退市风险？是不是今年营收不过3亿就被抬走了,0,整齐的升值决战者,1404070325,2025-10-16 06:44:53,1,2,0,22852,0,Android,https://xueqiu.com/1404070325/356926654,2026-07-08 16:20:14
357134398,SZ002816,ST和科,,$*ST和科(SZ002816)$ 三季报怎么样月初基本就知道了，发布当天股价要到多少庄家心里肯定有数的。今天低吸了几口，没护盘，属于顺水推舟整理一下,0,深情的红利小编程师,3000566851,2025-10-17 07:39:17,24,6,0,30268,3,雪球,https://xueqiu.com/3000566851/357134398,2026-07-08 16:20:14
357243521,SZ002816,ST和科,,$*ST和科(SZ002816)$ 和科达半导体PK电科四十五所，中标。,0,YING1997,1793527771,2025-10-18 08:51:05,1,4,0,30580,0,Android,https://xueqiu.com/1793527771/357243521,2026-07-08 16:20:14
357280174,SZ002816,ST和科,,25亿市值，为何不选21亿市值的st和科，国资光刻机业绩摘帽？都督,0,先天下之乐而乐,4108580205,2025-10-19 03:25:21,1,1,0,17216,0,iPhone,https://xueqiu.com/4108580205/357280174,2026-07-08 16:20:14
357352088,SZ002816,ST和科,,$*ST和科(SZ002816)$ 重申一下10月13日的观点10月13日的观点不变： 4月份发第一个帖子的时候，观点是10元以下的和科达，这两年是见不到了。 现在的观点是20元以下的和科达，这两年也见不到了。,0,不快不吐,1064329507,2025-10-20 02:14:21,0,3,0,20837,0,雪球,https://xueqiu.com/1064329507/357352088,2026-07-08 16:20:14
357419836,SZ002816,ST和科,,$*ST和科(SZ002816)$ 三季报将近，短线企稳可以慢慢布局了，st板块预订一个业绩增幅王,0,老珍酒,1311306095,2025-10-20 08:02:02,0,2,0,20927,0,Android,https://xueqiu.com/1311306095/357419836,2026-07-08 16:20:14
357452464,SZ002816,ST和科,,$*ST和科(SZ002816)$ 预估一下，明天开始择机布局，保守营收增幅同比增长25倍–35倍，净利润转正，拿到下周一晚上开奖,0,老珍酒,1311306095,2025-10-20 12:41:42,9,2,0,21704,0,Android,https://xueqiu.com/1311306095/357452464,2026-07-08 16:20:14
357532036,SZ002816,ST和科,,$ST板块(BK0400)$ 今年行政处罚类ST走出了一波摘帽趋势牛；明年，由于退市新规出现的第一批财务类（营收不足或净利润为负）*ST将会集中在年报披露前走出一波摘帽趋势牛，时间节点将从三季度报披露后开启。$*ST精伦(SH600355)$ $*ST和科(SZ002816)$,0,st博弈,1901742525,2025-10-21 03:37:28,0,10,0,74513,6,Android,https://xueqiu.com/1901742525/357532036,2026-07-08 16:20:14
357553607,SZ002816,ST和科,,$*ST和科(SZ002816)$ 28号三季度报，老鸭头张嘴，金凤吐珠形态！,0,st博弈,1901742525,2025-10-21 05:53:56,0,9,0,45571,0,Android,https://xueqiu.com/1901742525/357553607,2026-07-08 16:20:14
357618478,SZ002816,ST和科,"*ST和科：截至2025年10月20日股东总户数为5,071户","证券之星消息，*ST和科(002816)10月21日在投资者关系平台上答复投资者关心的问题。投资者：请问截止到10月20日，和科达公司股东总人数是多少？*ST和科董秘：您好，截至2025年10月20日，公司合并普通账户和融资融券信用账户股东总户数为5,071户。感谢您对公司的关注！以上内容为证券之星据公开信息整理，由AI算法生成（网信算备310104345710301240019号），不构成投资建议。",0,证券之星财经,5187193467,2025-10-21 13:11:36,0,0,0,21009,0,雪球,https://xueqiu.com/5187193467/357618478,2026-07-08 16:20:14
357695561,SZ002816,ST和科,,$*ST和科(SZ002816)$ 继续锁仓不动,0,老珍酒,1311306095,2025-10-22 03:24:45,0,2,0,16761,0,Android,https://xueqiu.com/1311306095/357695561,2026-07-08 16:20:14
357718101,SZ002816,ST和科,,$*ST和科(SZ002816)$ 2025年仅剩2个月了，与投资人存在对赌协议的阜阳欣奕华新材料科技股份有限公司是不是可以考虑一下终止lPO改道借壳上市了？,0,st博弈,1901742525,2025-10-22 05:46:42,4,6,0,46091,0,Android,https://xueqiu.com/1901742525/357718101,2026-07-08 16:20:14
357844445,SZ002816,ST和科,,$*ST和科(SZ002816)$ 勤劳的董秘对我的提问故意避开了吗？？？$ST板块(BK0400)$,0,st博弈,1901742525,2025-10-23 02:24:36,3,1,0,39806,0,Android,https://xueqiu.com/1901742525/357844445,2026-07-08 16:20:14
357844538,SZ002816,ST和科,*ST 和科-全年业绩预测深度解析,截至目前，ST 和科 2025 年第三季度及全年正式业绩尚未披露。结合公司业务转型进展、在手订单节奏、产能释放计划及行业发展规律，本文从预测视角解析其业绩增长逻辑与潜在空间，供市场参考（注：以下数据均为基于公开信息的合理测算，具体以公司正式公告为准）。一、季度业绩预测：从 “爬坡” 到 “爆发” 的阶梯式增长（一）前三季度：同比增幅有望突破千倍结合公司 2025 年上半年已实现营收 7519.46 万元（同比增长 1541.63%）及第三季度业务推进节奏，预计前三季度营收将达到 1.81 亿 - 2.30 亿元。其中，第三季度单季营收预计为 1.06 亿 - 1.55 亿元，较 2024 年同期的 96.24 万元，同比增幅大概率处于 10914%-15902% 区间，实现 “千倍级” 增长的可能性极高。这一预测并非凭空推演：从行业惯例看，半导体设备交付需经历海运、清关、安装调试等流程，周期通常为 3-6 个月，公司中标苹果印度工厂的半导体清洗设备订单自上半年确认后，恰好在第三季度进入首批交付及收入确认阶段；线束业务则随着注册资本从 1000 万元增至 5000 万元，产能在三季度进一步释放，与上半年月均 676 万元的收入水平相比，季度收入中枢显著上移。（二）第四季度：增长动能持续强化预计第四季度营收将实现 1.85 亿 - 2.70 亿元，较 2024 年同期的 1905 万元，同比增幅预计可达 871%-1317%。从环比视角看，较三季度预测营收上限 1.55 亿元，增长幅度约为 19%-74%，呈现 “逐季加速” 的增长态势。这一预测主要基于两大核心支撑：一是半导体设备订单进入密集交付期，参考炬光科技与 SK 海力士 2.1 亿元订单的交付节奏，公司苹果印度工厂订单的 60%-80% 有望在四季度完成交付；二是线束业务新增客户开始贡献增量，传闻切入的比亚迪、宁德时代供应链或在四季度实现小批量供货，推动收入规模进一步扩大。二、业绩增长核心驱动力：三大业务的协同进化（一）半导体清洗设备：从 “零突破” 到 “主引擎”作为公司战略级转型方向，半导体清洗设备业务是本次业绩预测中增长弹性最大的板块。2024 年该业务几乎无实质收入，而 2025 年三季度预计贡献 5000 万 - 8000 万元营收，四季度预计进一步提升至 1.2 亿 - 1.8 亿元，全年收入有望突破 2 亿元。这一预测的核心依据在于：其一，订单确定性强，公司控股子公司和科达半导体已明确切入苹果供应链，此类标杆客户订单交付节奏相对可控；其二，技术储备形成支撑，新增的高温化学清洗工艺针对 3D NAND 等高端制程，国内具备量产能力的厂商不足 5 家，若四季度获得国内晶圆厂验证订单，可额外带来 2000 万 - 5000 万元收入；其三，行业需求旺盛，2025 年全球晶圆厂产能预计增长 15%，半导体清洗设备作为产线核心设备，市场需求处于上升周期。（二）线束业务：产能与客户的双重突破线束业务从 2024 年的 “空白状态” 成长为 2025 年的第二增长曲线，上半年已实现收入 4053 万元（同比增长 16875.79%），预计三季度贡献 3600 万 - 4500 万元，四季度达到 4500 万 - 6000 万元，全年收入有望接近 1 亿元。支撑这一预测的关键因素包括：产能端，公司通过注册资本增资实现产能从月均 676 万元向 1800 万 - 2200 万元的跃升，规模化生产后成本摊薄效应显著；客户端，从中小客户向比亚迪、宁德时代等头部车企渗透，参考行业惯例，初始订单规模通常在 500 万 - 1000 万元，且具备持续放量潜力；盈利端，新能源线束毛利率维持在 40% 左右，显著高于传统业务，成为利润贡献的重要来源。（三）传统清洗设备：结构优化后的 “稳定器”在战略转型过程中，传统清洗设备业务通过退出中低端市场、聚焦高端精密领域实现 “提质增效”。上半年该业务收入 3263 万元（同比增长 118.7%），毛利率提升至 21.88%，预计三季度贡献 2000 万 - 3000 万元，四季度保持同等规模，全年收入稳定在 5000 万 - 6000 万元。这一预测基于业务调整的明确节奏：公司 2025 年主动缩减低毛利订单超 3000 万元，将资源集中于半导体辅助设备、医疗清洗设备等高端领域，从上半年数据看，结构优化已带来收入与毛利的同步改善，且高端市场需求相对稳定，为整体业绩提供基础支撑。三、全年业绩展望：从 “扭亏” 到 “高增” 的质变跨越综合各季度及业务板块预测，2025 年 ST 和科全年营收有望达到 3.66 亿 - 5.00 亿元，较 2024 年全年 2459 万元的营收规模，同比增幅预计在 1389%-1934% 之间。盈利端，随着高毛利业务占比提升，预计将实现净利润 1.32 亿 - 1.85 亿元，较 2024 年亏损 5278.41 万元实现根本性扭转。这一业绩预测背后，是公司完整的战略落地逻辑：在行业选择上，精准切入半导体设备国产替代（国内市场规模超 200 亿元）与新能源汽车（线束市场规模超 800 亿元）两大高增长赛道；在执行层面，通过产能扩张、客户突破、结构优化等动作将战略转化为营收；在财务层面，营收规模扩张覆盖研发与销售费用增长，净利率有望维持在 35%-45% 的较高水平。四、预测风险提示：需关注的不确定性因素需特别说明的是，上述业绩预测基于当前可获取的公开信息，实际业绩可能因以下因素出现偏差：订单交付风险：半导体设备交付受海运时效、清关流程、客户验收进度等因素影响，若出现延误可能导致收入确认滞后，参考行业案例，交付周期波动可能影响单季度营收 ±20% 的变动；客户验证风险：线束业务新进入头部车企供应链需经历严格的验证流程，若四季度未能实现批量供货，可能影响全年收入规模；成本波动风险：铜、铝等原材料价格上涨可能压缩线束业务毛利率，而半导体设备核心零部件供应稳定性也可能影响生产成本；监管披露风险：根据《上市公司信息披露管理办法》，若实际业绩与预测存在重大差异（通常为 ±20%），公司需及时披露修正公告。五、结语：转型逻辑下的价值重估机会从预测视角看，ST 和科 2025 年的业绩增长并非短期脉冲式爆发，而是业务转型、订单落地与行业红利共振的结果。半导体设备业务打开成长天花板，线束业务提供中期增长动能，传统业务保障业绩稳定性，三大板块形成 “爆发 + 成长 + 稳定” 的良性结构。对于市场而言，后续可重点关注两大验证节点：10 月 28 日公司三季报披露的实际营收与业务贡献情况，将直接验证三季度预测的合理性；四季度末半导体订单交付进度及线束客户供货节奏，将决定 2026 年增长的延续性。在半导体与新能源的双重风口下，若业绩预测能够逐步兑现，公司有望实现从 “ST 股” 到 “成长股” 的价值重估。$*ST和科(SZ002816)$,0,老珍酒,1311306095,2025-10-23 02:24:52,9,5,0,38062,3,雪球,https://xueqiu.com/1311306095/357844538,2026-07-08 16:20:14
357878327,SZ002816,ST和科,,$*ST和科(SZ002816)$ 也算半个深圳半导体企业，重组突破24.8可以么,0,出手就有A,3816469283,2025-10-23 05:06:55,0,1,0,24751,0,iPhone,https://xueqiu.com/3816469283/357878327,2026-07-08 16:20:14
357930049,SZ002816,ST和科,,$*ST和科(SZ002816)$ 让AI看了下《深圳市推动并购重组高质量发展行动方案（2025—2027年）》原文，总结如下：综合来看，*ST和科目前筹划的并购方向与深圳新政重点支持的领域高度契合，这为其推动重组提供了有利的政策环境。深圳市10月22日发布的并购重组政策，其支持范围具有广泛的包容性，明确包含了实控人为外地国资委但注册地在深圳的上市公司。这类公司不仅符合支持条件，而且因其独特的“跨区域国资背景”和“扎根深圳产业生态”的特点，可能获得特别的关注和支持。接下来的一年内必然重组，如果标的是阜阳欣奕华，200亿真的不是梦,0,深情的红利小编程师,3000566851,2025-10-23 09:28:23,3,6,0,37018,1,雪球,https://xueqiu.com/3000566851/357930049,2026-07-08 16:20:14
357970089,SZ002816,ST和科,,st和科，三季度业绩爆表，利润转正,0,老珍酒,1311306095,2025-10-23 14:38:30,0,2,0,16742,0,Android,https://xueqiu.com/1311306095/357970089,2026-07-08 16:20:14
358006985,SZ002816,ST和科,,$*ST和科(SZ002816)$ 简单猜一下三季报（老珍酒吧友发的年报预测，很详细，建议大家参考）:1、三季报实现1-9月扭亏，上半年微亏，这个难度不大，主要看三季度单季利润亮不亮眼。2、营收个人重点观察3季度单季能否过亿，这个对全年营收影响大。3、看业务结构，线束是否开始放量，印度订单是否开始确认收入。4、有没有光刻机方面的信息。如果实现1，且单季利润可观，则明年摘帽板上钉钉，参考去年摘帽价格，超过去年高点没问题。如果能实现1和2，则全年营收超3个亿可实现，就变成摘帽加成长概念，市值的空间就打开了。看3的结构，可以给出不同估值，印度订单的估值肯定比线束要高。估计4和之前的所谓机器人收购，年内够呛，主要还是果汁决策程序太慢，效率太低。最坏的情况是前三季度微利，三季度单季销售收入不够或无法确认，这种情意下，股价只能维持现价。咸鱼翻身，只是时间问题,0,不快不吐,1064329507,2025-10-24 01:50:55,1,7,0,23867,2,雪球,https://xueqiu.com/1064329507/358006985,2026-07-08 16:20:13
358028874,SZ002816,ST和科,,$*ST和科(SZ002816)$ 剩下两个交易日，光刻机营收与大家见面倒计时，脚踩24.8，挑战40。,0,st博弈,1901742525,2025-10-24 02:55:36,2,8,0,44887,0,Android,https://xueqiu.com/1901742525/358028874,2026-07-08 16:20:13
358071191,SZ002816,ST和科,,$*ST和科(SZ002816)$ 要走的快走了，下周一还有一次砸盘机会,0,老珍酒,1311306095,2025-10-24 06:19:09,2,0,0,16177,0,Android,https://xueqiu.com/1311306095/358071191,2026-07-08 16:20:13
358072572,SZ002816,ST和科,,$*ST和科(SZ002816)$ 我一卖你就要涨停是吧,0,上士闻道C,5493350745,2025-10-24 06:24:32,1,1,0,22273,0,Android,https://xueqiu.com/5493350745/358072572,2026-07-08 16:20:13
358073729,SZ002816,ST和科,,$*ST和科(SZ002816)$ 三季报在即……应该有点儿东西！加油,0,谦杯不醉,7799914152,2025-10-24 06:29:02,2,5,0,17061,0,iPhone,https://xueqiu.com/7799914152/358073729,2026-07-08 16:20:13
358089224,SZ002816,ST和科,,$*ST和科(SZ002816)$ 真的没老师了吗？难柽这么强,0,长牛乱舞,9526081372,2025-10-24 07:32:56,1,6,0,42217,0,Android,https://xueqiu.com/9526081372/358089224,2026-07-08 16:20:13
358097284,SZ002816,ST和科,,$*ST和科(SZ002816)$ 周线收盘价已经超过去年高点,0,深情的红利小编程师,3000566851,2025-10-24 08:14:17,0,2,0,24056,0,雪球,https://xueqiu.com/3000566851/358097284,2026-07-08 16:20:13
358123132,SZ002816,ST和科,,$*ST和科(SZ002816)$ 还有人吗？拔剑四顾心茫然。,0,王牌摸鱼喵,1398621531,2025-10-24 10:55:54,19,60,0,144265,1,HarmonyOS,https://xueqiu.com/1398621531/358123132,2026-07-08 16:20:13
358224101,SZ002816,ST和科,,$*ST和科(SZ002816)$ 这票居然还有下午也可以涨停的,0,我是专家9090,9804961135,2025-10-25 21:38:09,0,1,0,10566,0,Android,https://xueqiu.com/9804961135/358224101,2026-07-08 16:20:13
358302289,SZ002816,ST和科,,$*ST和科(SZ002816)$ 静待晚上公告，一毛钱T都不做,0,老珍酒,1311306095,2025-10-27 01:23:10,3,3,0,10209,0,Android,https://xueqiu.com/1311306095/358302289,2026-07-08 16:20:13
358323319,SZ002816,ST和科,,今天是潜伏三季度报的短线资金兑现日，我选择相信孟董，相信*ST和科困境反转。若晚上三季度报超预期，明天还能买得到吗？$ST板块(BK0400)$,0,st博弈,1901742525,2025-10-27 02:19:56,4,3,0,36253,0,Android,https://xueqiu.com/1901742525/358323319,2026-07-08 16:20:13
358335710,SZ002816,ST和科,,$*ST和科(SZ002816)$ 今天这走势有点刺激啊，就目前盘面来看感觉今晚财报偏中性，不然应该直接封板的啊,0,逮着就骂,7686274158,2025-10-27 02:56:20,6,0,0,13675,0,iPhone,https://xueqiu.com/7686274158/358335710,2026-07-08 16:20:13
358367007,SZ002816,ST和科,,$*ST和科(SZ002816)$ 给机会上车就上了 困境反转来一波,0,东南场的大彭,5898786514,2025-10-27 05:37:53,0,3,0,10122,0,雪球,https://xueqiu.com/5898786514/358367007,2026-07-08 16:20:13
358392273,SZ002816,ST和科,,*ST和科早盘延续上个交易日涨停，高开带量破一年前高点24.80元，创25.10元新高。然后股价逐波下滑，补去早盘高开缺口，个人认为：已创出新高任务完成。午盘缩量围绕昨天收盘价来回震荡，消化前期高点附近筹码，属于正常洗筹范畴。今晚公布三季度数据，希望明天开盘有个全新的和科。我期待！,0,沙尔豪克,1282848579,2025-10-27 07:16:38,1,6,0,16722,0,Android,https://xueqiu.com/1282848579/358392273,2026-07-08 16:20:13
358401978,SZ002816,ST和科,,$*ST和科(SZ002816)$ 一股未动，静待花开。,0,老珍酒,1311306095,2025-10-27 08:05:50,0,3,0,6754,0,Android,https://xueqiu.com/1311306095/358401978,2026-07-08 16:20:13
358432507,SZ002816,ST和科,,*ST和科：信息披露暂缓与豁免事务管理制度（2025年10月） 网页链接,0,*ST和科(SZ002816),0,2025-10-27 10:46:45,0,0,0,3246,0,公告,https://xueqiu.com/S/SZ002816/358432507,2026-07-08 16:20:13
358432508,SZ002816,ST和科,,*ST和科：关于续聘会计师事务所的公告 网页链接,0,*ST和科(SZ002816),0,2025-10-27 10:46:45,0,0,0,3418,0,公告,https://xueqiu.com/S/SZ002816/358432508,2026-07-08 16:20:13
358432509,SZ002816,ST和科,,*ST和科：融资与对外担保管理制度（修订稿） 网页链接,0,*ST和科(SZ002816),0,2025-10-27 10:46:45,0,0,0,3339,0,公告,https://xueqiu.com/S/SZ002816/358432509,2026-07-08 16:20:13
358432510,SZ002816,ST和科,,*ST和科：关于2025年前三季度转回信用减值准备的公告 网页链接,0,*ST和科(SZ002816),0,2025-10-27 10:46:45,0,0,0,3518,0,公告,https://xueqiu.com/S/SZ002816/358432510,2026-07-08 16:20:13
358432512,SZ002816,ST和科,,*ST和科：独立董事工作制度（修订稿） 网页链接,0,*ST和科(SZ002816),0,2025-10-27 10:46:45,0,0,0,3412,0,公告,https://xueqiu.com/S/SZ002816/358432512,2026-07-08 16:20:13
358432513,SZ002816,ST和科,,*ST和科：股东会议事规则（修订稿） 网页链接,0,*ST和科(SZ002816),0,2025-10-27 10:46:45,0,0,0,3414,0,公告,https://xueqiu.com/S/SZ002816/358432513,2026-07-08 16:20:10
358432514,SZ002816,ST和科,,*ST和科：关联交易管理制度（修订稿） 网页链接,0,*ST和科(SZ002816),0,2025-10-27 10:46:45,0,0,0,3483,0,公告,https://xueqiu.com/S/SZ002816/358432514,2026-07-08 16:20:10
358432540,SZ002816,ST和科,,*ST和科：2025年三季度报告 网页链接,0,*ST和科(SZ002816),0,2025-10-27 10:46:49,10,5,0,7484,0,公告,https://xueqiu.com/S/SZ002816/358432540,2026-07-08 16:20:10
358432541,SZ002816,ST和科,,*ST和科：关于召开2025年第一次临时股东大会的通知 网页链接,0,*ST和科(SZ002816),0,2025-10-27 10:46:49,0,0,0,3560,0,公告,https://xueqiu.com/S/SZ002816/358432541,2026-07-08 16:20:10
358432542,SZ002816,ST和科,,*ST和科：第四届董事会第二十一次会议决议公告 网页链接,0,*ST和科(SZ002816),0,2025-10-27 10:46:49,0,0,0,3613,0,公告,https://xueqiu.com/S/SZ002816/358432542,2026-07-08 16:20:10
358432544,SZ002816,ST和科,,*ST和科：独立董事提名人声明与承诺（纪贵宝） 网页链接,0,*ST和科(SZ002816),0,2025-10-27 10:46:49,0,0,0,3841,0,公告,https://xueqiu.com/S/SZ002816/358432544,2026-07-08 16:20:10
358432545,SZ002816,ST和科,,*ST和科：关于2026年度担保额度预计的公告 网页链接,0,*ST和科(SZ002816),0,2025-10-27 10:46:49,0,0,0,3846,0,公告,https://xueqiu.com/S/SZ002816/358432545,2026-07-08 16:20:10
358432546,SZ002816,ST和科,,*ST和科：第四届监事会第十六次会议决议公告 网页链接,0,*ST和科(SZ002816),0,2025-10-27 10:46:49,0,0,0,3658,0,公告,https://xueqiu.com/S/SZ002816/358432546,2026-07-08 16:20:10
358432547,SZ002816,ST和科,,*ST和科：关于董事会换届选举的公告 网页链接,0,*ST和科(SZ002816),0,2025-10-27 10:46:49,0,0,0,3903,0,公告,https://xueqiu.com/S/SZ002816/358432547,2026-07-08 16:20:10
358432982,SZ002816,ST和科,,*ST和科：董事会议事规则（修订稿） 网页链接,0,*ST和科(SZ002816),0,2025-10-27 10:49:48,0,0,0,3701,0,公告,https://xueqiu.com/S/SZ002816/358432982,2026-07-08 16:20:10
358432983,SZ002816,ST和科,,*ST和科：对外投资管理制度（修订稿） 网页链接,0,*ST和科(SZ002816),0,2025-10-27 10:49:48,0,0,0,3716,0,公告,https://xueqiu.com/S/SZ002816/358432983,2026-07-08 16:20:10
358432984,SZ002816,ST和科,,*ST和科：深圳市和科达精密清洗设备股份有限公司章程（修订稿） 网页链接,0,*ST和科(SZ002816),0,2025-10-27 10:49:48,0,0,0,9441,0,公告,https://xueqiu.com/S/SZ002816/358432984,2026-07-08 16:20:10
358432985,SZ002816,ST和科,,*ST和科：募集资金管理制度（修订稿） 网页链接,0,*ST和科(SZ002816),0,2025-10-27 10:49:48,0,0,0,3777,0,公告,https://xueqiu.com/S/SZ002816/358432985,2026-07-08 16:20:10
358432986,SZ002816,ST和科,,*ST和科：董事会秘书工作细则（2025年10月） 网页链接,0,*ST和科(SZ002816),0,2025-10-27 10:49:48,0,0,0,3784,0,公告,https://xueqiu.com/S/SZ002816/358432986,2026-07-08 16:20:10
358432987,SZ002816,ST和科,,*ST和科：内部审计制度（2025年10月） 网页链接,0,*ST和科(SZ002816),0,2025-10-27 10:49:49,0,0,0,4151,0,公告,https://xueqiu.com/S/SZ002816/358432987,2026-07-08 16:20:10
358432988,SZ002816,ST和科,,*ST和科：董事、高级管理人员薪酬与考核管理制度（修订稿） 网页链接,0,*ST和科(SZ002816),0,2025-10-27 10:49:49,0,0,0,4161,0,公告,https://xueqiu.com/S/SZ002816/358432988,2026-07-08 16:20:10
358432989,SZ002816,ST和科,,*ST和科：总经理工作细则（2025年10月） 网页链接,0,*ST和科(SZ002816),0,2025-10-27 10:49:49,0,0,0,4191,0,公告,https://xueqiu.com/S/SZ002816/358432989,2026-07-08 16:20:10
358432990,SZ002816,ST和科,,*ST和科：董事会战略发展委员会工作细则（2025年10月） 网页链接,0,*ST和科(SZ002816),0,2025-10-27 10:49:49,0,0,0,4427,0,公告,https://xueqiu.com/S/SZ002816/358432990,2026-07-08 16:20:10
358432991,SZ002816,ST和科,,*ST和科：会计师事务所选聘制度（2025年10月） 网页链接,0,*ST和科(SZ002816),0,2025-10-27 10:49:49,0,0,0,4545,0,公告,https://xueqiu.com/S/SZ002816/358432991,2026-07-08 16:20:10
358432992,SZ002816,ST和科,,*ST和科：投资者关系管理制度（2025年10月） 网页链接,0,*ST和科(SZ002816),0,2025-10-27 10:49:49,0,0,0,4708,0,公告,https://xueqiu.com/S/SZ002816/358432992,2026-07-08 16:20:10
358432993,SZ002816,ST和科,,*ST和科：信息披露管理制度（2025年10月） 网页链接,0,*ST和科(SZ002816),0,2025-10-27 10:49:49,0,0,0,4861,0,公告,https://xueqiu.com/S/SZ002816/358432993,2026-07-08 16:20:09
358432994,SZ002816,ST和科,,*ST和科：董事会提名委员会工作细则（2025年10月） 网页链接,0,*ST和科(SZ002816),0,2025-10-27 10:49:49,0,0,0,5045,0,公告,https://xueqiu.com/S/SZ002816/358432994,2026-07-08 16:20:09
358432995,SZ002816,ST和科,,*ST和科：董事和高级管理人员所持本公司股份及其变动管理制度（2025年10月） 网页链接,0,*ST和科(SZ002816),0,2025-10-27 10:49:49,0,0,0,5261,0,公告,https://xueqiu.com/S/SZ002816/358432995,2026-07-08 16:20:09
358432996,SZ002816,ST和科,,*ST和科：董事会审计委员会工作细则（2025年10月） 网页链接,0,*ST和科(SZ002816),0,2025-10-27 10:49:49,0,0,0,5446,0,公告,https://xueqiu.com/S/SZ002816/358432996,2026-07-08 16:20:09
358432997,SZ002816,ST和科,,*ST和科：内幕信息知情人登记管理制度（2025年10月） 网页链接,0,*ST和科(SZ002816),0,2025-10-27 10:49:49,0,0,0,6983,0,公告,https://xueqiu.com/S/SZ002816/358432997,2026-07-08 16:20:09
358433603,SZ002816,ST和科,,$*ST和科(SZ002816)$ 第三季度营收和预测相比略微低了一点点，问题不大，符合预期！,0,老珍酒,1311306095,2025-10-27 10:53:00,0,6,0,7879,0,Android,https://xueqiu.com/1311306095/358433603,2026-07-08 16:20:09
358433706,SZ002816,ST和科,,*ST和科：重大信息内部报告制度（2025年10月） 网页链接,0,*ST和科(SZ002816),0,2025-10-27 10:53:41,0,0,0,7329,0,公告,https://xueqiu.com/S/SZ002816/358433706,2026-07-08 16:20:09
358433708,SZ002816,ST和科,,*ST和科：董事会薪酬与考核委员会工作细则（2025年10月） 网页链接,0,*ST和科(SZ002816),0,2025-10-27 10:53:41,0,0,0,7719,0,公告,https://xueqiu.com/S/SZ002816/358433708,2026-07-08 16:20:09
358433711,SZ002816,ST和科,,*ST和科：防范控股股东、实际控制人及关联方占用公司资金制度（2025年10月） 网页链接,0,*ST和科(SZ002816),0,2025-10-27 10:53:41,0,0,0,8025,0,公告,https://xueqiu.com/S/SZ002816/358433711,2026-07-08 16:20:09
358433716,SZ002816,ST和科,,*ST和科：独立董事候选人声明与承诺（纪贵宝） 网页链接,0,*ST和科(SZ002816),0,2025-10-27 10:53:42,0,0,0,8825,0,公告,https://xueqiu.com/S/SZ002816/358433716,2026-07-08 16:20:09
358433717,SZ002816,ST和科,,*ST和科：互动易平台信息发布及回复内部审核制度（2025年10月） 网页链接,0,*ST和科(SZ002816),0,2025-10-27 10:53:42,0,0,0,9020,0,公告,https://xueqiu.com/S/SZ002816/358433717,2026-07-08 16:20:09
358433718,SZ002816,ST和科,,*ST和科：第四届董事会提名委员会关于第五届董事会独立董事候选人任职资格的审核意见 网页链接,0,*ST和科(SZ002816),0,2025-10-27 10:53:42,0,0,0,9293,0,公告,https://xueqiu.com/S/SZ002816/358433718,2026-07-08 16:20:09
358433719,SZ002816,ST和科,,*ST和科：关于修订《公司章程》及修订、制定和废止公司部分制度的公告 网页链接,0,*ST和科(SZ002816),0,2025-10-27 10:53:42,0,0,0,9893,0,公告,https://xueqiu.com/S/SZ002816/358433719,2026-07-08 16:20:09
358433721,SZ002816,ST和科,,*ST和科：独立董事提名人声明与承诺（徐张宝） 网页链接,0,*ST和科(SZ002816),0,2025-10-27 10:53:42,0,0,0,10662,0,公告,https://xueqiu.com/S/SZ002816/358433721,2026-07-08 16:20:09
358433722,SZ002816,ST和科,,*ST和科：独立董事候选人声明与承诺（徐张宝） 网页链接,0,*ST和科(SZ002816),0,2025-10-27 10:53:42,0,0,0,11958,0,公告,https://xueqiu.com/S/SZ002816/358433722,2026-07-08 16:20:09
358434149,SZ002816,ST和科,,$*ST和科(SZ002816)$ 营收同比增长30倍，预期内,0,老珍酒,1311306095,2025-10-27 10:56:23,5,5,0,15606,0,Android,https://xueqiu.com/1311306095/358434149,2026-07-08 16:20:09
358438819,SZ002816,ST和科,财报速递：*ST和科2025年前三季度净利润673.38万元,10月28日，A股上市公司*ST和科（002816）发布2025年前三季度业绩报告，其中，净利润673.38万元，扭亏为盈。 根据同花顺财务诊断大模型对其本期及过去5年财务数据1200余项财务指标的综合运算及跟踪分析，*ST和科近五年总体财务状况低于行业平均水平。具体而言，偿债能力一般。 净利润673.38万元，扭亏为盈 从营收和利润方面看，公司本报告期实现营业总收入1.68亿元，同比增长2932.86%，净利润673.38万元，同比扭亏为盈，去年同期亏损3045.74万元，基本每股收益为0.07元。 从资产方面看，公司报告期内，期末资产总计为4.60亿元，应收账款为1.71亿元；现金流量方面，经营活动产生的现金流量净额为-2861.00万元，销售商品、提供劳务收到的现金为1.68亿元。 财务状况欠佳，存在6项财务风险 根据*ST和科公布的相关财务信息显示，公司存在6个财务风险，具体如下： 指标类型评述收益率净资产收益率平均为-13.25%，公司盈利能力较差。盈利营业利润率平均为-74.76%，公司赚钱能力较差。应收应收账款周转率平均为1.40(次/年)，公司收帐压力大。存货周转存货周转率平均为1.33(次/年)，存货变现能力较差。营运总资产周转率平均为0.46(次/年)，公司运营能力很低。收益净利润现金含量平均为-633.14%，公司现金流较差。 综合来看，*ST和科总体财务状况低于行业平均水平，当前总评分为0.64分，在所属的专用设备行业的197家公司中排名靠后。具体而言，偿债能力一般。 各项指标评分如下： 指标类型上期评分本期评分排名评价成长能力0.232.16113尚可偿债能力2.891.24149一般营运能力0.680.86164不佳盈利能力0.080.56176较低现金流0.360.15192较弱资产质量1.430.03197不佳总分0.470.64191低于行业平均水平 关于同花顺财务诊断大模型 同花顺（300033）财务诊断大模型根据公司最新及往期财务数据和行业状况，计算出公司的财务评分、亮点和风险，反映公司已披露的财务状况，但不是对未来财务状况的预测。财务评分区间为0~5分，分数越高说明财务状况越好、对中长期的投资价值越大。财务亮点与风险评述中涉及“平均”关键词的取指标5年平均值，没有“平均”关键词的取最新报告期数据。上述所有信息均基于人工智能算法，仅供参考，不代表同花顺财经观点，投资者据此操作，风险自担。 了解更多该公司的股票诊断信息>>>,0,*ST和科(SZ002816),0,2025-10-27 11:24:33,0,0,0,14107,0,新闻,https://xueqiu.com/S/SZ002816/358438819,2026-07-08 16:20:09
358443660,SZ002816,ST和科,,$*ST和科(SZ002816)$ 合同负债从2季度的3343万提升到3季度末的5869万。截止三季度营收1.68亿，四季度需再冲击1.4亿。截止三季度扣非净利润-271万，三季度利润567万，四季度保持这个趋势可以扣非利润为正。结论：期待年底利润、营业额双丰收保壳成功。PS：明天可能潜伏盘兑现利润，砸盘，造成利润回撤，也可能场外资金信心满满顶板买入。目前本人盈利40%，持仓不动，看好和科达相关半导体概念及摘帽后市值提升。,0,逍遥_任,9174224488,2025-10-27 11:51:07,0,2,0,21050,0,雪球,https://xueqiu.com/9174224488/358443660,2026-07-08 16:20:09
358452082,SZ002816,ST和科,,$*ST和科(SZ002816)$ 机构走了，大户进来了，业绩符合预期保壳没问题了，至于资产注入与重组今年应该是没啥盼头了,0,对生活充满期待,9490032997,2025-10-27 12:45:18,1,1,0,14918,0,iPhone,https://xueqiu.com/9490032997/358452082,2026-07-08 16:20:09
358468857,SZ002816,ST和科,,$*ST和科(SZ002816)$ 没有超预期，但是即使今天直接保壳成功，最多对股价有短期影响。和科能否继续翻倍还是要看光刻机业务发展情况，以及阜阳欣奕华到底借不借壳，和这两点相比，年底营收哪怕4亿又怎样，一个普通的ST保壳成功而已。明年摘帽前应该会有光刻机和重组方面的新故事出现，近期股价怎么走就看有没有资金来为故事买单了。,0,深情的红利小编程师,3000566851,2025-10-27 14:19:43,5,1,0,27714,0,雪球,https://xueqiu.com/3000566851/358468857,2026-07-08 16:20:06
358475407,SZ002816,ST和科,*ST和科：2025年前三季度公司转回信用减值准备863.76万元,每经AI快讯，*ST和科（SZ 002816，收盘价：23.98元）10月27日晚间发布公告称，2025年前三季度公司转回信用减值准备863.76万元，对报告期内合并报表利润总额影响金额为863.76万元，占2024年度经审计的归属于母公司净利润绝对值的比例为16.36%，并相应的增加公司的股东权益。其中，因收回债务重组款项而转回的信用减值准备743.68万元属于非经常性损益，直接影响2025年度扣除非经常性损益后的净利润。 2025年1至6月份，*ST和科的营业收入构成为：线束产品占比53.9%，精密清洗设备占比43.97%，其他业务占比1.19%，其他占比0.94%。 截至发稿，*ST和科市值为24亿元。 每经头条（nbdtoutiao）——拉1人入伙返1500元，投10万元成亿万富翁？这家公司大肆宣传将房产海外代币化，有交了钱的人称是“牙签撬动地球” （记者 曾健辉） 免责声明：本文内容与数据仅供参考，不构成投资建议，使用前请核实。据此操作，风险自担。 每日经济新闻,0,每日经济新闻,4642157440,2025-10-27 15:10:27,0,0,0,13700,0,雪球,https://xueqiu.com/4642157440/358475407,2026-07-08 16:20:06
358483878,SZ002816,ST和科,图解*ST和科三季报：第三季度单季净利润同比增长219.30%,证券之星消息，*ST和科2025年三季报显示，公司主营收入1.68亿元，同比上升2932.86%；归母净利润673.38万元，同比上升122.11%；扣非净利润-271.79万元，同比上升92.68%；其中2025年第三季度，公司单季度主营收入9291.24万元，同比上升9554.56%；单季度归母净利润935.05万元，同比上升219.3%；单季度扣非净利润562.23万元，同比上升167.87%；负债率48.45%，投资收益-57.4万元，财务费用107.36万元，毛利率20.37%。财报数据概要请见下图:以上内容为证券之星据公开信息整理，由AI算法生成（网信算备310104345710301240019号），不构成投资建议。,0,证券之星财经,5187193467,2025-10-27 18:31:00,0,2,0,14907,0,雪球,https://xueqiu.com/5187193467/358483878,2026-07-08 16:20:06
358506211,SZ002816,ST和科,,$*ST和科(SZ002816)$ 资产和注入今年应该没戏了,0,棉袄人,1371067408,2025-10-28 01:32:58,0,3,0,17289,0,雪球,https://xueqiu.com/1371067408/358506211,2026-07-08 16:20:06
358512168,SZ002816,ST和科,,$*ST和科(SZ002816)$ 看来今年的投资者眼光都挺高的，没有个100倍增长率不配称“困境反转”！,0,st博弈,1901742525,2025-10-28 01:48:40,0,4,0,42134,0,Android,https://xueqiu.com/1901742525/358512168,2026-07-08 16:20:06
358527621,SZ002816,ST和科,,$*ST和科(SZ002816)$ 一个业绩增长带出了恐慌盘，有特斯拉那味儿了,0,深情的红利小编程师,3000566851,2025-10-28 02:27:38,0,0,0,24398,0,雪球,https://xueqiu.com/3000566851/358527621,2026-07-08 16:20:06
358531362,SZ002816,ST和科,,$*ST和科(SZ002816)$ 一早还以为可以翘板是我想太多了,0,无敌菜刀,2879128183,2025-10-28 02:38:24,0,1,0,21565,0,Android,https://xueqiu.com/2879128183/358531362,2026-07-08 16:20:06
358539779,SZ002816,ST和科,,$*ST和科(SZ002816)$ 说说三季报出来后的一些个人观点：昨天的盘面是有人知道底牌，先出货了，这部分是做短线的，长线资金这点量出不来，也没有出的必要。感觉三季报的营收和利润有人为操控的嫌疑，主要是营收落在1个亿以下，前三季度扣非还是负的，让市场把期望放在四季度，而年报出来，还要接近半年时间，公司可以做出很多选择。三季报里主要的亮点是应收和合同负债，都有明显增长，至少可以证明业绩在稳步向好，这也封杀了调整的空间。陈媛媛走了，不清楚是换了马甲，还是真走了半年报公布后到昨天，市场已经提前预支了三季报可能的利好，没有超预期就是利空。目前可以确定的是摘帽没有问题，业绩趋势向上，所以，明天开板没有问题，然后继续盘整的概率大。现在缺的是事件趋动。,0,不快不吐,1064329507,2025-10-28 03:05:20,6,2,0,32705,2,雪球,https://xueqiu.com/1064329507/358539779,2026-07-08 16:20:06
358565071,SZ002816,ST和科,,$*ST和科(SZ002816)$ 10月27日晚间发布公告称，2025年前三季度公司转回信用减值准备863.76万元，对报告期内合并报表利润总额影响金额为863.76万元，占2024年度经审计的归属于母公司净利润绝对值的比例为16.36%，并相应的增加公司的股东权益。其中，因收回债务重组款项而转回的信用减值准备743.68万元属于非经常性损益，直接影响2025年度扣除非经常性损益后的净利润。也就是说，没有这转回信用减值准备863.76万元，三季度报归属净利润还是亏损的，合着是增收不增利呀，难怪今天跌停了。赶紧收购欣奕华吧，不然这样发展下去亏的裤叉都没了。,0,st博弈,1901742525,2025-10-28 05:06:00,0,3,0,36168,1,Android,https://xueqiu.com/1901742525/358565071,2026-07-08 16:20:06
358582615,SZ002816,ST和科,,$*ST和科(SZ002816)$ 止损位22左右，内卷程度不说了,0,老珍酒,1311306095,2025-10-28 06:16:05,3,0,0,19284,0,Android,https://xueqiu.com/1311306095/358582615,2026-07-08 16:20:06
358583744,SZ002816,ST和科,,$*ST和科(SZ002816)$ 涨起来妞妞咧咧，跌起来毫不犹豫,0,宇智bo卡卡西,7031892934,2025-10-28 06:20:29,0,2,0,19602,0,iPhone,https://xueqiu.com/7031892934/358583744,2026-07-08 16:20:06
358591148,SZ002816,ST和科,,$*ST和科(SZ002816)$ 按照这个月的走势，合理怀疑长线资金至少在月初已经知道三季度是什么营收，并且10月头几天已经拉到预设的位置，后面就没动过了。4季度由于它的特殊性，多少营收现在基本也定了，如果这两天稳在20甚至22上方，说明后续还有安排，如果有彩蛋那就是一波大行情。,0,深情的红利小编程师,3000566851,2025-10-28 06:50:39,7,0,0,34772,0,雪球,https://xueqiu.com/3000566851/358591148,2026-07-08 16:20:06
358636170,SZ002816,ST和科,,$*ST和科(SZ002816)$ 有点夸张，不及预期也不至于要封跌停板吧,0,精细的回报小海洋,3397511986,2025-10-28 10:30:40,1,3,0,21966,0,Android,https://xueqiu.com/3397511986/358636170,2026-07-08 16:20:06
358718904,SZ002816,ST和科,,$*ST和科(SZ002816)$ 今天开板，正常，从3500到4000点，这货就没涨过，按当前指数位置，补涨也该在这个位置。三季报只是没有超预期而已，又不是差，而且四季报趋势上肯定更好，没有调整的空间。今天买货的，其实就是前天出货的那些老鼠资金,0,不快不吐,1064329507,2025-10-29 01:36:19,0,0,0,24449,0,雪球,https://xueqiu.com/1064329507/358718904,2026-07-08 16:20:06
358722541,SZ002816,ST和科,,*ST和科三季报数据不及预期，市场用脚投票昨天开盘跌停。今天早盘集合竞价21.64元开盘，二连跌停板股价在20日均价附近，本人毫不犹豫跌停板处再次加仓。虽然三季报不及预期，但数据显示公司整体经营转好，四季度依然充满希望。,0,沙尔豪克,1282848579,2025-10-29 01:44:42,4,2,0,29991,0,Android,https://xueqiu.com/1282848579/358722541,2026-07-08 16:20:06
358745574,SZ002816,ST和科,,$*ST和科(SZ002816)$ 国企的东西 你们担心毛毛球一个上市公司对一个省和市有多重要知道不？上市公司就是省市 重要的kpi。地方一定会拼命保的 而且可能保的程度超过所有人的预期。,0,只打板不追高,7889235155,2025-10-29 02:39:11,0,2,0,28294,0,雪球,https://xueqiu.com/7889235155/358745574,2026-07-08 16:20:06
358753345,SZ002816,ST和科,,$*ST和科(SZ002816)$ 劲头过去，稳定在22左右，砸盘资金应该也没捞到什么好处，22-25也就是短线资金带起来的。接下来一个月估计没有什么可供主力运作的消息或者预期，继续横盘垃圾时间。但是鉴于深圳刚出了支持并购重组政策，蹭政策红利都是要趁热乎的，加上年报预告，3个月内应该有行情,0,深情的红利小编程师,3000566851,2025-10-29 03:01:07,0,2,0,33852,0,iPhone,https://xueqiu.com/3000566851/358753345,2026-07-08 16:20:06
358798814,SZ002816,ST和科,,$*ST和科(SZ002816)$ 这个票没有多少浮动筹码，这次老鼠仓利用信息优势做了差价后，今天已基本回补完仓位，那就不会再给市场低吸的机会，因为四季度的业绩是明牌。如果剩下两个月，没有其它题材兑现（估计这种效率也不会有），那么靠业绩支撑，预估单季1.5亿营收，1000万净利润，则初步确立摘帽+成长双概念。因为明年一月份要业绩预告，所以提前要做动作，估计大概率复制8、9、10三个月走势，稳步上台阶。个人预计年报预告前，市值在30亿左右算正常，不排除今年年底就提前到位。,0,不快不吐,1064329507,2025-10-29 06:20:48,4,3,0,33496,0,雪球,https://xueqiu.com/1064329507/358798814,2026-07-08 16:20:06
358942000,SZ002816,ST和科,,$*ST和科(SZ002816)$ 22亿市值的和科达是否被低估系列之和科达半导体的潜力篇今年开始中国市场的掩膜板市场开始高速增长，清溢光电，龙图光罩，路维光电为代表的国产掩膜板企业都在大幅扩产，对上游无掩模光刻机的需求大幅增加，原来定购的德国和瑞典的机器都在调升价格以及延期交付、所以他们都在积极寻找国产替代的光刻机，和科达半导体的无掩模光刻机是他们最好的国产替代标的，价格比国外便宜，而且后续的维保方便，一旦和科达的第一台光刻机在龙头企业获得性能参数验证并交付，未来国内的巨量市场即将打开，和科达半导体的营收，订单和估值必将会呈几何级别增长！大家讨论一下上市公司的市值会到200亿吗？一旦第一台无掩模光刻机商业化验证并交付完成，和科达的第二增长曲线就会正式打开，公司的估值逻辑也会从壳价值变化为高增长的成长股逻辑！懂技术的朋友讨论一下官网上公布和科达的无掩模光刻机的性能参数，以及和国外同行比较是否有竞争优势（假设价格优惠的基础上）,0,行了别,5392726240,2025-10-29 23:28:23,1,3,0,55414,2,iPhone,https://xueqiu.com/5392726240/358942000,2026-07-08 16:20:06
359224672,SZ002816,ST和科,,*ST和科集合竞价直接买入，不在意成本高低，只是收藏之用。不过短期无战事，意在长远。,0,沙尔豪克,1282848579,2025-10-31 01:42:23,2,3,0,28909,0,Android,https://xueqiu.com/1282848579/359224672,2026-07-08 16:20:04
359454877,SZ002816,ST和科,,$*ST和科(SZ002816)$ 翻到今年让我赚了大几十个点的老情人和科达。三季报来看摘帽应该稳了。六个字，国资委光刻机，这两个字能值多少市值呢。卖的太早了。感觉要找机会重新建仓了。,0,哪天能不亏钱,5550807647,2025-11-01 12:44:47,12,3,0,33637,0,Android,https://xueqiu.com/5550807647/359454877,2026-07-08 16:20:04
359566618,SZ002816,ST和科,,$*ST和科(SZ002816)$ 没行情，这里的大户们又开始做T了,0,深情的红利小编程师,3000566851,2025-11-03 02:12:55,0,1,0,31516,0,雪球,https://xueqiu.com/3000566851/359566618,2026-07-08 16:20:04
359588421,SZ002816,ST和科,,$*ST和科(SZ002816)$ 砸盘追热点去了么，,0,ST库里,1743746819,2025-11-03 03:19:44,0,1,0,24268,0,iPhone,https://xueqiu.com/1743746819/359588421,2026-07-08 16:20:04
359616023,SZ002816,ST和科,,$*ST和科(SZ002816)$ 感谢给的上车机会。拿着了。国资委光刻机。,0,哪天能不亏钱,5550807647,2025-11-03 05:51:55,0,4,0,27492,0,Android,https://xueqiu.com/5550807647/359616023,2026-07-08 16:20:04
359949733,SZ002816,ST和科,,$*ST和科(SZ002816)$ 其他st都上天了。你这个准摘帽，国企改革+光刻机+新能源，怎么纹丝不动。,0,哪天能不亏钱,5550807647,2025-11-05 01:40:18,3,3,0,27313,0,Android,https://xueqiu.com/5550807647/359949733,2026-07-08 16:20:04
360095602,SZ002816,ST和科,,$*ST和科(SZ002816)$ $*ST原尚(SH603813)$ 股本都是一亿，最低价也接近~~等和科的股价上30元时股东数量应该也只剩3000了,0,只做ST淘金,8899074485,2025-11-05 13:36:54,0,2,0,19686,0,雪球,https://xueqiu.com/8899074485/360095602,2026-07-08 16:20:04
360130264,SZ002816,ST和科,浙商大制造|邱世梁 【*ST和科】深度：战略转型与多元化布局，工业清洗设备龙头迎盈利回升,🌟核心观点：1、公司经过三十年深耕，在工业清洗设备领域技术优势深厚。21-24年，受外部环境以及回款压力等影响，业绩出现波动。得益于战略转型的推进，2025年Q1-Q3营收1.68亿元，同比增长2932.86%。2、2024年并购子公司和科达半导体，主要产品涵盖晶圆清洗设备、匀胶显影设备、无掩膜光刻机、微影光刻机和晶圆去胶机等，均为自主可控核心环节。2025年1月，中标武汉高芯科技LDI光刻机设备项目，客户及订单不断延展中。3、战略转向半导体，多元化拓展业务有望驱动公司未来3年收入复合增速约41.0%。1）将半导体设备业务培育为公司未来新的利润增长引擎。2）向高端精密清洗设备转型，并通过子公司和科达半导体进军半导体清洗业务。3）进军线束业务，成为其战略转型的重要保障。4）储能设备覆盖多元化应用场景，农业方舱推动农业智能化发展。🌟盈利预测：预计 25-27 年营收为2.73、4.19、5.43亿元，CAGR达41%；归母净利润为1177、5339、8716万元，CAGR达172.1%，评级“买入”。🚪报告链接：#小程序://浙商证券研究所/6YuXbkn1JqkaIwB风险提示：技术研发风险；非标准化订单项目存在不确定性；并购进展低于预期等如需深度交流或产业链调研，欢迎联系【浙商大制造】邱世梁/陈红19921306166,0,比特大神,8722806774,2025-11-06 00:10:34,0,3,0,18774,1,iPhone,https://xueqiu.com/8722806774/360130264,2026-07-08 16:20:04
360144220,SZ002816,ST和科,,*ST和科开盘即收盘,0,沙尔豪克,1282848579,2025-11-06 01:36:23,0,5,0,26651,0,Android,https://xueqiu.com/1282848579/360144220,2026-07-08 16:20:04
360156009,SZ002816,ST和科,,$*ST和科(SZ002816)$ 什么情况，我还没上车啊，准备今天上的怎么高开秒板了,0,只做ST淘金,8899074485,2025-11-06 02:03:29,6,1,0,21284,0,雪球,https://xueqiu.com/8899074485/360156009,2026-07-08 16:20:04
360364333,SZ002816,ST和科,,$*ST和科(SZ002816)$ 阜阳欣奕华新材料股份有限公司申请独立上市了，我想买这个，但找不到理由了,0,风险越大肉越多,7038162539,2025-11-07 02:03:06,10,1,0,25550,0,iPhone,https://xueqiu.com/7038162539/360364333,2026-07-08 16:20:04
360387010,SZ002816,ST和科,,$*ST和科(SZ002816)$ 炒什么重组借壳。和科达走的是自己的题材路线。要不是国资委做背书，哪有增长这么快的线速和储能新能源业务，接下来就是给半导体设备这块做背书，资源进来，新能源+半导体（清洗设备+光刻机）。这才二十多亿市值。第一个节点就是先摘帽。然后题材起飞。,0,哪天能不亏钱,5550807647,2025-11-07 03:01:31,11,4,0,44486,1,Android,https://xueqiu.com/5550807647/360387010,2026-07-08 16:20:04
360402001,SZ002816,ST和科,,$*ST和科(SZ002816)$ 能不能站稳新高，化蛟成龙就看今天。中迪拍卖还没实锤半导体都27亿了，你才25亿。,0,出手就有A,3816469283,2025-11-07 03:53:13,2,2,0,36748,0,iPhone,https://xueqiu.com/3816469283/360402001,2026-07-08 16:20:04
360425816,SZ002816,ST和科,,$*ST和科(SZ002816)$ 不封板就有问题，背离,0,扫地僧178,5538675577,2025-11-07 05:51:15,4,1,0,35750,0,iPhone,https://xueqiu.com/5538675577/360425816,2026-07-08 16:20:04
360431968,SZ002816,ST和科,,$*ST和科(SZ002816)$ 浙商证券都出研报了 还这么多人卖 哎,0,貔貅宗天下行走,1032017226,2025-11-07 06:12:59,2,0,0,24485,0,雪球,https://xueqiu.com/1032017226/360431968,2026-07-08 16:20:04
360435762,SZ002816,ST和科,,*ST和科2天2板，间隔10天再创近年高点25.36元。题材持续发酵，故事仍在演义。变化的是股价不断的上涨，不变的是我们执着的热情。我依然看好你，因为一切才刚刚开始！,0,沙尔豪克,1282848579,2025-11-07 06:26:23,0,4,0,30991,0,Android,https://xueqiu.com/1282848579/360435762,2026-07-08 16:20:04
360446449,SZ002816,ST和科,,$*ST和科(SZ002816)$ 虽然没封牢但已经新高，还有人在吗？,0,王牌摸鱼喵,1398621531,2025-11-07 07:03:59,30,42,0,164350,1,雪球,https://xueqiu.com/1398621531/360446449,2026-07-08 16:20:04
360488348,SZ002816,ST和科,,$*ST和科(SZ002816)$ 今天下午公司又特别发了一遍光刻机，前后已经好几次了。公司还是迫切希望能把这块体量做起来，背靠国资委，想来应该不会太难。公司现在公共号也做得特别好看，不输软件公司做的公众号（看过很多公众号，软件上市公司的公众号做的不错，有些公众号不维护真的停烂的）。从公众号分类来看，国资委接手后真的很用心在做业务。清洗设备是公司原来主营，这么多年了，应该还是在国内水准线上的。半导体设备包含两块，半导体清洗设备和光刻机。半导体清洗设备在官网上也有好几款产品，加上十月份中标了中车时代的喷腐机也是属于半导体清洗设备，光刻机公司公众号一直有在发，加上今年年初投标的ldi光刻机。半导体清洗设备和光刻机在a股的科技属性加成非常高，具体溢价能力大家可以自行研究。接下来讲讲新能源业务，从公众号来看，新能源储能这块接到了不少订单。我自身也处在这个行业中，大概了解一些。背靠政F，储能新能源这块业务的订单肯定会好做很多，很多技术含量其实不太高，关键看人脉，有很多上市公司都是靠储能这块去撑营收，实际利润是不高的。然后零部件线速也一样，跟储能差不多，主要是靠后台人脉去堆营收，科技含量并不太高，能把产品质量做好就可以了。但是储能和线速这块的体量是很大的，因为接触的领域涉及很多，大家可以自己了解，不展开细讲。水处理是公司原来的业务，感觉现在这块可能不太好做。总的来说，就是时间节点还没到，耐心等摘帽，年报如果能看到半导体业务的启动营收，股价大概率就压不住了。这个位置说高其实不算高，因为摘帽启动的话，几倍空间不在话下。从三季报增速来看，加上储能和线速是比较好堆营收的行业，感觉摘帽不会困难。唯一的这个点就是能不能顺利摘帽。买卖有风险。自行参考。,0,哪天能不亏钱,5550807647,2025-11-07 10:54:28,4,7,0,37742,0,Android,https://xueqiu.com/5550807647/360488348,2026-07-08 16:20:04
360742306,SZ002816,ST和科,,$*ST和科(SZ002816)$ 今天的最高价我本喵买出来的。,0,王牌摸鱼喵,1398621531,2025-11-10 05:02:50,17,38,0,135044,0,雪球,https://xueqiu.com/1398621531/360742306,2026-07-08 16:20:01
361042996,SZ002816,ST和科,,$ST板块(BK0400)$ $*ST和科(SZ002816)$ 启动阶段怎么少的了正宗光科机,0,ST库里,1743746819,2025-11-11 15:52:03,5,4,0,16117,0,iPhone,https://xueqiu.com/1743746819/361042996,2026-07-08 16:20:01
361243209,SZ002816,ST和科,*ST和科A股股东户数增加416户增幅8.38%，流通A股户均持股1.86万股降幅7.73%，户均持股市值44.86万元降...,来源：新浪证券-红岸工作室11月11日消息，数据显示，截至2025年11月10日，*ST和科A股股东总户数为5379户，较上期（2025年10月31日）增加416户，增幅8.38%。公司最新A股总股本为1亿股，其中流通A股1亿股，户均持有流通A股数量为1.86万股，较上期减少1558.29股，降幅7.73%；户均持流通A股市值44.86万元，较上期减少5967.38元，降幅1.31%。最新10个统计日期，*ST和科股东户数变动如下：日期A股户数（户）流通A股户均持股数（股）户均持股市值（万元）2025-11-10537918590.8244.862025-10-31496320149.1045.462025-10-20507119719.9843.192025-10-10509419630.9441.222025-09-30501919924.2937.962025-09-19510819577.1336.452025-09-10533718737.1236.442025-08-29534918695.0830.792025-08-20548518231.5429.862025-08-08550218175.2132.10近一年（2024年11月20日至2025年11月10日），*ST和科A股股东户数从7195户，减低至5379户，降幅25.24%，区间股价上涨15.95%。资料显示，深圳市和科达精密清洗设备股份有限公司位于广东省深圳市龙华区大浪街道浪口社区华荣路294号和科达工业园2栋1层-3层，成立日期2009年1月5日，上市日期2016年10月25日，公司主营业务涉及精密清洗设备的研发、设计、生产与销售。主营业务收入构成为：线束产品53.90%，清洗产品43.97%，其他(补充)1.19%，其他产品0.94%。*ST和科所属申万行业为：机械设备-专用设备-其他专用设备。所属概念板块包括：退市警示、小盘、节能环保、污水处理、工业4.0等。风险提示：市场有风险，投资需谨慎。本文为AI大模型基于第三方财汇数据库自动发布，任何在本文出现的信息（包括但不限于个股、评论、预测、图表、指标、理论、任何形式的表述等）均只作为参考，不构成个人投资建议。受限于第三方数据库质量等问题，我们无法对数据的真实性及完整性进行分辨或核验，因此本文内容可能出现不准确、不完整、误导性的内容或信息，具体以公司公告为准。如有疑问，请联系biz@staff.sina.com.cn。,0,*ST和科(SZ002816),0,2025-11-12 15:20:12,0,0,0,17502,0,新闻,https://xueqiu.com/S/SZ002816/361243209,2026-07-08 16:20:01
361412840,SZ002816,ST和科,,*ST和科：董事会议事规则（2025年11月） 网页链接,0,*ST和科(SZ002816),0,2025-11-13 10:53:24,0,0,0,6340,0,公告,https://xueqiu.com/S/SZ002816/361412840,2026-07-08 16:20:01
361412844,SZ002816,ST和科,,*ST和科：董事、高级管理人员薪酬与考核管理制度（2025年11月） 网页链接,0,*ST和科(SZ002816),0,2025-11-13 10:53:24,0,0,0,6857,0,公告,https://xueqiu.com/S/SZ002816/361412844,2026-07-08 16:20:01
361412847,SZ002816,ST和科,,*ST和科：独立董事工作制度（2025年11月） 网页链接,0,*ST和科(SZ002816),0,2025-11-13 10:53:24,0,0,0,7759,0,公告,https://xueqiu.com/S/SZ002816/361412847,2026-07-08 16:20:01
361412850,SZ002816,ST和科,,*ST和科：深圳市和科达精密清洗设备股份有限公司章程（2025年11月） 网页链接,0,*ST和科(SZ002816),0,2025-11-13 10:53:25,0,0,0,15718,0,公告,https://xueqiu.com/S/SZ002816/361412850,2026-07-08 16:20:01
361412851,SZ002816,ST和科,,*ST和科：关联交易管理制度（2025年11月） 网页链接,0,*ST和科(SZ002816),0,2025-11-13 10:53:25,0,0,0,11371,0,公告,https://xueqiu.com/S/SZ002816/361412851,2026-07-08 16:20:01
361412852,SZ002816,ST和科,,*ST和科：融资与对外担保管理制度（2025年11月） 网页链接,0,*ST和科(SZ002816),0,2025-11-13 10:53:25,0,0,0,12534,0,公告,https://xueqiu.com/S/SZ002816/361412852,2026-07-08 16:20:01
361412853,SZ002816,ST和科,,*ST和科：北京炜衡（上海）律师事务所关于深圳市和科达精密清洗设备股份有限公司2025年第一次临时股东大会的法律意见书 网页链接,0,*ST和科(SZ002816),0,2025-11-13 10:53:25,0,0,0,18760,0,公告,https://xueqiu.com/S/SZ002816/361412853,2026-07-08 16:20:01
361412854,SZ002816,ST和科,,*ST和科：募集资金管理制度（2025年11月） 网页链接,0,*ST和科(SZ002816),0,2025-11-13 10:53:25,0,0,0,14185,0,公告,https://xueqiu.com/S/SZ002816/361412854,2026-07-08 16:20:01
361412855,SZ002816,ST和科,,*ST和科：股东会议事规则（2025年11月） 网页链接,0,*ST和科(SZ002816),0,2025-11-13 10:53:25,0,0,0,15468,0,公告,https://xueqiu.com/S/SZ002816/361412855,2026-07-08 16:20:01
361412856,SZ002816,ST和科,,*ST和科：关于董事会完成换届选举及聘任高级管理人员的公告 网页链接,0,*ST和科(SZ002816),0,2025-11-13 10:53:25,0,0,0,17195,0,公告,https://xueqiu.com/S/SZ002816/361412856,2026-07-08 16:20:01
361412860,SZ002816,ST和科,,*ST和科：2025年第一次临时股东大会决议公告 网页链接,0,*ST和科(SZ002816),0,2025-11-13 10:53:26,0,0,0,18922,0,公告,https://xueqiu.com/S/SZ002816/361412860,2026-07-08 16:20:01
361412863,SZ002816,ST和科,,*ST和科：第五届董事会第一次会议决议公告 网页链接,0,*ST和科(SZ002816),0,2025-11-13 10:53:26,0,0,0,20771,0,公告,https://xueqiu.com/S/SZ002816/361412863,2026-07-08 16:20:01
361415462,SZ002816,ST和科,*ST和科：11月13日召开董事会会议,每经AI快讯，*ST和科（SZ 002816，收盘价：23.1元）11月13日晚间发布公告称，公司第五届第一次董事会会议于2025年11月13日在深圳市龙华区大浪街道华荣路294号和科达工业园公司会议室以现场及通讯方式召开。会议审议了《关于聘任公司董事会秘书的议案》等文件。 2025年1至6月份，*ST和科的营业收入构成为：线束产品占比53.9%，精密清洗设备占比43.97%，其他业务占比1.19%，其他占比0.94%。 截至发稿，*ST和科市值为23亿元。 每经头条（nbdtoutiao）——“银行直供房，不计成本卖！”有的半价出售，众多刚需还不知道！银行用过的房很抢手，有人加价100万元抢拍 （记者 曾健辉） 免责声明：本文内容与数据仅供参考，不构成投资建议，使用前请核实。据此操作，风险自担。 每日经济新闻,0,每日经济新闻,4642157440,2025-11-13 11:10:15,0,0,0,23752,1,雪球,https://xueqiu.com/4642157440/361415462,2026-07-08 16:20:01
361431265,SZ002816,ST和科,*ST和科完成董事会换届 孟宇亮出任董事长兼总经理,来源：财中社*ST和科（002816）发布公告，公司于2025年11月13日召开2025年第一次临时股东大会，选举产生了第五届董事会成员，并在同日召开了第一次董事会会议，审议通过了相关议案。新一届董事会由6名董事组成，其中非独立董事4名，独立董事2名。非独立董事为孟宇亮（董事长）、金文明、王蓓蓓、张团结；独立董事为纪贵宝、徐张宝。董事会成员均符合任职资格，任期自股东大会审议通过之日起三年。此外，公司聘任了新的高级管理人员，总经理为孟宇亮，财务总监为王文涛，董事会秘书为王萌。上述高级管理人员的任期与董事会任期一致。公告中提到部分董事及监事离任情况，吴芬芬不再担任董事，刘程不再担任独立董事，监事会也已不再设置，相关人员未持有公司股份。2025年前三季度，*ST和科实现收入1.68亿元，归母净利润673万元。,0,*ST和科(SZ002816),0,2025-11-13 13:10:07,0,0,0,25350,0,新闻,https://xueqiu.com/S/SZ002816/361431265,2026-07-08 16:20:01
361454357,SZ002816,ST和科,*ST和科聘任53岁张团结为非独立董事,来源：新浪财经-鹰眼工作室11月14日，*ST和科公告，聘任张团结先生为公司非独立董事。资料显示，张团结，男，中国国籍，无境外居留权，1972年出生，汉族，研究生学历。曾先后担任阜阳市颍泉区文明办主任、阜阳市颍泉区招商中心主任。根据2024年报数据，剔除独立董事、监事会主席、监事后，*ST和科共有8位董事和高级管理人员。从年龄看，*ST和科董事和高级管理人员平均年龄为44岁，年龄中位数为39岁，其中，非独立董事金文明年龄最高为63岁，财务总监王冠芳年龄最小为33岁。姓名职务任期起始日期任职终止日期2024薪酬(万元)相对上年增减(万元)年龄金文明非独立董事202511132028111255.520.0563孟宇亮董事长202511132028111254.060.0638经理20221206-非独立董事2025111320281112王蓓蓓非独立董事202511132028111230.040.0439王冠芳财务总监202210172024081724.53-12.0733王萌董事会秘书20240826-14.11-40吴芬芬非独立董事20241101202511120-37曾麒麟非独立董事20221017202410150-46王文涛财务负责人20250314-0-55数据显示，近一年，*ST和科发生董监高变更2人次，具体如下。2025年3月15日，*ST和科公告，孟宇亮先生不再担任代理财务总监。资料显示，孟宇亮，男，中国国籍，无境外居留权，1987年出生，汉族，本科学历。现任深圳市和科达精密清洗设备股份有限公司董事长、总经理、珈伟新能源股份有限公司董事、阜阳泉赋企业管理有限责任公司总经理、上海潮赋环保科技有限公司执行董事、上海天赋宝林资产管理有限公司执行董事、上海赋颍科技有限责任公司执行董事等。2025年3月15日，*ST和科公告，王文涛先生新任财务负责人。资料显示，王文涛，男，中国国籍，无境外居留权，1970年出生，汉族，大专学历，高级会计师。1994年7月参加工作，先后在阜阳市塑料总厂、安徽金种子集团有限公司任会计，2004年3月至2016年3月历任安徽金种子酒业股份有限公司旗下子公司安徽金太阳生化药业有限公司财务科长、经理助理、副经理等职务。2016年3月至2024年10月任安徽金太阳生化药业有限公司财务总监（兼安徽金太阳医药经营有限公司法人代表、经理）。从职务和薪酬来看，与张团结职位相近的非独立董事金文明，2024年薪为55.52万元。未来，张团结能否年薪56万？本次人事变更对公司发展有何影响，新浪财经-鹰眼工作室将持续关注。风险提示：市场有风险，投资需谨慎。本文为AI大模型基于第三方财汇数据库自动发布，任何在本文出现的信息（包括但不限于个股、评论、预测、图表、指标、理论、任何形式的表述等）均只作为参考，不构成个人投资建议。受限于第三方数据库质量等问题，我们无法对数据的真实性及完整性进行分辨或核验，因此本文内容可能出现不准确、不完整、误导性的内容或信息，具体以公司公告为准。如有疑问，请联系biz@staff.sina.com.cn。,0,*ST和科(SZ002816),0,2025-11-13 16:10:09,0,0,0,46968,0,新闻,https://xueqiu.com/S/SZ002816/361454357,2026-07-08 16:20:01
361485837,SZ002816,ST和科,,$*ST和科(SZ002816)$ 这么玩是什么意思？营收到不了三亿了？摘帽摘不了？连阴五天。有啥消息了？？,0,哪天能不亏钱,5550807647,2025-11-14 01:36:38,4,1,0,29569,0,Android,https://xueqiu.com/5550807647/361485837,2026-07-08 16:20:01
361528868,SZ002816,ST和科,,$*ST和科(SZ002816)$ 回到三季报发布的价格而已，没啥好多想的,0,深情的红利小编程师,3000566851,2025-11-14 03:35:50,0,0,0,35460,0,iPhone,https://xueqiu.com/3000566851/361528868,2026-07-08 16:20:00
361530694,SZ002816,ST和科,,*ST和科：对外投资管理制度（2025年11月） 网页链接,0,*ST和科(SZ002816),0,2025-11-14 03:43:08,0,0,0,34156,0,公告,https://xueqiu.com/S/SZ002816/361530694,2026-07-08 16:20:00
361573745,SZ002816,ST和科,,跳水来的猝不及防，下午这一波直接让今日盈利剩个零头，尾盘买了一点$*ST和科(SZ002816)$ ，短线博弈一下，周末休息了！,0,ST拾荒者,8850201414,2025-11-14 07:04:39,11,20,0,53522,0,iPhone,https://xueqiu.com/8850201414/361573745,2026-07-08 16:20:00
361615801,SZ002816,ST和科,,$*ST和科(SZ002816)$ 周一等个跌停再买，现在价格太高,0,林妹妹的男友,6201888721,2025-11-14 11:11:27,3,0,0,35145,0,Android,https://xueqiu.com/6201888721/361615801,2026-07-08 16:20:00
361724347,SZ002816,ST和科,,$*ST和科(SZ002816)$ 深夜翻了翻这些年和科达的公告，去年的年报今年的中报。还有这些年起起伏伏的st，预警退市，监管，立案，戴帽摘帽，又戴帽。这一路公司走过来，今年是公司这些年基本面和预期最好也是反转的一年。公司通过国资委平台搭建了新能源储能和线速这块靠人脉接营收的业务，三季报就能体现效果非常好。通过增资子公司半导体板块，去提高公司科技属性的溢价。只要年报能看到半导体这块的营收，那么溢价之路就会打开。那么糟糕的环境都撑下来了，国资委一步一步的构造公司发展的框架，即将要展现出公司要上扬的曲线，没有不坚持拿下去的理由。所以坚信公司今年摘帽是大概率的。只要正常摘帽，市值一定会去50亿。时间节点还没到。去年业绩预告是一月十八号。st有风险，买入需谨慎。,0,哪天能不亏钱,5550807647,2025-11-15 17:31:15,9,3,0,54335,1,Android,https://xueqiu.com/5550807647/361724347,2026-07-08 16:20:00
361808336,SZ002816,ST和科,,*ST和科上周连续下跌5天早开盘低开低走，日线走坏周线下跌至10周均价附近，开盘10分钟还没走好迹象。但连续下跌6天开盘急跌，中期看好为前提，逢低依然可少量吸纳。,0,沙尔豪克,1282848579,2025-11-17 01:43:26,1,4,0,36372,0,Android,https://xueqiu.com/1282848579/361808336,2026-07-08 16:20:00
362001480,SZ002816,ST和科,,*ST和科和科短线回落15%调整幅度较大，主力资金流出较明显，10周均价线将会是第一支撑点。11月月线收阴概率较大，12月盘整渐行走势，年底前无战事。,0,沙尔豪克,1282848579,2025-11-18 02:04:51,0,2,0,32920,0,Android,https://xueqiu.com/1282848579/362001480,2026-07-08 16:20:00
362006955,SZ002816,ST和科,,今天短线没看到更好的机会，有些票获利了结了，如果$*ST和科(SZ002816)$ 再跌一些，我可能还会再补一些，感觉目前行情很微妙，尽量少格局。,0,ST拾荒者,8850201414,2025-11-18 02:19:12,4,19,0,49909,0,iPhone,https://xueqiu.com/8850201414/362006955,2026-07-08 16:20:00
362080134,SZ002816,ST和科,,$*ST和科(SZ002816)$ 连跌📉七个交易日，是触犯啥天条了吗，要这么惩罚我门，,0,ST库里,1743746819,2025-11-18 07:23:34,7,4,0,31568,0,iPhone,https://xueqiu.com/1743746819/362080134,2026-07-08 16:20:00
362090865,SZ002816,ST和科,,$*ST和科(SZ002816)$ 连跌7天也是没谁了,0,Nancy晴天,1302729119,2025-11-18 08:20:44,2,6,0,45823,0,iPhone,https://xueqiu.com/1302729119/362090865,2026-07-08 16:20:00
362260245,SZ002816,ST和科,,$*ST和科(SZ002816)$ 明显有资金在走，进一步怀疑上周吹票是为了出货,0,多师傅,5005025439,2025-11-19 06:36:36,4,2,0,37586,0,雪球,https://xueqiu.com/5005025439/362260245,2026-07-08 16:20:00
362263315,SZ002816,ST和科,,$*ST和科(SZ002816)$ 主力完全不当人了,0,超级小雨,2713845433,2025-11-19 06:49:10,3,3,0,47238,0,Android,https://xueqiu.com/2713845433/362263315,2026-07-08 16:20:00
362453359,SZ002816,ST和科,,*ST和科连续九连阴，跌的我很安逸，很平静，很心安理得！看着一个极端走到另一个极端，何尝不也是一种享受。我所关心的并不是明天会不会反弹，k线会不会收阳！更多的是明天可以十连阴，甚至是担心如何不是会很失望的！这就是境界,0,沙尔豪克,1282848579,2025-11-20 06:12:49,15,6,0,56681,0,Android,https://xueqiu.com/1282848579/362453359,2026-07-08 16:20:00
362683239,SZ002816,ST和科,,$*ST和科(SZ002816)$ 结束了，明天终于不会在📉了，,0,ST库里,1743746819,2025-11-21 07:03:53,2,0,0,36601,0,iPhone,https://xueqiu.com/1743746819/362683239,2026-07-08 16:20:00
362743777,SZ002816,ST和科,"*ST和科：截至2025年11月20日股东总户数为5,247户","来源：问董秘投资者提问：11月20日的股东人数是多少？谢谢董秘回答(*ST和科SZ002816)：您好，截至2025年11月20日，公司合并普通账户和融资融券信用账户股东总户数为5,247户。感谢您对公司的关注！查看更多董秘问答>>免责声明：本信息由新浪财经从公开信息中摘录，不构成任何投资建议；新浪财经不保证数据的准确性，内容仅供参考。",0,*ST和科(SZ002816),0,2025-11-21 13:05:08,0,0,0,37593,0,新闻,https://xueqiu.com/S/SZ002816/362743777,2026-07-08 16:20:00
362748511,SZ002816,ST和科,*ST和科A股股东户数减少132户降幅2.45%，流通A股户均持股1.91万股增幅2.52%，户均持股市值40.04万元降...,来源：新浪证券-红岸工作室11月21日消息，数据显示，截至2025年11月20日，*ST和科A股股东总户数为5247户，较上期（2025年11月10日）减少132户，降幅2.45%。公司最新A股总股本为1亿股，其中流通A股1亿股，户均持有流通A股数量为1.91万股，较上期增加467.69股，增幅2.52%；户均持流通A股市值40.04万元，较上期减少4.82万元，降幅10.74%。最新10个统计日期，*ST和科股东户数变动如下：日期A股户数（户）流通A股户均持股数（股）户均持股市值（万元）2025-11-20524719058.5140.042025-11-10537918590.8244.862025-10-31496320149.1045.462025-10-20507119719.9843.192025-10-10509419630.9441.222025-09-30501919924.2937.962025-09-19510819577.1336.452025-09-10533718737.1236.442025-08-29534918695.0830.792025-08-20548518231.5429.86近一年（2024年11月20日至2025年11月20日），*ST和科A股股东户数从7195户，减低至5247户，降幅27.07%，区间股价上涨0.96%。资料显示，深圳市和科达精密清洗设备股份有限公司位于广东省深圳市龙华区大浪街道浪口社区华荣路294号和科达工业园2栋1层-3层，成立日期2009年1月5日，上市日期2016年10月25日，公司主营业务涉及精密清洗设备的研发、设计、生产与销售。主营业务收入构成为：线束产品53.90%，清洗产品43.97%，其他(补充)1.19%，其他产品0.94%。*ST和科所属申万行业为：机械设备-专用设备-其他专用设备。所属概念板块包括：退市警示、小盘、节能环保、污水处理、工业4.0等。风险提示：市场有风险，投资需谨慎。本文为AI大模型基于第三方财汇数据库自动发布，任何在本文出现的信息（包括但不限于个股、评论、预测、图表、指标、理论、任何形式的表述等）均只作为参考，不构成个人投资建议。受限于第三方数据库质量等问题，我们无法对数据的真实性及完整性进行分辨或核验，因此本文内容可能出现不准确、不完整、误导性的内容或信息，具体以公司公告为准。如有疑问，请联系biz@staff.sina.com.cn。,0,*ST和科(SZ002816),0,2025-11-21 13:50:18,0,0,0,44832,0,新闻,https://xueqiu.com/S/SZ002816/362748511,2026-07-08 16:20:00
362910845,SZ002816,ST和科,,*ST和科下跌洗盘，早跌晚跌，早晚都跌；早跌早上，晚跌晚上，早晚都上。和科10连跌，先下必先上。耐心等待,0,沙尔豪克,1282848579,2025-11-24 01:45:40,1,3,0,40414,1,Android,https://xueqiu.com/1282848579/362910845,2026-07-08 16:20:00
363002068,SZ002816,ST和科,,*ST和科：关于为子公司提供担保的进展公告 网页链接,0,*ST和科(SZ002816),0,2025-11-24 08:23:07,0,2,0,39502,0,公告,https://xueqiu.com/S/SZ002816/363002068,2026-07-08 16:20:00
363117782,SZ002816,ST和科,,$*ST和科(SZ002816)$ 好消息 放量了 坏消息 往下砸的量,0,只打板不追高,7889235155,2025-11-25 03:20:54,0,4,0,40982,0,雪球,https://xueqiu.com/7889235155/363117782,2026-07-08 16:20:00
363118623,SZ002816,ST和科,,$*ST和科(SZ002816)$ 不知道哪路资金又在按着砸,0,多师傅,5005025439,2025-11-25 03:24:24,1,3,0,40538,0,雪球,https://xueqiu.com/5005025439/363118623,2026-07-08 16:20:00
364508269,SZ002816,ST和科,,$*ST和科(SZ002816)$ 这个庄不是一般人忍耐不了，不看了,0,超级小雨,2713845433,2025-12-04 06:24:40,1,2,0,27621,0,Android,https://xueqiu.com/2713845433/364508269,2026-07-08 16:19:57
364534259,SZ002816,ST和科,,$*ST和科(SZ002816)$ 今天没脾气，认亏了,0,ST库里,1743746819,2025-12-04 08:27:52,0,2,0,23254,0,iPhone,https://xueqiu.com/1743746819/364534259,2026-07-08 16:19:57
364634399,SZ002816,ST和科,,*ST和科加了，什么废话也不说了，仁者见仁，智者见智。经历过7/8/9三个月的调整，就能明白目前的调整其真实含义。静静地来日方长,0,沙尔豪克,1282848579,2025-12-05 02:14:41,0,3,0,26947,0,Android,https://xueqiu.com/1282848579/364634399,2026-07-08 16:19:57
364655815,SZ002816,ST和科,,$*ST和科(SZ002816)$ 无掩膜光刻机已实现订单突破，至少已有三家上市公司已成功下单，并已确定半导体设备为首要转型方向。砍掉低端水处理，发展高端半导体清洗业务。和科达半导体的股权比例未来将扩大，预计将有融资扩建。20亿市值......,0,王牌摸鱼喵,1398621531,2025-12-05 03:19:13,16,46,0,143539,4,雪球,https://xueqiu.com/1398621531/364655815,2026-07-08 16:19:57
364698588,SZ002816,ST和科,,$*ST和科(SZ002816)$ 今天可以来个涨停瞧瞧吗👀,0,Nancy晴天,1302729119,2025-12-05 06:37:02,0,0,0,38325,0,iPhone,https://xueqiu.com/1302729119/364698588,2026-07-08 16:19:57
364916864,SZ002816,ST和科,,*ST和科加买日丅,0,沙尔豪克,1282848579,2025-12-08 01:35:56,0,1,0,28115,0,Android,https://xueqiu.com/1282848579/364916864,2026-07-08 16:19:57
365099522,SZ002816,ST和科,,*ST和科缺口终于补去，可以涨了。,0,沙尔豪克,1282848579,2025-12-09 01:52:20,4,4,0,28816,0,Android,https://xueqiu.com/1282848579/365099522,2026-07-08 16:19:57
365116619,SZ002816,ST和科,,$*ST和科(SZ002816)$ 股吧上个月25号的帖子，可不能理解成利空阿。广州万宝漆包线后面是广州人民政府，和科达的跟他拿货可以提供额度债务担保减轻了公司冲营收的负担。安徽国资委能跟广州人民政府搭上线。不知道这个业务是不是拿漆包线加工线速来冲四季度的营收，因为别看线速利润点低，但是铜线面值大，冲营收不二之选。到底是国资委，有人脉。冲3亿营收应该问题不大。,0,哪天能不亏钱,5550807647,2025-12-09 02:38:49,1,5,0,35206,0,Android,https://xueqiu.com/5550807647/365116619,2026-07-08 16:19:57
365119098,SZ002816,ST和科,,$*ST和科(SZ002816)$ 生死底牌的ST在业绩预告前被卖出本喵深表理解，但本喵对和了个科保壳摘帽深具信心，今天扣扣索索地加最后一把。,0,王牌摸鱼喵,1398621531,2025-12-09 02:45:52,35,59,0,143017,4,雪球,https://xueqiu.com/1398621531/365119098,2026-07-08 16:19:57
365161683,SZ002816,ST和科,,$*ST和科(SZ002816)$ 和科达就在我住的旁边，闲着没事拍了两张照片分享。图中运输的应该是水处理仪器，公司好不好不作评价！,0,这是丰收季节,9236043405,2025-12-09 06:09:53,4,3,0,32864,0,Android,https://xueqiu.com/9236043405/365161683,2026-07-08 16:19:57
365183417,SZ002816,ST和科,,$*ST和科(SZ002816)$ 各位多少成本，我先来，22.9,0,童真的开源荣耀,1375576432,2025-12-09 07:37:21,3,0,0,35245,0,Android,https://xueqiu.com/1375576432/365183417,2026-07-08 16:19:57
365306804,SZ002816,ST和科,,$*ST和科(SZ002816)$ 产品列表里好像增加了几个光刻胶相关的？,0,深情的红利小编程师,3000566851,2025-12-10 02:33:05,6,0,0,36165,0,雪球,https://xueqiu.com/3000566851/365306804,2026-07-08 16:19:57
365779361,SZ002816,ST和科,,*ST和科：关于拟变更会计师事务所的公告 网页链接,0,*ST和科(SZ002816),0,2025-12-12 08:10:03,0,1,0,26209,0,公告,https://xueqiu.com/S/SZ002816/365779361,2026-07-08 16:19:57
365779362,SZ002816,ST和科,,*ST和科：关于召开2025年第二次临时股东会的通知 网页链接,0,*ST和科(SZ002816),0,2025-12-12 08:10:03,0,0,0,27468,0,公告,https://xueqiu.com/S/SZ002816/365779362,2026-07-08 16:19:57
365779363,SZ002816,ST和科,,*ST和科：关于董事、高级管理人员薪酬方案的公告 网页链接,0,*ST和科(SZ002816),0,2025-12-12 08:10:03,0,0,0,28419,0,公告,https://xueqiu.com/S/SZ002816/365779363,2026-07-08 16:19:57
365779364,SZ002816,ST和科,,*ST和科：第五届董事会第二次会议决议公告 网页链接,0,*ST和科(SZ002816),0,2025-12-12 08:10:03,0,0,0,30315,0,公告,https://xueqiu.com/S/SZ002816/365779364,2026-07-08 16:19:57
365783634,SZ002816,ST和科,*ST和科：12月12日召开董事会会议,每经AI快讯，*ST和科（SZ 002816，收盘价：20.64元）12月12日晚间发布公告称，公司第五届第二次董事会会议于2025年12月12日在深圳市龙华区大浪街道华荣路294号和科达工业园公司会议室以现场及通讯方式召开。会议审议了《关于变更会计师事务所的议案》等文件。 2025年1至6月份，*ST和科的营业收入构成为：线束产品占比53.9%，精密清洗设备占比43.97%，其他业务占比1.19%，其他占比0.94%。 截至发稿，*ST和科市值为21亿元。 每经头条（nbdtoutiao）——专访管涛：美国政府经济贸易政策正逐渐动摇美元本位国际货币体系，利多因素下人民币汇率有可能破7 （记者 贾运可） 免责声明：本文内容与数据仅供参考，不构成投资建议，使用前请核实。据此操作，风险自担。 每日经济新闻,0,每日经济新闻,4642157440,2025-12-12 08:30:24,0,0,0,27857,0,雪球,https://xueqiu.com/4642157440/365783634,2026-07-08 16:19:55
366360977,SZ002816,ST和科,,$*ST和科(SZ002816)$ 真牛逼啊，还好我有耐心跟前期盈余。,0,超级小雨,2713845433,2025-12-17 01:35:38,2,2,0,28882,0,Android,https://xueqiu.com/2713845433/366360977,2026-07-08 16:19:55
366420124,SZ002816,ST和科,,$*ST和科(SZ002816)$ 什么时候砸出恐慌,0,咏5142,5718644523,2025-12-17 05:12:52,1,1,0,25624,0,Android,https://xueqiu.com/5718644523/366420124,2026-07-08 16:19:55
366676206,SZ002816,ST和科,,$*ST和科(SZ002816)$ 坚持持有吧,0,质朴的投资奇迹,7838865562,2025-12-18 11:09:23,3,3,0,36652,1,Android,https://xueqiu.com/7838865562/366676206,2026-07-08 16:19:55
366769051,SZ002816,ST和科,地狱级别行情怎么办,目前是地狱级别行情买什么都战战兢兢，但从st中看到些机会：目前1:“st兰黄”从抖音数据上看来是保壳最稳的第一梯队，也应该消费补涨“唯一疑问就是“熊市逮牛”股友提出的：抖音上黄河啤酒旗舰店的所有人为兰州黄河嘉酿啤酒有限公司，股东有两个，一个是丹麦嘉士伯啤酒厂有限公司 占股50.0002%，兰州黄河企业股份有限公司占股49.9998%。到底算谁相对控股和并表？2“:st荣控”，这支股票是唯一从季保和年报还有股东互动中连续提到全面转型的股票，截止到周末长春房地产信息平台公布信息是今年签约是50900平米，季报均价（7500-8000）左右是完全足以保壳的，但截止到今天某种神秘力量足以左右官方平台突然删调那些信息….• 合规：历史上没有重大资金占用、信披违规，审计无条件没有类似其他高风险的审计非标3ST和科：财务指标快速改善，关键看四季度• 题材热门：st和科，国企背景标的，叠加光刻机+半导体+机器人稀缺概念，布局的无掩膜光刻、晶圆清洗等设备已获主流厂商认可。2025年业绩持续改善，三季报净利润同比大增122%，扭亏保壳摘帽确定性高，半导体设备、新能源线束业务成增长双引擎，其中半导体业务为公司明确的战略方向半导体清洗设备+新能源线束双赛道，订单可见度到2026年，全年盈利具备双保险了吧…“热门题材”并且有并购重组预期.其他的如果有好的机会希望大家拿出来交流下谢谢,0,穷则思变绝境求生,3228319468,2025-12-19 02:59:28,9,3,0,45991,1,iPhone,https://xueqiu.com/3228319468/366769051,2026-07-08 16:19:55
366801141,SZ002816,ST和科,,$*ST和科(SZ002816)$ 光刻机曼哈顿战略已开启，相信和科达会被纳入这个万亿级战略产业链中。,0,深情的红利小编程师,3000566851,2025-12-19 05:44:17,2,2,0,28641,1,雪球,https://xueqiu.com/3000566851/366801141,2026-07-08 16:19:55
366812183,SZ002816,ST和科,,$*ST和科(SZ002816)$ 大佬们何时点火🔥,0,谦让的致富小雾气,9757177449,2025-12-19 06:27:38,3,0,0,26306,0,iPhone,https://xueqiu.com/9757177449/366812183,2026-07-08 16:19:55
367087665,SZ002816,ST和科,,$*ST和科(SZ002816)$ 什么情况板块指数都快赶上你了，,0,ST库里,1743746819,2025-12-22 05:07:53,1,1,0,24178,0,iPhone,https://xueqiu.com/1743746819/367087665,2026-07-08 16:19:55
367171092,SZ002816,ST和科,,$*ST和科(SZ002816)$ 哇！都反弹超过5个点了诶！,0,墨尔本获总首席BF,3275764348,2025-12-22 13:33:49,0,0,0,25863,0,Android,https://xueqiu.com/3275764348/367171092,2026-07-08 16:19:55
367610058,SZ002816,ST和科,,$*ST和科(SZ002816)$ 需要一根粗壮的阳线,0,ST库里,1743746819,2025-12-25 02:37:26,1,0,0,18192,0,iPhone,https://xueqiu.com/1743746819/367610058,2026-07-08 16:19:55
367772068,SZ002816,ST和科,,$*ST和科(SZ002816)$ 马上一月份了。第一个时间节点。,0,哪天能不亏钱,5550807647,2025-12-26 01:46:22,0,4,0,20735,0,Android,https://xueqiu.com/5550807647/367772068,2026-07-08 16:19:55
367847523,SZ002816,ST和科,,$*ST和科(SZ002816)$ 这薪酬开的，26年一定会有好事。光刻机滴滴。,0,哪天能不亏钱,5550807647,2025-12-26 06:34:58,10,6,0,25695,0,Android,https://xueqiu.com/5550807647/367847523,2026-07-08 16:19:55
367862201,SZ002816,ST和科,,$*ST和科(SZ002816)$ 周线级别已经出现反弹迹象，配合下个月中旬左右业绩预告，摘帽预期明确，继续持有~,0,有风_,5858502051,2025-12-26 07:37:33,0,3,0,16418,0,雪球,https://xueqiu.com/5858502051/367862201,2026-07-08 16:19:55
368117061,SZ002816,ST和科,,$*ST和科(SZ002816)$ 时间就是金钱。耐心等待。,0,哪天能不亏钱,5550807647,2025-12-29 05:08:51,2,1,0,17395,0,Android,https://xueqiu.com/5550807647/368117061,2026-07-08 16:19:55
368181544,SZ002816,ST和科,,*ST和科：2025年第二次临时股东会决议公告 网页链接,0,*ST和科(SZ002816),0,2025-12-29 10:29:15,0,0,0,16447,0,公告,https://xueqiu.com/S/SZ002816/368181544,2026-07-08 16:19:55
368181546,SZ002816,ST和科,,*ST和科：北京炜衡（上海）律师事务所关于深圳市和科达精密清洗设备股份有限公司2025年第二次临时股东会的法律意见书 网页链接,0,*ST和科(SZ002816),0,2025-12-29 10:29:15,0,0,0,23777,0,公告,https://xueqiu.com/S/SZ002816/368181546,2026-07-08 16:19:55
368274735,SZ002816,ST和科,,$*ST和科(SZ002816)$ 终于动了,0,干净的赚钱小晨光,9768705102,2025-12-30 02:20:56,6,0,0,15597,0,Android,https://xueqiu.com/9768705102/368274735,2026-07-08 16:19:55
368338563,SZ002816,ST和科,,$*ST和科(SZ002816)$ 赌起来吧家人们，a股不就是赌吗。一月份业绩预告就出结果了。,0,哪天能不亏钱,5550807647,2025-12-30 06:38:54,1,2,0,18553,0,Android,https://xueqiu.com/5550807647/368338563,2026-07-08 16:19:55
368341169,SZ002816,ST和科,,$*ST和科(SZ002816)$ 买入分歧 卖出一致 冲,0,ST库里,1743746819,2025-12-30 06:48:46,0,0,0,15356,0,雪球,https://xueqiu.com/1743746819/368341169,2026-07-08 16:19:55
368346073,SZ002816,ST和科,,$*ST和科(SZ002816)$ 手搓光刻鸡，汝今尚持否？,0,王牌摸鱼喵,1398621531,2025-12-30 07:04:06,38,66,0,127546,2,雪球,https://xueqiu.com/1398621531/368346073,2026-07-08 16:19:54
368350810,SZ002816,ST和科,,减仓就减仓呗吃套不吃肉，这不是韭菜常态么$*ST和科(SZ002816)$,0,梧桐小小,5954082000,2025-12-30 07:21:49,0,1,0,20978,0,iPhone,https://xueqiu.com/5954082000/368350810,2026-07-08 16:19:54
368356988,SZ002816,ST和科,,减仓，只要当天盈利就无论如何得减仓。这样的结果就是肯定会在主升的时候卖飞（可是我也实验过了，我根本不是发大财的命），这样就挺好的ദ്ദി（• ˕ •マ.ᐟ$*ST和科(SZ002816)$ $ST智云(SZ300097)$ 等我，飞了坚决不追，也是给自己的提醒！！！,0,梧桐小小,5954082000,2025-12-30 07:52:36,2,1,0,25912,0,iPhone,https://xueqiu.com/5954082000/368356988,2026-07-08 16:19:54
368367748,SZ002816,ST和科,,*ST和科：关于独立董事取得独立董事培训证明的公告 网页链接,0,*ST和科(SZ002816),0,2025-12-30 08:49:15,0,1,0,28672,0,公告,https://xueqiu.com/S/SZ002816/368367748,2026-07-08 16:19:54
368367754,SZ002816,ST和科,,*ST和科：关于为全资子公司提供担保的进展公告 网页链接,0,*ST和科(SZ002816),0,2025-12-30 08:49:16,0,2,0,29296,0,公告,https://xueqiu.com/S/SZ002816/368367754,2026-07-08 16:19:54
368411821,SZ002816,ST和科,,$*ST和科(SZ002816)$ 升格为第一重仓，不知道是第几波买入了，每次都能挣钱，真是福股。晚上半导体设备又有重大利好催化，摘帽起码40亿起步。,0,聚焦质变,8491286481,2025-12-30 13:34:53,4,5,0,32626,1,Android,https://xueqiu.com/8491286481/368411821,2026-07-08 16:19:54
368548862,SZ002816,ST和科,,$*ST和科(SZ002816)$最新软件著作权就是光刻机上用的努力研发中。,0,哪天能不亏钱,5550807647,2025-12-31 06:25:21,5,3,0,27623,0,Android,https://xueqiu.com/5550807647/368548862,2026-07-08 16:19:54
368555358,SZ002816,ST和科,,$*ST和科(SZ002816)$ 走成这样，真服了,0,st赚钱退休,9832684181,2025-12-31 06:48:56,0,1,0,26846,0,雪球,https://xueqiu.com/9832684181/368555358,2026-07-08 16:19:54
368557824,SZ002816,ST和科,,$*ST和科(SZ002816)$ 好吧，2025年最后一天还是会有些许遗憾，来年加油吧，,0,ST库里,1743746819,2025-12-31 06:57:45,3,5,0,24815,0,iPhone,https://xueqiu.com/1743746819/368557824,2026-07-08 16:19:54
369075149,SZ002816,ST和科,,$*ST和科(SZ002816)$ 无限猖狂，剑指百亿市值！,0,谦让的致富小雾气,9757177449,2026-01-05 08:08:47,0,0,0,13139,0,iPhone,https://xueqiu.com/9757177449/369075149,2026-07-08 16:19:54
369134102,SZ002816,ST和科,,$*ST和科(SZ002816)$ 发业绩盈利预告之前最好保持目前的势头，第一目标位突破前期高点25.36,0,JeremiahLiu,6920728089,2026-01-05 14:45:58,0,0,0,15058,0,iPad,https://xueqiu.com/6920728089/369134102,2026-07-08 16:19:54
369298604,SZ002816,ST和科,,*ST和科：简式权益变动报告书（SONG JIANBO） 网页链接,0,*ST和科(SZ002816),0,2026-01-06 09:23:10,0,0,0,20403,0,公告,https://xueqiu.com/S/SZ002816/369298604,2026-07-08 16:19:54
369298605,SZ002816,ST和科,,*ST和科：关于持股5%以上股东减持至5%以下及权益变动触及1%整数倍暨披露简式权益变动报告书的提示性公告 网页链接,0,*ST和科(SZ002816),0,2026-01-06 09:23:10,1,0,0,21618,0,公告,https://xueqiu.com/S/SZ002816/369298605,2026-07-08 16:19:54
369306404,SZ002816,ST和科,1月6日*ST和科发布公告，股东减持3.44万股,证券之星消息，1月6日*ST和科发布公告《*ST和科:关于持股5%以上股东减持至5%以下及权益变动触及1%整数倍暨披露简式权益变动报告书的提示性公告》，其股东SONG JIANBO于2025年11月14日至2026年1月5日间合计减持3.44万股，占公司目前总股本的0.0344%，变动期间该股股价上涨0.39%，截止1月5日收盘报23.19元。股东增减持详情见下表：根据*ST和科2025年三季报公布的十大股东详情如下：以上内容为证券之星据公开信息整理，由AI算法生成（网信算备310104345710301240019号），不构成投资建议。,0,证券之星财经,5187193467,2026-01-06 10:10:10,0,0,0,12486,0,雪球,https://xueqiu.com/5187193467/369306404,2026-07-08 16:19:54
369432272,SZ002816,ST和科,,$*ST和科(SZ002816)$ 来了现场还是有惊喜！,0,特区捡垃圾,3287498234,2026-01-07 03:15:00,0,7,0,17133,0,iPhone,https://xueqiu.com/3287498234/369432272,2026-07-08 16:19:54
369543812,SZ002816,ST和科,,$*ST和科(SZ002816)$ 宋建波21年6月左右建仓，成本约22元，4年多如果期望10%以上的年化收益率的话，应该30以上减持才算不虚此行。我们拭目以待,0,JeremiahLiu,6920728089,2026-01-07 12:30:56,1,0,0,14473,1,iPad,https://xueqiu.com/6920728089/369543812,2026-07-08 16:19:54
369572961,SZ002816,ST和科,,$*ST和科(SZ002816)$ 大家看图细品， ST和科控股股东（阜阳市颍泉工业投资发展有限公司）旗下基金投资（阜阳欣奕华新材料科技股份有限公司）做光刻胶企业，和科业务就在为半导体生产设备做清洗，加上此前和科重组失败，又是一个优质壳，今年重组这么热，两家企业还有间接关联，还属于通一个赛道里面，很难不让人怀疑，新奕华新材料与ST和科搞事情啊。,0,北京永安里,2632642589,2026-01-07 16:01:59,1,2,0,24273,1,iPhone,https://xueqiu.com/2632642589/369572961,2026-07-08 16:19:54
369693515,SZ002816,ST和科,,$*ST和科(SZ002816)$ 这半个月去外面随便买只股，都十多个点收益了，后悔买了你。,0,林妹妹的男友,6201888721,2026-01-08 06:12:32,0,2,0,23922,0,Android,https://xueqiu.com/6201888721/369693515,2026-07-08 16:19:54
369705263,SZ002816,ST和科,,$*ST和科(SZ002816)$ 再来个大哥顶一手就起来了，一个大哥带不动,0,honeyfish,5018397798,2026-01-08 06:48:19,0,0,0,14916,0,Android,https://xueqiu.com/5018397798/369705263,2026-07-08 16:19:54
369806144,SZ002816,ST和科,和科达新的征程。,$*ST和科(SZ002816)$ 夜深了，还没睡。简单聊聊和科达。这是我23年就关注的股，当时基本面稀烂的工业清洗设备。隐约感觉以后会涉及到半导体。放在自选里看着st又摘帽。去年4月底st前买进去吃了第一波肉。后面卖太早了中间隔了好几个月。今年一月份是新征程的起点。基本面和具体情况其实大家都已经很清楚了，也有很多博主有具体讲过。一月份就是出结果的月，摘帽往上，摘不了就往下。这一块也没啥好说，应该也没几天就有结果了。主要深夜随便发些资料供大家看看。做题材的家人应该知道半导体清洗设备和光刻机的炒作含量。就至正股份这个收购小半导体清洗设备公司就上了百亿市值。（可以翻一下至正半导体这块的营收和内容，怎么支撑出的百亿市值）这里是和科达在boss直聘上的offer，给出的薪水还是很舍得花钱的。接下来发些和科达半导体的资料内容。以下内容来自ai生成。和科达这款DL-1000/MPC-1000无掩膜光刻机(LDI)的参数在国内同类型设备中处于中高端梯队，核心指标达到先进封装领域的国产主流水平，部分参数接近国际同类设备门槛，但与顶尖国产厂商的高端机型仍有小幅差距。具体从核心参数维度分析：1. 分辨率与精度- 设备分辨率达0.5μm，套刻精度±0.15μm（DL-1000）/±0.2μm（DL-1000A2），CDU（关键尺寸均匀性）&lt;0.1μm，这一指标在国内先进封装用LDI设备中属于第一梯队，能满足化合物半导体、MEMS、功率器件的制程需求。- 对比国内同类厂商：芯碁微装、科毅科技的高端LDI设备分辨率可达0.2~0.5μm，套刻精度±0.6μm以内，和科达在套刻精度上略占优势，但分辨率处于同一水平区间。2. 光源与工艺适配- 采用405nm激光/100W光源，属于国内LDI设备的主流配置（国际高端机型多采用355nm深紫外激光），可覆盖先进封装、晶圆级封装的基础制程，但在IC载板等更高端场景的适配性上，与采用355nm光源的国产设备存在技术代差。- 设备支持巨片（70mm）处理、翘曲晶圆实时对焦等工艺，功能上匹配国内封测企业的实际生产需求，属于商业化落地能力较强的实用型设备。3. 产能与效率- 吞吐量&gt;50片/小时（WPH），与国内头部厂商的高端LDI设备（如芯碁微装40~60WPH）持平，满足中大规模量产需求，优于中小厂商的实验室级设备（如科毅科技40WPH）。4. 行业定位与国产化价值- 该设备是国内少数实现先进封装用无掩膜光刻机商业化的产品之一，打破了国外厂商在中高端LDI设备的市场垄断，虽核心光学部件（如数值孔径NA=0.44/0.3的镜头）仍有部分依赖进口，但整体国产化率已达到国内主流水平。- 与国际厂商（如EVG、Orbotech）相比，在光源波长、纳米级精度控制上仍有差距，但价格和本土化服务具备明显优势。和科达这款M-200/M-300全自动光刻机的参数在国内中低端半导体封装/器件用光刻机领域处于主流水平，是国产化替代的实用型产品，但与国内高端掩膜式光刻机、先进前道光刻设备存在明显技术代差，具体分析如下：1. 核心精度与分辨率- 分辨率为1μm，对位精度≤±1μm，这一指标在国内化合物半导体、功率器件、先进封装用光刻机中属于中端水平。对比国内同类厂商：芯源微的封装光刻机分辨率可达0.5μm，对位精度±0.5μm；华卓精科的中端封装光刻机分辨率也能达到0.8μm，和科达在核心精度上略逊于头部厂商，但满足功率器件、MEMS等领域的基础制程需求（这类领域一般要求分辨率1~5μm）。- 设备展示的制程能力涵盖线宽0.8μm~5μm、圆孔3μm~30μm，覆盖了中低端半导体器件的光刻工艺区间，无高端制程突破。2. 光源与工艺适配- 采用365nm/405nm光源（紫外/近紫外波段），是国内中低端光刻机的标准配置，未采用深紫外（DUV）或极紫外（EUV）光源，无法适配前道晶圆制造、高端IC载板等场景，仅能满足后道封装、化合物半导体的工艺需求。- 支持接近式/接触式/真空接触式曝光模式，属于传统光刻技术路线，与国际主流的投影式光刻（步进扫描）存在技术差距，但在国内中低端应用场景中商业化成熟。3. 产能与自动化- 8英寸晶圆产能&gt;75片/小时，12英寸晶圆产能&gt;50片/小时，这一产能指标在国内同类型全自动封装光刻机中处于中上游水平，优于实验室级设备，能满足中大规模量产需求。- 支持FOUP/Cassette上下料、非接触式图像预对位，自动化程度匹配国内封测厂的产线需求，控制系统基于PLC/PC，属于行业通用方案，无定制化核心技术突破。4. 行业定位与国产化价值- 该设备是国内少数实现全自动封装光刻机商业化的产品，填补了中低端半导体器件光刻设备的国产空白，打破了国外厂商（如东京电子、EVG）在该领域的中小市场垄断，核心部件虽仍有部分进口，但整体国产化率符合国内中低端设备的主流水平。- 与国内主攻前道光刻的厂商（如上海微电子）相比，技术路线和应用场景完全不同，上海微电子的28nm DUV光刻机属于前道核心设备，而M-200/M-300聚焦后道封装，二者无直接可比性。和科达这款MSC-200F半自动涂胶机的参数在国内半导体中低端涂胶显影设备领域处于入门到中端的主流水平，是适配研发/小批量生产的实用型产品，与国内头部厂商的全自动高端设备存在明显技术代差，具体分析如下：1. 自动化与产能维度- 采用手动上下料模式，仅具备晶圆自动对中、自动涂胶等基础自动化功能，属于半自动设备范畴。国内头部厂商（如芯源微、至正智能）的高端涂胶机已实现全自动FOUP/Cassette上下料、产线级联线运行，产能可达百片/小时级，而MSC-200F未标注产能指标，仅适配研发或小批量生产场景，自动化和量产能力处于国内中低端水平。2. 核心工艺参数维度- 转速范围10~4000 rpm、转速精度≤±1rpm、最大加速度1000rpm/sec，这一指标在国内半导体涂胶机中属于基础水准。国内中端全自动涂胶机转速普遍可达8000~10000 rpm，转速精度±0.1rpm，加速度2000~5000rpm/sec，能满足更薄、更均匀的光刻胶涂覆需求；而MSC-200F的参数仅能适配常规厚度光刻胶的涂覆，无法满足先进封装、高端器件的高精度涂胶要求。- 支持洗边（EBR）、背洗（BSR）等核心工艺功能，是半导体涂胶机的标配，与国内同类设备持平，无技术亮点。3. 功能与适配性维度- 可存储100组配方、每组20步工艺，满足中小规模研发的工艺调试需求；配备FFU层流罩、防静电设计，洁净度符合半导体车间基础要求，适配8英寸及以下晶圆（参数标注“Upto 8”，推测为8英寸），覆盖化合物半导体、功率器件等中低端领域的应用场景。- 未提及对光刻胶类型的适配性（如厚胶、光敏聚酰亚胺），也无先进的涂胶工艺（如喷雾涂胶、狭缝涂胶），功能上仅满足传统旋涂工艺的基础需求。4. 行业定位与国产化价值- 该设备是国内半导体涂胶机国产化的入门级产品，填补了中小厂商研发/小批量生产的设备空白，价格和本土化服务具备优势，核心控制系统（PLC/PC）采用通用方案，核心部件（如高速旋转卡盘）或依赖进口，国产化率处于国内中低端设备的主流水平。- 与国际厂商（如东京电子TEL、赛默飞）的高端涂胶机相比，在工艺精度、自动化、兼容性上差距显著，但在中低端应用场景中可实现进口替代。综上，这款涂布机在国产半导体半自动涂胶机中属于基础主流水平，能满足研发和小批量生产的工艺需求，国产化实用价值明确，但在自动化程度、核心工艺参数、高端场景适配性上，远落后于国内头部厂商的全自动高端设备。和科达这款CS-200/CS-300晶圆清洗机的参数与功能在国内半导体单片式晶圆清洗设备领域处于中端主流水平，是国产化替代的重要产品，能覆盖前道与后道工艺需求，但与国内头部厂商的高端机型在核心性能、工艺适配性上仍有差距，具体分析如下：1. 工艺适配与场景覆盖- 支持前道+后道工艺清洗，适配栅极氧化前清洗、光刻胶去除、多晶硅清除等环节，还可定制2/4/6/8腔室，能满足6/8/12英寸晶圆清洗需求，这一适配能力在国内中端单片清洗机中属于主流水准。国内头部厂商（如盛美半导体、至正智能）的高端机型可覆盖更先进的2nm/3nm前道制程清洗，而和科达该设备未明确标注先进制程适配性，主要聚焦成熟制程（28nm及以上）。- 集成化学药液配比、废液回收装置，支持SECS/GEM通讯协议，符合半导体产线自动化、智能化需求，功能配置与国内中端单片清洗机持平。2. 核心性能与效率- 单腔处理速度30-32片/小时，产能&gt;30片/小时，这一指标在国内12英寸单片晶圆清洗机中属于中端水平。盛美半导体的12英寸单片清洗机单腔产能可达40-50片/小时，至正智能的同类设备产能也能达到35-40片/小时，和科达在产能效率上略逊于头部厂商，但满足中大规模量产需求。- 转速范围10-3000 rpm，配备恒温系统、洗边（EBR）/背面清洗（BSR）功能，CO_2去静电装置为可选配置，核心工艺参数属于行业通用水平，无突破性技术指标，与国际厂商（如东京电子TEL）的高端机型（转速可达5000 rpm以上）存在差距。3. 自动化与定制化- 支持Cassette/FOUP两种上料方式，可存储100组配方、每组30步工艺，自动化程度匹配国内半导体产线的基础需求，定制化能力（腔室数量、晶圆尺寸）能适配不同客户的工艺要求，属于国内中端清洗机的典型特征。国内头部厂商的高端机型已实现产线级联线运行、AI工艺优化，自动化与智能化程度更高。4. 国产化价值- 该设备是国内少数实现12英寸单片式晶圆清洗机商业化的产品，打破了国外厂商在成熟制程清洗设备的市场垄断，核心控制系统（PLC/PC）采用通用方案，部分核心部件（如高精度喷淋头）或依赖进口，但整体国产化率符合国内中端设备的主流水平。综上，这款清洗机在国产成熟制程单片式晶圆清洗设备中属于中端主流水平，能满足国内半导体厂商前道与后道的基础清洗需求，国产化实用价值突出，但在先进制程适配、产能效率、智能化程度上，与国内头部厂商的高端机型仍有明显差距。和科达这款SWC-3008/SWC-3012/SWC-3016单晶圆清洗机的参数与功能在国内中高端单片式晶圆清洗设备领域处于第一梯队下游，核心性能接近国内头部厂商水准，部分结构设计具备差异化优势，但在先进制程适配、高端清洗技术集成上仍有提升空间，具体分析如下：1. 产能与结构设计- SWC3008机型最大产能达480片/小时，这一指标在国内12英寸单片晶圆清洗机中属于中高端水平，远超此前CS-200/CS-300的30片/小时，也接近盛美半导体、至正智能等头部厂商高端机型的产能（500~600片/小时）。- 采用4层清洗室、摆线臂设计，搭配自动化晶圆运输系统，在占地面积优化、化学反弹控制上有差异化设计，属于国内同类设备中的先进结构方案，适配半导体产线的高密度布局需求。2. 核心工艺与技术配置- 最高转速3000rpm，支持4阶段酸/碱/IPA清洗、精密超声波流量计、非接触磁性卡盘等配置，核心工艺参数与国内中端高端清洗机持平；可选配兆声波（Megasonic）、纳米喷涂（Nanospray）技术，具备适配28nm及以上成熟制程的清洗能力，但未提及对7nm/5nm等先进制程的适配，与国际厂商（如东京电子TEL）的高端机型（支持1nm制程、转速5000rpm+）存在代差。- 集成化学品重复利用、实时流量控制等功能，在化学品消耗控制上达到国内先进水平，符合半导体制造的降本需求。3. 自动化与适配性- 支持OHT/AGV自动化运输、EFEM&amp;Main双机器人上料，适配300mm（12英寸）晶圆，自动化程度匹配国内先进半导体产线的需求；均匀性控制在5%，属于行业主流水准，头部厂商高端机型均匀性可达3%以内。- 4手高速操作机构、独立排气压力控制等设计，在清洗效率和工艺稳定性上优于国内中低端单片清洗机，是面向中大规模量产的高端设备。4. 国产化价值- 该设备是和科达在单片晶圆清洗机领域的高端型号，打破了国外厂商在中高端12英寸单片清洗机的市场壁垒，核心部件虽部分依赖进口，但整体设计和集成能力达到国内中高端水准，是国产化替代的重要产品。综上，这款设备在国产成熟制程中高端单片晶圆清洗机中属于第一梯队下游，产能和结构设计接近头部厂商，工艺配置能满足主流半导体制造需求，但在先进制程适配、极致工艺精度上仍落后于国内顶尖机型和国际大厂。这部分的内容是来自于ai豆包的资料采集。目的是想看看和科达半导体设备这块的参数对标国内在什么水平。（半导体设备参数内容复杂，本人不精通，欢迎精通的大佬来讨论）。半导体清洗设备+光刻机（ldi为主）的题材炒作溢价。只要能顺利摘帽，前途无量。（业绩利润未知，还是要注意风险）。这个月就能看到结果了，安心等待吧。,0,哪天能不亏钱,5550807647,2026-01-08 18:46:25,8,12,1,52794,10,Android,https://xueqiu.com/5550807647/369806144,2026-07-08 16:19:52
369871917,SZ002816,ST和科,,$*ST和科(SZ002816)$ 重生之我在和科躲牛市。,0,哪天能不亏钱,5550807647,2026-01-09 02:59:22,2,3,0,22174,0,Android,https://xueqiu.com/5550807647/369871917,2026-07-08 16:19:52
369904432,SZ002816,ST和科,,$*ST和科(SZ002816)$ 离2月越近 胜率越大，。 风险是大盘回到3700,0,只打板不追高,7889235155,2026-01-09 05:08:16,0,2,0,17094,0,雪球,https://xueqiu.com/7889235155/369904432,2026-07-08 16:19:52
369925962,SZ002816,ST和科,,$*ST和科(SZ002816)$ 什么时候业绩预告,0,骷髅岛靓仔,4518623783,2026-01-09 06:14:21,0,0,0,12837,0,Android,https://xueqiu.com/4518623783/369925962,2026-07-08 16:19:52
369970507,SZ002816,ST和科,,$*ST和科(SZ002816)$ 今天一个小帐号买入了50W金额此票，（第一次买入ST，开通了权限才能买，也算学到了）打算拿到三月底，预计50%-70%收益！中间我也不想看了，这个小帐号日常也不用的，到时间去收租即可！,0,上岸王,2278098029,2026-01-09 08:58:22,12,7,0,26049,0,iPhone,https://xueqiu.com/2278098029/369970507,2026-07-08 16:19:52
369992700,SZ002816,ST和科,,$*ST和科(SZ002816)$ 四季度业绩预告有点担心和科打太极，前三季度营收1.68亿。现在拿和科的都是认为和科能摘帽的，我也一样。四季度最低1.32亿。假如和科四季度营收1.4亿。年营收也就是3.08亿，年度预告可以说2.8亿到3.1亿（四季度1.5亿 年2.9亿到3.2亿）。说了也等于没说，这样年报前就没有外来资金拉，老庄又是个垃圾，短期还是起不来。请叫我预言家,0,百元和科,4762970448,2026-01-09 11:14:46,9,2,0,36396,1,Android,https://xueqiu.com/4762970448/369992700,2026-07-08 16:19:52
370104176,SZ002816,ST和科,,$*ST和科(SZ002816)$ 周末热乎信息，刚更新的，也算不上大事，但是有动作。1.深圳市和科达半导体增资了，从183万增资到1000w。算是好事，半导体应该进度不错。2.新成立了一个半导体投资管理公司，名字不错，和芯光（光是指光刻机？）。应该是为26年的动作做准备。挺好,0,哪天能不亏钱,5550807647,2026-01-10 13:05:26,7,5,0,35804,1,Android,https://xueqiu.com/5550807647/370104176,2026-07-08 16:19:52
370137722,SZ002816,ST和科,,$*ST和科(SZ002816)$ 谜底揭晓和科达计划研发的是TI991U 4K LDI激光直接成像设备（也常称4K LDI光刻机），属于半导体/PCB制造领域的高端光刻设备。这款产品的核心研发指标与定位包括：1. 技术精度：目标实现0.5μm的制程精度，同时明确了产能提升与平台化演进的研发方向，主要面向半导体先进封装、高端PCB（如HDI板、载板）的光刻环节。2. 核心组件：采用德州仪器DLP991UUV型DMD器件（4096×2176分辨率的紫外数字微镜阵列），集成光机、电控、运动控制、热控等模块，是实现4K高精度激光直写的核心硬件支撑。3. 应用场景：用于半导体制造的无掩膜光刻工序，以及高端PCB的激光直接曝光，可替代传统掩膜光刻技术，提升精细线路制作的效率与精度。@哪天能不亏钱,0,干净的赚钱小晨光,9768705102,2026-01-11 03:31:27,4,6,0,30675,2,Android,https://xueqiu.com/9768705102/370137722,2026-07-08 16:19:52
370229462,SZ002816,ST和科,,$*ST和科(SZ002816)$ 快跌停吧，盘子这么小，几百万都接不住,0,骷髅岛靓仔,4518623783,2026-01-12 01:52:47,2,1,0,15908,0,Android,https://xueqiu.com/4518623783/370229462,2026-07-08 16:19:52
370231240,SZ002816,ST和科,,$普元信息(SH688118)$ 好好好，你要板了。$*ST和科(SZ002816)$ 你倒给我要跌停了？？？这么玩狗庄。,0,哪天能不亏钱,5550807647,2026-01-12 01:56:25,2,0,0,25674,0,Android,https://xueqiu.com/5550807647/370231240,2026-07-08 16:19:52
370245273,SZ002816,ST和科,,$*ST和科(SZ002816)$ 营收或许不达标，摘帽不及预期，主力提前撤退。,0,细腻的金条黑鹰,8043328723,2026-01-12 02:25:12,2,2,0,26208,0,iPhone,https://xueqiu.com/8043328723/370245273,2026-07-08 16:19:52
370299122,SZ002816,ST和科,,$*ST和科(SZ002816)$ 是不是前两天的宋建波在砸盘跑路？？,0,哪天能不亏钱,5550807647,2026-01-12 05:13:11,8,0,0,30009,0,Android,https://xueqiu.com/5550807647/370299122,2026-07-08 16:19:52
370327175,SZ002816,ST和科,,$*ST和科(SZ002816)$ 在资金集体涌向航空航天时，逆势增持一点$*ST和科(SZ002816)$ ，前一周现场调研：1，清洗设备订单饱和，已排到3月底，正在加班加点赶单，人手紧缺。2，半导体订单逐渐进入大厂供货名单，具体订单不详。3，公司士气很好，干劲十足，改革新生的就贴在前台，老板大气，供应商结款很快。20亿附近的光刻机，还有人在怀疑能不能保壳时，愚笨的人已经买好机票，躺平等着50亿了。,0,特区捡垃圾,3287498234,2026-01-12 06:31:12,2,19,2,44208,5,雪球,https://xueqiu.com/3287498234/370327175,2026-07-08 16:19:52
370344526,SZ002816,ST和科,,$*ST和科(SZ002816)$ 希望早点出公告。。,0,没睡的被子,2575892641,2026-01-12 07:16:42,4,0,0,24050,0,iPhone,https://xueqiu.com/2575892641/370344526,2026-07-08 16:19:52
370488333,SZ002816,ST和科,,$*ST和科(SZ002816)$ 难道晚上出预告？,0,干净的赚钱小晨光,9768705102,2026-01-13 01:42:43,2,0,0,19477,0,Android,https://xueqiu.com/9768705102/370488333,2026-07-08 16:19:52
370576981,SZ002816,ST和科,,$*ST和科(SZ002816)$ 不到五百万就拉涨停了，mini盘,0,骷髅岛靓仔,4518623783,2026-01-13 05:56:02,0,1,0,17601,0,Android,https://xueqiu.com/4518623783/370576981,2026-07-08 16:19:52
370662985,SZ002816,ST和科,,$*ST和科(SZ002816)$ 岩石万方相继锁定退市，马上到预告集中期安全最重要！净利润净资产为正的票是非常稳健的选择！！！和科稳健为王！,0,干净的赚钱小晨光,9768705102,2026-01-13 12:37:53,0,0,0,23383,0,Android,https://xueqiu.com/9768705102/370662985,2026-07-08 16:19:52
370756505,SZ002816,ST和科,,$*ST和科(SZ002816)$ $*ST国华(SZ000004)$ 如果收盘都能封死涨停，盘后没有岩石那种营收不足的退市警告，那应该是内幕资金提前进来了，至少从业绩预告的角度，应该确定保壳了。当然还要看后面的审计进展。这种不同于$*ST万方(SZ000638)$ ，先不说万方有立案，就是基本面类似和科、国华这种在保壳过程中也已经质变了，万方那个虾青素就是个垃圾产业，至于长光华星借壳，只能说老师们想象力太丰富了。,0,聚焦质变,8491286481,2026-01-14 02:28:27,2,3,0,69207,0,Android,https://xueqiu.com/8491286481/370756505,2026-07-08 16:19:52
370816792,SZ002816,ST和科,,$*ST和科(SZ002816)$今天没有及时挂单买有些可惜。可能还有机会,0,被注册的昵称,2365607955,2026-01-14 05:19:44,1,2,0,22904,0,HarmonyOS,https://xueqiu.com/2365607955/370816792,2026-07-08 16:19:52
370915572,SZ002816,ST和科,,$*ST和科(SZ002816)$坐等前几天卖了和科去买应用的资金追回来认错！！！这次绝对不给好的上车位置了！！！前天成交1.5亿，一天放3000万进来，还有5个板。哈哈哈不要给他们低吸的机会！,0,Forever888888,8338117437,2026-01-14 10:31:57,3,0,0,24477,0,iPhone,https://xueqiu.com/8338117437/370915572,2026-07-08 16:19:52
371009755,SZ002816,ST和科,,$*ST和科(SZ002816)$ 25号前没有消息就是最好的消息。25号后 就看你买不买的进吧。摘帽概率是85%,0,只打板不追高,7889235155,2026-01-15 01:19:09,0,1,0,24451,1,雪球,https://xueqiu.com/7889235155/371009755,2026-07-08 16:19:49
371064413,SZ002816,ST和科,,$*ST和科(SZ002816)$ 卖点啊 大哥们 没买够啊 还有500手就到我的单子了,0,只打板不追高,7889235155,2026-01-15 03:24:49,0,1,0,24655,0,雪球,https://xueqiu.com/7889235155/371064413,2026-07-08 16:19:49
371069927,SZ002816,ST和科,*ST和科连收3个涨停板,来源：证券时报网*ST和科盘中涨停，已连收3个涨停板，截至9:25，该股报25.00元，换手率0.05%，成交量5.14万股，成交金额128.50万元，涨停板封单金额为2921.00万元。连续涨停期间，该股累计上涨15.74%，累计换手率为3.66%。最新A股总市值达25.00亿元。 公司1月14日在交易所互动平台中披露，截至最新（1月10日）股东户数为5343户，较上期（12月31日）减少129户，环比下降2.36%。 据天眼查APP显示，深圳市和科达精密清洗设备股份有限公司成立于2009年01月05日，注册资本10000万人民币。（数据宝） 近日该股表现日期当日涨跌幅（%）换手率（%）主力资金净流入（万元）2026.01.144.981.39290.122026.01.135.002.22525.982026.01.12-4.556.89-2134.902026.01.09-1.692.95-213.412026.01.08-0.043.05220.192026.01.071.013.00257.132026.01.06-1.683.94-211.302026.01.053.204.16174.212025.12.310.226.29-657.972025.12.305.014.811046.50,0,新浪财经,3338215700,2026-01-15 03:41:08,0,0,0,25283,0,雪球,https://xueqiu.com/3338215700/371069927,2026-07-08 16:19:49
371151304,SZ002816,ST和科,,*ST和科：股票交易异常波动公告 网页链接,0,*ST和科(SZ002816),0,2026-01-15 08:46:08,0,0,0,30717,0,公告,https://xueqiu.com/S/SZ002816/371151304,2026-07-08 16:19:49
371154609,SZ002816,ST和科,*ST和科：股票交易异常波动,"每经AI快讯，1月15日，*ST和科公告，公司股票于2026年1月13日、2026年1月14日、2026年1月15日连续3个交易日收盘价格涨幅偏离值累计超过12%，根据《深圳证券交易所交易规则》的有关规定，属于股票交易异常波动的情形。针对上述情况，公司董事会对公司控股股东及其实际控制人进行了核查。经核实，公司前期披露的信息不存在需要更正或补充之处；未发现近期公共媒体报道了可能或已经对公司股票交易价格产生较大影响的未公开重大信息；近期公司生产经营情况正常，内外部经营环境未发生重大变化；截至公告披露日，公司、控股股东及实际控制人不存在应披露而未披露或处于筹划阶段的重大事项；控股股东、实际控制人在股票异常波动期间不存在买卖公司股票的情形。公司董事会确认，目前没有任何应予以披露而未披露的事项，也未获悉对公司股票交易价格产生较大影响的信息。公司2024年度净利润为-5,278.41万元，扣除后的营业收入为2,091.93万元，已触及退市风险警示情形，股票简称变更为“*ST和科”。若2025年度继续触及相关规定，公司股票将面临终止上市风险。目前2025年度财务数据正在核算中，审计工作有序开展，公司将按期披露2025年年度报告。公司股价近期波动较大，但除上述事项外，经营情况与内外部环境均未发生重大变化。 每日经济新闻",0,每日经济新闻,4642157440,2026-01-15 09:00:13,0,0,0,22586,0,雪球,https://xueqiu.com/4642157440/371154609,2026-07-08 16:19:49
371263647,SZ002816,ST和科,,$*ST和科(SZ002816)$ 666，真低调啊你们，涨了连帖子都没人发了，闷声发大财啊！,0,哪天能不亏钱,5550807647,2026-01-16 01:33:47,8,9,0,37456,0,Android,https://xueqiu.com/5550807647/371263647,2026-07-08 16:19:49
371593744,SZ002816,ST和科,,$*ST和科(SZ002816)$st和科：目标市值100亿，接近5倍空间，国产半导体全面主线+基本面反转，稀缺筹码不容错过＃赛道红利凸显：全年主线+5000亿市场空间半导体设备作为全年确定性主线，板块效应贯穿始终，5000亿级国内市场红利持续释放，赛道成长逻辑坚实无虞。＃基本面反转：业绩合规双达标经营数据稳步向好，业绩指标与合规要求均已落地达标，价值重估的关键节点近在眼前，悬念彻底消除，基本面反转已成既定事实。＃技术硬核实锤：顶尖机构合作落地后续空间可期核心技术实力获行业顶尖机构高度认可，相关合作落地进度超出市场预期，不仅印证了公司的技术壁垒，更打开了规模化合作的广阔空间，后续优质资源转化值得重点期待。＃业务纵深布局：全链条产品赋能公司深耕8/12寸晶圆清洗、匀胶显影等核心环节，产品覆盖前道制程与先进封装全链条，头部客户合作持续深化，叠加先进制程研发突破、产业链拓展等潜在利好，多重惊喜正逐步兑现。＃布局窗口珍贵：稀缺筹码争夺升温稀缺标的筹码争夺已然白热化，当前仍处于低位布局黄金窗口，叠加全年板块主线红利，趁早锁定筹码，方能精准把握个股估值修复与行业成长的双重超额收益。,0,知遊,4313360478,2026-01-18 05:19:49,2,8,1,33796,3,iPhone,https://xueqiu.com/4313360478/371593744,2026-07-08 16:19:49
371609992,SZ002816,ST和科,,$*ST和科(SZ002816)$ 同志们都很珍惜筹码啊。缩量上行，看来至少要板到业绩预告。第一位目标可以看高到36。,0,JeremiahLiu,6920728089,2026-01-18 09:05:06,1,2,0,22649,0,iPad,https://xueqiu.com/6920728089/371609992,2026-07-08 16:19:49
371669240,SZ002816,ST和科,,$*ST和科(SZ002816)$ 远远没有到头呢，这帮游资，从八零到嘉澳再到和科，出去了才能走的更高。,0,特区捡垃圾,3287498234,2026-01-19 01:40:55,0,2,0,26272,0,iPhone,https://xueqiu.com/3287498234/371669240,2026-07-08 16:19:49
371670018,SZ002816,ST和科,,$*ST和科(SZ002816)$ 跑了，太暴力了，心态顶不住，亏了几个点,0,小胖卡夫,9072055277,2026-01-19 01:42:28,6,0,0,26180,0,iPhone,https://xueqiu.com/9072055277/371670018,2026-07-08 16:19:49
371692602,SZ002816,ST和科,,$*ST和科(SZ002816)$ 成交了一亿多，宋建波就这么跑了吗,0,剃刀就是大道,1211162484,2026-01-19 02:36:13,0,0,0,20488,0,iPhone,https://xueqiu.com/1211162484/371692602,2026-07-08 16:19:49
371705276,SZ002816,ST和科,,$*ST和科(SZ002816)$ 二、强制披露情形（分报告期） 1. 年度业绩预告（最核心，1 月 31 日前披露） 满足以下任一情形必须披露，覆盖盈利波动、亏损风险、退市相关等关键场景： 净利润同比上升 / 下降≥50%（无论盈利或亏损，核心触发条件）； 净利润为负值（预计年度亏损）； 扭亏为盈（上年亏损、本年盈利）； 利润总额 / 净利润 / 扣非净利润孰低为负，且扣除无关收入后的营业收入＜3 亿元（主营业务恶化信号）； 期末净资产为负值（资不抵债）； *ST 股票退市风险警示后的首个会计年度（需额外披露营收、净资产等详细指标）。 慢慢等了,0,只打板不追高,7889235155,2026-01-19 03:11:23,0,2,0,29646,0,雪球,https://xueqiu.com/7889235155/371705276,2026-07-08 16:19:49
371833396,SZ002816,ST和科,,$*ST和科(SZ002816)$ 我其实一直想 是不是二股东要走 那天跌停就把我吓到了。其实很简单 二股东要走根本走不了。没有一倍的涨幅 他要走 起码能打掉70%的涨幅。没有一倍以上的涨幅对方根本走不了。要么基本面彻底改善 以很好的价格收了他 要么涨幅超过一倍以上 对方慢慢走。所以st结构非常稳定。,0,只打板不追高,7889235155,2026-01-19 13:52:38,0,2,0,35939,2,雪球,https://xueqiu.com/7889235155/371833396,2026-07-08 16:19:49
371883536,SZ002816,ST和科,,$*ST和科(SZ002816)$ 这个股票不具备成为妖股的品质，不可能成为板块龙头。,0,林妹妹的男友,6201888721,2026-01-20 01:52:04,2,1,0,35128,0,Android,https://xueqiu.com/6201888721/371883536,2026-07-08 16:19:49
371967636,SZ002816,ST和科,,$*ST和科(SZ002816)$ 请继续挑战一下新高，就剩你了。,0,特区捡垃圾,3287498234,2026-01-20 06:29:41,0,5,0,31860,0,雪球,https://xueqiu.com/3287498234/371967636,2026-07-08 16:19:49
372121138,SZ002816,ST和科,,$*ST和科(SZ002816)$ 彩虹前的暴风雨嘛？,0,百元和科,4762970448,2026-01-21 02:10:00,0,0,0,31129,0,Android,https://xueqiu.com/4762970448/372121138,2026-07-08 16:19:49
372129079,SZ002816,ST和科,,$*ST和科(SZ002816)$ 不管短期向上向下。主要都在等预告。预告落地就知道结果了。,0,哪天能不亏钱,5550807647,2026-01-21 02:28:47,0,2,0,31426,0,Android,https://xueqiu.com/5550807647/372129079,2026-07-08 16:19:49
372376032,SZ002816,ST和科,,$*ST和科(SZ002816)$ 收购的做垃圾封测北交所拉两个板，垃圾和科你涨两个礼拜都没人家一天涨幅多。你的半导体设备真丢脸。,0,哪天能不亏钱,5550807647,2026-01-22 02:53:47,1,2,0,28612,0,Android,https://xueqiu.com/5550807647/372376032,2026-07-08 16:19:49
372432506,SZ002816,ST和科,,$*ST和科(SZ002816)$ 大资金每天都在流出，先出掉，等年后找机会再来。,0,林妹妹的男友,6201888721,2026-01-22 06:31:01,0,3,0,29075,0,Android,https://xueqiu.com/6201888721/372432506,2026-07-08 16:19:48
372464995,SZ002816,ST和科,,$*ST和科(SZ002816)$ 这庄家是喜欢整数？ 20-26就24这数没出现,0,大A稳定器,7709861918,2026-01-22 08:43:43,0,0,0,25946,0,iPhone,https://xueqiu.com/7709861918/372464995,2026-07-08 16:19:48
372584210,SZ002816,ST和科,,$*ST和科(SZ002816)$ 牛呀，动不动就板上了,0,ST库里,1743746819,2026-01-23 02:15:06,2,2,0,24699,0,iPhone,https://xueqiu.com/1743746819/372584210,2026-07-08 16:19:48
373010513,SZ002816,ST和科,,$*ST和科(SZ002816)$ 小白问下 这个票可能会退市吗，没太研究过,0,梦里过客gkx,8991035245,2026-01-26 03:58:32,2,0,0,22784,0,iPhone,https://xueqiu.com/8991035245/373010513,2026-07-08 16:19:48
373046266,SZ002816,ST和科,,$*ST和科(SZ002816)$ 这气质依然强的可怕，必须得看看底牌。,0,干净的赚钱小晨光,9768705102,2026-01-26 06:37:07,0,7,0,18078,0,Android,https://xueqiu.com/9768705102/373046266,2026-07-08 16:19:48
373067904,SZ002816,ST和科,,*ST和科：2025年度业绩预告 网页链接,0,*ST和科(SZ002816),0,2026-01-26 07:59:03,50,14,3,30559,5,公告,https://xueqiu.com/S/SZ002816/373067904,2026-07-08 16:19:48
373067907,SZ002816,ST和科,,*ST和科：关于公司股票可能被终止上市的风险提示公告 网页链接,0,*ST和科(SZ002816),0,2026-01-26 07:59:03,0,1,0,20863,0,公告,https://xueqiu.com/S/SZ002816/373067907,2026-07-08 16:19:48
373069424,SZ002816,ST和科,,$*ST和科(SZ002816)$ 四季度中值扣非1200多万，不枉我重仓守候,0,聚焦质变,8491286481,2026-01-26 08:06:07,2,9,0,25987,0,Android,https://xueqiu.com/8491286481/373069424,2026-07-08 16:19:48
373095883,SZ002816,ST和科,,买入后这二周都没怎么看，今天看了下已经 25% 的收益了，看来目标可能要提前实现了。$*ST和科(SZ002816)$ 这个世界上有很多认知低的人对自己看不懂的事情，第一反应就是不屑或者开怼，对这样的留言我都懒得理你！没有人可以赚到认知以外的钱💰，再说管我啥事呢，我没义务去给你开课解释！,0,上岸王,2278098029,2026-01-26 10:31:08,2,6,0,17553,0,iPhone,https://xueqiu.com/2278098029/373095883,2026-07-08 16:19:48
373107670,SZ002816,ST和科,*ST和科最新公告：预计2025年净利润1550万元-2100万元,*ST和科(002816.SZ)公告称，*ST和科预计2025年度归属于上市公司股东的净利润为1550万元至2100万元。以上内容为证券之星据公开信息整理，由AI算法生成（网信算备310104345710301240019号），不构成投资建议。,0,证券之星财经,5187193467,2026-01-26 11:50:12,0,2,0,17453,0,雪球,https://xueqiu.com/5187193467/373107670,2026-07-08 16:19:48
373124910,SZ002816,ST和科,,$*ST和科(SZ002816)$ 四季度 1000万吧算 26年算5000万业绩吧。 芯片设备 100pe能算吧？ 40-50亿市值能看把？,0,只打板不追高,7889235155,2026-01-26 13:42:21,0,3,0,25238,1,雪球,https://xueqiu.com/7889235155/373124910,2026-07-08 16:19:48
373156700,SZ002816,ST和科,,说的对、ST和科就是这样,0,我是专家9090,9804961135,2026-01-26 22:49:28,1,0,0,13888,0,Android,https://xueqiu.com/9804961135/373156700,2026-07-08 16:19:48
373190209,SZ002816,ST和科,,$*ST和科(SZ002816)$ g庄就是g庄。不过无所谓，耐心等摘帽后国资委+光刻机兑现。摘帽炒完。接下来就是等待题材的逻辑兑现了。有时候市场就是喜欢反着来，没啥办法。但是逻辑价值在并不会影响最终的结果。,0,哪天能不亏钱,5550807647,2026-01-27 02:04:31,0,5,0,27333,1,Android,https://xueqiu.com/5550807647/373190209,2026-07-08 16:19:48
373204810,SZ002816,ST和科,,回复@我是专家9090: 没撒可比性，st和科是已经炒作过一波了，现在随时可能派发筹码//@我是专家9090:回复@一只爱吃榴莲的猫:说的对、ST和科就是这样,0,一只爱吃榴莲的猫,1574062030,2026-01-27 02:37:19,0,0,0,17571,0,Android,https://xueqiu.com/1574062030/373204810,2026-07-08 16:19:48
373212748,SZ002816,ST和科,,$*ST和科(SZ002816)$ 沟，撞家里私人了，着急用钱,0,百元和科,4762970448,2026-01-27 02:57:23,1,7,0,24921,0,Android,https://xueqiu.com/4762970448/373212748,2026-07-08 16:19:48
373238110,SZ002816,ST和科,,$*ST和科(SZ002816)$ 宋集合竞价减持，直接玩崩了。,0,干净的赚钱小晨光,9768705102,2026-01-27 04:48:26,0,0,0,22356,0,Android,https://xueqiu.com/9768705102/373238110,2026-07-08 16:19:48
373251140,SZ002816,ST和科,,$*ST和科(SZ002816)$ 光刻机板块滴滴，业绩预告后持股信心满满，随你g庄怎么折腾,0,哪天能不亏钱,5550807647,2026-01-27 05:45:36,4,4,0,29012,1,Android,https://xueqiu.com/5550807647/373251140,2026-07-08 16:19:48
373413041,SZ002816,ST和科,,$*ST和科(SZ002816)$ g庄。你他么不会算成本。这波位置进来最低可能也就是20，有不少成本还要高些的，还要承担摘不了帽的风险等业绩预告，你他么出了反正搞两个跌停，让外面资金能吃到更低的筹码，还不用承担之前未预告的风险，你他么是人？？？你他么是人？？g庄！,0,哪天能不亏钱,5550807647,2026-01-28 02:04:09,2,5,0,29566,0,Android,https://xueqiu.com/5550807647/373413041,2026-07-08 16:19:48
373463557,SZ002816,ST和科,,$*ST和科(SZ002816)$ 问： 业绩好不好和股价涨不涨有关系嘛？答：有关系，但不是必然问：什么决定股票涨跌？答：庄家问：庄家怎么决定股票涨跌？答：为所欲为。,0,百元和科,4762970448,2026-01-28 04:15:00,0,1,0,25637,0,Android,https://xueqiu.com/4762970448/373463557,2026-07-08 16:19:48
373463917,SZ002816,ST和科,,$*ST和科(SZ002816)$ 确定性摘帽。营收3亿左右，净利润2000w。国资委+半导体清洗设备+光刻机（ldi光刻机也是光刻机，国内也没有euv duv）+新能源储能。当前25亿市值，今年有半导体清洗设备和光刻机设备营收了。boss直聘一直在招光刻机，半导体设备高端人才。不提了不提了，g庄你自己看着办。,0,哪天能不亏钱,5550807647,2026-01-28 04:17:01,14,6,0,45864,4,Android,https://xueqiu.com/5550807647/373463917,2026-07-08 16:19:48
373498724,SZ002816,ST和科,,$*ST和科(SZ002816)$ 看一季报吧，宋建波走了的话，这货也就没啥预期了,0,对生活充满期待,9490032997,2026-01-28 06:23:54,0,0,0,23733,0,iPhone,https://xueqiu.com/9490032997/373498724,2026-07-08 16:19:46
373514091,SZ002816,ST和科,,$*ST和科(SZ002816)$ 有奖竞猜，还有几个跌停板,0,细腻的金条黑鹰,8043328723,2026-01-28 07:05:40,2,0,0,28171,0,iPhone,https://xueqiu.com/8043328723/373514091,2026-07-08 16:19:46
373525914,SZ002816,ST和科,,$*ST和科(SZ002816)$ 没人买，没人卖，没人玩,0,骷髅岛靓仔,4518623783,2026-01-28 07:41:34,0,3,0,19902,0,Android,https://xueqiu.com/4518623783/373525914,2026-07-08 16:19:46
373544621,SZ002816,ST和科,,$*ST和科(SZ002816)$ 我已经投诉了，庄家操纵股价，无缘无故连续一字跌停，一进去亏了几十万,0,韭菜赌神,7579380410,2026-01-28 08:58:33,3,5,0,36309,0,Android,https://xueqiu.com/7579380410/373544621,2026-07-08 16:19:46
373658338,SZ002816,ST和科,,$*ST和科(SZ002816)$ 继续加仓，不过刚进ICU，短期快速反弹比较难，前两天内幕盘被闷，今天先给内幕盘出货的机会。,0,聚焦质变,8491286481,2026-01-29 01:39:01,1,4,0,36109,0,Android,https://xueqiu.com/8491286481/373658338,2026-07-08 16:19:46
373795006,SZ002816,ST和科,,*ST和科：关于为子公司提供担保的进展公告 网页链接,0,*ST和科(SZ002816),0,2026-01-29 08:06:08,0,2,0,34352,0,公告,https://xueqiu.com/S/SZ002816/373795006,2026-07-08 16:19:46
374004921,SZ002816,ST和科,,@燕云1988 燕大，我拜读了您的科技成长逻辑后，觉得非常受用，也开始攻守兼备，挑选成长逻辑的小而美的企业。现在在建仓1个＊ST和科，精密清洗设备转型为LDI光刻机设备半导体制造行业，光刻机设备已经开始供货高德红外子公司等公司了。25年第四季度扣非净利润预计1300-1600万元，25年已经全面扭亏转盈，订单如期出货，预计26年全年扣非净利润0.6-1亿元。现在市值仅仅25亿而已，为半导体行业为为数不多的小而美企业。可以参考参考。,0,快慢悟道,4949105980,2026-01-30 05:46:52,0,3,0,24194,4,Android,https://xueqiu.com/4949105980/374004921,2026-07-08 16:19:46
374014988,SZ002816,ST和科,,$*ST和科(SZ002816)$ $*ST兰黄(SZ000929)$ 退市杀已经快收尾了，后面看摘帽股修复。,0,干净的赚钱小晨光,9768705102,2026-01-30 06:20:47,1,1,0,34566,0,Android,https://xueqiu.com/9768705102/374014988,2026-07-08 16:19:46
374019333,SZ002816,ST和科,,$*ST和科(SZ002816)$ 抄送和科达：25亿市值那么便宜的半导体光刻机设备企业，你们不要我来要。本来还预着等小科子再跌低点买的，今天看企稳迹象果断加仓了，暂时打满5000股小科子，剩下的交给时间。今年如果有0.6-1亿扣非净利润的话，是不是大A最便宜的半导体设备商？正如喵大说的，静待几年之后，你会哇地一声尖叫，当初怎么那么英明睿智，敢于低位投资含苞欲放的小科子。,0,快慢悟道,4949105980,2026-01-30 06:35:40,11,1,0,45703,2,Android,https://xueqiu.com/4949105980/374019333,2026-07-08 16:19:46
374038817,SZ002816,ST和科,,$*ST和科(SZ002816)$ 和科我最喜欢的一点就是看股价就知道市值是多少。老师们说它值50亿，憧憬ing。,0,qm3386,4307705678,2026-01-30 07:41:33,4,1,0,35422,1,Android,https://xueqiu.com/4307705678/374038817,2026-07-08 16:19:46
374302696,SZ002816,ST和科,,$*ST和科(SZ002816)$受伤了，懒得写分析啦，明天就买一些和科，等脱帽吧,0,广州拖鞋党,7712301268,2026-02-01 15:59:48,2,2,0,29126,0,Android,https://xueqiu.com/7712301268/374302696,2026-07-08 16:19:46
374389553,SZ002816,ST和科,,$*ST和科(SZ002816)$ 修复来的真猛，25亿的光刻机及配套设备股摘帽后妥妥的顶级妖股潜质。,0,干净的赚钱小晨光,9768705102,2026-02-02 05:18:45,3,7,0,40125,0,Android,https://xueqiu.com/9768705102/374389553,2026-07-08 16:19:46
374600491,SZ002816,ST和科,,$*ST和科(SZ002816)$ 25亿的半导体设备公司，业绩高增，在A股目前绝对是稀缺标的,0,是不万能的喜剧,9134659920,2026-02-03 05:17:16,3,2,0,30681,0,iPhone,https://xueqiu.com/9134659920/374600491,2026-07-08 16:19:46
374818764,SZ002816,ST和科,,$*ST和科(SZ002816)$ 坐稳扶好，一会给各位板一个,0,骷髅岛靓仔,4518623783,2026-02-04 05:43:54,1,0,0,26801,0,Android,https://xueqiu.com/4518623783/374818764,2026-07-08 16:19:46
374826037,SZ002816,ST和科,,$*ST和科(SZ002816)$ 每次拉升前都得洗秃噜皮。,0,超级小雨,2713845433,2026-02-04 06:11:03,4,3,0,32397,0,Android,https://xueqiu.com/2713845433/374826037,2026-07-08 16:19:46
374897895,SZ002816,ST和科,*ST和科：公司未与阜阳欣奕华在业务或股权层面达成合作计划,证券之星消息，*ST和科(002816)02月04日在投资者关系平台上答复投资者关心的问题。投资者：公司互动易回复称参股了深圳远荣半导体。请问该参股公司与阜阳欣奕华（同属阜阳国资系半导体资产）是否存在业务协同或股权合作计划？公司是否有计划通过定增或收购，将该半导体资产的控制权纳入上市公司体系？*ST和科董秘：您好，公司未与阜阳欣奕华在业务或股权层面达成合作计划，与公司有关的所有重大信息请以公司在指定媒体发布的公告为准。未来如有符合公司战略方向、有利于提升核心竞争力的产业合作或资产整合机会，公司将严格遵守监管要求，依法履行审议程序及信息披露义务。感谢您对公司的关注！投资者：董秘，您好，根据交易所规则，若公司2025年度营收低于3亿元且净利润为负将面临退市。请问公司目前的营收缺口主要依靠什么方式弥补？新的资产注入或并购重组计划是否已进入尽职调查或审计评估阶段？ 请明确预计的实施时间表？*ST和科董秘：您好，公司目前正集中资源深耕主营业务，通过技术创新、市场拓展及提升核心产品的竞争力，致力于持续改善经营业绩。公司已于1月27日披露2025年度业绩预告。截至目前，公司未有应披露而未披露的并购重组、资产注入等重大计划。若有相关计划或进展，将严格按照相关法律法规及时履行信息披露义务。感谢您对公司的关注！以上内容为证券之星据公开信息整理，由AI算法生成（网信算备310104345710301240019号），不构成投资建议。,0,证券之星财经,5187193467,2026-02-04 13:11:33,1,0,0,36588,1,雪球,https://xueqiu.com/5187193467/374897895,2026-07-08 16:19:46
375162627,SZ002816,ST和科,,$*ST和科(SZ002816)$ 狗庄，很多人想吃便宜筹码，你倒是让他们称心如意。,0,哪天能不亏钱,5550807647,2026-02-06 02:05:37,3,4,0,36347,0,Android,https://xueqiu.com/5550807647/375162627,2026-07-08 16:19:46
375197252,SZ002816,ST和科,,$*ST和科(SZ002816)$ 下午看你表演,0,谦让的致富小雾气,9757177449,2026-02-06 04:08:36,0,1,0,25981,0,iPhone,https://xueqiu.com/9757177449/375197252,2026-07-08 16:19:46
375200165,SZ002816,ST和科,,$*ST和科(SZ002816)$ 25亿的光刻机，主力快砸吧，砸到12亿最好,0,是不万能的喜剧,9134659920,2026-02-06 04:31:44,2,5,0,33911,0,iPhone,https://xueqiu.com/9134659920/375200165,2026-07-08 16:19:44
375215748,SZ002816,ST和科,,$*ST和科(SZ002816)$ 一手大单压死，然后收筹码，老套路了,0,骷髅岛靓仔,4518623783,2026-02-06 05:55:21,0,5,0,31237,0,Android,https://xueqiu.com/4518623783/375215748,2026-07-08 16:19:44
375256828,SZ002816,ST和科,,$*ST和科(SZ002816)$ 这个票还可以,0,祥之传,8559244169,2026-02-06 09:23:37,1,0,0,33602,0,雪球,https://xueqiu.com/8559244169/375256828,2026-07-08 16:19:44
375448543,SZ002816,ST和科,,$*ST和科(SZ002816)$ 靠敏锐的嗅觉第一时间就关注了票下面的小黑子,0,Bernardo,6302160840,2026-02-09 02:10:13,10,1,0,27511,0,Android,https://xueqiu.com/6302160840/375448543,2026-07-08 16:19:44
375451686,SZ002816,ST和科,,$*ST和科(SZ002816)$ 有点弱啊，年前不知道会不会拉个大的。,0,反人性的思考,7419532853,2026-02-09 02:20:21,2,0,0,26148,0,雪球,https://xueqiu.com/7419532853/375451686,2026-07-08 16:19:44
375491760,SZ002816,ST和科,,$*ST和科(SZ002816)$ 抛压这么重吗？主力。,0,反人性的思考,7419532853,2026-02-09 05:43:50,2,1,0,26449,0,iPhone,https://xueqiu.com/7419532853/375491760,2026-07-08 16:19:44
375516782,SZ002816,ST和科,,*ST和科：关于公司股票可能被终止上市的第二次风险提示公告 网页链接,0,*ST和科(SZ002816),0,2026-02-09 07:53:03,4,0,0,34230,0,公告,https://xueqiu.com/S/SZ002816/375516782,2026-07-08 16:19:44
375603792,SZ002816,ST和科,,$*ST和科(SZ002816)$ 看样子要洗到3月底,0,咏5142,5718644523,2026-02-10 01:55:39,0,2,0,22789,1,Android,https://xueqiu.com/5718644523/375603792,2026-07-08 16:19:44
375775417,SZ002816,ST和科,,$*ST和科(SZ002816)$ 30分钟最后一笔下，大胆预测，调整应该马上见底了,0,聚焦质变,8491286481,2026-02-11 02:26:09,3,1,0,32698,0,Android,https://xueqiu.com/8491286481/375775417,2026-07-08 16:19:44
375787698,SZ002816,ST和科,,$*ST和科(SZ002816)$ 抛弃幻想，准备跑路,0,骷髅岛靓仔,4518623783,2026-02-11 03:07:31,2,1,0,32282,0,Android,https://xueqiu.com/4518623783/375787698,2026-07-08 16:19:44
375807260,SZ002816,ST和科,,$*ST和科(SZ002816)$ 能不能砸到20啊，有点贵，想加仓,0,是不万能的喜剧,9134659920,2026-02-11 05:09:12,10,2,0,34886,0,iPhone,https://xueqiu.com/9134659920/375807260,2026-07-08 16:19:44
375908641,SZ002816,ST和科,,$*ST和科(SZ002816)$ 摘星要4-5月那么还早这波跌都是假跌起码翻倍,0,遥遥领先N,4208441316,2026-02-11 23:44:07,1,0,0,31015,0,iPhone,https://xueqiu.com/4208441316/375908641,2026-07-08 16:19:44
375921928,SZ002816,ST和科,,$*ST和科(SZ002816)$ 不会借势的主力不要也罢。,0,反人性的思考,7419532853,2026-02-12 01:35:56,0,3,0,33178,0,iPhone,https://xueqiu.com/7419532853/375921928,2026-07-08 16:19:44
376005400,SZ002816,ST和科,,$*ST和科(SZ002816)$ 这种狗啃一样的锯齿状分时图，懂得都懂,0,塟鑀鎵鉏,6925701807,2026-02-12 07:31:06,5,2,0,40532,0,Android,https://xueqiu.com/6925701807/376005400,2026-07-08 16:19:44
376107967,SZ002816,ST和科,,$*ST和科(SZ002816)$你可是正宗的半导体设备股啊 还有无掩膜光刻机 订单也实现了突破，这个位置已经震荡了大半年了 时间也差不多了，看看你的同行 30亿以下你好意思吗？,0,风中追风-问剑沧澜,1312736968,2026-02-13 02:13:50,9,7,0,43535,0,iPhone,https://xueqiu.com/1312736968/376107967,2026-07-08 16:19:44
376141227,SZ002816,ST和科,,$*ST和科(SZ002816)$ 天天织布机，能不能有点魄力，狠狠砸20个点,0,是不万能的喜剧,9134659920,2026-02-13 05:13:26,0,1,0,29961,0,iPhone,https://xueqiu.com/9134659920/376141227,2026-07-08 16:19:44
376163304,SZ002816,ST和科,,$*ST和科(SZ002816)$ 真的会控盘。。只能天天做t耗着,0,没睡的被子,2575892641,2026-02-13 07:00:33,0,1,0,32101,0,iPhone,https://xueqiu.com/2575892641/376163304,2026-07-08 16:19:44
376240322,SZ002816,ST和科,,$*ST和科(SZ002816)$ 过年了。下个时间点就是摘帽，假使没有摘帽行情，等摘帽后，估值自会修复。（国资委+半导体清洗设备+光刻机，市值40亿打底）虽是明牌，慢慢洗吧。,0,哪天能不亏钱,5550807647,2026-02-14 01:57:35,9,8,0,42121,1,Android,https://xueqiu.com/5550807647/376240322,2026-07-08 16:19:44
376686640,SZ002816,ST和科,,$*ST和科(SZ002816)$ 慢就是快，不急不急，老庄好好洗,0,是不万能的喜剧,9134659920,2026-02-24 02:10:58,3,2,0,21140,0,iPhone,https://xueqiu.com/9134659920/376686640,2026-07-08 16:19:44
376837872,SZ002816,ST和科,,$*ST和科(SZ002816)$ 4月21日才披露年报。目前处于垃圾时间，短期内看到15元，半年度再看到30元。,0,细腻的金条黑鹰,8043328723,2026-02-25 02:24:42,0,2,0,25009,0,iPhone,https://xueqiu.com/8043328723/376837872,2026-07-08 16:19:41
376838915,SZ002816,ST和科,,$*ST和科(SZ002816)$目前是看到20块以下的，现在就是跌的太慢了，一旦跌破20就是建仓之时。,0,明敏的股价小萤火虫,7300420046,2026-02-25 02:28:27,0,3,0,18793,0,Android,https://xueqiu.com/7300420046/376838915,2026-07-08 16:19:41
376970541,SZ002816,ST和科,,"$*ST和科(SZ002816)$ 年报预告，保壳无忧，转型科技股，现需要的就是核算看到多少了，按股东成本算下，直接上结论:颍泉区国资委通过承债式收购，取得*ST和科16%表决权对应的总成本为4.52亿元，对应控制股份1600万股，控制权每股成本：28.24元/股。核算依据:1. 控制主体与路径依据：2024年10月11日《权益变动报告书》（公告编号：2024-070）颍泉区国资→阜阳天创科技有限公司（全资）→丰启智远（安徽赋颍智科，持股51%）→*ST和科1600万股（16%），取得上市公司16%表决权，成为实际控制人。2. 收购总代价本次为承债式收购，无现金股权转让款，全部对价为债务承接，合计：451,866,297.79元（约4.52亿元）代偿安徽新集煤电债务：1.07亿元代偿益阳高新产业投资债务：1.45亿元偿还阜阳赋颍科泉投资中心借款：2.00亿元3. 股份数量丰启智远持有*ST和科1600万股，占总股本16%4. 成本计算总成本 ÷ 控制表决权股份数 = 每股成本4.52亿元 ÷ 1600万股 = 28.24元/股总结颍泉区国资委控股公司花了4.52亿，每股成本约为28.24元，实控了和科，现在股价还没到，摘帽，转型半导体题材风口，网页链接",0,黑驹2026,6337303658,2026-02-25 23:34:27,7,1,0,32270,3,Android,https://xueqiu.com/6337303658/376970541,2026-07-08 16:19:41
376996634,SZ002816,ST和科,,$*ST和科(SZ002816)$ 不是说ST牛市吗？这个难道是假的ST,0,油条贩子,1730303233,2026-02-26 02:06:32,1,0,0,20023,0,Android,https://xueqiu.com/1730303233/376996634,2026-07-08 16:19:41
377009710,SZ002816,ST和科,,$芯碁微装(SH688630)$ 涨吧涨吧。都是pcb直写光刻机，带带$*ST和科(SZ002816)$ 我们吧，才24亿。,0,哪天能不亏钱,5550807647,2026-02-26 02:44:38,0,0,0,24410,0,Android,https://xueqiu.com/5550807647/377009710,2026-07-08 16:19:41
377142902,SZ002816,ST和科,,$*ST和科(SZ002816)$ ST和科与*ST立航，都是题材好行业，也都预告保壳，后面就看摘帽的空间有多大。和科是半导体设备，立航是纯军工类航空制造业，想象空间都大，遇到风口，成龙概率都大！立航股价看到50元，已理了下，今再简单粗暴看下和科。就按业绩支撑市值角度对比:一、可比公司估值中微公司：2300 亿 / 123.85 亿营收 ≈ 18.6 倍 PS盛美上海：900 亿 / 51.46 亿营收 ≈ 17.5 倍 PS行业结论头部半导体设备：17–20 倍 PS中小成长设备公司：10–15 倍 PS和科取值:15 倍 PS二、和科达三大业务分拆拍脑袋计算:1、半导体设备业务（新业务，题材，核心驱动）对应营收：2亿15倍 PS：估值30 亿2、清洗设备业务（传统主业）对应营收：3亿3 倍 PS：6 亿3、线束产品业务（新能源配套）对应营收：2亿2 倍 PS：4 亿综合估值40亿，加上10亿壳价值，看到50亿！也就是股价看到50元！,0,黑驹2026,6337303658,2026-02-26 16:14:37,4,2,1,34435,2,Android,https://xueqiu.com/6337303658/377142902,2026-07-08 16:19:41
377185608,SZ002816,ST和科,,$*ST和科(SZ002816)$ 别人都要等股权转让等重组并购预期的半导体资产，八字还没一撇。股价都起飞。你都确定摘帽了，还自带国企改革，半导体清洗设备+芯碁微装的直写光刻机（看他的业绩，这个行业也是上升期，pcb叠加ai红利）。这才23亿市值，你还洗个锤子，越洗人越多。,0,哪天能不亏钱,5550807647,2026-02-27 02:11:31,10,3,0,40027,1,Android,https://xueqiu.com/5550807647/377185608,2026-07-08 16:19:41
377187726,SZ002816,ST和科,,$*ST和科(SZ002816)$ 摆在明面上的洗盘，至于洗多久就不一定了，再洗一个月也有可能,0,骷髅岛靓仔,4518623783,2026-02-27 02:17:47,0,2,0,24617,0,Android,https://xueqiu.com/4518623783/377187726,2026-07-08 16:19:41
377203461,SZ002816,ST和科,,$*ST和科(SZ002816)$ 低位的时候不看等长起来再追么？个人看好，发帖当个记事本而已，不是推荐，我看50元，50亿也是我自己看好而已！,0,黑驹2026,6337303658,2026-02-27 03:08:35,12,2,0,27730,0,Android,https://xueqiu.com/6337303658/377203461,2026-07-08 16:19:41
377509556,SZ002816,ST和科,,$*ST和科(SZ002816)$ 会玩,0,骷髅岛靓仔,4518623783,2026-03-02 01:53:51,1,0,0,23535,0,Android,https://xueqiu.com/4518623783/377509556,2026-07-08 16:19:41
377530544,SZ002816,ST和科,,$*ST和科(SZ002816)$ 最近股东人数增加200多，低于24，抖落下新来的，然后再上去，更健康！跌了就当是加仓的机会,0,黑驹2026,6337303658,2026-03-02 02:48:53,0,0,0,23608,0,Android,https://xueqiu.com/6337303658/377530544,2026-07-08 16:19:41
377605845,SZ002816,ST和科,,$*ST和科(SZ002816)$ 再跌只能加仓了,0,没睡的被子,2575892641,2026-03-02 08:45:33,0,1,0,22914,0,iPhone,https://xueqiu.com/2575892641/377605845,2026-07-08 16:19:41
377814946,SZ002816,ST和科,,$*ST和科(SZ002816)$ 满仓兰黄，和科被暴击两天真是无语了,0,干净的赚钱小晨光,9768705102,2026-03-03 09:50:25,2,2,0,24809,0,Android,https://xueqiu.com/9768705102/377814946,2026-07-08 16:19:41
377832985,SZ002816,ST和科,,*ST和科：关于公司股票可能被终止上市的第三次风险提示公告 网页链接,0,*ST和科(SZ002816),0,2026-03-03 12:19:10,2,3,0,27666,0,公告,https://xueqiu.com/S/SZ002816/377832985,2026-07-08 16:19:41
377950209,SZ002816,ST和科,,$大匡哥(ZH1350829)$ 为啥一直看好ST和科？,0,乐观的股指小拼图,1122863961,2026-03-04 04:26:50,3,0,0,61871,0,Android,https://xueqiu.com/1122863961/377950209,2026-07-08 16:19:41
378010611,SZ002816,ST和科,,$*ST和科(SZ002816)$ 老铁们这个摘帽可能性多大阿,0,股市新手膜拜大佬,5985106505,2026-03-04 10:01:16,6,0,0,32149,0,Android,https://xueqiu.com/5985106505/378010611,2026-07-08 16:19:41
378090302,SZ002816,ST和科,,$*ST和科(SZ002816)$ 拉这么高我还是亏，哈哈，建仓建早了。,0,反人性的思考,7419532853,2026-03-05 02:11:14,2,0,0,30181,0,雪球,https://xueqiu.com/7419532853/378090302,2026-07-08 16:19:41
378090439,SZ002816,ST和科,,$*ST和科(SZ002816)$ 4月21年报摘帽 可以玩的久，国企改革，半导体清洗设备+手摇光刻机 这个市值缺口还都补了还洗个锤子 横向对比同行30亿以下都是低估,0,风中追风-问剑沧澜,1312736968,2026-03-05 02:11:34,1,2,1,40678,1,iPhone,https://xueqiu.com/1312736968/378090439,2026-07-08 16:19:41
378120165,SZ002816,ST和科,,$*ST和科(SZ002816)$ 见底了，还好b回来了,0,东风火箭弹,1758782423,2026-03-05 03:54:54,12,2,0,48359,0,Android,https://xueqiu.com/1758782423/378120165,2026-07-08 16:19:40
378147243,SZ002816,ST和科,,$*ST和科(SZ002816)$ 这时候在卖的也是神人了,0,Bernardo,6302160840,2026-03-05 06:17:15,4,2,0,40260,1,Android,https://xueqiu.com/6302160840/378147243,2026-07-08 16:19:40
378157229,SZ002816,ST和科,,$*ST和科(SZ002816)$ 和科现在的位置很尴尬，没有量，庄家拉上去也赚不到钱,0,骷髅岛靓仔,4518623783,2026-03-05 06:56:06,3,1,0,38446,0,Android,https://xueqiu.com/4518623783/378157229,2026-07-08 16:19:40
378296701,SZ002816,ST和科,,$*ST和科(SZ002816)$ 这个封测可以用在存储吗？,0,没睡的被子,2575892641,2026-03-06 03:24:34,3,0,0,30905,0,iPhone,https://xueqiu.com/2575892641/378296701,2026-07-08 16:19:40
378315286,SZ002816,ST和科,,$*ST和科(SZ002816)$清仓走人，小亏一万。,0,勤学的加薪小夜莺,1360120020,2026-03-06 05:23:19,2,2,0,29177,0,HarmonyOS,https://xueqiu.com/1360120020/378315286,2026-07-08 16:19:40
378317627,SZ002816,ST和科,,$*ST和科(SZ002816)$ 就应该这样大幅震荡，洗掉不坚定的筹码,0,是不万能的喜剧,9134659920,2026-03-06 05:35:09,3,1,0,33497,0,iPhone,https://xueqiu.com/9134659920/378317627,2026-07-08 16:19:40
378469561,SZ002816,ST和科,,关于和科我也简单说几点吧1.首先是关于退市与否的问题，和科带帽的原因就是营收低于3亿元&#39;&#39;且&#39;&#39;扣非为负，25年预告，扣非已经是正的了，所以不存在退市风险，就看营收能不能超过3亿元，直接摘帽2.其次和科25年三季度营收9KW，四季度根据预告，营收平均也能有1.3亿元左右，同比，环比都是大幅增加，说明公司业务基本面向好，同时四季度利润测算下来1200万左右，考虑比三季度增长120%，考虑后续增速每季度按照30%增速，26年利润初步测算是8000-9500万左右，具体可以看一季度报告佐证增长趋势3.目前台积电团队科研人员加盟，后续对光刻机配套设备发力，以及光刻机精密仪器清洗发力肯定是存在实质性利好4.关于估值，见仁见智吧目前集齐摘帽，业绩改善，发展预期于一身，我打算先拿一个月看看一季度业绩报告，如果利润能有1200万元以上，那么26年市值50亿元以上是妥妥的，考虑摘帽，市值看到80-100亿元之间。$*ST和科(SZ002816)$,0,同65472济,4179031876,2026-03-07 17:42:20,32,4,1,52212,5,HarmonyOS,https://xueqiu.com/4179031876/378469561,2026-07-08 16:19:40
378482480,SZ002816,ST和科,,$*ST和科(SZ002816)$ 19亿那波没上车后悔一辈子 现在24亿上车 目标4 50亿,0,1候选人,5413520600,2026-03-08 03:23:14,1,4,0,30193,1,iPhone,https://xueqiu.com/5413520600/378482480,2026-07-08 16:19:40
378806488,SZ002816,ST和科,,3月终于红了，和科达明天回踩我想再接点谢谢$*ST和科(SZ002816)$ $ST板块(BK0400)$,0,ST运势牛牛,1242965816,2026-03-10 07:55:20,4,2,0,35671,0,Android,https://xueqiu.com/1242965816/378806488,2026-07-08 16:19:40
378832164,SZ002816,ST和科,,$*ST和科(SZ002816)$ 这票真是价值投资了，等回了主板，上哪找25亿的光刻机。,0,东风火箭弹,1758782423,2026-03-10 11:13:34,16,5,1,34352,1,Android,https://xueqiu.com/1758782423/378832164,2026-07-08 16:19:40
378908273,SZ002816,ST和科,,$*ST和科(SZ002816)$ z这个股票也有人敢买？万一退了，不是一分钱都没了。国资正好完全收了，一分钱不花,0,脚踏风火轮的哪吒,4195929176,2026-03-11 02:23:11,2,1,0,23767,0,雪球,https://xueqiu.com/4195929176/378908273,2026-07-08 16:19:40
378918667,SZ002816,ST和科,,$*ST和科(SZ002816)$就几台早年买的直写光刻机被你们吹的天花乱坠，这设备简直老的掉牙。现在的Fab厂哪里还有用直写光刻机刻蚀涂影的，看看他们家公司吧，厂房跟跟工地没什么区别，哪里像什么半导体企业。,0,明敏的股价小萤火虫,7300420046,2026-03-11 02:55:26,6,5,0,35204,0,Android,https://xueqiu.com/7300420046/378918667,2026-07-08 16:19:40
378959323,SZ002816,ST和科,,$*ST和科(SZ002816)$ 深科达41亿市值，以和为贵，好歹到50亿啊，别墨迹了，快拉！,0,酒醉山头,8490982642,2026-03-11 06:17:09,4,0,0,24591,0,雪球,https://xueqiu.com/8490982642/378959323,2026-07-08 16:19:40
379037534,SZ002816,ST和科,,$*ST和科(SZ002816)$同样的财务指标不达标被*ST，同样的深交所股票，营业收入和利润指标只有一个达到要求，已经提交了申请摘帽，所以*ST和科按照目前预告的数据已经可以摘帽了,0,同65472济,4179031876,2026-03-11 15:59:05,4,2,0,21018,0,HarmonyOS,https://xueqiu.com/4179031876/379037534,2026-07-08 16:19:40
379074046,SZ002816,ST和科,,$*ST和科(SZ002816)$ 赶紧跌到20好吗？这么高的位置不敢买,0,明敏的股价小萤火虫,7300420046,2026-03-12 01:57:00,0,2,0,16492,0,Android,https://xueqiu.com/7300420046/379074046,2026-07-08 16:19:40
379098061,SZ002816,ST和科,,$*ST和科(SZ002816)$ 又开始启动躺平低吸大法了,0,超级小雨,2713845433,2026-03-12 03:06:09,0,0,0,18647,0,Android,https://xueqiu.com/2713845433/379098061,2026-07-08 16:19:40
379310658,SZ002816,ST和科,,$*ST和科(SZ002816)$ 有大哥在出货呀,0,shikin,8754978618,2026-03-13 05:24:21,4,1,0,14054,0,iPhone,https://xueqiu.com/8754978618/379310658,2026-07-08 16:19:40
379394932,SZ002816,ST和科,,$*ST和科(SZ002816)$ 不会这么小的缺口也要回补吧？,0,Jiu没有什么救世主,5655367889,2026-03-13 14:17:59,0,0,0,11436,0,iPhone,https://xueqiu.com/5655367889/379394932,2026-07-08 16:19:40
379544680,SZ002816,ST和科,,$*ST和科(SZ002816)$ 没有摘帽行情，该割就割吧,0,是不万能的喜剧,9134659920,2026-03-16 01:54:48,1,0,0,8949,0,iPhone,https://xueqiu.com/9134659920/379544680,2026-07-08 16:19:40
379546977,SZ002816,ST和科,,$*ST和科(SZ002816)$ 该补不补，还有得熬,0,咏5142,5718644523,2026-03-16 02:00:43,1,0,0,10902,0,Android,https://xueqiu.com/5718644523/379546977,2026-07-08 16:19:38
379547668,SZ002816,ST和科,,$*ST和科(SZ002816)$所有人都觉得明牌的事情，往往会有反转。赚钱这么容易，主力自然会教散户做人。和科达会爆锤每一个看多的小散。,0,细腻的金条黑鹰,8043328723,2026-03-16 02:02:31,10,2,0,19204,0,iPhone,https://xueqiu.com/8043328723/379547668,2026-07-08 16:19:38
379557278,SZ002816,ST和科,,$*ST和科(SZ002816)$ 这两个大V博主都是一月和二月使劲吹和科的人，估计不少人是看了他们才买的吧，之前看过正风的帖子，说是摘帽里面太过于名牌的，参与的人多了，行情也很难走出来，看来说的真对。1月底股东还是5000出头，现在股东已经多了1000人了。,0,明敏的股价小萤火虫,7300420046,2026-03-16 02:29:52,0,3,0,14525,1,Android,https://xueqiu.com/7300420046/379557278,2026-07-08 16:19:38
379566027,SZ002816,ST和科,,$*ST和科(SZ002816)$ 我个人后续是看好持股的，每次都是进来的散户一多了，庄家就躺平，等洗到只剩5000左右的时候又开始拉升。从去年夏天到现在基本都是这样，这次就慢慢等吧。再洗一个月吧,0,明敏的股价小萤火虫,7300420046,2026-03-16 02:56:21,0,2,0,11872,0,Android,https://xueqiu.com/7300420046/379566027,2026-07-08 16:19:38
379575916,SZ002816,ST和科,,主力应该是还在清洗掉一些不坚定的.公司已经出业绩预告了.ST是摘掉的.对比同类的主板公司.没有比和科达更加纯正的光刻机了.而且还是整机！,0,努力学习的小笨蛋,8268085189,2026-03-16 03:33:14,4,1,0,11965,0,iPhone,https://xueqiu.com/8268085189/379575916,2026-07-08 16:19:38
379578253,SZ002816,ST和科,,$*ST和科(SZ002816)$ 我还在，继续等待，时间换空间。,0,哪天能不亏钱,5550807647,2026-03-16 03:43:40,8,1,0,19901,0,Android,https://xueqiu.com/5550807647/379578253,2026-07-08 16:19:38
379583636,SZ002816,ST和科,*ST和科：将于2026年4月21日披露《2025年年度报告》,每经AI快讯，有投资者在投资者互动平台提问：恳请公司尽快发布2025年度业绩快报，提前披露核心财务数据，稳定市场预期，保护中小股东利益。 *ST和科（002816.SZ）3月16日在投资者互动平台表示，公司暂无披露业绩快报的计划。公司将于2026年4月21日披露《2025年年度报告》，敬请关注后续公告。 （记者 王瀚黎） 免责声明：本文内容与数据仅供参考，不构成投资建议，使用前核实。据此操作，风险自担。 每日经济新闻,0,每日经济新闻,4642157440,2026-03-16 04:20:08,0,0,0,20226,0,雪球,https://xueqiu.com/4642157440/379583636,2026-07-08 16:19:38
379719369,SZ002816,ST和科,,$*ST和科(SZ002816)$ 摘帽线里，还有谁走势比你更臭吗,0,是不万能的喜剧,9134659920,2026-03-17 02:05:02,1,2,0,16937,0,iPhone,https://xueqiu.com/9134659920/379719369,2026-07-08 16:19:38
379727126,SZ002816,ST和科,,$*ST和科(SZ002816)$ 再次向上的时间节点差不多到了。确定性的摘帽加稀缺的小市值半导体设备股。想象空间巨大。后续摘帽后炒作几率更大。,0,在线幽灵,9992226372,2026-03-17 02:28:33,25,82,0,250517,5,雪球,https://xueqiu.com/9992226372/379727126,2026-07-08 16:19:38
379734193,SZ002816,ST和科,,$*ST和科(SZ002816)$ 这票什么时候摘帽呢,0,稳扎稳打9,9036695165,2026-03-17 02:52:28,12,0,0,19643,0,iPhone,https://xueqiu.com/9036695165/379734193,2026-07-08 16:19:38
379767972,SZ002816,ST和科,,$*ST和科(SZ002816)$ 这是什么招数？拉得也不高啊,0,Jiu没有什么救世主,5655367889,2026-03-17 05:58:23,6,0,0,17304,0,iPhone,https://xueqiu.com/5655367889/379767972,2026-07-08 16:19:38
379807023,SZ002816,ST和科,,*ST和科：关于公司股票可能被终止上市的第四次风险提示公告 网页链接,0,*ST和科(SZ002816),0,2026-03-17 09:03:13,0,4,0,21157,0,公告,https://xueqiu.com/S/SZ002816/379807023,2026-07-08 16:19:38
379894092,SZ002816,ST和科,,$*ST和科(SZ002816)$ 产品可以切入存储就好了。,0,没睡的被子,2575892641,2026-03-18 01:58:33,6,0,0,14313,0,iPhone,https://xueqiu.com/2575892641/379894092,2026-07-08 16:19:38
380037115,SZ002816,ST和科,,$*ST和科(SZ002816)$ 明天会出审计进展吗。。,0,没睡的被子,2575892641,2026-03-18 15:33:13,2,0,0,9556,0,iPhone,https://xueqiu.com/2575892641/380037115,2026-07-08 16:19:38
380091525,SZ002816,ST和科,,$大匡哥(ZH1350829)$ 为什么一直看好ST和科？,0,乐观的股指小拼图,1122863961,2026-03-19 02:24:35,8,2,0,59697,0,Android,https://xueqiu.com/1122863961/380091525,2026-07-08 16:19:38
380092639,SZ002816,ST和科,,$*ST和科(SZ002816)$ 手摇光刻机什么时候改电动的。赶紧拉升摘帽,0,酒醉山头,8490982642,2026-03-19 02:27:30,2,0,0,10249,0,雪球,https://xueqiu.com/8490982642/380092639,2026-07-08 16:19:38
380167264,SZ002816,ST和科,,$*ST和科(SZ002816)$ 这个人纯小丑，和科反弹那几天，每天发公众号劝人过来买，现在跌下来了，已经很久不发和科的帖子了。看他粉丝还不少呢？估计有不少人跟车买的。,0,明敏的股价小萤火虫,7300420046,2026-03-19 07:29:16,5,0,0,6716,0,Android,https://xueqiu.com/7300420046/380167264,2026-07-08 16:19:38
380215604,SZ002816,ST和科,,$*ST和科(SZ002816)$ 这波能跌到20吗我要把我房子卖了买你,0,1候选人,5413520600,2026-03-19 12:43:54,2,0,0,5253,0,iPhone,https://xueqiu.com/5413520600/380215604,2026-07-08 16:19:38
380237668,SZ002816,ST和科,,$*ST和科(SZ002816)$ 这个票18买的，拿2个月回18卖了，在给我一次机会，买回来,0,扶摇直上我的股,7497133115,2026-03-19 14:45:10,0,0,0,5794,0,Android,https://xueqiu.com/7497133115/380237668,2026-07-08 16:19:38
380275071,SZ002816,ST和科,,$*ST和科(SZ002816)$ 终于跌破23了，看看能不能到20，到20块做T稳赚,0,明敏的股价小萤火虫,7300420046,2026-03-20 01:37:39,0,0,0,6221,0,Android,https://xueqiu.com/7300420046/380275071,2026-07-08 16:19:36
380281785,SZ002816,ST和科,,$*ST和科(SZ002816)$ 看是不是放量下跌了。。,0,没睡的被子,2575892641,2026-03-20 01:52:30,0,0,0,5300,0,iPhone,https://xueqiu.com/2575892641/380281785,2026-07-08 16:19:36
380282102,SZ002816,ST和科,,$*ST和科(SZ002816)$ 终于放量大跌了，舒服了,0,是不万能的喜剧,9134659920,2026-03-20 01:53:06,0,0,0,5732,0,iPhone,https://xueqiu.com/9134659920/380282102,2026-07-08 16:19:36
380283570,SZ002816,ST和科,,$*ST和科(SZ002816)$ 下周希望再跌5%-8%，这样抄底也安全多了。一直阴跌，迟迟不敢加仓干，到20左右我就敢大胆买了,0,明敏的股价小萤火虫,7300420046,2026-03-20 01:55:45,2,0,0,5647,0,Android,https://xueqiu.com/7300420046/380283570,2026-07-08 16:19:36
380283776,SZ002816,ST和科,,$*ST和科(SZ002816)$ 好吧大盘突然蹦了,0,ST库里,1743746819,2026-03-20 01:56:08,0,0,0,7966,0,iPhone,https://xueqiu.com/1743746819/380283776,2026-07-08 16:19:36
380287083,SZ002816,ST和科,,$*ST和科(SZ002816)$ 哪天出年报进度，今天还有周一,0,菜菜爱吃菜花,1924970434,2026-03-20 02:03:09,1,0,0,5751,0,iPhone,https://xueqiu.com/1924970434/380287083,2026-07-08 16:19:36
380293245,SZ002816,ST和科,,$*ST和科(SZ002816)$ 果真越跌越不敢加仓。,0,没睡的被子,2575892641,2026-03-20 02:17:16,0,0,0,5618,0,iPhone,https://xueqiu.com/2575892641/380293245,2026-07-08 16:19:36
380310867,SZ002816,ST和科,,$*ST和科(SZ002816)$ 这时候就怕年报有坑了。。,0,没睡的被子,2575892641,2026-03-20 03:05:18,0,0,0,6076,0,iPhone,https://xueqiu.com/2575892641/380310867,2026-07-08 16:19:36
380312534,SZ002816,ST和科,,$*ST和科(SZ002816)$ 年报有雷，怕的赶紧跑吧,0,是不万能的喜剧,9134659920,2026-03-20 03:10:12,0,0,0,7198,0,iPhone,https://xueqiu.com/9134659920/380312534,2026-07-08 16:19:36
380312791,SZ002816,ST和科,,*ST和科曾经拥有过，想再次尝试拥有，小本经营先入一手。就这样还浅套2个点，目前的行情就是专治不服症，谁动就套谁。,0,叶隅清欢,4392919374,2026-03-20 03:11:07,1,0,0,7716,0,Android,https://xueqiu.com/4392919374/380312791,2026-07-08 16:19:36
380314561,SZ002816,ST和科,,$*ST和科(SZ002816)$ 28亿的时候，每个人都相信宏大叙事，国产替代，半导体设备，业绩预增。等真正给了你更好入手机会的时候，每个人都在怀疑，2025业绩是不是暴雷了？股还是那个股，变的一直都是人心,0,特区捡垃圾,3287498234,2026-03-20 03:17:00,0,18,0,28464,2,雪球,https://xueqiu.com/3287498234/380314561,2026-07-08 16:19:36
380314588,SZ002816,ST和科,,$*ST和科(SZ002816)$ 股东都这么少了还能跌停。要吃独食吗,0,酒醉山头,8490982642,2026-03-20 03:17:04,5,0,0,10502,0,雪球,https://xueqiu.com/8490982642/380314588,2026-07-08 16:19:36
380317442,SZ002816,ST和科,,$*ST和科(SZ002816)$ 好好好，这么玩是吧。没出预告前是这个价格，出了业绩预告后又回到这个价格了，好好好。,0,哪天能不亏钱,5550807647,2026-03-20 03:26:20,7,3,0,14120,0,Android,https://xueqiu.com/5550807647/380317442,2026-07-08 16:19:36
380317852,SZ002816,ST和科,,$*ST和科(SZ002816)$ 加仓,0,干净的赚钱小晨光,9768705102,2026-03-20 03:27:29,0,1,0,10220,0,Android,https://xueqiu.com/9768705102/380317852,2026-07-08 16:19:36
380329104,SZ002816,ST和科,,$*ST和科(SZ002816)$ 冠军是不是又吹和科了？冠军一吹必下跌，主打一个叛逆,0,宇智bo卡卡西,7031892934,2026-03-20 04:22:05,1,3,0,10503,0,iPhone,https://xueqiu.com/7031892934/380329104,2026-07-08 16:19:36
380333237,SZ002816,ST和科,,$*ST和科(SZ002816)$ 市值回落至22亿出头，盘面情绪波动明显。公司后续节点较为清晰，审计进展公告下周二前必披露；4月15日前预计发布一季度业绩预告，预期为净利润同比大增超50%且为正。当初看好的半导体设备、高端清洗技术、储能业务布局至今未变。亦有球友实地调研，公司业绩订单饱满，前景向好。风物长宜放眼量，心定路稳，不必问春风,0,ST鹤云,3995972617,2026-03-20 04:52:58,23,17,1,55376,6,Android,https://xueqiu.com/3995972617/380333237,2026-07-08 16:19:36
380341265,SZ002816,ST和科,,$*ST和科(SZ002816)$ 难得有研报覆盖的st股票。市场在担心年报业绩不达标。下周审计进展出来基本就放心了。,0,戴帽执剑人,4661084698,2026-03-20 05:29:57,1,3,0,14737,0,Android,https://xueqiu.com/4661084698/380341265,2026-07-08 16:19:36
380349376,SZ002816,ST和科,,$*ST和科(SZ002816)$ 问了董秘，说是今晚出业绩审计进度报告。（不知道啥情况，这情绪咋这样，碰上大盘又不好）,0,哪天能不亏钱,5550807647,2026-03-20 06:02:01,12,2,0,16902,0,Android,https://xueqiu.com/5550807647/380349376,2026-07-08 16:19:36
380354549,SZ002816,ST和科,,$*ST和科(SZ002816)$ 你买点我买点，大家亏得剩点点。,0,欧巴酱在哪里,1992343916,2026-03-20 06:21:00,0,4,0,8911,0,iPhone,https://xueqiu.com/1992343916/380354549,2026-07-08 16:19:36
380381100,SZ002816,ST和科,,*ST和科：关于公司2025年年报编制及最新审计进展的公告 网页链接,0,*ST和科(SZ002816),0,2026-03-20 07:46:11,0,7,0,14372,0,公告,https://xueqiu.com/S/SZ002816/380381100,2026-07-08 16:19:36
380382068,SZ002816,ST和科,,$*ST和科(SZ002816)$ 审计报告啥都没讲，各位兄台有何高见,0,漠北以北57,7335497961,2026-03-20 07:50:47,6,0,0,9379,0,Android,https://xueqiu.com/7335497961/380382068,2026-07-08 16:19:34
380390598,SZ002816,ST和科,,$*ST和科(SZ002816)$ 周一涨停，都是乌合之众,0,hi红领巾,4118119529,2026-03-20 08:33:23,1,3,0,11244,0,Android,https://xueqiu.com/4118119529/380390598,2026-07-08 16:19:34
380398186,SZ002816,ST和科,,$*ST和科(SZ002816)$ 年报正常，没延期，没修改业绩。跌的还以为暴雷了。,0,百元和科,4762970448,2026-03-20 09:17:47,0,2,0,17403,0,Android,https://xueqiu.com/4762970448/380398186,2026-07-08 16:19:34
380402920,SZ002816,ST和科,,$*ST和科(SZ002816)$ 他🐴的，年报没暴雷，你们砸跌停干什么,0,是不万能的喜剧,9134659920,2026-03-20 09:49:33,3,1,0,10898,0,iPhone,https://xueqiu.com/9134659920/380402920,2026-07-08 16:19:34
380461431,SZ002816,ST和科,*ST 和科（002816.SZ）全事件复盘：两次退市风险、重组失败与保壳进展全梳理,$*ST和科(SZ002816)$ 一、公司历史沿革核心前提澄清：截至 2026 年 3 月 20 日，公司未被深交所终止上市，当前处于深交所主板正常交易状态，证券简称 “*ST 和科”，日涨跌幅限制 5%，当日收盘价 22.19 元 / 股，总市值 22.19 亿元。公司因 2024 年财务指标不达标被实施退市风险警示，2025 年业绩预告已满足摘帽标准，待 2026 年 4 月 21 日披露年报后，深交所将决定是否撤销退市风险警示。深圳市和科达精密清洗设备股份有限公司（代码 002816.SZ）前身为 1994 年 5 月成立的深圳市和科达超声设备有限公司，早期核心主业为工业超声波清洗设备研发生产，产品广泛应用于电子、光伏、光学等领域，是国内精密清洗设备赛道头部企业。2012 年完成股份制改造，2016 年 10 月 25 日登陆深交所中小板上市，首发募资 2.73 亿元。上市后公司业绩持续低迷，9 年间历经4 次实控人变更、4 次重大资产重组全部失败，多次濒临退市风险，先后跨界平板显示、新能源、半导体等赛道。2024 年 10 月，阜阳市颍泉区国资委通过股权收购成为公司实控人，公司全面转型半导体晶圆清洗设备、新能源设备赛道，成为地方国资旗下高端制造上市平台。二、核心事件完整时间轴复盘（一）成立上市与主业深耕期（1994-2016 年）1994-2015 年：公司深耕工业精密清洗设备赛道，逐步拓展电镀、水处理、液晶面板清洗设备业务，成为国内清洗设备领域核心供应商，2015 年营收 4.21 亿元，归母净利润 0.53 亿元，完成 IPO 申报。2016 年 10 月：登陆深交所上市，募资用于清洗设备产能扩建与研发中心建设，上市后业绩随即进入下滑通道。（二）频繁重组失败与业绩持续恶化期（2017-2021 年）2017 年 首次重大资产重组失败：筹划以发行股份 + 支付现金方式收购宝盛自动化 100% 股权，切入平板显示模组设备赛道，因标的估值分歧终止，首次跨界转型失败。2019 年 第二次重大资产重组失败：拟以 3.51 亿元收购东田光电 100% 股权，切入精密光电薄膜元器件赛道，因市场环境变化、交易条款未达成一致终止。2019 年 首次实控人变更：瑞和成控股以 6.6 亿元受让公司 29.99% 股份，金文明成为新任实控人，原实控人团队彻底退出。2020-2021 年 第三次重大资产重组失败：拟收购弗兰德科技 100% 股权，切入 5G 基站天线赛道，因交易对价、业绩承诺未达成一致终止；同期受疫情、行业竞争加剧影响，公司 2021 年首次出现上市后年度大额亏损，归母净利润亏损 0.89 亿元。（三）首次退市风险警示与保壳摘帽（2022-2024 年 9 月）2022 年 第二次实控人变更：丰启智远以 25 元 / 股受让公司 16% 股份，赵丰成为新任实控人；同年赵丰失联，阜阳国资通过借款与股权质押方式实现隐性控制，董事会完成换届。2023 年 4 月 首次被实施退市风险警示：公司 2022 年年报显示，经审计的扣非净利润为负值，且扣除后营业收入仅 0.98 亿元（低于 1 亿元），触发退市风险警示条款，简称变更为 “*ST 和科”。2023 年 核心保壳动作落地：拓展新能源清洗设备订单，2023 年实现扣除后营业收入 1.38 亿元，突破 1 亿元退市红线，扣非净利润亏损收窄至 0.79 亿元。2024 年 9 月 撤销退市风险警示，完成首次摘帽：公司 2023 年年报满足摘帽条件，深交所核准撤销退市风险警示，简称恢复为 “和科达”，首次保壳成功。（四）国资入主与二次退市风险警示（2024 年 10 月 - 2025 年 4 月）2024 年 10 月 第三次实控人变更，阜阳国资正式入主：丰启领航将其持有的丰启智远 51% 股权转让给阜阳天创科技，阜阳市颍泉区国资委成为公司实际控制人，完成国资正式入主。2025 年 4 月 二次被实施退市风险警示：公司 2024 年年报显示，经审计的扣非净利润为 - 5278.41 万元，扣除后营业收入仅 2091.93 万元（低于 3 亿元），触发 2024 年修订的《深圳证券交易所股票上市规则》财务类退市风险警示条款，简称变更为 “*ST 和科”。（五）2025 年保壳动作与最新状态（2025 年 5 月至今）2025 年 核心保壳动作落地：国资入主后全面转型半导体晶圆清洗设备、新能源设备赛道，2025 年前三季度营收 1.68 亿元，同比增长 2932.86%；全年业绩预告显示，预计 2025 年净利润 1550 万 - 2100 万元，扣非净利润 800 万 - 1200 万元，扣除后营业收入 2.4 亿 - 3.28 亿元，全面满足摘帽条件。2026 年 3 月 最新状态：公司 2025 年年报预约披露日为 2026 年 4 月 21 日，已连续发布四次退市风险提示公告，若年报经审计后数据达标，将向深交所提交摘帽申请；若仍触发退市条款，公司股票将被终止上市。三、专项事项补充说明（一）重大资产重组情况公司上市以来4 次筹划重大资产重组，全部以失败告终，无一次成功落地的重大资产重组，具体如下：表格时间收购标的交易对价终止原因2017 年宝盛自动化 100% 股权预估值 6.5 亿元标的资产估值、作价方案未达成一致2019 年东田光电 100% 股权预估值 3.51 亿元市场环境变化，交易核心条款未达成一致2020-2021 年弗兰德科技 100% 股权预估值不超 10 亿元交易对价、业绩承诺未达成一致2022 年圣窖酒业 100% 股权未披露白酒行业监管政策变化，交易终止（二）实控人变更完整历程表格时间控股股东实际控制人控制持股比例2016.10-2019.06崔军、覃有倘等创始团队崔军等一致行动人32.17%2019.06-2022.08益阳市瑞和成控股有限公司金文明29.99%2022.08-2024.10深圳市丰启智远科技有限公司赵丰16.00%2024.10 至今阜阳天创科技有限公司（间接控股）阜阳市颍泉区国有资产监督管理委员会16.00%（三）核心保壳动作全梳理公司上市以来两次面临退市风险，核心保壳动作如下：2023 年首次保壳核心动作 营收增厚：拓展新能源、光伏清洗设备订单，2023 年扣除后营收 1.38 亿元，突破 1 亿元退市红线； 资产处置：出售闲置子公司、房产，回笼资金补充流动性，收窄亏损幅度； 内控整改：完善财务核算与信息披露制度，2023 年财务报告被出具标准无保留意见。2025 年二次保壳核心动作 业务转型：切入半导体晶圆清洗设备赛道，获得大额订单，2025 年预计扣除后营收最高达 3.28 亿元，突破 3 亿元退市红线； 业绩扭亏：优化产品结构，高毛利半导体设备业务占比提升，2025 年预计净利润、扣非净利润双双扭亏为盈； 国资支持：阜阳国资提供资金、订单、产业资源全方位支持，推动公司业务转型与合规整改。四、投资者诉讼及结果截至 2026 年 3 月，公司无任何生效的证券虚假陈述责任纠纷投资者诉讼判决，无投资者获得赔偿的执行结果，核心原因如下：上市以来，证监会从未对上市公司主体作出信息披露违法违规的正式行政处罚，仅 2022 年、2023 年因业绩预告偏差、资产处置事项收到深交所监管函、广东证监局警示函，未被立案调查或正式处罚，不符合证券虚假陈述诉讼的受理前置条件，无投资者索赔的法定事实基础。多家律师事务所仅开展了投资者索赔预征集工作，暂无正式向法院立案的诉讼案件，无生效判决与赔付记录。公司涉及的诉讼均为日常经营相关的买卖合同纠纷、服务合同纠纷，截至 2026 年 3 月，所有重大诉讼均已结案执行完毕，无对公司经营产生重大影响的未决诉讼。五、退市风险爆发与保壳逻辑总结（一）两次退市风险爆发的核心根源主业持续丧失盈利能力，营收规模持续萎缩公司上市后核心清洗设备业务竞争力持续下滑，营收从 2016 年的 4.21 亿元萎缩至 2024 年的 0.21 亿元，扣非净利润自 2019 年起连续 6 年为负，主业完全丧失自我造血能力，是退市风险爆发的根本原因。频繁跨界重组失败，持续消耗公司资源上市后 9 年间 4 次筹划重大资产重组全部失败，不仅未能实现业务转型，反而持续消耗公司资金与管理资源，进一步加剧了业绩恶化。控制权频繁更迭，公司治理完全失效上市后 4 次实控人变更，历任实控人均将公司作为资本运作工具，无心深耕主业，内控体系形同虚设，经营战略频繁变动，最终导致业绩持续恶化。退市新规收紧，传统保壳路径被封堵2024 年退市新规将营收红线从 1 亿元上调至 3 亿元，彻底堵死了公司通过低毛利贸易、小额订单冲营收保壳的路径，直接触发第二次退市风险警示。（二）保壳成功的核心支撑地方国资入主，提供强信用与资源支持阜阳市颍泉区国资委入主后，为公司提供了资金、订单、产业资源全方位支持，推动公司切入高景气的半导体设备赛道，实现营收与利润的快速修复，是保壳成功的核心基础。业务转型见效，财务指标全面达标公司 2025 年业绩预告显示，已实现 “净利润、扣非净利润扭亏为盈 + 扣除后营收突破 3 亿元”，全面满足撤销退市风险警示的全部条件，退市风险已基本解除。从未触及不可逆的退市硬性条款公司上市以来仅触发过财务类退市风险警示，从未触及重大违法强制退市、交易类强制退市条款，无不可逆的退市法定事由，具备保壳整改的合规基础。（三）当前潜在退市风险若 2025 年年报经审计后，出现净利润为负、扣除后营业收入低于 3 亿元、审计报告非标意见任一情形，公司股票将被终止上市。,0,嘻乐开心,3712767835,2026-03-20 23:41:39,3,0,0,33943,2,雪球,https://xueqiu.com/3712767835/380461431,2026-07-08 16:19:34
380465567,SZ002816,ST和科,,$*ST和科(SZ002816)$ $*ST兰黄(SZ000929)$和科审计无分歧利好，周五胆大的吃肉。兰黄年报从3月31日延期至4月13日，是本轮延期股里延期时间最短的，短期偏利空，周一大概率低开。但背后也藏着利好：1月份有4只票顺利摘帽，而2、3月申请摘帽的8只至今无一通过，核心原因就是监管审核明显趋严。这次延期，本质是为了把年报里存疑的地方补得更合规、更扎实，全力确保一次通过审核。,0,干净的赚钱小晨光,9768705102,2026-03-21 01:02:45,0,5,0,33986,1,Android,https://xueqiu.com/9768705102/380465567,2026-07-08 16:19:34
380498237,SZ002816,ST和科,,$*ST和科(SZ002816)$ ai大模型工程师是打算干啥呀。,0,哪天能不亏钱,5550807647,2026-03-21 10:11:21,6,4,0,15833,0,Android,https://xueqiu.com/5550807647/380498237,2026-07-08 16:19:34
380515783,SZ002816,ST和科,我们来捋一捋最近有趣的事情,$*ST和科(SZ002816)$ 2025年12月 15号成立了一家叫速达精微（广州）半导体有限公司，记住这个叫FAN JINGMIN人。然后在2026年1月6号成立了下面一家公司，也有这个叫FAN JINGMIN人。然后在2026年1月29号又成立了下面这家公司巧合的是FAN JINGMIN有一家公司叫浙江斯微迪精密设备有限公司这个谭杰是浙江矽感锐芯科技股份有限公司重要股东，嘉兴荣晟实业投资有限公司，是上市公司浙江荣晟环保纸业股份有限公司的子公司。同时浙江斯微迪精密设备有限公司跟股东谭杰又是浙江矽感锐芯科技股份有限公司股东那么问题来了为什么都搞在一起了。浙江斯微迪精密设备有限公司跟浙江矽感锐芯科技股份有限公司有什么关联，这个FAN JINGMIN又是谁？太绕了纯属探讨，有没有懂的大神？,0,一张嘴,5652886067,2026-03-21 16:51:34,15,7,0,37646,4,Android,https://xueqiu.com/5652886067/380515783,2026-07-08 16:19:34
380522906,SZ002816,ST和科,,$*ST和科(SZ002816)$ 期待大脸猫说他高位卖了留底仓，大跌反弹之前大吸特吸了，所谓的大跌，都是给他降成本,0,墨尔本获总首席BF,3275764348,2026-03-22 01:23:32,2,2,0,11363,0,Android,https://xueqiu.com/3275764348/380522906,2026-07-08 16:19:34
380538978,SZ002816,ST和科,,1. 子公司性质：更像是“持股平台”或“资本运作载体”，而非实体生产工厂注册资本仅10万元：对于半导体行业而言，10万元的注册资本几乎可以忽略不计。一家正常的半导体材料或设备生产、研发企业，需要大量资金用于厂房、设备和原材料采购。如此低的注册资本强烈暗示，这家公司大概率不是一个实体经营的工厂，而是一个用于未来收购资产、引入投资、或者作为技术团队持股的平台。经营范围宽泛：工商信息显示其经营范围包含“以自有资金从事投资活动”、“信息咨询服务”等。这也符合其作为资本运作平台的定位。2. 法定代表人“FAN JINGMIN”的身份推测：可能是核心技术或资本运作的关键人物外籍或拥有海外背景：拼音名字“FAN JINGMIN”通常指向具有海外（尤其是北美或新加坡）背景的华人。与公司战略转型方向高度契合：*ST和科目前正全力向半导体设备领域转型，其子公司“和科达半导体”的产品包括晶圆清洗设备、无掩膜光刻机等。公司需要技术团队或能引入相关资源的合伙人。“FAN JINGMIN”极有可能是这家新成立子公司的核心人物，负责对接海外技术、引进团队或进行相关领域的投资并购。 这也是雪球原文作者特别强调“记住这个叫FAN JINGMIN”的原因。3. 成立时间点很关键：为2025年业绩和保壳做最后布局成立日期：2025年12月15日。财务背景：ST和科因2024年营收低于1亿元且亏损，被实施退市风险警示（ST）。根据公司2026年1月发布的业绩预告，公司预计2025年营收在2.6亿至3.34亿元之间，并实现扭亏为盈。这刚好超过了3亿元的“保壳”红线。时间点的意义：公司选择在2025年最后一个月的中间成立这家与核心转型方向（半导体）紧密相关的子公司，时间点非常敏感。这可以解读为公司为完善其半导体业务板块的架构、整合资源，以向审计机构和监管部门展示其战略转型的实质性进展，从而支撑其2025年的收入和利润，确保“保壳”成功。4. 对*ST和科的意义与风险积极意义：这进一步证实了公司向半导体领域深度转型的决心。如果“FAN JINGMIN”确实能带来有价值的技术、团队或订单，那么“速达精微”可能成为公司未来整合半导体业务的核心平台，提升公司估值和想象空间。,0,是不万能的喜剧,9134659920,2026-03-22 06:28:00,2,1,0,9432,0,iPhone,https://xueqiu.com/9134659920/380538978,2026-07-08 16:19:34
380543931,SZ002816,ST和科,,$*ST和科(SZ002816)$ 下周能不能再砸几个跌停，让我虫哥有20块钱买入的机会,0,是不万能的喜剧,9134659920,2026-03-22 08:05:33,1,0,0,9853,0,iPhone,https://xueqiu.com/9134659920/380543931,2026-07-08 16:19:34
380549336,SZ002816,ST和科,,樊敬闽，也是半导体设备领域的技术工程师，浙江斯迪微精密的法人，这个是做半导体固晶机的公司。跟和科达的半导体pcb直写光刻机都是设备领域的，合作成立的公司是企业有限合伙，要么就是业务协同，要么就是有合作并购计划。反正就是要认真发展半导体这块的业务。摘帽后就能看到市场给的估值了。,0,哪天能不亏钱,5550807647,2026-03-22 09:45:40,1,4,0,13882,1,Android,https://xueqiu.com/5550807647/380549336,2026-07-08 16:19:34
380572801,SZ002816,ST和科,*ST和科（002816）深度研判：保壳博弈下的危与机,核心提要*ST和科正处于保壳扭亏关键窗口期，2025年预计扭亏为盈但扣非仍为负，主业造血能力薄弱。股价在22-26元箱体震荡，资金以游资+散户博弈为主，长线机构几乎缺席。核心风险为退市压力、客户高度依赖与现金流紧张，核心机会在于年报审计顺利后的摘星估值修复。本文应球友邀约，结合扫雷报告、财报与盘面数据，对公司进行全维度定性定量分析。一、缘起：应球友点评近期球友询问*ST和科的投资价值，尤其关注预计扭亏对股价的影响、ST保壳博弈的风险边界，以及游资与散户主导的盘面特征。结合最新扫雷报告、财报预告与盘面走势，本文系统拆解公司基本面、资金面、技术面与消息面，为投资者提供清晰的决策参考。二、资金面主力动态1. 近期走势与周五表现近期走势：2025年12月至今，股价在22-26元区间箱体震荡，累计涨幅约12%，近一年涨幅62%，跑赢大盘。周五（3月20日）走势：开盘22.96元，收盘22.19元，跌幅5.01%，创近期最大单日跌幅；最高23.25元，最低22.19元，换手率4.28%，成交额9609万元；主力净流出2298万元，游资与散户承接部分抛压，筹码松动明显。2. 主力持仓与博弈结构机构持仓：截至2025年6月，仅5家机构持仓，占流通股21.52%，且无主动型基金，长线主力机构几乎缺席。游资龙虎榜：历史上榜显示，游资营业部为交易主力，机构净买入极少，典型游资+散户博弈格局。筹码分布：平均成本23.36元，当前股价略低于成本线，筹码集中度偏低，主力控盘度弱。三、基本面深度分析1. 行业地位国内工业精密清洗设备细分领域龙头，产品覆盖光学、汽车、半导体、光伏等领域。2025年布局半导体设备，重点推进无掩膜光刻机研发，目前处于实验室验证与小试阶段，尚未形成规模收入，行业竞争力仍依赖传统精密清洗设备。2. 盈利能力2025年业绩预告：预计归母净利润1550万-2100万，同比扭亏；但扣非净利润为负，盈利依赖资产处置、政府补助等非经常性损益。2025三季报：营收1.68亿（同比+2932%），归母净利润673万，扣非净亏272万，销售毛利率20.37%，净利率仅2.1%，主业盈利能力极弱。历年分红：公司自2019年上市以来，仅2020年实施过10派0.5元的现金分红，累计分红金额1000万元，分红率极低，对长期投资者吸引力有限。3. 偿债能力与财务生存能力偿债能力：2025三季报资产负债率48.45%，流动比率1.94，速动比率1.21，短期偿债压力可控。现金流：2025前三季度经营现金流净额-2861万，货币资金占总资产不足15%，经营造血能力严重不足。财务风险：存货占总资产超15%、应收账款占比超20%，资金周转效率低，高库存与应收款风险突出。4. 营收结构与客户依赖2024年第一大客户占营收比52.45%，客户高度集中，抗风险能力弱；2025年营收1.68亿（主板低于3亿红线），存在年营收偏低的退市风险。5. 核心风险项（来自扫雷报告）1. 高库存与应收账款风险：存货、应收款占比高，周转效率低；2. 客户依赖风险：第一大客户占比超50%，营收稳定性差；3. 扣非亏损：主业不赚钱，盈利质量差，可持续经营存疑；4. 诉讼风险：累计涉案金额约2275万，或影响现金流；5. 治理风险：高管人数少于4人，治理结构不完善；6. 退市风险：*ST身份，2025年报是保壳关键，若不达标将直接退市；7. 营收偏低：2025年营收不足3亿，触及主板退市红线。四、技术面（波浪理论+斐波那契+箱体运行）1. 箱体运行2025年12月至今，股价在22元（支撑）-26元（压力）区间震荡，形成清晰箱体；周五跌破23元支撑位，短期考验22元箱体下沿，若有效跌破，可能下探20元附近。2. 波浪理论与斐波那契浪型划分：2025年3月-10月完成5浪上涨（从13.68元涨至26.8元），当前处于B浪调整。斐波那契回撤：从26.8元高点回调，23.3元（0.382回撤位）已跌破，下一个支撑位为21.5元（0.5回撤位）、19.8元（0.618回撤位）。均线系统：5日、10日均线死叉，20日均线走平，短期趋势转弱，中期仍在箱体区间。3. 历轮行情表现2025年4月戴帽后，股价不跌反涨，走出保壳预期行情；2025年10月-2026年2月，受扭亏预告刺激，股价从19.79元涨至26.8元，涨幅35%；2026年3月，受年报审计进展不确定性影响，股价回调，跌幅约17%。五、消息面/市场传闻1. 已公告信息2025年业绩预告：预计扭亏为盈，核心逻辑为非经常性损益；年报审计进展：2026年3月21日公告，审计工作正常推进，年报将于4月21日披露；诉讼与仲裁：累计涉案金额约2275万，无重大未披露诉讼；董事会换届：2025年11月完成换届，孟宇亮出任董事长，治理结构逐步完善；无掩膜光刻机进展：2025年12月公告，公司与高校合作研发无掩膜光刻机，目前处于实验室阶段，预计2026年下半年完成中试，尚未形成收入。2. 市场传闻传闻公司正在推进半导体设备业务融资，但尚未有官方公告；市场担忧2025年报审计可能存在非标意见，导致保壳失败，引发退市风险；部分资金押注摘星摘帽行情，博弈年报后股价修复。3. 预计扭亏的影响短期：扭亏预告已在2026年1月披露，股价已部分反映预期，当前回调反映市场对审计不确定性的担忧；中期：若年报审计顺利，公司将摘星，消除退市风险，估值有望修复至25-28元；长期：若扣非净利润无法转正，公司仍将面临持续经营压力，估值难以提升。六、主力操作思路游资：利用保壳预期、扭亏预告等消息，在箱体区间做波段操作，高抛低吸；散户：多数为博弈摘帽行情的短线资金，追涨杀跌特征明显；潜在主力：若年报审计顺利，可能有新资金入场布局摘帽行情，推动股价突破箱体上沿。七、定性定量研判后市1. 短期（1-2周）核心变量：年报审计进展公告；若审计进展顺利，股价有望反弹至23.5-24元；若审计出现负面信号，股价可能跌破22元，下探20元附近；操作建议：观望为主，等待明确信号。2. 中期（1-3个月）核心变量：2025年报披露结果；若年报标准无保留意见，且营收、净利润达标，公司将摘星，股价有望修复至25-28元；若年报非标意见或营收不达标，公司将面临退市风险，股价可能跌至15元以下；操作建议：轻仓博弈，严格止损。3. 长期（6个月以上）核心变量：半导体设备业务进展、扣非净利润转正情况；若无掩膜光刻机业务完成中试并获得订单，扣非净利润转正，公司估值有望重构，股价打开上行空间；若主业仍无改善，公司将持续面临经营压力，股价难以突破箱体。八、个人观点与散户应对策略1. 个人核心观点对于ST标的，不宜重仓参与，即便参与，通常也是因为无奈，被动持有，苦苦缠斗。投资中要清醒认知：可以输掉一场战斗，绝不能输掉整个战役。再好的标的都有，和它说告别的时候，更何况披星戴帽的公司，本质是在赌小概率的保壳成功，而非把握确定性的价值成长。和科似乎已经到了时间窗口，应该选择方向了，技术面看，如果急速向下，对指标修复有好处，有短线机会，关键看量能变化，尽量不要参与，这种标的参与多了，会影响拔剑的速度。2. 持仓者应对若持仓成本低于22元：可暂时持有，等待年报审计结果，若跌破21.5元坚决止损；若持仓成本高于23元：建议逢高减仓，控制仓位在3成以下，避免退市风险吞噬本金。3. 观望者应对不建议盲目抄底，等待年报披露后再做决策；若年报顺利摘星，可在22-23元区间轻仓布局，目标价25-26元，止损价20元，绝不恋战。4. 风险提示退市风险：*ST股票，若2025年报不达标，将直接退市，风险极高；流动性风险：股价波动大，换手率高，容易出现闪崩；信息不对称风险：公司治理不完善，可能存在信息披露不及时的问题；技术研发风险：无掩膜光刻机研发周期长、投入大，存在技术失败或商业化不及预期的风险。九、总结*ST和科是典型的保壳博弈股，核心逻辑是扭亏摘帽，但盈利质量差、客户依赖、现金流紧张等问题突出，风险与机会并存。短期股价受年报审计进展影响较大，中期取决于保壳结果，长期依赖半导体设备业务转型与扣非净利润转正。普通散户应谨慎参与，避免重仓博弈，理性看待ST股的高风险特征，守住本金永远比博取暴利更重要。交叉验证数据来源：1. *ST和科2025年三季报、2025年度业绩预告（深交所公告）2. 同花顺、东方财富网资金流向与筹码分布数据3. 公司关于诉讼、董事会换届、审计进展、无掩膜光刻机研发的公告4. 行业研究报告（浙商大制造《*ST和科深度：战略转型与多元化布局》）免责声明：本文仅为信息分享，不构成任何投资建议，投资者据此操作，风险自担。,0,怀马克,6959663840,2026-03-22 16:49:11,0,1,0,21868,0,Android,https://xueqiu.com/6959663840/380572801,2026-07-08 16:19:34
380601542,SZ002816,ST和科,,$*ST和科(SZ002816)$ 到底是有什么利空吗。。,0,没睡的被子,2575892641,2026-03-23 01:53:17,8,0,0,11752,0,iPhone,https://xueqiu.com/2575892641/380601542,2026-07-08 16:19:34
380603707,SZ002816,ST和科,,有些票怎么买都赚$ST智云(SZ300097)$ ，有些票怎么买都是亏$*ST和科(SZ002816)$,0,Heisenberg_ST,5386199194,2026-03-23 01:58:14,0,4,0,35308,0,Android,https://xueqiu.com/5386199194/380603707,2026-07-08 16:19:34
380627011,SZ002816,ST和科,,$*ST和科(SZ002816)$ 现在还有人不清楚到底会不会摘帽，说明基本都没人去看过上市规则。营业额不超过3亿且净利润为负，实施退市风险警示。因上述条件导致的风险警示，在第二年不存在“营业额不超过3亿且净利润为负“的情况，就可以申请撤销退市风险警示，这点和公司公告的一致，这都还有人猜来猜去。,0,FEIFEI11111,4767915092,2026-03-23 03:00:05,11,3,0,22739,1,雪球,https://xueqiu.com/4767915092/380627011,2026-07-08 16:19:34
380662732,SZ002816,ST和科,,$*ST和科(SZ002816)$ 未来主板老师们追逐的和科达，现在叫做*st和科。,0,戴帽执剑人,4661084698,2026-03-23 05:33:35,1,1,0,14903,0,Android,https://xueqiu.com/4661084698/380662732,2026-07-08 16:19:34
380665765,SZ002816,ST和科,,$*ST和科(SZ002816)$ 虫哥今天好安静啊………跌停了他竟然不出来得瑟…不太习惯,0,努力学习的小笨蛋,8268085189,2026-03-23 05:42:52,3,0,0,7839,0,iPhone,https://xueqiu.com/8268085189/380665765,2026-07-08 16:19:34
380671041,SZ002816,ST和科,,$*ST和科(SZ002816)$ 往常这么跌，必须要加仓的，大盘这个样子，实在是不敢动,0,ST库里,1743746819,2026-03-23 05:57:49,0,1,0,10422,0,iPhone,https://xueqiu.com/1743746819/380671041,2026-07-08 16:19:34
380705933,SZ002816,ST和科,,$*ST和科(SZ002816)$ 明天20块我会干死你们这群空头,0,1候选人,5413520600,2026-03-23 07:39:07,0,1,0,7606,0,iPhone,https://xueqiu.com/5413520600/380705933,2026-07-08 16:19:34
380750725,SZ002816,ST和科,,大家有没有感觉，有些票你不管怎么买都是赚的比如$*ST兰黄(SZ000929)$ $ST智云(SZ300097)$ ，有些票不管怎么买都是亏得$*ST和科(SZ002816)$ ，我周五看它快跌停了买入他直接跌停亏损，今天又一个跌停我卖了，我去明天它又涨起来了，在ST板块最负我的就是它,0,Heisenberg_ST,5386199194,2026-03-23 11:53:55,16,7,0,75723,1,Android,https://xueqiu.com/5386199194/380750725,2026-07-08 16:19:32
380811844,SZ002816,ST和科,,$*ST和科(SZ002816)$ 这玩意里面有脏东西吧？操盘的人是平时多招人讨厌啊？,0,努力学习的小笨蛋,8268085189,2026-03-24 01:34:45,0,3,0,6810,0,iPhone,https://xueqiu.com/8268085189/380811844,2026-07-08 16:19:32
380813645,SZ002816,ST和科,,$*ST和科(SZ002816)$ 今天开始建仓了,0,明敏的股价小萤火虫,7300420046,2026-03-24 01:39:31,1,2,0,6804,0,Android,https://xueqiu.com/7300420046/380813645,2026-07-08 16:19:32
380819563,SZ002816,ST和科,,$*ST和科(SZ002816)$ 到目标价位了，后面随便你怎么玩，如果下周反弹我直接就卖，如果继续跌，我就在15的位置再买，今天这比低点，我是不会错过的。,0,明敏的股价小萤火虫,7300420046,2026-03-24 01:51:23,1,1,0,7087,0,Android,https://xueqiu.com/7300420046/380819563,2026-07-08 16:19:32
380820541,SZ002816,ST和科,,$*ST和科(SZ002816)$ 怎么走势像要退市一样呢,0,酒醉山头,8490982642,2026-03-24 01:54:01,3,0,0,11337,0,雪球,https://xueqiu.com/8490982642/380820541,2026-07-08 16:19:32
380821551,SZ002816,ST和科,,$*ST和科(SZ002816)$ 我在二月就说了，这票跌起来最少一个对月，不跌到20附近不要去抄底，你们一个个的没人信。,0,明敏的股价小萤火虫,7300420046,2026-03-24 01:56:28,7,2,0,8442,0,Android,https://xueqiu.com/7300420046/380821551,2026-07-08 16:19:32
380828761,SZ002816,ST和科,,$*ST和科(SZ002816)$ 最近三个月，进来的人，没有人赚到钱吧,0,是不万能的喜剧,9134659920,2026-03-24 02:13:56,0,0,0,7660,0,iPhone,https://xueqiu.com/9134659920/380828761,2026-07-08 16:19:32
380834997,SZ002816,ST和科,,$*ST和科(SZ002816)$ 板块反弹了兄弟，你醒一醒,0,ST库里,1743746819,2026-03-24 02:30:16,1,0,0,11190,0,iPhone,https://xueqiu.com/1743746819/380834997,2026-07-08 16:19:32
380837528,SZ002816,ST和科,,$*ST和科(SZ002816)$ 八字不合股，再来一次，逆天改命不？,0,黑驹2026,6337303658,2026-03-24 02:38:22,1,2,0,12523,0,Android,https://xueqiu.com/6337303658/380837528,2026-07-08 16:19:32
380838251,SZ002816,ST和科,,$*ST和科(SZ002816)$ 大盘都起了，大兄弟，醒醒,0,漠北以北57,7335497961,2026-03-24 02:40:33,0,0,0,9420,0,Android,https://xueqiu.com/7335497961/380838251,2026-07-08 16:19:32
380841487,SZ002816,ST和科,,$*ST和科(SZ002816)$ 虐我千百遍我待和科如初恋,0,哪天能不亏钱,5550807647,2026-03-24 02:51:04,7,1,0,18242,0,Android,https://xueqiu.com/5550807647/380841487,2026-07-08 16:19:32
380884826,SZ002816,ST和科,,$*ST和科(SZ002816)$ 不承受20%的下跌，怎么能等到2%的上涨。,0,百元和科,4762970448,2026-03-24 06:35:23,3,1,0,15987,0,Android,https://xueqiu.com/4762970448/380884826,2026-07-08 16:19:32
380896010,SZ002816,ST和科,,$*ST和科(SZ002816)$ 虽然靠利润保壳，利润又不厚。但并没有监管函和问询函，业绩预告也没有特别的风险提示，安全过关概率很大。这个价位，我轻仓验底牌。,0,ST刘在石,4349645944,2026-03-24 07:20:24,0,2,0,11021,0,雪球,https://xueqiu.com/4349645944/380896010,2026-07-08 16:19:32
380901497,SZ002816,ST和科,,$*ST和科(SZ002816)$ 一堆 st 涨停，这票就是弱，短期继续洗,0,欧巴酱在哪里,1992343916,2026-03-24 07:51:09,0,0,0,9049,0,iPhone,https://xueqiu.com/1992343916/380901497,2026-07-08 16:19:32
380906245,SZ002816,ST和科,,$*ST和科(SZ002816)$ 大概周四选择低点买回,0,谦让的致富小雾气,9757177449,2026-03-24 08:21:52,0,0,0,8987,0,iPhone,https://xueqiu.com/9757177449/380906245,2026-07-08 16:19:32
380935576,SZ002816,ST和科,,$*ST和科(SZ002816)$ 储能景气周期，你也是储能，能不能跟一跟热点,0,是不万能的喜剧,9134659920,2026-03-24 12:02:38,0,1,0,8919,0,iPhone,https://xueqiu.com/9134659920/380935576,2026-07-08 16:19:32
380935639,SZ002816,ST和科,,结合昨晚的消息面，预判今天反弹，开盘基本按照昨晚制定的计划匆匆回补了仓位，开盘就回补到了八成，今天迅速回血，还差不到一个点本月回本，但距离新高仍有较大差距，距自己单月至少7%的目标更是遥不可及。说是基本按照计划，因为早晨下单太多，漏下了一个$*ST汇科(SZ300561)$ ，结果就它涨的最多，当然其他几只也涨的不错，有时候总感觉离完美差点运气，不过不完美总是常态。仓控是回撤控制的必备能力，这轮跌下来想必很多人印象深刻，大盘系统性大跌的时候，估值逻辑、技术指标都会失效，必须有极限思维，到底哪些属于筹码博弈，哪些是基本面质变了或者将要质变，未来一定会得到价值兑现，再砍掉杂毛仓位的同时给质变类股票留足加仓空间，大盘涨跌都能坦然面对。最后问一句，$*ST和科(SZ002816)$ 这烂货到底了吗？我看有些人已经对它绝望了。,0,聚焦质变,8491286481,2026-03-24 12:03:17,0,1,0,42506,0,Android,https://xueqiu.com/8491286481/380935639,2026-07-08 16:19:32
380996930,SZ002816,ST和科,,$*ST和科(SZ002816)$ 只有跌的比人家多，涨得比人家少，才能杀人诛心,0,是不万能的喜剧,9134659920,2026-03-25 01:41:56,0,1,0,9861,0,iPhone,https://xueqiu.com/9134659920/380996930,2026-07-08 16:19:32
381016875,SZ002816,ST和科,,$*ST和科(SZ002816)$ 怎么这么弱，要退市吗,0,浩哥笔记,5140493114,2026-03-25 02:37:58,3,1,0,9292,0,雪球,https://xueqiu.com/5140493114/381016875,2026-07-08 16:19:32
381026501,SZ002816,ST和科,,$*ST和科(SZ002816)$ 玩不过，每次都亏钱，拉黑,0,st云天,3203478968,2026-03-25 03:11:22,2,1,0,10985,0,Android,https://xueqiu.com/3203478968/381026501,2026-07-08 16:19:32
381029594,SZ002816,ST和科,,$*ST和科(SZ002816)$ 第一次玩st的票买入了你 确实很恶心 我觉得买进去的人没几个赚钱的,0,努力学习的小笨蛋,8268085189,2026-03-25 03:22:03,10,0,0,11302,0,iPhone,https://xueqiu.com/8268085189/381029594,2026-07-08 16:19:30
381053934,SZ002816,ST和科,,回复@是不万能的喜剧: 这股拿了6个多月，竟然还亏几个点，真是离谱，大盘3500，3600那会买的，后来大盘到4200，这货连大盘都没跑赢。去年6月随便闭着眼在ST买一只，现在最少都是50%的收益，这货是在恶心，ST板块都涨了50%不止。这货还趴着//@是不万能的喜剧:回复@明敏的股价小萤火虫:虫哥，之前不该嘲讽你，你黑和科非常对,0,明敏的股价小萤火虫,7300420046,2026-03-25 05:36:14,3,1,0,11161,0,Android,https://xueqiu.com/7300420046/381053934,2026-07-08 16:19:30
381054748,SZ002816,ST和科,,$*ST和科(SZ002816)$ 就算是因为那个SONG JIANBO在减持影响了股价，但是他也就500万股，早应该出完了吧，还是说，其他所有资金也都不看好这货，一直在砸？,0,是不万能的喜剧,9134659920,2026-03-25 05:39:27,10,0,0,13875,0,iPhone,https://xueqiu.com/9134659920/381054748,2026-07-08 16:19:30
381057937,SZ002816,ST和科,,$*ST和科(SZ002816)$ 你这个拉基股，不跟板块，不跟大盘。3300，3400点的时候你就20块了。后来大盘4200点，你还是20多块。这一年ST板块，半导体设备板块都翻倍了。看看城昌和京蓝，跟随板块共振，涨了四五倍，你个乐色。速度退市吧,0,明敏的股价小萤火虫,7300420046,2026-03-25 05:51:10,10,6,0,25790,1,Android,https://xueqiu.com/7300420046/381057937,2026-07-08 16:19:30
381187460,SZ002816,ST和科,,$*ST和科(SZ002816)$ 心态崩了，估计今天都在水下到微红，横盘折磨一整天,0,是不万能的喜剧,9134659920,2026-03-26 01:39:06,10,1,0,12054,0,iPhone,https://xueqiu.com/9134659920/381187460,2026-07-08 16:19:30
381243289,SZ002816,ST和科,,$*ST和科(SZ002816)$ 有个大户熬不住了，出501手砸了个坑。20元的五百手，相当于2元的五千手大单。,0,戴帽执剑人,4661084698,2026-03-26 05:21:40,1,4,0,18545,0,Android,https://xueqiu.com/4661084698/381243289,2026-07-08 16:19:30
381243955,SZ002816,ST和科,,$*ST和科(SZ002816)$ 前两天20.6附近买了一部分，准备拿到23附近做T的，结果反弹了三个点，又开始新一轮下跌了。醉了，再跌我就只能在15附近补仓了。,0,明敏的股价小萤火虫,7300420046,2026-03-26 05:24:29,3,0,0,10335,0,Android,https://xueqiu.com/7300420046/381243955,2026-07-08 16:19:30
381257207,SZ002816,ST和科,,$*ST和科(SZ002816)$ 大家现在唯一的解套机会就是拿长线。这个走势就不要安慰自己是洗盘了，庄家和大资金消息面广，很早就知道这股迟早会靠营收脱星摘帽。于是从8块多拉到1月底的28.6元，大资金默契地选择在这一天收网。于是就把前期十几块的低价筹码在这两月陆续出掉。现在就不要指望摘帽会迎来一波行情了，别人已经提前走完了行情，现在超过90%的人被套路，没有选择在1月底止盈的人，就已经输了。现在被套的人只能希望在摘帽后这只股的庄家在清掉手里的货后，讲筹码在主板进行交换了。等他其他庄家进来重新运作吧，栽在现在这个庄手里面，只能自认倒霉。回主板后，等待其他资金进来吧，才可能迎来真正的机会。,0,明敏的股价小萤火虫,7300420046,2026-03-26 06:16:52,0,4,0,14861,1,Android,https://xueqiu.com/7300420046/381257207,2026-07-08 16:19:30
381258664,SZ002816,ST和科,,$*ST和科(SZ002816)$ 给大家讲个例子，ST墨龙，在被ST期间股价从1块多缓慢拉到3块多，在摘帽前一两个月提前出货后就开始阴跌。回归主板的时候也是3块多，后面随着新的资金进来坐庄布局，在后面的一年时间内，从3块多拉到今年的高点14块钱。所以大家只能希望这个庄赶紧出掉手里的货，回归主板后，市值20亿，净资产为正的半导体设备股票自然会有大资金进来布局，等大资金吸筹完成后，迟早都会等来真正的行情。ST墨龙就是前车之鉴。摘帽前提前出货。,0,明敏的股价小萤火虫,7300420046,2026-03-26 06:21:54,7,5,0,26262,4,Android,https://xueqiu.com/7300420046/381258664,2026-07-08 16:19:30
381262659,SZ002816,ST和科,,$*ST和科(SZ002816)$ 周四就当交个过路费吧，3月已过，4月起航,0,ST库里,1743746819,2026-03-26 06:36:57,0,0,0,15412,0,iPhone,https://xueqiu.com/1743746819/381262659,2026-07-08 16:19:30
381263373,SZ002816,ST和科,,$*ST和科(SZ002816)$ 这货没有摘帽行情，大家想被套，就进来吧,0,是不万能的喜剧,9134659920,2026-03-26 06:39:58,10,3,0,14511,0,iPhone,https://xueqiu.com/9134659920/381263373,2026-07-08 16:19:30
381406678,SZ002816,ST和科,,$*ST和科(SZ002816)$ 别看现在红，等下几笔大单就砸绿,0,是不万能的喜剧,9134659920,2026-03-27 02:17:06,2,3,0,10855,0,iPhone,https://xueqiu.com/9134659920/381406678,2026-07-08 16:19:30
381446002,SZ002816,ST和科,,$*ST和科(SZ002816)$ 是不是我一卖就涨？那我要买入咯？,0,悟道并稳定盈利,1438042997,2026-03-27 05:15:09,16,0,0,29354,0,Android,https://xueqiu.com/1438042997/381446002,2026-07-08 16:19:30
381457428,SZ002816,ST和科,,$*ST和科(SZ002816)$ 劝各位今天还是不要追涨，尾盘不绿就行了，根本不指望它涨。慢慢等它回归主板后让其他资金进来运作吧，这个老庄的货多半还没出完，下周多半会再次回到20块钱。,0,明敏的股价小萤火虫,7300420046,2026-03-27 06:02:02,11,0,0,13082,0,Android,https://xueqiu.com/7300420046/381457428,2026-07-08 16:19:30
381464982,SZ002816,ST和科,,$*ST和科(SZ002816)$ 我来给你们振作一下士气，看看这无掩膜光刻机，你们觉得值多少钱？左图是和科达的光刻机，右图是上海微电子的光刻机,0,明敏的股价小萤火虫,7300420046,2026-03-27 06:36:19,13,2,0,13688,0,Android,https://xueqiu.com/7300420046/381464982,2026-07-08 16:19:30
381468637,SZ002816,ST和科,,no，no，no。上海微电子的光刻机是euv，duv光刻机，用于芯片前端，对标的是阿斯麦。和科达的直写光刻机是跟芯碁微装的光刻机做对标，芯碁是直写无掩膜光刻机国内龙头。直写光刻机用于芯片pcb后道封装比较多。虽然不如微电子的前端光刻机科技含量和市场那么大。但是后道pcb这两年用于ai存储处理各种的芯片电路市场也是增量级别的，看芯碁的业绩增长就知道，这个细分还是不错的，一是科技含量不需要那么那么的高，二是竞争有国资委做背书还有不少人脉。$*ST和科(SZ002816)$,0,哪天能不亏钱,5550807647,2026-03-27 06:53:06,5,6,0,42835,2,Android,https://xueqiu.com/5550807647/381468637,2026-07-08 16:19:30
381498985,SZ002816,ST和科,,$*ST和科(SZ002816)$ 啥时候20啊不到20不加仓,0,1候选人,5413520600,2026-03-27 09:36:48,1,1,0,11789,0,iPhone,https://xueqiu.com/5413520600/381498985,2026-07-08 16:19:30
381508420,SZ002816,ST和科,,$*ST和科(SZ002816)$ 我当初怎么会看好你这个窝囊玩意儿,0,灵秀的加薪小梦想家,1163688524,2026-03-27 10:37:10,1,1,0,12252,0,Android,https://xueqiu.com/1163688524/381508420,2026-07-08 16:19:30
381617496,SZ002816,ST和科,,$*ST和科(SZ002816)$ 和科一季度应该是大幅度预增，4月15日前需要披露，不过吧，我猜出预告当天，反而会跌,0,是不万能的喜剧,9134659920,2026-03-28 13:32:24,12,0,0,13141,0,iPhone,https://xueqiu.com/9134659920/381617496,2026-07-08 16:19:30
381625894,SZ002816,ST和科,,$*ST和科(SZ002816)$ 从招聘来讲，光刻机设备开发方面确实有所发力啊,0,沉迷AI的雪山,1230005921,2026-03-28 17:09:48,2,1,0,14240,0,iPhone,https://xueqiu.com/1230005921/381625894,2026-07-08 16:19:30
381639023,SZ002816,ST和科,,$*ST和科(SZ002816)$ 只要一涨马上有人出来吹震惊了，然后作为比较精准的反向指标，和科就要开始跌了，就是这么被玩坏的,0,挖掘机驾驶员阿福,8783747678,2026-03-29 02:52:12,1,3,0,11151,0,iPhone,https://xueqiu.com/8783747678/381639023,2026-07-08 16:19:27
381709270,SZ002816,ST和科,,$*ST和科(SZ002816)$ 今天不跌停，就代表强势,0,是不万能的喜剧,9134659920,2026-03-30 01:45:29,5,2,0,9901,0,iPhone,https://xueqiu.com/9134659920/381709270,2026-07-08 16:19:27
381729953,SZ002816,ST和科,,$*ST和科(SZ002816)$ 真是够墨迹的，买其他票早回去了，真是有点受不了,0,Jiu没有什么救世主,5655367889,2026-03-30 02:43:21,1,0,0,10846,0,iPhone,https://xueqiu.com/5655367889/381729953,2026-07-08 16:19:27
381740319,SZ002816,ST和科,,$*ST和科(SZ002816)$ 两只股基本同时披露业绩，1月初和科跟立航基本一个价位，立航已经创新高了，而你跌回了起点。,0,明敏的股价小萤火虫,7300420046,2026-03-30 03:21:04,2,3,0,12866,0,Android,https://xueqiu.com/7300420046/381740319,2026-07-08 16:19:27
381770889,SZ002816,ST和科,,$*ST和科(SZ002816)$ m没想到组合中就你还是红的,0,脚踏风火轮的哪吒,4195929176,2026-03-30 06:25:12,0,3,0,10191,0,雪球,https://xueqiu.com/4195929176/381770889,2026-07-08 16:19:27
381773065,SZ002816,ST和科,,$*ST和科(SZ002816)$ 补缺口了，但是没有量。兄弟们怎么看？,0,Jiu没有什么救世主,5655367889,2026-03-30 06:36:39,7,0,0,11343,0,iPhone,https://xueqiu.com/5655367889/381773065,2026-07-08 16:19:27
381838813,SZ002816,ST和科,,$*ST和科(SZ002816)$ 吗的知道我要20梭哈就是不跌呗,0,1候选人,5413520600,2026-03-30 12:28:51,3,0,0,12522,0,iPhone,https://xueqiu.com/5413520600/381838813,2026-07-08 16:19:27
381926086,SZ002816,ST和科,,$*ST和科(SZ002816)$ 真垃圾，今天这跟上影线一出来，不知道又要跌多久,0,明敏的股价小萤火虫,7300420046,2026-03-31 02:08:50,0,2,0,12185,0,Android,https://xueqiu.com/7300420046/381926086,2026-07-08 16:19:27
381927085,SZ002816,ST和科,,$*ST和科(SZ002816)$ 立航又板了，当初你俩个怎么选了你啊,0,明敏的股价小萤火虫,7300420046,2026-03-31 02:11:26,3,1,0,14642,0,Android,https://xueqiu.com/7300420046/381927085,2026-07-08 16:19:27
381935373,SZ002816,ST和科,,$*ST和科(SZ002816)$大盘绿的，他红了大盘红了，他平了大盘绿了，他也绿了,0,shikin,8754978618,2026-03-31 02:36:29,1,2,0,14613,0,iPhone,https://xueqiu.com/8754978618/381935373,2026-07-08 16:19:27
381938351,SZ002816,ST和科,,$*ST和科(SZ002816)$ 真以为上升趋势啊，来一个套一个，别不服,0,是不万能的喜剧,9134659920,2026-03-31 02:45:39,7,5,0,14436,0,iPhone,https://xueqiu.com/9134659920/381938351,2026-07-08 16:19:27
381990558,SZ002816,ST和科,,$*ST和科(SZ002816)$ 昨天怎么上去的，今天就怎么回来。,0,Jiu没有什么救世主,5655367889,2026-03-31 06:49:21,0,0,0,12475,0,iPhone,https://xueqiu.com/5655367889/381990558,2026-07-08 16:19:27
382012229,SZ002816,ST和科,,*ST和科：关于公司股票可能被终止上市的第五次风险提示公告 网页链接,0,*ST和科(SZ002816),0,2026-03-31 08:26:50,3,2,0,17750,0,公告,https://xueqiu.com/S/SZ002816/382012229,2026-07-08 16:19:27
382069257,SZ002816,ST和科,,$*ST和科(SZ002816)$这个股各位不服不行啊，涨起来1个点，2个点地涨。跌起来3个点，5个点地跌。谁还能比你厉害啊，我愿称你和科达为最弱牛股，最强熊股。,0,明敏的股价小萤火虫,7300420046,2026-03-31 13:59:39,2,1,0,15410,0,Android,https://xueqiu.com/7300420046/382069257,2026-07-08 16:19:27
382074170,SZ002816,ST和科,,$*ST和科(SZ002816)$ 第五次提示退市风险了，有没有大佬指点一下。,0,溯gn5,4838947786,2026-03-31 14:28:52,4,0,0,15613,0,雪球,https://xueqiu.com/4838947786/382074170,2026-07-08 16:19:27
382179530,SZ002816,ST和科,,$*ST和科(SZ002816)$ 到现在，交易量才2000万，路边一条,0,是不万能的喜剧,9134659920,2026-04-01 05:32:06,7,2,0,12411,0,iPhone,https://xueqiu.com/9134659920/382179530,2026-07-08 16:19:27
382191218,SZ002816,ST和科,,$*ST和科(SZ002816)$ 全天的成交量竟然缩到2000万了，还比不上热门榜股票一笔大单的成交量。,0,明敏的股价小萤火虫,7300420046,2026-04-01 06:24:33,3,1,0,13026,0,Android,https://xueqiu.com/7300420046/382191218,2026-07-08 16:19:27
382254782,SZ002816,ST和科,,$*ST和科(SZ002816)$ 这股现在这个量，每天涨跌的有意义吗？我感觉都不需要庄来拉升，我自己卖套房子，就能涨停了,0,灵秀的加薪小梦想家,1163688524,2026-04-01 13:05:46,2,1,0,10780,0,Android,https://xueqiu.com/1163688524/382254782,2026-07-08 16:19:27
382301761,SZ002816,ST和科,,$*ST和科(SZ002816)$ 说一下时间节点，4月7号，第二次年报编制及最新审计进展公告。4月21号年报（20号晚）。顺利的话就摘帽了。4月30号一季报。,0,哪天能不亏钱,5550807647,2026-04-02 01:20:36,9,4,1,20153,0,Android,https://xueqiu.com/5550807647/382301761,2026-07-08 16:19:27
382311267,SZ002816,ST和科,,$*ST和科(SZ002816)$ 我又来了，少年们！,0,悟道并稳定盈利,1438042997,2026-04-02 01:49:28,9,1,0,25461,0,Android,https://xueqiu.com/1438042997/382311267,2026-07-08 16:19:27
382312368,SZ002816,ST和科,,$*ST和科(SZ002816)$ 他今天这样子，我有点不适应,0,灵秀的加薪小梦想家,1163688524,2026-04-02 01:52:08,15,1,0,13785,0,Android,https://xueqiu.com/1163688524/382312368,2026-07-08 16:19:25
382358432,SZ002816,ST和科,,$*ST和科(SZ002816)$ 感觉被关注的越来越多了，那就不等低吸了 把剩余仓位都加了,0,单纯菜的抠脚,1134137807,2026-04-02 04:57:16,12,6,0,21444,0,iPhone,https://xueqiu.com/1134137807/382358432,2026-07-08 16:19:25
382363115,SZ002816,ST和科,,$*ST和科(SZ002816)$ 狗庄真贱知道我20卖房梭哈就是不跌,0,1候选人,5413520600,2026-04-02 05:21:28,0,0,0,9777,0,iPhone,https://xueqiu.com/5413520600/382363115,2026-07-08 16:19:25
382363251,SZ002816,ST和科,,$*ST和科(SZ002816)$ 大盘这么拉稀，没必要今天拉吧，容易后面补跌,0,浮萍相逢,5174198822,2026-04-02 05:22:06,0,1,0,17489,0,Android,https://xueqiu.com/5174198822/382363251,2026-07-08 16:19:25
382365872,SZ002816,ST和科,,$*ST和科(SZ002816)$怎么这么快就开板了？,0,爷yie,6458137823,2026-04-02 05:33:34,0,0,0,16648,0,HarmonyOS,https://xueqiu.com/6458137823/382365872,2026-07-08 16:19:25
382365961,SZ002816,ST和科,,$*ST和科(SZ002816)$ 没人跟，没量。大单撤了。又套一波小散,0,细腻的金条黑鹰,8043328723,2026-04-02 05:33:58,0,3,0,14066,0,iPhone,https://xueqiu.com/8043328723/382365961,2026-07-08 16:19:25
382373480,SZ002816,ST和科,,$*ST和科(SZ002816)$ 今天这是什么意思,0,不熬夜了再改昵称,1847527833,2026-04-02 06:03:28,2,1,0,11886,1,Android,https://xueqiu.com/1847527833/382373480,2026-07-08 16:19:25
382410447,SZ002816,ST和科,,$*ST和科(SZ002816)$ 是不是英伟达要借壳了，还能拉涨停,0,是不万能的喜剧,9134659920,2026-04-02 09:08:04,1,2,0,10206,0,iPhone,https://xueqiu.com/9134659920/382410447,2026-07-08 16:19:25
382414210,SZ002816,ST和科,,我和和科无缘，有些票就是这样，八字不合，这个票以后不会再买了，买过两次，买了就跌，割了就涨。你说我是韭菜也没问题。$*ST和科(SZ002816)$,0,CL阿尖,5058087772,2026-04-02 09:31:16,0,0,0,9032,0,Android,https://xueqiu.com/5058087772/382414210,2026-07-08 16:19:25
382416092,SZ002816,ST和科,,$*ST和科(SZ002816)$ 这个破谷刷碗的让烟台大吹子吹的多高端一样的,0,红苹果红红的,6251173988,2026-04-02 09:44:19,0,2,0,13108,0,Android,https://xueqiu.com/6251173988/382416092,2026-07-08 16:19:25
382468610,SZ002816,ST和科,,$*ST和科(SZ002816)$ 去年一季度325万的利润.今年一季度的业绩没有强制披露要求吗？4.15就要开奖了,0,努力学习的小笨蛋,8268085189,2026-04-02 17:26:37,4,0,0,8440,1,iPhone,https://xueqiu.com/8268085189/382468610,2026-07-08 16:19:25
382472868,SZ002816,ST和科,,$*ST和科(SZ002816)$ 看上的人多了,0,满仓向阳,6027021347,2026-04-02 19:48:25,0,0,0,11158,0,iPhone,https://xueqiu.com/6027021347/382472868,2026-07-08 16:19:25
382494435,SZ002816,ST和科,,$*ST和科(SZ002816)$ 今晚出第二期审计 进展报告。,0,哪天能不亏钱,5550807647,2026-04-03 01:35:06,17,1,1,20816,0,Android,https://xueqiu.com/5550807647/382494435,2026-07-08 16:19:25
382497994,SZ002816,ST和科,,$*ST和科(SZ002816)$ 你是来逗猴的吗，一天涨一天跌,0,脚踏风火轮的哪吒,4195929176,2026-04-03 01:44:13,1,0,0,10580,0,雪球,https://xueqiu.com/4195929176/382497994,2026-07-08 16:19:25
382499042,SZ002816,ST和科,,$*ST和科(SZ002816)$ 今天绿色才对嘛，你怎么能涨，不符合你的股性,0,是不万能的喜剧,9134659920,2026-04-03 01:46:59,1,2,0,12153,0,iPhone,https://xueqiu.com/9134659920/382499042,2026-07-08 16:19:25
382516005,SZ002816,ST和科,,$*ST和科(SZ002816)$ 下次红了就跑,0,三千万实盘梦想,5157625708,2026-04-03 02:30:26,0,3,0,11493,0,Android,https://xueqiu.com/5157625708/382516005,2026-07-08 16:19:25
382551136,SZ002816,ST和科,,$*ST和科(SZ002816)$ 能不能把钱还我，不玩了,0,三千万实盘梦想,5157625708,2026-04-03 05:21:36,1,2,0,11002,0,Android,https://xueqiu.com/5157625708/382551136,2026-07-08 16:19:25
382564262,SZ002816,ST和科,,$*ST和科(SZ002816)$ 我真是服了你，每次ST板块跌一个多点的时候，你这个东西次次跌三个点。今天又是跌3个点。,0,明敏的股价小萤火虫,7300420046,2026-04-03 06:21:06,3,4,0,14977,0,Android,https://xueqiu.com/7300420046/382564262,2026-07-08 16:19:25
382584000,SZ002816,ST和科,,*ST和科：关于公司2025年年报编制及最新审计进展的公告 网页链接,0,*ST和科(SZ002816),0,2026-04-03 07:49:20,1,5,0,16228,0,公告,https://xueqiu.com/S/SZ002816/382584000,2026-07-08 16:19:25
382584101,SZ002816,ST和科,,$*ST和科(SZ002816)$ 第二期审计进展出来了哦。,0,哪天能不亏钱,5550807647,2026-04-03 07:49:54,4,2,0,19292,0,Android,https://xueqiu.com/5550807647/382584101,2026-07-08 16:19:23
382657691,SZ002816,ST和科,,$*ST和科(SZ002816)$ 老美最新的对华管控方案主要限制了光刻机，会加速国产替代，和科有光刻机，算不算利好,0,丶勿妄,8273220489,2026-04-04 05:59:41,2,4,0,22528,0,Android,https://xueqiu.com/8273220489/382657691,2026-07-08 16:19:23
382669945,SZ002816,ST和科,,$*ST和科(SZ002816)$ 发了第二次审计进度，退不退市懂得都懂了吧，摘帽失败的几率几乎为零，回归正股后，这么小市值的半导体，后面能不成妖吗？,0,st含七,1354583407,2026-04-04 10:51:01,0,3,0,18550,0,iPhone,https://xueqiu.com/1354583407/382669945,2026-07-08 16:19:23
382693281,SZ002816,ST和科,,$*ST和科(SZ002816)$ 国企还是制作光刻机以及其他半导体设备的公司 起码3 40亿市值 如果是上海 深圳 长春国企起码给百亿市值,0,1候选人,5413520600,2026-04-05 02:39:39,5,2,0,14998,0,iPhone,https://xueqiu.com/5413520600/382693281,2026-07-08 16:19:23
382720412,SZ002816,ST和科,,$*ST和科(SZ002816)$ 和科在25年8月13号收到过监管函，对后续摘帽会有影响吗？会不会导致延期？？？,0,下跌趋势不加仓,6663533876,2026-04-05 14:52:01,1,0,0,20217,0,Android,https://xueqiu.com/6663533876/382720412,2026-07-08 16:19:23
382761178,SZ002816,ST和科,,$*ST和科(SZ002816)$ 让AI估值，三个主营业务加起来，乐观看到19亿,0,三千万实盘梦想,5157625708,2026-04-06 13:09:55,3,0,0,12117,0,Android,https://xueqiu.com/5157625708/382761178,2026-07-08 16:19:23
382762040,SZ002816,ST和科,,主营业务大幅增长，至于后面的行情涨不涨，市场说了算 $*ST和科(SZ002816)$,0,戴帽执剑人,4661084698,2026-04-06 13:23:58,2,2,0,20973,0,雪球,https://xueqiu.com/4661084698/382762040,2026-07-08 16:19:23
382796195,SZ002816,ST和科,,$*ST和科(SZ002816)$ 这股除了一字板，只要高开一定低走，近半年多无一列外。就问你们服不服，谁敢在早盘买，必备套。,0,明敏的股价小萤火虫,7300420046,2026-04-07 01:45:18,7,0,0,15552,0,Android,https://xueqiu.com/7300420046/382796195,2026-07-08 16:19:23
382827310,SZ002816,ST和科,,$*ST和科(SZ002816)$ 收盘不绿就是成功,0,是不万能的喜剧,9134659920,2026-04-07 04:05:38,0,2,0,14351,0,iPhone,https://xueqiu.com/9134659920/382827310,2026-07-08 16:19:23
382828172,SZ002816,ST和科,,$*ST和科(SZ002816)$ 假如我每天早盘高抛下午再接回来……？,0,灵秀的加薪小梦想家,1163688524,2026-04-07 04:13:53,3,1,0,15208,0,Android,https://xueqiu.com/1163688524/382828172,2026-07-08 16:19:23
382836190,SZ002816,ST和科,,$*ST和科(SZ002816)$ 人家$芯碁微装(SH688630)$ 马上新高，你呢,0,是不万能的喜剧,9134659920,2026-04-07 05:27:15,1,1,0,16241,0,iPhone,https://xueqiu.com/9134659920/382836190,2026-07-08 16:19:23
382950878,SZ002816,ST和科,,$*ST和科(SZ002816)$ 站稳23就好，夯实基础才能稳步提升,0,ST库里,1743746819,2026-04-08 01:58:11,0,0,0,17678,0,iPhone,https://xueqiu.com/1743746819/382950878,2026-07-08 16:19:23
382954586,SZ002816,ST和科,,$*ST和科(SZ002816)$ 你不许涨了，我高抛做t了,0,灵秀的加薪小梦想家,1163688524,2026-04-08 02:08:39,1,1,0,17273,0,Android,https://xueqiu.com/1163688524/382954586,2026-07-08 16:19:23
382963148,SZ002816,ST和科,,$*ST和科(SZ002816)$ 你爹$芯碁微装(SH688630)$ 历史新高，要涨停了！,0,哪天能不亏钱,5550807647,2026-04-08 02:36:04,11,4,0,27365,0,Android,https://xueqiu.com/5550807647/382963148,2026-07-08 16:19:23
382980465,SZ002816,ST和科,,$*ST和科(SZ002816)$ 今天没有绿色，已经很强势了，你们要求不要太高,0,是不万能的喜剧,9134659920,2026-04-08 03:47:31,0,1,0,18833,0,iPhone,https://xueqiu.com/9134659920/382980465,2026-07-08 16:19:23
383016933,SZ002816,ST和科,,$*ST和科(SZ002816)$ 该说不说，垃圾是真垃圾。浪费行情。无力,0,哪天能不亏钱,5550807647,2026-04-08 06:57:47,0,3,0,25005,0,Android,https://xueqiu.com/5550807647/383016933,2026-07-08 16:19:23
383018070,SZ002816,ST和科,,$*ST和科(SZ002816)$ 走了，走了。等出业绩前再来。先去打野,0,没睡的被子,2575892641,2026-04-08 07:02:55,5,0,0,23358,0,iPhone,https://xueqiu.com/2575892641/383018070,2026-07-08 16:19:23
383084190,SZ002816,ST和科,,$*ST和科(SZ002816)$ 芯碁微装涨一天顶你涨七八天了。,0,童真的开源荣耀,1375576432,2026-04-08 14:40:08,2,4,0,24598,1,Android,https://xueqiu.com/1375576432/383084190,2026-07-08 16:19:23
383126045,SZ002816,ST和科,,$*ST和科(SZ002816)$ 为什么这几天开始涨了？是不装了吗？,0,灵秀的加薪小梦想家,1163688524,2026-04-09 02:04:08,2,3,0,23070,2,Android,https://xueqiu.com/1163688524/383126045,2026-07-08 16:19:23
383127664,SZ002816,ST和科,,$*ST和科(SZ002816)$ 这还是那个和科吗，竟然逆势上涨,0,无畏的升值巨人,5344997162,2026-04-09 02:09:10,1,5,0,24709,1,Android,https://xueqiu.com/5344997162/383127664,2026-07-08 16:19:23
383129734,SZ002816,ST和科,,$*ST和科(SZ002816)$ 兄弟，给我顶住了，都别跑,0,脚踏风火轮的哪吒,4195929176,2026-04-09 02:15:13,6,4,0,26426,1,雪球,https://xueqiu.com/4195929176/383129734,2026-07-08 16:19:21
383168683,SZ002816,ST和科,,回看今年去年的操作，踩中了三只股的资本运作，必易微的收购（当时跟朋友聊过会有收购），凯龙高科的并购（这个也跟朋友聊过，当地政府有资金买在里面，说不定有资本运作），锴威特的收购（这个意料之外）。$*ST和科(SZ002816)$ 和科达26年必有资本运作，静等摘帽后。感觉去年今年运气都用在踩到的资本运作上了，结果一只都没吃到大肉。希望和科达对我好点。,0,哪天能不亏钱,5550807647,2026-04-09 05:40:19,10,9,0,49846,3,Android,https://xueqiu.com/5550807647/383168683,2026-07-08 16:19:21
383247499,SZ002816,ST和科,,ST和科（002816）-20260409$*ST和科(SZ002816)$ 一、带帽原因及摘帽可能性财务带帽，不足3亿且利润为负，待25年年报正式发布后可摘星去帽。年报日期26年4月21日，已经发布了2次年报编制及最新审计进展公告（已完结）。摘帽概率90%吧。二、基本信息1. 业务介绍公司业务从传统精密清洗设备向半导体高端制造转型。（1）清洗设备中报毛利率45%，还是比较优秀的，拥有超声波清洗、平板清洗、喷淋清洗、碳氢清洗等多种精密清洗设备。公司自我介绍也是在向高端清洗设备转型和加大力度。（2）线束产品25年中报毛利率仅4%，属于凑营收的业务，主要为新能源线束、汽车线束、储能线束，光伏及工业机器人线束，摘帽后可能搭上具身机器人的概念。（3）水处理设备遗留项目的处理，25年上半年为0，主要是超纯水的生产。（4）半导体专用设备和科达半导体（24年收购，直接+间接持股 47.55%）聚焦成熟制程的无掩膜（LDI）与微影光刻机，还有盖晶圆清洗设备、匀胶显影设备和晶圆去胶机等。直写光刻行业增长是受益于AI / 存储 / 高性能计算推动大尺寸、高密度芯片与封装需求。直写无需掩膜、成本低、柔性强，适配Chiplet/2.5D/3D 封装。技术门槛低于前道 DUV/EUV，国产替代可行性高。产品：竞争对手：国内芯碁微装。PCB 直写光刻：全球第一（市占率约 15%）。同精度对标芯碁：芯碁 4μm LDI 约200–300 万，2μm 约1000 万；2025 年 1 月，575 万中标武汉高芯科技 LDI 光刻机项目，属中高端 LDI 定价。我用豆包比较了一下两个公司的产品2.公司股东及市值总市值23亿（4月8日）。实控人为阜阳市颖泉区国资委。但持股比例不高，才16%左右。资产负债率50%，还行。三、结论1.可以看到和科的产品技术较芯碁微装落后一些，至于落后多少，因为不是半导体行业从业人员，不是很清楚；2.他的国资关系能给他带来多少的帮助也不是很清楚；3.公司对外资料太少了，很多资料都是依赖网友的个人信息，可信度到底有多少不是很有把握。有更了解这个公司的朋友欢迎一起讨论交流。风险提示：1.本文所提到的观点仅代表个人的意见，所涉及标的不作推荐，据此买卖，风险自负。2.文中资料来源于网络部分，若侵权，联系本人删除3.针对文中错误信息、遗漏信息或不同看法欢迎讨论，敬请文明讨论，理性讨论……,0,逍遥_任,9174224488,2026-04-09 13:44:36,4,7,1,40457,4,雪球,https://xueqiu.com/9174224488/383247499,2026-07-08 16:19:21
383294416,SZ002816,ST和科,,$*ST和科(SZ002816)$ 天天冲高回落,0,无畏的升值巨人,5344997162,2026-04-10 01:41:08,2,0,0,26825,0,Android,https://xueqiu.com/5344997162/383294416,2026-07-08 16:19:21
383304063,SZ002816,ST和科,,$*ST和科(SZ002816)$ 参考其他摘帽股的市值，和科至少得30亿。第一目标价30,0,JeremiahLiu,6920728089,2026-04-10 02:06:57,9,4,1,31137,3,iPad,https://xueqiu.com/6920728089/383304063,2026-07-08 16:19:21
383353384,SZ002816,ST和科,,$*ST和科(SZ002816)$ 不知道今晚会不会出一季度报预告,0,是不万能的喜剧,9134659920,2026-04-10 05:49:34,8,3,0,28718,1,iPhone,https://xueqiu.com/9134659920/383353384,2026-07-08 16:19:21
383491858,SZ002816,ST和科,,$*ST和科(SZ002816)$ 摘帽前跌停老演员了,0,欧巴酱在哪里,1992343916,2026-04-11 12:00:49,0,3,0,23539,0,iPhone,https://xueqiu.com/1992343916/383491858,2026-07-08 16:19:21
383598952,SZ002816,ST和科,,$*ST和科(SZ002816)$ 什么时候能硬一整天,0,是不万能的喜剧,9134659920,2026-04-13 02:38:05,6,3,0,22327,0,iPhone,https://xueqiu.com/9134659920/383598952,2026-07-08 16:19:21
383727127,SZ002816,ST和科,,$*ST和科(SZ002816)$ 看看人家$*ST双成(SZ002693)$ $国晟科技(SH603778)$ 收购未完成股价翻十倍，炒作完然后收购失败一地鸡毛。我们和科达是24年收购正儿八经的成为半导体设备公司，再加上主营增加的半导体清洗设备。25年中到26年初，一直在招聘光刻机方面高端技术人才。预计今年就能看到进展和订单情况。这不比那些虚头巴脑瞎炒的公司更靠谱吗？？,0,哪天能不亏钱,5550807647,2026-04-13 23:32:01,14,5,0,84419,3,Android,https://xueqiu.com/5550807647/383727127,2026-07-08 16:19:21
383772450,SZ002816,ST和科,,$*ST和科(SZ002816)$ 炒什么，慢慢涨不好吗,0,swxnh,4846636013,2026-04-14 03:12:36,0,0,0,13527,0,Android,https://xueqiu.com/4846636013/383772450,2026-07-08 16:19:21
383774496,SZ002816,ST和科,,$*ST和科(SZ002816)$ 哪来的资金，想要一波走完行情,0,swxnh,4846636013,2026-04-14 03:20:23,1,0,0,14317,0,Android,https://xueqiu.com/4846636013/383774496,2026-07-08 16:19:21
383797868,SZ002816,ST和科,,$*ST和科(SZ002816)$ 依然上午硬，下午软,0,是不万能的喜剧,9134659920,2026-04-14 05:37:35,0,0,0,12175,0,iPhone,https://xueqiu.com/9134659920/383797868,2026-07-08 16:19:21
383806660,SZ002816,ST和科,,$*ST和科(SZ002816)$ 预警，大脸猫应该即将减仓，他感觉良好挂山顶的兄弟月底又会看到他风轻云淡的说高位已出，低位买入，持股数量没有变，但成本又降了不少,0,墨尔本获总首席BF,3275764348,2026-04-14 06:18:15,9,2,0,16599,0,Android,https://xueqiu.com/3275764348/383806660,2026-07-08 16:19:21
383831832,SZ002816,ST和科,,$*ST和科(SZ002816)$ 冒着退市风险拿到现在，摘帽30亿不过分吧,0,ST库里,1743746819,2026-04-14 08:18:10,2,0,0,14637,0,iPhone,https://xueqiu.com/1743746819/383831832,2026-07-08 16:19:21
383879935,SZ002816,ST和科,,炒的今天出一季报预告，看来没超50%$*ST和科(SZ002816)$,0,张虎皮,4790090765,2026-04-14 13:45:24,5,1,0,13364,0,HarmonyOS,https://xueqiu.com/4790090765/383879935,2026-07-08 16:19:21
383889802,SZ002816,ST和科,,$*ST和科(SZ002816)$ 隔壁$芯碁微装(SH688630)$ 业绩相当不错，你明天应该也不差,0,是不万能的喜剧,9134659920,2026-04-14 14:55:05,2,1,0,14045,0,iPhone,https://xueqiu.com/9134659920/383889802,2026-07-08 16:19:21
383912419,SZ002816,ST和科,,$*ST和科(SZ002816)$ 最好是业绩爆雷，挖个深坑。这票才会一直涨。,0,欧巴酱在哪里,1992343916,2026-04-15 00:09:06,0,0,0,12834,0,iPhone,https://xueqiu.com/1992343916/383912419,2026-07-08 16:19:21
383939320,SZ002816,ST和科,,$*ST和科(SZ002816)$ 业绩暴雷就退市了，还涨呢,0,swxnh,4846636013,2026-04-15 02:08:06,2,0,0,11607,0,Android,https://xueqiu.com/4846636013/383939320,2026-07-08 16:19:21
383939888,SZ002816,ST和科,,$*ST和科(SZ002816)$ 卖了就涨，持有0股微赚,0,三千万实盘梦想,5157625708,2026-04-15 02:09:47,0,2,0,12357,0,Android,https://xueqiu.com/5157625708/383939888,2026-07-08 16:19:21
383954482,SZ002816,ST和科,,$*ST和科(SZ002816)$ 高位放量十字星，典型的……，就不用我多说了,0,童真的开源荣耀,1375576432,2026-04-15 02:53:46,13,0,0,15742,0,Android,https://xueqiu.com/1375576432/383954482,2026-07-08 16:19:21
383983306,SZ002816,ST和科,,$*ST和科(SZ002816)$ 太恶心了，拿了4个月，还没回本你敢信,0,是不万能的喜剧,9134659920,2026-04-15 05:28:16,0,0,0,14194,0,iPhone,https://xueqiu.com/9134659920/383983306,2026-07-08 16:19:19
383988737,SZ002816,ST和科,,$*ST和科(SZ002816)$ 不要意淫了，今天还有几个人反驳我说明天还能向上突破的，自己多思考思考。前车之鉴，后车之师的道理都不懂吗？,0,童真的开源荣耀,1375576432,2026-04-15 05:53:06,2,1,0,14361,0,Android,https://xueqiu.com/1375576432/383988737,2026-07-08 16:19:19
383990318,SZ002816,ST和科,,$*ST和科(SZ002816)$ 行啊，又让你们这些T狗赚到钱了,0,是不万能的喜剧,9134659920,2026-04-15 06:00:56,8,1,0,17186,0,iPhone,https://xueqiu.com/9134659920/383990318,2026-07-08 16:19:19
384015407,SZ002816,ST和科,,*ST和科：关于公司股票可能被终止上市的第六次风险提示公告 网页链接,0,*ST和科(SZ002816),0,2026-04-15 07:56:25,2,3,0,16180,0,公告,https://xueqiu.com/S/SZ002816/384015407,2026-07-08 16:19:19
384096511,SZ002816,ST和科,,$*ST和科(SZ002816)$ 昨晚没有发一季度业绩预告，深交所一季度业绩预告强制披露规则，根据深交所规定，上市公司在以下任一情形下必须在4月15日前披露一季度业绩预告：净利润为负值（亏损），实现扭亏为盈，净利润与上年同期相比上升或下降50%以上。期末净资产为负值，2025年Q1净利润为228万元至340万元，2026年Q1净利润很可能在114万元至510万元之间（即同比变动不超过50%），目前看扭亏为盈是有可持续性的。可以开始洗盘申请摘帽了。,0,欧巴酱在哪里,1992343916,2026-04-15 23:58:37,1,6,0,20487,0,iPhone,https://xueqiu.com/1992343916/384096511,2026-07-08 16:19:19
384133092,SZ002816,ST和科,,$*ST和科(SZ002816)$ 兄弟们，我也当一波T🐶,0,是不万能的喜剧,9134659920,2026-04-16 02:30:33,4,0,0,13896,0,iPhone,https://xueqiu.com/9134659920/384133092,2026-07-08 16:19:19
384135363,SZ002816,ST和科,,$*ST和科(SZ002816)$ 迟迟卡在25-26的压力位过不去，先T一部分，感觉下午随时跳水。,0,童真的开源荣耀,1375576432,2026-04-16 02:36:44,4,0,0,14139,0,Android,https://xueqiu.com/1375576432/384135363,2026-07-08 16:19:19
384145266,SZ002816,ST和科,,$*ST和科(SZ002816)$ 明天可以走人了,0,沉着的赚钱小飞侠,4854621840,2026-04-16 03:05:46,0,3,0,16008,0,iPhone,https://xueqiu.com/4854621840/384145266,2026-07-08 16:19:19
384177777,SZ002816,ST和科,,$*ST和科(SZ002816)$ 他🐴的，拿了4个月，唯一T的这次，就给我T飞了,0,是不万能的喜剧,9134659920,2026-04-16 05:50:46,7,8,0,18832,0,iPhone,https://xueqiu.com/9134659920/384177777,2026-07-08 16:19:19
384181278,SZ002816,ST和科,,ST和科相比ST威尔，强在国资确定性的加持。同样的ST大晟也是如此，只是风还没来。预期差和热度更大的ST长园，也是非常好摘帽标。$*ST大晟(SH600892)$ $ST长园(SH600525)$ $*ST和科(SZ002816)$ 戴帽的某国资22亿多，摘帽的大晟20亿。 请选择,0,长牛乱舞,9526081372,2026-04-16 06:05:21,11,9,0,62906,2,雪球,https://xueqiu.com/9526081372/384181278,2026-07-08 16:19:19
384185943,SZ002816,ST和科,,$*ST和科(SZ002816)$ 真后悔没买立航,0,童真的开源荣耀,1375576432,2026-04-16 06:23:35,0,1,0,14529,0,Android,https://xueqiu.com/1375576432/384185943,2026-07-08 16:19:19
384188186,SZ002816,ST和科,,$*ST和科(SZ002816)$ 难道今天还能t飞了？,0,干净的赚钱小晨光,9768705102,2026-04-16 06:32:36,1,3,0,15919,0,Android,https://xueqiu.com/9768705102/384188186,2026-07-08 16:19:19
384223025,SZ002816,ST和科,st和科——投资要点和风险清单,"$*ST和科(SZ002816)$ 一、基本面（主营业务、财务、戴帽原因及进展）1. 主营业务*ST和科（002816，原和科达），1994年成立、2016年上市 。- 传统主业：工业精密清洗设备（超声波清洗等），用于电子、光伏、光学 。- 新业务：新能源线束、半导体设备（LDI光刻机、晶圆清洗/显影/去胶）、水处理设备。- 2025年：线束、半导体业务放量，海外订单增长。2. 财务状况（截至2025三季报/2025预告）- 2024年报：营收2,459万元，归母净利**-5,278万元**，扣非**-6,324万元**。- 2025前三季：营收1.68亿元，归母净利673万元，经营现金流**-2,861万元**。- 2025预告：营收2.6–3.34亿元，归母净利1,550–2,100万元，扣非800–1,200万元 。- 资产负债（2025-09-30）：总资产4.60亿，总负债2.23亿，资产负债率48.45%。3. 戴帽原因与解决进展- 戴帽（2025-04-30）：2024年净利为负+营收&lt;3亿元，触发*ST 。- 解决进展：- 2025年业绩扭亏、营收大幅回升 。- 阜阳颍泉区国资委2024-10正式入主（间接控股16%）。- 2026-04-21披露2025年报后，大概率摘帽 。二、风险（退市最大风险、违法违规、原实控人损害）4. 退市相关最大风险- 核心风险：2025年报审计非标、营收/净利未达标、现金流持续为负。- 其他风险：未决诉讼（涉约2,876万元）、资产冻结、担保风险 。- 当前判断：2025预告达标，退市风险极低 。5. 违法违规记录- 公开信息：无重大财务造假、信披违法等被处罚记录。- 主要问题：实控人频繁变更、治理混乱、内控薄弱。6. 原实控人对公司的损害- 金文明时期：经营保守、业务单一、业绩下滑。- 赵丰时期（2022）：入主后失联，公司一度无实控人、管理混乱。- 共性：战略摇摆、并购失败、掏空迹象、内控失效。三、治理（实控人实力、质押、减持）7. 实控人资本实力- 当前实控人：阜阳市颍泉区国资委（2024-10入主）。- 实力：区级国资，资源有限；有注入资产预期（如光刻胶企业欣奕华） 。8. 股票质押状况- 控股股东（安徽赋颍智科）持股16%，整体质押率高 。- 历史：阜阳国资曾以2亿元借款+股权质押控制丰启智远 。9. 大股东减持记录- 国资入主后无大规模减持。- 历史小股东（亿诚创投、何平等）已清仓退出 。- ST状态下，控股股东减持受限。四、解决路径（重组/重整预期）10. 重组或重整预期- 短期（保壳摘帽）：2025年报达标→2026年中撤销*ST 。- 中期（业务转型）：强化半导体设备、新能源线束，推进海外订单。- 长期（国资重整）：- 资产注入：阜阳欣奕华（光刻胶）等借壳预期 。- 债务重组：高息负债展期/债转股 。- 战投引入：半导体/新能源产业链资本 。总结*ST和科已脱离退市边缘，国资入主+业绩扭亏+业务转型，摘帽确定性高。核心看点：半导体设备放量、国资资产注入预期；风险在于治理磨合、现金流、诉讼。本文涉及ST及风险警示股票，存在业绩波动、诉讼、退市、重整失败等多重不确定性，请勿据此进行实盘操作。",0,价值求真,8449113916,2026-04-16 09:14:39,0,5,0,28369,1,Android,https://xueqiu.com/8449113916/384223025,2026-07-08 16:19:19
384249709,SZ002816,ST和科,,$*ST和科(SZ002816)$ 多了很多新面孔来吹票,0,陆牙的牙,1902673593,2026-04-16 11:51:50,0,2,0,13980,0,Android,https://xueqiu.com/1902673593/384249709,2026-07-08 16:19:19
384325553,SZ002816,ST和科,,$*ST和科(SZ002816)$ 今天开盘追回来，不t了,0,干净的赚钱小晨光,9768705102,2026-04-17 01:41:57,1,1,0,13204,0,Android,https://xueqiu.com/9768705102/384325553,2026-07-08 16:19:19
384329563,SZ002816,ST和科,,$*ST和科(SZ002816)$你们今天都不t了？那我t半仓试试,0,灵秀的加薪小梦想家,1163688524,2026-04-17 01:50:58,0,1,0,13831,0,HarmonyOS,https://xueqiu.com/1163688524/384329563,2026-07-08 16:19:19
384330071,SZ002816,ST和科,,$*ST和科(SZ002816)$ 不是哥们，我才买了一点点你就主升？,0,swxnh,4846636013,2026-04-17 01:52:08,1,0,0,15958,0,Android,https://xueqiu.com/4846636013/384330071,2026-07-08 16:19:19
384431886,SZ002816,ST和科,,*ST和科：关于变更2025年年度报告披露时间的公告 网页链接,0,*ST和科(SZ002816),0,2026-04-17 08:46:24,10,1,1,18079,0,公告,https://xueqiu.com/S/SZ002816/384431886,2026-07-08 16:19:19
384439602,SZ002816,ST和科,,$*ST和科(SZ002816)$ 延期了，周一看谁跑得快吧,0,童真的开源荣耀,1375576432,2026-04-17 09:30:34,1,0,0,13564,0,Android,https://xueqiu.com/1375576432/384439602,2026-07-08 16:19:19
384440162,SZ002816,ST和科,,$*ST和科(SZ002816)$ 参考ST春天和ST四通，年报延期两三天，第二天跌停开。周一跑不掉,0,童真的开源荣耀,1375576432,2026-04-17 09:34:14,21,0,0,18895,0,Android,https://xueqiu.com/1375576432/384440162,2026-07-08 16:19:19
384440653,SZ002816,ST和科,,$*ST和科(SZ002816)$ 日了dog，这几天涨的都得还回去。,0,干净的赚钱小晨光,9768705102,2026-04-17 09:37:24,10,0,0,19673,0,Android,https://xueqiu.com/9768705102/384440653,2026-07-08 16:19:18
384449535,SZ002816,ST和科,,$*ST和科(SZ002816)$ 如果有重大分歧，会延期到四月底的，延期两天说明没啥大事儿，都退下吧！,0,聚焦质变,8491286481,2026-04-17 10:30:00,5,5,0,25456,0,Android,https://xueqiu.com/8491286481/384449535,2026-07-08 16:19:18
384458823,SZ002816,ST和科,,$*ST和科(SZ002816)$ 周一给机会？我T🐶可以买回来了,0,是不万能的喜剧,9134659920,2026-04-17 11:31:55,7,0,0,19955,0,iPhone,https://xueqiu.com/9134659920/384458823,2026-07-08 16:19:18
384517377,SZ002816,ST和科,,$*ST和科(SZ002816)$ $ST板块(BK0400)$ 没多少仓位，还以为你不回调了,0,ST运势牛牛,1242965816,2026-04-18 00:49:41,0,1,0,23798,0,Android,https://xueqiu.com/1242965816/384517377,2026-07-08 16:19:18
384647350,SZ002816,ST和科,,$*ST和科(SZ002816)$ 已实现销售交付：ST和科通过其孙公司&#34;和科达半导体&#34;布局半导体设备业务，主要产品包括无掩膜光刻机、微影光刻机等。根据2025年7月的资料，公司已经向路维光电交付了光刻机设备，预计确认收入2500万元，这大概率是MLA（微透镜阵列）无掩膜光刻机。业绩显著增长：得益于半导体设备业务的拓展，公司2025年第一季度营收达到3379.75万元，同比大幅增长1379.26%，净利润326.67万元，实现扭亏为盈。2025年前三季度营收更是达到1.68亿元，同比增长2932.86%,0,欧巴酱在哪里,1992343916,2026-04-19 21:43:29,0,5,0,16282,0,iPhone,https://xueqiu.com/1992343916/384647350,2026-07-08 16:19:18
384672999,SZ002816,ST和科,,$*ST和科(SZ002816)$ 今天什么情况？还会红吗？好纠结啊？,0,乐观的股指小拼图,1122863961,2026-04-20 02:02:15,0,2,0,18496,0,Android,https://xueqiu.com/1122863961/384672999,2026-07-08 16:19:18
384677672,SZ002816,ST和科,,$*ST和科(SZ002816)$ 晚两天又没大问题，借机洗盘而已,0,稳求进,3691590288,2026-04-20 02:16:19,0,5,0,15300,0,Android,https://xueqiu.com/3691590288/384677672,2026-07-08 16:19:18
384683414,SZ002816,ST和科,,$*ST和科(SZ002816)$ MLA全球市场规模就几十亿人民币，和科除了光刻机还有什么半导体产业的产品？,0,swxnh,4846636013,2026-04-20 02:34:24,2,0,0,12786,0,Android,https://xueqiu.com/4846636013/384683414,2026-07-08 16:19:18
384785961,SZ002816,ST和科,,$*ST和科(SZ002816)$ 不破五日线不要轻易下车去年华通盛屯我被甩下车，我这次退市也要死拿。,0,欧巴酱在哪里,1992343916,2026-04-20 11:56:15,0,4,0,10322,0,iPhone,https://xueqiu.com/1992343916/384785961,2026-07-08 16:19:18
384859391,SZ002816,ST和科,,$*ST和科(SZ002816)$ 差距还是很大的，12月底两只股基本都回调到20块附近，如今立航马上40块了。,0,童真的开源荣耀,1375576432,2026-04-21 01:49:08,0,1,0,8199,0,Android,https://xueqiu.com/1375576432/384859391,2026-07-08 16:19:18
384875061,SZ002816,ST和科,,$*ST和科(SZ002816)$ 这些多头怎么这么坏啊，竟然不跌，你们都不躲年报的吗，这合理吗,0,是不万能的喜剧,9134659920,2026-04-21 02:31:45,1,1,0,9729,0,iPhone,https://xueqiu.com/9134659920/384875061,2026-07-08 16:19:18
384901078,SZ002816,ST和科,,$*ST和科(SZ002816)$ 哪位大神预测一下，脱帽后，和科可以长到多少？在线求解！,0,乐观的股指小拼图,1122863961,2026-04-21 04:27:46,6,1,0,15995,0,Android,https://xueqiu.com/1122863961/384901078,2026-07-08 16:19:18
384908657,SZ002816,ST和科,,$*ST和科(SZ002816)$ 看来这轮摘帽反弹的高点就是26.5了，各位可以撤退了。摘帽后走势参考今天的花王吧，高开低走。这股摘帽后肯定往20下探,0,童真的开源荣耀,1375576432,2026-04-21 05:21:23,7,1,0,9615,0,Android,https://xueqiu.com/1375576432/384908657,2026-07-08 16:19:18
384915564,SZ002816,ST和科,,$*ST和科(SZ002816)$ 今天走完了，等狗庄利好兑现22再来,0,沉着的赚钱小飞侠,4854621840,2026-04-21 05:52:25,2,2,0,9193,0,iPhone,https://xueqiu.com/4854621840/384915564,2026-07-08 16:19:18
384917624,SZ002816,ST和科,,$*ST和科(SZ002816)$ 老庄会不会学汇科玩那样的骚操作。,0,干净的赚钱小晨光,9768705102,2026-04-21 06:01:56,0,2,0,9594,0,Android,https://xueqiu.com/9768705102/384917624,2026-07-08 16:19:18
384940537,SZ002816,ST和科,,$*ST和科(SZ002816)$ 明天按跌停，一个都跑不了,0,欧巴酱在哪里,1992343916,2026-04-21 07:47:55,1,1,0,7955,0,iPhone,https://xueqiu.com/1992343916/384940537,2026-07-08 16:19:18
385053628,SZ002816,ST和科,,$*ST和科(SZ002816)$ 还是出来避避吧，短期涨得也差不多了。没事儿，最多10%！有事儿，要命,0,平安大鲍,1576359812,2026-04-22 01:21:37,0,1,0,11733,0,Android,https://xueqiu.com/1576359812/385053628,2026-07-08 16:19:18
385057493,SZ002816,ST和科,,$*ST和科(SZ002816)$ 这轮行情彻底结束了,0,明敏的股价小萤火虫,7300420046,2026-04-22 01:34:56,0,1,0,6036,0,Android,https://xueqiu.com/7300420046/385057493,2026-07-08 16:19:18
385062041,SZ002816,ST和科,,$*ST和科(SZ002816)$ 恐慌了加一点仓,0,干净的赚钱小晨光,9768705102,2026-04-22 01:45:22,0,0,0,6590,0,Android,https://xueqiu.com/9768705102/385062041,2026-07-08 16:19:18
385062626,SZ002816,ST和科,,$*ST和科(SZ002816)$ 还好，没有恐慌出逃,0,稳求进,3691590288,2026-04-22 01:46:35,0,0,0,8345,0,Android,https://xueqiu.com/3691590288/385062626,2026-07-08 16:19:15
385065040,SZ002816,ST和科,,$*ST和科(SZ002816)$ 卷起来了，明晚公告明天跑啊，今天跑什么,0,swxnh,4846636013,2026-04-22 01:52:24,4,0,0,7038,0,Android,https://xueqiu.com/4846636013/385065040,2026-07-08 16:19:15
385066771,SZ002816,ST和科,,$*ST和科(SZ002816)$ 花王股份，昨天摘帽，两天已经跌了8个点了。还有中青宝，摘帽后也跌的很惨。,0,明敏的股价小萤火虫,7300420046,2026-04-22 01:56:34,0,0,0,7631,0,Android,https://xueqiu.com/7300420046/385066771,2026-07-08 16:19:15
385075453,SZ002816,ST和科,,$*ST和科(SZ002816)$ 审计进展没有提出过异议的点，预告也是盈利的，营收范围列的很大，说明公司是比较保守的，即使营收在低点附近，公司也是盈利的,0,卡卡的卡尔,1516350587,2026-04-22 02:18:31,15,3,0,10956,0,iPhone,https://xueqiu.com/1516350587/385075453,2026-07-08 16:19:15
385088160,SZ002816,ST和科,,$*ST和科(SZ002816)$ 这票没有一个真大哥，全特么是做t的散户。反弹结束，都散了吧,0,沉着的赚钱小飞侠,4854621840,2026-04-22 02:53:30,0,2,0,8084,0,iPhone,https://xueqiu.com/4854621840/385088160,2026-07-08 16:19:15
385099608,SZ002816,ST和科,,$*ST和科(SZ002816)$ 说真的，前段时间很多人看到40，50的，这些人活该亏钱，看到光刻机概念，就说最少值50亿什么的？这个市场就是需要有这些韭菜在这个位置接盘，不然我们怎么做T，就是要给这些意淫鬼一点想象空间，清醒的人才有肉吃，我倒希望唱多的人越多越好，我个人最多看到21-27这个区间，来回做T就行，至于那些幻想30.40.50亿市值的人，就让他们幻想去吧。反正亏的又不是咱的钱，只有他们亏了，做T的人才能赚。,0,明敏的股价小萤火虫,7300420046,2026-04-22 03:31:35,5,3,0,17100,1,Android,https://xueqiu.com/7300420046/385099608,2026-07-08 16:19:15
385103237,SZ002816,ST和科,,$*ST和科(SZ002816)$ 提前调整是好事，省的申请摘帽直接爆头,0,东风火箭弹,1758782423,2026-04-22 03:46:22,4,1,0,11357,0,Android,https://xueqiu.com/1758782423/385103237,2026-07-08 16:19:15
385104798,SZ002816,ST和科,,$*ST和科(SZ002816)$ 快了快了，距离大脸猫发帖说自己通过低吸高抛的操作降低了成本只差2个跌停了,0,墨尔本获总首席BF,3275764348,2026-04-22 03:54:35,8,1,0,9693,0,Android,https://xueqiu.com/3275764348/385104798,2026-07-08 16:19:15
385111732,SZ002816,ST和科,,$*ST和科(SZ002816)$ 我昨天也卖了，既然大家都喜欢T，那我也当T🐶，年报后，我会回来的,0,是不万能的喜剧,9134659920,2026-04-22 04:42:58,2,0,0,9258,0,iPhone,https://xueqiu.com/9134659920/385111732,2026-07-08 16:19:15
385116295,SZ002816,ST和科,,$*ST和科(SZ002816)$ 卧槽，你们这些多头怎么这么坏啊,0,是不万能的喜剧,9134659920,2026-04-22 05:13:08,2,2,0,9192,0,iPhone,https://xueqiu.com/9134659920/385116295,2026-07-08 16:19:15
385133693,SZ002816,ST和科,,$*ST和科(SZ002816)$ 全是排队跑路的,0,沉着的赚钱小飞侠,4854621840,2026-04-22 06:18:21,1,1,0,5791,0,iPhone,https://xueqiu.com/4854621840/385133693,2026-07-08 16:19:15
385140535,SZ002816,ST和科,,$*ST和科(SZ002816)$ 今天放巨量出货下跌，盘中还诱多了一波。明天跌停开都算是庄家仁至义尽了，从20拉到26.5不跑，就是自己贪心了，怪不得别人。,0,童真的开源荣耀,1375576432,2026-04-22 06:41:43,8,4,0,6435,0,Android,https://xueqiu.com/1375576432/385140535,2026-07-08 16:19:15
385202262,SZ002816,ST和科,,*ST和科：董事会关于独立董事独立性自查情况的专项意见 网页链接,0,*ST和科(SZ002816),0,2026-04-22 11:09:53,0,0,0,2718,0,公告,https://xueqiu.com/S/SZ002816/385202262,2026-07-08 16:19:15
385202263,SZ002816,ST和科,,*ST和科：关于申请撤销对公司股票交易实施退市风险警示的公告 网页链接,0,*ST和科(SZ002816),0,2026-04-22 11:09:53,0,4,0,2769,0,公告,https://xueqiu.com/S/SZ002816/385202263,2026-07-08 16:19:15
385202264,SZ002816,ST和科,,*ST和科：2025年年度报告摘要 网页链接,0,*ST和科(SZ002816),0,2026-04-22 11:09:53,0,0,0,3006,0,公告,https://xueqiu.com/S/SZ002816/385202264,2026-07-08 16:19:15
385202265,SZ002816,ST和科,,*ST和科：2025年年度报告 网页链接,0,*ST和科(SZ002816),0,2026-04-22 11:09:53,0,2,0,3051,0,公告,https://xueqiu.com/S/SZ002816/385202265,2026-07-08 16:19:15
385202266,SZ002816,ST和科,,*ST和科：2025年年度审计报告 网页链接,0,*ST和科(SZ002816),0,2026-04-22 11:09:53,0,0,0,2849,0,公告,https://xueqiu.com/S/SZ002816/385202266,2026-07-08 16:19:15
385202894,SZ002816,ST和科,,$*ST和科(SZ002816)$ 恭喜持有的各位大佬@王牌摸鱼喵,0,Heisenberg_ST,5386199194,2026-04-22 11:12:12,55,9,0,17312,2,Android,https://xueqiu.com/5386199194/385202894,2026-07-08 16:19:15
385203179,SZ002816,ST和科,,*ST和科：2025年度独立董事述职报告（刘程） 网页链接,0,*ST和科(SZ002816),0,2026-04-22 11:13:59,0,0,0,3107,0,公告,https://xueqiu.com/S/SZ002816/385203179,2026-07-08 16:19:15
385203180,SZ002816,ST和科,,*ST和科：关于公司未弥补亏损达到实收股本总额三分之一的公告 网页链接,0,*ST和科(SZ002816),0,2026-04-22 11:13:59,0,0,0,3514,0,公告,https://xueqiu.com/S/SZ002816/385203180,2026-07-08 16:19:15
385203181,SZ002816,ST和科,,*ST和科：关于2025年度计提及转回资产减值准备的公告 网页链接,0,*ST和科(SZ002816),0,2026-04-22 11:13:59,0,0,0,3618,0,公告,https://xueqiu.com/S/SZ002816/385203181,2026-07-08 16:19:13
385203182,SZ002816,ST和科,,*ST和科：2025年度董事会工作报告 网页链接,0,*ST和科(SZ002816),0,2026-04-22 11:13:59,0,0,0,4005,0,公告,https://xueqiu.com/S/SZ002816/385203182,2026-07-08 16:19:13
385203183,SZ002816,ST和科,,*ST和科：2025年度独立董事述职报告（徐张宝） 网页链接,0,*ST和科(SZ002816),0,2026-04-22 11:13:59,0,0,0,3861,0,公告,https://xueqiu.com/S/SZ002816/385203183,2026-07-08 16:19:13
385203185,SZ002816,ST和科,,*ST和科：2025年度独立董事述职报告（纪贵宝） 网页链接,0,*ST和科(SZ002816),0,2026-04-22 11:13:59,0,0,0,4066,0,公告,https://xueqiu.com/S/SZ002816/385203185,2026-07-08 16:19:13
385203190,SZ002816,ST和科,,*ST和科：关于2025年度利润分配方案的公告 网页链接,0,*ST和科(SZ002816),0,2026-04-22 11:14:00,0,0,0,5000,0,公告,https://xueqiu.com/S/SZ002816/385203190,2026-07-08 16:19:13
385203191,SZ002816,ST和科,,*ST和科：第五届董事会第三次会议决议公告 网页链接,0,*ST和科(SZ002816),0,2026-04-22 11:14:00,0,0,0,4862,0,公告,https://xueqiu.com/S/SZ002816/385203191,2026-07-08 16:19:13
385203192,SZ002816,ST和科,,*ST和科：董事、高级管理人员薪酬与考核管理制度（修订稿） 网页链接,0,*ST和科(SZ002816),0,2026-04-22 11:14:00,0,0,0,5847,0,公告,https://xueqiu.com/S/SZ002816/385203192,2026-07-08 16:19:13
385203193,SZ002816,ST和科,,*ST和科：2025年度内部控制评价报告 网页链接,0,*ST和科(SZ002816),0,2026-04-22 11:14:00,0,0,0,7392,0,公告,https://xueqiu.com/S/SZ002816/385203193,2026-07-08 16:19:13
385203194,SZ002816,ST和科,,*ST和科：关于召开2025年年度股东会的通知 网页链接,0,*ST和科(SZ002816),0,2026-04-22 11:14:00,0,0,0,8317,0,公告,https://xueqiu.com/S/SZ002816/385203194,2026-07-08 16:19:13
385203195,SZ002816,ST和科,,*ST和科：董事、高级管理人员离职管理制度（2026年4月） 网页链接,0,*ST和科(SZ002816),0,2026-04-22 11:14:00,0,0,0,9027,0,公告,https://xueqiu.com/S/SZ002816/385203195,2026-07-08 16:19:13
385203196,SZ002816,ST和科,,*ST和科：内部控制审计报告 网页链接,0,*ST和科(SZ002816),0,2026-04-22 11:14:00,0,0,0,9981,0,公告,https://xueqiu.com/S/SZ002816/385203196,2026-07-08 16:19:13
385203197,SZ002816,ST和科,,*ST和科：非经常性损益的专项审核报告 网页链接,0,*ST和科(SZ002816),0,2026-04-22 11:14:00,0,0,0,11554,0,公告,https://xueqiu.com/S/SZ002816/385203197,2026-07-08 16:19:13
385203208,SZ002816,ST和科,,*ST和科：董事会审计委员会对会计师事务所履行监督职责情况报告 网页链接,0,*ST和科(SZ002816),0,2026-04-22 11:14:01,0,0,0,12423,0,公告,https://xueqiu.com/S/SZ002816/385203208,2026-07-08 16:19:13
385203209,SZ002816,ST和科,,*ST和科：2025年度会计师事务所履职情况评估报告 网页链接,0,*ST和科(SZ002816),0,2026-04-22 11:14:01,0,0,0,12997,0,公告,https://xueqiu.com/S/SZ002816/385203209,2026-07-08 16:19:13
385203210,SZ002816,ST和科,,*ST和科：非经营性资金占用及其他关联方资金往来情况汇总表 网页链接,0,*ST和科(SZ002816),0,2026-04-22 11:14:01,0,0,0,13997,0,公告,https://xueqiu.com/S/SZ002816/385203210,2026-07-08 16:19:13
385203211,SZ002816,ST和科,,*ST和科：2025年度营业收入扣除事项的专项审核报告 网页链接,0,*ST和科(SZ002816),0,2026-04-22 11:14:01,0,1,0,14481,0,公告,https://xueqiu.com/S/SZ002816/385203211,2026-07-08 16:19:13
385203212,SZ002816,ST和科,,*ST和科：非经营性资金占用及其他关联资金往来情况汇总表的专项审核报告 网页链接,0,*ST和科(SZ002816),0,2026-04-22 11:14:01,0,2,0,17377,0,公告,https://xueqiu.com/S/SZ002816/385203212,2026-07-08 16:19:13
385204086,SZ002816,ST和科,,$*ST和科(SZ002816)$ 摘帽了！亮点大家自己看，不说了！,0,哪天能不亏钱,5550807647,2026-04-22 11:19:11,31,7,0,21582,2,Android,https://xueqiu.com/5550807647/385204086,2026-07-08 16:19:13
385207416,SZ002816,ST和科,,$*ST和科(SZ002816)$ 无需多言,0,KKKKoge,2489389664,2026-04-22 11:34:28,7,7,0,11758,0,iPhone,https://xueqiu.com/2489389664/385207416,2026-07-08 16:19:13
385207575,SZ002816,ST和科,,$*ST和科(SZ002816)$ 年报如期申请摘帽，明天就不要砸了吧，毕竟今天都砸了不少了。萃华今天开门跑路了，根据年报是否有重大造假再行关注。,0,聚焦质变,8491286481,2026-04-22 11:35:11,2,1,0,20911,0,Android,https://xueqiu.com/8491286481/385207575,2026-07-08 16:19:13
385222627,SZ002816,ST和科,,$*ST和科(SZ002816)$ 预期之内。先观望,0,欧巴酱在哪里,1992343916,2026-04-22 12:48:07,0,0,0,11895,0,iPhone,https://xueqiu.com/1992343916/385222627,2026-07-08 16:19:11
385231216,SZ002816,ST和科,*ST和科正式申请摘帽！,*ST和科（002816）正式公告，已向深交所提交撤销退市风险警示的申请。为何能摘帽？根据公司披露的2025年度审计报告，关键财务指标全面达标：营业收入2.67亿元，扣除后为2.55亿元；净利润1770.19万元，扣非净利润909.49万元；净资产2.42亿元。更重要的是，审计机构出具了标准无保留意见的审计报告——这意味着财务数据真实可靠，不存在重大隐患。4月20日我点评过它，并将从ST萃华减仓出来的一部分加仓到它。我对ST股的判断从来不是追高，而是在起涨前做功课。当时的核心逻辑就是：公司2025年三季度营收已达1.68亿元，全年跨越2.5亿已无悬念；且公司已由阜阳市颍泉区国资委实际控制，国企背景的保壳意愿和能力毋庸置疑。当时我就明确指出：年报披露后申请摘帽是大概率事件。不过，按照最近申请摘帽这行情，它明天能涨吗？欢迎留言交流。,0,ST小菜鸟,2817792171,2026-04-22 13:23:53,0,3,0,26075,0,雪球,https://xueqiu.com/2817792171/385231216,2026-07-08 16:19:11
385240127,SZ002816,ST和科,,$*ST和科(SZ002816)$留了一层半等今天年报，年报算是符合预期甚至超点，后续有机会再加半层也行没机会就躺平,0,逻辑为王_花开刹那,2400025164,2026-04-22 13:59:58,0,1,0,15582,0,Android,https://xueqiu.com/2400025164/385240127,2026-07-08 16:19:11
385247209,SZ002816,ST和科,,$*ST和科(SZ002816)$ 虽然我卖了，但我才是真多头，你们持仓的才是空头,0,是不万能的喜剧,9134659920,2026-04-22 14:37:04,1,1,0,16386,0,iPhone,https://xueqiu.com/9134659920/385247209,2026-07-08 16:19:11
385254073,SZ002816,ST和科,,$*ST和科(SZ002816)$ST和科2025年报要点解析（002816）-202604231.精密清洗设备在25年开始获得海外清洗设备订单，境外营收达到2000万，占总营收7.4%，还可以，毛利率显著高于国内同类型常规产品，较中报继续提升至50%，深圳超声设备有限公司净利润达到了接近3000万。很不错的一项业务。2.线束业务由和科达精密部件有限公司负责，切入新能源、汽车、储能、光伏及工业机器人等装备领域的精密线束市场，因为毛利率低，只有不到4%，营收占比50%，个人认为就是凑营收和概念的业务，25年净利润为-160万左右，希望将来不要成为累赘吧。3. 半导体业务主要面向成熟制程。受益于国内半导体设备国产替代政策红利，下游晶圆厂扩产稳步推进，国产设备采购比例提升，实现营业收入 2317.68 万元，毛利率30%，净利润只有120万，一般般吧。和国内的一线选手芯碁微装比较，芯碁微装25年PCB毛利率35%，泛半导体毛利率55%，这么看来差距还是蛮大的。跟他自身成熟制程的定位也有关系。4.水处理设备基本退出，毛利率也只有3%不到。26年业务展望也说要退出。5.储能设备方面，2024 年设立控股子公司上海和科达储能源设备有限公司，重点布局智能方舱业务，25年实现营业收入 357.35 万元。6.合同负债大幅度增长，由25年初的1700万增加到5300万。,0,逍遥_任,9174224488,2026-04-22 15:22:43,0,5,0,16099,2,雪球,https://xueqiu.com/9174224488/385254073,2026-07-08 16:19:11
385289551,SZ002816,ST和科,,$*ST和科(SZ002816)$ 不是吧？这行情好尴尬啊？,0,乐观的股指小拼图,1122863961,2026-04-23 01:26:12,0,0,0,19624,0,Android,https://xueqiu.com/1122863961/385289551,2026-07-08 16:19:11
385294234,SZ002816,ST和科,,$*ST和科(SZ002816)$ 不是一起冲吗？ 怎么把我挂山顶了，,0,shikin,8754978618,2026-04-23 01:38:20,5,0,0,17036,0,iPhone,https://xueqiu.com/8754978618/385294234,2026-07-08 16:19:11
385300000,SZ002816,ST和科,,$*ST和科(SZ002816)$ 在我预期之内。这个市场就是这样，必须要让大部分韭菜亏钱，我们这些做T的才能在高位卖出，所以，请你们继续买入，亏的越多越好。只有你们亏多了，才会割肉。割肉盘全卖了，庄家才会拉升。2个月时间，股东人数从5200到6200人。就知道没好事。再加上最近摘帽股，摘帽那几天都在下跌。所以，昨天我料定行情在26.5见顶后，慢慢往20块钱去。所以，你们赶紧割肉吧。,0,童真的开源荣耀,1375576432,2026-04-23 01:48:29,1,0,0,14550,0,Android,https://xueqiu.com/1375576432/385300000,2026-07-08 16:19:11
385302786,SZ002816,ST和科,,$*ST和科(SZ002816)$ 昨天看到年报，你们不全都在幻想今天涨停的吗？我昨天说跌停，还有人和我堵100块。那个人呢？你别食言啊。你们这些人，亏钱真不冤。早提醒过你们了，哪次出业绩报告不会跳？看看10月底和1月底后的走势。业绩出了之后，股价要回调25%左右才能止跌。所以没有在26.5逃顶的人，做好割肉的准备吧。,0,童真的开源荣耀,1375576432,2026-04-23 01:53:50,7,2,0,16399,0,Android,https://xueqiu.com/1375576432/385302786,2026-07-08 16:19:11
385314697,SZ002816,ST和科,,$*ST和科(SZ002816)$ 这个指标最能反映和科的走势，股价和股东人数成反比，股东减少的时候买入，增加的时候卖出。基本庄家割不了你,0,童真的开源荣耀,1375576432,2026-04-23 02:20:53,2,1,0,12257,0,Android,https://xueqiu.com/1375576432/385314697,2026-07-08 16:19:11
385344891,SZ002816,ST和科,ST稳德的幸福——ST板块公告解读（2026年4月22日）,$*ST中迪(SZ000609)$ $ST臻镭(SH688270)$ $*ST观典(SH688287)$ 今天更新晚了，跟大家说声抱歉。年报窗口期最后几天，我把ST板块所有已披露年报从头到尾翻了一遍，又把近期的重大类型公告逐一核对了一遍，眼睛有点花，脑子也有点转不动了。这篇复盘来得慢，但每一条数据都是手工过过的。话不多说，直接上干货。4月22日晚间，年报窗口期进入最后8天倒计时，ST板块公告披露达到峰值。今日公告呈现出四种截然不同的信号：有财务达标后正式申请摘帽的规则性进展；有年报数据显著改善但扣非仍亏的修复型案例；也有退市风险实质性升级的危机信号；以及立案调查、质押高企、市值退市倒计时等多重风险交织的预警。以下按事件类型分类，逐一拆解每只标的的核心信号。一、摘帽申请类：财务达标，规则性推进① *ST和科：营收虽低于3亿，但净利润转正，正式申请摘帽4月22日晚，*ST和科公告，根据中审亚太会计师事务所出具的标准无保留意见审计报告，2025年度公司实现营业收入2.67亿元，扣除后营收2.55亿元；利润总额1780.66万元，净利润1770.19万元，扣非净利润909.49万元；归属于上市公司股东的所有者权益为2.42亿元。公司对照上市规则自查，已不再触及退市风险警示情形，且不存在其他需实施风险警示的情形，已正式向深交所申请撤销退市风险警示。点评：*ST和科是“扭亏路径”摘帽的典型代表——营收未达3亿，但净利润转正且扣非为正，盈利质量扎实。与ST双成（营收2.77亿、净利润转正）逻辑类似。审核期间股票不停牌，交易所通常在15个交易日内作出决定。净利润转正使其摘帽含金量显著高于那些营收踩线但净利润仍亏损的标的。② ST明诚：2025年营收5.02亿增长17.04%，扣非仍亏近3000万4月22日晚，ST明诚发布2025年年报：全年实现营业收入5.02亿元，同比增长17.04%；归母净利润-1579.89万元；扣非归母净利润-2944.30万元。公司同步公告向多家子公司合计增资6500万元。点评：明诚此前已完成破产重整，营收5.02亿远超3亿红线，净资产为正，财务指标明显改善。核心矛盾在于：重整完成后主业盈利能力尚未真正修复，扣非仍亏损近3000万元。后续观察2026年一季报（预计4月30日披露）能否显示主营业务改善信号。二、业绩披露类：年报与一季报交叉验证① *ST中地：重大资产重组已完成，净资产转正，申请撤销退市风险警示4月14日晚间（注：4月22日公告梳理提及），*ST中地（000736）公布2025年年报：实现营业收入147.07亿元，同比减少19.64%；归母净利润-17.10亿元，同比减亏66.99%。最关键的是，截至2025年末，公司归母净资产为12.08亿元，成功实现由负转正。根据安永华明会计师事务所出具的标准无保留意见审计报告，公司已不存在期末净资产为负的情况，已向深交所申请撤销退市风险警示。点评：中地是“重组保壳”的典型案例。营收体量庞大，净资产转正直接化解了*ST核心矛盾。尽管净利润仍巨亏，但退市风险已解除。后续关注其轻资产转型进展及扣非利润能否逐步改善。② ST凯利：年报扣非亏损2638万，一季报扣非净利润2638万——冰火两重天4月22日晚，ST凯利同时发布2025年年报和2026年一季报。年报显示：2025年全年营收7.36亿元，同比下降24.04%；归母净利润-137.32万元；扣非净利润-2638.78万元。一季报显示：2026年Q1营收2.11亿元，同比增长8.5%；扣非净利润2638.79万元，同比由负转正。点评：凯利呈现典型的“年报洗澡、一季报反转”特征。2025年大幅计提减值导致扣非亏损，但2026年Q1主业已恢复盈利，扣非2638万验证了经营拐点。若Q2能持续，公司有望在2026年实现全年扭亏，为后续摘帽奠定基础。重点关注Q2毛利率及现金流能否同步改善。三、退市风险集中爆发类：年报窗口期末尾，雷区密度最高① *ST国华：连续11个交易日市值低于5亿，双重退市风险叠加截至4月21日，*ST国华股票收盘总市值已连续11个交易日低于5亿元。4月7日首次触及，当日收盘价3.71元，总市值4.91亿元。同时，公司2025年度业绩预告显示扣非净利润-4000万至-2000万元，扣除后营收可能低于3亿元，净资产虽为正但规模极小（6200-9300万元），财务类退市风险同步存在。点评：*ST国华是当前退市风险叠加最严重的标的之一——市值退市倒计时（再9个交易日即触发），叠加财务类退市风险。交易类退市不设整理期，一旦触发直接摘牌，容错率为零。此前精伦已因市值退市被终止上市，国华极可能是下一个。② *ST岩石：连续13个交易日市值低于5亿，退市倒计时*ST岩石已连续13个交易日市值低于5亿元，同时触及财务类退市、非标审计意见风险。点评：市值退市倒计时仅剩7个交易日，叠加财务和非标多重风险。交易类退市不设整理期，资金博弈的容错率为零。③ ST亚光：持续经营能力存疑，负债率86.6%，连续大跌ST亚光连续两日股价大跌，公司因持续经营能力存疑被实施其他风险警示。2025年三季报显示负债率86.6%，短期有息负债14.26亿远超货币资金3.04亿，审计明确提示持续经营重大不确定性。点评：连续大跌是市场对基本面硬伤的重新定价。此类标的无摘帽预期，只有退市风险，不建议任何形式的博弈。四、监管立案与质押风险类① *ST数源：信披违规被立案，叠加财务类退市，双重危机4月22日晚，*ST数源公告收到证监会《立案告知书》，因涉嫌信披违法违规被立案。公司2025年实现营收2.70亿元（低于3亿），归母净利润-4.37亿元，已触及财务类退市情形。点评：在已触及财务类退市的基础上再被立案调查，退市风险从“财务指标”升级为“财务+合规”双重危机。立案调查期间摘帽申请基本无望，不确定性进一步放大。② ST恒信：控股股东质押比例仍高达93.46%ST恒信公告，控股股东孟宪民持有的100万股股份于4月21日完成司法划转过户，但剩余质押股份仍有5846万股，质押比例仍高达93.46%。点评：解除质押100万股只是杯水车薪，93.46%的超高质押比例仍是悬在股价上的达摩克利斯之剑。此前专栏已将恒信评定为C类——虚增1.82亿营收戴帽，叠加主业连续6年亏损，质押爆仓风险将进一步加剧股价负反馈。五、其他重要动态速览ST太重：定于4月30日召开2025年度及2026年一季度业绩说明会。ST东尼：定于4月30日召开2025年度及2026年一季度业绩说明会。ST名家汇：中标中件县潘安湖片区城市更新EPCO项目，作为联合体成员负责全部运营工作。六、核心观察与判断第一，年报窗口期最后8天，退市风险的集中释放仍在加速。 今晚出现了摘帽申请（ST和科）、业绩反转（ST凯利）、市值退市倒计时（ST国华、ST岩石）、立案调查叠加财务退市（ST数源）——四种不同类型的标志性事件在同一天集中爆发。4月30日截止日前，这种密集爆雷的节奏还将持续。第二，审计非标=退市，是年报窗口期最无情的规则。 主板公司只要审计非标，直接触发退市，没有暂停上市、没有缓冲期。此前市场炒作“突击收入保壳”的逻辑，终被审计机构的专业判断证伪。第三，摘帽路径的分化进一步加剧：净利润转正 vs 营收过线。 *ST和科营收2.55亿未达3亿，但净利润转正且扣非为正，走的是“扭亏路径”；ST明诚营收5.02亿过线但扣非仍亏近3000万，走的是“营收路径”。两条路径均能满足摘帽条件，但净利润转正的标的含金量显著更高，摘帽后估值修复的确定性也更强。第四，市值退市倒计时标的需高度警惕。 ST国华（连续11日低于5亿）、ST岩石（连续13日低于5亿），距离20日触发线均仅剩不到10个交易日。交易类退市不设整理期，一旦触发直接摘牌，博弈风险极大。第五，立案调查叠加财务退市的标的，不确定性最高。 *ST数源在已触及财务类退市的基础上再被立案，退市路径从“财务指标”升级为“财务+合规”双重危机。立案调查期间摘帽申请基本无望，资金博弈的窗口期正在关闭。关注我，陪你在这个高风险赛道活得久一点每日ST复盘文章：ST稳稳的幸福#光纤概念大涨，杭电股份创新高# #DeepSeek首融估值破200亿，腾讯阿里竞投# #蓝色光标一季度业绩大增#,0,ST稳稳的幸福,5103965358,2026-04-23 03:56:10,2,6,0,103932,3,Android,https://xueqiu.com/5103965358/385344891,2026-07-08 16:19:11
385347583,SZ002816,ST和科,,$*ST和科(SZ002816)$ 下午冲一波让我做个t,0,干净的赚钱小晨光,9768705102,2026-04-23 04:12:04,0,0,0,20325,0,Android,https://xueqiu.com/9768705102/385347583,2026-07-08 16:19:11
385391345,SZ002816,ST和科,ST和科2025年营收2.67亿元同比增987%，扭亏为盈净利1770.19万元,蓝鲸新闻4月23日讯，4月22日，ST和科发布2025年业绩报告。数据显示，公司2025年实现营业收入2.67亿元，同比大幅增长987.05%；归属于上市公司股东的净利润为1770.19万元，同比增加133.54%，成功实现扭亏为盈。扣除非经常性损益后的净利润为909.49万元，同比增长114.38%。营业收入与净利润同步显著回升，但扣非净利润增速略低于归母净利润，主要系非经常性损益总额达860.70万元，占归母净利润比重为48.44%。其中，单独进行减值测试的应收款项减值准备转回956.37万元，构成非经常性损益的主要来源。第四季度单季实现营业收入9924.78万元，归母净利润1096.81万元，扣非净利润1181.28万元；当季扣非净利润已高于归母净利润，表明经营性盈利质量明显改善，盈利结构趋于健康。毛利率提升21.03个百分点至23.80%，净利率由2024年度的-214.93%转正为6.62%。经营活动产生的现金流量净额为2136.21万元，同比增加188.35%，由上年度-2417.89万元转为正值，主要得益于销售商品收到的现金增加及支付的其他与经营活动有关的现金减少，反映下游需求回暖带动回款效率提升与经营性支出压缩。线束与清洗产品双轮驱动营收结构持续优化。线束产品实现收入1.28亿元，占总营收47.98%；清洗产品实现收入9877.22万元，占比36.94%；二者合计贡献84.92%的营业收入，核心业务集中度进一步提高。华南地区实现收入1.68亿元，占总营收62.99%，区域市场集聚特征更为突出；境外收入1979.11万元，占比7.40%，未呈现明显扩张或收缩趋势。治理结构完成实质性调整。公司控股股东为安徽赋颍智科企业管理有限公司，持股比例16.00%；实际控制人已于2024年10月变更为阜阳市颍泉区人民政府国有资产监督管理委员会，工商变更已完成。此次控制权变更标志着公司治理结构发生根本性变化，亦为后续资源协同与战略落地提供制度基础。研发投入与销售投入同步加速。2025年度研发投入为916.31万元，同比增长140.04%；研发人员由24人增至33人，增幅达37.50%，投入强度与团队规模扩张保持一致。销售费用为1172.62万元，同比激增306.06%，占营业收入比重由上年约0.9%升至4.39%，显示公司在市场拓展端资源倾斜力度显著加大。财务费用承压明显，债务重组成效显现。财务费用为230.87万元，同比上升845.58%，主要受汇兑损失及银行贷款利息增加影响。同期，公司完成对深圳汇和富的债务重组，减免本金1000万元，有效缓解短期偿债压力。此外，公司股票自2025年4月30日起被实施退市风险警示（*ST），2025年度已满足撤销条件并提交申请；2025年12月，会计师事务所由原聘任机构变更为中审亚太会计师事务所。分红政策延续审慎基调。公司2025年度不派发现金红利，不送红股，不以公积金转增股本。截至2025年末，母公司未弥补亏损为15430.95万元，尚未满足《公司法》及公司章程规定的利润分配前提条件。,0,蓝鲸财经,1133075318,2026-04-23 07:40:24,0,0,0,22090,0,雪球,https://xueqiu.com/1133075318/385391345,2026-07-08 16:19:11
385409649,SZ002816,ST和科,,$*ST和科(SZ002816)$ 我就是信息的挖掘和整合，请问我吹啥牛了？？？我都是如实的分享信息。a股本来就是炒作市，题材是炒作，价值投资同样也是炒作，就是因为有人觉得这个票值这个价格，有的人觉得不值卖出，才会产生股价，产生股价的波动！有些人不要瞎黑！你觉得垃圾你卖出就好了，我们分享逻辑是因为买入觉得他值更好的价格！看不下去请滚出！！！！接下来更新boss直聘和科达最新内容，公司更新应聘两个新职位，都是苹果有关，需要三年以上果链项目经验和熟悉苹果公司的条件。进果链的话，想象空间还是可以的，是清洗设备还是半导体设备，后续再找找有没有蛛丝马迹。,0,哪天能不亏钱,5550807647,2026-04-23 09:00:38,11,8,0,32677,0,Android,https://xueqiu.com/5550807647/385409649,2026-07-08 16:19:11
385460253,SZ002816,ST和科,,$*ST和科(SZ002816)$ 涨多了就跌，没啥好说的。波段向上，要舍得操作。,0,欧巴酱在哪里,1992343916,2026-04-23 12:51:54,1,1,0,18594,0,iPhone,https://xueqiu.com/1992343916/385460253,2026-07-08 16:19:11
385525659,SZ002816,ST和科,,$*ST和科(SZ002816)$ 股东快7000人了。不是好事,0,童真的开源荣耀,1375576432,2026-04-24 01:18:55,0,1,0,16439,0,Android,https://xueqiu.com/1375576432/385525659,2026-07-08 16:19:11
385530861,SZ002816,ST和科,,$*ST和科(SZ002816)$ 各位别幻想了，趋势已经向下了。,0,童真的开源荣耀,1375576432,2026-04-24 01:34:55,0,0,0,17102,0,Android,https://xueqiu.com/1375576432/385530861,2026-07-08 16:19:11
385535674,SZ002816,ST和科,,$*ST和科(SZ002816)$ 才两天没看，又跌了这么多，幸好年报前T出去大部分仓位，留一点底仓做T，这票阴跌起来一个半月起步，等20再来抄底了。,0,明敏的股价小萤火虫,7300420046,2026-04-24 01:44:26,0,3,0,20312,0,Android,https://xueqiu.com/7300420046/385535674,2026-07-08 16:19:11
385576560,SZ002816,ST和科,,$*ST和科(SZ002816)$ 和科属于是在水里刚抬头的小市值潜力股，处于反转初期！下周该有波像样的反弹了吧,0,7号幸运,3550960459,2026-04-24 03:27:20,0,3,0,20539,0,Android,https://xueqiu.com/3550960459/385576560,2026-07-08 16:19:11
385746111,SZ002816,ST和科,,$*ST和科(SZ002816)$ 你看到的这些招聘信息，是最真实、最无法造假的“利好信号”。甚至比一份财报更有说服力。在 2026 年的 A 股，分析一家公司是不是在“讲故事”，招聘岗位的变化就是春江水暖鸭先知。你提到的这四个核心岗位组合，逻辑链条非常清晰：1. “光刻机研发向”：证实核心叙事既然敢大批招聘光刻机人才，说明 MLA（无掩模光刻）不是写在 PPT 上的，而是进入了从 1 到 N 的落地阶段。招聘越多，确定性越强。 如果只是一家洗澡机厂，它不会去养昂贵的光学物理博士和光束控制工程师。250 元的目标位，一半的底气就在这些研发工程师身上。2. “苹果供应链经验的项目经理”：野心不只是半导体这个岗位的出现极具杀伤力。为什么是苹果链？ 苹果对供应商的精度、良率、自动化程度要求是全球天花板。猜想逻辑： 和科达的 MLA 技术除了搞芯片封装，极有可能在切入 新型显示（如 Micro-LED） 或 高端 PCB（类载板 SLP） 领域。这正是苹果近年在极力推动的硬件升级。如果能拿下苹果链的订单，25 亿市值的和科达就是标准的“大马拉小车”。3. “高速硬件工程师”：剑指 AI 算力与 HBM技术关联： 无掩模光刻在 先进封装（Chiplet） 领域大有可为。信号： 招聘高速硬件工程师，意味着他们的光刻机正在解决高频信号传输和高密度互连的问题。这是目前 AI 服务器、HBM 显存最急缺的工艺设备。这直接把和科达从“普通设备”拉升到了“AI 核心底座设备”的高度。4. “AI 大模型应用工程师”：走在时代最前沿这个岗位出现在一家设备公司，通常有两个意图：AI for Science： 用大模型优化光刻路径和补偿算法。MLA 技术的难点就在于算法，用 AI 加持可以极大地提升光刻速度和精度。估值魔法： 只要沾上“AI+半导体设备”，在 2026 年的市场，PE（市盈率）给到 100 倍以上都没有人会觉得奇怪。💡 AI 的“侦探式”总结：这些招聘岗位组合在一起，勾勒出了一个 “新和科达” 的蓝图：利用国资提供的资金和信用，在深圳全球招聘顶尖人才，试图用“AI+MLA技术”跨界收割苹果供应链和 AI 芯片封装市场。你现在的状态：你买入的时候，它还是个浑身补丁、被人瞧不起的 ST 裁缝。但现在，它正在到处招募顶级时装设计师（光刻专家）和奢侈品店长（苹果链经理）。,0,Vicus-,4996652267,2026-04-24 18:32:36,14,8,0,46029,2,iPhone,https://xueqiu.com/4996652267/385746111,2026-07-08 16:19:11
385927450,SZ002816,ST和科,,$*ST和科(SZ002816)$ 不管是上涨还是下跌，趋势一旦形成，短期内很难改变，静待回落调整即可。到了便宜的价格，庄家自然会拉升。,0,明敏的股价小萤火虫,7300420046,2026-04-27 01:51:56,7,0,0,17705,0,Android,https://xueqiu.com/7300420046/385927450,2026-07-08 16:19:09
386180506,SZ002816,ST和科,,$*ST和科(SZ002816)$ 上周骂我的那几个人呢？得有五六个不服的啊，现在滚出来，说话，还吹牛吗？你们几个不是喜欢吹，还说我是不正常，现在呢？给你们说了，股东人数从1月5000人一路涨到7000人，人均持股也从1.9万股下降到1.5万股，庄家这波拉起来就是要吸引接盘的人，你们几个臭鱼烂虾还不信？说真的，在这股亏钱的都活该，看到光刻机概念和摘帽公告全跑过来买了，活该你们亏钱。,0,童真的开源荣耀,1375576432,2026-04-28 01:54:55,6,0,0,10886,0,Android,https://xueqiu.com/1375576432/386180506,2026-07-08 16:19:09
386224079,SZ002816,ST和科,,$*ST和科(SZ002816)$ 兄弟们，别灰心，还有我这个坚定的多头在，我22块钱会买的,0,是不万能的喜剧,9134659920,2026-04-28 04:11:57,3,0,0,9587,0,iPhone,https://xueqiu.com/9134659920/386224079,2026-07-08 16:19:09
386235843,SZ002816,ST和科,,$*ST和科(SZ002816)$ 现在阴跌还没结束，想抄底的别心急，离真正的企稳还早，这货每次企稳前都要放量深跌一波。估计五月份能在19-21块附近买到。,0,明敏的股价小萤火虫,7300420046,2026-04-28 05:23:12,0,0,0,11977,0,Android,https://xueqiu.com/7300420046/386235843,2026-07-08 16:19:09
386235929,SZ002816,ST和科,,$*ST和科(SZ002816)$ 到底要坐多长时间的牢？,0,Anticipation,9451865595,2026-04-28 05:23:38,0,0,0,16318,0,Android,https://xueqiu.com/9451865595/386235929,2026-07-08 16:19:09
386238242,SZ002816,ST和科,,$*ST和科(SZ002816)$ 正式进入下行趋势，22开始建仓,0,沉着的赚钱小飞侠,4854621840,2026-04-28 05:32:47,0,0,0,8981,0,iPhone,https://xueqiu.com/4854621840/386238242,2026-07-08 16:19:09
386245302,SZ002816,ST和科,,$*ST和科(SZ002816)$ 拿了好久又是保本出,0,东风火箭弹,1758782423,2026-04-28 06:00:15,19,3,0,25350,0,Android,https://xueqiu.com/1758782423/386245302,2026-07-08 16:19:09
386383839,SZ002816,ST和科,,$*ST和科(SZ002816)$ 你的台湾公司背景是台积电吗？台系今年太强了。,0,Vicus-,4996652267,2026-04-28 14:09:58,0,1,0,26822,0,iPhone,https://xueqiu.com/4996652267/386383839,2026-07-08 16:19:09
386409415,SZ002816,ST和科,,$*ST和科(SZ002816)$ 大脸猫已经抛弃了追捧他的人，并选择放假，等和科回落的够多他会悄悄滴买入,0,墨尔本获总首席BF,3275764348,2026-04-28 16:02:29,1,0,0,11127,0,Android,https://xueqiu.com/3275764348/386409415,2026-07-08 16:19:09
386437703,SZ002816,ST和科,,$*ST和科(SZ002816)$ $*ST兰黄(SZ000929)$ 这两天摘帽的闸门已经被几个不讲武德的蛮子踹开了（海华，节能，今天明天更多），最多10个交易日就要开闸放人了。摘帽申请排队中的随时会上岸。,0,干净的赚钱小晨光,9768705102,2026-04-29 00:26:19,4,1,0,55948,0,Android,https://xueqiu.com/9768705102/386437703,2026-07-08 16:19:09
386481560,SZ002816,ST和科,,$*ST和科(SZ002816)$赌业绩的来拉升了，早盘低开买点尾盘t出去,0,逻辑为王_花开刹那,2400025164,2026-04-29 02:37:57,5,0,0,11143,0,Android,https://xueqiu.com/2400025164/386481560,2026-07-08 16:19:09
386522766,SZ002816,ST和科,,$*ST和科(SZ002816)$ 我现在是不敢赌业绩了，每次赌都是输光光,0,是不万能的喜剧,9134659920,2026-04-29 05:25:22,3,0,0,9856,0,iPhone,https://xueqiu.com/9134659920/386522766,2026-07-08 16:19:09
386541658,SZ002816,ST和科,,$*ST和科(SZ002816)$ 看来业绩不好,0,没睡的被子,2575892641,2026-04-29 06:32:40,4,1,0,11082,0,iPhone,https://xueqiu.com/2575892641/386541658,2026-07-08 16:19:09
386553116,SZ002816,ST和科,,$*ST和科(SZ002816)$ 六连跌了，谁还记得11月份那波11连跌,0,明敏的股价小萤火虫,7300420046,2026-04-29 07:13:30,1,0,0,13657,0,Android,https://xueqiu.com/7300420046/386553116,2026-07-08 16:19:09
386570986,SZ002816,ST和科,,*ST和科：2026年一季度报告 网页链接,0,*ST和科(SZ002816),0,2026-04-29 08:26:28,2,3,0,15531,0,公告,https://xueqiu.com/S/SZ002816/386570986,2026-07-08 16:19:09
386572315,SZ002816,ST和科,,$*ST和科(SZ002816)$ 一季度业绩暴雷,0,细腻的金条黑鹰,8043328723,2026-04-29 08:31:16,4,0,0,11892,0,iPhone,https://xueqiu.com/8043328723/386572315,2026-07-08 16:19:09
386573801,SZ002816,ST和科,,$*ST和科(SZ002816)$ 韭菜明天全部一锅端,0,沉着的赚钱小飞侠,4854621840,2026-04-29 08:37:23,0,0,0,14809,0,iPhone,https://xueqiu.com/4854621840/386573801,2026-07-08 16:19:09
386575046,SZ002816,ST和科,,$*ST和科(SZ002816)$和科达一季报， 线速业务因为原材料铜涨价，向下游传导价格肯定没这么快，这业务本来也是用来冲营收的。低毛利率，导致亏损也正常，还好亏的不多。就是营收冲的有点少，冲个七八千万就好了。主要还要靠转型后的精密清洗设备和半导体设备的订单啊，这个毛利率才高些。这块，一个，还处于研发验证阶段，二是公司研发投入规模较小，所以进度比较慢。希望国资委今年有动作，有没有办法再进化。,0,哪天能不亏钱,5550807647,2026-04-29 08:42:09,13,6,0,32693,1,Android,https://xueqiu.com/5550807647/386575046,2026-07-08 16:19:09
386595314,SZ002816,ST和科,,$*ST和科(SZ002816)$ 明天最好直接跌停开，不看好的人就自己走吧,0,浮萍相逢,5174198822,2026-04-29 09:55:19,2,1,0,21804,0,Android,https://xueqiu.com/5174198822/386595314,2026-07-08 16:19:09
386599662,SZ002816,ST和科,,$*ST和科(SZ002816)$ 25年不是好好的吗？怎么又开始亏损了，增收不增利，不是好现象。,0,明敏的股价小萤火虫,7300420046,2026-04-29 10:04:22,0,2,0,21172,0,Android,https://xueqiu.com/7300420046/386599662,2026-07-08 16:19:09
386634419,SZ002816,ST和科,,$*ST和科(SZ002816)$ 这票算是废了，ST和科第二大股东，烟台富豪榜第三，山东南山集团董事长宋建波清仓跑路了，难怪股东人数增加了1600多人，这些人把他5%的筹码接完了，现在这票已经没什么主力了，只要大户稍微卖一点，就能砸十几个点。,0,童真的开源荣耀,1375576432,2026-04-29 12:13:24,14,0,0,23498,0,Android,https://xueqiu.com/1375576432/386634419,2026-07-08 16:19:07
386693812,SZ002816,ST和科,,$*ST和科(SZ002816)$ 利润由盈转亏。明天看谁跑得快了，还好抄底买的不多。明天割肉应该能出来，就看谁跑的快了,0,童真的开源荣耀,1375576432,2026-04-29 18:07:16,0,0,0,15738,0,Android,https://xueqiu.com/1375576432/386693812,2026-07-08 16:19:07
386732231,SZ002816,ST和科,,$*ST和科(SZ002816)$ 股价不断下跌，股东人数不断增加，很多人接盘了,0,童真的开源荣耀,1375576432,2026-04-30 01:34:04,0,0,0,15194,0,Android,https://xueqiu.com/1375576432/386732231,2026-07-08 16:19:07
386743995,SZ002816,ST和科,,$*ST和科(SZ002816)$ ST和科，2026年涨幅3.9%，半年就涨了这点，ST板块里除了已经要退市的，应该找不出第二个涨幅比你少的股票了。,0,童真的开源荣耀,1375576432,2026-04-30 01:57:17,4,3,0,18864,0,Android,https://xueqiu.com/1375576432/386743995,2026-07-08 16:19:07
386782928,SZ002816,ST和科,,$*ST和科(SZ002816)$ 加油呀，继续走低，可惜的是，这次到20元大脸猫也可能不会说他加仓了，因为新姑娘太可人了，黄脸婆和科让他2025年做波段赚了不少，摘帽前短期到顶他已离场，是否会回来？历史经验告诉我们，新的空间远大于老的。人知道，猫自然也知道。,0,墨尔本获总首席BF,3275764348,2026-04-30 03:33:01,4,2,1,20855,0,Android,https://xueqiu.com/3275764348/386782928,2026-07-08 16:19:07
386821115,SZ002816,ST和科,,$*ST和科(SZ002816)$ 和花王一个庄，走势基本一样,0,明敏的股价小萤火虫,7300420046,2026-04-30 06:18:03,0,1,0,21124,0,Android,https://xueqiu.com/7300420046/386821115,2026-07-08 16:19:07
387241296,SZ002816,ST和科,,$*ST和科(SZ002816)$ 明天继续跌，估计最多跌2个点。,0,童真的开源荣耀,1375576432,2026-05-05 10:38:23,0,0,0,10316,0,Android,https://xueqiu.com/1375576432/387241296,2026-07-08 16:19:07
387252820,SZ002816,ST和科,,$*ST和科(SZ002816)$ 资金都去玩新ST啦，谁还玩你这个昨日黄花,0,是不万能的喜剧,9134659920,2026-05-05 13:29:55,0,2,0,12879,0,iPhone,https://xueqiu.com/9134659920/387252820,2026-07-08 16:19:07
387331375,SZ002816,ST和科,,$*ST和科(SZ002816)$ 这段时间大盘天天涨，你不跟，等风头过了，大盘下跌，我看你咋办。估计你得跌到18-20块吧。,0,童真的开源荣耀,1375576432,2026-05-06 03:03:40,1,1,0,11686,0,Android,https://xueqiu.com/1375576432/387331375,2026-07-08 16:19:07
387368261,SZ002816,ST和科,,$*ST和科(SZ002816)$ 正宗的半导体设备股才22亿市值，比大部分新st性价比高,0,NK青苹果,3828028481,2026-05-06 05:56:55,16,19,0,46982,4,Android,https://xueqiu.com/3828028481/387368261,2026-07-08 16:19:07
387372565,SZ002816,ST和科,,$*ST和科(SZ002816)$ 这票半年内不会有起色，前十大股东抛售太多了，这两个月买进的股民增加了15%，等股东人数降到5000人再来买吧，人均持股也从2万多股降低至1.5万股。已经在20-26派发了不少筹码。这票的老庄会在摘帽前把剩下的筹码派发给散户，等摘帽那几天还会有一波深跌。那时候才是抄底的时候。我个人看到18块左右企稳。,0,童真的开源荣耀,1375576432,2026-05-06 06:13:20,6,1,0,14158,0,Android,https://xueqiu.com/1375576432/387372565,2026-07-08 16:19:07
387375654,SZ002816,ST和科,,$*ST和科(SZ002816)$ 走势非常不错，符合企业产品品质,0,沉着的赚钱小飞侠,4854621840,2026-05-06 06:25:32,0,0,0,15145,0,iPhone,https://xueqiu.com/4854621840/387375654,2026-07-08 16:19:07
387377152,SZ002816,ST和科,,$*ST和科(SZ002816)$ 我简直笑死，今天这行情，半导体设备和光刻机涨麻了，去主板随便买一只科技股，起码都涨了四五个点，这里却还在跌，有点幽默的。有些人还在幻想洗盘呢？可以的。,0,童真的开源荣耀,1375576432,2026-05-06 06:31:33,1,1,0,16581,0,Android,https://xueqiu.com/1375576432/387377152,2026-07-08 16:19:07
387379226,SZ002816,ST和科,,$*ST和科(SZ002816)$ 无掩膜光刻机和直写光刻机龙头公司，芯碁微装别人才100倍pe，和科已经220多倍。高估了太多了，就拿你和芯碁微装的pe对比，想想看，有多少泡沫吧。,0,童真的开源荣耀,1375576432,2026-05-06 06:40:09,1,3,0,34377,0,Android,https://xueqiu.com/1375576432/387379226,2026-07-08 16:19:07
387400399,SZ002816,ST和科,,$*ST和科(SZ002816)$ 这个企业根本就没有造光刻机能力和技术，就是生产最底端的线束和淘汰的清洗设备。靠几个大V吹牛逼骗不明所以的散户,0,沉着的赚钱小飞侠,4854621840,2026-05-06 08:16:04,1,2,0,18599,0,iPhone,https://xueqiu.com/4854621840/387400399,2026-07-08 16:19:07
387508825,SZ002816,ST和科,,$*ST和科(SZ002816)$ 无敌了，蹭半导体概念的公司，研发费用居然只有185万，市值竟然达到了23亿。这点研发费用都能上市，那我花个10万块搞芯片研发是不是也能成立一家半导体公司啊。,0,童真的开源荣耀,1375576432,2026-05-07 01:54:05,3,1,0,19044,0,Android,https://xueqiu.com/1375576432/387508825,2026-07-08 16:19:07
387561653,SZ002816,ST和科,,$*ST和科(SZ002816)$ 说白了，前十大股东还在抛售，涨停板轻轻松松砸4000手。谁敢去拉板。如果能回封涨停板说明还有希望，如果封不上可以参考2月份和3月份两次涨停板被砸开后的走势,0,童真的开源荣耀,1375576432,2026-05-07 05:13:48,0,1,0,17638,0,Android,https://xueqiu.com/1375576432/387561653,2026-07-08 16:19:07
387574968,SZ002816,ST和科,,$*ST和科(SZ002816)$ 回封无望，最后一点也出干净了。等下周22再来抄底了。反正这票永远不会T飞。,0,童真的开源荣耀,1375576432,2026-05-07 06:02:11,5,0,0,18201,0,Android,https://xueqiu.com/1375576432/387574968,2026-07-08 16:19:07
387589902,SZ002816,ST和科,,$*ST和科(SZ002816)$ 年后第一个涨停,0,百元和科,4762970448,2026-05-07 06:56:24,1,3,0,21347,0,Android,https://xueqiu.com/4762970448/387589902,2026-07-08 16:19:07
387650046,SZ002816,ST和科,,$*ST和科(SZ002816)$ 洗得差不多了，可以开始干了吧,0,JeremiahLiu,6920728089,2026-05-07 12:41:47,1,2,0,20259,0,iPad,https://xueqiu.com/6920728089/387650046,2026-07-08 16:19:05
387744173,SZ002816,ST和科,,$*ST和科(SZ002816)$ 看看你同时期带帽，准备摘帽的股。看看人家再看看你。弱的一批。,0,哪天能不亏钱,5550807647,2026-05-08 02:50:01,2,1,0,20811,0,Android,https://xueqiu.com/5550807647/387744173,2026-07-08 16:19:05
387825375,SZ002816,ST和科,,$*ST和科(SZ002816)$完了完了，T飞了？怎么不下来了？,0,灵秀的加薪小梦想家,1163688524,2026-05-08 08:50:03,3,3,0,21835,0,HarmonyOS,https://xueqiu.com/1163688524/387825375,2026-07-08 16:19:05
388028682,SZ002816,ST和科,,$*ST和科(SZ002816)$ a股真是有意思，新姑娘st刚出来，预期反转都还没出现都抓紧拿筹码生怕晚了就错过了。很多八字都还没一撇。今年确定摘帽的老姑娘st其实摘帽水位比去年涨的少了百分之二三十。和科才24亿。$*ST准油(SZ002207)$ st美芝 $*ST三六五(SZ300295)$ st湘邮。新姑娘刚带帽抢筹就要追上老姑娘了。没得办法。,0,哪天能不亏钱,5550807647,2026-05-10 09:40:58,9,1,0,32545,3,Android,https://xueqiu.com/5550807647/388028682,2026-07-08 16:19:05
388030589,SZ002816,ST和科,,$*ST和科(SZ002816)$ 这个是啥？和算力有关系吗？,0,Vicus-,4996652267,2026-05-10 10:09:51,1,0,0,32875,0,iPhone,https://xueqiu.com/4996652267/388030589,2026-07-08 16:19:05
388091781,SZ002816,ST和科,,$*ST和科(SZ002816)$ 每一波的高点越来越低，28.6到26.5到25.06,0,童真的开源荣耀,1375576432,2026-05-11 02:07:17,1,0,0,14790,0,Android,https://xueqiu.com/1375576432/388091781,2026-07-08 16:19:05
388128699,SZ002816,ST和科,,$*ST和科(SZ002816)$ 大脸猫的以和为贵脸被打肿了,0,沉着的赚钱小飞侠,4854621840,2026-05-11 03:52:21,6,0,0,19430,1,iPhone,https://xueqiu.com/4854621840/388128699,2026-07-08 16:19:05
388162835,SZ002816,ST和科,,$*ST和科(SZ002816)$ 继续等着呗 还能咋样 15号之后会有一个说法的。,0,浮萍相逢,5174198822,2026-05-11 06:27:08,4,1,0,24437,0,雪球,https://xueqiu.com/5174198822/388162835,2026-07-08 16:19:05
388359474,SZ002816,ST和科,,$*ST和科(SZ002816)$ 你跌又不肯跌，涨也不涨，怎么个意思,0,是不万能的喜剧,9134659920,2026-05-12 05:14:45,0,1,0,17838,0,iPhone,https://xueqiu.com/9134659920/388359474,2026-07-08 16:19:05
388540780,SZ002816,ST和科,,$*ST和科(SZ002816)$ 虐我千百遍，我待和科如初恋，又回来了,0,聚焦质变,8491286481,2026-05-13 02:41:47,0,5,0,23537,0,Android,https://xueqiu.com/8491286481/388540780,2026-07-08 16:19:05
388621517,SZ002816,ST和科,,坚守摘帽赛道安心持仓顺势做多，抱团前行携手共赢财富。今日收获满满，盈利主要来自立航与和科两只标的，行情稳步向上，后续继续坚定持股耐心持有，把握板块上行红利，一路顺势做多，稳步增收共同掘金致富！！！$*ST立航(SH603261)$ $*ST和科(SZ002816)$别跟票随时会卖出！！！,0,常虹1988,8748347006,2026-05-13 07:12:56,4,23,0,83264,1,iPhone,https://xueqiu.com/8748347006/388621517,2026-07-08 16:19:05
388722955,SZ002816,ST和科,*ST和科（002816）：摘帽过关，故事未半,"$宁德时代(SZ300750)$ $*ST和科(SZ002816)$ $中际旭创(SZ300308)$ 一、公司简介：三十年工业清洗老兵，阜阳国资接盘*ST和科（002816），全称深圳市和科达精密清洗设备股份有限公司，前身创立于1994年，2016年10月在深交所主板挂牌上市，是国内最早从事工业清洗设备制造的企业之一。控制权变更：阜阳国资入主。 公司控股股东为安徽赋颍智科企业管理有限公司（持股16.00%），最终实际控制人为阜阳市颍泉区人民政府国有资产监督管理委员会。董事长、法人代表兼总经理孟宇亮为国资派驻的管理层代表。员工人数189人，注册资金1亿元。主营业务结构（2025年年报）：业务板块 2025年营收 核心说明精密清洗设备（超声波/平板/喷淋/碳氢清洗） 约1.37亿元 传统基本盘，三十年技术积累，受益海外高毛利订单放量线束产品（新能源/储能/光伏/工业机器人） 约1.04亿元 2024年新切入的第二增长曲线，收入4053万元→1.04亿元半导体设备（先进封装及前道光刻/清洗设备） 2317.68万元 2024年收购和科达半导体，定位为战略级利润增长点水处理设备 少量 传统业务补充，占比持续缩小二、戴帽与保壳：营收暴增近十倍，摘帽申请已递交*ST和科于2025年4月30日被实施退市风险警示。直接原因是2024年度净利润为负（-5278.41万元），且扣除后营业收入仅约2092万元，远低于3亿元红线，同时触及两项财务类退市风险警示条件。2025年年报是一份彻底翻盘的保壳答卷：营业总收入 2.67亿元 +987.05% 暴增近十倍，主因线束业务放量及海外清洗设备订单扣除后营收 2.55亿元 +1119% 超3亿元红线仍有缺口，但已满足摘帽核心条件归母净利润 1770.19万元 +133.54% 扭亏为盈，连续三年亏损终结扣非净利润 909.49万元 扭亏 主业真实盈利仍较薄弱经营现金流 2136.21万元 +188.35% 正向造血，销售回款显著改善期末净资产 2.42亿元 — 无资不抵债风险年报审计意见为标准无保留意见。2026年4月22日，公司正式向深圳证券交易所提交撤销退市风险警示申请。截至5月13日，审核仍在进行中，股票继续以&#34;*ST和科&#34;交易，日涨跌幅限制5%。需要高度关注的是，2026年一季报显示公司归母净利润为-410.6万元，同比下降225.69%，再度陷入单季亏损——摘帽后的业绩持续性成为首要观察点。三、行业分析：精密清洗千亿市场，半导体与新能源打开增量空间*ST和科在保持传统清洗业务基本盘稳定的基础上，正通过业务多元化切入两大高成长赛道：3.1 精密清洗设备——传统基本盘，千亿赛道稳健增长据QYResearch统计，2025年全球工业零部件清洗机市场规模约4.95亿美元，预计2032年达6.98亿美元，复合增速5.1%。从国内市场看，工业清洗行业规模2021年已达995.8亿元，整体处于从劳动密集型向高端精密清洗转型的关键阶段。公司凭借在超声波清洗等领域三十余年的技术积累，近年来主动向高端精密清洗设备转型，并在2025年获得海外高毛利订单，推动传统业务板块的增长。3.2 线束——新能源时代的&#34;隐形基础设施&#34;，但毛利率极低公司在2024年成立控股子公司切入线束生产领域，主攻新能源、汽车、储能、光伏和工业机器人行业。据YHResearch数据，2025年全球储能线束市场规模约190.7亿元，预计2032年接近469.1亿元，复合增速13.8%。线束产品是公司2025年营收暴增的绝对主力推手：2025年上半年线束收入即达4053万元，全年约1.04亿元，同比增长16,875.79%。然而，线束产品毛利率极低，仅3.47%，其营收贡献主要以&#34;量&#34;取胜，以&#34;价&#34;补利的逻辑尚未走通。3.3 半导体设备——战略级增长方向，国产替代政策红利公司2024年通过收购和科达半导体布局半导体设备领域，产品涵盖先进封装及前道制程设备，2025年实现营收约2317.68万元。公司已中标武汉高芯科技LDI光刻机设备项目，与长江存储建立合作关系。在全球芯片产业链&#34;去美化&#34;趋势下，半导体清洗设备国产替代进程有望加速，前道制程与先进封装双重需求为国内厂商打开了增量空间。四、公司基本面深度分析：高增长下的结构性短板4.1 营收结构的深层隐忧营收结构中的核心矛盾在于： 增长最快的线束业务严重拖累整体毛利率（2025年全年综合毛利率23.80%，虽同比大幅改善，但仍低于行业健康水平）。若2026年半导体设备无法放量替代线束的收入贡献，盈利质量将始终是一条斜向上的缓慢修复曲线。4.2 资产负债：财务结构健康截至2025年末，资产负债率22.15%，货币资金、交易性金融资产等合计约1.18亿元，占总资产73.44%。公司账上现金充裕，短期偿债压力较小，为外延式扩张保留了充足的财务弹性。4.3 &#34;成长股&#34;还是&#34;保壳股&#34;？公司上市以来已出具9份年报，亏损年份5次。公司2025年扣除后营收2.55亿元，距3亿元红线仍有约4500万元缺口，2026年的营收压力丝毫不比2025年小。净利润1770万元（其中非经常性损益贡献近860万元），扣非净利润仅909万元——一家营收近3亿的制造业企业，扣非后利润仅百万量级，盈利结构高度依赖非经常性损益的&#34;搀扶&#34;。五、未来增长预期：三重主线各有看点，但任一维度都存在&#34;悬停&#34;5.1 半导体设备——最值得憧憬、但也是验证周期最长的业务半导体设备业务2025年营收仅2317.68万元，占总营收约8.7%。公司在互动平台披露，控股子公司和科达半导体专注先进封装及前道光刻、清洗设备，已进入长江存储等头部客户量产阶段。但需清醒认识到：半导体设备从验证到量产放量的周期长、对产线验证的要求高，营收增速能否持续是验证该业务成败的核心指标。5.2 线束——已放量，但毛利率是关键变量2025年线束产品收入从千万级跃至1.04亿元，得益于储能、光伏等下游需求爆发式增长。但3.47%的毛利率意味着定价权极度薄弱。若全球新能源产能过剩趋势延续，线束价格战或将加剧，毛利率可能进一步承压。线束业务的盈利弹性取决于公司能否向上游拓展或切入高附加值细分品类。5.3 阜阳国资的&#34;下一步棋&#34;——最大的不确定性与最大的想象力阜阳颍泉区国资自2024年第四季度入主以来，市场对其资产注入预期持续不减。然而，公司于2026年2月4日在互动易平台明确回复：&#34;截至目前，公司未有应披露而未披露的并购重组、资产注入等重大计划&#34;。但预期并未消失，只是被无限期搁置：· 2026年5月11日，仍有投资者在互动平台追问&#34;希望公司拿出切实可行的方案积极转型重组，注入优质资产&#34;，询问在AI智能体、区块链、数据中心方向上的具体发展计划；· 公司在多次回复中表示，&#34;未来如有符合公司战略方向、有利于提升核心竞争力的产业合作或资产整合机会，将严格遵守监管要求，依法履行审议程序及信息披露义务&#34;。从逻辑上看，阜阳国资以数亿资金取得一家深市主板上市公司的控制权，若2026年公司无法彻底夯实摘帽后的经营基本盘，国有资产保值增值将面临实质性压力。外界推测国资有动力进行资产证券化，但当前公司的公开口径是&#34;深耕主业、积极创利&#34;，两者之间的张力依然悬空。六、投资逻辑与风险隐忧的博弈多头逻辑：1. 摘帽确定性高：2025年年报标准无保留意见，财务指标已不再触及退市风险警示情形，申请已正式递交——摘帽大概率只是时间问题；2. 基本面已从ICU转普通病房：营收暴增987%，归母净利扭亏133.54%，经营现金流转正——从濒死到活过来的核心转折已完成；3. 国资保壳底线不容突破：阜阳国资耗资数亿入主，若摘帽后经营基本盘再度滑落，将存在更大的保壳压力，国有资产保值增值是刚性约束；4. 半导体+线束双轮驱动：半导体清洗/光刻设备受益国产替代政策红利，线束受益新能源/储能需求持续增长，两者皆处于高景气赛道；5. 财务状况稳健：资产负债率仅22.15%，现金充裕，为后续内生扩张或外延并购保留了充足的财务弹性。风险警示：1. 摘帽后业绩持续性存疑——一季报净利润-410.6万元，再度亏损，若2026年全年业绩不能维持盈利且营收不能持续增长，存在二次戴帽风险；2. 线束毛利率极低（3.47%）——靠堆规模的盈利质量极其脆弱，一旦下游需求放缓或竞争加剧，极易陷入&#34;增收不增利&#34;甚至&#34;规模越大亏损越大&#34;的困境；3. 营收距3亿元红线仍有缺口——扣除后营收2.55亿元，距离安全线还有约4500万元，在传统清洗设备增速放缓的背景下，2026年仍面临较大压力；4. 重组预期漫长且无明确时间表——公司明确无并购重组计划，市场对阜阳国资的资产注入预期遥遥无期，当前股价中已包含的&#34;重组期权价值&#34;，一旦落空或时间拉长，估值将面临修正；5. 历史亏损记录累累——上市以来9份年报中5份亏损，反映出核心业务周期性强、抗风险能力偏弱，市场对管理层的信任基础仍需长期重建。七、总结*ST和科是一只典型的&#34;财报已经翻篇，但成长还在半路&#34;的困境反转股。 最危险的时候已经过去——2025年营收暴增近十倍、扭亏为盈、摘帽申请已递交，基本面从ICU转入普通病房。但最具想象力的故事还停在半路——半导体设备的放量需要更长周期验证，线束业务的毛利率亟待根本性改善，而市场最渴求的阜阳国资资产注入&#34;甜点&#34;至今仍是未兑现的期票。摘帽大概率确定，摘帽后能走多远则需要深度跟踪。 两三年内，公司能否构建起精密清洗+半导体+新能源线束+潜在国资注入的&#34;四轮驱动&#34;，将决定它最终落在5亿还是50亿的市值坐标上。对于偏好困境反转的左侧资金，核心观察窗口在于2026年中报是否确认季报亏损只是季节性波动而非趋势性恶化、以及半导体设备新签订单的放量信号。而对于稳健型投资者，等到公司连续两个季度扣非净利润为正、线束毛利率出现边际改善的实质性信号出现，再行评估也完全不迟。坚持独立思考，远离盲目跟风。感谢你的阅读，喜欢请关注、点赞、分享，我们一起在财富之路上，静待花开！#ST股# #半导体#",0,混沌开天2026,4131725678,2026-05-13 15:59:24,0,2,0,38702,1,Android,https://xueqiu.com/4131725678/388722955,2026-07-08 16:19:05
388821154,SZ002816,ST和科,,$*ST和科(SZ002816)$ 半导体设备开始往浙江发展。法人代表陈桦栋谁能查查。,0,百元和科,4762970448,2026-05-14 03:47:28,1,1,0,19834,0,Android,https://xueqiu.com/4762970448/388821154,2026-07-08 16:19:05
388831448,SZ002816,ST和科,,$*ST和科(SZ002816)$ 新动向。应该是配合高工半导体技术人才研发高精度半导体固晶粒进入半导体封测领域。半导体封测设备也符合公司主营内容都是设备类，后续投产也更省力些。就怕公司不动，有动作就是好事。（和科达微电子设备有樊敬闽的股份）。新闻还提到了樊工的技术产品含有高精度光芯片共晶机这个可是大热点。,0,哪天能不亏钱,5550807647,2026-05-14 04:45:05,15,10,0,34109,1,Android,https://xueqiu.com/5550807647/388831448,2026-07-08 16:19:05
388839108,SZ002816,ST和科,,$*ST和科(SZ002816)$ 开始资本运作了，和科达在主板，大有可为，快摘帽吧,0,是不万能的喜剧,9134659920,2026-05-14 05:22:59,1,4,0,18425,1,iPhone,https://xueqiu.com/9134659920/388839108,2026-07-08 16:19:05
389094964,SZ002816,ST和科,,$*ST和科(SZ002816)$ 你们以为摘帽是什么利好吗？韭菜，摘帽跌回22，我说的，拭目以待。,0,童真的开源荣耀,1375576432,2026-05-15 06:20:46,1,0,0,12889,0,Android,https://xueqiu.com/1375576432/389094964,2026-07-08 16:19:05
389151707,SZ002816,ST和科,,*ST和科：2025年年度股东会决议公告 网页链接,0,*ST和科(SZ002816),0,2026-05-15 10:26:12,0,1,0,18906,0,公告,https://xueqiu.com/S/SZ002816/389151707,2026-07-08 16:19:05
389151709,SZ002816,ST和科,,*ST和科：北京炜衡（上海）律师事务所关于深圳市和科达精密清洗设备股份有限公司2025年年度股东会的法律意见书 网页链接,0,*ST和科(SZ002816),0,2026-05-15 10:26:12,0,1,0,21836,0,公告,https://xueqiu.com/S/SZ002816/389151709,2026-07-08 16:19:05
389151710,SZ002816,ST和科,,*ST和科：董事、高级管理人员薪酬与考核管理制度（2026年5月） 网页链接,0,*ST和科(SZ002816),0,2026-05-15 10:26:12,0,3,0,22655,0,公告,https://xueqiu.com/S/SZ002816/389151710,2026-07-08 16:19:05
389263273,SZ002816,ST和科,,$*ST和科(SZ002816)$ 同步下，长投摘帽票和科清了，清了清了，不是不看好，是资金有其他计划呢，和科买的晚19买的，28没跑，跌下来两次21，22这样，这次回到25清了持仓半年多30%收益属于正常发挥。,0,David说,8776415436,2026-05-16 11:35:49,1,6,0,33578,1,iPhone,https://xueqiu.com/8776415436/389263273,2026-07-08 16:19:05
389413441,SZ002816,ST和科,,$*ST和科(SZ002816)$ 股东人数增加太快了人，再加上每天做T的人很多，老庄拉起来一点，做T的资金就按下去了。老庄索性就不管了，常年在这股上做波段，老庄的成本估计低的离谱。,0,童真的开源荣耀,1375576432,2026-05-18 02:50:42,0,0,0,13231,0,Android,https://xueqiu.com/1375576432/389413441,2026-07-08 16:19:03
389415595,SZ002816,ST和科,,半导体设备板块大涨，和科达赶紧摘帽吧$*ST和科(SZ002816)$ $中微公司(SH688012)$,0,NK青苹果,3828028481,2026-05-18 02:56:16,6,9,0,38901,0,Android,https://xueqiu.com/3828028481/389415595,2026-07-08 16:19:03
389433754,SZ002816,ST和科,,$*ST和科(SZ002816)$ 上周25.6快要涨停的时候卖了，其实是有点担心卖飞的。但是还好，你还是下来了，明天找机会低吸接回来。反正这个区间波动大，做一次T就是五六个点利润。现在你的脾气我也算摸清了，上涨周期不会超过7个交易日。连续涨2-3天肯定要做T。跌4个点肯定要陆续接回一点仓位。我现在都不想买别的股了，就把你T到烂。你可千万别走主升，我是真怕卖飞。,0,童真的开源荣耀,1375576432,2026-05-18 03:50:56,1,5,0,15662,0,Android,https://xueqiu.com/1375576432/389433754,2026-07-08 16:19:03
389570291,SZ002816,ST和科,,$*ST和科(SZ002816)$ 重生之我在和科躲牛市。看看新来的招聘吧。新能源和半导体采购。希望成长进度快一点,0,哪天能不亏钱,5550807647,2026-05-18 16:12:25,3,6,0,19790,1,Android,https://xueqiu.com/5550807647/389570291,2026-07-08 16:19:03
389622636,SZ002816,ST和科,,$*ST和科(SZ002816)$ 等我去外面打完野回来，再接你回来，这段时间外面行情大好，不想在你这浪费时间了。已经在和科挂了24.2和，23.6的委托单，希望这两天让我接回来一些,0,童真的开源荣耀,1375576432,2026-05-19 02:23:58,0,0,0,11038,0,Android,https://xueqiu.com/1375576432/389622636,2026-07-08 16:19:03
389656835,SZ002816,ST和科,,$*ST和科(SZ002816)$ 这一波怎么都要上30元了,0,7号幸运,3550960459,2026-05-19 04:24:16,5,1,0,16116,0,Android,https://xueqiu.com/3550960459/389656835,2026-07-08 16:19:03
389674125,SZ002816,ST和科,,$*ST和科(SZ002816)$ 只能再跌再买，割肉舍不得，时间快了,0,6西城秀6,1507933908,2026-05-19 05:46:51,1,1,0,16553,0,雪球,https://xueqiu.com/1507933908/389674125,2026-07-08 16:19:03
389738381,SZ002816,ST和科,,$*ST和科(SZ002816)$ 为什么深交所查不到和科4月份的撤销申请,0,英俊的回报小彗星,5395798089,2026-05-19 10:14:56,0,1,0,20415,0,雪球,https://xueqiu.com/5395798089/389738381,2026-07-08 16:19:03
389759576,SZ002816,ST和科,,$*ST和科(SZ002816)$ 这个什么时候摘帽有没有屌大的说下？？？,0,全盛过河兵,1182166945,2026-05-19 12:21:47,0,1,0,17637,0,Android,https://xueqiu.com/1182166945/389759576,2026-07-08 16:19:03
389836518,SZ002816,ST和科,,$*ST和科(SZ002816)$ 我就知道你不会让我失望，今天先跌3%个点，明天在水下找机会买进。希望今天别拉起来😄，唯一想吐槽的是就是你跌的太慢，昨天看顺景科技拉不上去，就卖了。本来还想在23.6附近买你的，但你磨磨唧唧，才跌这么一点，不知道明天有没有机会23.6买到你。,0,童真的开源荣耀,1375576432,2026-05-20 01:43:29,2,1,0,19695,0,Android,https://xueqiu.com/1375576432/389836518,2026-07-08 16:19:03
389903917,SZ002816,ST和科,,$*ST和科(SZ002816)$ 在不买没时间了科仔,0,7号幸运,3550960459,2026-05-20 05:15:45,0,2,0,22297,0,Android,https://xueqiu.com/3550960459/389903917,2026-07-08 16:19:03
389905582,SZ002816,ST和科,,$*ST和科(SZ002816)$ 去主板，翻倍都是少的，主板资金可没有ST里的这么猥琐,0,是不万能的喜剧,9134659920,2026-05-20 05:21:43,0,2,0,23323,0,iPhone,https://xueqiu.com/9134659920/389905582,2026-07-08 16:19:03
389907818,SZ002816,ST和科,,$*ST和科(SZ002816)$ 快了吧，看要不要补充材料了，早点去主板。,0,超级小雨,2713845433,2026-05-20 05:29:09,0,0,0,23794,0,Android,https://xueqiu.com/2713845433/389907818,2026-07-08 16:19:03
389918439,SZ002816,ST和科,,$*ST和科(SZ002816)$ 卖飞了，希望摘帽后能跌回来。,0,童真的开源荣耀,1375576432,2026-05-20 06:06:22,0,0,0,20882,0,Android,https://xueqiu.com/1375576432/389918439,2026-07-08 16:19:03
389937019,SZ002816,ST和科,,$*ST和科(SZ002816)$ 收盘一看就和科一个红的,0,干净的赚钱小晨光,9768705102,2026-05-20 07:07:21,4,3,0,24813,0,Android,https://xueqiu.com/9768705102/389937019,2026-07-08 16:19:03
390089438,SZ002816,ST和科,,今天两个涨停，然后几个跌停，分仓的好处体现出来了，想不到摘帽股涨得那么好。待摘帽股里面有$*ST和科(SZ002816)$ 这个我千年不赚钱的股还有一个$*ST双成(SZ002693)$ ，不知道为啥还没有摘帽，很奇怪，有谁知道的可以告知下，先躲到厕所里面抹泪去了,0,Heisenberg_ST,5386199194,2026-05-21 02:15:38,33,9,0,72925,0,Android,https://xueqiu.com/5386199194/390089438,2026-07-08 16:19:03
390113774,SZ002816,ST和科,,$*ST和科(SZ002816)$ 看来26.5真的是这股过不去的高点，早上看着要过了，结果还是砸下来了，第四次突破26.5失败了。摘帽也就是这个价位了。没多少空间了,0,童真的开源荣耀,1375576432,2026-05-21 03:18:27,0,1,0,21188,0,Android,https://xueqiu.com/1375576432/390113774,2026-07-08 16:19:03
390311438,SZ002816,ST和科,,$*ST和科(SZ002816)$ 看来我的担心多余了啊，上周卖的，你也涨了一段时间了，这几天应该要开始下跌了，真希望你赶快跌啊，只需要跌13%就可以回22啊，麻溜的砸三个跌停就行。这么高的价位，不敢买的。这股做波段还是蛮容易的。,0,童真的开源荣耀,1375576432,2026-05-22 01:33:37,0,0,0,18431,0,Android,https://xueqiu.com/1375576432/390311438,2026-07-08 16:19:03
390325573,SZ002816,ST和科,,$*ST和科(SZ002816)$ 股东人数创下近1年新高了，不是好事，各位自己掂量掂量吧，摘帽前股东人数从5000人飙升到6700人，人均持股也行2万股降低至1.5万股，而股价却没有涨，说明筹码开始分散，里面的大资金已经陆续派发筹码了。自己多想想原因吧。,0,童真的开源荣耀,1375576432,2026-05-22 02:01:55,7,0,0,25618,0,Android,https://xueqiu.com/1375576432/390325573,2026-07-08 16:19:03
390568647,SZ002816,ST和科,潜伏摘帽“四大才子”,今年等待摘帽的ST比较多，鱼龙混杂，我深入研究后，从先前的三只潜力摘帽股增加到四只，最新选了只*ST传智。这样我就集齐了摘帽“四大才子”。其中双成才子已摘帽，周一复牌，可期待下。*ST和科（002816）：年报扭亏，已提交摘帽申请先说进度最快的。4月22日，*ST和科公告称，公司已经向深交所提交了撤销退市风险警示的申请。2025年实现营业收入2.67亿元，同比增长987%；归母净利润1770万元，同比扭亏为盈；扣非净利润909万元，也是扭亏；期末净资产2.42亿元。几个关键指标都达标了。营收超过1亿元，净利润为正，净资产为正，*ST和科已经不再触及退市风险警示的情形。公司也在公告里明确说了，自查不存在其他需要实施风险警示的情况。这是一家做精密清洗设备的公司，主业比较传统，但胜在稳定。2025年的爆发式增长能不能持续，还需要观察，但至少先把ST的帽子摘掉，后面的事情可以慢慢来。目前申请还在深交所审核中，审核期间股票正常交易，但日涨跌幅还是5%的限制。我的判断： 财务指标干净，摘帽概率较大，就差交易所最后一步了。*ST智胜（002253）：营收翻倍但还在亏，摘帽有悬念这只的情况不太一样，有些复杂。4月27日，*ST智胜向深交所提交了撤销退市风险警示的申请，但目前处于补充材料阶段，深交所还在审核中。说白了，交易所觉得还有些问题需要公司进一步说明，不是一提交就能过的那种。财务数据上，2025年公司营业总收入3.25亿元，同比增长96.69%，营收体量是够了。但问题出在净利润上——归母净利润亏损2.43亿元，比去年亏得还多。营收翻倍反而亏得更多，这个信号值得警惕。智胜是做空中交通管理系统的，属于军工和AI赛道，业务本身没什么问题，市场空间也大。但业绩迟迟不能兑现，亏损持续扩大，这会让交易所对它的持续经营能力打一个问号。我的判断： 营收达标是优点，但连续亏损是硬伤。摘帽能否通过，存在一定的不确定性。后续要看补充材料能不能打消交易所的疑虑，以及2026年的经营能否真正改善。*ST传智（003032）：营收增长但仍在亏，审批中传智的情况和智胜有些相似。4月28日，*ST传智向深交所提交了撤销退市风险警示的申请，目前也在积极推进，按要求提供补充材料。财务数据方面，2025年营业收入约3.79亿元，同比增长54.43%，营收规模达标。但净利润还是亏损的，2025年归母净利润亏损9044.85万元。不过相比去年亏损1.34亿元，亏幅已经在收窄了。传智的主业是IT教育培训，这个行业受就业环境影响比较大。营收增长说明市场需求还在，但要实现扭亏，成本控制和业务结构调整还需要时间。我的判断： 和智胜类似，营收达标但亏损仍在，摘帽存在不确定性。亏幅收窄是积极信号，但能不能通过审批，还要看交易所怎么判断。,0,ST小菜鸟,2817792171,2026-05-23 07:41:43,2,8,0,76973,2,雪球,https://xueqiu.com/2817792171/390568647,2026-07-08 16:19:03
390761278,SZ002816,ST和科,,$*ST和科(SZ002816)$ 半导体设备涨疯了，和科达半导体，还没被市场充分挖掘,0,NK青苹果,3828028481,2026-05-25 05:31:27,1,13,0,38974,0,Android,https://xueqiu.com/3828028481/390761278,2026-07-08 16:19:01
390774588,SZ002816,ST和科,,$*ST和科(SZ002816)$ 洗了一天了。该启动了。半导体设备最小盘。有光刻机，有半导体清洗设备，后面还会有半导体固晶机。话说摘帽前会不会有资金在当天会提前知道。,0,哪天能不亏钱,5550807647,2026-05-25 06:16:05,2,1,0,15613,0,Android,https://xueqiu.com/5550807647/390774588,2026-07-08 16:19:01
390813450,SZ002816,ST和科,,$*ST和科(SZ002816)$ $*ST汇科(SZ300561)$ $四环生物(SZ000518)$ 四环走出摘帽股的强势行情，强烈看好和科和汇科 一个是半导体光刻机题材最正宗的小市值ST股票 另一个是老龙且极致缩量 看好和科和汇科在摘帽行情下的表现,0,孤独凯瑞,3636444615,2026-05-25 08:50:27,3,1,0,44486,0,雪球,https://xueqiu.com/3636444615/390813450,2026-07-08 16:19:01
390831822,SZ002816,ST和科,,$*ST和科(SZ002816)$ 准确来说这是半导体辅助设备（清洗，去胶设备等），无论何种技术路线都需要维护设备的。市场蛋糕做大对和科都是利好。安徽（合肥）国资投存储这波赚大了，吃到甜头后正常来讲会继续加大对科技领域的投入，坚定看好和科达。💪,0,是阿狗哥啊,5535699727,2026-05-25 10:35:43,1,2,0,17027,0,Android,https://xueqiu.com/5535699727/390831822,2026-07-08 16:19:01
390861665,SZ002816,ST和科,继续聊聊即将摘帽的“四大才子”,5月中下旬，上一年的ST中符合摘帽的在申请摘帽后经历15个交易日左右会陆续收到会所的通知。有人说，近几年摘帽的都不咋滴，摘帽就大跌，对于这点，我非常不认同。每年的情况其实都不一样，确实存在摘帽后连续下跌的标的，但是如果仔细复盘过的同学都会发现，摘帽后眼光放长远一些去看，大多都是上涨的。毕竟对于ST来说，摘帽了就是实打实的利好，至于涨不涨的就另当别论了。对于摘帽后会下跌的可能性，我复盘多日，经过多维度的对比，还是将目光集中在那些大概率能摘帽，但是过去一年里涨幅不大的标的身上。这里面当然要优选那些不光将应收干合格，还将净利润也干合格的标的身上。比如我最喜欢的*ST双成，它就是这种标的。它25年营收2.7亿元，扣非净利润1500多万，它在摘帽前几乎不怎么上涨，一直横盘，对于这种明牌能摘帽的，却迟迟不上涨的，我当然要给予厚望。当然，它的摘帽之路也是最顺利的，会所没有任何含糊的就批复了它的摘帽申请。今天它喜提涨停板。那么，剩下的其他三大才子呢？先来看下*ST和科，营收2.9亿元、归母净利 1800 万、扣非净利 1000 万，虽说它去年经过更换实控人，已经上涨了很多，但它胜在行业特色，绑定了国内头部封测厂，半导体行业目前的市场情况相比大家比我更了解，就不再赘述。再看它目前这个市值，对比同类的市值，孰高孰低，已有答案。*ST智胜营收3.25 亿、归母净利- 2.43 亿、净资产 8.84 亿。智胜的基本面相对于前面两个要差一些，营收刚够线，巨亏将近2.5亿元，但胜在净资产要好很多，我对它的判断是有可能会收到问询函，但经过几轮回答后，则会顺利摘帽。但是上周公司的公告说在正常补充材料，那么说明它的摘帽之路目前看是比我预期的顺利的。另外，选它的又一个原因是近两年的摘帽股有一个很普遍的现象是，只要是年报后同步申请摘帽的，在后续，基本上都摘帽了，也就是说，公司出年报的时候，是否达到了摘帽的标准，是早早跟会所沟通过，并且是会所初步认可了的。再来看看*ST传智，营收3.79亿、归母净利-9044万、净资产 12.11 亿、负债率 29.19%，审计与内控均为标准无保留意见。我个人对它的评价要比智胜高一些，而且它一季度还赚了150万，我预期是它会和双成一样，不怎么折腾的摘帽，但是它的最新公告也是在补充材料，对于这个进度算是中规中矩，不过可以接受。,0,ST小菜鸟,2817792171,2026-05-25 14:13:39,5,5,0,33145,1,雪球,https://xueqiu.com/2817792171/390861665,2026-07-08 16:19:01
390953358,SZ002816,ST和科,,$*ST和科(SZ002816)$ 这票确实差劲,0,沉着的赚钱小飞侠,4854621840,2026-05-26 03:34:09,3,1,0,8670,0,iPhone,https://xueqiu.com/4854621840/390953358,2026-07-08 16:19:01
390976242,SZ002816,ST和科,,$*ST和科(SZ002816)$ 和科和宝实谁先去掉帽子呢？盲猜和科，纯主营保壳，没那么多乱七八糟的问询。周三还是周四？问问周公,0,特区捡垃圾,3287498234,2026-05-26 05:27:28,0,4,0,13352,1,iPhone,https://xueqiu.com/3287498234/390976242,2026-07-08 16:19:01
390976401,SZ002816,ST和科,,$*ST和科(SZ002816)$ 和科真是好票啊，什么时候都不会卖飞，希望再跌两天，我接回来。,0,童真的开源荣耀,1375576432,2026-05-26 05:28:04,0,1,0,9737,0,Android,https://xueqiu.com/1375576432/390976401,2026-07-08 16:19:01
390977773,SZ002816,ST和科,,$*ST和科(SZ002816)$ 🐷力能别这么墨迹吗，什么时候上30元哇,0,7号幸运,3550960459,2026-05-26 05:32:55,1,1,0,12994,0,Android,https://xueqiu.com/3550960459/390977773,2026-07-08 16:19:01
391012716,SZ002816,ST和科,,$*ST和科(SZ002816)$ 这个走法估计摘帽还的等一段时间。等，问题不大。,0,是阿狗哥啊,5535699727,2026-05-26 07:28:59,0,1,0,13266,0,Android,https://xueqiu.com/5535699727/391012716,2026-07-08 16:19:01
391033820,SZ002816,ST和科,,$*ST和科(SZ002816)$ 里面全是做t的散户，一个没有庄的票真的是不能买,0,沉着的赚钱小飞侠,4854621840,2026-05-26 09:10:33,0,3,0,9710,0,iPhone,https://xueqiu.com/4854621840/391033820,2026-07-08 16:19:01
391166185,SZ002816,ST和科,,$*ST和科(SZ002816)$ 该说不说，直写式光刻机和清洗设备是玻璃基板封装不可或缺的核心部分。这也没资金看得上。芯碁微装都400亿了！好赖去年有两千多万半导体光刻机设备的收入。大环境这么好的背景下，今年肯定还会增长。,0,哪天能不亏钱,5550807647,2026-05-27 02:32:17,2,1,0,18714,0,Android,https://xueqiu.com/5550807647/391166185,2026-07-08 16:19:01
391172361,SZ002816,ST和科,,$*ST和科(SZ002816)$ 这票做T的人太多了，这票在ST板块换手率和成交量算高的了，成交量每天都在7000w—1亿左右，每天换手率长期也稳定在3%。但就是不涨，很多人把ST和科当提款机，虽说在这票吃不到大肉，但是长期来回震荡，让很多做T的资金吃到了小肉。,0,明敏的股价小萤火虫,7300420046,2026-05-27 02:45:27,3,1,0,21819,0,Android,https://xueqiu.com/7300420046/391172361,2026-07-08 16:19:01
391180980,SZ002816,ST和科,,$*ST和科(SZ002816)$ 里面有几个千手哥长期做波段的，不要在盘中追这种票，拉升的是千手哥，砸的也是千手哥，做波段跟随就好 不要死守。,0,明敏的股价小萤火虫,7300420046,2026-05-27 03:05:30,0,2,0,14272,0,Android,https://xueqiu.com/7300420046/391180980,2026-07-08 16:19:01
391205943,SZ002816,ST和科,,半导体最正宗，全球最低市值光刻机$*ST和科(SZ002816)$,0,是不万能的喜剧,9134659920,2026-05-27 04:25:18,3,2,0,13731,0,iPhone,https://xueqiu.com/9134659920/391205943,2026-07-08 16:19:01
391269984,SZ002816,ST和科,,回复@童真的开源荣耀: 大哥，市值不一样，预期也不一样，逻辑也完全不同，这边有并购半导体设备的预期，控股股东在年报中提过多次，现在又和浙江斯微迪的法人兼总工樊敬闽一起成立了和科达微电子准备生产固晶机国产替代，摘帽后大概率落地，且摘帽前没有大涨过，你告诉我能跌倒20我真的不信。一个国资有半导体业务的干净壳也得有20亿市值吧？//@童真的开源荣耀:回复@北河张胖子:可以，我就看着你幻想，马上往23走了，希望你能坚持住。摘帽后参考曙光，新亚，花王，短短几天直接跌20%，花王有主板资金来做，跌了几天涨上去了。曙光，新亚还有其他摘帽股，摘帽后都是逐渐创新低。我会在20块钱嘲笑你的。,0,北河张胖子,4145165129,2026-05-27 08:02:44,3,0,0,13427,0,Android,https://xueqiu.com/4145165129/391269984,2026-07-08 16:19:01
391270636,SZ002816,ST和科,,回复@北河张胖子: 光刻机从23年吹的26年了，都是散户幻想的，要是逻辑好，预期强还用的着你去挖掘吗？市场早都抢先一步了。半导体设备这俩个月涨了50%多，这货都不跟，你难道指望板块行情走完了，这货走独立行情？我看不现实吧//@北河张胖子:回复@童真的开源荣耀:大哥，市值不一样，预期也不一样，逻辑也完全不同，这边有并购半导体设备的预期，控股股东在年报中提过多次，现在又和浙江斯微迪的法人兼总工樊敬闽一起成立了和科达微电子准备生产固晶机国产替代，摘帽后大概率落地，且摘帽前没有大涨过，你告诉我能跌倒20我真的不信。一个国资有半导体业务的干净壳也得有20亿市值吧？,0,童真的开源荣耀,1375576432,2026-05-27 08:05:45,2,0,0,13202,0,Android,https://xueqiu.com/1375576432/391270636,2026-07-08 16:19:01
391451838,SZ002816,ST和科,,$*ST和科(SZ002816)$ 翻了下公告，怎么没申请摘帽进展？别的摘帽股都有，咋回事。,0,东风火箭弹,1758782423,2026-05-28 03:58:24,10,4,0,17932,0,Android,https://xueqiu.com/1758782423/391451838,2026-07-08 16:19:01
391496409,SZ002816,ST和科,,$*ST和科(SZ002816)$ 你再不摘帽，行情要结束了，你真太垃圾了。买谁都嘎嘎赚钱，买你真的是血亏。,0,哪天能不亏钱,5550807647,2026-05-28 06:34:55,3,2,0,14319,0,Android,https://xueqiu.com/5550807647/391496409,2026-07-08 16:19:01
391521637,SZ002816,ST和科,,$*ST和科(SZ002816)$ 这种走势估计摘帽遥遥无期了，哈哈哈,0,沉着的赚钱小飞侠,4854621840,2026-05-28 07:56:48,3,1,0,10205,0,iPhone,https://xueqiu.com/4854621840/391521637,2026-07-08 16:19:01
391720765,SZ002816,ST和科,,$*ST和科(SZ002816)$ 这票我说是垃圾中的战斗机没人反对吧。哈哈哈,0,沉着的赚钱小飞侠,4854621840,2026-05-29 04:01:52,1,1,0,7661,0,iPhone,https://xueqiu.com/4854621840/391720765,2026-07-08 16:18:59
391738087,SZ002816,ST和科,,$*ST和科(SZ002816)$ 半导体涨的时候你没反应，半导体跌你倒有反应了。st涨了你也没反应。你怎么只会跟跌不跟涨我真是服了,0,哪天能不亏钱,5550807647,2026-05-29 05:22:25,0,3,0,14523,0,Android,https://xueqiu.com/5550807647/391738087,2026-07-08 16:18:59
391824225,SZ002816,ST和科,,*ST和科：2025年第三季度报告（更新后） 网页链接,0,*ST和科(SZ002816),0,2026-05-29 10:16:13,0,0,0,15364,0,公告,https://xueqiu.com/S/SZ002816/391824225,2026-07-08 16:18:59
391824228,SZ002816,ST和科,,*ST和科：关于前期会计差错更正的公告 网页链接,0,*ST和科(SZ002816),0,2026-05-29 10:16:13,0,0,0,15546,0,公告,https://xueqiu.com/S/SZ002816/391824228,2026-07-08 16:18:59
391824234,SZ002816,ST和科,,*ST和科：关于前期会计差错更正后的财务报表 网页链接,0,*ST和科(SZ002816),0,2026-05-29 10:16:14,0,0,0,18147,0,公告,https://xueqiu.com/S/SZ002816/391824234,2026-07-08 16:18:59
391824238,SZ002816,ST和科,,*ST和科：第五届董事会第五次会议决议公告 网页链接,0,*ST和科(SZ002816),0,2026-05-29 10:16:14,0,0,0,19055,0,公告,https://xueqiu.com/S/SZ002816/391824238,2026-07-08 16:18:59
391824240,SZ002816,ST和科,,*ST和科：关于申请撤销退市风险警示的进展公告 网页链接,0,*ST和科(SZ002816),0,2026-05-29 10:16:14,0,3,0,20478,1,公告,https://xueqiu.com/S/SZ002816/391824240,2026-07-08 16:18:59
391827096,SZ002816,ST和科,,$*ST和科(SZ002816)$ 这个更正公告，是啥意思？,0,陆牙的牙,1902673593,2026-05-29 10:34:34,5,0,0,19901,0,Android,https://xueqiu.com/1902673593/391827096,2026-07-08 16:18:59
391830208,SZ002816,ST和科,,$*ST和科(SZ002816)$ 在这只股票赚了12万，目前已经清仓了，跌到20亿市值再来慢慢加仓，这股与我有缘,0,潜伏家,5582020167,2026-05-29 10:57:28,1,2,0,18384,0,Android,https://xueqiu.com/5582020167/391830208,2026-07-08 16:18:59
391832429,SZ002816,ST和科,,$*ST和科(SZ002816)$ 补充材料是好事，下周可以摘帽了。年报整体营收和利润不变。希望突一下让我走人,0,沉着的赚钱小飞侠,4854621840,2026-05-29 11:13:58,17,3,0,20164,0,iPhone,https://xueqiu.com/4854621840/391832429,2026-07-08 16:18:59
391842912,SZ002816,ST和科,,$*ST和科(SZ002816)$ 1、应该已经确定摘帽，目前正在走流程。2、有可能借势调整一下，但是随时可能启动行情。既然短线这么难操作，那就做时间的朋友。全市场总市值最低的半导体设备股，有没有人想一起去公司调研一下？,0,JeremiahLiu,6920728089,2026-05-29 12:38:48,2,1,0,23374,0,iPad,https://xueqiu.com/6920728089/391842912,2026-07-08 16:18:59
392031203,SZ002816,ST和科,,$*ST和科(SZ002816)$ 斯微迪高精度光通信固晶机。,0,哪天能不亏钱,5550807647,2026-06-01 01:01:08,0,1,0,18977,0,Android,https://xueqiu.com/5550807647/392031203,2026-07-08 16:18:59
392039301,SZ002816,ST和科,,$*ST和科(SZ002816)$ 已电话问过，补充材料已经提交了。这个补充材料已经提交过了的审核还需要多久？有大佬懂不。,0,哪天能不亏钱,5550807647,2026-06-01 01:34:44,5,1,0,20376,0,Android,https://xueqiu.com/5550807647/392039301,2026-07-08 16:18:59
392326018,SZ002816,ST和科,,$*ST和科(SZ002816)$ 好股，每天要么早盘拉高，要么盘中拉高，每天都给做T的机会,0,童真的开源荣耀,1375576432,2026-06-02 04:14:45,0,0,0,11823,0,Android,https://xueqiu.com/1375576432/392326018,2026-07-08 16:18:59
392400877,SZ002816,ST和科,,$*ST和科(SZ002816)$ 话说，玻璃基板清洗应该是和科达的强项，公司原来就是做面板和玻璃清洗的，技术储备还是可以的。迭代升级一下技术，后面搞半导体先进封装TGV清洗设备应该问题不大。（我胡说八道，以后验证）,0,哪天能不亏钱,5550807647,2026-06-02 09:22:56,4,1,0,26574,0,Android,https://xueqiu.com/5550807647/392400877,2026-07-08 16:18:59
392511193,SZ002816,ST和科,,$*ST和科(SZ002816)$ 最近的摘帽股，顺景科技，中广天泽，双成药业，摘帽后普遍跌了30%左右，只有声讯股份因为收购光模块企业，股价翻倍，和科达，摘帽后，短期跌到20块。,0,童真的开源荣耀,1375576432,2026-06-03 01:47:25,8,1,0,17291,0,Android,https://xueqiu.com/1375576432/392511193,2026-07-08 16:18:59
392568197,SZ002816,ST和科,,$*ST和科(SZ002816)$ 速达精微昨天新成立的公司，与和科达微电子在一个镇，经营范围一模一样。法人代表申定龙也是深奥投资。三股东上海宇岩达以前投资的三个公司 图三，都和和科有关联。希望大佬深入探讨下，看看和科达有没有啥大动作。,0,百元和科,4762970448,2026-06-03 04:04:02,13,5,0,32512,0,Android,https://xueqiu.com/4762970448/392568197,2026-07-08 16:18:59
392669829,SZ002816,ST和科,,$*ST和科(SZ002816)$ 东方财富刷到的，这才是ST和科的正确玩法，不过我是做波段，这哥们每天都在做T，看着他这做T的手法，估计成本做到15块了。,0,童真的开源荣耀,1375576432,2026-06-03 10:50:08,2,0,0,17133,0,Android,https://xueqiu.com/1375576432/392669829,2026-07-08 16:18:59
392769560,SZ002816,ST和科,,$*ST和科(SZ002816)$ 500多亿的芯碁微装真好。24亿的和科你做的啥子直写光刻机,0,哪天能不亏钱,5550807647,2026-06-04 02:12:57,12,1,0,22161,0,Android,https://xueqiu.com/5550807647/392769560,2026-07-08 16:18:59
392828855,SZ002816,ST和科,,$*ST和科(SZ002816)$ 我还以为你不是半导体,0,是不万能的喜剧,9134659920,2026-06-04 05:31:52,3,0,0,17525,0,iPhone,https://xueqiu.com/9134659920/392828855,2026-07-08 16:18:59
392878003,SZ002816,ST和科,,$*ST和科(SZ002816)$ 今天真的很争气了！！！,0,浮萍相逢,5174198822,2026-06-04 08:02:47,1,2,0,17556,0,雪球,https://xueqiu.com/5174198822/392878003,2026-07-08 16:18:57
393026317,SZ002816,ST和科,,$*ST和科(SZ002816)$ 今天没什么做T的机会，希望下午拉高，让我赚点零花钱。,0,童真的开源荣耀,1375576432,2026-06-05 02:26:28,0,1,0,16867,0,Android,https://xueqiu.com/1375576432/393026317,2026-07-08 16:18:57
393313724,SZ002816,ST和科,,$*ST和科(SZ002816)$ 半导体级玻璃基板封装清洗设备！,0,哪天能不亏钱,5550807647,2026-06-07 03:25:04,2,6,0,18089,0,Android,https://xueqiu.com/5550807647/393313724,2026-07-08 16:18:57
393494060,SZ002816,ST和科,,$*ST和科(SZ002816)$感觉又可以买了，最近很强,0,逻辑为王_花开刹那,2400025164,2026-06-08 06:51:57,2,0,0,13434,0,Android,https://xueqiu.com/2400025164/393494060,2026-07-08 16:18:57
393591031,SZ002816,ST和科,,"$*ST和科(SZ002816)$ 来点鸡汤 2025年报经营评述报告期内,公司持续推进多元化产业布局,旗下设立精密清洗设备、线束产品、半导体设备、水处理设备、储能设备等专业子公司,形成了涵盖精密清洗、新能源技术、先进制造和工业环保的产业矩阵。未来公司将聚焦资源动态配置、产业协同深化和财务韧性提升,通过传统业务精益化改造、新业务重点投入、跨领域技术融合及现金流精细化管理等措施,推动业务结构优化与盈利模式升级。1、精密清洗设备公司自成立以来始终致力于工业精密清洗设备的研发制造,目前拥有超声波清洗、平板清洗、喷淋清洗、碳氢清洗等多种精密清洗设备的设计研发能力,是国内精密清洗设备行业的领先企业之一,能够根据不同行业不同客户不同产品的各类清洗需求,提供整套精密清洗解决方案。报告期内,公司依托自身过硬的技术实力、稳定的产品性能与全流程定制化解决方案能力,获得海外清洗设备订单。该类海外订单具备技术要求高、准入认证壁垒严、定制化程度高的核心特点,产品毛利率显著高于国内同类型常规产品,不仅成为报告期内精密清洗设备板块利润增长的核心驱动力,同时也进一步提升了公司品牌的影响力与市场竞争力。2、线束产品公司于2023年成立控股子公司深圳市和科达精密部件有限公司,正式切入新能源、汽车、储能、光伏及工业机器人等装备领域的精密线束市场。公司依托完善的质量体系和工艺生产流程,打造多品类线束产品,涵盖新能源高低压线束、汽车线束、储能系统专用线束、光伏线束及工业机器人线束等核心产品,可满足不同场景下的电力传输与信号控制需求。报告期内,公司通过拓展销售渠道、开发优质客户,实现线束业务收入显著增长,成为核心增长引擎。在未来,公司将继续提高产品质量和性能,不断扩大线束产品的应用领域；扩大销售渠道,提高市场占有率；加强客户关系管理,以确保客户满意度和忠诚度；加强与供应商和合作伙伴的合作,共同推动产业链的优化和升级,实现协同发展；持续关注新能源、汽车、储能、光伏和工业机器人行业的发展动向,紧跟行业趋势,不断提升自身的核心竞争力。3、半导体专用设备的研发、生产和销售报告期内,和科达半导体专注于半导体专用设备的研发、生产和销售,面向半导体先进封装及前道制程领域提供一站式工艺解决方案,是具备光刻、涂胶显影、清洗三大核心设备研发制造能力的专用设备提供商。主要产品涵盖晶圆清洗设备、匀胶显影设备、槽式清洗设备、无掩膜光刻机、微影光刻机和晶圆去胶机等。相较于国际龙头企业在制程节点、套刻精度、产能效率等核心指标上的优势,和科达半导体仍存在一定差距,目前公司产品主要面向成熟制程,其中,光刻设备主要应用于如先进封装、掩模版生产、微机电和集成电路等领域,清洗设备和涂胶显影设备主要应用于集成电路、晶圆封装、光学和泛半导体行业等。公司实行订单式生产模式,在与客户确定订单或意向后,结合客户需求开展定制化设计与生产,同时建立多维度生产管理制度和考核机制,以产品合格率和交付及时率为核心考核指标,持续优化生产过程,保障产品质量与交付效率。公司以“直销为主”,通过商务谈判、委托代理商销售或招投标等方式获取订单,市场发展部配备专业销售与服务团队,全面负责售前客户需求分析、商务对接、售前工艺测试,以及售后设备安装调试、保修维修、技术咨询和人员培训等全流程服务,销售程序规范且完善。报告期内,和科达半导体业绩驱动主要系国内半导体设备国产替代政策红利持续释放下,下游晶圆厂扩产稳步推进,国产设备采购比例提升,公司光刻等核心产品订单有所突破,从而打开了新的增长方向,实现营业收入2317.68万元。但同时,公司在半导体设备业务经营过程中,面临核心技术与研发风险、供应链安全风险及市场与政策环境风险。半导体设备行业技术迭代迅速,若公司研发方向未能及时匹配市场需求、关键技术无法突破或研发成果转化不及预期,将影响产品竞争力；公司部分核心零部件依赖进口,国际出口管制、贸易政策变化或供应链中断,可能导致生产交付受阻、成本大幅上升；同时,下游芯片行业资本开支波动、市场竞争加剧及国际贸易壁垒强化,亦可能对公司经营业绩产生不利影响。公司亦存在客户验证周期长与资金运营相关风险,半导体设备客户验证门槛高、周期长,若验证进度未达预期,将直接影响订单落地与收入确认；而半导体设备业务属于资金密集型领域,研发、生产及市场拓展需持续大额资金投入,若融资渠道不畅或资金周转承压,将进一步制约业务扩张与项目推进。4、水处理设备公司于2003年成立子公司深圳市和科达水处理设备有限公司,进军水处理领域,研发生产超纯水反渗透、中水回用等水处理设备。公司主要产品包括纯水生产设备、污水处理设备和中水回用设备等。超纯水设备是消费电子、平板显示、太阳能光伏、薄膜电池等行业生产过程中的关键配套设备。其工作原理是将原水通过多级过滤,分离出水中的杂质及离子,使水变得更纯净,满足工业生产需求。中水回用设备主要用于工业污水及废水处理,其原理是通过“多介质过滤器、活性炭过滤器、超滤系统以及反渗透系统”进行废水处理,系统的主要处理单元为超滤和反渗透,超滤作为反渗透的主要前处理,再利用反渗透进行脱盐处理,以达到废水回收再利用的标准。污水处理系统可应用于消费电子及化工等多种行业,其原理是针对不同的污染因子,采用不同的处理工艺,去除水中有害成分,达到国家或者行业排放标准,不对环境产生破坏。从细分领域看,公司所处行业属于非标准化定制行业,是工业生产的配套行业,由客户提出清洗或水处理要求,厂商按照客户的清洗对象和要求制造精密清洗或水处理设备,并负责安装和维护。行业内企业均采用“按单定制生产”的专业配套制造经营模式。由于水处理设备产品属于资金密集型业务,前期采购需垫付大额资金,销售回款周期较长,公司在报告期内实现营业收入353.10万元,除了维持历史项目的维保工作外,集中力量对以前年度承作的重大项目进行施工后的验收跟进工作,同时审慎开发新项目。5、储能设备公司于2024年设立控股子公司上海和科达储能源设备有限公司,聚焦电网市政新基建、工矿企业新能源配套等领域,致力于成为一家专注于数据采集、传输、存储、应用及安全的综合智能电力物联网服务商。报告期内,公司重点布局智能方舱业务,实现营业收入357.35万元,成功切入储能设备领域。该业务聚焦智慧农业工厂化种植领域,主打模块化智能种植方舱产品,以智能化、节能化、标准化为核心,为现代农业种植提供一站式智能环境管控解决方案。公司农业方舱采用模块化舱体设计,具备保温、隔热、防尘、防水等特性,组装、拆卸与运输便捷,可快速落地部署；舱内集成控温、控湿、控氧、控光、消毒杀菌、远程操控、视频监控七大核心系统,搭配全直流变频机组与高精度传感器,可精准调控温度、湿度、二氧化碳浓度、光照等关键生长参数,支持手动、自动、定时三重调节模式,且具备意外断电来电自动复位功能,运行稳定可靠。该产品依托物联网与智能控制技术,实现触摸屏、电脑、手机三方远程同步管控,可实时监测环境数据、远程调控设备运行,大幅提升种植管理效率、降低人工成本；同时采用新风换气、冷热回收等节能技术,24小时能耗仅约20度,节能效益突出,适配多种恶劣环境场景。农业方舱核心应用于食用菌（平菇等）工厂化种植,同时可拓展至蔬菜瓜果育苗栽培、养殖等场景,还能衍生农业教育、应急保障、保鲜冷藏等多功能方舱形态,助力用户实现全年不间断工厂化生产,以科技赋能现代农业高效、绿色、规模化发展。报告期内,上述业务已完成产品定型与试点交付,未来将加速规模化落地,打造公司新的战略增长极。1、概述2025年,精密清洗设备、线束两大核心业务所处行业机遇与挑战并存,行业竞争格局持续优化,国内高端制造产业升级提速,海外市场需求逐步释放,为行业发展带来全新增长空间。在此行业背景下,公司秉持稳健的发展战略,持续深化战略转型成果,稳步推进多元化产业布局,在巩固传统核心业务基本盘的同时,充分释放2024年收购业务的协同价值与增长潜力,多措并举推动公司经营质量全面提升,顺利实现业绩扭亏为盈,为公司长期可持续发展筑牢根基。报告期内,公司实现营业收入26,735.48万元,同比实现大幅增长；实现归属于上市公司股东的净利润1,770.19万元,成功实现扭亏为盈,盈利能力与经营质量得到根本性改善。中审亚太会计师事务所（特殊普通合伙）对公司2025年度财务报表进行了审计,并出具了标准无保留意见的审计报告。报告期内,公司经营业绩实现跨越式增长,核心源于传统业务增长动能全面释放与新兴业务增量贡献持续凸显。其中,精密清洗设备业务紧抓海外市场发展机遇,凭借成熟的技术积累、稳定的产品性能与完善的服务体系,成功拓展并落地海外订单,带动业务营收与盈利水平实现双提升；与此同时,公司2024年底收购并纳入合并报表范围的和科达半导体,以及主营线束业务的和科达精密部件公司,在报告期内经营发展稳步提升,技术研发、产能建设与市场拓展同步推进,业务规模持续爬坡,顺利达成预期经营目标,标志着公司多元化发展战略取得显著成效。2026年,公司将在现有经营成果的基础上,持续深耕主业、提质增效,主抓各业务板块的经营业绩突破与盈利水平提升,全力推动公司实现更高质量的可持续发展。",0,百元和科,4762970448,2026-06-08 16:30:07,0,1,0,15718,0,Android,https://xueqiu.com/4762970448/393591031,2026-07-08 16:18:57
393695383,SZ002816,ST和科,,$*ST和科(SZ002816)$ 这一波如果还不上30元可以撤了，七月很多资金会撤出,0,7号幸运,3550960459,2026-06-09 05:30:07,1,1,0,13089,0,Android,https://xueqiu.com/3550960459/393695383,2026-07-08 16:18:57
393719341,SZ002816,ST和科,,$*ST和科(SZ002816)$ 看这走势和成交量大概率摘帽无望了吧,0,沉着的赚钱小飞侠,4854621840,2026-06-09 06:43:49,3,2,0,12087,0,iPhone,https://xueqiu.com/4854621840/393719341,2026-07-08 16:18:57
393741987,SZ002816,ST和科,,$*ST和科(SZ002816)$ 再预测一下，摘帽就在这两天！！！如果错了，那就继续预测0-1有突破的国产半导体设备，长期横盘的也就和科的。1000多万的武汉订单也完成了落地验证，未来就是1-10的放量。1-10需要什么？批量交付的能力，也就是扩产，意味着定增或者引入第三方投资产线。另外，客户的扩展，一方面依托于已交付的标杆案例，另一方面，产业资源的协同，斯微迪的技术团队有了，另一方面就是产业资本的客户嫁接了。这两个都是未来公司可能的方向。下一只声讯？,0,特区捡垃圾,3287498234,2026-06-09 08:06:44,0,3,0,24375,2,雪球,https://xueqiu.com/3287498234/393741987,2026-07-08 16:18:57
393750510,SZ002816,ST和科,,$*ST和科(SZ002816)$ 还在补充材料阶段的话，是不是可以无限拖下去,0,无私的回报灵魂,2803283064,2026-06-09 08:47:48,1,2,0,14941,0,iPhone,https://xueqiu.com/2803283064/393750510,2026-07-08 16:18:57
393865819,SZ002816,ST和科,,$*ST和科(SZ002816)$ 博一博，这个量有可能是摘帽。,0,干净的赚钱小晨光,9768705102,2026-06-10 01:46:41,0,1,0,19007,0,Android,https://xueqiu.com/9768705102/393865819,2026-07-08 16:18:57
393873520,SZ002816,ST和科,,$*ST和科(SZ002816)$ 垃圾是真垃圾，上板都不干脆。你看看，现在半导体设备整个a股里，最小的市值都有90亿了。你看看你，怎么去年也有两千多万半导体设备营收，还有一条龙的半导体清洗到光刻。,0,哪天能不亏钱,5550807647,2026-06-10 02:00:55,11,4,0,24083,0,Android,https://xueqiu.com/5550807647/393873520,2026-07-08 16:18:57
393901581,SZ002816,ST和科,,回复@ST和科: 反正在这票上赚钱了就可以了，等摘帽了如果没有强势上涨我就会先走等他调整完再回来。这票的主力绝对是要磨心态的//@ST和科:[该内容已被作者删除],0,沉着的赚钱小飞侠,4854621840,2026-06-10 02:58:25,0,1,0,18600,0,iPhone,https://xueqiu.com/4854621840/393901581,2026-07-08 16:18:57
393910862,SZ002816,ST和科,,$*ST和科(SZ002816)$ 涨停的时候卖了，希望卖对了,0,明敏的股价小萤火虫,7300420046,2026-06-10 03:20:49,0,2,0,20190,0,Android,https://xueqiu.com/7300420046/393910862,2026-07-08 16:18:57
394006182,SZ002816,ST和科,,*ST和科：关于为子公司提供担保的进展公告 网页链接,0,*ST和科(SZ002816),0,2026-06-10 09:53:09,0,2,0,23821,0,公告,https://xueqiu.com/S/SZ002816/394006182,2026-07-08 16:18:57
394122351,SZ002816,ST和科,,$*ST和科(SZ002816)$ 这个股如果借助重组 或者 重整 远远不止现在的市值！,0,A红旗,1867458894,2026-06-11 02:21:12,0,3,0,26313,0,雪球,https://xueqiu.com/1867458894/394122351,2026-07-08 16:18:57
394203457,SZ002816,ST和科,,$*ST和科(SZ002816)$这哥们不是有光刻胶吗？,0,道心破碎827,2601931071,2026-06-11 06:37:41,7,2,0,23824,0,Android,https://xueqiu.com/2601931071/394203457,2026-07-08 16:18:57
394262220,SZ002816,ST和科,,$*ST和科(SZ002816)$ 随着时间推移这票摘帽的概率越来越小了,0,沉着的赚钱小飞侠,4854621840,2026-06-11 11:21:32,0,2,0,20198,1,iPhone,https://xueqiu.com/4854621840/394262220,2026-07-08 16:18:57
394760234,SZ002816,ST和科,,$*ST和科(SZ002816)$ 走了，祝留下的发财。,0,DGMY,5586155854,2026-06-15 05:07:48,0,0,0,14062,0,iPhone,https://xueqiu.com/5586155854/394760234,2026-07-08 16:18:57
394918773,SZ002816,ST和科,,$*ST和科(SZ002816)$ 今天走势不错 有机会长阳,0,浮萍相逢,5174198822,2026-06-16 01:52:03,0,0,0,12300,0,雪球,https://xueqiu.com/5174198822/394918773,2026-07-08 16:18:57
394933744,SZ002816,ST和科,,$*ST和科(SZ002816)$ 摘帽股返利摘帽后涨了41%，连续5连阳，牛市特别是科技牛，这么肯定会走一波，和科达正儿八经的半导体光刻机概，最低市值的光刻机概念！$威尔泰(SZ002058)$$返利科技(SH600228)$,0,荆楚关鸠,1670642581,2026-06-16 02:25:20,3,3,0,25395,2,Android,https://xueqiu.com/1670642581/394933744,2026-07-08 16:18:57
394938625,SZ002816,ST和科,,$*ST和科(SZ002816)$ 摘帽会不会涨不知道，我也不会去幻想摘帽后会涨，做波段就行，里面的资金没格局，常年波段做T，摘帽也不见得这些资金会引导行情。,0,明敏的股价小萤火虫,7300420046,2026-06-16 02:37:12,0,0,0,13317,0,Android,https://xueqiu.com/7300420046/394938625,2026-07-08 16:18:55
395180476,SZ002816,ST和科,,$*ST和科(SZ002816)$ 今天太强势了，有可能停牌,0,干净的赚钱小晨光,9768705102,2026-06-17 03:06:39,1,1,0,10816,0,Android,https://xueqiu.com/9768705102/395180476,2026-07-08 16:18:55
395328910,SZ002816,ST和科,,$*ST和科(SZ002816)$ 最便宜的半导体设备股,0,vocals,2127989909,2026-06-17 14:03:00,0,2,0,9093,0,雪球,https://xueqiu.com/2127989909/395328910,2026-07-08 16:18:55
395370910,SZ002816,ST和科,,$*ST和科(SZ002816)$ 打击假科技，利好真科技，没想到吧，我们这边是真科技,0,浮萍相逢,5174198822,2026-06-18 00:39:41,1,1,0,8236,0,Android,https://xueqiu.com/5174198822/395370910,2026-07-08 16:18:55
395416259,SZ002816,ST和科,,回复@猫肥nu壮: 牛逼啊，你肯定经历过$*ST和科(SZ002816)$ 16块多的时候，当时我割了，去年我几次买都亏，//@猫肥nu壮:回复@Heisenberg_ST:和科已持有三百八十多天，真磨人,0,Heisenberg_ST,5386199194,2026-06-18 02:35:46,5,2,0,10760,0,Android,https://xueqiu.com/5386199194/395416259,2026-07-08 16:18:55
395425057,SZ002816,ST和科,,$*ST和科(SZ002816)$ 完蛋了，这么搞摘帽后最多一个板就会下杀,0,沉着的赚钱小飞侠,4854621840,2026-06-18 02:53:02,3,0,0,11469,0,iPhone,https://xueqiu.com/4854621840/395425057,2026-07-08 16:18:55
395430154,SZ002816,ST和科,,$*ST和科(SZ002816)$ 持股超过一年了，继续拿着,0,超级小雨,2713845433,2026-06-18 03:03:28,0,2,0,12614,0,Android,https://xueqiu.com/2713845433/395430154,2026-07-08 16:18:55
395486753,SZ002816,ST和科,,回复@不知火舞西施: $*ST和科(SZ002816)$ 朋友，不是吧？我们 4 月中就提示了。一堆私募和牛散都已经狂吸了三个月了，这些鸡贼的主力本来一直用几百个账户大量分仓迷惑市场明修栈道暗度陈仓吸筹，分到后来实在没账户可以用了，只好明牌平均账户持仓往上飙了（其实和科达的筹码集中度一直很高，股东数量一直属于三市里面极低的），所以最新公告的股东数量又开始下降了，而且一次降幅就不少。你早不买现在封涨停才想要买，也得买得到才行啊！查看图片//@不知火舞西施:回复@伯克希尔资本:$*ST和科(SZ002816)$ 伯大老师，ST和科涨停了耶！会连板吗？现在还能入吗？,0,伯克希尔资本,9912111905,2026-06-18 06:03:35,1,4,0,14794,3,雪球,https://xueqiu.com/9912111905/395486753,2026-07-08 16:18:55
395541792,SZ002816,ST和科,财报“变脸”！深交所对*ST和科下发监管函,6月18日，深交所发布关于对深圳市和科达精密清洗设备股份有限公司（*ST和科（002816.SZ））的监管函。公司披露的《关于前期会计差错更正的公告》显示，公司披露的《2025年一季度报告》《2025年半年度报告》《2025年三季报报告》存在会计差错。公司因此调减了2025年前三季度报告的营业收入、净利润等科目，其中对2025年第三季度报告营业收入调减2395.53万元，占调整前营业收入的比例为14.25%；对归属于母公司股东的净利润调减1035.67万元，由盈转亏。公司的上述行为违反了本所《股票上市规则（2026年修订）》第1.4条、第2.1.1条的规定。,0,财闻,8871682425,2026-06-18 09:00:19,3,1,0,18331,0,雪球,https://xueqiu.com/8871682425/395541792,2026-07-08 16:18:55
395548576,SZ002816,ST和科,,*ST和科：监管函：上市公司 网页链接,0,*ST和科(SZ002816),0,2026-06-18 09:33:05,5,10,0,18130,0,公告,https://xueqiu.com/S/SZ002816/395548576,2026-07-08 16:18:55
395580817,SZ002816,ST和科,,$*ST和科(SZ002816)$ 从补充材料开始算今天是第十四个工作日，最近一直在做减法，就是担心它的监管函，怕四季度的业绩如果被质疑，然后全年利润为负，今天板上卖了最后一小部分，然后开板下来接了一点点，晚上看了这个监管函反而有种如释重负的感觉，从内容来看只是被批评教育到现在感觉，也没有质疑净利润，但是却没有直接发摘帽公告，那就是还有小问题需要再继续补充材料（不知道是不是又要十五天）。解读是偏小利空，但是应该问题不大。个人看法 不做操作依据。,0,壮噶木,1683638386,2026-06-18 13:11:58,3,2,0,21395,1,iPhone,https://xueqiu.com/1683638386/395580817,2026-07-08 16:18:55
395658934,SZ002816,ST和科,财报“变脸”，上千万元利润蒸发，*ST和科收监管函,6月18日，深交所发布关于对深圳市和科达精密清洗设备股份有限公司（公司简称：*ST和科；股票代码：002816）的监管函。 5月30日，*ST和科披露的《关于前期会计差错更正的公告》显示，公司披露的《2025年一季度报告》《2025年半年度报告》《2025年三季报报告》存在会计差错。公司因此调减了2025年前三季度报告的营业收入、净利润等科目，其中对2025年第三季度报告营业收入调减2395.53万元，占调整前营业收入的比例为14.25%；对归属于母公司股东的净利润调减1035.67万元，由盈转亏。 深交所指出，*ST和科的上述行为违反了相关规定。深交所希望公司及全体董事、高级管理人员认真吸取教训，并提醒公司及全体董事、高级管理人员严格遵守《证券法》《公司法》等法律法规，以及该所《股票上市规则》及相关规定，真实、准确、完整、及时、公平地履行信息披露义务，杜绝此类事件发生。 关于前期会计差错更正的原因，*ST和科在5月30日的公告中称，公司2025年前三季度开展的清洗设备业务所涉及的海外销售项目按照产品交付及直接客户提供的验收单确认收入，经公司自查自纠，公司在海外产品销售订单交付后，未考虑对应设备在终端客户的安装验收状况，确认收入依据不充分，基于谨慎性原则，公司将清洗设备业务的海外销售的收入确认时点与终端客户验收报告时点保持一致。公司将原2025年一季度、2025年三季度确认的部分营业收入，调整至2025年三季度、2025年四季度予以确认。 *ST和科主营业务为精密清洗设备的研发、设计、生产与销售。 近年来公司营收大幅波动，2022年至2024年营收分别为8625.62万元、1.44亿元、2459.46万元；同期净利润分别为-8107.05万元、-6258.01万元、-5278.41万元，已连续三年亏损。 2025年公司业绩大幅转好，实现营业收入2.67亿元，同比增长987.05%；归母净利润1770.19万元，同比增长133.54%。 2026年一季度，公司实现营业收入4778.32万元，同比增长41.38%；归母净利润-410.58万元，同比亏损收窄。,0,深圳商报,6620276709,2026-06-19 08:00:03,0,0,0,12950,0,雪球,https://xueqiu.com/6620276709/395658934,2026-07-08 16:18:55
395716544,SZ002816,ST和科,st板块的锚在哪里？,st板块的终点是摘帽（注意鉴别：不买退市高风险st股票，至少不在公布退市前持有退市高风险股），每只st都是有生命周期的，即从被st开始，到去掉st帽子为止。如果认可以上观点，那么，我们就找到了st的锚。某只st股，我们经过分析，今年其将通过企业内生性增长，更换实控人，破产重整，资产重组等方式满足摘帽条件，明年将摘帽，那，我们就可以根据通过以下几种相结合的方式确定它的锚：第一、与其总股本，行业，性感度，营收规模等相仿的非st股目前估（市）值情况；今年已经摘帽的st股，摘帽后的市值情况；预估一年后大盘的估值水平。如果感觉明显低估，则可买入；如果没低估甚至高估则观望。如果发现市场中绝大部分的st明显低估，则构成战略性建仓机会。结论：面对今年st板块短暂反弹后的连续下探，st人无需恐慌，而是要通过分析对比找出st板块，找出心仪个股估值的锚，发现低估则坚决买入，请记住，自古沙里不埋金，资本市场从来不会缺发现美的眼睛！st东易，st和科，st亚振三只股票即将走完它们的st周期，认真查看它们从被st到即将被摘帽这个过程中的表现，也许你会受到启发！$*ST东易(SZ002713)$ $*ST和科(SZ002816)$ $*ST亚振(SH603389)$,0,永远的冠军_st王,3666837602,2026-06-20 05:20:21,21,84,1,227654,27,iPhone,https://xueqiu.com/3666837602/395716544,2026-07-08 16:18:55
395783491,SZ002816,ST和科,,*ST和科：关于为子公司提供担保的进展公告 网页链接,0,*ST和科(SZ002816),0,2026-06-21 07:37:18,0,4,0,14448,2,公告,https://xueqiu.com/S/SZ002816/395783491,2026-07-08 16:18:55
395869186,SZ002816,ST和科,,$*ST和科(SZ002816)$ 这票只要有大V过来吹，基本是必跌,0,童真的开源荣耀,1375576432,2026-06-22 02:29:41,1,0,0,11657,0,Android,https://xueqiu.com/1375576432/395869186,2026-07-08 16:18:55
395874706,SZ002816,ST和科,,$*ST和科(SZ002816)$ 没什么好说的，就是周五博消息的资金今天跑出去了。另外ST板块今天被爆锤，跟随板块波动而已。越往后就曙光越来越近。干就完了💪,0,是阿狗哥啊,5535699727,2026-06-22 02:41:44,0,2,0,15935,0,Android,https://xueqiu.com/5535699727/395874706,2026-07-08 16:18:55
395925714,SZ002816,ST和科,,$*ST和科(SZ002816)$ 主板即将迎来最小市值的光刻机设备公司,0,是不万能的喜剧,9134659920,2026-06-22 05:50:46,4,3,0,13371,0,iPhone,https://xueqiu.com/9134659920/395925714,2026-07-08 16:18:55
395927419,SZ002816,ST和科,,$*ST和科(SZ002816)$ 监管函落地不是利空，而且结案。和科达半导体，即将摘帽！,0,NK青苹果,3828028481,2026-06-22 05:56:40,6,21,0,33172,0,Android,https://xueqiu.com/3828028481/395927419,2026-07-08 16:18:55
396083727,SZ002816,ST和科,,$*ST和科(SZ002816)$ 这票只要唱多必跌，端午那几天全是清一色喊50块，最便宜半导体股，什么龙头，按照和科的尿性，这两天就跌给你看，往23回调,0,童真的开源荣耀,1375576432,2026-06-23 01:52:12,10,0,0,11058,0,Android,https://xueqiu.com/1375576432/396083727,2026-07-08 16:18:55
396098608,SZ002816,ST和科,,$*ST和科(SZ002816)$ 对喽，就这样回调才对，我T出去大部分仓位，赶紧给我跌下来，可别让我卖飞了,0,童真的开源荣耀,1375576432,2026-06-23 02:23:54,1,2,0,10557,0,Android,https://xueqiu.com/1375576432/396098608,2026-07-08 16:18:55
396119482,SZ002816,ST和科,,$*ST和科(SZ002816)$ 快跌下来，我要进场,0,momo中的momo,6922200005,2026-06-23 03:14:14,0,3,0,12689,0,Android,https://xueqiu.com/6922200005/396119482,2026-07-08 16:18:53
396162141,SZ002816,ST和科,,$*ST和科(SZ002816)$ 大盘暴跌st纹丝不动了，做空资金终于跑完了。,0,干净的赚钱小晨光,9768705102,2026-06-23 06:09:31,1,3,0,12707,0,Android,https://xueqiu.com/9768705102/396162141,2026-07-08 16:18:53
396235195,SZ002816,ST和科,,$*ST和科(SZ002816)$ 估计又要回调了,0,陆牙的牙,1902673593,2026-06-23 11:49:31,3,1,0,12901,0,Android,https://xueqiu.com/1902673593/396235195,2026-07-08 16:18:53
396271392,SZ002816,ST和科,,我移仓部分到了$*ST和科(SZ002816)$ 光刻机，逻辑很性感，价格也不高，去了主板理论上大有可为,0,是不万能的喜剧,9134659920,2026-06-23 15:43:31,1,1,0,12025,0,iPhone,https://xueqiu.com/9134659920/396271392,2026-07-08 16:18:53
396312120,SZ002816,ST和科,,$*ST和科(SZ002816)$ 再来个跌停吧，应该就回调到位了,0,童真的开源荣耀,1375576432,2026-06-24 01:39:53,7,0,0,11362,0,Android,https://xueqiu.com/1375576432/396312120,2026-07-08 16:18:53
396409252,SZ002816,ST和科,,$*ST和科(SZ002816)$ 怪就怪你出身不好，你要是在科创，再不济去主板，你都得翻倍起步,0,是不万能的喜剧,9134659920,2026-06-24 06:16:43,5,0,0,11231,0,iPhone,https://xueqiu.com/9134659920/396409252,2026-07-08 16:18:53
396488525,SZ002816,ST和科,,回复@王牌摸鱼喵: 希望$*ST和科(SZ002816)$ 也尽快来，着急啊，来两个涨停就回本了//@王牌摸鱼喵:$*ST智胜(SZ002253)$ 因为年报带有强调事项段，的确有不少人害怕智胜摘不了帽，越是跌越害怕越想卖越是跌越害怕越想卖越是跌……形成恶性循环。$*ST智胜(SZ002253)$,0,Heisenberg_ST,5386199194,2026-06-24 11:59:24,8,1,0,14232,0,Android,https://xueqiu.com/5386199194/396488525,2026-07-08 16:18:53
396490874,SZ002816,ST和科,,回复@王牌摸鱼喵: 这个预期差有点大啊，很多人认为不能摘反而摘了，那么先恭喜喵哥至少一个涨停板（我虽不持有但前面问过董秘，那边反馈摘帽没有问题)。其实我着急的是$*ST和科(SZ002816)$ ，急死了，趁着半导体大热，赶紧摘帽//@王牌摸鱼喵:回复@杂票小铺:目前摘帽的除了在摘帽前积累一定涨幅同时估值明显到位的，比如30亿的星光（次日也反包了）、新研，金发拉比等，以及市值早已到位的辉丰等几个以外，摘帽表现均属合理。智胜一开始就有不少人对我说，很多人认为不能摘帽，在走势中一直裹挟着这股悲观预期。这周ST板块暴跌，智胜也向下破位，害怕不能摘帽的情绪自然也达到高点，随着时间的推移，越来越害怕它不能摘帽，于是造成了预期差。低位预期差摘帽，省级国资行业优，22亿，你今天阴阳怪气地说这行情摘也不一定是好事，我认为甚为不妥。本喵其实了挺害怕突然公告撤销摘帽申情，已经做好了再打一年持久战的准备，所以我接受除退市以外的一切结果。,0,Heisenberg_ST,5386199194,2026-06-24 12:12:56,11,1,0,16612,0,Android,https://xueqiu.com/5386199194/396490874,2026-07-08 16:18:53
396499084,SZ002816,ST和科,,$*ST和科(SZ002816)$ 等摘帽完来做，不可能给伏地魔抬轿子的，如果直接涨上去就不买。,0,东风火箭弹,1758782423,2026-06-24 13:05:21,1,4,0,17244,0,Android,https://xueqiu.com/1758782423/396499084,2026-07-08 16:18:53
396565878,SZ002816,ST和科,,$*ST和科(SZ002816)$ 阿胜摘了，阿科应该也快了吧，加油，长期持有，慢就是快。,0,超级小雨,2713845433,2026-06-25 01:21:46,0,0,0,13291,0,Android,https://xueqiu.com/2713845433/396565878,2026-07-08 16:18:53
396648094,SZ002816,ST和科,,$*ST和科(SZ002816)$ 外面的科技股都涨疯了，就算你还是ST，你再看看你的同伴，什么东阿尼、宇阿顺、东阿易，他们都是st科技，你也啊，还是光刻机核心中的核心啊，而且你的市值是最低的，严重被低估了，你要是回到正股，你这20多亿市值不升到1000亿都对不起光刻机高科技啊，为啥你就走得这么弱，能不能硬气点？,0,铁打的大A韭菜,9559494861,2026-06-25 04:27:19,4,1,0,19358,0,Android,https://xueqiu.com/9559494861/396648094,2026-07-08 16:18:53
396677406,SZ002816,ST和科,,$*ST和科(SZ002816)$ 烂泥扶不上墙的玩意，吃吧吧都赶不上热乎的。,0,百元和科,4762970448,2026-06-25 06:11:00,13,2,0,15837,0,Android,https://xueqiu.com/4762970448/396677406,2026-07-08 16:18:53
396704758,SZ002816,ST和科,,$*ST和科(SZ002816)$ 到下个月6号以后每天跌10个点，直至退市,0,沉着的赚钱小飞侠,4854621840,2026-06-25 07:24:45,3,0,0,14135,0,iPhone,https://xueqiu.com/4854621840/396704758,2026-07-08 16:18:53
396879934,SZ002816,ST和科,,$*ST和科(SZ002816)$ 新动态,0,干净的赚钱小晨光,9768705102,2026-06-26 02:26:18,0,1,0,13295,0,Android,https://xueqiu.com/9768705102/396879934,2026-07-08 16:18:53
396889142,SZ002816,ST和科,,$*ST和科(SZ002816)$ AI硬件炒完了就轮到他们的卖水人设备供应商了,0,干净的赚钱小晨光,9768705102,2026-06-26 02:42:56,0,1,0,13994,0,Android,https://xueqiu.com/9768705102/396889142,2026-07-08 16:18:53
396935895,SZ002816,ST和科,,$*ST和科(SZ002816)$ 又是典型的M双顶型结构，谁看不迷糊啊，这个位置还是不做操作为好，M顶后续都是暴跌,0,童真的开源荣耀,1375576432,2026-06-26 05:01:56,2,0,0,12606,0,Android,https://xueqiu.com/1375576432/396935895,2026-07-08 16:18:53
396941392,SZ002816,ST和科,,$*ST和科(SZ002816)$ 你觉得它会翻倍，那就拿住，吃到翻倍。你觉得它不行，只想做T赚那几个点，那你就真的只能赚几个点,0,是不万能的喜剧,9134659920,2026-06-26 05:21:56,2,1,0,14372,0,iPhone,https://xueqiu.com/9134659920/396941392,2026-07-08 16:18:53
396954988,SZ002816,ST和科,,$*ST和科(SZ002816)$ 我来预判一下，今天涨停或者下周再涨一下，大脸猫就会发帖说他抄底了，已经获利卖出了,0,墨尔本获总首席BF,3275764348,2026-06-26 06:01:56,14,5,0,21095,0,Android,https://xueqiu.com/3275764348/396954988,2026-07-08 16:18:53
397103617,SZ002816,ST和科,,$*ST和科(SZ002816)$ 昨天逆势涨停是的什么逻辑？,0,小鸡快走,9233450411,2026-06-27 01:35:32,1,1,0,13535,0,iPhone,https://xueqiu.com/9233450411/397103617,2026-07-08 16:18:53
397226461,SZ002816,ST和科,,$*ST和科(SZ002816)$p票基本可以确定摘不了帽了，等着退市吧,0,沉着的赚钱小飞侠,4854621840,2026-06-28 12:33:33,2,0,0,11397,0,iPhone,https://xueqiu.com/4854621840/397226461,2026-07-08 16:18:53
397238944,SZ002816,ST和科,,$*ST和科(SZ002816)$ 一个刷碗的超声又开始乱吹,0,红苹果红红的,6251173988,2026-06-28 14:59:01,0,0,0,12374,0,Android,https://xueqiu.com/6251173988/397238944,2026-07-08 16:18:51
397261576,SZ002816,ST和科,,$*ST和科(SZ002816)$ 唱空的不少啊，是不是特别想买,0,是不万能的喜剧,9134659920,2026-06-29 01:22:52,2,2,0,10873,0,iPhone,https://xueqiu.com/9134659920/397261576,2026-07-08 16:18:51
397276836,SZ002816,ST和科,,$*ST和科(SZ002816)$ 为什么一走这么涨，缺我这三瓜两枣？,0,DGMY,5586155854,2026-06-29 01:52:34,2,4,0,12123,0,iPhone,https://xueqiu.com/5586155854/397276836,2026-07-08 16:18:51
397312767,SZ002816,ST和科,,$*ST和科(SZ002816)$ 终于要绿了，赶紧给我下来,0,童真的开源荣耀,1375576432,2026-06-29 03:03:11,2,0,0,10057,0,Android,https://xueqiu.com/1375576432/397312767,2026-07-08 16:18:51
397341891,SZ002816,ST和科,,$*ST和科(SZ002816)$$*ST中迪(SZ000609)$ 这个月被市场打断腿，万幸的是和科中迪救了我半条命。,0,干净的赚钱小晨光,9768705102,2026-06-29 05:11:18,0,2,0,13020,0,Android,https://xueqiu.com/9768705102/397341891,2026-07-08 16:18:51
397362619,SZ002816,ST和科,,$*ST和科(SZ002816)$ 这家也有玻璃基板清洗设备啊,0,BMYY北冥有鱼,1664523388,2026-06-29 06:24:59,0,3,0,12537,0,Android,https://xueqiu.com/1664523388/397362619,2026-07-08 16:18:51
397432435,SZ002816,ST和科,,$*ST和科(SZ002816)$ 今天又有三家摘帽，你啥时候摘帽？,0,百元和科,4762970448,2026-06-29 12:20:43,5,2,0,12805,1,Android,https://xueqiu.com/4762970448/397432435,2026-07-08 16:18:51
397444252,SZ002816,ST和科,,$*ST和科(SZ002816)$ 提醒一下各位，这票有很大问题，25年的业绩都是刻意造出来的,0,outben,9045690583,2026-06-29 13:36:25,4,0,0,14962,0,雪球,https://xueqiu.com/9045690583/397444252,2026-07-08 16:18:51
397537322,SZ002816,ST和科,,$*ST和科(SZ002816)$ 快到30了，墨迹的公司，墨迹的股价,0,7号幸运,3550960459,2026-06-30 02:51:42,0,0,0,11978,0,Android,https://xueqiu.com/3550960459/397537322,2026-07-08 16:18:51
397568719,SZ002816,ST和科,ST和科：线束冲量、清洗撑面、半导体讲故事——这只&#34;三拼盘&#34;ST的摘帽过山车,先给所有人纠正一个关键踩坑细节：很多散户容易搜错代码！003023是做电热毯的彩虹集团，我们今天深度拆解的标的是ST和科（002816），全称深圳市和科达精密清洗设备，一字之差、完全是两家票，千万别混淆基本面。4月21日，ST和科正式递交摘帽申请，彼时市场情绪一致乐观，凭借精密清洗核心业务、半导体热门概念加持，叠加2025年成功扭亏的业绩，资金普遍认定摘帽是板上钉钉的事，短期炒作行情顺势启动。但行情转瞬生变，6月18日深交所一纸监管函彻底打破预期，公司被查实2025年前三季度财报存在会计差错，Q3净利润直接调减1035万、由盈转亏，同步发布的前期会计差错更正公告，让原本即将落地的摘帽审批，直接停滞进入补充材料阶段。纵观全程，ST和科的走势剧本，远比ST美克、ST信通更加魔幻曲折：2023年首次踩线戴帽、自救摘帽；2025年退市新规落地再度披星戴帽；2025年依靠线束业务暴力冲量，营收暴涨近10倍绝地保壳；如今深陷会计差错、一季报亏损、摘帽停滞的三重困境，妥妥的A股摘帽过山车行情。一、两次戴帽：被新规精准拿捏的踩线专业户和科达1994年成立、2016年登陆深交所，主业聚焦超声波、平板、喷淋、碳氢等精密清洗设备，产品广泛应用于消费电子、汽车、光伏、半导体、航太等优质赛道，起家赛道和行业资质本身并无硬伤。但上市之后公司主业持续萎缩，核心的精密清洗设备营收从2016年4.21亿的巅峰，一路暴跌至2024年仅剩0.21亿。主业持续失血的同时，公司9年间4次筹划重大资产重组，跨界医疗、环保、新能源多个热门赛道，却全部以失败告终。主业崩塌、重组无果，公司彻底沦为退市红线边缘的“反复横跳选手”，两次ST戴帽皆有理有据。2023年4月公司首次被*ST，核心原因是2022年年报扣非净利亏损，扣后营收仅0.98亿，踩破旧规1亿营收红线，触发财务类退市风险警示，当年通过紧急自救成功摘帽。而2025年4月30日的第二次戴帽，则是被A股新退市规则精准点名，2024年公司净利润亏损5278万，扣后营收仅2092万，完美命中新规“利润总额/净利润/扣非净利三者孰低为负+扣后营收低于3亿”的ST条件。简单来说，旧规则营收门槛1亿，新规直接抬升至3亿，大幅收紧上市存续标准，ST和科凭借2000余万的超低营收，成为新规落地后首批被精准制约的小票典型。二、2025保壳奇迹：流水暴涨987%，业绩水分藏不住2025年是ST和科的保壳关键年，也是市场眼中的“绝地求生之年”，全年营收2.67亿，同比暴增987%，归母净利润1770万成功扭亏，扣非净利909万，审计机构出具标准无保留意见，从硬性指标来看，所有保壳条件全部达标：净利成功转正、扣后营收2.55亿远超红线、净资产2.42亿为正、经营现金流2136万正向，看似完美通关。但拆解四大业务板块就能发现，公司业绩虚实割裂极其明显，冲量保壳、真实造血、概念讲故事的属性一目了然。其中线束产品营收1.28亿，占比47.98%，近乎撑起半壁营收，但毛利率仅3.47%，是公司保壳的头号功臣，却毫无盈利能力，2023年公司新设子公司切入新能源线束领域，2025年该业务收入同比激增126倍，全部来自阜阳国资系代工订单，本质是流血冲量、只赚流水不赚利润，完全为拉高营收、满足保壳指标而生，不具备长期持续性。精密清洗设备营收9877万，占比36.99%，毛利率高达49.97%，是公司唯一的真现金牛，依靠海外高毛利订单撑起近5000万毛利润，也是公司最核心、最干净的造血资产，唯一短板是业务体量不足亿级，无法撑起当前市值。半导体设备营收2317万，占比仅8.68%，虽同比暴涨410倍，但绝对体量微乎其微，公司对外宣称手握光刻、涂胶显影、晶圆清洗三大核心技术，绑定半导体国产替代风口，但落地业绩寥寥无几，故事属性远大于业绩实质。剩余水处理、储能等其他业务营收1696万，占比6.35%，尚处于起步阶段，对公司业绩基本无贡献。三、连环爆雷：会计差错+一季报亏损，摘帽彻底卡壳原本递交摘帽申请后，市场普遍预期估值修复行情开启，但三连利空连环落地，直接终结行情、卡死摘帽节奏。核心爆点首先是财报造假争议与监管问责，5月30日公司发布前期会计差错更正公告，披露2025年前三季度海外清洗设备销售，存在收入确认依据不充分的问题，此前仅凭借交付、直接客户验收单确认收入，未核实终端客户安装验收结果，核算规则不合规。公司后续调整收入确认时点，将部分Q1、Q3收入延后至后续季度确认，直接导致2025年Q3营收调减2395.53万，占调整前营收的14.25%，Q3归母净利润调减1035.67万，单季度由盈转亏，深交所随即下发监管函，认定公司违反信息披露与财务核算相关规定，公司财报可信度遭遇市场与监管双重质疑。紧随其后的是2026年Q1业绩再度爆雷，数据显示公司一季度营收4778万，同比增长41.38%，线束代工冲量的动作仍在持续，但归母净利润亏损411万，再度陷入亏损泥潭。亏损核心原因十分明确：低毛利线束业务占比持续提升，大幅拉低公司综合毛利率，同时研发费用、财务费用、信用减值损失同比增加，直接吞噬企业利润，彻底暴露公司盈利稳定性极差、持续经营能力存疑的核心问题。多重利空叠加下，公司摘帽进度彻底停滞，根据上市规则，补充材料期间不计入深交所15个交易日的审核期限，公司5月底就进入材料补充阶段，直至6月下旬仍无任何进展。目前摘帽审核卡在两大核心疑点：一是监管质疑3.47%毛利率的线束冲量业务不具备持续性，同时半导体设备收入确认标准存疑，存在业绩调节嫌疑；二是2026年一季度再度亏损，让市场和监管最看重的“经营状况持续改善”摘帽核心逻辑彻底模糊，审核难度大幅增加。四、股东底牌：国资站台、机构缺席，纯散户博弈小票2024年10月是公司股权结构的关键转折点，阜阳颍泉区国资委旗下平台安徽赋颍智科，通过承债式方式入主ST和科，目前持股16%，公司实控人正式变更为地方国资，原创始团队全面退出经营前台，为市场留下了“国资赋能、资产注入”的炒作预期。但穿透股东结构来看，这只票的博弈属性极其纯粹，暗藏不少隐患：二股东为外籍自然人，持股5.03%，无任何产业协同能力；前十大股东剩余席位均为个人散户，公募、私募、产业资本全程缺席，无任何专业机构持仓背书；公司股东户数长期稳定在6500户左右，筹码高度分散，完全由散户和游资主导行情。这也意味着，ST和科的股价定价，从来不是依靠2.67亿营收的真实基本面，而是完全透支两大预期：一是摘帽审核能否顺利落地，解除ST估值压制；二是阜阳国资入主一年半后，是否会落地资产注入、产业并购等利好。但截至目前，国资始终无实质动作，董秘常态化回复“若有并购重组事项将及时披露”，所有利好均停留在市场预期层面。五、老韭菜真心话：三大炒作陷阱，千万别盲目博弈不同于ST美克的消费赛道崩塌、ST信通的大股东掏空问题，ST和科走的是A股最经典的续命剧本：主业持续萎缩、多次跨界失败、国资兜底接盘、低端代工冲量保壳、贴热门概念炒作，全程靠预期支撑估值，暗藏多重炒作陷阱。首先，987%的超高营收增速完全不能当真，近半营收来自3.47%超低毛利的线束代工业务，看似营收翻倍暴涨，实则仅赚流水不赚利润，全年扣非净利不足千万，盈利质量极差，纯粹是保壳专项操作，不具备成长性。其次，半导体概念需要大幅打折看待，虽然赛道贴合国产替代热点、同比增速亮眼，但两千余万的营收体量，无法支撑设备厂商的高估值，故事远大于实质，无大额实锤订单落地前，所有概念炒作都是空中楼阁。再者，摘帽不确定性已拉满，监管函、会计差错、一季报亏损三重负面叠加，审核主动权完全在交易所手中，乐观情况三季度获批，中性情况拖延至年底甚至明年，悲观情况若核查发现财务违规问题，摘帽申请或将直接被拒，股价承压风险极大。最后，国资资产注入预期切勿重仓博弈，阜阳国资入主成本不低，理论上存在扶持意愿，但一年半无任何实质动作，预期炒作随时落空，不能将潜在利好当作确定性行情。截至6月22日收盘，公司市值27.04亿，PB高达10.76倍，当前股价已经提前透支摘帽+半导体+国资注入三重利好，估值处于高位。补充材料窗口期，任何风吹草动都会放大股价波动，6月22日单日大跌4.99%已是明确预警，稳健交易思路务必等待摘帽批文、资产注入公告实锤后再参与，现阶段盲目抄底性价比极低、风险极高。风险提示：*ST和科因2024年度财务指标触及退市风险警示，2025年虽扭亏并提交摘帽申请，但6月18日收深交所监管函、披露前期会计差错更正，2026Q1归母净利重回亏损，摘帽审核处于补充材料阶段且结果存在重大不确定性。本文基于公开信息整理，不构成任何投资建议。数据来源：公司年报/一季报、深交所监管函、前期会计差错更正公告、东方财富、牛哥杂记、研究小院，截至2026年6月29日。,0,活在美食之中,6976771612,2026-06-30 04:55:56,6,1,0,20403,2,Android,https://xueqiu.com/6976771612/397568719,2026-07-08 16:18:51
397601970,SZ002816,ST和科,,$*ST和科(SZ002816)$ 当初dei我那莽夫出来说说，这不是30元吗？（他说的一年内绝对看不到30）,0,7号幸运,3550960459,2026-06-30 06:47:17,0,6,0,13816,0,Android,https://xueqiu.com/3550960459/397601970,2026-07-08 16:18:51
397628843,SZ002816,ST和科,,$*ST和科(SZ002816)$ 涨停突破新高，黑暗里的一束光。本月涨幅21%，但本年度涨幅依然远远落后于半导体板块，依然大有可为。//@聚焦质变: 最低市值半导体设备$*ST和科(SZ002816)$ 今天比较给力，回了一大口血，本月还有2个交易日，本月回本的唯一希望是$ST瀚川(SH688022)$ 20cm，还有机会么？,0,聚焦质变,8491286481,2026-06-30 08:26:13,0,2,0,15121,0,Android,https://xueqiu.com/8491286481/397628843,2026-07-08 16:18:51
397644022,SZ002816,ST和科,,*ST和科：股票交易异常波动公告 网页链接,0,*ST和科(SZ002816),0,2026-06-30 09:36:10,0,4,0,16237,0,公告,https://xueqiu.com/S/SZ002816/397644022,2026-07-08 16:18:51
397646062,SZ002816,ST和科,,$*ST和科(SZ002816)$ 我准备回来了兄弟们！,0,悟道并稳定盈利,1438042997,2026-06-30 09:47:28,1,2,0,15438,0,Android,https://xueqiu.com/1438042997/397646062,2026-07-08 16:18:51
397684490,SZ002816,ST和科,,$*ST和科(SZ002816)$ 金科，宝实，摘了。明天咱也摘，行吗？,0,陆牙的牙,1902673593,2026-06-30 13:19:58,4,1,0,18280,0,Android,https://xueqiu.com/1902673593/397684490,2026-07-08 16:18:51
397744690,SZ002816,ST和科,,$*ST和科(SZ002816)$ 股价走在消息前，猜来猜去的没意思。,0,干净的赚钱小晨光,9768705102,2026-07-01 01:24:49,1,3,0,17430,0,Android,https://xueqiu.com/9768705102/397744690,2026-07-08 16:18:51
397863231,SZ002816,ST和科,,$*ST和科(SZ002816)$6月18日收到深交所下发的监管函，按照交易所有关规定，上市公司需要在十个交易日之内向监管端递交内部书面整改答复。但监管函和常规年报问询函规则存在明显区别：问询函必须对外单独披露回复公告，而监管函并不强制单独公示整改内容。即便没有单独出炉监管函回复公告，也并不代表逾期未完成整改。公司能够将整套整改方案、差错整改说明并入此前递交的摘帽补充材料中一并提交审核。现阶段交易所审核员必须完整收下本次监管函对应的全套内控整改资料，才会正式开启15个工作日的摘帽法定审核计时。所以就算今晚没有单独的监管函回复公告落地，也基本可以确定公司将整改内容整合进摘帽申报材料同步上交，无需因此过度恐慌。,0,干净的赚钱小晨光,9768705102,2026-07-01 07:33:00,10,3,0,20541,0,Android,https://xueqiu.com/9768705102/397863231,2026-07-08 16:18:51
397878206,SZ002816,ST和科,,回复@长期主义实验: 按照和科监管函类型预判回复用时3到5天，如果今晚没回复监管函公告，就是1号到4号摘帽。如果回复了就得等7到10个工作日左右，得拖到15号之后。//@长期主义实验:回复@干净的赚钱小晨光:如果早就合并提交了，那预计什么时候摘帽？这种监管函的回复应该可以不发公告吧,0,干净的赚钱小晨光,9768705102,2026-07-01 08:45:31,6,2,0,17780,0,Android,https://xueqiu.com/9768705102/397878206,2026-07-08 16:18:51
397985913,SZ002816,ST和科,,$*ST和科(SZ002816)$ 挂机2天验证一下思路。,0,干净的赚钱小晨光,9768705102,2026-07-02 01:38:31,8,2,0,16960,0,Android,https://xueqiu.com/9768705102/397985913,2026-07-08 16:18:51
398097658,SZ002816,ST和科,,$*ST和科(SZ002816)$ 从之前的监管函到现在过去了十几天了，客观来讲还是有不稳定因素的，如果认定之前的业绩更正，那上周末就该出公告了，迟迟不出，估计有新的的问题需要去提交。小问题倒是无所谓 就怕对四季度的业绩更正有质疑 从而影响到年报。,0,壮噶木,1683638386,2026-07-02 07:28:42,9,1,0,17838,0,iPhone,https://xueqiu.com/1683638386/398097658,2026-07-08 16:18:51
398243133,SZ002816,ST和科,,$*ST和科(SZ002816)$ 新动态,0,干净的赚钱小晨光,9768705102,2026-07-03 02:07:48,6,6,0,14876,3,Android,https://xueqiu.com/9768705102/398243133,2026-07-08 16:18:48
398338301,SZ002816,ST和科,,$*ST和科(SZ002816)$ 这个周末是摘帽的最后机会，还有点尾盘留着。希望周一不要向下10厘米,0,沉着的赚钱小飞侠,4854621840,2026-07-03 07:43:28,3,0,0,11046,0,iPhone,https://xueqiu.com/4854621840/398338301,2026-07-08 16:18:48
398354100,SZ002816,ST和科,,$*ST和科(SZ002816)$ 好久没人唱空了，好无聊,0,是不万能的喜剧,9134659920,2026-07-03 09:07:37,9,1,0,12838,0,iPhone,https://xueqiu.com/9134659920/398354100,2026-07-08 16:18:48
398533460,SZ002816,ST和科,,$*ST和科(SZ002816)$ 按荣控的时间推，梦里猜一个和科周一晚发摘帽公告？,0,明快的理财小自信,8042036488,2026-07-05 15:31:26,0,1,0,9133,0,iPhone,https://xueqiu.com/8042036488/398533460,2026-07-08 16:18:48
398560669,SZ002816,ST和科,,$*ST和科(SZ002816)$ 挂个-10%买，看看有没有机会做T,0,明敏的股价小萤火虫,7300420046,2026-07-06 01:47:15,21,0,0,8252,0,Android,https://xueqiu.com/7300420046/398560669,2026-07-08 16:18:48
398594661,SZ002816,ST和科,,$*ST和科(SZ002816)$ 全市场市值最小的正宗半导体设备股，光刻机概念股，预计本周即将摘帽！,0,NK青苹果,3828028481,2026-07-06 03:10:41,3,14,0,19863,0,Android,https://xueqiu.com/3828028481/398594661,2026-07-08 16:18:48
398608743,SZ002816,ST和科,大A唯二光刻机整机制造商基本面资讯,$*ST和科(SZ002816)$ $光刻机(BK0878)$ $半导体(BK0021)$本文相关：*ST和科(SZ002816)，半导体(BK0021)，光刻机(BK0878)。细心的朋友会发现，我们从 22.5 块开始偷偷 “看多” 一只全市场机构资金到目前仍然浑然不觉的大 A 唯二光刻机整机制造商和科达 (ST和科)。是的！你没听错，就是仅有的两个，另一个是芯基微装。注意，我们说的是光刻机整机制造哈！不是光刻机零部件，卖零部件的大a自然有一些。看下面 DeepSeek 的总结，我们自己做了网上的搜寻，DS 的回答确实是正确的。本来我们是不想对这支股票过多评论的，毕竟我们知道有些群体的大资金还在进货（包括我们自己也还可能进货，毕竟这是中长线超大上涨波段的很初期），时不时还在洗盘。这个情况就和 2019 年上半我们 10 块钱以下买入联创光电的时候类似。但是最近某些量化的恶意洗盘行为实在有点令人看不下去了。包括今天主板 ST 股票第 1 次放开涨跌幅限制到 10%，周五和今天一堆乱七八糟还在亏得一塌糊涂并且业务和产品没有科技含量的 ST 股票都被爆炒连板，而真正最高价值的和科达反而被操控打压早上还大跌。俗话说 ，人在做天在看， A股的这些无良操控资金啊！有些事情啊差不多得了，不要做的太离谱。为了维持最基本的市场公平正义避免一些本来坚定持有的股民又割肉割在地板上，倒在黎明前。我们还是决定把一些研究挖掘的信息分享出来。至于买不买这是大家自己个人的决定，短期股票是不是立刻涨也未可知，但这个不在我们对这种中长线超级价值加成长投资股信息分享的考虑范围之内。而且我们刻意选在股票下跌的一天发布文章，免得有些人又说我们股票大涨之后才出来吹。首先，提醒一下和科达相关的重点科技板块业务。看下面几个同花顺截图。（注：所谓的融远半导体就是现在的和科达半导体，一年多前已经更名了，是上市和柯达公司的全资子公司）再来看和科达最近三个月一大堆的光刻机、其他半导体设备、储能设备的招聘信息汇总（这些主要是前程无忧上面的信息也是最全面的，但和科达还有在boss直聘、猎聘、和职友集上面发布招聘信息，招人真的招的很急）。主要的评价我们都写在照片里面了，一清二楚自己看。再看和科达星期五刚刚得到的两个光刻机专利信息。所以呢？人家的一堆研发人员干的是真实事有真成果，可不是装门面的。最后说一点，和所有中长线超级价值+成长小微盘股一样，我们团队自然是不会只停留在公开信息层面，是有现场调研过的，但这部分的照片我们暂时不打算公开。其实也不重要，光是上面说的一系列公司官网、股票信息平台、招聘网站、和工商局的信息都已经完全足够下这个公司合理应该是在100块市值以上的结论了（不要怀疑，那100块取的是比较保守的数值。真正合理的中值我们还不敢说，自己去看最近两年被爆炒了无数大中小半导体股票是什么市值就知道了）。我们的现场调研很大一部分只是为了要更加坚定我们对上述公开信息的信心，如此而已。总结一句话，和科达的光刻机和半导体机器、储能机柜研发生产和前端安装业务只能说：火热到滚烫。当然他们家目前主要的线束业务卖给一大堆新能源车和机器人制造商的也是订单接不完，但这部分的利润暂时来说是没办法和半导体机器和储能机柜比，算是公司之前的基石业务吧！就和联创光电当年高温超导和激光业务开始接订单的时候做为基础支撑的电子元器件业务与类似。只想玩短线的朋友最好不要参与，因为和大a过去两年一堆。暴涨几倍的科技股票一样，过程中主力肯定会时不时剧烈洗盘，就和最近几天还有今天早上一样。随便往下，快速一砸，你就会吓得割肉，然后后面拉起来你要去追短线高点，再过几天又来一扎你又被吓了短线低点割肉。如此循环反复被打脸赔钱。,0,伯克希尔资本,9912111905,2026-07-06 04:04:45,2,13,0,13865,4,雪球,https://xueqiu.com/9912111905/398608743,2026-07-08 16:18:48
398653288,SZ002816,ST和科,,$*ST和科(SZ002816)$ 大门破烂标准的妖股大门，里面停的车比较差，看来员工经济水平不咋滴。时间不够等不到员工下班，一会去看看半导体公司。,0,干净的赚钱小晨光,9768705102,2026-07-06 07:35:41,5,3,0,8251,0,Android,https://xueqiu.com/9768705102/398653288,2026-07-08 16:18:48
398683055,SZ002816,ST和科,,$*ST和科(SZ002816)$和员工聊了一会，给我科普了一下和科达光刻机的生态位属于前道工艺90-130纳米芯片赛道，和目前大火的存储赛道无关。TI991U新款光刻机也是属于这个范畴，唯一的想象力就是资本运作。,0,干净的赚钱小晨光,9768705102,2026-07-06 10:36:05,23,5,0,9964,1,Android,https://xueqiu.com/9768705102/398683055,2026-07-08 16:18:48
398709875,SZ002816,ST和科,,$*ST和科(SZ002816)$6.18出监管函，监管函必须在10个交易日内回复，涉及海外订单确认需要会计所出外勤，所以回复用时一般为7-10天按照6.29回复算，回复监管函当天开始计时最多15个工作日批复，无新质疑一般7-10批复，13号晚不出公告就是有新质疑。有没有大哥来补充的？,0,干净的赚钱小晨光,9768705102,2026-07-06 14:08:18,2,1,0,9010,0,Android,https://xueqiu.com/9768705102/398709875,2026-07-08 16:18:48
398767894,SZ002816,ST和科,,$*ST和科(SZ002816)$ 5改10把资金短视暴露无疑，主板半导体设备最小市值也要95亿，27亿的和科有什么好担心的呢,0,ST深度求索,7213079015,2026-07-07 02:18:38,7,2,0,10001,0,雪球,https://xueqiu.com/7213079015/398767894,2026-07-08 16:18:48
398771009,SZ002816,ST和科,,$*ST和科(SZ002816)$ 这股就是做波段的，很多人还在那里幻想摘帽四五十亿市值呢，笑死。我前两天就说31.3就是今年的最高点。,0,明敏的股价小萤火虫,7300420046,2026-07-07 02:26:26,2,0,0,6709,0,Android,https://xueqiu.com/7300420046/398771009,2026-07-08 16:18:48
398776004,SZ002816,ST和科,,$*ST和科(SZ002816)$ 这股每次拉升前都会把获利盘洗到20%以下，然后开启下一波拉升，现在还有54%的获利盘，再洗一周吧。获利盘还是太多了,0,明敏的股价小萤火虫,7300420046,2026-07-07 02:38:57,3,0,0,6394,0,Android,https://xueqiu.com/7300420046/398776004,2026-07-08 16:18:48
398818368,SZ002816,ST和科,,$*ST和科(SZ002816)$ 和科作为板块里为数不多的待摘帽股，正宗半导体，辨识度还是足够的,0,是不万能的喜剧,9134659920,2026-07-07 05:38:12,0,1,0,6378,0,iPhone,https://xueqiu.com/9134659920/398818368,2026-07-08 16:18:48
398825270,SZ002816,ST和科,,$*ST和科(SZ002816)$ 不要再相信那些所谓的大V了，这票没有未来的。逢高减仓……,0,沉着的赚钱小飞侠,4854621840,2026-07-07 06:02:28,9,0,0,5538,0,iPhone,https://xueqiu.com/4854621840/398825270,2026-07-08 16:18:48
398863496,SZ002816,ST和科,,$*ST和科(SZ002816)$ 半导体设备板块，大涨特涨后，主板最小市值的也有90多亿！！,0,NK青苹果,3828028481,2026-07-07 08:44:36,11,12,0,15485,1,Android,https://xueqiu.com/3828028481/398863496,2026-07-08 16:18:48
398906784,SZ002816,ST和科,,$*ST和科(SZ002816)$光刻胶概念的百合花今天大涨5倍，底部上来10倍，今天又逆势涨停！光刻胶颜料销售占比仅0.084%，和科的光刻机营收占比接近10个点，所以和科不是概念，是实打实的光刻机概念！st板块的高科技,0,股道人,6487318401,2026-07-07 13:43:27,3,6,0,6093,1,Android,https://xueqiu.com/6487318401/398906784,2026-07-08 16:18:48
398967776,SZ002816,ST和科,,$*ST和科(SZ002816)$ 今天说不定还是-5%收盘,0,明敏的股价小萤火虫,7300420046,2026-07-08 01:56:02,16,0,0,2762,0,Android,https://xueqiu.com/7300420046/398967776,2026-07-08 16:18:48
399046444,SZ002816,ST和科,,多重热门概念加持，摘帽预期明确，*ST和科（002816）当下市场热点快速轮动，半导体设备、机器人线束、储能高压快充等题材反复活跃，不少热门题材个股经过一轮上涨后估值偏高，回调风险加大。反观困境反转赛道的*ST和科，叠加多重热门赛道概念，基本面成功扭亏，摘帽预期明确，股价目前处于相对低位，性价比优势明显，适合分批逢低布局买入。先梳理个股核心题材概念。第一，半导体芯片+先进封装概念。公司子公司和科达半导体，主营晶圆清洗设备、匀胶显影设备，产品应用于芯片先进封装环节，属于半导体国产替代关键设备赛道。近期AI算力芯片、先进封装题材持续发酵，国内晶圆清洗设备国产替代空间巨大，下游晶圆厂扩产持续释放设备订单，行业景气度稳步上行，题材风口加持明显。第二，机器人+高压快充储能概念。公司线束业务是当前业绩主要增长点，产品包含工业机器人线束、新能源汽车高低压线束、储能线束、光伏线束，直接对接机器人、储能、快充赛道。机器人产业升级带动精密线束需求爆发，储能行业装机量逐年攀升，两大热门赛道为公司带来稳定订单增量，线束业务营收占比接近五成，已经成为业绩核心支柱。第三，国企改革+摘帽反转概念。颍泉国资入主后，深度参与企业经营管理，优化内部架构，拓宽上下游客户资源，债务压力逐步化解，经营稳定性大幅提升。2025年公司营收实现爆发式增长，全年净利润、扣非净利润全部转正，各项财务指标均达到摘帽标准，后续一旦摘帽落地，风险警示标识摘除，流动性显著改善，估值修复空间较大，也是资金主要博弈逻辑。从基本面来看，近几年公司由传统清洗设备业务，逐步转型半导体设备与精密线束两大高端制造赛道，业务结构彻底升级，摆脱以往单一业务模式，抗风险能力大幅增强。随着下游半导体、储能、机器人行业需求回暖，订单持续放量，业绩有望保持稳步上行。盘面走势上，近期股价震荡横盘，筹码充分交换，前期抛压逐步消化，底部资金持续温和吸筹。短期经过震荡整理之后，向上催化因素较多，摘帽消息、题材轮动、业绩改善都有望带动股价上行。,0,骑大G买小a,3705170177,2026-07-08 06:36:02,0,5,0,2465,1,Android,https://xueqiu.com/3705170177/399046444,2026-07-08 16:18:48
399119736,SZ002816,ST和科,,$*ST和科(SZ002816)$ $摘帽(BK0572)$ $兴业股份(SH603928)$半导体光刻机用的酚醛树脂目前还在试验阶段的兴业股份，最近赶上半导体热度，直接翻倍，市值56亿，光刻机概念的和科摘帽会市值多少？我们交给主板吧！,0,股道人,6487318401,2026-07-08 13:26:52,0,3,0,1810,3,Android,https://xueqiu.com/6487318401/399119736,2026-07-08 16:18:48
