post_id,symbol,stock_name,title,text,truncated,author,user_id,created_at,reply_count,like_count,retweet_count,view_count,fav_count,source,url,crawl_time
263724654,SZ300301,ST长方,,"$*ST长方(SZ300301)$ 周红英这个土豪是谁，敢于拿出四千多万买长方？ 金融界10月9日消息，*ST长方公告，公司控股股东祥平科技持有的公司78,478,085股股份已被司法拍卖。其中，王刚以最高应价竞得祥平科技持有的26,159,361股长方集团股票，共青城长方投资合伙企业（有限合伙）以最高应价竞得祥平科技持有的26,159,362股长方集团股票，周红英以最高应价竞得祥平科技持有的26,159,362股长方集团股票。本次司法拍卖标的物为公司控股股东祥平科技持有的公司股份，占其所持公司股份比例100%，占公司总股本比例9.93%，若本次拍卖过户完成后，祥平科技不再是公司控股股东，公司实际控制权将可能发生变更。本次拍卖结果尚存在一定的不确定性，公司将持续关注该事项的后续进展情况并及时履行信息披露义务。本文源自：金融界AI电报",0,tomdc,9654804196,2023-10-19 02:46:48,0,0,0,45982,0,雪球,https://xueqiu.com/9654804196/263724654,2026-07-08 16:18:40
263729183,SZ300301,ST长方,,$*ST长方(SZ300301)$ 套了不少吧,0,三哥得财,6312684185,2023-10-19 03:05:58,1,0,0,42057,0,Android,https://xueqiu.com/6312684185/263729183,2026-07-08 16:18:40
263868903,SZ300301,ST长方,,$*ST美尚(SZ300495)$ $*ST长方(SZ300301)$ $ST天龙(SZ300029)$ 再来重温一下300主升浪，300主升浪从来不可能只有一根20cm就走完了，上次300集体冲了一下，很多人就说300行情结束了，实属没有好好研究300，建议加强学习！,0,路由白雲尽,3702663859,2023-10-20 02:07:56,6,7,0,55000,1,iPhone,https://xueqiu.com/3702663859/263868903,2026-07-08 16:18:40
264260416,SZ300301,ST长方,,$*ST长方(SZ300301)$ 今天拍卖，暂时没有人报名,0,tomdc,9654804196,2023-10-24 02:56:45,0,0,0,35221,0,iPhone,https://xueqiu.com/9654804196/264260416,2026-07-08 16:18:40
264406965,SZ300301,ST长方,,$*ST长方(SZ300301)$ 拍卖没人报名，流拍了，短期没戏,0,骑在牛背山爽歪歪,8999045440,2023-10-25 02:42:43,0,3,0,46456,0,Android,https://xueqiu.com/8999045440/264406965,2026-07-08 16:18:40
264484855,SZ300301,ST长方,,*ST长方：关于公司股票交易被实施其他风险警示相关事项的进展公告 网页链接,0,ST长方(SZ300301),0,2023-10-25 11:20:49,0,0,0,6592,0,公告,https://xueqiu.com/S/SZ300301/264484855,2026-07-08 16:18:40
264484862,SZ300301,ST长方,,*ST长方：第四届监事会第二十五次会议决议公告 网页链接,0,ST长方(SZ300301),0,2023-10-25 11:20:50,0,0,0,7666,0,公告,https://xueqiu.com/S/SZ300301/264484862,2026-07-08 16:18:40
264484865,SZ300301,ST长方,,*ST长方：第四届董事会第三十八次会议决议公告 网页链接,0,ST长方(SZ300301),0,2023-10-25 11:20:51,0,0,0,7836,0,公告,https://xueqiu.com/S/SZ300301/264484865,2026-07-08 16:18:40
264484867,SZ300301,ST长方,,*ST长方：关于2023年第三季度报告披露提示性公告 网页链接,0,ST长方(SZ300301),0,2023-10-25 11:20:51,0,0,0,7784,0,公告,https://xueqiu.com/S/SZ300301/264484867,2026-07-08 16:18:40
264484868,SZ300301,ST长方,,*ST长方：2023年三季度报告 网页链接,0,ST长方(SZ300301),0,2023-10-25 11:20:51,0,1,0,8270,0,公告,https://xueqiu.com/S/SZ300301/264484868,2026-07-08 16:18:40
264486420,SZ300301,ST长方,财报速递：*ST长方2023年前三季度净亏损8122.05万元，近五年总体财务状况低于行业平均水平,10月26日，A股上市公司*ST长方（300301）发布2023年前三季度业绩报告。其中，净亏损8122.05万元，亏损同比缩小24.78%。 根据同花顺财务诊断大模型对其本期及过去5年财务数据1200余项财务指标的综合运算及跟踪分析，*ST长方近五年总体财务状况低于行业平均水平。具体而言，现金流、盈利能力、偿债能力、成长能力很弱，资产质量较弱，营运能力良好。 净亏损8122.05万元，亏损同比缩小24.78% 从营收和利润方面看，公司本年度实现营业收入4.51亿元，同比下降23.89%，净亏损8122.05万元，亏损同比减少24.78%，基本每股收益为-0.10元。 从资产方面看，公司报告期内，期末资产总计为8.55亿元，应收账款为1.44亿元；现金流量方面，经营活动产生的现金流量净额为-2605.71万元，销售商品、提供劳务收到的现金为4.32亿元。 财务状况欠佳，存在7项财务风险 根据*ST长方公布的相关财务信息显示，公司存在7个财务风险，具体如下： 指标类型评述收益率净资产收益率平均为-47.49%，公司赚钱能力较差。盈利营业利润率平均为-21.08%，公司盈利能力很弱。营收营收同比增长率平均为-17.34%，公司成长性很低。成长营业利润同比增长率平均为-432.90%，公司成长性较差。偿债流动比率为0.41，短期偿债能力很弱。收益净利润现金含量平均为-84.69%，公司现金流较差。收现主营业务收现比率平均为87.48%，公司现金流很弱。 综合来看，*ST长方总体财务状况低于行业平均水平，当前总评分为1.22分，在所属的光学光电子行业的106家公司中排名靠后。具体而言，现金流、盈利能力、偿债能力、成长能力很弱，资产质量较弱，营运能力良好。 各项指标评分如下： 指标类型上期评分本期评分排名评价营运能力1.773.3037良好资产质量1.951.9865不佳现金流0.140.8589很弱盈利能力0.320.5296很低偿债能力0.680.4298很低成长能力0.140.3899很弱总分0.751.2296低于行业平均水平 关于同花顺财务诊断大模型 同花顺（300033）财务诊断大模型根据公司最新及往期财务数据和行业状况，计算出公司的财务评分、亮点和风险，反映公司已披露的财务状况，但不是对未来财务状况的预测。财务评分区间为0~5分，分数越高说明财务状况越好、对中长期的投资价值越大。财务亮点与风险评述中涉及“平均”关键词的取指标5年平均值，没有“平均”关键词的取最新报告期数据。上述所有信息均基于人工智能算法，仅供参考，不代表同花顺财经观点，投资者据此操作，风险自担。 了解更多该公司的股票诊断信息>>>,0,ST长方(SZ300301),0,2023-10-25 11:31:38,0,0,0,31387,0,新闻,https://xueqiu.com/S/SZ300301/264486420,2026-07-08 16:18:40
264560893,SZ300301,ST长方,,$*ST长方(SZ300301)$ 1.73买入最后一笔，马上买满了，不让买了,0,tomdc,9654804196,2023-10-26 02:56:22,1,1,0,48641,0,雪球,https://xueqiu.com/9654804196/264560893,2026-07-08 16:18:40
264562371,SZ300301,ST长方,,"$*ST长方(SZ300301)$ 多个议案遭董事或独董反对，*ST长方高层分歧再现原创读创财经 2022/06/27 14:5127日午间，深圳本地上市公司*ST长方（300301）发布第四届董事会第二十三次会议、第四届董事会第二十四次会议决议决议公告。两份决议公告显示，公司董事会审议并通过《关于聘任总经理的议案》《关于聘任财务负责人的议案》《关于免除控股子公司执行董事、监事暨委派新的执行董事、监事的议案》等。值得注意的是，上述议案都有公司董事或独董投出反对票。▍公司一董事、一独董对聘任总经理议案投反对票公告显示，6月25日，*ST长方第四届董事会第二十三次会议以现场和通讯相结合的方式召开，会议审议并通过《关于聘任总经理的议案》，董事会同意聘任吴涛祥为公司总经理，任期自本次董事会审议通过之日起至公司第四届董事会届满之日止。根据公告，公司一董事、一独董对上述议案投了反对票。根据公告，董事梁涤成对《关于聘任总经理的议案》投反对票，反对理由：总经理候选人有多项不良征信记录，履职经历也有多项不良记录，担任破产企业董事，且因对破产企业债务承担责任，股权被冻结，且简历上隐瞒在关联公司任职且与其他董监高的关联关系，不具备公司总经理任职资格，且不具有独立性，违反法律、法规和公司规章制度等以及流程违规，本议案违规、涉嫌违法。根据公告，独立董事王寿群对《关于聘任总经理的议案》投反对票，反对理由：候选人吴涛祥的任职经历存在多次不良信用记录，其在光电行业中仅有担任四川柏狮光电技术有限公司董事的任职经历，而该公司已在破产清算中。目前正处于长方的关键期，对总经理的任职要求应更加审慎和严格，鉴于现有材料未能体现吴涛祥的任职能力和综合素质，本人对吴涛祥的行业洞察力、管理能力和组织协调能力与总经理的岗位需求存疑。根据公告，就上述二人就聘任总经理议案投反对票，*ST长方说明如下：1、吴涛祥在四川柏狮光电技术有限公司（以下简称“柏狮光电”）的董事任期已于2014年届满，同年柏狮光电停止经营，未办理董事工商变更登记手续，因此公开信息上仍显示吴涛祥担任柏狮董事。2021年6月3日，四川省遂宁市中级人民法院作出裁定，宣告柏狮光电破产。2022年5月30日，四川省遂宁市中级人民法院作出《（2021）川09破1号认可破产财产分配方案-民事裁定书》，认可《破产财产分配方案》，管理人将按分配方案执行财产分配，不涉及吴涛祥个人责任。柏狮光电将于清算后注销。结合上述法院作出的破产裁定、认可破产财产分配方案裁定及吴涛祥说明，吴涛祥对柏狮光电的破产不负个人责任，不属于《公司法》规定的“担任破产清算的公司、企业的董事或者厂长、经理，对该公司、企业的破产负有个人责任的，自该公司、企业破产清算完结之日起未逾三年”的情形。2、经核查，吴涛祥存在作为被告且败诉的诉讼案件，案号为（2017）川0903民初2177号，原告柏狮光电，案由为民间借贷纠纷，判决结果为于2018年3月31前偿还完毕原告355,000元。根据四川省遂宁市中级人民法院作出的《（2021）川09破1号认可破产财产分配方案-民事裁定书》，柏狮光电可供分配的破产财产未包含上述债权，结合吴涛祥确认其已清偿的说明，故吴涛祥已清偿完毕上述败诉案件债权。3、经核查，吴涛祥存在一起作为被执行人的执行案件，由于该执行案件，吴涛祥已被限制高消费，执行案号为（2021）川0903执2519号，执行标的12,407,589元。根据吴涛祥说明并经核查，该起执行案见系遂宁市丰发现代农业融资担保有限公司（以下简称“丰发担保”）基于（2020）川0903民再3号《民事判决书》（系根据(2017）川0903民初2418号案件的再审）申请的执行案件，根据2022年6月7日丰发担保出具的《关于误将吴涛祥先生申请实施“限高失信”名单的说明》，吴涛祥在该案件中仅以其所持股权承担责任，丰发担保收到吴涛祥更正要求后，已安排工作人员与法院执行法官确认，并已提交更正申请，法院已将吴涛祥从“限高失信”名单中移除。根据该执行案件所依据的(2020）川0903民再3号《民事判决书》，柏狮光电应向丰发担保偿还借款本息，吴涛祥本人仅以其持有的柏狮光电股份承担担保责任，并不承担连带清偿责任，因此吴涛祥被列为被执行人系因丰发担保错误操作所致，截至本公告披露日，法院已将吴涛祥从“限高失信”名单中移除。4、吴涛祥任职的其他部分企业被列入经营异常名录，不影响其任职上市公司总经理的任职资格。5、吴涛祥任执行事务合伙人的共青城星辰同力投资合伙企业（有限合伙）（以下简称“星辰同力”）不属于公司控股股东、实际控制人单位，星辰同力不属于南昌光谷集团有限公司关联公司，公司董事刘志刚未持有星辰同力股份；公司董事会秘书江玮已于2018年辞去深圳宣泽生物医药有限公司的董事，因该公司停止经营，未办理董事工商变更登记手续，因此公开信息上仍显示江玮担任其董事。故，吴涛祥与公司控股股东、实际控制人以及其他董事、监事、高级管理人员不存在关联关系。吴涛祥任职资格经北京德恒律师事务所进行核查，律师认为吴涛祥的任职资格符合相关法律法规及《公司章程》的要求。▍公司一董事对聘任财务负责人议案投反对票*ST长方25日召开的董事会还审议并通过了《关于聘任财务负责人的议案》。董事会同意聘任陈君维为公司财务负责人，任期自董事会审议通过之日起至第四届董事会届满之日止。董事梁涤成对上述议案投反对票，反对理由：违反公司《财务负责人管理制度》等，严重违规、涉嫌违法。1、违反《财务负责人管理制度》第16条、第18条，前任财务总监6月24日才向董事会提交书面辞职报告，且前任财务总监辞职董事会尚未审议通过，对外发布辞职生效的公告违规。2、隐瞒关联关系，该候选人向董事会隐瞒了在控股股东关联公司共青城星辰同力投资合伙企业持有股份的事实，隐瞒关联关系。3、违反《财务负责人管理制度》第5条，财务负责人不应该由董事长提名。就此，公司说明如下：1、为保证公司正常经营运转，董事会秘书兼财务负责人江玮于董事会召开前一日辞去公司财务负责人职务，根据《深圳证券交易所上市公司自律监管指引第2号——创业板上市公司规范运作》，其辞职报告自送达董事会之日起生效。2、如上所述，陈君维为星辰同力有限合伙人，与公司控股股东、实际控制人以及其他董事、监事、高级管理人员不存在关联关系。3、根据公司内部制度规定，财务负责人应由总经理推荐，由于公司前任总经理刘志刚已于2022年5月23日辞去公司总经理职务，截至本次董事会召开日前，公司总经理岗位处于空缺状态，为提高工作效率，故由董事长推荐，经提名委员会审核，提交董事会审议聘任。▍公司一董事、一独董对免除控股子公司执行董事、监事议案投反对票*ST长方27日中午还发布了第四届董事会第二十四次会议决议公告。根据公告，2022年6月26日，公司第四届董事会第二十四次会议召开，会议审议通过了《关于免除控股子公司执行董事、监事暨委派新的执行董事、监事的议案》。公告称，鉴于公司管理层多次与控股子公司长方集团康铭盛（深圳）科技有限公司（以下简称“康铭盛”）执行董事李迪初及其管理团队就加强对康铭盛管控等事宜进行交涉，李迪初至今仍未向公司移交康铭盛的管控权；康铭盛存货管理、销售与收款、信息系统管理存在重大缺陷，在公司2021年年度报告披露前突然提出大额返利，上述事项造成公司股票交易被实施退市风险警示及其他风险警示。后续李迪初不配合公司调查委员会工作、拒不履行关于分红的股东决议，执行董事李迪初及监事陈璟亦拒不执行公司召开康铭盛股东会要求，执行董事李迪初和监事陈璟已不能履行职责维护公司利益，不再适合担任康铭盛执行董事职务及监事职务，公司决定免除李迪初执行董事、陈璟监事的职务。公告称，公司将委派公司员工余小灵担任康铭盛执行董事、衷政担任康铭盛监事，履行子公司董事、监事职责，余小灵及衷政简历详见附件。董事梁涤成对本议案投反对票，反对理由：1、会议材料准备不足，免除理由不成立。2、王敏隐瞒涉及关联交易且为本议案利害关系人的事实且未回避表决，亦未考虑当初李迪初为其取得控制权进行担保的行为等。3、本议案有导致公司“摘星脱帽”无法实现的风险。4、排挤对公司有巨大贡献的康铭盛创始人李迪初，有造成康铭盛停产、员工失业和银行对长方集团收贷的风险，损害公司和全体股东利益，涉嫌滥用大股东地位无底线打压康铭盛。5、所提名人员缺乏相关经验。独立董事王寿群对本议案投反对票，反对理由：1、鉴于会议材料不充分，无法发表意见；2、表决事项应该为四项，而不是在一个议案中；3、目前长方集团的主要收入来源为康铭盛，罢免康銘盛的创始人会给公司生产、经营和市场带来较大影响，股东之间的纠纷不应影响上市公司的经营，不建议罢免执行董事李迪初。就此，公司说明如下：1、造成公司股票交易被实施退市风险警示及其他风险警示的相关风险事项已在2021年度《审计报告》及2021年度《内部控制审计报告》中明确列明，各位董事已查阅并签署了2021年度报告相关文件。李迪初不配合公司调查委员会工作、拒不履行关于分红的股东决议等文件在前期已发送至各位董事。同时，自公司2022年6月22日发出召开第四届董事会第二十四次会议通知至董事会会议召开前，公司未收到任何关于董事要求补充会议材料的说明或相关文件。2、李迪初为南昌光谷集团有限公司并购长方集团进行担保的行为，不构成王敏与李迪初存在关联关系，同时，本次议案内容不涉及需要回避表决事项，不存在应回避表决人员。3、李迪初及其管理团队以各种理由拒不移交康铭盛管控权、拒不配合公司调查委员会工作，严重影响公司撤销退市风险警示及其他风险风险警示的工作进展，严重损害公司及全体股东利益。来源：读创财经综合",0,tomdc,9654804196,2023-10-26 03:01:46,0,1,0,59747,1,雪球,https://xueqiu.com/9654804196/264562371,2026-07-08 16:18:40
264989019,SZ300301,ST长方,,$*ST长方(SZ300301)$ x现在可以博弈了,0,放牛娃童,4968788086,2023-10-30 06:07:06,0,0,0,50285,0,雪球,https://xueqiu.com/4968788086/264989019,2026-07-08 16:18:40
265151866,SZ300301,ST长方,,$*ST长方(SZ300301)$ 收到1.88？,0,三哥得财,6312684185,2023-10-31 06:27:35,1,0,0,48323,0,Android,https://xueqiu.com/6312684185/265151866,2026-07-08 16:18:38
265173466,SZ300301,ST长方,,*ST长方：关于延期回复深圳证券交易所年报问询函（二）的公告 网页链接,0,ST长方(SZ300301),0,2023-10-31 08:53:58,0,0,0,7796,0,公告,https://xueqiu.com/S/SZ300301/265173466,2026-07-08 16:18:38
265248030,SZ300301,ST长方,,$*ST长方(SZ300301)$ 不应该啊，今天竟然不崩，买盘还这么稳,0,胡马判官,6014780275,2023-11-01 01:51:47,1,0,0,60248,0,iPhone,https://xueqiu.com/6014780275/265248030,2026-07-08 16:18:38
265333189,SZ300301,ST长方,,*ST长方：关于深圳市长方集团股份有限公司2023年第二次临时股东大会的法律意见书 网页链接,0,ST长方(SZ300301),0,2023-11-01 11:09:52,0,0,0,9711,0,公告,https://xueqiu.com/S/SZ300301/265333189,2026-07-08 16:18:38
265333193,SZ300301,ST长方,,*ST长方：2023年第二次临时股东大会决议公告 网页链接,0,ST长方(SZ300301),0,2023-11-01 11:09:52,0,0,0,10088,0,公告,https://xueqiu.com/S/SZ300301/265333193,2026-07-08 16:18:38
265333195,SZ300301,ST长方,,*ST长方：关于公司涉及诉讼的进展公告 网页链接,0,ST长方(SZ300301),0,2023-11-01 11:09:52,1,1,0,10466,0,公告,https://xueqiu.com/S/SZ300301/265333195,2026-07-08 16:18:38
265391806,SZ300301,ST长方,,$*ST长方(SZ300301)$ 1.96，我出来了！,0,三哥得财,6312684185,2023-11-02 02:17:34,2,1,0,52897,0,Android,https://xueqiu.com/6312684185/265391806,2026-07-08 16:18:38
265830064,SZ300301,ST长方,,$*ST长方(SZ300301)$ 这么有催化剂的股票，现在是否马上买可以商榷，但是一定要多关注多跟踪，未来很看好，刚第一波而已。,0,期权铁鹰之翼,1446996436,2023-11-06 14:03:42,1,1,0,52217,0,Android,https://xueqiu.com/1446996436/265830064,2026-07-08 16:18:38
266076436,SZ300301,ST长方,,*ST长方：关于向关联方借款暨关联交易的进展公告 网页链接,0,ST长方(SZ300301),0,2023-11-08 10:05:19,0,0,0,8044,0,公告,https://xueqiu.com/S/SZ300301/266076436,2026-07-08 16:18:38
266082208,SZ300301,ST长方,*ST长方：向关联方深圳车仆实业控股有限公司借款9100万元人民币，用于生产经营,转自：金融界 本文源自:金融界AI电报 金融界11月8日消息，*ST长方公告，公司近期根据经营需要，与关联方深圳车仆实业控股有限公司签订了《借款协议》，公司向车仆实业借款人民币9100万元用于生产经营，借款期限为一年，借款年利率为6%。本次向关联方借款金额及利率均未超过股东大会审议通过的额度，无需提交董事会、股东大会审议，本次关联交易不构成《上市公司重大资产重组管理办法》规定的重大资产重组，无需有关部门批准。截至公告披露日，公司向关联方借款余额为2.41亿元。,0,ST长方(SZ300301),0,2023-11-08 10:59:49,0,0,0,36432,0,新闻,https://xueqiu.com/S/SZ300301/266082208,2026-07-08 16:18:38
266240427,SZ300301,ST长方,*ST长方：公司已搭建直播销售团队，不断加大新媒体直播销售投入力度，通过直播销售等方式做到线上线下...,同花顺（300033）金融研究中心11月9日讯，有投资者向*ST长方（300301）提问， 贵公司产品如何销售？ 公司回答表示，您好，感谢您的关注！公司产品销售模式主要有以下三种：经销商销售模式、直销模式、OEM（ODM）模式。同时，公司已搭建直播销售团队，不断加大新媒体直播销售投入力度，通过直播销售等方式做到线上线下（300959）销售全覆盖，助力公司产品向终端市场迈进。 点击进入互动平台 查看更多回复信息,0,ST长方(SZ300301),0,2023-11-09 08:12:28,0,0,0,37868,0,新闻,https://xueqiu.com/S/SZ300301/266240427,2026-07-08 16:18:38
266241027,SZ300301,ST长方,*ST长方：公司离网照明业务产品品类齐全，涵盖离网照明应用十大系列800多款产品，处于全球细分市场领先...,同花顺（300033）金融研究中心11月9日讯，有投资者向*ST长方（300301）提问， 贵公司的利润增长点在哪里？ 公司回答表示，您好，感谢您的关注！公司专注于 LED 照明光源器件、LED 照明产品及电风扇、便携式储能产品等其他电子产品的研发、设计、生产和销售，公司离网照明业务产品品类齐全，涵盖离网照明应用十大系列800多款产品，处于全球细分市场领先地位。 点击进入互动平台 查看更多回复信息,0,ST长方(SZ300301),0,2023-11-09 08:16:26,0,0,0,38342,0,新闻,https://xueqiu.com/S/SZ300301/266241027,2026-07-08 16:18:38
266241355,SZ300301,ST长方,*ST长方：公司未有与流量主播合作意向,同花顺（300033）金融研究中心11月9日讯，有投资者向*ST长方（300301）提问， 关注到贵司沃尔风抖音直播带货，基本就卖两款台灯。而且大部分就是主播一个人自嗨，经常进去看到没人在直播间。是否可以找些有流量主播合作 公司回答表示，您好，感谢您的关注！公司未有与流量主播合作意向。目前，公司已初步搭建直播销售团队，后续将不断优化直播销售体系，加强直播销售人员专业能力培训，提升公司品牌影响力及销售额。 点击进入互动平台 查看更多回复信息,0,ST长方(SZ300301),0,2023-11-09 08:18:28,0,0,0,53739,0,新闻,https://xueqiu.com/S/SZ300301/266241355,2026-07-08 16:18:38
266778880,SZ300301,ST长方,,$*ST长方(SZ300301)$ 要上去了吗？,0,三哥得财,6312684185,2023-11-14 01:58:00,0,0,0,43131,0,Android,https://xueqiu.com/6312684185/266778880,2026-07-08 16:18:38
266816868,SZ300301,ST长方,,$*ST长方(SZ300301)$ 昨天卖三分之一，今天涨，看来庄家就缺我这100股,0,tomdc,9654804196,2023-11-14 05:03:57,0,0,0,44084,0,雪球,https://xueqiu.com/9654804196/266816868,2026-07-08 16:18:38
266873059,SZ300301,ST长方,,*ST长方：关于延期回复深圳证券交易所年报问询函（二）的公告 网页链接,0,ST长方(SZ300301),0,2023-11-14 10:34:29,0,0,0,6827,0,公告,https://xueqiu.com/S/SZ300301/266873059,2026-07-08 16:18:38
266938988,SZ300301,ST长方,,$*ST长方(SZ300301)$ 一次一次延期，心里有鬼的概率更大些。,0,专业低抛高吸高手,9858072736,2023-11-15 01:24:08,0,0,0,46598,0,Android,https://xueqiu.com/9858072736/266938988,2026-07-08 16:18:38
266969318,SZ300301,ST长方,,$*ST长方(SZ300301)$ ST11月大多有行情，回五天线了，还能再来么,0,做大做强1再创辉煌,1599476863,2023-11-15 02:58:35,0,0,0,45710,0,雪球,https://xueqiu.com/1599476863/266969318,2026-07-08 16:18:38
267030745,SZ300301,ST长方,,被执行人李迪初持有的深圳市长方集团股份有限公司（证券简称“*ST长方”，证券代码：300301，证券性质：无限售流通股）20974776股股票，马上结束了，还是没有人报名，难道要三拍？,0,tomdc,9654804196,2023-11-15 08:07:07,1,0,0,50605,0,雪球,https://xueqiu.com/9654804196/267030745,2026-07-08 16:18:38
267119300,SZ300301,ST长方,,$*ST长方(SZ300301)$ 三个报名的了。不太懂，李另外一部分股权也被冻结了，为什么不一起拍卖呢？,0,期权铁鹰之翼,1446996436,2023-11-16 01:24:15,0,2,0,56023,0,Android,https://xueqiu.com/1446996436/267119300,2026-07-08 16:18:38
267170319,SZ300301,ST长方,,$*ST长方(SZ300301)$ 辽宁晨旭实业有限公司是何方神圣，这么强烈要长方的股权？？网络拍卖竞价结果用户姓名辽宁晨旭实业有限公司通过竞买号V3906于2023/11/16 10:32:05在广东省深圳市中级人民法院于阿里拍卖平台开展的“被执行人李迪初持有的深圳市长方集团股份有限公司（证券简称“*ST长方”，证券代码：300301，证券性质：无限售流通股）20974776股股票”项目公开竞价中，以最高应价胜出。该标的网络拍卖成交价格：¥35580282.82（叁仟伍佰伍拾捌万零贰佰捌拾贰元捌角贰分）在网络拍卖中竞买成功的用户，必须依照标的物《竞买须知》、《竞买公告》要求，按时交付标的物网拍成交余款、办理相关手续。标的物最终成交以广东省深圳市中级人民法院出具拍卖成交裁定为准。2023/11/16 10:32:05,0,tomdc,9654804196,2023-11-16 04:56:08,3,1,1,68311,0,雪球,https://xueqiu.com/9654804196/267170319,2026-07-08 16:18:36
267228827,SZ300301,ST长方,,*ST长方：关于向关联方借款暨关联交易的进展公告 网页链接,0,ST长方(SZ300301),0,2023-11-16 10:41:01,0,0,0,6437,0,公告,https://xueqiu.com/S/SZ300301/267228827,2026-07-08 16:18:36
267228830,SZ300301,ST长方,,*ST长方：关于持股5%以上股东李迪初所持公司股份被司法拍卖的进展公告 网页链接,0,ST长方(SZ300301),0,2023-11-16 10:41:01,0,0,0,6576,0,公告,https://xueqiu.com/S/SZ300301/267228830,2026-07-08 16:18:36
267228833,SZ300301,ST长方,,*ST长方：详式权益变动报告书 网页链接,0,ST长方(SZ300301),0,2023-11-16 10:41:01,0,0,0,6572,0,公告,https://xueqiu.com/S/SZ300301/267228833,2026-07-08 16:18:36
267228839,SZ300301,ST长方,,*ST长方：关于控股股东被司法拍卖的股份完成过户暨公司变更为无控股股东、无实际控制人的提示性公告 网页链接,0,ST长方(SZ300301),0,2023-11-16 10:41:02,0,0,0,6756,0,公告,https://xueqiu.com/S/SZ300301/267228839,2026-07-08 16:18:36
267228848,SZ300301,ST长方,,*ST长方：简式权益变动报告书 网页链接,0,ST长方(SZ300301),0,2023-11-16 10:41:02,0,0,0,6734,0,公告,https://xueqiu.com/S/SZ300301/267228848,2026-07-08 16:18:36
267239184,SZ300301,ST长方,*ST长方：公司股东李迪初所持2097.48万股股份以3558.03万元人民币成功司法拍卖,转自：金融界 本文源自:金融界AI电报 金融界11月16日消息，*ST长方公告，公司股东李迪初所持有的2097.48万股股份已在淘宝网司法拍卖平台成功拍卖，由辽宁晨旭实业有限公司以人民币3558.03万元竞得，占公司总股本的2.65%。该成交价格以广东省深圳市中级人民法院出具的拍卖成交裁定书为准。李迪初所持剩余的同等数量股份尚未拍卖，公司将持续关注并及时披露相关进展。,0,ST长方(SZ300301),0,2023-11-16 12:09:37,0,0,0,44148,0,新闻,https://xueqiu.com/S/SZ300301/267239184,2026-07-08 16:18:36
267239382,SZ300301,ST长方,*ST长方：签订500万元人民币关联方借款协议，年利率6%，期限一年,转自：金融界 本文源自:金融界AI电报 金融界11月16日消息，*ST长方公告，公司近期与关联方深圳车仆实业控股有限公司签订了《借款协议》，借款金额为500万元人民币，用于公司及子公司的生产经营。借款年利率为6%，期限为一年。本次借款不超过此前股东大会审议通过的借款额度和利率，不构成重大资产重组，无需有关部门批准。截至本公告披露日，与关联方的累计关联交易借款金额为2.83亿元，公司向关联方借款余额为2.46亿元，均已履行必要的审批程序。,0,ST长方(SZ300301),0,2023-11-16 12:10:41,0,0,0,49345,0,新闻,https://xueqiu.com/S/SZ300301/267239382,2026-07-08 16:18:36
267425165,SZ300301,ST长方,*ST长方控股子公司康铭盛两款LED台灯抽检不合格,北京商报讯（记者赵述评 王思琦）2023年11月17日，北京商报记者从海南省市场监督管理局最新发布的《2023年海南省流通市场儿童台灯产品质量监督抽查结果》（简称“抽查结果”）中获悉，长方集团康铭盛(深圳)科技有限公司（简称“康铭盛”）的两款LED台灯抽检不合格。公开资料显示，康铭盛为上市公司深圳市长方集团股份有限公司（简称“*ST长方（300301）” ，股票代码为300301）旗下控股子公司。 抽查结果显示，康铭盛曝出不合格的两款产品分别为：生产企业(标称)为“长方集团康铭盛(深圳) 科技有限公司”、 被检主体为“临高亿佳商贸有限公司”、 规格型号为“KM-6727”的一款“LED 可充式台灯”，不合格项目为“标记、爬电距离和电气间隙、耐热、耐火和耐起痕”；生产企业(标称)为“长方集团康铭盛(深圳) 科技有限公司”、 被检主体为“五指山正岛百货商贸有限公司”、 规格型号为“KM-6762”、 商标(标称)为“康铭”的一款“LED 台灯”，不合格项目为“耐热、耐火和耐起痕”。 北京商报记者了解到，康铭盛成立于2004年，是一家以从事研究和试验发展为主营业务的企业，旗下拥有康铭、KAMISAFE、沃尔风vavofo和多朗达四大品牌，产品包括灯饰、电蚊拍及加湿器等，是上市公司*ST长方旗下控股子公司，其中*ST长方持股99.96%。*ST长方官方微信公众号显示，其成立于2005年，以光源封装、LED照明、LED离网照明及LED离网生活为主营产品，于2012年在深圳证券交易所创业板上市。 产品抽检不合格并非康铭盛第一次被相关部门点名。2023年2月，*ST长方发布的公告显示，其控股子公司康铭盛收到中国证监会发出的《立案告知书》，因涉嫌拒绝、阻碍证券监督管理机构及其工作人员依法履行监督检查职权，根据相关法律法规，被中国证监会立案。,0,ST长方(SZ300301),0,2023-11-17 15:38:18,0,0,0,58134,0,新闻,https://xueqiu.com/S/SZ300301/267425165,2026-07-08 16:18:36
267799583,SZ300301,ST长方,,*ST长方：关于公司完成工商变更登记并换发营业执照的公告 网页链接,0,ST长方(SZ300301),0,2023-11-21 09:54:19,0,0,0,6772,0,公告,https://xueqiu.com/S/SZ300301/267799583,2026-07-08 16:18:36
267933505,SZ300301,ST长方,,$*ST长方(SZ300301)$进入选股模式观察1,0,梁皮暴富号,7913510765,2023-11-22 06:59:54,0,0,0,57946,0,iPhone,https://xueqiu.com/7913510765/267933505,2026-07-08 16:18:36
268118174,SZ300301,ST长方,现阶段操作需谨慎,现阶段资金集中在保壳股和控制权变更股上，但感觉都不能打出高度，可能拉几个涨停就被砸下来了。涨停的保壳股里面多个具有很大分险，要戒赌避免进入。另外，板块接近前高，1月中下旬陆续进入年报预告，避险资金可能随时提前撤离，退市杀估计再度上演，要注意分险。具体个股震荡居多，操作上要精选标的，不追高，快进快出，不轻易开仓或加仓。*st长方11.28日计划回复年报问询函，留给长方的时间越来越少了，这几天是否会引起风险资金进入呢。,0,ST飞箭,7402543550,2023-11-23 09:33:18,3,0,0,75155,1,Android,https://xueqiu.com/7402543550/268118174,2026-07-08 16:18:36
268134359,SZ300301,ST长方,,長方集团问询函久拖不复的症结是什么？关于这个问题己拖了数月之久。据我所知，長方对深交所的回复，慎之又慎，其主要原因是对原股东李迪初，不但公安立了案，证监也立案了！長方期待其中任何一家，能拿出一个调查报告，以便据官方的材料，产生回复函。但目前这两家都还没有出笼纸质材料。我估计可能要拖至今年十二月下旬才有望出眉目。,0,靓丽的理财小雪山,8692772168,2023-11-23 12:09:52,2,1,0,73503,0,Android,https://xueqiu.com/8692772168/268134359,2026-07-08 16:18:36
268277836,SZ300301,ST长方,,*ST长方：关于公司监事会换届选举暨征集监事候选人的提示性公告 网页链接,0,ST长方(SZ300301),0,2023-11-24 10:40:45,0,0,0,6148,0,公告,https://xueqiu.com/S/SZ300301/268277836,2026-07-08 16:18:36
268277837,SZ300301,ST长方,,*ST长方：关于公司董事会换届选举暨征集董事候选人的提示性公告 网页链接,0,ST长方(SZ300301),0,2023-11-24 10:40:45,0,0,0,6226,0,公告,https://xueqiu.com/S/SZ300301/268277837,2026-07-08 16:18:36
268621423,SZ300301,ST长方,,回复@西南到东北: 这个王敏不会原来长方集团的董事长吧？//@西南到东北:回复@tomdc:搜下沈阳市和平区王敏。 查看图片,0,tomdc,9654804196,2023-11-28 03:07:36,0,0,0,70092,0,雪球,https://xueqiu.com/9654804196/268621423,2026-07-08 16:18:36
268694212,SZ300301,ST长方,,*ST长方：关于延期回复深圳证券交易所年报问询函（二）的公告 网页链接,0,ST长方(SZ300301),0,2023-11-28 10:29:15,2,0,0,7772,0,公告,https://xueqiu.com/S/SZ300301/268694212,2026-07-08 16:18:36
268862904,SZ300301,ST长方,,*ST长方：关于公司股票交易被实施其他风险警示相关事项的进展公告 网页链接,0,ST长方(SZ300301),0,2023-11-29 09:39:09,0,0,0,5165,0,公告,https://xueqiu.com/S/SZ300301/268862904,2026-07-08 16:18:36
268874278,SZ300301,ST长方,*ST长方：公司股票继续被实施其他风险警示并公布相关进展,转自：金融界 本文源自:金融界AI电报 金融界11月29日消息，*ST长方公告，因2021年度内部控制审计报告出具否定意见，自2022年5月6日起公司股票被实施其他风险警示；2022年度内部控制审计报告仍然出具否定意见，公司股票交易继续被实施其他风险警示。公司每月将披露一次风险警示的进展情况。已完成2021年度财务报表会计差错的更正工作，并于2023年4月27日得到中兴财光华会计师事务所的确认。公司及全体董事会成员保证信息披露内容的真实、准确和完整。控股子公司康铭盛涉嫌对证监部门监督检查不配合而被立案调查，相关调查仍在进行中，公司将积极配合监管部门调查。敬请投资者注意投资风险。,0,ST长方(SZ300301),0,2023-11-29 11:07:51,0,0,0,44095,0,新闻,https://xueqiu.com/S/SZ300301/268874278,2026-07-08 16:18:34
270342428,SZ300301,ST长方,,$*ST长方(SZ300301)$ 这货会咋样？有大哥帮看看吗？,0,哇哈哈ww,9474893931,2023-12-11 05:17:59,0,2,0,69301,0,Android,https://xueqiu.com/9474893931/270342428,2026-07-08 16:18:34
270396720,SZ300301,ST长方,,*ST长方：第四届董事会独立董事专门会议第一次会议审核意见 网页链接,0,ST长方(SZ300301),0,2023-12-11 10:36:04,0,0,0,2005,0,公告,https://xueqiu.com/S/SZ300301/270396720,2026-07-08 16:18:34
270396723,SZ300301,ST长方,,*ST长方：关于股东李迪初被司法拍卖的股份完成过户的公告 网页链接,0,ST长方(SZ300301),0,2023-12-11 10:36:04,0,0,0,2098,0,公告,https://xueqiu.com/S/SZ300301/270396723,2026-07-08 16:18:34
270396724,SZ300301,ST长方,,*ST长方：第四届董事会第三十九次会议决议公告 网页链接,0,ST长方(SZ300301),0,2023-12-11 10:36:04,0,0,0,2082,0,公告,https://xueqiu.com/S/SZ300301/270396724,2026-07-08 16:18:34
270396726,SZ300301,ST长方,,*ST长方：第四届监事会第二十六次会议决议公告 网页链接,0,ST长方(SZ300301),0,2023-12-11 10:36:04,0,0,0,2049,0,公告,https://xueqiu.com/S/SZ300301/270396726,2026-07-08 16:18:34
270396728,SZ300301,ST长方,,*ST长方：关于向关联方申请借款暨关联交易的公告 网页链接,0,ST长方(SZ300301),0,2023-12-11 10:36:04,0,0,0,2040,0,公告,https://xueqiu.com/S/SZ300301/270396728,2026-07-08 16:18:34
270544166,SZ300301,ST长方,,*ST长方：关于延期回复深圳证券交易所年报问询函（二）的公告 网页链接,0,ST长方(SZ300301),0,2023-12-12 09:46:13,2,0,0,3079,0,公告,https://xueqiu.com/S/SZ300301/270544166,2026-07-08 16:18:34
270724942,SZ300301,ST长方,,*ST长方：董事、监事、高级管理人员薪酬管理制度（2023年12月） 网页链接,0,ST长方(SZ300301),0,2023-12-13 11:13:25,0,0,0,1184,0,公告,https://xueqiu.com/S/SZ300301/270724942,2026-07-08 16:18:34
270724949,SZ300301,ST长方,,*ST长方：独立董事候选人声明与承诺（曾文德） 网页链接,0,ST长方(SZ300301),0,2023-12-13 11:13:25,0,0,0,1203,0,公告,https://xueqiu.com/S/SZ300301/270724949,2026-07-08 16:18:34
270724950,SZ300301,ST长方,,*ST长方：第四届董事会第四十次会议决议公告 网页链接,0,ST长方(SZ300301),0,2023-12-13 11:13:25,0,0,0,1195,0,公告,https://xueqiu.com/S/SZ300301/270724950,2026-07-08 16:18:34
270725379,SZ300301,ST长方,,*ST长方：内部审计管理制度（2023年12月） 网页链接,0,ST长方(SZ300301),0,2023-12-13 11:16:30,0,0,0,1147,0,公告,https://xueqiu.com/S/SZ300301/270725379,2026-07-08 16:18:34
270725380,SZ300301,ST长方,,*ST长方：会计师事务所选聘制度（2023年12月） 网页链接,0,ST长方(SZ300301),0,2023-12-13 11:16:30,0,0,0,1143,0,公告,https://xueqiu.com/S/SZ300301/270725380,2026-07-08 16:18:34
270725385,SZ300301,ST长方,,*ST长方：累积投票制实施细则（2023年12月） 网页链接,0,ST长方(SZ300301),0,2023-12-13 11:16:30,0,0,0,1160,0,公告,https://xueqiu.com/S/SZ300301/270725385,2026-07-08 16:18:34
270725388,SZ300301,ST长方,,*ST长方：董事会议事规则（2023年12月） 网页链接,0,ST长方(SZ300301),0,2023-12-13 11:16:30,0,0,0,1141,0,公告,https://xueqiu.com/S/SZ300301/270725388,2026-07-08 16:18:34
270725389,SZ300301,ST长方,,*ST长方：关联交易决策制度（2023年12月） 网页链接,0,ST长方(SZ300301),0,2023-12-13 11:16:30,0,0,0,1152,0,公告,https://xueqiu.com/S/SZ300301/270725389,2026-07-08 16:18:34
270725391,SZ300301,ST长方,,*ST长方：董事会提名委员会工作细则（2023年12月） 网页链接,0,ST长方(SZ300301),0,2023-12-13 11:16:31,0,0,0,1501,0,公告,https://xueqiu.com/S/SZ300301/270725391,2026-07-08 16:18:34
270725392,SZ300301,ST长方,,*ST长方：股东大会议事规则（2023年12月） 网页链接,0,ST长方(SZ300301),0,2023-12-13 11:16:31,0,0,0,1509,0,公告,https://xueqiu.com/S/SZ300301/270725392,2026-07-08 16:18:32
270725393,SZ300301,ST长方,,*ST长方：对外担保制度（2023年12月） 网页链接,0,ST长方(SZ300301),0,2023-12-13 11:16:31,0,0,0,1524,0,公告,https://xueqiu.com/S/SZ300301/270725393,2026-07-08 16:18:32
270725394,SZ300301,ST长方,,*ST长方：独立董事年报工作规程（2023年12月） 网页链接,0,ST长方(SZ300301),0,2023-12-13 11:16:31,0,0,0,1180,0,公告,https://xueqiu.com/S/SZ300301/270725394,2026-07-08 16:18:32
270725395,SZ300301,ST长方,,*ST长方：第四届董事会独立董事专门会议第二次会议审核意见 网页链接,0,ST长方(SZ300301),0,2023-12-13 11:16:31,0,0,0,1562,0,公告,https://xueqiu.com/S/SZ300301/270725395,2026-07-08 16:18:32
270725396,SZ300301,ST长方,,*ST长方：关于拟续聘会计师事务所的公告 网页链接,0,ST长方(SZ300301),0,2023-12-13 11:16:31,0,0,0,1348,0,公告,https://xueqiu.com/S/SZ300301/270725396,2026-07-08 16:18:32
270725397,SZ300301,ST长方,,*ST长方：会计政策、会计估计变更及会计差错管理制度（2023年12月） 网页链接,0,ST长方(SZ300301),0,2023-12-13 11:16:31,0,0,0,1338,0,公告,https://xueqiu.com/S/SZ300301/270725397,2026-07-08 16:18:32
270725398,SZ300301,ST长方,,*ST长方：关于公司以资产抵押向关联方申请借款额度的公告 网页链接,0,ST长方(SZ300301),0,2023-12-13 11:16:31,0,0,0,1622,0,公告,https://xueqiu.com/S/SZ300301/270725398,2026-07-08 16:18:32
270725399,SZ300301,ST长方,,*ST长方：重大投资及融资决策管理制度（2023年12月） 网页链接,0,ST长方(SZ300301),0,2023-12-13 11:16:31,0,0,0,1788,0,公告,https://xueqiu.com/S/SZ300301/270725399,2026-07-08 16:18:32
270725400,SZ300301,ST长方,,*ST长方：独立董事提名人声明与承诺（李军） 网页链接,0,ST长方(SZ300301),0,2023-12-13 11:16:31,0,0,0,2654,0,公告,https://xueqiu.com/S/SZ300301/270725400,2026-07-08 16:18:32
270725401,SZ300301,ST长方,,*ST长方：独立董事候选人声明与承诺（李军） 网页链接,0,ST长方(SZ300301),0,2023-12-13 11:16:31,0,0,0,2593,0,公告,https://xueqiu.com/S/SZ300301/270725401,2026-07-08 16:18:32
270725402,SZ300301,ST长方,,*ST长方：第四届监事会第二十七次会议决议公告 网页链接,0,ST长方(SZ300301),0,2023-12-13 11:16:31,0,0,0,2886,0,公告,https://xueqiu.com/S/SZ300301/270725402,2026-07-08 16:18:32
270725403,SZ300301,ST长方,,*ST长方：独立董事工作细则（2023年12月） 网页链接,0,ST长方(SZ300301),0,2023-12-13 11:16:31,0,0,0,2678,0,公告,https://xueqiu.com/S/SZ300301/270725403,2026-07-08 16:18:32
270725404,SZ300301,ST长方,,*ST长方：公司章程（2023年12月） 网页链接,0,ST长方(SZ300301),0,2023-12-13 11:16:31,0,0,0,3094,0,公告,https://xueqiu.com/S/SZ300301/270725404,2026-07-08 16:18:32
270725405,SZ300301,ST长方,,*ST长方：董事会审计委员会工作细则（2023年12月） 网页链接,0,ST长方(SZ300301),0,2023-12-13 11:16:31,0,0,0,3320,0,公告,https://xueqiu.com/S/SZ300301/270725405,2026-07-08 16:18:32
270725406,SZ300301,ST长方,,*ST长方：独立董事提名人声明与承诺（王亮） 网页链接,0,ST长方(SZ300301),0,2023-12-13 11:16:31,0,0,0,3417,0,公告,https://xueqiu.com/S/SZ300301/270725406,2026-07-08 16:18:32
270725409,SZ300301,ST长方,,*ST长方：资产减值准备计提及核销管理制度（2023年12月） 网页链接,0,ST长方(SZ300301),0,2023-12-13 11:16:32,0,0,0,3719,0,公告,https://xueqiu.com/S/SZ300301/270725409,2026-07-08 16:18:32
270725410,SZ300301,ST长方,,*ST长方：内部控制制度（2023年12月） 网页链接,0,ST长方(SZ300301),0,2023-12-13 11:16:32,0,0,0,4647,0,公告,https://xueqiu.com/S/SZ300301/270725410,2026-07-08 16:18:32
270725412,SZ300301,ST长方,,*ST长方：募集资金管理制度（2023年12月） 网页链接,0,ST长方(SZ300301),0,2023-12-13 11:16:32,0,0,0,5120,0,公告,https://xueqiu.com/S/SZ300301/270725412,2026-07-08 16:18:32
270725414,SZ300301,ST长方,,*ST长方：关于修订公司治理相关制度的公告 网页链接,0,ST长方(SZ300301),0,2023-12-13 11:16:32,0,0,0,6555,0,公告,https://xueqiu.com/S/SZ300301/270725414,2026-07-08 16:18:32
270725415,SZ300301,ST长方,,*ST长方：独立董事候选人声明与承诺（王亮） 网页链接,0,ST长方(SZ300301),0,2023-12-13 11:16:32,0,0,0,7098,0,公告,https://xueqiu.com/S/SZ300301/270725415,2026-07-08 16:18:32
270725416,SZ300301,ST长方,,*ST长方：《公司章程》修订对照表 网页链接,0,ST长方(SZ300301),0,2023-12-13 11:16:32,0,0,0,7572,0,公告,https://xueqiu.com/S/SZ300301/270725416,2026-07-08 16:18:29
270725417,SZ300301,ST长方,,*ST长方：独立董事提名人声明与承诺（曾文德） 网页链接,0,ST长方(SZ300301),0,2023-12-13 11:16:32,0,0,0,7762,0,公告,https://xueqiu.com/S/SZ300301/270725417,2026-07-08 16:18:29
270725418,SZ300301,ST长方,,*ST长方：董事会薪酬与考核委员会工作细则（2023年12月） 网页链接,0,ST长方(SZ300301),0,2023-12-13 11:16:32,0,0,0,8235,0,公告,https://xueqiu.com/S/SZ300301/270725418,2026-07-08 16:18:29
270725420,SZ300301,ST长方,,*ST长方：董事、监事、高级管理人员行为准则（2023年12月） 网页链接,0,ST长方(SZ300301),0,2023-12-13 11:16:32,0,0,0,8369,0,公告,https://xueqiu.com/S/SZ300301/270725420,2026-07-08 16:18:29
270725423,SZ300301,ST长方,,*ST长方：关于召开2023年第三次临时股东大会的通知 网页链接,0,ST长方(SZ300301),0,2023-12-13 11:16:32,0,0,0,8951,0,公告,https://xueqiu.com/S/SZ300301/270725423,2026-07-08 16:18:29
270725718,SZ300301,ST长方,,*ST长方：重大资产处置管理办法（2023年12月） 网页链接,0,ST长方(SZ300301),0,2023-12-13 11:19:29,0,0,0,10580,0,公告,https://xueqiu.com/S/SZ300301/270725718,2026-07-08 16:18:29
270725719,SZ300301,ST长方,,*ST长方：信息披露事务管理制度（2023年12月） 网页链接,0,ST长方(SZ300301),0,2023-12-13 11:19:29,0,0,0,11668,0,公告,https://xueqiu.com/S/SZ300301/270725719,2026-07-08 16:18:29
270728012,SZ300301,ST长方,*ST长方：发布重大资产处置管理办法,转自：金融界 本文源自:金融界AI电报 金融界12月13日消息，*ST长方发布公告称，为规范公司重大资产的处置行为，加强公司的重大资产处置管理工作，增强重大资产处置的风险意识，保证公司持续健康发展，特制订了重大资产处置管理办法。该办法明确了重大资产处置的行为范围，包括购买（收购）、出售资产；置换资产（或股权）；租入或租出资产；赠与或受赠资产；债权或债务重组等。同时，办法也规定了审批决策权限和审批决策程序，以及信息披露的要求。该办法自公司股东大会以普通决议审议批准后生效实施，修改时亦同。,0,ST长方(SZ300301),0,2023-12-13 11:37:36,0,0,0,42476,0,新闻,https://xueqiu.com/S/SZ300301/270728012,2026-07-08 16:18:29
271062665,SZ300301,ST长方,,*ST长方：关于重大诉讼的进展公告 网页链接,0,ST长方(SZ300301),0,2023-12-15 09:23:06,0,1,0,11821,0,公告,https://xueqiu.com/S/SZ300301/271062665,2026-07-08 16:18:29
271074556,SZ300301,ST长方,,$*ST长方(SZ300301)$ 感觉这货有点悬乎，能平安着陆不至于拖到现在，劫运难逃。,0,雪红雪白123,1385421095,2023-12-15 10:56:00,1,2,0,74868,0,Android,https://xueqiu.com/1385421095/271074556,2026-07-08 16:18:29
272023660,SZ300301,ST长方,*ST长方：公司离网移动照明产品主要有锂电手电筒、铅酸电池手电筒，其中铝合金系列手电筒具有续航长、...,同花顺（300033）金融研究中心12月22日讯，有投资者向*ST长方（300301）提问， 请问贵公司有无高端手电筒类照明产品销售，谢谢 公司回答表示，您好，感谢您的关注！公司离网移动照明产品主要有锂电手电筒、铅酸电池手电筒，其中铝合金系列手电筒具有续航长、高亮远射特点。 点击进入互动平台 查看更多回复信息,0,ST长方(SZ300301),0,2023-12-22 09:08:40,0,0,0,37447,0,新闻,https://xueqiu.com/S/SZ300301/272023660,2026-07-08 16:18:29
272024163,SZ300301,ST长方,*ST长方：蓝牙耳机系康铭盛外购产品，仅作为赠品通过抖音直播间福袋抽奖获取，并未对外销售,同花顺（300033）金融研究中心12月22日讯，有投资者向*ST长方（300301）提问， 公司直播间有康铭牌蓝牙耳机，查阅信息显示康铭蓝牙耳机具备单双耳降噪、智能、触控、三频均衡等功能，请问康铭牌蓝牙耳机是公司自研生产的吗？针对股东有没有优惠购买活动？ 公司回答表示，您好，感谢您的关注！蓝牙耳机系康铭盛外购产品，仅作为赠品通过抖音直播间福袋抽奖获取，并未对外销售。 点击进入互动平台 查看更多回复信息,0,ST长方(SZ300301),0,2023-12-22 09:10:36,0,0,0,37799,0,新闻,https://xueqiu.com/S/SZ300301/272024163,2026-07-08 16:18:29
272024558,SZ300301,ST长方,*ST长方：康铭品牌入选“一带一路十周年?国礼品牌”，是其品牌影响力及品质实力的有力证明，充分证明了...,同花顺（300033）金融研究中心12月22日讯，有投资者向*ST长方（300301）提问， 康铭获选“一带一路十周年·国礼品牌”对子公司康铭盛有何积极影响？公司现时处于无实控人状态，对公司经营管理是否有不利影响？ 公司回答表示，康铭品牌入选“一带一路十周年?国礼品牌”，是其品牌影响力及品质实力的有力证明，充分证明了公司在品牌建设、产品品质、服务质量等方面的努力。公司处于无实际控制人状态不会对公司日常经营活动产生不利影响，公司前实际控制人王敏先生及其关联方仍为公司提供借款，继续支持公司发展。目前公司管理团队稳定，经营正常。 点击进入互动平台 查看更多回复信息,0,ST长方(SZ300301),0,2023-12-22 09:12:48,0,0,0,48474,0,新闻,https://xueqiu.com/S/SZ300301/272024558,2026-07-08 16:18:29
272024870,SZ300301,ST长方,*ST长方：公司尚未披露ESG相关报告,同花顺（300033）金融研究中心12月22日讯，有投资者向*ST长方（300301）提问， 最近正在召开COP28，公司的ESG变得越来越重要。我留意到贵公司的华证评级只有CC，处于行业中下游。请问贵公司如何评价自己的ESG表现？应如何看待ESG对业务发展的影响？有无提高ESG评级的打算？谢谢！ 公司回答表示，您好，感谢您的关注！公司尚未披露ESG相关报告。公司长期以来积极践行可持续发展理念，将社会责任意识融入公司经营管理的方方面面，努力追求经济效益最大化的同时积极践行社会责任，推进企业持续健康发展。 点击进入互动平台 查看更多回复信息,0,ST长方(SZ300301),0,2023-12-22 09:14:30,0,0,0,52610,0,新闻,https://xueqiu.com/S/SZ300301/272024870,2026-07-08 16:18:29
272430563,SZ300301,ST长方,,*ST长方：关于延期回复深圳证券交易所年报问询函（二）的公告 网页链接,0,ST长方(SZ300301),0,2023-12-26 08:33:10,2,0,0,10441,0,公告,https://xueqiu.com/S/SZ300301/272430563,2026-07-08 16:18:29
272947798,SZ300301,ST长方,,*ST长方：第五届监事会第一次会议决议公告 网页链接,0,ST长方(SZ300301),0,2023-12-29 11:43:20,0,0,0,9641,0,公告,https://xueqiu.com/S/SZ300301/272947798,2026-07-08 16:18:29
272947800,SZ300301,ST长方,,*ST长方：关于公司股票交易被实施其他风险警示相关事项的进展公告 网页链接,0,ST长方(SZ300301),0,2023-12-29 11:43:20,1,0,1,13003,0,公告,https://xueqiu.com/S/SZ300301/272947800,2026-07-08 16:18:29
272947802,SZ300301,ST长方,,*ST长方：关于职工代表大会选举产生第五届监事会职工代表监事的公告 网页链接,0,ST长方(SZ300301),0,2023-12-29 11:43:20,0,0,0,12219,0,公告,https://xueqiu.com/S/SZ300301/272947802,2026-07-08 16:18:29
272947803,SZ300301,ST长方,,*ST长方：关于长方集团2023年第三次临时股东大会的法律意见书 网页链接,0,ST长方(SZ300301),0,2023-12-29 11:43:20,0,0,0,14567,0,公告,https://xueqiu.com/S/SZ300301/272947803,2026-07-08 16:18:29
272947808,SZ300301,ST长方,,*ST长方：2023年第三次临时股东大会决议公告 网页链接,0,ST长方(SZ300301),0,2023-12-29 11:43:20,0,0,0,13443,0,公告,https://xueqiu.com/S/SZ300301/272947808,2026-07-08 16:18:29
272947810,SZ300301,ST长方,,*ST长方：关于董事会、监事会完成换届选举及聘任高级管理人员、证券事务代表和审计部负责人的公告 网页链接,0,ST长方(SZ300301),0,2023-12-29 11:43:20,0,0,0,14563,0,公告,https://xueqiu.com/S/SZ300301/272947810,2026-07-08 16:18:28
272947811,SZ300301,ST长方,,*ST长方：第五届董事会第一次会议决议公告 网页链接,0,ST长方(SZ300301),0,2023-12-29 11:43:20,0,0,0,16872,0,公告,https://xueqiu.com/S/SZ300301/272947811,2026-07-08 16:18:28
273721880,SZ300301,ST长方,*ST长方：公司2021年年度报告中投资性房地产金额较2020年末出现重大变动系出售惠州长方工业园所致,同花顺（300033）金融研究中心01月05日讯，有投资者向*ST长方（300301）提问， 请问贵公司2021年更正后的年报，投资性固定资产从5亿减到几千万是何原因？谢谢！ 公司回答表示，您好，感谢您的关注！公司2021年年度报告中投资性房地产金额较2020年末出现重大变动系出售惠州长方工业园所致。 点击进入互动平台 查看更多回复信息,0,ST长方(SZ300301),0,2024-01-05 10:23:23,0,0,0,62593,0,新闻,https://xueqiu.com/S/SZ300301/273721880,2026-07-08 16:18:28
274309974,SZ300301,ST长方,,*ST长方：关于延期回复深圳证券交易所年报问询函（二）的公告 网页链接,0,ST长方(SZ300301),0,2024-01-10 09:53:05,3,0,0,17746,0,公告,https://xueqiu.com/S/SZ300301/274309974,2026-07-08 16:18:28
274574963,SZ300301,ST长方,,$*ST长方(SZ300301)$ 怎么讨论的人这么少,0,南柯一梦c,6441549195,2024-01-12 06:45:24,0,0,0,44950,0,Android,https://xueqiu.com/6441549195/274574963,2026-07-08 16:18:28
274594781,SZ300301,ST长方,,*ST长方：关于向关联方借款暨关联交易的进展公告 网页链接,0,ST长方(SZ300301),0,2024-01-12 08:53:05,0,0,0,15202,0,公告,https://xueqiu.com/S/SZ300301/274594781,2026-07-08 16:18:28
274994150,SZ300301,ST长方,,*ST长方：第五届董事会第二次会议决议公告 网页链接,0,ST长方(SZ300301),0,2024-01-16 09:53:07,0,0,0,14543,0,公告,https://xueqiu.com/S/SZ300301/274994150,2026-07-08 16:18:28
275371586,SZ300301,ST长方,,*ST长方：关于变更法定代表人并完成工商变更登记的公告 网页链接,0,ST长方(SZ300301),0,2024-01-18 08:09:06,0,0,0,13695,0,公告,https://xueqiu.com/S/SZ300301/275371586,2026-07-08 16:18:28
275401565,SZ300301,ST长方,,1明天大盘一定红 2深中华高了 3看好*ST长方,0,永远未完成,7383607400,2024-01-18 12:20:06,0,1,0,44944,0,Android,https://xueqiu.com/7383607400/275401565,2026-07-08 16:18:28
275539886,SZ300301,ST长方,*ST长方：公司储能产品未覆盖澳洲市场，在欧洲、美洲的销售金额较少,同花顺（300033）金融研究中心01月19日讯，有投资者向*ST长方（300301）提问， 董秘，你好！公司目前的主力储能产品在欧美澳市场的情况大概怎么样了？ 公司回答表示，您好，感谢您的关注！，公司储能产品未覆盖澳洲市场，在欧洲、美洲的销售金额较少，具体情况请以公司后续定期报告为准。 点击进入互动平台 查看更多回复信息,0,ST长方(SZ300301),0,2024-01-19 09:46:29,0,0,0,52498,0,新闻,https://xueqiu.com/S/SZ300301/275539886,2026-07-08 16:18:28
275540025,SZ300301,ST长方,*ST长方：公司储能产品为便携式储能产品，可为数码产品、无人机及部分小功率生活电器等充电使,同花顺（300033）金融研究中心01月19日讯，有投资者向*ST长方（300301）提问， 请问贵公司产品是否可以用于虚拟现实、AR`MR等领域？储能产品应用领域理论上是否可以扩展？是否可以用于汽车？谢谢！ 公司回答表示，您好，感谢您的关注！公司主要从事 LED 照明光源器件、LED 照明产品及电风扇、便携式储能产品等其他电子产品的研发、设计、生产和销售，属于电子元器件行业的半导体光电器件制造业。公司生产的光源产品主要用于照明行业；公司储能产品为便携式储能产品，可为数码产品、无人机及部分小功率生活电器等充电使用。 点击进入互动平台 查看更多回复信息,0,ST长方(SZ300301),0,2024-01-19 09:47:37,0,0,0,53636,0,新闻,https://xueqiu.com/S/SZ300301/275540025,2026-07-08 16:18:28
275540561,SZ300301,ST长方,*ST长方：关联方同意向公司提供借款，借款利率系公司根据现阶段的融资成本、融资难度与关联方充分协商...,"同花顺（300033）金融研究中心01月19日讯，有投资者向*ST长方（300301）提问， 公司于 2023 年 12 月 29 日审议通过了向关联方王刚先生申请了 15,000万元借款额度，借款年利率为 6%，借款期限一年，目前银行利率年化约3%左右，为啥要向关联方借款，利率达6%，是否有涉嫌向关联方进行利益输送行为？ 公司回答表示，您好，感谢您的关注！因公司股票交易被实施退市风险警示及其他风险警示，向银行融资较难，同时银行逐渐收缩公司存量贷款，在现阶段公司融资困难的情况下，为满足公司正常生产经营及归还银行贷款的资金需求，经公司管理层与关联方协商，关联方同意向公司提供借款，借款利率系公司根据现阶段的融资成本、融资难度与关联方充分协商后确定，借款利率公允、合理，且经过公司临时股东大会审议批准，不存在向关联方输送利益。 点击进入互动平台 查看更多回复信息",0,ST长方(SZ300301),0,2024-01-19 09:51:35,0,0,0,61812,0,新闻,https://xueqiu.com/S/SZ300301/275540561,2026-07-08 16:18:28
276043674,SZ300301,ST长方,,*ST长方：关于向关联方借款暨关联交易的进展公告 网页链接,0,ST长方(SZ300301),0,2024-01-23 09:16:05,0,0,0,14847,0,公告,https://xueqiu.com/S/SZ300301/276043674,2026-07-08 16:18:28
276212215,SZ300301,ST长方,,*ST长方：关于延期回复深圳证券交易所年报问询函（二）的公告 网页链接,0,ST长方(SZ300301),0,2024-01-24 08:49:03,0,0,0,16417,0,公告,https://xueqiu.com/S/SZ300301/276212215,2026-07-08 16:18:28
276617262,SZ300301,ST长方,,st长方怎么看,0,轨迹氵,6408906035,2024-01-27 10:00:03,0,0,0,42709,0,Android,https://xueqiu.com/6408906035/276617262,2026-07-08 16:18:28
276766602,SZ300301,ST长方,,$*ST长方(SZ300301)$ 买点玩一下,0,三哥得财,6312684185,2024-01-29 06:05:37,0,0,0,47243,0,Android,https://xueqiu.com/6312684185/276766602,2026-07-08 16:18:25
276876141,SZ300301,ST长方,,$*ST长方(SZ300301)$ 赶紧拉起来，我出来了，太吓人了！,0,三哥得财,6312684185,2024-01-30 01:40:36,0,0,0,50579,0,Android,https://xueqiu.com/6312684185/276876141,2026-07-08 16:18:25
276987760,SZ300301,ST长方,,*ST长方：关于公司股票交易被实施其他风险警示相关事项的进展公告 网页链接,0,ST长方(SZ300301),0,2024-01-30 10:16:12,0,0,0,15303,0,公告,https://xueqiu.com/S/SZ300301/276987760,2026-07-08 16:18:25
276987768,SZ300301,ST长方,,*ST长方：2023年度业绩预告 网页链接,0,ST长方(SZ300301),0,2024-01-30 10:16:12,1,3,0,19182,0,公告,https://xueqiu.com/S/SZ300301/276987768,2026-07-08 16:18:25
277330667,SZ300301,ST长方,,$*ST长方(SZ300301)$ 昨天跑对了！,0,三哥得财,6312684185,2024-02-01 05:52:11,0,0,0,53437,0,Android,https://xueqiu.com/6312684185/277330667,2026-07-08 16:18:25
277352547,SZ300301,ST长方,*ST长方02月1日下跌，股价创历史新低,"02月01日，*ST长方（300301）股价大跌。截至今日收盘，*ST长方下跌11.84%，收盘价为1.34元，收盘价创历史新低。 深圳市长方集团股份有限公司的主营业务为从事LED照明光源器件和LED照明产品的研发、设计、生产和销售的企业。公司的主要产品为贴片式LED(含大功率)、移动照明应用产品、其他电子产品。公司在LED封装及移动照明应用技术领域已处于国内领先水平。公司海外市场覆盖欧美日韩等发达市场和“一带一路”沿线国家和地区,其中“KAMISAFE”在尼日利亚等国家和市场,占据了主要的市场份额,让中国创造和中国品牌享誉海外。 近一年公司股价累计下跌30.57%，同期沪深300指数下跌-23.31%。",0,ST长方(SZ300301),0,2024-02-01 07:45:43,0,0,0,61042,0,新闻,https://xueqiu.com/S/SZ300301/277352547,2026-07-08 16:18:25
277491319,SZ300301,ST长方,,$*ST长方(SZ300301)$ 怎么又跌了,0,镜子2513684711,4181671648,2024-02-02 04:53:43,0,0,0,59736,0,Android,https://xueqiu.com/4181671648/277491319,2026-07-08 16:18:25
277520310,SZ300301,ST长方,,$*ST长方(SZ300301)$ 会不会退市呢？有没有最新进展？,0,三哥得财,6312684185,2024-02-02 06:06:58,0,0,0,57614,0,Android,https://xueqiu.com/6312684185/277520310,2026-07-08 16:18:25
277596932,SZ300301,ST长方,*ST长方：公司已向深圳证券交易所提交撤销对公司股票交易实施退市风险警示的申请，公司申请撤销退市风...,"同花顺（300033）金融研究中心02月02日讯，有投资者向*ST长方（300301）提问， 尊贵的董事长，长方至2018年已连续6年亏损，根据今年预计的23年利润计算，净资产也将达到负数，请问这种情况下公司退市的风险大吗？公司会主动申请退市吗？或者说公司有没有信心有什么措施，继续保持上市地位。谢谢！ 公司回答表示，您好，感谢您的关注！公司于2024年1月31日在巨潮资讯网披露了《2023年度业绩预告》（公告编号：2024-008），预计公司2023年度末归属于上市公司股东的所有者权益为5,704.28万元–7,204.28万元，不存在净资产为负情形。公司已向深圳证券交易所提交撤销对公司股票交易实施退市风险警示的申请，公司申请撤销退市风险警示情形尚需经深圳证券交易所批准，能否获得深圳证券交易所批准尚存在不确定性。敬请广大投资者谨慎决策，注意投资风险。 点击进入互动平台 查看更多回复信息",0,ST长方(SZ300301),0,2024-02-02 11:00:19,0,1,0,65111,0,新闻,https://xueqiu.com/S/SZ300301/277596932,2026-07-08 16:18:25
277597056,SZ300301,ST长方,*ST长方：会计事务所已开展公司2023年度审计工作，公司积极配合会计师事务所审计工作并将于2024年4月27...,同花顺（300033）金融研究中心02月02日讯，有投资者向*ST长方（300301）提问， 请问公司和会计事务所是否就2023年年报进行了初步的沟通？ 公司回答表示，您好，感谢您的关注！会计事务所已开展公司2023年度审计工作，公司积极配合会计师事务所审计工作并将于2024年4月27日披露2023年度审计报告。 点击进入互动平台 查看更多回复信息,0,ST长方(SZ300301),0,2024-02-02 11:01:23,0,0,0,66032,0,新闻,https://xueqiu.com/S/SZ300301/277597056,2026-07-08 16:18:25
277839350,SZ300301,ST长方,,$*ST长方(SZ300301)$ 牛逼,0,镜子2513684711,4181671648,2024-02-05 02:11:39,1,0,0,59812,0,Android,https://xueqiu.com/4181671648/277839350,2026-07-08 16:18:25
278092800,SZ300301,ST长方,,$*ST长方(SZ300301)$ 涨个停吗？,0,三哥得财,6312684185,2024-02-06 05:47:05,0,0,0,58213,0,Android,https://xueqiu.com/6312684185/278092800,2026-07-08 16:18:25
278127517,SZ300301,ST长方,,*ST长方：关于延期回复深圳证券交易所年报问询函（二）的公告 网页链接,0,ST长方(SZ300301),0,2024-02-06 08:59:10,0,0,0,15443,0,公告,https://xueqiu.com/S/SZ300301/278127517,2026-07-08 16:18:25
278491768,SZ300301,ST长方,红相非标可能性——回顾st长方,"2023年1月19日，长方集团发布会计差错更正并附鉴证报告。2023年2月6日，因康铭盛公司涉嫌拒绝、阻碍证券监督管理机构及其工作人员依法履行监督检查职权，中国证监会决定对康铭盛公司立案。（公司解释是前管理层涉嫌拒绝、阻碍证券监督管理机构及其工作人员）长方为什么被戴帽（大华所2022年年报审计意见）：（一）形成无法表示意见的基础1.商誉减值如财务报表附注六/注释 13 商誉所示，截至 2021 年 12 月 31 日， 长方集团收购康铭盛形成的商誉账面原值为 38,337.85 万元，商誉减 值准备的金额为 38,337.85 万元。长方集团于 2021 年末对商誉进行 减值测试，并计提了商誉减值金额为 14,883.90 万元。由于形成本报 告无法表示意见事项中“销售返利的确认、存货管理以及客户通过第 大华核字[2022]008317 号 第 2 页 三方回款”对康铭盛财务报表的影响非常重大，我们无法判断长方集 团 2021 年度商誉减值的金额是否合理。2.销售返利的确认 （真返假返不知道）2022 年 4 月 23 日，长方集团子公司康铭盛经过公司自查，发现 其 2021 年度的财务报表存在未入账销售返利，涉及的返利金额为 16,827.32 万元。由于未能获取充分、适当的审计证据以证明上述销 售返利合同的真实性及其商业合理性，我们无法判断上述事项对长方 集团财务报表的影响程度。3.存货管理（存货真实价值存疑）长方集团子公司康铭盛期末存货账面余额 19,111.25 万元，期末 存货跌价准备余额 1,953.74 万元。项目组在年审监盘过程中发现存 在大量的呆滞品，并要求公司提供真实、完整的呆滞品清单以及形成 呆滞过程的相关资料。根据康铭盛提供的呆滞品清单，截止 2021 年 12 月 31 日呆滞品清单中的存货账面余额为 1,793.80 万元。由于未 能进一步获取充分、适当的审计证据以证明相关呆滞品清单的完整性 和形成时间，我们无法判断呆滞品的总体金额及跌价准备的合理性。4.客户通过第三方回款 （第三方回款是指企业的客户直接将货款支付给第三方账户，而不是通过企业自身的账户进行结算。）长方集团子公司康铭盛采用经销商和贸易商结合的销售模式。境 内销售以经销商模式为主，经销商多为个人，存在第三方回款情形。 境外销售由于受所在国家外汇管理政策、汇率波动等因素影响，存在 第三方回款的情形。本年度涉及境内和境外销售的第三方回款金额占 含税收入金额的比例较高。由于未能获取充分、适当的审计证据以证 明三方回款的款项来源，我们无法判断第三方回款的真实性和合理性。5.内控失效如本报告无法表示意见事项中“销售返利的确认和存货管理”所 大华核字[2022]008317 号 第 3 页 述，表明长方集团对子公司的管理、印章管理、权限管理及资产管理、 信息系统管理等方面存在重大缺陷。由于前述重大缺陷致使公司未能 保持内部控制的有效性，我们无法判断相关的内部控制缺陷对财务报 表的影响程度。总结，几乎全部是子公司康铭盛的问题。2023年3月28日第一次审计进展公告：一、2021 年度审计报告非标准审计意见所涉及事项影响的消除情况1、商誉减值 （应该早减，全部减，可追溯减值，问题解决）考虑长方集团康铭盛（深圳）科技有限公司（以下简称“康铭盛”）虚增应收账 款对其盈利能力的影响，结合康铭盛 2021 年度的盈利情况及以后年度的盈利预测， 经公司对收购康铭盛产生的商誉进行减值测试，该项商誉应在 2021 年初全额计提商 誉减值准备，应将 2021 年度计提的商誉减值损失 14,883.90 万元追溯更正到 2021 年 期初计提。2、存货管理（追加减值，问题解决）公司组织财务部、生产部、仓储部及技术部员工对康铭盛截至 2022 年 9 月末的 存货进行了盘点，核实呆滞存货状态和使用价值，结合出入库情况倒推至 2021 年末 的呆滞存货情况；经核实截止 2021 年 12 月 31 日呆滞存货账面余额为 1,934.54 万元， 呆滞存货主要由不良品、退货及返修品构成，公司组织质量、技术研发部门对呆滞存 货进行技术鉴定，2021 年末结存的呆滞存货已无返修返工价值，经测算 2021 年末康 铭盛需要补计提 1,409.46 万元存货跌价准备。3、客户通过第三方回款及销售返利的确认。（问题解决）不存在 2021 年度审计报告无法表示意见事项中所述的康铭 盛原管理团队在 2021 年度处理的未执行的 1.68 亿元的返利或奖励合同。此外，经公司核实，在实际经营过程中，客户确系通过与其相关第三方账户向康 铭盛支付款项偿付所欠的康铭盛货款。公司已修订相关制度规范并加强客户通过第三 方账户回款的审批及实施。4、内控结论除 2021 年审计报告提及的无法表示意见事项和会计差错对 2021 年以前年 度财务报表的影响外，目前暂未发现新的可能导致 2022 年度财务会计报告被出具非 无保留意见的事项。2023年4月12日第二次审计进展公告（没有新内容，审计现场工作基本完成）：一、2021 年度审计报告非标准审计意见所涉及事项影响的消除情况截至目前，公司 2021 年度审计报告所涉及事项的影响消除情况仍需以审计机构 最终出具的专项报告为准，具体内容详见公司于 2023 年 3 月 29 日披露的《关于 2022 年年度报告编制及最新审计进展的公告》（公告编号：2023-032）。二、2022 年年度报告编制及最新审计进展情况 截至本公告披露日，审计现场工作基本完成，中兴财光华正搜集汇总并检查各项 审计证据，撰写会计差错更正后的 2021 年度审计报告及 2022 年度审计报告。公司正 有序开展会计差错更正后的 2021 年年度报告及 2022 年年度报告编制工作，公司将继 续积极推进年报编制及审计工作。2023年4月29日正式审计意见：深圳市长方集团股份有限公司 关于原 2021 年度审计报告无法表示意见涉及事项影响 已消除的专项说明：与2023年3月28日第一次审计进展公告基本一样。关于对深圳市长方集团股份有限公司 2021 年度财务报表出具带强调事项段的保留意见审计 报告的专项说明：（二）发表保留意见的理由和依据 如财务报表附注十二其他重要事项、3、会计差错更正事项所述，受康铭盛公 司原财务总监等人涉嫌隐匿故意销毁会计凭证被公安部门立案调查的影响，公司 对康铭盛 2021 年初虚增的应收账款 3.16 亿元无法向前追溯调整。依据《企业会计 准则第 28 号-会计政策、会计估计变更和差错更正》第十三条的规定，对确定会 计差错影响数不切实可行的，可以从可追溯重述的最早期间开始调整留存收益的 期初余额，财务报表的其他相关项目的期初余额也应当一并调整。 故本公司将 2021 年年初虚增的应收账款 3.16 亿元调整 2021 年年初的资产负 债表，即调整减少了 2021 年年初的留存收益（年初未分配利润），同时一并调整 了 2021 年初的资产负债表相关科目。 综上所述，公司对 2021 年年初的资产负债表已经完成了会计差错更正，对 2021 年度的利润表也进行了更正，该事项不再影响 2021 年资产负债表的年初数、 年末数，不影响 2021 年末、年初的净资产金额，也不影响影响 2021 年度的利润 表及盈亏变化。 受上述事项影响，可能存在的错报会对 2021 年度利润表、现金流量表的比较 信息产生影响，不会导致上期利润表的盈亏发生变化。年报同时ji申请去星，迄今未获批准。三、强调事项我们提醒财务报表使用者关注，如财务报表附注、十二、1、对投资决策有 影响的重要事项所述： 长方集团控股子公司长方集团康铭盛（深圳）科技有限公司因涉嫌拒绝、 阻碍证券监督管理机构及其工作人员依法履行监督检查职权，被证监会稽查部 门立案调查；同时该子公司原财务总监等人因涉嫌隐匿、故意销毁会计凭证被 深圳龙华区公安部门侦查；截至财务报表报出日，上述案件的调查工作仍在进 行中。该事项不影响已发表的审计意见。附（银卧再疯狂也难望康铭盛项背）：2022年4月30日凌晨，会计师事务所对长方集团2021年度财务报表出具了无法表示意见，而无法表示意见涉及的事项有：商誉减值、存货管理、客户通过第三方回款、销售返利的确认、内控失效。导致上市公司股票从2022年5月6日起“披星戴帽”，股票简称变为“*ST长方”。公司股价暴跌，投资者损失惨重。为了消除上年度无法表示意见的影响及否定意见的内部控制审计报告中涉及的风险事项，2022年5月18日长方集团成立调查委员会对涉及事项进行调查。根据调查结果，康铭盛在2018年至2021年期间，虚增应收账款3.38亿，在康铭盛原股东李迪初等29人业绩承诺期内(2018年至2020年)年报中体现的3.39亿元利润将调减约3.1亿元。在调查过程中，2022年11月1日，公安部门在江西康铭盛厂区内的荒坡上经长达两天时间深挖5米，共挖出377箱会计原始凭证资料，资料所属期间为2013年至2021年，被掩埋的资料均为用于会计核算的原始凭证单据等；由于被倾倒掩埋时间较长，大部分资料无包装直接裸露掩埋，大部分凭证上面的数字模糊无法辨识，仅文件抬头和标题尚可辨识。2023年1月19日，长方集团发布会计差错更正，康铭盛补提1409万存货跌价准备，不存在审计报告中的1.68亿元返利或有事项，对原本在2021年底计提的1.48亿商誉减值，提前到2020年末计提。这次更正导致上市公司合并报表中资产总额调减约3.56亿，利润总额调增约9076万，但是因会计凭证的丢失，只能调整追溯到2021年，之前年度的无法追溯调整。长方集团认为，2017年之前的应收账款数据处于合理区间，且销售返利是从2018年开始实施的，所以本次会计差错更正也不涉及2017年。",0,莫要贪心,6773251238,2024-02-09 09:11:09,1,1,0,86391,1,雪球,https://xueqiu.com/6773251238/278491768,2026-07-08 16:18:25
279197737,SZ300301,ST长方,,$*ST长方(SZ300301)$ 给力,0,镜子2513684711,4181671648,2024-02-21 02:04:11,0,0,0,48657,0,Android,https://xueqiu.com/4181671648/279197737,2026-07-08 16:18:25
280140832,SZ300301,ST长方,,*ST长方：关于延期回复深圳证券交易所年报问询函（二）的公告 网页链接,0,ST长方(SZ300301),0,2024-02-28 09:53:03,0,0,0,8077,0,公告,https://xueqiu.com/S/SZ300301/280140832,2026-07-08 16:18:25
280140833,SZ300301,ST长方,,*ST长方：关于向关联方借款暨关联交易的进展公告 网页链接,0,ST长方(SZ300301),0,2024-02-28 09:53:03,0,0,0,8056,0,公告,https://xueqiu.com/S/SZ300301/280140833,2026-07-08 16:18:25
280141102,SZ300301,ST长方,,*ST长方：关于公司股票交易被实施其他风险警示相关事项的进展公告 网页链接,0,ST长方(SZ300301),0,2024-02-28 09:56:03,0,0,0,9316,0,公告,https://xueqiu.com/S/SZ300301/280141102,2026-07-08 16:18:23
280464959,SZ300301,ST长方,,"【*ST长方：股东高新投小贷与高新投担保拟减持不超过1%】*ST长方公告，股东高新投小贷与高新投担保拟减持不超过7,901,087股（占本公司总股本比例1%）。",0,7X24快讯,5124430882,2024-03-01 11:32:20,0,3,0,78008,1,雪球,https://xueqiu.com/5124430882/280464959,2026-07-08 16:18:23
280465272,SZ300301,ST长方,,*ST长方：关于股东减持股份计划预披露的公告 网页链接,0,ST长方(SZ300301),0,2024-03-01 11:36:10,0,0,0,11165,0,公告,https://xueqiu.com/S/SZ300301/280465272,2026-07-08 16:18:23
280465513,SZ300301,ST长方,,*ST长方：关于股东减持股份计划预披露的公告 网页链接,0,ST长方(SZ300301),0,2024-03-01 11:39:11,1,0,0,15185,0,公告,https://xueqiu.com/S/SZ300301/280465513,2026-07-08 16:18:23
280465608,SZ300301,ST长方,*ST长方：股东高新投小贷与高新投担保拟减持不超过1%,【*ST长方：股东高新投小贷与高新投担保拟减持不超过1%】财联社3月1日电，*ST长方公告，股东高新投小贷与高新投担保拟减持不超过790万股（占本公司总股本比例1%）。,0,财联社,7437424816,2024-03-01 11:40:11,0,2,0,64602,0,雪球,https://xueqiu.com/7437424816/280465608,2026-07-08 16:18:23
280469730,SZ300301,ST长方,*ST长方：股东高新投小贷计划减持公司股份不超过约790万股,每经AI快讯，*ST长方（SZ 300301，收盘价：1.47元）3月1日晚间发布公告称，持有公司股份约1210万股（占公司总股本比例为1.53%）的股东高新投小贷与持有公司股份2776万股（占公司总股本比例为3.51%）的股东高新投担保为一致行动人，二者合计持有公司股份约3986万股，占公司总股本比例为5.04%。高新投小贷计划自本公告披露之日起15个交易日后的90个自然日内以集中竞价方式减持公司股份不超过约790万股（占公司总股本比例为1%）。 2023年1至6月份，*ST长方的营业收入构成为：工业占比96.96%。 *ST长方的董事长、总经理均是吴涛祥，男，50岁，学历背景为硕士。 截至发稿，*ST长方市值为12亿元。 道达号（daoda1997）“个股趋势”提醒：1. 近30日内无机构对*ST长方进行调研；2. *ST长方上次发布减持公告是2023年10月18日，第二个交易日下跌14.93%，*ST长方近一年共发布5次减持类公告。 每经头条（nbdtoutiao）——每经专访全国工商联原副主席庄聪生：政企本是鱼水关系，但处理不好就变成“水煮鱼”， 不能选择性、趋利性、钓鱼式执法 (记者 贾运可) 免责声明：本文内容与数据仅供参考，不构成投资建议，使用前请核实。据此操作，风险自担。 每日经济新闻,0,每日经济新闻,4642157440,2024-03-01 12:30:13,1,0,0,63933,0,雪球,https://xueqiu.com/4642157440/280469730,2026-07-08 16:18:23
280863209,SZ300301,ST长方,*ST长方：长方集团康铭盛（深圳）科技有限公司：深圳市龙华区福城街道福民社区人民路221号,同花顺（300033）金融研究中心03月05日讯，有投资者向*ST长方（300301）提问， 您好，想要了解一下贵公司用来生产的所有主要的工厂、生产基地、厂房的具体地址，希望能精准到门牌号。我在公开披露的报告中没有找到贵公司具体的生产地址。请问公司注册地址负责主要产品的生产吗？还有哪些地址/子公司参与产品的主要生产过程，它们的地址是什么？公司目前具体有几个生产基地？希望可以明确直接告知，谢谢 公司回答表示，您好，感谢您的关注！公司主要负责生产的子公司地址如下：1、长方集团康铭盛（深圳）科技有限公司：深圳市龙华区福城街道福民社区人民路221号2、江西长方半导体科技有限公司：江西省南昌市临空经济区黄堂西街711号智能光电产业园3、江西康铭盛光电科技有限公司：江西省高安市新世纪工业城龙工大道4、上高高能佳电源科技有限公司：江西省宜春市上高县工业园黄金堆功能区公司注册地址坪山工业园主要用于出租，未开展生产。 点击进入互动平台 查看更多回复信息,0,ST长方(SZ300301),0,2024-03-05 09:15:19,0,0,0,59363,0,新闻,https://xueqiu.com/S/SZ300301/280863209,2026-07-08 16:18:23
281435376,SZ300301,ST长方,,【长方集团】5年前关于长方集团的简析。投这种公司意思不大，关键是很难脱身，即使不退市自己经营也会特别难。$*ST长方(SZ300301)$,0,云起投资,7762459919,2024-03-10 00:39:13,0,1,0,62863,0,Android,https://xueqiu.com/7762459919/281435376,2026-07-08 16:18:23
281537645,SZ300301,ST长方,,回复@长泽雅美的法定老公: 裁决下来直接上2元，2元后面就看当时的量能了。这种股不要心灰意冷，看看st长方，那么垃圾，去年也一波1.6到2.5。//@长泽雅美的法定老公:回复@ST风暴:裁决下来又能涨多少，唉,0,龍行君,6475447314,2024-03-11 04:00:58,0,0,0,53003,0,iPhone,https://xueqiu.com/6475447314/281537645,2026-07-08 16:18:23
281560880,SZ300301,ST长方,,$*ST长方(SZ300301)$ 拉起来了，没有风险成功了？搞不懂！,0,三哥得财,6312684185,2024-03-11 06:14:35,0,0,0,57541,0,Android,https://xueqiu.com/6312684185/281560880,2026-07-08 16:18:23
281908209,SZ300301,ST长方,,*ST长方：关于延期回复深圳证券交易所年报问询函（二）的公告 网页链接,0,ST长方(SZ300301),0,2024-03-13 09:39:05,0,0,0,10747,0,公告,https://xueqiu.com/S/SZ300301/281908209,2026-07-08 16:18:23
282216922,SZ300301,ST长方,*ST长方：公司尚未披露ESG相关报告,每经AI快讯，有投资者在投资者互动平台提问：我注意到你们公司的ESG排名在行业中倒数，仅被中诚信和华证评为B和CCC，搜索你们公司的信息并没有找到与可持续发展相关的报告，请问贵公司是否会借鉴环旭电子等公司的做法（如披露ESG报告）提升你们的ESG表现？ *ST长方（300301.SZ）3月15日在投资者互动平台表示，公司尚未披露ESG相关报告。公司长期以来积极践行可持续发展理念，将社会责任意识融入公司经营管理的方方面面，努力追求经济效益最大化的同时积极践行社会责任，推进企业持续健康发展。 (记者 王可然) 免责声明：本文内容与数据仅供参考，不构成投资建议，使用前核实。据此操作，风险自担。 每日经济新闻,0,每日经济新闻,4642157440,2024-03-15 09:00:10,0,0,0,51739,0,雪球,https://xueqiu.com/4642157440/282216922,2026-07-08 16:18:23
282219264,SZ300301,ST长方,,*ST长方：关于向关联方借款暨关联交易的进展公告 网页链接,0,ST长方(SZ300301),0,2024-03-15 09:16:10,0,0,0,8062,0,公告,https://xueqiu.com/S/SZ300301/282219264,2026-07-08 16:18:23
282500282,SZ300301,ST长方,,*ST长方：关于重大诉讼的进展公告 网页链接,0,ST长方(SZ300301),0,2024-03-18 09:29:03,0,0,0,7144,0,公告,https://xueqiu.com/S/SZ300301/282500282,2026-07-08 16:18:23
282820839,SZ300301,ST长方,,*ST长方：关于签署《合作框架协议》的公告 网页链接,0,ST长方(SZ300301),0,2024-03-20 09:23:07,1,0,0,10495,0,公告,https://xueqiu.com/S/SZ300301/282820839,2026-07-08 16:18:23
282846659,SZ300301,ST长方,*ST长方：签署《合作框架协议》,证券日报网讯 3月20日晚间，*ST长方发布公告称，公司近期与国电投上电（广西）新能源有限公司签署了《合作框架协议》。（编辑 王江浩）,0,证券日报,8353550788,2024-03-20 13:00:04,0,4,0,48979,0,雪球,https://xueqiu.com/8353550788/282846659,2026-07-08 16:18:23
283237469,SZ300301,ST长方,,$*ST长方(SZ300301)$ 不会退市 目前位置还是有性价比的,0,放牛娃童,4968788086,2024-03-23 07:13:14,0,3,0,46825,0,雪球,https://xueqiu.com/4968788086/283237469,2026-07-08 16:18:23
283604909,SZ300301,ST长方,,*ST长方：关于2023年年度报告编制及最新审计进展的公告 网页链接,0,ST长方(SZ300301),0,2024-03-26 10:33:17,0,0,0,5723,0,公告,https://xueqiu.com/S/SZ300301/283604909,2026-07-08 16:18:23
283778715,SZ300301,ST长方,,*ST长方：关于公司股票交易被实施其他风险警示相关事项的进展公告 网页链接,0,ST长方(SZ300301),0,2024-03-27 10:26:10,0,0,0,6114,0,公告,https://xueqiu.com/S/SZ300301/283778715,2026-07-08 16:18:23
283779031,SZ300301,ST长方,,*ST长方：关于延期回复深圳证券交易所年报问询函（二）的公告 网页链接,0,ST长方(SZ300301),0,2024-03-27 10:29:11,1,0,0,9183,0,公告,https://xueqiu.com/S/SZ300301/283779031,2026-07-08 16:18:22
284527276,SZ300301,ST长方,,$*ST长方(SZ300301)$ 就等你们都出来了，我再进去！,0,三哥得财,6312684185,2024-04-02 03:20:47,0,1,0,39178,0,Android,https://xueqiu.com/6312684185/284527276,2026-07-08 16:18:22
285805923,SZ300301,ST长方,,*ST长方：关于延期回复深圳证券交易所年报问询函（二）的公告 网页链接,0,ST长方(SZ300301),0,2024-04-12 13:13:16,0,0,0,4029,0,公告,https://xueqiu.com/S/SZ300301/285805923,2026-07-08 16:18:22
285805924,SZ300301,ST长方,,*ST长方：关于收到中国证券监督管理委员会立案告知书的公告 网页链接,0,ST长方(SZ300301),0,2024-04-12 13:13:16,4,1,0,9400,0,公告,https://xueqiu.com/S/SZ300301/285805924,2026-07-08 16:18:22
285805952,SZ300301,ST长方,,*ST长方：关于投资设立全资子公司的公告 网页链接,0,ST长方(SZ300301),0,2024-04-12 13:13:28,0,0,0,4501,0,公告,https://xueqiu.com/S/SZ300301/285805952,2026-07-08 16:18:22
285805953,SZ300301,ST长方,,*ST长方：关于召开2024年第一次临时股东大会的通知 网页链接,0,ST长方(SZ300301),0,2024-04-12 13:13:28,0,0,0,4608,0,公告,https://xueqiu.com/S/SZ300301/285805953,2026-07-08 16:18:22
285806326,SZ300301,ST长方,,*ST长方：关于拟处置部分资产的公告 网页链接,0,ST长方(SZ300301),0,2024-04-12 13:16:29,0,0,0,4680,0,公告,https://xueqiu.com/S/SZ300301/285806326,2026-07-08 16:18:22
285806327,SZ300301,ST长方,,*ST长方：关于签署《不动产买卖意向书终止协议》的公告 网页链接,0,ST长方(SZ300301),0,2024-04-12 13:16:29,0,1,0,5490,0,公告,https://xueqiu.com/S/SZ300301/285806327,2026-07-08 16:18:22
285806328,SZ300301,ST长方,,*ST长方：第五届董事会第三次会议决议公告 网页链接,0,ST长方(SZ300301),0,2024-04-12 13:16:29,0,0,0,4746,0,公告,https://xueqiu.com/S/SZ300301/285806328,2026-07-08 16:18:22
285806329,SZ300301,ST长方,,*ST长方：关于2023年年度报告编制及最新审计进展的公告 网页链接,0,ST长方(SZ300301),0,2024-04-12 13:16:29,0,1,0,5659,0,公告,https://xueqiu.com/S/SZ300301/285806329,2026-07-08 16:18:22
285808157,SZ300301,ST长方,*ST长方：4月12日召开董事会会议,每经AI快讯，*ST长方（SZ 300301，收盘价：1.32元）4月12日晚间发布公告称，公司第五届第三次董事会会议于2024年4月12日在公司会议室以现场和通讯相结合的方式召开。审议了《关于投资设立全资子公司的议案》等。 2023年1至6月份，*ST长方的营业收入构成为：工业占比96.96%。 *ST长方的董事长、总经理均是吴涛祥，男，51岁，学历背景为硕士。 截至发稿，*ST长方市值为10亿元。 道达号（daoda1997）“个股趋势”提醒：1. 近30日内无机构对*ST长方进行调研。 每经头条（nbdtoutiao）——银行现黄金回购潮，有网点已排队到下周！17家银行回购条款各不相同 (记者 曾健辉) 免责声明：本文内容与数据仅供参考，不构成投资建议，使用前请核实。据此操作，风险自担。 每日经济新闻,0,每日经济新闻,4642157440,2024-04-12 13:30:20,0,0,0,38467,0,雪球,https://xueqiu.com/4642157440/285808157,2026-07-08 16:18:22
285810482,SZ300301,ST长方,,【*ST长方：因涉嫌信披违法违规 中国证监会决定对公司立案】*ST长方公告，因涉嫌信息披露违法违规，中国证监会决定对公司立案。公司控股子公司康铭盛因涉嫌拒绝、阻碍证券监督管理机构及其工作人员依法履行监督检查职权而被中国证监会立案尚未有调查结果。目前，公司各项生产经营活动正常开展，2023年报审计工作正按计划顺利进行。,0,7X24快讯,5124430882,2024-04-12 13:46:20,0,17,0,80299,1,雪球,https://xueqiu.com/5124430882/285810482,2026-07-08 16:18:22
285812251,SZ300301,ST长方,*ST长方最新公告：因涉嫌信披违法违规 中国证监会决定对公司立案,*ST长方公告，因涉嫌信息披露违法违规，中国证监会决定对公司立案。公司控股子公司康铭盛因涉嫌拒绝、阻碍证券监督管理机构及其工作人员依法履行监督检查职权而被中国证监会立案尚未有调查结果。目前，公司各项生产经营活动正常开展，2023年报审计工作正按计划顺利进行。以上内容由证券之星根据公开信息整理，由算法生成（网信算备310104345710301240019号），与本站立场无关，如数据存在问题请联系我们。本文为数据整理，不对您构成任何投资建议，投资有风险，请谨慎决策。,0,证券之星财经,5187193467,2024-04-12 14:00:08,0,1,0,47036,0,雪球,https://xueqiu.com/5187193467/285812251,2026-07-08 16:18:22
285818405,SZ300301,ST长方,涉嫌信披违法违规 *ST长方遭证监会立案,北京商报讯(记者马换换)4月12日晚间，*ST长方（300301）披露公告称，因涉嫌信息披露违法违规，证监会决定对公司立案。 *ST长方表示，公司控股子公司康铭盛因涉嫌拒绝、阻碍证券监督管理机构及其工作人员依法履行监督检查职权而被证监会立案尚未有调查结果。目前，公司各项生产经营活动正常开展，2023年报审计工作正按计划顺利进行。,0,ST长方(SZ300301),0,2024-04-12 14:50:26,0,0,0,45902,0,新闻,https://xueqiu.com/S/SZ300301/285818405,2026-07-08 16:18:22
285843930,SZ300301,ST长方,*ST长方终止出让深圳市坪山新区聚龙山项目,来源： 观点网观点网讯：4月12日，深圳市长方集团股份有限公司发布公告，宣布与杭州一品良筑实业有限公司签署《不动产买卖意向书终止协议》。根据公告内容，*ST长方与杭州一品良筑于2023年4月签订了意向书，计划出售位于深圳市坪山新区聚龙山三号路的全部土地使用权及地上建筑物。由于杭州一品良筑未能满足政府规定的受让方条件，短期内无法达到受让标的物的要求，双方决定自愿终止原合同。公告明确指出，自终止协议生效之日起，双方在原合同中的权利和义务全部终止，且不存在未解决的经济或法律纠纷。*ST长方表示，此次终止协议的签署不会对公司的财务状况和生产经营产生不利影响，也不会损害公司及中小股东的利益。公司将继续寻求其他途径出售标的资产，并承诺将履行相应的信息披露义务，确保投资者的知情权。,0,风财讯,1248169152,2024-04-13 01:30:30,0,0,0,47664,0,雪球,https://xueqiu.com/1248169152/285843930,2026-07-08 16:18:22
285980197,SZ300301,ST长方,,*ST长方的风波还没停！因涉嫌阻碍监管机构监督检查，子公司康铭盛被证监会立案调查，这事儿还没完，公司又忙着更正会计差错，虚增的应收账款高达3.69亿元！康铭盛的原管理团队真是大胆，竟然没按规定冲减销售奖励费用，导致应收账款虚增。这事儿一出，深圳龙华分局都介入了，康铭盛的财务总监彭立新等人涉嫌隐匿、故意销毁会计凭证，这剧情比电视剧还精彩！*ST长方的内部控制问题也不小，大华事务所和中兴财光华都出具了否定意见的内部控制审计报告，公司股票也因此被实施其他风险警示。,0,厚金说,5962811206,2024-04-14 09:10:18,0,1,0,52487,1,雪球,https://xueqiu.com/5962811206/285980197,2026-07-08 16:18:22
286008826,SZ300301,ST长方,,$*ST长方(SZ300301)$ 长方都立案一年多了怎么还没解决？事儿有多大啊，快啊,0,勤劳的稳赚小风速,9458504634,2024-04-14 19:34:44,0,2,0,52612,0,Android,https://xueqiu.com/9458504634/286008826,2026-07-08 16:18:22
286017561,SZ300301,ST长方,,"深圳市长方集团股份有限公司（以下简称“公司”）于 2024 年 4 月 12 日召开第五 届董事会第三次会议，审议通过了《关于投资设立全资子公司的议案》，为加快推进 公司与国电投上电（广西）新能源有限公司关于新能源项目投资建设等方面的合作， 抓住国家新能源发展机遇,提升公司核心竞争力和盈利能力，公司拟在江西南昌投资设 立江西长方源动新能源发展有限公司，注册资本为人民币 2,000 万元，公司以自有资 金出资，占其总注册资本 100%。本次投资设立全资子公司系公司为了加快推进公司与国电投上电（广西）新能源 有限公司关于新能源项目投资建设等方面的合作，有利于抓住国家新能源发展机遇, 提升公司核心竞争力和盈利能力。$*ST长方(SZ300301)$",0,ETFER,4799418994,2024-04-15 00:39:41,0,1,0,56793,0,雪球,https://xueqiu.com/4799418994/286017561,2026-07-08 16:18:22
286038368,SZ300301,ST长方,,$*ST长方(SZ300301)$ 百分百退市，只是时间问题了,0,愿你安好f9y,4277049710,2024-04-15 02:02:49,2,0,0,55202,0,Android,https://xueqiu.com/4277049710/286038368,2026-07-08 16:18:22
286059582,SZ300301,ST长方,*ST长方涉嫌信披违规被证监会立案,中国网财经4月15日讯 日前，*ST长方公告称，公司近日收到证监会出具的《立案告知书》(编号：证监立案字0072024 16号)，因涉嫌信息披露违法违规，根据相关法律法规，证监会决定对公司立案。 需要指出的是，*ST长方控股子公司康铭盛因涉嫌拒绝、阻碍证券监督管理机构及其工作人员依法履行监督检查职权而被证监会立案尚未有调查结果。截至目前，公司进行了因子公司康铭盛产生的会计差错更正工作。 *ST长方表示，目前，公司各项生产经营活动正常开展，2023年报审计工作正按计划顺利进行。立案调查期间，公司将与康铭盛积极配合证监会的相关调查工作并严格按照相关法律法规和监管要求及时履行信息披露义务。,0,中国网财经,9293278021,2024-04-15 03:20:08,0,1,0,52839,0,雪球,https://xueqiu.com/9293278021/286059582,2026-07-08 16:18:20
286108616,SZ300301,ST长方,*ST长方04月15日下跌，股价创历史新低,"04月15日，*ST长方（300301）股价大跌。截至今日收盘，*ST长方下跌10.61%，收盘价为1.18元，收盘价创历史新低。 深圳市长方集团股份有限公司的主营业务为从事LED照明光源器件和LED照明产品的研发、设计、生产和销售的企业。公司的主要产品为贴片式LED(含大功率)、移动照明应用产品、其他电子产品。公司在LED封装及移动照明应用技术领域已处于国内领先水平。公司海外市场覆盖欧美日韩等发达市场和“一带一路”沿线国家和地区,其中“KAMISAFE”在尼日利亚等国家和市场,占据了主要的市场份额,让中国创造和中国品牌享誉海外。 近一年公司股价累计下跌35.16%，同期沪深300指数下跌-13.27%。",0,ST长方(SZ300301),0,2024-04-15 07:39:30,0,0,0,39942,0,新闻,https://xueqiu.com/S/SZ300301/286108616,2026-07-08 16:18:20
286453730,SZ300301,ST长方,长方集团(300301)被立案，股民索赔可期,"登录新浪财经APP 搜索【信披】查看更多考评等级 2024年4月13日，深圳市长方集团股份有限公司(简称：长方集团、*ST长方（维权），代码：300301)发布《关于收到中国证券监督管理委员会立案告知书的公告》,称公司因涉嫌信息披露违法违规，根据《证券法》《行政处罚法》等法律法规，中国证监会决定对公司立案。 公司又称,公司控股子公司长方集团康铭盛（深圳）科技有限公司因涉嫌拒绝、阻碍证券监督管理机构及其工作人员依法履行监督检查职权而被中国证监会立案尚未有调查结果；公司进行了因子公司康铭盛产生的会计差错更正工作，具体内容详见公司于2023年1月20日披露的《关于前期会计差错更正的提示性公告》、2023年4月29日及2023年8月30日披露的《关于前期会计差错更正的公告》。 根据《民法典》、《证券法》及最高人民法院的关于虚假陈述民事赔偿司法解释的规定，上市公司、控股股东、实际控制人、董监高人员及其中介机构等因虚假陈述等的证券欺诈行为导致证券投资者权益受损的，应承担民事赔偿责任，赔偿范围包括：投资差额、佣金、印花税和利息损失等。权益受损的证券投资者可以向有管辖权的法院提起民事赔偿诉讼。 由于长方集团涉嫌信息披露违法违规，被中国证监会立案调查，为维护证券投资者合法权益，上海汉联律师事务所宋一欣律师向曾经购买过长方集团的证券投资者展开诉讼代理征集，代理投资者索赔诉讼，权益受损的证券投资者可以向前述律师进行索赔登记。（宋一欣律师专栏） 宋一欣律师认为，长方集团案的索赔条件为：2023年1月20日前买入长方集团股票或债券等证券市场公开发行产品，并在2023年1月20日及之后卖出或继续持有的受损投资者，可以办理索赔登记。（*ST长方维权入口） 律师对本案的提示与说明 1.上述提示的索赔条件仅供参考，不涉及投资者任何证券投资决策和证券买卖建议。索赔的最终条件将根据中国证监会行政处罚的结论进一步调整，并以相关法院最终生效的判决所认定的法律时点、赔付对象、赔付范围、赔付标准、会计计算方式为准。 2.以行政处罚决定为特征的前置条件取消后，投资者虽然可以直接诉讼，但由于调查手段有限，以立案调查通知或行政监管措施决定作为直接诉讼的依据起诉存在败诉的风险，所以，我作为专业律师提示投资者：行政处罚决定仍然应当作为提起诉讼的必要前提之一。 3.在拟提起的民事侵权诉讼案件中，上市公司退市与否，都不影响民事索赔侵权诉讼的进程，但有可能会影响诉讼的进度。而进入破产程序(包括重整、预重整或清算)，则影响诉讼进度的可能会较大。如发生代表人诉讼，您可以选择参加或不参加、加入或退出。 4.投资者索赔登记或预登记应提供下列材料：（1）《身份证》复印件。（2）《证券账户开户信息确认单》原件(加盖证券公司营业部印章)。（3）从首次买入该股票/债券/权证等至今的《证券交易记录流水》原件(加盖证券公司营业部印章)。 （本文由上海汉联律师事务所宋一欣律师供稿，不代表新浪财经的观点。宋一欣律师，1992年起律师执业，现为上海汉联律师事务所合伙人。服务领域主要包括资本市场、证券市场、金融市场的法律服务及投资者/金融消费者权益维护。执业至今，为10000余件/起证券诉讼事务或股东纠纷事务提供过法律服务。编著有《证券法原理与实务》、《证券民事赔偿实务手册》、《股市维权》、《中国证券民事赔偿案件司法裁判文书汇编》、《董事责任保险与投资者权益保护》等书籍。执业证号：13101199210628065） 责任编辑：韦子蓉",0,ST长方(SZ300301),0,2024-04-17 06:29:14,0,0,0,39809,0,新闻,https://xueqiu.com/S/SZ300301/286453730,2026-07-08 16:18:20
286845311,SZ300301,ST长方,,*ST长方：关于投资设立全资子公司的进展公告 网页链接,0,ST长方(SZ300301),0,2024-04-19 10:26:36,0,0,0,5077,0,公告,https://xueqiu.com/S/SZ300301/286845311,2026-07-08 16:18:20
286845312,SZ300301,ST长方,,*ST长方：关于公司部分资产解除查封、冻结的公告 网页链接,0,ST长方(SZ300301),0,2024-04-19 10:26:36,0,0,0,5176,0,公告,https://xueqiu.com/S/SZ300301/286845312,2026-07-08 16:18:20
286968173,SZ300301,ST长方,长方集团康铭盛（深圳）科技有限公司被罚款31269元,金融界2024年4月19日消息，长方集团康铭盛(深圳)科技有限公司因产品(商品)质量违法行为，被深圳市市场监督管理局罚款31269元。 根据公告内容，长方集团康铭盛(深圳)科技有限公司的产品质量违法行为经过进行详述。 长方集团康铭盛(深圳)科技有限公司违反了深圳经济特区产品质量管理条例/第五章法律责任/第五十七条，构成了产品(商品)质量违法行为。对于处罚结果，深圳市市场监督管理局决定对长方集团康铭盛(深圳)科技有限公司罚款31269元，没收违法所得。,0,ST长方(SZ300301),0,2024-04-20 23:35:12,0,0,0,53937,0,新闻,https://xueqiu.com/S/SZ300301/286968173,2026-07-08 16:18:20
287121352,SZ300301,ST长方,*ST长方主力资金持续净流入，3日共净流入1108.65万元,*ST长方（300301）04月22日DDE大单资金(主力资金)净流入772.48万元，两市排名356/5116。近3日*ST长方主力资金持续流入，3日共净流入1108.65万元。 【投顾分析】 该股今日DDE大单净额为正，且最近3日均量亦为正，表明近期主力资金买入居多，主力资金短期处于流入趋势；投顾建议：投资者对该股短期走势可持乐观态度。 免责声明：相关内容根据互联网大数据分析所得，不代表公司立场，不构成投资建议，请注意投资风险。,0,ST长方(SZ300301),0,2024-04-22 08:15:50,0,0,0,52057,0,新闻,https://xueqiu.com/S/SZ300301/287121352,2026-07-08 16:18:20
287128639,SZ300301,ST长方,*ST长方04月22日涨停分析,*ST长方（300301）04月22日涨停收盘，股价上涨19.66%，收盘价为1.40元。 该股于上午 10:35:27涨停。截止15:00:31打开涨停4次，封住涨停时长2小时26分57秒。其涨停封板结构弱，最高封单量：510.12万，目前封板数量：53.29万，占实际流通盘0.10%，占当日成交量：1.85%。 【原因分析】 *ST长方涨停原因类别为ST板块+LED。1、公司的主营业务为从事LED照明光源器件和LED照明产品的研发、设计、生产和销售的企业，主要产品为贴片式LED(含大功率)、移动照明应用产品、其他电子产品。 2、23年11月17日公司互动易披露：子公司长方集团康铭盛（深圳）科技有限公司有与军工资质相关的武器装备质量管理体系认证证书，目前未开展军工业务。 免责声明：相关内容根据互联网大数据分析所得，不代表公司立场，不构成投资建议，请注意投资风险。,0,ST长方(SZ300301),0,2024-04-22 09:03:46,0,0,0,65796,0,新闻,https://xueqiu.com/S/SZ300301/287128639,2026-07-08 16:18:20
287144711,SZ300301,ST长方,,*ST长方：关于股票交易异常波动的公告 网页链接,0,ST长方(SZ300301),0,2024-04-22 11:03:35,0,0,0,5390,0,公告,https://xueqiu.com/S/SZ300301/287144711,2026-07-08 16:18:20
287180782,SZ300301,ST长方,,$*ST长方(SZ300301)$ 还是你猛，立案了都能涨这么猛,0,放牛娃童,4968788086,2024-04-22 14:26:46,0,1,0,56351,0,iPhone,https://xueqiu.com/4968788086/287180782,2026-07-08 16:18:20
287327014,SZ300301,ST长方,,*ST长方：关于收到《购买不动产承诺书》的公告 网页链接,0,ST长方(SZ300301),0,2024-04-23 11:44:13,0,0,0,5945,0,公告,https://xueqiu.com/S/SZ300301/287327014,2026-07-08 16:18:20
287535908,SZ300301,ST长方,,回复@下手须谨慎: 有，如st长方2023年4月29日申请摘星，一直未批。//@下手须谨慎:回复@福宁:有过申请摘帽但是没批准的先例吗？,0,福宁,2490427395,2024-04-24 14:47:31,0,1,0,70485,0,雪球,https://xueqiu.com/2490427395/287535908,2026-07-08 16:18:20
287608078,SZ300301,ST长方,*ST长方上涨创1月新高 主力净流入66万元,"04月25日，*ST长方（维权）（300301）股价大幅上涨，截至09点36分，*ST长方上涨5.00%，报1.47元/股，创近1月新高，成交317万元，换手率0.28%。 资金动向 截止发稿，*ST长方获得主力净流入66万元，其中超大单流入41万元，大单流入25万元。数据显示，该股今日净流入较近5日净流入均值减少153万元。 主营业务及业绩 *ST长方公司主营业务为LED照明光源器件、LED照明产品及电风扇、便携式储能产品等其他电子产品的研发、设计、生产和销售。 最新财报显示，今年三季报，*ST长方实现营业收入4.51亿元，同比减少23.89%，净利润为-8,122.05万元，同比增长24.78%，基本每股收益为-0.10元。 （以上内容为腾讯自选股基于公开消息，由程序或算法智能生成，仅作为用户看盘参考，不作为投资建议或交易依据。股市有风险，请谨慎决策。）",0,ST长方(SZ300301),0,2024-04-25 04:23:08,0,0,0,67670,0,新闻,https://xueqiu.com/S/SZ300301/287608078,2026-07-08 16:18:20
287888870,SZ300301,ST长方,,*ST长方：关于延期回复深圳证券交易所年报问询函（二）的公告 网页链接,0,ST长方(SZ300301),0,2024-04-26 09:27:29,0,0,0,1943,0,公告,https://xueqiu.com/S/SZ300301/287888870,2026-07-08 16:18:20
287927200,SZ300301,ST长方,,*ST长方：关于2024年第一季度报告披露提示性公告 网页链接,0,ST长方(SZ300301),0,2024-04-26 12:25:09,0,0,0,1451,0,公告,https://xueqiu.com/S/SZ300301/287927200,2026-07-08 16:18:20
287927201,SZ300301,ST长方,,*ST长方：董事会关于2022年度内部控制审计报告否定意见涉及事项影响已消除的专项说明 网页链接,0,ST长方(SZ300301),0,2024-04-26 12:25:09,0,0,0,1464,0,公告,https://xueqiu.com/S/SZ300301/287927201,2026-07-08 16:18:20
287927203,SZ300301,ST长方,,*ST长方：关于2024年度公司及子公司向银行及其他企业申请授信或借款额度并提供资产抵押及预计担保额度、开展票据池资产池业务的公告 网页链接,0,ST长方(SZ300301),0,2024-04-26 12:25:09,0,0,0,1482,0,公告,https://xueqiu.com/S/SZ300301/287927203,2026-07-08 16:18:18
287927204,SZ300301,ST长方,,*ST长方：董事会审计委员会对会计师事务所履行监督职责情况的报告 网页链接,0,ST长方(SZ300301),0,2024-04-26 12:25:09,0,0,0,1449,0,公告,https://xueqiu.com/S/SZ300301/287927204,2026-07-08 16:18:18
287927209,SZ300301,ST长方,,*ST长方：关于会计师事务所2023年度履职情况的评估报告 网页链接,0,ST长方(SZ300301),0,2024-04-26 12:25:10,0,0,0,1455,0,公告,https://xueqiu.com/S/SZ300301/287927209,2026-07-08 16:18:18
287927210,SZ300301,ST长方,,*ST长方：关于2023年年度报告披露提示性公告 网页链接,0,ST长方(SZ300301),0,2024-04-26 12:25:10,0,0,0,1473,0,公告,https://xueqiu.com/S/SZ300301/287927210,2026-07-08 16:18:18
287927214,SZ300301,ST长方,,*ST长方：监事会对《董事会关于2022年度内部控制审计报告否定意见涉及事项影响已消除的专项说明》的意见 网页链接,0,ST长方(SZ300301),0,2024-04-26 12:25:11,0,0,0,1487,0,公告,https://xueqiu.com/S/SZ300301/287927214,2026-07-08 16:18:18
287927222,SZ300301,ST长方,,*ST长方：监事会对《董事会关于2022年度审计报告带强调事项段无保留意见涉及事项影响已消除的专项说明》的意见 网页链接,0,ST长方(SZ300301),0,2024-04-26 12:25:12,0,0,0,1509,0,公告,https://xueqiu.com/S/SZ300301/287927222,2026-07-08 16:18:18
287927233,SZ300301,ST长方,,*ST长方：2023年度独立董事述职报告(曾文德） 网页链接,0,ST长方(SZ300301),0,2024-04-26 12:25:13,0,0,0,1507,0,公告,https://xueqiu.com/S/SZ300301/287927233,2026-07-08 16:18:18
287927234,SZ300301,ST长方,,*ST长方：2023年度董事会工作报告 网页链接,0,ST长方(SZ300301),0,2024-04-26 12:25:13,0,0,0,1501,0,公告,https://xueqiu.com/S/SZ300301/287927234,2026-07-08 16:18:18
287927824,SZ300301,ST长方,,*ST长方：2023年度内部控制自我评价报告 网页链接,0,ST长方(SZ300301),0,2024-04-26 12:28:16,0,0,0,1526,0,公告,https://xueqiu.com/S/SZ300301/287927824,2026-07-08 16:18:18
287927825,SZ300301,ST长方,,*ST长方：2023年度独立董事述职报告(李军） 网页链接,0,ST长方(SZ300301),0,2024-04-26 12:28:16,0,0,0,1652,0,公告,https://xueqiu.com/S/SZ300301/287927825,2026-07-08 16:18:18
287927827,SZ300301,ST长方,,*ST长方：2023年度独立董事述职报告(王亮） 网页链接,0,ST长方(SZ300301),0,2024-04-26 12:28:16,0,0,0,1520,0,公告,https://xueqiu.com/S/SZ300301/287927827,2026-07-08 16:18:18
287927828,SZ300301,ST长方,,*ST长方：2023年度监事会工作报告 网页链接,0,ST长方(SZ300301),0,2024-04-26 12:28:16,0,0,0,1512,0,公告,https://xueqiu.com/S/SZ300301/287927828,2026-07-08 16:18:18
287927829,SZ300301,ST长方,,*ST长方：董事会对独董独立性评估的专项意见 网页链接,0,ST长方(SZ300301),0,2024-04-26 12:28:16,0,0,0,1580,0,公告,https://xueqiu.com/S/SZ300301/287927829,2026-07-08 16:18:18
287927831,SZ300301,ST长方,,*ST长方：关于长方集团2022年度审计报告带强调事项段无保留意见涉及事项影响已消除的专项说明审核报告 网页链接,0,ST长方(SZ300301),0,2024-04-26 12:28:16,0,0,0,2502,0,公告,https://xueqiu.com/S/SZ300301/287927831,2026-07-08 16:18:18
287927834,SZ300301,ST长方,,*ST长方：2023年财务决算报告 网页链接,0,ST长方(SZ300301),0,2024-04-26 12:28:17,0,0,0,2456,0,公告,https://xueqiu.com/S/SZ300301/287927834,2026-07-08 16:18:18
287927835,SZ300301,ST长方,,*ST长方：2023年度内部控制审计报告 网页链接,0,ST长方(SZ300301),0,2024-04-26 12:28:17,0,0,0,1909,0,公告,https://xueqiu.com/S/SZ300301/287927835,2026-07-08 16:18:18
287927836,SZ300301,ST长方,,*ST长方：关于2024年度以资产抵押向关联方申请借款额度的公告 网页链接,0,ST长方(SZ300301),0,2024-04-26 12:28:17,0,0,0,2278,0,公告,https://xueqiu.com/S/SZ300301/287927836,2026-07-08 16:18:18
287927837,SZ300301,ST长方,,*ST长方：关于长方集团2023年度营业收入扣除事项的专项核查意见 网页链接,0,ST长方(SZ300301),0,2024-04-26 12:28:17,0,0,0,3386,0,公告,https://xueqiu.com/S/SZ300301/287927837,2026-07-08 16:18:18
287927838,SZ300301,ST长方,,*ST长方：关于2023年度计提资产减值准备的公告 网页链接,0,ST长方(SZ300301),0,2024-04-26 12:28:17,0,0,0,2705,0,公告,https://xueqiu.com/S/SZ300301/287927838,2026-07-08 16:18:18
287927839,SZ300301,ST长方,,*ST长方：关于2024年度董事、监事、高级管理人员薪酬方案的公告 网页链接,0,ST长方(SZ300301),0,2024-04-26 12:28:17,0,0,0,2675,0,公告,https://xueqiu.com/S/SZ300301/287927839,2026-07-08 16:18:18
287927840,SZ300301,ST长方,,*ST长方：关于长方集团2022年度内部控制审计报告否定意见涉及事项影响已消除的专项说明审核报告0426 网页链接,0,ST长方(SZ300301),0,2024-04-26 12:28:17,0,0,0,4070,0,公告,https://xueqiu.com/S/SZ300301/287927840,2026-07-08 16:18:16
287927841,SZ300301,ST长方,,*ST长方：2023年度独立董事述职报告(王寿群） 网页链接,0,ST长方(SZ300301),0,2024-04-26 12:28:17,0,0,0,2972,0,公告,https://xueqiu.com/S/SZ300301/287927841,2026-07-08 16:18:16
287927845,SZ300301,ST长方,,*ST长方：董事会决议公告 网页链接,0,ST长方(SZ300301),0,2024-04-26 12:28:18,0,0,0,3688,0,公告,https://xueqiu.com/S/SZ300301/287927845,2026-07-08 16:18:16
287927846,SZ300301,ST长方,,*ST长方：关于拟续聘会计师事务所的公告 网页链接,0,ST长方(SZ300301),0,2024-04-26 12:28:18,0,0,0,3686,0,公告,https://xueqiu.com/S/SZ300301/287927846,2026-07-08 16:18:16
287927848,SZ300301,ST长方,,*ST长方：关于长方集团2023年度非经营性资金占用及其他关联资金往来情况的专项说明 网页链接,0,ST长方(SZ300301),0,2024-04-26 12:28:18,0,0,0,4717,0,公告,https://xueqiu.com/S/SZ300301/287927848,2026-07-08 16:18:16
287927849,SZ300301,ST长方,,*ST长方：2023年年度报告摘要 网页链接,0,ST长方(SZ300301),0,2024-04-26 12:28:18,0,0,0,4427,0,公告,https://xueqiu.com/S/SZ300301/287927849,2026-07-08 16:18:16
287927859,SZ300301,ST长方,,*ST长方：董事会关于2022年度审计报告带强调事项段无保留意见涉及事项影响已消除的专项说明 网页链接,0,ST长方(SZ300301),0,2024-04-26 12:28:19,0,0,0,4281,0,公告,https://xueqiu.com/S/SZ300301/287927859,2026-07-08 16:18:16
287927860,SZ300301,ST长方,,*ST长方：2023年年度审计报告 网页链接,0,ST长方(SZ300301),0,2024-04-26 12:28:19,0,0,0,4294,0,公告,https://xueqiu.com/S/SZ300301/287927860,2026-07-08 16:18:16
287927861,SZ300301,ST长方,,*ST长方：2023年年度报告 网页链接,0,ST长方(SZ300301),0,2024-04-26 12:28:19,0,0,0,4775,0,公告,https://xueqiu.com/S/SZ300301/287927861,2026-07-08 16:18:16
287927870,SZ300301,ST长方,,*ST长方：关于公司未弥补亏损超过实收股本总额三分之一的公告 网页链接,0,ST长方(SZ300301),0,2024-04-26 12:28:20,0,0,0,4925,0,公告,https://xueqiu.com/S/SZ300301/287927870,2026-07-08 16:18:16
287927873,SZ300301,ST长方,,*ST长方：关于申请撤销公司股票交易其他风险警示的公告 网页链接,0,ST长方(SZ300301),0,2024-04-26 12:28:21,24,3,0,16584,1,公告,https://xueqiu.com/S/SZ300301/287927873,2026-07-08 16:18:16
287927877,SZ300301,ST长方,,*ST长方：2024年一季度报告 网页链接,0,ST长方(SZ300301),0,2024-04-26 12:28:21,0,1,0,6588,0,公告,https://xueqiu.com/S/SZ300301/287927877,2026-07-08 16:18:16
287927881,SZ300301,ST长方,,*ST长方：2023年度独立董事述职报告(朱星文） 网页链接,0,ST长方(SZ300301),0,2024-04-26 12:28:22,0,0,0,5659,0,公告,https://xueqiu.com/S/SZ300301/287927881,2026-07-08 16:18:16
287927886,SZ300301,ST长方,,*ST长方：公司章程（2024年4月） 网页链接,0,ST长方(SZ300301),0,2024-04-26 12:28:22,0,0,0,5778,0,公告,https://xueqiu.com/S/SZ300301/287927886,2026-07-08 16:18:16
287927887,SZ300301,ST长方,,*ST长方：监事会决议公告 网页链接,0,ST长方(SZ300301),0,2024-04-26 12:28:22,0,0,0,6197,0,公告,https://xueqiu.com/S/SZ300301/287927887,2026-07-08 16:18:16
287927895,SZ300301,ST长方,,*ST长方：2023年度独立董事述职报告(阮军） 网页链接,0,ST长方(SZ300301),0,2024-04-26 12:28:23,0,0,0,6806,0,公告,https://xueqiu.com/S/SZ300301/287927895,2026-07-08 16:18:16
287927897,SZ300301,ST长方,,*ST长方：关于召开2023年度股东大会的通知 网页链接,0,ST长方(SZ300301),0,2024-04-26 12:28:23,0,0,0,6833,0,公告,https://xueqiu.com/S/SZ300301/287927897,2026-07-08 16:18:16
287927903,SZ300301,ST长方,,*ST长方：《公司章程》修订对照表 网页链接,0,ST长方(SZ300301),0,2024-04-26 12:28:24,0,0,0,6870,0,公告,https://xueqiu.com/S/SZ300301/287927903,2026-07-08 16:18:16
287930551,SZ300301,ST长方,,仍然在立案调查中的$*ST长方(SZ300301)$ 给下周保壳的各家公司树立了典范！,0,黑马挖掘机2024,3850339348,2024-04-26 12:39:12,4,5,0,84092,0,iPhone,https://xueqiu.com/3850339348/287930551,2026-07-08 16:18:16
287930810,SZ300301,ST长方,*ST长方：4月25日召开董事会会议,每经AI快讯，*ST长方（SZ 300301，收盘价：1.45元）4月26日晚间发布公告称，公司第五届第四次董事会会议于2024年4月25日在公司会议室以现场和通讯相结合的方式召开。审议了《关于2023年度董事会工作报告的议案》等。 2023年1至6月份，*ST长方的营业收入构成为：工业占比96.96%。 *ST长方的总经理、董事长均是吴涛祥，男，51岁，学历背景为硕士。 截至发稿，*ST长方市值为11亿元。 道达号（daoda1997）“个股趋势”提醒：1. 近30日内无机构对*ST长方进行调研。 每经头条（nbdtoutiao）——拜登签了，不剥离就被禁！要出售TikTok？字节跳动紧急声明：不实！ 周受资：我们不会离开 (记者 曾健辉) 免责声明：本文内容与数据仅供参考，不构成投资建议，使用前请核实。据此操作，风险自担。 每日经济新闻,0,每日经济新闻,4642157440,2024-04-26 12:40:11,0,1,0,75427,0,雪球,https://xueqiu.com/4642157440/287930810,2026-07-08 16:18:16
287949200,SZ300301,ST长方,,$*ST长方(SZ300301)$ 这内幕资金提前了多少啊？太太太内幕了,0,放牛娃童,4968788086,2024-04-26 14:01:13,0,0,0,77914,0,iPhone,https://xueqiu.com/4968788086/287949200,2026-07-08 16:18:14
288116336,SZ300301,ST长方,*ST长方：公司尚未收到鑫旺资本股权将被处置的相关信息,同花顺（300033）金融研究中心04月28日讯，有投资者向*ST长方（300301）提问， 国资控股的鑫旺资本作为公司最大股东有介入公司生产经营与管理活动吗？其所持股份被法院司法冻结的原因是什么？是否存在股权被处置的情形？ 公司回答表示，您好，感谢您的关注！鑫旺资本作为公司股东依法行使股东权利向公司提名推荐了董事，其推荐的董事履行《公司法》等法律法规及《公司章程》赋予董事的职责；目前，公司尚未收到鑫旺资本股权将被处置的相关信息，公司将持续关注鑫旺资本股份被冻结情况并按相关法律法规规定及时履行信息披露义务。 点击进入互动平台 查看更多回复信息,0,ST长方(SZ300301),0,2024-04-28 10:08:21,0,0,0,66694,0,新闻,https://xueqiu.com/S/SZ300301/288116336,2026-07-08 16:18:14
288146253,SZ300301,ST长方,来了一大群申请摘帽的 20240428,周末，好几家ST公司申请摘帽。查询申请摘帽的途径，还是通过问财网。搜索关键字“申请撤销警示”，找出相关公告，然后核实一下是申请摘星还是申请摘帽。好多申请摘帽的，懒得一一打字了，截个图吧。其中*ST长方有些特殊，它去年4月29日披露年报时，申请撤销退市风险警示并继续实施其他风险警示（摘*ST但不摘ST，即摘星不摘帽），但交易所对它摘星的申请一直没有赞同，所以今年它不重复申请摘*ST帽，只补充申请摘ST帽。,0,小黑黑小小,5525339011,2024-04-28 16:06:57,9,31,3,164972,14,雪球,https://xueqiu.com/5525339011/288146253,2026-07-08 16:18:14
288301414,SZ300301,ST长方,,*ST长方：关于长方集团2024年第一次临时股东大会的法律意见书 网页链接,0,ST长方(SZ300301),0,2024-04-29 11:23:47,0,0,0,7391,0,公告,https://xueqiu.com/S/SZ300301/288301414,2026-07-08 16:18:14
288301418,SZ300301,ST长方,,*ST长方：2024年第一次临时股东大会决议公告 网页链接,0,ST长方(SZ300301),0,2024-04-29 11:23:48,0,0,0,6959,0,公告,https://xueqiu.com/S/SZ300301/288301418,2026-07-08 16:18:14
288943833,SZ300301,ST长方,,*ST长方：关于公司股票交易被实施其他风险警示相关事项的进展公告 网页链接,0,ST长方(SZ300301),0,2024-05-06 11:39:06,0,0,0,7940,0,公告,https://xueqiu.com/S/SZ300301/288943833,2026-07-08 16:18:14
289218639,SZ300301,ST长方,,*ST长方：年报问询函 网页链接,0,ST长方(SZ300301),0,2024-05-08 08:58:04,0,0,0,7349,0,公告,https://xueqiu.com/S/SZ300301/289218639,2026-07-08 16:18:14
289228008,SZ300301,ST长方,,*ST长方：关于股东权益变动的提示性公告 网页链接,0,ST长方(SZ300301),0,2024-05-08 10:16:07,0,0,0,7278,0,公告,https://xueqiu.com/S/SZ300301/289228008,2026-07-08 16:18:14
289228009,SZ300301,ST长方,,*ST长方：简式权益变动报告书 网页链接,0,ST长方(SZ300301),0,2024-05-08 10:16:07,0,0,0,7437,0,公告,https://xueqiu.com/S/SZ300301/289228009,2026-07-08 16:18:14
289381632,SZ300301,ST长方,,*ST长方：关于公司涉及重大诉讼的公告 网页链接,0,ST长方(SZ300301),0,2024-05-09 10:26:07,0,0,0,8284,0,公告,https://xueqiu.com/S/SZ300301/289381632,2026-07-08 16:18:14
290136274,SZ300301,ST长方,,*ST长方：关于延期回复深圳证券交易所年报问询函（二）的公告 网页链接,0,ST长方(SZ300301),0,2024-05-15 11:46:09,0,0,0,7034,0,公告,https://xueqiu.com/S/SZ300301/290136274,2026-07-08 16:18:14
290136277,SZ300301,ST长方,,*ST长方：中兴财光华关于深交所对长方集团2023年年报问询函的回复 网页链接,0,ST长方(SZ300301),0,2024-05-15 11:46:09,0,0,0,7517,0,公告,https://xueqiu.com/S/SZ300301/290136277,2026-07-08 16:18:14
290136282,SZ300301,ST长方,,*ST长方：关于举办2023年度业绩说明会的公告 网页链接,0,ST长方(SZ300301),0,2024-05-15 11:46:10,0,0,0,7021,0,公告,https://xueqiu.com/S/SZ300301/290136282,2026-07-08 16:18:14
290136291,SZ300301,ST长方,,*ST长方：关于对深圳证券交易所2023年年报问询函回复的公告 网页链接,0,ST长方(SZ300301),0,2024-05-15 11:46:11,0,0,0,8305,0,公告,https://xueqiu.com/S/SZ300301/290136291,2026-07-08 16:18:14
290138024,SZ300301,ST长方,*ST长方：业绩说明会定于5月20日举行,每经AI快讯，*ST长方（SZ 300301，收盘价：1.46元）5月15日晚间发布公告称，公司2023年年度业绩说明会定于2024年5月20日（星期一）15:00-17:00，以网络互动的形式进行。出席本次业绩说明会的人员有：公司董事长、总经理吴涛祥先生，独立董事王亮先生，财务负责人陈君维先生。 截至发稿，*ST长方市值为12亿元。 道达号（daoda1997）“个股趋势”提醒：1. 近30日内无机构对*ST长方进行调研。 每经头条（nbdtoutiao）——知名企业家个人信息遭大规模泄露，涉蜜雪冰城、荣盛、森马、蔚来等，平均约2分钱一条！卖家称数据上亿 (记者 曾健辉) 免责声明：本文内容与数据仅供参考，不构成投资建议，使用前请核实。据此操作，风险自担。 每日经济新闻,0,每日经济新闻,4642157440,2024-05-15 12:00:10,0,1,0,63408,0,雪球,https://xueqiu.com/4642157440/290138024,2026-07-08 16:18:14
290728079,SZ300301,ST长方,,*ST长方：2023年度网上业绩说明会投资者关系活动记录表 网页链接,0,ST长方(SZ300301),0,2024-05-20 10:13:10,0,0,0,8173,0,公告,https://xueqiu.com/S/SZ300301/290728079,2026-07-08 16:18:14
290759707,SZ300301,ST长方,*ST长方：5月20日召开业绩说明会，投资者参与,证券之星消息，2024年5月20日*ST长方（300301）发布公告称公司于2024年5月20日召开业绩说明会。具体内容如下：问：请贵司对于深圳证券交易所对其2023年年报的询函中到的各项如何评估并进行处理答：您好，感谢您的关注！公司对交易所下发的2023年年报问询函已复，具体内容详见公司于2024年5月15日披露的《关于对深圳证券交易所2023年年报问询函复的公告》（公告编号2024-054）问：领导！对于中国证券监督管理委员会的信息披露违法违规立案调查，公司是否已采取必要的补救措施来防止类似事件再次发生？答：您好，感谢您的关注！公司于2022年6 月27日行使股东权利通过康铭盛股东会免除了康铭盛执行董事及监事，并重新委派了康铭盛执行董事及监事。随后，康铭盛更换了包括总经理、财务负责人、信息部负责人等核心管理人员，由公司财务负责人兼任康铭盛财务负责人、信息管理中心负责人兼任康铭盛信息部负责人，落实公司对康铭盛的各项管控措施。2022年 8月15日公司已全面接管康铭盛。公司现已能对康铭盛实施有效管控，保证康铭盛能够遵照执行公司对子公司管理的各项制度。同时公司已修订内部管理制度，加强对子公司管控并对管理人员进行了制度及合规培训，提升公司管理人员合规运营意识，以防止类似事件发生。问：公司如何评估控股子公司康铭盛的失控风险，公司是否有计划采取进一步行动以加强对该子公司的控制？答：您好，感谢您的关注！2022年 8月15日公司已全面接管康铭盛，已能对康铭盛实施有效管控，不存在失控风险。同时，公司已调整管理架构、建立并完善了对子公司管控各项制度，相关制度能够得到有效运行。问：鉴于康铭盛的巨额未入账返利，公司是否有进行内部审查和整改？答：您好，感谢您的关注！关于康铭盛未入账返利问题，公司已于2022年5月18日成立调查委员会，调查核实返利相关事项，并已于2022年12月20日披露了《关于2021年度审计报告所涉风险事项调查报告的公告》（公告编号2022-131），对无法表示意见的风险事项公司已按照调查委员会的调查核实的情况及整改建议进行了整改，于2023年度对因控股子公司康铭盛产生的前期财务报表重大会计差错进行了更正并审议。中兴财光华对公司会计差错更正事项出具了《关于深圳市长方集团股份有限公司会计差错更正专项说明的审核报告》（中兴财光华审专字【2022】第225002号）。问：你好，请公司如何平衡其在不同生产基地（如深圳、惠州、江西等）的生产和研发活动，有计划进一步扩大或缩减生产规模吗答：您好，感谢您的关注！深圳基地主要是康铭盛照明产品的研发基地；江西高安是康铭盛主要生产基地；江西南昌是江西长方光源封装研发与生产基地；光源封装产线已于2022年末由广东惠州搬迁至江西南昌。公司将据市场及订单情况进行生产安排。问：过去一年的主要业绩指标，比如营收、净利润、毛利率这些数据，与预期相比如何，是否有达到公司的年度目标答：您好，感谢您的关注！2023年度受国际形势变化及经济环境的影响，行业整体市场需求萎缩。同时，康铭盛生产销售仍处于恢复状态、封装业务于2022年末完成搬迁后2023年度处于安装调试及产能爬坡状态，公司营收及净利润未达到预期。问：请贵司2023年管理层团队是否有变动答：您好，感谢您的关注！公司已于2023年12月29日完成董事会监事会换届选举并聘任了新一届高级管理人员，其中，管理层团队较之前新增了副总经理谢慧女士，充实了公司管理力量。问：各位领导好，在2023年财报中，公司归母净利润亏损约42亿元，同比虽有所减少但亏损仍然显著，目前准备采取哪些具体措施来改善盈利状况答：您好，感谢您的关注！市场方面，公司将挖掘新消费新需求研发适销对路产品，针对新兴消费者特点，加大电商网络的开拓，尤其是要加大各短视频等新媒体平台的营销投入；管理方面，公司将持续推进精益化生产管理，实行绩效考核，盘活资产，加强存货、应收账款等资产周转管理提高资金使用效率，加强成本管控；经营方面，在现有业务基础上寻找发展机会，布局新能源业务，增加公司盈利点问：请贵司在面对上游芯片成本上涨和下游需求萎缩的双重压力时，有没有采取了一些措施来降低生产成本、高生产效率答：您好，感谢您的关注！公司从优化产品结构设计方面减少材料综合成本，提升采购管理水平；实施了精益化生产管理，优化生产人员配置，强化绩效考核，降低制造成本，提高生产效率。问：公司年报中到的重大诉讼案件对公司的业务有影响吗答：您好，感谢您的关注！公司2023年报中提及的重大诉讼对公司业务无影响，公司将持续关注相关案件进展情况并根据相关法律法规的规定履行信息披露义务。问：公司如何加强内控管理？答：您好，感谢您的关注！公司将根据公司实际情况并结合法律法规的变动持续完善内控管理制度；财务管理中心将根据内控制度对公司经营活动进行日常监督管理；审计部对内控制度的执行情况进行审计监督；监事会对内控制度的执行情况进行监督检查，履行监督职责。总之公司将从制度建设、制度执行、制度执行监督等多方面加强公司内控管理。*ST长方（300301）主营业务：LED照明光源器件、LED照明产品及电风扇、便携式储能产品等其他电子产品的研发、设计、生产和销售。*ST长方2024年一季报显示，公司主营收入1.37亿元，同比下降8.75%；归母净利润-327.52万元，同比上升82.42%；扣非净利润-633.39万元，同比上升68.58%；负债率93.88%，财务费用723.65万元，毛利率29.39%。该股最近90天内无机构评级。以上内容由证券之星根据公开信息整理，由算法生成（网信算备310104345710301240019号），与本站立场无关，如数据存在问题请联系我们。本文为数据整理，不对您构成任何投资建议，投资有风险，请谨慎决策。,0,证券之星财经,5187193467,2024-05-20 15:10:26,0,1,0,72834,0,雪球,https://xueqiu.com/5187193467/290759707,2026-07-08 16:18:14
290878422,SZ300301,ST长方,,*ST长方：关于向关联方借款暨关联交易的进展公告 网页链接,0,ST长方(SZ300301),0,2024-05-21 11:03:11,0,0,0,8143,0,公告,https://xueqiu.com/S/SZ300301/290878422,2026-07-08 16:18:14
291034266,SZ300301,ST长方,,*ST长方：2023年度股东大会决议公告 网页链接,0,ST长方(SZ300301),0,2024-05-22 11:53:08,0,1,0,8775,0,公告,https://xueqiu.com/S/SZ300301/291034266,2026-07-08 16:18:14
291034269,SZ300301,ST长方,,*ST长方：关于深圳市长方集团股份有限公司2023年度股东大会的法律意见书 网页链接,0,ST长方(SZ300301),0,2024-05-22 11:53:08,0,0,0,10108,0,公告,https://xueqiu.com/S/SZ300301/291034269,2026-07-08 16:18:14
291189703,SZ300301,ST长方,,*ST长方：关于拟公开挂牌转让公司部分资产的进展公告 网页链接,0,ST长方(SZ300301),0,2024-05-23 11:26:08,0,1,0,12121,0,公告,https://xueqiu.com/S/SZ300301/291189703,2026-07-08 16:18:12
291621476,SZ300301,ST长方,,*ST长方：2024年5月27日投资者关系活动记录表 网页链接,0,ST长方(SZ300301),0,2024-05-28 00:38:08,0,1,0,11607,0,公告,https://xueqiu.com/S/SZ300301/291621476,2026-07-08 16:18:12
291643025,SZ300301,ST长方,*ST长方：中金銀海(香港)基金有限公司、幸福階乘(香港)基金有限公司等多家机构于5月27日调研我司,证券之星消息，2024年5月28日*ST长方（300301）发布公告称中金銀海(香港)基金有限公司雍心、幸福階乘(香港)基金有限公司张东晓、江苏领扬百亿特私募基金管理有限公司陈跃华于2024年5月27日调研我司。具体内容如下：问：公司撤销退市风险警示的概率有多大？答：公司对前期会计差错进行了更正，2022年会计师事务所对公司财务报告出具了无保留意见的审计报告，公司于2023年4月29日向深圳证券交易所提交了关于撤销对公司股票交易实施退市风险警示的申请；于2023年6月30日收到2022年《年报问询函（二）》，截至目前，《年报问询函（二）尚未复披露。公司关于撤销退市风险警示的申请尚需经深圳证券交易所批准，能否获得深圳证券交易所批准尚存在不确定性，最终撤销情况以深圳证券交易所审核意见为准。2、公司撤销其他风险警示的进展如何？会计师事务所对公司2023年度内部控制审计出具了标准意见的审计报告，公司已于2024年4月27日披露内部控制审计报告的同时向深圳证券交易所提交撤销对公司股票实施其他风险警示的申请；于2024年5月7日收到深圳证券交易所创业板公司管理部发来的《关于对深圳市长方集团股份有限公司的年报问询函》（创业板年报问询函〔2024〕第65号），公司已于2024年5月15日复并披露。截至目前，公司关于撤销其他风险警示的申请仍在交易所审核中，最终撤销情况以深圳证券交易所审核意见为准。3、经历控股子公司康铭盛管控失效事件后，公司采取了哪些措施保证内部控制能够有效执行？公司于2022年6 月27 日行使股东权利通过康铭盛股东会免除了康铭盛执行董事及监事，并重新委派了康铭盛执行董事及监事。随后，康铭盛更换了包括总经理、财务负责人、信息部负责人等核心管理人员，由公司财务负责人兼任康铭盛财务负责人、信息管理中心负责人兼任康铭盛信息部负责人，落实公司对康铭盛的各项管控措施。公司于2022年8月全面接管子公司康铭盛，在包括但不限于财务、信息、行政人事、经营等多方面对康铭盛实施有效管控，已能全面管控康铭盛；公司已修订内部管理制度，加强对子公司管控并对管理人员进行了制度及合规培训，提升公司管理人员合规运营意识；同时，公司加强对子公司的财务及审计监督，不定期抽查内控制度的执行情况，持续完善内控制度的建设，保证子公司合规运营。4、公司撤销退市风险警示及其他风险警示后，是否会布局新的业务增长点？2024年度，公司已在江西设立新能源子公司，将在现有封装及离网照明业务基础上积极布局新能源业务，增加公司盈利点，提高公司营业收入。5、公司2018年开始计提的资产减值损失否主要集中于生产设备？是否有采购新设备？公司主要对生产设备及商誉计提资产减值损失。封装行业生产设备更新迭代速度较快，公司主要根据机器设备实际情况及相关资产评估结果对设备计提相应减值。公司近期未采购新设备。6、公司现阶段生产经营情况及康铭盛在公司所占地位？公司目前在生产经营方面存在哪些困难？2023年度，公司封装业务受产线搬迁及产能恢复的影响，营收较低2024年都预计封装业务有一定增长，但因封装行业竞争激烈，毛利率较低预计封装业务对公司营收及利润的影响较小。离网照明业务方面，2023年度康铭盛营收占公司总营收近90%，其对公司的重要程度不言而喻。康铭盛有近60%的出口业务，受国际形势变化及汇率波动影响，公司产品出口业务受到挑战。现阶段公司流动资金紧张，在一定程度上影响了公司生产经营。同时受经济环境等外部因素影响，公司生产经营受到一定程度的影响，公司将通过研发新产品、开拓新市场、加大电商投入，提高公司营收及利润。7、公司对海外市场的开拓有何计划？ 公司传统产品主要销往电网基础设施薄弱的地区，例如东南亚中东、非洲等。随着相关地区电力基础设施的完善，传统离网照明产品需求增长趋缓，但毛利率较高的户外休闲离网照明产品需求旺盛，公司具有强大的研发设计团队，已根据新的市场需求开发适销对路的产品，形成了新的市场增长点。公司将加大东南亚、拉美等地区市场开发力度，同时加大新产品的研发投入及电商、新媒体营销投入，满足消费者的个性化需求不断提高海外市场占有率。8、公司股东深圳市高新投小额贷款有限公司成为公司股东的由来？深圳市高新投小额贷款有限公司通过司法拍卖方式竞得邓氏兄弟被司法拍卖的公司股份，从而成为公司股东。9、公司高管对公司目前股价的看法？公司子公司康铭盛离网照明业务处于行业领先地位，具有强大的研发设计能力，分销渠道遍布全球，市场竞争力较强，康铭盛具有较高的投资价值。公司关联方向公司提供借款体现了其对公司发展的支持及对公司投资价值的认可，公司高管通过共青城长方投资合伙企业（有限合伙）持有公司股份亦是基于对公司未来价值的认可。10、公司已持续亏损多年，2024年度能否扭亏为盈？公司2024年度以扭亏为盈为经营目标，是否能扭亏为盈及具体业绩情况以公司后续定期报告为准。11、公司计提的坏账准备是否说明款困难？公司2024年是否还会出现应收账款坏账准备及存货跌价准备？根据会计准则相关规定，公司期末只要存在应收账款和存货均需按会计政策计提存货跌价准备和坏账准备。*ST长方（300301）主营业务：LED照明光源器件、LED照明产品及电风扇、便携式储能产品等其他电子产品的研发、设计、生产和销售。*ST长方2024年一季报显示，公司主营收入1.37亿元，同比下降8.75%；归母净利润-327.52万元，同比上升82.42%；扣非净利润-633.39万元，同比上升68.58%；负债率93.88%，财务费用723.65万元，毛利率29.39%。该股最近90天内无机构评级。以上内容由证券之星根据公开信息整理，由算法生成（网信算备310104345710301240019号），与本站立场无关，如数据存在问题请联系我们。本文为数据整理，不对您构成任何投资建议，投资有风险，请谨慎决策。,0,证券之星财经,5187193467,2024-05-28 02:20:06,0,0,0,66627,0,雪球,https://xueqiu.com/5187193467/291643025,2026-07-08 16:18:12
291670971,SZ300301,ST长方,,$*ST长方(SZ300301)$ 现在上车还来得及吗？小芳姑娘,0,佳怡是你吗,2503381322,2024-05-28 04:57:29,9,0,0,90754,0,Android,https://xueqiu.com/2503381322/291670971,2026-07-08 16:18:12
291717260,SZ300301,ST长方,*ST长方获3家机构调研：公司子公司康铭盛离网照明业务处于行业领先地位，具有强大的研发设计能力，分销...,*ST长方（300301）5月28日发布投资者关系活动记录表，公司于2024年5月27日接受3家机构调研，机构类型为基金公司。 投资者关系活动主要内容介绍： 问：公司撤销退市风险警示的概率有多大？ 答：公司对前期会计差错进行了更正，2022年会计师事务所对公司财务报告出具了无保留意见的审计报告，公司于2023年4月29日向深圳证券交易所提交了关于撤销对公司股票交易实施退市风险警示的申请；于2023年6月30日收到2022年《年报问询函（二）》，截至目前，《年报问询函（二）》尚未回复披露。公司关于撤销退市风险警示的申请尚需经深圳证券交易所批准，能否获得深圳证券交易所批准尚存在不确定性，最终撤销情况以深圳证券交易所审核意见为准。 问：公司撤销其他风险警示的进展如何？ 答：会计师事务所对公司2023年度内部控制审计出具了标准意见的审计报告，公司已于2024年4月27日披露内部控制审计报告的同时向深圳证券交易所提交撤销对公司股票实施其他风险警示的申请；于2024年5月7日收到深圳证券交易所创业板公司管理部发来的《关于对深圳市长方集团股份有限公司的年报问询函》（创业板年报问询函〔2024〕第65号），公司已于2024年5月15日回复并披露。截至目前，公司关于撤销其他风险警示的申请仍在交易所审核中，最终撤销情况以深圳证券交易所审核意见为准。 问：经历控股子公司康铭盛管控失效事件后，公司采取了哪些措施保证内部控制能够有效执行？ 答：公司于2022年6月27日行使股东权利通过康铭盛股东会免除了康铭盛执行董事及监事，并重新委派了康铭盛执行董事及监事。随后，康铭盛更换了包括总经理、财务负责人、信息部负责人等核心管理人员，由公司财务负责人兼任康铭盛财务负责人、信息管理中心负责人兼任康铭盛信息部负责人，落实公司对康铭盛的各项管控措施。公司于2022年8月全面接管子公司康铭盛，在包括但不限于财务、信息、行政人事、经营等多方面对康铭盛实施有效管控，已能全面管控康铭盛；公司已修订内部管理制度，加强对子公司管控并对管理人员进行了制度及合规培训，提升公司管理人员合规运营意识；同时，公司加强对子公司的财务及审计监督，不定期抽查内控制度的执行情况，持续完善内控制度的建设，保证子公司合规运营。 问：公司撤销退市风险警示及其他风险警示后，是否会布局新的业务增长点？ 答：2024年度，公司已在江西设立新能源（001258）子公司，将在现有封装及离网照明业务基础上积极布局新能源业务，增加公司盈利点，提高公司营业收入。 问：公司2018年开始计提的资产减值损失否主要集中于生产设备？是否有采购新设备？ 答：公司主要对生产设备及商誉计提资产减值损失。封装行业生产设备更新迭代速度较快，公司主要根据机器设备实际情况及相关资产评估结果对设备计提相应减值。公司近期未采购新设备。 问：公司现阶段生产经营情况及康铭盛在公司所占地位？公司目前在生产经营方面存在哪些困难？ 答：2023年度，公司封装业务受产线搬迁及产能恢复的影响，营收较低，2024年都预计封装业务有一定增长，但因封装行业竞争激烈，毛利率较低，预计封装业务对公司营收及利润的影响较小。离网照明业务方面，2023年度康铭盛营收占公司总营收近90%，其对公司的重要程度不言而喻。康铭盛有近60%的出口业务，受国际形势变化及汇率波动影响，公司产品出口业务受到挑战。现阶段公司流动资金紧张，在一定程度上影响了公司生产经营。同时受经济环境等外部因素影响，公司生产经营受到一定程度的影响，公司将通过研发新产品、开拓新市场、加大电商投入，提高公司营收及利润。 问：公司对海外市场的开拓有何计划？ 答： 公司传统产品主要销往电网基础设施薄弱的地区，例如东南亚、中东、非洲等。随着相关地区电力基础设施的完善，传统离网照明产品需求增长趋缓，但毛利率较高的户外休闲离网照明产品需求旺盛，公司具有强大的研发设计团队，已根据新的市场需求开发适销对路的产品，形成了新的市场增长点。公司将加大东南（002263）亚、拉美等地区市场开发力度，同时加大新产品的研发投入及电商、新媒体营销投入，满足消费者的个性化需求，不断提高海外市场占有率。 问：公司股东深圳市高新投小额贷款有限公司成为公司股东的由来？ 答：深圳市高新投小额贷款有限公司通过司法拍卖方式竞得邓氏兄弟被司法拍卖的公司股份，从而成为公司股东。 问：公司高管对公司目前股价的看法？ 答：公司子公司康铭盛离网照明业务处于行业领先地位，具有强大的研发设计能力，分销渠道遍布全球，市场竞争力较强，康铭盛具有较高的投资价值。公司关联方向公司提供借款体现了其对公司发展的支持及对公司投资价值的认可，公司高管通过共青城长方投资合伙企业（有限合伙）持有公司股份亦是基于对公司未来价值的认可。 问：公司已持续亏损多年，2024年度能否扭亏为盈？ 答：公司2024年度以扭亏为盈为经营目标，是否能扭亏为盈及具体业绩情况以公司后续定期报告为准。 问：公司计提的坏账准备是否说明回款困难？公司2024年是否还会出现应收账款坏账准备及存货跌价准备？ 答：根据会计准则相关规定，公司期末只要存在应收账款和存货均需按会计政策计提存货跌价准备和坏账准备; 调研参与机构详情如下： 参与单位名称参与单位类别参与人员姓名幸福階乘(香港)基金有限公司基金公司张东晓中金銀海(香港)基金有限公司--雍心江苏领扬百亿特私募基金管理有限公司--陈跃华,0,ST长方(SZ300301),0,2024-05-28 09:35:16,0,0,0,53065,0,新闻,https://xueqiu.com/S/SZ300301/291717260,2026-07-08 16:18:12
291825784,SZ300301,ST长方,深交所向*ST长方发出问询函,每经AI快讯，2024年5月29日，深交所向*ST长方（SZ 300301，最新价：1.46元）发出问询函：2024年5月7日，我部向你公司发出2023年年报问询函，你公司于2024年5月15日披露《关于对深圳证券交易所年报问询函回复的公告》。针对“2023年2月6日，你公司披露公告称因控股子公司长方集团康铭盛（深圳）科技有限公司涉嫌拒绝、阻碍证券监督管理机构及其工作人员依法履行监督检查职权，中国证监会决定对康铭盛立案。2024年4月12日，你公司披露公告称因公司涉嫌信息披露违法违规，中国证监会决定对你公司立案。”等情况，深交所提出包括“详细说明公司及子公司被立案调查后的相关事项进展情况及其对公司的影响。”等要求。 道达号（daoda1997）“个股趋势”提醒：1. 近30日内共有1批机构对*ST长方调研，合计调研的机构家数为3家。 每经头条（nbdtoutiao）——打游戏两年能挣50万元？揭开职业代练、陪玩隐秘一角 (记者 王晓波) 免责声明：本文内容与数据仅供参考，不构成投资建议，使用前请核实。据此操作，风险自担。 每日经济新闻,0,每日经济新闻,4642157440,2024-05-29 04:50:18,0,0,0,82730,0,雪球,https://xueqiu.com/4642157440/291825784,2026-07-08 16:18:12
291827769,SZ300301,ST长方,,*ST长方：年报问询函 网页链接,0,ST长方(SZ300301),0,2024-05-29 05:08:03,1,0,0,14916,0,公告,https://xueqiu.com/S/SZ300301/291827769,2026-07-08 16:18:12
291828684,SZ300301,ST长方,,【*ST长方收深交所问询函 被要求说明公司及子公司被立案调查后的相关事项进展情况】深交所5月29日向*ST长方发出年报问询函，2023年2月6日，公司披露公告称因控股子公司长方集团康铭盛（深圳）科技有限公司涉嫌拒绝、阻碍证券监督管理机构及其工作人员依法履行监督检查职权，中国证监会决定对康铭盛立案。2024年4月12日，公司披露公告称因公司涉嫌信息披露违法违规，中国证监会决定对公司立案。公司被要求详细说明公司及子公司被立案调查后的相关事项进展情况及其对公司的影响。明确说明公司及子公司被立案调查事项是否可能对公司当期及前期财务报表产生影响及影响的范围。结合对前述问题的回复等，明确说明公司及子公司被立案调查对公司截至报告期末内部控制有效性的影响。,0,7X24快讯,5124430882,2024-05-29 05:14:00,0,5,0,148367,0,雪球,https://xueqiu.com/5124430882/291828684,2026-07-08 16:18:12
291835913,SZ300301,ST长方,*ST长方跌5.30% 主力净流出228万,05月29日，*ST长方（维权）（300301）股价大幅下跌，截至13点09分，*ST长方下跌5.30%，报1.43元/股，成交1496万元，换手率1.29%，振幅5.96%。 资金动向 截止发稿，*ST长方获得主力净流出228万元，其中超大单流出42万元，大单流出184万元。数据显示，该股今日净流入较近5日净流入均值减少274万元。 主营业务及业绩 *ST长方公司主营业务为LED照明光源器件、LED照明产品及电风扇、便携式储能产品等其他电子产品的研发、设计、生产和销售。 最新财报显示，今年一季报，*ST长方实现营业收入1.37亿元，同比减少8.75%，净利润为-327.52万元，同比增长82.42%，基本每股收益为-0.00元。 （以上内容为腾讯自选股基于公开消息，由程序或算法智能生成，仅作为用户看盘参考，不作为投资建议或交易依据。股市有风险，请谨慎决策。）,0,ST长方(SZ300301),0,2024-05-29 05:52:44,0,0,0,53531,0,新闻,https://xueqiu.com/S/SZ300301/291835913,2026-07-08 16:18:12
291838563,SZ300301,ST长方,,$*ST长方(SZ300301)$ 5月29日回复问询函(二)。不知道能不能回复。,0,深夜挖矿工,6761294755,2024-05-29 06:05:15,1,1,0,108333,0,Android,https://xueqiu.com/6761294755/291838563,2026-07-08 16:18:12
291875916,SZ300301,ST长方,,*ST长方：关于延期回复深圳证券交易所2022年年报问询函（二）的公告 网页链接,0,ST长方(SZ300301),0,2024-05-29 09:59:06,2,0,0,17426,0,公告,https://xueqiu.com/S/SZ300301/291875916,2026-07-08 16:18:12
291875917,SZ300301,ST长方,,*ST长方：关于公司股票交易被实施其他风险警示相关事项的进展公告 网页链接,0,ST长方(SZ300301),0,2024-05-29 09:59:06,1,0,0,14107,0,公告,https://xueqiu.com/S/SZ300301/291875917,2026-07-08 16:18:12
291892537,SZ300301,ST长方,,深交所给ST长方发问询函去年申请摘星，年报问询函延期了长达一年时间未果，今年长方继续申请摘帽，在回复过一轮问询之后，今天中午再次收到二次问询。2022年初，赶在2021年年报披露前主动向深交所投案自首，申明子公司康铭盛年度报表中存在1.68亿销售返利未入账情况。于5月份正式披星戴帽。以后又发生了康铭盛阻挠证监会调查，子公司阻挠公司新任命财务和管理层进入以及挖十米大坑掩埋财务资料等恶性事件。证监会对康铭盛和长方集团的立案调查始终没有结果。摘帽可能遥遥无期。美尚申请摘星两年之久，直到熬到面退也没下文。,0,莫要贪心,6773251238,2024-05-29 12:39:25,0,2,0,116650,0,Android,https://xueqiu.com/6773251238/291892537,2026-07-08 16:18:12
291922617,SZ300301,ST长方,*ST长方“子公司失控”事件两年后 深交所再发年报问询函：被立案调查进展及影响如何？,2022年起，*ST长方（300301.SZ，股价1.42元，市值11.22亿元，以下简称长方集团）与收购来的子公司长方集团康铭盛（深圳）科技有限公司（以下简称康铭盛）经历了几度争斗。相关事件不仅导致上市公司股票“披星戴帽”，还使得长方集团2021年度财务报表、2022年度内部控制报告也被出具非标意见。2023年年初，康铭盛被证监会立案调查；2024年4月，证监会对长方集团立案调查。 2023年年报发布后，公司认为2022年度内控审计报告否定意见涉及事项的影响已消除，提交了撤销公司股票交易其他风险警示的申请。深交所随后发函询问：公司对康铭盛控制、整改情况如何？ 5月29日晚间，深交所向长方集团再次发出年报问询函，询问公司及子公司被立案调查后，相关事项进展情况及其对公司的影响等。 二度收到年报问询函 此前，长方集团未能对康铭盛实施有效控制。2022年4月30日，大华会计师事务所向公司出具了否定意见的内部控制审计报告，认为上市公司在子公司管控、存货管理、销售与收款及信息系统管理等方面存在重大缺陷。2023年4月29日，中兴财光华会计师事务所向公司出具了否定意见的内部控制审计报告，认为上市公司对康铭盛监督管控不到位，该子公司前期财务报表存在重大会计差错，在2022年末尚未完成前期财务报表重大会计差错的更正审议及整改规范工作。 2024年4月26日晚间，公司在发布2023年年报的同时披露，公司认为2022年度内控审计报告否定意见涉及事项的影响已消除，并向深交所提交了关于撤销公司股票交易其他风险警示的申请。随后深交所向长方集团发出年报问询函，询问具体情况，上市公司详细说明了公司已能对康铭盛实施有效管控，康铭盛在存货管理、销售与收款、信息系统等方面不存在重大缺陷。 2023年初和2024年4月，公司分别披露康铭盛和长方集团被证监会立案。5月29日晚间，深交所二度发函，要求长方集团详细说明公司及子公司被立案调查后的相关事项进展情况、对公司的影响，以及是否可能对公司当期及前期财务报表产生影响等，并要求长方集团说明以前年度财务数据是否仍存在应更正未更正或更正不准确的情形，公司前期差错更正是否充分，是否需进一步对相关年度报告财务数据进行差错更正。 《每日经济新闻》记者注意到，长方集团还有一条积压了近一年的问询函待回复。2023年6月30日，公司收到深交所发来的年报问询函（创业板年报问询函〔2023〕第440号），其中涉及对公司应收账款虚增金额、康铭盛虚增收入等情况的问询。对此，2024年5月29日，长方集团仍在申请延期回复。 公司连续多年亏损 长方集团主要从事LED离网照明、应急照明、电风扇、便携式储能产品等其他电子产品及LED照明光源器件的研发、设计、生产和销售。2023年公司实现营业收入5.44亿元，同比减少25.33%，归母净利润亏损1.42亿元，已经连续多年亏损。 长方集团称，2023年半导体照明行业市场总体低迷、行业整体规模呈现下滑态势，预计2023年总体产值约6578亿元，较2022年下滑2.6%，其中上游外延芯片规模295亿元，中游封装规模782亿元，下游应用规模5501亿元。2023年受上游芯片成本上涨和下游需求端影响，传统通用照明器件封装环节库存高企、产能利用率不足，显示器件也面临需求复苏缓慢的情况。 同时，在下游通用照明需求不振的情况下，封装企业为应对库存压力、维持市场份额，行业内企业普遍下调产品价格，消化过剩库存。移动照明业务受美元加息影响，以美元结算的部分国外客户所在国货币急剧贬值，影响客户下单。受外部环境及全球产业链调整影响，公司国内外客户订单减少，销售收入下降。 除了外部环境不利，公司光源封装业务于2022年末才完成搬迁至江西南昌，而搬迁后的产线设备安装调试需花费较长时间，故2023年度光源封装产线上半年主要处于安装调试期，下半年才开始进入产能爬坡阶段，限制了公司订单接受能力，使光源封装业务营收较上年同期下降。 每日经济新闻,0,每日经济新闻,4642157440,2024-05-29 23:30:08,0,0,0,120365,0,雪球,https://xueqiu.com/4642157440/291922617,2026-07-08 16:18:12
291958038,SZ300301,ST长方,【风口解读】*ST长方被问询公司及子公司被立案调查后相关事项进展情况，已连亏6年,泡财经获悉，*ST长方(300301.SZ)5于29日收到深交所下发的年报问询函。深交所请*ST长方详细说明公司及子公司康铭盛被立案调查后的相关事项进展情况及其对公司的影响；明确说明公司及子公司被立案调查事项是否可能对公司当期及前期财务报表产生影响及影响的范围；结合对前述问题的回复等，明确说明公司及子公司被立案调查对公司截至报告期末内部控制有效性的影响。事情可追溯至2023年2月，*ST长方披露，因控股子公司康铭盛涉嫌拒绝、阻碍证券监督管理机构及其工作人员依法履行监督检查职权，中国证监会决定对康铭盛立案。涉嫌拒绝、阻碍证券监督管理机构及其工作人员依法履行监督检查职权的系以李迪初、聂卫、彭立新为主的康铭盛公司原管理团队。康铭盛公司已于2022年6月27日免去了李迪初执行董事职务，于2022年7月12日免去了聂卫总经理、彭立新财务总监的职务，并已对康铭盛公司原管理团队涉嫌违法犯罪行为向公安机关报案。因$*ST长方(SZ300301)$ 对子公司康铭盛监督管控不到位，该子公司前期财务报表存在重大会计差错，在2022年12月31日尚未完成前期财务报表重大会计差错的更正审议及整改规范工作。2023年4月，中兴财光华会计师事务所对*ST长方出具了否定意见的内部控制审计报告。2024年4月，因涉嫌信息披露违法违规，*ST长方遭中国证监会立案。同时，*ST长方披露，控股子公司康铭盛被中国证监会立案尚未有调查结果，公司进行了因子公司康铭盛产生的会计差错更正工作。针对康铭盛会计差错，*ST长方曾于2023年1月20日公告，康铭盛与客户约定的返利均已在2021年及以前年度按期结算，但康铭盛原管理团队没有将业绩承诺期内已经发生并支付的销售奖励费用冲减当期的应收账款；经初步核查截至目前为止发现，截至2021年末虚增的应收账款为3.69亿元，其中2021年年初（即2020年末）虚增的应收账款3.16亿元。根据公司披露，康铭盛原财务总监彭立新等人涉嫌隐匿、故意销毁会计凭证一案已经在深圳公安局龙华分局受理，受此影响，康铭盛就虚增应收账款等事项再向2021年以前年度追溯调整不切实可行，因此将2021年年初虚增的应收账款3.16亿元调整减少2021年年初的未分配利润，2021年财务报表的其他相关项目（坏账准备、递延资产及商誉）的年初余额也应当一并调整。*ST长方主要从事LED离网照明、应急照明、电风扇、便携式储能产品等其他电子产品及LED照明光源器件的研发、设计、生产和销售。因大华事务所对公司2021年度财务报表出具了无法表示意见的审计报告，公司股票自2022年5月6日开市起被实施退市风险警示及其他风险警示，公司股票简称由“长方集团”变更为“*ST长方”。2024年第一季度，公司实现营收1.37亿元，同比下降8.75%；归母净亏损327.52万元，同比持续亏损；扣除非经常性损益的净亏损633.39万元，同比持续亏损。值得注意的是，在这之前，*ST长方曾连续6年录得亏损。2018年-2023年，累计录得归母净亏损14.22亿元，扣除非经常性损益的净亏损15.6亿元。（本文数据来源于东方财富choice、公司公告等）本文首发于泡财经风口解读专题，如有转载，请注明出处。,0,泡財經,3124808626,2024-05-30 02:46:52,0,0,0,125381,0,雪球,https://xueqiu.com/3124808626/291958038,2026-07-08 16:18:12
291970582,SZ300301,ST长方,长方集团康铭盛（深圳）科技有限公司被罚款8611.5元,金融界2024年5月28日消息，长方集团康铭盛(深圳)科技有限公司因产品(商品)质量违法行为，被深圳市市场监督管理局罚款8611.5元并没收违法所得。 根据公告内容，该公司产品的质量违法行为经过进行详述。长方集团康铭盛(深圳)科技有限公司违反了深圳经济特区产品质量管理条例/第五章法律责任/第五十七条违反本条例第二十三条、第二十五条规定的，构成了产品(商品)质量违法行为。对处罚结果详述，深圳市市场监督管理局责令生产者、销售者停止生产、销售，没收违法产品，并罚款8611.5元，没收违法所得。,0,ST长方(SZ300301),0,2024-05-30 03:39:12,0,0,0,54693,0,新闻,https://xueqiu.com/S/SZ300301/291970582,2026-07-08 16:18:12
292067163,SZ300301,ST长方,谈谈对ST景峰的看法,很久没写对个股的分析了，因为懒了，今年怪事连连啊，$*ST景峰(SZ000908)$ 就是怪事连连的票，但是往往就是这种怪事连连的票最容易成妖。今天收到公告，公告中有一条信息是：《关于拟向法院申请重整及预重整的议案》表决结果为通过。这个很多股民就解读成重整失败，不会通过。这里就得先说一个点关于拟向法院申请重整及预重整的议案，这这里得有个主体，谁向法院申请重整？那么这里就得说到5月21日第二大股东长城资管提出的提案大概意思就是公司主动提出重整和推荐一个人进董事！！！你们看我画框的地方：拟主动向法院申请对公司重整，并申请先行启动预重整程序！！！其实说直白点就是快点重整，别磨磨唧唧的！！！现在是这个议案没通过，这是重整失败吗？说到这里我们就要分析一些重点来梳理公司最近的问题了，带帽那些我就不讲了，自己去看看公告。只说几个重点和疑惑，大家一起思考和解决一下：1.2023年7月26日和山东龙口政府签订《战略合作框架协议》，随后在2023年8月4日办公地址由上海搬到了龙口，地方有支持嘛，那就搬过去啊，是属于正常的行为。紧接着2023年11月1日就被债权人申请重整，17日就被法院启动预重整，说明当地很重视这个事情，想让事件快速进展，对于企业与当地都是好事。随后重整延期了，为什么延期呢？不怕进度慢了退市吗？2.都和龙口当地拿到了支持，但是在2024年3月13日公司又从龙口搬到了湖南常德经济技术开发区，办公地点和当地国资旗下的全资德源投资集团一栋楼，这个暧昧关系啊。随即4月22月龙口预重整终结，又收到了彭东钜向湖南省常德市中级人民法院申请对公司进行重整，并同时申请启动预重整程序信息。这里先说下这是被债权人申请重整，而今天的公告中的重整未通过那是长城资管提的公司申请重整的提案为通过，不代表重整失败！！！公司半年时间搬了两次，太频繁了，龙口给的支持不多吗？还是常德给得更诱人？原来是长城资管和常德国资签署了战略合作协议，其中明确要“重点领域存量资产盘活与有效投资”。现在看就是大股东是和龙口商量好的在龙口发展，但是二股东却要在常德发展，发生了分歧！！！所以我们看今天公告中的长城资管提出的两个议案反对票是1.34亿几乎是吻合的，而老叶有1.21亿股，这里就可以看出老叶是反对长城资管的动作的，两大股东内斗是会影响公司退市的！！！我们现在应该理性分析问题：1.重整是否会批准？其实在龙口的时候当地就批了预重整说明景峰是有重整价值的，那么常德大概率也会批的，同时加上长城资管与当地的战略合作又加持了重整的概率；2.老叶在这个过程中是不是会阻止重整，我认为会的，今天都投了反对票了，明牌了有点鱼死网破的味道，这个时候不要说什么斗不过长城资管，都鱼死网破了怕啥，老叶又没犯错误你能拿老叶咋办？看看$*ST越博(SZ300742)$ $*ST长方(SZ300301)$ 斗得都踩缝纫机了。所以到了气头上啥事都做得出来的，这个时候我认为应该好好扒扒内斗的原因，老叶到底想做什么，长城资管想做什么，我现在分析长城资管就是想加快重整，老叶却不知道怎么想得。,0,放牛娃童,4968788086,2024-05-30 16:41:24,7,6,0,227020,1,雪球,https://xueqiu.com/4968788086/292067163,2026-07-08 16:18:12
292153013,SZ300301,ST长方,*ST长方大跌5.07% 主力净流出282万元,05月31日，*ST长方（维权）（300301）股价大幅下跌，截至14点45分，*ST长方下跌5.07%，报1.31元/股，成交1045万元，换手率0.99%。 资金动向 截止发稿，*ST长方获得主力净流出282万元，其中超大单流出239万元，大单流出42万元。数据显示，该股今日净流入较近5日净流入均值减少347万元。 主营业务及业绩 *ST长方公司主营业务为LED照明光源器件、LED照明产品及电风扇、便携式储能产品等其他电子产品的研发、设计、生产和销售。 最新财报显示，今年一季报，*ST长方实现营业收入1.37亿元，同比减少8.75%，净利润为-327.52万元，同比增长82.42%，基本每股收益为-0.00元。 （以上内容为腾讯自选股基于公开消息，由程序或算法智能生成，仅作为用户看盘参考，不作为投资建议或交易依据。股市有风险，请谨慎决策。）,0,ST长方(SZ300301),0,2024-05-31 07:04:45,0,0,0,54833,0,新闻,https://xueqiu.com/S/SZ300301/292153013,2026-07-08 16:18:12
292160468,SZ300301,ST长方,*ST长方：公司生产经营一切正常,每经AI快讯，有投资者在投资者互动平台提问：公司生产经营是否一切正常？申请撤销退市申请什么时候有结果？ *ST长方（300301.SZ）5月31日在投资者互动平台表示，公司生产经营一切正常。公司关于撤销退市风险警示的申请仍需经深圳证券交易所审核，最终撤销情况以深圳证券交易所审核意见为准，敬请广大投资者注意投资风险。 (记者 王可然) 免责声明：本文内容与数据仅供参考，不构成投资建议，使用前核实。据此操作，风险自担。 每日经济新闻,0,每日经济新闻,4642157440,2024-05-31 07:40:13,0,0,0,131377,0,雪球,https://xueqiu.com/4642157440/292160468,2026-07-08 16:18:12
292163035,SZ300301,ST长方,*ST长方：截至目前，中国证监会对子公司康铭盛的立案调查工作仍在进行中,同花顺（300033）金融研究中心05月31日讯，有投资者向*ST长方（300301）提问， 立案调查已经一年半了，请说一下最新进展 公司回答表示，您好，感谢您的关注！截至目前，中国证监会对子公司康铭盛的立案调查工作仍在进行中，公司及子公司尚未收到中国证监会就上述立案事项出具的结论性意见或决定。公司将持续关注上述立案事项的进展情况，并严格按照有关法律法规的要求及时履行信息披露义务。 点击进入互动平台 查看更多回复信息,0,ST长方(SZ300301),0,2024-05-31 07:57:43,0,0,0,55905,0,新闻,https://xueqiu.com/S/SZ300301/292163035,2026-07-08 16:18:10
293364021,SZ300301,ST长方,,*ST长方：关于延期回复深圳证券交易所2023年年报问询函的公告 网页链接,0,ST长方(SZ300301),0,2024-06-11 09:53:02,0,0,0,11765,0,公告,https://xueqiu.com/S/SZ300301/293364021,2026-07-08 16:18:10
293680057,SZ300301,ST长方,,*ST长方：关于延期回复深圳证券交易所2022年年报问询函（二）的公告 网页链接,0,ST长方(SZ300301),0,2024-06-13 09:23:05,0,0,0,14256,0,公告,https://xueqiu.com/S/SZ300301/293680057,2026-07-08 16:18:10
294086970,SZ300301,ST长方,,*ST长方：关于向关联方借款暨关联交易的进展公告 网页链接,0,ST长方(SZ300301),0,2024-06-17 08:29:03,0,0,0,14405,0,公告,https://xueqiu.com/S/SZ300301/294086970,2026-07-08 16:18:10
294660225,SZ300301,ST长方,LED行业里谁会有退市的风险？,这一周跟踪学习了洪涛股份的陨落过程，今天又目睹了迪马股份的圆寂之路，对退市公司长什么样子有了个基本的认知。所以我依瓢画葫芦，在我熟悉的LED行业里也扫描了一番，发现了几个同样相貌独特，骨骼清奇，气质不俗的公司，与那几位退市飞升的大神颇有几番相似之处。1、ST德豪（德豪润达）——002005，作为中小板上市第一批第5号公司，我们这些老股民不少都认识它。一家老牌电子股，老牌生产LED芯片的公司，曾经也当了好多年的大牛股。最惊艳的是2008年底到2010年的十倍之旅，至今仍是段非常风骚的回忆。俱往矣，现在德豪润达改名叫ST德豪，刚连续两个跌停收盘0.86元，却已经是第7个交易日低于1元了。每股净资产还剩0.21元，去年亏损0.13元，也许还能撑2年。但是收入规模已经是顶峰时的五分之一，员工人数还剩五分之一。在现在这波扫垃圾风潮之下，股价跌势已起，属于在悬崖边正在往下滑的过程中，不知道能否逆转颓势，幸免于难。只能寄希望于运气了。2、ST长方（长方光电）——300301，一家做LED照明的老牌公司，现在股价还有1.22元，但每股净资产还剩0.06元，一不小心就会成负的了。账面现金还剩3600多万，各种欠债应付款高达7个亿，显然具备老赖的潜质。员工人数已经还剩最高时的三分之一，收入规模也还剩三分之一，今年大概率继续亏损。目前属于在悬崖边站着，有可能掉下去的。3、ST名家（名家汇）——300506，一家做景观照明工程的公司，完美的诠释了这个行业的衰落过程，收入从2018-2019年的12-13亿跌落到2023年的1.23亿，仅剩十分之一，员工人数却还剩三分之一。2020年至今连续亏损，现在每股净资产还剩0.22元，但今年1季度似乎略有盈利。但这样的业绩应该是财务技巧或者偶然收益，我不认为可以长久。公司账面上只有1182万元现金，在景观照明这个行业里还能翻出多大的浪花呢？4、某光电——创业板公司，代码的数字是0、2、3、6、9，也是一家曾经当过行业老大的老牌LED显示屏企业。你们猜是谁？再提示一下，第一个字母是L，股票代码是3002**。这家公司股价目前还比较高，高达2.56元。但是每股净资产只有0.15元，净资产只有8千万元，按照它过去几年的经营状况，也许一不小心就会亏成负资产了。公司原来的大股东已经减持得所剩无几了，新进来的大股东是2022年才入局的，而且还是个房地产商。这家公司主营属于不死不活状态，现在全靠大股东注入资产预期活着。今年还被查出要补税4千万元，多亏大股东无偿捐赠4千万来补窟窿，否则会更惨。相对来说，这个公司退市风险看起来要小些，但是现在大股东家的日子也未必好过，万一出些什么差错，也许一夜暴毙的事故也不是不可能发生的。最后补充一句，这个公司可不是利亚德，哈哈。你猜，是谁？,0,活着的散户唐人龙,3645307452,2024-06-21 04:26:43,6,5,0,179791,3,雪球,https://xueqiu.com/3645307452/294660225,2026-07-08 16:18:10
294976609,SZ300301,ST长方,,*ST长方：关于拟公开挂牌转让公司部分资产的进展公告 网页链接,0,ST长方(SZ300301),0,2024-06-24 09:59:03,0,0,0,10546,0,公告,https://xueqiu.com/S/SZ300301/294976609,2026-07-08 16:18:10
295151298,SZ300301,ST长方,,*ST长方：关于延期回复深圳证券交易所2023年年报问询函的公告 网页链接,0,ST长方(SZ300301),0,2024-06-25 12:16:08,0,0,0,12229,0,公告,https://xueqiu.com/S/SZ300301/295151298,2026-07-08 16:18:10
295151299,SZ300301,ST长方,,*ST长方：关于股东股份减持计划到期的公告 网页链接,0,ST长方(SZ300301),0,2024-06-25 12:16:08,0,0,0,13452,0,公告,https://xueqiu.com/S/SZ300301/295151299,2026-07-08 16:18:10
295151568,SZ300301,ST长方,,*ST长方：关于股东股份减持计划到期的公告 网页链接,0,ST长方(SZ300301),0,2024-06-25 12:19:07,0,0,0,14015,0,公告,https://xueqiu.com/S/SZ300301/295151568,2026-07-08 16:18:10
295157076,SZ300301,ST长方,6月25日*ST长方发布公告，其股东减持755.01万股,证券之星消息，6月25日*ST长方发布公告《*ST长方:关于股东股份减持计划到期的公告》，其股东骆科树、深圳市高新投小额贷款有限公司于2024年3月25日至2024年5月28日间合计减持755.01万股，占公司目前总股本的0.9556%，变动期间该股股价上涨3.42%，截止5月28日收盘报1.51元。股东增减持详情见下表：根据*ST长方2024年一季报公布的十大股东详情如下：以上内容由证券之星根据公开信息整理，由算法生成（网信算备310104345710301240019号），与本站立场无关，如数据存在问题请联系我们。本文为数据整理，不对您构成任何投资建议，投资有风险，请谨慎决策。,0,证券之星财经,5187193467,2024-06-25 13:11:43,0,0,0,107671,0,雪球,https://xueqiu.com/5187193467/295157076,2026-07-08 16:18:10
295617215,SZ300301,ST长方,,*ST长方：关于处置公司部分资产的公告 网页链接,0,ST长方(SZ300301),0,2024-06-28 12:23:08,0,0,0,20055,0,公告,https://xueqiu.com/S/SZ300301/295617215,2026-07-08 16:18:10
295617216,SZ300301,ST长方,,*ST长方：关于子公司完成工商变更登记并换发营业执照的公告 网页链接,0,ST长方(SZ300301),0,2024-06-28 12:23:08,0,0,0,22586,0,公告,https://xueqiu.com/S/SZ300301/295617216,2026-07-08 16:18:10
295617217,SZ300301,ST长方,,*ST长方：关于公司股票交易被实施其他风险警示相关事项的进展公告 网页链接,0,ST长方(SZ300301),0,2024-06-28 12:23:08,0,0,0,21519,0,公告,https://xueqiu.com/S/SZ300301/295617217,2026-07-08 16:18:10
295617219,SZ300301,ST长方,,*ST长方：第五届董事会第五次会议决议公告 网页链接,0,ST长方(SZ300301),0,2024-06-28 12:23:08,0,0,0,22580,0,公告,https://xueqiu.com/S/SZ300301/295617219,2026-07-08 16:18:10
295794583,SZ300301,ST长方,*ST长方：6月27日召开董事会会议,每经AI快讯，*ST长方（SZ 300301，最新价：1.31元）6月28日晚间发布公告称，公司第五届第五次董事会会议于2024年6月27日在公司会议室以现场和通讯相结合的方式召开。审议了《关于处置公司部分资产的议案》等。 2023年1至12月份，*ST长方的营业收入构成为：工业占比96.06%，其他业务收入占比3.94%。 道达号（daoda1997）“个股趋势”提醒：1. 近30日内无机构对*ST长方进行调研。 每经头条（nbdtoutiao）——超20城明确“买房送户口”，更有省会城市“租房可落户”，一线城市会跟进吗？专家解读→ (记者 张喜威) 免责声明：本文内容与数据仅供参考，不构成投资建议，使用前请核实。据此操作，风险自担。 每日经济新闻,0,每日经济新闻,4642157440,2024-07-01 04:20:07,0,0,0,105323,0,雪球,https://xueqiu.com/4642157440/295794583,2026-07-08 16:18:10
296680588,SZ300301,ST长方,,*ST长方：关于拟公开挂牌转让公司部分资产的进展公告 网页链接,0,ST长方(SZ300301),0,2024-07-08 08:56:03,0,0,0,13523,0,公告,https://xueqiu.com/S/SZ300301/296680588,2026-07-08 16:18:10
296852748,SZ300301,ST长方,,*ST长方：关于处置公司部分资产的进展公告 网页链接,0,ST长方(SZ300301),0,2024-07-09 10:13:06,0,0,0,13659,0,公告,https://xueqiu.com/S/SZ300301/296852748,2026-07-08 16:18:10
297168829,SZ300301,ST长方,,*ST长方：2024-074 关于公司涉及重大诉讼的公告 网页链接,0,ST长方(SZ300301),0,2024-07-11 10:13:08,0,0,0,14464,0,公告,https://xueqiu.com/S/SZ300301/297168829,2026-07-08 16:18:10
297309740,SZ300301,ST长方,,哥们儿你该多买300301，就比较多了,0,rock0329,1290367034,2024-07-12 08:54:40,0,0,0,115319,0,Android,https://xueqiu.com/1290367034/297309740,2026-07-08 16:18:10
297790161,SZ300301,ST长方,*ST长方天眼风险信息1118条，公司还面临受损投资者维权,雷达财经雷助吧出品 文|吴墨 编|深海7月17日，雷达财经通过查询天眼查发现，*ST长方有天眼风险信息1118条；还发现企业有裁判文书1条；涉诉关系94条。雷达财经注意到，7月11日，*ST长方发布关于公司涉及重大诉讼的公告。*ST长方于近期收到普宁市人民法院出具的(2024)粤5281民初1798号《受理案件通知书》。原告：*ST长方；被告一：深圳市华旗源节能科技有限公司（以下简称“深圳华旗源”），被告二：普宁市华旗源节能科技有限公司（以下简称“普宁华旗源”）。受理机构是普宁市人民法院，案号：(2024)粤5281民初1798号。诉讼请求是：（1）判令两被告向原告支付服务款项本金人民币6315.96万元及利息(利息暂计为616.75万元)；（2）诉讼费用等一切相关费用被告承担。公司为深圳华旗源中标的普宁市城区路灯改造PPP项目提供材料、设计施工等服务，双方就该工程签订了《项目节能服务合作协议》。深圳华旗源为该项目专门设立子公司普宁华旗源，深圳华旗源、普宁华旗源共同对公司承担支付项目服务费的义务。公司与深圳华旗源、普宁华旗源于2020年10月28日就未到期服务款项6575.96万元协商一致，深圳华旗源、普宁华旗源分期支付上述款项。深圳华旗源、普宁华旗源未能按期足额支付分期款项，公司多次催要无果，为维护自身合法权益，公司向普宁市人民法院提起诉讼。截至本公告披露日，该案件法院已受理，尚未开庭审理。*ST长方称截至本公告披露日，公司及下属子公司连续十二个月累计发生的尚未披露的小额诉讼、仲裁金额合计约为人民币763.48万元，占公司2023年经审计净资产的14.8%。其中，6宗案件已结案，已结案涉案金额合计251.29万元；17宗案件未结案，未结案涉案金额合计512.19万元。截至本公告披露日，公司及下属子公司不存在应披露而未披露的其他重大诉讼、仲裁事项。值得一提的是，*ST长方还面临着投资者的索赔。早在2022年4月23日，*ST长方子公司康铭盛经过公司自查，发现其2021年度的财务报表存在未入账销售返利，涉及的返利金额为16827.32万元。由于未能获取充分、适当的审计证据以证明上述销售返利合同的真实性及其商业合理性，会计师无法判断上述事项对长方集团财务报表的影响程度。当年4月30日，*ST长方发布关于公司股票交易被实施退市风险警示及其他风险警示暨停牌的提示性公告，公司司股票交易因被实施退市风险警示及其他风险警示，自2022年5月5日开市起停牌1天，将于2022年5月6日开市起复牌，复牌后实施退市风险警示及其他风险警示。2023年2月6日，*ST长方披露了《关于公司控股子公司康铭盛收到证监会立案告知书的公告》，因公司控股子公司康铭盛涉嫌拒绝、阻碍证券监督管理机构及其工作人员依法履行监督检查职权，中国证监会决定对康铭盛立案。随后在3月2日晚间，公司公告称于近日收到《深圳证监局关于对深圳市长方集团股份有限公司采取责令改正措施的决定》。经深圳证监局查明，长方集团存在2021年年度报告财务数据信息披露不准确、未及时披露重大协议的违规行为。对此，上海仁盈律师事务所主任张晏维律师告诉雷达财经，上市公司不当行为给投资者造成损失的，受损投资者可依法索赔。凡是在2017年12月31日到2022年4月29日期间买入，且在2022年4月29日收盘时持有*ST长方的受损投资者，可加入一起索赔。天眼查显示，*ST长方参与招投标项目8次；知识产权方面有商标信息52条。$*ST长方(SZ300301)$,0,雷达财经,1713446664,2024-07-17 04:54:30,0,0,0,135756,0,雪球,https://xueqiu.com/1713446664/297790161,2026-07-08 16:18:10
298132957,SZ300301,ST长方,*ST长方：截至目前，子公司江西长方源动新能源发展有限公司尚未开展业务,同花顺（300033）金融研究中心07月19日讯，有投资者向*ST长方（300301）提问， 车仆系一众高管进入公司董事会和管理层，请问公司有计划向新能源汽车以及传统燃油车领域产品拓展吗？新设立的长方源动新能源公司业务开展如何？康铭盛大部分产品出口，请问出口气产品的回款情况如何？ 公司回答表示，您好，感谢您的关注！公司高度关注并看好新能源市场机会，暂未有向新能源汽车及传统燃油车领域拓展的计划；截至目前，子公司江西长方源动新能源发展有限公司尚未开展业务；公司及子公司康铭盛高度重视应收账款回款工作，加强应收账款回款管理，积极回笼资金，应收账款变动情况请关注公司后续披露的定期报告。 点击进入互动平台 查看更多回复信息,0,ST长方(SZ300301),0,2024-07-19 08:25:19,0,0,0,31899,0,新闻,https://xueqiu.com/S/SZ300301/298132957,2026-07-08 16:18:08
298138802,SZ300301,ST长方,*ST长方：截至目前，子公司江西长方源动新能源发展有限公司尚未开展业务,每经AI快讯，有投资者在投资者互动平台提问：车仆系一众高管进入公司董事会和管理层，请问公司有计划向新能源汽车以及传统燃油车领域产品拓展吗？新设立的长方源动新能源公司业务开展如何？康铭盛大部分产品出口，请问出口气产品的回款情况如何？ *ST长方（300301.SZ）7月19日在投资者互动平台表示，公司高度关注并看好新能源市场机会，暂未有向新能源汽车及传统燃油车领域拓展的计划；截至目前，子公司江西长方源动新能源发展有限公司尚未开展业务；公司及子公司康铭盛高度重视应收账款回款工作，加强应收账款回款管理，积极回笼资金，应收账款变动情况请关注公司后续披露的定期报告。 (记者 蔡鼎) 免责声明：本文内容与数据仅供参考，不构成投资建议，使用前核实。据此操作，风险自担。 每日经济新闻,0,每日经济新闻,4642157440,2024-07-19 09:10:10,0,0,0,119209,0,雪球,https://xueqiu.com/4642157440/298138802,2026-07-08 16:18:08
298449433,SZ300301,ST长方,被拖欠市政工程款6576万元，*ST长方提起诉讼,"乐居财经 吴文婷 近日，*ST长方（维权）发布关于公司涉及重大诉讼的公告。 据了解，*ST长方为深圳市华旗源节能科技有限公司(以下简称“深圳华旗源”) 中标的普宁市城区路灯改造PPP项目提供材料、设计施工等服务，双方就该工程签订了《项目节能服务合作协议》。 深圳华旗源为该项目专门设立子公司普宁市华旗源节能科技有限公司(以下简称“普宁华旗源”) ，深圳华旗源、普宁华旗源共同对公司承担支付项目服务费的义务。 *ST长方与深圳华旗源、普宁华旗源于2020年10月28日就未到期服务款项6,575.96万元协商一致，深圳华旗源、普宁华旗源分期支付上述款项。深圳华旗源、普宁华旗源未能按期足额支付分期款项，公司多次催要无果，为维护自身合法权益，公司向普宁市人民法院提起诉讼。 截至本公告披露日，*ST长方收到普宁市人民法院出具的(2024)粤5281民初1798号《受理案件通知书》 ，该案件法院已受理，尚未开庭审理。 公开资料显示，*ST长方于2012年3月在深圳交易所创业板上市，主要从事LED照明业务，包括研发、生产和销售LED照明产品，并提供相关的设计和施工服务。",0,ST长方(SZ300301),0,2024-07-23 04:23:28,0,0,0,36286,0,新闻,https://xueqiu.com/S/SZ300301/298449433,2026-07-08 16:18:08
298942788,SZ300301,ST长方,,*ST长方：关于控股子公司为其全资子公司及公司融资提供担保的公告 网页链接,0,ST长方(SZ300301),0,2024-07-26 08:56:05,0,0,0,11228,0,公告,https://xueqiu.com/S/SZ300301/298942788,2026-07-08 16:18:08
299311631,SZ300301,ST长方,,*ST长方：关于公司股票交易被实施其他风险警示相关事项的进展公告 网页链接,0,ST长方(SZ300301),0,2024-07-30 10:13:07,0,0,0,10650,0,公告,https://xueqiu.com/S/SZ300301/299311631,2026-07-08 16:18:08
299904376,SZ300301,ST长方,2024.08.05 强势标的分析,每日上午10:45更新，关注我，不迷路1.$*ST长方(SZ300301)$,0,铁牛王大锤,2993778071,2024-08-05 02:45:23,4,2,0,107462,0,Android,https://xueqiu.com/2993778071/299904376,2026-07-08 16:18:08
300124281,SZ300301,ST长方,,*ST长方：关于拟公开挂牌转让公司部分资产的进展公告 网页链接,0,ST长方(SZ300301),0,2024-08-06 08:49:06,0,0,0,14667,0,公告,https://xueqiu.com/S/SZ300301/300124281,2026-07-08 16:18:08
300129464,SZ300301,ST长方,*ST长方：三次挂牌期满未征集到符合条件的意向受让方，公司终止转让坪山工业园,"8月6日，深圳市长方集团股份有限公司（以下简称“*ST长方”或“公司”）发布关于拟公开挂牌转让公司部分资产的进展公告。公告称，公司原拟将名下的坪山工业园(以下简称“标的资产”)按资产评估值32,205.18万元于产权交易所或其他资产转让平台公开挂牌转让。截至2024年8月5日，标的资产第三次公开挂牌期限届满未征集到符合条件的意向受让方，公司终止本次标的资产公开挂牌转让事宜。 ▲*ST长方公告截图 公告透露，公司于2024年4月12日召开第五届董事会第三次会议，于2024年4月29日召开2024年第一次临时股东大会，审议通过了《关于拟公开挂牌转让公司部分资产的议案》，同意公司将名下的坪山工业园按资产评估值32,205.18万元于产权交易所或其他资产转让平台公开挂牌转让，出价最高者竞得；若首次挂牌期满未能征集到符合条件的意向受让方，将挂牌价格下调10%后进行二次挂牌，若二次挂牌期满仍未能征集到符合条件的意向受让方，将在第二次挂牌价格基础上下调10%后进行第三次公开挂牌转让。若三次公开挂牌仍未能征集到符合条件的意向受让方或未能最终成交，公司将终止标的资产挂牌事宜。同时，为顺利完成此次交易，公司同意为上述标的资产解除抵押担保及交易纳税办理不高于1.7亿元、期限不超过15天的短期借款，借款成本不超过350万元。 公司与深圳联合产权交易所股份有限公司(以下简称“产交所”)就标的资产委托转让事宜签署了《产权交易委托协议》。标的资产在产交所首次挂牌起止日期为2024年5月24日至2024年6月21日。 截至2024年6月21日，标的资产首次公开挂牌期限届满未征集到符合条件的意向受让方。公司将标的资产以28,984.662万元的挂牌底价进行第二次挂牌转让，第二次挂牌转让起止日期为2024年6月24日至2024年7月5日。 截至2024年7月5日，标的资产第二次公开挂牌期限届满未征集到符合条件的意向受让方。公司将标的资产以26,086.1958万元的挂牌底价进行第三次挂牌转让，第三次挂牌起止日期为2024年7月9日至2024年8月5日。 截至2024年8月5日，标的资产第三次公开挂牌期限届满未征集到符合条件的意向受让方，公司终止本次标的资产公开挂牌转让事宜。 公告称，公司于2024年4月24日在巨潮资讯网披露了《关于收到的公告》(公告编号:2024-033)，鉴于标的资产公开挂牌转让未征集到符合条件的意向受让方，根据公司关联方王刚出具的《购买不动产承诺书》，若在2024年12月31日前公司未以高于人民币26,086.2万元的价格出售标的资产，王刚指定的企业愿意以人民币26,086.2万元购买该项标的资产，且在2024年12月31日前完成相关购买协议的签署并付款。若王刚指定的企业未能在2024年12月31日前与公司签署相关购买协议并付款，愿支付违约金人民币2,000万元，并以王刚控制的深圳车仆实业控股有限公司应收公司的欠款作为保证。 公告表示，公司将继续推动标的资产出售事宜，最终是否成功出售、是否与王刚指定的企业达成此次标的资产交易事项具有不确定性，公司将严格按照相关法律法规的规定履行信息披露义务及审批程序，敬请广大投资者注意投资风险。 读创财经综合 审读：孙世建",0,深圳商报,6620276709,2024-08-06 09:30:09,0,0,0,105062,0,雪球,https://xueqiu.com/6620276709/300129464,2026-07-08 16:18:08
302004360,SZ300301,ST长方,,*ST长方：关于子公司完成工商变更登记并换发营业执照的公告 网页链接,0,ST长方(SZ300301),0,2024-08-22 10:36:15,0,0,0,13216,0,公告,https://xueqiu.com/S/SZ300301/302004360,2026-07-08 16:18:08
302916246,SZ300301,ST长方,,*ST长方：关于2024年半年度报告披露提示性公告 网页链接,0,ST长方(SZ300301),0,2024-08-29 12:26:59,0,0,0,9173,0,公告,https://xueqiu.com/S/SZ300301/302916246,2026-07-08 16:18:08
302916247,SZ300301,ST长方,,*ST长方：董事会决议公告 网页链接,0,ST长方(SZ300301),0,2024-08-29 12:26:59,0,0,0,11093,0,公告,https://xueqiu.com/S/SZ300301/302916247,2026-07-08 16:18:08
302916248,SZ300301,ST长方,,*ST长方：关于公司股票交易被实施其他风险警示相关事项的进展公告 网页链接,0,ST长方(SZ300301),0,2024-08-29 12:26:59,0,0,0,11586,0,公告,https://xueqiu.com/S/SZ300301/302916248,2026-07-08 16:18:08
302916249,SZ300301,ST长方,,*ST长方：2024年半年度非经营性资金占用及其他关联资金往来情况汇总表 网页链接,0,ST长方(SZ300301),0,2024-08-29 12:26:59,0,0,0,12810,0,公告,https://xueqiu.com/S/SZ300301/302916249,2026-07-08 16:18:08
302916250,SZ300301,ST长方,,*ST长方：2024年半年度报告摘要 网页链接,0,ST长方(SZ300301),0,2024-08-29 12:26:59,0,0,0,10933,0,公告,https://xueqiu.com/S/SZ300301/302916250,2026-07-08 16:18:08
302916252,SZ300301,ST长方,,*ST长方：2024年半年度报告 网页链接,0,ST长方(SZ300301),0,2024-08-29 12:26:59,0,0,0,14940,0,公告,https://xueqiu.com/S/SZ300301/302916252,2026-07-08 16:18:08
302916255,SZ300301,ST长方,,*ST长方：监事会决议公告 网页链接,0,ST长方(SZ300301),0,2024-08-29 12:27:00,0,0,0,11735,0,公告,https://xueqiu.com/S/SZ300301/302916255,2026-07-08 16:18:08
302918184,SZ300301,ST长方,*ST长方：8月28日召开董事会会议,每经AI快讯，*ST长方（SZ 300301，收盘价：1.27元）8月29日晚间发布公告称，公司第五届第六次董事会会议于2024年8月28日在公司会议室以现场和通讯相结合的方式召开。审议了《关于2024年半年度报告及其摘要的议案》等。 2023年1至12月份，*ST长方的营业收入构成为：工业占比96.06%，其他业务收入占比3.94%。 截至发稿，*ST长方市值为10亿元。 道达号（daoda1997）“个股趋势”提醒：1. 近30日内无机构对*ST长方进行调研。 每经头条（nbdtoutiao）—— (记者 曾健辉) 免责声明：本文内容与数据仅供参考，不构成投资建议，使用前请核实。据此操作，风险自担。 每日经济新闻,0,每日经济新闻,4642157440,2024-08-29 12:40:30,0,0,0,81916,0,雪球,https://xueqiu.com/4642157440/302918184,2026-07-08 16:18:08
302932428,SZ300301,ST长方,*ST长方：2024年半年度净利润约-1942万元,每经AI快讯，*ST长方（SZ 300301，收盘价：1.27元）8月29日晚间发布半年度业绩报告称，2024年上半年营业收入约2.7亿元，同比减少17.11%；归属于上市公司股东的净利润亏损约1942万元；基本每股收益亏损0.0246元。2023年同期营业收入约3.26亿元；归属于上市公司股东的净利润亏损约5238万元；基本每股收益亏损0.0663元。 截至发稿，*ST长方市值为10亿元。 道达号（daoda1997）“个股趋势”提醒：1. 近30日内无机构对*ST长方进行调研。 每经头条（nbdtoutiao）—— (记者 张喜威) 免责声明：本文内容与数据仅供参考，不构成投资建议，使用前请核实。据此操作，风险自担。 每日经济新闻,0,每日经济新闻,4642157440,2024-08-29 14:10:15,0,1,0,87262,0,雪球,https://xueqiu.com/4642157440/302932428,2026-07-08 16:18:08
303332725,SZ300301,ST长方,"*ST长方：截至2024年8月30日，公司股东户数为21,703户","证券之星消息，*ST长方(300301)09月02日在投资者关系平台上答复投资者关心的问题。投资者：亲爱的董秘您好，我是贵公司的股东，请问截止到2024年8月30股东户数是多？还望得到您的答复，谢谢！*ST长方董秘：您好，感谢您的关注！截至2024年8月30日，公司股东户数为21,703户。以上内容为证券之星据公开信息整理，由智能算法生成，不构成投资建议。",0,证券之星财经,5187193467,2024-09-02 11:10:38,0,1,0,83913,0,雪球,https://xueqiu.com/5187193467/303332725,2026-07-08 16:18:06
303335383,SZ300301,ST长方,,*ST长方：关于为子公司提供担保的进展公告 网页链接,0,ST长方(SZ300301),0,2024-09-02 11:46:03,0,0,0,11267,0,公告,https://xueqiu.com/S/SZ300301/303335383,2026-07-08 16:18:06
304064713,SZ300301,ST长方,,*ST长方：关于向关联方借款暨关联交易的进展公告 网页链接,0,ST长方(SZ300301),0,2024-09-09 10:43:05,0,0,0,12880,0,公告,https://xueqiu.com/S/SZ300301/304064713,2026-07-08 16:18:06
304146187,SZ300301,ST长方,*ST长方成一元低价股，总市值9.48亿元,"9月10日，*ST长方（300301）成为“一元股”，截至午间收盘，*ST长方报1.2元/股，跌幅0.83%，总市值9.48亿元。 根据《股票上市规则》的相关规定，发行A股的上市公司，如果公司股票连续20个交易日的收盘价均低于人民币1元，公司股票可能被终止上市交易。此外，因触及交易类强制退市情形而终止上市的，公司股票将不进入退市整理期。 资料显示，深圳市长方集团股份有限公司成立于2005年,于2012年3月21日在深圳交易所创业板上市。作为“LED创新前景的引领者”,长方集团一直致力于推进LED在照明领域的发展,拥有强大的研发技术和体系完整的解决方案,优秀的品质管理及先进的生产制造设备。 财务数据显示，2022年、2023年和2024年上半年，*ST长方归属净利润分别为-2.25亿元、-1.42亿元和-1941.79万元。 截至2024年8月30日，*ST长方股东人数2.17万户，人均持股金额4.59万元，筹码较集中。",0,ST长方(SZ300301),0,2024-09-10 03:47:18,0,0,0,15087,0,新闻,https://xueqiu.com/S/SZ300301/304146187,2026-07-08 16:18:06
304471218,SZ300301,ST长方,,*ST长方：关于子公司为公司向银行申请抵押贷款提供担保的公告 网页链接,0,ST长方(SZ300301),0,2024-09-12 11:59:05,0,0,0,12734,0,公告,https://xueqiu.com/S/SZ300301/304471218,2026-07-08 16:18:06
305908898,SZ300301,ST长方,,$*ST长方(SZ300301)$ 要是不退市，一个有大收获标的！,0,三哥得财,6312684185,2024-09-27 02:10:21,0,1,0,48355,0,Android,https://xueqiu.com/6312684185/305908898,2026-07-08 16:18:06
305921834,SZ300301,ST长方,,$*ST长方(SZ300301)$ 解决了好几千人的就业，现在的就业环境，逻辑上不会弄退市，要是不退市，这一轮市场反转叠加重组，长方起码得十倍行情。就怕退市，难说！,0,三哥得财,6312684185,2024-09-27 02:37:52,0,1,0,73424,0,Android,https://xueqiu.com/6312684185/305921834,2026-07-08 16:18:06
305991549,SZ300301,ST长方,,$*ST长方(SZ300301)$ 等节后我来搞一下！,0,三哥得财,6312684185,2024-09-27 06:03:15,0,1,0,82484,0,Android,https://xueqiu.com/6312684185/305991549,2026-07-08 16:18:06
306339722,SZ300301,ST长方,,$*ST长方(SZ300301)$ 一涨起来了，也没人担心退市的事情了！节后继续加油！,0,三哥得财,6312684185,2024-09-30 05:56:13,0,1,0,80484,0,Android,https://xueqiu.com/6312684185/306339722,2026-07-08 16:18:06
306399435,SZ300301,ST长方,*ST长方：公司申请撤销对公司股票交易实施风险警示的事项尚需深交所核准，最终申请撤销情况以深交所审...,同花顺（300033）金融研究中心09月30日讯，有投资者向*ST长方（300301）提问， 董秘，你好，请问公司问询函回复证监会是不是就能摘帽了，请问什么时候才能答重，怎么效率这么慢 公司回答表示，您好，感谢您的关注！公司申请撤销对公司股票交易实施风险警示的事项尚需深交所核准，最终申请撤销情况以深交所审核意见为准；公司正积极推进问询函中的相关核查工作，后续将视核查进展回复问询函并对外披露，敬请广大投资者关注公司后续相关公告。 点击进入交易所官方互动平台查看更多,0,ST长方(SZ300301),0,2024-09-30 09:56:20,0,0,0,10476,0,新闻,https://xueqiu.com/S/SZ300301/306399435,2026-07-08 16:18:06
306425508,SZ300301,ST长方,,*ST长方：关于股东权益变动的提示性公告 网页链接,0,ST长方(SZ300301),0,2024-09-30 14:09:06,0,0,0,17750,0,公告,https://xueqiu.com/S/SZ300301/306425508,2026-07-08 16:18:06
306425509,SZ300301,ST长方,,*ST长方：关于公司股票交易被实施其他风险警示相关事项的进展公告 网页链接,0,ST长方(SZ300301),0,2024-09-30 14:09:06,0,0,0,17182,0,公告,https://xueqiu.com/S/SZ300301/306425509,2026-07-08 16:18:06
306425510,SZ300301,ST长方,,*ST长方：简式权益变动报告书 网页链接,0,ST长方(SZ300301),0,2024-09-30 14:09:06,0,0,0,16098,0,公告,https://xueqiu.com/S/SZ300301/306425510,2026-07-08 16:18:06
307063551,SZ300301,ST长方,,$*ST长方(SZ300301)$ 最便宜的创业板,0,沧海一浪花,4501175633,2024-10-08 07:09:03,1,2,0,73765,0,iPhone,https://xueqiu.com/4501175633/307063551,2026-07-08 16:18:06
307293871,SZ300301,ST长方,ST长方股东李迪初遭深圳证监局责令改正,深圳证监局近日发布公告，针对*ST长方（300301）持股5%以上股东李迪初的违规行为作出处理。公告指出，李迪初在持股比例降至5%以下后，未按规定及时履行公告义务，违反了《上市公司收购管理办法》相关条款。因此，深圳证监局决定对李迪初采取责令改正的行政监管措施，要求其在5个工作日内于指定媒体披露权益变动报告书，并加强证券法律法规学习，整改后提交书面报告。李迪初若对此措施有异议，可在60日内申请行政复议或6个月内提起诉讼，期间监管措施不停止执行。（综合财中社内容）,0,乐居财经,7053459677,2024-10-09 07:30:01,0,1,0,75874,0,雪球,https://xueqiu.com/7053459677/307293871,2026-07-08 16:18:06
307296103,SZ300301,ST长方,*ST长方股东李迪初因未及时履行公告义务受到深圳证监局责令改正,根据深圳证监局2024年10月8日发布的公告，李迪初作为*ST长方（300301）的持股5%以上股东，在其持股比例降至5%以下后，未按规定及时履行公告义务，违反了《上市公司收购管理办法》第十四条第二款及第十五条的相关规定。 深圳证监局决定对李迪初采取责令改正的行政监管措施，要求其在收到决定书之日起5个工作日内，在证监会指定的信息披露媒体上披露权益变动报告书。李迪初需加强对证券法律法规的学习，以避免再次发生类似违规行为，并在整改完成后向深圳证监局提交书面报告。若对该监管措施不服，李迪初可以在收到决定书后60日内申请行政复议或在6个月内提起诉讼，复议与诉讼期间，该监管措施将持续执行。,0,ST长方(SZ300301),0,2024-10-09 07:36:29,0,0,0,8576,0,新闻,https://xueqiu.com/S/SZ300301/307296103,2026-07-08 16:18:06
307987654,SZ300301,ST长方,,*ST长方：关于向关联方借款暨关联交易的进展公告 网页链接,0,ST长方(SZ300301),0,2024-10-14 10:36:06,0,0,0,7224,0,公告,https://xueqiu.com/S/SZ300301/307987654,2026-07-08 16:18:06
308235409,SZ300301,ST长方,*ST长方成一元低价股，总市值11.14亿元,"10月16日，*ST长方（300301）成为“一元股”，截至午间收盘，*ST长方报1.41元/股，涨幅0.0%，总市值11.14亿元。 根据《股票上市规则》的相关规定，发行A股的上市公司，如果公司股票连续20个交易日的收盘价均低于人民币1元，公司股票可能被终止上市交易。此外，因触及交易类强制退市情形而终止上市的，公司股票将不进入退市整理期。 资料显示，深圳市长方集团股份有限公司成立于2005年,于2012年3月21日在深圳交易所创业板上市。作为“LED创新前景的引领者”,长方集团一直致力于推进LED在照明领域的发展,拥有强大的研发技术和体系完整的解决方案,优秀的品质管理及先进的生产制造设备。 财务数据显示，2022年、2023年和2024年上半年，*ST长方归属净利润分别为-2.25亿元、-1.42亿元和-1941.79万元。 截至2024年8月30日，*ST长方股东人数2.17万户，人均持股金额4.59万元，筹码较集中。",0,ST长方(SZ300301),0,2024-10-16 03:47:19,0,0,0,7966,0,新闻,https://xueqiu.com/S/SZ300301/308235409,2026-07-08 16:18:06
309326746,SZ300301,ST长方,,"$*ST长方(SZ300301)$ ST的卖单都不多,都是想拉就拉..",0,牛牛不牛呀,1151327795,2024-10-24 01:55:55,0,2,0,74048,0,雪球,https://xueqiu.com/1151327795/309326746,2026-07-08 16:18:06
309459735,SZ300301,ST长方,,$*ST长方(SZ300301)$ 这是值得买一下子的。,0,低买高卖001,6880771485,2024-10-24 14:20:48,0,1,0,70089,0,Android,https://xueqiu.com/6880771485/309459735,2026-07-08 16:18:06
309586329,SZ300301,ST长方,,东北股不碰，这个还真不如300301,0,ST九命猫,2217177823,2024-10-25 07:36:23,5,1,0,71689,0,Android,https://xueqiu.com/2217177823/309586329,2026-07-08 16:18:04
309590031,SZ300301,ST长方,,$*ST长方(SZ300301)$ 仔细看了长方的详细资料，应该最黑暗的时候已经过去了，就等调查结果了，只要结果出来马上升天,0,ST九命猫,2217177823,2024-10-25 07:57:04,6,2,0,78914,0,Android,https://xueqiu.com/2217177823/309590031,2026-07-08 16:18:04
309667385,SZ300301,ST长方,,年报回复函可以拖多久？答案是可以拖到退市。例1，ST美尚。2022年5月4日，年报问询函，里面第一条尖锐指出审计不合规，等于是否定了审计结果。5月11日，美尚仍然死皮赖脸申请摘星。5月31日公告延期回复，没有明确延后日期，再无下文。2023年4月27日，叠加其他风险警示暨继续退市风险警示。2024年4月29日，叠加退市风险警示。此后甚至继续交易了几天，直到面退。这种冠绝A股的垃圾，既非财务退，也非审计退，也非立案退，等于条条框框都没能把王迎燕怎么样，王迎燕滑的像条泥鳅一样，也够讽刺的。例2，ST长方。2023年4月29日申请摘星。5月9日年报问询函，第一条也是质疑审计结果的恰当性。6月30日，公司回复问询函，同日，二次公告问询函，里面更尖锐指出是否触及重大违法强制退市。此后回复一直延期。2024年4月27日，申请摘帽。5月29日，年报问询函。此后，滑稽的一幕出现了，公司去年问询函还在不断公告延期回复，又要不停公告延期回复今年的问询函。6月13号和6月25号最后一次延期公告后，宣布无限期延期。长方是造假掩埋几百箱会计凭证的著名博主，能继续在大A苟延残喘已经是相当幸运了。,0,莫要贪心,6773251238,2024-10-26 01:01:38,0,4,0,148412,4,Android,https://xueqiu.com/6773251238/309667385,2026-07-08 16:18:04
310082128,SZ300301,ST长方,*ST长方：公司暂未有发展第三代半导体计划,同花顺（300033）金融研究中心10月29日讯，有投资者向*ST长方（300301）提问， 尊敬的董秘您好，公司所属行业属于光学电子半导体行业，请问公司在行业有哪些优势？后续公司有无发展第三代半导体的计划？ 公司回答表示，您好，感谢您的关注！公司业务专注于照明用白光LED 的封装，并在此基础上向下游离网照明应用领域延伸，封装业务拥有先进的封装设备及技术、严格的管理体系。控股子公司康铭盛自创立以来高度聚焦离网照明业务并延伸开拓智能照明及储能业务，拥有优秀的具国际视野的研发和市场拓展团队，拥有自主知识产权，居于行业领先地位，其产品移动便捷、节能环保、品质优良，充分满足了各行业、户外休闲及缺电少电地区用户的照明需求，销售渠道遍布全球。公司暂未有发展第三代半导体计划。 点击进入交易所官方互动平台查看更多,0,ST长方(SZ300301),0,2024-10-29 07:18:19,0,0,0,6802,0,新闻,https://xueqiu.com/S/SZ300301/310082128,2026-07-08 16:18:04
310126870,SZ300301,ST长方,,*ST长方：关于2024年第三季度报告披露提示性公告 网页链接,0,ST长方(SZ300301),0,2024-10-29 11:13:47,0,0,0,6171,0,公告,https://xueqiu.com/S/SZ300301/310126870,2026-07-08 16:18:04
310126871,SZ300301,ST长方,,*ST长方：关于公司股票交易被实施其他风险警示相关事项的进展公告 网页链接,0,ST长方(SZ300301),0,2024-10-29 11:13:47,0,0,0,5868,0,公告,https://xueqiu.com/S/SZ300301/310126871,2026-07-08 16:18:04
310126875,SZ300301,ST长方,,*ST长方：第五届监事会第四次会议决议公告 网页链接,0,ST长方(SZ300301),0,2024-10-29 11:13:47,0,0,0,5923,0,公告,https://xueqiu.com/S/SZ300301/310126875,2026-07-08 16:18:04
310126878,SZ300301,ST长方,,*ST长方：第五届董事会第七次会议决议公告 网页链接,0,ST长方(SZ300301),0,2024-10-29 11:13:48,0,0,0,5961,0,公告,https://xueqiu.com/S/SZ300301/310126878,2026-07-08 16:18:04
310126888,SZ300301,ST长方,,*ST长方：2024年三季度报告 网页链接,0,ST长方(SZ300301),0,2024-10-29 11:13:49,0,0,0,6380,0,公告,https://xueqiu.com/S/SZ300301/310126888,2026-07-08 16:18:04
310687830,SZ300301,ST长方,*ST长方成一元低价股，总市值12.4亿元,"11月1日，*ST长方（300301）成为“一元股”，截至午间收盘，*ST长方报1.57元/股，跌幅5.42%，总市值12.4亿元。 根据《股票上市规则》的相关规定，发行A股的上市公司，如果公司股票连续20个交易日的收盘价均低于人民币1元，公司股票可能被终止上市交易。此外，因触及交易类强制退市情形而终止上市的，公司股票将不进入退市整理期。 资料显示，深圳市长方集团股份有限公司成立于2005年,于2012年3月21日在深圳交易所创业板上市。作为“LED创新前景的引领者”,长方集团一直致力于推进LED在照明领域的发展,拥有强大的研发技术和体系完整的解决方案,优秀的品质管理及先进的生产制造设备。 财务数据显示，2022年、2023年和2024年三季度，*ST长方归属净利润分别为-2.25亿元、-1.42亿元和-3744.79万元。 截至2024年9月30日，*ST长方股东人数2.21万户，人均持股金额5.14万元，筹码较集中。",0,ST长方(SZ300301),0,2024-11-01 03:47:34,0,0,0,6737,0,新闻,https://xueqiu.com/S/SZ300301/310687830,2026-07-08 16:18:04
311173576,SZ300301,ST长方,*ST长方成一元低价股，总市值12.72亿元,"11月5日，*ST长方（300301）成为“一元股”，截至午间收盘，*ST长方报1.61元/股，涨幅3.21%，总市值12.72亿元。 根据《股票上市规则》的相关规定，发行A股的上市公司，如果公司股票连续20个交易日的收盘价均低于人民币1元，公司股票可能被终止上市交易。此外，因触及交易类强制退市情形而终止上市的，公司股票将不进入退市整理期。 资料显示，深圳市长方集团股份有限公司成立于2005年,于2012年3月21日在深圳交易所创业板上市。作为“LED创新前景的引领者”,长方集团一直致力于推进LED在照明领域的发展,拥有强大的研发技术和体系完整的解决方案,优秀的品质管理及先进的生产制造设备。 财务数据显示，2022年、2023年和2024年三季度，*ST长方归属净利润分别为-2.25亿元、-1.42亿元和-3744.79万元。 截至2024年10月18日，*ST长方股东人数2.16万户，人均持股金额5.19万元，筹码较集中。",0,ST长方(SZ300301),0,2024-11-05 03:47:20,0,0,0,6895,0,新闻,https://xueqiu.com/S/SZ300301/311173576,2026-07-08 16:18:04
311664555,SZ300301,ST长方,,*ST长方：关于公司过去十二个月累计小额诉讼、仲裁的公告 网页链接,0,ST长方(SZ300301),0,2024-11-07 10:23:05,0,0,0,5213,0,公告,https://xueqiu.com/S/SZ300301/311664555,2026-07-08 16:18:04
311792654,SZ300301,ST长方,*ST长方成一元低价股，总市值13.75亿元,"11月8日，*ST长方（300301）成为“一元股”，截至午间收盘，*ST长方报1.74元/股，涨幅0.58%，总市值13.75亿元。 根据《股票上市规则》的相关规定，发行A股的上市公司，如果公司股票连续20个交易日的收盘价均低于人民币1元，公司股票可能被终止上市交易。此外，因触及交易类强制退市情形而终止上市的，公司股票将不进入退市整理期。 资料显示，深圳市长方集团股份有限公司成立于2005年,于2012年3月21日在深圳交易所创业板上市。作为“LED创新前景的引领者”,长方集团一直致力于推进LED在照明领域的发展,拥有强大的研发技术和体系完整的解决方案,优秀的品质管理及先进的生产制造设备。 财务数据显示，2022年、2023年和2024年三季度，*ST长方归属净利润分别为-2.25亿元、-1.42亿元和-3744.79万元。 截至2024年10月18日，*ST长方股东人数2.16万户，人均持股金额5.19万元，筹码较集中。",0,ST长方(SZ300301),0,2024-11-08 03:47:14,0,0,0,6947,0,新闻,https://xueqiu.com/S/SZ300301/311792654,2026-07-08 16:18:04
312200398,SZ300301,ST长方,,*ST长方：关于持股5%以上股东所持公司股份解除司法冻结的公告 网页链接,0,ST长方(SZ300301),0,2024-11-11 10:53:07,0,0,0,6278,0,公告,https://xueqiu.com/S/SZ300301/312200398,2026-07-08 16:18:04
312693856,SZ300301,ST长方,*ST长方成一元低价股，总市值14.93亿元,"11月14日，*ST长方（300301）成为“一元股”，截至午间收盘，*ST长方报1.89元/股，涨幅1.07%，总市值14.93亿元。 根据《股票上市规则》的相关规定，发行A股的上市公司，如果公司股票连续20个交易日的收盘价均低于人民币1元，公司股票可能被终止上市交易。此外，因触及交易类强制退市情形而终止上市的，公司股票将不进入退市整理期。 资料显示，深圳市长方集团股份有限公司成立于2005年,于2012年3月21日在深圳交易所创业板上市。作为“LED创新前景的引领者”,长方集团一直致力于推进LED在照明领域的发展,拥有强大的研发技术和体系完整的解决方案,优秀的品质管理及先进的生产制造设备。 财务数据显示，2022年、2023年和2024年三季度，*ST长方归属净利润分别为-2.25亿元、-1.42亿元和-3744.79万元。 截至2024年10月31日，*ST长方股东人数2.28万户，人均持股金额5.76万元，筹码较集中。",0,ST长方(SZ300301),0,2024-11-14 03:47:20,0,0,0,6191,0,新闻,https://xueqiu.com/S/SZ300301/312693856,2026-07-08 16:18:04
313270526,SZ300301,ST长方,,*ST长方：关于向关联方借款暨关联交易的进展公告 网页链接,0,ST长方(SZ300301),0,2024-11-18 11:46:06,0,0,0,2837,0,公告,https://xueqiu.com/S/SZ300301/313270526,2026-07-08 16:18:04
314540646,SZ300301,ST长方,,*ST长方：关于长方集团2024年限制性股票激励计划（草案）的法律意见书 网页链接,0,ST长方(SZ300301),0,2024-11-27 11:03:09,0,0,0,2430,0,公告,https://xueqiu.com/S/SZ300301/314540646,2026-07-08 16:18:04
314540653,SZ300301,ST长方,,*ST长方：上市公司股权激励计划自查表 网页链接,0,ST长方(SZ300301),0,2024-11-27 11:03:10,0,0,0,3308,0,公告,https://xueqiu.com/S/SZ300301/314540653,2026-07-08 16:18:04
314540654,SZ300301,ST长方,,*ST长方：关于独立董事公开征集表决权的公告 网页链接,0,ST长方(SZ300301),0,2024-11-27 11:03:10,0,0,0,3265,0,公告,https://xueqiu.com/S/SZ300301/314540654,2026-07-08 16:18:04
314540655,SZ300301,ST长方,,*ST长方：2024年限制性股票激励计划实施考核管理办法 网页链接,0,ST长方(SZ300301),0,2024-11-27 11:03:10,0,0,0,2530,0,公告,https://xueqiu.com/S/SZ300301/314540655,2026-07-08 16:18:04
314540656,SZ300301,ST长方,,*ST长方：第五届监事会第五次会议决议公告 网页链接,0,ST长方(SZ300301),0,2024-11-27 11:03:10,0,0,0,2542,0,公告,https://xueqiu.com/S/SZ300301/314540656,2026-07-08 16:18:02
314540657,SZ300301,ST长方,,*ST长方：关于公司股票交易被实施其他风险警示相关事项的进展公告 网页链接,0,ST长方(SZ300301),0,2024-11-27 11:03:10,0,0,0,3144,0,公告,https://xueqiu.com/S/SZ300301/314540657,2026-07-08 16:18:02
314540658,SZ300301,ST长方,,*ST长方：2024年限制性股票激励计划首次授予激励对象名单 网页链接,0,ST长方(SZ300301),0,2024-11-27 11:03:10,0,0,0,3153,0,公告,https://xueqiu.com/S/SZ300301/314540658,2026-07-08 16:18:02
314540659,SZ300301,ST长方,,*ST长方：2024年限制性股票激励计划（草案） 网页链接,0,ST长方(SZ300301),0,2024-11-27 11:03:10,0,0,0,3188,0,公告,https://xueqiu.com/S/SZ300301/314540659,2026-07-08 16:18:02
314540660,SZ300301,ST长方,,*ST长方：关于长方集团2024年限制性股票激励计划（草案）之独立财务顾问报告 网页链接,0,ST长方(SZ300301),0,2024-11-27 11:03:10,0,0,0,3881,0,公告,https://xueqiu.com/S/SZ300301/314540660,2026-07-08 16:18:02
314540665,SZ300301,ST长方,,*ST长方：第五届董事会第八次会议决议公告 网页链接,0,ST长方(SZ300301),0,2024-11-27 11:03:11,0,0,0,3254,0,公告,https://xueqiu.com/S/SZ300301/314540665,2026-07-08 16:18:02
314540666,SZ300301,ST长方,,*ST长方：关于召开2024年第二次临时股东大会的通知 网页链接,0,ST长方(SZ300301),0,2024-11-27 11:03:11,0,0,0,3346,0,公告,https://xueqiu.com/S/SZ300301/314540666,2026-07-08 16:18:02
314540667,SZ300301,ST长方,,*ST长方：2024年限制性股票激励计划（草案）摘要 网页链接,0,ST长方(SZ300301),0,2024-11-27 11:03:11,0,0,0,4886,1,公告,https://xueqiu.com/S/SZ300301/314540667,2026-07-08 16:18:02
314541463,SZ300301,ST长方,*ST长方：2024年限制性股票激励计划,每经AI快讯，*ST长方（SZ 300301，收盘价：1.79元）11月27日晚间发布公告称，本激励计划拟首次授予的激励对象共计195人，涉及的标的股票来源为公司向激励对象定向发行的公司A股普通股股票；拟向激励对象授予4700万股限制性股票，约占本激励计划草案公告时公司股本总额约7.9亿股的5.95%；授予限制性股票的授予价格为每股1元，即满足解除限售条件后，激励对象可以每股1元的价格购买公司向激励对象定向发行的公司A股普通股股票，的有效期为自限制性股票首次授予登记上市之日起至激励对象获授的限制性股票全部解除限售或回购注销完毕之日止，最长不超过60个月。 2024年1至6月份，*ST长方的营业收入构成为：工业占比95.77%，其他业务占比4.23%。 *ST长方的董事长、总经理均是吴涛祥，男，51岁，学历背景为硕士。 截至发稿，*ST长方市值为14亿元。 道达号（daoda1997）“个股趋势”提醒：1. 近30日内无机构对*ST长方进行调研。 每经头条（nbdtoutiao）——钓鱼佬硬气了，靠装备撑起一个IPO！中年男人“三宝”将齐聚股市？但在鱼竿背后，有个谜团待解 (记者 陈鹏程) 免责声明：本文内容与数据仅供参考，不构成投资建议，使用前请核实。据此操作，风险自担。 每日经济新闻,0,每日经济新闻,4642157440,2024-11-27 11:10:15,0,0,0,35965,0,雪球,https://xueqiu.com/4642157440/314541463,2026-07-08 16:18:02
314544048,SZ300301,ST长方,*ST长方拟推2024年限制性股票激励计划,*ST长方（300301）(300301.SZ)发布2024年限制性股票激励计划(草案)，拟向激励对象授予4700万股限制性股票，约占本激励计划草案公告时公司股本总额的5.95%。其中首次授予4100万股，预留授予600万股。授予价格(含预留授予)为1.00元/股。 本激励计划的有效期为自限制性股票首次授予登记上市之日起至激励对象获授的限制性股票全部解除限售或回购注销完毕之日止，最长不超过60个月。,0,ST长方(SZ300301),0,2024-11-27 11:35:12,0,0,0,5031,0,新闻,https://xueqiu.com/S/SZ300301/314544048,2026-07-08 16:18:02
314556596,SZ300301,ST长方,*ST长方：第五届监事会第五次会议决议公告,证券日报网讯 11月27日晚间，*ST长方发布公告称，公司第五届监事会第五次会议审议通过了《关于及其摘要的议案》等议案。（编辑 赵子强）,0,证券日报,8353550788,2024-11-27 13:40:41,0,0,0,35476,0,雪球,https://xueqiu.com/8353550788/314556596,2026-07-08 16:18:02
314556600,SZ300301,ST长方,*ST长方：第五届董事会第八次会议决议公告,证券日报网讯 11月27日晚间，*ST长方发布公告称，公司第五届董事会第八次会议审议通过了《关于及其摘要的议案》等议案。（编辑 赵子强）,0,证券日报,8353550788,2024-11-27 13:40:44,0,0,0,37970,0,雪球,https://xueqiu.com/8353550788/314556600,2026-07-08 16:18:02
314566044,SZ300301,ST长方,*ST长方最新公告：拟推2024年限制性股票激励计划,"*ST长方发布2024年限制性股票激励计划（草案），该计划拟向激励对象授予4,700万股限制性股票，约占公司股本总额的5.95%。授予价格为1.00元/股。激励对象共计195人。以上内容为证券之星据公开信息整理，由智能算法生成，不构成投资建议。",0,证券之星财经,5187193467,2024-11-27 15:00:11,0,0,0,40319,0,雪球,https://xueqiu.com/5187193467/314566044,2026-07-08 16:18:02
314694410,SZ300301,ST长方,,*ST长方：关于重大诉讼的进展公告 网页链接,0,ST长方(SZ300301),0,2024-11-28 09:53:06,1,0,0,6786,0,公告,https://xueqiu.com/S/SZ300301/314694410,2026-07-08 16:18:02
315388149,SZ300301,ST长方,,长方申请摘星摘帽快两年了，依然无果。2023年年报后申请摘星，但是造假子公司康铭盛刚刚被立案调查，问询函尖锐指出，调查结果是否会导致退市？这个问题显然是上市公司无法回答的，只能等待调查结果。结果今年年报前，公司又被立案调查，公司申请摘帽，问询函又提出，调查结果是否会导致前期财务报表追溯调整？这依然不是公司能回答的问题。长方的立案调查结果出来前，是不可能提交答复函和摘帽的。长方申请摘星摘帽，显然考虑不周。天沃的情况显然和长方不同，立案调查已经有结论，会计差错更正也做了。天沃的情况更类似红相。但天沃的经营可持续性显然不及红相。,0,莫要贪心,6773251238,2024-12-04 04:32:45,1,5,0,40038,0,Android,https://xueqiu.com/6773251238/315388149,2026-07-08 16:18:02
316038776,SZ300301,ST长方,,*ST长方：监事会关于公司2024年限制性股票激励计划首次授予激励对象名单的核查意见及公示情况说明 网页链接,0,ST长方(SZ300301),0,2024-12-09 11:19:09,0,0,0,3906,0,公告,https://xueqiu.com/S/SZ300301/316038776,2026-07-08 16:18:02
316038778,SZ300301,ST长方,,*ST长方：关于2024年限制性股票激励计划内幕信息知情人买卖公司股票情况的自查报告 网页链接,0,ST长方(SZ300301),0,2024-12-09 11:19:09,0,0,0,2765,0,公告,https://xueqiu.com/S/SZ300301/316038778,2026-07-08 16:18:02
316697121,SZ300301,ST长方,*ST长方：康铭盛直播营销处于探索阶段，后续将通过加强直播人员的专业培训、增加产品的种类精准传播产...,同花顺（300033）金融研究中心12月13日讯，有投资者向*ST长方（300301）提问， 尊敬的吴祥涛董事长，江玮董秘，我作为长方集团的小股东，恳请改进康铭的直播方式，每天都是主播对着空气自言自语，严重影响了公司的品牌形象。请两位为了长方的发展积极改善康铭的品牌形象。 公司回答表示，您好，感谢您的关注和建议！康铭盛直播营销处于探索阶段，后续将通过加强直播人员的专业培训、增加产品的种类精准传播产品，不断增强产品销售转化能力。 点击进入交易所官方互动平台查看更多,0,ST长方(SZ300301),0,2024-12-13 07:19:24,0,0,0,4399,0,新闻,https://xueqiu.com/S/SZ300301/316697121,2026-07-08 16:18:02
316697417,SZ300301,ST长方,*ST长方：康铭盛销售的电热水壶均获得国家强制性产品认证证书,同花顺（300033）金融研究中心12月13日讯，有投资者向*ST长方（300301）提问， 贵公司的电热水壶内胆都是食品级的不锈钢吗？最近央视曝光的毒热水壶引起了换电烧水壶风暴，请积极的在产品质量和信誉上下功夫，做百年好企业 公司回答表示，您好，感谢您的关注！康铭盛销售的电热水壶均获得国家强制性产品认证证书。 点击进入交易所官方互动平台查看更多,0,ST长方(SZ300301),0,2024-12-13 07:20:29,0,0,0,4127,0,新闻,https://xueqiu.com/S/SZ300301/316697417,2026-07-08 16:18:02
316697656,SZ300301,ST长方,*ST长方：公司拟实施股权激励以激发员工的积极性和创造力，提升公司业绩，更好地回报股东,同花顺（300033）金融研究中心12月13日讯，有投资者向*ST长方（300301）提问， 请问贵公司高管工资怎么定的，公司连续亏损多年，而高管工资很多都是100万左右，严重的脱离了公司基本面，请重新用绩效考核办法来规范公司管理人员的工资。 公司回答表示，您好，感谢您的关注！公司高级管理人员工资系结合市场水平并根据其在公司担任具体管理职务按公司相关薪酬规定及聘用合同领取报酬。公司已实施全员绩效考核机制，对员工工作定期监督评估。公司拟实施股权激励以激发员工的积极性和创造力，提升公司业绩，更好地回报股东。 点击进入交易所官方互动平台查看更多,0,ST长方(SZ300301),0,2024-12-13 07:21:29,0,0,0,3992,0,新闻,https://xueqiu.com/S/SZ300301/316697656,2026-07-08 16:18:02
316697991,SZ300301,ST长方,*ST长方：江西长方已向市场推出5050IC四脚5V幻彩产品,同花顺（300033）金融研究中心12月13日讯，有投资者向*ST长方（300301）提问， 贵公司的幻彩灯珠号称有千亿级应用市场，请问研发到哪一步了，可不可以应用与显示器上，有什么技术壁垒吗？ 公司回答表示，您好，感谢您的关注！江西长方已向市场推出5050IC四脚5V幻彩产品，该产品应用市场广泛，包括：LED幻彩软硬灯条、LED全彩发光字灯串，LED全彩模组、LED全彩软灯条硬灯条、电器设备跑马灯、智能音箱发光氛围、风扇显示屏，像素屏，LED点光源，LED异形屏、电竞幻彩氛围、汽车氛围、舞台灯、娱乐场所、景观照明、户外亮化发光电子等产品。 点击进入交易所官方互动平台查看更多,0,ST长方(SZ300301),0,2024-12-13 07:22:59,0,0,0,4203,0,新闻,https://xueqiu.com/S/SZ300301/316697991,2026-07-08 16:18:00
316698215,SZ300301,ST长方,*ST长方：江西长方暂未生产mini led产品,同花顺（300033）金融研究中心12月13日讯，有投资者向*ST长方（300301）提问， 贵公司的江西长方半导体搬迁至南昌以来，企业产能稳步提升，预计在9月实现全线生产，年产量可达40亿颗。当前，企业也在积极部署LED照明高端化、智能化、绿色化、健康化、高能效化发展方向，计划二期再新增封装产品设备，进行MiniLED封装。请问这些产能都实现了吗？现在江西长方半导体的产能情况是什么样的？ 公司回答表示，您好，感谢您的关注！ 江西长方2024年产能情况请关注公司后续披露的定期报告。江西长方暂未生产mini led产品。 点击进入交易所官方互动平台查看更多,0,ST长方(SZ300301),0,2024-12-13 07:24:01,0,0,0,5381,0,新闻,https://xueqiu.com/S/SZ300301/316698215,2026-07-08 16:18:00
316698433,SZ300301,ST长方,*ST长方：公司业务专注于照明用白光LED 的封装，并在此基础上向下游离网照明应用领域延伸,"同花顺（300033）金融研究中心12月13日讯，有投资者向*ST长方（300301）提问， 太阳能充电离网照明业务全球需求广阔，战争，电网建设薄弱地方，都是贵公司重点开发的市场，请积极的寻找机会，加大太阳能充电离网照明业务发展，实现公司进入快车道 公司回答表示，您好，感谢您的关注和建议！公司业务专注于照明用白光LED 的封装，并在此基础上向下游离网照明应用领域延伸，同时积极探索新能源发展路径,不断提升公司核心竞争力和盈利能力。 点击进入交易所官方互动平台查看更多",0,ST长方(SZ300301),0,2024-12-13 07:25:01,0,0,0,5388,0,新闻,https://xueqiu.com/S/SZ300301/316698433,2026-07-08 16:18:00
316983617,SZ300301,ST长方,,*ST长方：关于向激励对象首次授予限制性股票的公告 网页链接,0,ST长方(SZ300301),0,2024-12-16 11:09:03,0,0,0,2988,0,公告,https://xueqiu.com/S/SZ300301/316983617,2026-07-08 16:18:00
316983618,SZ300301,ST长方,,*ST长方：2024年第二次临时股东大会决议公告 网页链接,0,ST长方(SZ300301),0,2024-12-16 11:09:03,0,0,0,3455,0,公告,https://xueqiu.com/S/SZ300301/316983618,2026-07-08 16:18:00
316983619,SZ300301,ST长方,,*ST长方：监事会关于2024年限制性股票激励计划首次授予激励对象名单（授予日）的核查意见 网页链接,0,ST长方(SZ300301),0,2024-12-16 11:09:03,0,1,0,6423,0,公告,https://xueqiu.com/S/SZ300301/316983619,2026-07-08 16:18:00
316983620,SZ300301,ST长方,,*ST长方：第五届监事会第六次会议决议公告 网页链接,0,ST长方(SZ300301),0,2024-12-16 11:09:03,0,0,0,4359,0,公告,https://xueqiu.com/S/SZ300301/316983620,2026-07-08 16:18:00
316983621,SZ300301,ST长方,,*ST长方：2024年限制性股票激励计划首次授予激励对象名单（授予日） 网页链接,0,ST长方(SZ300301),0,2024-12-16 11:09:04,0,0,0,5313,0,公告,https://xueqiu.com/S/SZ300301/316983621,2026-07-08 16:18:00
316983622,SZ300301,ST长方,,*ST长方：第五届董事会第九次会议决议公告 网页链接,0,ST长方(SZ300301),0,2024-12-16 11:09:04,0,0,0,5931,0,公告,https://xueqiu.com/S/SZ300301/316983622,2026-07-08 16:18:00
316983623,SZ300301,ST长方,,*ST长方：关于长方集团2024年第二次临时股东大会的法律意见书 网页链接,0,ST长方(SZ300301),0,2024-12-16 11:09:04,0,0,0,5392,0,公告,https://xueqiu.com/S/SZ300301/316983623,2026-07-08 16:18:00
316983624,SZ300301,ST长方,,*ST长方：关于调整2024年限制性股票激励计划相关事项的公告 网页链接,0,ST长方(SZ300301),0,2024-12-16 11:09:04,0,0,0,6253,0,公告,https://xueqiu.com/S/SZ300301/316983624,2026-07-08 16:18:00
316983626,SZ300301,ST长方,,*ST长方：关于长方集团2024年限制性股票激励计划调整及首次授予相关事项之独立财务顾问报告 网页链接,0,ST长方(SZ300301),0,2024-12-16 11:09:05,0,0,0,6904,0,公告,https://xueqiu.com/S/SZ300301/316983626,2026-07-08 16:18:00
316983627,SZ300301,ST长方,,*ST长方：关于长方集团2024年限制性股票激励计划调整及首次授予相关事项之法律意见书 网页链接,0,ST长方(SZ300301),0,2024-12-16 11:09:05,0,0,0,6164,0,公告,https://xueqiu.com/S/SZ300301/316983627,2026-07-08 16:18:00
316997540,SZ300301,ST长方,*ST长方：第五届董事会第九次会议决议公告,证券日报网讯 12月16日晚间，*ST长方发布公告称，公司第五届董事会第九次会议审议通过了《关于调整2024年限制性股票激励计划相关事项的议案》等多项议案。（编辑 楚丽君）,0,证券日报,8353550788,2024-12-16 13:40:28,0,0,0,26640,0,雪球,https://xueqiu.com/8353550788/316997540,2026-07-08 16:18:00
316997590,SZ300301,ST长方,*ST长方：2024年第二次临时股东大会决议公告,证券日报网讯 12月16日晚间，*ST长方发布公告称，公司2024年第二次临时股东大会审议通过了《关于及其摘要的议案》等多项议案。（编辑 楚丽君）,0,证券日报,8353550788,2024-12-16 13:40:44,0,0,0,26495,0,雪球,https://xueqiu.com/8353550788/316997590,2026-07-08 16:18:00
317074722,SZ300301,ST长方,,$*ST长方(SZ300301)$ 这货像打不死的小强，立案调查可能猝死，面值退可能死，净资产转不了正可能后年死。。不过今天低价股反噬得厉害，破业板里面三个一元股都退风概率极高$*ST嘉寓(SZ300117)$ $*ST吉药(SZ300108)$,0,不明真相的群友,2416893682,2024-12-17 03:52:50,1,3,0,44730,0,雪球,https://xueqiu.com/2416893682/317074722,2026-07-08 16:18:00
317850550,SZ300301,ST长方,,*ST长方：关于2024年限制性股票激励计划首次授予登记完成的公告 网页链接,0,ST长方(SZ300301),0,2024-12-23 09:43:03,0,0,0,6225,1,公告,https://xueqiu.com/S/SZ300301/317850550,2026-07-08 16:18:00
317880441,SZ300301,ST长方,,"24.12.23晚间st板块公告集锦：1.*ST长方，2024年限制性股票激励计划首次授予登记完成，限制性股票上市日期：2024年12月26日，登记数量：3,976万股，授予价格：1.00元/股，登记人数：合计84人（公司管理层），激励计划的限售期和解除限售安排：为首次授予登记上市之日起 15 个月、27 个月、39 个月，第一个解除限售期 2025 年，考核指标，25年利润转正。第二个解除限售期 2026 年 ，利润1500w，第三个解除限售期 2027年 ，利润3000w。2.ST起步：受赠现金资产暨关联交易，控股股东湖州鸿煜企业管理合伙企业（有限合伙）自愿赠与起步股份有限公司现金资产人民币 10,000 万元。变更会计师事务所。3.*ST东园，公司重整计划获得法院裁定批准。重整计划资本公积金转增股本事项实施，股权登记日为 2024 年 12 月 27 日，转增股本上市日为 2024 年 12 月 30 日。 2024 年 12月 27 日公司股票停牌 1 个交易日，并于 2024 年 12 月 30 日复牌。4.*ST花王，公司股价可能较大幅度向下除权的风险，转增股票的分配情况：约 3.77 亿股由重整投资人支付现金受让，现金对价约为 5.08 亿元；约 4320 万股将向资本公积金转增股本股权登记日登记在册的除控股股东花王集团以外的其他全部股东进行分配，各股东按每 10 股转增约 1.55346 股的比例获得转增股票。5.ST东时，控股股东所持公司部分股份将被司法拍卖，共计23,500,000股无限售流通股，拍卖时间：2025 年 1 月 7 日 10 时至 2025 年 1 月 8 日 10 时止，京东司法拍卖。不会导致控股权变更。6.ST德豪，合计持股5%以上股东增持公司股份计划实施完成，增持计划主体自2024年6月24日至2024年12月23日通过集中竞价、大宗交易方式增持公司股份123,363,503股，占公司总股本的7.0396%，增持均价为1.12元/股，增持金额13,781.78万元（其中北京风炎增持公司股份119,634,003股，占公司总股本的6.8268%，增持金额13,276.63万元；蚌埠鑫睿增持公司股份3,729,500股，占公司总股本的0.2128%，增持金额505.15万元），本次增持计划已完成。7.ST加加，公司实际控制人所持股份被司法拍卖完成过户暨股份解除质押、解除司法冻结，中国东方资产管理股份有限公司持有公司股份 269,840,000 股，占公司总股本的 23.42%，成为公司第一大股东。8.*ST文投，法院裁定确认公司重整计划执行完毕，申请撤销退市风险警示暨继续被实施退市风险警示及其他风险警示。9.*ST中程，获得债务豁免暨关联交易，青岛城投城金控股集团有限公司、青岛城投国际发展集团有限公司、青岛汇泉民间资本管理有限公司分别出具的《债务豁免函》。为减轻公司债务压力、优化资产负债结构、提升公司持续经营能力，通知豁免公司总计 8.5 亿元的债务。本次债务豁免行为系单方面、无条件、不可变更、不可撤销之豁免。上述《债务豁免函》已于 2024 年 12 月 20 日盖章生效。",0,花燕萍,9071569852,2024-12-23 14:58:03,0,3,0,88362,0,Android,https://xueqiu.com/9071569852/317880441,2026-07-08 16:18:00
317945678,SZ300301,ST长方,*ST长方：公司尚未收到华旗源应向公司支付的服务款项及相关利息,同花顺（300033）金融研究中心12月24日讯，有投资者向*ST长方（300301）提问， 董秘你好，请问华旗源赔偿款是否到位。如没有到位是什么原因。 公司回答表示，您好，感谢您的关注！公司尚未收到华旗源应向公司支付的服务款项及相关利息，因公司已在法定时限内就一审判决中被驳回的诉讼请求向广东省揭阳市中级人民法院提起上诉，一审判决尚未生效。公司将密切关注上述案件二审进展情况，并根据诉讼进展情况及时履行信息披露义务，敬请广大投资者注意投资风险。 点击进入交易所官方互动平台查看更多,0,ST长方(SZ300301),0,2024-12-24 04:16:39,0,0,0,5171,0,新闻,https://xueqiu.com/S/SZ300301/317945678,2026-07-08 16:18:00
318684758,SZ300301,ST长方,,*ST长方：关于公司股票交易被实施其他风险警示相关事项的进展公告 网页链接,0,ST长方(SZ300301),0,2024-12-30 12:09:13,0,0,0,6418,0,公告,https://xueqiu.com/S/SZ300301/318684758,2026-07-08 16:18:00
318721312,SZ300301,ST长方,*ST长方：康铭盛部分经销商会参与移动、电信等公司的竞标项目,同花顺（300033）金融研究中心12月31日讯，有投资者向*ST长方（300301）提问， 尊敬的吴祥涛总经理，您好，贵公司离网照明需求广泛，有很多大型的企业的一线工人，每年都要采购很多，比如国家电网，移动，电信，铁塔公司，请问贵公司有没有参与这些公司的一部分竞标？ 公司回答表示，您好，感谢您的关注！康铭盛目前并未直接参与上述公司竞标，但康铭盛部分经销商会参与移动、电信等公司的竞标项目，并根据其需求向康铭盛下订制订单。 点击进入交易所官方互动平台查看更多,0,ST长方(SZ300301),0,2024-12-31 00:52:25,0,0,0,5075,0,新闻,https://xueqiu.com/S/SZ300301/318721312,2026-07-08 16:17:57
319255063,SZ300301,ST长方,,*ST长方：关于股东承诺事项的进展公告 网页链接,0,ST长方(SZ300301),0,2025-01-03 09:59:08,0,0,0,6323,1,公告,https://xueqiu.com/S/SZ300301/319255063,2026-07-08 16:17:57
319260137,SZ300301,ST长方,*ST长方股东终止购买承诺 支付违约金2000万元,财中社1月3日电*ST长方（300301）发布关于股东承诺事项的进展公告。公告中提到，股东王刚向公司承诺，如果公司名下的坪山工业园在2024年12月31日前未以高于2.61亿元的价格出售，王刚指定的企业愿意以该价格购买，并在同日之前完成协议签署和付款。若未能完成，则愿支付违约金2000万元。 截至公告披露日，标的资产挂牌转让无受让者，且已抵押于中信银行深圳分行，抵押贷款余额为7239万元，同时仍处于法院查封状态，查封金额为509万元。王刚要求解除抵押查封以便签署购买协议，但公司未能完成解除。最终，王刚同意终止购买承诺并支付违约金，金额为2000万元，公司已收到该款项，承诺义务已完成。 2024年前三季度，*ST长方实现收入3.78亿元，归母净利润-3745万元。,0,ST长方(SZ300301),0,2025-01-03 10:46:23,0,0,0,4952,0,新闻,https://xueqiu.com/S/SZ300301/319260137,2026-07-08 16:17:57
320138692,SZ300301,ST长方,,*ST长方：关于公司及相关责任人收到《行政处罚决定书》及《行政处罚事先告知书》的公告 网页链接,0,ST长方(SZ300301),0,2025-01-10 13:23:06,6,1,0,11969,1,公告,https://xueqiu.com/S/SZ300301/320138692,2026-07-08 16:17:57
320138694,SZ300301,ST长方,,*ST长方：关于公司股票被叠加实施其他风险警示的公告 网页链接,0,ST长方(SZ300301),0,2025-01-10 13:23:07,0,0,0,5644,0,公告,https://xueqiu.com/S/SZ300301/320138694,2026-07-08 16:17:57
320139320,SZ300301,ST长方,*ST长方：公司及相关责任人收《行政处罚决定书》及《行政处罚事先告知书》,金融界1月10日消息，2025年1月10日，*ST长方（300301）收到中国证券监督管理委员会深圳监管局对康铭盛相关责任人出具的《行政处罚决定书》[2024]29号，及对公司及公司相关责任人出具的《行政处罚事先告知书》[2025]1号。康铭盛相关责任人因拒绝、阻碍监督检查行为被责令改正，并分别被处以100万元罚款。公司涉嫌信息披露违法违规，拟被给予警告并处以400万元罚款，相关责任人也将受到相应处罚，李迪初还拟被采取5年证券市场禁入措施。公司判断此次违法违规行为触及其他风险警示情形，尚未触及退市风险警示情形。目前公司生产经营正常，公司对此致歉并表示将加强内部治理、提高信息披露质量。,0,ST长方(SZ300301),0,2025-01-10 13:31:19,0,0,0,5058,0,新闻,https://xueqiu.com/S/SZ300301/320139320,2026-07-08 16:17:57
320140892,SZ300301,ST长方,*ST长方最新公告：公司及相关责任人收到《行政处罚决定书》及《行政处罚事先告知书》,*ST长方公告，公司于2025年1月10日收到中国证券监督管理委员会深圳监管局对康铭盛相关责任人出具的《行政处罚决定书》及对公司及公司相关责任人出具的《行政处罚事先告知书》。康铭盛相关责任人因涉嫌拒绝、阻碍证券监督管理机构及其工作人员依法履行监督检查职权被处以罚款。公司及公司相关责任人因涉嫌信息披露违法违规被给予警告并处以罚款。以上内容为证券之星据公开信息整理，由智能算法生成（网信算备310104345710301240019号），不构成投资建议。,0,证券之星财经,5187193467,2025-01-10 13:50:17,0,0,0,12648,0,雪球,https://xueqiu.com/5187193467/320140892,2026-07-08 16:17:57
320140966,SZ300301,ST长方,*ST长方最新公告：公司股票被叠加实施其他风险警示,*ST长方公告，公司及公司相关责任人于2025年1月10日收到中国证券监督管理委员会深圳监管局出具的《行政处罚事先告知书》。根据相关规定，公司股票自2025年1月13日起将被叠加实施其他风险警示。本次叠加其他风险警示，公司股票不停牌。以上内容为证券之星据公开信息整理，由智能算法生成（网信算备310104345710301240019号），不构成投资建议。,0,证券之星财经,5187193467,2025-01-10 13:50:49,0,0,0,13643,0,雪球,https://xueqiu.com/5187193467/320140966,2026-07-08 16:17:57
320146840,SZ300301,ST长方,,"25年1月10日晚间st板块公告集锦：1.*ST长方，公司股票被叠加实施其他风险警示，2025 年 1 月 10 日公司相关责任人收到中国证券监督管理委员会深圳监管局出具的《行政处罚事先告知书》[2025]1 号。根据《深圳证券交易所创业板股票上市规则》（2024 年修订）第 9.4 条规定：“上市公司出现下列情形之一的，本所对其股票交易实施其他风险警示：（七）根据中国证监会行政处罚事先告知书载明的事实，公司披露的年度报告财务指标存在虚假记载，但未触及第 10.5.2 条第一款规定情形，前述财务指标包括营业收入、利润总额、净利润、资产负债表中的资产或者负债科目”，公司股票自2025 年 1 月 13 日起将被叠加实施其他风险警示。2.*ST有树，撤销公司股票因重整而被实施退市风险警示暨继续被实施退市风险警示及其他风险警示。公司已于 2024 年 12 月 26 日按照《深圳证券交易所创业板股票上市规则》的相关规定，向深圳证券交易所申请撤销相应的退市风险警示。2025 年 1 月 10 日，深交所审核同意公司撤销规范类退市风险警示的申请，并取消叠加实施退市风险警示。3.*ST美讯，收到拟终止公司股票上市的事先告知书，截至2025年1月10日，你公司股票已连续20个交易日的每日股票收盘总市值均低于5亿元，根据《上海证券交易所股票上市规则（2024年4月修订）》第9.2.1条的规定，你公司股票已经触及终止上市情形。4.*ST信通，因未在停牌期限内完成资金占用改正被叠加实施退市风险警示， 因亿阳信通股份有限公司未在停牌 2 个月内（2025年 1 月 10 日停牌届满日）完成资金占用改正，依据《上海证券交易所股票上市规则》（2024 年 4 月修订）（以下简称《股票上市规则》）相关规定，公司预计将于 2025 年 1 月 14 日复牌，并被叠加实施退市风险警示。如公司在股票被叠加实施退市风险警示后 2 个月内仍未能完成改正，公司股票将被终止上市。公司非经营性资金占用余额为 56,839.15 万元。5.ST旭蓝，无法在责令改正期限内完成资金占用整改暨股票停牌的进展，、公司于 2024 年 7 月 5 日收到中国证券监督管理委员会深圳监管局《关于对东旭蓝天新能源股份有限公司、东旭集团有限公司采取责令改正措施的决定》，责令要求公司非经营性占用资金 77.96 亿元应在收到决定书之日起六个月内归还。6.*ST景峰，公司重大诉讼进展。涉案的金额：人民币合计 1,292.04 万元（包括本金 1,002 万元及暂计算至 2024 年 10 月 15 日的利息 290.04 万元）。对于本次诉讼所涉及的应收票据，公司已全额计提了减值准备；本次诉讼一审判决涉及需由公司支付的案件受理费 49,661 元，相关金额将计入公司当期损益。",0,花燕萍,9071569852,2025-01-10 14:42:48,0,3,0,58743,0,雪球,https://xueqiu.com/9071569852/320146840,2026-07-08 16:17:57
320214465,SZ300301,ST长方,,"—如果有损失的股民。可以起诉索赔。找律师—。*ST长方全称为深圳市长方集团股份有限公司,荒坡上的5米深坑里，警方挖出377箱会计资料，涉事上市公司最新公告:1月10日晚间，*ST长方（300301.SZ）公告了曾闹得沸沸扬扬的“康铭盛事件”处罚结果。由于康铭盛存货管理、销售与收款、信息系统管理存在重大缺陷，又突然曝出1.68亿元的大额返利等事项，会计师事务所对*ST长方2021年度财务报表出具了非标意见，导致上市公司股票从2022年5月6日起“披星戴帽",0,量化投资188,3037216428,2025-01-12 03:27:19,1,0,1,15920,0,雪球,https://xueqiu.com/3037216428/320214465,2026-07-08 16:17:57
320218850,SZ300301,ST长方,*ST长方控股子公司财务造假一事处罚结果出炉,*ST长方（300301）控股子公司康铭盛财务造假一事处罚结果出炉。近日，*ST长方公告，公司收到深圳证监局对康铭盛相关责任人出具的《行政处罚决定书》，及深圳证监局对公司及公司相关责任人出具的《行政处罚事先告知书》。公告显示，深圳证监局决定对时任康铭盛执行董事李迪初等三人责令改正，分别处以100万元罚款。同时，深圳证监局拟对*ST长方及多名责任人给予警告，分别处以100万元至500万元不等的罚款。,0,ST长方(SZ300301),0,2025-01-12 05:11:14,0,0,0,5577,0,新闻,https://xueqiu.com/S/SZ300301/320218850,2026-07-08 16:17:57
320231447,SZ300301,ST长方,,【*ST长方控股子公司财务造假一事处罚结果出炉】*ST长方控股子公司康铭盛财务造假一事处罚结果出炉。近日，*ST长方公告，公司收到深圳证监局对康铭盛相关责任人出具的《行政处罚决定书》，及深圳证监局对公司及公司相关责任人出具的《行政处罚事先告知书》。公告显示，深圳证监局决定对时任康铭盛执行董事李迪初等三人责令改正，分别处以100万元罚款。同时，深圳证监局拟对*ST长方及多名责任人给予警告，分别处以100万元至500万元不等的罚款。（上证报）,0,GPLP犀牛,1515690066,2025-01-12 10:31:16,0,0,0,15375,0,雪球,https://xueqiu.com/1515690066/320231447,2026-07-08 16:17:57
320232411,SZ300301,ST长方,长方集团三名高管因阻碍检查被罚款,财中社1月12日电根据中国证券监督管理委员会深圳监管局在2025年1月11日发布的行政处罚决定书〔2024〕29号，李迪初、彭立新和廖聪奇因拒绝、阻碍监督检查行为受到处罚。李迪初为长方集团康铭盛（深圳）科技有限公司的执行董事，彭立新为财务总监，廖聪奇为副总经理及江西康铭盛光电科技有限公司负责人。 在2021年11月11日，深圳监管局对长方集团及其控股子公司康铭盛进行现场检查，发现三位当事人存在多个违法事实，包括销毁、隐匿检查要求提供的文件资料，未按要求提供财务系统相关数据，以及提供虚假返利相关材料。具体而言，彭立新指使员工不配合检查，甚至焚烧和掩埋相关资料，导致公安机关在康铭盛江西子公司厂区起获大量被埋资料。此外，彭立新未按要求提供财务数据，且虚假陈述存在未结算的返利，实际情况并不属实。 最终，深圳监管局决定对三位当事人责令改正，并分别处以100万元罚款。罚款应在收到决定书后15日内缴纳。如不服该决定，可以在60日内申请行政复议或在6个月内提起行政诉讼。,0,ST长方(SZ300301),0,2025-01-12 10:56:24,0,0,0,5297,0,新闻,https://xueqiu.com/S/SZ300301/320232411,2026-07-08 16:17:57
320254527,SZ300301,ST长方,*ST长方：公司暂无向ai眼镜、ai智能穿戴产品转型升级的计划,同花顺（300033）金融研究中心01月13日讯，有投资者向*ST长方（300301）提问， 尊敬的吴祥涛董事长，请问贵公司有没有向ai眼镜，ai智能穿戴产品转型升级，公司这次股权激励剩余的700万股是否可以用于引进高科技人才的激励方案，用于研发高端智能产品。请您加快长方集团的转型升级，万分感谢 公司回答表示，您好，感谢您的关注！公司暂无向ai眼镜、ai智能穿戴产品转型升级的计划；公司2024年限制性股票激励计划预留股份将根据公司战略及未来发展需要授予符合条件的公司员工，具体情况请关注公司后续披露的相关公告。 点击进入交易所官方互动平台查看更多,0,ST长方(SZ300301),0,2025-01-13 00:53:18,0,0,0,4953,0,新闻,https://xueqiu.com/S/SZ300301/320254527,2026-07-08 16:17:57
320331543,SZ300301,ST长方,*ST长方：公司暂无向ai眼镜、ai智能穿戴产品转型升级的计划,每经AI快讯，有投资者在投资者互动平台提问：尊敬的吴祥涛董事长，请问贵公司有没有向ai眼镜，ai智能穿戴产品转型升级，公司这次股权激励剩余的700万股是否可以用于引进高科技人才的激励方案，用于研发高端智能产品。请您加快长方集团的转型升级，万分感谢 *ST长方（300301.SZ）1月13日在投资者互动平台表示，公司暂无向ai眼镜、ai智能穿戴产品转型升级的计划；公司2024年限制性股票激励计划预留股份将根据公司战略及未来发展需要授予符合条件的公司员工，具体情况请关注公司后续披露的相关公告。 (记者 蔡鼎) 免责声明：本文内容与数据仅供参考，不构成投资建议，使用前核实。据此操作，风险自担。 每日经济新闻,0,每日经济新闻,4642157440,2025-01-13 08:20:43,0,0,0,20288,0,雪球,https://xueqiu.com/4642157440/320331543,2026-07-08 16:17:57
320331545,SZ300301,ST长方,*ST长方：公司业务专注于照明用白光LED 的封装，并在此基础上向下游离网照明应用领域延伸,每经AI快讯，有投资者在投资者互动平台提问：尊敬的吴祥涛董事长，您好，在您的带领下长方和康铭盛两个品牌都取得了跨越式发展，但是我们发现公司产业没有很好的融合，产品线还有待丰富，比如太阳能路灯，太阳能监控，ai智能家居产品，应该利用康铭的品牌效应扩大和丰富产业链，加快建设康铭成为国际第一家居用品品牌。 *ST长方（300301.SZ）1月13日在投资者互动平台表示，公司业务专注于照明用白光LED 的封装，并在此基础上向下游离网照明应用领域延伸。公司将根据客户需求及市场情况积极创新，丰富扩大产品线，不断提升公司核心竞争力和盈利能力。 (记者 蔡鼎) 免责声明：本文内容与数据仅供参考，不构成投资建议，使用前核实。据此操作，风险自担。 每日经济新闻,0,每日经济新闻,4642157440,2025-01-13 08:20:44,0,0,0,20389,0,雪球,https://xueqiu.com/4642157440/320331545,2026-07-08 16:17:57
320349370,SZ300301,ST长方,,针对公司的立案调查处罚落地，本次公司股票被叠加实施其他风险警示原因说明如下： 根据中国证监会行政处罚事先告知书载明的事实，公司披露的年度报告财务指标存在虚假记载，但未触及退市标准。 还能观察一年，看净资产情况了。面值退暂时风险倒也不大。$*ST长方(SZ300301)$,0,不明真相的群友,2416893682,2025-01-13 11:13:10,0,0,0,30642,0,Android,https://xueqiu.com/2416893682/320349370,2026-07-08 16:17:57
320416153,SZ300301,ST长方,李德林：造假祖师爷被挖出来，337箱会计凭证重见天日,意见领袖 | 李德林 最高端的造假往往只需要最简单的处理，把会计原始凭证挖一个坑埋掉就OK了。什么碎纸机、焚烧都是对资源最大的浪费。 证监会下达的一份《行政处罚决定书》和《行政处罚事先告知书》揭开了造假祖师爷级别的*ST长方的经典故事。 *ST长方是一家搞LED照明节能灯的公司，现在LED灯竞争可谓红海。*ST长方2017年17.5亿的营收创下历史新高后，营收几乎是一路下滑，到2023年只有5.4亿营收。毛利也由2017年的4.7亿一路下滑到2023年的7818万。2017年扣非后的净利润为1663万元，之后一路亏到2023年的1.5亿。2024年更是交出了2012年上市后最糟糕的三季报，营收只有3.78亿。 *ST长方2012年上市，到2014年时营收没有超过10亿，扣非后的净利润也就5000多万。*ST长方就琢磨着通过并购来壮大自己的实力。2015年，*ST长方收购康铭盛60%的股权，康铭盛在同年12月在新三板挂牌。当年，*ST长方营收达到14.19亿，利润1亿。 *ST长方收购康铭盛后，2016年营收提高到16.03亿，因商誉减值，归母净利润亏损6274万，扣非后更是亏损7473万。到了2017年12月，*ST长方又花了6亿收购了35.74554%的股权，*ST长方持股比例提高到95.74%以上。康铭盛还是归属原股东李迪初等人管理。 按照A股规则，收购要进行业绩对赌。赌赢了，走上人生巅峰，赌输了变成老赖。李迪初为首的康铭盛老股东们对*ST长方作出了2018年-2020年的业绩承诺，康铭盛净利润不低于1.25亿、1.4亿、1.55亿。*ST长方三年间净利润分别为-1.57亿、-4.29亿、-3784.45万。 *ST长方曾经说，康铭盛三年对赌达到了承诺标准，无论从营收还是毛利润看，康铭盛确实对*ST长方贡献巨大。可是巨额亏损一方面是*ST长方自己的业绩一般般，加上巨额的商誉需要减值计提。可是对赌结束后的2021年开始，*ST长方就开始业绩爆雷了。 2021年营收15.89亿，归母净利润-2.82亿，扣非后为-3.5亿，到了2022年营收下滑到7.284亿，归母净利润为-2.25亿，扣非为-2.41亿。营收腰斩，钱没少亏，妥妥地爆雷了啊。审计机构对*ST长方2021年的财报没法出具审计意见，主要是康铭盛的问题一大堆。 审计机构在审计康铭盛的时候发现账面存货金额1.911亿，可是存货跌价准备金余额为1953万，审计项目组按照惯例需要盘点，发现有大量的呆滞品，就问康铭盛提供真实、完整的呆滞品清单以及形成呆滞品过程的相关资料，可康铭盛提供的呆滞品账面余额为1793.8万。 除了提供1793.8万元的呆滞品清单，完整的清单和形成时间没法形成一个闭环，搞的审计机构都没法判断呆滞品的总体金额及跌价准备的合理性。审计项目组还发现康铭盛无论是国内还是国际销售，存在第三方回款情形，可是无法找到证据来证明第三方回款的来源。 审计机构无法找到第三方回款的款项来源，翻译一下就是这个钱没法跟产品销售对应起来，回款可能是造假的。深圳证监局一看，那哪儿行啊，向*ST长方下发检查通知书，要求提供包含康铭盛在内的资料清单，要对*ST长方及其控股子公司康铭盛进行现场检查。 深圳证监局的官员到康铭盛公司，以李迪初为首的高管们根本就不让检查人员进门，更拒绝现场盘查。*ST长方收购康铭盛后，公司一直由李迪初等原管理层管理控制，阻碍监督检查的行为惹毛了深圳证监局的官员，*ST长方直接报警。深圳警方出警配合深圳证监局调查。 深圳警方联合深圳证监局在康铭盛深圳厂区截获一整车会计凭证，另有两车去向不明。深圳证监局会同警方一同现场查看并统计了截获的会计凭证，在办理相关手续后被截获的凭证移交到*ST长方。经清点，截获的凭证为2013年至2021年康铭盛的纸质会计记账凭证。 深圳市公安局龙华分局进行了4个月的侦查，2022年11月1日在康铭盛全资江西公司厂区内的荒坡上起获了被掩埋的会计原始单据、生产经营等资料，经长达两天时间，共挖出377箱会计原始凭证资料等，挖掘掩埋资料的坑长约9米，宽约5米，深约5米。 江西挖出来的资料包括核算成本、收入、工资等类别资料，由于资料被倾斜掩埋时间较长，大部分资料无包装直接裸露掩埋，大部分凭证上面的数据模糊无法辨识，仅文件抬头和标题尚可辨识。经核查，被掩埋销毁的资料主要是康铭盛2014年至2021年的会计原始凭证单据。 康铭盛为啥要掩埋销毁会计原始凭证单据呢？因为对赌业绩造假了啊。康铭盛2020年少记销售返利797.77万元，就虚增了相应的797.77万元利润，占*ST长方当期利润总额绝对值的54.9%。虚增应收账款1.45亿，占*ST长方当期披露总资产的5.4%。 康铭盛为了掩饰对赌结束就爆雷的尴尬，2021年同样少记销售返利费用548.7万元，虚增利润548.7万元，占*ST长方当期利润总额绝对值的2.02%，虚增应收账款1.58亿，占*ST长方当期总资产的9.31%。虚增应收账款，实际上就是业绩造假，利润虚增了么？ 现在真相大白了。 *ST长方已经全面接管了康铭盛，康铭盛的老板李迪初从2018年7月至2020年5月出任*ST长方副董事长，负责康铭盛经营管理，对财务造假行为负责，被罚款500万，其他相关人等也相应罚款。上市公司董事长、总经理等人也被处罚250万至100万不等的罚款。 问题来了，证监会一直坚持零容忍，造假已经是人神共愤，康铭盛还用最原始草莽的掩埋造假证据，对抗监管，那些都是触犯律法的事，有人坐牢了么？如此造假、掩埋证据的重大违法行为，到底是遵照财务数据进行披星戴帽警示？还是要强制退市以儆效尤呢？面对*ST长方的狗血剧，也许，老百姓会说，他们真是耗子腰间别手枪，早就起了打猫儿的心肠哟。 (本文作者介绍：尺度商业，以价值为尺、投资有度的视角，观察和洞见商业文明、科技创新，官方微信公众号：delinshe),0,ST长方(SZ300301),0,2025-01-14 03:09:25,0,0,0,5273,0,新闻,https://xueqiu.com/S/SZ300301/320416153,2026-07-08 16:17:57
320482708,SZ300301,ST长方,,上周五（1 月 10 日）晚证监会发布处罚公告，*ST 长方子公司康铭盛深圳科技有限公司在 2022 年于其江西子公司厂区荒坡挖 9 米长、5 米宽、深 5 米的坑，掩埋 377 箱 2013 - 2021 年会计原始凭证资料。警方挖出 225 立方深坑，因掩埋时间长，大部分资料无外包装、字迹模糊，仅部分抬头可辨识。该公司金蝶软件系统 2013 年以来电子会计账套完整且与对外披露数据一致，但 ERP 数据仅 2021 年 12 月后完整。长方集团主营 LED 照明生产销售，2015 年 4 月收购康铭盛 60% 股权，2017 年 12 月又购 35.75% 股份，股权近 96%。合并时有对赌协议，康铭盛董事长李迪初承诺 2018 - 2020 年净利润，后因疫情未完成，双方就业绩补偿款分歧，引发控制权交涉与内斗。2021 年报康铭盛被爆存货管理、销售收款系统有缺陷，涉及销售返利不入账、虚增应收账款等问题，致 2022 年 4 月大华会计事务所出具无法表示意见审计报告，公司股票披星戴帽。此后长方集团罢免康铭盛相关人员，双方冲突升级，期间还有会计差错更正，2023 年 2 月爆出埋凭证事件，证监会立案调查，最终认定李迪初为直接责任主管人员罚 400 万、5 年市场禁入，财务总监彭立新为其他直接责任人员罚 300 万。,0,全栖数字主理人,6916781846,2025-01-14 10:46:24,0,0,0,28130,0,雪球,https://xueqiu.com/6916781846/320482708,2026-07-08 16:17:56
320493454,SZ300301,ST长方,隐藏377箱会计资料 康铭盛相关方面被罚2800万,DoNews1月14日消息，据报道，2022年11月1日，公安部门从土坑中共挖出377箱（塑料周转箱50CM*40CM*30CM）会计原始凭证资料等，挖掘掩埋资料的坑长约9米宽约5米深约5米”，2023年，堪比好莱坞剧情的“土埋财务资料”震惊A股。这一事件的主角是*ST长方（300301.SZ）的控股子公司长方集团康铭盛（深圳）科技有限公司（下称：康铭盛）。 近日，“康铭盛事件”也终于有了处理结果。*ST长方和9名个人，被罚2500万元。据悉，康铭盛是*ST长方通过并购得来的公司，也是*ST长方的营收主力。唯有*ST长方的创始人邓氏兄弟，早已套现离场。 1月10日，*ST长方发布公告称，公司收到证监会深圳监管局对康铭盛相关责任人出具的《行政处罚决定书》，以及对公司及公司相关责任人出具的《行政处罚事先告知书》。 康铭盛方面，深圳证监局决定对时任康铭盛执行董事李迪初、财务总监彭立新、副总经理廖聪奇三人责令改正，分别处以100万元罚款。三人被罚的原因是被认定存在销毁、隐匿检查要求提供的文件资料、未按要求提供财务系统相关数据，以及提供虚假返利的违法事实。 彭立新指使部分员工不配合检查，组织人员打包财务核算材料、删除工作电脑资料、更换电脑硬盘；廖聪奇更是安排人员将有关纸质资料焚烧或掩埋，要求相关人员删除电脑资料和工作微信内容。,0,DoNews,5133207869,2025-01-14 13:00:11,0,2,0,33889,0,雪球,https://xueqiu.com/5133207869/320493454,2026-07-08 16:17:56
320499217,SZ300301,ST长方,“土葬”377箱资料，“康铭盛事件”相关方被罚2800万,上市公司长夜漫漫，局中人却早已上岸？作者 |姚悦 张凯旌编辑丨高岩来源 | 野马财经“公安部门共挖出377箱（塑料周转箱50CM*40CM*30CM）会计原始凭证资料等，挖掘掩埋资料的坑长约9米宽约5米深约5米”……2023年，堪比好莱坞剧情的“土葬财务资料”震惊A股。这一事件的主角是*ST长方（300301.SZ）的控股子公司长方集团康铭盛（深圳）科技有限公司（下称：康铭盛）。近日，“康铭盛事件”也终于有了处理结果。康铭盛3名责任人各吃了100万元的罚单，共计300万元；*ST长方和9名个人，总计2500万元。康铭盛是*ST长方通过并购得来的公司，也是*ST长方的营收主力。然而2022年*ST长方却因康铭盛管理存在重大缺陷导致年报被出具非标意见，进而“披星戴帽”，一举激化了双方之间的矛盾。自此之后，双方管理层针锋相对，争斗愈演愈烈。而“土葬”377箱资料的戏剧性一幕，便是康铭盛一方的“杰作”。持续的内斗，打击着牌桌上的每一位玩家。唯有*ST长方的创始人邓氏兄弟，早已套现离场……01“康铭盛事件”处罚结果公布，共涉罚金2800万1月10日，*ST长方发布公告称，公司收到证监会深圳监管局对康铭盛相关责任人出具的《行政处罚决定书》，以及对公司及公司相关责任人出具的《行政处罚事先告知书》。来源：*ST长方公告康铭盛方面，深圳证监局决定对时任康铭盛执行董事李迪初、财务总监彭立新、副总经理廖聪奇三人责令改正，分别处以100万元罚款。三人被罚的原因是被认定存在销毁、隐匿检查要求提供的文件资料、未按要求提供财务系统相关数据，以及提供虚假返利的违法事实。2021年11月11日，深圳证监局下发检查通知书并提供资料清单（含子公司）后，彭立新和廖聪奇就对相关资料采取了各种“花式”操作。彭立新指使部分员工不配合检查，组织人员打包财务核算材料、删除工作电脑资料、更换电脑硬盘；廖聪奇更是安排人员将有关纸质资料焚烧或掩埋，要求相关人员删除电脑资料和工作微信内容。2022年11月1日，公安机关在康铭盛江西子公司厂区起获377筐被掩埋的资料，这些资料包含2019—2021年期间销售合同、对账单和存货生产入库资料等与检查事项有关的材料。此外，他们还存在提供虚假返利相关材料的违法事实。2022年4月证监局要求康铭盛对业务真实性等进行自查时，彭立新向李迪初汇报后，组织财务部门弄虚作假。李迪初2018年7月至2020年5月任*ST长方副董事长，时任康铭盛执行董事，负责康铭盛全面经营管理，直接分管财务部、国内事业部等财务造假实施部门，负责销售返利事项。深圳证监局认定其应当对康铭盛财务造假行为负责。值得一提的是，由于当事人拒绝、阻碍监督检查手段粗暴、情节严重、性质恶劣，深圳证监局对于他们提出的陈述申辩意见不予采纳。康铭盛通过销售返利不入账等方式，虚增利润和应收账款，也直接导致*ST长方年报存在虚假记载。康铭盛虚增的具体数据是，2020年虚增利润797.78万元，占*ST长方当期利润总额绝对值的54.9%；虚增应收账款1.48亿元，占*ST长方当期披露总资产的5.4%。2021年虚增利润548.73万元，占*ST长方当期利润总额绝对值的2.02%，虚增应收账款1.58亿元，占*ST长方当期披露总资产的9.31%。由于，康铭盛上述行为导致*ST长方披露的2020年、2021年年度报告存在虚假记载，涉嫌信息披露违法违规。深圳证监局对*ST长方及9名责任人拟给予其警告，并分别处以100万元至500万元不等的罚款，共计2500万元。其中，对*ST长方处以400万元罚款，对李迪初处以500万元罚款。来源：*ST长方公告02康铭盛：从“大腿”变“累赘”康铭盛一度是*ST长方的“大腿”。在创始人李迪初的带领下，康铭盛成为了中国LED照明灯饰行业的龙头企业。2013年-2016年，康铭盛业绩保持稳定增长，营收从4.41亿元增至10.19亿元，净利润也从4250.93万元增至1.38亿元。来源：康铭盛官网更重要的是，其产品在海外也有不俗的竞争力，销售网络遍布东南亚、中东、南美、非洲等50多个国家和地区。2015年12月，公司一度挂牌新三板，并连续两次入选创新层。也是在此期间，康铭盛完成了与*ST长方的重组，成为了后者的子公司。不过，身为母公司的*ST长方由于LED产品定位国内中低端市场，又常年徘徊于价格战，业绩常出现较大起伏。同样是在2013年，*ST长方在营收增长40%的情况下，净利润连续第二年下滑，跌至不足3000万元。且从营收结构来看，公司国内收入占总收入的比例超97%。至2018年，*ST长方已通过多次增持，将对康铭盛的持股比例提升至99.96%。期间，康铭盛营收在上市公司占比也从64%提升至68%。而对于*ST长方来讲，拿下康铭盛的代价也不算大。公司前后共斥资11.44亿元，首次交易的5.28亿元中，4.45亿元是以定向发行股份方式支付；后续交易还有2.4亿元来自安信基金、宝盈基金的定增募资。此外，*ST长方还与康铭盛约定，支付完收购康铭盛的对价后，由董事长李迪初及核心管理团队通过二级市场购买总额不低于3.3亿元的*ST长方股份。03货车转运、山坡掩埋，康铭盛在掩饰什么？起初，双方建立了良好的合作关系。2015年-2017年，康铭盛顺利完成了与*ST长方的业绩对赌，李迪初一度升任上市公司总经理。2017年2月，美丽的观澜湖高尔夫球会东莞会所里，响起阵阵动听的交响乐。两家公司高管齐聚一堂，召开了康铭盛第11届全国经销商大会，演讲的字里行间流露出对康铭盛未来十足的信心。然而平静的水面下，早已有暗流涌动。2016年，*ST长方出现上市后首亏；2017年，公司扣去康铭盛带来的盈利依旧亏损。无论从市值，还是净利润、毛利率等方面看，*ST长方在电子元件行业中的排名均处于中下游。来源：Wind数据为了扭转颓势，*ST长方曾在收购康铭盛的同时尝试转型教育，但巨额投入不仅没能带来回报，还增加了公司的债务压力。截至2017年末，创始人邓子长、邓子权、邓子华、邓子贤四兄弟中的三人股权质押比例都超99%，另外一人也在96%以上。于是，邓氏兄弟开始筹划寻找新的“接盘侠”。2018年3月，邓氏兄弟将部分股权和表决权转让给了南昌光谷和鑫旺资本，王敏成为上市公司实控人。同年，康铭盛与*ST长方的第二个对赌期正式启动，而这也为后续的争端埋下了伏笔。变数很快到来。伴随着出口下滑、库存积压、利润下降，LED照明产业步入“阵痛期”，康铭盛也终究未能幸免。特别是在疫情到来后，公司业绩遭到重创，并没能完成这次的对赌。按照协议，康铭盛原股东需要对未完成的部分进行补偿，但双方对补偿的具体金额存在分歧。在李迪初看来，疫情属于不可抗力，将其影响计算在内的补偿才合理。双方为此对簿公堂，时至今日案件仍未分出胜负。原本就有隔阂，临近年报季，*ST长方又因康铭盛被出具非标，这让双方管理层的斗争逐渐转向白热化。2022年6月，*ST长方召开董事会，欲以不配合公司调查委员会工作、拒不履行关于分红的股东决议为由，罢免李迪初的董事职务；而李迪初则发声明指责*ST长方罢免决议违法违规，甚至向股东大会提请免职王敏，理由是王敏将5%以上大股东的创业团队排挤出上市公司管理层，且隐瞒巨额债务无底线掏空上市公司。双方斗争一度有向肢体冲突演化的趋势。据《上海证券报》，2022年7月13日，多名*ST长方人员试图冲击康铭盛岗亭，进入公司办公区，抢夺该公司控制权。来源：《上海证券报》视频后续*ST长方披露的细节称，7月11日晚李迪初曾组织部分财务人员打包财务资料，涉嫌准备转移、隐匿财务凭证、财务账册。公司即刻报告证监局和警方，后在康铭盛厂区外截获的一辆货车上，搜出了108箱资料，为康铭盛2013年-2021年纸质会计记账凭证。警方随即对康铭盛原财务总监彭立新等人涉嫌隐匿、故意销毁会计凭证立案。经进一步侦查，公安部门又于11月1日在康铭盛厂区内的荒坡上起获了377箱资料，内容依旧是2013年-2021年用于会计核算的原始凭证单据等。大部分凭证上的数字甚至模糊到无法辨识，仅文件抬头和标题尚可辨识。不过，对此李迪初也有自己的说法。其表示，叫货车转移资料是因为有部分不明人员长期骚扰、围堵康铭盛，总部存在安全隐患；而对于掩埋377箱资料的事，自己则“毫不知情”。李迪初还称，377箱资料均为江西子公司的生产计划表、原材料及半成品流转单等单据。是江西子公司担心卖废纸泄露公司信息，才在2021年厂区装修时把过期资料挖坑埋了。“如果我当时知道了，肯定不会让他们这样做。”2023年2月6日，证监会因康铭盛涉嫌拒绝、阻碍证券监督管理机构及其工作人员依法履行监督检查职权对其立案。04资本局中局，谁是“大赢家”？发展至今，子母公司的内斗已经造成了多输的局面。*ST长方业绩虽然同比有所增长，但仍未扭亏。2023年，*ST长方营收5.44亿元，同比下降25.33%；净利润亏损1.42亿元，同比增长36.74%；2024年前三季度，*ST长方营收3.78亿元，同比下降16.15%；净利润亏损0.37亿元，同比增长53.9%李迪初谈及康铭盛业绩下滑时曾直言：“就像看着自己的儿子一样，我也感到痛心。”而几年前从邓氏兄弟手中接过上市公司的南昌光谷和王敏，如意算盘也没能打响。邓氏兄弟起初十分信任南昌光谷。纵使双方营收规模差距悬殊，南昌光谷为取得换股资金还需要进行大量融资和质押，邓氏兄弟依然愿意在转让9.93%股权后，将所持有公司总股本的12.56%表决权委托给南昌光谷，帮助后者迅速成为上市公司新控股股东。但南昌光谷的资金还是出了问题。2018年其与鑫旺资本和邓氏兄弟签《股权转让协议》时曾约定，出资7.16亿元换取17.43%股份，分三期交割。而南昌光谷最终并未支付第三期转让的对价款，其也因此被邓氏兄弟起诉。来源：罐头图库多方势力中，只有邓氏兄弟因为早早离场，避免了卷入这场纠纷。不仅如此，早在收购康铭盛和跨界教育时，邓氏兄弟就曾集中减持；2019年完成对南昌光谷第二次股权转让后，邓氏兄弟继续减持套现。2019年、2021年，邓氏兄弟曾多次因违规减持被深交所通报批评，甚至还收到了创业板的监管函。2014年末，邓氏四兄弟合计持有*ST长方64.45%股份；经历了一系列的减持和转让后，至2022年年中四兄弟已从*ST长方的前十大股东中消失。仅以其在二级市场和大宗交易减持的交易加上股权转让款来计算，邓氏兄弟就至少套现16.1亿元，该数字甚至要大于*ST长方目前的市值。只是，一手打造的公司走到今天这一步，邓氏兄弟真的能算是赢家吗？你怎么看待康铭盛埋资料的行为？评论区聊聊吧！,0,野马财经,4649754500,2025-01-14 14:04:39,0,2,0,51857,2,雪球,https://xueqiu.com/4649754500/320499217,2026-07-08 16:17:56
320607950,SZ300301,ST长方,销毁会计凭证，还阻碍监管执法，*ST长方5亿元买来的子公司惹祸,近日，深圳证监局对深圳市长方集团股份有限公司（证券简称：*ST长方；证券代码：300301.SZ）及其子公司长方集团康铭盛（深圳）科技有限公司（以下简称：康铭盛）作出行政处罚。*ST长方曾重金收购康铭盛控制权，但未能对其实施实际管控，由此引发母子公司内斗。在业绩承诺期内，康铭盛通过销售返利不入账等方式虚增利润和应收账款，并故意隐匿和销毁会计凭证。来源：摄图网十年前重大资产重组埋下母子公司内斗隐患2025年1月10日，*ST长方涉嫌信息披露违法违规、控股子公司康铭盛涉嫌阻碍证券监管机构及其工作人员依法履行监督检查职权一案经证监会调查完毕，深圳证监局对*ST长方、康铭盛及相关责任人出具行政处罚决定书。事件追溯至十年前。*ST长方主要从事LED照明器件封装业务，并在此基础上向照明应用领域延伸。2015年4月，为完善公司在LED行业的产业链布局，*ST长方以发行股份及支付现金的方式收购康铭盛60%股权。康铭盛由李迪初、李映红二人于2004年设立，主要从事LED移动照明应用产品的研发、生产和销售，境内业务以经销商模式为主，境外业务以贸易商模式为主。本次交易对价合计52800万元，其中，以发行股份方式支付对价44880万元，以现金支付对价7920万元。收购完成后，李迪初依然担任康铭盛执行董事。李迪初等人承诺，康铭盛2015年、2016年、2017年扣非净利润分别不低于10500万元、12800万元、14000万元。上述三年期间，康铭盛分别实现扣非净利润10715.43万元、12892.48万元、14342.38万元，均踩线完成业绩。2017年12月和2018年11月，*ST长方进一步收购康铭盛，持股比例上升至99.96%。同时，*ST长方与交易对方作出第二轮业绩对赌，李迪初等人承诺，康铭盛2018年、2019年、2020年扣非经净利润分别不低于12500万元、14000万元、15500万元。这次业绩对赌也为后来的母子公司内斗埋下伏笔。2019年和2020年，康铭盛分别实现扣非净利润12925.58万元和7558.34万元，业绩完成率分别为92.33%和48.76%。与此同时，*ST长方陷入亏损，分别实现归属净利润-42945.78万元和-3784.45万元，未弥补亏损达到-41746.80万元。2021年3月，深圳证监局向*ST长方下发监管意见函，在日常监管中发现，康铭盛原股东与公司在支付股权转让款、履行业绩承诺等方面存在矛盾，且在董事会选聘董事长、总经理时投反对票，在编制和披露2020年半年报期间，康铭盛存在拒绝提供财务报告及相关资料的情形。值得注意的是，虽然*ST长方已收购康铭盛多年，但康铭盛的实际管理权仍在李迪初手中。注册会计师在2021年度审计中发现，康铭盛将其日常资金违规存放于一家体外公司的银行账户，直至2021年12月体外公司账户销户；存在大量呆滞存货，而未能提供完整的呆滞存货清单；自查发现存在未入账返利，涉及金额重大，而*ST长方未能在日常管理中发现上述情况。注册会计师认为康铭盛存在重大内控缺陷，对公司财务报告出具了无法表示意见的审计报告。随后，*ST长方召开董事会，鉴于李迪初仍未向公司移交康铭盛的管控权，康铭盛存在重大内控缺陷，造成公司股票交易被实施退市风险警示，公司决定免除李迪初执行董事职务，并委派公司员工担任康铭盛执行董事。子公司虚增应收账款，挖坑掩埋会计凭证2022年7月，*ST长方获悉，以李迪初等人为主的康铭盛原管理团队涉嫌隐匿、故意销毁会计凭证，公司立即安排人员前往阻止并向深圳龙华警方报警，当日，警方在康铭盛厂区外截获一整车会计凭证，经清点为康铭盛2013年至2021年的纸质会计记账凭证，另有两车去向不明。2022年11月，公安部门在康铭盛全资子公司江西康铭盛光电科技有限公司厂区内，从约5米深坑里挖出377箱会计原始凭证资料等，包括核算成本类资料、核算收入类资料、核算工资类资料等原始凭证单据，所属期间为2013年至2021年。同时，*ST长方核查了康铭盛原管理团队与客户的销售对账单，并召开经销商会议核实前期销售情况，发现康铭盛每月按补充协议结算返利，并在次月对账单中冲减应收账款，其财务报表中的应收账款账面金额与对账单记载金额存在差异，存在虚增应收账款的情形。随后，*ST长方发布前期会计差错更正公告。公告显示，康铭盛与客户约定的返利均已在2021年及以前年度按期结算，但原管理团队没有将业绩承诺期内已经发生并支付的返利冲减当期的应收账款，经初步核查，截至2021年末虚增的应收账款为3.69亿元。2023年2月，因康铭盛涉嫌拒绝、阻碍证券监督管理机构及其工作人员依法履行监督检查职权，证监会决定对康铭盛立案。2024年4月，因涉嫌信息披露违法违规，证监会对*ST长方立案。行政处罚决定书显示，康铭盛销毁、隐匿检查要求提供的文件资料，未按要求提供财务系统相关数据，提供虚假返利相关材料，构成《证券法》规定的拒绝、阻碍监督检查违法行为，手段粗暴，情节严重、性质恶劣。证监局决定，对康铭盛时任执行董事李迪初、时任财务总监彭立新、时任副总经理廖聪奇责令改正，并分别处以100万元罚款。另经查明，康铭盛通过销售返利不入账等方式虚增利润和应收账款，2020年和2021年分别虚增利润797.78万元和548.73万元，分别虚增应收账款14796.95万元和15817.18万元，导致*ST长方披露的2020年、2021年年度报告存在虚假记载。证监局决定，对*ST长方给予警告，并处以400万元罚款，对李迪初等9名相关责任人给予警告，并处以2100万元罚款。,0,金色光-投资有道,5264837636,2025-01-15 09:23:38,0,1,0,36873,0,雪球,https://xueqiu.com/5264837636/320607950,2026-07-08 16:17:56
320656185,SZ300301,ST长方,*ST长方及相关责任人领巨额监管罚单 李迪初遭5年市场禁入,《电鳗财经》电鳗号 / 文 1月10日，*ST长方发布公告披露，近日，因阻碍监管部门检查并虚增利润，深圳证监局对*ST长方及相关责任人作出行政处罚。 本次处罚详细披露了相关责任人的具体违法行为。深圳证监局的《行政处罚决定书》显示，康铭盛时任执行董事李迪初、时任财务总监彭立新及时任副总经理廖聪奇等人，通过销毁、隐匿检查所需的文件资料，未按要求提供财务系统相关数据，甚至提供虚假返利材料等方式，拒绝、阻碍监督检查。这些行为违反了证券法的相关规定，性质恶劣，最终三人被责令改正并分别罚款100万元。 除了阻碍监管检查的问题，康铭盛还通过销售返利不入账等方式虚增利润和应收账款。具体来说，2020年康铭盛少记销售返利产生的费用约797.78万元，导致虚增利润797.78万元，占*ST长方当期利润总额绝对值的54.90%。2021年则少记销售返利产生的销售费用548.73万元，虚增利润548.73万元，占*ST长方当期利润总额绝对值的2.02%。截至2021年底，康铭盛虚增应收账款约1.58亿元，占*ST长方当期披露总资产的9.31%。这种行为不仅严重误导了投资者，也侵害了公众的知情权。 深圳证监局拟对*ST长方给予警告，并处以400万元罚款;对李迪初给予警告，并处以500万元罚款。同时，聂卫、王敏等多人也受到警告，并分别处以100万元至300万元不等的罚款。鉴于李迪初违法行为情节严重，深圳证监局还拟决定对其采取5年证券市场禁入措施。 对于*ST长方的未来，有专家建言，企业应从根本上提升管理水平，增强法律意识和合规意识，避免再次出现类似问题。监管机构的严厉处罚不仅是对*ST长方一家企业的警示，更是对整个资本市场传递出的明确信号：任何违背市场规则的行为都将受到严惩。#今日话题#,0,电鳗财经,4516855116,2025-01-16 01:07:36,0,1,0,36612,0,雪球,https://xueqiu.com/4516855116/320656185,2026-07-08 16:17:56
320861800,SZ300301,ST长方,,$*ST长方(SZ300301)$ 这财务总，算是破釜沉舟？破罐破摔？,0,45度坡,9311566094,2025-01-17 07:21:42,0,1,0,38114,0,iPhone,https://xueqiu.com/9311566094/320861800,2026-07-08 16:17:56
321223419,SZ300301,ST长方,,*ST长方：2024年度业绩预告 网页链接,0,ST长方(SZ300301),0,2025-01-21 10:19:11,0,0,0,5310,0,公告,https://xueqiu.com/S/SZ300301/321223419,2026-07-08 16:17:56
321522566,SZ300301,ST长方,,*ST长方：关于公司股票交易被实施其他风险警示相关事项的进展公告 网页链接,0,ST长方(SZ300301),0,2025-01-23 10:36:49,0,0,0,5399,0,公告,https://xueqiu.com/S/SZ300301/321522566,2026-07-08 16:17:56
322992637,SZ300301,ST长方,,*ST长方：关于变更签字注册会计师的公告 网页链接,0,ST长方(SZ300301),0,2025-02-11 10:03:06,0,0,0,4467,0,公告,https://xueqiu.com/S/SZ300301/322992637,2026-07-08 16:17:56
323013810,SZ300301,ST长方,*ST长方：变更签字注册会计师,证券日报网讯 2月11日晚间，*ST长方发布公告称，公司2024年度财务审计机构和内部控制审计机构中兴财光华会计师事务所（特殊普通合伙）变更签字注册会计师，由李东青接替伏立钲担任公司签字注册会计师。变更后，公司签字注册会计师为彭国栋（项目合伙人）、李东青。（编辑 袁冠琳）,0,证券日报,8353550788,2025-02-11 14:00:30,0,0,0,27487,0,雪球,https://xueqiu.com/8353550788/323013810,2026-07-08 16:17:56
323794202,SZ300301,ST长方,,$紫天科技(SZ300280)$ 的情形有点像$*ST长方(SZ300301)$ 了，后续可能会：1.24年年报审计无法表示意见；2.后续会被再次立案调查（针对财务造假行为）；3.至于是否退市，就要看二次立案调查结果了。,0,黑马挖掘机2024,3850339348,2025-02-17 22:53:20,5,9,0,51436,1,iPhone,https://xueqiu.com/3850339348/323794202,2026-07-08 16:17:56
325775302,SZ300301,ST长方,,*ST长方：关于公司股票交易被实施其他风险警示相关事项的进展公告 网页链接,0,ST长方(SZ300301),0,2025-03-03 11:29:04,0,0,0,4291,0,公告,https://xueqiu.com/S/SZ300301/325775302,2026-07-08 16:17:56
325775303,SZ300301,ST长方,,*ST长方：关于公司重大诉讼的进展公告 网页链接,0,ST长方(SZ300301),0,2025-03-03 11:29:04,0,0,0,4111,0,公告,https://xueqiu.com/S/SZ300301/325775303,2026-07-08 16:17:56
326063948,SZ300301,ST长方,,$*ST长方(SZ300301)$ 沉睡了太久。这个票随便买买也上去了吧,0,佳怡是你吗,2503381322,2025-03-05 06:37:34,1,0,0,19741,0,Android,https://xueqiu.com/2503381322/326063948,2026-07-08 16:17:56
326455315,SZ300301,ST长方,,最近300st都好涨得很好，我加了st长方,0,感叶,8058503986,2025-03-07 10:13:30,0,0,0,19488,0,Android,https://xueqiu.com/8058503986/326455315,2026-07-08 16:17:56
327373989,SZ300301,ST长方,,$*ST长方(SZ300301)$ 你好像是睡醒了嘛？沉睡了太久太久。我都懒得看。,0,佳怡是你吗,2503381322,2025-03-14 06:23:52,1,0,0,17433,0,Android,https://xueqiu.com/2503381322/327373989,2026-07-08 16:17:56
328229212,SZ300301,ST长方,,*ST长方：关于公司过去十二个月累计小额诉讼、仲裁的公告 网页链接,0,ST长方(SZ300301),0,2025-03-20 10:23:09,0,0,0,3458,0,公告,https://xueqiu.com/S/SZ300301/328229212,2026-07-08 16:17:56
328297104,SZ300301,ST长方,,$*ST长方(SZ300301)$ 是不是有好事临近？,0,悠悠小风,9858952052,2025-03-21 01:48:27,0,0,0,16342,0,Android,https://xueqiu.com/9858952052/328297104,2026-07-08 16:17:56
328398465,SZ300301,ST长方,,*ST长方：关于2024年年度报告编制及最新审计进展的公告 网页链接,0,ST长方(SZ300301),0,2025-03-21 09:23:10,0,1,0,3995,0,公告,https://xueqiu.com/S/SZ300301/328398465,2026-07-08 16:17:53
328406696,SZ300301,ST长方,,$*ST长方(SZ300301)$ 意料之中的上岸，只看公司24年底抓紧完成了股权激励就知道基本会上岸，不过考虑公司连续多年扣非为负，年年亏，我没有参与。,0,记得那一秒,1908457969,2025-03-21 10:28:25,3,2,0,23097,1,Android,https://xueqiu.com/1908457969/328406696,2026-07-08 16:17:53
328640020,SZ300301,ST长方,,$*ST长方(SZ300301)$ 一季报盈利可能性很大，可惜不能摘帽，股价想大幅拉升得期待王注入资产,0,强烈谴责,1568367252,2025-03-24 06:49:40,4,0,0,19904,0,iPhone,https://xueqiu.com/1568367252/328640020,2026-07-08 16:17:53
328739150,SZ300301,ST长方,,$*ST长方(SZ300301)$ 缺口不补，始终有点不放心,0,修心谨言wy,1505804711,2025-03-25 01:50:16,0,0,0,9381,0,Android,https://xueqiu.com/1505804711/328739150,2026-07-08 16:17:53
328815571,SZ300301,ST长方,,$*ST长方(SZ300301)$ 看样子要回补缺口了，ST板块回调，保险的话，等年报之后再来。,0,修心谨言wy,1505804711,2025-03-25 07:43:59,0,0,0,11593,0,Android,https://xueqiu.com/1505804711/328815571,2026-07-08 16:17:53
329111995,SZ300301,ST长方,,$*ST长方(SZ300301)$ 短期内有可能再破2元！,0,修心谨言wy,1505804711,2025-03-27 05:43:34,0,0,0,5900,0,Android,https://xueqiu.com/1505804711/329111995,2026-07-08 16:17:53
329125132,SZ300301,ST长方,,$*ST长方(SZ300301)$ 从最低9毛钱，涨到2元，早已翻倍了，净资产才2分钱，净利润为负，所以现在其实也不便宜了！,0,修心谨言wy,1505804711,2025-03-27 06:47:23,0,0,0,6242,0,Android,https://xueqiu.com/1505804711/329125132,2026-07-08 16:17:53
329125402,SZ300301,ST长方,,$*ST长方(SZ300301)$ 这么明显的洗盘手法 笑死了 明天下班出年报 明天不涨 我倒立,0,无私的开源小火箭,1789541329,2025-03-27 06:48:36,1,1,0,10547,0,iPhone,https://xueqiu.com/1789541329/329125402,2026-07-08 16:17:53
329129906,SZ300301,ST长方,,$*ST长方(SZ300301)$ 我跑了，拜拜,0,哈哈哈哈从,4772007357,2025-03-27 07:08:12,0,1,0,6417,0,Android,https://xueqiu.com/4772007357/329129906,2026-07-08 16:17:53
329238563,SZ300301,ST长方,,$*ST长方(SZ300301)$ 所以今晚的年报 没啥意思呗,0,无私的开源小火箭,1789541329,2025-03-28 01:47:15,2,0,0,12644,0,iPhone,https://xueqiu.com/1789541329/329238563,2026-07-08 16:17:53
329249745,SZ300301,ST长方,,$*ST长方(SZ300301)$ 撤了 看样子年报没啥意思,0,无私的开源小火箭,1789541329,2025-03-28 02:21:30,0,0,0,11273,0,iPhone,https://xueqiu.com/1789541329/329249745,2026-07-08 16:17:53
329251505,SZ300301,ST长方,,$*ST长方(SZ300301)$ 这年头，都不看年报了，都在年报前出逃,0,修心谨言wy,1505804711,2025-03-28 02:27:05,0,0,0,9619,0,Android,https://xueqiu.com/1505804711/329251505,2026-07-08 16:17:53
329256578,SZ300301,ST长方,,$*ST长方(SZ300301)$ 果然言中，补缺，,0,不同,7362729651,2025-03-28 02:43:40,2,0,0,12480,0,雪球,https://xueqiu.com/7362729651/329256578,2026-07-08 16:17:53
329257764,SZ300301,ST长方,,$*ST长方(SZ300301)$ 缺口已补，风险已除，5月份后加仓！,0,修心谨言wy,1505804711,2025-03-28 02:47:51,0,0,0,10079,0,Android,https://xueqiu.com/1505804711/329257764,2026-07-08 16:17:53
329260848,SZ300301,ST长方,,$*ST长方(SZ300301)$ 今年只做长方了，逢大跌加仓。,0,修心谨言wy,1505804711,2025-03-28 02:59:16,0,0,0,12031,0,Android,https://xueqiu.com/1505804711/329260848,2026-07-08 16:17:53
329307704,SZ300301,ST长方,,$*ST长方(SZ300301)$ 打底仓的，跌下来也没有关系！下周进入4月份，ST将面临大考，管住手，5月份之后再买不迟！,0,修心谨言wy,1505804711,2025-03-28 06:55:28,0,2,0,13013,0,Android,https://xueqiu.com/1505804711/329307704,2026-07-08 16:17:53
329318546,SZ300301,ST长方,,$*ST长方(SZ300301)$ 两天杀了10%，也够惨烈的。29日出年报，看看会不会有雷再说！,0,修心谨言wy,1505804711,2025-03-28 07:51:47,0,0,0,12750,0,Android,https://xueqiu.com/1505804711/329318546,2026-07-08 16:17:53
329341556,SZ300301,ST长方,,$*ST长方(SZ300301)$ 这个走势说明了根本不会有什么利好了，别幻想了,0,但为人先,4513827783,2025-03-28 10:28:58,0,3,0,19292,0,iPhone,https://xueqiu.com/4513827783/329341556,2026-07-08 16:17:52
329372243,SZ300301,ST长方,,*ST长方：公司章程（2025年3月） 网页链接,0,ST长方(SZ300301),0,2025-03-28 14:04:32,0,0,0,2453,0,公告,https://xueqiu.com/S/SZ300301/329372243,2026-07-08 16:17:52
329372244,SZ300301,ST长方,,*ST长方：关于2024年年度报告披露提示性公告 网页链接,0,ST长方(SZ300301),0,2025-03-28 14:04:32,0,0,0,2515,0,公告,https://xueqiu.com/S/SZ300301/329372244,2026-07-08 16:17:52
329372245,SZ300301,ST长方,,*ST长方：2024年度内部控制自我评价报告 网页链接,0,ST长方(SZ300301),0,2025-03-28 14:04:32,0,0,0,2505,0,公告,https://xueqiu.com/S/SZ300301/329372245,2026-07-08 16:17:52
329372246,SZ300301,ST长方,,*ST长方：关于长方集团2024 年度非经营性资金占用及其他关联资金往来情况的专项说明 网页链接,0,ST长方(SZ300301),0,2025-03-28 14:04:32,0,0,0,3200,0,公告,https://xueqiu.com/S/SZ300301/329372246,2026-07-08 16:17:52
329372247,SZ300301,ST长方,,*ST长方：关于召开2024年度股东大会的通知 网页链接,0,ST长方(SZ300301),0,2025-03-28 14:04:33,0,0,0,2537,0,公告,https://xueqiu.com/S/SZ300301/329372247,2026-07-08 16:17:52
329372248,SZ300301,ST长方,,*ST长方：关于2025年度公司及子公司向银行及其他企业申请授信或借款额度并提供资产抵押及预计担保额度、开展票据池资产池业务的公告 网页链接,0,ST长方(SZ300301),0,2025-03-28 14:04:33,0,0,0,2559,0,公告,https://xueqiu.com/S/SZ300301/329372248,2026-07-08 16:17:52
329372252,SZ300301,ST长方,,*ST长方：关于2024年度利润分配预案的公告 网页链接,0,ST长方(SZ300301),0,2025-03-28 14:04:33,0,0,0,2568,0,公告,https://xueqiu.com/S/SZ300301/329372252,2026-07-08 16:17:52
329372255,SZ300301,ST长方,,*ST长方：2024年财务决算报告 网页链接,0,ST长方(SZ300301),0,2025-03-28 14:04:33,0,0,0,2564,0,公告,https://xueqiu.com/S/SZ300301/329372255,2026-07-08 16:17:52
329372256,SZ300301,ST长方,,*ST长方：2024年度独立董事述职报告(王亮） 网页链接,0,ST长方(SZ300301),0,2025-03-28 14:04:34,0,0,0,2587,0,公告,https://xueqiu.com/S/SZ300301/329372256,2026-07-08 16:17:52
329372257,SZ300301,ST长方,,*ST长方：2024年年度报告摘要 网页链接,0,ST长方(SZ300301),0,2025-03-28 14:04:34,0,0,0,2898,0,公告,https://xueqiu.com/S/SZ300301/329372257,2026-07-08 16:17:52
329372260,SZ300301,ST长方,,*ST长方：关于长方集团2024年度营业收入扣除事项的专项核查意见 网页链接,0,ST长方(SZ300301),0,2025-03-28 14:04:34,0,0,0,3614,0,公告,https://xueqiu.com/S/SZ300301/329372260,2026-07-08 16:17:52
329372263,SZ300301,ST长方,,*ST长方：关于2024年度计提资产减值准备的公告 网页链接,0,ST长方(SZ300301),0,2025-03-28 14:04:34,0,0,0,3012,0,公告,https://xueqiu.com/S/SZ300301/329372263,2026-07-08 16:17:52
329372264,SZ300301,ST长方,,*ST长方：2024年度独立董事述职报告(曾文德） 网页链接,0,ST长方(SZ300301),0,2025-03-28 14:04:34,0,0,0,3159,0,公告,https://xueqiu.com/S/SZ300301/329372264,2026-07-08 16:17:52
329372265,SZ300301,ST长方,,*ST长方：2024年度独立董事述职报告(李军） 网页链接,0,ST长方(SZ300301),0,2025-03-28 14:04:35,0,1,0,3351,0,公告,https://xueqiu.com/S/SZ300301/329372265,2026-07-08 16:17:52
329372266,SZ300301,ST长方,,*ST长方：2024年年度审计报告 网页链接,0,ST长方(SZ300301),0,2025-03-28 14:04:35,1,0,0,4233,0,公告,https://xueqiu.com/S/SZ300301/329372266,2026-07-08 16:17:52
329372268,SZ300301,ST长方,,*ST长方：2024年度董事会工作报告 网页链接,0,ST长方(SZ300301),0,2025-03-28 14:04:35,0,0,0,3160,0,公告,https://xueqiu.com/S/SZ300301/329372268,2026-07-08 16:17:52
329372270,SZ300301,ST长方,,*ST长方：关于公司未弥补亏损超过实收股本总额三分之一的公告 网页链接,0,ST长方(SZ300301),0,2025-03-28 14:04:35,0,0,0,3177,0,公告,https://xueqiu.com/S/SZ300301/329372270,2026-07-08 16:17:52
329372271,SZ300301,ST长方,,*ST长方：2024年度内部控制审计报告 网页链接,0,ST长方(SZ300301),0,2025-03-28 14:04:36,0,0,0,3251,0,公告,https://xueqiu.com/S/SZ300301/329372271,2026-07-08 16:17:52
329372272,SZ300301,ST长方,,*ST长方：董事会对独董独立性评估的专项意见 网页链接,0,ST长方(SZ300301),0,2025-03-28 14:04:36,0,0,0,3244,0,公告,https://xueqiu.com/S/SZ300301/329372272,2026-07-08 16:17:52
329372273,SZ300301,ST长方,,*ST长方：2024年年度报告 网页链接,0,ST长方(SZ300301),0,2025-03-28 14:04:36,0,2,0,4695,0,公告,https://xueqiu.com/S/SZ300301/329372273,2026-07-08 16:17:50
329372277,SZ300301,ST长方,,*ST长方：关于变更注册资本、注册地址暨修订《公司章程》的公告 网页链接,0,ST长方(SZ300301),0,2025-03-28 14:04:36,0,0,0,3617,0,公告,https://xueqiu.com/S/SZ300301/329372277,2026-07-08 16:17:50
329372278,SZ300301,ST长方,,*ST长方：董事会决议公告 网页链接,0,ST长方(SZ300301),0,2025-03-28 14:04:36,0,0,0,3763,0,公告,https://xueqiu.com/S/SZ300301/329372278,2026-07-08 16:17:50
329372279,SZ300301,ST长方,,*ST长方：关于公司股票交易被实施其他风险警示相关事项的进展公告 网页链接,0,ST长方(SZ300301),0,2025-03-28 14:04:36,0,1,0,4767,0,公告,https://xueqiu.com/S/SZ300301/329372279,2026-07-08 16:17:50
329372280,SZ300301,ST长方,,*ST长方：2024年度监事会工作报告 网页链接,0,ST长方(SZ300301),0,2025-03-28 14:04:37,0,0,0,4066,0,公告,https://xueqiu.com/S/SZ300301/329372280,2026-07-08 16:17:50
329372281,SZ300301,ST长方,,*ST长方：关于2025年度董事、监事、高级管理人员薪酬方案的公告 网页链接,0,ST长方(SZ300301),0,2025-03-28 14:04:37,0,0,0,4143,0,公告,https://xueqiu.com/S/SZ300301/329372281,2026-07-08 16:17:50
329372284,SZ300301,ST长方,,*ST长方：关于会计师事务所2024年度履职情况的评估报告 网页链接,0,ST长方(SZ300301),0,2025-03-28 14:04:37,0,0,0,4192,0,公告,https://xueqiu.com/S/SZ300301/329372284,2026-07-08 16:17:50
329372287,SZ300301,ST长方,,*ST长方：监事会决议公告 网页链接,0,ST长方(SZ300301),0,2025-03-28 14:04:38,0,0,0,4222,0,公告,https://xueqiu.com/S/SZ300301/329372287,2026-07-08 16:17:50
329372288,SZ300301,ST长方,,*ST长方：《公司章程》修订对照表 网页链接,0,ST长方(SZ300301),0,2025-03-28 14:04:38,0,0,0,4315,0,公告,https://xueqiu.com/S/SZ300301/329372288,2026-07-08 16:17:50
329372659,SZ300301,ST长方,,*ST长方：董事会审计委员会对会计师事务所履行监督职责情况的报告 网页链接,0,ST长方(SZ300301),0,2025-03-28 14:07:22,0,0,0,4426,0,公告,https://xueqiu.com/S/SZ300301/329372659,2026-07-08 16:17:50
329372661,SZ300301,ST长方,,*ST长方：关于拟续聘会计师事务所的公告 网页链接,0,ST长方(SZ300301),0,2025-03-28 14:07:22,0,0,0,4851,0,公告,https://xueqiu.com/S/SZ300301/329372661,2026-07-08 16:17:50
329373468,SZ300301,ST长方,*ST长方全年营业收入5.05亿元，同比下降7.13%,3月29日，*ST长方（300301）发布2024年年报，公司实现营业总收入5.05亿元，同比下降7.13%，归母净利润-4173.91万，亏损同比缩小70.66%。 具体来看，*ST长方2024年全年实现总营收5.05亿元，同比下降7.13%。成本端营业成本3.68亿元，同比下降21.04%，费用等成本1.81亿元，同比下降11.44%。营业总收入扣除营业成本和各项费用后，归母净利润-4173.91万元，亏损同比缩小70.66%。,0,ST长方(SZ300301),0,2025-03-28 14:12:17,0,0,0,3504,0,新闻,https://xueqiu.com/S/SZ300301/329373468,2026-07-08 16:17:50
329374888,SZ300301,ST长方,财报速递：*ST长方2024年全年净亏损4173.91万元,3月29日，A股上市公司*ST长方（300301）发布2024年全年业绩报告，其中，净亏损4173.91万元，亏损同比缩小70.66%。 根据同花顺财务诊断大模型对其本期及过去5年财务数据1200余项财务指标的综合运算及跟踪分析，*ST长方近五年总体财务状况低于行业平均水平。具体而言，资产质量一般，营运能力优秀。 净亏损4173.91万元，亏损同比缩小70.66% 从营收和利润方面看，公司本报告期实现营业总收入5.05亿元，同比下降7.13%，净亏损4173.91万元，亏损同比减少70.66%，基本每股收益为-0.05元。 从资产方面看，公司报告期内，期末资产总计为7.68亿元，应收账款为1.03亿元；现金流量方面，经营活动产生的现金流量净额为819.41万元，销售商品、提供劳务收到的现金为4.48亿元。 财务状况欠佳，存在8项财务风险 根据*ST长方公布的相关财务信息显示，公司存在8个财务风险，具体如下： 指标类型评述收益率净资产收益率平均为-66.21%，公司赚钱能力很弱。盈利营业利润率平均为-15.45%，公司盈利能力较差。营收营收同比增长率平均为-16.82%，公司成长能力较差。成长营业利润同比增长率平均为-369.70%，公司成长性很低。偿债流动比率为0.43，短期偿债能力很弱。收现主营业务收现比率平均为89.76%，公司现金流较差。成长当期营收同比下降了7.13%，收入下滑较高。存贷双高货币资金为0.75亿，短期借款为0.88亿，有存贷双高风险。 综合来看，*ST长方总体财务状况低于行业平均水平，当前总评分为1.03分，在所属的光学光电子行业的108家公司中排名靠后。具体而言，资产质量一般，营运能力优秀。 各项指标评分如下： 指标类型上期评分本期评分排名评价营运能力4.214.3116出色资产质量1.851.7172一般成长能力0.560.8391较弱偿债能力0.420.6994较低现金流0.600.5697较弱盈利能力0.370.5198较低总分0.951.0395低于行业平均水平 关于同花顺财务诊断大模型 同花顺（300033）财务诊断大模型根据公司最新及往期财务数据和行业状况，计算出公司的财务评分、亮点和风险，反映公司已披露的财务状况，但不是对未来财务状况的预测。财务评分区间为0~5分，分数越高说明财务状况越好、对中长期的投资价值越大。财务亮点与风险评述中涉及“平均”关键词的取指标5年平均值，没有“平均”关键词的取最新报告期数据。上述所有信息均基于人工智能算法，仅供参考，不代表同花顺财经观点，投资者据此操作，风险自担。 了解更多该公司的股票诊断信息>>>,0,ST长方(SZ300301),0,2025-03-28 14:21:31,0,0,0,3688,0,新闻,https://xueqiu.com/S/SZ300301/329374888,2026-07-08 16:17:50
329375847,SZ300301,ST长方,,$*ST长方(SZ300301)$ 果然是标准无保留意见的年度报告，申请摘星，摘帽要到2026年1月了。,0,修心谨言wy,1505804711,2025-03-28 14:27:34,0,1,0,17659,0,Android,https://xueqiu.com/1505804711/329375847,2026-07-08 16:17:50
329381284,SZ300301,ST长方,,$*ST长方(SZ300301)$ 年报中性，接下来的预期是资产注入,0,但为人先,4513827783,2025-03-28 15:02:29,0,0,0,20105,0,iPhone,https://xueqiu.com/4513827783/329381284,2026-07-08 16:17:50
329386218,SZ300301,ST长方,,$*ST长方(SZ300301)$ 请教一下，为什么加星，不是都是其它风险警示吗？内控被佛。,0,二级旺仔,8986119339,2025-03-28 15:56:31,0,1,0,17139,0,iPhone,https://xueqiu.com/8986119339/329386218,2026-07-08 16:17:50
329390138,SZ300301,ST长方,,$*ST长方(SZ300301)$St长方和st聆达，是如此的相像。都是没有退市风险都是创业板（一个板20厘米）都是半导体注入预期，都是市值小，都是股东人数越来越少。,0,St_与智者同行,1203943934,2025-03-28 17:50:26,2,10,0,44358,2,Android,https://xueqiu.com/1203943934/329390138,2026-07-08 16:17:50
329392940,SZ300301,ST长方,股东追踪|孟令辰新进*ST长方前十大流通股东，范弘退出,近期*ST长方（300301）发布2024年报，十大流通股东发生了以下变化：1位股东新进，1位股东退出，2位股东增持，2位股东减持。 新进的流通股东中，孟令辰本期持有1120万股，占流通股比例1.42%。 退出的前十大流通股东中，范弘上期持有934.6万股，占流通股比例1.18%。 增持的股东中，徐哲慧本期较上期自持股份增持17.77%至1474万股；郑松本期较上期自持股份增持5.92%至1207万股。 减持的股东中，周红英本期较上期自持股份减持9.27%至2373万股；肖劲东本期较上期自持股份减持8.75%至1460万股。 机构或基金名称持有数量占流通股比例自持股份变动比例股份类型南昌鑫旺资本企业(有限合伙)5926万股7.5%不变流通A股骆科树3950万股5%不变流通A股王刚3386万股4.29%不变流通A股共青城长方投资合伙企业(有限合伙)2616万股3.31%不变流通A股周红英2373万股3%-9.27%流通A股李迪初2097万股2.66%不变流通A股徐哲慧1474万股1.87%17.77%流通A股肖劲东1460万股1.85%-8.75%流通A股郑松1207万股1.53%5.92%流通A股孟令辰1120万股1.42%新进流通A股 小科普： 证金（中国证券金融股份有限公司）：主要负责证券市场融资融券的业务，是稳定证券市场的重要力量；投资风格偏向稳定性和安全性，通常在市场波动时发挥“国家队”角色，进行市场托底。 汇金（中央汇金投资有限责任公司）：中央级别的投资公司，管理国家外汇储备的一部分，进行多元化的国内外投资；投资风格偏向长期稳健投资，注重价值和宏观经济趋势，对国有企业的持股较多。 社保基金（全国社会保障基金理事会）：国家战略储备基金，通过多种渠道实现基金保值增值，以保障社会保险支出的需求。投资风格偏向稳健、长期，注重风险控制和收益平衡，倾向于获得稳定的长期回报。 大基金（国家集成电路产业投资基金）：专注于推动中国集成电路产业发展的基金，支持半导体企业的成长和创新。投资风格偏向产业导向型，更关注科技和战略新兴产业的长期发展，具有较强的前瞻性。 险资（保险资金）：由保险公司投资的资金，主要来源于保费收入，规模庞大且流动性要求高。投资风格偏向稳健、保守，偏好低风险、高稳定性的资产，如债券、优质蓝筹股和基础设施项目。 信托（信托公司）：提供信托服务，以受托人的身份管理和运用财产，为投资者和被投资者提供桥梁。投资风格较为灵活，涵盖了房地产、股权、固定收益类产品等领域，风险偏好和投资期限多样化。 外资（外资机构）：国外资金进入中国市场的代表，涵盖对冲基金、养老金、主权财富基金等。投资风格偏向多元化和国际化，注重全球资产配置、行业龙头和成长性企业的投资机会，反应灵敏且策略多变。 牛散：指的是指盈利能力非常好的散户，选股能力强，具有超强的股市洞察能力，牛散一般都能跑赢市场，并且获得不错的收益。牛散又名大户，散户中成功之后，就成了牛散。,0,ST长方(SZ300301),0,2025-03-28 20:35:32,0,0,0,4373,0,新闻,https://xueqiu.com/S/SZ300301/329392940,2026-07-08 16:17:50
329416641,SZ300301,ST长方,,推荐st长方。1.立案结束，年报标准，净资产正，无退市风险，今年摘星、明年摘帽；2.自身动能充足，子公司康铭盛稳定营收4、5亿，子公司江西长方半导体led产能逐步释放，一期达产年产值10亿，二期还在规划；3.大股东兄弟王敏企业晶能光电（估值200亿以上）资产注入预期；4.市值低位，不足16亿，刚刚到与康铭盛类似的久量股份市值45亿的三分之一，st聆达、st花王是注入半导体，长方本身就是半导体，短期看3倍。,0,东方日近南,4630210944,2025-03-29 03:51:14,0,4,0,24388,2,Android,https://xueqiu.com/4630210944/329416641,2026-07-08 16:17:50
329457797,SZ300301,ST长方,*ST长方（300301）2024年年报简析：亏损收窄，盈利能力上升,据证券之星公开数据整理，近期*ST长方（300301）发布2024年年报。截至本报告期末，公司营业总收入5.05亿元，同比下降7.13%，归母净利润-4173.91万元，同比上升70.66%。按单季度数据看，第四季度营业总收入1.27亿元，同比上升36.74%，第四季度归母净利润-429.12万元，同比上升92.97%。本报告期*ST长方盈利能力上升，毛利率同比增幅89.27%，净利率同比增幅68.43%。本次财报公布的各项数据指标表现一般。其中，毛利率27.2%，同比增89.27%，净利率-8.26%，同比增68.43%，销售费用、管理费用、财务费用总计1.26亿元，三费占营收比24.85%，同比减3.17%，每股净资产0.04元，同比减43.09%，每股经营性现金流0.01元，同比增141.4%，每股收益-0.05元，同比增70.68%证券之星价投圈财报分析工具显示：业务评价：去年的净利率为-8.26%，算上全部成本后，公司产品或服务的附加值不高。融资分红：公司上市13年以来，累计融资总额18.28亿元，累计分红总额4211.97万元，分红融资比为0.02。商业模式：公司业绩主要依靠研发驱动。需要仔细研究这类驱动力背后的实际情况。财报体检工具显示：建议关注公司现金流状况（货币资金/流动负债仅为13.13%、近3年经营性现金流均值/流动负债仅为-6.22%）建议关注财务费用状况（近3年经营活动产生的现金流净额均值为负）以上内容为证券之星据公开信息整理，由智能算法生成（网信算备310104345710301240019号），不构成投资建议。,0,证券之星财经,5187193467,2025-03-29 22:31:45,0,1,0,17193,0,雪球,https://xueqiu.com/5187193467/329457797,2026-07-08 16:17:50
329485674,SZ300301,ST长方,,$*ST长方(SZ300301)$ 年报无忧，洗盘结束，明天高开高走，大概率涨停。,0,但为人先,4513827783,2025-03-30 08:21:28,0,0,0,19051,0,iPhone,https://xueqiu.com/4513827783/329485674,2026-07-08 16:17:48
329538831,SZ300301,ST长方,,$*ST长方(SZ300301)$ 4月份新增ST数量大约有100多个，玩ST资金就这么多，所以估计承接不住。等5月暴完雷再买不迟,0,修心谨言wy,1505804711,2025-03-31 01:52:18,0,2,0,17304,0,Android,https://xueqiu.com/1505804711/329538831,2026-07-08 16:17:48
329544646,SZ300301,ST长方,,$*ST长方(SZ300301)$ 目前走势是跟随玲达，下一步收到处罚通知书大概半个月左右，收到后先摘星。因目前净资产比较薄，有注入资产预期。,0,强烈谴责,1568367252,2025-03-31 02:11:43,2,2,0,23030,0,iPhone,https://xueqiu.com/1568367252/329544646,2026-07-08 16:17:48
329661350,SZ300301,ST长方,*ST长方：公司暂未在人形机器人领域布局,同花顺（300033）金融研究中心03月31日讯，有投资者向*ST长方（300301）提问， 尊敬的董秘您好！贵司作为深耕封装照明行业多年的龙头企业，在封装照明行业拥有成熟的技术储备。随着人形机器人的大规模量产和商业应用，人形机器人相关部件需要大量LED照明件应用于指示灯和自身照明，在特殊领域，人形机器人需要手持LED照明设备，比如汽车组装关键部位，井下矿工，精密焊接等行业需要大量应用人形机器人手持LED照明设备来完成，请问贵公司有无在此方面布局？公司产品是否可以应用于机器人？ 公司回答表示，您好，感谢您的关注和建议！公司照明及其他电子产品主要应用于各种日常生活、生产作业、户外休闲、消防、应急救灾、石油、石化、燃气检修、工矿企业、探险、野外工作、家庭及商场应急备用等场所，公司暂未在人形机器人领域布局，公司将认真考虑您的建议。 点击进入交易所官方互动平台查看更多,0,ST长方(SZ300301),0,2025-03-31 12:54:27,0,0,0,4000,0,新闻,https://xueqiu.com/S/SZ300301/329661350,2026-07-08 16:17:48
329665741,SZ300301,ST长方,*ST长方：公司已向深圳证券交易所申请撤销退市风险警示和因公司内部控制审计报告被出具否定意见被实施...,同花顺（300033）金融研究中心03月31日讯，有投资者向*ST长方（300301）提问， 请问公司申请撤销风险警示 ST. 怎么样呢？上交所批准了没[疑问] 公司回答表示，您好，感谢您的关注！公司已向深圳证券交易所申请撤销退市风险警示和因公司内部控制审计报告被出具否定意见被实施的其他风险警示，上述风险警示的撤销尚需经深圳证券交易所审核批准，请广大投资者注意投资风险。 点击进入交易所官方互动平台查看更多,0,ST长方(SZ300301),0,2025-03-31 13:02:22,0,0,0,4254,0,新闻,https://xueqiu.com/S/SZ300301/329665741,2026-07-08 16:17:48
329697542,SZ300301,ST长方,ST长方盈利能力回升但仍面临多重挑战,近期*ST长方（300301）发布2024年年报，证券之星财报模型分析如下： 盈利能力有所改善 ST长方(300301)发布的2024年年报显示，尽管公司营业总收入为5.05亿元，同比下降7.13%，但其归母净利润为-4173.91万元，同比上升70.66%，扣非净利润为-5587.97万元，同比上升62.84%。特别是第四季度，营业总收入达到1.27亿元，同比上升36.74%，归母净利润为-429.12万元，同比上升92.97%，扣非净利润为-268.79万元，同比上升95.88%。这表明公司在2024年的盈利能力有所回升。 毛利率和净利率显著提升 公司毛利率为27.2%，同比增幅89.27%，净利率为-8.26%，同比增幅68.43%。尽管净利率仍为负数，但相比去年同期已有明显改善。这主要得益于公司对成本的有效控制以及产品结构的优化。 现金流状况值得关注 经营活动产生的现金流量净额为正，每股经营性现金流为0.01元，同比增加141.40%。然而，货币资金/流动负债仅为13.13%，近3年经营性现金流均值/流动负债为-6.22%，表明公司现金流状况仍需进一步改善。 费用控制效果显著 销售费用、管理费用、财务费用总计1.26亿元，三费占营收比为24.85%，同比减少3.17%。这显示出公司在费用控制方面取得了一定成效。 资产结构优化 公司有息负债为8753.02万元，同比减少54.58%，表明公司在优化资产结构方面做出了努力。同时，公司计划继续优化资产结构，推动坪山工业园出售事宜，以增加现金流，缓解资金压力。 面临的风险 公司面临的主要风险包括市场竞争风险、人才流失风险、流动性风险、原材料价格及人工成本上涨风险、外汇汇率波动风险和新产品开发风险。为应对这些风险，公司将继续强化核心竞争优势，加强与重要客户的深度合作，增强客户粘性，并通过整合上下游资源加大研发投入及产品、客户结构调整力度，提升公司竞争力。 总结 尽管ST长方在2024年的盈利能力有所回升，但公司仍面临现金流紧张、资产结构优化等问题。未来，公司需要继续加强内部管理和成本控制，优化资产结构，提升市场竞争力，以实现扭亏为盈的目标。,0,ST长方(SZ300301),0,2025-03-31 23:15:13,0,0,0,4504,0,新闻,https://xueqiu.com/S/SZ300301/329697542,2026-07-08 16:17:48
330155089,SZ300301,ST长方,,$*ST长方(SZ300301)$ 多久出正式处罚公告,0,DRX阳,6856888560,2025-04-03 13:51:29,0,0,0,14231,0,Android,https://xueqiu.com/6856888560/330155089,2026-07-08 16:17:48
330426320,SZ300301,ST长方,,$*ST长方(SZ300301)$ 相当于2个跌停了，真惨！,0,修心谨言wy,1505804711,2025-04-07 01:49:42,0,0,0,7110,0,Android,https://xueqiu.com/1505804711/330426320,2026-07-08 16:17:48
330507010,SZ300301,ST长方,,$*ST长方(SZ300301)$ 相当主板ST三个跌停了，怎么一个惨字了得？,0,修心谨言wy,1505804711,2025-04-07 05:59:34,0,0,0,6679,0,Android,https://xueqiu.com/1505804711/330507010,2026-07-08 16:17:48
330510567,SZ300301,ST长方,,$*ST长方(SZ300301)$ 长方也没有出口到美国，关税战纯属误伤！,0,修心谨言wy,1505804711,2025-04-07 06:07:54,1,0,0,9438,0,Android,https://xueqiu.com/1505804711/330510567,2026-07-08 16:17:48
330520556,SZ300301,ST长方,,$*ST长方(SZ300301)$ 单单康铭盛就值20亿市值了，明显杀过头了,0,修心谨言wy,1505804711,2025-04-07 06:28:58,0,0,0,7634,0,Android,https://xueqiu.com/1505804711/330520556,2026-07-08 16:17:48
330522208,SZ300301,ST长方,,$*ST长方(SZ300301)$ 忍不住买了一点，这个位置应该不会亏钱,0,修心谨言wy,1505804711,2025-04-07 06:33:28,0,0,0,9953,1,Android,https://xueqiu.com/1505804711/330522208,2026-07-08 16:17:48
330526030,SZ300301,ST长方,,$*ST长方(SZ300301)$ 机会是跌出来的，就看你在别人恐惧时敢不敢买入了！,0,修心谨言wy,1505804711,2025-04-07 06:43:40,0,0,0,9491,0,Android,https://xueqiu.com/1505804711/330526030,2026-07-08 16:17:48
330536296,SZ300301,ST长方,,$*ST长方(SZ300301)$ 回想2024年1月的暴跌，当时敢于加重仓，才有2024年较好的利润。现在机会又来了，关税战2018年就打过了，现在7年过去了，大家还是活得好好的。,0,修心谨言wy,1505804711,2025-04-07 07:13:38,0,1,0,13119,0,Android,https://xueqiu.com/1505804711/330536296,2026-07-08 16:17:48
330550993,SZ300301,ST长方,,$*ST长方(SZ300301)$ 创业板ST提前到底了！相信国家，相信国运,0,修心谨言wy,1505804711,2025-04-07 08:07:06,0,0,0,13337,0,Android,https://xueqiu.com/1505804711/330550993,2026-07-08 16:17:48
330599066,SZ300301,ST长方,*ST长方：公司已通过法律诉讼的途径争取收回深圳华旗源、普宁华旗源应向公司支付的相关款项,同花顺（300033）金融研究中心04月07日讯，有投资者向*ST长方（300301）提问， 董秘你好，请问已计提的六千多万诉讼款公司采取何种措施予以追回，是否以申请法院强制执行？如果追回是否计入净资产？ 公司回答表示，您好，感谢您的关注！公司已通过法律诉讼的途径争取收回深圳华旗源、普宁华旗源应向公司支付的相关款项，截至目前，该案件尚未终审判决，公司将持续关注该事项的进展情况。该案件对公司的影响请关注公司后续披露的相关公告。 点击进入交易所官方互动平台查看更多,0,ST长方(SZ300301),0,2025-04-07 13:00:23,0,0,0,4414,0,新闻,https://xueqiu.com/S/SZ300301/330599066,2026-07-08 16:17:48
330600344,SZ300301,ST长方,*ST长方：南昌广播电视台报道未有“订单已排到年底”相关内容,证券之星消息，*ST长方(300301)04月07日在投资者关系平台上答复投资者关心的问题。投资者：据南昌广播电视台报道，公司最重要的全资子公司江西长方半导体科技有限公司产销两旺，订单已排到年底，请问是否属实？*ST长方董秘：您好，感谢您的关注！经公司核实，南昌广播电视台近期对子公司江西长方半导体科技有限公司的报道未有“订单已排到年底”相关内容，公司生产经营状况请以公司在指定媒体《证券时报》《中国证券报》和巨潮资讯网披露的公告为准。以上内容为证券之星据公开信息整理，由智能算法生成（网信算备310104345710301240019号），不构成投资建议。,0,证券之星财经,5187193467,2025-04-07 13:10:14,0,0,0,18709,1,雪球,https://xueqiu.com/5187193467/330600344,2026-07-08 16:17:48
330654174,SZ300301,ST长方,,$*ST长方(SZ300301)$ 根据过往的经验，突发事件引起的暴跌，往往是加仓的机会，而不是割肉。长方因为是创业板，硬生生跌了近15%，相当于主板ST3个跌停，这种跌得越惨的股票，后面反弹通常会越厉害。中美关税摩擦2018年已经开始，后续估计还是要坐下来好好谈的。半导体照明概念，摘星摘帽预期，国资大股东，子公司康铭盛一直是盈利的，对标久量就值20亿市值。员工持股也彰显对公司未来发展的信心。1.7元的长方真找不到卖出的理由。个人笔记，仅供自己参考！,0,修心谨言wy,1505804711,2025-04-08 00:31:21,0,0,0,17061,0,Android,https://xueqiu.com/1505804711/330654174,2026-07-08 16:17:48
330672746,SZ300301,ST长方,,$*ST长方(SZ300301)$ 主板ST一个跌停板就打开了，创业板的长方跌了近3个跌停，多跌的部分迟早要涨回去的，这就是明显的利差。个人笔记，供自己参考。,0,修心谨言wy,1505804711,2025-04-08 01:41:55,0,0,0,15491,0,Android,https://xueqiu.com/1505804711/330672746,2026-07-08 16:17:48
330674168,SZ300301,ST长方,,$*ST长方(SZ300301)$ 继续加仓，知行合一！,0,修心谨言wy,1505804711,2025-04-08 01:45:10,0,1,0,16943,0,Android,https://xueqiu.com/1505804711/330674168,2026-07-08 16:17:48
330778014,SZ300301,ST长方,,*ST长方：关于举办2024年度业绩说明会的公告 网页链接,0,ST长方(SZ300301),0,2025-04-08 09:06:10,0,0,0,4491,0,公告,https://xueqiu.com/S/SZ300301/330778014,2026-07-08 16:17:46
330883817,SZ300301,ST长方,,$*ST长方(SZ300301)$ 外部环境不稳定，暂时没有加仓了，等关税事件稳定下来再说！,0,修心谨言wy,1505804711,2025-04-09 01:57:59,0,0,0,16035,0,Android,https://xueqiu.com/1505804711/330883817,2026-07-08 16:17:46
330988362,SZ300301,ST长方,,$*ST长方(SZ300301)$ 正如我所料，跌得越凶，反弹就越厉害。明后两天估计又是震荡的过程，外围行情不稳，多看少动！,0,修心谨言wy,1505804711,2025-04-09 09:37:21,0,1,0,16614,0,Android,https://xueqiu.com/1505804711/330988362,2026-07-08 16:17:46
331292858,SZ300301,ST长方,,$*ST长方(SZ300301)$ 今天上午有点掉链子,0,强烈谴责,1568367252,2025-04-11 03:29:37,1,0,0,21994,0,iPhone,https://xueqiu.com/1568367252/331292858,2026-07-08 16:17:46
331341439,SZ300301,ST长方,,$*ST长方(SZ300301)$高位下来，还亏十个点,0,修心谨言wy,1505804711,2025-04-11 07:59:20,0,1,0,18217,0,Android,https://xueqiu.com/1505804711/331341439,2026-07-08 16:17:46
331571070,SZ300301,ST长方,,$*ST长方(SZ300301)$ $ST新亚(SZ002388)$ 弱势二人组，无人问津票！,0,修心谨言wy,1505804711,2025-04-14 06:42:07,0,0,0,17410,0,Android,https://xueqiu.com/1505804711/331571070,2026-07-08 16:17:46
331586940,SZ300301,ST长方,,$*ST长方(SZ300301)$ 赶紧来几个利好，将股价拉到2块吧,0,修心谨言wy,1505804711,2025-04-14 08:32:36,0,0,0,18245,0,Android,https://xueqiu.com/1505804711/331586940,2026-07-08 16:17:46
331598476,SZ300301,ST长方,,*ST长方：2024年度网上业绩说明会投资者关系活动记录表 网页链接,0,ST长方(SZ300301),0,2025-04-14 10:03:06,0,0,0,4277,0,公告,https://xueqiu.com/S/SZ300301/331598476,2026-07-08 16:17:46
331604951,SZ300301,ST长方,*ST长方：4月14日召开业绩说明会，投资者参与,"证券之星消息，2025年4月14日*ST长方（300301）发布公告称公司于2025年4月14日召开业绩说明会。具体内容如下：问：目前公司的产品有没有出口美国，如果有其占比如何。当前在美国政府实施所谓“对等关税”的情况下，请介绍对公司的经营和产品的销售影响如何。答:您好，感谢您的关注！2024年公司国外营业收入占比53%，主要销往东南亚、中东及非洲等地，其中美国市场收入占公司总体营收比重约3%，主要为跨境电商实现的销售收入。公司将持续关注美国“对等关税”政策的变化情况，同时积极拓展非美地区业务，加强产品研发创新，减少美国关税政策的影响。问：从公司2024年年度报表来看，公司每股净资产大概不到4分钱。公司有何措施来避免归属于上市公司股东的净资产变成负值。答:您好，感谢您的关注！2025年，公司将继续开拓新市场，加强产品研发创新，多举措实施降本增效，提升公司盈利能力并通过处置闲置固定资产、盘活低效资产及优化负债结构等措施提升公司净资产。问：长方的led生产技术是采用的南昌大学的硅衬底路径吗？答:您好，感谢您的关注！公司光源封装产品未使用硅衬底技术，但控股子公司康铭盛采购的光源有部分采用了硅衬底技术。目前江西各子公司生产经营一切正常，具体生产情况请以公司在指定媒体《证券时报》《中国证券报》和巨潮资讯网披露的公告为准。问：请介绍一下江西园区的生产规划情况和实际运营情况？答:您好，感谢您的关注！公司光源封装产品未使用硅衬底技术，但控股子公司康铭盛采购的光源有部分采用了硅衬底技术。目前江西各子公司生产经营一切正常，具体生产情况请以公司在指定媒体《证券时报》《中国证券报》和巨潮资讯网披露的公告为准。问：请问4月10日股东人数是多少？谢谢答:您好，感谢您的关注！截至2025年4月10日，公司股东户数为19,496户。问：年报已出是否意味着公司己安全上岸？何时摘星？谢谢答:您好，感谢您的关注！公司已向深圳证券交易所申请撤销退市风险警示和因公司内部控制审计报告被出具否定意见而被实施的其他风险警示，上述风险警示的撤销尚需经深圳证券交易所审核，能否获得深圳证券交易所批准尚存在不确定性，请广大投资者注意投资风险。问：请问贸易战对公司影响如何？国外地区美国占比如何？谢谢答:您好，感谢您的关注！2024年公司国外营业收入占比53%，主要销往东南亚、中东及非洲等地。其中美国市场收入占公司总体营收比重约3%，主要为跨境电商实现的销售收入。公司未有从美国采购原材料等。公司将持续关注美国“对等关税”政策动态和市场形势的变化，积极拓展非美地区业务，加强产品研发创新，确保公司业务的稳定发展。问：“做好主业同时培育新业务”，公司将根据实际情况利用资本市场培育发展其他新业务，请问是有明确的目标或赛道呢？谢谢答:您好，感谢您的关注！公司做好主业同时结合自身实际情况积极寻找并评估其他市场机会，目前暂未有进展，如有进展公司会依法依规及时履行信息披露义务。问：继续优化资产结构，继续推动坪山工业园出售事宜，请问坪山工业园土地有多少亩？房屋建筑面积有多少平方米？账面价值、市价分别有多少？谢谢答:您好，感谢您的关注！坪山工业园的宗地面积为27,293平方米，建筑面积为68,070.56平方米。截至2024年12月31日，其账面价值为5,958.42万元，评估价值为29,910万元。问：公司处于无控股股东、无实际控制人状态将持续到何时？何时引入控股股东进行资产重组？谢答:您好，感谢您的关注！为推动公司长远发展，公司通过多种措施提升公司长期价值。并购重组方面，公司在规范运营提升业绩的同时，基于自身实际情况一直在积极寻找和评估各种可能的机会，鉴于公司是否引入控股股东等并购重组事项存在重大不确定性，若发生相关重大事项，公司将依据相关规则及时做好信息披露工作，重大事项请以公司公告为准。问：年报显示王刚先生持股3385.5161万股，占总股本的4.08%，公司向王刚先生借款期末余额为35895万元，王先生如此厚爱公司，其是否有资产注入打算或举牌？谢谢答:您好，感谢您的关注！公司未知王刚先生是否有资产注入或举牌计划。问：长期股价低迷，如何规划市值管理？如何提升净资产价值，避免净资产为负难题？答:您好，感谢您的关注！公司股价表现受宏观经济环境、行业周期波动、二级市场及公司经营情况等多重因素综合影响，公司高度重视可持续健康发展，不断提升公司投资价值和回报股东的能力。2024年底公司已对核心骨干人员实施股权激励，设置了考核目标，激励管理人员等核心骨干人员做好经营管理，提升公司业绩。2025年，公司将继续开拓新市场，加强新品研发创新，多举措实施降本增效，提升公司盈利能力并通过处置闲置固定资产、盘活低效资产及优化负债结构等措施提升公司净资产。在规范运营提升业绩的同时，公司将结合自身实际情况积极寻找和评估各种并购重组的机会，加强与投资者交流，积极传递公司投资价值信息，综合运用上述多种市值管理工具提升公司股票投资价值。问：请问董事长先生，2025年度公司收入目标和净利润目标分别是多少？有什么措施保证目标的达成答:您好，感谢您的关注！根据公司2024年限制性股票激励计划，公司层面2025年度净利润目标为扭亏为盈；营业收入目标为增长率（以2024年营业收入为基准）达到10%。公司将通过持续推行降本增效，降低产品综合成本；加强产品研发，不断丰富产品种类，推出更多符合市场需求的高质量产品，增强产品市场竞争力；拓展销售渠道，开拓新市场等措施提升公司业绩，公司2025年度业绩完成情况以公司后续披露的定期报告为准。问：请问公司目前已计提坏账的总金额中有多少在诉讼中和追缴中，预计能够回收多少？答:您好，感谢您的关注！公司通过法律诉讼、资产保全、协商制定分期偿还方案等多元化手段持续推进回收工作。具体回收金额受债务人实际偿付能力、司法执行效率等多重因素影响存在不确定性，相关数据请以公司披露的定期报告为准。问：近2年公司管理层频繁变动，且控股股东存在股份冻结。请问公司管理层是否稳定？大股东风险是否影响公司2025年战略执行？答:您好，感谢您的关注！公司现处于无控股股东、无实际控制人状态，且不存在公司大股东所持公司股份被冻结的情况。目前公司股东会、董事会及管理层治理结构稳定，公司已对管理人员等核心骨干人员实施股权激励，将公司绩效与管理人员收入挂钩。问：（1）请问公司，年年亏损，为什么管理人员工资还这么高，如董秘工资都达120多万，有违常理！其它公司业绩不好，都在降本增效，贵公司很过分！（2）公司有无主动跟上级部门沟通，结案预先告知书已三个多月，为什么正式处罚书还不下达，是否还有什么大问题？公司应当积极回应关切！谢谢？答:您好，感谢您的关注!(1)公司高级管理人员工资系结合市场水平并根据其在公司担任具体管理职务按公司相关薪酬规定及聘用合同领取报酬。公司已实施股权激励，将高管薪酬与公司绩效挂钩。(2)公司已向深圳证监局提交了陈述申辩的申请，截至目前，公司尚未收到深圳证监局出具的《行政处罚决定书》。公司将持续关注立案调查的后续进展情况，敬请广大投资者关注公司在指定信息披露媒体发布的相关公告。问：公司摘帽成功率有多少？2024年营收连续三年下滑，主业疲软；资产负债率高，未来是否会有亏损扩大导致净资产转负？答:您好，感谢您的关注！公司已向深圳证券交易所申请撤销退市风险警示和因公司内部控制审计报告被出具否定意见而被实施的其他风险警示，上述风险警示的撤销尚需经深圳证券交易所审核，能否获得深圳证券交易所批准尚存在不确定性。公司将通过持续推行降本增效、加强产品研发、拓展销售渠道开拓新市场、优化资产结构、做好主业同时培育新业务等措施提升业绩，增厚公司净资产。问：公司在2025年一季度是否会扭亏为盈呢？答:您好，感谢您的关注！公司将于2025年4月28日披露2025年第一季度报告，公司业绩情况请关注公司届时披露的2025年第一季度报告。问：目前公司净值只有几分钱，请问公司目前经营状况，公司会不会出现净资产为负情况答:您好，感谢您的关注！2025年，公司将继续开拓新市场，加强新品研发创新，多举措实施降本增效并通过实施股权激励调动核心骨干积极性，提升公司业绩及盈利能力并通过处置闲置固定资产、盘活低效资产及优化负债结构等措施提升公司净资产。问：请问什么时候申请摘星，摘帽？答:您好，感谢您的关注！公司已于2023年4月向深圳证券交易所申请撤销退市风险警示；于2024年4月向深圳证券交易所申请撤销因公司内部控制审计报告被出具否定意见而被实施的其他风险警示，上述风险警示的撤销尚需经深圳证券交易所审核，能否获得深圳证券交易所批准尚存在不确定性，请广大投资者注意投资风险。问：尊敬的长方集团的领导，目前两市两元以下的股票总共不到60只，长方管理层也一直为公司的发展尽心努力的工作，但作为一名长期投资者，我们希望管理层通过兼并重组让企业更上一个台阶，同时也希望管理层增持自己的股票，以增加投资者的信心，祝愿长方集团越来越好，更创辉煌l答:您好，感谢您的建议！公司已于2024年实施限制性股票激励计划，目前，公司管理层及核心骨干共84人基于对公司未来发展的信心参与了此次激励计划。公司管理层及核心骨干人员将努力经营，在规范运营做好业绩的同时将结合自身实际情况，积极寻找和评估各种可能的机会，综合运用多种市值管理工具提升公司股票投资价值。问：结案预先告知书已下达三个多月，正式处罚书何时下达？是否还有什么大问题？公司应当主动跟上级部门沟通，积极回应广大股民的关切，谢谢！答:您好，感谢您的关注！公司收到深圳证监局《行政处罚事先告知书》后已向深圳证监局提交了陈述申辩的申请，目前正等待深圳证监局的申辩听证安排，公司将持续关注处罚事项的后续进展情况，敬请广大投资者关注公司在指定信息披露媒体发布的相关公告。问：王刚先生的2000万以什么形式入公司帐目的？答:您好，感谢您的关注！王刚先生的2,000万违约金已于2024年计入资本公积。问：行业以后的发展前景怎样？答:您好，感谢您的关注！行业发展前景详见公司已于2025年3月29日披露的2024年年度报告中“第三节管理层讨论与分析”中“一、报告期内公司所处行业情况 ”内容。问：贵公司与李迪初的对赌协议会实施吗，能否追回对赌金额答:您好，感谢您的关注！公司将严格按照与李迪初等各方签订的《股份转让协议》维护公司合法权益，公司已于2022年就业绩承诺事项起诉李迪初等29名康铭盛原股东，鉴于公安机关对刑事案件侦查的结果影响到案涉合同纠纷的定性以及合同履行责任的认定，故法院认为本案应依法驳回起诉，由刑事诉讼程序先行审理。具体情况详见公司于2024年3月19日披露的《关于重大诉讼的进展公告》（公告编号：2024-017），后续公司将根据刑事案件进展及时采取措施维护公司合法权益。*ST长方（300301）主营业务：LED离网照明、应急照明、电风扇、便携式储能产品等其他电子产品及LED照明光源器件的研发、设计、生产和销售,照明及其他电子产品被广泛应用于各种日常生活、生产作业、户外休闲、消防、应急救灾、石油、石化、燃气检修、工矿企业、探险、野外工作、家庭及商场应急备用等场所;封装产品主要是贴片式LED照明光源器件。*ST长方2024年年报显示，公司主营收入5.05亿元，同比下降7.13%；归母净利润-4173.91万元，同比上升70.66%；扣非净利润-5587.97万元，同比上升62.84%；其中2024年第四季度，公司单季度主营收入1.27亿元，同比上升36.74%；单季度归母净利润-429.12万元，同比上升92.97%；单季度扣非净利润-268.79万元，同比上升95.88%；负债率95.88%，财务费用2598.14万元，毛利率27.2%。以上内容为证券之星据公开信息整理，由智能算法生成（网信算备310104345710301240019号），不构成投资建议。",0,证券之星财经,5187193467,2025-04-14 11:10:19,0,1,0,22576,0,雪球,https://xueqiu.com/5187193467/331604951,2026-07-08 16:17:46
331654555,SZ300301,ST长方,,我在雪球已经累计发布了50篇 *ST长方 相关帖子，点赞添彩，继续前行！这是一个值得记录的时刻，快来为我的成就点赞,0,修心谨言wy,1505804711,2025-04-15 01:37:24,0,0,0,20370,0,Android,https://xueqiu.com/1505804711/331654555,2026-07-08 16:17:46
331654911,SZ300301,ST长方,,$*ST长方(SZ300301)$ 打算每跌一分钱，加3000股，无退市风险，国资，半导体股。,0,修心谨言wy,1505804711,2025-04-15 01:38:59,0,0,0,23263,0,Android,https://xueqiu.com/1505804711/331654911,2026-07-08 16:17:46
331658517,SZ300301,ST长方,,$*ST长方(SZ300301)$ 今年415魔咒有可能会打破，因为405的关税雷，导致很多ST都下跌了10%~15%,0,修心谨言wy,1505804711,2025-04-15 01:52:09,0,0,0,22641,0,Android,https://xueqiu.com/1505804711/331658517,2026-07-08 16:17:46
331860900,SZ300301,ST长方,,$*ST长方(SZ300301)$ $ST新亚(SZ002388)$ 今天没有加仓。都说4月中到5月底，ST板块还要暴跌，等等吧！,0,修心谨言wy,1505804711,2025-04-16 07:40:51,0,0,0,26123,0,Android,https://xueqiu.com/1505804711/331860900,2026-07-08 16:17:46
331988142,SZ300301,ST长方,,$*ST长方(SZ300301)$ $ST新亚(SZ002388)$ 无人问津货，能否穿越4月底ST魔咒？,0,修心谨言wy,1505804711,2025-04-17 06:21:10,0,0,0,23774,0,Android,https://xueqiu.com/1505804711/331988142,2026-07-08 16:17:46
332019322,SZ300301,ST长方,,$*ST长方(SZ300301)$ $ST新亚(SZ002388)$ 大聪明们都说4月底开始ST板块要暴雷，都迫不及待地清仓了，不仅自己清仓，还拉了一帮小弟清仓了。我完全同意大聪明的观点，也觉得从明天开始ST板块要回调了。但我二十多年的经验告知我，每次我一旦清仓，该股就会像打了鸡血似的疯涨起来，所以折中的做法是，轻仓持有看好的股票，如果暴跌，那应该开心才是，因为可以用更低的价格买到更多的股票！,0,修心谨言wy,1505804711,2025-04-17 09:22:57,0,4,0,34382,0,Android,https://xueqiu.com/1505804711/332019322,2026-07-08 16:17:46
332045632,SZ300301,ST长方,*ST长方：江西长方半导体科技有限公司为公司全资子公司,同花顺（300033）金融研究中心04月17日讯，有投资者向*ST长方（300301）提问， 董秘你好。江西长方半导体公司是否是公司子公司？为何公司在交易软件半导体行业中并无长方集团？公司，大股东有无响应国家号召增持公司股份的安排？公司股价常年低迷被打压，长期持有的股东伤痕累累。是否有被人恶意操纵？ 公司回答表示，您好，感谢您的关注！江西长方半导体科技有限公司为公司全资子公司，主要从事LED照明光源器件的研发、设计、生产和销售等。公司于2024年12月实施了2024年限制性股票激励计划，目前暂无股份回购计划，亦未收到大股东的股份增持计划。公司股价受宏观经济环境、行业周期波动、二级市场及公司经营情况等多重因素综合影响，请理性看待公司股价波动并注意投资风险。 点击进入交易所官方互动平台查看更多,0,ST长方(SZ300301),0,2025-04-17 12:54:59,0,0,0,5730,0,新闻,https://xueqiu.com/S/SZ300301/332045632,2026-07-08 16:17:46
332046051,SZ300301,ST长方,*ST长方：公司已就与华旗源服务合同纠纷案一审判决中被驳回的诉讼请求向广东省揭阳市中级人民法院提起...,同花顺（300033）金融研究中心04月17日讯，有投资者向*ST长方（300301）提问， 请问董秘，6000万赔偿款为什么没有到位，什么原因？ 公司回答表示，您好，感谢您的关注！公司已就与华旗源服务合同纠纷案一审判决中被驳回的诉讼请求向广东省揭阳市中级人民法院提起上诉，截至目前，二审尚未判决。上述案件所涉服务款项及利息的回收金额受债务人实际偿付能力、司法执行效率等多重因素影响存在不确定性，公司将密切关注上述案件二审进展情况，并根据诉讼进展情况及时履行信息披露义务，敬请广大投资者注意投资风险。 点击进入交易所官方互动平台查看更多,0,ST长方(SZ300301),0,2025-04-17 12:57:19,0,0,0,5616,0,新闻,https://xueqiu.com/S/SZ300301/332046051,2026-07-08 16:17:46
332885288,SZ300301,ST长方,概念动态|*ST长方新增“跨境电商”概念,2025年4月24日，*ST长方（300301）新增“跨境电商”概念。 据同花顺（300033）数据显示，入选理由是：2025年4月14日公告：2024年公司国外营业收入占比53%，主要销往东南亚、中东及非洲等地，其中美国市场收入占公司总体营收比重约3%，主要为跨境电商实现的销售收入。 该公司常规概念还有：ST板块、PPP概念、储能。,0,ST长方(SZ300301),0,2025-04-24 07:15:21,0,0,0,4534,0,新闻,https://xueqiu.com/S/SZ300301/332885288,2026-07-08 16:17:46
333273709,SZ300301,ST长方,,*ST长方：第五届监事会第八次会议决议公告 网页链接,0,ST长方(SZ300301),0,2025-04-27 07:52:29,0,0,0,4326,0,公告,https://xueqiu.com/S/SZ300301/333273709,2026-07-08 16:17:46
333273710,SZ300301,ST长方,,*ST长方：关于2025年第一季度计提资产减值准备的公告 网页链接,0,ST长方(SZ300301),0,2025-04-27 07:52:29,0,0,0,4473,0,公告,https://xueqiu.com/S/SZ300301/333273710,2026-07-08 16:17:43
333273711,SZ300301,ST长方,,*ST长方：第五届董事会第十一次会议决议公告 网页链接,0,ST长方(SZ300301),0,2025-04-27 07:52:29,0,0,0,4533,0,公告,https://xueqiu.com/S/SZ300301/333273711,2026-07-08 16:17:43
333273715,SZ300301,ST长方,,*ST长方：关于2025年第一季度报告披露提示性公告 网页链接,0,ST长方(SZ300301),0,2025-04-27 07:52:29,0,0,0,4564,0,公告,https://xueqiu.com/S/SZ300301/333273715,2026-07-08 16:17:43
333273717,SZ300301,ST长方,,*ST长方：关于投资性房地产会计政策变更的公告 网页链接,0,ST长方(SZ300301),0,2025-04-27 07:52:29,3,1,0,8992,2,公告,https://xueqiu.com/S/SZ300301/333273717,2026-07-08 16:17:43
333273724,SZ300301,ST长方,,*ST长方：关于长方集团投资性房地产会计政策变更专项说明的鉴证报告 网页链接,0,ST长方(SZ300301),0,2025-04-27 07:52:30,0,0,0,5968,0,公告,https://xueqiu.com/S/SZ300301/333273724,2026-07-08 16:17:43
333273733,SZ300301,ST长方,,*ST长方：2025年一季度报告 网页链接,0,ST长方(SZ300301),0,2025-04-27 07:52:31,0,0,0,5476,0,公告,https://xueqiu.com/S/SZ300301/333273733,2026-07-08 16:17:43
333310774,SZ300301,ST长方,财报速递：*ST长方2025年一季度净亏损2395.59万元,4月28日，A股上市公司*ST长方（300301）发布2025年一季度业绩报告，其中，净亏损2395.59万元，亏损同比扩大631.43%。 根据同花顺财务诊断大模型对其本期及过去5年财务数据1200余项财务指标的综合运算及跟踪分析，*ST长方近五年总体财务状况低于行业平均水平。具体而言，成长能力一般，资产质量良好，营运能力优秀。 净亏损2395.59万元，亏损同比扩大631.43% 从营收和利润方面看，公司本报告期实现营业总收入1.18亿元，同比下降13.94%，净亏损2395.59万元，亏损同比扩大631.43%，基本每股收益为-0.03元。 从资产方面看，公司报告期内，期末资产总计为6.94亿元，应收账款为1.24亿元；现金流量方面，经营活动产生的现金流量净额为-2544.44万元，销售商品、提供劳务收到的现金为8251.35万元。 财务状况欠佳，存在9项财务风险 根据*ST长方公布的相关财务信息显示，公司存在9个财务风险，具体如下： 指标类型评述收益率净资产收益率平均为-106.62%，公司赚钱能力较差。盈利营业利润率平均为-17.84%，公司盈利能力很弱。营收营收同比增长率平均为-14.62%，公司成长性较弱。成长营业利润同比增长率平均为-379.51%，公司成长性不佳。偿债速动比率为0.24，短期偿债能力很弱。收现主营业务收现比率平均为88.41%，公司现金流较差。成长当期营收同比下降了13.94%，收入下滑较高。成长当期净利润同比下降了631.43%，利润下降较大。存贷双高货币资金为0.14亿，短期借款为0.87亿，有存贷双高风险。 综合来看，*ST长方总体财务状况低于行业平均水平，当前总评分为1.31分，在所属的光学光电子行业的107家公司中排名靠后。具体而言，成长能力一般，资产质量良好，营运能力优秀。 各项指标评分如下： 指标类型上期评分本期评分排名评价营运能力3.844.1120出色资产质量1.393.2738较高成长能力0.691.4577一般盈利能力0.370.9887较低偿债能力0.280.7592较低现金流0.370.5696较弱总分0.861.3183低于行业平均水平 关于同花顺财务诊断大模型 同花顺（300033）财务诊断大模型根据公司最新及往期财务数据和行业状况，计算出公司的财务评分、亮点和风险，反映公司已披露的财务状况，但不是对未来财务状况的预测。财务评分区间为0~5分，分数越高说明财务状况越好、对中长期的投资价值越大。财务亮点与风险评述中涉及“平均”关键词的取指标5年平均值，没有“平均”关键词的取最新报告期数据。上述所有信息均基于人工智能算法，仅供参考，不代表同花顺财经观点，投资者据此操作，风险自担。 了解更多该公司的股票诊断信息>>>,0,ST长方(SZ300301),0,2025-04-27 16:03:29,0,0,0,4817,0,新闻,https://xueqiu.com/S/SZ300301/333310774,2026-07-08 16:17:43
333453348,SZ300301,ST长方,,*ST长方：关于召开2024年度股东大会的通知（增加临时提案后） 网页链接,0,ST长方(SZ300301),0,2025-04-28 12:04:46,0,0,0,5530,0,公告,https://xueqiu.com/S/SZ300301/333453348,2026-07-08 16:17:43
333453349,SZ300301,ST长方,,*ST长方：关于公司股票交易被实施其他风险警示相关事项的进展公告 网页链接,0,ST长方(SZ300301),0,2025-04-28 12:04:46,0,0,0,5713,0,公告,https://xueqiu.com/S/SZ300301/333453349,2026-07-08 16:17:43
333453351,SZ300301,ST长方,,*ST长方：关于收到股东增加股东大会临时提案的公告 网页链接,0,ST长方(SZ300301),0,2025-04-28 12:04:46,0,0,0,5648,0,公告,https://xueqiu.com/S/SZ300301/333453351,2026-07-08 16:17:43
333674623,SZ300301,ST长方,*ST长方：公司已向深交所申请撤销退市风险警示及其他风险警示情形,证券之星消息，*ST长方(300301)04月29日在投资者关系平台上答复投资者关心的问题。投资者：请问贵公司董秘，2025年报披露，贵公司可申请摘帽吗？按证券所规定15个交易日要有回复，该是批准摘帽?或许是补充材料。为什么到现在没有下文?是不是深圳证券交易所把贵公司文件忘了。如果是这样，贵公司领导要打电话提醒一下，深圳证券交易所。贵公司摘帽可更好融资，树立美好企业形象，扩大企业空间发展。*ST长方董秘：您好，感谢您的关注！公司已分别于2023年4月及2024年4月向深圳证券交易所申请撤销退市风险警示及因公司内部控制被出具否定意见的审计报告而被实施的其他风险警示情形。深圳证券交易所在审核过程中向公司下发了年报问询函，因上述年报问询函中部分问题涉及公司被立案调查事项，需以深圳证监局出具的正式行政处罚决定为依据进行回复。公司于2025年1月收到深圳证监局出具的《行政处罚事先告知书》，目前尚未收到正式行政处罚决定，为确保回复内容的真实准确完整，公司将在收到深圳证监局出具的正式行政处罚决定后结合监管结论回复年报问询函。上述风险警示的撤销能否获得深圳证券交易所批准尚存在不确定性，敬请广大投资者注意投资风险。以上内容为证券之星据公开信息整理，由AI算法生成（网信算备310104345710301240019号），不构成投资建议。,0,证券之星财经,5187193467,2025-04-29 13:11:51,0,0,0,16993,0,雪球,https://xueqiu.com/5187193467/333674623,2026-07-08 16:17:43
333711592,SZ300301,ST长方,*ST长方：风险警示的撤销能否获得深圳证券交易所批准尚存在不确定性,同花顺（300033）金融研究中心04月29日讯，有投资者向*ST长方（300301）提问， 请问贵公司董秘，2025年报披露，贵公司可申请摘帽吗？按证券所规定15个交易日要有回复，该是批准摘帽?或许是补充材料。为什么到现在没有下文?是不是深圳证券交易所把贵公司文件忘了。如果是这样，贵公司领导要打电话提醒一下，深圳证券交易所。贵公司摘帽可更好融资，树立美好企业形象，扩大企业空间发展。 公司回答表示，您好，感谢您的关注！公司已分别于2023年4月及2024年4月向深圳证券交易所申请撤销退市风险警示及因公司内部控制被出具否定意见的审计报告而被实施的其他风险警示情形。深圳证券交易所在审核过程中向公司下发了年报问询函，因上述年报问询函中部分问题涉及公司被立案调查事项，需以深圳证监局出具的正式行政处罚决定为依据进行回复。公司于2025年1月收到深圳证监局出具的《行政处罚事先告知书》，目前尚未收到正式行政处罚决定，为确保回复内容的真实准确完整，公司将在收到深圳证监局出具的正式行政处罚决定后结合监管结论回复年报问询函。上述风险警示的撤销能否获得深圳证券交易所批准尚存在不确定性，敬请广大投资者注意投资风险。 点击进入交易所官方互动平台查看更多,0,ST长方(SZ300301),0,2025-04-29 22:56:18,0,0,0,4613,0,新闻,https://xueqiu.com/S/SZ300301/333711592,2026-07-08 16:17:43
333737227,SZ300301,ST长方,,$*ST长方(SZ300301)$ 看好就上仓位！,0,修心谨言wy,1505804711,2025-04-30 01:59:11,0,0,0,18623,0,Android,https://xueqiu.com/1505804711/333737227,2026-07-08 16:17:43
333799253,SZ300301,ST长方,,$*ST长方(SZ300301)$ 4月大亏，拜长方所赐。不知道后面会不会涨回来,0,修心谨言wy,1505804711,2025-04-30 07:33:43,0,0,0,20414,0,Android,https://xueqiu.com/1505804711/333799253,2026-07-08 16:17:43
333971205,SZ300301,ST长方,,$*ST长方(SZ300301)$ 不是已经撤销退市风险警示了吗？怎么还带星？,0,深耕ST与可转债,9669696670,2025-05-03 02:42:58,1,0,0,24220,0,雪球,https://xueqiu.com/9669696670/333971205,2026-07-08 16:17:43
334095465,SZ300301,ST长方,,$*ST长方(SZ300301)$ 长方的价值还没有被市场发现，趁低买一点,0,修心谨言wy,1505804711,2025-05-06 01:50:52,1,1,0,25874,1,Android,https://xueqiu.com/1505804711/334095465,2026-07-08 16:17:43
334147373,SZ300301,ST长方,,$*ST长方(SZ300301)$ 前几天总来长方发帖一个的小v兄弟四月天天总结st板块，意思是今年最起码暴跌一个月六月末再进，发了好几贴，今天我想看看他进没进结果销号了。市场不是一成不变的不能死脑筋啊,0,强烈谴责,1568367252,2025-05-06 07:30:04,5,0,0,30670,0,iPhone,https://xueqiu.com/1568367252/334147373,2026-07-08 16:17:43
334311349,SZ300301,ST长方,,*ST长方：关于控股子公司为公司提供担保额度的公告 网页链接,0,ST长方(SZ300301),0,2025-05-07 11:06:13,0,0,0,7894,0,公告,https://xueqiu.com/S/SZ300301/334311349,2026-07-08 16:17:43
334410627,SZ300301,ST长方,,$*ST长方(SZ300301)$ 无人问津滞涨股，一旦摘帽翻倍可期！,0,修心谨言wy,1505804711,2025-05-08 06:53:58,0,1,0,18859,0,Android,https://xueqiu.com/1505804711/334410627,2026-07-08 16:17:43
334445716,SZ300301,ST长方,,*ST长方：关于公司涉及重大诉讼的公告 网页链接,0,ST长方(SZ300301),0,2025-05-08 11:26:10,0,0,0,8755,0,公告,https://xueqiu.com/S/SZ300301/334445716,2026-07-08 16:17:43
334448684,SZ300301,ST长方,*ST长方被起诉 涉案金额达1.03亿元,5月8日，*ST长方（300301）发布公告，近日公司收到广东省深圳市中级人民法院出具的关于一起重大诉讼的《应诉通知书》。该案件目前已被法院受理，但尚未开庭审理，公司在此案中为被告，涉案金额为1.03亿元。 原告邓子长和邓子权因与南昌祥平科技集团有限公司存在股权转让纠纷，认为公司应对祥平科技的债务承担连带责任。 2025年一季度，*ST长方实现收入1.18亿元，归母净利润-2396万元。,0,ST长方(SZ300301),0,2025-05-08 11:58:25,0,0,0,8784,0,新闻,https://xueqiu.com/S/SZ300301/334448684,2026-07-08 16:17:41
334584577,SZ300301,ST长方,,*ST长方：关于长方集团2024年度股东大会的法律意见书 网页链接,0,ST长方(SZ300301),0,2025-05-09 11:29:08,0,0,0,10477,0,公告,https://xueqiu.com/S/SZ300301/334584577,2026-07-08 16:17:41
334584596,SZ300301,ST长方,,*ST长方：2024年度股东大会决议公告 网页链接,0,ST长方(SZ300301),0,2025-05-09 11:29:11,0,0,0,9905,0,公告,https://xueqiu.com/S/SZ300301/334584596,2026-07-08 16:17:41
334592389,SZ300301,ST长方,*ST长方：年报问询函中部分问题涉及公司被立案调查事项,证券之星消息，*ST长方(300301)05月09日在投资者关系平台上答复投资者关心的问题。投资者：贵公司董秘您好：贵公司符合摘帽，中兴光华会计事务所出具报告是：标准无保留审计报告。贵公司可以变通一下，安（事先行政处罚告知书）的要求，回复年报问签涵。年报问签涵一旦回复，纵览*ST股基本上都是停牌一天。摘帽。机不可失。*ST长方董秘：您好，感谢您的关注与建议！年报问询函中部分问题涉及公司被立案调查事项，需以深圳证监局出具的正式行政处罚决定为依据进行回复，公司回函情况请关注公司后续披露的相关公告。以上内容为证券之星据公开信息整理，由AI算法生成（网信算备310104345710301240019号），不构成投资建议。,0,证券之星财经,5187193467,2025-05-09 13:20:13,0,0,0,17094,0,雪球,https://xueqiu.com/5187193467/334592389,2026-07-08 16:17:41
334737358,SZ300301,ST长方,,$*ST云网(SZ002306)$ $*ST长方(SZ300301)$ 低市值、股价在2元以下，确定可以摘帽的，应该只有这2个了。云网3亿主营没问题，净资产负的不多，重整成重组都可以。长方等处罚决定出来就可以摘星后续摘帽了。,0,修心谨言wy,1505804711,2025-05-12 03:06:21,2,2,0,68594,2,Android,https://xueqiu.com/1505804711/334737358,2026-07-08 16:17:41
334851734,SZ300301,ST长方,,$ST板块(BK0400)$ $*ST长方(SZ300301)$ $*ST大晟(SH600892)$ 估计这周仍会震荡向上，由于今年的特殊性，导致一批大V老手踏空行情，手握重金的大V正虎视眈眈，等待上车的机会。,0,修心谨言wy,1505804711,2025-05-13 00:21:20,0,1,0,22642,0,Android,https://xueqiu.com/1505804711/334851734,2026-07-08 16:17:41
334880124,SZ300301,ST长方,,$*ST长方(SZ300301)$ 像这种没涨过的，只加不减！,0,修心谨言wy,1505804711,2025-05-13 02:33:34,1,2,0,22399,0,Android,https://xueqiu.com/1505804711/334880124,2026-07-08 16:17:41
334991947,SZ300301,ST长方,,$*ST长方(SZ300301)$ 无非就是花时间等待，结果肯定是好的，所以买了就安心持有。,0,修心谨言wy,1505804711,2025-05-14 00:16:09,0,1,0,21850,0,Android,https://xueqiu.com/1505804711/334991947,2026-07-08 16:17:41
335254603,SZ300301,ST长方,*ST长方：公司将在收到深圳证监局出具的正式行政处罚决定后结合监管结论回复年报问询函,同花顺（300033）金融研究中心05月15日讯，有投资者向*ST长方（300301）提问， 公司此前分别向深交所提交了撤销退市风险警示和撤销其他风险警示。后公司在公告以及回复投资者过程中对摘星脱帽进展的描述是深交所一直在审核中。请问公司在深交所问询函没有回复或完整回复的情况下，且问询回复内容还需要证监会立案调查处罚结论印证的情况下提交申请是否符合相关规定（撤回申请的条件是否成就）？公司就两次申请是否考虑撤回，待条件成就时再行提交申请？ 公司回答表示，您好，感谢您的关注！公司向深圳证券交易所申请撤销退市风险警示及因公司内部控制被出具否定意见的审计报告而被实施的其他风险警示情形符合《深圳证券交易所创业板股票上市规则》的相关规定，具体内容详见公司于2023年4月29披露的《关于申请撤销退市风险警示并继续实施其他风险警示的公告》（公告编号：2023-055）及2024年4月27日披露的《关于申请撤销公司股票交易其他风险警示的公告》（公告编号：2024-042）。深圳证券交易所系在审核上述申请撤销风险警示过程中向公司下发的相关年报问询函，考虑到回复内容的真实、准确和完整，公司将在收到深圳证监局出具的正式行政处罚决定后结合监管结论回复年报问询函，在此过程中，上述申请无需撤回重新提交。 点击进入交易所官方互动平台查看更多,0,ST长方(SZ300301),0,2025-05-15 12:56:55,0,0,0,13926,0,新闻,https://xueqiu.com/S/SZ300301/335254603,2026-07-08 16:17:41
335256016,SZ300301,ST长方,*ST长方：公司向深圳证券交易所申请撤销退市风险警示及因公司内部控制被出具否定意见的审计报...,证券之星消息，*ST长方(300301)05月15日在投资者关系平台上答复投资者关心的问题。投资者：公司此前分别向深交所提交了撤销退市风险警示和撤销其他风险警示。后公司在公告以及回复投资者过程中对摘星脱帽进展的描述是深交所一直在审核中。请问公司在深交所问询函没有回复或完整回复的情况下，且问询回复内容还需要证监会立案调查处罚结论印证的情况下提交申请是否符合相关规定（撤回申请的条件是否成就）？公司就两次申请是否考虑撤回，待条件成就时再行提交申请？*ST长方董秘：您好，感谢您的关注！公司向深圳证券交易所申请撤销退市风险警示及因公司内部控制被出具否定意见的审计报告而被实施的其他风险警示情形符合《深圳证券交易所创业板股票上市规则》的相关规定，具体内容详见公司于2023年4月29披露的《关于申请撤销退市风险警示并继续实施其他风险警示的公告》（公告编号：2023-055）及2024年4月27日披露的《关于申请撤销公司股票交易其他风险警示的公告》（公告编号：2024-042）。深圳证券交易所系在审核上述申请撤销风险警示过程中向公司下发的相关年报问询函，考虑到回复内容的真实、准确和完整，公司将在收到深圳证监局出具的正式行政处罚决定后结合监管结论回复年报问询函，在此过程中，上述申请无需撤回重新提交。以上内容为证券之星据公开信息整理，由AI算法生成（网信算备310104345710301240019号），不构成投资建议。,0,证券之星财经,5187193467,2025-05-15 13:11:22,0,0,0,18761,0,雪球,https://xueqiu.com/5187193467/335256016,2026-07-08 16:17:41
335384707,SZ300301,ST长方,,*ST长方：关于重大诉讼的进展公告 网页链接,0,ST长方(SZ300301),0,2025-05-16 10:03:13,0,0,0,18931,0,公告,https://xueqiu.com/S/SZ300301/335384707,2026-07-08 16:17:41
335402345,SZ300301,ST长方,*ST长方重大诉讼终审维持原判 拟对被告申请强制执行,"近日，深圳市长方集团股份有限公司披露重大诉讼进展公告显示，广东省揭阳市中级人民法院对该公司与深圳市华旗源节能科技有限公司、普宁市华旗源节能科技有限公司、邓辉斌的服务合同纠纷案作出终审判决，维持一审判决。 根据公告披露，该案一审判决要求被告深圳华旗源、普宁华旗源在判决生效之日起10日内付还原告长方集团服务款项6,315.96万元及利息(利息以尚欠款项为基数，自2024年4月22日起按中国人民银行授权全国银行间同业拆借中心公布的一年期贷款市场报价利率计付)；驳回原告长方集团其他诉讼请求。 公司因不服上述一审判决，向广东省揭阳市中级人民法院提起上诉，要求撤销一审判决第二项，改判邓辉斌对深圳华旗源欠付长方集团的全部债务承担连带清偿责任；另要求一审案件受理费、保全费、二审案件受理费全部由深圳华旗源、普宁华旗源、邓辉斌承担。而这一上诉被广东省揭阳市中级人民法院驳回，维持原判。二审案件受理费357,598.10元，由长方集团负担(已预交)。该判决为终审判决。 *ST长方（300301）提醒，截至公告披露日，诉讼案件中6,315.96万元服务款项以前会计年度已全额计提坏账准备。公司拟对一审、二审已判定的深圳华旗源、普宁华旗源应向公司支付的6,315.96万元服务款项及利息向法院申请强制执行，因申请强制执行情况存在不确定性，暂无法判断对公司本期利润和期后利润的影响，公司将依据会计准则的要求和实际情况进行相应的会计处理。",0,ST长方(SZ300301),0,2025-05-16 12:23:45,1,0,0,19571,0,新闻,https://xueqiu.com/S/SZ300301/335402345,2026-07-08 16:17:41
335968672,SZ300301,ST长方,,$*ST长方(SZ300301)$ 没涨的，也就只剩你了,0,ST春哥008,3131534872,2025-05-22 01:36:14,1,1,0,28085,0,iPhone,https://xueqiu.com/3131534872/335968672,2026-07-08 16:17:41
336428427,SZ300301,ST长方,,*ST长方：关于公司完成工商变更登记并换发营业执照的公告 网页链接,0,ST长方(SZ300301),0,2025-05-26 09:16:04,0,1,0,18533,0,公告,https://xueqiu.com/S/SZ300301/336428427,2026-07-08 16:17:41
336445988,SZ300301,ST长方,,$*ST长方(SZ300301)$ 听证会召开一个礼拜了，是时候改埋伏了，1块多的半导体。,0,st冀凯,7070318668,2025-05-26 11:56:25,2,0,0,25255,0,iPhone,https://xueqiu.com/7070318668/336445988,2026-07-08 16:17:41
336451248,SZ300301,ST长方,*ST长方：由于公司股票交易退市风险警示仍未撤销，受银行内部风控限制，公司融资及融资成本仍受一定影...,同花顺（300033）金融研究中心05月26日讯，有投资者向*ST长方（300301）提问， 子公司康铭盛前些年效益可观，自被收购后业绩持续下降，分析发现除控制权影响外“康铭”产品过于保守且不能适应新时代消费需求，管理层墨守成规，建议公司聘请电子消费行业职业经理向米家智能、华为智家、移动爱家等学习并接入，以适应新消费需求。另外公司大股东王刚先生向公司提供大量资金支持公司发展，请问公司每年支付的借贷利息是多少？当前金融机构加大支持实体经济和《民营企业促进法》实施，公司有利用好融资政策吗？ 公司回答表示，您好，感谢您的关注与建议！公司2024年向王刚先生控制的企业借款所产生的利息详见公司《2024年年度报告》第六节“重要事项”之“关联债权债务往来”部分内容。公司始终与各大银行保持深度对接，及时掌握国家的金融政策动态。但由于公司股票交易退市风险警示仍未撤销，受银行内部风控限制，公司融资及融资成本仍受一定影响，公司将结合自身实际经营情况积极争取银行利率优惠及贷款支持。 点击进入交易所官方互动平台查看更多,0,ST长方(SZ300301),0,2025-05-26 12:57:51,0,0,0,18899,0,新闻,https://xueqiu.com/S/SZ300301/336451248,2026-07-08 16:17:41
336686274,SZ300301,ST长方,,$*ST长方(SZ300301)$ 滞涨的只有半导体的长方李，多好的题材,0,夏天有点热啊,9585864662,2025-05-28 05:58:38,1,1,0,21410,0,Android,https://xueqiu.com/9585864662/336686274,2026-07-08 16:17:41
337018857,SZ300301,ST长方,,*ST长方：关于公司股票交易被实施其他风险警示相关事项的进展公告 网页链接,0,ST长方(SZ300301),0,2025-05-30 09:03:12,0,0,0,20300,0,公告,https://xueqiu.com/S/SZ300301/337018857,2026-07-08 16:17:41
337041680,SZ300301,ST长方,*ST长方：截至目前，公司未收到王刚先生拟对公司进行举牌、谋求公司控制权等有关事项的消息,同花顺（300033）金融研究中心05月30日讯，有投资者向*ST长方（300301）提问， 董秘你好。公司是否已就二邓严重影响上市公司和全体股东的涉嫌滥用诉讼行为，提起反诉。一季报显示第三大股东王刚先生持续增持上市公司股份，公司是否有沟通引入王刚先生为大股东或实控人或战投，以改善目前无实控人的局面， 公司回答表示，您好，感谢您的关注！公司与邓子长、邓子权诉讼案件的相关情况请关注公司后续披露的相关公告。截至目前，公司未收到王刚先生拟对公司进行举牌、谋求公司控制权等有关事项的消息，公司将持续关注王刚先生的持股变动并严格按照相关规定及时履行信息披露义务。 点击进入交易所官方互动平台查看更多,0,ST长方(SZ300301),0,2025-05-30 12:59:21,0,0,0,19823,0,新闻,https://xueqiu.com/S/SZ300301/337041680,2026-07-08 16:17:40
337042733,SZ300301,ST长方,*ST长方：公司与邓子长、邓子权诉讼案件的相关情况请关注公司后续披露的相关公告,证券之星消息，*ST长方(300301)05月30日在投资者关系平台上答复投资者关心的问题。投资者：董秘你好。公司是否已就二邓严重影响上市公司和全体股东的涉嫌滥用诉讼行为，提起反诉。一季报显示第三大股东王刚先生持续增持上市公司股份，公司是否有沟通引入王刚先生为大股东或实控人或战投，以改善目前无实控人的局面，*ST长方董秘：您好，感谢您的关注！公司与邓子长、邓子权诉讼案件的相关情况请关注公司后续披露的相关公告。截至目前，公司未收到王刚先生拟对公司进行举牌、谋求公司控制权等有关事项的消息，公司将持续关注王刚先生的持股变动并严格按照相关规定及时履行信息披露义务。以上内容为证券之星据公开信息整理，由AI算法生成（网信算备310104345710301240019号），不构成投资建议。,0,证券之星财经,5187193467,2025-05-30 13:11:17,0,0,0,19241,0,雪球,https://xueqiu.com/5187193467/337042733,2026-07-08 16:17:40
337085972,SZ300301,ST长方,*ST长方：目前未收到王刚拟对公司进行举牌、谋求公司控制权等有关事项的消息,每经AI快讯，有投资者在投资者互动平台提问：董秘你好，公司是否已就二邓严重影响上市公司和全体股东的涉嫌滥用诉讼行为，提起反诉？一季报显示第三大股东王刚先生持续增持上市公司股份，公司是否有沟通引入王刚先生为大股东或实控人或战投，以改善目前无实控人的局面？ *ST长方（300301.SZ）5月30日在投资者互动平台表示，公司与邓子长、邓子权诉讼案件的相关情况请关注公司后续披露的相关公告。截至目前，公司未收到王刚先生拟对公司进行举牌、谋求公司控制权等有关事项的消息，公司将持续关注王刚先生的持股变动并严格按照相关规定及时履行信息披露义务。 （记者 张明双） 免责声明：本文内容与数据仅供参考，不构成投资建议，使用前核实。据此操作，风险自担。 每日经济新闻,0,每日经济新闻,4642157440,2025-05-31 07:20:13,0,0,0,20272,0,雪球,https://xueqiu.com/4642157440/337085972,2026-07-08 16:17:40
337234469,SZ300301,ST长方,,$*ST长方(SZ300301)$ 逢低加仓，摘帽股已清零了，长方是下一批摘帽股。,0,修心谨言wy,1505804711,2025-06-03 01:23:40,3,1,0,25362,0,Android,https://xueqiu.com/1505804711/337234469,2026-07-08 16:17:40
337432419,SZ300301,ST长方,,$*ST长方(SZ300301)$ 昨天加仓，今天终于上2元了。,0,修心谨言wy,1505804711,2025-06-04 05:38:51,0,1,0,22960,0,Android,https://xueqiu.com/1505804711/337432419,2026-07-08 16:17:40
337449960,SZ300301,ST长方,,$*ST长方(SZ300301)$ 这处罚书下的真慢啊,0,强烈谴责,1568367252,2025-06-04 07:11:32,0,0,0,19565,0,iPhone,https://xueqiu.com/1568367252/337449960,2026-07-08 16:17:40
337568853,SZ300301,ST长方,*ST长方：公司产品暂未接入小米及华为等智能生态系统，公司将稳步推进产品智能化进程，通过技术整合与...,同花顺（300033）金融研究中心06月05日讯，有投资者向*ST长方（300301）提问， 董秘你好，公司产品是否有学习并接入米家智能、华为智家、移动爱家的安排，以适应新消费需求。 公司回答表示，您好，感谢您的关注与建议！公司产品暂未接入小米及华为等智能生态系统，公司将稳步推进产品智能化进程，通过技术整合与功能适配，为消费者打造更便捷、更智能的产品体验。 点击进入交易所官方互动平台查看更多,0,ST长方(SZ300301),0,2025-06-05 03:56:22,0,0,0,20141,0,新闻,https://xueqiu.com/S/SZ300301/337568853,2026-07-08 16:17:40
337728245,SZ300301,ST长方,*ST长方：江西长方未申报相关项目,"证券之星消息，*ST长方(300301)06月05日在投资者关系平台上答复投资者关心的问题。投资者：董秘你好，江西启动产业集群企业规模化技术改造试点。公司的江西长方半导体科技有限公司智能光电产业园是否申报获批纳入试点，*ST长方董秘：您好，感谢您的关注！江西长方未申报相关项目。投资者：董秘你好.请问截止到5月30号股东人数？*ST长方董秘：截至2025年5月30日，公司股东户数为19,097户。投资者：董秘你好，在目前银行贷款普遍低于3的利率下，公司是否和银行有良好沟通积极争取银行利率优惠及贷款支持，或采用定向增发，或同王刚先生控制的企业借款协商借款利率，降低企业融资成本。*ST长方董秘：您好，感谢您的关注！公司始终与各大银行保持深度对接，及时掌握有关金融政策动态，但由于公司退市风险警示尚未撤销，受银行内部风控限制，公司融资及融资成本仍受一定影响，公司将结合自身实际情况积极争取银行利率优惠及贷款支持；公司向王刚先生控制的企业借款所涉及的借款利率系公司在综合考量市场融资成本、融资难度等因素的基础上结合公司自身实际情况与相关方充分协商后确定。公司将持续改善经营基本面，根据现金流情况，合理融资，并结合公司自身情况积极利用相关政策争取更为有利的融资条件。以上内容为证券之星据公开信息整理，由AI算法生成（网信算备310104345710301240019号），不构成投资建议。",0,证券之星财经,5187193467,2025-06-06 04:40:04,0,0,0,24241,0,雪球,https://xueqiu.com/5187193467/337728245,2026-07-08 16:17:40
337757924,SZ300301,ST长方,,$*ST长方(SZ300301)$ 你们搞重整吧，价格不便宜拿的心慌慌，只有底部的长方这种类型的，拿的才安心。3元我都觉得不贵。,0,ST春哥008,3131534872,2025-06-06 07:25:27,2,2,0,31133,0,iPhone,https://xueqiu.com/3131534872/337757924,2026-07-08 16:17:40
338641709,SZ300301,ST长方,,$*ST长方(SZ300301)$ 摘星预期，低价半导体股，回调是机会。,0,st冀凯,7070318668,2025-06-13 05:27:11,0,2,0,27805,0,iPhone,https://xueqiu.com/7070318668/338641709,2026-07-08 16:17:40
338705848,SZ300301,ST长方,*ST长方：公司拟在法定期限内向法院申请强制执行争取收回款项,"同花顺（300033）金融研究中心06月13日讯，有投资者向*ST长方（300301）提问， 董秘你好。请问深 圳 华 旗 源、普 宁 华 旗 源的六千多万赔偿款是否到位？如果没到位公司是否已申请强制执行？ 公司回答表示，您好，感谢您的关注！华旗源公司尚未根据生效的民事判决书向公司支付6,315.96万元服务款项及利息，公司拟在法定期限内向法院申请强制执行争取收回上述款项，上述款项的回收金额受华旗源公司实际偿付能力、司法执行效率等多重因素影响存在不确定性，敬请广大投资者注意投资风险。 点击进入交易所官方互动平台查看更多",0,ST长方(SZ300301),0,2025-06-13 12:53:47,0,0,0,14441,0,新闻,https://xueqiu.com/S/SZ300301/338705848,2026-07-08 16:17:40
338707226,SZ300301,ST长方,*ST长方：公司未承接广东城际足球赛LED大屏相关工程,同花顺（300033）金融研究中心06月13日讯，有投资者向*ST长方（300301）提问， 董秘你好，继苏超后广东城际足球赛下月开赛，公司有否积极联系承接LED大屏。球场灯光照明，热水器等工程提升公司知名度？ 公司回答表示，您好，感谢您的关注！公司未承接相关工程。 点击进入交易所官方互动平台查看更多,0,ST长方(SZ300301),0,2025-06-13 13:10:19,0,0,0,15522,0,新闻,https://xueqiu.com/S/SZ300301/338707226,2026-07-08 16:17:40
338707434,SZ300301,ST长方,"*ST长方：公司2024年归属于上市公司股东的净利润为-4,173.91万元，归属于上市公司股东的扣除非经常性损...","同花顺（300033）金融研究中心06月13日讯，有投资者向*ST长方（300301）提问， 请问贵公司2024年净利润为正还是负，扣除非经常损益后的净利润为正还是负？谢谢董秘！ 公司回答表示，您好，感谢您的关注！公司2024年归属于上市公司股东的净利润为-4,173.91万元，归属于上市公司股东的扣除非经常性损益的净利润为-5,587.97 万元。 点击进入交易所官方互动平台查看更多",0,ST长方(SZ300301),0,2025-06-13 13:12:17,0,0,0,15636,0,新闻,https://xueqiu.com/S/SZ300301/338707434,2026-07-08 16:17:40
338721156,SZ300301,ST长方,*ST长方：华旗源公司尚未根据生效的民事判决书向公司支付6315.96万元服务款项及利息,每经AI快讯，有投资者在投资者互动平台提问：董秘你好。请问深圳华旗源、普宁华旗源的6000千多万元赔偿款是否到位？如果没到位公司是否已申请强制执行？ *ST长方（300301.SZ）6月13日在投资者互动平台表示，华旗源公司尚未根据生效的民事判决书向公司支付6315.96万元服务款项及利息，公司拟在法定期限内向法院申请强制执行争取收回上述款项，上述款项的回收金额受华旗源公司实际偿付能力、司法执行效率等多重因素影响存在不确定性，敬请广大投资者注意投资风险。 （记者 张明双） 免责声明：本文内容与数据仅供参考，不构成投资建议，使用前核实。据此操作，风险自担。 每日经济新闻,0,每日经济新闻,4642157440,2025-06-13 16:00:13,0,0,0,22140,0,雪球,https://xueqiu.com/4642157440/338721156,2026-07-08 16:17:40
338953769,SZ300301,ST长方,*ST长方：公司正全力改善经营状况，积极采取措施应对亏损问题,同花顺（300033）金融研究中心06月16日讯，有投资者向*ST长方（300301）提问， 请问贵公司是否具备摘帽的所有条件？特别是2024年净利润为-6.28亿元，扣非净利润连续三年亏损，这一项对摘帽有什么影响？谢谢董秘！ 公司回答表示，您好，感谢您的关注！公司已向深圳证券交易所申请撤销退市风险警示及因公司内部控制被出具否定意见的审计报告而被实施的其他风险警示情形，具体内容详见公司于2023年4月29披露的《关于申请撤销退市风险警示并继续实施其他风险警示的公告》（公告编号：2023-055）及2024年4月27日披露的《关于申请撤销公司股票交易其他风险警示的公告》（公告编号：2024-042）。上述风险警示的撤销尚需经深圳证券交易所审核，能否获得深圳证券交易所批准尚存在不确定性，敬请广大投资者注意投资风险。另外，公司于2025年1月10日收到深圳证监局出具的《行政处罚事先告知书》〔2025〕1 号。根据该告知书认定情况及《深圳证券交易所创业板股票上市规则》相关规定，公司股票交易自2025年1月13日起被叠加实施其他风险警示。 公司已对《行政处罚事先告知书》所涉事项相应年度财务会计报告进行了追溯更正，公司将在满足《深圳证券交易所创业板股票上市规则》第9.11条相关撤销其他风险警示条件包括但不限于自中国证监会作出行政处罚决定书之日起已满十二个月及时向深圳证券交易所申请撤销其他风险警示。根据《深圳证券交易所创业板股票上市规则》相关规定，上市公司出现“最近三个会计年度扣除非经常性损益前后净利润孰低者均为负值，且最近一个会计年度审计报告显示公司持续经营能力存在不确定性”情形，上市公司股票交易将被实施其他风险警示；上市公司出现“最近一个会计年度经审计的利润总额、净利润、扣除非经常性损益后的净利润三者孰低为负值，且扣除后的营业收入低于1亿元”情形，上市公司股票交易将被实施退市风险警示。中兴财光华会计师事务所（特殊普通合伙）对公司2024年度财务报告出具了标准无保留意见的审计报告，公司2024年净利润为-0.4亿元，扣除后的营业收入为4.82亿元。故公司连续三年扣非后净利润为负值未触及“其他风险警示”及“退市风险警示”情形。公司正全力改善经营状况，积极采取措施应对亏损问题，相关经营业绩情况请关注公司后续披露的定期报告。 点击进入交易所官方互动平台查看更多,0,ST长方(SZ300301),0,2025-06-16 12:53:57,0,0,0,14722,0,新闻,https://xueqiu.com/S/SZ300301/338953769,2026-07-08 16:17:40
338955398,SZ300301,ST长方,*ST长方：公司正全力改善经营状况，积极采取措施应对亏损问题,证券之星消息，*ST长方(300301)06月16日在投资者关系平台上答复投资者关心的问题。投资者：请问贵公司是否具备摘帽的所有条件？特别是2024年净利润为-6.28亿元，扣非净利润连续三年亏损，这一项对摘帽有什么影响？谢谢董秘！*ST长方董秘：您好，感谢您的关注！公司已向深圳证券交易所申请撤销退市风险警示及因公司内部控制被出具否定意见的审计报告而被实施的其他风险警示情形，具体内容详见公司于2023年4月29披露的《关于申请撤销退市风险警示并继续实施其他风险警示的公告》（公告编号：2023-055）及2024年4月27日披露的《关于申请撤销公司股票交易其他风险警示的公告》（公告编号：2024-042）。上述风险警示的撤销尚需经深圳证券交易所审核，能否获得深圳证券交易所批准尚存在不确定性，敬请广大投资者注意投资风险。另外，公司于2025年1月10日收到深圳证监局出具的《行政处罚事先告知书》〔2025〕1 号。根据该告知书认定情况及《深圳证券交易所创业板股票上市规则》相关规定，公司股票交易自2025年1月13日起被叠加实施其他风险警示。 公司已对《行政处罚事先告知书》所涉事项相应年度财务会计报告进行了追溯更正，公司将在满足《深圳证券交易所创业板股票上市规则》第9.11条相关撤销其他风险警示条件包括但不限于自中国证监会作出行政处罚决定书之日起已满十二个月及时向深圳证券交易所申请撤销其他风险警示。根据《深圳证券交易所创业板股票上市规则》相关规定，上市公司出现“最近三个会计年度扣除非经常性损益前后净利润孰低者均为负值，且最近一个会计年度审计报告显示公司持续经营能力存在不确定性”情形，上市公司股票交易将被实施其他风险警示；上市公司出现“最近一个会计年度经审计的利润总额、净利润、扣除非经常性损益后的净利润三者孰低为负值，且扣除后的营业收入低于1亿元”情形，上市公司股票交易将被实施退市风险警示。中兴财光华会计师事务所（特殊普通合伙）对公司2024年度财务报告出具了标准无保留意见的审计报告，公司2024年净利润为-0.4亿元，扣除后的营业收入为4.82亿元。故公司连续三年扣非后净利润为负值未触及“其他风险警示”及“退市风险警示”情形。公司正全力改善经营状况，积极采取措施应对亏损问题，相关经营业绩情况请关注公司后续披露的定期报告。以上内容为证券之星据公开信息整理，由AI算法生成（网信算备310104345710301240019号），不构成投资建议。,0,证券之星财经,5187193467,2025-06-16 13:11:14,0,0,0,15502,0,雪球,https://xueqiu.com/5187193467/338955398,2026-07-08 16:17:40
339713203,SZ300301,ST长方,,$*ST长方(SZ300301)$ 今天真猛，资金终于发现了这只摘帽股了。,0,st冀凯,7070318668,2025-06-23 03:08:39,0,0,0,24347,0,iPhone,https://xueqiu.com/7070318668/339713203,2026-07-08 16:17:40
339713380,SZ300301,ST长方,,$*ST长方(SZ300301)$ 终于涨了，守了很久了,0,修心谨言wy,1505804711,2025-06-23 03:09:36,0,1,0,14816,0,Android,https://xueqiu.com/1505804711/339713380,2026-07-08 16:17:40
339714220,SZ300301,ST长方,,$*ST长方(SZ300301)$ 低市值，低股价，马上处罚决定书出来就可以摘星、摘帽。,0,修心谨言wy,1505804711,2025-06-23 03:13:35,0,1,0,17577,0,Android,https://xueqiu.com/1505804711/339714220,2026-07-08 16:17:40
339714866,SZ300301,ST长方,,$*ST长方(SZ300301)$ 走了，谢谢长方,0,强烈谴责,1568367252,2025-06-23 03:16:54,0,0,0,13843,0,iPhone,https://xueqiu.com/1568367252/339714866,2026-07-08 16:17:40
339767800,SZ300301,ST长方,,$*ST长方(SZ300301)$ 这货今天涨这么多，什么原因呀？,0,山之南樵,5255661033,2025-06-23 09:12:52,0,0,0,14541,0,雪球,https://xueqiu.com/5255661033/339767800,2026-07-08 16:17:37
339910804,SZ300301,ST长方,*ST长方主力资金持续净流入，3日共净流入1735.16万元,*ST长方（300301）06月24日DDE大单资金(主力资金)净流入533.41万元，两市排名1372/5153。近3日*ST长方主力资金持续流入，3日共净流入1735.16万元。 【投顾分析】 该股今日DDE大单净额为正，且最近3日均量亦为正，表明近期主力资金买入居多，主力资金短期处于流入趋势；投顾建议：投资者对该股短期走势可持乐观态度。 免责声明：相关内容根据互联网大数据分析所得，不代表公司立场，不构成投资建议，请注意投资风险。,0,ST长方(SZ300301),0,2025-06-24 08:17:34,0,0,0,12318,0,新闻,https://xueqiu.com/S/SZ300301/339910804,2026-07-08 16:17:37
339936473,SZ300301,ST长方,,$*ST长方(SZ300301)$ 没有老师带货的角落，下一关键压力位2.5-2.6左右，突破过去就海阔天空了。,0,聚焦质变,8491286481,2025-06-24 12:00:37,3,0,2,16832,0,Android,https://xueqiu.com/8491286481/339936473,2026-07-08 16:17:37
340182808,SZ300301,ST长方,,$*ST长方(SZ300301)$ 高潮来了，明天公告吗？,0,三哥得财,6312684185,2025-06-26 03:20:03,0,0,0,12997,0,Android,https://xueqiu.com/6312684185/340182808,2026-07-08 16:17:37
340184260,SZ300301,ST长方,,$*ST长方(SZ300301)$ 2.5了，离低保目标价格3元还有20%空间,0,ST春哥008,3131534872,2025-06-26 03:26:01,0,1,0,20314,1,iPhone,https://xueqiu.com/3131534872/340184260,2026-07-08 16:17:37
340219074,SZ300301,ST长方,,$*ST长方(SZ300301)$ 逢高减了点仓位,0,修心谨言wy,1505804711,2025-06-26 06:38:11,0,0,0,14900,0,Android,https://xueqiu.com/1505804711/340219074,2026-07-08 16:17:37
340254405,SZ300301,ST长方,,$*ST长方(SZ300301)$ 已经放量突破，这个位置需要洗盘整固，然后收到决定书，啪，回复问询函摘星，啪。,0,聚焦质变,8491286481,2025-06-26 10:24:01,2,0,1,15362,0,Android,https://xueqiu.com/8491286481/340254405,2026-07-08 16:17:37
340421366,SZ300301,ST长方,6月27日*ST长方发生1笔大宗交易 成交金额77.97万元,证券之星消息，6月27日*ST长方发生大宗交易，交易数据如下：大宗交易成交价格2.58元，成交30.22万股，成交金额77.97万元，买方营业部为华泰证券股份有限公司长沙芙蓉中路证券营业部，卖方营业部为华泰证券股份有限公司长沙芙蓉中路证券营业部。近三个月该股共发生1笔大宗交易，合计成交3022.0手。该股近期无解禁股上市。截至2025年6月27日收盘，*ST长方(300301)报收于2.58元，下跌1.9%，换手率3.65%，成交量28.85万手，成交额7503.81万元。该股最近90天内无机构评级。以上内容为证券之星据公开信息整理，由AI算法生成（网信算备310104345710301240019号），不构成投资建议。,0,证券之星财经,5187193467,2025-06-27 09:10:21,0,0,0,10699,0,雪球,https://xueqiu.com/5187193467/340421366,2026-07-08 16:17:37
340432101,SZ300301,ST长方,,*ST长方：关于公司股票交易被实施其他风险警示相关事项的进展公告 网页链接,0,ST长方(SZ300301),0,2025-06-27 10:34:24,0,0,0,11720,0,公告,https://xueqiu.com/S/SZ300301/340432101,2026-07-08 16:17:37
340432102,SZ300301,ST长方,,*ST长方：关于收到深圳证监局《行政处罚决定书》及深圳证券交易所纪律处分的公告 网页链接,0,ST长方(SZ300301),0,2025-06-27 10:34:24,0,0,0,12212,0,公告,https://xueqiu.com/S/SZ300301/340432102,2026-07-08 16:17:37
340432103,SZ300301,ST长方,,*ST长方：关于控股子公司涉及重大诉讼的公告 网页链接,0,ST长方(SZ300301),0,2025-06-27 10:34:24,0,0,0,12474,0,公告,https://xueqiu.com/S/SZ300301/340432103,2026-07-08 16:17:37
340434421,SZ300301,ST长方,,$*ST长方(SZ300301)$ 周末加加班把问询函回复了吧//@劉梓暉: $*ST长方(SZ300301)$ 已经放量突破，这个位置需要洗盘整固，然后收到决定书，啪，回复问询函摘星，啪。,0,聚焦质变,8491286481,2025-06-27 10:57:24,1,0,0,15308,0,Android,https://xueqiu.com/8491286481/340434421,2026-07-08 16:17:37
340439640,SZ300301,ST长方,*ST长方及多名高管因财务造假被处分,本报讯(记者王镜茹)6月27日公告显示，深圳证券交易所对深圳市长方集团股份有限公司(以下简称“*ST长方（300301）”)及相关当事人给予公开认定等纪律处分的决定。此次处分源于*ST长方及其子公司康铭盛(深圳)科技有限公司(以下简称“康铭盛”)在财务报告中存在虚假记载，严重违反了《创业板股票上市规则(2020年12月修订)》。 根据深圳证券交易所的处罚文件，*ST长方在2020年和2021年的年度报告中存在重大财务造假行为。具体包括康铭盛少记销售返利费用，虚增利润，以及虚增应收账款，分别导致*ST长方的利润虚增797.78万元和548.73万元，占公司利润总额的54.90%和2.02%。 该事件涉及的违规人员包括*ST长方时任副董事长李迪初、康铭盛时任总经理聂卫、时任财务总监彭立新等人。深圳证券交易所对李迪初给予公开认定五年不适合担任上市公司董事、监事、高级管理人员的处分，并对其他相关责任人如聂卫、彭立新、肖业芳等人给予公开谴责的处分。 此次处分决定的公布，进一步强调了资本市场对企业信息披露的严格要求，体现了监管部门对于上市公司财务透明度和管理责任的高度重视。 *ST长方的经营状况亦引发市场关注。2025年第一季度，公司营业收入1.18亿元，同比下滑13.94%；归属于上市公司股东的净利润为亏损2395.59万元。财务造假事件将对公司声誉和市场信任度造成一定影响，或公司对未来经营持续产生压力。 业内分析认为，*ST长方需加强内部治理和信息披露，恢复投资者信心，才能在竞争激烈的市场环境中稳步发展。同时，监管部门对上市公司信息披露的严格要求，也为企业敲响了警钟，强调了合规经营和透明管理的重要性。,0,ST长方(SZ300301),0,2025-06-27 11:45:16,0,0,0,14389,0,新闻,https://xueqiu.com/S/SZ300301/340439640,2026-07-08 16:17:37
340443019,SZ300301,ST长方,*ST长方及多名高管因财务造假被处分,本报讯 （记者王镜茹）6月27日公告显示，深圳证券交易所对深圳市长方集团股份有限公司（以下简称“*ST长方”）及相关当事人给予公开认定等纪律处分的决定。此次处分源于*ST长方及其子公司康铭盛（深圳）科技有限公司（以下简称“康铭盛”）在财务报告中存在虚假记载，严重违反了《创业板股票上市规则（2020年12月修订）》。根据深圳证券交易所的处罚文件，*ST长方在2020年和2021年的年度报告中存在重大财务造假行为。具体包括康铭盛少记销售返利费用，虚增利润，以及虚增应收账款，分别导致*ST长方的利润虚增797.78万元和548.73万元，占公司利润总额的54.90%和2.02%。该事件涉及的违规人员包括*ST长方时任副董事长李迪初、康铭盛时任总经理聂卫、时任财务总监彭立新等人。深圳证券交易所对李迪初给予公开认定五年不适合担任上市公司董事、监事、高级管理人员的处分，并对其他相关责任人如聂卫、彭立新、肖业芳等人给予公开谴责的处分。此次处分决定的公布，进一步强调了资本市场对企业信息披露的严格要求，体现了监管部门对于上市公司财务透明度和管理责任的高度重视。*ST长方的经营状况亦引发市场关注。2025年第一季度，公司营业收入1.18亿元，同比下滑13.94%；归属于上市公司股东的净利润为亏损2395.59万元。财务造假事件将对公司声誉和市场信任度造成一定影响，或公司对未来经营持续产生压力。业内分析认为，*ST长方需加强内部治理和信息披露，恢复投资者信心，才能在竞争激烈的市场环境中稳步发展。同时，监管部门对上市公司信息披露的严格要求，也为企业敲响了警钟，强调了合规经营和透明管理的重要性。（编辑 张钰鹏）,0,证券日报,8353550788,2025-06-27 12:20:20,0,0,0,14956,0,雪球,https://xueqiu.com/8353550788/340443019,2026-07-08 16:17:37
340445976,SZ300301,ST长方,*ST长方：公司暂未有增发并购晶能或车仆预案,同花顺（300033）金融研究中心06月27日讯，有投资者向*ST长方（300301）提问， 董秘你好。请问公司要是顺利摘星的话，是否满足发行股票收购资产的相关规定？管理层有否增发并购晶能车仆，做大做强长方集团的预案？ 公司回答表示，您好，感谢您的关注！发行股票条件请参考《上市公司证券发行注册管理办法》有关规定，公司暂未有增发并购晶能或车仆预案。公司将结合自身实际情况积极寻找并评估其他市场机会，如有并购重组事项，将严格按照相关法律法规及时履行信息披露义务。 点击进入交易所官方互动平台查看更多,0,ST长方(SZ300301),0,2025-06-27 12:55:33,1,0,1,18959,0,新闻,https://xueqiu.com/S/SZ300301/340445976,2026-07-08 16:17:37
340535121,SZ300301,ST长方,*ST长方收到行政处罚决定书，不涉及强制退市情形,"$*ST长方(SZ300301)$ $合力泰(SZ002217)$ $*ST恒久(SZ002808)$【特别提醒】：本文仅代表个人观点，作为个人研究立此存照，与志同道合者共勉，不代表买卖建议，股市有风险，入市需谨慎。2025年6月28日，*ST长方（SZ300301）发布《关于收到深圳证监局&lt;行政处罚决定书&gt;及深圳证券交易所纪律处分的公告》，主要内容如下：长方集团存在以下违法事实:2015 年 4 月，长方集团以支付现金和发行股份等方式购买李迪初等人持有的康铭盛 60%股权。康铭盛作为长方集团子公司，纳入长方集团合并报表范围。2017 年 12 月 8 日，长方集团与李迪初、聂卫、彭立新、肖业芳等 29 名自然人股东签订《股份转让协议》，以现金方式购买康铭盛 35.7454%股权,李迪初、聂卫、彭立新、肖业芳 等人承诺 2018 年、2019 年、2020 年度康铭盛净利润不低于 1.25 亿元、1.40 亿元、1.55 亿元。康铭盛通过销售返利不入账等方式，虚增利润和应收账款，具体如下:（一）2020年，康铭盛少记销售返利产生的费用 797.78万元，虚增利润 797.78万元，占长方集团当期利润总额绝对值的54.90%。截至2020年 12月 31日，康铭盛虚增应收账款1.48亿元，占长方集团当期披露总资产的 5.40%。（二）2021 年，康铭盛少记销售返利产生的销售费用548.73万元，虚增利润 548.73万元，占长方集团当期利润总额绝对值的2.02%。截至2021年12月31日， 康铭盛虚增应收账款1.58亿元，占长方集团当期披露总资产的 9.31%。康铭盛上述行为导致长方集团披露的 2020 年、2021 年年度报告存在虚假记载。不涉及强制退市，12个月后可撤销相应的ST1、根据《行政处罚决定书》认定的情况，公司涉及的违法违规行为未触及《深圳证券交易所创业板股票上市规则》第 10.5.1 条、第 10.5.2 条、第 10.5.3 条规定 的退市风险警示情形。2、根据《深圳证券交易所创业板股票上市规则》9.11 条规定，公司同时符合下 列条件的，可以向深圳证券交易所申请对股票交易撤销其他风险警示：（一）公司已就行政处罚决定所涉事项对相应年度财务会计报告进行追溯重述；（二）自中国证监会作出行政处罚决定书之日起已满十二个月。公司已对《行政处罚决定书》所涉事项相应年度财务会计报告进行了追溯更正，12个月后可撤销相应的ST。",0,泰勒斯资本观察,4240674076,2025-06-29 02:16:54,1,4,0,57402,1,雪球,https://xueqiu.com/4240674076/340535121,2026-07-08 16:17:37
340599260,SZ300301,ST长方,,$*ST长方(SZ300301)$ 主升行情，不要轻易被甩下车,0,聚焦质变,8491286481,2025-06-30 01:43:37,0,0,0,16321,0,Android,https://xueqiu.com/8491286481/340599260,2026-07-08 16:17:37
340605324,SZ300301,ST长方,,$*ST长方(SZ300301)$$*ST赛隆(SZ002898)$$*ST东晶(SZ002199)$早盘加仓长方，加仓之后仓位还是比较少，赛龙灯晶没有变化。其他假sT的也没有动。,0,小要饭,1487651572,2025-06-30 02:05:06,0,0,0,16634,0,Android,https://xueqiu.com/1487651572/340605324,2026-07-08 16:17:37
340642014,SZ300301,ST长方,,$*ST长方(SZ300301)$ 长方不到3元不放手，这是一个从2元不到拿到现在的老ST手的态度。另外发现$ST新动力(SZ300152)$ 这只股也是比较便宜，今天买了些。很多人认为它内讧，外加财报可能被立案。但我觉得被立案的概率实在太小，而且它内讧又怎么了，影响公司正常运行吗？影响公司主营收入吗？啥都没影响，还多一个股权变数可能性。,0,ST春哥008,3131534872,2025-06-30 05:26:49,4,8,0,136556,1,iPhone,https://xueqiu.com/3131534872/340642014,2026-07-08 16:17:35
340672555,SZ300301,ST长方,中国证券监督管理委员会深圳监管局行政处罚决定书〔2025〕6号,"登录新浪财经APP 搜索【信披】查看更多考评等级 （来源：深圳证监局） 来源：深圳证监局 当事人：深圳市长方集团股份有限公司（以下简称长方集团或公司），住所：广东省深圳市坪山区大工业区聚龙山3号路。 李迪初，男，1967年8月出生，时任长方集团康铭盛（深圳）科技有限公司（以下简称康铭盛）执行董事，住址：广东省深圳市龙华新区。 聂卫，男，1975年2月出生，时任康铭盛总经理，住址：广东省深圳市龙华区。 彭立新，女，1970年10月出生，时任康铭盛财务总监，住址：广东省深圳市龙岗区。 肖业芳，女，1982年9月出生，时任康铭盛国内事业部总监，住址：广东省深圳市龙华区。 王敏，男，1967年8月出生，时任长方集团董事长，住址：江西省南昌市高新技术开发区。 刘志刚，男，1973年6月出生，时任长方集团总经理，住址：广东省惠州市惠城区。 江玮，男，1972年2月出生，时任长方集团董事会秘书、副总经理、财务负责人，住址：上海市杨浦区。 梁涤成，男，1975年9月出生，时任长方集团董事，住址：广东省深圳市福田区。 饶奋明，男，1968年8月出生，时任长方集团副总经理，住址：江苏省南京市浦口区。 依据《中华人民共和国证券法》（2019年修订，以下简称《证券法》）的有关规定，我局对长方集团信息披露违法行为进行了立案调查，并依法向当事人告知了作出行政处罚的事实、理由、依据及当事人依法享有的权利。应长方集团、李迪初、彭立新、肖业芳、王敏、刘志刚、江玮、梁涤成、饶奋明的要求，我局于2025年5月13日举行听证会，听取了当事人及其代理人的陈述和申辩。聂卫在指定期限内未提出陈述、申辩意见，也未要求听证。本案现已办理终结。 经查明，长方集团存在以下违法事实： 2015年4月，长方集团以支付现金和发行股份等方式购买李迪初等人持有的康铭盛60%股权。康铭盛作为长方集团子公司，纳入长方集团合并报表范围。2017年12月8日，长方集团与李迪初、聂卫、彭立新、肖业芳等29名自然人股东签订《股份转让协议》，以现金方式购买康铭盛35.7454%股权，李迪初、聂卫、彭立新、肖业芳等人承诺2018年、2019年、2020年度康铭盛净利润不低于1.25亿元、1.40亿元、1.55亿元。 康铭盛通过销售返利不入账等方式，虚增利润和应收账款，具体如下： 一、2020年，康铭盛少记销售返利产生的费用7,977,793.64元，虚增利润7,977,793.64元，占长方集团当期利润总额绝对值的54.90%。截至2020年12月31日，康铭盛虚增应收账款147,969,495.91元，占长方集团当期披露总资产的5.40%。 二、2021年，康铭盛少记销售返利产生的销售费用5,487,345.17元，虚增利润5,487,345.17元，占长方集团当期利润总额绝对值的2.02%。截至2021年12月31日，康铭盛虚增应收账款158,171,811.42元，占长方集团当期披露总资产的9.31%。 康铭盛上述行为导致长方集团披露的2020年、2021年年度报告存在虚假记载。 上述违法事实，有相关公告、对账单、相关合同、相关说明、询问笔录、财务资料、审计资料等证据证明,足以认定。 长方集团上述行为违反了《证券法》第七十八条第二款的规定，已构成《证券法》第一百九十七条第二款所述违法行为。 李迪初2018年7月至2020年5月任长方集团副董事长，时任康铭盛执行董事，负责康铭盛全面经营管理，直接分管财务部、国内事业部等财务造假实施部门，负责销售返利事项，应当对相关财务造假行为负责；彭立新时任康铭盛财务总监，知悉部分销售返利未入账、年审询证函载明金额与实际金额不符，亦应当对相关财务造假行为负责。聂卫、肖业芳分别时任康铭盛总经理、国内事业部总监，参与实施了财务造假行为。四人虽未担任上市公司董事、监事、高级管理人员职务，但其行为与上市公司信息披露违法行为具有直接因果关系。李迪初系直接负责的主管人员，彭立新、聂卫、肖业芳系其他直接责任人员。 根据《证券法》第八十二条第三款的规定，董事、监事、高级管理人员应当保证所披露的信息真实、准确、完整。王敏时任长方集团董事长，自长方集团对康铭盛失去管控后，未能有效解决相关管控问题，签字保证长方集团2020年、2021年年度报告真实、准确、完整，未勤勉尽责，系对公司上述信息披露违法行为直接负责的主管人员。刘志刚时任长方集团总经理，江玮时任长方集团副总经理、财务总监、董事会秘书，二人未能有效协同解决康铭盛相关管控问题，签字保证长方集团2020年、2021年年度报告真实、准确、完整，均未勤勉尽责，系对公司上述信息披露违法行为的其他直接责任人员。梁涤成时任长方集团董事，保证长方集团2020年、2021年年度报告真实、准确、完整；饶奋明时任长方集团副总经理，保证长方集团2020年年度报告真实、准确、完整，二人知悉康铭盛长期存在管控问题，未勤勉尽责，系其他直接责任人员。 长方集团在陈述申辩和听证中提出：其一，长方集团对康铭盛失去管控系历史遗留问题，因公司经营环境受制约、李迪初等人对抗等，试图加强管控的措施均无法落地执行，直至2022年8月强行接管。康铭盛违法行为未经长方集团审议，上市公司与其不存在共谋，康铭盛原管理层应负主要责任。其二，年审期间与审计机构多次沟通相关风险事项、主动核查相关事项、要求李迪初等人对应收账款真实性作承诺、推动康铭盛配合审计等，已尽力保证年度报告真实、准确，信息披露违法系为公司最大利益作出的合理决策。其三，多次主动举报违规线索，积极配合检查、调查，及时成立调查委员会、主动进行会计差错更正等，有重大立功表现。第四，案涉信息披露违法行为对资本市场秩序影响、对投资者损害均较小，处罚将对公司及投资者造成较大负面影响。第五，处罚较类案过重。 除与公司相同的申辩意见外，其余责任人员提出申辩意见如下： 李迪初、肖业芳共同提出：其一，本案应按照“从旧兼从轻”原则，适用2014年修订的《证券法》。其二，本案违法行为终了距立案时间超过2年，时效已过。其三，认定事实不清，在案证据证明力不足，涉及金额认定不明，与公司差错更正数额不一致，且销售返利的实施具有不确定性，因长方集团持否定态度、缺乏收据等，无法入账。其四，李迪初等人涉嫌犯罪，刑事案件相关事实与本案事实重合，基于“刑事优先”原则，应以刑事判决认定事实为准。肖业芳还提出，其不知悉记账不规范等事实，不具有主观故意，处罚过重，有违行政处罚比例原则。二人请求从轻处罚。 彭立新提出：其一，未在长方集团任职，不应对长方集团违法行为承担主要责任。其二，康铭盛财务部系依据真实凭证进行财务处理，相关工作经长方集团财务部门及审计机构把关，其未参与财务造假行为。其三，在2021年年报审计期间提交销售返利相关材料，存在主动纠错行为，情节轻微。其四，身患重疾，已被刑事羁押，无收入来源，无力承担高额罚款。请求从轻处罚。 王敏、刘志刚、江玮共同提出：其一，已勤勉尽责，多次推动加强对康铭盛控制、缓解公司资金压力，实现对康铭盛强制接管；2020年年报审计期间，关注到应收账款占比较高问题，主动查阅审计机构相关报告，核实审计结论，合理信赖审计机构标准意见；2021年年报审计期间，督促康铭盛配合审计、积极核实无法表示意见相关事项、组织在年报中提示有关风险等。其二，未组织参与、不知悉相关财务造假行为，未从违法行为中获利，没有违法动机。其三，处罚较其他责任人员过重，过罚失当。三人请求不予处罚。 梁涤成提出：其多次对董事会议案发表意见或投反对票，曾就加强子公司管控、成立调查委员会等事项提出建议，因未任专门委员会成员而履职受限，其已就案涉事项协调各方，也未领薪，已尽注意义务、勤勉尽责，请求不予处罚。 饶奋明提出：其一，任副总经理期限较短，未分管财务及康铭盛业务，未参加相关讨论会议,不知悉康铭盛长期存在管控问题，对分管的人力等工作已勤勉尽责；虽分管信息部工作，但康铭盛内控信息系统均由康铭盛独立自行管理；虽曾任长方集团内审部负责人，但任职期间长方集团未安排对康铭盛审计。其二，任职期间未有明显迹象显示长方集团对康铭盛失去控制，有合理理由相信长方集团能够持续控制康铭盛。其三，在职责范围内、审阅相关年报时已勤勉尽责，合理信赖审计机构意见，曾就应收账款等问题与审计委员会、独立董事沟通讨论，因职权有限无法穿透核查财务事项。其四，处罚与类案不一致，同案处理也不一致，未对独立董事、监事等处罚。请求不予处罚。 经复核，我局认为： 第一，真实、准确、完整地披露信息是上市公司的法定义务。康铭盛作为长方集团子公司，纳入长方集团合并报表范围后，其经营和财务状况即成为长方集团的一部分。长方集团未能有效控制康铭盛并掌握其真实财务数据，信息披露存在虚假记载，公司及相关责任人员依法应当承担责任。 第二，我局综合考虑各当事人在违法行为中所起作用、职务职责、履职情况、专业背景等，结合配合调查等情况，综合确定责任人员范围及相应责任大小。 第三，案涉信息披露违法行为处于持续状态，发生、终了于现行《证券法》实施以后，适用现行《证券法》予以处罚并无不当。此外，案涉信息披露违法行为终了日距我局发现违法行为不足两年，本案未过处罚时效。 第四，各相关当事人所提个案均与本案存在差异，无法简单类比。 第五，关于长方集团。其一，我局在量罚时已综合考虑公司试图加强管控、组织成立调查委员会及主动进行差错更正等相关情况。其二，2020年康铭盛虚增利润金额达长方集团当期利润总额绝对值的50%以上，对投资者影响重大。 第六，关于李迪初、肖业芳。其一，在案对账单、相关合同、相关说明、询问笔录、财务资料、审计资料、微信聊天记录等证据共同证明，康铭盛通过销售返利不入账等方式，虚增利润、虚增应收账款，相关证据真实有效，当事人所提主张不足以推翻我局认定的违法事实。其二，李迪初等人涉刑案件不影响本案对违法行为的处罚。 第七，关于彭立新。其一，在案多人询问笔录显示，彭立新作为康铭盛财务总监，知悉部分销售返利未入账、年审询证金额与实际金额不符，应对相关财务造假行为负责。其二，彭立新在2021年年报审计期间提交的销售返利相关材料系虚假材料，不存在主动纠错等从轻情节。第三，身体疾病、经济困难等不是法定免责事由。 第八，关于王敏、刘志刚、江玮。其一，在案相关询问笔录、说明等显示，三人知悉公司对康铭盛失去管控，无法掌握康铭盛真实财务数据，但未能有效推动解决相关问题，仍签字保证案涉年报真实、准确、完整，未勤勉尽责，依法应对公司信息披露违法行为承担责任。其二，我局量罚时已综合考虑相关客观情况，以及三人推动对康铭盛管控、组织成立调查委员会及进行会计差错更正等情节。不知悉、未参与财务造假行为，未从中获利，以及信赖审计机构标准意见等不是免责事由。 第九，关于梁涤成。在案相关询问笔录、说明等显示，梁涤成知悉长方集团无法管控康铭盛，其所提证据不足以证明已对应收账款异常等予以充分关注并勤勉尽责。我局在量罚时已综合考虑其任职情况、其他履职行为等情节。 第十，关于饶奋明。其一，在案相关询问笔录、说明等显示，饶奋明知悉长方集团无法管控康铭盛，其所提证据不足以证明已对应收账款异常等予以充分关注并勤勉尽责。我局在量罚时已综合考虑其任职情况、其他履职行为等情节。其二，信赖审计机构意见、无法穿透核查等不是免责事由。 本案系子公司康铭盛虚增利润和应收账款，导致母公司长方集团利润总额和应收账款披露不实，综合考虑长方集团年度报告虚假记载的时间、金额及相关人员主动向监管部门等报告、成立调查委员会核实案涉风险事项、主动进行会计差错更正、配合监管调查等情节，我局依法确定量罚幅度。 根据当事人违法行为的事实、性质、情节与社会危害程度，依据《证券法》第一百九十七条第二款的规定，我局决定： 一、对深圳市长方集团股份有限公司给予警告，并处以400万元罚款； 二、对李迪初给予警告，并处以500万元罚款； 三、对聂卫、彭立新给予警告，并分别处以300万元罚款； 四、对王敏、肖业芳给予警告，并分别处以250万元罚款； 五、对刘志刚、江玮给予警告，并分别处以150万元罚款； 六、对梁涤成、饶奋明给予警告，并分别处以100万元罚款。 鉴于当事人李迪初违法行为情节严重，依据《证券法》第二百二十一条和《证券市场禁入规定》（证监会令第185号）第三条第一项、第七条第一款的规定，我局还决定：对李迪初采取5年证券市场禁入措施。自我局宣布决定之日起，在禁入期间内，除不得继续在原机构从事证券业务、证券服务业务或者担任原证券发行人的董事、监事、高级管理人员职务外，也不得在其他任何机构中从事证券业务、证券服务业务或者担任其他证券发行人的董事、监事、高级管理人员职务。 上述当事人应自收到本处罚决定书之日起15日内，将罚款直接汇交国库。具体缴款方式见本处罚决定书所附说明。同时，须将注有当事人名称的付款凭证复印件送深圳证监局备案。当事人如果对本处罚决定不服，可在收到本处罚决定书之日起60日内向中国证券监督管理委员会申请行政复议，也可在收到本处罚决定书之日起6个月内直接向有管辖权的人民法院提起行政诉讼。复议和诉讼期间，上述决定不停止执行。 深圳证监局 2025年6月17日",0,ST长方(SZ300301),0,2025-06-30 08:04:20,0,0,0,17928,0,新闻,https://xueqiu.com/S/SZ300301/340672555,2026-07-08 16:17:35
340982966,SZ300301,ST长方,,*ST长方：关于重大诉讼的进展公告 网页链接,0,ST长方(SZ300301),0,2025-07-02 08:46:09,1,0,0,15939,0,公告,https://xueqiu.com/S/SZ300301/340982966,2026-07-08 16:17:35
340990601,SZ300301,ST长方,*ST长方服务合同纠纷案被裁定由广东省揭阳市中院再审 原判决有误,7月2日，*ST长方（300301）发布公司与深圳市华旗源节能科技有限公司、普宁市华旗源节能科技有限公司、邓辉斌的服务合同纠纷案进展。此前，为维护公司利益，公司向广东省普宁市人民法院提起诉讼。 公司收到广东省揭阳市中级人民法院出具的民事裁定书，经广东省揭阳市中级人民法院审判委员会讨论认为，该判决确有错误，故裁定本案由广东省揭阳市中级人民法院再审，再审期间，中止原判决的执行。 2025年一季度，*ST长方实现收入1.18亿元，归母净利润-2396万元。,0,ST长方(SZ300301),0,2025-07-02 09:42:21,0,0,0,16997,0,新闻,https://xueqiu.com/S/SZ300301/340990601,2026-07-08 16:17:35
341884930,SZ300301,ST长方,,*ST长方：关于对深圳证券交易所年报问询函回复的公告 网页链接,0,ST长方(SZ300301),0,2025-07-09 14:43:13,0,0,0,10353,0,公告,https://xueqiu.com/S/SZ300301/341884930,2026-07-08 16:17:35
341884931,SZ300301,ST长方,,*ST长方：关于撤销退市风险警示及部分其他风险警示并继续被实施其他风险警示暨股票停复牌、变更公司简称的公告 网页链接,0,ST长方(SZ300301),0,2025-07-09 14:43:13,0,0,0,10557,0,公告,https://xueqiu.com/S/SZ300301/341884931,2026-07-08 16:17:35
341884932,SZ300301,ST长方,,*ST长方：关于对深圳证券交易所年报问询函（二）回复的公告 网页链接,0,ST长方(SZ300301),0,2025-07-09 14:43:13,0,0,0,10467,0,公告,https://xueqiu.com/S/SZ300301/341884932,2026-07-08 16:17:35
341885648,SZ300301,ST长方,*ST长方：撤销退市风险警示及部分其他风险警示 继续被实施其他风险警示,【*ST长方：撤销退市风险警示及部分其他风险警示 继续被实施其他风险警示】财联社7月9日电，*ST长方(300301.SZ)公告称，公司股票将于2025年7月11日（星期五）开市起撤销退市风险警示及因公司内部控制被出具否定意见的审计报告而被实施的其他风险警示情形。公司股票将于2025年7月10日停牌一天，并于7月11日起复牌。公司股票简称将由“*ST长方”变更为“ST长方”，股票代码仍为“300301”，日涨跌幅限制仍为20%。,0,财联社,7437424816,2025-07-09 14:50:12,0,2,0,24356,0,雪球,https://xueqiu.com/7437424816/341885648,2026-07-08 16:17:35
341893601,SZ300301,ST长方,,*ST长方：关于对深圳证券交易所2024年年报问询函回复的公告 网页链接,0,ST长方(SZ300301),0,2025-07-09 16:56:04,0,2,0,12799,0,公告,https://xueqiu.com/S/SZ300301/341893601,2026-07-08 16:17:35
341897063,SZ300301,ST长方,,7月10日股市的一些热点聚焦：• 正侧及行业消息：◦ 医保正侧：全面开通医保个账跨省共济功能，实现337个统筹区全覆盖，打破医保地域限制，还支持变更使用地。◦ 就业正侧：7月9日盘后，印发关于进一步加大稳就业正侧支持力度的通知，从七个方面提出举措，着力稳就业、稳企业、稳市场、稳预期，相关题材如人力资源板块可能受关注。◦ 光伏补贴：上海市虹口区对分布式光伏发电项目补贴标准进行大幅上调，示范试点项目、BIPV项目，补贴标准提高至1500元每千瓦，单个项目能获得不超过100元补贴。• 大盘走势相关：上证指数前一交易日（7月9日）为3493.05点，微跌0.13%，盘中曾突破3500点关口，最高至3512.67点，但未能有效站稳。深证成指跌0.06%，创业板指逆势上涨0.17%。美股三大指数在前一交易日集体收涨，道琼斯指数上涨0.49%，纳斯达克指数上涨0.94%，标普500指数上涨0.61%，英伟达市值盘中突破4万亿美元，创全球科技公司市值新高。• 板块及个股消息：◦ 有色金属板块下跌：有色金属板块遭遇集体调整，有色金属板块报18710.40点，单日下跌1.21%。细分赛道全线下行，8大核心指数中多数跌幅超2%，6只有色金属主题ETF净值普遍回撤，跌幅集中在1.41%-1.91%区间。◦ 黄金概念板块调整：黄金概念板块延续调整态势，板块指数收报14344.38点，跌幅1.08%。中金黄金领跌，跌幅2.89%，中国黄金相对抗跌，仅微跌0.12%。◦ 硅片企业上调报价：7月9日，多家硅片企业上调了硅片报价，不同尺寸的硅片价格涨幅在8%—11.7%，但行业机构数据显示部分尺寸硅片成交均价仍有1%左右降幅，市场反应存在分化。◦ 个股公告：四连板新中港发布交易异常波动公告。亿晶光电发布交易异常波动公告，其股票于7月7日-9日连续3个交易日内日收盘价格涨幅偏离值累计超过20%。大智慧股票短期内涨幅较大，自7月1日起累计涨幅已达79.82%，因筹划具体交易方案和协议，公司股票自7月10日起停牌，预计停牌时间不超过2个交易日。• ST长方停牌复牌：ST长方(300301)7月10日停牌一天，7月11日复牌并撤销退市风险警示，简称仍为“ST长方”，涨跌幅限制仍为20%。摘星后短期情绪可能提振，但需关注公司后续经营改善情况。• 业绩预增股：金安国纪上半年净利预增4700%–6300%，业绩预增显著可能驱动今日相关板块情绪，此外农牧等中报业绩预增方向也值得关注。• PCB产业链：高端PCB供不应求，进入涨价周期，相关标的包括20cm的国际复材、逸豪新材，10cm的金安国纪、宏和科技等。• 周杰伦入驻抖音：顶流IP带动流量经济，相关概念股有锋尚文化（虚拟演出）、志邦家居（代言合作）、美邦服饰（怀旧营销）等。• RWA：深圳RWA标准研讨会召开，行业迈向规模化，相关标的有20cm的四方精创、天阳科技，10cm的京北方、恒宝股份等。• 低空经济新基建：国内首个低空新基建解决方案发布，相关标的包括中科星图（空天信息平台）、香山股份（低空传感器）等。• AI板块：马斯克宣布xAI新一代大模型Grok 4于7月10日11点（北京时间）发布，可能催化AI板块，相关个股有三变科技、博创科技等。,0,股绽放,1771481287,2025-07-09 21:04:05,0,3,0,27969,0,雪球,https://xueqiu.com/1771481287/341897063,2026-07-08 16:17:35
341909739,SZ300301,ST长方,,$*ST长方(SZ300301)$ 终于等到摘帽了,0,修心谨言wy,1505804711,2025-07-10 01:13:09,4,2,0,20071,0,Android,https://xueqiu.com/1505804711/341909739,2026-07-08 16:17:35
342045588,SZ300301,ST长方,*ST长方：坪山工业园目前处于出租状态，公司正积极推进坪山工业园出售事宜,同花顺（300033）金融研究中心07月10日讯，有投资者向*ST长方（300301）提问， 董秘你好，请问公司对深圳长方工业园和惠州工业园下一步有何安排。是继续出租还是出售，还是留着自建生产基地？ 公司回答表示，您好，感谢您的关注！惠州工业园已于2021年出售，具体情况详见公司于2021年12月31日披露的《关于出售资产暨关联交易事项之交易完成的公告》（公告编号：2021-108）。坪山工业园目前处于出租状态，公司正积极推进坪山工业园出售事宜，具体情况请以公司后续公告为准。 点击进入交易所官方互动平台查看更多,0,ST长方(SZ300301),0,2025-07-10 12:54:39,0,0,0,12782,0,新闻,https://xueqiu.com/S/SZ300301/342045588,2026-07-08 16:17:35
342045975,SZ300301,ST长方,*ST长方：公司不涉及固态电池的研发和技术储备,同花顺（300033）金融研究中心07月10日讯，有投资者向*ST长方（300301）提问， 董秘你好。公司在固态电池方面是否有研发和技术储备 公司回答表示，您好，感谢您的关注！公司主要从事 LED 照明光源器件、LED 照明产品及电风扇、便携式储能产品等其他电子产品的研发、设计、生产和销售，不涉及固态电池的研发和技术储备。 点击进入交易所官方互动平台查看更多,0,ST长方(SZ300301),0,2025-07-10 12:58:21,0,0,0,13089,0,新闻,https://xueqiu.com/S/SZ300301/342045975,2026-07-08 16:17:35
342046569,SZ300301,ST长方,*ST长方：公司未收到前五大股东和管理层关于增持公司股份的相关计划,同花顺（300033）金融研究中心07月10日讯，有投资者向*ST长方（300301）提问， 董秘你好，近期市场行情转暖，前五大股东和管理层是否有增持的安排？强烈建议管理层增持。 公司回答表示，您好，感谢您的关注与建议！公司未收到前五大股东和管理层关于增持公司股份的相关计划。公司已于2024年实施限制性股票激励计划，公司管理层基于对公司未来发展的信心参与了此次激励计划，管理层后续如有其他股份增持计划，公司将严格按照相关法律法规及时履行信息披露义务。 点击进入交易所官方互动平台查看更多,0,ST长方(SZ300301),0,2025-07-10 13:02:17,0,0,0,15492,0,新闻,https://xueqiu.com/S/SZ300301/342046569,2026-07-08 16:17:35
342047695,SZ300301,ST长方,*ST长方：公司不涉及固态电池的研发和技术储备,证券之星消息，*ST长方(300301)07月10日在投资者关系平台上答复投资者关心的问题。投资者：董秘你好。公司在固态电池方面是否有研发和技术储备*ST长方董秘：您好，感谢您的关注！公司主要从事 LED 照明光源器件、LED 照明产品及电风扇、便携式储能产品等其他电子产品的研发、设计、生产和销售，不涉及固态电池的研发和技术储备。投资者：董秘你好，市场传闻近期公司电风扇储能和离网照明订单大幅增长，能否介绍下目前经营情况？谢谢*ST长方董秘：您好，感谢您的关注！公司目前生产经营正常，公司生产业绩等具体情况请以公司在指定媒体《证券时报》和巨潮资讯网披露的定期报告为准。投资者：董秘你好。请问今年是否能扭亏为盈？在无实控人的情况下管理层有何措施扭亏为盈？公司摘星后能否启动增发，毕竟增发是目前企业摆脱困境最快的办法。*ST长方董秘：您好，感谢您的关注！公司利润情况请关注公司后续披露的定期报告。公司管理层为改善生产经营采取的措施包括但不限于：持续推行降本增效；加强产品研发，增强产品市场竞争力；拓展销售渠道及新市场，加大跨境电商投入，提升海外市场占有率；培育新业务，在保持核心业务稳定发展的同时根据实际情况利用资本市场培育发展其他新业务；优化资产结构，持续推动坪山工业园出售事宜，加强应收账款和存货周转等流动资产管理，提升资产运营效率。感谢您对公司定增并购事项的关注，公司正积极寻找和评估各种可能的机会，后续如有定增并购事项，将严格按照相关法律法规及时履行信息披露义务。投资者：董秘你好，请问最近一期的股东人数多少？谢谢.为何ST天瑞的都公布了*ST长方董秘：您好，感谢您的关注！公司2025年6月30日的股东人数请关注公司后续披露的定期报告。投资者：董秘你好，近期市场行情转暖，前五大股东和管理层是否有增持的安排？强烈建议管理层增持。*ST长方董秘：您好，感谢您的关注与建议！公司未收到前五大股东和管理层关于增持公司股份的相关计划。公司已于2024年实施限制性股票激励计划，公司管理层基于对公司未来发展的信心参与了此次激励计划，管理层后续如有其他股份增持计划，公司将严格按照相关法律法规及时履行信息披露义务。投资者：董秘你好，请问公司对深圳长方工业园和惠州工业园下一步有何安排。是继续出租还是出售，还是留着自建生产基地？*ST长方董秘：您好，感谢您的关注！惠州工业园已于2021年出售，具体情况详见公司于2021年12月31日披露的《关于出售资产暨关联交易事项之交易完成的公告》（公告编号：2021-108）。坪山工业园目前处于出租状态，公司正积极推进坪山工业园出售事宜，具体情况请以公司后续公告为准。以上内容为证券之星据公开信息整理，由AI算法生成（网信算备310104345710301240019号），不构成投资建议。,0,证券之星财经,5187193467,2025-07-10 13:11:26,0,0,0,17694,0,雪球,https://xueqiu.com/5187193467/342047695,2026-07-08 16:17:35
342068291,SZ300301,ST长方,*ST长方于2025年7月11日复牌,*ST长方（300301）于今日复牌，此前停牌原因为公司股票撤销退市风险警示及部分其他风险警示并继续被实施其他风险警示。 近期复牌个股明细如下表所示 股票代码股票简称复牌日期停牌原因明细002581ST未名2025年7月08日公司股票交易触及“其他风险警示”情形。300462ST华铭2025年7月08日公司股票交易将被实施其他风险警示。000070特发信息2025年7月09日撤销其他风险警示。002309中利集团2025年7月09日撤销其他风险警示。600289ST信通2025年7月09日撤销退市风险警示和部分其他风险警示。000903ST云动2025年7月10日公司股票交易被实施其他风险警示。002765蓝黛科技2025年7月10日筹划公司控制权变更事项。300301*ST长方2025年7月11日公司股票撤销退市风险警示及部分其他风险警示并继续被实施其他风险警示。603389*ST亚振2025年7月11日公司控股股东、实际控制人吴涛先生要约收购期满。,0,ST长方(SZ300301),0,2025-07-10 16:05:12,0,0,0,17441,0,新闻,https://xueqiu.com/S/SZ300301/342068291,2026-07-08 16:17:35
342069154,SZ300301,ST长方,*ST长方：坪山工业园目前处于出租状态，公司正积极推进其出售事宜,每经AI快讯，有投资者在投资者互动平台提问：董秘你好，请问公司对深圳长方工业园和惠州工业园下一步有何安排？是继续出租还是出售，还是留着自建生产基地？ *ST长方（300301.SZ）7月10日在投资者互动平台表示，惠州工业园已于2021年出售，具体情况详见公司于2021年12月31日披露的《关于出售资产暨关联交易事项之交易完成的公告》（公告编号：2021-108）。坪山工业园目前处于出租状态，公司正积极推进坪山工业园出售事宜，具体情况请以公司后续公告为准。 （记者 张明双） 免责声明：本文内容与数据仅供参考，不构成投资建议，使用前核实。据此操作，风险自担。 每日经济新闻,0,每日经济新闻,4642157440,2025-07-10 16:20:09,0,0,0,15547,0,雪球,https://xueqiu.com/4642157440/342069154,2026-07-08 16:17:35
342287258,SZ300301,ST长方,,$ST长方(SZ300301)$ 高开低走，收线阳，成交量放大。是什么盘面意思？,0,二级旺仔,8986119339,2025-07-12 10:10:29,0,0,0,20855,0,雪球,https://xueqiu.com/8986119339/342287258,2026-07-08 16:17:35
342382132,SZ300301,ST长方,,$ST长方(SZ300301)$ 你们不要就卖给我好了,0,修心谨言wy,1505804711,2025-07-14 01:39:33,1,0,0,18574,0,Android,https://xueqiu.com/1505804711/342382132,2026-07-08 16:17:35
342386352,SZ300301,ST长方,,$ST长方(SZ300301)$ 我仓位很低，逢跌加一点,0,修心谨言wy,1505804711,2025-07-14 01:51:54,2,0,0,21049,0,Android,https://xueqiu.com/1505804711/342386352,2026-07-08 16:17:32
342436055,SZ300301,ST长方,,$ST长方(SZ300301)$ 都在回避中报吧，有净资产为负的风险，留了底仓都能亏成狗,0,聚焦质变,8491286481,2025-07-14 05:56:47,0,0,0,15333,0,Android,https://xueqiu.com/8491286481/342436055,2026-07-08 16:17:32
342535344,SZ300301,ST长方,,上市公司第一大股东存在股权质押的情况下，是否可以进行资产重组，取决于多个因素，包括质押协议的具体条款、质权人（如银行）的立场、公司的财务状况以及监管要求等。以下是关键分析点：### 1. **质押股权的限制性条款**- 如果股权质押协议中明确限制第一大股东在质押期间进行重大资产重组，那么重组可能受到阻碍。例如，银行可能要求股东在重组前解除质押或获得质权人同意。- 在格力电器的案例中，珠海明骏（高瓴资本）质押全部股份用于贷款担保，但并未影响公司正常经营决策，因为质押主要用于融资，而非限制公司运营。### 2. **质权人的态度**- 如果重组可能影响质押股权的价值（如涉及股权稀释或公司控制权变更），质权人可能会干预。例如，江西银行曾因南昌光谷（*ST长方控股股东）未能偿还贷款，试图通过拍卖质押股权来清偿债务，这影响了公司的控制权稳定性。- 若重组能提升公司价值（如注入优质资产），质权人可能支持，因为股价上涨会降低质押风险。### 3. **监管要求**- 根据中国证监会规定，上市公司进行重大资产重组需履行信息披露义务，若涉及质押股份，需说明是否会影响重组进程。- 若质押股份被冻结（如*ST长方案例），重组可能需先解决司法问题，否则可能被交易所或证监会问询。### 4. **市场案例**- **支持重组的情况**：格力电器大股东高瓴资本质押股份后，公司仍能正常运营，因质押主要用于融资，不影响公司决策。- **阻碍重组的情况**：*ST长方因大股东南昌光谷股权质押且被冻结，导致控制权不稳定，重组难度增加。### 5. **实际操作建议**- **与质权人协商**：若重组涉及股权变动，需提前与银行等质权人沟通，取得书面同意。- **评估财务影响**：如康华生物大股东王振滔质押近90%股份，若重组导致股价波动，可能触发补仓或平仓风险。- **法律合规**：确保重组方案符合《上市公司重大资产重组管理办法》，避免因质押问题被监管否决。### 结论**可以重组，但需满足条件**：- 质押协议无明确限制，或质权人同意；- 重组不损害质押权人利益（如不导致股价大幅下跌）；- 公司能解决可能的司法或监管障碍（如冻结股份）。若质押比例过高（如接近100%），且公司业绩不佳（如*ST长方），重组难度会显著增加。,0,清风c7t,4639591552,2025-07-14 23:16:26,0,1,0,19508,0,Android,https://xueqiu.com/4639591552/342535344,2026-07-08 16:17:32
343061049,SZ300301,ST长方,,$ST长方(SZ300301)$ 所有股票基本全清了，做的非常一般，休息一阶段了。,0,ST春哥008,3131534872,2025-07-18 02:07:28,1,0,0,22469,0,iPhone,https://xueqiu.com/3131534872/343061049,2026-07-08 16:17:32
343629225,SZ300301,ST长方,,ST长方：关于公司董事会秘书辞任的公告 网页链接,0,ST长方(SZ300301),0,2025-07-22 09:36:11,0,0,0,10906,0,公告,https://xueqiu.com/S/SZ300301/343629225,2026-07-08 16:17:32
343637361,SZ300301,ST长方,ST长方：江玮辞去公司董事会秘书及副总经理职务,每经AI快讯，ST长方（SZ 300301，收盘价：2.35元）7月22日晚间发布公告称，因受到中国证券监督管理委员会深圳监管局的行政处罚及深圳证券交易所公开谴责的纪律处分，江玮先生申请辞去公司董事会秘书及副总经理职务。辞任后，江玮先生仍在公司担任董事等职务。 2024年1至12月份，ST长方的营业收入构成为：工业占比95.41%，其他业务占比4.59%。 截至发稿，ST长方市值为20亿元。 每经头条（nbdtoutiao）——白天送乘客晚上送快递？背靠千万人口大城，70多年老牌公交公司决定“拉货”，负责人：可以减轻财政负担 （记者 曾健辉） 免责声明：本文内容与数据仅供参考，不构成投资建议，使用前请核实。据此操作，风险自担。 每日经济新闻,0,每日经济新闻,4642157440,2025-07-22 10:40:09,0,0,0,11113,0,雪球,https://xueqiu.com/4642157440/343637361,2026-07-08 16:17:32
343641665,SZ300301,ST长方,ST长方：受到行政处罚和公开谴责，江玮辞任董事会秘书、副总经理职务,7月22日，ST长方（300301）发布公告，董事会秘书兼副总经理江玮辞任。辞任原因是因受到证监会深圳监管局的行政处罚及深交所的公开谴责。辞任后，江玮仍在公司担任董事等职务，其辞任报告自送达董事会之日起生效。 公告称，截至公告披露日，江玮直接持有公司股份300万股，间接持有262万股，合计占公司总股本比例0.68%。江玮持有的股份属于公司2024年限制性股票激励计划的限售股，辞任后将根据相关规定执行。 ST长方表示：“公司董事会秘书空缺期间，由公司董事长吴涛祥先生代行董事会秘书职责。” 江玮的辞职和并购子公司康铭盛有关。2020年、2021年，康铭盛原管理团队李迪初、聂卫、彭立新等（即康铭盛股权出让方）通过销售返利不入账等方式，虚增利润和应收账款。2022年5月6日，公司因“最近一个会计年度的财务会计报告被出具无法表示意见或者否定意见的审计报告”的情形，被实施退市风险警示；因“公司最近一年被出具无法表示意见或否定意见的内部控制审计报告或鉴证报告”的情形，被实施其他风险警示。 根据深圳证券交易所的处罚文件，*ST长方在2020年和2021年的年度报告中存在重大财务造假行为。具体包括康铭盛少记销售返利费用，虚增利润，以及虚增应收账款，分别导致*ST长方的利润虚增797.78万元和548.73万元，占公司利润总额的54.90%和2.02%。 该事件涉及的违规人员包括*ST长方时任副董事长李迪初、康铭盛时任总经理聂卫、时任副总经理、财务总监兼董事会秘书江玮等人。其中，深圳证监局对江玮给予警告，处以 150 万元罚款，深交所给予其公开谴责的处分。 据悉，李迪初、聂卫、彭立新等康铭盛原管理人员已被免职并离开康铭盛。2024年4月26日，公司向深交所提交申请，申请撤销其他风险警示。7月11日，公司撤销退市风险警示及因公司内部控制被出具否定意见的审计报告而被实施的其他风险警示情形，证券简称由“*ST长方”变更为“ST长方”。 ST长方的经营状况也引发市场关注。2025年第一季度，公司营业收入1.18亿元，同比下滑13.94%；归母净利润为亏损2395.59万元。财务造假事件对公司声誉和市场信任度造成一定影响，或公司对未来经营持续产生压力。 来源：读创财经,0,深圳商报,6620276709,2025-07-22 11:20:01,0,0,0,12187,0,雪球,https://xueqiu.com/6620276709/343641665,2026-07-08 16:17:32
343763060,SZ300301,ST长方,,$ST长方(SZ300301)$ 空仓心痒痒，长方又买回来了。实在没有便宜的股票。权当买着放放吧。,0,ST春哥008,3131534872,2025-07-23 05:29:03,1,2,0,22254,0,Android,https://xueqiu.com/3131534872/343763060,2026-07-08 16:17:32
343883161,SZ300301,ST长方,20250724 ST长方 最小市值 高弹性 雅鲁藏布江隧道 LED头灯 应急灯 + 电蚊拍 高压灭蚊拍诱蚊灭蚊灯,"300301ST长方 最小市值 高弹性 雅鲁藏布江隧道 LED头灯 应急灯 + 电蚊拍 高压灭蚊拍诱蚊灭蚊灯 $ST长方(SZ300301)$ $彩虹集团(SZ003023)$ 离网家居小家电用途及图示1）电蚊拍：主要采用电子高压灭蚊手拍或诱蚊灭蚊,以其安全、方便、实用、灭蚊效果好、无化学污染、卫生等优点,已逐渐成为夏日灭蚊（飞蛾、苍蝇等）不可或缺的工具。按照国家标准,2024年研发部门创新研发了集成一秒消除余电、3500V高压等技术的新开关模组,领先行业发展,自有品牌销售的同时为多家知名企业提供ODM服务。1）LED头灯：主要用于割胶、采摘、工矿、水产及户外骑行等应用场景,具有远射程、高亮度、长续航、爆闪、防水、防尘、防震等特点,2024年研发上市的白激光调焦头灯可伸缩调焦变光,同时满足聚光远射和超大光斑的大面积光照场景,并荣获3项2025年德国IF设计奖,引领行业发展。2.电蚊拍 高压灭蚊手拍或诱蚊灭蚊（二）主要产品及用途1、控股子公司康铭盛主要产品及用途康铭盛目前主要产品有离网照明类产品、离网家居小家电、便携式储能产品及通用照明产品,主要产品及用途如下：(1)离网照明类产品用途及图示：1）LED头灯：主要用于割胶、采摘、工矿、水产及户外骑行等应用场景,具有远射程、高亮度、长续航、爆闪、防水、防尘、防震等特点,2024年研发上市的白激光调焦头灯可伸缩调焦变光,同时满足聚光远射和超大光斑的大面积光照场景,并荣获3项2025年德国IF设计奖,引领行业发展。2)LED手电筒：主要用于日常夜行、安保巡逻、户外探险等应用场景,具有便携、亮度可调、爆闪、安全警示等特点,2024年上市的多款多功能手电筒创造性地将透镜技术运用于手电筒行业,可随时切换聚光和散光,另外将应急照明、安全警示、安全锤等多功能整合一起,方便用户多场景使用。3）LED手提探照灯：主要用于山林田野、工地、安保巡逻、灾害应急等应用场景,具有强光、亮度可调、防水、防尘、防震、爆闪、应急照明等特点,2024年上市的IP66级多功能强光三防手提灯,适应多场景、多任务和复杂环境,并荣获了1项2025年德国IF设计奖,引领行业发展。4）LED应急灯：主要用于缺电、经常停电、户外、露营等离网地区和场景,产品形式多样,具有360°全景照明、太阳能充电、安全便携等特点,可满足不同场景需求,康铭盛的应急灯产品远销东南亚、南亚、中东、非洲和南美等地区,2024年上市的飞碟灯具有超高亮度照明、长续航,深受当地消费者喜爱。（2）离网家居小家电用途及图示1）电蚊拍：主要采用电子高压灭蚊手拍或诱蚊灭蚊,以其安全、方便、实用、灭蚊效果好、无化学污染、卫生等优点,已逐渐成为夏日灭蚊（飞蛾、苍蝇等）不可或缺的工具。按照国家标准,2024年研发部门创新研发了集成一秒消除余电、3500V高压等技术的新开关模组,领先行业发展,自有品牌销售的同时为多家知名企业提供ODM服务。",0,理想完美,3148845249,2025-07-24 01:35:39,0,2,0,19823,0,雪球,https://xueqiu.com/3148845249/343883161,2026-07-08 16:17:32
344029275,SZ300301,ST长方,ST长方：公司已加大电蚊拍在拼多多、天猫等线上平台的投入力度,"证券之星消息，ST长方(300301)07月24日在投资者关系平台上答复投资者关心的问题。投资者：基肯孔雅热病爆发，公司应该好好做一下电蚊拍的销量。应该要加强一下直播平台的投入，早日让公司实现盈利ST长方董秘：您好，感谢您的关注与建议！公司已加大电蚊拍在拼多多、天猫等线上平台的投入力度，并根据市场情况持续优化产品结构及运营策略。投资者：董秘你好，请问截止到七月二十号股东人数？谢谢ST长方董秘：您好，感谢您的关注！截至2025年7月18日，公司股东户数为18,984户。以上内容为证券之星据公开信息整理，由AI算法生成（网信算备310104345710301240019号），不构成投资建议。",0,证券之星财经,5187193467,2025-07-24 13:11:17,0,0,0,13912,0,雪球,https://xueqiu.com/5187193467/344029275,2026-07-08 16:17:32
344040058,SZ300301,ST长方,20250724 基孔肯雅热确诊病例3317例 加强防蚊 驱蚊 灭蚊,龙头 $彩虹集团(SZ003023)$ $久量股份(SZ300808)$ $ST长方(SZ300301)$ 电蚊拍 LED驱蚊灯 灭蚊灯 行业龙头本人的提问 知之而问 互动易及时回复再次官宣下驱蚊灭蚊核心标的董秘好 ：近期佛山通报基孔肯雅热疫情防控最新情况 截至7月19日，全市累计报告确诊病例1873例，是近20年来基孔肯雅热疫情最大爆发，请问 贵公司有那些灭蚊 驱蚊 防蚊产品 能够为国家防疫工作 人民健康做出应有贡献！谢谢 工作顺利 事业进步irm1332189·2025-07-21· 来源网站彩虹集团[003023]·12小时前尊敬的投资者您好，公司在家用卫生杀虫领域拥有丰富的产品线，涵盖灭蚊、驱蚊、防蚊等全场景需求。家庭场景中，电热蚊香液/片采用世卫组织推荐的高品质原药，通过药效缓释技术实现高效持久驱蚊；气雾杀虫剂配备多重滤网控制技术，防治蚊虫等多种常见虫害；物理驱蚊工具如电蚊拍、灭蚊灯提供无化学残留灭蚊方案；驱蚊液、驱蚊手环、驱蚊贴、防蚊网等便携产品适用于户外场景；捕蚊机产品为户外公共环境虫害防治提供新方案。“彩虹.乖乖”系列针对特殊群体设计，更加温和、环保。公司持续创新，助力降低蚊虫叮咬风险，实现虫害防控。谢谢。佛山顺德卫健局：基孔肯雅热确诊病例3317例，均为轻症；如何预防？ 九派新闻 2025年07月24日 19:04 湖北7月24日下午，佛山市顺德区卫生健康局发布情况通报：截至2025年7月23日，该区累计报告基孔肯雅热确诊病例3317例，主要集中在乐从镇、北滘镇、陈村镇，均为轻症病例。,0,理想完美,3148845249,2025-07-24 14:21:50,1,1,0,43212,0,雪球,https://xueqiu.com/3148845249/344040058,2026-07-08 16:17:32
344072993,SZ300301,ST长方,,长方集团：2019年3月11日4.26元，2025年7月24日2.34元，收益率6年-45%。我写的简单分析，里面每一条判断，只要具备一丁点商业基础，会看报表，就能得出，并不需要高深的学问，稍用点心即可。绝大部分的投资项目，只靠常识就能毙掉。实际情况也是这样，就是绝大部分公司没有价值，直接pass掉就行。$ST长方(SZ300301)$,0,云起投资,7762459919,2025-07-25 01:13:52,0,2,0,26539,0,Android,https://xueqiu.com/7762459919/344072993,2026-07-08 16:17:32
344155993,SZ300301,ST长方,,$ST长方(SZ300301)$ 登革热，长方灭蚊灯走起！,0,修心谨言wy,1505804711,2025-07-25 06:46:25,0,0,0,14366,0,Android,https://xueqiu.com/1505804711/344155993,2026-07-08 16:17:32
344482404,SZ300301,ST长方,长方集团高管涉财务造假离职，一笔溢价收购“余震” 不断,文/乐居财经 靳文雨长方集团（300301.SZ）多年前因收购康铭盛埋下的“地雷”，仍在持续引爆。近日，长方集团发布《关于公司董事会秘书辞任的公告》。公告披露，董事、董事会秘书兼副总经理江玮因受到监管处罚及公开谴责，申请辞去董秘与副总经理职务。辞任后，江玮仍在公司担任董事等职务。ST长方表示，公司董事会秘书空缺期间，由公司董事长吴涛祥代行董事会秘书职责。据乐居财经了解，江玮的辞职，与并购子公司康铭盛有关。2025年6月，深圳证监局的行政处罚决定书揭开了康铭盛财务造假的全貌：2017年至2020年业绩承诺期内，康铭盛通过少记销售返利、虚增应收账款等方式，分别虚增2020年、2021年利润797.78万元、548.73万元，占长方集团当期利润总额绝对值的54.90%和2.02%。作为时任财务总监、董秘等核心职务的江玮，因对合并报表信息披露违规负有责任，被处以100万元罚款及公开谴责，其离职成为监管压力下的必然结果。值得注意的是，江玮并非个例。康铭盛原实控人李迪初、财务总监彭立新等29名原股东因业绩对赌期间的造假行为，均被处以重罚，其中李迪初罚款高达300万元。这场持续数年的财务造假风波，根源正是长方集团对康铭盛的高溢价收购。康铭盛曾是长方集团眼中的“香饽饽”。这家成立于2004年的企业，以便携式LED移动照明、离网家居小家电为核心业务，产品涵盖应急风扇、LED球泡灯、智能家居照明等，在国内露营经济、应急用品市场占据一定份额。2015年至2018年，长方集团分阶段收购康铭盛95.7454%股权，交易总价超16亿元，溢价率一度高达17倍。收购时，康铭盛原股东承诺2018-2020年净利润不低于1.25亿、1.4亿、1.55亿元，业绩对赌协议让长方集团对其寄予厚望。然而，为兑现承诺，康铭盛原管理团队铤而走险——不仅虚构利润，更在2022年上演“5米深坑埋会计凭证”的荒诞戏码，377箱会计原始单据、生产经营等资料被掩埋，部分资料因长期裸露而无法辨识。这场闹剧最终导致李迪初等3人被各罚100万元，也让康铭盛从“业绩支柱”沦为长方集团的“债务包袱”。收购康铭盛的初衷，是长方集团希望借此拓展LED家居照明及应急用品赛道，但事与愿违。2022年至2024年，长方集团归属净利润连续亏损，分别为-1.05亿元、-4.59亿元、-2.55亿元，2025年一季度仍亏损2395.59万元，营收同比下滑13.94%。业绩颓势与康铭盛的拖累直接相关。一方面，财务造假导致长方集团需计提大额商誉减值，2023年商誉减值损失达3.2亿元；另一方面，康铭盛原管理团队与长方集团的控制权之争持续内耗。2020年业绩承诺期结束后，双方多次就经营决策爆发冲突，严重影响业务稳定性。尽管康铭盛的应急风扇、LED家居灯等产品仍有市场需求，但内耗已让其失去增长动能。江玮的离职，或许是长方集团清理“历史遗留问题”的开始。但连续亏损、监管处罚、子公司治理混乱等多重压力下，这家老牌LED企业能否走出困局，仍需时间检验。,0,乐居财经,7053459677,2025-07-28 10:40:02,0,0,0,15599,0,雪球,https://xueqiu.com/7053459677/344482404,2026-07-08 16:17:32
344489762,SZ300301,ST长方,,ST长方：关于部分董事辞任的公告 网页链接,0,ST长方(SZ300301),0,2025-07-28 11:49:10,0,0,0,9435,0,公告,https://xueqiu.com/S/SZ300301/344489762,2026-07-08 16:17:32
344492768,SZ300301,ST长方,ST长方：刘志刚、江玮、姜泽宇辞去董事职务,7月28日，ST长方（维权）（300301）发布公告，因个人原因，刘志刚、江玮、姜泽宇申请辞去公司董事职务。 辞任后，刘志刚、江玮仍在公司担任其他职务，姜泽宇将不在公司任职。 2025年一季度，ST长方实现收入1.18亿元，归母净利润-2396万元。 （文章来源：财中社）,0,ST长方(SZ300301),0,2025-07-28 12:17:00,0,0,0,11469,0,新闻,https://xueqiu.com/S/SZ300301/344492768,2026-07-08 16:17:32
344495302,SZ300301,ST长方,ST长方：刘志刚、江玮、姜泽宇辞去公司董事职务,每经AI快讯，ST长方（SZ 300301，收盘价：2.46元）7月28日晚间发布公告称，公司董事会于近日收到公司董事刘志刚先生、江玮先生、姜泽宇先生的辞任报告。因个人原因，刘志刚先生、江玮先生、姜泽宇先生申请辞去公司董事职务。根据公司董事会各专门委员会工作细则的有关规定，上述三位董事辞去公司董事职务后，将自动失去其所任董事会专门委员会委员资格。辞任后，刘志刚先生、江玮先生仍在公司担任其他职务，姜泽宇先生将不在公司任职。 刘志刚先生、江玮先生及姜泽宇先生的辞任不会导致公司董事会人数低于法定最低人数，其辞任报告自送达公司董事会之日起生效。 2024年1至12月份，ST长方的营业收入构成为：工业占比95.41%，其他业务占比4.59%。 截至发稿，ST长方市值为20亿元。 每经头条（nbdtoutiao）——直击首例基孔肯雅热报告社区：下水井盖都加装纱网和胶带，已很难见到一只蚊子！千人投入“防蚊战” （记者 王晓波） 免责声明：本文内容与数据仅供参考，不构成投资建议，使用前请核实。据此操作，风险自担。 每日经济新闻,0,每日经济新闻,4642157440,2025-07-28 12:40:45,0,0,0,9828,0,雪球,https://xueqiu.com/4642157440/344495302,2026-07-08 16:17:32
344626228,SZ300301,ST长方,,$ST长方(SZ300301)$ 三位高管辞职，长方就跌3%，公道！,0,修心谨言wy,1505804711,2025-07-29 07:10:28,1,0,0,13446,0,Android,https://xueqiu.com/1505804711/344626228,2026-07-08 16:17:32
345217798,SZ300301,ST长方,,ST长方：关于公司股票交易被实施其他风险警示相关事项的进展公告 网页链接,0,ST长方(SZ300301),0,2025-08-01 09:23:10,0,0,0,5888,0,公告,https://xueqiu.com/S/SZ300301/345217798,2026-07-08 16:17:32
345509765,SZ300301,ST长方,,ST长方：外部信息使用人管理制度（2025年8月） 网页链接,0,ST长方(SZ300301),0,2025-08-04 12:23:10,0,0,0,4200,0,公告,https://xueqiu.com/S/SZ300301/345509765,2026-07-08 16:17:30
345509766,SZ300301,ST长方,,ST长方：关于调整内部组织机构的公告 网页链接,0,ST长方(SZ300301),0,2025-08-04 12:23:10,0,0,0,4015,0,公告,https://xueqiu.com/S/SZ300301/345509766,2026-07-08 16:17:30
345509769,SZ300301,ST长方,,ST长方：第五届董事会第十二次会议决议公告 网页链接,0,ST长方(SZ300301),0,2025-08-04 12:23:10,0,0,0,3995,0,公告,https://xueqiu.com/S/SZ300301/345509769,2026-07-08 16:17:30
345509770,SZ300301,ST长方,,ST长方：重大资产处置管理办法（2025年8月） 网页链接,0,ST长方(SZ300301),0,2025-08-04 12:23:10,0,0,0,4007,0,公告,https://xueqiu.com/S/SZ300301/345509770,2026-07-08 16:17:30
345509771,SZ300301,ST长方,,ST长方：财务负责人管理制度（2025年8月） 网页链接,0,ST长方(SZ300301),0,2025-08-04 12:23:10,0,0,0,4034,0,公告,https://xueqiu.com/S/SZ300301/345509771,2026-07-08 16:17:30
345509772,SZ300301,ST长方,,ST长方：董事、高级管理人员薪酬管理制度（2025年8月） 网页链接,0,ST长方(SZ300301),0,2025-08-04 12:23:11,0,0,0,4079,0,公告,https://xueqiu.com/S/SZ300301/345509772,2026-07-08 16:17:30
345509774,SZ300301,ST长方,,ST长方：下属子公司董事、监事和高级管理人员委派管理制度（2025年8月） 网页链接,0,ST长方(SZ300301),0,2025-08-04 12:23:11,0,0,0,4095,0,公告,https://xueqiu.com/S/SZ300301/345509774,2026-07-08 16:17:30
345509775,SZ300301,ST长方,,ST长方：会计政策、会计估计变更及会计差错管理制度（2025年8月） 网页链接,0,ST长方(SZ300301),0,2025-08-04 12:23:11,0,0,0,4076,0,公告,https://xueqiu.com/S/SZ300301/345509775,2026-07-08 16:17:30
345509776,SZ300301,ST长方,,ST长方：股东会议事规则（2025年8月） 网页链接,0,ST长方(SZ300301),0,2025-08-04 12:23:11,0,0,0,4118,0,公告,https://xueqiu.com/S/SZ300301/345509776,2026-07-08 16:17:30
345509777,SZ300301,ST长方,,ST长方：会计师事务所选聘制度（2025年8月） 网页链接,0,ST长方(SZ300301),0,2025-08-04 12:23:11,0,0,0,4119,0,公告,https://xueqiu.com/S/SZ300301/345509777,2026-07-08 16:17:30
345509778,SZ300301,ST长方,,ST长方：对外捐赠管理办法（2025年8月） 网页链接,0,ST长方(SZ300301),0,2025-08-04 12:23:11,0,0,0,4122,0,公告,https://xueqiu.com/S/SZ300301/345509778,2026-07-08 16:17:30
345509779,SZ300301,ST长方,,ST长方：投资者关系管理制度（2025年8月） 网页链接,0,ST长方(SZ300301),0,2025-08-04 12:23:11,0,0,0,4283,0,公告,https://xueqiu.com/S/SZ300301/345509779,2026-07-08 16:17:30
345509780,SZ300301,ST长方,,ST长方：信息披露事务管理制度（2025年8月） 网页链接,0,ST长方(SZ300301),0,2025-08-04 12:23:12,0,0,0,4135,0,公告,https://xueqiu.com/S/SZ300301/345509780,2026-07-08 16:17:30
345509781,SZ300301,ST长方,,ST长方：关于补选第五届董事会非独立董事及董事会专门委员会委员的公告 网页链接,0,ST长方(SZ300301),0,2025-08-04 12:23:12,0,0,0,6573,1,公告,https://xueqiu.com/S/SZ300301/345509781,2026-07-08 16:17:30
345509782,SZ300301,ST长方,,ST长方：内幕信息知情人登记管理制度（2025年8月） 网页链接,0,ST长方(SZ300301),0,2025-08-04 12:23:12,0,0,0,4197,0,公告,https://xueqiu.com/S/SZ300301/345509782,2026-07-08 16:17:30
345509783,SZ300301,ST长方,,ST长方：重大投资及融资决策管理制度（2025年8月） 网页链接,0,ST长方(SZ300301),0,2025-08-04 12:23:12,0,0,0,4210,0,公告,https://xueqiu.com/S/SZ300301/345509783,2026-07-08 16:17:30
345509784,SZ300301,ST长方,,ST长方：董事会议事规则（2025年8月） 网页链接,0,ST长方(SZ300301),0,2025-08-04 12:23:12,0,0,0,4286,0,公告,https://xueqiu.com/S/SZ300301/345509784,2026-07-08 16:17:30
345509785,SZ300301,ST长方,,ST长方：董事会审计委员会工作细则（2025年8月） 网页链接,0,ST长方(SZ300301),0,2025-08-04 12:23:12,0,0,0,4218,0,公告,https://xueqiu.com/S/SZ300301/345509785,2026-07-08 16:17:30
345509786,SZ300301,ST长方,,ST长方：董事会提名委员会工作细则（2025年8月） 网页链接,0,ST长方(SZ300301),0,2025-08-04 12:23:12,0,0,0,4316,0,公告,https://xueqiu.com/S/SZ300301/345509786,2026-07-08 16:17:30
345509787,SZ300301,ST长方,,ST长方：信息披露暂缓、豁免管理制度 网页链接,0,ST长方(SZ300301),0,2025-08-04 12:23:12,0,0,0,4352,0,公告,https://xueqiu.com/S/SZ300301/345509787,2026-07-08 16:17:30
345509788,SZ300301,ST长方,,ST长方：内部审计管理制度（2025年8月） 网页链接,0,ST长方(SZ300301),0,2025-08-04 12:23:13,0,0,0,4462,0,公告,https://xueqiu.com/S/SZ300301/345509788,2026-07-08 16:17:28
345509789,SZ300301,ST长方,,ST长方：总经理工作细则（2025年8月） 网页链接,0,ST长方(SZ300301),0,2025-08-04 12:23:13,0,0,0,4511,0,公告,https://xueqiu.com/S/SZ300301/345509789,2026-07-08 16:17:28
345509790,SZ300301,ST长方,,ST长方：控股子公司管理制度（2025年8月） 网页链接,0,ST长方(SZ300301),0,2025-08-04 12:23:13,0,0,0,4459,0,公告,https://xueqiu.com/S/SZ300301/345509790,2026-07-08 16:17:28
345509791,SZ300301,ST长方,,ST长方：对外担保制度（2025年8月） 网页链接,0,ST长方(SZ300301),0,2025-08-04 12:23:13,0,0,0,4511,0,公告,https://xueqiu.com/S/SZ300301/345509791,2026-07-08 16:17:28
345509792,SZ300301,ST长方,,ST长方：董事会秘书工作制度（2025年8月） 网页链接,0,ST长方(SZ300301),0,2025-08-04 12:23:13,0,0,0,4663,0,公告,https://xueqiu.com/S/SZ300301/345509792,2026-07-08 16:17:28
345509793,SZ300301,ST长方,,ST长方：关于召开2025年第一次临时股东大会的通知 网页链接,0,ST长方(SZ300301),0,2025-08-04 12:23:13,0,0,0,4665,0,公告,https://xueqiu.com/S/SZ300301/345509793,2026-07-08 16:17:28
345509794,SZ300301,ST长方,,ST长方：董事和高级管理人员所持公司股份及其变动管理规则（2025年8月） 网页链接,0,ST长方(SZ300301),0,2025-08-04 12:23:13,0,0,0,4814,0,公告,https://xueqiu.com/S/SZ300301/345509794,2026-07-08 16:17:28
345509795,SZ300301,ST长方,,ST长方：关联交易决策制度（2025年8月） 网页链接,0,ST长方(SZ300301),0,2025-08-04 12:23:13,0,0,0,4974,0,公告,https://xueqiu.com/S/SZ300301/345509795,2026-07-08 16:17:28
345509796,SZ300301,ST长方,,ST长方：第五届监事会第九次会议决议公告 网页链接,0,ST长方(SZ300301),0,2025-08-04 12:23:14,0,0,0,5080,0,公告,https://xueqiu.com/S/SZ300301/345509796,2026-07-08 16:17:28
345509798,SZ300301,ST长方,,ST长方：董事、高级管理人员离职管理制度 网页链接,0,ST长方(SZ300301),0,2025-08-04 12:23:14,0,0,0,5358,0,公告,https://xueqiu.com/S/SZ300301/345509798,2026-07-08 16:17:28
345509799,SZ300301,ST长方,,ST长方：重大信息内部报告制度（2025年8月） 网页链接,0,ST长方(SZ300301),0,2025-08-04 12:23:14,0,0,0,5312,0,公告,https://xueqiu.com/S/SZ300301/345509799,2026-07-08 16:17:28
345509800,SZ300301,ST长方,,ST长方：董事会战略决策委员会工作细则（2025年8月） 网页链接,0,ST长方(SZ300301),0,2025-08-04 12:23:14,0,0,0,5425,0,公告,https://xueqiu.com/S/SZ300301/345509800,2026-07-08 16:17:28
345509801,SZ300301,ST长方,,ST长方：印章证照管理制度（2025年8月） 网页链接,0,ST长方(SZ300301),0,2025-08-04 12:23:14,0,0,0,6009,0,公告,https://xueqiu.com/S/SZ300301/345509801,2026-07-08 16:17:28
345509802,SZ300301,ST长方,,ST长方：募集资金管理制度（2025年8月） 网页链接,0,ST长方(SZ300301),0,2025-08-04 12:23:14,0,0,0,6163,0,公告,https://xueqiu.com/S/SZ300301/345509802,2026-07-08 16:17:28
345509803,SZ300301,ST长方,,ST长方：独立董事工作细则（2025年8月） 网页链接,0,ST长方(SZ300301),0,2025-08-04 12:23:14,0,0,0,6700,0,公告,https://xueqiu.com/S/SZ300301/345509803,2026-07-08 16:17:28
345509804,SZ300301,ST长方,,ST长方：公司章程（2025年8月） 网页链接,0,ST长方(SZ300301),0,2025-08-04 12:23:14,0,0,0,7188,0,公告,https://xueqiu.com/S/SZ300301/345509804,2026-07-08 16:17:28
345509808,SZ300301,ST长方,,ST长方：对外提供财务资助管理制度 网页链接,0,ST长方(SZ300301),0,2025-08-04 12:23:15,0,0,0,7810,0,公告,https://xueqiu.com/S/SZ300301/345509808,2026-07-08 16:17:28
345509809,SZ300301,ST长方,,ST长方：内部控制制度（2025年8月） 网页链接,0,ST长方(SZ300301),0,2025-08-04 12:23:15,0,0,0,9387,0,公告,https://xueqiu.com/S/SZ300301/345509809,2026-07-08 16:17:28
345509811,SZ300301,ST长方,,ST长方：关于修订《公司章程》及修订、新增与废止部分治理制度的公告 网页链接,0,ST长方(SZ300301),0,2025-08-04 12:23:15,0,0,0,10179,0,公告,https://xueqiu.com/S/SZ300301/345509811,2026-07-08 16:17:28
345509812,SZ300301,ST长方,,ST长方：董事会薪酬与考核委员会工作细则（2025年8月） 网页链接,0,ST长方(SZ300301),0,2025-08-04 12:23:15,0,0,0,10624,0,公告,https://xueqiu.com/S/SZ300301/345509812,2026-07-08 16:17:28
345509814,SZ300301,ST长方,,ST长方：董事、高级管理人员行为准则（2025年8月） 网页链接,0,ST长方(SZ300301),0,2025-08-04 12:23:16,0,0,0,11296,0,公告,https://xueqiu.com/S/SZ300301/345509814,2026-07-08 16:17:26
345509815,SZ300301,ST长方,,ST长方：关于拟公开挂牌转让公司部分资产的公告 网页链接,0,ST长方(SZ300301),0,2025-08-04 12:23:16,0,0,0,11901,0,公告,https://xueqiu.com/S/SZ300301/345509815,2026-07-08 16:17:26
345510520,SZ300301,ST长方,ST长方：拟公开挂牌转让坪山长方工业园和长方集团楼,每经AI快讯，ST长方（SZ 300301，收盘价：2.33元）8月4日晚间发布公告称，深圳市长方集团股份有限公司于2025年8月4日召开第五届董事会第十二次会议，审议通过了《关于拟公开挂牌转让公司部分资产的议案》。根据公司现状及未来发展规划，为盘活公司资产、提升公司盈利能力，公司拟通过公开挂牌方式打包转让公司名下的坪山长方工业园和长方集团楼。 2024年1至12月份，ST长方的营业收入构成为：工业占比95.41%，其他业务占比4.59%。 截至发稿，ST长方市值为19亿元。 每经头条（nbdtoutiao）——理想i8和乘龙卡车对撞测试，由中国汽研“操刀”！权威机构如何确保权威，测试要不要公证？业内人士解读 （记者 张喜威） 免责声明：本文内容与数据仅供参考，不构成投资建议，使用前请核实。据此操作，风险自担。 每日经济新闻,0,每日经济新闻,4642157440,2025-08-04 12:30:13,0,0,0,11854,0,雪球,https://xueqiu.com/4642157440/345510520,2026-07-08 16:17:26
345510585,SZ300301,ST长方,,【ST长方：拟公开挂牌转让公司部分资产】ST长方(300301.SZ)公告称，公司拟通过公开挂牌方式打包转让公司名下的坪山长方工业园和长方集团楼。公司拟以3.74亿元的挂牌底价在深圳联合产权交易所股份有限公司公开挂牌转让标的资产；若首次挂牌期满未能征集到符合条件的意向受让方，公司拟以不低于3.11亿元的价格进行二次挂牌。两次挂牌时长均为5个工作日，若两次公开挂牌仍未能征集到符合条件的意向受让方或未能最终成交，公司将终止标的资产挂牌事宜。,0,7X24快讯,5124430882,2025-08-04 12:31:00,0,8,0,41328,0,雪球,https://xueqiu.com/5124430882/345510585,2026-07-08 16:17:26
345511481,SZ300301,ST长方,ST长方最新公告：拟公开挂牌转让公司部分资产,ST长方(300301.SZ)公告称，公司拟通过公开挂牌方式打包转让公司名下的坪山长方工业园和长方集团楼。公司拟以3.74亿元的挂牌底价在深圳联合产权交易所股份有限公司公开挂牌转让标的资产；若首次挂牌期满未能征集到符合条件的意向受让方，公司拟以不低于3.11亿元的价格进行二次挂牌。两次挂牌时长均为5个工作日，若两次公开挂牌仍未能征集到符合条件的意向受让方或未能最终成交，公司将终止标的资产挂牌事宜。以上内容为证券之星据公开信息整理，由AI算法生成（网信算备310104345710301240019号），不构成投资建议。,0,证券之星财经,5187193467,2025-08-04 12:40:09,0,0,0,13530,0,雪球,https://xueqiu.com/5187193467/345511481,2026-07-08 16:17:26
345514368,SZ300301,ST长方,ST长方调整内部组织机构：“股东大会” 改 “股东会”，撤监事会增金融证券管理中心,ST长方（300301）发布公告，公司于2025年8月4日召开第五届董事会第十二次会议，审议通过了《关于调整内部组织机构的议案》。为了进一步规范公司运作和完善公司治理，依据相关法律法规和公司实际情况，公司对内部组织机构进行了调整。 具体调整包括将“股东大会”的表述调整为“股东会”，不再设置监事会，新增金融证券管理中心。此次内部组织机构调整预计不会对公司生产经营活动产生重大影响。 2025年一季度，ST长方实现收入1.18亿元，归母净利润-2396万元。,0,ST长方(SZ300301),0,2025-08-04 13:06:27,0,0,0,15265,0,新闻,https://xueqiu.com/S/SZ300301/345514368,2026-07-08 16:17:26
345547254,SZ300301,ST长方,,$ST长方(SZ300301)$ 今天能来一个涨停吗,0,修心谨言wy,1505804711,2025-08-05 00:41:44,1,0,0,18620,0,Android,https://xueqiu.com/1505804711/345547254,2026-07-08 16:17:26
345600572,SZ300301,ST长方,,$ST长方(SZ300301)$ 感觉要退市了啊太特么拉胯了吧,0,拜金的回报小花朵,2634720323,2025-08-05 04:45:34,0,0,0,15270,0,Android,https://xueqiu.com/2634720323/345600572,2026-07-08 16:17:26
345634695,SZ300301,ST长方,摘星后火速变现！ST长方急售3.74亿元资产救急，工业园+集团大楼打包挂牌转让,"深圳商报·读创客户端记者 穆砚 8月4日晚间，深圳市长方集团股份有限公司（以下简称“ST长方”或“公司”）发布关于拟公开挂牌转让公司部分资产的公告。公告称，董事会审议通过议案，同意公司拟通过深圳产交所公开挂牌打包转让名下坪山长方工业园和长方集团楼，首次挂牌底价定为3.74亿元。若首次挂牌未果，公司将以不低于3.11亿元的价格进行二次挂牌，每次挂牌时长均为5个工作日。若两次挂牌均未成功，公司将终止本次资产转让事宜。这家深陷财务造假泥潭的LED企业试图通过资产盘活缓解经营压力，但伴随交易的是董秘因涉造假案被罚150万元后辞任、一季度亏损扩至2396万元等阴影，资产变现能否扭转现金流困境仍存变数。 公告披露，公司于2025年8月4日召开第五届董事会第十二次会议，审议通过了《关于拟公开挂牌转让公司部分资产的议案》。根据公司现状及未来发展规划，为盘活公司资产、提升公司盈利能力，公司拟通过公开挂牌方式打包转让公司名下的坪山长方工业园和长方集团楼(以下合称“标的资产”)。 根据上海众华资产评估有限公司(以下简称“众华评估”)对标的资产出具的评估报告，公司拟以37,431万元的挂牌底价在深圳联合产权交易所股份有限公司(以下简称“产交所”)公开挂牌转让标的资产，出价最高者竞得；若首次挂牌期满未能征集到符合条件的意向受让方，公司拟以不低于31,068万元的价格进行二次挂牌。两次挂牌时长均为5个工作日，若两次公开挂牌仍未能征集到符合条件的意向受让方或未能最终成交，公司将终止标的资产挂牌事宜。 本次交易将通过公开挂牌的方式转让，尚无法确定交易对手方及交易价格，目前无法判断是否构成关联交易及《上市公司重大资产重组管理办法》规定的重大资产重组。若根据最终挂牌结果构成关联交易或者《上市公司重大资产重组管理办法》规定的重大资产重组，公司将按相关法律法规规定重新履行审批程序。 该事项尚需提交公司股东大会审议，公司拟提请股东大会授权公司董事长或经合法授权的其他人员办理标的资产出售的相关事宜，包括但不限于在上述要求内调整挂牌价格，制定具体挂牌方案，签署相关协议文件，并办理标的资产产权变更登记等。 公告表示，本次拟挂牌转让的标的资产目前使用状态为出租或闲置，此次公开挂牌转让标的资产将有利于盘活公司资产，提高资产运营效率，提升公司盈利能力，不会影响公司正常生产经营。本次出售资产所得款项将用于归还银行贷款或借款，补充公司生产经营所需资金。由于标的资产以公开挂牌方式转让，相关交易成交价格存在不确定性，交易结果产生的影响暂无法准确计算。 此前，7月22日，ST长方发布公告称，董事会秘书兼副总经理江玮辞任。辞任原因是因受到证监会深圳监管局的行政处罚及深交所的公开谴责。辞任后，江玮仍在公司担任董事等职务，其辞任报告自送达董事会之日起生效。 公告称，截至公告披露日，江玮直接持有公司股份300万股，间接持有262万股，合计占公司总股本比例0.68%。江玮持有的股份属于公司2024年限制性股票激励计划的限售股，辞任后将根据相关规定执行。 江玮的辞职和并购子公司康铭盛有关。2020年、2021年，康铭盛原管理团队李迪初、聂卫、彭立新等（即康铭盛股权出让方）通过销售返利不入账等方式，虚增利润和应收账款。2022年5月6日，公司因“最近一个会计年度的财务会计报告被出具无法表示意见或者否定意见的审计报告”的情形，被实施退市风险警示；因“公司最近一年被出具无法表示意见或否定意见的内部控制审计报告或鉴证报告”的情形，被实施其他风险警示。 根据深圳证券交易所的处罚文件，*ST长方在2020年和2021年的年度报告中存在重大财务造假行为。具体包括康铭盛少记销售返利费用，虚增利润，以及虚增应收账款，分别导致*ST长方的利润虚增797.78万元和548.73万元，占公司利润总额的54.90%和2.02%。 该事件涉及的违规人员包括*ST长方时任副董事长李迪初、康铭盛时任总经理聂卫、时任副总经理、财务总监兼董事会秘书江玮等人。其中，深圳证监局对江玮给予警告，处以150万元罚款，深交所给予其公开谴责的处分。 据悉，李迪初、聂卫、彭立新等康铭盛原管理人员已被免职并离开康铭盛。2024年4月26日，公司向深交所提交申请，申请撤销其他风险警示。2025年7月11日，公司撤销退市风险警示及因公司内部控制被出具否定意见的审计报告而被实施的其他风险警示情形，证券简称由“*ST长方”变更为“ST长方”。 公开资料显示，ST长方主要从事LED离网照明、应急照明、电风扇、便携式储能产品及其他电子产品的研发、设计、生产和销售。 业绩方面，ST长方2025年一季报显示，公司实现营业总收入1.18亿元，同比下降13.94%；归母净利润亏损2395.59万元，上年同期亏损327.52万元；扣非净利润亏损2546.07万元，上年同期亏损633.39万元；经营活动产生的现金流量净额为-2544.44万元，上年同期为-1443.4万元；报告期内，*ST长方基本每股收益为-0.0289元，加权平均净资产收益率为-127.10%。 该公司目前尚未披露2025年半年度业绩。 审读：吴席平",0,深圳商报,6620276709,2025-08-05 07:30:01,0,0,0,16736,0,雪球,https://xueqiu.com/6620276709/345634695,2026-07-08 16:17:26
345680054,SZ300301,ST长方,"ST长方：截至2025年7月31日股东户数为18,871户","证券之星消息，ST长方(300301)08月05日在投资者关系平台上答复投资者关心的问题。投资者：董秘你好，请问截止到七月三十一号股东人数？谢谢ST长方董秘：您好，感谢您的关注！截至2025年7月31日，公司股东户数为18,871户。以上内容为证券之星据公开信息整理，由AI算法生成（网信算备310104345710301240019号），不构成投资建议。",0,证券之星财经,5187193467,2025-08-05 13:11:44,0,0,0,18144,0,雪球,https://xueqiu.com/5187193467/345680054,2026-07-08 16:17:26
345715482,SZ300301,ST长方,ST长方拟以3.74亿元挂牌转让深圳坪山长方工业园和长方集团楼,8月5日，ST长方公告，拟通过深圳联合产权交易所公开挂牌，打包出售坪山长方工业园及长方集团楼两项资产，首次挂牌底价3.74亿元，挂牌期5个工作日。若首次挂牌未征集到合格受让方，公司将以不低于3.11亿元启动二次挂牌，期限同样为5个工作日；若两轮挂牌均未成交，ST长方将终止本次资产出售计划。来源： 观点网,0,风财讯,1248169152,2025-08-06 00:40:17,0,0,0,17669,0,雪球,https://xueqiu.com/1248169152/345715482,2026-07-08 16:17:26
345780811,SZ300301,ST长方,,$ST长方(SZ300301)$ 这么好的票，就是不跌，净资产2亿，卖资产还要提示重组,0,活着就要找乐儿,1424090477,2025-08-06 05:25:10,0,0,0,20598,0,iPhone,https://xueqiu.com/1424090477/345780811,2026-07-08 16:17:26
346110542,SZ300301,ST长方,,$ST长方(SZ300301)$ 兄弟们真悠闲！888！,0,惯性--释放,6555094675,2025-08-08 02:37:37,0,0,0,17869,0,Android,https://xueqiu.com/6555094675/346110542,2026-07-08 16:17:26
346388770,SZ300301,ST长方,,$ST长方(SZ300301)$ 坐等起风还是出去打野,0,惯性--释放,6555094675,2025-08-11 02:26:47,0,1,0,18927,0,Android,https://xueqiu.com/6555094675/346388770,2026-07-08 16:17:26
346497499,SZ300301,ST长方,ST长方：公司电蚊拍产品销售收入占公司2024年营业总收入的8.5%左右,同花顺（300033）金融研究中心08月11日讯，有投资者向ST长方（300301）提问， 董秘你好，请问电蚊拍业务在公司的总体营收占比高吗？另外，公司还有其他驱蚊产品可以应对近期爆发的基孔肯雅热吗？谢谢 公司回答表示，您好，感谢您的关注！公司电蚊拍产品销售收入占公司2024年营业总收入的8.5%左右。除电蚊拍外，公司没有生产其他驱蚊类产品。 点击进入交易所官方互动平台查看更多,0,ST长方(SZ300301),0,2025-08-11 12:58:05,0,0,0,17339,0,新闻,https://xueqiu.com/S/SZ300301/346497499,2026-07-08 16:17:26
346499315,SZ300301,ST长方,ST长方：公司与晶能光电不存在业务重叠或竞争关系,同花顺（300033）金融研究中心08月11日讯，有投资者向ST长方（300301）提问， 长方集团于2022年5月6日被实施退市风险警示，长达三年的退市风险之剑高悬（公司和投资者均损失惨重）。2025年7月10日公司终于撤销退市风险警示，没有了退市风险，公司融资难度和融资成本有无变化？除子公司康铭盛外长方半导体经营发展情况如何？半导体产业与前实控人王敏先生旗下晶能光电有没有业务重叠或竞争关系？谢谢答复！ 公司回答表示，您好，感谢您的关注！公司在撤销退市风险警示后，已主动与银行及其他借款方展开协商，推进融资事宜，目前暂无法确定融资成本是否降低。截至目前，江西长方生产经营一切正常。公司主要从事LED离网照明、应急照明、电风扇、便携式储能产品等其他电子产品及LED照明光源器件的研发、设计、生产和销售，与晶能光电不存在业务重叠或竞争关系。 点击进入交易所官方互动平台查看更多,0,ST长方(SZ300301),0,2025-08-11 13:12:23,0,0,0,20886,0,新闻,https://xueqiu.com/S/SZ300301/346499315,2026-07-08 16:17:26
347297065,SZ300301,ST长方,ST长方：《中华人民共和国增值税法实施条例（征求意见稿）》预计不会对公司产生实质性影响,同花顺（300033）金融研究中心08月15日讯，有投资者向ST长方（300301）提问， 董秘你好，增值税法实施条例公开征求意见《实施条例》对增值税法规定的出口货物、跨境销售服务和无形资产有关范围进行明确，对涉及多个税率、征收率情形的适用规则作细化解释，请问对公司有何影响？ 公司回答表示，您好，感谢您的关注！公司严格遵守国家各项税收法律法规，现行税务处理方式符合相关法律法规要求。经了解，《中华人民共和国增值税法实施条例（征求意见稿）》预计不会对公司产生实质性影响。 点击进入交易所官方互动平台查看更多,0,ST长方(SZ300301),0,2025-08-15 13:05:29,0,0,0,18671,0,新闻,https://xueqiu.com/S/SZ300301/347297065,2026-07-08 16:17:26
347297718,SZ300301,ST长方,ST长方：增值税法实施条例预计不会对公司产生实质性影响,"证券之星消息，ST长方(300301)08月15日在投资者关系平台上答复投资者关心的问题。投资者：董秘你好，增值税法实施条例公开征求意见《实施条例》对增值税法规定的出口货物、跨境销售服务和无形资产有关范围进行明确，对涉及多个税率、征收率情形的适用规则作细化解释，请问对公司有何影响？ST长方董秘：您好，感谢您的关注！公司严格遵守国家各项税收法律法规，现行税务处理方式符合相关法律法规要求。经了解，《中华人民共和国增值税法实施条例（征求意见稿）》预计不会对公司产生实质性影响。投资者：董秘你好，请问截止到八月十号股东人数？谢谢ST长方董秘：您好，感谢您的关注！截至2025年8月8日，公司股东户数为18,826户。以上内容为证券之星据公开信息整理，由AI算法生成（网信算备310104345710301240019号），不构成投资建议。",0,证券之星财经,5187193467,2025-08-15 13:10:41,0,0,0,19552,0,雪球,https://xueqiu.com/5187193467/347297718,2026-07-08 16:17:26
347415260,SZ300301,ST长方,,$ST长方(SZ300301)$ 蚊子概念,0,活着就要找乐儿,1424090477,2025-08-17 05:27:19,0,0,0,23114,0,iPhone,https://xueqiu.com/1424090477/347415260,2026-07-08 16:17:26
347835445,SZ300301,ST长方,,ST长方：关于为子公司提供担保的进展公告 网页链接,0,ST长方(SZ300301),0,2025-08-19 10:11:01,0,0,0,18990,0,公告,https://xueqiu.com/S/SZ300301/347835445,2026-07-08 16:17:24
348073223,SZ300301,ST长方,,ST长方：2025年第一次临时股东大会决议公告 网页链接,0,ST长方(SZ300301),0,2025-08-20 12:39:21,0,1,0,21293,0,公告,https://xueqiu.com/S/SZ300301/348073223,2026-07-08 16:17:24
348073483,SZ300301,ST长方,,ST长方：关于长方集团2025年第一次临时股东大会的法律意见书 网页链接,0,ST长方(SZ300301),0,2025-08-20 12:40:35,0,0,0,18839,0,公告,https://xueqiu.com/S/SZ300301/348073483,2026-07-08 16:17:24
348267600,SZ300301,ST长方,,ST长方：关于公开挂牌转让公司部分资产的进展公告 网页链接,0,ST长方(SZ300301),0,2025-08-21 10:23:10,0,0,0,18102,0,公告,https://xueqiu.com/S/SZ300301/348267600,2026-07-08 16:17:24
348286796,SZ300301,ST长方,,ST长方：8月21日，ST长方公告，公司以3.74亿元的挂牌底价在深圳联合产权交易所首次挂牌转让坪山长方工业园和长方集团楼。挂牌起止日期为2025年8月21日至2025年8月28日。若首次挂牌期满未能征集到符合条件的意向受让方，公司将以不低于3.11亿元的价格进行二次挂牌。公司将根据挂牌转让进展情况及时履行信息披露义务，本次公开挂牌转让结果存在不确定性。,0,丰合揚,5677037795,2025-08-21 12:24:01,0,0,0,20671,0,iPhone,https://xueqiu.com/5677037795/348286796,2026-07-08 16:17:24
348498180,SZ300301,ST长方,,$ST长方(SZ300301)$ 创业板大涨，你却说自己不属创业板，是ST板块。等ST板块大涨时，你又说自己不是ST板块，是创业板了,0,修心谨言wy,1505804711,2025-08-22 09:57:08,0,0,0,22080,0,Android,https://xueqiu.com/1505804711/348498180,2026-07-08 16:17:24
348993960,SZ300301,ST长方,,$ST长方(SZ300301)$ 卖了厂房，半年报应该不错的。,0,修心谨言wy,1505804711,2025-08-26 01:35:26,1,1,0,23305,0,Android,https://xueqiu.com/1505804711/348993960,2026-07-08 16:17:24
349429543,SZ300301,ST长方,,ST长方：关于2025年半年度计提资产减值准备的公告 网页链接,0,ST长方(SZ300301),0,2025-08-27 12:35:29,0,0,0,19389,0,公告,https://xueqiu.com/S/SZ300301/349429543,2026-07-08 16:17:24
349429550,SZ300301,ST长方,,ST长方：关于2025年半年度报告披露提示性公告 网页链接,0,ST长方(SZ300301),0,2025-08-27 12:35:30,0,0,0,23082,0,公告,https://xueqiu.com/S/SZ300301/349429550,2026-07-08 16:17:24
349430131,SZ300301,ST长方,,ST长方：2025年半年度报告摘要 网页链接,0,ST长方(SZ300301),0,2025-08-27 12:38:16,0,0,0,32406,0,公告,https://xueqiu.com/S/SZ300301/349430131,2026-07-08 16:17:24
349430133,SZ300301,ST长方,,ST长方：董事会决议公告 网页链接,0,ST长方(SZ300301),0,2025-08-27 12:38:16,0,0,0,33966,0,公告,https://xueqiu.com/S/SZ300301/349430133,2026-07-08 16:17:24
349430136,SZ300301,ST长方,,ST长方：2025年半年度报告 网页链接,0,ST长方(SZ300301),0,2025-08-27 12:38:17,0,1,0,38839,0,公告,https://xueqiu.com/S/SZ300301/349430136,2026-07-08 16:17:24
349430137,SZ300301,ST长方,,ST长方：2025年半年度非经营性资金占用及其他关联资金往来情况汇总表 网页链接,0,ST长方(SZ300301),0,2025-08-27 12:38:17,0,0,0,37048,0,公告,https://xueqiu.com/S/SZ300301/349430137,2026-07-08 16:17:24
349430144,SZ300301,ST长方,,ST长方：关于公司股票交易被实施其他风险警示相关事项的进展公告 网页链接,0,ST长方(SZ300301),0,2025-08-27 12:38:18,0,2,0,41452,0,公告,https://xueqiu.com/S/SZ300301/349430144,2026-07-08 16:17:24
349430472,SZ300301,ST长方,,$ST长方(SZ300301)$中报:净资产增加约1.8亿。营收2.1亿+。,0,仓大未满,8092575878,2025-08-27 12:39:56,15,13,0,59095,0,Android,https://xueqiu.com/8092575878/349430472,2026-07-08 16:17:24
349451485,SZ300301,ST长方,,$ST长方(SZ300301)$ 难怪一直不涨了，果然是中报不理想。,0,修心谨言wy,1505804711,2025-08-27 13:59:31,0,0,0,49051,0,Android,https://xueqiu.com/1505804711/349451485,2026-07-08 16:17:24
349952621,SZ300301,ST长方,,ST长方：关于公开挂牌转让公司部分资产的进展公告 网页链接,0,ST长方(SZ300301),0,2025-08-29 10:09:57,0,0,0,44849,0,公告,https://xueqiu.com/S/SZ300301/349952621,2026-07-08 16:17:24
350458500,SZ300301,ST长方,$ST长方(SZ300301)$,$ST长方(SZ300301)$ 假ST，2025年6月28日收到处罚决定书，至2026年6月28日后行政处罚满12个月可以申请摘帽时间条件。$ST长方(SZ300301)$目前可以采取越跌越买策略。,0,ST右测,4938423979,2025-09-02 02:43:33,1,2,0,64679,1,雪球,https://xueqiu.com/4938423979/350458500,2026-07-08 16:17:24
351204028,SZ300301,ST长方,,ST长方：关于公开挂牌转让公司部分资产的进展公告 网页链接,0,ST长方(SZ300301),0,2025-09-05 08:23:09,1,0,0,44495,0,公告,https://xueqiu.com/S/SZ300301/351204028,2026-07-08 16:17:24
352415593,SZ300301,ST长方,ST长方：灭蚊灯产品销量较去年同期持平,同花顺（300033）金融研究中心09月12日讯，有投资者向ST长方（300301）提问， 董秘你好，请问公司今年新开发的灭蚊灯销量如何？今年已过大半，下半年公司如何扭亏？有无具体措施？ 公司回答表示，您好，感谢您的关注！公司始终关注市场动态并积极进行新产品开发，灭蚊灯产品销量较去年同期持平，该产品目前在公司总体营业收入中占比较小，其销售情况未对公司整体业绩产生重大影响。公司会持续跟踪该产品的市场反馈，并以此为依据优化后续的产品规划和市场策略。公司管理层高度重视2025上半年业绩表现，下半年将进一步巩固和扩大市场份额，通过产品迭代升级、拓展营销渠道等方式，夯实收入基础。并通过降本增效、优化生产管理、盘活资产、加速存货周转及加强技术研发与创新等措施提升经营效能，改善业绩。公司2025全年业绩情况请以公司后续披露的2025年年度报告为准。 点击进入交易所官方互动平台查看更多,0,ST长方(SZ300301),0,2025-09-12 13:22:18,0,0,0,39440,0,新闻,https://xueqiu.com/S/SZ300301/352415593,2026-07-08 16:17:24
352727589,SZ300301,ST长方,,ST长方：关于重大诉讼的进展公告 网页链接,0,ST长方(SZ300301),0,2025-09-15 10:56:09,1,0,0,41981,0,公告,https://xueqiu.com/S/SZ300301/352727589,2026-07-08 16:17:22
352828467,SZ300301,ST长方,,明年6月摘帽。 王刚（持股4％+）是准实控人，他借给长方公司约3.7亿，现长方董事会里一群王刚的人。 他兄弟的（晶能光电正在上市辅导）或他的资产（车仆实业）有注入可能。。#没有答案的答案#,0,仓大未满,8092575878,2025-09-16 03:13:19,2,15,0,49831,1,Android,https://xueqiu.com/8092575878/352828467,2026-07-08 16:17:22
352916337,SZ300301,ST长方,,ST长方：关于子公司为公司向银行申请抵押贷款提供担保的公告 网页链接,0,ST长方(SZ300301),0,2025-09-16 10:23:14,0,0,0,44671,0,公告,https://xueqiu.com/S/SZ300301/352916337,2026-07-08 16:17:22
352919715,SZ300301,ST长方,ST长方：公司及控股子公司审议通过的对外担保额度总金额为4.4亿元,每经AI快讯，ST长方（SZ 300301，收盘价：2.28元）9月16日晚间发布公告称，截至本公告披露日，公司及控股子公司审议通过的对外担保额度总金额为4.4亿元，占公司追溯后2024年末净资产的187.7%；实际担保金额为1500万元，占公司追溯后2024年末净资产的6.4%。 2025年1至6月份，ST长方的营业收入构成为：工业占比94.86%，其他业务占比5.14%。 截至发稿，ST长方市值为19亿元。 每经头条（nbdtoutiao）——海拔4306米现“秦始皇密令”，获官方“身份认定”！古文字学家刘钊：秦人寻仙采药足迹确至青藏高原 （记者 曾健辉） 免责声明：本文内容与数据仅供参考，不构成投资建议，使用前请核实。据此操作，风险自担。 每日经济新闻,0,每日经济新闻,4642157440,2025-09-16 10:50:29,0,0,0,45183,0,雪球,https://xueqiu.com/4642157440/352919715,2026-07-08 16:17:22
354358418,SZ300301,ST长方,,又一个脱壳而逃的 ST长方300301.SZ2012年，上市前的老登家。2025年时一个都不见了，12-22年，累计卖出超过13亿。羡慕嫉妒又眼红啊,0,翻石头的孩子,5385196572,2025-09-25 02:40:22,0,0,0,40618,0,雪球,https://xueqiu.com/5385196572/354358418,2026-07-08 16:17:22
354970246,SZ300301,ST长方,,ST长方：关于公司股票交易被实施其他风险警示相关事项的进展公告 网页链接,0,ST长方(SZ300301),0,2025-09-29 08:08:46,0,0,0,35243,0,公告,https://xueqiu.com/S/SZ300301/354970246,2026-07-08 16:17:22
355202059,SZ300301,ST长方,ST长方：公司主要从事LED封装及离网照明业务，未开展新能源锂电池业务,同花顺（300033）金融研究中心09月30日讯，有投资者向ST长方（300301）提问， 请问下公司在新能源锂电池和半导体封装上有相关布局？ 公司回答表示，您好，感谢您的关注！公司主要从事LED封装及离网照明业务，未开展新能源锂电池业务。 点击进入交易所官方互动平台查看更多,0,ST长方(SZ300301),0,2025-09-30 13:00:27,0,0,0,33311,0,新闻,https://xueqiu.com/S/SZ300301/355202059,2026-07-08 16:17:22
356412430,SZ300301,ST长方,ST长方：面对当前的经营挑战，公司将进一步巩固和扩大市场份额，夯实收入基础,同花顺（300033）金融研究中心10月13日讯，有投资者向ST长方（300301）提问， 董秘你好，公司近期向中信银行申请抵押贷款，是否已置换向王刚的借款？是否已协商降低王总借款利率？年底已近公司有何安排扭亏？请予以答复谢谢 公司回答表示，您好，感谢您的关注！公司向中信银行申请的贷款主要用于生产经营，系续贷，未增加贷款额度。目前，公司融资仍存在一定难度，关于向王刚先生借款的具体条款（包括利率）是基于市场化原则协商确定，体现了股东对公司发展的支持。目前相关协议均在正常履行中。面对当前的经营挑战，公司将进一步巩固和扩大市场份额，通过产品迭代升级、拓展营销渠道等方式，夯实收入基础。并通过降本增效、优化生产管理、盘活资产、加速存货周转及加强技术研发与创新等措施提升经营效能，改善业绩。公司2025全年业绩情况请以公司后续披露的2025年年度报告为准。 点击进入交易所官方互动平台查看更多,0,ST长方(SZ300301),0,2025-10-13 12:59:04,0,0,0,22499,0,新闻,https://xueqiu.com/S/SZ300301/356412430,2026-07-08 16:17:22
356413975,SZ300301,ST长方,ST长方：子公司暂未开展业务,证券之星消息，ST长方(300301)10月13日在投资者关系平台上答复投资者关心的问题。投资者：董秘你好，公司子公司江西长方源动新能源发展有限公司目前主要开展哪方面业务，经营状况如何，公司在储能和半导体方面主要发展方向和技术储备如何？ST长方董秘：您好，感谢您的关注！公司子公司江西长方源动新能源发展有限公司暂未开展业务。公司主要从事 LED 照明光源器件、LED 照明产品及电风扇、便携式储能产品等其他电子产品的研发、设计、生产和销售。投资者：董秘你好。请问目前公司江西长方半导体科技有限公司经营状况如何？三季度公司经营是否向好，年底扭亏目标是否能完成？ST长方董秘：您好，感谢您的关注！公司子公司江西长方半导体科技有限公司目前经营一切正常。公司第三季度及2025年度经营及业绩情况请关注公司后续披露的定期报告。投资者：董秘你好，按照公司2024年限制性股票激励计划，公司股份如果2026年3月26日上市交易，2025净利润必须为正，请问是否属实？若2025年净利润为正，按规定公司何时申请摘帽？按规定公司是否满足并购重组的条件？ST长方董秘：您好，感谢您的关注！1、根据公司《2024年限制性股票激励计划（草案》的相关规定，本次激励计划首次授予的限制性股票第一个解禁期考核目标值为2025年净利润为正或者以公司2024年营业收入为基准，2025年营业收入增长率不低于10%。具体内容详见公司于2024年11月28日在巨潮资讯网披露的《2024年限制性股票激励计划（草案）》。2、公司于2025年6月27日收到深圳证监局出具的《行政处罚决定书》（〔2025〕6号），公司将在满足《深圳证券交易所创业板股票上市规则》第9.11条相关撤销其他风险警示条件例如自中国证监会作出行政处罚决定书之日起已满十二个月及就行政处罚决定所涉事项对相应年度财务会计报告进行追溯重述后及时向深圳证券交易所申请撤销其他风险警示。3、并购重组条件请参考《上市公司重大资产重组管理办法》等法律法规有关规定。以上内容为证券之星据公开信息整理，由AI算法生成（网信算备310104345710301240019号），不构成投资建议。,0,证券之星财经,5187193467,2025-10-13 13:10:18,0,0,0,26375,0,雪球,https://xueqiu.com/5187193467/356413975,2026-07-08 16:17:22
357181858,SZ300301,ST长方,ST长方：公司子公司康铭盛确已中标2025-2027年芜湖汽车前瞻院智能车载类产品-车载射灯车/载灵动光采购...,同花顺（300033）金融研究中心10月17日讯，有投资者向ST长方（300301）提问， 查询到奇瑞集团采购平台2025-2027年芜湖汽车前瞻院智能车载产品-车载射灯/车载灵动光采购项目长方集团康铭盛（深圳）科技有限公司中标。请问是否属实？公司一直在做离网照明产品，如今参与车载射灯和灵动光源产品，请问车用灯源公司未来是自研自产，还是依赖对外采购后交付给奇瑞？ 公司回答表示，您好，感谢您的关注！公司子公司康铭盛确已中标2025-2027年芜湖汽车前瞻院智能车载类产品-车载射灯车/载灵动光采购项目，项目产品均为康铭盛自主研发生产。鉴于该项目涉及金额较小，对公司整体经营业绩不会产生重大影响，请广大投资者注意投资风险。 点击进入交易所官方互动平台查看更多,0,ST长方(SZ300301),0,2025-10-17 13:01:26,0,0,0,21617,0,新闻,https://xueqiu.com/S/SZ300301/357181858,2026-07-08 16:17:22
358070671,SZ300301,ST长方,,$ST长方(SZ300301)$ 老套路了，上长阴，后跌,0,不同,7362729651,2025-10-24 06:17:13,0,0,0,17182,0,Android,https://xueqiu.com/7362729651/358070671,2026-07-08 16:17:22
358428828,SZ300301,ST长方,,ST长方：第五届董事会第十四次会议决议公告 网页链接,0,ST长方(SZ300301),0,2025-10-27 10:29:35,0,0,0,13226,0,公告,https://xueqiu.com/S/SZ300301/358428828,2026-07-08 16:17:22
358428830,SZ300301,ST长方,,ST长方：关于聘任董事会秘书的公告 网页链接,0,ST长方(SZ300301),0,2025-10-27 10:29:35,0,0,0,14164,0,公告,https://xueqiu.com/S/SZ300301/358428830,2026-07-08 16:17:22
358428831,SZ300301,ST长方,,ST长方：关于2025年前三季度计提资产减值准备的公告 网页链接,0,ST长方(SZ300301),0,2025-10-27 10:29:35,0,0,0,14717,0,公告,https://xueqiu.com/S/SZ300301/358428831,2026-07-08 16:17:22
358428832,SZ300301,ST长方,,ST长方：关于2025年三季度报告披露提示性公告 网页链接,0,ST长方(SZ300301),0,2025-10-27 10:29:35,0,0,0,15471,0,公告,https://xueqiu.com/S/SZ300301/358428832,2026-07-08 16:17:22
358428843,SZ300301,ST长方,,ST长方：2025年三季度报告 网页链接,0,ST长方(SZ300301),0,2025-10-27 10:29:36,0,0,0,17376,0,公告,https://xueqiu.com/S/SZ300301/358428843,2026-07-08 16:17:22
358433278,SZ300301,ST长方,ST长方：2025年前三季度计提减值准备2098.47万元,每经AI快讯，ST长方（SZ 300301，收盘价：2.17元）10月27日晚间发布公告称，公司根据《企业会计准则》及公司财务制度的相关规定，为客观、真实、准确地反映公司的资产和财务状况，公司对截至2025年9月30日的各类应收款项、存货、固定资产等资产进行了全面清查，对各项资产减值的可能性进行了充分的评估和分析，并对2025年前三季度合并会计报表范围内各类资产共计提减值准备2098.47万元。 本次计提资产减值准备合计2098.47万元，将减少公司2025年前三季度利润总额2098.47万元。 2025年1至6月份，ST长方的营业收入构成为：工业占比94.86%，其他业务占比5.14%。 截至发稿，ST长方市值为18亿元。 每经头条（nbdtoutiao）——拉1人入伙返1500元，投10万元成亿万富翁？这家公司大肆宣传将房产海外代币化，有交了钱的人称是“牙签撬动地球” （记者 王晓波） 免责声明：本文内容与数据仅供参考，不构成投资建议，使用前请核实。据此操作，风险自担。 每日经济新闻,0,每日经济新闻,4642157440,2025-10-27 10:50:43,0,0,0,15727,0,雪球,https://xueqiu.com/4642157440/358433278,2026-07-08 16:17:22
358434096,SZ300301,ST长方,财报速递：ST长方2025年前三季度净亏损8673.17万元,10月28日，A股上市公司ST长方（300301）发布2025年前三季度业绩报告，其中，净亏损8673.17万元，亏损同比扩大131.61%。 根据同花顺财务诊断大模型对其本期及过去5年财务数据1200余项财务指标的综合运算及跟踪分析，ST长方近五年总体财务状况低于行业平均水平。具体而言，营运能力良好，资产质量优秀。 净亏损8673.17万元，亏损同比扩大131.61% 从营收和利润方面看，公司本报告期实现营业总收入3.12亿元，同比下降17.58%，净亏损8673.17万元，亏损同比扩大131.61%，基本每股收益为-0.10元。 从资产方面看，公司报告期内，期末资产总计为8.74亿元，应收账款为1.03亿元；现金流量方面，经营活动产生的现金流量净额为-2662.79万元，销售商品、提供劳务收到的现金为2.73亿元。 存在4项财务风险 根据ST长方公布的相关财务信息显示，公司存在4个财务风险，具体如下： 指标类型评述收益率净资产收益率平均为-71.51%，公司盈利能力较差。盈利营业利润率平均为-19.42%，公司赚钱能力较差。偿债速动比率为0.20，短期偿债能力很弱。收现主营业务收现比率平均为88.84%，公司现金流很弱。 综合来看，ST长方总体财务状况低于行业平均水平，当前总评分为1.46分，在所属的光学光电子行业的110家公司中排名靠后。具体而言，营运能力良好，资产质量优秀。 各项指标评分如下： 指标类型上期评分本期评分排名评价现金流0.550.50100较弱资产质量1.684.5012很高营运能力3.823.8626良好成长能力0.592.3659尚可盈利能力0.410.8692较低偿债能力0.590.7794较低总分0.901.4682低于行业平均水平 关于同花顺财务诊断大模型 同花顺（300033）财务诊断大模型根据公司最新及往期财务数据和行业状况，计算出公司的财务评分、亮点和风险，反映公司已披露的财务状况，但不是对未来财务状况的预测。财务评分区间为0~5分，分数越高说明财务状况越好、对中长期的投资价值越大。财务亮点与风险评述中涉及“平均”关键词的取指标5年平均值，没有“平均”关键词的取最新报告期数据。上述所有信息均基于人工智能算法，仅供参考，不代表同花顺财经观点，投资者据此操作，风险自担。 了解更多该公司的股票诊断信息>>>,0,ST长方(SZ300301),0,2025-10-27 10:56:03,0,1,0,27659,0,新闻,https://xueqiu.com/S/SZ300301/358434096,2026-07-08 16:17:22
358698575,SZ300301,ST长方,ST长方（300301）2025年三季报简析：净利润同比下降131.61%，三费占比上升明显,据证券之星公开数据整理，近期ST长方（300301）发布2025年三季报。截至本报告期末，公司营业总收入3.12亿元，同比下降17.58%，归母净利润-8673.17万元，同比下降131.61%。按单季度数据看，第三季度营业总收入9880.47万元，同比下降8.7%，第三季度归母净利润-3257.78万元，同比下降80.69%。本报告期ST长方三费占比上升明显，财务费用、销售费用和管理费用总和占总营收同比增幅达45.73%。本次财报公布的各项数据指标表现不尽如人意。其中，毛利率23.1%，同比减11.33%，净利率-27.84%，同比减181.22%，销售费用、管理费用、财务费用总计1.1亿元，三费占营收比35.18%，同比增45.73%，每股净资产0.2元，同比增1006.99%，每股经营性现金流-0.03元，同比减52.26%，每股收益-0.1元，同比减120.46%证券之星价投圈财报分析工具显示：业务评价：去年的净利率为-8.26%，算上全部成本后，公司产品或服务的附加值不高。从历史年报数据统计来看，公司近10年来中位数ROIC为-4.68%，中位投资回报极差，其中最惨年份2023年的ROIC为-31.72%，投资回报极差。公司历史上的财报非常一般，公司上市来已有年报12份，亏损年份8次，如无借壳上市等因素，价投一般不看这类公司。财报体检工具显示：建议关注公司现金流状况（货币资金/流动负债仅为2.14%、近3年经营性现金流均值/流动负债仅为-6.66%）建议关注财务费用状况（近3年经营活动产生的现金流净额均值为负）以上内容为证券之星据公开信息整理，由AI算法生成（网信算备310104345710301240019号），不构成投资建议。,0,证券之星财经,5187193467,2025-10-28 22:41:12,0,0,0,24373,0,雪球,https://xueqiu.com/5187193467/358698575,2026-07-08 16:17:20
358758038,SZ300301,ST长方,,$ST长方(SZ300301)$你一个18亿的2元的假ST 还不借壳上市吗？南昌鑫旺资本企业（有限合伙）具有国资背景。南昌鑫旺的普通合伙人与执行事务合伙人为南昌世纪洪城资本管理有限公司，而洪城资本是由南昌市政府、南昌高新区管委会联合著名风险投资管理公司北京世纪金沙江创投共同设立的混合所有制基金 。其股东包括南昌洪城资本二期投资企业（有限合伙）和南昌洪城资本投资企业（有限合伙），这两家企业均为国资背景 。此外，东方财富网的相关内容也明确提及南昌鑫旺资本具有南昌市人民政府背景。,0,一张嘴,5652886067,2025-10-29 03:14:56,0,5,0,41791,6,Android,https://xueqiu.com/5652886067/358758038,2026-07-08 16:17:20
358781843,SZ300301,ST长方,,$ST长方(SZ300301)$ 马上要摘帽 没有两块钱的价格了 管理层现在还不并购重组吗？ 时间不多了,0,一张嘴,5652886067,2025-10-29 05:20:22,0,0,0,28010,0,Android,https://xueqiu.com/5652886067/358781843,2026-07-08 16:17:20
358970027,SZ300301,ST长方,,$ST长方(SZ300301)$ 真服了，拿3个月不动，主力是看着我卖的吗？,0,cHen二毛,1428645558,2025-10-30 01:52:06,0,0,0,28039,0,Android,https://xueqiu.com/1428645558/358970027,2026-07-08 16:17:20
359099619,SZ300301,ST长方,,ST长方：关于公司股票交易被实施其他风险警示相关事项的进展公告 网页链接,0,ST长方(SZ300301),0,2025-10-30 09:46:56,0,0,0,24957,0,公告,https://xueqiu.com/S/SZ300301/359099619,2026-07-08 16:17:20
359598227,SZ300301,ST长方,ST长方：公司为国家高新技术企业，主要从事LED离网照明、应急照明等产品的研发、生产和销售,同花顺（300033）金融研究中心11月03日讯，有投资者向ST长方（300301）提问， 董秘你好，请问公司是否为科技公司？有否向新兴行业转型的计划 公司回答表示，您好，感谢您的关注！公司为国家高新技术企业，主要从事LED离网照明、应急照明、电风扇、便携式储能产品等其他电子产品及LED照明光源器件的研发、 设计、生产和销售。公司始终关注行业发展趋势，将结合自身实际和长期战略规划，持续寻找潜在发展机会，在稳健经营的前提下稳步推进多元化布局，不断提升综合竞争力。 点击进入交易所官方互动平台查看更多,0,ST长方(SZ300301),0,2025-11-03 04:07:30,0,0,0,23995,0,新闻,https://xueqiu.com/S/SZ300301/359598227,2026-07-08 16:17:20
359598376,SZ300301,ST长方,ST长方：公司未收到第一大股东增持公司股份计划及协助公司转型的安排,同花顺（300033）金融研究中心11月03日讯，有投资者向ST长方（300301）提问， 董秘你好，公司第一大股东南昌鑫旺资本企业（有限合伙）实际控制人为南昌国资委，持股成本5.2元，几年来没有参与公司经营，为避免国有资产流失，在国家大力发展资本市场，盘活“三资”改革加速国资证券化的背景下，有无增持公司股份或协助公司转型的安排？ 公司回答表示，您好，感谢您的关注！鑫旺资本作为公司股东依法行使股东权利向公司提名推荐了董事，其推荐的董事履行《公司法》等法律法规及《公司章程》赋予董事的职责。公司未收到第一大股东增持公司股份计划及协助公司转型的安排。 点击进入交易所官方互动平台查看更多,0,ST长方(SZ300301),0,2025-11-03 04:08:38,0,0,0,24662,0,新闻,https://xueqiu.com/S/SZ300301/359598376,2026-07-08 16:17:20
361212075,SZ300301,ST长方,,ST长方：第五届董事会第十五次会议决议公告 网页链接,0,ST长方(SZ300301),0,2025-11-12 11:33:35,0,0,0,14306,0,公告,https://xueqiu.com/S/SZ300301/361212075,2026-07-08 16:17:20
361212077,SZ300301,ST长方,,ST长方：关于处置公司部分资产的公告 网页链接,0,ST长方(SZ300301),0,2025-11-12 11:33:35,0,0,0,15025,0,公告,https://xueqiu.com/S/SZ300301/361212077,2026-07-08 16:17:20
361212079,SZ300301,ST长方,,ST长方：关于提高全资子公司实缴资本额及调整注册资本的公告 网页链接,0,ST长方(SZ300301),0,2025-11-12 11:33:35,0,0,0,16293,0,公告,https://xueqiu.com/S/SZ300301/361212079,2026-07-08 16:17:20
361212080,SZ300301,ST长方,,ST长方：关于召开2025年第二次临时股东会的通知 网页链接,0,ST长方(SZ300301),0,2025-11-12 11:33:35,0,0,0,19625,0,公告,https://xueqiu.com/S/SZ300301/361212080,2026-07-08 16:17:20
361213820,SZ300301,ST长方,ST长方(300301.SZ)：拟处置部分陈旧闲置机器设备,来源：格隆汇APP格隆汇11月12日丨ST长方(300301.SZ)公布，，为优化公司资产结构，提高资产运营效率，提升公司盈利能力，公司以公开招标方式处置部分陈旧闲置机器设备。本次处置后，公司及子公司近十二个月累计处置的机器设备对公司净利润影响的绝对值金额预计为671.82万元，占公司2024年经审计净利润的16.10%，占公司投资性房地产会计政策变更追溯调整后（下称“追溯后”）2024年净利润的19.91%。,0,ST长方(SZ300301),0,2025-11-12 11:45:04,0,0,0,19527,0,新闻,https://xueqiu.com/S/SZ300301/361213820,2026-07-08 16:17:20
361215948,SZ300301,ST长方,ST长方：11月11日召开董事会会议,每经AI快讯，ST长方（SZ 300301，收盘价：2.52元）11月12日晚间发布公告称，公司第五届第十五次董事会会议于2025年11月11日在公司会议室以现场和通讯相结合的方式召开。会议审议了《关于处置公司部分资产的议案》等文件。 2025年1至6月份，ST长方的营业收入构成为：工业占比94.86%，其他业务占比5.14%。 截至发稿，ST长方市值为21亿元。 每经头条（nbdtoutiao）——谁在替王家卫写《繁花》？揭秘影视剧本层层转包“枪手链” （记者 王晓波） 免责声明：本文内容与数据仅供参考，不构成投资建议，使用前请核实。据此操作，风险自担。 每日经济新闻,0,每日经济新闻,4642157440,2025-11-12 12:00:11,0,0,0,19952,0,雪球,https://xueqiu.com/4642157440/361215948,2026-07-08 16:17:20
361229846,SZ300301,ST长方,,25.11.12日晚间st板块公告集锦：1.ST长方，提高全资子公司实缴资本额及调整注册资本，近十二个月累计处置的机器设备对公司净利润影响的绝对值金额预计为671.82万元。2.ST中迪，公司股票交易异常波动暨停牌核查，计停牌时间不超过3个交易日。3.ST易购，债权债务重组，《债权债务重组协议书》履行完毕后，公司预计将增加利润总额约5.6亿元。4.*ST炼石，公司重整计划获法院裁定批准。5.ST东尼，收到中国证券监督管理委员会浙江监管局《行政处罚决定书》，高管罚款。,0,花燕萍,9071569852,2025-11-12 13:52:18,0,2,0,52190,0,雪球,https://xueqiu.com/9071569852/361229846,2026-07-08 16:17:20
361232696,SZ300301,ST长方,,"$ST长方(SZ300301)$ 南昌国资委什么时候注入资产？江西长方半导体科技有限公司统一社会信用代码：91360126MA38FGY79T成立日期：2019-04-03注册地址：江西省南昌市临空经济区黄堂西街711号智能光电产业园1#厂房公司类型：有限责任公司注册资本：人民币31,224.49万元法定代表人：吴涛祥经营范围：一般项目：技术服务、技术开发、技术咨询、技术交流、技术转让、技术推广，半导体器件专用设备制造，半导体器件专用设备销售，照明器具制造，照明器具销售，半导体照明器件制造，半导体照明器件销售，光伏设备及元器件制造，光伏设备及元器件销售，电子产品销售，电子元器件制造，电子元器件零售，货物进出口，物业管理，非居住房地产租赁（除依法须经批准的项目外，凭营业执照依法自主开展经营活动）",0,一张嘴,5652886067,2025-11-12 14:12:58,1,2,0,51159,1,Android,https://xueqiu.com/5652886067/361232696,2026-07-08 16:17:20
361238938,SZ300301,ST长方,ST长方最新公告：拟处置部分陈旧闲置机器设备预计影响净利润671.82万元,ST长方(300301.SZ)公告称，公司于2025年11月11日召开董事会审议通过《关于处置公司部分资产的议案》，将以公开招标方式处置部分陈旧闲置机器设备。本次处置后，公司及子公司近十二个月累计处置的机器设备对公司净利润影响的绝对值金额预计为671.82万元，占公司2024年经审计净利润的16.10%。以上内容为证券之星据公开信息整理，由AI算法生成（网信算备310104345710301240019号），不构成投资建议。,0,证券之星财经,5187193467,2025-11-12 14:50:08,0,0,0,36588,0,雪球,https://xueqiu.com/5187193467/361238938,2026-07-08 16:17:20
361629722,SZ300301,ST长方,ST长方：投资者询问营收、利润及收购安排，董秘回应,来源：问董秘投资者提问：董秘你好。请问本年企业营收能否增长百分之十，或利润能否转正？公司有无收购安排？董秘回答(ST长方SZ300301)：您好，感谢您的关注！公司2025全年业绩情况请以公司后续披露的2025年年度报告为准。公司后续若有收购相关事项，将严格按照相关规定及时履行信息披露义务。查看更多董秘问答>>免责声明：本信息由新浪财经从公开信息中摘录，不构成任何投资建议；新浪财经不保证数据的准确性，内容仅供参考。,0,ST长方(SZ300301),0,2025-11-14 13:05:06,0,0,0,32368,0,新闻,https://xueqiu.com/S/SZ300301/361629722,2026-07-08 16:17:20
361629820,SZ300301,ST长方,"ST长方：截至2025年11月10日公司股东户数为18,343户","来源：问董秘投资者提问：董秘你好，请问截止到11月10号股东人数？董秘回答(ST长方SZ300301)：您好，感谢您的关注！截至2025年11月10日，公司股东户数为18,343户。查看更多董秘问答>>免责声明：本信息由新浪财经从公开信息中摘录，不构成任何投资建议；新浪财经不保证数据的准确性，内容仅供参考。",0,ST长方(SZ300301),0,2025-11-14 13:06:06,0,0,0,35299,0,新闻,https://xueqiu.com/S/SZ300301/361629820,2026-07-08 16:17:18
361637796,SZ300301,ST长方,ST长方A股股东户数增加133户增幅0.73%，流通A股户均持股4.31万股降幅0.73%，户均持股市值10.81万元增幅...,来源：新浪证券-红岸工作室11月13日消息，数据显示，截至2025年11月10日，ST长方A股股东总户数为1.83万户，较上期（2025年10月20日）增加133户，增幅0.73%。公司最新A股总股本为8.3亿股，其中流通A股7.9亿股，户均持有流通A股数量为4.31万股，较上期减少314.48股，降幅0.73%；户均持流通A股市值10.81万元，较上期增加1.66万元，增幅18.09%。最新10个统计日期，ST长方股东户数变动如下：日期A股户数（户）流通A股户均持股数（股）户均持股市值（万元）2025-11-101834343057.2610.812025-10-201821043371.749.152025-10-101821143369.369.452025-09-301827743212.759.592025-09-191858042512.209.692025-09-101853542615.429.802025-08-201893741710.7610.052025-08-081882641956.699.822025-07-311887141856.649.842025-07-181898441607.509.57近一年（2024年11月20日至2025年11月10日），ST长方A股股东户数从2.25万户，减低至1.83万户，降幅18.52%，区间股价上涨44.25%。资料显示，深圳市长方集团股份有限公司位于广东省深圳市龙华区福城街道人民路221号，成立日期2005年5月30日，上市日期2012年3月21日，公司主营业务涉及LED照明光源器件、LED照明产品及电风扇、便携式储能产品等其他电子产品的研发、设计、生产和销售。主营业务收入构成为：移动照明应用产品及其他电子产品87.50%，贴片式LED(含大功率)7.35%，其他(补充)5.14%。ST长方所属申万行业为：电子-光学光电子-LED。所属概念板块包括：小盘、微盘股、低价、储能、PPP概念等。风险提示：市场有风险，投资需谨慎。本文为AI大模型基于第三方财汇数据库自动发布，任何在本文出现的信息（包括但不限于个股、评论、预测、图表、指标、理论、任何形式的表述等）均只作为参考，不构成个人投资建议。受限于第三方数据库质量等问题，我们无法对数据的真实性及完整性进行分辨或核验，因此本文内容可能出现不准确、不完整、误导性的内容或信息，具体以公司公告为准。如有疑问，请联系biz@staff.sina.com.cn。,0,ST长方(SZ300301),0,2025-11-14 14:20:07,0,0,0,42801,0,新闻,https://xueqiu.com/S/SZ300301/361637796,2026-07-08 16:17:18
361896414,SZ300301,ST长方,,$ST长方(SZ300301)$ $ST智云(SZ300097)$ 低价 低市值 低风险 ST300的票最近有启动迹象 渐渐的发现 20亿以下的票不多了 特别是假ST 好像找不到了,0,一张嘴,5652886067,2025-11-17 07:56:53,1,2,0,45731,2,Android,https://xueqiu.com/5652886067/361896414,2026-07-08 16:17:18
361917047,SZ300301,ST长方,,ST长方：关于处置公司部分资产的进展公告 网页链接,0,ST长方(SZ300301),0,2025-11-17 10:03:05,0,0,0,39499,0,公告,https://xueqiu.com/S/SZ300301/361917047,2026-07-08 16:17:18
361929222,SZ300301,ST长方,ST长方拟处置150台闲置设备 预计增利8.28万元,11月17日，ST长方（300301）发布公告，公司于2025年11月11日召开董事会，审议通过了《关于处置公司部分资产的议案》。此次处置的闲置机器设备共计150台，原值为1533万元，已计提折旧或减值准备共计1160万元，账面价值为372万元。处置成交价格为430万元，该价格通过公开招标确定，公允合理。 公司与交易对手方深圳市创佳诺智能科技有限公司、深圳市佩林科技有限公司及深圳市宇宏机械有限公司不存在关联关系。 此次资产处置预计对公司2025年度净利润影响约为8.28万元，占公司2024年经审计净利润的0.20%。 2025年前三季度，ST长方实现收入3.12亿元，归母净利润-8673万元。,0,ST长方(SZ300301),0,2025-11-17 11:38:26,0,0,0,42079,0,新闻,https://xueqiu.com/S/SZ300301/361929222,2026-07-08 16:17:18
362897634,SZ300301,ST长方,,$ST长方(SZ300301)$ 具小道消息，金沙江和南昌国资委投资的晶能光电有借壳上市的推进工作，可以入手部分仓位观察。,0,一展块垒,4654916962,2025-11-24 00:44:06,3,0,0,41427,1,Android,https://xueqiu.com/4654916962/362897634,2026-07-08 16:17:18
363728716,SZ300301,ST长方,,ST长方：关于公司股票交易被实施其他风险警示相关事项的进展公告 网页链接,0,ST长方(SZ300301),0,2025-11-28 10:53:10,1,0,0,34487,0,公告,https://xueqiu.com/S/SZ300301/363728716,2026-07-08 16:17:18
363728717,SZ300301,ST长方,,ST长方：关于长方集团2025年第二次临时股东会的法律意见书 网页链接,0,ST长方(SZ300301),0,2025-11-28 10:53:10,0,0,0,21396,0,公告,https://xueqiu.com/S/SZ300301/363728717,2026-07-08 16:17:18
363728718,SZ300301,ST长方,,ST长方：2025年第二次临时股东会决议公告 网页链接,0,ST长方(SZ300301),0,2025-11-28 10:53:10,0,0,0,32541,0,公告,https://xueqiu.com/S/SZ300301/363728718,2026-07-08 16:17:18
363850431,SZ300301,ST长方,,好啦 $ST智云(SZ300097)$ $ST长方(SZ300301)$ 就差你们了,0,一张嘴,5652886067,2025-11-30 07:40:08,0,2,0,48368,0,Android,https://xueqiu.com/5652886067/363850431,2026-07-08 16:17:18
364801650,SZ300301,ST长方,假ST：2026,1. 名单来自于DC“ST龙头”老师。（1）仅统计了有摘帽时间的假ST，假ST但没拿到结案没摘帽时间节点的没在这个表单里面。（2）长方、京蓝因其他原因带帽，带帽期间被立案，结案后发现年报虚假陈述，目前其他带帽因素均已消除，就等时间节点到了后申请摘帽。2. 年报意见只统计了26年4月底之前的，之后的得看25年年报是否为非标，参照浩丰，若假ST25年年报非标，则摘帽要等27年4月。1-4月的，年报均为标准无保留，会按时间点申请摘帽。3. 25年摘帽线收益很好，收益来自于两方面24年ST板块深度熊市的下杀（超跌），另一个是板块的上涨。可以预见的是26年做假ST摘帽的收益会下降特别多，25年个股ST后下杀幅度很小，所在板块的涨幅也很小。4. 我自己简化的两个指标（不考虑个股基本面变动，情绪变化）：股价现价/带帽价比值要低，所在板块指数现价/带帽价要高。5. 26年6月以后的票所在板块涨跌幅未统计，距离时间太久了，以后再看。,0,山丘A,8856175490,2025-12-06 03:44:46,18,37,3,146873,54,雪球,https://xueqiu.com/8856175490/364801650,2026-07-08 16:17:18
365218854,SZ300301,ST长方,,ST长方：关于重大诉讼的公告 网页链接,0,ST长方(SZ300301),0,2025-12-09 11:19:21,0,0,0,37959,0,公告,https://xueqiu.com/S/SZ300301/365218854,2026-07-08 16:17:18
365228010,SZ300301,ST长方,ST长方：公司作为原告涉及一起金额为2636.94万元的诉讼,来源：视频滚动新闻ST长方公告，公司作为原告涉及一起金额为2636.94万元的诉讼。被告包括邓辉斌、秦希普、邓辉旋、邓辉松、邓玉升、付志文、黄俊杰、黄彦之、官坚、赖文安、黄春娜、邓列臣、龚环，第三人是深圳市华旗源节能科技有限公司。公司与深圳华旗源之间的买卖合同纠纷一案，经普宁市人民法院审理并作出的民事调解书已经发生法律效力。公司向普宁市人民法院申请强制执行，但在执行过程中，仅扣划第三人名下银行账户存款2125.14元，未发现其他可供执行财产，于2023年10月25日裁定终结本次执行程序。截至2025年9月1日，公司在民事调解书下对华旗源公司享有的债权金额为2636.94万元。,0,新浪财经,3338215700,2025-12-09 12:30:35,0,0,0,38596,0,雪球,https://xueqiu.com/3338215700/365228010,2026-07-08 16:17:18
366100058,SZ300301,ST长方,,ST长方：关于召开2025年第三次临时股东会的通知 网页链接,0,ST长方(SZ300301),0,2025-12-15 10:43:09,0,0,0,32665,0,公告,https://xueqiu.com/S/SZ300301/366100058,2026-07-08 16:17:18
366100059,SZ300301,ST长方,,ST长方：关于拟变更会计师事务所的公告 网页链接,0,ST长方(SZ300301),0,2025-12-15 10:43:09,0,0,0,40416,0,公告,https://xueqiu.com/S/SZ300301/366100059,2026-07-08 16:17:18
366100062,SZ300301,ST长方,,ST长方：第五届董事会第十六次会议决议公告 网页链接,0,ST长方(SZ300301),0,2025-12-15 10:43:09,0,0,0,40568,0,公告,https://xueqiu.com/S/SZ300301/366100062,2026-07-08 16:17:18
366282397,SZ300301,ST长方,,ST长方：关于下属公司完成工商变更登记并换发营业执照的公告 网页链接,0,ST长方(SZ300301),0,2025-12-16 09:19:18,0,0,0,40869,0,公告,https://xueqiu.com/S/SZ300301/366282397,2026-07-08 16:17:18
367514146,SZ300301,ST长方,,ST长方：关于控股子公司涉及重大诉讼的进展公告 网页链接,0,ST长方(SZ300301),0,2025-12-24 09:19:08,0,0,0,35977,0,公告,https://xueqiu.com/S/SZ300301/367514146,2026-07-08 16:17:18
368609234,SZ300301,ST长方,,ST长方：2025年第三次临时股东会决议公告 网页链接,0,ST长方(SZ300301),0,2025-12-31 10:49:15,0,0,0,32491,0,公告,https://xueqiu.com/S/SZ300301/368609234,2026-07-08 16:17:18
368609237,SZ300301,ST长方,,ST长方：关于公司股票交易被实施其他风险警示相关事项的进展公告 网页链接,0,ST长方(SZ300301),0,2025-12-31 10:49:15,0,0,0,33407,0,公告,https://xueqiu.com/S/SZ300301/368609237,2026-07-08 16:17:17
368609242,SZ300301,ST长方,,ST长方：关于长方集团2025年第三次临时股东会的法律意见书 网页链接,0,ST长方(SZ300301),0,2025-12-31 10:49:15,0,0,0,34481,0,公告,https://xueqiu.com/S/SZ300301/368609242,2026-07-08 16:17:17
369334678,SZ300301,ST长方,ST长方子公司“失控”案余波：大华所及两名注册会计师被出具警示函,1月6日，深圳证监局发布了关于对大华会计师事务所（特殊普通合伙）（以下简称大华所）及注册会计师谢家伟、刘国平采取出具警示函措施的决定。 深圳证监局发文表示，该局对上述三主体执行的ST长方（SZ300301，股价2.39元，市值19.83亿元）2020年年报审计项目执业质量进行了检查。经查，大华所及谢家伟、刘国平在审计执业中存在风险评估程序执行不到位、函证程序执行不到位问题。 以上问题具体表现为：未关注ST长方子公司康铭盛（深圳）科技有限公司（以下简称康铭盛）相关销售合同的签订是否经过审批，对相关内部控制的了解程序执行不到位，也未执行相应的穿行测试。未发现康铭盛员工代替个别个体经销商回函的情况。 深圳证监局决定对大华所及谢家伟、刘国平采取出具警示函的监管措施。 这一处罚背后涉及的上市公司ST长方，因“深坑内埋数百箱会计资料”事件，在2023年初成为一时热点。 闹剧之后，ST长方和相关责任人也受到了处罚。2024年4月12日，ST长方表示，因涉嫌信息披露违法违规，证监会决定对公司立案。2025年6月，ST长方收到深圳证监局《行政处罚决定书》。 公告显示，2015年4月，ST长方以支付现金和发行股份等方式购买李迪初等人持有的康铭盛60%股权。2017年12月8日，ST长方与李迪初等29名自然人股东签订《股份转让协议》，以现金方式购买康铭盛35.7454%股权，李迪初等人承诺2018年至2020年康铭盛净利润不低于1.25亿元、1.40亿元和1.55亿元。 而康铭盛通过销售返利不入账等方式，虚增利润和应收账款。2020年，康铭盛少记销售返利产生的费用797.78万元，虚增利润797.78万元，占长方集团当期利润总额绝对值的54.90%。2021年，康铭盛少记销售返利产生的销售费用548.73万元，虚增利润548.73万元，占长方集团当期利润总额绝对值的2.02%。这导致ST长方披露的2020年、2021年年度报告存在虚假记载。 深圳证监局2025年决定对ST长方给予警告，并处以400万元罚款，对李迪初等多名责任人给予警告，并处以100万元至500万元不等的罚款。ST长方和李迪初等还被深交所给予公开谴责处分。 资料显示，ST长方主要从事LED离网照明、应急照明、电风扇、便携式储能产品等其他电子产品及LED照明光源器件的研发、设计、生产和销售。2025年前三季度，公司实现营业收入3.12亿元，归母净利润亏损8673.17万元。 每日经济新闻,0,每日经济新闻,4642157440,2026-01-06 13:40:09,0,0,0,32665,0,雪球,https://xueqiu.com/4642157440/369334678,2026-07-08 16:17:17
369459834,SZ300301,ST长方,中天华茂、大华、立信同日收警示函 审计“看门人”为何集体失察？,1月6日，深圳证监局发布三份行政监管措施决定书，分别对北京中天华茂会计师事务所（普通合伙）、大华会计师事务所（特殊普通合伙）及立信会计师事务所（特殊普通合伙）及相关签字注册会计师采取出具警示函的监管措施。上述三家机构在对美尚生态（300495.SZ，已退市）、长方集团（300301.SZ）、昌红科技（300151.SZ）等上市公司年报审计过程中，存在合并报表范围判断错误、函证程序失效、股份支付会计处理依据不足、审计底稿缺失等执业质量问题，违反了《中国注册会计师执业准则》及《上市公司信息披露管理办法》相关规定。此次监管动作发生在中国证监会于1月5日召开资本市场财务造假综合惩防体系跨部门工作推进座谈会之后。据证监会官网当日通报，会议总结了2024年以来查办财务造假案件159起、行政处罚111起、罚没金额81亿元的情况，并重申“压实中介机构责任”的监管方向。深圳证监局随后对三家会计师事务所采取措施，时间上的紧密衔接引发市场对审计执业质量与监管重点变化的关注。监管清单披露，三家机构审计失守关键环节根据深圳证监局公布的监管决定书，三家会计师事务所暴露的问题具有代表性，分别击中了当前审计执业中的不同薄弱环节。立信会计师事务所的问题集中于复杂交易审计程序的形式化。在对深圳市昌红科技股份有限公司2023年年报审计中，会计师事务所对于“股份支付”这一涉及重大会计估计和判断的事项，未获取充分审计证据。这反映出会计师在面对非常规或依赖管理层判断的交易时，可能缺乏足够的职业怀疑和穿透核查能力。大华会计师事务所的问题则凸显了基础审计程序的执行漏洞。在对深圳市长方集团2020年年报的审计中，大华会计师事务所未能有效执行风险评估程序，对于子公司重要销售合同的审批内部控制未予充分关注及测试，函证程序也存在缺陷。这表明，即便在常规审计领域，若对审计准则的基本要求执行不到位，同样会导致重大审计风险被忽视。北京中天华茂会计师事务所的问题更为根本，涉及合并财务报表范围的审计判断失误。在对执行的美尚生态2021年及2022年年报审计中，北京中天华茂会计师事务所未能对公司是否拥有对某一主体的控制权并应将其纳入合并范围形成恰当判断。合并范围是财务报表的基石，此项判断失误直接动摇财报编制的根本前提，暴露出会计师在核心会计原则应用上的重大专业胜任能力缺陷。准则与法规对照，违规行为背后的责任边界监管决定书清晰地将这些行为与具体法规、准则条款挂钩。三家会计师事务所的违规行为，均被认定不符合《中国注册会计师审计准则》中关于“保持职业怀疑”“获取充分、适当的审计证据”及“恰当运用职业判断”的核心要求。例如，立信会计师事务所的问题被指不符合《中国注册会计师审计准则第1101号》和《第1301号》的相关规定；中天华茂会计师事务所的问题则直接关联《第1101号》关于总体目标和《第1301号》关于审计证据的规定。最终，这些行为被判定违反了《上市公司信息披露管理办法》中为会计师事务所设定的法定义务。该办法要求会计师事务所勤勉尽责，对所依据的文件资料内容的真实性、准确性、完整性进行核查和验证。深圳证监局依据该办法，对三家机构及相关注册会计师采取出具警示函的行政监管措施，是依法界定并追究其未尽到“看门人”责任的直接体现。这一过程明确了审计责任的法律边界：审计工作不仅需程序合规，更需实现实质上的有效监督。联动高层信号，构筑财务造假综合惩防体系深圳证监局的此次执法，与更高层的监管动向紧密相连，共同构成了一套组合拳。2026年1月5日，由证监会主席吴清主持召开的跨部门工作会议，通报了自2024年7月国务院办公厅转发《关于进一步做好资本市场财务造假综合惩防工作的意见》以来的工作进展。据中国证监会披露，2024年以来已累计查办财务造假案件159起，并对配合造假的第三方坚决严惩，强调要“合力惩治第三方配合造假、压实中介机构‘看门人’责任”。此次会议将中介机构责任置于财务造假综合惩防体系的突出位置。深圳证监局紧随其后公布对三家会计师事务所的处罚，正是这一系统化监管思路在地方局层面的迅速执行。它传递出一个明确信号：监管机构正通过“发现一起、查处一起”的常态化执法，将高层确定的“压实责任”原则转化为具体案例，以此警示整个审计行业。行政监管措施与行政处罚、刑事追责、民事赔偿等共同构成了立体的追责网络，旨在从源头上提升信息披露质量，审计机构已成为这一网络中的关键监管节点。三份警示函共同指向一个核心问题：审计行业在注册制深化的背景下，能否真正履行“看门人”的实质责任。当头部与区域机构接连在基础审计程序和核心会计判断上暴露缺陷，这已非个案瑕疵，而是行业整体执业标准与市场新要求之间的系统性差距。监管的持续加压，实质是通过问责个案推动行业完成从“形式合规”到“实质有效”的转型。审计报告的价值必须根植于其发现风险、验证商业实质的能力，而非仅具鉴证形式。这一过程是对资本市场信息质量基础的加固，其成效将直接影响资源配置效率与市场长期信心的建立。对审计责任的每一次界定，都是在为市场运行的制度基石增添承重力。（作者 胡群）,0,经济观察报,3502728586,2026-01-07 05:21:57,0,0,0,134325,0,雪球,https://xueqiu.com/3502728586/369459834,2026-07-08 16:17:17
369533646,SZ300301,ST长方,ST长方：刘国平、大华会计师事务所(特殊普通合伙)等人因未依法履行其他职责被深圳证监局出具警示函,"证券之星消息，1月6日ST长方公开信息显示，刘国平、大华会计师事务所(特殊普通合伙)、谢家伟因未依法履行其他职责被深圳证监局出具警示函。详细违规行为如下：一、风险评估程序执行不到位未关注子公司康铭盛(深圳)科技有限公司(以下简称康铭盛)相关销售合同的签订是否经过审批,对相关内部控制的了解程序执行不到位,也未执行相应的穿行测试。上述情形不符合《中国注册会计师审计准则第1211号——通过了解被审计单位及其环境识别和评估重大错报风险(2019年修订)》第二十三条、第三十二条的相关规定。二、函证程序执行不到位未发现康铭盛员工代替个别个体经销商回函的情况。处罚决定如下：我局决定对你们采取出具警示函的监管措施以上内容为证券之星据公开信息整理，由AI算法生成（网信算备310104345710301240019号），不构成投资建议。",0,证券之星财经,5187193467,2026-01-07 11:10:39,0,0,0,31726,0,雪球,https://xueqiu.com/5187193467/369533646,2026-07-08 16:17:17
370668674,SZ300301,ST长方,4家ST公司股权极度分散，机遇暗藏还是天坑？（5-4）,截至1月1日，A股共计82只ST股（不含*ST），目前哪些公司可以潇洒摘帽走向康庄大道，哪些还在挣扎不前，毫无价值可言？本号分5类整理了全部个股摘帽进展及预期，信息比较简单扼要，希望可以窥斑见豹。资料庞杂，不妥之处请各位留言指正。1、ST长方一、被ST原因2025 年 6 月 27 日深圳证监局出具《行政处罚决定书》：子公司康铭盛通过销售返利不入账等方式，虚增2020年利润797.78万元（占当年披露利润总额54.90%）和2021年利润548.73万元，且在证监会调查时销毁会计凭证（在5米深坑掩埋377箱原始单据）。二、摘帽方案及进展2024年4月，中兴财光华对2022年度内控出具标准无保留意见，确认&#34;否定意见涉及事项影响已消除&#34;实控人变更情况：2023 年 11 月，南昌光谷（王敏）持有的全部股份被司法拍卖，失去控制权，受让人为王刚、周红英和共青城长方投资（皆前5大股东）。南昌鑫旺资本（国资）被动成为 ST 长方第一大股东，持股 7.5%，股权极为分散。聚焦 LED 照明 + 便携式储能双主业，拓展跨境电商与海外市场，研发白激光调焦头灯等创新产品三、预计摘帽时间2026年6月27日以后具备申请摘帽条件（结案满一年）2、ST新动力一、被ST原因直接原因：2024年度财务报告会计师事务所出具否定意见：长期治理混乱：董事会、监事会逾期未换届，决策机制失效，会议记录不完整财务核算违规：2022-2024年多期报告未将普益石家庄股权投资基金纳入合并报表（持有股99.93%，用于对中能 (天津) 智能传动设备有限公司投资 ），导致报表项目错位，涉及约1亿元资金流失 。子公司管控失效：对天津中能等子公司资产评估缺乏有效证据，公允价值计算依据不足二、摘帽方案及进展公司股权高度分散，第一大股东持股仅4.30%，前十大股东合计持股不足10%，目前职业经理人执掌公司。主营：电站点火系统：国内市场份额约15-20%；低氮燃烧器领域：火电超低氮改造市场份额约10-15%公司于2025年9月19日收到中国证监会《立案告知书》，因涉嫌信息披露违法违规被立案调查，截至2025年12月31日未结案。三、预计摘帽时间预计2026年下半年最终收到处罚决定书，满一年后具备申请摘帽条件。3、ST凯利一、被ST原因2024年度财务报告会计师事务所无法表示意见，未完整披露与上海正佰芮医疗器械有限公司的关联方关系及交易，涉及金额约4655万元；部分投资项目估值依据不足，导致审计机构无法获取充分证据确认财报真实性；审计机构认为公司内控体系失效，无法对其有效性发表意见。二、摘帽方案及进展三国杀，纷争严重：涌金投资控股为第一大股东实控约7.05%，2025年7月曾发起要约收购，但仅获8万股认购，以失败告终；上海欣诚意投资为第二大股东实控约6.36%；上海凯诚君泰投资等股东组成一致行动人，合计实控约5%。2025年初，涌金系联合凯诚君泰等股东成功改组董事会，获得决策主导权。目前公司控制权已相对稳定，新管理层明确将&#34;摘帽&#34;作为首要任务。国内骨科微创领域龙头，聚焦脊柱、创伤、运医等细分赛道，椎体成形系统市占率连续多年全国第一三、预计摘帽时间2026年4月18日披露2025年年报后具备申请摘帽条件。4、ST合纵一、被ST原因2024 年 12 月 26 日收到处罚决定书：2024 年 1 月公司向湖南云松增资1.8 亿元，但对赌目标未达成，仅收回0.5 亿元，剩余1.3 亿元及资金成本 932.63 万元未收回。2022 年，ST 合纵向关联方提供财务资助，累计 6.26亿元，占公司最近一期经审计净资产 21.78%、当期披露净资产 17.01%。合纵科技通过天津茂联与朱国庆关联方开展铜钴矿业务合作，形成初步往来款。2021 年 11 月后为解决天津茂联亏损问题，公司将其委托给朱国庆团队经营，后被朱国庆职务侵占。二、摘帽方案及进展刘泽刚因债务逾期，所持部分股份被司法拍卖，持股比例从11.86%降至7.11%，仍为实控人；第二大股东张寿春2.36%；第三大股东韦强2.31%。湖南云松1.8亿元增资款：已收回5000万元，剩余1.3亿元通过司法途径追收，尚未开庭审理。关联方6.26亿元欠款：仍在刑事侦查阶段，回收进度存在较大不确定性。主营磷酸铁锂：2024 年国内市占率约4-5%，行业前五。钠电池材料产业化：完成层状氧化物钠电正极中试（能量密度超 140Wh/kg），获比亚迪测试订单。天津茂联持有赞比亚矿产：项目加速推进，预计 2026 年实现生产，年产铜钴金属量约1 万吨。（无确切官方信息，机会与大坑并存）。三、预计摘帽时间摘帽取决于湖南云松1.3亿、关联方6.26亿非经营占用资金回款或解决方案落地，目前无进展。#ST股# #业绩反转龙头 # #重组并购#,0,浮山岗,9587552303,2026-01-13 13:13:15,0,7,0,95988,10,雪球,https://xueqiu.com/9587552303/370668674,2026-07-08 16:17:17
370926258,SZ300301,ST长方,,ST长方：监管函：会计师事务所、会计师事务所人员 网页链接,0,ST长方(SZ300301),0,2026-01-14 11:33:10,0,0,0,33056,0,公告,https://xueqiu.com/S/SZ300301/370926258,2026-07-08 16:17:17
371178421,SZ300301,ST长方,ST长方：谢家伟、大华会计师事务所(特殊普通合伙)等人因未依法履行其他职责被深圳证券交易所...,"证券之星消息，1月14日ST长方公开信息显示，谢家伟、大华会计师事务所(特殊普通合伙)、刘国平因未依法履行其他职责被深圳证券交易所创业板公司管理部采取监管措施。详细违规行为如下：经查,你们作为深圳市长方集团股份有限公司(以下简称公司)2020年年报审计项目的审计机构及签字会计师,在审计项目执业过程中存在以下问题:一、风险评估程序执行不到位。未关注子公司康铭盛(深圳)科技有限公司(以下简称康铭盛)相关销售合同的签订是否经过审批,对相关内部控制的了解程序执行不到位,也未执行相应的穿行测试。不符合《中国注册会计师审计准则第1211号——通过了解被审计单位及其环境识别和评估重大错报风险(2019年修订)》第二十三条、第三十二条的相关规定。二、函证程序执行不到位。未发现康铭盛员工代替个别个体经销商回函的情况。处罚决定如下：监管函以上内容为证券之星据公开信息整理，由AI算法生成（网信算备310104345710301240019号），不构成投资建议。",0,证券之星财经,5187193467,2026-01-15 11:10:37,0,0,0,33837,0,雪球,https://xueqiu.com/5187193467/371178421,2026-07-08 16:17:17
371793771,SZ300301,ST长方,,ST长方：关于控股子公司的全资子公司获得高新技术企业证书的公告 网页链接,0,ST长方(SZ300301),0,2026-01-19 09:36:05,0,0,0,29335,0,公告,https://xueqiu.com/S/SZ300301/371793771,2026-07-08 16:17:17
372507267,SZ300301,ST长方,ST长方：投资性房地产需重新评估公允价值,证券之星消息，ST长方(300301)01月22日在投资者关系平台上答复投资者关心的问题。投资者：董秘你好，请问按照新会计制度，投资性房产是否年报中需要重新评估？ST长方董秘：您好，感谢您的关注！根据企业会计准则相关规定，自公司对投资性房地产后续计量模式变更为公允价值计量后，在编制年度财务报告时，需要对其公允价值重新评估。投资者：董秘你好，请问25年年报是否需要业绩预告？目前公告编号：2025-035深圳市长方集团股份有限公司关于公司涉及重大诉讼的公告，是否已开庭判决ST长方董秘：您好，感谢您的关注！公司将在1月结束前披露2025年度业绩预告。截至目前，公司同邓子长、邓子权关于（2025）粤03民初2073号诉讼案件已开庭但尚未判决，公司将持续关注该事项的后续进展情况并按法律法规有关规定及时履行信息披露义务。以上内容为证券之星据公开信息整理，由AI算法生成（网信算备310104345710301240019号），不构成投资建议。,0,证券之星财经,5187193467,2026-01-22 13:11:18,0,0,0,33661,0,雪球,https://xueqiu.com/5187193467/372507267,2026-07-08 16:17:17
372522369,SZ300301,ST长方,,$ST长方(SZ300301)$ 公司已完成相关事项整改，戴帽以来涨幅36.11%，从最低点涨幅近60%。接中国证监会作出行政处罚决定书之日未满十二个月，将于2026年6月27日之后可随时提交申请摘帽。简单的事情重复做，重复的事情用心做，用心的事情坚持做。网页链接,0,559号鹤轩,9545612059,2026-01-22 14:42:06,1,0,0,39215,0,雪球,https://xueqiu.com/9545612059/372522369,2026-07-08 16:17:17
372522975,SZ300301,ST长方,,$ST长方(SZ300301)$ 继续观察网页链接,0,富贵爽歪歪,7317233253,2026-01-22 14:45:49,0,0,0,34229,0,iPhone,https://xueqiu.com/7317233253/372522975,2026-07-08 16:17:17
372555280,SZ300301,ST长方,,$ST长方(SZ300301)$ 整改进展，进度非常及时网页链接,0,559号鹤轩,9545612059,2026-01-23 00:54:21,0,0,0,41381,1,雪球,https://xueqiu.com/9545612059/372555280,2026-07-08 16:17:17
372720496,SZ300301,ST长方,,ST长方：关于子公司完成工商变更登记的公告 网页链接,0,ST长方(SZ300301),0,2026-01-23 10:03:09,0,0,0,40760,0,公告,https://xueqiu.com/S/SZ300301/372720496,2026-07-08 16:17:17
372769673,SZ300301,ST长方,1.23日st公告,1. *ST三圣：股东潘先文被司法拍卖的50万股公司股份已于2026年1月22日完成过户，其持股比例从10.5765%降至10.5034%，不会导致公司控制权变更。2. ST纳川：此前董事会审议通过注销的全资子公司北京纳川管道设备有限公司、福建昊川贸易有限公司，目前注销登记手续已办理完毕。3. *ST奥维：发布公司股票存在可能因市值终止上市的第八次风险提示。公司控股子公司存在未经决策程序的5000万元违规担保事项，截至公告日违规担保情形尚未解除。4. ST未名：持股5%以上股东厦门恒兴集团将其持有的1550万股股份先解除原质押后，于2026年1月14日再次质押给中国建设银行。5. ST东时：收到公司实际控制人徐雄的终审刑事裁定书，其因操纵证券市场罪被维持有期徒刑六年六个月、罚金1.7亿元的判决，该判决为个人行为，不影响公司正常经营。同时发布东时转债可选择回售的第五次提示。6. ST中珠：预计2025年归母净利润亏损1亿元至1.5亿元，上年同期亏损6.2亿元。持股5%以上股东云鹰资本、郑子贤于2026年1月22日完成向梅花投资协议转让合计2.07亿股股份（占总股本10.38%）的过户手续。7. ST华鹏：预计2025年全年归属于上市公司股东的净利润为-2.63亿元至-1.94亿元。因预计2025年度期末净资产为负值，公司股票可能在2025年年报披露后被实施退市风险警示。8. *ST大立：公司2022年员工持股计划首次授予部分第三个额外锁定期将于2026年1月26日届满，本次可解锁122万股。9. ST长方：其全资子公司江西长方半导体科技有限公司注册资本由3.122449亿元减至9750万元、深圳前海长方金融控股有限公司注册资本由1亿元减至2500万元，且均已完成工商变更登记。10. ST智云：公司与四川九天、周非等相关方就此前两起仲裁案件达成和解，剩余1.457705亿元股权转让款将由丙方支付并承担逾期违约金。公司将于2月9日召开2026年第一次临时股东会。11. *ST亚太：公司原控股股东广州万顺、原实控人陈志健与持股5%以上股东亚太矿业及其一致行动人于2026年1月23日签署《合作协议之补充协议》，调整股票转让方式。12. ST中装：因2019年、2021年可转债募集资金使用完毕，将注销上海浦东发展银行深圳分行、交通银行深圳盐田支行两处募集资金专项账户。选举龙吉生为董事长，并聘任石亮为总裁等管理人员。13. *ST立方：连续二个交易日收盘价格涨幅偏离值累计34.15%，属于股票交易异常波动情形。14. *ST岩石：预计2025年度实现营业收入为4800万元至6000万元，归母净利润约亏损1.8亿元至2.5亿元。因预计2025年度扣非前后净利润均为负且营收低于3亿元等原因，公司股票可能触及财务类退市情形被终止上市。15. *ST步森：公司已与关联方陕西先华房地产、陕西中匠文化签署协议，将450万元、299万元两笔借款分别展期至2026年9月30日，展期后利率统一调整为年化2.1%，且关联方豁免公司2024-2025年期间的全部借款利息。16. *ST太和：持股5%以上股东华翀基金于2025年10月25日至2026年1月24日通过集中竞价方式减持公司股份113.24万股，减持后仍持有611.76万股，本次减持计划未完成原计划不超过3%的减持比例。17. *ST新元：其全资子公司北京万向新元科技有限公司破产清算案管理人已完成接管，公司不再拥有该子公司控制权且其不再纳入合并报表范围，同时北京万向新元已向法院提交重整申请。18. ST凯利：预计全年归属于上市公司股东的净利润盈利1.15亿元-1.5亿元，扣非净利润盈利5000万元-7500万元。此前拟转让所持上海利格泰7.0130%股份的关联交易已完成交割，公司已收到全部1.52亿元转让款，不再持有其股份。19. ST新华锦：预计2025年度归属于母公司所有者的净利润亏损9500万元至1.42亿元，扣非净利润亏损1.09亿元至1.63亿元。公司股票存在连续三个交易日内收盘价格涨幅偏离值累计超过12%的交易异常波动情形。,0,st逐光雨,2614238335,2026-01-23 15:33:09,0,2,0,81882,0,Android,https://xueqiu.com/2614238335/372769673,2026-07-08 16:17:17
374069604,SZ300301,ST长方,,$ST长方(SZ300301)$ 看看我找了了什么宝贝，七年没赚过钱，够垃圾明天买点,0,Yeenm,2730249268,2026-01-30 10:01:29,0,0,0,51439,0,iPhone,https://xueqiu.com/2730249268/374069604,2026-07-08 16:17:17
374074366,SZ300301,ST长方,,ST长方：2025年度业绩预告 网页链接,0,ST长方(SZ300301),0,2026-01-30 10:29:16,0,0,0,47893,0,公告,https://xueqiu.com/S/SZ300301/374074366,2026-07-08 16:17:17
374074367,SZ300301,ST长方,,ST长方：关于公司股票交易被实施其他风险警示相关事项的进展公告 网页链接,0,ST长方(SZ300301),0,2026-01-30 10:29:16,0,0,0,49463,0,公告,https://xueqiu.com/S/SZ300301/374074367,2026-07-08 16:17:17
374775988,SZ300301,ST长方,,$ST长方(SZ300301)$ 本质上长方跟$ST京蓝(SZ000711)$ 很像,0,一张嘴,5652886067,2026-02-04 02:43:15,7,1,0,57991,0,Android,https://xueqiu.com/5652886067/374775988,2026-07-08 16:17:17
375019076,SZ300301,ST长方,,回复@一张嘴: 张哥怎么看ST长方的//@一张嘴:[该内容已被作者删除],0,百毒不沁心,4018370749,2026-02-05 05:35:00,0,0,0,45183,0,Android,https://xueqiu.com/4018370749/375019076,2026-07-08 16:17:17
375351298,SZ300301,ST长方,,$ST长方(SZ300301)$解禁股不达标，公司要295万收回解禁股。净资产多了5900万。正式年报要增加5900万净资产了,0,市井小名,1464377093,2026-02-07 10:59:12,0,2,0,41267,0,HarmonyOS,https://xueqiu.com/1464377093/375351298,2026-07-08 16:17:14
375533570,SZ300301,ST长方,,ST长方：关于全资子公司获得高新技术企业证书的公告 网页链接,0,ST长方(SZ300301),0,2026-02-09 09:53:05,1,1,0,42162,0,公告,https://xueqiu.com/S/SZ300301/375533570,2026-07-08 16:17:14
375766176,SZ300301,ST长方,,$ST长方(SZ300301)$ 2元钱的安全无风险的摘帽股没人要吗？ 为啥今年新st那么贵一个个抢着买这主力不行,0,运动的赚钱霸主,6317581942,2026-02-11 01:59:12,0,2,0,48501,0,iPad,https://xueqiu.com/6317581942/375766176,2026-07-08 16:17:14
375917418,SZ300301,ST长方,,$ST长方(SZ300301)$ 你和赛为之间的差距就差一个重整申请？ 老板不作为？ 赶紧申请重整吧？ 或者来个股权转让？,0,LoveVictor,2182379889,2026-02-12 01:18:39,0,1,0,44083,0,iPhone,https://xueqiu.com/2182379889/375917418,2026-07-08 16:17:14
376828457,SZ300301,ST长方,又出一个ST股，可以小玩,会不会第二个*ST立方呢？ 今天关注的是300301ST长方。但大的可以小玩会，本人近期关注的几个ST股，细心的老板可以玩出技术流！,0,xseahorizon,1363790680,2026-02-25 01:54:44,0,1,0,41725,0,iPhone,https://xueqiu.com/1363790680/376828457,2026-07-08 16:17:14
376829271,SZ300301,ST长方,,$ST长方(SZ300301)$ 这个就是st里面的价值洼地，新st那么大的盘子都不跌的这种小票摘帽无风险的就是香饽饽了， 长方半导体， 你是有半导体公司的,0,LoveVictor,2182379889,2026-02-25 01:57:15,0,3,0,41881,0,iPhone,https://xueqiu.com/2182379889/376829271,2026-07-08 16:17:14
376830525,SZ300301,ST长方,,$ST长方(SZ300301)$ 真正半导体企业！,0,修心谨言wy,1505804711,2026-02-25 02:00:59,0,3,0,43663,0,Android,https://xueqiu.com/1505804711/376830525,2026-07-08 16:17:14
376859908,SZ300301,ST长方,,$ST长方(SZ300301)$ 这股摘帽是一方面， 今年有一定的概率重组或者重整。 王氏兄弟花那么多钱保壳， 又借给长方几个亿， 又是增持， 后面肯定有动作了。 净资产也不多了， 就看是借壳重组还是重整了？,0,运动的赚钱霸主,6317581942,2026-02-25 03:59:23,1,7,0,54121,1,iPad,https://xueqiu.com/6317581942/376859908,2026-07-08 16:17:14
377102984,SZ300301,ST长方,,$ST长方(SZ300301)$ 请问大家这个票子能涨到多少元呀,0,大A的猪仔,6989787624,2026-02-26 10:36:18,0,0,0,37067,0,Android,https://xueqiu.com/6989787624/377102984,2026-07-08 16:17:14
377105447,SZ300301,ST长方,,ST长方：关于变更签字注册会计师的公告 网页链接,0,ST长方(SZ300301),0,2026-02-26 10:59:08,0,0,0,42718,1,公告,https://xueqiu.com/S/SZ300301/377105447,2026-07-08 16:17:14
377105449,SZ300301,ST长方,,ST长方：关于公司股票交易被实施其他风险警示相关事项的进展公告 网页链接,0,ST长方(SZ300301),0,2026-02-26 10:59:08,0,1,0,43629,0,公告,https://xueqiu.com/S/SZ300301/377105449,2026-07-08 16:17:14
377309641,SZ300301,ST长方,ST长方：公司目前在对非业务中，主要采取经销商模式向非洲市场销售产品，并无自非洲进口的业务,每经AI快讯，有投资者在投资者互动平台提问：春节期间国家宣布对非洲免税，请问对公司今年销量业绩有何影响？ ST长方（300301.SZ）2月27日在投资者互动平台表示，公司目前在对非业务中，主要采取经销商模式向非洲市场销售产品，并无自非洲进口的业务。公司具体经营情况及财务数据，请关注公司后续披露的定期报告。 （记者 张明双） 免责声明：本文内容与数据仅供参考，不构成投资建议，使用前核实。据此操作，风险自担。 每日经济新闻,0,每日经济新闻,4642157440,2026-02-27 13:40:27,0,2,0,42058,0,雪球,https://xueqiu.com/4642157440/377309641,2026-07-08 16:17:14
378189594,SZ300301,ST长方,,ST长方：关于控股子公司获得高新技术企业证书的公告 网页链接,0,ST长方(SZ300301),0,2026-03-05 10:09:11,0,1,0,31935,0,公告,https://xueqiu.com/S/SZ300301/378189594,2026-07-08 16:17:14
378190927,SZ300301,ST长方,ST长方最新公告：控股子公司康铭盛获高新技术企业证书,ST长方(300301.SZ)公告称，公司控股子公司长方集团康铭盛（深圳）科技有限公司近日收到由深圳市工业和信息化局、深圳市财政局、国家税务总局深圳市税务局联合颁发的《高新技术企业证书》。根据相关规定，康铭盛自通过认定起可连续三年享受国家关于高新技术企业的相关税收优惠政策，即按15%的税率缴纳企业所得税。此次认定不会对公司当期经营业绩产生重大影响。以上内容为证券之星据公开信息整理，由AI算法生成（网信算备310104345710301240019号），不构成投资建议。,0,证券之星财经,5187193467,2026-03-05 10:20:04,0,2,0,33403,0,雪球,https://xueqiu.com/5187193467/378190927,2026-07-08 16:17:14
378265468,SZ300301,ST长方,,$ST长方(SZ300301)$ 第二支摘帽神箭，今天突破！,0,温柔的股指狂人,3743352175,2026-03-06 01:46:07,4,4,0,39649,0,Android,https://xueqiu.com/3743352175/378265468,2026-07-08 16:17:14
379186955,SZ300301,ST长方,,ST长方：关于公司部分债务逾期的公告 网页链接,0,ST长方(SZ300301),0,2026-03-12 10:56:05,0,0,0,25492,0,公告,https://xueqiu.com/S/SZ300301/379186955,2026-07-08 16:17:14
379278552,SZ300301,ST长方,,$ST长方(SZ300301)$ 我知道为啥涨了，卖电灯的，电网不稳，经常停电，所以就涨了,0,阳澄湖大闸蟹1125,3740953248,2026-03-13 02:40:01,1,1,0,33613,0,Android,https://xueqiu.com/3740953248/379278552,2026-07-08 16:17:14
379305025,SZ300301,ST长方,ST长方资金链告急债务逾期！公司连年亏损2025年预亏超1.1亿元,深圳商报·读创客户端记者 尹珊 3月12日，深圳市长方集团股份有限公司（下称：ST长方）发布公告称，受春节期间资金周转压力影响，公司部分借款出现未能如期偿还的情形。经统计核实，截至公告披露日，公司债务逾期金额合计为1500万元，占公司2024年度经审计净资产的48.66%。 从逾期明细来看，公司对深圳市一匡贸易有限公司的500万元借款于2026年1月21日到期，对深圳市凯惠贸易有限公司的1000万元借款于2026年3月10日到期。上述逾期金额均不包含未付利息及可能产生的违约金和罚息等费用。 值得注意的是，前述500万元逾期债务此前未达到披露标准，因此未单独披露。 ST长方表示，上述借款逾期可能导致公司承担相应的违约金和罚息等额外费用，若相关问题未能妥善解决，公司还可能面临诉讼、仲裁等法律风险。 为应对当前的债务问题，公司正积极与相关债权人沟通，争取通过展期、调整还款计划等方式化解逾期债务。同时，公司也在加大应收账款催收力度，力求加快资金回笼，改善整体经营状况。 ST长方成立于2005年，于2012年在深交所上市。公司主营业务为LED离网照明、应急照明、电风扇、便携式储能产品等其他电子产品及LED照明光源器件的研发、设计、生产和销售。近年来，公司业绩均为亏损状态。 根据公司发布的2025年业绩预告，全年归母净利润预计亏损1.15亿元至1.68亿元，而上年同期为亏损4173.91万元；扣除非经常性损益后的净利润预计亏损1.22亿元至1.75亿元，上年同期为亏损5587.97万元。,0,深圳商报,6620276709,2026-03-13 04:50:02,0,0,1,34313,0,雪球,https://xueqiu.com/6620276709/379305025,2026-07-08 16:17:14
379629433,SZ300301,ST长方,,$ST长方(SZ300301)$ 6月摘帽股提前创出3.33新高网页链接,0,559号鹤轩,9545612059,2026-03-16 08:35:44,0,4,0,27919,0,雪球,https://xueqiu.com/9545612059/379629433,2026-07-08 16:17:14
379987042,SZ300301,ST长方,3月18日ST长方现1笔折价20.25%的大宗交易 合计成交115.2万元,证券之星消息，3月18日ST长方发生大宗交易，交易数据如下：大宗交易成交价格2.56元，相对当日收盘价折价20.25%，成交45万股，成交金额115.2万元，买方营业部为国泰海通证券股份有限公司深圳红荔西路证券营业部，卖方营业部为国泰海通证券股份有限公司深圳红荔西路证券营业部。近三个月该股共发生1笔大宗交易，合计成交4500.0手，折价成交1笔。该股近期无解禁股上市。截至2026年3月18日收盘，ST长方(300301)报收于3.21元，上涨0.31%，换手率2.21%，成交量17.45万手，成交额5659.02万元。该股最近90天内无机构评级。以上内容为证券之星据公开信息整理，由AI算法生成（网信算备310104345710301240019号），不构成投资建议。,0,证券之星财经,5187193467,2026-03-18 09:10:26,0,0,0,22508,0,雪球,https://xueqiu.com/5187193467/379987042,2026-07-08 16:17:14
379999578,SZ300301,ST长方,,ST长方：关于公司为申请借款提供抵押担保的公告 网页链接,0,ST长方(SZ300301),0,2026-03-18 10:46:11,0,0,0,26165,0,公告,https://xueqiu.com/S/SZ300301/379999578,2026-07-08 16:17:12
380184119,SZ300301,ST长方,3月19日ST长方现1笔折价21.65%的大宗交易 合计成交115.65万元,证券之星消息，3月19日ST长方发生大宗交易，交易数据如下：大宗交易成交价格2.57元，相对当日收盘价折价21.65%，成交45万股，成交金额115.65万元，买方营业部为国泰海通证券股份有限公司深圳红荔西路证券营业部，卖方营业部为国泰海通证券股份有限公司深圳红荔西路证券营业部。近三个月该股共发生2笔大宗交易，合计成交9000.0手，折价成交2笔。该股近期无解禁股上市。截至2026年3月19日收盘，ST长方(300301)报收于3.28元，上涨2.18%，换手率2.82%，成交量22.27万手，成交额7346.44万元。该股最近90天内无机构评级。以上内容为证券之星据公开信息整理，由AI算法生成（网信算备310104345710301240019号），不构成投资建议。,0,证券之星财经,5187193467,2026-03-19 09:00:34,0,0,0,23722,0,雪球,https://xueqiu.com/5187193467/380184119,2026-07-08 16:17:12
380241050,SZ300301,ST长方,,$ST长方(SZ300301)$浅谈一下st长方春节过后，st长方的走势有A股截然相反，有种大盘逆子的感觉，逆势涨了40个点，想想这背后的逻辑，才觉得这只是刚开始。先说一下st长方会不会退市的问题，退市概率基本为0！！！！！！！ST长方（300301）2026年大概率不会退市，退市风险极低 。- 已撤销*退市风险警示（2025-07-11），当前仅为其他风险警示（ST） 。- 未触及重大违法强制退市（财务造假已处罚、不触发退市条款） 。- 2025年报净资产大概率为正，营收＞1亿元，不触发财务类退市。二、关键退市条件与现状（逐条对照）1. 财务类退市（最核心）- 创业板规则：净资产为负 或 营收＜1亿+审计非标 → 触发*ST；次年仍不达标则退市 。- 现状：- 2024年末净资产：1.65亿元（为正）。- 2025预告营收：＞4亿元（远高于1亿）。- 审计：无非标风险（前期造假已整改）所以，极度安全，并且按照年报预告来看，每股净资产为正，基本也会摘帽那么我们再看看st长方还有什么其他预期！！！！首先st长方没有实控人！！！！！！ST长方（300301）目前无控股股东、无实际控制人 。- 2023-11-14原控股股东祥平科技股份被司法拍卖后，公司公告变更为无实控人状态 。- 股权高度分散，无单一股东持股超10%。二、最可能的“实际控制方/影响力主体”（按权重排序）1️⃣ 南昌鑫旺资本（第一大股东，7.14%）- 实控路径：潘晓峰（通过北京金沙江联合→南昌世纪洪城→鑫旺资本）- 国资关联：背后有南昌国资委体系资金参与- 影响力：提名董事、参与治理，是最有实力争夺控制权的主体2️⃣ 管理层（吴涛祥团队）- 吴涛祥：董事长+总经理+董秘，高度集权- 持股：通过共青城长方投资（3.15%）+股权激励，合计约3.5%- 现状：实际掌控经营与董事会，在无实控人格局中话语权极强3️⃣ 其他重要股东（合计影响力）- 骆科树（4.76%）、王刚（4.14%）、周红英（2.81%）等自然人股东- 合计持股超20%，可联合影响董事会与重大事项三、未来最可能的实控人推演1. 潘晓峰/南昌鑫旺资本：最可能通过增持+联合一致行动人，拿到控制权（当前7.14%，再增持3%-5%即可形成相对控股）。2. 国资入主：南昌国资委体系直接或间接增持，成为实控人（符合地方国资盘活上市公司导向） 。3. 管理层巩固：吴涛祥团队联合外部资本/股东，形成一致行动，掌控公司。四、一句话结论当前无实控人；未来最可能的实控人是：潘晓峰（南昌鑫旺资本）或南昌国资委，其次是吴涛祥管理层。那么，未来长方存在这个实控人变更的最大预期！！！！如果南昌国资委成为实控人，那么一跃成为国资背景的企业了！！！再说说最近连续的大宗交易买方席位完全一致：国泰海通证券 深圳红荔西路证券营业部两天交易明细（完全相同规模）- 3月18日：45万股，2.56元（折价20.25%），115.2万元- 3月19日：45万股，2.57元（折价21.65%），115.65万元- 合计：90万股，约230.85万元关键特征- 买卖同席位：两天均为“自买自卖”（同一营业部买卖）- 高折价：均折价约20%，非市场化竞价- 规模小：合计仅90万股，对股权结构无影响最可能的真实买方（推测）1. 内部倒仓/过桥：同一资金方在同一席位左右手倒仓，避税/调整账户2. 潘晓峰/南昌鑫旺资本：深圳席位与潘晓峰（金沙江）深圳资本圈高度吻合3. 管理层/关联方：深圳本地资金，配合股权运作一句话结论公开信息：买方是国泰海通深圳红荔西路营业部；真实资金最可能是潘晓峰/南昌鑫旺或其关联方。这个行为是为了什么呢？？？？有没有可能就是为了提高控股比例拿控制权呢最近股价一直逆势上涨，很大概率也不是什么摘帽资金进来了，而是大股东的代持的人在二级市场抢购筹码造成的逆势拉升。那么如果后续真是南昌国资委拿到控制权，那么按照当前st长方的生产经营的状况，注定是要走重组的路线了，这样控制权在自己手里，装进去值钱的资产，那么名下的优质企业也可以借壳上市了。🎯 ST长方最可能的重组方（按概率排序，截至2026-03-19）第一名：南昌鑫旺资本（潘晓峰+南昌国资）——概率最高（70%+）- 身份：第一大股东（7.14%），实控人潘晓峰（金沙江联合资本），背后有南昌国资委资金- 动作：3.18–19连续两天大宗对倒（深圳红荔西路席位），明显在股权梳理/增持铺路- 优势：有资金、有控制权诉求、有国资背书，最有能力主导债务重组+控股权重组+资产注入- 预期：先增持到10%–15%形成相对控股，再注入晶能光电/LED/新能源相关资产（市场强预期）第二名：南昌光谷/王敏（晶能光电系）——次高概率（50%）- 背景：原实控人王敏（晶能光电CEO），曾与鑫旺联合入主，晶能光电估值超200亿- 逻辑：晶能光电有借壳上市强烈需求，ST长方是现成平台- 现状：暂无直接增持，但与鑫旺属同一资本圈，大概率联合重组第三名：深圳本地国资/战投——中等概率（30%）- 逻辑：深圳本地保壳意愿强，可提供债务纾困+产业资源- 方式：通过资产收购/战投入股参与重组，不谋求绝对控股第四名：管理层（吴涛祥团队）——低概率（20%）- 现状：仅持股约3.5%，无资金实力主导重组- 角色：更可能是配合方，而非主导方✅ 一句话结论最可能的重组方是：南昌鑫旺资本（潘晓峰+南昌国资）；其次是晶能光电（王敏）；二者大概率联合主导重组，注入LED/新能源资产。如果后续真的是南昌国资委拿到控制权，成为实控人，那么st长方摇身一变为国字号如果后续南昌国资委成为实控人，那么就可以顺理成章把同行业的晶能光电装进去，那可是估值200亿的优质企业按照目前8.5亿股权算，200亿的估值，每股得值23块多现在才3.3不到，3.3-23还有6-7倍的空间。st长方，半导体+摘帽+实控人变更+重组我觉得20到不了，10块应该是轻轻松松把让我们拭目以待把,0,A股不得了,4918636067,2026-03-19 15:13:41,5,3,0,46082,2,Android,https://xueqiu.com/4918636067/380241050,2026-07-08 16:17:12
380346841,SZ300301,ST长方,,$ST长方(SZ300301)$ 不知不觉翻倍了，这个也是去年ST老大极为看好的，可惜没有拿稳！,0,修心谨言wy,1505804711,2026-03-20 05:52:16,0,1,0,25161,0,Android,https://xueqiu.com/1505804711/380346841,2026-07-08 16:17:12
380733861,SZ300301,ST长方,ST 长方：如果没有重大资产重组，价值有限,$ST长方(SZ300301)$ ST 事件全解析及摘帽、投资价值分析首先需要明确核心前提：深圳市长方集团股份有限公司（证券简称 ST 长方，代码 300301.SZ）并非 “马上要被实施其他风险警示”，而是已于 2025 年 1 月 13 日被深圳证券交易所正式实施其他风险警示（ST），截至 2026 年 3 月仍处于 ST 状态，本次 ST 的触发原因已由监管部门正式认定，相关整改工作正在推进中。一、公司历史沿革公司前身是 2005 年 5 月 30 日成立的深圳市长方光电科技有限公司，早期核心业务为 LED 照明光源器件封装，是国内 LED 封装领域的早期入局企业。2012 年 3 月 21 日，公司在深圳证券交易所创业板挂牌上市，成为国内 LED 封装赛道较早上市的企业之一深圳市长方集团股份有限公司。2016 年 2 月，公司正式更名为深圳市长方集团股份有限公司，完成从单一制造企业向集团化运营的转型。2014 年是公司发展的关键节点，公司通过收购控股子公司康铭盛 60% 股权，从上游 LED 封装向下游照明应用延伸，切入离网照明、应急照明赛道，后续又陆续收购康铭盛剩余股权，形成 “LED 封装 + 照明应用” 的全产业链布局。2024 年 4 月，公司因涉嫌信息披露违法违规被中国证监会立案调查，2025 年因查实的财务造假事项被实施 ST，目前仍聚焦 LED 照明、便携式储能两大核心业务。二、公司主营业务情况公司当前核心主营业务分为两大板块，均围绕 LED 与消费电子赛道展开，2024 年以来逐步收缩非核心业务，聚焦主业发展：LED 照明与消费电子产品业务，由控股子公司康铭盛主导，是公司营收的核心来源（占比超 85%）。核心产品包括离网照明、应急照明、智能照明、电风扇、便携式储能产品等，产品广泛应用于户外休闲、应急救灾、工矿作业、家庭备用等场景，销售渠道覆盖全球 100 多个国家和地区，是国内离网照明赛道的头部企业深圳市长方集团股份有限公司。LED 光源器件封装业务，是公司的传统优势业务，核心产品为贴片式 LED 照明光源器件，主要应用于通用照明、显示、指示等领域，为公司下游照明产品提供上游核心器件配套，形成产业链协同深圳市长方集团股份有限公司。此外，公司近年尝试布局新能源光伏、风能发电相关业务，但目前尚未形成规模化营收，仍处于前期探索阶段深圳市长方集团股份有限公司。三、本次其他风险警示的核心原因与完整时间线本次公司被实施其他风险警示，核心触发因素是历史子公司财务造假事项的监管惩戒，完整时间线与核心原因如下：2024 年 4 月，公司及相关当事人因涉嫌信息披露违法违规，收到中国证监会《立案告知书》，监管正式启动对公司历史财务数据的调查。2025 年 1 月 10 日，公司收到深圳证监局出具的《行政处罚事先告知书》，查实公司控股子公司康铭盛通过销售返利不入账、虚构未履约销售合同等方式，虚增 2020 年、2021 年的营业收入、利润总额和应收账款，导致公司披露的 2020 年、2021 年年度报告存在虚假记载。2025 年 1 月 13 日，根据《深圳证券交易所创业板股票上市规则》第 9.4 条第（七）项 “根据中国证监会行政处罚事先告知书载明的事实，公司披露的年度报告财务指标存在虚假记载，但未触及重大违法强制退市情形的，交易所对其股票交易实施其他风险警示” 的规定，公司股票正式被实施其他风险警示，证券简称由 “长方集团” 变更为 “ST 长方”，日涨跌幅限制调整为 5%深圳证券交易所。2025 年 6 月 27 日，公司收到深圳证监局正式出具的《行政处罚决定书》，认定的违法事实与此前事先告知书内容完全一致，明确本次违法违规行为未触及重大违法强制退市情形，对公司及相关责任人作出行政处罚深圳证券交易所。需要补充说明的是，公司历史上曾于 2022 年因子公司内控失效、财务报告内部控制被出具否定意见，被实施过其他风险警示，2025 年本次 ST 是在历史风险基础上，因财务造假事项叠加实施的风险警示。四、摘帽的法定条件与可能性判断1. 摘帽的核心法定条件根据《深圳证券交易所创业板股票上市规则》，公司申请撤销本次其他风险警示，需同时满足以下核心条件：中国证监会出具的正式行政处罚决定书生效之日起满 12 个月；公司已对财务造假相关事项完成全面整改，财务核算规范、内部控制制度有效运行；公司最近一期年度财务会计报告被出具标准无保留意见，不存在其他触发风险警示的情形；公司生产经营正常，主要银行账户未被冻结、无违规担保、无实控人资金占用等其他违规事项。2. 摘帽可能性最终判断综合来看，公司本次摘帽的确定性较高，最终摘帽成功概率约 80%，不存在摘帽失败的实质性障碍，仅存在时间早晚的差异，核心判断依据如下：有利支撑因素：一是本次违法违规事项未触及重大违法强制退市情形，监管处罚已正式落地，无进一步的退市风险；二是公司已完成相关年度财务数据的追溯更正，更换了审计机构与核心管理层，完成了内控整改，2024 年年度财务报告被出具标准无保留意见，满足摘帽的财务与合规要求；三是公司生产经营正常，核心子公司康铭盛仍保持行业头部地位，2024 年、2025 年营收均保持在 5 亿元左右，期末净资产为正，未触及任何退市相关条款；四是正式行政处罚决定书于 2025 年 6 月 27 日落地，2026 年 6 月即可满足 “生效满 12 个月” 的核心要求，最早可在 2026 年半年报披露后向深交所申请摘帽。潜在延迟摘帽的风险：一是公司 2025 年预计全年归母净利润亏损 1.15 亿元 - 1.68 亿元，持续亏损可能引发监管对公司持续经营能力的问询，延缓摘帽审核进度；二是公司存在未了结的投资者证券虚假陈述赔偿诉讼，若后续出现大额判决赔偿，可能对公司财务状况造成负面影响；三是若公司在监管观察期内出现新增违规事项，将直接影响摘帽申请的审核结果。五、当前投资价值分析1. 潜在投资亮点摘帽预期带来的估值修复机会：公司最早 2026 年 6 月即可申请摘帽，若摘帽成功，将消除 ST 带来的流动性折价与风险折价，估值有望向行业平均水平修复，存在阶段性的交易性机会。细分赛道的行业地位：公司控股子公司康铭盛是国内离网照明赛道的龙头企业，拥有完善的渠道布局与品牌积累，在应急照明、便携式储能领域有稳定的客户基础，具备一定的核心竞争力。市值与资产的安全边际：截至 2026 年 3 月，公司总市值约 26 亿元，对应市净率约 15 倍，虽估值偏高，但公司核心资产仍具备变现能力，2025 年以来持续推进闲置工业园、房产的出售，可补充现金流、缓解债务压力，资产端有一定的安全垫。2. 核心投资风险（决定了公司不具备长期配置价值，仅适合短期博弈）持续亏损的基本面风险：公司 2021 年以来连续 5 年归母净利润为负，2025 年预计亏损进一步扩大，核心业务毛利率持续下滑，盈利能力极弱，尚未找到明确的业绩反转路径，长期基本面承压。高负债与现金流压力：截至 2025 年三季度末，公司资产负债率高达 81.08%，有息负债规模较大，财务费用持续侵蚀利润，经营活动现金流净额连续多期为负，存在一定的债务违约风险。估值严重偏离基本面：公司当前市盈率（TTM）为负，市销率、市净率均远高于光学光电子行业平均水平，估值完全由摘帽预期与题材炒作支撑，若摘帽进度不及预期或业绩持续恶化，估值存在大幅回调的风险。诉讼与合规风险：公司因历史财务造假事项，仍面临投资者民事赔偿诉讼，若后续集中判决大额赔偿，将进一步加剧公司的财务压力；同时公司历史合规问题较多，存在新增监管处罚的可能性。3. 最终投资价值结论公司当前仅适合风险偏好较高的投资者进行短期摘帽预期的博弈，不具备中长期投资价值。短期来看，若 2026 年 6 月顺利满足摘帽条件，股价存在 10%-20% 的估值修复空间；但中长期来看，公司核心业务持续亏损、盈利能力薄弱、债务压力较大，基本面无明确反转信号，投资风险远大于潜在收益。,0,嘻乐开心,3712767835,2026-03-23 10:05:04,0,3,0,29918,0,雪球,https://xueqiu.com/3712767835/380733861,2026-07-08 16:17:12
381015906,SZ300301,ST长方,,$ST长方(SZ300301)$ 只吃了一段，2.23低点以来股性是真好，依依惜别,0,出手就有A,3816469283,2026-03-25 02:34:57,0,3,0,22652,0,雪球,https://xueqiu.com/3816469283/381015906,2026-07-08 16:17:12
381033529,SZ300301,ST长方,长方集团：两次ST都是因为子公司财务造假,$ST长方(SZ300301)$ 先明确核心前提：深圳市长方集团股份有限公司（证券代码 300301.SZ）并非 “即将被实施其他风险警示”，而是已于 2025 年 1 月 13 日被深交所正式实施其他风险警示，当前证券简称为 ST 长方，截至 2026 年 3 月仍处于 ST 状态，本次 ST 的触发原因已由监管正式认定，相关整改工作正在推进中。一、公司简要历史沿革公司前身是 2005 年 5 月 30 日成立的深圳市长方光电科技有限公司，早期核心业务为 LED 照明光源器件封装，是国内 LED 封装领域的早期入局企业。2012 年 3 月 21 日，公司在深交所创业板挂牌上市，成为国内 LED 封装赛道较早上市的企业之一。2016 年 2 月，公司完成工商变更，正式更名为深圳市长方集团股份有限公司，开启集团化运营。2014 年是公司业务转型的关键节点，公司通过收购控股子公司康铭盛 60% 股权，从上游 LED 封装向下游照明应用延伸，切入离网照明、应急照明赛道，后续完成康铭盛剩余股权收购，形成 “LED 封装 + 照明应用” 的全产业链布局。2024 年公司因涉嫌信披违规被证监会立案，2025 年因查实的财务造假事项被实施 ST，目前聚焦 LED 照明、便携式储能两大核心业务。二、当前主营业务情况公司当前核心业务分为两大板块，2024 年以来持续收缩非核心业务，聚焦主业发展，具体如下：LED 照明与消费电子业务：由控股子公司康铭盛主导，是公司营收核心来源，营收占比超 85%。核心产品包括离网照明、应急照明、智能照明、便携式储能、户外小家电等，产品覆盖全球 100 多个国家和地区，是国内离网照明赛道的头部企业，在应急救灾、户外休闲、工矿作业等场景有稳定的渠道和品牌积累。LED 光源器件封装业务：公司传统优势业务，核心产品为贴片式 LED 照明光源器件，主要为下游自有照明产品提供上游核心器件配套，同时对外供货，形成产业链协同，营收占比约 12%。此外，公司曾尝试布局光伏、风电相关业务，但目前尚未形成规模化营收，仍处于前期探索阶段。三、本次其他风险警示的核心原因与完整时间线本次公司被实施其他风险警示，核心触发因素是历史子公司财务造假的监管惩戒，完整时间线与核心原因如下：2024 年 4 月，公司及相关当事人因涉嫌信息披露违法违规，收到中国证监会《立案告知书》，监管正式启动对公司历史财务数据的调查。2025 年 1 月 10 日，公司收到深圳证监局《行政处罚事先告知书》，查实控股子公司康铭盛通过销售返利不入账、虚构未履约销售合同等方式，虚增 2020 年、2021 年营业收入、利润总额，导致公司 2020 年、2021 年年报存在虚假记载，且该事项未触及重大违法强制退市情形。2025 年 1 月 13 日，深交所依据《创业板股票上市规则》第 9.4 条第（七）项规定（证监会行政处罚事先告知书载明年报财务指标虚假记载、未触及重大违法退市的，实施其他风险警示），对公司股票正式实施其他风险警示，证券简称由 “长方集团” 变更为 “ST 长方”，日涨跌幅限制调整为 5%。2025 年 6 月 27 日，公司收到深圳证监局正式《行政处罚决定书》，违法事实与事先告知书完全一致，对公司及相关责任人作出顶格处罚，本次违规事项的监管处罚正式落地。补充说明：公司历史上曾于 2022 年因子公司内控失效、内控审计报告被出具否定意见，被实施过其他风险警示，2023 年完成整改后摘帽，本次 ST 为历史财务造假事项引发的二次风险警示。四、摘帽的法定条件与可能性判断1. 摘帽的核心法定条件根据《深圳证券交易所创业板股票上市规则》，公司申请撤销本次其他风险警示，需同时满足 4 项核心要求：证监会正式行政处罚决定书生效之日起满 12 个月；财务造假相关事项完成全面整改，财务核算规范、内控制度有效运行；最近一期年度财报被出具标准无保留审计意见，无其他触发风险警示的情形；生产经营正常，无主要银行账户冻结、违规担保、实控人资金占用等其他违规事项。2. 摘帽可能性最终判断综合监管要求与公司现状，公司本次摘帽确定性较高，最终摘帽成功概率约 80%，不存在摘帽失败的实质性障碍，仅存在时间窗口的差异，核心判断依据如下：有利支撑因素本次违规事项未触及重大违法强制退市情形，监管处罚已正式落地，无进一步的退市风险，摘帽路径清晰明确；公司已完成相关年度财务数据的追溯更正，更换了审计机构与核心管理层，完成内控体系全面整改，2024 年年报被出具标准无保留审计意见，满足摘帽的财务与合规要求；公司生产经营正常，核心子公司康铭盛仍保持细分赛道头部地位，2024-2025 年营收稳定在 5 亿元左右，期末净资产为正，未触及任何退市相关条款；正式行政处罚决定书于 2025 年 6 月 27 日生效，2026 年 6 月即可满足 “生效满 12 个月” 的核心要求，最早可在 2026 年半年报披露后，向深交所提交摘帽申请。潜在延迟摘帽的风险公司 2025 年业绩预告显示全年归母净利润亏损 1.15 亿元 - 1.68 亿元，连续多年亏损可能引发监管对公司持续经营能力的问询，延缓摘帽审核进度；公司仍有未了结的投资者证券虚假陈述赔偿诉讼，若后续出现大额判决赔偿，可能对公司财务状况造成负面影响；若公司在监管观察期内出现新增信披违规事项，将直接影响摘帽申请的审核结果。五、当前投资价值分析1. 潜在投资亮点摘帽预期带来的阶段性估值修复机会：公司最早 2026 年 6 月即可申请摘帽，若摘帽成功，将消除 ST 带来的流动性折价与风险折价，估值有望向光学光电子行业平均水平修复，存在 10%-20% 的短期交易性机会；细分赛道有稳定的基本盘：控股子公司康铭盛是国内离网照明龙头，拥有完善的海外渠道与品牌积累，在便携式储能、应急照明领域有稳定的客户基础，具备一定的核心竞争力；资产端有一定安全垫：截至 2026 年 3 月，公司总市值约 26 亿元，2025 年以来持续推进闲置工业园、房产的出售，可补充现金流、缓解债务压力，资产端具备一定的变现能力。2. 核心投资风险（决定无长期配置价值）基本面持续恶化，盈利能力极弱：公司 2021 年以来连续 5 年归母净利润为负，2025 年亏损进一步扩大，核心业务毛利率持续下滑，尚未找到明确的业绩反转路径，长期基本面承压；高负债与现金流压力突出：截至 2025 年三季度末，公司资产负债率高达 81.08%，有息负债规模较大，财务费用持续侵蚀利润，经营活动现金流净额连续多期为负，存在一定的债务违约风险；估值严重偏离基本面：公司当前市盈率（TTM）为负，市销率、市净率均远高于光学光电子行业平均水平，估值完全由摘帽预期与题材炒作支撑，若摘帽进度不及预期或业绩持续恶化，估值存在大幅回调的风险；合规与诉讼风险持续：历史财务造假引发的投资者赔偿诉讼尚未了结，若集中判决大额赔偿，将进一步加剧财务压力；公司历史信披违规问题较多，存在新增监管处罚的可能性。3. 最终投资价值结论公司当前仅适合风险偏好极高的投资者，进行短期摘帽预期的博弈，不具备中长期投资价值。短期来看，若 2026 年 6 月顺利满足摘帽条件、提交申请并获通过，股价存在 10%-20% 的估值修复空间；但中长期来看，公司核心业务持续亏损、盈利能力薄弱、债务压力较大，基本面无明确反转信号，投资风险远大于潜在收益。,0,嘻乐开心,3712767835,2026-03-25 03:37:18,0,2,0,26156,0,雪球,https://xueqiu.com/3712767835/381033529,2026-07-08 16:17:12
381454860,SZ300301,ST长方,,有两支股，我卖飞了。卖时都有点盈利，但很少。一是长方，去年有段时间仓位还可以，经常发“来日方长”的图(“来入长方”)；后来觉得它可能摘不了帽，就卖了；今年业绩预告后，是不是很多人觉得它要摘帽了，凭着低股价的“优势”涨的一塌糊涂。痛心呀。另一支是建艺，业绩预告后，我觉得可以摘帽(可能性大)；拿了段时间毫无起色，想着“自己觉得，别人未必觉得”，虽极低市值，但体验不好，就卖了。3月它起飞了！如果是仓位太小，或根本没花什么精力，我也就不会觉得有什么遗憾了。苍天，现在俺被套其它股的山上，好冷。想起曾经的恋人，辜负了她们呀(哼，是她们辜负了我)。#千亿富婆已经抛弃爱买垃圾股的我#,0,仓大未满,8092575878,2026-03-27 05:51:03,15,23,0,38055,1,Android,https://xueqiu.com/8092575878/381454860,2026-07-08 16:17:12
381716227,SZ300301,ST长方,,$ST长方(SZ300301)$ 这个是真的强呀，不过现在都30亿了，也差不多了,0,阳澄湖大闸蟹1125,3740953248,2026-03-30 02:02:59,1,0,0,16465,0,Android,https://xueqiu.com/3740953248/381716227,2026-07-08 16:17:12
382023976,SZ300301,ST长方,,ST长方：关于被债权人申请重整及预重整的提示性公告 网页链接,0,ST长方(SZ300301),0,2026-03-31 09:33:54,5,5,0,17965,2,公告,https://xueqiu.com/S/SZ300301/382023976,2026-07-08 16:17:12
382023977,SZ300301,ST长方,,ST长方：关于公司股票交易被实施其他风险警示相关事项的进展公告 网页链接,0,ST长方(SZ300301),0,2026-03-31 09:33:54,1,0,0,11241,0,公告,https://xueqiu.com/S/SZ300301/382023977,2026-07-08 16:17:12
382024914,SZ300301,ST长方,ST长方：被债权人申请重整及预重整,【ST长方：被债权人申请重整及预重整】财联社3月31日电，ST长方(300301.SZ)公告称，公司于3月30日收到债权人深圳市一匡贸易有限公司通知，该债权人以公司不能清偿到期债务且明显缺乏清偿能力为由，于3月27日向深圳市中级人民法院申请对公司进行重整并启动预重整程序。目前公司尚未收到法院受理文件，申请能否被受理存在不确定性。,0,财联社,7437424816,2026-03-31 09:40:22,0,2,0,18580,0,雪球,https://xueqiu.com/7437424816/382024914,2026-07-08 16:17:12
382028939,SZ300301,ST长方,,$ST长方(SZ300301)$ 怪不得这波走这么高，原来内幕资金早就知道了,0,ST吉祥如意富贵,1686641190,2026-03-31 10:02:45,2,4,0,16412,0,雪球,https://xueqiu.com/1686641190/382028939,2026-07-08 16:17:12
382032443,SZ300301,ST长方,ST长方：被债权人申请重整及预重整,每经AI快讯，3月31日，ST长方(300301.SZ)公告称，公司于3月30日收到债权人深圳市一匡贸易有限公司通知，该债权人以公司不能清偿到期债务且明显缺乏清偿能力为由，于3月27日向深圳市中级人民法院申请对公司进行重整并启动预重整程序。目前公司尚未收到法院受理文件，申请能否被受理存在不确定性。若法院裁定受理重整申请，公司股票将被实施退市风险警示，简称变更为&#34;*ST长方”；若重整失败被宣告破产，公司股票面临终止上市风险。 每日经济新闻,0,每日经济新闻,4642157440,2026-03-31 10:21:20,0,1,0,11787,0,雪球,https://xueqiu.com/4642157440/382032443,2026-07-08 16:17:12
382052697,SZ300301,ST长方,03月31日晚|ST股重要公告速递,⛏️ ST司特 📋 子公司签订磷矿深部采矿权出让合同全资子公司贵州路发与贵州省自然资源厅签订明泥湾磷矿深部资源采矿权出让合同，开采标高扩展至730米至-135米，累计查明磷矿资源量3609.8万吨。公司需先行缴纳矿业权出让收益136.8万元，后续按矿产品销售额逐年缴纳。本次取得深部采矿权将有效增加可采资源储备，为衔接永温磷矿建设投产奠定基础，但矿产开发存在建设周期长、资金投入大等风险。📌 ST尔雅 ⚖️ 诉讼达成调解收回1亿退款，资产出售尾款仍未收到全资子公司与贵州盘煜的买卖合同纠纷案达成法院调解，公司已收回1.04亿元货款，对方承诺6月底前支付692万元利息，若顺利到账将增加今年利润。另外，公司出售两家能源子公司股权，受让方应在3月31日前付清1800万元转让款，但截至公告日公司仍未收到剩余款项，将督促对方履约。💰 ST东尼 🎁 子公司获150万元政府补助控股子公司湖州东尼新能源收到与收益相关的政府补助150万元，预计将增加2026年度利润总额150万元，占去年净利润比例较小，对公司经营影响有限。📊 *ST金比 📈 年报审计工作正常推进，闲置资金理财暂无在途公司2025年报审计现场工作已完成，与会计师不存在重大分歧，1月业绩预告显示可能触及退市风险警示情形。此外，公司使用不超过4.5亿元自有资金购买银行理财或结构性存款，目前暂无未到期的现金管理产品。🏛️ *ST美谷 🔔 重整进程中拟拍卖处置低效资产包根据重整计划财产变价方案，公司拟在京东拍卖平台处置三个资产包，包括子公司股权和对外债权，起拍价合计约6.15亿元，旨在剥离低效资产、优化资产结构。拍卖时间为4月1日至2日，结果存在不确定性，若成交有助于改善公司资产质量。⚖️ ST信通 📑 投资者诉讼新增14起，80起调解赔偿738万元因历史信息披露违规，公司累计收到1826起投资者索赔诉讼，涉诉金额5.35亿元。本月新增14起索赔572万元，与80位投资者达成调解协议赔偿738万元，另收到5起一审判决需赔偿197万元。已调解金额未超预计负债计提范围，对当期损益暂无额外影响。🎯 *ST交投 🌿 中标国道绿化工程2580万元公司中标&#34;国道G219龙陵至龙镇桥段景观绿化工程&#34;，中标价2580万元，主要包括边坡绿化、景观节点、观景台装饰等，若顺利签约并实施将对今年业绩产生积极影响。目前尚未签署正式合同，项目存在不确定性。🔒 ST萃华 ⚠️ 三家子公司股权被司法冻结公司持有的三家子公司股权被法院冻结，包括两家全资子公司和一家控股子公司51%股权（涉资6000万元），主要因买卖合同纠纷和金融借款合同纠纷所致。目前案件正在审理中，冻结股权暂不会被司法拍卖，不影响日常经营，公司正积极协商解决。📉 *ST大晟 ✅ 年报审计推进中，预计满足撤销退市风险警示条件公司2024年因营收低于3亿元且亏损被实施退市风险警示。2025年业绩预告显示营收预计3.35-3.5亿元且净资产为正，会计师出具预审计情况专项说明，认为财务指标退市风险警示情形预计已消除。年报预约4月30日披露，若审计确认达标，将申请撤销退市风险警示。🚨 ST长方 ⚠️ 被债权人申请重整及预重整债权人深圳市一匡贸易以公司不能清偿500万元到期债务且明显缺乏清偿能力为由，向深圳中院申请对公司进行重整并启动预重整程序。公司尚未收到法院受理文件，若法院裁定受理重整，股票将被实施退市风险警示（变更为*ST长方）。重整若顺利实施可改善资产负债结构，但若重整失败公司可能被宣告破产并面临退市风险。🔄 *ST亚太 📝 控股股东股份质押办理展期控股股东广州万顺将持有的604万股（占总股本1.24%）股份质押办理展期，质押用途为资金周转。控股股东资信状况良好，不存在平仓风险，此次质押展期不会对公司生产经营产生重大不利影响。📈 *ST新研 ✅ 年报审计正常开展，预计净资产转正公司2024年末净资产为负被实施退市风险警示。2025年业绩预告显示预计实现净利润4000-5100万元，净资产有望转正至2.45-3.09亿元。目前年报编制及审计工作有序推进，与审计机构在重大会计处理上不存在重大分歧，非标意见涉及事项是否消除尚在审计中。⚠️ *ST精伦 🚨 营收低于3亿元将面临终止上市，服务器收入审计存疑公司2025年度净利润预计为负且扣除后营业收入低于3亿元，触及财务类退市指标，股票将被终止上市。年报审计处于质控复核阶段，其中2.35亿元服务器销售收入可能因无法获取充分审计证据而被出具非无保留意见审计报告。若最终被出具保留、无法表示或否定意见，也将触发退市。🏛️ *ST新元 ✅ 子公司重整第一次债权人会议表决通过全资子公司北京万向新元破产重整第一次债权人会议已召开，关于后续债权人会议召开方案获98.81%有表决权债权人同意并通过。公司正密切关注重整进展，将及时履行信息披露义务。🏭 *ST兰黄 📦 控股子公司租赁三门峡厂区扩产果汁业务控股子公司三门峡黄河饮品拟转租位于河南三门峡的果汁生产厂区，租期15年，含税租金总额不超过5307万元。该厂区周边苹果原料丰富，有利于公司扩大浓缩果汁生产规模，保障原料稳定供应。租赁资产涉及抵押，但出租方承诺不影响正常生产经营。📋 *ST华嵘 ✅ 年报审计顺利，预计撤销退市风险警示公司2024年因营收低于3亿元被实施退市风险警示。2025年业绩预告显示营收达标且预计扭亏为盈，会计师出具专项说明认为财务类退市风险警示情形预计已消除。目前现场审计已完成，整体进度可控，未发现新增信息化及工程业务存在不具备商业实质的证据。📅 *ST中地 📊 年报审计有序推进，预计4月15日披露公司2024年末净资产为负被实施退市风险警示。目前2025年报编制及审计工作正有序推进，与审计机构安永在重大会计处理、审计意见类型等事项上不存在重大分歧，预计不晚于4月15日披露年报。若2025年净资产仍为负值，公司股票将被终止上市。💡 投资提示：ST/*ST公司存在不同程度的经营风险、退市风险或债务风险，投资者应仔细阅读公司公告，充分了解相关风险，理性决策。以上信息基于公告内容整理，不构成投资建议。📅 公告日期：2026年3月31日#ST股# #ST股重要公告速递#$ST司特(SZ002538)$ $ST长方(SZ300301)$ $ST萃华(SZ002731)$ @今日话题,0,ST咚哥,4326037532,2026-03-31 12:45:43,0,2,0,36962,1,雪球,https://xueqiu.com/4326037532/382052697,2026-07-08 16:17:12
382103606,SZ300301,ST长方,ST长方被申请预重整,$ST长方(SZ300301)$ 【特别提醒】：本文仅代表个人观点，作为个人研究立此存照，与志同道合者共勉，不代表买卖建议，股市有风险，入市需谨慎。,0,泰勒斯资本观察,4240674076,2026-03-31 23:57:50,2,13,0,42451,2,雪球,https://xueqiu.com/4240674076/382103606,2026-07-08 16:17:12
382109994,SZ300301,ST长方,,st长方 目前市值29亿，主营业务为LED照明相关产品，3.27被债权人申请重整及预重整,0,喜欢困境反转,1146530030,2026-04-01 00:59:31,2,3,0,17025,0,Android,https://xueqiu.com/1146530030/382109994,2026-07-08 16:17:12
382139055,SZ300301,ST长方,2026.4.01重要公告,"st长方：被债权人申请重整及预重整st司特：全资子公司贵州路发与贵州省自然资源厅签订了《开阳县永温乡明泥湾磷矿采矿权出让合同》拟获得明泥湾深部磷矿资源采矿权，手续办理完毕后，明泥湾磷矿依法可采储量新增1817.6万吨。*st交投：收到中标通知书中标价2,580.46万元st东尼：公司获得政府补助150万元，占公司2024年度上市公司股东的净利润的13.02%st岭南：董事辞职暨补选董事及聘任总裁、董事会秘书*st中地：2025年年度报告编制及最新审计进展工作正有序推进中不存在重大分歧*st华嵘：2025年年度报告编制及最新审计进展工作正有序推进中不存在重大分歧*st新研：2025年年度报告编制及最新审计进展不存在重大分歧*st大晟：2025年度报告编制及最新审计进展工作正有序推进中不存在重大分歧*st兰黄：控股子公司租赁资产转租期内含税租金总额不超过5,307.77万元*st亚太：完成工商变更登记并换发营业执照st萃华：子公司股权冻结；部分子公司新增借款逾期公司及子公司累计借款逾期本金为49,400.84万元。st新华锦：无法在责令改正期限内完成资金占用整改自2026年2月26日开市起停牌，预计停牌时间不超过2个月$ST长方(SZ300301)$ $ST司特(SZ002538)$ $ST岭南(SZ002717)$",0,ST自由诗,7040995361,2026-04-01 02:27:16,0,9,0,41350,1,雪球,https://xueqiu.com/7040995361/382139055,2026-07-08 16:17:12
382146088,SZ300301,ST长方,,昨天下午刚刚在英飞拓的文章里说广深地区路条竞争比较激烈，今早就看到长方也被申请预重整了，目前广深地区在走程序的就有瑞和、赛为、英飞拓、长方、泉为；感觉是不是要多挖掘一下长三角的重整标的,0,leon-ST,3992279828,2026-04-01 02:47:40,0,2,0,14480,1,雪球,https://xueqiu.com/3992279828/382146088,2026-07-08 16:17:12
382151520,SZ300301,ST长方,,$ST长方(SZ300301)$这个债权人的债权金额才500万，净资产够的吧，怎么会是“明显缺乏清偿能力”这个理由呢？法院会受理么,0,喵苗淼庙,6980095469,2026-04-01 03:04:43,0,2,0,11348,0,HarmonyOS,https://xueqiu.com/6980095469/382151520,2026-07-08 16:17:10
382152815,SZ300301,ST长方,,$ST长方(SZ300301)$ 小小参与下，今天应该是内幕资金走了，他们不走，也没好的参与机会,0,百万以后,1574152442,2026-04-01 03:09:07,2,3,0,14882,1,iPhone,https://xueqiu.com/1574152442/382152815,2026-07-08 16:17:10
382183536,SZ300301,ST长方,,$ST长方(SZ300301)$ 高位利好， 最近从2元涨起来的， 差不多翻倍，这个要等调整充分了再进， 这股获利盘巨大，以前最低1元下方涨上来的。重整也是明牌， 王氏兄弟会入驻， 所以预期没那么高。,0,运动的赚钱霸主,6317581942,2026-04-01 05:50:15,3,1,0,23327,0,iPad,https://xueqiu.com/6317581942/382183536,2026-07-08 16:17:10
382189195,SZ300301,ST长方,,$ST长方(SZ300301)$ 深圳今年重整没有一个差的，不要砸了招牌啊，哈哈,0,瑞鹿仙,6527717234,2026-04-01 06:15:13,0,5,0,14158,0,Android,https://xueqiu.com/6527717234/382189195,2026-07-08 16:17:10
382317147,SZ300301,ST长方,,$ST长方(SZ300301)$真丢人！你他妈脑袋瓜子有病？,0,永远的格瓦拉虎王,6241348300,2026-04-02 02:05:34,0,2,0,14007,0,HarmonyOS,https://xueqiu.com/6241348300/382317147,2026-07-08 16:17:10
382335081,SZ300301,ST长方,,$ST长方(SZ300301)$ 我他妈在最低割肉了，蠢了！这庄还是操的好，狠手啊,0,永恒的格瓦拉,7165436427,2026-04-02 02:56:01,0,0,0,11060,0,Android,https://xueqiu.com/7165436427/382335081,2026-07-08 16:17:10
382344426,SZ300301,ST长方,,$ST长方(SZ300301)$ 这两天被潜伏资金砸晕亏十个点啦😤,0,浪浪山的妖怪,2434220369,2026-04-02 03:27:09,1,1,0,13605,0,Android,https://xueqiu.com/2434220369/382344426,2026-07-08 16:17:10
382427648,SZ300301,ST长方,,ST长方：关于子公司完成工商变更登记并换发营业执照的公告 网页链接,0,ST长方(SZ300301),0,2026-04-02 11:09:15,0,0,0,13300,0,公告,https://xueqiu.com/S/SZ300301/382427648,2026-07-08 16:17:10
382427649,SZ300301,ST长方,,ST长方：关于被债权人申请重整及预重整的专项自查报告 网页链接,0,ST长方(SZ300301),0,2026-04-02 11:09:15,2,1,0,15681,0,公告,https://xueqiu.com/S/SZ300301/382427649,2026-07-08 16:17:10
382442587,SZ300301,ST长方,04月02日晚|ST股重要公告速递,今天的ST股重要公告速递来了！你的点赞、关注是对咚哥最大的支持！🔔 *ST金刚 ⭐ 重整成功扭亏为盈，申请撤销退市风险警示 公司2025年实现营业收入2.89亿元，净利润2.03亿元（扭亏为盈），净资产由负转正达20.06亿元，审计报告为标准无保留意见。重整计划已执行完毕，收到欧昊集团等投资人18.04亿元重整投资款，总股本增至5.4亿股。因净资产转正、营收达标、净利润为正且持续经营能力不确定性消除，公司已向深交所申请撤销退市风险警示（摘星）及其他风险警示（摘帽），能否获批尚不确定。股票简称暂仍为&#34;*ST金刚&#34;。🔔 ST银江 ⚠️ 叠加实施其他风险警示，连续三年亏损且持续经营能力存疑公司因2023年至2025年连续三个会计年度扣非前后净利润均为负值，且2025年财报被出具带持续经营重大不确定性段落的无保留意见，自4月3日起被叠加实施其他风险警示。股票简称维持&#34;ST银江&#34;不变，不停牌。截至2025年末，公司母公司未弥补亏损达14.5亿元，不满足分红条件。公司主营业务为智慧城市数字基层治理及智慧交通、智慧健康等，实际控制人王辉、刘健夫妇通过银江科技集团持股。🔔 *ST正平 📈 停牌核查完毕4月3日复牌公司股票自3月10日至26日累计涨幅57.56%（10个涨停板），经停牌核查后于4月3日复牌。但公司同时提示多项重大风险：净资产预计区间下限为负值（可能触及净资产为负退市）；2024年审计报告为无法表示意见且相关事项可能未消除（可能触及非标意见退市）；2024年内控审计为否定意见（可能触及内控退市）；部分子公司未纳入预重整债权申报范围；矿业开发缺乏资金人员；采矿权存在被冻结风险；重整投资人招募也存在不确定性。🔔 *ST集友 💰 回购股份减持进展：已卖524万股，还剩2645万股公司此前两次回购累计持有3169万股（占总股本6.04%）。2025年9月计划减持不超过1048万股，截至目前已通过集中竞价卖出524万股（均价10.04元/股，成交总额5263万元），减持后回购专户还剩2645万股。本次减持符合回购股份出售相关规定，每日出售数量不超过预披露前20个交易日日均成交量的25%，且不触及控制权变更风险。🔔 ST长方 ⚠️ 被债权人申请重整，自查报告：无资金占用和违规担保债权人深圳市一匡贸易公司以公司不能清偿到期债务且明显缺乏清偿能力为由，向深圳中院申请对公司进行重整及预重整。公司自查显示：不存在涉及安全、生态等重大违法情形，不存在欺诈发行或重大信息披露违法，无控股股东资金占用，无违规对外担保，也无其他丧失重整价值的违规情形。但法院是否受理尚不确定，若受理股票简称将由&#34;ST长方&#34;变更为&#34;*ST长方&#34;。🔔 *ST沪科 🚨 【重大利空】营收仅750-1100万，多项退市风险缠身公司对上交所监管工作函回复显示：2025年预计营收仅750万-1100万元（远低于3亿红线），扣非净利润仅28万-42万元，存在营收+扣非净利不达标退市风险。证监会立案调查尚未结案，可能面临100万-1000万元罚款，若计提将导致净利润为负。新增花卉经纪、运输代理等业务与关联方昆明花拍中心有关，审计机构表示尚需穿透测试商业实质，若无法获取充分证据可能出具非标审计意见。此外，预付香港石化货款已计提89.9%坏账，粮食类贸易收入367万元被调整为非经常性损益。🔔 ST景峰 👥 【中性】完成董事会换届，张翊维任董事长公司4月2日召开股东大会选举产生第九届董事会，张翊维当选董事长，另聘任刘树林为总裁、马学红为财务总监、郭策为董秘。新董事会任期3年，独立董事占比三分之一且符合任职资格。郭策尚未取得深交所董秘培训证明，已承诺参加培训。第八届董事廉奇志等3人离任后不再担任任何职务。🔔 *ST万方 🚨 市值退市第六次警告：已连续14个交易日低于5亿截至4月2日，公司股票收盘总市值已连续14个交易日低于5亿元，第六次发布风险提示。若连续20个交易日市值低于5亿将直接退市，不进入退市整理期。雪上加霜的是，公司预计2025年扣除后营收仅1.5-2亿元（低于3亿红线），且净利润继续亏损，可能同时触及财务类退市（营收+净利不达标）和审计意见类退市（2024年保留意见所涉事项尚未消除）。此外，证监会立案调查仍在进行中。🔔 ST中珠 ⚖️ 3.12亿元欠款强制执行获法院立案公司与中珠集团、阳江浩晖等关联方合同纠纷案取得新进展。此前经法院调解，对方应于今年8月25日前还清欠款，但到期未履行构成全面违约。4月2日公司收到珠海香洲区法院五份《申请执行受理通知书》，法院已正式受理公司申请的强制执行并决定立案执行，执行金额3.12亿元。但因对方偿债能力存疑，具体能追回多少资金及对公司利润的影响尚不确定。🔔 *ST华闻 📋 第一次债权人会议将于4月9日网络召开公司重整程序进入关键节点，第一次债权人会议定于2026年4月9日上午9:30通过网络形式召开，会议将审议管理人工作报告、债务人财产状况报告、债权核查结果、管理人报酬方案，并表决《预重整期间共益债务融资议案》。债权申报期限为2026年2月28日至4月9日。若重整失败被宣告破产，公司股票将被终止上市。目前公司存在因行政处罚被实施其他风险警示及持续经营能力不确定的双重风险。🔔 ST东时 ⚖️ 向股东追讨9260万出资款及利息，累计新增31件诉讼公司就山东东方时尚股东出资纠纷向北京仲裁委员会提起仲裁，要求股东尹红梅支付未实缴出资9260万元及利息（按LPR计算），并赔偿因未出资导致公司垫付资金的利息损失，涉案金额合计1.43亿元。此外，公司及控股子公司近12个月累计新增诉讼31件，涉及本金1.64亿元（占净资产17.66%），主要为合同纠纷。目前公司处于预重整阶段，若法院正式受理重整申请将被实施退市风险警示。🔔 *ST沐邦 📉 控股股东1047万股被司法拍卖过户，持股降至13.12%控股股东沐邦新能源控股持有的1047万股（占总股本2.41%）被深圳龙岗法院在京东平台公开拍卖，已于4月1日完成过户。竞买人文勇获2.41%股份，控股股东持股从15.53%降至13.12%，但与其一致行动人合计仍持股17.23%，控制权未变更。根据规定，受让方在受让后6个月内不得减持该部分股份。此次拍卖系债务纠纷导致的被动减持，不影响公司正常经营。🔔 ST得润 💰 子公司增资扩股完成，注册资本增至5244万元公司引入顺益亚太对控股子公司深圳柏拉蒂进行增资的关联交易已完成，公司支付了全部增资认购款，顺益亚太的增资款将在完成FDI手续后支付。深圳柏拉蒂已完成工商变更登记，注册资本由1196万元增至5244万元。本次增资扩股旨在改善子公司资金状况，有利于优化股权结构，支持其业务发展，同时公司已收回对深圳柏拉蒂及其子公司的其他应收款。🔔 *ST铖昌 📝 年报审计进入质控复核阶段，预告扭亏为盈中兴华会计师事务所对公司2025年年报审计工作已进入质量控制部门复核阶段。事务所已完成现场盘点、走访、访谈等程序，与公司在重大会计处理、审计意见类型等事项上无重大分歧。根据业绩预告，公司预计2025年营收3.8-4.35亿元（超过3亿红线），净利润9500万-1.24亿元（扭亏为盈），净资产14.5-15.4亿元。若最终审计结果与预告一致，有望消除财务类退市风险。🔔 ST凯利 📈 大股东增持70万股触及1%刻度，继续推进增持计划公司合计持股5%以上的股东（凯诚君泰、吕向东、李虹、刘双全、魏永梅）增持计划取得进展，李虹已以集中竞价方式增持70万股（占总股本0.10%），增持金额446万元。增持后上述股东合计持股比例从7.96%增至8.06%，触及1%权益变动披露标准。该增持计划为6个月内增持不少于717万股且不超过1434万股，目前尚未实施完毕，后续将继续择机增持。🔔 *ST美谷 💰 资产拍卖首次流拍，第二次拍卖4月9日开启根据重整计划财产处置方案，公司持有的湖北金环新材料100%股权及相关债权在4月1日-2日的首次公开拍卖中流拍。第二次拍卖定于4月9日下午15时至10日下午15时在京东拍卖平台进行，分三个资产包：资产包一（金环股权及债权、京汉绿创债权）起拍价1.88亿元；资产包二（凯弦投资债权）起拍价2.61亿元；资产包三（金环绿色纤维及京汉置业债权）起拍价4262万元。若拍卖成功将改善公司资产结构，但结果存在不确定性。🔔 *ST云创 🚨 财务+立案双重退市风险，2025营收仅5342万公司同时面临财务类退市和重大违法退市风险。因2024年年报被出具无法表示意见，股票已被实施退市风险警示。2025年业绩快报显示营收仅5342万元（若低于5000万将直接触及财务退市），净利润亏损1.57亿元。更严峻的是，证监会立案调查尚未结束，若最终认定触及重大违法情形将被强制退市。审计机构提醒，因立案调查尚无结论，可能出具非无保留意见审计报告，公司将每10个交易日继续披露风险提示。🔔 *ST中基 📝 年报审计进行中，预计净资产转正但扣非仍亏中兴华会计师事务所对公司2025年年报审计工作正有序推进，已完成现场函证、监盘、走访等程序。公司预约4月17日披露年报，业绩预告显示营收4.5-5.5亿元（超3亿线），归属于上市公司股东净资产2200-3300万元（有望由负转正），但扣除非经常性损益后净利润仍亏损3.1-3.6亿元。需要注意的是，公司预重整申请虽获法院准许，但尚未正式进入重整程序，能否进入存在重大不确定性。🔔 *ST双成 📝 年报审计完成现场工作，预告扭亏为盈上会会计师事务所已完成对公司2025年报的现场审计工作，目前处于底稿汇总分析及质控复核阶段。公司与事务所在重大会计处理、关键审计事项、审计意见类型上无重大分歧。根据业绩预告，公司预计2025年净利润为正数且扭亏为盈，预约4月18日正式披露年报。若经审计的财务数据触及《股票上市规则》第9.3.12条规定情形，仍存在被终止上市风险。🔔 *ST佳沃 ⭐ 摘星摘帽申请处于补充材料阶段，能否获批不确定公司已向深交所提交撤销退市风险警示（摘星）及其他风险警示（摘帽）的申请，目前处于补充材料阶段。根据规则，补充材料期间不计入深交所作出决定的期限。公司提醒，申请能否获得深交所批准存在不确定性，若未获批准，公司股票可能继续被实施风险警示或面临终止上市风险。公司预约4月18日披露2025年年报，最终需以审计结果为准。🔔 *ST精伦 🚨 双重退市倒计时：市值连续19日低于5亿+股价16日低于1元公司股票总市值已连续19个交易日低于5亿元（目前3亿元），且收盘价连续16个交易日低于1元（目前0.61元）。即使4月3日涨停，市值仍将连续20日低于5亿，直接触及交易类强制退市（不进入退市整理期）。此外，审计机构已明确表示：公司2025年扣除后营业收入低于3亿元且净利润为负，年报披露后将触及财务类退市；同时2.35亿元服务器销售收入可能因无法获取充分审计证据而被出具非标意见，再次触发退市。退市已成定局。🔔 *ST返利 📝 年报编制顺利，未发现非标意见事项上会会计师事务所对公司2025年报审计工作正有序进行，公司未发现可能导致财务报告及内部控制报告被出具非标准审计意见的事项，与事务所在重大会计处理、关键审计事项、审计意见类型上无重大分歧。公司已于1月31日披露业绩预告，预计因财务类指标涉及的退市风险警示情形有望消除，预约4月18日正式披露年报。最终财务数据以正式披露的审计报告为准。🔔 *ST天择 📝 中审众环审计进入底稿复核阶段，无重大分歧中审众环会计师事务所对公司2025年报审计已进入底稿完善、汇总及复核阶段。公司分别于去年7月和11月完成事务所变更及进场审计，1月已与审计委员会就年报审计进展进行专题沟通。截至目前未发现可能导致非标意见的事项，与事务所无重大分歧。公司预约4月18日披露年报，若经审计的2025年营收仍低于3亿或净利为负，将触及财务类退市。📢 投资提示ST股存在退市风险、流动性风险及信息披露风险，投资者应充分了解公司基本面，理性评估风险收益比，避免盲目跟风炒作。本公告速递仅供参考，不构成投资建议，请以交易所及公司正式披露信息为准。📅 公告日期：2026年4月2日晚$*ST正平(SH603843)$ $ST长方(SZ300301)$ $*ST集友(SH603429)$,0,ST咚哥,4326037532,2026-04-02 13:10:02,3,17,0,111455,9,雪球,https://xueqiu.com/4326037532/382442587,2026-07-08 16:17:10
382486478,SZ300301,ST长方,,$ST长方(SZ300301)$ 放量下跌，不是跑路节奏吗,0,正版东邪黄药师,3204094239,2026-04-03 00:53:14,0,0,0,12783,0,雪球,https://xueqiu.com/3204094239/382486478,2026-07-08 16:17:10
382519688,SZ300301,ST长方,,$ST长方(SZ300301)$ 家人们糊涂啊，这种提前涨的就该让它面退,0,感冒清纯爱战神,3975282194,2026-04-03 02:42:10,0,0,0,13949,0,Android,https://xueqiu.com/3975282194/382519688,2026-07-08 16:17:10
382526736,SZ300301,ST长方,2026.4.03重要公告,"*st佳沃：申请撤销公司股票退市风险警示及其他风险警示的进展：补充材料中st长方：被债权人申请重整及预重整的专项自查报告不存在违规对外担保、尚未履行完毕的承诺事项及其他重大违法。*st沐邦：控股股东部分股份被司法拍卖完成过户，竞买人文勇将持有司法过户的公司股份10,470,610股,占公司总股本的2.41%，不会导致公司控制权发生变更。st集友：截至目前，公司回购股份数量为5,240,000股, 占公司总股本的比例为0.9991%，成交总额为52,631,545.00元。*st凯利：截至目前，李虹以集中竞价交易方式累计增持公司股份700,000股，占公司总股本的0.10%，增持金额合计为人民币4,460,623元。st返利：2025年年度报告编制及审计进展：工作有序推进，未出现重大分歧*st天择：2025年年度报告编制及审计进展：工作有序推进，不存在重大分歧*st中基：2025年年报编制和审计工作进展：不存在重大分歧*st双成：2025年年度报告编制及最新审计进展：工作有序推进，不存在重大分歧*st铖昌：2025年年度报告编制及最新审计进展：不存在重大分歧$ST长方(SZ300301)$ $*ST集友(SH603429)$ $*ST沐邦(SH603398)$",0,ST自由诗,7040995361,2026-04-03 03:05:54,0,5,0,48268,0,雪球,https://xueqiu.com/7040995361/382526736,2026-07-08 16:17:10
382547682,SZ300301,ST长方,,$ST长方(SZ300301)$ 年报提前 2026-04-10 -&gt; 2026-04-08,0,套利党,1945630035,2026-04-03 05:05:56,4,2,0,13231,0,雪球,https://xueqiu.com/1945630035/382547682,2026-07-08 16:17:10
382680026,SZ300301,ST长方,,ST长方后期逻辑记录：1、被申请预重整及重整，债务危机和经营困境通过重整化解，困境反转及债务化解预期强，且年内未被带🌟，短期保壳压力较小；2、创业板壳，目前市值较低，预重整及重整自查报告显示无证监会审批合规问题，且前期证监会处罚结论已出，重大违法退市风险彻底释放，壳干净；3、公司原实控人持股比例较低，公司主营业务无长期支撑，存在实控人及主营业务变更预期；4、预重整申请公告披露后，前期内幕盘获利了结，连续三日大跌，4月3日企稳反弹，价格短期底部；5、深圳区域科创企业发达，参考st赛为、st瑞和走势，优质新质生产力类产投借壳预期强，后期股价估值预期好；6、债务规模较小，后期转股比例较低，对中小股东稀释及除权影响较小。#st板块# #st长方# #ST瑞和 #提示：上述分析仅为个人记录，不构成投资建议。,0,静水流深s0e,9481489765,2026-04-04 14:48:06,0,0,0,17248,0,iPhone,https://xueqiu.com/9481489765/382680026,2026-07-08 16:17:10
382681685,SZ300301,ST长方,ST长方后期逻辑思考,ST长方后期逻辑思考：一、潜在利好：1、被申请预重整及重整，债务危机和经营困境通过重整化解，困境反转及债务化解预期强，且年内未被带🌟，年内保壳压力较小；2、创业板壳，目前市值较低，预重整及重整自查报告显示无证监会审批合规问题，且前期证监会处罚结论已出，重大违法退市风险彻底释放，壳干净；3、公司原实控人持股比例较低，公司主营业务无长期支撑，存在实控人及主营业务变更预期；4、预重整申请公告披露后，前期内幕盘获利了结，连续三日大跌，4月3日企稳反弹，价格短期底部；5、深圳区域科创企业发达，参考st赛为、st瑞和走势，优质新质生产力类产投借壳预期强，后期股价估值预期好；6、债务规模较小，后期转股比例较低，对中小股东稀释及除权影响较小。#st板块# #st长方# #ST瑞和 #提示：上述分析仅为个人记录，不构成投资建议。,0,静水流深s0e,9481489765,2026-04-04 15:35:16,3,2,0,28348,1,iPhone,https://xueqiu.com/9481489765/382681685,2026-07-08 16:17:10
382753663,SZ300301,ST长方,,st长方刚刚起步。值得拥有。,0,阳光的增长小流星,2202689376,2026-04-06 10:37:17,6,3,0,9752,0,Android,https://xueqiu.com/2202689376/382753663,2026-07-08 16:17:10
382793117,SZ300301,ST长方,,1. ST长方（300301）核心阶段：重整及预重整申请已提交，法院尚未受理关键节点：2026年3月27日，债权人深圳市一匡贸易有限公司以公司不能清偿到期债务、具备重整价值为由，向深圳市中级人民法院提交重整及预重整申请；3月30日公司披露相关公告，4月3日完成专项自查，确认无资金占用、违规担保等影响重整可行性的重大违法违规事项。当前进展：截至4月7日，公司尚未收到法院受理相关申请的法律文书，申请能否通过司法审查、是否进入预重整程序存在重大不确定性。核心风险：若法院裁定受理重整申请，股票将被实施退市风险警示（*ST）；若重整失败，公司存在被宣告破产、股票终止上市的风险。2. 棒杰股份（002634）核心阶段：上市公司预重整推进中，核心子公司已进入正式重整关键节点：2026年1月5日，金华中院正式裁定对上市公司启动预重整，指定浙江京衡+北京金杜律所联合体担任临时管理人；2026年1月8日启动重整投资人公开招募，2月24日公告共有45家意向投资人完成报名，目前处于投资人遴选与方案谈判阶段；2026年2月3日，法院裁定受理控股子公司扬州棒杰（核心光伏业务主体）的重整申请，4月2日召开第一次债权人会议，已接收申报债权29.02亿元，确认债权13.53亿元。当前进展：上市公司预重整债权申报、资产核查工作同步推进，子公司重整已完成首次债权人会议，推进财产管理方案落地。核心风险：2025年末预计净资产为负，年报披露后将被实施*ST；能否遴选出合格投资人、法院是否受理正式重整均存在不确定性。3. 华夏幸福（600340）核心阶段：司法预重整关键冲刺期，重整投资人招募窗口期关键节点：前期庭外重组：2192亿元金融债务已累计完成重组1926.69亿元，完成度87.9%，剩余逾期债务268.82亿元；2025年11月，廊坊中院受理债权人对公司的重整申请，同步启动预重整程序并指定临时管理人；2026年3月1日，临时管理人发布重整投资人招募公告，报名截止时间2026年4月13日，重整投资方案提交截止时间2026年5月28日。当前进展：预重整程序正常推进，债权申报与资产核查同步进行，投资人招募处于报名期；公司已确认2025年末净资产为-150亿元至-100亿元，年报披露后将被实施*ST。核心风险：若2026年末净资产未能转正，股票将直接终止上市；投资人招募结果、重整方案债权人表决均存在重大不确定性。4. 亿晶光电（600537）核心阶段：预重整备案完成，投资人方案评审关键期关键节点：2026年2月4日，常州中院对公司及控股子公司常州亿晶的重整申请予以预重整备案登记，指定预重整引导人；2026年2月10日启动债权申报与重整投资人招募，3月13日债权申报截止，3月16日重整投资方案提交截止；内蒙古能源集团（蒙能集团）为唯一意向投资人，已通过司法拍卖+二级市场增持成为公司第二大股东（持股4.2%）。当前进展：处于投资人资格审查与方案评审阶段，预计4月上旬官宣最终战投，4月中上旬有望向法院提交正式重整申请。核心风险：2025年末预计净资产为-6800万元至-1.3亿元，年报披露后将被实施*ST；法院是否受理正式重整、重整方案能否通过均存在不确定性。5. 雪浪环境（300385）核心阶段：预重整核心协议全部落地，待法院裁定正式受理重整关键节点：2025年11月，债权人向无锡中院申请预重整；2026年1月14日，无锡中院完成预重整备案登记，指定联合管理人；2026年1月23日启动重整投资人招募，3月20日与氦星万联产业联合体签署8.54亿元重整投资协议；2026年3月31日，与无锡国联产投等财务投资人签署补充投资协议，产业+财务投资方案全部落地。当前进展：预重整核心工作基本完成，已向法院提交正式重整申请材料，预计4月中下旬有望获法院正式受理裁定。核心风险：法院是否受理正式重整存在不确定性；若受理，股票将被实施*ST；重整失败将面临破产清算风险。6. 美丽生态（000010）核心阶段：未进入司法预重整/重整程序，仅推进庭外重组关键节点：2025年10月21日，债权人向深圳中院提交重整及预重整申请，截至2026年4月，法院未受理该司法申请；2026年3月，前述债权人转向深圳福田企业重组服务中心申请庭外重组，重组中心已受理申请，确定北京市金杜（深圳）律所担任重组协调人；2026年3月30日，公司发布庭外重组债权申报公告，申报截止日2026年5月14日。当前进展：仅处于庭外重组筹备阶段，未进入任何司法破产程序，公司明确拟待庭外重组条件成熟后，再向法院申请转入司法重整。核心风险：庭外重组能否与债权人达成一致、是否能顺利转入司法重整均存在重大不确定性，无明确重整时间表。7. ST瑞和（002620）核心阶段：预重整程序中，重整投资人报名窗口期关键节点：2025年7月16日，深圳中院受理公司预重整申请并指定管理人；2026年3月24日，管理人发布重整投资人招募公告，仅接受产业投资人单独报名（不接受财务投资人/联合体），设置净资产≥5亿元、资产负债率≤50%等硬性门槛，报名需缴纳5000万元保证金；报名截止时间2026年4月9日17:00，投资方案提交截止2026年4月23日17:00。当前进展：处于投资人报名期，债权申报与资产核查同步推进，预计4月下旬完成投资人遴选。核心风险：2025年末预计净资产为-8200万元至-4200万元，4月30日前披露年报后将被实施*ST；若未能招募到合格投资人，预重整存在失败风险。8. ST泉为（300716）核心阶段：重整及预重整申请已法院立案，尚未正式受理关键节点：2026年1月29日，债权人青岛泰上青阳供应链管理有限公司以公司不能清偿到期债务、具备重整价值为由，向东莞市中级人民法院提交重整及预重整申请；2026年3月4日，公司公告法院已就该申请设立案件号（2026）粤19破申38号，正式进入司法审查阶段。当前进展：截至4月7日，公司尚未收到法院启动预重整或受理重整申请的裁定，仍处于法院对重整可行性的审查阶段，公司已组建专班推进与法院、监管部门的预沟通工作。核心风险：2025年三季报已资不抵债，年报披露后将被实施*ST；法院是否受理重整申请存在重大不确定性，若受理失败将面临债务违约加剧、退市风险。9. ST东时（603377，原东方时尚）核心阶段：预重整深度推进，已签署正式重整投资协议关键节点：2025年7月10日，北京一中院裁定对公司启动预重整，指定以北京大兴国资旗下大兴投资集团为主的清算组担任临时管理人；2025年8月，公司与11家重整投资人（含地方国资、产业方、财务投资人）签署《重整投资协议》；2026年1月完成公司管理层换届，3月披露“东时转债”将于4月8日到期，预计无法按时兑付本息，转债债权将纳入重整清偿范围。当前进展：预重整债权审查、资产核查基本完成，重整核心方案已敲定，待条件成熟后向法院提交正式重整申请，预计2026年上半年推进正式受理。核心风险：公司2022-2024年连续三年亏损，2025年预计继续亏损；法院是否受理正式重整、重整方案能否获债权人会议表决通过均存在不确定性。10. *ST中基（000972，中基健康）核心阶段：预重整二次延期，关键窗口期临近关键节点：2025年7月28日，新疆生产建设兵团第六师中级人民法院裁定对公司及子公司红色番茄启动预重整，指定清算组担任临时管理人；2026年1月27日，法院裁定预重整期限第二次延长至2026年4月28日，理由为部分债权审查需补充材料、重整方案仍在履行国资审批流程；子公司已累计获得债务豁免1亿元、政府补助超3.16亿元，同步推进与新疆国资新业集团的资产注入相关沟通。当前进展：处于债权核查收尾与重整方案最终敲定阶段，需在4月28日前完成预重整核心工作，同步推进与债权人、意向投资人的方案协商。核心风险：公司已被实施退市风险警示，若预重整失败、2026年末净资产未能转正，将直接面临股票终止上市风险。,0,这孔乙己的长衫,9411800336,2026-04-07 01:35:36,1,1,1,31721,2,HarmonyOS,https://xueqiu.com/9411800336/382793117,2026-07-08 16:17:10
382854308,SZ300301,ST长方,,$ST长方(SZ300301)$ 市值不大，电子行业，重整后翻倍不过分吧？,0,只买两元摘帽股,9635241903,2026-04-07 07:10:23,2,8,0,13715,2,Android,https://xueqiu.com/9635241903/382854308,2026-07-08 16:17:07
382903059,SZ300301,ST长方,,ST长方：董事、高级管理人员薪酬管理制度（2026年4月） 网页链接,0,ST长方(SZ300301),0,2026-04-07 14:06:15,0,0,0,1844,0,公告,https://xueqiu.com/S/SZ300301/382903059,2026-07-08 16:17:07
382903060,SZ300301,ST长方,,ST长方：2025年度内部控制评价报告 网页链接,0,ST长方(SZ300301),0,2026-04-07 14:06:15,0,0,0,1980,0,公告,https://xueqiu.com/S/SZ300301/382903060,2026-07-08 16:17:07
382903061,SZ300301,ST长方,,ST长方：2025年度独立董事述职报告(李军） 网页链接,0,ST长方(SZ300301),0,2026-04-07 14:06:15,0,0,0,1887,0,公告,https://xueqiu.com/S/SZ300301/382903061,2026-07-08 16:17:07
382903062,SZ300301,ST长方,,ST长方：2025年度独立董事述职报告(曾文德） 网页链接,0,ST长方(SZ300301),0,2026-04-07 14:06:15,0,0,0,1907,0,公告,https://xueqiu.com/S/SZ300301/382903062,2026-07-08 16:17:07
382903067,SZ300301,ST长方,,ST长方：关于2025年度计提资产减值准备的公告 网页链接,0,ST长方(SZ300301),0,2026-04-07 14:06:16,0,0,0,2052,0,公告,https://xueqiu.com/S/SZ300301/382903067,2026-07-08 16:17:07
382903068,SZ300301,ST长方,,ST长方：关于长方集团2024年限制性股票激励计划第一个解除限售期解除限售条件未成就暨回购注销部分限制性股票之法律意见书 网页链接,0,ST长方(SZ300301),0,2026-04-07 14:06:16,0,0,0,2024,0,公告,https://xueqiu.com/S/SZ300301/382903068,2026-07-08 16:17:07
382903069,SZ300301,ST长方,,ST长方：关于变更注册资本并修订《公司章程》的公告 网页链接,0,ST长方(SZ300301),0,2026-04-07 14:06:16,0,0,0,2091,0,公告,https://xueqiu.com/S/SZ300301/382903069,2026-07-08 16:17:07
382903070,SZ300301,ST长方,,ST长方：董事会薪酬与考核委员会工作细则（2026年4月） 网页链接,0,ST长方(SZ300301),0,2026-04-07 14:06:16,0,0,0,1973,0,公告,https://xueqiu.com/S/SZ300301/382903070,2026-07-08 16:17:07
382903071,SZ300301,ST长方,,ST长方：董事、高级管理人员离职管理制度（2026年4月） 网页链接,0,ST长方(SZ300301),0,2026-04-07 14:06:16,0,0,0,1994,0,公告,https://xueqiu.com/S/SZ300301/382903071,2026-07-08 16:17:07
382903072,SZ300301,ST长方,,ST长方：董事会议事规则（2026年4月） 网页链接,0,ST长方(SZ300301),0,2026-04-07 14:06:16,0,0,0,2000,0,公告,https://xueqiu.com/S/SZ300301/382903072,2026-07-08 16:17:07
382903073,SZ300301,ST长方,,ST长方：关于公司未弥补亏损超过实收股本总额三分之一的公告 网页链接,0,ST长方(SZ300301),0,2026-04-07 14:06:16,0,0,0,2189,0,公告,https://xueqiu.com/S/SZ300301/382903073,2026-07-08 16:17:07
382903076,SZ300301,ST长方,,ST长方：2025年度非经营性资金占用及其他关联资金往来情况汇总表 网页链接,0,ST长方(SZ300301),0,2026-04-07 14:06:17,0,0,0,2207,0,公告,https://xueqiu.com/S/SZ300301/382903076,2026-07-08 16:17:07
382903077,SZ300301,ST长方,,ST长方：第五届董事会第十七次会议决议公告 网页链接,0,ST长方(SZ300301),0,2026-04-07 14:06:17,0,0,0,2057,0,公告,https://xueqiu.com/S/SZ300301/382903077,2026-07-08 16:17:07
382903078,SZ300301,ST长方,,ST长方：董事会及审计委员会关于公司2025年度带持续经营重大不确定性段落的无保留意见审计报告涉及事项的专项说明 网页链接,0,ST长方(SZ300301),0,2026-04-07 14:06:17,0,0,0,2296,0,公告,https://xueqiu.com/S/SZ300301/382903078,2026-07-08 16:17:07
382903079,SZ300301,ST长方,,ST长方：关于2026年度公司及子公司向银行及其他企业申请授信或借款额度并提供资产抵押及预计担保额度、开展票据池资产池业务的公告 网页链接,0,ST长方(SZ300301),0,2026-04-07 14:06:17,0,0,0,2302,0,公告,https://xueqiu.com/S/SZ300301/382903079,2026-07-08 16:17:07
382903080,SZ300301,ST长方,,ST长方：关于召开2025年度股东会的通知 网页链接,0,ST长方(SZ300301),0,2026-04-07 14:06:17,0,0,0,2155,0,公告,https://xueqiu.com/S/SZ300301/382903080,2026-07-08 16:17:07
382903081,SZ300301,ST长方,,ST长方：2025年度非经营性资金占用及其他关联资金往来情况的专项说明 网页链接,0,ST长方(SZ300301),0,2026-04-07 14:06:17,0,0,0,2477,0,公告,https://xueqiu.com/S/SZ300301/382903081,2026-07-08 16:17:07
382903082,SZ300301,ST长方,,ST长方：关于对长方集团2025年度营业收入扣除情况的专项核查意见 网页链接,0,ST长方(SZ300301),0,2026-04-07 14:06:17,0,0,0,2524,0,公告,https://xueqiu.com/S/SZ300301/382903082,2026-07-08 16:17:07
382903083,SZ300301,ST长方,,ST长方：关于对长方集团2025年度财务报表出具带解释性说明的无保留意见审计报告的专项说明 网页链接,0,ST长方(SZ300301),0,2026-04-07 14:06:17,0,0,0,2520,0,公告,https://xueqiu.com/S/SZ300301/382903083,2026-07-08 16:17:07
382903084,SZ300301,ST长方,,ST长方：关于公司股票被叠加实施其他风险警示的公告 网页链接,0,ST长方(SZ300301),0,2026-04-07 14:06:18,0,0,0,2846,0,公告,https://xueqiu.com/S/SZ300301/382903084,2026-07-08 16:17:06
382903085,SZ300301,ST长方,,ST长方：董事会关于独立董事独立性情况的专项意见 网页链接,0,ST长方(SZ300301),0,2026-04-07 14:06:18,0,0,0,2769,0,公告,https://xueqiu.com/S/SZ300301/382903085,2026-07-08 16:17:06
382903086,SZ300301,ST长方,,ST长方：2025年年度报告摘要 网页链接,0,ST长方(SZ300301),0,2026-04-07 14:06:18,0,0,0,2979,0,公告,https://xueqiu.com/S/SZ300301/382903086,2026-07-08 16:17:06
382903087,SZ300301,ST长方,,ST长方：2025年年度报告 网页链接,0,ST长方(SZ300301),0,2026-04-07 14:06:18,0,0,0,3100,0,公告,https://xueqiu.com/S/SZ300301/382903087,2026-07-08 16:17:06
382903456,SZ300301,ST长方,,ST长方：董事会秘书工作制度（2026年4月） 网页链接,0,ST长方(SZ300301),0,2026-04-07 14:09:14,0,0,0,2963,0,公告,https://xueqiu.com/S/SZ300301/382903456,2026-07-08 16:17:06
382903457,SZ300301,ST长方,,ST长方：关于2026年度董事、高级管理人员薪酬方案的公告 网页链接,0,ST长方(SZ300301),0,2026-04-07 14:09:14,0,0,0,3397,0,公告,https://xueqiu.com/S/SZ300301/382903457,2026-07-08 16:17:06
382903458,SZ300301,ST长方,,ST长方：董事会薪酬与考核委员会关于回购注销2024年限制性股票激励计划部分限制性股票的审核意见 网页链接,0,ST长方(SZ300301),0,2026-04-07 14:09:14,0,0,0,3460,0,公告,https://xueqiu.com/S/SZ300301/382903458,2026-07-08 16:17:06
382903459,SZ300301,ST长方,,ST长方：关于2025年年度报告披露提示性公告 网页链接,0,ST长方(SZ300301),0,2026-04-07 14:09:14,0,0,0,3833,0,公告,https://xueqiu.com/S/SZ300301/382903459,2026-07-08 16:17:06
382903460,SZ300301,ST长方,,ST长方：2025年度内部控制审计报告 网页链接,0,ST长方(SZ300301),0,2026-04-07 14:09:14,0,0,0,3924,0,公告,https://xueqiu.com/S/SZ300301/382903460,2026-07-08 16:17:06
382903461,SZ300301,ST长方,,ST长方：关于回购注销2024年限制性股票激励计划部分限制性股票的公告 网页链接,0,ST长方(SZ300301),0,2026-04-07 14:09:14,0,1,0,4476,0,公告,https://xueqiu.com/S/SZ300301/382903461,2026-07-08 16:17:06
382903462,SZ300301,ST长方,,ST长方：2025年度独立董事述职报告(王亮） 网页链接,0,ST长方(SZ300301),0,2026-04-07 14:09:14,0,0,0,4263,0,公告,https://xueqiu.com/S/SZ300301/382903462,2026-07-08 16:17:06
382903463,SZ300301,ST长方,,ST长方：公司章程（2026年4月） 网页链接,0,ST长方(SZ300301),0,2026-04-07 14:09:14,0,0,0,4593,0,公告,https://xueqiu.com/S/SZ300301/382903463,2026-07-08 16:17:06
382903468,SZ300301,ST长方,,ST长方：董事会审计委员会对会计师事务所履行监督职责情况的报告 网页链接,0,ST长方(SZ300301),0,2026-04-07 14:09:15,0,0,0,5169,0,公告,https://xueqiu.com/S/SZ300301/382903468,2026-07-08 16:17:06
382903469,SZ300301,ST长方,,ST长方：关于2025年度利润分配预案的公告 网页链接,0,ST长方(SZ300301),0,2026-04-07 14:09:15,0,0,0,5481,0,公告,https://xueqiu.com/S/SZ300301/382903469,2026-07-08 16:17:06
382903470,SZ300301,ST长方,,ST长方：关于会计师事务所2025年度履职情况的评估报告 网页链接,0,ST长方(SZ300301),0,2026-04-07 14:09:15,0,0,0,6192,0,公告,https://xueqiu.com/S/SZ300301/382903470,2026-07-08 16:17:06
382903471,SZ300301,ST长方,,ST长方：2025年度董事会工作报告 网页链接,0,ST长方(SZ300301),0,2026-04-07 14:09:15,0,0,0,6627,0,公告,https://xueqiu.com/S/SZ300301/382903471,2026-07-08 16:17:06
382903472,SZ300301,ST长方,,ST长方：2025年年度审计报告 网页链接,0,ST长方(SZ300301),0,2026-04-07 14:09:15,0,0,0,6439,0,公告,https://xueqiu.com/S/SZ300301/382903472,2026-07-08 16:17:06
382906270,SZ300301,ST长方,,【ST长方：2025年归母净亏损1.5亿元，亏损同比扩大】ST长方4月7日公告，2025年实现营业收入3.97亿元，同比下降21.48%；归属于上市公司股东的净利润亏损1.5亿元，上年同期亏损3373.48万元；基本每股收益-0.1812元。公司2025年度不派发现金红利，不送红股，不以公积金转增股本。@ST长方$ST长方(SZ300301)$,0,GPLP犀牛,1515690066,2026-04-07 14:33:21,0,0,0,7792,0,雪球,https://xueqiu.com/1515690066/382906270,2026-07-08 16:17:06
382944070,SZ300301,ST长方,,$ST长方(SZ300301)$ 很干脆，今天赖好要涨6~8个点吧？,0,永恒的格瓦拉,7165436427,2026-04-08 01:40:53,0,2,0,6679,0,Android,https://xueqiu.com/7165436427/382944070,2026-07-08 16:17:06
382972310,SZ300301,ST长方,ST长方2025年营收3.97亿同比下降21.48%；归母净利润-1.50亿下降345.67%,"蓝鲸新闻4月8日讯，4月7日晚间，ST长方发布2025年业绩报告。数据显示，公司2025年实现营业收入3.97亿元，同比下降21.48%；归母净利润为-1.50亿元，同比下降345.67%；扣非净利润为-1.35亿元，同比下降181.02%。分季度看，第四季度单季营业收入为0.85亿元，归母净利润为-0.64亿元，扣非净利润为-0.44亿元，三项指标均延续全年下滑趋势，其中归母净利润亏损环比扩大。收入结构持续向核心产品集中，移动照明应用产品及其他电子产品收入占比达83.21%，贴片式LED（含大功率）收入占比为11.39%，二者合计占营收比重升至94.60%。分区域看，海外市场仍为第一大收入来源，国外收入占比52.16%，国内收入占比42.43%，但国内外销售规模均出现下降，未见新兴区域市场替代性增长支撑。研发投入金额为3,277.83万元，同比下降25.61%；研发人员数量为221人，减少27.54%，技术投入节奏明显放缓。销售费用为4,417.39万元，同比增长21.24%，在营收同比下降背景下逆势上升，销售费率由上年同期约5.5%升至11.14%。",0,蓝鲸财经,1133075318,2026-04-08 03:10:07,0,0,0,7335,0,雪球,https://xueqiu.com/1133075318/382972310,2026-07-08 16:17:06
382975027,SZ300301,ST长方,,$ST长方(SZ300301)$买入，等待法院受理。优势：自查报告，深圳，新重整票里市值最低，深圳最近牛股多。劣势：重整票整体水位高，前期30个点的涨幅透支。,0,这孔乙己的长衫,9411800336,2026-04-08 03:21:23,0,1,0,6248,0,HarmonyOS,https://xueqiu.com/9411800336/382975027,2026-07-08 16:17:04
382976908,SZ300301,ST长方,连亏三年，ST长方年报出炉即遭“叠加ST”重击，子公司埋坑事件余波未平,"深圳商报·读创客户端记者 张弛 连续三年亏损、净资产收益率惨跌——深圳市长方集团股份有限公司（以下简称“ST长方”）2025年年度报告刚一披露，公司便被深交所叠加实施其他风险警示。 4月7日，ST长方发布2025年年度报告，公司2025年实现营业总收入3.97亿元，同比下降21.48%；归属于上市公司股东的净利润亏损1.5亿元，而2024年同期亏损3373.48万元，亏损同比扩大345.67%。经营活动产生的现金流量净额为-1149.38万元，上年同期为819.41万元；基本每股收益-0.1812元，加权平均净资产收益率-92.28%。 值得关注的是，会计师事务所尤尼泰振青对ST长方2025年度财务报表出具了带持续经营重大不确定性段落的无保留意见的审计报告，公司股票自2026年4月8日起被叠加实施其他风险警示。 来源：公司年报 年报显示，2025年，ST长方营收同比下降21.48%至3.97亿元，同比减少超10亿元。其中，核心业务移动照明应用产品及其他电子产品营收3.30亿元，同比下降23.84%；贴片式LED（含大功率）营收4516万元，同比下降7.11%。 毛利率方面，ST长方工业板块毛利率从2024年的25.92%下降至21.61%，下降4.31个百分点。移动照明产品的毛利率从30.07%降至26.18%，降幅3.89个百分点。 盈利能力方面，ST长方归母净利润亏损从3373万元急剧扩大至1.5亿元，扣非净利润亏损也从4788万元扩大至1.35亿元，亏损幅度扩大181.02%。研发费用同比压缩25.61%，然而在营收大幅下滑的同时，管理费用反而同比增长12.87%。 现金流方面恶化尤为明显。报告期内ST长方经营活动产生的现金流量净额为-1149万元，而上年同期为正的819万元，同比下降240.27%。筹资活动现金流量净额从上年正2225万元转为负2502万元。公司全年现金及现金等价物净减少3951万元，现金净流入同比骤降163.26%。 从资产负债表看，截至2025年末，公司总资产仅8.32亿元，而总负债达7.39亿元，资产负债率攀升至约88.9%，归属于母公司所有者权益仅剩9143万元，较上年同期的2.34亿元骤降61%。 审计机构在报告中指出，长方集团公司2023年度、2024年度、2025年度归属于母公司股东的净亏损分别为14,226.69万元、3,373.48万元、15,034.48万元，且于2025年12月31日，公司流动负债高于流动资产47,962.44万元，流动负债中银行借款8,292.48万元，非金融机构借款36,285.22万元。上述情况可能导致公司持续经营能力产生重大不确定性。 深交所认定，2023年至2025年，公司连续三个会计年度扣除非经常性损益前后净利润孰低者均为负值，且最近一个会计年度审计报告显示公司持续经营能力存在不确定性，因此自2026年4月8日起被叠加实施其他风险警示。 记者注意到，ST长方控股子公司康铭盛的历史遗留问题仍在发酵。回溯历史，康铭盛原管理团队曾在江西康铭盛厂区内5米深坑掩埋377箱会计原始凭证，该事件导致长方集团2020年、2021年年度报告存在虚假记载，公司股票自2025年1月13日起被叠加实施其他风险警示。 2025年6月，深圳证监局对公司及相关责任人下发《行政处罚决定书》，对长方集团给予警告并处以400万元罚款，对时任董事刘志刚及高管江玮给予警告并各处以150万元罚款。 目前，ST长方仍在积极推进刑事案件处理进程。年报显示，公司将继续推进彭立新等涉嫌非法隐匿、销毁会计凭证罪及康铭盛前管理团队其他涉嫌犯罪案件，维护公司及股东的合法权益。 截至报告期末，ST长方处于无控股股东、无实际控制人状态，股权结构分散。第一大股东南昌鑫旺资本企业（有限合伙）持股仅7.14%，前十大股东合计持股不足30%。 二级市场上，截至4月8日记者发稿时间，ST长方跌2.06%，报3.33元/股，总市值27.63亿元。",0,深圳商报,6620276709,2026-04-08 03:30:02,0,0,0,8265,0,雪球,https://xueqiu.com/6620276709/382976908,2026-07-08 16:17:04
383091034,SZ300301,ST长方,8家公司年报被出具“非标”意见 持续经营能力受关注,本报记者 桂小笋年报审计意见如同企业财务状况的“体检报告”，向投资者、债权人及其他利益相关者传递着报表是否公允、真实反映企业经营成果与财务状况的关键信号，是资本市场信任链条中不可或缺的一环。据同花顺iFinD数据统计，截至4月8日，共有1321家上市公司发布2025年年度报告，其中，有8家公司年报被出具非标准审计意见（以下简称“非标”），审计机构出具了带强调事项段的无保留审计意见。这8家公司分别是万科企业股份有限公司、山东晨鸣纸业集团股份有限公司、苏宁易购集团股份有限公司、重庆惠程信息科技股份有限公司、怀集登云汽配股份有限公司、银江技术股份有限公司、深圳市长方集团股份有限公司、新疆八一钢铁股份有限公司。从审计意见指向的细节来看，持续经营能力是这8家公司被重点关注的事项，有6家公司的非标意见提及了持续经营能力存疑相关事项。其中，因借款、诉讼、负债等事项引发的持续经营能力存疑情况均有发生。深圳市长方集团股份有限公司的审计机构认为，该公司2023年度、2024年度、2025年度归属于母公司股东的净亏损分别为14226.69万元、3373.48万元、15034.48万元，且在2025年12月31日，公司流动负债高于流动资产47962.44万元，流动负债中银行借款8292.48万元，非金融机构借款36285.22万元。上述情况可能导致公司持续经营能力产生重大不确定性。新疆八一钢铁股份有限公司公告显示，截至2025年12月31日，公司归属于母公司所有者权益-178995.11万元，2025年度发生归属于母公司所有者的净亏损187890.89万元，且连续四年亏损。这些事项或情况，表明存在可能导致对公司持续经营能力产生重大疑虑的重大不确定性。北京威诺律师事务所主任杨兆全在接受《证券日报》记者采访时表示，上市公司年报被出具非标意见，本质上是审计机构基于诉讼纠纷、持续经营存疑、内控缺陷等事项，对财务信息真实性、完整性作出的风险提示。这一方面体现出审计机构执业更趋审慎，监管环境持续收紧；另一方面也反映出部分上市公司治理不规范、经营风险突出，信息披露质量未达资本市场基本要求。上海明伦律师事务所王智斌律师对《证券日报》记者表示，上市公司和中介机构要切实增强对会计准则和披露规则的理解与执行能力，将提升信息披露质量视为一项严肃的法律责任。唯有如此，才能真正夯实资本市场高质量发展基石，赢得投资者的信任。,0,证券日报,8353550788,2026-04-08 16:10:33,0,0,0,21391,0,雪球,https://xueqiu.com/8353550788/383091034,2026-07-08 16:17:04
383184484,SZ300301,ST长方,,$ST长方(SZ300301)$ 小子，看见正平了没？你再不上就没机会了！,0,永恒的格瓦拉,7165436427,2026-04-09 06:53:56,0,1,0,12471,0,Android,https://xueqiu.com/7165436427/383184484,2026-07-08 16:17:04
383458442,SZ300301,ST长方,,温老好，st长方 也是重整 看看怎么样？,0,初入江湖25,6893118981,2026-04-11 01:45:56,3,1,0,18503,0,iPhone,https://xueqiu.com/6893118981/383458442,2026-07-08 16:17:04
383509684,SZ300301,ST长方,,$ST长方(SZ300301)$ 我认真看了四月三曰ST长方巜关于被债权人申请重整及预重整的提示性公告》感觉偏利好的成份多一些。打算从下周起，逢低关注，分批建仓！,0,靓丽的理财小雪山,8692772168,2026-04-12 00:04:00,0,5,0,10665,0,Android,https://xueqiu.com/8692772168/383509684,2026-07-08 16:17:04
383598426,SZ300301,ST长方,,$ST长方(SZ300301)$ 半导体行业重整、杀的越多，空间越大！压住不让涨，下面托单慢慢吃！,0,A红旗,1867458894,2026-04-13 02:35:50,0,2,0,18755,0,雪球,https://xueqiu.com/1867458894/383598426,2026-07-08 16:17:04
383672292,SZ300301,ST长方,,ST长方：关于公司部分债务逾期进展暨新增债务逾期的公告 网页链接,0,ST长方(SZ300301),0,2026-04-13 09:39:07,1,1,0,16286,0,公告,https://xueqiu.com/S/SZ300301/383672292,2026-07-08 16:17:04
383742361,SZ300301,ST长方,,卖出$ST赛为(SZ300044)$ 7.53元，收益率+23.6%，买入$ST长方(SZ300301)$ 均价3.31元。,0,徐生之,1063814744,2026-04-14 01:39:20,2,3,0,20013,0,Android,https://xueqiu.com/1063814744/383742361,2026-07-08 16:17:04
383793125,SZ300301,ST长方,,$ST长方(SZ300301)$ 东时伤到我了，以后决不格局，只做渣男，跌多了反弹就跑，来回找这样的收割，格局没前途$ST东时(SH603377)$,0,牛不牛吧,3876603925,2026-04-14 05:16:30,0,0,0,18749,0,Android,https://xueqiu.com/3876603925/383793125,2026-07-08 16:17:04
383801611,SZ300301,ST长方,,长方#st长方# up涨停！,0,静水流深s0e,9481489765,2026-04-14 05:54:41,0,1,0,23432,0,iPhone,https://xueqiu.com/9481489765/383801611,2026-07-08 16:17:04
383827784,SZ300301,ST长方,,$ST长方(SZ300301)$ 感觉st的股在上涨排行榜里前列有点怪怪的,0,洒脱的涨停飞鹰,6907960777,2026-04-14 07:55:02,0,1,0,18726,0,Android,https://xueqiu.com/6907960777/383827784,2026-07-08 16:17:04
383855072,SZ300301,ST长方,2026年重整股st长方基本面分析,$ST长方(SZ300301)$ 短期等产业投资人，短期已经上涨，只分析，不荐股短期核心是生死线博弈：能否通过法院受理重整、引入产业投资人以化解债务与流动性危机；中期看资产注入与业务重构价值；当前最大不确定性是持续经营能力与重整结果。一、短期预期核心节奏：法院受理重整→实施退市风险警示→引入产业投资人→债务化解。关键时间窗口：近期法院对债权人申请重整的裁定（受理与否直接决定下一步）。若受理：短期股价或因风险出清、重整预期反弹，但需警惕后续重整进度不及预期的波动；若未受理：退市风险快速上升，股价或承压。核心矛盾：债务逾期与流动性枯竭 vs 重整价值与业务韧性（离网照明、便携式储能等业务仍有细分优势）。二、基本面与核心事实1. 戴帽与立案• 戴帽时间与原因：2025年1月13日，因控股子公司康铭盛2020-2021年年报存在虚假记载，被实施其他风险警示（ST）。• 立案与结案：2023年2月子公司康铭盛因阻碍监管被立案；2025年6月27日收到正式行政处罚决定书，未触及重大违法强制退市。• 立案处罚告知书：2025年1月10日披露，认定康铭盛销售返利不入账、虚增利润等行为。• 资金占用：年报显示无新增非经营性资金占用，历史占用已整改完成。• 内控问题：历史内控否定意见已整改；2025年年报未提及内控否定。2. 避免退市需解决的关键问题1. 法院裁定受理重整，启动正式重整程序；2. 引入产业投资人，落实债务清偿方案（化解约9000万元逾期债务）；3. 解决持续经营能力不确定性，恢复正常融资与经营能力；4. 2026年实现盈利与净资产为正，满足退市规则要求。3. 股权与治理当前无控股股东、无实际控制人，第一大股东南昌鑫旺资本持股7.14%，前十大股东合计持股不足30%，股权结构分散。截至2026年4月10日，质押总比例0.11%（仅90万股），质押风险极低。三、财务状况（2025年年报核心数据）1. 业绩与营收• 2025年营收：3.97亿元（同比-21.48%），四季度单季8482万元（同比-33.13%），年末需求疲软；• 2025年净利润：-1.50亿元（同比-345.67%），扣非净利润-1.35亿元（同比-181.02%），亏损扩大；• 亏损主因：行业竞争加剧、毛利率下滑（23.34%，同比-17.31%）、财务费用高企、大额资产减值与股份支付费用拖累；• 主营构成：LED离网照明（核心，含应急照明、头灯等）、便携式储能、LED光源器件，应用于应急、户外、工矿等场景。2. 资产与负债• 股东权益合计：约9143万元（每股净资产0.11元），同比-61.0%，净资产大幅缩水；• 总资产：8.32亿元，总负债7.40亿元，资产负债率88.9%，偿债压力极大；• 货币资金：年报未披露具体金额，但经营现金流净额-1149.38万元，流动性紧张；• 现金流：经营现金流-1149.38万元（同比转负），投资现金流-240.27%，筹资现金流持续流出，资金链紧绷。四、重整进展1. 核心时间线• 2026年3月27日：债权人深圳市一匡贸易以不能清偿到期债务、具重整价值为由，向深圳中院申请重整及预重整；• 2026年3月30日：公司披露收到重整申请通知；• 当前状态：法院尚未受理，申请能否通过存在重大不确定性。2. 关键信息• 重整投资人：尚未确定，受理后通过遴选确定，优先引入具备产业资源的投资人；• 债务逾期：累计逾期9000万元（占2025年经审计净资产98.44%），近期新增7500万元；• 股权变更：暂无公开拍卖或变更计划，受理后或因资本公积转增、债转股发生变更。五、短期事件与风险提示1. 短期事件• 无大股东增持计划，第一大股东持股稳定；• 控股股东质押比例极低（0.11%），质押风险可控；• 核心短期事件：法院裁定是否受理重整（决定是否叠加*ST）、重整投资人遴选进展。2. 核心风险• 重整未被受理，直接触发退市风险；• 重整进度不及预期，债务化解失败，持续经营能力存疑；• 业务持续承压，营收与盈利难改善，现金流持续紧张。六、估值与资产注入预期1. 估值现状以2026年4月14日行情看：• 市盈率（TTM）：-18.77倍（亏损，无参考意义）；• 市净率（LF）：30.86倍，显著高于行业平均，估值溢价完全依赖重整与资产注入预期；• 市销率（TTM）：7.11倍，高于LED行业平均，反映高风险溢价。2. 资产注入预期核心逻辑：无实控人+重整需求为产业投资人入场提供窗口，潜在注入方向聚焦两大领域：1. 产业链协同：LED封装、离网照明上下游资产（如芯片、应用渠道），提升业务协同性；2. 高增长赛道：便携式储能、新能源相关资产，契合公司现有业务布局，增厚业绩。价值判断：若引入优质产业投资人，注入资产有望改善盈利、化解债务，支撑估值修复；但当前无明确注入计划，不确定性高。辩证总结ST长方是风险与机会并存的典型：短期生死系于重整，中期价值看资产重构。当前核心是押注重整成功，同时跟踪投资人质量、债务清偿方案落地进度。若重整顺利，或迎来业务与估值双修复；若失败，则退市风险极高。建议聚焦法院受理进展与投资人遴选两大核心信号，控制仓位，避免激进,0,一瞬流光刺长空,5136045137,2026-04-14 10:53:31,0,6,0,44640,2,iPhone,https://xueqiu.com/5136045137/383855072,2026-07-08 16:17:04
383947402,SZ300301,ST长方,,长方新高了啊，坏消息是我没有，隔壁的马前炮。不过st哪里赚钱不是赚$ST板块(BK0400)$ $ST长方(SZ300301)$,0,待起风,2472800702,2026-04-15 02:31:27,6,7,0,39932,0,Android,https://xueqiu.com/2472800702/383947402,2026-07-08 16:17:04
384196793,SZ300301,ST长方,,$ST长方(SZ300301)$ 本来是左手长方，右手司特，昨天把我洗走了，算你狠,0,我要好好奋斗,1538567778,2026-04-16 07:06:16,0,1,0,21947,0,Android,https://xueqiu.com/1538567778/384196793,2026-07-08 16:17:04
384212033,SZ300301,ST长方,,$ST长方(SZ300301)$ 左手华谊 右手长方 华谊在于公司本神知名度 长方在于科技实控人预期,0,只买两元摘帽股,9635241903,2026-04-16 08:18:00,0,6,0,28659,1,Android,https://xueqiu.com/9635241903/384212033,2026-07-08 16:17:04
384431502,SZ300301,ST长方,,ST长方：关于举办2025年度业绩说明会的公告 网页链接,0,ST长方(SZ300301),0,2026-04-17 08:44:16,0,0,0,20949,0,公告,https://xueqiu.com/S/SZ300301/384431502,2026-07-08 16:17:04
384614258,SZ300301,ST长方,,ST长方：关于重大诉讼的进展公告 网页链接,0,ST长方(SZ300301),0,2026-04-19 08:29:05,0,0,0,19341,0,公告,https://xueqiu.com/S/SZ300301/384614258,2026-07-08 16:17:04
384857479,SZ300301,ST长方,,$ST长方(SZ300301)$ 买一次赚一次，能不能下来我加点仓,0,我要好好奋斗,1538567778,2026-04-21 01:44:56,0,0,0,21305,0,Android,https://xueqiu.com/1538567778/384857479,2026-07-08 16:17:02
385246148,SZ300301,ST长方,,$ST长方(SZ300301)$ 广东出鼓励政策了，你能被一个光看中吗？不仅要有光，还要站在光中,0,我要好好奋斗,1538567778,2026-04-22 14:30:56,2,0,0,19775,0,Android,https://xueqiu.com/1538567778/385246148,2026-07-08 16:17:02
385375596,SZ300301,ST长方,,$ST长方(SZ300301)$ 一直有3000手在出货，肯定是量化,0,蚊子腿也是肉333,7425046277,2026-04-23 06:34:22,2,0,0,17295,0,Android,https://xueqiu.com/7425046277/385375596,2026-07-08 16:17:02
385437560,SZ300301,ST长方,,ST长方：2025年度网上业绩说明会投资者关系活动记录表 网页链接,0,ST长方(SZ300301),0,2026-04-23 11:08:20,0,1,0,16717,0,公告,https://xueqiu.com/S/SZ300301/385437560,2026-07-08 16:17:02
385547390,SZ300301,ST长方,,$ST长方(SZ300301)$ 还好昨天卖了，跌多点，还要大盘稳定再来。主要这两天光也在跌,0,我要好好奋斗,1538567778,2026-04-24 02:09:36,0,0,0,17016,0,Android,https://xueqiu.com/1538567778/385547390,2026-07-08 16:17:02
385680445,SZ300301,ST长方,,ST长方：关于公司新增债务逾期的公告 网页链接,0,ST长方(SZ300301),0,2026-04-24 10:46:20,0,1,0,20641,0,公告,https://xueqiu.com/S/SZ300301/385680445,2026-07-08 16:17:02
386327673,SZ300301,ST长方,04月28日晚|ST股重要公告速递,⚠️ *ST观典 ⚠️ 2025年年报被出具保留意见及内控否定意见，触及终止上市标准 公司2025年度财务报告被中喜会计师事务所出具保留意见，内部控制被出具否定意见，已触及财务类强制终止上市情形。股票自2026年4月29日开市起停牌，后续将进入退市整理期。此前公司因2024年度亏损且营收低于1亿元已被实施退市风险警示。📋 ST海泰 📋 2025年营收增长33%仍亏损，追溯更正前期虚假贸易差错 公司披露2025年年报，全年实现营业收入约4.49亿元、同比增长33.06%，归母净利润亏损约7298万元，不派发现金红利。同时公告对2021-2022年子公司参与的虚假棉花贸易进行前期会计差错更正，追溯调减前期营业收入合计约4.78亿元，该事项已收到天津证监局行政处罚决定书。🔧 ST长园 🔧 2024年内控缺陷整改完毕，2025年净亏损11.4亿元 公司2024年度内控重大缺陷已整改完毕，2025年度内控获标准无保留意见审计报告。全年实现营业收入78.96亿元，归母净利润亏损11.40亿元，不进行利润分配，母公司累计未弥补亏损达27.71亿元。年报被出具带强调事项段的无保留意见，强调事项涉及证监会立案调查事项。✅ *ST新研 ✅ 重整完成净资产转正，申请撤销退市风险警示 公司2025年12月完成重整，控股股东变更为新疆商贸物流集团，实控人变更为新疆国资委。2025年度经审计净资产由负转正至26.77亿元，归母净利润4313.21万元实现扭亏，大信会计师事务所出具标准无保留意见，公司已向深交所申请撤销退市风险警示。2026年一季度董事会完成换届，经营正常开展。📊 ST围海 📊 披露2026年第一季度报告，无重大需说明事项 公司披露2026年第一季度报告，各项财务数据正常列示，报告期内无需要特别说明的重大事项。该季度报告未经审计。🍺 *ST西发 🍺 资金占用清偿完毕申请摘星，重大资产重组持续推进 公司原控股股东及关联方合计约3.39亿元资金占用已全部清偿完毕，已申请撤销其他风险警示。重大资产重组方面，公司正推进以现金收购嘉士伯持有的拉萨啤酒剩余50%股权事项，目前正在补充加期财务数据。需注意的是，公司已被法院裁定受理重整，自4月28日起被实施退市风险警示，存在重整失败风险。⏳ ST长方 ⏳ 申请庭外重组，债务逾期累计1.77亿元公司拟向福田企业重组服务中心申请庭外重组，待条件成熟后转入预重整、重整程序。目前债务逾期累计1.77亿元，占2025年度经审计净资产的193.04%。3月27日债权人已向法院申请重整，公司尚未收到受理文书。同日披露一季报，投资性房地产计量模式由成本模式变更为公允价值模式。$ST长方(SZ300301)$✅ *ST西发 ✅ 资金占用问题已清偿完毕，申请撤销其他风险警示原控股股东及关联方资金占用余额已全部清偿完毕，公司不存在资金占用情形，已向深交所申请撤销其他风险警示，尚需审核。同时披露重大资产重组进展，拟现金收购嘉士伯持有的拉萨啤酒剩余50%股权，交易尚需股东大会审议通过，目前正在补充更新加期财务数据。因法院已裁定受理重整，股票4月28日起被实施退市风险警示。📊 ST围海 📊 披露2026年第一季度报告浙江省围海建设集团股份有限公司披露2026年第一季度报告，主要会计数据、股东信息及财务报表正常披露，本季度财务报告未经审计。⚠️ ST司特 ⚠️ 年报被出具保留意见，前期会计差错追溯调整2025年年报被信永中和出具带保留意见审计报告，每10股派发现金红利1.2元。因收到安徽证监局行政处罚事先告知书及行政监管措施决定书，对前期会计差错进行追溯调整。同日披露2026年一季报，已完成差错更正及整改方案报送。⚠️ ST香雪 ⚠️ 年报巨亏13.9亿净资产为负，将被实施退市风险警示公司2025年营收15.95亿元同比下降14.16%，归母净利润亏损13.92亿元，期末净资产为负。审计机构出具带持续经营重大不确定性段落的无保留意见。因净资产为负且连续三年扣非前后净利润孰低为负，股票4月29日停牌一天，4月30日起复牌并被实施退市风险警示，简称变更为&#34;*ST香雪&#34;，继续叠加其他风险警示。✅ *ST星光 ✅ 2025年营收达标净资产转正，申请撤销退市风险警示公司2025年度扣除后营业收入3.56亿元，归属于上市公司股东的所有者权益为3.11亿元，审计机构出具标准无保留意见。公司已向深交所申请撤销退市风险警示，能否获批存在不确定性。母公司未弥补亏损金额较大，2025年度拟不派发现金红利。🔓 ST路通 🔓 股东减持计划届满，资金占用款项已全部偿还持股5%以上股东吴爱军减持计划期限届满，通过集中竞价减持40万股，持股比例由6.96%降至6.80%。同时，原实际控制人林竹及其关联方累计占用的1.56亿元资金及利息已全部偿还，公司将委托会计师事务所出具专项审核报告后向深交所申请撤销其他风险警示。⏳ *ST棒杰 ⏳ 披露一季报，预重整及子公司重整持续推进公司披露2026年第一季度报告，主要财务数据正常披露。预重整工作正在推进中，已与产业投资人签署重整投资协议，但尚未收到法院受理重整申请的法律文书。控股子公司扬州棒杰目前处于重整阶段，存在重整失败而被宣告破产的风险。📊 ST亚光 📊 披露2026年第一季度报告亚光科技集团股份有限公司披露2026年第一季度报告，主要会计数据、股东信息及财务报表正常披露，本季度财务报告未经审计。💰 *ST明德 💰 披露一季报，完成收购湖南蓝怡并参与设立创投基金公司披露2026年第一季度报告。报告期内以3570.10万元收购湖南蓝怡51%股权，湖南蓝怡已完成工商变更成为公司控股子公司。同时出资3000万元参与投资武汉泽森聚芯贰号创业投资合伙企业，基金规模9500万元。⏳ *ST恒久 ⏳ 延期回复深交所关注函公司4月21日收到深交所关注函，要求4月28日前书面回复并披露。因部分问题需进一步核实完善，且需中介机构发表意见，公司申请延期回复，将加快进度尽快完成披露。📊 *ST阳光 📊 披露2026年第一季度报告阳光新业地产股份有限公司披露2026年第一季度报告，主要会计数据、股东信息及财务报表正常披露，本季度财务报告未经审计。✅ *ST威尔 ✅ 申请撤销退市风险警示暨披露一季报公司2025年度财报获标准无保留意见，净利润2.02亿元，扣非净利润891万元，扣除后营业收入2.98亿元，净资产5584万元，已向深交所申请撤销退市风险警示。同日披露一季报，因剥离业绩不佳的仪器仪表业务且铝塑膜板块销售增长，净利润及经营现金流同比明显增长。⚖️ ST华扬 ⚖️ 累计新增诉讼仲裁金额超4000万元近十二个月累计新增诉讼、仲裁10起，涉及本金合计4119.78万元，占公司最近一期经审计净资产的73.35%。本次新增诉讼本金2119.78万元，案件已立案尚未开庭，公司为被告，具体影响有待案件进展确定。✅ ST通脉 ✅ 申请撤销其他风险警示暨披露一季报及年报公司2025年度内部控制获标准无保留意见，2023年度否定意见所涉事项已消除，向上交所申请撤销其他风险警示。同日披露2026年一季报及2025年年报摘要，母公司累计未弥补亏损9.8亿元，拟不进行利润分配。$ST通脉(SH603559)$⚠️ *ST春天 ⚠️ 发布股票交易风险提示公司股价剔除大盘因素后波动较大，4月28日涨停。提示多项风险：2025年扣除后营业收入能否超过3亿元尚不确定；冬虫夏草和酒水业务部分收入可能不符合确认条件或需扣除；预付投资款若无法收回，年审机构可能出具无法表示意见审计报告；预计2025年度业绩亏损。📊 *ST海钦 📊 披露2026年第一季度报告披露2026年第一季度报告，因控股股东赠与亚兰特制造51%股权属于同一控制下企业合并，以及前期投资性房地产会计差错更正，对上年同期数据进行追溯调整。本季度财务报告未经审计。🔓 *ST海源 🔓 控股股东部分股份解除质押控股股东新余金紫欣企业管理中心将其持有的部分带押过户股份办理了解除质押手续。截至公告日，剩余质押股份情况已披露，质押风险整体可控。📊 ST路通 📊 披露一季报及年报摘要披露2026年一季报，对2025年第一季度、半年度、第三季度报告中相关经营数据进行前期会计差错更正。2025年年报显示营收1.16亿元同比下降34.36%，归母净利润亏损9234万元。公司实际控制人变更为吴世春，原实控人资金占用1.56亿元已全额归还。📊 *ST双成 📊 披露2026年第一季度报告披露2026年第一季度报告，归母净利润同比增长134.34%，主要系收到上年第四季度注射用紫杉醇（白蛋白结合型）产品利润分成款；经营活动产生的现金流量净额同比增长517.53%。✅ *ST波导 ✅ 撤销退市风险警示明日停牌一天公司已符合撤销退市风险警示条件并获上交所同意。股票4月29日停牌一天，4月30日起复牌并撤销退市风险警示，证券简称由&#34;*ST波导&#34;变更为&#34;波导股份&#34;，股票日涨跌幅限制由5%恢复为10%。$*ST波导(SH600130)$⚖️ ST百利 ⚖️ 控股子公司金融借款合同纠纷一审判决控股子公司百利锂电金融借款合同纠纷案一审判决，需归还本金8480.67万元及利息、罚息、复利、律师费等，公司承担连带清偿责任。公司前期已计提相关负债，预计对本期及期后利润无重大影响。📊 *ST四通 📊 披露2026年第一季度报告广东四通集团股份有限公司披露2026年第一季度报告，主要财务数据、股东信息及财务报表正常披露，本季度财务报告未经审计。📊 *ST帅电 📊 披露2026年第一季度报告浙江帅丰电器股份有限公司披露2026年第一季度报告，主要财务数据、股东信息及财务报表正常披露，本季度财务报告未经审计。🔒 *ST大立 🔒 控股股东部分股份质押控股股东庞惠民将其持有的部分公司股份质押，本次质押后累计质押8760万股，占其持股总数的54.70%，占公司总股本的14.63%。目前质押股份无平仓风险，不会导致公司实际控制权发生变化。🏗️ ST棕榈 🏗️ 中标永城市高标准农田建设项目全资子公司河南棕榈水利建设发展有限公司中标永城市2025年高标准农田建设项目第一标段，中标金额1.97亿元，占2025年度经审计营业收入的9.78%，工期240天。目前处于中标公示期，尚未签署正式合同。📊 *ST皇庭 📊 披露2026年第一季度报告披露2026年第一季度报告，主要财务数据及股东信息正常披露。公司股票自4月27日起已被实施退市风险警示和其他风险警示，证券简称变更为&#34;*ST皇庭&#34;。本季度财务报告未经审计。📊 天玑科技 📊 披露2026年第一季度报告上海天玑科技股份有限公司披露2026年第一季度报告，主要财务数据、股东信息及财务报表正常披露，本季度财务报告未经审计。❌ ST开元 ❌ 被实施退市风险警示和其他风险警示暨披露年报及一季报因2025年末净资产为负，且连续三年扣非前后净利润孰低为负、持续经营能力存在不确定性，公司股票4月28日停牌一天，4月29日起复牌并被实施退市风险警示和其他风险警示，简称变更为&#34;*ST开元&#34;。2025年年报被出具保留意见，拟不分配利润，债权人已申请预重整并获法院准许。同日披露2026年一季报。,0,ST咚哥,4326037532,2026-04-28 11:03:01,0,10,0,154296,1,雪球,https://xueqiu.com/4326037532/386327673,2026-07-08 16:17:02
386365788,SZ300301,ST长方,,ST长方：关于2026年第一季度报告披露提示性公告 网页链接,0,ST长方(SZ300301),0,2026-04-28 13:12:20,0,0,0,26019,0,公告,https://xueqiu.com/S/SZ300301/386365788,2026-07-08 16:17:02
386365792,SZ300301,ST长方,,ST长方：关于公司新增债务逾期的公告 网页链接,0,ST长方(SZ300301),0,2026-04-28 13:12:21,0,0,0,28689,0,公告,https://xueqiu.com/S/SZ300301/386365792,2026-07-08 16:17:02
386365797,SZ300301,ST长方,,ST长方：第五届董事会第十八次会议决议公告 网页链接,0,ST长方(SZ300301),0,2026-04-28 13:12:22,0,0,0,31801,0,公告,https://xueqiu.com/S/SZ300301/386365797,2026-07-08 16:17:02
386365801,SZ300301,ST长方,,ST长方：2026年一季度报告 网页链接,0,ST长方(SZ300301),0,2026-04-28 13:12:23,0,0,0,33798,0,公告,https://xueqiu.com/S/SZ300301/386365801,2026-07-08 16:17:02
386365804,SZ300301,ST长方,,ST长方：关于申请庭外重组的提示性公告 网页链接,0,ST长方(SZ300301),0,2026-04-28 13:12:24,1,1,0,37323,1,公告,https://xueqiu.com/S/SZ300301/386365804,2026-07-08 16:17:02
386365806,SZ300301,ST长方,,ST长方：关于公司股票交易被实施其他风险警示相关事项的进展公告 网页链接,0,ST长方(SZ300301),0,2026-04-28 13:12:25,0,0,0,34121,0,公告,https://xueqiu.com/S/SZ300301/386365806,2026-07-08 16:17:02
386980880,SZ300301,ST长方,,回复@新ST掘金: 13亿市值还能跌多少？好多还没重整的都20多亿，st长方30多亿，华谊40多亿，相比之下还不贵了//@新ST掘金:回复@明朗的股票巅峰:有一定道理，可这货sT后没大跌，玩sT的不捡便宜就不爽的主,0,倚栏听股,8122174500,2026-05-01 08:27:17,0,1,0,31761,1,Android,https://xueqiu.com/8122174500/386980880,2026-07-08 16:17:02
387083052,SZ300301,ST长方,,ST长方，明确预重整，并在申请庭外重组！加上广东省及深圳相关文件精神，值得期待！！！,0,豪迈的加薪侦探,6647001866,2026-05-03 01:18:55,0,3,0,31703,0,Android,https://xueqiu.com/6647001866/387083052,2026-07-08 16:17:02
387808269,SZ300301,ST长方,,$ST长方(SZ300301)$ 庭外重组，还是再看看，受理不一定那么快，长方形等到正方形,0,回归大a的小白,1855082684,2026-05-08 07:22:54,1,0,0,29105,0,Android,https://xueqiu.com/1855082684/387808269,2026-07-08 16:17:02
388216910,SZ300301,ST长方,,ST长方：关于公司新增债务逾期的公告 网页链接,0,ST长方(SZ300301),0,2026-05-11 10:46:09,0,0,0,25162,0,公告,https://xueqiu.com/S/SZ300301/388216910,2026-07-08 16:17:02
388247921,SZ300301,ST长方,,$ST长方(SZ300301)$ 又债务逾期，阿方你怎么了，庭外重组还算及时。有个问题，既然预重整了，不是申报债权吗？那还何必搞庭外重组？,0,回归大a的小白,1855082684,2026-05-11 14:10:18,2,1,0,33636,0,Android,https://xueqiu.com/1855082684/388247921,2026-07-08 16:17:02
388284158,SZ300301,ST长方,,$ST长方(SZ300301)$ 债务体量相对较小，预重整启动比较早，目前在庭外重组阶段，不断有新增债务逾期。不好的地方是已经飞得比较高了，这个位置进入不是很舒服。,0,回归大a的小白,1855082684,2026-05-12 00:46:37,0,1,0,32826,0,Android,https://xueqiu.com/1855082684/388284158,2026-07-08 16:17:02
388679887,SZ300301,ST长方,,ST长方：关于回购注销部分限制性股票减少注册资本暨通知债权人的公告 网页链接,0,ST长方(SZ300301),0,2026-05-13 11:53:11,0,0,0,38077,0,公告,https://xueqiu.com/S/SZ300301/388679887,2026-07-08 16:17:00
388679888,SZ300301,ST长方,,ST长方：关于长方集团2025年度股东会的法律意见书 网页链接,0,ST长方(SZ300301),0,2026-05-13 11:53:11,0,0,0,46296,0,公告,https://xueqiu.com/S/SZ300301/388679888,2026-07-08 16:17:00
388679889,SZ300301,ST长方,,ST长方：2025年度股东会决议公告 网页链接,0,ST长方(SZ300301),0,2026-05-13 11:53:11,0,0,0,49476,0,公告,https://xueqiu.com/S/SZ300301/388679889,2026-07-08 16:17:00
388679891,SZ300301,ST长方,,ST长方：关于被债权人申请庭外重组并同意推荐重组协调人的公告 网页链接,0,ST长方(SZ300301),0,2026-05-13 11:53:11,0,0,0,50770,0,公告,https://xueqiu.com/S/SZ300301/388679891,2026-07-08 16:17:00
388761789,SZ300301,ST长方,,$ST长方(SZ300301)$ 注销2千万股。庭外重组同意推荐重组协调人公告。 开始开展相关工作。,0,徐生之,1063814744,2026-05-14 01:34:37,0,1,0,57867,0,Android,https://xueqiu.com/1063814744/388761789,2026-07-08 16:17:00
389518001,SZ300301,ST长方,破产重整周评报告（2026.5.11-2026.5.17）,"上周（5.11-5.17）期间，关于破产重整的动态主要如下：一、新增预重整申请$*ST易录(SZ300212)$ 公告日期： 2026-05-15（最新进展公告）进展： 2026年5月15日，公司收到债权人华路易云科技有限公司送达的《告知函》，申请人以公司资产不足以清偿全部债务但具有重整价值为由，向北京市第一中级人民法院申请对公司进行重整及预重整。同日，公司收到北京一中院的《通知书》，通知公司被华路易云以债权人名义向法院申请重整及预重整。申请人对公司的债权金额为4,559.05万元，系公司逾期支付款项。申请人为公司关联法人，公司副总裁谷桐宇为华路易云董事。背景： *ST易录主营数据湖相关业务，因2025年度经审计后净资产为负值，同时连续三年扣非净利润为负且2025年审计显示持续经营能力存在重大不确定性，自2026年4月30日起被实施退市风险警示及其他风险警示，简称变更为&#34;*ST易录&#34;。公司2025年财报显示营业收入4.65亿元，归母净利润-27.36亿元，资产总额80.52亿元，负债总额91.11亿元，资产负债率高达113.16%，财务状况严重恶化。2026年第一季度营业收入1.11亿元，净利润-4,780万元。公司于2026年4月28日收到中国证监会立案告知书，因涉嫌信息披露违法违规被立案调查。截至2026年4月，公司累计债务逾期超过6,300万元，涉及多家金融机构及融资租赁公司，公司及法定代表人已被采取限制消费措施。公司连续十二个月内作为被告累计诉讼、仲裁涉案金额合计1.34亿元，占最近一期经审计净资产的18.40%。破产重整进展分析积极进展： 1. 债权人已正式向法院提出重整及预重整申请，表明外部利益相关方认为公司具备重整价值；2. 申请人华路易云为公司关联法人，双方沟通成本相对较低，有利于后续协商；3. 公司已发布专项自查报告，为后续可能的重整程序做准备；4. 公司实际控制人为中国电子科技集团有限公司（电科集团），实力背景雄厚，可能在业务协同等方面提供支持；5. 公司数据湖业务在全国布局了32个项目，具备一定的资产基础和业务价值，存在重整价值。风险与挑战： 公司是否进入预重整或重整程序尚存在重大不确定性；公司于2026年4月28日被中国证监会立案调查，涉嫌信披违法违规；公司资产负债率高达113.16%，债务负担极重；持续经营能力存在重大不确定性；累计债务逾期超过6,300万元，可能面临资产冻结、诉讼仲裁等风险；公司及法定代表人已被采取限制消费措施，反映公司现金流极度紧张；公司连续十二个月内涉诉金额达1.34亿元，占净资产的18.40%，法律风险较高。关键观察点： 法院是否受理预重整申请及受理时间；临时管理人是谁；债权申报登记与审查进展情况；公司审计评估工作进展；重整投资人招募情况；重整方案草案的制定；中国证监会立案调查的结果；2026年度经营业绩；数据湖业务的经营恢复情况。二、新增庭外重组$ST长方(SZ300301)$ 公告日期： 2026-05-13（最新进展公告）进展： 2026年5月13日，公司披露《关于被债权人申请庭外重组并同意推荐重组协调人的公告》，确认债权人深圳市一匡贸易有限公司已向深圳福田企业重组服务中心申请对公司进行重组，重组中心已就该事项征询公司意见，公司对进入重组程序、开展重组工作无异议。此前，公司曾于2026年3月27日，被债权人申请进行重整，并同时申请启动预重整程序。背景： ST长方主营LED照明光源器件和LED照明产品的研发、设计、生产和销售，因2020年和2021年年度报告存在虚假记载，2025年1月13日起被实施其他风险警示。公司2025年财报显示营收3.97亿元（同比下降21.5%）、归母净亏损1.50亿元，连续8年亏损（2018-2025年累计亏损约14.5亿元，被出具了带持续经营重大不确定性段落的无保留意见审计报告。公司债务逾期累计金额达1.765亿元，占公司2025年度经审计净资产的193.04%，涉及多家债权人；公司此前就500万元逾期债务与主要债权人一匡贸易达成调解协议，但因现金流紧张，第一期及第二期还款期限届满后均未按期支付，导致债权人向深圳中级法院申请对公司进行重整及预重整，并同时向福田企业重组服务中心申请庭外重组。庭外重组进展分析积极进展： 1. 庭外重组程序已实质性启动；2. 公司已推荐北京市金杜（深圳）律师事务所、国浩律师（深圳）事务所两家业内知名机构联合担任重组协调人，专业保障能力强；3. 公司董事会已审议通过庭外重组议案；4. 公司已完成专项自查，确认不存在重大违法行为、非经营性资金占用、违规对外担保等情形；5. 庭外重组可为后续可能启动的司法预重整奠定基础；6. 公司在一项1.03亿元的重大诉讼中一审胜诉，减轻了潜在债务负担；7. 公司LED照明业务仍具备一定市场基础和技术积累，存在重整价值。风险与挑战： 庭外重组属于各方自主协商行为，不具有司法强制效力，能否与众多债权人达成一致存在重大不确定性；持续经营能力存在重大不确定性；债务负担极重，远超资产承受能力；公司面临多家债权人的诉讼、仲裁风险，若庭外重组失败，可能面临资产冻结、强制执行等措施；经营造血能力严重不足，无法覆盖现有逾期债务。关键观察点： 福田企业重组中心受理庭外重组申请的时间；重组协调人的正式选定；逾期债务的清偿方案协商；庭外重组方案草案的主要内容；公司与主要债权人（如一匡贸易、车仆实业等）的沟通情况；投资人招募情况；公司2026年度经营业绩；公司是否向法院申请预重整或重整，实现庭外重组与司法程序的衔接。三、重整投资人招募$ST同德(SZ002360)$ 公告日期： 2026-05-16（最新进展公告）进展： 2026年5月16日，公司披露《关于公开招募重整投资人的公告》，正式启动重整投资人公开招募程序。此前，公司于2026年4月20日收到山西省忻州市中级人民法院的《预重整备案通知书》，决定对公司进行预重整备案登记。目前，公司已进入预重整实质操作阶段，正在同步推进债权申报和重整投资人招募工作。背景： ST同德主营民用炸药的研发、生产、销售及工程爆破整体解决方案服务，因2025年度财务报告内部控制被出具否定意见的审计报告，自2026年4月29日起被实施其他风险警示。公司2025年营收3.9794亿元，净利润1122.09万元，资产负债率10.17%，流动比率6.76，速动比率5.08；2025年4月至2025年7月期间，公司及全资子公司同德科创逾期债务本金从3082.09万元增加至5062.56万元；2026年3月，全资子公司同德爆破因与海通恒信融资租赁合同纠纷，被司法划扣资金2437万元；2026年4月20日，债权人河曲县万象建筑工程有限责任公司以公司不能清偿到期债务且明显缺乏清偿能力但具备重整价值为由，向忻州中院申请对公司进行预重整及重整。破产重整进展分析积极进展： 1. 债权申报工作已启动；2. 重整投资人公开招募已正式启动，对意向投资人提出明确要求（近一个会计年度净资产不低于30亿元，净利润不低于5亿元），有利于引入实力雄厚的战略投资者；3. 公司民用炸药业务具备6.8万吨生产许可产能，在行业内有一定市场地位和重整价值；4. PBAT新材料项目虽未投产，但主体工程已完工，具备产业转型潜力；5. 公司资产负债率仅10.17%，财务结构相对健康；6. 公司已完成专项自查，确认不存在重大违法行为、非经营性资金占用、违规对外担保等情形。风险与挑战：公司PBAT新材料项目前期投入巨大但尚未投产，存在产能消化和市场风险；公司及子公司面临多起诉讼和债务逾期；子公司同德爆破被法院执行划扣资金2437万元，占公司最近一期经审计净资产的1.22%；公司2025年度财务报告内部控制被出具否定意见的审计报告；民用炸药行业受政策监管严格，业务增长空间有限。关键观察点： 债权申报进展；重整投资人招募情况；公司与主要债权人（如河曲万象、海通恒信等）的沟通协商进展；PBAT新材料项目投产时间；2026年度经营业绩情况；法院是否正式受理重整申请；重整计划草案的主要内容；民用炸药业务的订单情况。四、重整协议签署*ST瑞和（002620.SZ）公告日期： 2026-05-15（最新进展公告）进展： 2026年5月13日，公司与重整产业投资人深圳市槟城电子股份有限公司及多名财务投资人正式签署《重整投资协议》。根据协议，产业投资人槟城电子将以3.9025元/股的价格认购公司转增股份约2.44亿股，总投资金额约9.51亿元，成为公司控股股东，蔡锦波将成为上市公司新实际控制人；财务投资人合计受让约2.36亿股转增股份，均放弃表决权。此前，2026年4月28日公司披露仅有1家意向投资人提交符合要求的《重整投资方案》，根据深圳中院相关规定直接确定为重整投资人。背景： *ST瑞和主营建筑装饰工程设计与施工，因2025年末经审计的归属于上市公司股东的净资产为负值，自2026年4月30日起被实施退市风险警示并继续被叠加实施其他风险警示，股票简称变更为&#34;*ST瑞和&#34;。公司2025年财报显示营收3.96亿元，归母净利润-6778万元，每股收益-0.2366元，财务状况持续恶化；公司主要银行账户被冻结，多个工程项目停工，供应商款项大量逾期。2025年11月至2026年5月期间，公司涉及多次诉讼、仲裁事项，涉案金额均超过最近一期经审计净资产绝对值的10%，其中涉及恒大地产集团鹿泉有限公司合同纠纷案涉案金额达3070.38万元。破产重整进展分析积极进展： 1. 《重整投资协议》已正式签署，产业投资人槟城电子将投入约9.51亿元资金；2. 重整投资人承诺自股份过户之日起36个月内不转让所持股份；3. 槟城电子作为产业投资人，承诺为公司提供产业资源支持、业务支持，导入优质资产；4. 公司治理安排明确，重整后董事会将设置为9人（含3名独立董事），槟城电子有权提名4名非独董事并担任董事长；5. 仅有一家适格意向投资人提交方案，简化了遴选流程，加快了重整进度。风险与挑战： 法院同意预重整不代表最终受理重整申请，公司能否进入正式重整程序仍存在重大不确定性；累计诉讼、仲裁案件频发，涉案金额巨大，债务关系复杂，协调难度高；主要银行账户被冻结，现金流极度紧张；建筑装饰行业受房地产下行影响严重，业务复苏前景不明朗；原实控人李介平在重整后仍保留2名非独立董事提名权及副董事长职位，新老股东协调存在挑战。关键观察点： 法院裁定受理重整申请的时间；重整计划草案的内容；槟城电子履约能力；财务投资人的具体构成；债权人会议表决情况；闲置资产处置进展；槟城电子产业资源导入的具体措施；深圳中院对重整计划的裁定批准时间；公司经营改善情况。五、新增ST公司*ST元道（301139.SZ）实施ST日期： 2026-05-12被ST原因： 根据中国证监会2026年5月8日出具的《行政处罚事先告知书》查明的事实，公司在公告的证券发行文件中编造重大虚假内容（2019-2022年累计虚增营业收入约6.56亿元，占其IPO募资总额（11.69亿元）的约56%），涉嫌欺诈发行和财务造假，触及《深圳证券交易所创业板股票上市规则》第十章第五节规定的重大违法强制退市情形。建议： 重大违法类ST。公司主营业务聚焦于通信网络维护与优化、通信网络建设等通信技术服务。2022年7月在深交所创业板上市，上市后，就开始走下坡路，业绩变脸。截至目前，*ST元道已连续5个20CM“一字”跌停。*ST元道的坠落，绝不是偶然，而是一个标准的“杀猪盘”剧本。大家一定要擦亮眼睛，避开这一类上市公司——上市前把报表做得花枝招展，上市后业绩立马变脸，利润直接腰斩，只剩下一地鸡毛和持续流出的现金。而当主业造假包不住火时，公司开始疯狂蹭概念，什么火炒什么（算力、新能源……），目的是掩护主力出货。记住我的话：只要是主业拉胯、靠蹭热点续命的小盘股，那就是一个“出货陷阱”。别贪心，跑得慢的，注定要接盘。",0,并购魔方,9158621557,2026-05-18 10:15:25,0,5,0,93516,1,雪球,https://xueqiu.com/9158621557/389518001,2026-07-08 16:17:00
389524158,SZ300301,ST长方,,ST长方：关于公司部分债务逾期进展暨新增债务逾期的公告 网页链接,0,ST长方(SZ300301),0,2026-05-18 10:53:07,0,0,0,56667,0,公告,https://xueqiu.com/S/SZ300301/389524158,2026-07-08 16:17:00
390829611,SZ300301,ST长方,,ST长方：关于被债权人申请庭外重组事项相关申请获得受理的公告 网页链接,0,ST长方(SZ300301),0,2026-05-25 10:26:06,0,2,0,58745,0,公告,https://xueqiu.com/S/SZ300301/390829611,2026-07-08 16:17:00
390951602,SZ300301,ST长方,,$ST长方(SZ300301)$ 庭外重组申请受理。 $ST亚光(SZ300123)$ 庭外重组债权申报，截止6.25日。,0,徐生之,1063814744,2026-05-26 03:28:47,10,4,0,57711,0,Android,https://xueqiu.com/1063814744/390951602,2026-07-08 16:17:00
391808004,SZ300301,ST长方,,ST长方：关于公司股票交易被实施其他风险警示相关事项的进展公告 网页链接,0,ST长方(SZ300301),0,2026-05-29 08:53:07,0,0,0,52691,0,公告,https://xueqiu.com/S/SZ300301/391808004,2026-07-08 16:17:00
392411760,SZ300301,ST长方,,ST长方：关于公司庭外重组债权申报的公告 网页链接,0,ST长方(SZ300301),0,2026-06-02 10:24:57,0,0,0,48397,0,公告,https://xueqiu.com/S/SZ300301/392411760,2026-07-08 16:17:00
392411798,SZ300301,ST长方,,ST长方：关于确定重组协调人的公告 网页链接,0,ST长方(SZ300301),0,2026-06-02 10:25:03,0,2,0,61727,0,公告,https://xueqiu.com/S/SZ300301/392411798,2026-07-08 16:17:00
392433458,SZ300301,ST长方,26.6.2日晚间st板块公告集锦,"1.*ST万方，股票终止上市暨摘牌，公司股票已被深圳证券 交易所决定终止上市，将在2026年6月3日被摘牌。2.*ST节能，公司收到中国证监会立案告知书，因公司涉嫌信息披露违法违规。3.*ST英飞，公司及全资子公司拟向法院申请预重整及重整。4.*ST利源，筹划重大资产重组暨签署框架协议，本次筹划的收购事项具有不确定 性，存在未能通过内外部相关决策、审批程序而终止的风险。5.*ST明德，回购公司股份比例达到3%暨回购进展，截至2026年6月1日，公司累计通过回购专用证券账户以集中竞价方式回购公司股份7,277,072股，总成交金额为人民币120,161,164.53元。6.*ST春兴，控股股东股份被轮候冻结，控股股东孙洁晓先生及其一致行动人合计持有319,024,995股公司股份，占公司总股本的28.28%；其中：质押股份数为319,024,992股，占其所持股份的 100.00%，占公司总股本的28.28%。7.ST长方，确定重组协调人，经公司综合评估，公司向对进入重组程序、开展重组工作无异议，并向重组中心推荐北京市金杜（深圳）律师事务所、国浩律师（深圳）事务所联合担任公 司重组协调人，协调人负责人为吴嘉律师。",0,花燕萍,9071569852,2026-06-02 12:57:39,2,14,0,103064,0,雪球,https://xueqiu.com/9071569852/392433458,2026-07-08 16:17:00
393999673,SZ300301,ST长方,,ST长方：关于公司过去十二个月累计小额诉讼、仲裁的公告 网页链接,0,ST长方(SZ300301),0,2026-06-10 09:16:07,0,0,0,48622,0,公告,https://xueqiu.com/S/SZ300301/393999673,2026-07-08 16:17:00
394484298,SZ300301,ST长方,,ST长方：关于公司新增债务逾期的公告 网页链接,0,ST长方(SZ300301),0,2026-06-12 09:36:07,0,0,0,45413,0,公告,https://xueqiu.com/S/SZ300301/394484298,2026-07-08 16:17:00
395557708,SZ300301,ST长方,,对近期ST板块调整的分析#st板块# #st长方# #亚士#1.10cm放开，资金提前避险；2.监管收紧，重组重整受到压制，以往通过重组消息驱动的板块龙头进而带动整个板块的效应今年体现不明显；3.科技股赚钱效应好，炒st资金撤出；4.从严监管下，st股本身质地优劣将导致股价进一步分化。技术分析来看，感觉在企稳了,0,静水流深s0e,9481489765,2026-06-18 10:23:35,0,0,0,36061,0,iPhone,https://xueqiu.com/9481489765/395557708,2026-07-08 16:17:00
396475360,SZ300301,ST长方,,$ST长方(SZ300301)$ 这是炒的啥？有没有屌大的分析分析,0,小白杨哗哗的,1880969032,2026-06-24 10:32:36,5,1,0,26963,0,Android,https://xueqiu.com/1880969032/396475360,2026-07-08 16:17:00
396872599,SZ300301,ST长方,,$ST长方(SZ300301)$看来昨天加仓是正确的,0,喵苗淼庙,6980095469,2026-06-26 02:13:24,6,1,0,23715,0,HarmonyOS,https://xueqiu.com/6980095469/396872599,2026-07-08 16:17:00
397424864,SZ300301,ST长方,,ST长方：关于公司股票交易被实施其他风险警示相关事项的进展公告 网页链接,0,ST长方(SZ300301),0,2026-06-29 11:23:10,0,0,0,16183,0,公告,https://xueqiu.com/S/SZ300301/397424864,2026-07-08 16:17:00
