post_id,user_id,author,created_at,title,text,reply_count,like_count,retweet_count,view_count,symbol,stock_name,source,url,truncated,fav_count,crawl_time
391248956,1390686385,张扬1579,2026-05-27 06:51:26,,$ST得润(SZ002055)$ 每次无脑吹一出来，就是这个结果，还好一破板就跑了。。。。现在要不要买回来是个问题。。。。,0,3,0,4573,SZ002055,ST得润,Android,https://xueqiu.com/1390686385/391248956,0,0,2026-07-08 16:25:48
391251815,4588958348,买在无人问津处,2026-05-27 06:59:59,,$ST得润(SZ002055)$ 不跌停，留个缝干嘛,0,0,0,5364,SZ002055,ST得润,雪球,https://xueqiu.com/4588958348/391251815,0,0,2026-07-08 16:25:48
391252036,8486540964,我是夹头哥,2026-05-27 07:00:38,,$ST得润(SZ002055)$ 明天跌停我再进点货,0,0,0,5708,SZ002055,ST得润,Android,https://xueqiu.com/8486540964/391252036,0,0,2026-07-08 16:25:48
391252252,1847527833,不熬夜了再改昵称,2026-05-27 07:01:18,,$ST得润(SZ002055)$ 谁来分析一下，怎么这么大成交量,10,0,0,4987,SZ002055,ST得润,Android,https://xueqiu.com/1847527833/391252252,0,0,2026-07-08 16:25:48
391252315,1505804711,修心谨言wy,2026-05-27 07:01:28,,$ST得润(SZ002055)$ 今天多空战斗真激烈，等缩量之后，我再加入战斗！,0,1,0,5758,SZ002055,ST得润,Android,https://xueqiu.com/1505804711/391252315,0,0,2026-07-08 16:25:48
391252516,1689984012,Real南通炒家,2026-05-27 07:02:03,,$ST得润(SZ002055)$ 昨天上榜的武定路，是之前ST铖昌的老庄，这次这么没有格局？,0,0,0,5015,SZ002055,ST得润,雪球,https://xueqiu.com/1689984012/391252516,0,0,2026-07-08 16:25:48
391252600,6549060841,韭菜想炒股致富,2026-05-27 07:02:18,,$ST得润(SZ002055)$ 好好的股票被几个所谓的大v又给吹死了，真的无脑吹,0,3,0,10527,SZ002055,ST得润,iPhone,https://xueqiu.com/6549060841/391252600,0,0,2026-07-08 16:25:48
391254181,3377153066,铁血尖兵小博,2026-05-27 07:06:38,,$ST得润(SZ002055)$ 像吗,13,4,0,7075,SZ002055,ST得润,Android,https://xueqiu.com/3377153066/391254181,0,0,2026-07-08 16:25:48
391254343,9970243005,大卫家的小橘子,2026-05-27 07:07:03,,$ST得润(SZ002055)$ 短期走势完全废了，要等涨停板接货的割肉出局才有希望了，无脑吹票真的害死人,1,1,0,6718,SZ002055,ST得润,iPhone,https://xueqiu.com/9970243005/391254343,0,0,2026-07-08 16:25:48
391255266,1175533996,重开一局,2026-05-27 07:09:44,,$ST得润(SZ002055)$ 这个票市值才40多亿，成交10亿，目瞪口呆,2,1,0,7210,SZ002055,ST得润,Android,https://xueqiu.com/1175533996/391255266,0,0,2026-07-08 16:25:48
391256761,9551457182,秦如许,2026-05-27 07:12:18,,$ST得润(SZ002055)$ 公司已经卖给我们了，只能留下做股东了,0,0,0,12008,SZ002055,ST得润,iPhone,https://xueqiu.com/9551457182/391256761,0,0,2026-07-08 16:25:48
391257288,8247993686,八十万韭菜总教头,2026-05-27 07:13:58,,今天吃面一碗，短期没人能精准知道走向的。另，跌了也别怪几个大V影响，涨跌其实和所谓大V关系很小，几乎可以到不计。跌了肯定不高兴，但也没太好办法。看好就拿住，不看好，随时都可以走。加油⛽ 耐心吧$ST得润(SZ002055)$ $ST惠伦(SZ300460)$,7,18,0,22661,SZ002055,ST得润,Android,https://xueqiu.com/8247993686/391257288,0,0,2026-07-08 16:25:48
391258664,3884112496,俠電閃,2026-05-27 07:17:17,,$ST得润(SZ002055)$ 所以行情结束了？,0,0,0,7946,SZ002055,ST得润,雪球,https://xueqiu.com/3884112496/391258664,0,0,2026-07-08 16:25:48
391258748,1203812889,清朗的打新小赛道,2026-05-27 07:17:35,,$ST得润(SZ002055)$经典游资玩法，就是太伤人气,0,1,0,8015,SZ002055,ST得润,HarmonyOS,https://xueqiu.com/1203812889/391258748,0,0,2026-07-08 16:25:48
391259084,1203812889,清朗的打新小赛道,2026-05-27 07:18:47,,$ST得润(SZ002055)$早盘封单太少，就该跑，可惜了。跑慢了，而且还是分批跑的，,0,1,0,8151,SZ002055,ST得润,HarmonyOS,https://xueqiu.com/1203812889/391259084,0,0,2026-07-08 16:25:48
391259492,6049748777,偏爱高买低卖,2026-05-27 07:20:10,,$ST得润(SZ002055)$ 又不在高位，没什么怕的，看看京蓝主升浪爆了几次巨量,3,4,0,10165,SZ002055,ST得润,iPhone,https://xueqiu.com/6049748777/391259492,0,0,2026-07-08 16:25:48
391260149,1505804711,修心谨言wy,2026-05-27 07:22:37,,$ST得润(SZ002055)$ 主要还是大盘要回调了，天地板，波动太大了。,0,3,0,9839,SZ002055,ST得润,Android,https://xueqiu.com/1505804711/391260149,0,0,2026-07-08 16:25:48
391271371,4471735574,弘量的股价小黄昏,2026-05-27 08:09:10,,$ST得润(SZ002055)$ 涨停满仓进的，怎么办？,23,6,0,14319,SZ002055,ST得润,Android,https://xueqiu.com/4471735574/391271371,0,0,2026-07-08 16:25:48
391276384,1758597514,用户1758597514,2026-05-27 08:32:23,,$ST得润(SZ002055)$ 这货今天有猫狗版吗,0,1,0,7001,SZ002055,ST得润,iPhone,https://xueqiu.com/1758597514/391276384,0,0,2026-07-08 16:25:48
391282296,8439805167,发发发暴暴暴,2026-05-27 08:58:22,,$ST得润(SZ002055)$ 跌停的时候又没人吹票了。。。,10,5,0,10920,SZ002055,ST得润,iPhone,https://xueqiu.com/8439805167/391282296,0,0,2026-07-08 16:25:48
391295527,6789417896,zfauir,2026-05-27 10:04:50,,$ST得润(SZ002055)$ 对于还有5万股东的50亿市值以下的st票来说，在这个位置上下宽幅震荡，是有好处的，st东尼股东数人数少，筹码比较集中，就不需要这样子搞,1,3,0,9702,SZ002055,ST得润,Android,https://xueqiu.com/6789417896/391295527,0,0,2026-07-08 16:25:46
391296304,1959782413,股市杂记,2026-05-27 10:07:29,,$ST得润(SZ002055)$ 得润校招介绍,1,3,0,7613,SZ002055,ST得润,Android,https://xueqiu.com/1959782413/391296304,0,0,2026-07-08 16:25:46
391304891,5498037385,有无低估市场说的算,2026-05-27 11:03:25,,$ST得润(SZ002055)$今天下午最后半小时明显有大资金出逃了，看来得润得调整一两周了,0,0,0,7963,SZ002055,ST得润,Android,https://xueqiu.com/5498037385/391304891,0,0,2026-07-08 16:25:46
391308630,3377153066,铁血尖兵小博,2026-05-27 11:28:01,,$ST得润(SZ002055)$ 挺无语的，昨天全是吹票的，今天全是唱空发泄的，哪有一直涨的票啊！坚定持有不行吗，时间换空间,1,7,0,9871,SZ002055,ST得润,Android,https://xueqiu.com/3377153066/391308630,0,0,2026-07-08 16:25:46
391308644,4850557927,山古之人,2026-05-27 11:28:09,,$ST得润(SZ002055)$ 下午收盘后龙虎榜的，怎么现在没了？,6,2,0,11907,SZ002055,ST得润,雪球,https://xueqiu.com/4850557927/391308644,0,0,2026-07-08 16:25:46
391311477,5942251592,简朴的金条小风车屋,2026-05-27 11:47:28,,$ST得润(SZ002055)$ 没有龙虎就没有呗！我在唱多的前一天散户基本绝望，第二天开启波段。看好就留不看好就走，越是流动性好才越能救它。特别是那个上蹿下跳的你要让股票动起来,0,8,0,8425,SZ002055,ST得润,Android,https://xueqiu.com/5942251592/391311477,0,0,2026-07-08 16:25:46
391314602,5025565635,股市挥金如土ii,2026-05-27 12:05:47,,$ST得润(SZ002055)$ 今天知道是压力位大概率破板，开板就卖了，盘中看了下，无量拉升，放量下跌，我估计这段时间又要在磨了，磨够了我会在回来的，兄弟们,0,2,0,7484,SZ002055,ST得润,Android,https://xueqiu.com/5025565635/391314602,0,1,2026-07-08 16:25:46
391318639,1505804711,修心谨言wy,2026-05-27 12:32:00,,$ST得润(SZ002055)$ 今天放巨量，天量现天价，短线调整难免，但长远我还是看好的。,0,0,0,8334,SZ002055,ST得润,Android,https://xueqiu.com/1505804711/391318639,0,0,2026-07-08 16:25:46
391322457,3357917188,浴场悟道,2026-05-27 12:57:05,,$ST得润(SZ002055)$ 一群韭菜又在胡咧咧，明天哥来救你们,1,0,0,11994,SZ002055,ST得润,Android,https://xueqiu.com/3357917188/391322457,0,0,2026-07-08 16:25:46
391327027,6549060841,韭菜想炒股致富,2026-05-27 13:25:06,,$ST得润(SZ002055)$ 债务问题也不知道什么时候妥善解决？,0,1,0,14133,SZ002055,ST得润,iPhone,https://xueqiu.com/6549060841/391327027,0,0,2026-07-08 16:25:46
391327255,3850339348,黑马挖掘机2024,2026-05-27 13:26:33,,1.24年大部分的股票到现在为止起步是翻倍；2.$ST得润(SZ002055)$ 还在24年的高点以下徘徊；3.但是从基本面来看，得润的26年属于凤凰涅槃，那就是岛形反转，所以未来的起步是9元，然后初步看到20元。,10,29,0,46090,SZ002055,ST得润,iPhone,https://xueqiu.com/3850339348/391327255,0,4,2026-07-08 16:25:46
391330582,3672855366,十年财务自由之路,2026-05-27 13:39:46,,中国有句古话叫，匹夫无罪，怀璧其罪。普通人本身没罪，只因怀里藏着美玉，就招来杀身之祸。现在的ST得润，像不像那个怀有美玉的人？我想概率还是比较大的，毕竟在连接器这个领域，能够作为英特尔供应商的，中国仅此一家，全球不过四家。如果不是赶上AI科技革命，St德润大概率只是一个普普通通的企业，现在大家都知道他有一张通往AI高速列车的王牌，关键是还很便宜，估值仅40亿。这个估值具体怎么样，不好估计，但若参考华丰科技，鼎通电子，一眼就能定胖瘦。现在的问题是，有多少人会盯上这块肥肉？本地ZF，本领域的玩家，产业资本，游资等等。现在ST得润的股权高度分散，需要一个洗牌和博弈的过程，这个时间可能不会太久。短期博弈难度非常大，长期视角看，可能并不难。$ST得润(SZ002055)$ $华丰科技(SH688629)$,6,28,0,43546,SZ002055,ST得润,iPhone,https://xueqiu.com/3672855366/391330582,0,5,2026-07-08 16:25:46
391334981,3251556811,敲猪老王,2026-05-27 14:00:14,,ST得润今日大跌，我看股友们又焦虑了，大可不必。不过是短线资金借澄清公告出逃，有买有卖很正常，不要在k线中迷失了。云在青天水在瓶，涨跌顺其自然，手中有股心中无股，静待时间验证。$ST得润(SZ002055)$,8,8,0,17749,SZ002055,ST得润,Android,https://xueqiu.com/3251556811/391334981,0,0,2026-07-08 16:25:46
391341758,5365184380,临渊静观,2026-05-27 14:37:28,,$ST得润(SZ002055)$ 这只股的散户总是喜欢把它类比成st京蓝、st铖昌，我不知道谁给了你们自信这样类比的，这能比吗？那两只st卡的都是核心站位，得润一个电子厂高速连接器他卡的住这个位置吗？炒股最忌讳的就是盲目无脑，不带逻辑去分析，全靠主观臆想。还有那个谁谁说的，资产这么好，深圳市肯定不会让他破产退市，会下场接盘，这真的就纯是主观想法，截止目前，你看深圳市国资有出厂过吗？能不能根据逻辑分析？是没脑子吗？还有市场稍微波动，就让你们从速胜变成速败，有这些想法的都是投降分子，这只股绝对不会按照你们的想法去涨，要不就静下心来好好盘一下这个股的逻辑，要不就赶紧获利了结走人。带着情绪炒股，韭菜们，有拿过翻倍股吗？,11,7,0,19933,SZ002055,ST得润,Android,https://xueqiu.com/5365184380/391341758,0,1,2026-07-08 16:25:46
391345287,3770237990,清淇一帆,2026-05-27 15:00:14,,$ST得润(SZ002055)$ 今天进了点得润，不要让我失望。 瑞和已经让我失望一回，还好跑的早要不然就被埋了。 得润按理说CPU连接器 内存连接器 尤其是服务器上的是会爆发的，就跟Intel爆发一样，但是昨天公告说，服务器占比很小不到1%，这个有点表述实在是让人感觉是在故意压价，难道除了连接器要爆，还有别的事情要发生，要不然一个简单的异常波动公告，值得你大费周折写这么多文字吗？ 这么尽职尽责？原文“目前公司的高速传输连接器产品主要应用于计算机及外围设备领域，在服务器等新兴领域的应用尚在拓展当中，服务器等新兴领域的业务营收占公司整体营收占比极低，不到 1%，预估短期内对公司整体经营业绩贡献有限，未来订单获取及业务发展存在不确定性。”我们知道，哪家公司都想让自己往新兴领域靠，这竟然还有主动撇清关系的？ 还有数据量化不到1%！ 你可真是煞费苦心啊！我们知道Intel爆发主要是AI服务器预期爆发，得润，我不相信你有这能力缺不想吃这块肉！,3,14,0,19521,SZ002055,ST得润,雪球,https://xueqiu.com/3770237990/391345287,0,1,2026-07-08 16:25:46
391347879,6249654010,明月许多愁,2026-05-27 15:18:55,,$ST得润(SZ002055)$ 不懂就问，五月18号发生了什么开始连板？它的连接器也不是突然开始做的啊？？,6,3,0,9081,SZ002055,ST得润,Android,https://xueqiu.com/6249654010/391347879,0,0,2026-07-08 16:25:46
391373297,9970243005,大卫家的小橘子,2026-05-28 00:16:27,,$ST得润(SZ002055)$ 关于得润的两个谣言，1 他是英特尔供应商，假。得润确实拿到了英特尔认证，但他并不可能直接供货给英特尔，他是联想这种整机厂或者华硕这种主板厂商的供应商。2 他是英伟达供应商，假。得润从未官方宣布过于英伟达合作，同第一点，得润的pci-e连接器可以插英伟达显卡，但并不代表他是英伟达的直接供货商。,6,7,0,13978,SZ002055,ST得润,iPhone,https://xueqiu.com/9970243005/391373297,0,0,2026-07-08 16:25:46
391375309,6549060841,韭菜想炒股致富,2026-05-28 00:34:30,,$ST得润(SZ002055)$ 得润股份（002055，ST得润）与英特尔有合作/商业往来，与英伟达则无直接业务合作。30与英特尔（Intel）的关系• CPU Socket 等高速连接器产品已通过英特尔认证：这是公司精密连接器业务的核心竞争力之一。公司在投资者互动和业绩说明会中多次提及，CPU Socket 是其高速传输连接器重点产品，已获得英特尔认证，并据此拓展客户、扩大业务规模。认证直接促进了连接器业务的营收和毛利率提升（2025年精密连接器及组件营收约12.42亿元，毛利率36.91%）。41• 历史与间接合作：早期通过与泰科（Tyco）等合作，产品向下游Intel等半导体企业供货；也曾与英特尔旗下的Mobileye在ADAS/自动驾驶领域有协议合作（2016年左右）。• 当前状况：公司产品主要应用于计算机及外围设备领域，CPU Socket/DDR等产品与英特尔生态相关（可能通过一级供应商如联想、惠普等间接供货）。公司未公开具体供货金额或占比，但认证是明确的事实。与英伟达（Nvidia）的关系• 无直接业务合作：2026年5月26日，公司发布股票交易异常波动公告，明确经核查“截至目前，公司未与英伟达、华为开展业务合作”。新兴业务（服务器等算力相关）在公司整体营收中占比极低（不到1%），短期贡献有限。10• 市场上有传闻称公司是英伟达算力系统供应商，但公司多次在投资者问答中回避或要求以公开披露为准，最终以官方澄清否认直接合作。总结与注意事项• 得润股份主营电子连接器和精密组件（家电、电脑、通讯、汽车等），高速连接器（如CPU Socket、DDR5、PCIe）是近年重点，但服务器/AI高端应用仍处于拓展阶段。• 公司目前面临债务等问题（ST状态），业务以传统领域为主，高速连接器虽有英特尔认证加持，但整体新兴业务贡献小。• 以上基于公司官方公告和投资者记录，建议查阅最新年报/公告确认具体细节（市场传闻需理性甄别）。,1,1,0,12100,SZ002055,ST得润,iPhone,https://xueqiu.com/6549060841/391375309,0,1,2026-07-08 16:25:46
391376441,3850339348,黑马挖掘机2024,2026-05-28 00:42:43,,$ST得润(SZ002055)$ 的逻辑就是产业唯一选项！那么往下就是跌回到 6 元，浮亏 20%，往上就是 拿到明年摘帽以后 100-200 亿市值。有性价比的事情就值得越跌越买！网页链接目前市场所有 st 里面，既有行业贝塔（aipc、微型电脑、英特尔困境反转），又有个股阿尔法（意大利亏损资产已经剥离，后续一定会有白衣骑士来拿上市公司控制权），除了得润，还有谁呢？,11,20,0,29045,SZ002055,ST得润,iPhone,https://xueqiu.com/3850339348/391376441,0,2,2026-07-08 16:25:46
391377360,3850339348,黑马挖掘机2024,2026-05-28 00:49:15,,回复@山西小马骑牛: 财不入急门，我要持股到 27 年底，就不会被短期波动干扰，多看看$ST得润(SZ002055)$ 的月线！//@山西小马骑牛:回复@黑马挖掘机2024:关键是债务压力和大股东能不能快点更换！！！ 其他的都不怕！！,0,9,0,16391,SZ002055,ST得润,iPhone,https://xueqiu.com/3850339348/391377360,0,0,2026-07-08 16:25:46
391381774,1172248039,尼古拉斯加仓冲,2026-05-28 01:14:08,,$ST得润(SZ002055)$ 个人AI时代即将到来,0,1,0,6773,SZ002055,ST得润,Android,https://xueqiu.com/1172248039/391381774,0,0,2026-07-08 16:25:44
391382806,7104424653,st山顶资本,2026-05-28 01:18:19,,$ST得润(SZ002055)$ 开盘没被按死就是强。,1,2,0,5972,SZ002055,ST得润,雪球,https://xueqiu.com/7104424653/391382806,0,0,2026-07-08 16:25:44
391384844,6219951047,老王要搞事,2026-05-28 01:25:55,,$ST得润(SZ002055)$ 有跌停加仓的不，让我膜拜下 我准备明天加仓的，看样没机会了。,0,1,0,6334,SZ002055,ST得润,Android,https://xueqiu.com/6219951047/391384844,0,0,2026-07-08 16:25:44
391386856,9699396049,蠢蠢的ft,2026-05-28 01:31:39,,$ST得润(SZ002055)$ 打卡了兄弟们,0,0,0,6733,SZ002055,ST得润,iPhone,https://xueqiu.com/9699396049/391386856,0,0,2026-07-08 16:25:44
391386963,7069783343,垃圾堆里淘金豆豆,2026-05-28 01:31:53,,$ST得润(SZ002055)$ 不讲武德，你让下车的人怎么办,1,1,0,7927,SZ002055,ST得润,Android,https://xueqiu.com/7069783343/391386963,0,0,2026-07-08 16:25:44
391387491,2547303054,ST彭于晏,2026-05-28 01:33:00,,$ST得润(SZ002055)$ 这股邪门的狠，一般人拿不住。,0,1,0,7396,SZ002055,ST得润,Android,https://xueqiu.com/2547303054/391387491,0,0,2026-07-08 16:25:44
391387714,6049748777,偏爱高买低卖,2026-05-28 01:33:29,,$ST得润(SZ002055)$ 走出京蓝的趋势了,0,1,0,6090,SZ002055,ST得润,iPhone,https://xueqiu.com/6049748777/391387714,0,0,2026-07-08 16:25:44
391388012,7400452661,我看行哦,2026-05-28 01:34:09,,$ST得润(SZ002055)$ 下了一半，有点恐慌,0,1,0,8894,SZ002055,ST得润,雪球,https://xueqiu.com/7400452661/391388012,0,0,2026-07-08 16:25:44
391388490,1018946409,馒头大米饭,2026-05-28 01:35:10,,$ST得润(SZ002055)$ 这是新老资金在PK吗,1,1,0,6786,SZ002055,ST得润,Android,https://xueqiu.com/1018946409/391388490,0,0,2026-07-08 16:25:44
391388522,3377153066,铁血尖兵小博,2026-05-28 01:35:13,,$ST得润(SZ002055)$ 真让我刻舟求剑对了？启动前的半坡加油,0,2,0,10138,SZ002055,ST得润,Android,https://xueqiu.com/3377153066/391388522,0,0,2026-07-08 16:25:44
391389153,3850339348,黑马挖掘机2024,2026-05-28 01:36:18,,还是那句话，黑马老师只做马前炮！只做格局的投资者，不看短期波动！$ST得润(SZ002055)$,4,11,0,16686,SZ002055,ST得润,iPhone,https://xueqiu.com/3850339348/391389153,0,0,2026-07-08 16:25:44
391391487,7069783343,垃圾堆里淘金豆豆,2026-05-28 01:41:04,,$ST得润(SZ002055)$ 换手率和成交额还是遥遥领先,1,2,0,9363,SZ002055,ST得润,Android,https://xueqiu.com/7069783343/391391487,0,0,2026-07-08 16:25:44
391392180,1726027130,下班了kdl,2026-05-28 01:42:26,,$ST得润(SZ002055)$ 对战比较激烈,0,2,0,6411,SZ002055,ST得润,Android,https://xueqiu.com/1726027130/391392180,0,0,2026-07-08 16:25:44
391392393,6219951047,老王要搞事,2026-05-28 01:42:52,,$ST得润(SZ002055)$ 今天有没有可能复制昨天都走势,6,2,0,8186,SZ002055,ST得润,Android,https://xueqiu.com/6219951047/391392393,0,0,2026-07-08 16:25:44
391399117,7069783343,垃圾堆里淘金豆豆,2026-05-28 01:55:42,,$ST得润(SZ002055)$ 昨天天地板，今天要地天板，然后化龙？剧本写好了,1,0,0,9095,SZ002055,ST得润,Android,https://xueqiu.com/7069783343/391399117,0,0,2026-07-08 16:25:44
391404830,7204187508,勇者计划,2026-05-28 02:06:28,,$ST得润(SZ002055)$ 👀开盘诱多手法好恶劣,0,0,0,5392,SZ002055,ST得润,Android,https://xueqiu.com/7204187508/391404830,0,0,2026-07-08 16:25:44
391405080,8405413184,李解力,2026-05-28 02:06:58,,$ST得润(SZ002055)$ 早上有股友说，超预期确认，加仓了。我说我没来得及，在观察，昨天10亿成交额，今天抛压那么大，拉升这么快真好吗。。卧槽，又杀猪,15,32,0,46981,SZ002055,ST得润,雪球,https://xueqiu.com/8405413184/391405080,0,0,2026-07-08 16:25:44
391405646,3275764348,墨尔本获总首席BF,2026-05-28 02:08:04,,$ST得润(SZ002055)$ 等几天如果出现那个局面，我再来提那个匿名提问观点,3,1,0,8265,SZ002055,ST得润,Android,https://xueqiu.com/3275764348/391405646,0,0,2026-07-08 16:25:44
391405908,1505804711,修心谨言wy,2026-05-28 02:08:33,,$ST得润(SZ002055)$ 明显拉高出货，小心！,0,1,0,5677,SZ002055,ST得润,Android,https://xueqiu.com/1505804711/391405908,0,0,2026-07-08 16:25:44
391406796,7069783343,垃圾堆里淘金豆豆,2026-05-28 02:10:12,,$ST得润(SZ002055)$ 再入6000股，没办法了，躺平了,0,1,0,8388,SZ002055,ST得润,Android,https://xueqiu.com/7069783343/391406796,0,0,2026-07-08 16:25:44
391408130,7104424653,st山顶资本,2026-05-28 02:12:49,,$ST得润(SZ002055)$ 这是什么玩法？套两次？,0,0,0,6252,SZ002055,ST得润,雪球,https://xueqiu.com/7104424653/391408130,0,0,2026-07-08 16:25:42
391410610,6789417896,zfauir,2026-05-28 02:17:32,,$ST得润(SZ002055)$ 只能等macd走平了再看了,0,0,0,7461,SZ002055,ST得润,Android,https://xueqiu.com/6789417896/391410610,0,0,2026-07-08 16:25:42
391411935,7801621698,发财大夏,2026-05-28 02:20:08,,$ST得润(SZ002055)$ 百亿得润，低位爆量是大好事，我是不相信就这点涨幅，这两天洗洗把不坚定的洗下车，后面缩量新高才能打开空间。,0,4,0,7906,SZ002055,ST得润,Android,https://xueqiu.com/7801621698/391411935,0,0,2026-07-08 16:25:42
391411991,9472917180,trashfinder911,2026-05-28 02:20:12,,新开一个，产业资本运作st，类似去年的铖昌科技，今天正好给了深水机会$ST得润(SZ002055)$,1,14,0,13287,SZ002055,ST得润,iPhone,https://xueqiu.com/9472917180/391411991,0,0,2026-07-08 16:25:42
391412107,1203812889,清朗的打新小赛道,2026-05-28 02:20:22,,$ST得润(SZ002055)$ 这么大的量，谁在接啊，有点夸张,2,0,0,5430,SZ002055,ST得润,Android,https://xueqiu.com/1203812889/391412107,0,0,2026-07-08 16:25:42
391414192,2146424655,逻辑趋势长盈,2026-05-28 02:24:45,,$ST得润(SZ002055)$ 这里面有脏东西，操盘的喜欢t，我陪你,5,2,0,8417,SZ002055,ST得润,iPhone,https://xueqiu.com/2146424655/391414192,0,0,2026-07-08 16:25:42
391420323,6258932557,韩国鸟叔,2026-05-28 02:37:42,,$ST得润(SZ002055)$ 这个拍卖也就5.6左右，牛散正常30个点就跑，后面没实质性消息刺激就差不多了,5,1,0,4500,SZ002055,ST得润,Android,https://xueqiu.com/6258932557/391420323,0,0,2026-07-08 16:25:42
391420857,5942251592,简朴的金条小风车屋,2026-05-28 02:38:53,,$ST得润(SZ002055)$ 今天st涨停潮，不得不说st闻泰带动板块效应逆天,1,2,0,5009,SZ002055,ST得润,Android,https://xueqiu.com/5942251592/391420857,0,0,2026-07-08 16:25:42
391424101,3451316032,坐井忘天,2026-05-28 02:45:52,,$ST得润(SZ002055)$ 旺旺今天怎么样了？他把我拉黑了，我挺感兴趣他今天的表现的是又破防了大骂董秘，还是哭爹喊娘，又或者自我安慰给自己打鸡血？,31,9,0,25283,SZ002055,ST得润,Android,https://xueqiu.com/3451316032/391424101,0,0,2026-07-08 16:25:42
391424553,1256102876,金融消费者赢麻啦,2026-05-28 02:46:55,,$ST得润(SZ002055)$ 得润，是要跑的意思吗？,0,0,0,4873,SZ002055,ST得润,iPhone,https://xueqiu.com/1256102876/391424553,0,0,2026-07-08 16:25:42
391424969,7726675448,爽朗的致富小帽子,2026-05-28 02:47:52,,$ST得润(SZ002055)$ 得润还是太热闹了,0,2,0,5756,SZ002055,ST得润,iPhone,https://xueqiu.com/7726675448/391424969,0,0,2026-07-08 16:25:42
391429039,1390686385,张扬1579,2026-05-28 02:56:38,,$ST得润(SZ002055)$ 砸的时候上千手的砸，买的时候几百手的买，辛苦了。,0,1,0,4451,SZ002055,ST得润,Android,https://xueqiu.com/1390686385/391429039,0,0,2026-07-08 16:25:42
391432308,1505804711,修心谨言wy,2026-05-28 03:04:02,,$ST得润(SZ002055)$ 低位买回来一点，子弹充足，等待缩量再加,0,0,0,5158,SZ002055,ST得润,Android,https://xueqiu.com/1505804711/391432308,0,0,2026-07-08 16:25:42
391433823,5778851367,时间见证价值,2026-05-28 03:07:29,,$ST得润(SZ002055)$ 前几天几个涨停板 没走这两天博弈太厉害了，给自己加点油，坚持住,1,0,0,7794,SZ002055,ST得润,Android,https://xueqiu.com/5778851367/391433823,0,0,2026-07-08 16:25:42
391433992,9023088350,沧桑战神追随者,2026-05-28 03:07:54,,$ST得润(SZ002055)$ 连续两个天地板,0,0,0,4627,SZ002055,ST得润,Android,https://xueqiu.com/9023088350/391433992,0,0,2026-07-08 16:25:42
391439022,1203812889,清朗的打新小赛道,2026-05-28 03:20:05,,$ST得润(SZ002055)$ 如果游资大佬没走，他肯定做T，不然没利润，砸盘的或许是机构跟量化,4,0,0,5549,SZ002055,ST得润,Android,https://xueqiu.com/1203812889/391439022,0,0,2026-07-08 16:25:42
391440535,8247993686,八十万韭菜总教头,2026-05-28 03:23:47,,$ST得润(SZ002055)$不吹 就是搬运个图，其余大家自行判断。耐心等待，⛽加油,4,12,0,11840,SZ002055,ST得润,Android,https://xueqiu.com/8247993686/391440535,0,0,2026-07-08 16:25:42
391440918,2547303054,ST彭于晏,2026-05-28 03:24:44,,ST“垃圾”里翻科技。 $ST东尼(SH603595)$ $ST得润(SZ002055)$ 双雄之争，目前看小妮子是真龙。,2,1,0,7855,SZ002055,ST得润,Android,https://xueqiu.com/2547303054/391440918,0,0,2026-07-08 16:25:42
391441709,1255983670,股海博弈投,2026-05-28 03:26:48,,$ST得润(SZ002055)$ 如果能在跌停附近磨一天，绝对要走好多人，这个量出货是肯定有出货或做T，就看后续有没有资金接的上，今天st不差，就像楼下说的，事出反常必有妖，启动前几天也这样，别人蹭蹭涨，他逆势跌，散户多，持股体验是真的差，不过还没亏钱,9,1,0,11286,SZ002055,ST得润,Android,https://xueqiu.com/1255983670/391441709,0,0,2026-07-08 16:25:42
391441867,5778049813,A老中医,2026-05-28 03:27:14,,$ST得润(SZ002055)$ 这个位置应该没什么风险，离底部没多少，回到10以上应该也是大概率的事情,0,0,0,8577,SZ002055,ST得润,雪球,https://xueqiu.com/5778049813/391441867,0,0,2026-07-08 16:25:39
391442578,1203812889,清朗的打新小赛道,2026-05-28 03:29:01,,$ST得润(SZ002055)$ 小仓位放着，放到明年,0,0,0,6741,SZ002055,ST得润,Android,https://xueqiu.com/1203812889/391442578,0,0,2026-07-08 16:25:39
391445787,3850339348,黑马挖掘机2024,2026-05-28 03:37:50,,$ST得润(SZ002055)$ 有在鹤山附近的朋友吗？我了解到鹤山得润目前的活忙得做不过来，所以员工都是 12 个小时，每天两班倒的。方便的朋友可以去现场，白天和晚上都拍拍照，和工人聊聊天，确认一下这个细节。,22,19,0,39665,SZ002055,ST得润,iPhone,https://xueqiu.com/3850339348/391445787,0,1,2026-07-08 16:25:39
391445890,7726675448,爽朗的致富小帽子,2026-05-28 03:38:10,,$ST得润(SZ002055)$ 早上低开才是完美的，红开无量封板，是真的恶心,0,2,0,8443,SZ002055,ST得润,iPhone,https://xueqiu.com/7726675448/391445890,0,0,2026-07-08 16:25:39
391446391,5386199194,Heisenberg_ST,2026-05-28 03:39:38,,强烈支持！有在鹤山的小伙伴去打听下$ST得润(SZ002055)$,4,1,0,18347,SZ002055,ST得润,Android,https://xueqiu.com/5386199194/391446391,0,0,2026-07-08 16:25:39
391457140,9699396049,蠢蠢的ft,2026-05-28 04:25:42,,$ST得润(SZ002055)$ 我来坦率地讲一下我对盘面的认知吧，昨天顶板的15万手被埋，今天竞价抢筹自救，多次封板被砸开，看量能，开盘15分钟同比昨天少了5000万，9:45到10:00主动买盘基本被耗光，股价一路下跌，但是量明显缩了很多看大盘，同样在早晨冲高后，无法站稳开始快速回落所以下午关键看四个位置如果今天收在7.50以上，尤其是接近均价线或重新站回分时中枢，那明天还有修复预期。这个形态说明上午砸开以后，资金没有彻底放弃，昨天被埋资金仍可能继续做盘面维护。如果今天收在7.35—7.45之间，这是比较尴尬的结果。说明全天完成了冲高回落，资金有自救，但力度不够。明天大概率还会继续分歧，早盘容易出现低开后反抽，或者冲高后继续被兑现。如果今天收在7.30以下，那就偏弱了。因为这意味着早盘竞价抢筹和多次封板都没有转化成有效承接，昨天顶板资金不仅没有解放，反而形成新的套牢压力。明天就要防低开杀情绪，尤其是如果集合竞价不能明显修复，短线资金会更谨慎。如果今天跌破并接近7.20低点收盘，明天压力会更大。因为这相当于把今天早盘自救盘全部否定，日线也会变成高位放量长上影后的继续分歧。,5,1,0,17821,SZ002055,ST得润,iPhone,https://xueqiu.com/9699396049/391457140,0,1,2026-07-08 16:25:39
391460555,5498037385,有无低估市场说的算,2026-05-28 04:44:14,,$ST得润(SZ002055)$ 今天尾盘有可能继续跌停,0,1,0,7552,SZ002055,ST得润,Android,https://xueqiu.com/5498037385/391460555,0,0,2026-07-08 16:25:39
391463094,1203812889,清朗的打新小赛道,2026-05-28 04:59:13,,$ST得润(SZ002055)$ 主力多收点筹码，应对七月份改10厘米,0,1,0,5804,SZ002055,ST得润,Android,https://xueqiu.com/1203812889/391463094,0,0,2026-07-08 16:25:39
391466739,4850557927,山古之人,2026-05-28 05:12:00,,$ST得润(SZ002055)$ 还是5个点安全点，出去搞不好是10个多个点的大绿棒子了,0,0,0,9503,SZ002055,ST得润,雪球,https://xueqiu.com/4850557927/391466739,0,0,2026-07-08 16:25:39
391468127,1984899483,退市中国姬松高中,2026-05-28 05:16:04,,$ST得润(SZ002055)$ 中报5000加5000 1个亿左右利润,0,3,0,10855,SZ002055,ST得润,Android,https://xueqiu.com/1984899483/391468127,0,0,2026-07-08 16:25:39
391472731,4930071438,晒太阳1234,2026-05-28 05:29:34,,$ST得润(SZ002055)$ 东尼这个走势太稳了,0,1,0,5261,SZ002055,ST得润,Android,https://xueqiu.com/4930071438/391472731,0,0,2026-07-08 16:25:39
391476807,1505804711,修心谨言wy,2026-05-28 05:40:45,,$ST得润(SZ002055)$ 下午缩量厉害，几手几手成交，多空都杀累了吗？,0,1,0,5341,SZ002055,ST得润,Android,https://xueqiu.com/1505804711/391476807,0,0,2026-07-08 16:25:39
391477402,2764080416,云阙寂风,2026-05-28 05:42:21,,$ST得润(SZ002055)$ 昨天小仓位追高了一把，割了，平时自己看都不看的票，以为涨的猛，结果追必埋。以后不这么莽撞了， 选股还得选自己熟悉的票，情绪炒股投机炒股，只不过是过往烟云，拿不住。,0,3,0,9888,SZ002055,ST得润,Android,https://xueqiu.com/2764080416/391477402,0,0,2026-07-08 16:25:39
391479293,1203812889,清朗的打新小赛道,2026-05-28 05:47:37,,$ST得润(SZ002055)$ 今年是保利润的一年，砍掉亏损，拥抱利润,0,0,0,5282,SZ002055,ST得润,Android,https://xueqiu.com/1203812889/391479293,0,0,2026-07-08 16:25:39
391481020,4850557927,山古之人,2026-05-28 05:52:09,,$ST得润(SZ002055)$ 完了 大盘起来了，他有事爹不疼，娘不爱的了,0,0,0,9883,SZ002055,ST得润,雪球,https://xueqiu.com/4850557927/391481020,0,1,2026-07-08 16:25:39
391484393,7204187508,勇者计划,2026-05-28 06:01:24,,$ST得润(SZ002055)$ 昨天天地。今天再来一遍？大起大落，妖风阵阵,0,1,0,7523,SZ002055,ST得润,Android,https://xueqiu.com/7204187508/391484393,0,0,2026-07-08 16:25:39
391486608,5169395102,波哈哈哈,2026-05-28 06:07:37,,$ST得润(SZ002055)$ 学习昨天尾盘跌停,0,4,0,5939,SZ002055,ST得润,Android,https://xueqiu.com/5169395102/391486608,0,0,2026-07-08 16:25:39
391488844,7844896968,抄底的神经,2026-05-28 06:13:49,,$ST得润(SZ002055)$ 明明可以拉到20块再卖给我的，可是他7块多就卖给我了，我应该感谢才是,0,9,0,6109,SZ002055,ST得润,Android,https://xueqiu.com/7844896968/391488844,0,0,2026-07-08 16:25:39
391492565,1505804711,修心谨言wy,2026-05-28 06:23:59,,$ST得润(SZ002055)$ 同样做联接器的电连技术和华丰科技今天都大涨了，看得润什么时候又来一波行情,8,0,0,7935,SZ002055,ST得润,Android,https://xueqiu.com/1505804711/391492565,0,0,2026-07-08 16:25:39
391494922,8940764643,仓未佳措,2026-05-28 06:30:36,,$ST得润(SZ002055)$ 明天就把你出清，浪费时间,1,3,0,4017,SZ002055,ST得润,iPhone,https://xueqiu.com/8940764643/391494922,0,0,2026-07-08 16:25:39
391498540,1505804711,修心谨言wy,2026-05-28 06:40:45,,$ST得润(SZ002055)$ 今天就这样了，撤单去买国债回购,0,1,0,4509,SZ002055,ST得润,Android,https://xueqiu.com/1505804711/391498540,0,0,2026-07-08 16:25:37
391499789,1157813899,啥时候能躺平,2026-05-28 06:44:15,,$ST得润(SZ002055)$ 真的不该格局,0,0,0,3780,SZ002055,ST得润,iPhone,https://xueqiu.com/1157813899/391499789,0,0,2026-07-08 16:25:37
391501542,7204187508,勇者计划,2026-05-28 06:49:25,,$ST得润(SZ002055)$昨天天地，今天又要是天地？ 真是要把人搞死,1,0,0,6873,SZ002055,ST得润,Android,https://xueqiu.com/7204187508/391501542,0,0,2026-07-08 16:25:37
391502568,7031892934,宇智bo卡卡西,2026-05-28 06:52:05,,$ST得润(SZ002055)$ 太恶劣，强烈谴责,1,5,0,6845,SZ002055,ST得润,iPhone,https://xueqiu.com/7031892934/391502568,0,0,2026-07-08 16:25:37
391503899,1242055093,知行合一赚点米,2026-05-28 06:56:08,,$ST得润(SZ002055)$ 应该洗得差不多了,0,0,0,5989,SZ002055,ST得润,Android,https://xueqiu.com/1242055093/391503899,0,0,2026-07-08 16:25:37
391503968,1255983670,股海博弈投,2026-05-28 06:56:20,,$ST得润(SZ002055)$ 牛啊，两天天地，埋了多少人,21,4,0,10744,SZ002055,ST得润,Android,https://xueqiu.com/1255983670/391503968,0,0,2026-07-08 16:25:37
391504040,4930071438,晒太阳1234,2026-05-28 06:56:34,,$ST得润(SZ002055)$ 散户的情绪已经崩盘了 回到6了吗,0,0,0,3679,SZ002055,ST得润,Android,https://xueqiu.com/4930071438/391504040,0,0,2026-07-08 16:25:37
391504613,2438682571,绝境最后一舞,2026-05-28 06:58:23,,$ST得润(SZ002055)$ 两天成交了快20亿，卖公司了,1,1,0,4412,SZ002055,ST得润,Android,https://xueqiu.com/2438682571/391504613,0,0,2026-07-08 16:25:37
391504664,8306816717,大V巴菲特,2026-05-28 06:58:32,,$ST得润(SZ002055)$ 兄弟们还好吗？看来我昨天走对了。,0,0,0,3559,SZ002055,ST得润,Android,https://xueqiu.com/8306816717/391504664,0,0,2026-07-08 16:25:37
391505047,6049748777,偏爱高买低卖,2026-05-28 06:59:49,,$ST得润(SZ002055)$ 连着两天天地，佩服佩服,0,3,0,4023,SZ002055,ST得润,iPhone,https://xueqiu.com/6049748777/391505047,0,0,2026-07-08 16:25:37
391505732,1505804711,修心谨言wy,2026-05-28 07:01:47,,$ST得润(SZ002055)$ 主力就是6，以后早盘拉涨停，估计没有几个敢跟了,0,0,0,4356,SZ002055,ST得润,Android,https://xueqiu.com/1505804711/391505732,0,0,2026-07-08 16:25:37
391506142,5498037385,有无低估市场说的算,2026-05-28 07:02:43,,$ST得润(SZ002055)$ 昨天8.3全卖了，今天接回三分之一仓位,3,3,0,5395,SZ002055,ST得润,Android,https://xueqiu.com/5498037385/391506142,0,0,2026-07-08 16:25:37
391506229,7204187508,勇者计划,2026-05-28 07:02:56,,$ST得润(SZ002055)$ 是洗盘还是诱多？两天天地，线都是资金画出来的，在st这种线我还是第一次见，懵了,2,0,0,7007,SZ002055,ST得润,Android,https://xueqiu.com/7204187508/391506229,0,0,2026-07-08 16:25:37
391506695,1505804711,修心谨言wy,2026-05-28 07:04:05,,$ST得润(SZ002055)$ 妥妥的杀猪盘，早盘拉涨停吸引散风跟风买入，收盘杀跌停，这是要杀人诛心，赶尽杀绝，主力妥妥的坏蛋,0,4,0,5234,SZ002055,ST得润,Android,https://xueqiu.com/1505804711/391506695,0,0,2026-07-08 16:25:37
391508907,6219951047,老王要搞事,2026-05-28 07:10:26,,$ST得润(SZ002055)$ 明天还是填地，吓人不,0,0,0,4333,SZ002055,ST得润,Android,https://xueqiu.com/6219951047/391508907,0,0,2026-07-08 16:25:37
391509794,9329310049,牛股引力,2026-05-28 07:13:08,,$ST得润(SZ002055)$ 有大牛趋势股的味道了，洗的越狠，说明越有东西,3,2,0,6600,SZ002055,ST得润,Android,https://xueqiu.com/9329310049/391509794,0,0,2026-07-08 16:25:37
391510545,1505804711,修心谨言wy,2026-05-28 07:15:37,,$ST得润(SZ002055)$ 希望明天收盘跌2%，然后明晚来个异动公告，看董秘怎么回复,0,0,0,7972,SZ002055,ST得润,Android,https://xueqiu.com/1505804711/391510545,0,0,2026-07-08 16:25:37
391510783,9269696378,股海修仙练气中,2026-05-28 07:16:26,,$ST得润(SZ002055)$ 掐指一算，还没到时候,0,0,0,7068,SZ002055,ST得润,Android,https://xueqiu.com/9269696378/391510783,0,1,2026-07-08 16:25:37
391511301,8247993686,八十万韭菜总教头,2026-05-28 07:18:12,,$ST得润(SZ002055)$又是大面，不说了，都是泪呀。我耐心等了，加油⛽,10,7,0,11177,SZ002055,ST得润,Android,https://xueqiu.com/8247993686/391511301,0,0,2026-07-08 16:25:37
391511897,8871682425,财闻,2026-05-28 07:20:10,ST得润连续两日盘中“天地板”,5月28日，ST得润（002055.SZ）盘中上演“天地板”。5月27日，ST得润同样盘中“天地板”。两日成交额合计超17亿元。5月26日，ST得润发布公告称，公司未与英伟达、华为开展业务合作；同时，公司目前的高速传输连接器产品主要应用于计算机及外围设备领域，在服务器等新兴领域的应用尚在拓展当中，服务器等新兴领域的业务营收占公司整体营收占比极低，不到1%，预估短期内对公司整体经营业绩贡献有限，未来订单获取及业务发展存在不确定性。公司控股股东及实际控制人未发生变化，没有筹划实际控制人变更事项。,0,0,0,7056,SZ002055,ST得润,雪球,https://xueqiu.com/8871682425/391511897,0,0,2026-07-08 16:25:37
391512315,7801621698,发财大夏,2026-05-28 07:21:34,,$ST得润(SZ002055)$ 亏麻了，吃了两个天地板，今天新st反弹对高位抽血不应该加仓的，有点影响心态了，安慰自己频繁交易总会遇到这种离谱的事。,2,3,0,9274,SZ002055,ST得润,Android,https://xueqiu.com/7801621698/391512315,0,0,2026-07-08 16:25:35
391513069,2500780684,NORTH-SKY,2026-05-28 07:24:07,,$ST得润(SZ002055)$ 这票许多老师安全垫厚的咧！是个宝藏票！,2,3,0,4901,SZ002055,ST得润,Android,https://xueqiu.com/2500780684/391513069,0,0,2026-07-08 16:25:35
391513863,1255983670,股海博弈投,2026-05-28 07:26:54,,$ST得润(SZ002055)$ 这主力玩心态啊，明天低开还是大把人冲进来。明天高开好多人该犹豫了。感觉像玩谍战剧，有点那味了,42,5,0,21086,SZ002055,ST得润,Android,https://xueqiu.com/1255983670/391513863,0,0,2026-07-08 16:25:35
391514257,1307886976,端正的财经小礼貌,2026-05-28 07:28:31,,$ST得润(SZ002055)$ 太垃圾了，这样玩，真nm垃圾！！！不退市也难！！,2,4,0,7285,SZ002055,ST得润,Android,https://xueqiu.com/1307886976/391514257,0,0,2026-07-08 16:25:35
391515506,1505804711,修心谨言wy,2026-05-28 07:32:42,,$ST得润(SZ002055)$ 买这个票，你要学会跟主力斗智斗狠，你永远不知道他明天会怎样操作,1,0,0,10535,SZ002055,ST得润,Android,https://xueqiu.com/1505804711/391515506,0,0,2026-07-08 16:25:35
391515525,5846379600,微笑曲线Q,2026-05-28 07:32:49,,$ST得润(SZ002055)$ 这个股性不行，好好的一直票，非得恶心人,1,1,0,5791,SZ002055,ST得润,雪球,https://xueqiu.com/5846379600/391515525,0,0,2026-07-08 16:25:35
391518625,1776016642,午后西冷茶,2026-05-28 07:44:42,,$ST得润(SZ002055)$ 连续两天天地板，接近绝望了，我看了两天应该差不多到位了，明天可以捞点看看,9,5,0,9949,SZ002055,ST得润,Android,https://xueqiu.com/1776016642/391518625,0,0,2026-07-08 16:25:35
391526701,1255983670,股海博弈投,2026-05-28 08:18:24,,$ST得润(SZ002055)$ 你们短线的该走就走吧，垃圾股，股性太差了，我们长线配他熬，就当没赚,10,5,0,13678,SZ002055,ST得润,Android,https://xueqiu.com/1255983670/391526701,0,0,2026-07-08 16:25:35
391528425,9378083646,烟雨江南3567,2026-05-28 08:25:58,,回复@黑马挖掘机2024: 请问ST得润会退市吗？只要不退市，我就不害怕。//@黑马挖掘机2024:回复@黑马挖掘机2024:还是那句话，黑马老师只做马前炮！只做格局的投资者，不看短期波动！$ST得润(SZ002055)$,1,0,0,8836,SZ002055,ST得润,Android,https://xueqiu.com/9378083646/391528425,0,0,2026-07-08 16:25:35
391528860,9551457182,秦如许,2026-05-28 08:27:57,,$ST得润(SZ002055)$ 本来就一层仓，看好你，两天天地搞这么恶心，今年慢慢挪仓位干你,0,1,0,10295,SZ002055,ST得润,iPhone,https://xueqiu.com/9551457182/391528860,0,0,2026-07-08 16:25:35
391539550,9551308393,勤劳的稳赚小水族馆,2026-05-28 09:15:09,,$ST得润(SZ002055)$ 这种B点。错了嘛？有人觉得这是错误的B点？,9,0,0,9750,SZ002055,ST得润,iPhone,https://xueqiu.com/9551308393/391539550,0,0,2026-07-08 16:25:35
391540160,2879128183,无敌菜刀,2026-05-28 09:18:19,,$ST得润(SZ002055)$ 市销率先跑到5再来出,0,0,0,7087,SZ002055,ST得润,Android,https://xueqiu.com/2879128183/391540160,0,0,2026-07-08 16:25:35
391542051,7695066347,上善若水轻舞,2026-05-28 09:26:30,,$ST得润(SZ002055)$ 这个买点，我是不怕，拿一年再说,0,2,0,9576,SZ002055,ST得润,Android,https://xueqiu.com/7695066347/391542051,0,0,2026-07-08 16:25:35
391542908,1994972206,单纯的大白菜,2026-05-28 09:30:15,,$ST得润(SZ002055)$ 回到上周五附近的价格。 上周五看好的人，过了四天，难道就不看好了？除非是来玩短线的，那估计要受折磨了。,3,2,0,7432,SZ002055,ST得润,iPhone,https://xueqiu.com/1994972206/391542908,0,0,2026-07-08 16:25:35
391543800,5498037385,有无低估市场说的算,2026-05-28 09:34:50,,$ST得润(SZ002055)$ 大家对得润接下来怎么看,4,0,0,8460,SZ002055,ST得润,Android,https://xueqiu.com/5498037385/391543800,0,0,2026-07-08 16:25:35
391550251,3142547131,得瑞盈仓,2026-05-28 10:06:40,,$ST得润(SZ002055)$ 上次撤拍之后没消息了，债权人不要还钱了？,10,0,0,7655,SZ002055,ST得润,Android,https://xueqiu.com/3142547131/391550251,0,1,2026-07-08 16:25:35
391556923,5498037385,有无低估市场说的算,2026-05-28 10:45:05,,$ST得润(SZ002055)$ 中长线持有的重点关注今年下半年业绩是否能兑现，逾期债务是不是有效解决,0,0,0,6822,SZ002055,ST得润,Android,https://xueqiu.com/5498037385/391556923,0,0,2026-07-08 16:25:35
391558936,9699396049,蠢蠢的ft,2026-05-28 10:57:51,,$ST得润(SZ002055)$ 只做猜想，两个天地板，第一个天地板尾盘故意打压到跌停，跌停板1.5万手全部吃光，主力做t，第二天按道理说应该直线拉升到涨停不给进入机会，但是今天涨停后不停撤单，最后砸盘，尾盘继续打压到跌停，主力意图在于我拉涨停不准跟我抢筹，抢就砸你是吗？那明天应该是开盘跌停没跑，地板又要抢筹？以后拉涨停谁还敢跟风抢筹（抢就砸死你）？涨停后开板震荡你敢不卖（不交筹码那就等着绿盘割肉）？以上是我的理解,3,2,0,13824,SZ002055,ST得润,iPhone,https://xueqiu.com/9699396049/391558936,0,0,2026-07-08 16:25:35
391561583,4850557927,山古之人,2026-05-28 11:13:38,,$ST得润(SZ002055)$ 明天最好的剧本就是直接跌停开，然后低开高走，直接调整到位，如果小低开或者平开高走，那么后续还有大幅的调整。现在想想今天直接平开拉升，就是觉得很奇怪，一点都没震荡直接往上，感觉就是来套人的，像是游资自救行为。10点半以后，完全买盘明显弱了，早上这些环境，正常的话资金直接抱团就好了。下午大盘直线拉的时候，这货完全买盘枯竭了，反而最后跌停，明显是主力在出逃。,1,3,0,11750,SZ002055,ST得润,雪球,https://xueqiu.com/4850557927/391561583,0,0,2026-07-08 16:25:35
391567271,5942251592,简朴的金条小风车屋,2026-05-28 11:51:33,,$ST得润(SZ002055)$ 这个股的人可能大部分不知道自己的对手盘和队友是谁？如果按照股份来分邱家和债权人其实是你的队友，因为股价上涨对他们是有利的意味着可以高价出售股份，反之的对手盘你们应该猜到了吧！,5,1,0,8178,SZ002055,ST得润,Android,https://xueqiu.com/5942251592/391567271,0,0,2026-07-08 16:25:33
391573382,8595444515,向涨,2026-05-28 12:26:54,,$ST得润(SZ002055)$ 满腔热血被按着爆锤。。。,0,0,0,6580,SZ002055,ST得润,Android,https://xueqiu.com/8595444515/391573382,0,0,2026-07-08 16:25:33
391576445,2427841427,想什么呢干就是,2026-05-28 12:44:40,,$ST得润(SZ002055)$ 邱家在整一盘大的，但留给邱家的时间也不多了。,0,1,0,7273,SZ002055,ST得润,Android,https://xueqiu.com/2427841427/391576445,0,0,2026-07-08 16:25:33
391578438,1505804711,修心谨言wy,2026-05-28 12:55:19,,$ST得润(SZ002055)$ 主力这么极端的打压，是否意味着债务逾期的处理快有着落了,0,4,0,11771,SZ002055,ST得润,Android,https://xueqiu.com/1505804711/391578438,0,0,2026-07-08 16:25:33
391579801,6789417896,zfauir,2026-05-28 13:03:19,,$ST得润(SZ002055)$ 放量是好事，不论涨跌，说明大资金开始关注这个票了，总比死气沉沉好，说明要躁动起来了，海岸线帆船的桅杆若隐若现，革命的浪潮快要开启了。,1,10,0,10773,SZ002055,ST得润,Android,https://xueqiu.com/6789417896/391579801,0,0,2026-07-08 16:25:33
391590663,4351951251,小y迪哥,2026-05-28 13:55:22,,$ST得润(SZ002055)$ 偶不明白,0,0,0,6247,SZ002055,ST得润,Android,https://xueqiu.com/4351951251/391590663,0,0,2026-07-08 16:25:33
391591967,3850339348,黑马挖掘机2024,2026-05-28 14:01:33,,$ST得润(SZ002055)$ 作为英特尔 Cpu socket 的连接器大家已经都科普过了，我再根据得润官网显示的高速背板连接器产品来科普一下，并和同行做个对比。,15,23,0,32290,SZ002055,ST得润,iPhone,https://xueqiu.com/3850339348/391591967,0,5,2026-07-08 16:25:33
391593354,1255983670,股海博弈投,2026-05-28 14:08:37,,$ST得润(SZ002055)$ 这公司确实有神奇之处，他的最大四家客户全部新高，他的行业同行也全部新高，你不说多高，最起码别在底部趴啊，真Tm无语，到底什么人在卖，做空又不能赚钱,16,4,0,15388,SZ002055,ST得润,Android,https://xueqiu.com/1255983670/391593354,0,1,2026-07-08 16:25:33
391598159,3850339348,黑马挖掘机2024,2026-05-28 14:32:31,,$ST得润(SZ002055)$ 这份26年2月份的子公司增资公告要仔细阅读，$世运电路(SH603920)$ 原实控人佘英杰对子公司的1.2亿元增资，本质上是为了给上市公司输血1.469亿元，用于上市公司继续聚焦高速连接器的业务,6,10,0,32734,SZ002055,ST得润,iPhone,https://xueqiu.com/3850339348/391598159,0,4,2026-07-08 16:25:33
391598877,3850339348,黑马挖掘机2024,2026-05-28 14:36:44,,回复@中医世: 不会的，根据我近半年的观点，我们吹的越凶，主力会砸的越凶，所以后续没有重大进展就不再分析$ST得润(SZ002055)$ 了，反正我准备长线持有到 27 年底，我就不信白衣骑士会一直不来//@中医世:回复@黑马挖掘机2024:明天买不到便宜筹码了,1,7,0,21858,SZ002055,ST得润,iPhone,https://xueqiu.com/3850339348/391598877,0,1,2026-07-08 16:25:33
391602411,4850557927,山古之人,2026-05-28 14:56:33,,$ST得润(SZ002055)$ 原本不想多说，看到有些人无脑吹，就感觉有点变味了，像是产业链的进来了。当前风险未完全出清，只能按困境修复，今年的市值差不多在45-60 亿区间附近，，原因有很多，1、ST、2、债务、3、诉讼赔偿、4、持续经营不确定性（ZJH的定调，这个也会后续影响摘帽的进程）。这些因素要考虑进去，只有这些痛点一个一个消除，才能慢慢的迎来估值回归，有些人无脑的拿那些头部的来比较，实在毫无逻辑可言，高速连接器占比你要对比的啊，得润传统行业低利润，影响估值的。市场不会放过一个低估值的公司的。如果你觉得他很值钱，但是却没怎么涨，那是你有些东西没看懂。机构，游资永远比我们普通散户知道的早。我们要尊重K线，散户唯一能知道的就是K线。K线隐射市场。大家买票的不要看传闻消息炒股。,2,9,0,22025,SZ002055,ST得润,雪球,https://xueqiu.com/4850557927/391602411,0,2,2026-07-08 16:25:33
391602863,1255983670,股海博弈投,2026-05-28 14:59:30,,$ST得润(SZ002055)$ 你们可以查下黑马兄提供的官网这个东西，是真的技术含量非常高，如果得润能认证和量产，加上千针Cpu连接器，说实话，国内基本没有对手@黑马挖掘机2024,19,6,0,16684,SZ002055,ST得润,Android,https://xueqiu.com/1255983670/391602863,0,1,2026-07-08 16:25:33
391612219,4242049847,一手两手哥,2026-05-28 16:18:10,,$Arm Holdings(ARM)$ $ST得润(SZ002055)$ 新组合：Agent→CPU大增→DRAM大增→DDR5插槽与CPU Socket同步大增 → 得润电子直接、深度受益，是这条链上最硬的A股标的之一。逻辑如下：1）新组合：Agent → CPU → DRAM，到底是什么？- AI Agent（智能体）：要长上下文、要多轮记忆、要安全沙箱、要多并发任务 → CPU消耗成倍增加。- 以前AI训练：多GPU、少CPU（CPU只是配角）。- 现在AI推理/Agent：多CPU、少GPU，甚至出现“一人一Agent、一Agent多CPU”的局面。- CPU一多，DRAM（内存）必须跟着大增：- 单台服务器CPU数量↑ → 每颗CPU带的内存通道↑ → DDR5插槽数量指数级↑。- Agent长上下文：内存容量、带宽需求再翻倍。结论：DRAM增量不是简单线性，是跟着CPU+Agent一起“跳涨”。2）得润电子在这条链上的位置（最关键）得润做两件核心产品，完美卡在上游：A. CPU Socket（CPU底座）- 中国大陆唯一、全球仅4家能量产千针级（LGA1700/1851/1954）CPU Socket，且英特尔官方认证、批量供货。- 每一颗CPU必须配一个Socket，1:1刚性绑定。- Agent带来CPU爆量 → Socket订单直接爆量。B. DDR5 DIMM 插槽（内存插槽）- 国内唯一通过英特尔认证、批量供货的DDR5服务器连接器厂商。- AI服务器：DDR5容量是传统的3–4倍，插槽数量同步放大。- Agent长上下文：带宽、容量再上台阶，DDR5插槽用量再抬升。- 毛利率25%–30%，远高于传统连接器，是高毛利核心增量。3）对得润电子的实质影响（业绩+估值）（1）业绩端：直接放量、高毛利- 市场测算：- CPU Socket：2026年新增约10亿营收、4亿毛利、2亿净利。- DDR5连接器：高速连接器营收从12亿→25亿，毛利8.5亿、净利2.5亿。- 合计：连接器板块2026年净利有望达4.5亿，摘帽后估值修复空间极大。（2）预期端：彻底打开天花板- 之前市场担心：AI=GPU，得润=CPU/DDR5，受益有限。- 现在Agent逻辑：AI=CPU+DRAM，得润=CPU Socket+DDR5插槽，直接受益主赛道。- 一句话：从“边缘受益”变成“核心受益”，估值逻辑重定价。（3）国产替代+稀缺性溢价- 全球Socket市场：鸿腾+嘉泽占90%+，产能饱和，订单外溢到得润。- DDR5：国内唯一认证+量产，成本比外资低15%–20%，良率98%+。- Agent+CPU+DRAM爆发期：稀缺产能=溢价。4）总结：这个新组合对得润是“超级催化”- 链条：AI Agent → CPU数量大增 → DRAM容量/插槽大增 → CPU Socket+DDR5插槽需求爆发。- 得润：国内唯一同时卡位CPU Socket+DDR5插槽、且英特尔认证量产的标的。- 影响：业绩直接翻倍级弹性 + 估值从“传统连接器”重估为“AI高速互连龙头”。一句话：这波Agent→CPU→DRAM的新共识，对得润电子是最强的基本面催化之一，直接把它从摘帽股打成AI算力链核心标的。,1,9,0,13073,SZ002055,ST得润,Android,https://xueqiu.com/4242049847/391612219,0,2,2026-07-08 16:25:33
391612980,9906729923,心中之神q,2026-05-28 16:30:01,,$ST得润(SZ002055)$黎明的那道光会越过黑暗打破一切恐惧我能找到答案哪怕要逆着光就驱散黑暗丢弃所有的负担不再孤单两个天地板，竟然让满仓单吊的我兴奋起来了让暴风雨来得更猛烈些吧我是不是病了配个图055,4,3,0,13394,SZ002055,ST得润,Android,https://xueqiu.com/9906729923/391612980,0,0,2026-07-08 16:25:33
391630410,2421667591,福龙一1021,2026-05-28 22:51:22,,$ST得润(SZ002055)$ 你家大客户起飞了，就剩你了$戴尔科技(DELL)$,0,2,0,7209,SZ002055,ST得润,Android,https://xueqiu.com/2421667591/391630410,0,0,2026-07-08 16:25:33
391641657,5498037385,有无低估市场说的算,2026-05-29 00:51:08,,$ST得润(SZ002055)$ 只要连续放量就不怕，最怕跌了开始缩量了,1,0,0,7548,SZ002055,ST得润,Android,https://xueqiu.com/5498037385/391641657,0,0,2026-07-08 16:25:33
391648806,1307886976,端正的财经小礼貌,2026-05-29 01:23:01,,$ST得润(SZ002055)$ 今天开盘就跌停！！,0,1,0,6535,SZ002055,ST得润,Android,https://xueqiu.com/1307886976/391648806,0,0,2026-07-08 16:25:33
391649186,1307886976,端正的财经小礼貌,2026-05-29 01:24:31,,$ST得润(SZ002055)$ 这股有点恶心！纯属人为操作！,1,0,0,6782,SZ002055,ST得润,Android,https://xueqiu.com/1307886976/391649186,0,0,2026-07-08 16:25:33
391649868,9699396049,蠢蠢的ft,2026-05-29 01:26:34,,$ST得润(SZ002055)$ 这竞价我真是看笑了,2,0,0,7822,SZ002055,ST得润,iPhone,https://xueqiu.com/9699396049/391649868,0,0,2026-07-08 16:25:30
391655975,1390686385,张扬1579,2026-05-29 01:40:35,,$ST得润(SZ002055)$ 这是第三天，又要复制前两天走势了吗？,0,0,0,4166,SZ002055,ST得润,Android,https://xueqiu.com/1390686385/391655975,0,0,2026-07-08 16:25:30
391656339,8160881721,威严的股票巨人,2026-05-29 01:41:17,,$ST得润(SZ002055)$ 走势真妖，这周周线应该红不了了,0,0,0,5593,SZ002055,ST得润,iPhone,https://xueqiu.com/8160881721/391656339,0,0,2026-07-08 16:25:30
391657055,3770237990,清淇一帆,2026-05-29 01:42:40,,$ST得润(SZ002055)$ 看来看去，这个得润电子总觉得问题不大，这仅是从中线角度考虑。1. 控制权变更控制权肯定会变更，而且肯定会在今年内进行，可能就在最近这一两个月内发生。新进驻的实控人预期肯定比现在要强。2. 基本面情况公司有与 CPU Socket 相关的这些高速连接器业务，肯定会有一波显而易见的业务放量增长。这两个因素相叠加，就不可能是现在这个市值。,2,3,0,10933,SZ002055,ST得润,雪球,https://xueqiu.com/3770237990/391657055,0,0,2026-07-08 16:25:30
391658228,6646223493,A海宁皮草全国诚,2026-05-29 01:44:56,,$ST得润(SZ002055)$ 今天还是老套路 短线没机会的,0,0,0,7665,SZ002055,ST得润,iPhone,https://xueqiu.com/6646223493/391658228,0,0,2026-07-08 16:25:30
391658276,7204187508,勇者计划,2026-05-29 01:45:01,,$ST得润(SZ002055)$ 恶心吧，三天早盘追高都被套,6,1,0,8797,SZ002055,ST得润,Android,https://xueqiu.com/7204187508/391658276,0,0,2026-07-08 16:25:30
391659958,5942251592,简朴的金条小风车屋,2026-05-29 01:48:01,,$ST得润(SZ002055)$ 这下好了，st批量涨停大资金也不正眼瞧你,3,3,0,6398,SZ002055,ST得润,Android,https://xueqiu.com/5942251592/391659958,0,0,2026-07-08 16:25:30
391662130,4850557927,山古之人,2026-05-29 01:51:18,,$ST得润(SZ002055)$ 每天开盘资金就引导往上冲，这就很奇怪,9,0,0,10382,SZ002055,ST得润,雪球,https://xueqiu.com/4850557927/391662130,0,0,2026-07-08 16:25:30
391670152,7204187508,勇者计划,2026-05-29 02:04:49,,$ST得润(SZ002055)$不等了，买 回来了,3,2,0,9473,SZ002055,ST得润,Android,https://xueqiu.com/7204187508/391670152,0,0,2026-07-08 16:25:30
391674696,1018946409,馒头大米饭,2026-05-29 02:12:26,,$ST得润(SZ002055)$ 这种走势就不是st资金跑出来的，这里有大庄，这几天的反复横跳上下拉扯就是在洗盘同时确认谁是老大。就是要告诉你要么老实点要么玩死你,2,5,0,9303,SZ002055,ST得润,Android,https://xueqiu.com/1018946409/391674696,0,0,2026-07-08 16:25:30
391679803,5778049813,A老中医,2026-05-29 02:21:45,,$ST得润(SZ002055)$ 这个位置的德润有点性价比了,0,0,0,10318,SZ002055,ST得润,雪球,https://xueqiu.com/5778049813/391679803,0,0,2026-07-08 16:25:30
391683930,2382405074,原野555,2026-05-29 02:30:00,,$ST得润(SZ002055)$ 本来看好你成为真龙天子的，怎么走的不尽人意,1,0,0,8844,SZ002055,ST得润,Android,https://xueqiu.com/2382405074/391683930,0,0,2026-07-08 16:25:30
391685377,7204187508,勇者计划,2026-05-29 02:32:45,,$ST得润(SZ002055)$ 估计很多人等着下午杀到水下，乃至跌停，再加仓位,2,0,0,11087,SZ002055,ST得润,Android,https://xueqiu.com/7204187508/391685377,0,0,2026-07-08 16:25:30
391685811,1758597514,用户1758597514,2026-05-29 02:33:33,,$ST得润(SZ002055)$ 这公司怎么有卖不完的筹码,3,0,0,8145,SZ002055,ST得润,iPhone,https://xueqiu.com/1758597514/391685811,0,0,2026-07-08 16:25:30
391690200,4565598627,第一天8e2,2026-05-29 02:42:46,,$ST得润(SZ002055)$ 做T做太狠了你们，每天这么大量，,0,0,0,9001,SZ002055,ST得润,雪球,https://xueqiu.com/4565598627/391690200,0,0,2026-07-08 16:25:30
391695068,2146424655,逻辑趋势长盈,2026-05-29 02:53:46,,$ST得润(SZ002055)$ 吃了两个天地板，今天高开低走，害怕的都不敢加仓做t了，反倒是拉上去了，炒股就是这么反人性，尤其量化主导的市场,0,2,0,12700,SZ002055,ST得润,iPhone,https://xueqiu.com/2146424655/391695068,0,0,2026-07-08 16:25:30
391698570,4259867517,烟花一半醒,2026-05-29 03:01:35,,$ST得润(SZ002055)$ 都说是价值投资，那就别盯着一两天的日线啊，前高月线8.8附近的平台，你们看看有多大量，这个月月线多大量，这几天不天地换手，量能哪来，st也不能不画线，看好就持有就完事了，天天跟这比跟那比能比出啥花来吗,5,8,0,17901,SZ002055,ST得润,雪球,https://xueqiu.com/4259867517/391698570,0,1,2026-07-08 16:25:30
391700337,8971337238,价值投资是个宝,2026-05-29 03:05:43,,$ST得润(SZ002055)$ 下午会不会跌停收盘？,7,3,0,10575,SZ002055,ST得润,雪球,https://xueqiu.com/8971337238/391700337,0,0,2026-07-08 16:25:30
391712179,1255983670,股海博弈投,2026-05-29 03:33:58,,$ST得润(SZ002055)$ 真羡慕，前三大客户翻了几倍了，为啥就传导不到你这，润啊润,13,2,0,13886,SZ002055,ST得润,Android,https://xueqiu.com/1255983670/391712179,0,0,2026-07-08 16:25:30
391712554,7069783343,垃圾堆里淘金豆豆,2026-05-29 03:34:56,,$ST得润(SZ002055)$ 别涨停，就慢慢洗筹码,0,0,0,11131,SZ002055,ST得润,Android,https://xueqiu.com/7069783343/391712554,0,0,2026-07-08 16:25:30
391716450,7104424653,st山顶资本,2026-05-29 03:45:30,,$ST得润(SZ002055)$ 这种 分时形态是最强，一路推土机。,1,1,0,8913,SZ002055,ST得润,雪球,https://xueqiu.com/7104424653/391716450,0,0,2026-07-08 16:25:28
391719219,7204187508,勇者计划,2026-05-29 03:55:38,,$ST得润(SZ002055)$ 卖不卖？卖的话怕它拉涨停，不卖的话怕它天地大面。,2,0,0,12026,SZ002055,ST得润,Android,https://xueqiu.com/7204187508/391719219,0,0,2026-07-08 16:25:28
391720085,1242055093,知行合一赚点米,2026-05-29 03:58:57,,$ST得润(SZ002055)$ 来，爸爸陪你玩儿,0,5,0,12158,SZ002055,ST得润,Android,https://xueqiu.com/1242055093/391720085,0,0,2026-07-08 16:25:28
391723340,3402666441,暗夜危机,2026-05-29 04:14:12,,准备挪一部分半导体，加仓$ST得润(SZ002055)$ ，,2,2,0,10859,SZ002055,ST得润,iPhone,https://xueqiu.com/3402666441/391723340,0,0,2026-07-08 16:25:28
391739378,9023088350,沧桑战神追随者,2026-05-29 05:26:45,,$ST得润(SZ002055)$ 即使你是庄也不是个好庄,2,0,0,8131,SZ002055,ST得润,Android,https://xueqiu.com/9023088350/391739378,0,0,2026-07-08 16:25:28
391744315,1758597514,用户1758597514,2026-05-29 05:41:27,,$ST得润(SZ002055)$ 赶紧下来吧别装了都在等着你下来再接回来呢,0,0,0,8654,SZ002055,ST得润,iPhone,https://xueqiu.com/1758597514/391744315,0,0,2026-07-08 16:25:28
391746156,9551457182,秦如许,2026-05-29 05:47:00,,$ST得润(SZ002055)$ 尾盘视情况再加，有心理阴影了,0,2,0,13286,SZ002055,ST得润,iPhone,https://xueqiu.com/9551457182/391746156,0,0,2026-07-08 16:25:28
391752777,9152354357,隐峰23,2026-05-29 06:04:16,,$ST得润(SZ002055)$这个鸟股最恶心的没有之一,0,2,0,9140,SZ002055,ST得润,Android,https://xueqiu.com/9152354357/391752777,0,0,2026-07-08 16:25:28
391763713,7204187508,勇者计划,2026-05-29 06:30:01,,$ST得润(SZ002055)$ 如果今日企稳，下周反攻，为防止尾盘偷袭，建议尾盘伺机而动,0,1,0,11515,SZ002055,ST得润,Android,https://xueqiu.com/7204187508/391763713,0,0,2026-07-08 16:25:28
391764428,2261449908,华灯初上夜未央,2026-05-29 06:31:36,,$ST得润(SZ002055)$ 咋回事，大盘跳水你跌又跌不下来,1,0,1,10414,SZ002055,ST得润,iPhone,https://xueqiu.com/2261449908/391764428,0,0,2026-07-08 16:25:28
391771654,7104424653,st山顶资本,2026-05-29 06:49:56,,$ST得润(SZ002055)$ 装了一天终于现原形啦。都套住了吧。,1,0,0,8837,SZ002055,ST得润,雪球,https://xueqiu.com/7104424653/391771654,0,0,2026-07-08 16:25:28
391773567,5942251592,简朴的金条小风车屋,2026-05-29 06:54:38,,$ST得润(SZ002055)$ 基本确实主力前2天天地板是对倒砸下来的，今天被证监会后台重点监控反倒没有任何动作了,3,0,0,9302,SZ002055,ST得润,Android,https://xueqiu.com/5942251592/391773567,0,1,2026-07-08 16:25:28
391774450,9685552060,中医世,2026-05-29 06:57:01,,$ST得润(SZ002055)$ 今天竟然没咋盘，差评,0,0,0,10756,SZ002055,ST得润,Android,https://xueqiu.com/9685552060/391774450,0,0,2026-07-08 16:25:28
391775043,7204187508,勇者计划,2026-05-29 06:58:29,,$ST得润(SZ002055)$ 好好好，砸尾盘的筹码被收了,0,5,0,14053,SZ002055,ST得润,Android,https://xueqiu.com/7204187508/391775043,0,0,2026-07-08 16:25:28
391776500,6646223493,A海宁皮草全国诚,2026-05-29 07:01:47,,$ST得润(SZ002055)$ 来吧里大神解释下这尾盘什么情况,12,0,0,13255,SZ002055,ST得润,iPhone,https://xueqiu.com/6646223493/391776500,0,0,2026-07-08 16:25:28
391776753,2261449908,华灯初上夜未央,2026-05-29 07:02:17,,$ST得润(SZ002055)$ 临近尾盘反而一堆人抢筹，准备水下低吸的没吸到,0,1,0,15488,SZ002055,ST得润,iPhone,https://xueqiu.com/2261449908/391776753,0,0,2026-07-08 16:25:28
391781350,1994972206,单纯的大白菜,2026-05-29 07:11:28,,$ST得润(SZ002055)$ 不想异动，也不想出龙虎吧，坏的一批,0,0,0,15877,SZ002055,ST得润,iPhone,https://xueqiu.com/1994972206/391781350,0,0,2026-07-08 16:25:28
391783277,1255983670,股海博弈投,2026-05-29 07:15:47,,$ST得润(SZ002055)$ 这主力能把人心态玩蹦,15,6,0,24023,SZ002055,ST得润,Android,https://xueqiu.com/1255983670/391783277,0,0,2026-07-08 16:25:28
391808042,5670927379,客观的财经敢死队,2026-05-29 08:53:14,,$ST得润(SZ002055)$ 尾盘成功把我洗出去了,2,0,0,16619,SZ002055,ST得润,iPhone,https://xueqiu.com/5670927379/391808042,0,0,2026-07-08 16:25:28
391811266,9059525332,ST金沙江,2026-05-29 09:09:05,得润建仓逻辑暨5月总结,5月被瑞瑞暴击，总收益被大幅拉低，有错就要认，挨打要立正，前面有深刻反思，这里不多讲，今天主要讲讲近期建仓得润的逻辑。从上周开始得润拉了6个板，引起了个人的关注，周二便查了很多资料，得出一些推断，现分享供大家参考：一、公司现有主营业务非常有前景。得润在2015年收购了Meta Sytem60%的股权，然后Meta每年都带来巨额亏损，连亏10年，累计亏损超20亿。眼看公司负担太重，快不行了，其在2024年剥离了Meta，剔除出表影响后，得润营收实际同比增长16.22%，扣非净利润实现了3664万元，成功扭亏为盈！说明它一定有一到多项赚钱的业务，那具体是什么业务呢？看财报：得润全年营收按产品线分就四项：精密连接器、家电连接组件、汽车电气系统和其他精密组件，其中利润总额最高的是精密连接器，主营利润4.58亿，占总利润接近一半，毛利率36.9%（图1）。那这个精密连接器是用在哪里的呢？财报中写的清清楚楚：“受益于AI算力基础实施部署加速，市场需求保持结构性增长”（图2）这两项信息结合来看，可以推断出：得润精密连接器产品技术含量很高，市场竞争力强（否则毛利不会这么高），且会爆发式增长（得益于AI算力基础建设的爆发）。二、公司精密连接业务正在爆量。鹤山得润总投资约20亿元在鹤山建厂，分三期，其中第一期是做汽车电气系统，2025年实际营收10.5亿，第二期做的就是高毛利的精密连接器业务，2024年9月正式投产，现正处于产能爬坡阶段，25年仅该基地实际产能3.04亿，预计26年产能提升到8亿。第三期是做AI服务器和车载高速连接器，还未动工，但土地产权已预留。从上述信息，可以推断出：得润精密连接器业务正在快速保量。三、公司可能被顺德国资举牌。（审核宝宝，我说的是可能，不存在造谣）2024年顺德国资顺控集团以34.5个亿收购了世运电路25.9%股权，成为控股股东，原实控人畲英杰获得了巨额现金的同时，保留了世运电路总经理职位，继续掌控经营实权。这个世运电路是做什么的？它是全球顶级车规级PCB供应商，而得润又是国内领先的汽车连接器、车载线束厂商，两者产业完全无缝协同，完全可形成一体化的解决方案。实际上，它俩的主要工厂都在鹤山，且仅15分钟车程（图3）。接下来，重点来了：与顺德国资有密切合作关系的畲族英杰在25年底成立了顺益亚太，然后紧接着在今年3月，顺益亚太以现金增资方式控股了柏拉蒂，前面说了，世运电路与得润的汽车连接器产业完全协同，那为什么不是世运电路控股柏拉蒂而是一个刚成立的空壳公司呢？因为世运电路是国资，得润又是一个S T公司，与它直接交易不符合风控要求，需要顺益在中间做风险隔离！接下来完全有理由推断：顺德国资为了整合上下游产业链，打造PCB+连接器一体化方案，提升自身议价能力，可能举牌得润，这也完全符合顺德国资打造千亿电子信息产业集群的目标。当前主营在最热门的领域（AI算力零部件），正在爆量路上（AI算力建设爆发式增长），更换到国资实控人预期（当前无实控人且十大股东持股比例很低），你说这样的股吸不吸引人？个人连买了3天，前两天吃了两个准天地板，但对这样基本面非常优秀的高价值股，还是非常有信心（图4）！最后，期待6月，祝大家6月大赚！$ST得润(SZ002055)$,20,35,0,63754,SZ002055,ST得润,iPhone,https://xueqiu.com/9059525332/391811266,0,18,2026-07-08 16:25:26
391842233,8169906877,格雷迪3513,2026-05-29 12:32:43,,$ST得润(SZ002055)$ 这次必须要捂住，管你怎么折腾，基本面只会持续向好，长期主义必胜！！！,4,8,0,14035,SZ002055,ST得润,iPhone,https://xueqiu.com/8169906877/391842233,0,0,2026-07-08 16:25:26
391844592,1818848733,龙虎豹999,2026-05-29 12:51:42,,$ST得润(SZ002055)$ 看到隔壁说 收盘竞价幸亏挂了跌停，优先成交.我真心不敢反驳,19,4,0,12111,SZ002055,ST得润,雪球,https://xueqiu.com/1818848733/391844592,0,0,2026-07-08 16:25:26
391886565,5739837894,厚道的股指小好学,2026-05-29 23:22:41,,$ST得润(SZ002055)$ 昨晚戴尔科技狂涨，得润下周一也会大涨,1,2,0,8343,SZ002055,ST得润,Android,https://xueqiu.com/5739837894/391886565,0,0,2026-07-08 16:25:26
391893431,9386663305,飞机场的9点半,2026-05-30 01:22:23,,$ST得润(SZ002055)$ 其实我是想买的，这个公司我自己很熟悉，40多亿完全是侮辱他的规模。周末继续挖掘的工作吧。,3,2,0,17001,SZ002055,ST得润,iPhone,https://xueqiu.com/9386663305/391893431,0,0,2026-07-08 16:25:26
391894512,2055847415,红中老大耍的好,2026-05-30 01:35:29,,$ST得润(SZ002055)$ 2024年10月的6块多买过，9块多没卖坐了一轮过山车跌到4块多，后面25年7月的7块多卖了。再后面就是今年1月初的6块买了，一直到5月29号，今天做个记录，前两天的天地板让许多人觉得像出货，我反而觉得这个是暴力洗盘，不要慌，技术回调。都以身入局了，买定离手。昨天还收红了3.64%，更像是他们说的培养天地板的习惯，震下短线博弈的资金，朱力在寻找像我这种中长期不操作的锁仓资金或韭菜陪它长跑。锁仓了，顶多就技术回调（跌5%-10%-20%-30%），要不就大涨牛归（1%）。今年得润的基本面预期比24和25年好多了，一切向好，后面再看基本面情况再说了。（起不来当我没说，6块以下加仓，从头再来）,0,2,0,19522,SZ002055,ST得润,Android,https://xueqiu.com/2055847415/391894512,0,1,2026-07-08 16:25:26
391902287,5942251592,简朴的金条小风车屋,2026-05-30 03:09:24,,$ST得润(SZ002055)$ 从它现有产品结构看来它唯一的护城河就是intel cpu socket，特别是6.2-6.5的台北电脑展发布的桌面级lga1954cpu socket，这个接口intel说要用三代，搭上aipc浪潮这一代产品市占才是最重要的,26,3,0,25096,SZ002055,ST得润,Android,https://xueqiu.com/5942251592/391902287,0,1,2026-07-08 16:25:26
391904697,8350436748,没有就等,2026-05-30 03:38:15,,$ST得润(SZ002055)$ 本周连续两天的天地板，隔天居然都能红开，这已经把它的股性和其他所有ST股区分开了。本人关注了很多长期做ST的行家都不关注得润，因为得润既不属于重整重组股权方向，也不属于低位挖坑后的连板妖股方向。得润短期只是基于基本面的题材炒作，但这就是预期差。后续跟随走势再来慢慢拆解。,2,4,0,22430,SZ002055,ST得润,Android,https://xueqiu.com/8350436748/391904697,0,1,2026-07-08 16:25:26
391904726,3850339348,黑马挖掘机2024,2026-05-30 03:38:35,,回复@股海博弈投: 2022 年$英特尔(INTC)$ 自己都是半死不活的状态，$ST得润(SZ002055)$ 肯定炒作不起来。但是今年不一样了，英特尔重生了，cpu 在推理中心的用量大幅增加，这就是得润的行业贝塔查看图片//@股海博弈投:回复@简朴的金条小风车屋:不是1851吗？还有Ddr5和预研的Ddr6以及112G高速背板都是预期啊，高速背板目前就64G的，后面能跟上就有预期，还有这波炒作不就是ai应用中gpu和cpu的占比和18A的更新换代以及客户中cpu大幅增长有关，与你说的护城河没多大关系，22年就是唯一英特尔认证了，也没炒作起来，前几个月也没动,1,11,0,35754,SZ002055,ST得润,iPhone,https://xueqiu.com/3850339348/391904726,0,0,2026-07-08 16:25:26
391905157,1255983670,股海博弈投,2026-05-30 03:43:44,,回复@黑马挖掘机2024: ，我感觉这几天的天地板不是一股资金，有专做St的资金，还有炒英特尔受益供应商的主板资金，还有债转股无形大手的资金，40亿的盘子，三天成交都接近一大半市值了//@黑马挖掘机2024:回复@股海博弈投:2022 年$英特尔(INTC)$ 自己都是半死不活的状态，$ST得润(SZ002055)$ 肯定炒作不起来。但是今年不一样了，英特尔重生了，cpu 在推理中心的用量大幅增加，这就是得润的行业贝塔查看图片,0,4,0,28919,SZ002055,ST得润,Android,https://xueqiu.com/1255983670/391905157,0,0,2026-07-08 16:25:26
391914323,6777140022,平静的升值小观星者,2026-05-30 05:58:51,,$ST得润(SZ002055)$ 不懂技术，单纯觉得周一能涨,2,0,0,12202,SZ002055,ST得润,Android,https://xueqiu.com/6777140022/391914323,0,0,2026-07-08 16:25:26
391917122,9906729923,心中之神q,2026-05-30 06:46:58,,内存爆了可以插美光，CPU爆了可以插英特尔，PC爆了可以插戴尔。润润就是无数男人的梦，是一把万能钥匙，想插谁插谁，和谁都有你知我长短，我懂你深浅的默契兄弟们，拥有润润你便拥有一张无插别体验卡，你们值得拥有中国军号都说，D055是中国海军最锋利的剑，还有谁是055不敢插，不能插的？美国的洋妞也不会例外还有谁？$ST得润(SZ002055)$,12,9,0,22051,SZ002055,ST得润,Android,https://xueqiu.com/9906729923/391917122,0,1,2026-07-08 16:25:26
391927727,8247993686,八十万韭菜总教头,2026-05-30 09:38:53,,$ST得润(SZ002055)$又来学习了，转自雪球股友中线逻辑派观点，我不分析，我只是搬运工，说的是戴尔，应该可以举一反三吧。认为重要的，红色标记了，具体自行判断。,16,19,0,24058,SZ002055,ST得润,Android,https://xueqiu.com/8247993686/391927727,0,1,2026-07-08 16:25:26
391970583,2467573735,赏心乐事休辜负,2026-05-31 03:56:19,,$ST得润(SZ002055)$ 看这走势，下周一又是买不进吧,3,1,0,11458,SZ002055,ST得润,Android,https://xueqiu.com/2467573735/391970583,0,0,2026-07-08 16:25:26
391972887,9893519097,龙马精神2526,2026-05-31 04:33:53,,$ST得润(SZ002055)$ 你还别说，周五的分时图还挺对称的,0,0,0,12683,SZ002055,ST得润,Android,https://xueqiu.com/9893519097/391972887,0,0,2026-07-08 16:25:26
391983726,8247993686,八十万韭菜总教头,2026-05-31 07:49:39,,$ST得润(SZ002055)$小伙伴们，又来学习了，搬运一个图，得润供货戴尔，还是得润的第一大客户，这应该是实锤的。举一反三，联想业绩大涨，得润也是获益的。图片说了啥，来个英语8级的翻译一下，不行大家就自己问豆包。,36,13,0,46173,SZ002055,ST得润,Android,https://xueqiu.com/8247993686/391983726,0,3,2026-07-08 16:25:26
391984837,6219951047,老王要搞事,2026-05-31 08:07:45,,$ST得润(SZ002055)$ 分歧巨大，不好弄,1,0,0,13713,SZ002055,ST得润,Android,https://xueqiu.com/6219951047/391984837,0,0,2026-07-08 16:25:26
391987642,7495151652,浮云弱梦,2026-05-31 08:53:33,,回复@股海博弈投: 最好是现在朦朦胧胧，留着等股价上20.88元时憋不住了再承认$ST得润(SZ002055)$//@股海博弈投:回复@正心正念A:董秘不承认呢,0,2,0,12814,SZ002055,ST得润,iPhone,https://xueqiu.com/7495151652/391987642,0,0,2026-07-08 16:25:26
391991078,1255983670,股海博弈投,2026-05-31 09:45:36,,$ST得润(SZ002055)$ 得润电子高速连接器（戴尔+联想+惠普）营收明细（2025年，最新券商测算+公司口径）一、整体基数- 得润2025总营收：45.05亿元- 精密连接器（含高速CPU Socket/DDR5/PCIe）总营收：12.42亿元（占27.58%）- 其中戴尔+联想+惠普高速连接器（PC/服务器CPU Socket为主）：属于精密连接器里的消费电子+服务器高速业务，戴尔为主、联想/惠普为辅二、分口径营业额（2025年）1. 狭义：服务器/AI高速连接器（仅服务器端）- 整体服务器/AI高速连接器营收：约0.4–0.5亿元（公司公告：占总营收＜1%）- 其中戴尔占大头，联想、惠普为辅：- CPU Socket（三大客户核心）：0.25–0.35亿元（占服务器高速业务60%+）- DDR5、PCIe高速缆：剩余部分2. 广义：含高端PC高速连接器（戴尔+联想+惠普全部CPU Socket/DDR5供货）券商测算：三大客户合计约7–8亿元，占精密连接器12.42亿的60%+- 结构拆分（市场一致估算）：1. 戴尔：约4.5–5亿元（第一大高速连接器客户，服务器+PC双供货）2. 联想：约1.8–2亿元（Intel PC+服务器CPU Socket）3. 惠普：约0.7–1亿元（PC端为主，服务器小批量）三、2026年展望（公司指引）2026年AI+服务器放量，三大客户高速连接器营收预计翻倍增长，整体精密连接器中三大客户占比将进一步提升。戴尔占了近一半营收,10,10,1,35037,SZ002055,ST得润,Android,https://xueqiu.com/1255983670/391991078,0,4,2026-07-08 16:25:26
392004527,6478796599,实用的涨幅小螺旋,2026-05-31 13:04:38,,$ST得润(SZ002055)$ 已经看见好几个所谓价值投资的大v在关注得润，这里不说基本面，和价值投资的逻辑，其实不管是短线还是长线，都是融会贯通的，好的价值票有逻辑的，它在盘面表现，也一定是强势的，连续两天天地板，第二天竞价依然是红盘开，这里不是小散以及什么大v能够左右的，都是主力大动作，在这个位置两个地板筹码已经整合的差不多了，周五的走势也是预期当中的没有继续下杀，尾盘抢的就是太明显了点，,1,5,0,24263,SZ002055,ST得润,Android,https://xueqiu.com/6478796599/392004527,0,0,2026-07-08 16:25:24
392037878,1255983670,股海博弈投,2026-06-01 01:31:22,,$ST得润(SZ002055)$ 你又来那一套,6,7,0,15581,SZ002055,ST得润,Android,https://xueqiu.com/1255983670/392037878,0,0,2026-07-08 16:25:24
392038095,7800901111,南迦巴瓦888,2026-06-01 01:31:53,,$ST得润(SZ002055)$ 不会再来天地嘛,2,0,0,11409,SZ002055,ST得润,雪球,https://xueqiu.com/7800901111/392038095,0,0,2026-07-08 16:25:24
392049256,7204187508,勇者计划,2026-06-01 01:55:08,,$ST得润(SZ002055)$ 虽然老庄以天地板战法而闻名遐迩，我却是一点也不敢卖，余素知彼所图甚远。,1,3,0,11470,SZ002055,ST得润,Android,https://xueqiu.com/7204187508/392049256,0,0,2026-07-08 16:25:24
392049912,1180619450,crhu,2026-06-01 01:56:31,,$ST得润(SZ002055)$ 早上谁砸开了涨停， 慌不择路的跑了。 NND,1,0,0,9925,SZ002055,ST得润,雪球,https://xueqiu.com/1180619450/392049912,0,0,2026-07-08 16:25:24
392051007,5498037385,有无低估市场说的算,2026-06-01 01:59:15,,$ST得润(SZ002055)$ 好多人筹码被骗了，今年年涨幅才13%有啥好怕的,0,1,0,9363,SZ002055,ST得润,Android,https://xueqiu.com/5498037385/392051007,0,0,2026-07-08 16:25:24
392054749,1682315671,一套房子,2026-06-01 02:07:51,,$ST得润(SZ002055)$ 没人吹票，结果自发走的最强,5,1,0,10101,SZ002055,ST得润,Android,https://xueqiu.com/1682315671/392054749,0,0,2026-07-08 16:25:24
392062316,7104424653,st山顶资本,2026-06-01 02:27:03,,$ST得润(SZ002055)$ 刚开板 被洗走了半仓。,0,3,0,8353,SZ002055,ST得润,雪球,https://xueqiu.com/7104424653/392062316,0,0,2026-07-08 16:25:24
392063537,7800901111,南迦巴瓦888,2026-06-01 02:30:06,,$ST得润(SZ002055)$ 要是能复制京蓝 就好了,0,0,0,11041,SZ002055,ST得润,雪球,https://xueqiu.com/7800901111/392063537,0,0,2026-07-08 16:25:24
392064611,1390686385,张扬1579,2026-06-01 02:32:57,,$ST得润(SZ002055)$ 烂板出妖 这一波得润老庄新庄终于达成共识了 妖味浓郁了,0,0,0,9219,SZ002055,ST得润,Android,https://xueqiu.com/1390686385/392064611,0,0,2026-07-08 16:25:24
392071181,7104424653,st山顶资本,2026-06-01 02:49:15,,$ST得润(SZ002055)$ 还是套起来舒服。,3,0,0,10146,SZ002055,ST得润,雪球,https://xueqiu.com/7104424653/392071181,0,0,2026-07-08 16:25:24
392073638,1221939802,君可知命否,2026-06-01 02:55:06,,$ST得润(SZ002055)$ 我走了，主力你看着办,0,0,0,10099,SZ002055,ST得润,雪球,https://xueqiu.com/1221939802/392073638,0,0,2026-07-08 16:25:24
392074382,2261449908,华灯初上夜未央,2026-06-01 02:56:52,,$ST得润(SZ002055)$ 走势太差了，今天进的被坑了,0,0,0,12306,SZ002055,ST得润,iPhone,https://xueqiu.com/2261449908/392074382,0,0,2026-07-08 16:25:24
392081732,5052290299,雪球彬,2026-06-01 03:15:30,,$ST得润(SZ002055)$ $华勤技术(SH603296)$ aipc 集体高潮了，再洗小心筹码丢了,0,5,0,14233,SZ002055,ST得润,Android,https://xueqiu.com/5052290299/392081732,0,0,2026-07-08 16:25:24
392088978,9578506873,牵起你的手哟,2026-06-01 03:36:15,,中医大哥，ST得润帮忙看下,5,1,0,12029,SZ002055,ST得润,iPhone,https://xueqiu.com/9578506873/392088978,0,0,2026-07-08 16:25:24
392094483,5498037385,有无低估市场说的算,2026-06-01 03:59:57,,$ST得润(SZ002055)$ ，这是年线,2,0,0,10219,SZ002055,ST得润,Android,https://xueqiu.com/5498037385/392094483,0,0,2026-07-08 16:25:24
392102205,5942251592,简朴的金条小风车屋,2026-06-01 04:53:38,,$ST得润(SZ002055)$ 宇树今天高光时刻,0,1,0,10499,SZ002055,ST得润,Android,https://xueqiu.com/5942251592/392102205,0,0,2026-07-08 16:25:24
392112204,3996244241,与优秀企业同行,2026-06-01 05:39:08,,$ST得润(SZ002055)$ 股权协议转让啥时候出公告？,0,0,0,12691,SZ002055,ST得润,雪球,https://xueqiu.com/3996244241/392112204,0,0,2026-07-08 16:25:24
392115982,1917638212,我是个匿名用户-,2026-06-01 05:53:07,,$ST得润(SZ002055)$ 这是干啥的公司，怎么涨停板一堆我看都没看过的公司，这股怎么这么妖,1,0,0,11823,SZ002055,ST得润,Android,https://xueqiu.com/1917638212/392115982,0,0,2026-07-08 16:25:24
392116826,1818848733,龙虎豹999,2026-06-01 05:56:02,,$ST得润(SZ002055)$ 老大 今天是豹子啊 多吉祥，守住啊,0,1,0,9101,SZ002055,ST得润,雪球,https://xueqiu.com/1818848733/392116826,0,0,2026-07-08 16:25:24
392117779,9906729923,心中之神q,2026-06-01 05:59:33,,$ST得润(SZ002055)$ 不能每天都结婚拜天地吧夜夜新郎谁受得鸟烂板后接一字板，让做T的永远上不了🚚，主力有没有这么坏,4,2,0,12094,SZ002055,ST得润,Android,https://xueqiu.com/9906729923/392117779,0,0,2026-07-08 16:25:23
392131368,3948743971,此人可能长期离线,2026-06-01 06:45:05,,$ST得润(SZ002055)$ 强中强，主力都不需要顶了，已经没什么散户卖了,0,1,0,9526,SZ002055,ST得润,iPhone,https://xueqiu.com/3948743971/392131368,0,0,2026-07-08 16:25:23
392132141,3948743971,此人可能长期离线,2026-06-01 06:47:33,,$ST得润(SZ002055)$ 看似弱，实则超强，烂板妖王,0,5,0,10451,SZ002055,ST得润,iPhone,https://xueqiu.com/3948743971/392132141,0,0,2026-07-08 16:25:23
392133228,7104424653,st山顶资本,2026-06-01 06:50:38,,$ST得润(SZ002055)$ 买盘强大，砸多少买多少。,2,0,0,11849,SZ002055,ST得润,雪球,https://xueqiu.com/7104424653/392133228,0,0,2026-07-08 16:25:23
392135526,5498037385,有无低估市场说的算,2026-06-01 06:58:01,,$ST得润(SZ002055)$ 越来越像京蓝了,0,0,0,11957,SZ002055,ST得润,Android,https://xueqiu.com/5498037385/392135526,0,1,2026-07-08 16:25:23
392157869,4850557927,山古之人,2026-06-01 08:23:45,,$ST得润(SZ002055)$ 真的无语了，DDR5连接器：设计产能7亿支/年，这都是哪些坏人喂给AI 的。真有这么多，今年估计营收有100亿了，真的是无脑的人啊,10,6,0,16589,SZ002055,ST得润,雪球,https://xueqiu.com/4850557927/392157869,0,0,2026-07-08 16:25:23
392169242,0,ST得润(SZ002055),2026-06-01 09:16:04,,ST得润：关于公司提起诉讼的进展公告 网页链接,21,8,0,28894,SZ002055,ST得润,公告,https://xueqiu.com/S/SZ002055/392169242,0,0,2026-07-08 16:25:23
392172831,1505804711,修心谨言wy,2026-06-01 09:35:03,,$ST得润(SZ002055)$ 鹤山市得润电子科技有限公司实图,0,16,2,16285,SZ002055,ST得润,Android,https://xueqiu.com/1505804711/392172831,0,0,2026-07-08 16:25:23
392192327,8486540964,我是夹头哥,2026-06-01 11:41:41,,$ST得润(SZ002055)$ 明天给不给底板，倒是个加仓的好机会,7,1,0,11921,SZ002055,ST得润,Android,https://xueqiu.com/8486540964/392192327,0,0,2026-07-08 16:25:23
392200834,7495151652,浮云弱梦,2026-06-01 12:43:50,,$ST得润(SZ002055)$ 鹤山市得润电子科技有限公司实图//@浮云弱梦:转发,0,1,0,9279,SZ002055,ST得润,iPhone,https://xueqiu.com/7495151652/392200834,0,0,2026-07-08 16:25:23
392208375,7920402174,伊兰蒂儿,2026-06-01 13:32:41,,$ST得润(SZ002055)$ 这是一个实质性的利空（钱没了），但因为提前计提过，所以不会导致更大的恐慌。主要影响是短期情绪受挫，明天的走势很关键，看资金是“恐慌出逃”还是“利空出尽博弈反弹”。,6,6,0,14656,SZ002055,ST得润,Android,https://xueqiu.com/7920402174/392208375,0,2,2026-07-08 16:25:23
392220704,3850339348,黑马挖掘机2024,2026-06-01 14:39:07,,$ST得润(SZ002055)$ 目前的优势是针对英特尔 cpu 的千针以上级别的 socket。同样，CPO共封装光学也是未来 ai 服务器的发展趋势，而 Socket连接器在CPO共封装光学中是必须的关键产品，得润电子的 socket 连接器如果能突破该领域，那就真的是未来的十倍股了！网页链接,2,35,1,44507,SZ002055,ST得润,iPhone,https://xueqiu.com/3850339348/392220704,0,3,2026-07-08 16:25:23
392225504,6549060841,韭菜想炒股致富,2026-06-01 15:12:42,,$ST得润(SZ002055)$ 一帮连诉讼公告都看不懂的韭菜，今天走势已经说明一切，这个诉讼难道主力不知道吗？搞笑，还当作利空，没上车的人为了筹码想疯了,0,4,0,12909,SZ002055,ST得润,iPhone,https://xueqiu.com/6549060841/392225504,0,0,2026-07-08 16:25:23
392232044,9021157801,悠悠子矜,2026-06-01 16:27:16,,$ST得润(SZ002055)$ ST得润是否供货戴尔和联想？网页链接,0,3,0,8723,SZ002055,ST得润,Android,https://xueqiu.com/9021157801/392232044,0,0,2026-07-08 16:25:23
392243968,6777140022,平静的升值小观星者,2026-06-01 22:10:01,,$ST得润(SZ002055)$ 戴尓又大涨，得润应该还能向上冲,1,8,0,8490,SZ002055,ST得润,Android,https://xueqiu.com/6777140022/392243968,0,0,2026-07-08 16:25:23
392254554,8971337238,价值投资是个宝,2026-06-02 00:45:30,,$ST得润(SZ002055)$ 这个时候需要人出来唱唱多啊，各位大神不会是昨天都卖了吧，今天怎么没声音了。,3,0,0,7955,SZ002055,ST得润,雪球,https://xueqiu.com/8971337238/392254554,0,0,2026-07-08 16:25:23
392266139,1018946409,馒头大米饭,2026-06-02 01:35:46,,$ST得润(SZ002055)$ 一个已知的事件威力还挺大,0,1,0,5699,SZ002055,ST得润,Android,https://xueqiu.com/1018946409/392266139,0,0,2026-07-08 16:25:23
392269095,1758597514,用户1758597514,2026-06-02 01:42:07,,$ST得润(SZ002055)$ 这个股主力就是下贱就是要人撸它一天不抽它浑身不爽,0,0,0,4788,SZ002055,ST得润,iPhone,https://xueqiu.com/1758597514/392269095,0,0,2026-07-08 16:25:23
392269161,4930071438,晒太阳1234,2026-06-02 01:42:16,,$ST得润(SZ002055)$ 老师们吹太猛了,2,0,0,5864,SZ002055,ST得润,Android,https://xueqiu.com/4930071438/392269161,0,0,2026-07-08 16:25:23
392273394,4850557927,山古之人,2026-06-02 01:50:25,,$ST得润(SZ002055)$ 全是散户在买，感觉玩坏了,0,0,0,5157,SZ002055,ST得润,雪球,https://xueqiu.com/4850557927/392273394,0,0,2026-07-08 16:25:23
392276549,2055847415,红中老大耍的好,2026-06-02 01:55:54,,$ST得润(SZ002055)$ 面对一只股票后续走势超出了自己原有的规划，应该怎么办错误方法：认真分析为什么会犯错，总结经验，防止以后类似事情发生，立足眼前，看看有什么方法能够补救正确方法：“立贴为证，一会必跳水”“一会就跌停了”“这票怎么还有人买”“主力都出货了，还买呢”通过反复刷类似的话，举行神秘仪式，使股价回到自己的原本规划的走势,0,2,0,9041,SZ002055,ST得润,Android,https://xueqiu.com/2055847415/392276549,0,0,2026-07-08 16:25:21
392278101,2079722276,穗安丰禾,2026-06-02 01:58:42,投资日记：深度解析双 ST 硬科技标的 —— 风险出清，低估反转机会显现,日期：2026 年 06 月 02 日 标的：ST 得润（002055） 核心结论前置：非退市高危股，双 ST 为历史遗留问题 + 短期经营承压；AI 高速连接器 + 汽车电子主业硬核，绑定英伟达、英特尔核心供应链；当前推进国资产业资本入局 + 控制权变更 + 债务重组，无破产风险；最快 2027 年 Q2 摘帽，概率 70%-80%；目前估值仍处洼地，适合小仓位中长期博弈，严禁重仓押注近期持续跟踪该股，市场很多人被 “ST” 标签误导，盲目判定为垃圾退市股。深度复盘所有公告、财务数据与资本运作进展后，彻底理清核心逻辑：风险是过去式的历史包袱，机会是高景气赛道的价值反转。全文基于公开数据客观分析，仅作个人投资记录，不构成任何投资建议。一、深度厘清：双重 ST 成因，彻底排除退市风险很多散户最大误区：把 ST 等同于即将退市。但该股的戴帽逻辑完全是 “被动背锅”，无任何即时退市风险。1、双重 ST 具体成因第一重 ST（2026 年 01 月 06 日）：历史财务造假，与当前经营无关 2020-2022 年原实控人邱建民违规操作，虚构回款 5.34 亿、少计减值 4.43 亿，属于过往历史违规问题，2026 年已出具正式处罚决定书，违规事项彻底落地定性，不存在新增违法风险。第二重（2026 年 04 月 29 日）：阶段性经营亏损 + 审计非标 2023-2025 年连续三年扣非亏损，叠加审计报告标注 “持续经营重大不确定性”，触发经营类风险警示。核心原因是过往债务压力、治理混乱拖累业绩，并非主业盈利能力崩塌。2、退市风险：基本为 0，无需恐慌当前仅为ST 风险警示，并非 * ST，不触发 A 股任何强制退市条款；2025 年末公司净资产约 14 亿，持续为正，不存在资不抵债、破产清算的基础条件；核心主业订单持续增长、高端连接器产能稳步释放，核心资产优质、经营持续运转。一句话总结：这是一只被历史黑料和短期困境错杀的硬科技标的，无实质性退市危机。二、基本面复盘：赛道顶级、主业硬核，业绩拐点已现抛开 ST 滤镜，公司主营业务含金量，在消费电子、汽车电子、AI 算力硬件赛道中，属于第一梯队水平，也是资本愿意入局博弈的核心底气。1、三大核心主营业务（高景气、大客户绑定）传统消费电子连接器：家电连接器市占率稳居行业前列，Type-C 快充解决方案成熟稳定，长期深度合作美的、格力、富士康等行业龙头，基本盘稳固。新能源汽车电子：聚焦车载高压线束、800V 高压平台充电机核心产品，成功切入比亚迪、理想、保时捷、大众等主流车企供应链，充分受益新能源汽车高压化升级趋势。AI 高速连接器（最大核心亮点）： 国内唯一、全球仅 3-4 家同时拿下英特尔 CPU Socket+DDR5 连接器双重认证的企业，目前已实现小批量供货；同时是英伟达算力服务器高速连接器核心供应商，112G 高速背板产品顺利通过测试，深度绑定 AI 算力硬件核心产业链。业绩端已明确兑现：2025 年精密连接器营收 12.42 亿，同比增长 18.73%，毛利率高达 36.91%，远高于传统业务，高端高毛利业务正在成为营收主力。2、2025 核心财务数据（拐点明确，主业已盈利）总营收：45.05 亿，稳居行业前列，营收体量扎实；归母净利：-2500 万～-4000 万，亏损源于诉讼、处罚等一次性计提，非经营亏损；扣非净利：+2800 万～+4000 万（正式转正），核心主业已经实现盈利，困境反转信号明确；资产负债率 68%-73%，整体偏高，短期刚性负债 22 亿，逾期债务 11.25 亿，是当前最大压制；货币资金 3.8 亿，无实质性债务违约，资金链整体可控。3、当前两大核心短板（也是唯一风险点）债务压力承压：11.25 亿逾期债务尚未落地解决，持续产生利息损耗，压制利润释放；公司治理真空：原实控人邱建民持股 5.68% 且全部质押冻结，已辞职并被市场禁入 5 年；前十大股东最高持股不足 3%，长期处于无实控人状态，决策效率受限。三、资本运作拆解：无破产重整，隐性重组大戏持续落地重点纠正市场误区：公司没有法院预重整、没有破产重整，净资产为正、经营正常，完全不满足破产条件。当前正在推进的是：控制权变更 + 债务重组 + 国资产业资本入局的隐性深度重组，也是未来估值修复的核心催化剂。2026 年关键核心进展（全部落地可查）核心优质资产被顺德系锁定（2026 年 02 月） 公司核心子公司柏拉蒂电子（车载线束、汽车连接器核心优质资产）完成增资，顺益亚太（世运电路创始人畲英杰旗下主体）出资 1.2 亿，斩获 45.25% 股权，成为子公司二股东。 背景：世运电路为顺德国资（顺控集团）控股企业，是特斯拉 PCB 龙头企业，与公司的连接器、车载线束业务形成完美产业链互补，产业协同价值极高。控股权司法拍卖紧急撤回（2026 年 04 月 18 日） 原定于 4 月 20-21 日开拍的原实控人质押股权，被债权人集体撤回。市场核心共识：并非无人接盘，而是放弃公开拍卖，转为协议转让，规避优质控股权被游资无序拍走，大概率定向转让给顺德系产业资本。债务重组稳步推进 11.25 亿逾期债务，目前所有债权人已达成共识，暂停司法拍卖、强制执行，全面推进债务和解、展期、债转股谈判。核心逻辑：公司 AI、汽车电子核心资产稀缺，清算价值极低，重组盘活后价值翻倍，债权人最优解是和解重组而非清算。资本运作核心结论2026 年下半年 - 2027 年上半年为关键窗口期，顺德系、世运电路大概率成为最终实控方。一旦落地，将彻底解决无实控人、治理混乱、债务压力三大核心问题，实现治理修复、债务减负、产业链协同、业绩释放四重利好。四、摘帽时间、条件与概率精准预判双重 ST 需要同时消除历史造假警示 + 经营非标警示，摘帽条件、时间线非常清晰，无模糊空间。1、摘帽必备三大条件（缺一不可）历史造假 ST 消除：2026 年 03 月 27 日处罚决定书生效，满 12 个月即可申请，2027 年 03 月 27 日后满足条件；经营 ST 消除：2026 年全年扣非净利润为正，且年度审计报告无持续经营非标意见；公司内控整改全部完成，无新增违规、诉讼风险。2、明确时间线2026 年：绝对无法摘帽（处罚时间未满 12 个月，硬性规则限制）；最快摘帽窗口：2027 年 Q2（3 月底达标后提交申请，4-6 月获批摘帽）；稳妥落地窗口：2027 年中报之后。3、摘帽综合概率：70%-80%（偏高）利好支撑：2025 年扣非净利已转正，主业盈利逻辑确认；AI 高速连接器、汽车电子赛道高景气，订单持续落地；顺德系国资入局后，治理、经营、风控将全面优化，保障 2026 年业绩稳健；潜在风险：债务重组谈判延期、2026 年业绩波动不及预期、审计非标延续。五、估值与交易策略：估值仍有空间，小仓位博弈最佳1、当前估值（2026 年 06 月 02 日）今日股价7.38 元，总市值约 45 亿元。对比同赛道连接器龙头，标的依旧存在明显估值洼地：鼎通科技：连接器营收 15.88 亿，市值 380 亿，市销率 23.9 倍；华丰科技：连接器营收 25.28 亿，市值 650 亿，市销率 25.7 倍；该股：连接器营收 37.6 亿（远超上述两家），市值仅 45 亿，市销率依旧处于低位。股价虽有所上涨，但受 ST 标签、历史包袱、治理问题压制，估值修复空间依然充足。2、风险收益比清晰测算乐观场景（摘帽 + 国资入主 + 业绩兑现）：目标价 10-12 元，上涨空间可观；中性场景（顺利摘帽，业绩稳步修复）：目标价 7-8 元，区间震荡上行；悲观场景（债务谈判破裂、摘帽失败）：股价下探 3-4 元，回撤空间较大。六、最终复盘总结这是 A 股典型的错杀反转标的：表面是双 ST 风险股，实则是被历史造假、短期债务、治理问题拖累的硬核科技企业。核心逻辑一句话概括：历史包袱可控、退市风险归零、主业赛道顶级、估值仍有修复空间、国资重组可期。短期波动必然剧烈，但中长期反转确定性偏高。操作核心：不贪暴利、不重仓博弈、耐心持有，等待 2026 下半年资本运作落地、2027 年摘帽估值修复。免责声明：本文仅为个人投资分析记录，不构成任何投资建议，股市有风险，投资需谨慎#ST得润 # #鼎通科技# #华丰科技 #,0,2,0,9925,SZ002055,ST得润,雪球,https://xueqiu.com/2079722276/392278101,0,2,2026-07-08 16:25:21
392281311,1255983670,股海博弈投,2026-06-02 02:04:51,,$ST得润(SZ002055)$ 高位加仓，一把输光，再好的股也要谨慎Mmp,11,4,0,9058,SZ002055,ST得润,Android,https://xueqiu.com/1255983670/392281311,0,0,2026-07-08 16:25:21
392282221,1066817461,wei587,2026-06-02 02:06:33,,$ST得润(SZ002055)$ 至少再两个跌停,6,1,0,6238,SZ002055,ST得润,iPhone,https://xueqiu.com/1066817461/392282221,0,0,2026-07-08 16:25:21
392282882,8486540964,我是夹头哥,2026-06-02 02:07:49,,$ST得润(SZ002055)$ 是暴力洗盘吗,4,0,0,5651,SZ002055,ST得润,Android,https://xueqiu.com/8486540964/392282882,0,0,2026-07-08 16:25:21
392282938,4202117770,短中长线卧倒选手,2026-06-02 02:07:56,,太帅了兄弟，你说的话很有信服力$ST得润(SZ002055)$查看图片,5,4,0,6118,SZ002055,ST得润,iPhone,https://xueqiu.com/4202117770/392282938,0,0,2026-07-08 16:25:21
392286061,7069783343,垃圾堆里淘金豆豆,2026-06-02 02:14:26,,$ST得润(SZ002055)$ 今日走势预测 地天板！,4,2,0,9171,SZ002055,ST得润,Android,https://xueqiu.com/7069783343/392286061,0,0,2026-07-08 16:25:21
392286963,5778049813,A老中医,2026-06-02 02:16:23,,$ST得润(SZ002055)$ 看好德润2026的困境反转，否极泰来。债务的处置完成，加快进程,0,2,0,6062,SZ002055,ST得润,雪球,https://xueqiu.com/5778049813/392286963,0,0,2026-07-08 16:25:21
392290178,6852018611,牛股伴侣,2026-06-02 02:22:55,,$ST得润(SZ002055)$ 何德何能，ST板块唯一跌停板,0,2,0,7274,SZ002055,ST得润,Android,https://xueqiu.com/6852018611/392290178,0,0,2026-07-08 16:25:21
392291666,5942251592,简朴的金条小风车屋,2026-06-02 02:26:11,,$ST得润(SZ002055)$ 次新st的脸都被你丢尽了！这里面至少有三方国资在博弈，游资这是掀桌子了谁都别玩了,11,2,0,5237,SZ002055,ST得润,Android,https://xueqiu.com/5942251592/392291666,0,0,2026-07-08 16:25:21
392292134,1505804711,修心谨言wy,2026-06-02 02:27:16,,$ST得润(SZ002055)$ 子公司欠的钱已经计提，这个之前已公告过，主力借此打压洗盘也可以理解。看好就留，不看好就走。,0,3,0,5867,SZ002055,ST得润,Android,https://xueqiu.com/1505804711/392292134,0,0,2026-07-08 16:25:21
392292943,1505804711,修心谨言wy,2026-06-02 02:29:17,,$ST得润(SZ002055)$ 得润最大的看点是困境反转，叠加连接器景气，以及将来摘帽和控股股东变更预期。,0,1,0,6059,SZ002055,ST得润,Android,https://xueqiu.com/1505804711/392292943,0,0,2026-07-08 16:25:21
392295178,7069783343,垃圾堆里淘金豆豆,2026-06-02 02:34:35,,$ST得润(SZ002055)$ 看样子早上就有可能翘板,0,0,0,9016,SZ002055,ST得润,Android,https://xueqiu.com/7069783343/392295178,0,0,2026-07-08 16:25:21
392295180,5268520468,俺不中了,2026-06-02 02:34:36,,$ST得润(SZ002055)$ 再来表演一次地天就牛逼了,0,1,0,3842,SZ002055,ST得润,Android,https://xueqiu.com/5268520468/392295180,0,0,2026-07-08 16:25:21
392297660,7104424653,st山顶资本,2026-06-02 02:40:22,,$ST得润(SZ002055)$ 妖得很 不是涨停就是跌停。,0,0,0,4006,SZ002055,ST得润,雪球,https://xueqiu.com/7104424653/392297660,0,0,2026-07-08 16:25:21
392298721,1682315671,一套房子,2026-06-02 02:42:54,,$ST得润(SZ002055)$ 最后的上车机会来了,0,1,0,5766,SZ002055,ST得润,Android,https://xueqiu.com/1682315671/392298721,0,0,2026-07-08 16:25:21
392299310,4224274472,Myheartwillgoonpo4,2026-06-02 02:44:25,,$ST得润(SZ002055)$ 谢谢猪力让我今天吃饱了,1,1,0,7466,SZ002055,ST得润,Android,https://xueqiu.com/4224274472/392299310,0,0,2026-07-08 16:25:21
392301154,7069783343,垃圾堆里淘金豆豆,2026-06-02 02:49:03,,$ST得润(SZ002055)$ ST板块唯一跌停股，倒数第一，遥遥领先,0,1,0,12335,SZ002055,ST得润,Android,https://xueqiu.com/7069783343/392301154,0,0,2026-07-08 16:25:21
392301957,4224274472,Myheartwillgoonpo4,2026-06-02 02:51:06,,$ST得润(SZ002055)$ 恐高的看看这个位置离底部远不远，猪力还有多少时间洗，明牌涨价，量价齐升，是不是在历史底部，是不是迎来了反转，如果你看的只有几块钱那么确实可以走了，这只票我要拿出正平的铁头精神,1,4,0,11163,SZ002055,ST得润,Android,https://xueqiu.com/4224274472/392301957,0,0,2026-07-08 16:25:21
392303500,3641776734,Sherlock-wang,2026-06-02 02:55:15,,$ST得润(SZ002055)$ 属于跟英特尔共生逻辑 得看英特尔下杀走势,2,0,0,5333,SZ002055,ST得润,雪球,https://xueqiu.com/3641776734/392303500,0,0,2026-07-08 16:25:21
392304954,1984899483,退市中国姬松高中,2026-06-02 02:59:20,,$ST得润(SZ002055)$ 以后迟早进军人形机器人连接器,0,2,0,9563,SZ002055,ST得润,Android,https://xueqiu.com/1984899483/392304954,0,0,2026-07-08 16:25:18
392306125,7204187508,勇者计划,2026-06-02 03:02:13,,$ST得润(SZ002055)$ 今天吃完跌停筹码应该问题不大,2,0,0,8580,SZ002055,ST得润,Android,https://xueqiu.com/7204187508/392306125,0,0,2026-07-08 16:25:18
392309078,8247993686,八十万韭菜总教头,2026-06-02 03:10:18,,$ST得润(SZ002055)$盘面真有意思想跑的跑出去没有后面应该还有机会想跑的后面抓紧机会,7,6,0,9252,SZ002055,ST得润,Android,https://xueqiu.com/8247993686/392309078,0,0,2026-07-08 16:25:18
392309571,9906729923,心中之神q,2026-06-02 03:11:43,,猜到今天是一字板万万没想到是跌停板本来想让上车的上不来，结果是想下车的出不去结局是一样的，车门焊死，兄弟们永远在一起，在一起$ST得润(SZ002055)$,0,2,0,7103,SZ002055,ST得润,Android,https://xueqiu.com/9906729923/392309571,0,0,2026-07-08 16:25:18
392311155,9864485824,浑厚的涨停千里眼,2026-06-02 03:16:19,,$ST得润(SZ002055)$ 真是猥琐，翘板就撤单，翘完又压上。,1,2,0,7789,SZ002055,ST得润,雪球,https://xueqiu.com/9864485824/392311155,0,0,2026-07-08 16:25:18
392313349,8200319954,st峨眉山,2026-06-02 03:22:15,,$ST得润(SZ002055)$ 玩呢！开了封，封了开！还在吸筹吗？,4,1,0,7834,SZ002055,ST得润,Android,https://xueqiu.com/8200319954/392313349,0,0,2026-07-08 16:25:18
392314830,1525901587,浪您割浪,2026-06-02 03:26:49,,$ST得润(SZ002055)$ 各位大佬，今天加仓还是明天早上加仓好，不知道明天会不会继续跌,2,3,0,5553,SZ002055,ST得润,iPhone,https://xueqiu.com/1525901587/392314830,0,0,2026-07-08 16:25:18
392315040,9585889394,始终不够123,2026-06-02 03:27:24,,$ST得润(SZ002055)$ 怎么回事，要不跌停，要不涨停，,0,1,0,5600,SZ002055,ST得润,Android,https://xueqiu.com/9585889394/392315040,0,0,2026-07-08 16:25:18
392315318,9551457182,秦如许,2026-06-02 03:28:19,,$ST得润(SZ002055)$ 这庄是一点不演啊,1,0,0,10055,SZ002055,ST得润,iPhone,https://xueqiu.com/9551457182/392315318,0,0,2026-07-08 16:25:18
392315857,8884839649,我已无心战斗,2026-06-02 03:30:00,,$ST得润(SZ002055)$ 那么多小单买？什么情况,1,0,0,7158,SZ002055,ST得润,雪球,https://xueqiu.com/8884839649/392315857,0,0,2026-07-08 16:25:18
392315943,7460065925,平稳的存钱小泉水,2026-06-02 03:30:07,,$ST得润(SZ002055)$ 猜猜地板谁在买入？谁在卖出？,1,3,0,10302,SZ002055,ST得润,iPhone,https://xueqiu.com/7460065925/392315943,0,0,2026-07-08 16:25:18
392317762,1984899483,退市中国姬松高中,2026-06-02 03:36:24,,$ST得润(SZ002055)$ 主动资金流入趋势明显脏东西手上货还挺多。癞蛤蟆长的丑还玩得花。,2,2,0,11182,SZ002055,ST得润,Android,https://xueqiu.com/1984899483/392317762,0,0,2026-07-08 16:25:18
392318705,1505804711,修心谨言wy,2026-06-02 03:39:59,,$ST得润(SZ002055)$ 散户面对跌停一般是不敢买的，能吃掉7万手的卖单，除了猪力没有谁了。这个位置，调整一下也好的，跌下来就加仓。,0,3,0,8969,SZ002055,ST得润,Android,https://xueqiu.com/1505804711/392318705,0,0,2026-07-08 16:25:18
392320951,7204187508,勇者计划,2026-06-02 03:48:06,,$ST得润(SZ002055)$ 绝对底部的道路充满坎坷崎岖，真正大行情前必然走的跌跌撞撞踉踉跄跄,10,0,0,10628,SZ002055,ST得润,Android,https://xueqiu.com/7204187508/392320951,0,0,2026-07-08 16:25:18
392330215,4821425523,三零二零,2026-06-02 04:41:55,,$ST得润(SZ002055)$ 你个老六，整个板块唯一的跌停,1,7,0,11413,SZ002055,ST得润,iPhone,https://xueqiu.com/4821425523/392330215,0,0,2026-07-08 16:25:18
392333220,1255983670,股海博弈投,2026-06-02 05:01:44,,$ST得润(SZ002055)$ 跌停板上成交了16万手了，空头手上还有多少筹码,9,2,0,11026,SZ002055,ST得润,Android,https://xueqiu.com/1255983670/392333220,0,0,2026-07-08 16:25:18
392334139,9893519097,龙马精神2526,2026-06-02 05:06:34,,$ST得润(SZ002055)$ 今天非得封死跌停？,7,1,0,7921,SZ002055,ST得润,Android,https://xueqiu.com/9893519097/392334139,0,0,2026-07-08 16:25:18
392337405,4930071438,晒太阳1234,2026-06-02 05:19:14,,$ST得润(SZ002055)$ 515到今天换手率接近100%，这股好猛,3,1,0,5740,SZ002055,ST得润,Android,https://xueqiu.com/4930071438/392337405,0,0,2026-07-08 16:25:18
392337547,5942251592,简朴的金条小风车屋,2026-06-02 05:19:44,,$ST得润(SZ002055)$ 别人板块涨了3.09%，你居然跌了5个点，迈威尔+英特尔都救不了你,1,2,0,6346,SZ002055,ST得润,Android,https://xueqiu.com/5942251592/392337547,0,0,2026-07-08 16:25:18
392338797,6610508219,江南花哥好老的粉,2026-06-02 05:23:50,,$ST得润(SZ002055)$ 跟上次董秘的回复如出一辙，为了配合而配合，意图就很明显.,0,2,0,4444,SZ002055,ST得润,Android,https://xueqiu.com/6610508219/392338797,0,0,2026-07-08 16:25:18
392338894,3948743971,此人可能长期离线,2026-06-02 05:24:07,,$ST得润(SZ002055)$ 主力在要筹码求你们了，都砸给他吧，不然我都吃不上4个菜了,2,0,0,5106,SZ002055,ST得润,iPhone,https://xueqiu.com/3948743971/392338894,0,0,2026-07-08 16:25:16
392345191,5670927379,客观的财经敢死队,2026-06-02 05:43:54,,$ST得润(SZ002055)$ 板块都爆了 你还在地板躺着实在不行放个口子让我走,1,0,0,6786,SZ002055,ST得润,iPhone,https://xueqiu.com/5670927379/392345191,0,0,2026-07-08 16:25:16
392345238,3948743971,此人可能长期离线,2026-06-02 05:44:06,,$ST得润(SZ002055)$ 前段时间畅想20个涨停板的兄弟都被洗走了，只剩我自己了,4,0,0,4317,SZ002055,ST得润,iPhone,https://xueqiu.com/3948743971/392345238,0,0,2026-07-08 16:25:16
392345985,5052290299,雪球彬,2026-06-02 05:46:35,,$ST得润(SZ002055)$ 股权冻结是 5 月 18。股票启动也是 5 月 18，现在拿出来说是利空，不见得吧？没必要一惊一乍的。,22,3,0,10780,SZ002055,ST得润,Android,https://xueqiu.com/5052290299/392345985,0,0,2026-07-08 16:25:16
392346544,3948743971,此人可能长期离线,2026-06-02 05:48:36,,$ST得润(SZ002055)$ 主力不把打板佬玩死不会收手的,0,0,0,4354,SZ002055,ST得润,iPhone,https://xueqiu.com/3948743971/392346544,0,0,2026-07-08 16:25:16
392346997,3948743971,此人可能长期离线,2026-06-02 05:50:07,,$ST得润(SZ002055)$ 尾盘半小时点火拉地天，强中强，王中王,0,0,0,4390,SZ002055,ST得润,iPhone,https://xueqiu.com/3948743971/392346997,0,0,2026-07-08 16:25:16
392347073,1965632604,少折腾多思考,2026-06-02 05:50:18,,$ST得润(SZ002055)$拿这个解释今天跌停真够奇葩的，18号是得润的起涨点，那我也可以解释成得润是因为这个连板的。能拿就拿，拿不了赶紧清理吧 一天神神叨叨的,41,10,0,25806,SZ002055,ST得润,Android,https://xueqiu.com/1965632604/392347073,0,0,2026-07-08 16:25:16
392347870,8971337238,价值投资是个宝,2026-06-02 05:53:04,,st得润5月17至18日被冻结股权8.2亿元，执行文号是（2026）川15执保123号之四。请问这个执行文号的具体执行内容是什么？搜索 6 个关键词，参考 36 篇资料先把结论说清楚：（2026）川 15 执保 123 号之四，是四川省宜宾市中级人民法院在2026 年 5 月中下旬对ST 得润（深圳市得润电子股份有限公司）作出的股权冻结裁定之一，属于 ** 执行阶段财产保全（执保）** 系列裁定中的第四份。一、案号基本含义川 15：四川省宜宾市中级人民法院执保：执行保全（执行阶段的财产保全）123 号：该法院本年度第 123 号执保案件之四：同一系列保全裁定中的第四份（前面有之一、之二、之三，后面还有之五等）二、对应冻结事实（你提到的 8.2 亿股权冻结）公开信息显示：冻结时间：2026-05-17 ～ 2026-05-18执行法院：四川省宜宾市中级人民法院（川 15）被执行人：深圳市得润电子股份有限公司（ST 得润，002055）冻结标的：持有的多家子公司股权，合计权益数额约 8.2 亿元人民币文书关联：属于 **（2026）川 15 执保 123 号系列裁定，其中你问的是之四 **；另有之五冻结了其持有的广东科世得润汽车部件有限公司 855 万欧元股权（5 月 13 日起冻）。三、裁定性质与执行内容（法律层面）作为执保裁定，它的核心内容就是：冻结 ST 得润名下特定子公司股权（未披露具体哪家，只披露合计约 8.2 亿权益）；冻结期限三年（一般为 2026-05-17 ～ 2029-05-16）；冻结期间：不得转让、质押、变更登记、处分该等股权；目的：保障某笔债权 / 诉讼未来能顺利执行，防止 ST 得润转移核心资产。四、背后案件（公开可关联）宜宾中院这一系列冻结，目前公开能对应的主案件是：原告：美特科技（宜宾）有限公司或相关债权人被告：ST 得润、合肥得润器件有限公司等案由：金融借款合同 / 担保纠纷，涉案本金约6.62 亿元；时间：2026 年 4 月前后立案 / 进入执行保全。五、“之四” 与 “8.2 亿” 的关系（2026）川 15 执保 123 号：一个大的保全案件；之一、之二、之三、之四、之五…：分别对应不同子公司股权 / 不同资产的冻结裁定；你说的5 月 17–18 日、8.2 亿元、之四：就是这一串里，针对某一家子公司（或几家合并）股权、金额约 8.2 亿、5 月 17–18 日实施冻结的那一份裁定。六、目前公开能查到的具体信息边界能确定：法院、案号性质、冻结时间、被执行人、大致金额、属于系列裁定、冻结期限三年；未公开（需调档）：之四裁定书原文、具体是哪一家子公司股权、对应债权本金 / 利息明细、申请人全称。,1,0,0,5400,SZ002055,ST得润,雪球,https://xueqiu.com/8971337238/392347870,0,0,2026-07-08 16:25:16
392348444,9027667784,年年有余1996,2026-06-02 05:55:03,,$ST得润(SZ002055)$ 希望主力尽快吃饱干活。这票一般人拿不住，至少拿一年，个人认为明天会红。,1,1,0,5026,SZ002055,ST得润,Android,https://xueqiu.com/9027667784/392348444,0,0,2026-07-08 16:25:16
392348754,8247993686,八十万韭菜总教头,2026-06-02 05:56:06,,哦 这部分应该是前面的债务，得润是大概率还不了的，这其实就是加速换实控人，后续，可以与股权撤拍结合起来。得润业务，产能，赛道，这比很多重整股更有挽救价值，小投入大产出的那种。$ST得润(SZ002055)$个人判断哈，无任何荐股意图问自己，买得润是为什么？不就是股权可能变更，行业赛道反转，一季报盈利等等吗？现在股权变更实控人变更在加速，AI PC时代来临，以前卖电脑的也要到台前来了都是为自己认知买单,8,12,0,25160,SZ002055,ST得润,Android,https://xueqiu.com/8247993686/392348754,0,2,2026-07-08 16:25:16
392351511,3850339348,黑马挖掘机2024,2026-06-02 06:05:40,,宜宾国资四川港荣就八个多亿的欠款从 5 月 12 日就开始陆续冻结上市公司对于核心子公司的股权，后续$ST得润(SZ002055)$ 如果想保留核心子公司，只有破产重整一条路，白衣骑士也将会现身，所以这一波也是从 5 月 18 日开始拉涨停的！后续我们拭目以待会出什么样的公告吧。,34,39,1,56244,SZ002055,ST得润,iPhone,https://xueqiu.com/3850339348/392351511,0,4,2026-07-08 16:25:16
392353633,1255983670,股海博弈投,2026-06-02 06:12:23,,$ST得润(SZ002055)$ 前两天说10倍的也是你们。现在说有危险的也是你们，把我忽悠到高位你们要跑。好吧，我认输了，5.5的本。跌到4.5我割肉走人,19,10,0,16463,SZ002055,ST得润,Android,https://xueqiu.com/1255983670/392353633,0,0,2026-07-08 16:25:16
392356345,6549060841,韭菜想炒股致富,2026-06-02 06:20:52,,$ST得润(SZ002055)$ 要破产重整了！地天板,0,1,0,6730,SZ002055,ST得润,iPhone,https://xueqiu.com/6549060841/392356345,0,0,2026-07-08 16:25:16
392357906,9685552060,中医世,2026-06-02 06:26:22,,$ST得润(SZ002055)$ 尾盘会不会虾各位一跳,2,0,0,8654,SZ002055,ST得润,Android,https://xueqiu.com/9685552060/392357906,0,0,2026-07-08 16:25:16
392358061,3948743971,此人可能长期离线,2026-06-02 06:26:54,,$ST得润(SZ002055)$ 主力，要不要勃起一下，看着好无聊，给点情绪价值好不好，不然今天都没谈资了,0,0,0,5161,SZ002055,ST得润,iPhone,https://xueqiu.com/3948743971/392358061,0,0,2026-07-08 16:25:16
392359080,7204187508,勇者计划,2026-06-02 06:30:22,,$ST得润(SZ002055)$ 做st的都知道，股权被冻结是好事，尤其是有造血能力企业有核心资产的企业股权，懂的懂,3,6,0,9704,SZ002055,ST得润,Android,https://xueqiu.com/7204187508/392359080,0,0,2026-07-08 16:25:16
392361746,6652506515,一心只为发家致富,2026-06-02 06:39:28,,$ST得润(SZ002055)$ 股东户数最近一个月增加了8%，筹码有所分散。说明有部分散户在抄底，但主力资金还没明显进场。,3,0,0,8440,SZ002055,ST得润,雪球,https://xueqiu.com/6652506515/392361746,0,0,2026-07-08 16:25:16
392362247,2961902983,忙着挣钱呢,2026-06-02 06:40:59,,$ST得润(SZ002055)$ 5月份接待了3批机构调研，主要问服务器和800V业务。但调研后没有机构发研报，说明还在观望。,1,0,0,7983,SZ002055,ST得润,雪球,https://xueqiu.com/2961902983/392362247,0,0,2026-07-08 16:25:14
392362337,7460065925,平稳的存钱小泉水,2026-06-02 06:41:14,,$ST得润(SZ002055)$ 基本面没有问题，但是里面有个狗庄。,0,0,0,9168,SZ002055,ST得润,iPhone,https://xueqiu.com/7460065925/392362337,0,0,2026-07-08 16:25:14
392362551,3197975110,财经356,2026-06-02 06:41:55,,$ST得润(SZ002055)$ 我就想知道这货明天还能涨吗？反反复复的有点难受，今天又干进去了！从主业上讲连接器行业还是前途大好的。,1,1,0,6790,SZ002055,ST得润,雪球,https://xueqiu.com/3197975110/392362551,0,0,2026-07-08 16:25:14
392363761,9027667784,年年有余1996,2026-06-02 06:46:04,,$ST得润(SZ002055)$ 这股最大的问题是筹码不够集中，希望主力尽快吃饱干活，离中报不远了。,0,2,0,5609,SZ002055,ST得润,Android,https://xueqiu.com/9027667784/392363761,0,0,2026-07-08 16:25:14
392364453,4930071438,晒太阳1234,2026-06-02 06:48:26,,$ST得润(SZ002055)$ 今天收盘就有公告了，子公司股权被冻结，这个按道理要信息披露的,7,1,0,7345,SZ002055,ST得润,Android,https://xueqiu.com/4930071438/392364453,0,0,2026-07-08 16:25:14
392364508,3948743971,此人可能长期离线,2026-06-02 06:48:37,,$ST得润(SZ002055)$ 筹码？主力手里握着超过400万手以上的筹码，纯纯的就是恶趣味，玩弄短线客，不过看着挺爽的，玩死他们,5,0,0,7369,SZ002055,ST得润,iPhone,https://xueqiu.com/3948743971/392364508,0,0,2026-07-08 16:25:14
392367846,3605418616,Leeeeee_,2026-06-02 06:59:43,,$ST得润(SZ002055)$ 一季度经营现金流转正，净流入1.2亿，比去年同期改善明显。不过应收账款还是偏高，回款周期拉长了12天。,0,1,0,8459,SZ002055,ST得润,雪球,https://xueqiu.com/3605418616/392367846,0,0,2026-07-08 16:25:14
392369131,8160881721,威严的股票巨人,2026-06-02 07:03:40,,$ST得润(SZ002055)$ 明天应该继续跌停了吧？这个跌停莫名其妙,2,0,0,7721,SZ002055,ST得润,iPhone,https://xueqiu.com/8160881721/392369131,0,0,2026-07-08 16:25:14
392369490,4588958348,买在无人问津处,2026-06-02 07:04:46,,$ST得润(SZ002055)$ 好玩，不是跌停就是涨停,0,1,0,7228,SZ002055,ST得润,雪球,https://xueqiu.com/4588958348/392369490,0,0,2026-07-08 16:25:14
392373699,5778049813,A老中医,2026-06-02 07:18:51,,$ST得润(SZ002055)$，短期股价承压，涅槃加速,0,3,0,9307,SZ002055,ST得润,雪球,https://xueqiu.com/5778049813/392373699,0,0,2026-07-08 16:25:14
392380827,6777140022,平静的升值小观星者,2026-06-02 07:47:34,,$ST得润(SZ002055)$ 守住本心，反正今天我加仓了，小得也没涨多少，主力不可能志存低矮，看好就少看盘。超短线除外，现在这市场超短不好操作。还是稍微时间长些，三二个能有眉目。,0,3,0,6279,SZ002055,ST得润,Android,https://xueqiu.com/6777140022/392380827,0,0,2026-07-08 16:25:14
392380922,4202117770,短中长线卧倒选手,2026-06-02 07:48:00,,$ST得润(SZ002055)$ 欠多少钱拍多少玩意，冻结股权一般会远超实际需要拍卖的股权份额，因为对于股权的价值评估不是在这个阶段作出的，为了保证债权得到实现，就会全部冻了，到时拍卖再根据市场价值确定拍卖份额，所以有些朋友，没必要过度担心鹤山得润的拍卖问题吧再者说了，民事强制执行中也有比例原则的限制，这话不是我说的，是武汉大学法学院的教授说的。感兴趣的朋友可以自行搜索一下“比例原则在民事执行的适用”主题的相关文章。简单来讲，对债权人来说，只要债权可以实现，他们可不在意你还我的钱是股权拍卖来的还是用卖大厦的钱换来的，这些在执行阶段都是可以协商的，为了债务人的继续存续经营，法院也不可能一股脑地把人家的生产工具和主要创造利润的子公司股权给拍了。,4,7,0,16355,SZ002055,ST得润,iPad,https://xueqiu.com/4202117770/392380922,0,0,2026-07-08 16:25:14
392382858,6939202286,迷途知返的翻身之旅,2026-06-02 07:57:16,,$ST得润(SZ002055)$ 得润还不起债，为啥那些债权人不申请重整呢，起码还能搞点现金搞点股权嘛！,4,3,0,9668,SZ002055,ST得润,Android,https://xueqiu.com/6939202286/392382858,0,0,2026-07-08 16:25:14
392390051,5380354349,买点买or卖点卖,2026-06-02 08:30:37,,$ST得润(SZ002055)$ 真正知道这个票因啥而涨的人少之甚少。跌停就各种空、涨停就各种多……多花点时间做功课比起胡乱猜测更有营养。这个票有一点是非常重要且确定的：绝对不会退市。谁告诉你退市的都是骗子。至于今天为何跌停，自己去认真分析走势去，我只想说，今天的跌停和任何消息无关，无需过多无聊的猜测意淫。,7,5,0,12144,SZ002055,ST得润,iPhone,https://xueqiu.com/5380354349/392390051,0,0,2026-07-08 16:25:14
392392686,1505804711,修心谨言wy,2026-06-02 08:42:47,,$ST得润(SZ002055)$ 这才到哪？一个跌停就吓走一批大V，所以大V都是超短线吗？得润对标是电连技术，至今2026年得润总共才涨9.5%，别看股权分散，持股人数其实都在下降，原大股东持股太少，变更控股股东是板上钉钉的事。国内唯一获得英特尔认证的，怎么也不止40多亿市值吧？,0,10,0,13610,SZ002055,ST得润,Android,https://xueqiu.com/1505804711/392392686,0,0,2026-07-08 16:25:14
392395322,1505804711,修心谨言wy,2026-06-02 08:55:48,,$ST得润(SZ002055)$ 听说5月18日四川宜宾国资冻结鹤山得润股权，这不是利好吗？证明得润还不起债，那是不是破产重整快了？,1,1,0,7732,SZ002055,ST得润,Android,https://xueqiu.com/1505804711/392395322,0,0,2026-07-08 16:25:14
392395540,9970243005,大卫家的小橘子,2026-06-02 08:56:46,,$ST得润(SZ002055)$ 想当年和得润一起的兄弟，立讯精密，中航光电都成了业内巨头。得润却因为老邱乱举债乱收购欠了一屁股债，得润落到今天这步田地不禁让人唏嘘,0,3,0,6772,SZ002055,ST得润,iPhone,https://xueqiu.com/9970243005/392395540,0,0,2026-07-08 16:25:14
392396978,1505804711,修心谨言wy,2026-06-02 09:03:46,,$ST得润(SZ002055)$ 得润的连接器业务是挺赚钱的，老邱瞎折腾，不懂经营，才落这班田地。只要来一个有实力的实控人，得润必将乌鸡变凤凰。,1,0,0,9095,SZ002055,ST得润,Android,https://xueqiu.com/1505804711/392396978,0,0,2026-07-08 16:25:14
392397352,1988907802,某散人,2026-06-02 09:05:11,,$ST得润(SZ002055)$ 马上进入重组了，yeah,1,1,0,9700,SZ002055,ST得润,Android,https://xueqiu.com/1988907802/392397352,0,0,2026-07-08 16:25:14
392399230,1984899483,退市中国姬松高中,2026-06-02 09:14:04,,$ST得润(SZ002055)$ 隔壁喜临门先股权冻结后重整 润子随时哪天晚上冒出重整公告,0,1,0,10848,SZ002055,ST得润,Android,https://xueqiu.com/1984899483/392399230,0,0,2026-07-08 16:25:14
392400656,5622979292,健康的投资小儒雅,2026-06-02 09:21:28,,$ST得润(SZ002055)$ 得润电子已经在“半只脚引入国资”，但要真正变成国资控股，必须走「重整+协议转让/定增+国资审批」，由「地方国资平台+上市公司+法院/监管」三方联合操作，不是某一个人说了算。一、现在谁在“操作”得润的国资引入？（已经进场的）1）顺德国资（顺控集团）+世运电路（畲英杰）——最核心、已卡位- 2024.7：顺德国资顺控集团33.94亿拿下世运电路25.9%，成为世运实控人。- 2026.2：世运创始人畲英杰（顺益亚太）1.2亿买得润核心子公司柏拉蒂45.25%（车载线束/连接器，宝马/奔驰订单）。- 2026.4：顺益亚太再3亿增资柏拉蒂，工商已变更。→ 本质：顺德国资通过世运，先控核心资产，再伺机控上市公司。2）深圳国资（深投控）——老股东、战略级- 2019–2020：深投控旗下信赢基金买得润5%，纾困质押风险 。- 至今仍在股东名单，深圳国资是备选接盘方（本地产业+资金）。3）江门/鹤山国资——本地小国资、绑定资产- 参股鹤山得润（本次冻结的主体），产业+土地+税收绑定，希望保住本地龙头。4）公司层面：现在是“无实控人+管理层+债权人+法院”共管- 原实控人邱建民：持股5.68%全质押冻结、5年市场禁入、已出局。- 前十大股东：最高不到3%，股权极度分散，适合国资入主。- 债务逾期11.25亿、鹤山股权冻结8.2亿，债权人+法院主导重整节奏。二、引入国资的3条主流路径（得润最可能走第2/3条）路径1：协议转让（直接买老股，最快）- 操作：国资平台（如顺控/深投控）协议受让大股东/司法拍卖股权，拿到20–29%成实控人。- 谁做：国资平台主导+上市公司配合+国资委审批+交易所合规 。- 得润难点：老股全质押/冻结，只能等司法拍卖或重整划转。路径2：重整+定增（最匹配得润现状，概率最高）- 步骤：1. 法院裁定预重整/正式重整（已经在推进）。2. 国资+产业资本（顺德国资+世运）作为重整投资人，出钱+承接债务。3. 上市公司定向增发，国资低价拿25–30%股份，成实控人。4. 同步解冻鹤山股权、债务展期、剥离不良。- 谁做：法院（主导程序）+管理人（招商）+国资（出钱）+上市公司（执行）+证监会/交易所（审批） 。- 得润优势：无实控人+核心资产优质+地方政府强意愿，符合国资纾困标准 。路径3：资产置换+无偿划转（慢，但稳）- 操作：国资先接管核心子公司（柏拉蒂/鹤山），再逐步股权划转/资产注入，最终控股上市公司 。- 得润现状：柏拉蒂已被顺德国资卡位，这条路已经在走。三、关键问题：现在卡在哪？什么时候落地？1）最大障碍：鹤山8.2亿股权冻结+债务逾期11.25亿- 冻结不解，资产不能过户、不能抵押融资、重整方案难落地。- 解冻条件：还钱撤诉、或重整方案被法院批准、国资承诺代偿。2）时间窗口：未来1–3个月是关键- 最快：1个月内法院受理重整→国资报名→方案表决→股权划转。- 正常：2–3个月，走完国资审批+交易所审核+工商变更。- 拖黄：超过6个月，核心资产被拍卖、重整失败、退市风险上升。四、一句话讲清：谁来操作、谁说了算- 最终拍板：地方政府（顺德/深圳/江门）+法院（决定救不救、怎么救）。- 出钱+操盘：顺德国资（顺控集团）+世运电路（畲英杰）（产业+资金+资源）。- 配合执行：得润管理层+重整管理人（清理债务、剥离不良、对接国资）。- 监管放行：证监会+交易所（定增/重组审批）。不是某一个“大佬”说了算，是一套“政府+国资+产业+司法”的组合拳。五、对你最实用的判断- 国资一定会进：核心资产（柏拉蒂/鹤山）值钱、地方政府要保就业税收、无实控人好接管。- 最快路径：重整+顺德国资入主（概率70%）。- 最大风险：重整拖太久→资产被拍卖→股价暴跌。,4,6,0,23300,SZ002055,ST得润,Android,https://xueqiu.com/5622979292/392400656,0,2,2026-07-08 16:25:12
392402460,4850557927,山古之人,2026-06-02 09:31:01,,$ST得润(SZ002055)$ 看好的继续拿着，害怕的明天找机会出来就是了。中午1个多亿的老鼠仓进了，你觉得散户办的到？肯定是大资金啊。大资金会那么傻嘛。所以短期看震荡，长期看好。,1,4,0,8993,SZ002055,ST得润,雪球,https://xueqiu.com/4850557927/392402460,0,0,2026-07-08 16:25:12
392412838,1505804711,修心谨言wy,2026-06-02 10:31:20,,"$ST得润(SZ002055)$ 单纯个摘帽预期应该也上10块钱了，何况现在是在AI风口上,股权变更，高速连接，怎么也得上20元吧，轻仓拿1年，验证判断是否正确！",0,8,0,10135,SZ002055,ST得润,Android,https://xueqiu.com/1505804711/392412838,0,1,2026-07-08 16:25:12
392415914,9551457182,秦如许,2026-06-02 10:53:09,,$ST得润(SZ002055)$ 得润旺旺直接注销了？,8,1,0,9692,SZ002055,ST得润,iPhone,https://xueqiu.com/9551457182/392415914,0,0,2026-07-08 16:25:12
392416455,7104424653,st山顶资本,2026-06-02 10:57:38,,$ST得润(SZ002055)$ 子公司股权冻结的公告准备拖到什么时候发？邱家还在苦苦挣扎。,1,1,0,6279,SZ002055,ST得润,iPhone,https://xueqiu.com/7104424653/392416455,0,0,2026-07-08 16:25:12
392420454,5942251592,简朴的金条小风车屋,2026-06-02 11:27:19,,$ST得润(SZ002055)$ 只能说你们动作都好快啊网页链接,10,6,0,7875,SZ002055,ST得润,Android,https://xueqiu.com/5942251592/392420454,0,0,2026-07-08 16:25:12
392422163,1505804711,修心谨言wy,2026-06-02 11:40:17,,$ST得润(SZ002055)$ 今天跌停出的，过不了多久又要涨停追回来,0,3,0,8051,SZ002055,ST得润,Android,https://xueqiu.com/1505804711/392422163,0,0,2026-07-08 16:25:12
392424402,9669696670,深耕ST与可转债,2026-06-02 11:54:42,,$ST得润(SZ002055)$ 如果知道摘帽的时候，市值比现在高，还怕啥呢？无视中间的波动，坐稳了,2,3,0,7310,SZ002055,ST得润,Android,https://xueqiu.com/9669696670/392424402,0,0,2026-07-08 16:25:12
392424953,1255983670,股海博弈投,2026-06-02 11:59:11,,$ST得润(SZ002055)$ 经你们一分析，感觉各方都坐不住了呢？这块肥肉围了一圈狼，去年也是这个重庆港荣，冻结了得润账户，得润大厦和员工宿舍，后来又莫名解封了，然后拍卖大股东股份，然后又主动撤回，5.18号又申请冻结鹤山得润，难道说得润大厦不值钱，喵哥有分析过光深圳得润的几块地皮都够还账，然后5.18开始莫名其妙借cpu涨停，后来拉高后不是涨停就跌停，不管多大利好，昨天公布了一个24年已经计提不痛不痒的公告全天成交20万手，4万手按跌停。鹤山上个月联合省国资成立了5亿元基金，说是投资股权，嫁接资源，深圳这边福田破产中心已经对英飞拓，美态庭外重整，债权人到期要打破得润的平静了，本人预感暴风雨快要来临了，深圳，鹤山，重庆，顺德，佘总已经坐一桌了，牌怎么打，他们说的算,15,17,0,32804,SZ002055,ST得润,Android,https://xueqiu.com/1255983670/392424953,0,5,2026-07-08 16:25:12
392430052,3142547131,得瑞盈仓,2026-06-02 12:33:55,,$ST得润(SZ002055)$ 能用铜就用铜，必须用光才用光。,12,4,0,9597,SZ002055,ST得润,Android,https://xueqiu.com/3142547131/392430052,0,0,2026-07-08 16:25:12
392430076,9685552060,中医世,2026-06-02 12:34:04,,$ST得润(SZ002055)$ 主菜快上场了,0,2,0,9535,SZ002055,ST得润,Android,https://xueqiu.com/9685552060/392430076,0,0,2026-07-08 16:25:12
392430104,5498037385,有无低估市场说的算,2026-06-02 12:34:18,,$ST得润(SZ002055)$ 今天早上跌停加一倍的仓，本打算拉起来做T，结果发现不对又跌停挂出加进去的仓位,1,0,0,6991,SZ002055,ST得润,Android,https://xueqiu.com/5498037385/392430104,0,0,2026-07-08 16:25:12
392434661,1255983670,股海博弈投,2026-06-02 13:05:09,,$ST得润(SZ002055)$ 这就是得润的底气，Cpu的重塑和得润鹤山二期的产能，我看你能挖多深的坑,6,7,0,12334,SZ002055,ST得润,Android,https://xueqiu.com/1255983670/392434661,0,1,2026-07-08 16:25:12
392443043,1505804711,修心谨言wy,2026-06-02 13:49:10,,$ST得润(SZ002055)$ 重要子公司被司法冻结，很快公司就会出公告，然后走重整还是走司法拍卖…不管怎么样，实控人注定要变更。近年来主营风口+股权变更最容易出现大牛股，坐等起飞,0,4,0,8890,SZ002055,ST得润,Android,https://xueqiu.com/1505804711/392443043,0,0,2026-07-08 16:25:12
392447164,1255983670,股海博弈投,2026-06-02 14:09:54,,$ST得润(SZ002055)$ 真牛啊，cpu卖的供给受到限制了，作为大陆唯一的cpu插座被干跌停真tm尴尬，不得不服操盘手,2,6,0,11326,SZ002055,ST得润,Android,https://xueqiu.com/1255983670/392447164,0,0,2026-07-08 16:25:12
392447559,1988907802,某散人,2026-06-02 14:11:30,,$ST得润(SZ002055)$ 明天都还买的进去么？,15,9,0,9725,SZ002055,ST得润,Android,https://xueqiu.com/1988907802/392447559,0,1,2026-07-08 16:25:12
392448242,4850557927,山古之人,2026-06-02 14:15:07,,$ST得润(SZ002055)$ 神仙打架，波及小散,0,0,0,7824,SZ002055,ST得润,iPhone,https://xueqiu.com/4850557927/392448242,0,0,2026-07-08 16:25:12
392449129,1701621424,ST鸵鸟,2026-06-02 14:20:14,,$ST得润(SZ002055)$ 26年四大金刚护法,1,5,0,8278,SZ002055,ST得润,iPhone,https://xueqiu.com/1701621424/392449129,0,0,2026-07-08 16:25:12
392452298,1255983670,股海博弈投,2026-06-02 14:39:37,,$ST得润(SZ002055)$ 来吧，baby，明天继续看你表演,6,7,0,16366,SZ002055,ST得润,Android,https://xueqiu.com/1255983670/392452298,0,1,2026-07-08 16:25:12
392453143,1505804711,修心谨言wy,2026-06-02 14:45:03,,$ST得润(SZ002055)$ 得润光学，得润高速铜连接器，得润两者都有，明天雄起！,0,7,0,16444,SZ002055,ST得润,Android,https://xueqiu.com/1505804711/392453143,0,0,2026-07-08 16:25:12
392454655,8247993686,八十万韭菜总教头,2026-06-02 14:54:09,,$ST得润(SZ002055)$又来学习了，搬运来自于皮衣的讲话，这说一下万亿美元公司$迈威尔科技(MRVL)$ ，也给铜光之争给了答案，其实就是该用铜就用铜，该用光就用光。按照我前面的学习，该用铜的地方其实是柜子内部，光主要是柜与柜之间。这其实也是皮衣说的，第三个红色框框部分内容。还有关键是一句，我认为是最关键的地方，说AI后面拼的是连接，不是算力，不是内存。胸弟，观念震碎没，风口是不是已然来了？而唱空的兄弟，润总刚好也是高速铜连接主力厂商之一加油⛽明天涨也好，跌也好我就瓜子花生西瓜啤酒，沙发上看戏这是润总最核心的基本面，这也是所谓的股权冻结，后续大概率的实控人变更的核心之所在，有这个摇钱树，才会有金凤凰。,10,13,0,25198,SZ002055,ST得润,Android,https://xueqiu.com/8247993686/392454655,0,1,2026-07-08 16:25:10
392459637,6293595590,狗里狗气狗运气,2026-06-02 15:30:52,,$ST得润(SZ002055)$ 债务问题不解决，那么高位已现，债务问题解决，就是另一回事了。目前股权结构和债务对股价是极大的压制。不过这票真是来回震荡，基本上就没有不涨停跌停的，这股能大仓位猛干的都是极致的赌狗。,2,3,0,13831,SZ002055,ST得润,Android,https://xueqiu.com/6293595590/392459637,0,0,2026-07-08 16:25:10
392465245,6293595590,狗里狗气狗运气,2026-06-02 16:32:06,,$ST得润(SZ002055)$关于得润，我的看法1股权高度分散，负债过高。这两点让换实控人没那么轻松。2最大债主宜宾国资是否有入住意愿存疑。至于顺德国资，不能说世运通路二股东（私人）增资且控股了原得润子公司，就说顺德国资入住的预期存在。即使存在，也不是当下的事情，得润公司年报里讲引入战略投资者，是在汽车这一小结，而不是指公司主体。3最大债主宜宾国资申请冻结核心资产的股权，是利好，也和上涨时间吻合。（这信息应该是这几天才完全公开），但前途仍不明确。4短期内债务问题无新进展的情况下，高点可见，且无突破动力。低点也很难回到上涨前，但目前还有十几个点的下跌空间吧。5什么行业很景气的新闻，都是锦上添花，并不真正影响股价，关键还是在于实控人变更。所以这些股吧大家贴的ai文章和新闻对股票没什么用。6连续一字后，又是一系列剧烈震荡，雪球上的各位内心都比较焦躁，但是我们没那个资金，今天翘板的人够有钱了，也没那个资金不是吗？不如安静下来静观其变。个人规划：未来择时减仓，目前仓位对我这个小卡拉米来说太重了，剩下一半仓位目光放长，静待花开，也可在不合理低价时补仓。,1,15,0,20451,SZ002055,ST得润,Android,https://xueqiu.com/6293595590/392465245,0,0,2026-07-08 16:25:10
392497143,5498037385,有无低估市场说的算,2026-06-03 01:13:42,,$ST得润(SZ002055)$ 哎，得润电子债务拖了那么久一点进展都没有,0,1,0,5970,SZ002055,ST得润,Android,https://xueqiu.com/5498037385/392497143,0,0,2026-07-08 16:25:10
392499748,5498037385,有无低估市场说的算,2026-06-03 01:23:28,,$ST得润(SZ002055)$ 今天注定跟昨天一样,2,1,0,5484,SZ002055,ST得润,Android,https://xueqiu.com/5498037385/392499748,0,0,2026-07-08 16:25:10
392504632,9669696670,深耕ST与可转债,2026-06-03 01:36:06,,$ST得润(SZ002055)$ 股还是那个股，逻辑没变，拿住了,2,1,0,4974,SZ002055,ST得润,Android,https://xueqiu.com/9669696670/392504632,0,0,2026-07-08 16:25:10
392505644,5778049813,A老中医,2026-06-03 01:37:56,,$ST得润(SZ002055)$ 先走了，虽然债务重组速度加快了，但是对股东来讲也不是什么好事，稀释了股权，等价格足够便宜再进,0,0,0,6077,SZ002055,ST得润,雪球,https://xueqiu.com/5778049813/392505644,0,0,2026-07-08 16:25:10
392507333,4775243969,老汪学投机,2026-06-03 01:40:38,,$ST得润(SZ002055)$ 跌停进了点，今天不会亏了,2,0,0,8146,SZ002055,ST得润,iPhone,https://xueqiu.com/4775243969/392507333,0,0,2026-07-08 16:25:10
392508616,6272575192,x198921,2026-06-03 01:43:03,,$ST得润(SZ002055)$ 别吹了 ，太热闹了,0,3,0,5308,SZ002055,ST得润,Android,https://xueqiu.com/6272575192/392508616,0,0,2026-07-08 16:25:10
392510446,4930071438,晒太阳1234,2026-06-03 01:46:06,,$ST得润(SZ002055)$ 好了这下地板了 舒服了,0,1,0,3755,SZ002055,ST得润,Android,https://xueqiu.com/4930071438/392510446,0,0,2026-07-08 16:25:10
392511281,3948743971,此人可能长期离线,2026-06-03 01:47:35,,$ST得润(SZ002055)$ 风口全占，走势最烂。,0,2,0,3241,SZ002055,ST得润,iPhone,https://xueqiu.com/3948743971/392511281,0,0,2026-07-08 16:25:10
392511827,6049748777,偏爱高买低卖,2026-06-03 01:48:37,,$ST得润(SZ002055)$ 进你两次，套我两次，你是真牛🐮,4,1,0,3597,SZ002055,ST得润,iPhone,https://xueqiu.com/6049748777/392511827,0,0,2026-07-08 16:25:10
392511919,1777686025,留人间,2026-06-03 01:48:49,,$ST得润(SZ002055)$ 真是挺搞笑的，就硬来，这主力手法太僵硬了,3,1,0,5584,SZ002055,ST得润,Android,https://xueqiu.com/1777686025/392511919,0,0,2026-07-08 16:25:10
392512270,4850557927,山古之人,2026-06-03 01:49:35,,$ST得润(SZ002055)$ 就知道 一群SD 吹的时候，就应该先走,1,0,0,5436,SZ002055,ST得润,雪球,https://xueqiu.com/4850557927/392512270,0,0,2026-07-08 16:25:10
392512794,5498037385,有无低估市场说的算,2026-06-03 01:50:28,,$ST得润(SZ002055)$ 放心今天不会跌停收盘的，跌2.5%收盘,0,0,0,5472,SZ002055,ST得润,Android,https://xueqiu.com/5498037385/392512794,0,0,2026-07-08 16:25:10
392513703,9970243005,大卫家的小橘子,2026-06-03 01:51:56,,$ST得润(SZ002055)$ 天天一堆人吹票，结果ai pc全产业链飙涨，得润好几个地板，我就问你们打脸不？,6,2,0,5841,SZ002055,ST得润,iPhone,https://xueqiu.com/9970243005/392513703,0,0,2026-07-08 16:25:10
392514614,1255983670,股海博弈投,2026-06-03 01:53:47,,$ST得润(SZ002055)$ 玩不过，这走势要退市了？,34,2,0,19313,SZ002055,ST得润,Android,https://xueqiu.com/1255983670/392514614,0,1,2026-07-08 16:25:10
392516942,3948743971,此人可能长期离线,2026-06-03 01:58:34,,$ST得润(SZ002055)$ 坐牢？我是不信主力走了，那狗币藏在阴暗的角落里,0,0,0,5459,SZ002055,ST得润,iPhone,https://xueqiu.com/3948743971/392516942,0,0,2026-07-08 16:25:10
392518103,8595444515,向涨,2026-06-03 02:00:33,,$ST得润(SZ002055)$板块五个点，你跌五个点， 有点意思，明天再加仓看看，什么情况,1,0,0,5966,SZ002055,ST得润,Android,https://xueqiu.com/8595444515/392518103,0,0,2026-07-08 16:25:10
392521875,1758597514,用户1758597514,2026-06-03 02:08:18,,$ST得润(SZ002055)$ 别人好心给你看逻辑一跌就一堆喷子你今天买明天卖来这个垃圾股干啥,0,1,0,5124,SZ002055,ST得润,iPhone,https://xueqiu.com/1758597514/392521875,0,0,2026-07-08 16:25:10
392523271,9027667784,年年有余1996,2026-06-03 02:11:00,,$ST得润(SZ002055)$ 风来了，你还在地上，,1,0,0,5266,SZ002055,ST得润,Android,https://xueqiu.com/9027667784/392523271,0,0,2026-07-08 16:25:08
392524053,6219951047,老王要搞事,2026-06-03 02:12:39,,$ST得润(SZ002055)$ 热度降下来吧，然后低位换个主力。,1,1,0,6475,SZ002055,ST得润,Android,https://xueqiu.com/6219951047/392524053,0,0,2026-07-08 16:25:08
392526730,8247993686,八十万韭菜总教头,2026-06-03 02:18:18,,$ST得润(SZ002055)$看看别人，看看你，真正的高速铜连接，站岗了。今年赛季估计报销了，等新赛季了,3,4,0,13685,SZ002055,ST得润,Android,https://xueqiu.com/8247993686/392526730,0,0,2026-07-08 16:25:08
392528188,4741337895,Balabalasu,2026-06-03 02:21:14,,$ST得润(SZ002055)$ 封单越来越多了，,1,0,0,5947,SZ002055,ST得润,Android,https://xueqiu.com/4741337895/392528188,0,0,2026-07-08 16:25:08
392531102,4588958348,买在无人问津处,2026-06-03 02:27:24,,$ST得润(SZ002055)$ 走了，不亏不赚，不想在这上面浪费时间了，磨磨唧唧的，管你是洗盘还是杀人，太墨迹了,3,2,0,5743,SZ002055,ST得润,雪球,https://xueqiu.com/4588958348/392531102,0,0,2026-07-08 16:25:08
392532930,1475790449,ST究竟大慧sina,2026-06-03 02:31:15,,$ST得润(SZ002055)$ 横比连接器板块，其他个股已高高在上。作为已剥离负累资产，专注主业、营收排前列、有更换大股东预期的得子，真的是太低估了。我说的是基础逻辑。买在低谷时不是唱高调，真来了你得敢买敢守。,10,37,0,50878,SZ002055,ST得润,HarmonyOS,https://xueqiu.com/1475790449/392532930,0,2,2026-07-08 16:25:08
392535755,8521947411,向强者学习z,2026-06-03 02:37:23,,$ST得润(SZ002055)$ 已经拿了一年了，再拿个一年看看,0,1,0,8380,SZ002055,ST得润,Android,https://xueqiu.com/8521947411/392535755,0,0,2026-07-08 16:25:08
392536774,1818848733,龙虎豹999,2026-06-03 02:39:42,,$ST得润(SZ002055)$ 天天都提前下班啊,0,1,0,5771,SZ002055,ST得润,雪球,https://xueqiu.com/1818848733/392536774,0,0,2026-07-08 16:25:08
392537365,1255983670,股海博弈投,2026-06-03 02:40:45,,$ST得润(SZ002055)$ 熬吧，兄弟们，熬过这个月，7.6号10厘米要来了，看他还能这么肆无忌惮的，所有的St还是要走价值路线,5,8,0,12284,SZ002055,ST得润,Android,https://xueqiu.com/1255983670/392537365,0,0,2026-07-08 16:25:08
392538614,6852018611,牛股伴侣,2026-06-03 02:43:33,,$ST得润(SZ002055)$ 进来就吃两板，明天敢再板就满上,6,1,0,9737,SZ002055,ST得润,Android,https://xueqiu.com/6852018611/392538614,0,0,2026-07-08 16:25:08
392539062,9970243005,大卫家的小橘子,2026-06-03 02:44:33,,$ST得润(SZ002055)$ 如果把鹤山得润单独拿出来上市，按现在的市场行情起码估值100亿以上，所以就算得润最后要靠卖掉鹤山得润的股权还钱，打个八折持股70%作价56亿，还掉11亿债务绰绰有余，而且依然能保持控股。如果法院强行以低价拍卖，那就和抢劫没有区别，不知道法律上允不允许,3,3,0,15977,SZ002055,ST得润,iPhone,https://xueqiu.com/9970243005/392539062,0,1,2026-07-08 16:25:08
392545735,4930071438,晒太阳1234,2026-06-03 02:59:37,,$ST得润(SZ002055)$ 邱家不行啊 故意压住不让涨,1,0,0,8388,SZ002055,ST得润,Android,https://xueqiu.com/4930071438/392545735,0,0,2026-07-08 16:25:08
392556492,6251173988,红苹果红红的,2026-06-03 03:25:33,,$ST得润(SZ002055)$ 风口也要带动你,0,1,0,7500,SZ002055,ST得润,Android,https://xueqiu.com/6251173988/392556492,0,0,2026-07-08 16:25:08
392561237,1418237848,Drffgfff,2026-06-03 03:38:26,,$ST得润(SZ002055)$ 得润旺旺现在叫什么,1,0,0,6852,SZ002055,ST得润,Android,https://xueqiu.com/1418237848/392561237,0,0,2026-07-08 16:25:08
392565997,4423786775,心若白云常自在,2026-06-03 03:54:41,,鹤山得润咱不知道，深圳地铁13号线北延二期本月底开通，位于德雅路站200米距离的得润电子总部两栋楼和地皮应该都升值不少$ST得润(SZ002055)$ $*ST闻泰(SH600745)$,1,9,0,7682,SZ002055,ST得润,Android,https://xueqiu.com/4423786775/392565997,0,0,2026-07-08 16:25:08
392567871,1255983670,股海博弈投,2026-06-03 04:02:34,,$ST得润(SZ002055)$ 同时段的章鼓，福能，创意，复华。远智，看看他们，我好像自信了点,9,3,0,12485,SZ002055,ST得润,Android,https://xueqiu.com/1255983670/392567871,0,0,2026-07-08 16:25:08
392570669,9893519097,龙马精神2526,2026-06-03 04:16:38,,$ST得润(SZ002055)$ 底部上来也就剩20个点了，今天还能封死？,1,0,0,10141,SZ002055,ST得润,Android,https://xueqiu.com/9893519097/392570669,0,0,2026-07-08 16:25:08
392576175,4202117770,短中长线卧倒选手,2026-06-03 04:46:03,,$ST得润(SZ002055)$ 再跌跌，周五去深圳得润现场视察，拷打拷打,1,3,0,8398,SZ002055,ST得润,iPad,https://xueqiu.com/4202117770/392576175,0,0,2026-07-08 16:25:08
392580137,5498037385,有无低估市场说的算,2026-06-03 05:05:58,,$ST得润(SZ002055)$ 整个板块就它跌停，其他大多数大涨,0,0,0,7313,SZ002055,ST得润,Android,https://xueqiu.com/5498037385/392580137,0,0,2026-07-08 16:25:08
392583103,1984899483,退市中国姬松高中,2026-06-03 05:16:04,,$ST得润(SZ002055)$ 已挂跌停板睡觉去了,2,0,0,10701,SZ002055,ST得润,Android,https://xueqiu.com/1984899483/392583103,0,0,2026-07-08 16:25:08
392583751,1818848733,龙虎豹999,2026-06-03 05:18:07,,$ST得润(SZ002055)$ 粤川两大国资 “资本斗法” 全梳理,1,1,0,7231,SZ002055,ST得润,雪球,https://xueqiu.com/1818848733/392583751,0,0,2026-07-08 16:25:06
392584934,7436337398,ywdz,2026-06-03 05:21:56,,$ST得润(SZ002055)$ 来个地天，提升一下板块的气势,5,1,0,7539,SZ002055,ST得润,Android,https://xueqiu.com/7436337398/392584934,0,0,2026-07-08 16:25:06
392585152,4588958348,买在无人问津处,2026-06-03 05:22:40,,$ST得润(SZ002055)$ 这个票真的看不懂，感觉主力在吃单，但是这磨磨唧唧的挺不友好的,4,0,0,7897,SZ002055,ST得润,雪球,https://xueqiu.com/4588958348/392585152,0,0,2026-07-08 16:25:06
392585740,2879128183,无敌菜刀,2026-06-03 05:24:42,,$ST得润(SZ002055)$ 几万手一下吃完，还有继续卖的。加油卖不然你兄弟该羡慕你了,0,0,0,10103,SZ002055,ST得润,Android,https://xueqiu.com/2879128183/392585740,0,0,2026-07-08 16:25:06
392586865,4850557927,山古之人,2026-06-03 05:28:02,,$ST得润(SZ002055)$ 庄家棺材板压不住了,0,0,0,8516,SZ002055,ST得润,雪球,https://xueqiu.com/4850557927/392586865,0,0,2026-07-08 16:25:06
392586994,7104424653,st山顶资本,2026-06-03 05:28:24,,$ST得润(SZ002055)$ 自启动以来，不是涨停就是跌停。,0,1,0,7295,SZ002055,ST得润,雪球,https://xueqiu.com/7104424653/392586994,0,0,2026-07-08 16:25:06
392590711,3948743971,此人可能长期离线,2026-06-03 05:39:48,,$ST得润(SZ002055)$ 今天要地天，板块太热了,4,1,0,7226,SZ002055,ST得润,iPhone,https://xueqiu.com/3948743971/392590711,0,0,2026-07-08 16:25:06
392593855,9893519097,龙马精神2526,2026-06-03 05:49:29,,$ST得润(SZ002055)$ 看看联翔是怎么拉升的,0,0,0,10038,SZ002055,ST得润,Android,https://xueqiu.com/9893519097/392593855,0,0,2026-07-08 16:25:06
392595163,4202117770,短中长线卧倒选手,2026-06-03 05:53:27,,$ST得润(SZ002055)$ 虽然我持有，但这么个走法确实不像是好事,6,0,0,9074,SZ002055,ST得润,iPhone,https://xueqiu.com/4202117770/392595163,0,0,2026-07-08 16:25:06
392599416,3142547131,得瑞盈仓,2026-06-03 06:06:04,,$ST得润(SZ002055)$ 资金大幅流出，今天应该就这样了吧？,0,0,0,8598,SZ002055,ST得润,Android,https://xueqiu.com/3142547131/392599416,0,0,2026-07-08 16:25:06
392599897,5498037385,有无低估市场说的算,2026-06-03 06:07:27,,$ST得润(SZ002055)$ 这两天地板出货大概率是去年年末淘宝拍卖得来的股份,1,0,0,7676,SZ002055,ST得润,Android,https://xueqiu.com/5498037385/392599897,0,0,2026-07-08 16:25:06
392600272,6251173988,红苹果红红的,2026-06-03 06:08:33,,$ST得润(SZ002055)$ 就这样子明天还得一个跌停,0,1,0,8550,SZ002055,ST得润,Android,https://xueqiu.com/6251173988/392600272,0,0,2026-07-08 16:25:06
392604801,8971337238,价值投资是个宝,2026-06-03 06:20:48,,$ST得润(SZ002055)$ 看看今天量能还不少，我又加仓了。,0,1,0,8099,SZ002055,ST得润,雪球,https://xueqiu.com/8971337238/392604801,0,0,2026-07-08 16:25:06
392604986,1353659245,丶沧海一粟丶,2026-06-03 06:21:17,,$ST得润(SZ002055)$ 打个底仓看看情况,0,2,0,6446,SZ002055,ST得润,Android,https://xueqiu.com/1353659245/392604986,0,0,2026-07-08 16:25:06
392608753,6777140022,平静的升值小观星者,2026-06-03 06:30:22,,$ST得润(SZ002055)$ 天天进货，天天挨打，今天休一天，不进了。,1,1,0,7085,SZ002055,ST得润,Android,https://xueqiu.com/6777140022/392608753,0,0,2026-07-08 16:25:06
392611625,5380354349,买点买or卖点卖,2026-06-03 06:36:04,,$ST得润(SZ002055)$ 这走势，明显多空双杀，主力太狠了。涨停走的，等你杀完再回来干你。,0,1,0,7329,SZ002055,ST得润,iPhone,https://xueqiu.com/5380354349/392611625,0,0,2026-07-08 16:25:06
392611931,5330280212,简单的投资小耐心,2026-06-03 06:36:42,,$ST得润(SZ002055)$ 还是你跌停好,0,0,0,6916,SZ002055,ST得润,iPhone,https://xueqiu.com/5330280212/392611931,0,0,2026-07-08 16:25:06
392617503,3948743971,此人可能长期离线,2026-06-03 06:50:57,,$ST得润(SZ002055)$ 最后10分钟地天板来了,3,0,0,6928,SZ002055,ST得润,iPhone,https://xueqiu.com/3948743971/392617503,0,0,2026-07-08 16:25:06
392628280,1505804711,修心谨言wy,2026-06-03 07:23:04,,$ST得润(SZ002055)$ 令人失望，没想到最终还是跌停，明天收盘如跌超2%，就要出异常公告，看白莲花怎么安抚大家。,5,2,0,11813,SZ002055,ST得润,Android,https://xueqiu.com/1505804711/392628280,0,0,2026-07-08 16:25:06
392629212,6646223493,A海宁皮草全国诚,2026-06-03 07:26:52,,$ST得润(SZ002055)$ 涨的时候也没见有什么利好 都是大家所谓的利好罢了 这回跌了也没见什么利空 大家还得找找利空 股还是那支股票 没有任何变化 其实股票就是筹码之间的博弈罢了！,0,6,0,8359,SZ002055,ST得润,iPhone,https://xueqiu.com/6646223493/392629212,0,0,2026-07-08 16:25:06
392636879,8247993686,八十万韭菜总教头,2026-06-03 07:59:32,,$ST得润(SZ002055)$提前挂靴本赛季，等明年新赛季再说。到时再来看今日之得润，谜底会揭开加油吧⛽纯个人记录，无任何投资建议,23,8,0,20196,SZ002055,ST得润,Android,https://xueqiu.com/8247993686/392636879,0,1,2026-07-08 16:25:05
392638326,5386199194,Heisenberg_ST,2026-06-03 08:05:37,,$ST得润(SZ002055)$ 我已经持仓87天了，到明年摘帽还有接近200天，如果是好的优质ST那就是练屁股功夫的好时候，24年18块多买的$声迅股份(SZ003004)$ 现在70多，我就赚了几毛钱,21,18,0,39566,SZ002055,ST得润,Android,https://xueqiu.com/5386199194/392638326,0,1,2026-07-08 16:25:05
392640420,3251556811,敲猪老王,2026-06-03 08:15:11,,不少小伙伴私信我说说得润，其实逻辑已经讲的很清楚了，眼前两条路，白衣骑士或破产重整，其实上述两条对股价都是利好的，至于有揣测核心资产被单独拿去拍卖的是不是有些杞人忧天了。上述道理相信大家也都明白，但看到这个走势是就是不肯相信，有些事是先相信后看见的，不要被k线牵着鼻子走。退一步说，从连板高点到现在调整了15.6%，这不是很正常的调整幅度吗？不知道有什么好担心的$ST得润(SZ002055)$,1,9,0,11412,SZ002055,ST得润,Android,https://xueqiu.com/3251556811/392640420,0,0,2026-07-08 16:25:05
392652582,9906729923,心中之神q,2026-06-03 09:11:14,,$ST得润(SZ002055)$ 没事，企稳了大家都会回来的，我倒是希望磨到6月底,4,1,0,7805,SZ002055,ST得润,Android,https://xueqiu.com/9906729923/392652582,0,0,2026-07-08 16:25:05
392658162,7596037402,均衡的致富财经手,2026-06-03 09:40:58,,$ST得润(SZ002055)$ 怕个锤子，看看英特尔,0,2,0,5461,SZ002055,ST得润,iPhone,https://xueqiu.com/7596037402/392658162,0,0,2026-07-08 16:25:05
392658991,4775243969,老汪学投机,2026-06-03 09:45:58,,看评论，老师们分歧很大，明天再跌估计就彻底放弃了～$ST得润(SZ002055)$,0,0,0,9779,SZ002055,ST得润,iPhone,https://xueqiu.com/4775243969/392658991,0,0,2026-07-08 16:25:05
392660287,0,ST得润(SZ002055),2026-06-03 09:53:08,,ST得润：关于担保事项涉及诉讼的进展公告 网页链接,11,9,0,19743,SZ002055,ST得润,公告,https://xueqiu.com/S/SZ002055/392660287,0,0,2026-07-08 16:25:05
392665919,5942251592,简朴的金条小风车屋,2026-06-03 10:23:17,,$ST得润(SZ002055)$ 看来是真的是想多了，港荣可能纯粹为了中报审计不落个国有资产流失,13,2,0,7948,SZ002055,ST得润,Android,https://xueqiu.com/5942251592/392665919,0,0,2026-07-08 16:25:05
392670055,9027667784,年年有余1996,2026-06-03 10:51:23,,$ST得润(SZ002055)$ 有压力，也是动力，最好双方和解，搞个债转股，皆大欢喜。,1,0,0,4719,SZ002055,ST得润,Android,https://xueqiu.com/9027667784/392670055,0,0,2026-07-08 16:25:05
392671384,1025620481,Pro打火机,2026-06-03 11:01:09,,$ST得润(SZ002055)$ 国资半只脚已经进来了，大家怕啥啊？,1,2,0,8136,SZ002055,ST得润,iPhone,https://xueqiu.com/1025620481/392671384,0,0,2026-07-08 16:25:05
392672067,1255983670,股海博弈投,2026-06-03 11:06:14,,$ST得润(SZ002055)$ 麻烦兄弟们明天按个跌停让我赚5个点进来，谢谢,13,9,0,15410,SZ002055,ST得润,Android,https://xueqiu.com/1255983670/392672067,0,1,2026-07-08 16:25:05
392672230,1221939802,君可知命否,2026-06-03 11:07:29,,$ST得润(SZ002055)$ 不错，明天继续，跌停加100股,0,1,0,6532,SZ002055,ST得润,雪球,https://xueqiu.com/1221939802/392672230,0,0,2026-07-08 16:25:05
392673024,7175168048,新开户的股民,2026-06-03 11:13:09,,$ST得润(SZ002055)$ 无所谓这支明天是涨是跌了。只要未来有希望就行了,0,2,0,5774,SZ002055,ST得润,Android,https://xueqiu.com/7175168048/392673024,0,0,2026-07-08 16:25:05
392676411,1025620481,Pro打火机,2026-06-03 11:38:26,,$ST得润(SZ002055)$ 结合今天发的公告，港荣加码施压，双方再谈且有进展，3年内要么还钱要么接盘，目前属于谈判期，顺德与宜宾是不是不对付？,1,2,0,11520,SZ002055,ST得润,iPhone,https://xueqiu.com/1025620481/392676411,0,0,2026-07-08 16:25:05
392676981,1505804711,修心谨言wy,2026-06-03 11:41:59,,$ST得润(SZ002055)$ 明天如大跌，本人必加仓！,0,3,0,12407,SZ002055,ST得润,Android,https://xueqiu.com/1505804711/392676981,0,0,2026-07-08 16:25:05
392677605,4850557927,山古之人,2026-06-03 11:46:27,,$ST得润(SZ002055)$ 说下几点个人观点：1、5月20日得润异动公告措辞很重：公司称不存在应披露未披露重大事项，也不存在相关“筹划、商谈、意向、协议等”。这其实明显压低“已有明确战投/重整方案但暂不公告”的概率，至少近3-6个月不太可能。所以短期在这块有预期的朋友不要想了。2、近期各种利空利多的公告，个人觉得更多的是债权人、地方资源、潜在资金方之间的博弈或试探。3、港荣这次应该不是单纯为了国资追偿留痕 ，留痕的话没必要这么严重的冻结，更多的是为了增加谈判筹码的概率较高。为何这么认为呢？港荣 2024 年 1 月曾起诉，后来双方磋商，得润承诺分期支付并提供增信担保，港荣在 2024 年 4 月撤诉。现在港荣再次采取诉前保全，说明之前的分期/增信安排没有让港荣满意，或者得润履约进度再次低于港荣预期。4、关于农业现金抵押这块，其实2024 年已经计提预计负债 6675.81 万元。这个原本就是为这个准备的。所以接下来最先要做的是：1、先处理港荣冻结这块。2、其次是债务重排：债务不是单一港荣，而是多条债务线压着：港荣 Meta 回购义务、重庆美达担保、银行债务逾期、历史亏损资产后遗症。3、才是引战投。但更多先在子公司层面，不是直接到上市公司的，ST、债务、诉讼、持续经营不确定性都在，直接接上市公司壳的成本和风险很高。战投肯定都会风险评估的，所以大家不要想那些东西了。4、最后才是靠经营业绩修复摘帽逻辑。好，最后我问下你们，这波上涨的逻辑到底是啥？,3,3,0,19699,SZ002055,ST得润,雪球,https://xueqiu.com/4850557927/392677605,0,0,2026-07-08 16:25:05
392678251,5380354349,买点买or卖点卖,2026-06-03 11:50:55,,$ST得润(SZ002055)$ 得润，我也看好其未来！但必须要认清事实，走势是钱堆出来的，不骗人，谁的钱是大水飘来的？短期大涨概率极小，那种开口闭口涨停的纯属胡言乱语，毫无逻辑可言。目前需要在某个箱体震荡、震荡、再震荡。能坚持的人，就能看到曙光。,10,4,0,12861,SZ002055,ST得润,iPhone,https://xueqiu.com/5380354349/392678251,0,0,2026-07-08 16:25:05
392678418,3850339348,黑马挖掘机2024,2026-06-03 11:52:21,,今晚$ST得润(SZ002055)$ 的两个公告可以和昨天$科陆电子(SZ002121)$ 13 亿元卖深圳光明区厂房的公告结合起来理解：1.得润在光明区的大楼和厂房按照豆包的评估值大概也是十几亿元左右；2.得润凑了六千万现金去替换深圳的这个厂房，无非后续计划就是卖地或者抵押贷款去还钱（银行贷款利率肯定低于四川港荣的年化 8%），这个叫资产盘活；3.鹤山得润要被剥离只有两种方式，一种是被司法拍卖了，那么上市公司肯定需要启动破产重整去对抗，这是好事；一种是被评估转让，那就需要开股东会，控股股东股份这么少，低于一百个亿出售的话，我肯定投反对票。所以后续我们还是静观其变邱老板的见招拆招吧，他当初变相送了上市公司八个多亿，上市公司的市值不到个一两百亿，他咋回本呢？查看图片,7,22,0,36955,SZ002055,ST得润,iPhone,https://xueqiu.com/3850339348/392678418,0,1,2026-07-08 16:25:05
392679097,7104424653,st山顶资本,2026-06-03 11:57:18,,$ST得润(SZ002055)$ 宜宾果子下场了，后面看顺德和深圳怎么操作了，就9个亿深圳国资直接兜底拿下大股东不就完事了嘛。这么好的资产又是土生土长的深圳公司没必要给他人做嫁妆。另外隔壁世运电路二股东五月中旬减持了十几个亿是不是也接盘的？,3,7,0,11708,SZ002055,ST得润,雪球,https://xueqiu.com/7104424653/392679097,0,0,2026-07-08 16:25:05
392680692,5386199194,Heisenberg_ST,2026-06-03 12:06:01,,$ST得润(SZ002055)$ 其实所有的都在年报里面说的清清楚楚的，慢慢等小邱同学来处理就完了，26年得润的任务就是两条:1.化解债务，它也有能力化解，2.剥离亏损让赚钱的业务奔跑起来，只有这样才能符合所有人的需求。,3,17,0,30198,SZ002055,ST得润,Android,https://xueqiu.com/5386199194/392680692,0,1,2026-07-08 16:25:03
392686749,5942251592,简朴的金条小风车屋,2026-06-03 12:48:04,,$ST得润(SZ002055)$ 在小雪找明天涨跌的不如直接去算命。反正命不是好就是差最多也就平昨天和明天股市这玩意不到开盘当时根本不知道主力和趋势怎么走，他们也在随时调整。专业的毕竟是专业。见过想接盘的主力被其他主力按在地上摩擦最后果断第二天割2000w出局的,3,6,0,12217,SZ002055,ST得润,Android,https://xueqiu.com/5942251592/392686749,0,0,2026-07-08 16:25:03
392699708,8595444515,向涨,2026-06-03 14:00:39,,$ST得润(SZ002055)$ 诉前财产保全，冻结了这么多赚钱的子公司，官司都得拖个两年，就算真到了执行阶段，还有大楼，地皮厂房可以卖，问题不大，主要还是防止邱瞎搞财产转移。大楼解封了，多方债权人可能坐下来好好谈一谈了。邱目前控制权岌岌可危，群狼环伺，不退步，也有人帮他体面的。毕竟公司是实实在在赚钱，也是在科技小风口。,0,10,0,15593,SZ002055,ST得润,Android,https://xueqiu.com/8595444515/392699708,0,0,2026-07-08 16:25:03
392700789,9044681934,三河聚盈,2026-06-03 14:06:59,6月4日，个人整理ST板块大事汇总,一、诉讼、账户冻结、资产查封/司法拍卖类1. *ST元道：公司部分IPO募集资金专户及多家银行账户遭法院冻结，合计冻结资金约2074.65万元（占公司净资产1.07%），公司正在排查冻结原因，积极推进账户解冻事宜。2. ST得润：①担保诉讼一审被判承担1.215亿元连带清偿责任，动用6000万元自有资金置换被查封得润大厦，房产已完成解封，案件处在二审阶段，连带偿债风险尚未消除；②因未履行股权回购协议，旗下8家子公司股权被司法冻结。3. *ST新元：就福泉市大数据应用中心建设项目违法转包产生7261.7万元工程款纠纷发起诉讼，法院已立案，暂未排期开庭，诉讼结果存在不确定性。4. ST名家汇：被拖欠酒泉夜间文旅提升工程项目工程款，合计涉诉约1926.75万元，其中起诉肃州区城管局1880.04万元，案件定于2026年6月26日开庭；独立董事杨益完成深交所独董培训，取得任职合格证书。5. *ST中迪：全资子公司中美恒置业名下重庆北部新区地块（评估约6.23亿元）因拖欠工程款，将于2026年7月2日—7月3日司法拍卖。6. ST西王：①境外子公司Iovate加拿大CCAA重整落地、完成股权交割，回款全部用于偿债；②西王集团所持约2亿股（总股本18.53%）股份二次司法拍卖流拍，6月14日起在京东平台开启60天司法变卖，若成交或将变更上市公司实控权。7. ST南都：叠加其他风险警示，公司及子公司合计157个银行账户被冻结，司法申请冻结总额16.25亿元，实际冻结资金5604.47万元；公司成立专项小组，完善担保审批、风控预警与印章管理，内控整改持续落地。二、股权质押、被动减持、持股变动类1. ST恒信：控股股东孟宪民6月2日解除320万股质押，同日等额股份重新质押给王瑞用于第三方担保融资，当前累计质押6165.5万股，占其持股98.58%。2. *ST亚士：控股股东一致行动人润合同彩因融资融券违约，计划6月26日—9月25日被动减持1285.79万股；此前五项违规问题收到上海证监局整改通知，现已全部整改完毕。3. ST迪威迅：上海飒哟港及其一致行动人季红受股本扩容影响，持股数量不变、持股比例被动下滑1.12%，由8.41%降至7.29%。三、重整、预重整、问询延期、转债下修类1. *ST泉为：收到东莞中院预重整受理文书，法院正式启动预重整，广东尚宽律所担任管理人，预重整周期6个月，债权人需在7月6日前完成债权申报。2. *ST高科：需补充问询答复材料、等待律所出具专项意见书，二次申请延期回复上交所异动与对外投资问询，延期不超5个交易日。3. *ST宏图：董事会拟提议第三次下修宏图转债转股价，调价原因为股价长期低于转股价85%，方案后续交由股东大会审议。4. *ST雅博：因核查工作量偏大，延期披露详式权益变动报告书财务顾问核查意见，国资股权划转等各项经营工作正常推进。四、内控整改、董事会换届事项1. ST信源：2025年内控审计被出具否定意见，触发其他风险警示；现已修订存货管理制度、升级供应链系统，全维度自查整改内控体系。2. ST同德：顺利完成新一届董事会、监事会换届选举工作。五、股价异动澄清（连续上涨、异常波动）1. *ST景谷：连续7个交易日涨停，公司澄清无资产重组、资产注入等重大事项，个股带退市警示，存在终止上市风险。2. ST威领：连续三日涨幅偏离超12%触发异动，公司称除净资产为负被实施ST、高管换届、实控权转让推进外，无未披露重大消息，生产经营平稳。3. *ST英飞：三日股价异动，处于庭外重组+预重整筹备阶段，叠加5.07亿债务逾期、证监会立案、多项资产冻结等重大利空。4. *ST瑞茂：三日股价异动，双重风险警示（退市+其他风险），实控人与控股股东全部股权被司法冻结，大额债务逾期、涉多起诉讼，2026年一季度营收同比下滑90.69%。5. *ST清越：三日累计涨幅57.73%，收到证监会行政处罚事先告知书，涉嫌重大信息违法，存在重大退市风险，叠加内控非标警示。#股票# #并购重组# #ST股# 风险提示：以上内容均摘自上市公司公开披露公告，仅做信息整理，不构成任何买入、卖出投资建议，ST/*ST股票风险极高，谨慎参与。三河每日坚持整理ST板块核心事件，共大家参考，大家可以聊聊：你手中持仓的ST股，有哪些关键公告需要重点跟踪？欢迎评论区留言，我会一一回复。,0,3,0,44323,SZ002055,ST得润,Android,https://xueqiu.com/9044681934/392700789,0,0,2026-07-08 16:25:03
392703426,8971337238,价值投资是个宝,2026-06-03 14:21:40,,$ST得润(SZ002055)$ 看来大家期盼的有些事情正在有序且较快地在推进。。邱家已经越来越靠边站了。。今天这两个公告都应该解读为利好。财产保全并不是要执行，协议一出恢复正常即可。,11,8,0,14735,SZ002055,ST得润,雪球,https://xueqiu.com/8971337238/392703426,0,0,2026-07-08 16:25:03
392704894,3850339348,黑马挖掘机2024,2026-06-03 14:30:52,,$英特尔(INTC)$ 今晚又大涨了，cpu 供不应求啊。一个 cpu 对应一个 cpu socket，$ST得润(SZ002055)$ 最终到底能拿到多少订单？半年报、三季报、年报，我们持续关注即可。,1,21,0,30200,SZ002055,ST得润,iPhone,https://xueqiu.com/3850339348/392704894,0,1,2026-07-08 16:25:03
392705925,4290170703,半日农夫,2026-06-03 14:37:34,,$ST得润(SZ002055)$ 主要的几个子公司净利润加起来有接近4个亿，其实是个很好的标的，不考虑其他的任何因素，就单单这些公司加起来在牛市里面怎么也得三四百亿市值。可现实是麻烦事一大堆才会有现在的市值呀，控股权太分散是很大的一个问题，没办法形成强有力的主导去解决这些问题，长园就不一样，要好很多。,8,34,0,64845,SZ002055,ST得润,iPhone,https://xueqiu.com/4290170703/392705925,0,3,2026-07-08 16:25:03
392716497,1027209932,新手法师,2026-06-03 16:09:06,,$ST得润(SZ002055)$ 天天路过，我还进去转过几圈,4,5,0,10578,SZ002055,ST得润,iPhone,https://xueqiu.com/1027209932/392716497,0,0,2026-07-08 16:25:03
392734061,4930071438,晒太阳1234,2026-06-03 23:45:32,,$ST得润(SZ002055)$ 东财那都说今天还有一个地板,2,0,0,9052,SZ002055,ST得润,Android,https://xueqiu.com/4930071438/392734061,0,0,2026-07-08 16:25:03
392742812,1255983670,股海博弈投,2026-06-04 01:05:24,,$ST得润(SZ002055)$ 有点搞不懂，怎么撤拍，冻结这么重要的事情公司好像完全不知情，都是雪球，东财先发现，有点无语，然后公司才反应过来，这是上市公司？还是说我们被针对了，5.18号完全可以公告，然后球友贴出来了，董秘看到了，不得不公告,27,6,0,33265,SZ002055,ST得润,Android,https://xueqiu.com/1255983670/392742812,0,2,2026-07-08 16:25:03
392752629,1505804711,修心谨言wy,2026-06-04 01:38:49,,$ST得润(SZ002055)$ 说到做到，加仓！,2,6,0,10431,SZ002055,ST得润,Android,https://xueqiu.com/1505804711/392752629,0,0,2026-07-08 16:25:03
392753708,9696985456,神圣的致富小翻译师,2026-06-04 01:40:50,,$ST得润(SZ002055)$ 今天前5min成交量不行啊，不如昨天,2,0,0,6913,SZ002055,ST得润,Android,https://xueqiu.com/9696985456/392753708,0,0,2026-07-08 16:25:03
392759165,1785977849,朝光,2026-06-04 01:51:38,,$ST得润(SZ002055)$ 如果说今天能涨停 是不是就是市场合力票,6,0,0,7343,SZ002055,ST得润,iPhone,https://xueqiu.com/1785977849/392759165,0,0,2026-07-08 16:25:03
392762416,4930071438,晒太阳1234,2026-06-04 01:57:51,,$ST得润(SZ002055)$ 这股比京机那是好多了，看看京机再看看这个 感觉很幸运,5,0,0,4368,SZ002055,ST得润,Android,https://xueqiu.com/4930071438/392762416,0,0,2026-07-08 16:25:03
392768071,7852874208,知行bu和一,2026-06-04 02:09:49,,$ST得润(SZ002055)$ 又要关门了吗,0,0,0,3163,SZ002055,ST得润,Android,https://xueqiu.com/7852874208/392768071,0,0,2026-07-08 16:25:03
392769741,7344136760,差不多的曾同学,2026-06-04 02:13:19,,$ST得润(SZ002055)$ 跌停接一点 买定离手,1,1,0,5615,SZ002055,ST得润,iPhone,https://xueqiu.com/7344136760/392769741,0,0,2026-07-08 16:25:03
392771338,7559564936,哪有赌狗总是输,2026-06-04 02:16:49,,$ST得润(SZ002055)$ 无语了，走得像要退市一样,0,0,0,5205,SZ002055,ST得润,iPhone,https://xueqiu.com/7559564936/392771338,0,0,2026-07-08 16:25:03
392771544,6272575192,x198921,2026-06-04 02:17:20,,$ST得润(SZ002055)$ 明天再跌一个板差不多了,0,0,0,4777,SZ002055,ST得润,Android,https://xueqiu.com/6272575192/392771544,0,0,2026-07-08 16:25:03
392771681,1785977849,朝光,2026-06-04 02:17:40,,$ST得润(SZ002055)$ 按了跌停 我们散户还是不行啊,0,0,0,6355,SZ002055,ST得润,iPhone,https://xueqiu.com/1785977849/392771681,0,0,2026-07-08 16:25:03
392771761,8047569022,牵牛娃888,2026-06-04 02:17:51,,$ST得润(SZ002055)$ 下来吧别装了,0,1,0,3767,SZ002055,ST得润,iPhone,https://xueqiu.com/8047569022/392771761,0,0,2026-07-08 16:25:03
392773556,5052290299,雪球彬,2026-06-04 02:21:42,,$ST得润(SZ002055)$ 想走的赶紧，看好的就去打螺丝了,0,0,0,6681,SZ002055,ST得润,雪球,https://xueqiu.com/5052290299/392773556,0,0,2026-07-08 16:25:01
392773854,4670625346,飞龙在天an,2026-06-04 02:22:23,,$ST得润(SZ002055)$ 什么时候可以真正的涅槃重生？被冻结股权，确定归属后？,0,2,0,4875,SZ002055,ST得润,Android,https://xueqiu.com/4670625346/392773854,0,0,2026-07-08 16:25:01
392775366,1505804711,修心谨言wy,2026-06-04 02:25:47,,$ST得润(SZ002055)$ 越跌越买，又回到原来的低位了,1,5,0,8619,SZ002055,ST得润,Android,https://xueqiu.com/1505804711/392775366,0,0,2026-07-08 16:25:01
392775629,7104424653,st山顶资本,2026-06-04 02:26:21,,$ST得润(SZ002055)$ 回到启动前了,0,1,0,4037,SZ002055,ST得润,雪球,https://xueqiu.com/7104424653/392775629,0,0,2026-07-08 16:25:01
392776538,3275764348,墨尔本获总首席BF,2026-06-04 02:28:33,,$ST得润(SZ002055)$ 跌停价666这个口号适合明天反攻？,0,3,0,6624,SZ002055,ST得润,Android,https://xueqiu.com/3275764348/392776538,0,0,2026-07-08 16:25:01
392776742,7400452661,我看行哦,2026-06-04 02:29:05,,$ST得润(SZ002055)$ 润啊，再回到6块，咱们重新处,0,5,0,5999,SZ002055,ST得润,Android,https://xueqiu.com/7400452661/392776742,0,0,2026-07-08 16:25:01
392777222,5386199194,Heisenberg_ST,2026-06-04 02:30:06,,今天就是满仓跌停的感觉，$ST得润(SZ002055)$ 前面接近30个点大肉现在只有19个点。$ST标准(SH600302)$ 连续两个跌停，CTMD，又加了点🐶得润，加不动了，顶多再加最后一次。这个货今年还是绿的,13,7,0,60967,SZ002055,ST得润,Android,https://xueqiu.com/5386199194/392777222,0,0,2026-07-08 16:25:01
392777350,4588958348,买在无人问津处,2026-06-04 02:30:18,,$ST得润(SZ002055)$ 没意思，这票真没意思,0,1,0,4600,SZ002055,ST得润,雪球,https://xueqiu.com/4588958348/392777350,0,0,2026-07-08 16:25:01
392778536,5498037385,有无低估市场说的算,2026-06-04 02:32:58,,$ST得润(SZ002055)$ 说难听点就是故意的,0,3,0,5669,SZ002055,ST得润,Android,https://xueqiu.com/5498037385/392778536,0,0,2026-07-08 16:25:01
392779305,6746233683,星潮笔记,2026-06-04 02:34:49,,$ST得润(SZ002055)$ 风里雨里，原地等你,4,5,0,8618,SZ002055,ST得润,Android,https://xueqiu.com/6746233683/392779305,0,0,2026-07-08 16:25:01
392779764,4600297577,且醉且饮,2026-06-04 02:35:44,,$ST得润(SZ002055)$ 真想要，现在二级市场买都买的到大股东，最多花3亿,0,1,0,6752,SZ002055,ST得润,iPhone,https://xueqiu.com/4600297577/392779764,0,0,2026-07-08 16:25:01
392782144,4588958348,买在无人问津处,2026-06-04 02:40:54,,$ST得润(SZ002055)$ 又是老套路，这位置玩这套有啥意义呀,0,0,0,4758,SZ002055,ST得润,雪球,https://xueqiu.com/4588958348/392782144,0,0,2026-07-08 16:25:01
392782829,9696985456,神圣的致富小翻译师,2026-06-04 02:42:29,,$ST得润(SZ002055)$ 今天怎么回事,1,0,0,6932,SZ002055,ST得润,Android,https://xueqiu.com/9696985456/392782829,0,0,2026-07-08 16:25:01
392783700,7666614173,均衡的财经小啄木鸟,2026-06-04 02:44:37,,$ST得润(SZ002055)$ 还好开盘就跑了，拜拜咯各位大拿，大v，大神,0,1,0,8729,SZ002055,ST得润,iPhone,https://xueqiu.com/7666614173/392783700,0,0,2026-07-08 16:25:01
392784547,4916351292,静等丰收,2026-06-04 02:46:46,,$ST得润(SZ002055)$ 还剩10%的利润了要不要卖，散户挣点钱太难了。,3,0,0,5171,SZ002055,ST得润,Android,https://xueqiu.com/4916351292/392784547,0,0,2026-07-08 16:25:01
392785862,4741337895,Balabalasu,2026-06-04 02:49:55,,$ST得润(SZ002055)$ 开始怀疑人生了，大资金到底是提前得到了什么消息，需要这么拉高然后疯狂出逃？,0,0,0,4770,SZ002055,ST得润,雪球,https://xueqiu.com/4741337895/392785862,0,0,2026-07-08 16:25:01
392786107,9669696670,深耕ST与可转债,2026-06-04 02:50:21,,$ST得润(SZ002055)$ 哎，还好开盘没加仓，前几天加的也被埋，太难了😫,0,2,0,6190,SZ002055,ST得润,Android,https://xueqiu.com/9669696670/392786107,0,0,2026-07-08 16:25:01
392786139,7800901111,南迦巴瓦888,2026-06-04 02:50:25,,$ST得润(SZ002055)$ 第二个京机 不知道要害死多少人,0,8,0,9344,SZ002055,ST得润,雪球,https://xueqiu.com/7800901111/392786139,0,0,2026-07-08 16:25:01
392787576,3770237990,清淇一帆,2026-06-04 02:53:46,,阳光股份、st得润、st美芝，三家选一家，我选了得润，买完发现不对，应该选妹纸，然后得润已经被套就想回本，本来定的中线得润，一旦被套就想回本换妹纸，虽然仓位很小，但是这种思维是严重不对的，哎，散户思维害死人啊。以后必须对所谓没有事件全靠炒估值的股票要小心，得润炒的就是因为CPU爆单导致的基本面好转，这只主板逻辑，在st板有大量因素制约，业务好已经不是高优先级的事情了，得润控制权问题，债务问题 都没有解决，业绩好短期又看不到财务报表，控制权变更路线不清晰，这些都是问题，不能拿主板逻辑套用st，切记。说说阳光，本质上阳光今年必须有动作，而且要合并报表，而且怎么也得合2亿营收进来，所以就导致丹总必须快速收购资产完成并表，而且丹总已经借钱了，有动作了，让我不敢买入的原因是，开盘啦给她标了“游资”标签，被游资搞怕了，动不动就高点核按钮，所以没敢买。再说说妹纸，妹子确实很好，一步赶不上步步赶不上...外出小仓位打野反复被锤，现有瑞和，现有得润，我是不是该聚拢资金了？,20,9,0,23416,SZ002055,ST得润,雪球,https://xueqiu.com/3770237990/392787576,0,2,2026-07-08 16:25:01
392788263,9915563744,价投一高位被套,2026-06-04 02:55:22,,$ST得润(SZ002055)$纵观历次上涨停，巨量换手之后都是一地鸡毛，然后阴跌大半年。。。循环往复。坑了一批又一批。,0,2,0,8131,SZ002055,ST得润,Android,https://xueqiu.com/9915563744/392788263,0,0,2026-07-08 16:25:01
392790007,8493891755,tamama12345,2026-06-04 02:59:29,,$ST得润(SZ002055)$ 三个跌停了 给主力叫爸爸,1,2,0,7070,SZ002055,ST得润,iPhone,https://xueqiu.com/8493891755/392790007,0,0,2026-07-08 16:24:59
392793570,9893519097,龙马精神2526,2026-06-04 03:08:27,,$ST得润(SZ002055)$ 跟昨天一样，就拉几分钱是干嘛的,0,0,0,9466,SZ002055,ST得润,Android,https://xueqiu.com/9893519097/392793570,0,0,2026-07-08 16:24:59
392795603,8160881721,威严的股票巨人,2026-06-04 03:13:42,,$ST得润(SZ002055)$ 今天买了一点，估计接下来会反弹一下,0,1,0,6584,SZ002055,ST得润,iPhone,https://xueqiu.com/8160881721/392795603,0,0,2026-07-08 16:24:59
392796638,8486540964,我是夹头哥,2026-06-04 03:16:21,,$ST得润(SZ002055)$ 开了，要不要跑路？,4,0,0,8872,SZ002055,ST得润,Android,https://xueqiu.com/8486540964/392796638,0,0,2026-07-08 16:24:59
392800370,3142547131,得瑞盈仓,2026-06-04 03:26:13,,$ST得润(SZ002055)$ 跌停看看今晚白莲花怎么说。,0,0,0,8893,SZ002055,ST得润,Android,https://xueqiu.com/3142547131/392800370,0,0,2026-07-08 16:24:59
392801887,9970243005,大卫家的小橘子,2026-06-04 03:30:14,,$ST得润(SZ002055)$ 今年所有pc连接器产业链至少都是翻倍起步，无论盈利的，微利的，甚至亏损的都翻了几倍，只有得润这个熊样，唯一解释是得润的股权和债务问题消耗掉了所有利好，市场担心得润是否可以留住核心子公司，经营能不能存续，短期看这两个问题不解决，不可能有任何大行情,0,1,0,8449,SZ002055,ST得润,iPhone,https://xueqiu.com/9970243005/392801887,0,0,2026-07-08 16:24:59
392803948,1505804711,修心谨言wy,2026-06-04 03:36:33,,$ST得润(SZ002055)$ 肉眼可见的低位，这个位置还害怕，请去买正股，ST板块不适合你！,0,5,0,12364,SZ002055,ST得润,Android,https://xueqiu.com/1505804711/392803948,0,0,2026-07-08 16:24:59
392806439,1255983670,股海博弈投,2026-06-04 03:45:05,,$ST得润(SZ002055)$ 感觉市场担心的是邱家愿不愿意放手，就怕他掀桌子，反正他啥都没了，资本又无情，也在逼他，之前冻结的是得润大厦，然后公司说得润大厦是核心资产，然后解冻了，给他6000万先冻着，然后商量着每过一段时间给一点，重庆开始是同意的，然后5.18号又把所有子公司全部冻结了，还有之前重庆拍卖大股东股份，重庆自己也撤销了，到5.18就冻结所有子公司，有能看懂这个行为吗？,5,2,0,17753,SZ002055,ST得润,Android,https://xueqiu.com/1255983670/392806439,0,0,2026-07-08 16:24:59
392807252,1446996436,期权铁鹰之翼,2026-06-04 03:48:13,,$ST得润(SZ002055)$ 高点卖了。听一个去股东大会还去参观厂房的朋友说，企业经营真实。但是这个连接器，英特尔有三个供货商，订单不是那么充足，不属于瓶颈。要是像高端内存那样紧缺就牛逼了，必定几十倍上涨。我也问了控股权是否会变更，他说这个阶段不好说。他一说我一听而已，关键还是看图操作。现实反复教育，不是谁越知道真相越赚钱，而是有实力买入的知道哪些相信哪些。当然这是针对短期而言，长期几年下来一定是称重机。,11,6,0,27313,SZ002055,ST得润,Android,https://xueqiu.com/1446996436/392807252,0,2,2026-07-08 16:24:59
392807727,6789417896,zfauir,2026-06-04 03:50:01,,$ST得润(SZ002055)$ 准备集中优势兵力，搞一次歼灭战,0,1,0,11471,SZ002055,ST得润,Android,https://xueqiu.com/6789417896/392807727,0,0,2026-07-08 16:24:59
392811639,7204187508,勇者计划,2026-06-04 04:08:46,,$ST得润(SZ002055)$ 跌下来，跌到位，又可以玩了。节奏把握好的人赢麻了,0,1,0,11262,SZ002055,ST得润,Android,https://xueqiu.com/7204187508/392811639,0,0,2026-07-08 16:24:59
392811747,1255983670,股海博弈投,2026-06-04 04:09:25,,$ST得润(SZ002055)$ 公司积极与债务人沟通，协商解决方案，双方也在积极寻找产业合作机会，同时通过引入战略投资者，处置资产解决债务问题，寻找产业合作机会。开始了吗？引入战略投资者，有了吗？处置资产，哪个资产？有无开始,10,8,0,25529,SZ002055,ST得润,Android,https://xueqiu.com/1255983670/392811747,0,1,2026-07-08 16:24:59
392817130,9329310049,牛股引力,2026-06-04 04:41:06,,$ST得润(SZ002055)$ 参考景峰，四川果子不谈了掀桌子，重启诉讼冻结核心资产，深圳果子也不从中协调了，控制权没到手就往死里整，如何代价最小就如何处理。化债+国有资产保值+产业升级，实控人该放手了，毕竟还能保留点股份。,1,2,0,11717,SZ002055,ST得润,Android,https://xueqiu.com/9329310049/392817130,0,0,2026-07-08 16:24:59
392818178,6549060841,韭菜想炒股致富,2026-06-04 04:47:38,,$ST得润(SZ002055)$ 邱家赶紧滚蛋，做个二股东不好吗,0,0,0,11137,SZ002055,ST得润,iPhone,https://xueqiu.com/6549060841/392818178,0,0,2026-07-08 16:24:59
392820137,4670625346,飞龙在天an,2026-06-04 04:59:41,,$ST得润(SZ002055)$四川宜宾法院冻结得润电子8家核心子公司股权（含柏拉蒂、鹤山得润），涉资9亿，冻结3年。深圳光明区朝凤路366号得润大厦，法院裁定结果：已获批解封、走不动产解押登记流程，四川宜宾法院冻结8家核心子公司股权（含柏拉蒂、鹤山得润），涉资9亿，冻结3年。宜宾果子与深圳果子掀桌子了还是？得润大厦解冻是好事 。网络解冻路径分析，靠谱吗？一、先厘清核心：柏拉蒂≠世运电路控股，冻结只冻【得润持有的45.25%股权】（关键误区）1、柏拉蒂真实股权结构（工商+深交所公告）1. 顺益亚太（畲英杰个人主体、与世运上市公司隔离）：45.63%（第一大股东、董事长由畲英杰出任），这部分股权不在宜宾法院冻结范围内；2. ST得润电子：45.25%（被宜宾中院全额冻结，出资额2372.56万元，冻结2026.5.12-2029.5.11） ；3. 得柏智连（员工持股平台）：9.1255%，无冻结。结论：世运上市公司（603920）零持股柏拉蒂；冻结标的只是上市公司得润手里的柏拉蒂股权，畲英杰45.63%实控股权完好无损、不受保全限制。2、本次9亿冻结根源：港荣集团（四川宜宾国资平台）对赌回购纠纷- 2019年港荣出资入股意大利Meta（美达），协议约定：若Meta无法上市，得润电子全额回购港荣投资本金+年化8%收益，合计本息约9亿元；- Meta破产出表、上市落空，2023年触发回购，得润无力兑付→港荣（宜宾本土国资）在宜宾中院提起诉前保全，冻结得润旗下8家核心子公司（鹤山得润、柏拉蒂、科世得润等）全部持股，只冻得润上市公司所持股权，不冻子公司自身资产、不冻其他股东股权 。3、对柏拉蒂日常经营影响1. 股权层面：得润不能转让、质押手里45.25%柏拉蒂股权；畲英杰45.63%可正常表决、增资、业务运营，柏拉蒂生产、接单、世运PCB供货合作完全不受干扰；2. 经营层面：子公司账户、厂房、订单、员工正常运转，保全只限制上市公司股东的股权处置权，不限制标的公司经营。二、8家子公司股权解冻四大路径+概率分级（信息仅供参考，不构成投资建议）冻结期限法定3年（2026.5~2029.5），四种提前解冻方式，无硬性必须冻满3年路径1：现金全额清偿9亿回购款【概率：低（15%以内）】得润账面现金流紧缺，重庆美达5.48亿借款诉讼一审全败、大额债权坏账计提，无力一次性兑付9亿本息；仅深圳得润大厦变现可凑部分资金，但大厦刚走完司法解封流程、处置周期漫长。路径2：债务重组/债转股（宜宾港荣国资入主，最高概率60%）1. 原告是宜宾本土国资港荣集团，冻结核心目的：锁定优质底层资产（柏拉蒂车载+算力连接器、鹤山工业园），倒逼谈判，并非直接拍卖股权；2. 落地方案：港荣豁免部分利息，9亿债权转得润上市公司股权/得润所持柏拉蒂+鹤山得润股权；完成债转后，港荣向宜宾中院申请解除全部股权冻结；3. 联动畲英杰：畲英杰已经重仓柏拉蒂，大概率配合宜宾国资落地重组，实现产业+国资双重背书。路径3：第三方（畲英杰/顺德国资/世运关联资本）提供等值担保换解冻【概率30%，短期最易落地】司法规则：被保全方提供债权人认可的等值现金/不动产担保，法院必须裁定提前解除股权冻结；可选担保物:- 方案A：畲英杰顺益亚太出部分现金质押；- 方案B：已解封的深圳得润大厦（估值7.5~9.5亿）做抵押担保，置换8家子公司股权解冻；优势：不用还债、只做增信，保全标的物从股权换成房产，柏拉蒂、鹤山股权立刻解冻，利于后续资产注入、融资。路径4：诉讼败诉、保全解除 / 三年到期港荣未续冻自动解封【概率25%】1. 得润上诉抗辩对赌条款无效，若终审胜诉，保全撤销、股权即时解冻；但对赌协议白纸黑字，胜诉难度极大；2. 满3年（2029.5）港荣没向法院申请续冻，股权依法自动解冻；但国资大概率到期续冻，被动等待成本过高。三、世运+畲英杰后续推演1. 短期（半年内）：畲英杰不受股权冻结约束，继续推进世运→柏拉蒂PCB配套供货，柏拉蒂生产不受影响；依托深圳大厦资产协商担保解冻得润持有的柏拉蒂股权；2. 中期（1~2年）：两种走向- 宜宾港荣债转股入驻得润，国资+畲英杰双主导，优质资产（柏拉蒂）留在体系内，冻结分批解除；- 得润无力化解债务，得润持有的45.25%柏拉蒂股权后续司法拍卖，优先接盘方就是畲英杰顺益亚太，完成柏拉蒂全资靠拢畲英杰、与世运深度绑定。总结:1. 冻结只锁得润手里股权，畲英杰控股柏拉蒂45.63%安然无恙，经营不受限；2. 最优解冻路线：宜宾国资债转股＞深圳大厦抵押担保置换解冻＞全额还钱＞被动等3年到期；3. 本次冻结实质是宜宾国资拿优质资产倒逼重组，反而加速畲英杰+世运产业链落地。得润电子光明得润大厦（深圳）解冻完整现状【截至2026.6.4，深交所公告为准，信息仅供参考，不构成投资建议】地址：深圳光明区朝凤路366号得润大厦一、法院裁定结果：已获批解封、走不动产解押登记流程1. 2026年3月初：璧山法院出具裁定书，批准用6000.09万专项银行存款替换保全标的物，正式裁定解除得润大厦查封冻结 ；规则：冻结公司一笔6000万专户存款替代房产查封，大厦法律层面已经解除保全限制。2. 2026年3月中旬公告：此前3.4公告还显示大厦维持查封，后续法院补裁定变更保全方案，工业园厂房、宿舍早已全部解冻完成，只剩大厦做不动产登记撤封手续 。3. 当前状态（6月初）：法院文书已生效，大厦司法查封解除；正在深圳不动产登记中心办注销查封备案，实体资产解冻落地中，法律上不再被司法锁定 。二、分三块资产区分（别混淆）1. 得润大厦（主楼写字楼）：裁定解封、办不动产撤封手续，无司法查封限制，估值7.5~9.5亿，目前正常对外出租经营；2. 光明工业园厂房+员工宿舍：2026年3月已全部办结解冻，完全自由 ；3. 车公庙少量旧办公房产：另一笔单独担保查封，不在本次璧山法院解封范围，仍处于冻结。三、关键背景（和世运/畲英杰关联）1. 查封源头：重庆美达农行担保6600万欠款，美达已陆续归还800万，剩余债务由得润6000万专户存款兜底保全，不用处置大厦资产 ；2. 大厦解封=核心优质不动产盘活，方便后续抵押融资、资产打包注入柏拉蒂（畲英杰控股合资公司），也是世运产业链合作的底层资产落地条件。四、遗留风险1. 6月3日新增利空：四川宜宾法院冻结8家核心子公司股权（含柏拉蒂、鹤山得润），涉资9亿，冻结3年，不影响深圳房产产权，只限制子公司股权转让 ；2. 大厦只解除重庆农行这笔司法查封，无其他轮候查封公告，无别的法院冻结记录。总结:法院已正式判决解冻得润大厦，只差不动产登记销查封手续，法律层面解冻完成；厂房宿舍全解封，仅剩车公庙零星房产仍查封。,9,4,0,23437,SZ002055,ST得润,Android,https://xueqiu.com/4670625346/392820137,0,3,2026-07-08 16:24:59
392821433,9027667784,年年有余1996,2026-06-04 05:06:08,,$ST得润(SZ002055)$ 游资割肉走了，主力拉地天？,0,2,0,9761,SZ002055,ST得润,Android,https://xueqiu.com/9027667784/392821433,0,0,2026-07-08 16:24:59
392823119,6375274736,退休老王生活,2026-06-04 05:12:13,,$ST得润(SZ002055)$ 今天这个跌停不敢接的人，的确不配玩st，老王是满仓接的，必须痛打主力。,22,7,0,15493,SZ002055,ST得润,Android,https://xueqiu.com/6375274736/392823119,0,0,2026-07-08 16:24:59
392827874,9472917180,trashfinder911,2026-06-04 05:28:44,,徐徐图之$ST得润(SZ002055)$,0,13,0,16861,SZ002055,ST得润,iPhone,https://xueqiu.com/9472917180/392827874,0,0,2026-07-08 16:24:59
392836385,9696985456,神圣的致富小翻译师,2026-06-04 05:54:10,,$ST得润(SZ002055)$ 感觉没人关注了,0,0,0,8448,SZ002055,ST得润,Android,https://xueqiu.com/9696985456/392836385,0,0,2026-07-08 16:24:59
392836665,6549060841,韭菜想炒股致富,2026-06-04 05:54:58,,$ST得润(SZ002055)$ 跟板块形成强烈反差，垃圾,0,0,0,7893,SZ002055,ST得润,iPhone,https://xueqiu.com/6549060841/392836665,0,0,2026-07-08 16:24:57
392841553,9696985456,神圣的致富小翻译师,2026-06-04 06:08:43,,$ST得润(SZ002055)$ 没地板，买卖的都是散户了，都没啥成交量,1,1,0,8955,SZ002055,ST得润,Android,https://xueqiu.com/9696985456/392841553,0,0,2026-07-08 16:24:57
392857182,7175168048,新开户的股民,2026-06-04 06:50:27,,$ST得润(SZ002055)$ 今天别的都跌停，你不跌停？,0,0,0,4208,SZ002055,ST得润,Android,https://xueqiu.com/7175168048/392857182,0,0,2026-07-08 16:24:57
392858224,1418237848,Drffgfff,2026-06-04 06:53:29,,$ST得润(SZ002055)$ 旺哥现在改名叫什么,5,1,0,5060,SZ002055,ST得润,Android,https://xueqiu.com/1418237848/392858224,0,0,2026-07-08 16:24:57
392859767,4930071438,晒太阳1234,2026-06-04 06:58:20,,$ST得润(SZ002055)$ 尾盘又杀了一波,0,0,0,5361,SZ002055,ST得润,Android,https://xueqiu.com/4930071438/392859767,0,0,2026-07-08 16:24:57
392861575,9696985456,神圣的致富小翻译师,2026-06-04 07:03:33,,$ST得润(SZ002055)$ 下午没啥成交量了,0,0,0,7935,SZ002055,ST得润,Android,https://xueqiu.com/9696985456/392861575,0,0,2026-07-08 16:24:57
392862147,7800901111,南迦巴瓦888,2026-06-04 07:05:03,,$ST得润(SZ002055)$ 日线macd都放出绿柱子了 不是好事,0,0,0,9377,SZ002055,ST得润,雪球,https://xueqiu.com/7800901111/392862147,0,0,2026-07-08 16:24:57
392865491,3402666441,暗夜危机,2026-06-04 07:14:42,,$ST得润(SZ002055)$ ;9亿元的债务，不至于目前静待白衣大侠接手；属于高概率事件。整体来说，有风险，但不至于较大风险；值得一博。,1,1,0,6989,SZ002055,ST得润,雪球,https://xueqiu.com/3402666441/392865491,0,0,2026-07-08 16:24:57
392866766,1505804711,修心谨言wy,2026-06-04 07:17:02,,$ST得润(SZ002055)$ 连续三天跌幅超12%，看董秘怎么说，会不会又说没有这个没有那个业务,3,3,0,11338,SZ002055,ST得润,Android,https://xueqiu.com/1505804711/392866766,0,0,2026-07-08 16:24:57
392874447,5189758266,随境流转,2026-06-04 07:46:41,,回复@st大金毛: St得润，金毛总怎么不关注关注的，潜力不小//@st大金毛:回复@随境流转:在，东智这种也是等消息，,1,1,0,7256,SZ002055,ST得润,Android,https://xueqiu.com/5189758266/392874447,0,0,2026-07-08 16:24:57
392874989,8431285984,沱樵,2026-06-04 07:49:13,,尊敬的农夫哥@半日农夫 ，相信002055各方目前是“博弈”状态，共同的利益来让大家吵吵闹闹又不断坐下来，最终目前还是得解决现在ST得润所面临的问题而不是打死它，达成即期债务和预期收益之间的平衡和解，从而恢复这个与信息领域强相关企业应有的价值。从6.65元跌到5.22元时，跌了22%，痛木了，最后在5.22元买了点，这次也很痛，已经跌了20%，随着大盘走软，也许还会突破22%的跌幅，但只要没有不可避免的退市风险，就值得坚守。后面，得润还有什么更严重的“黑天鹅”吗？请各位大佬就事论事给予指点，谢谢。,1,2,0,6048,SZ002055,ST得润,雪球,https://xueqiu.com/8431285984/392874989,0,0,2026-07-08 16:24:57
392883087,9027667784,年年有余1996,2026-06-04 08:25:54,,$ST得润(SZ002055)$ 果然是杀游资，也有游资进去。,3,3,0,6785,SZ002055,ST得润,Android,https://xueqiu.com/9027667784/392883087,0,0,2026-07-08 16:24:57
392884082,5498037385,有无低估市场说的算,2026-06-04 08:30:42,,$ST得润(SZ002055)$ 龙虎榜出来了，全是散户进去，游资跑路,8,0,0,9198,SZ002055,ST得润,Android,https://xueqiu.com/5498037385/392884082,0,0,2026-07-08 16:24:57
392900080,7596037402,均衡的致富财经手,2026-06-04 09:48:19,,$ST得润(SZ002055)$ 武定路是哪个大神。应该是他翘板。特别奇怪的是他st前买了4个小目标，被埋了,2,1,0,6318,SZ002055,ST得润,iPhone,https://xueqiu.com/7596037402/392900080,0,0,2026-07-08 16:24:57
392900216,9998385897,淡定哥23,2026-06-04 09:49:09,,$ST得润(SZ002055)$ $*ST元道(SZ301139)$ $ST京蓝(SZ000711)$ ST得润（002055）一、行业风口黄仁勋Computex明确：AI产业重心转向高速硬件互联，机架内部优先选用铜缆替代光模块。公司主营DDR5内存连接器、CPU插座、服务器高速铜连接件，精准契合行业发展红利。二、基本面与产能1. 业务拆分：精密连接器营收12.42亿，毛利率36.91%，为全公司高毛利核心算力资产；家电线束、汽车电气为传统基础业务，毛利率偏低。2. 鹤山二期项目：产能全部投向英特尔链服务器连接器，2026年逐步爬坡量产，是公司扭亏、业绩放量关键。3. 历史问题：存量逾期债务约11.25亿，过往亏损被ST；原实控人持股仅剩5.68%，公司股权分散、无实控人，便于国资并购整合。三、客户资质英特尔官方认证合作供应商，国内少数可量产DDR5、服务器CPU连接器的内资企业，配套联想、戴尔、惠普等Intel体系服务器厂商，算力订单有实质支撑。四、资本&amp;重组逻辑（年报官方披露脱困方案）1. 引入战投落地：世运原实控人佘英杰出资1.2亿元，控股核心算力子公司柏拉蒂45.63%股权；佘英杰持有世运大额股份，近期世运减持，市场预期套现资金持续加码柏拉蒂扩产。2. 债权重组：宜宾国资、顺德国资手握大额债权，存在债转股入主上市公司预期，国资落地收购概率较高。3. 公司发展方向：集中资源做大高毛利精密连接器，依托鹤山二期产能实现扭亏摘帽。五、盘面走势近期从8元上方连续回落至现价6.72元，短线游资高位出货洗盘、筹码充分换手，低位恐慌盘基本出清，下方6.5-6.6元是前期股权拍卖成本支撑区，进一步深跌空间被锁死。催化分层：短线受益AI铜缆产业利好；中线看鹤山二期产能释放、业绩改善；长线博弈国资重组落地、摘帽。六、风险提示1. 国资重组仅为规划方向，暂无落地公告，存在延期落地可能；2. 鹤山二期产能爬坡、下游服务器需求不及预期影响盈利；3. 仍处ST，全年无法扭亏存在退市隐患。风险提示：内容仅基于公开资料整理，不构成投资建议,0,6,0,13217,SZ002055,ST得润,Android,https://xueqiu.com/9998385897/392900216,0,3,2026-07-08 16:24:57
392903716,9699396049,蠢蠢的ft,2026-06-04 10:04:58,,$ST得润(SZ002055)$ 这公司真牛逼，异动公告发的，巴不得自己公司股价不涨呢,2,0,0,7406,SZ002055,ST得润,iPhone,https://xueqiu.com/9699396049/392903716,0,0,2026-07-08 16:24:57
392904249,0,ST得润(SZ002055),2026-06-04 10:06:07,,ST得润：股票交易异常波动公告 网页链接,3,0,0,18898,SZ002055,ST得润,公告,https://xueqiu.com/S/SZ002055/392904249,0,0,2026-07-08 16:24:57
392905902,3850339348,黑马挖掘机2024,2026-06-04 10:15:36,,$ST得润(SZ002055)$ 今天这个龙虎榜肯定是不及预期的，既然这个位置主力无意拉升，那就等股价再跌回到 6 块左右再加仓吧，这个票适合能拿到明年年底的耐心资本,8,17,0,29671,SZ002055,ST得润,iPhone,https://xueqiu.com/3850339348/392905902,0,2,2026-07-08 16:24:57
392907331,1505804711,修心谨言wy,2026-06-04 10:24:51,,$ST得润(SZ002055)$ 大家能不能把莲花扫地出门,0,3,0,10919,SZ002055,ST得润,Android,https://xueqiu.com/1505804711/392907331,0,0,2026-07-08 16:24:57
392908424,5942251592,简朴的金条小风车屋,2026-06-04 10:31:21,,$ST得润(SZ002055)$ 武定路格局确实大，5.18发动行情大佬一直到现在,2,8,0,8892,SZ002055,ST得润,Android,https://xueqiu.com/5942251592/392908424,0,0,2026-07-08 16:24:57
392908500,1758597514,用户1758597514,2026-06-04 10:32:00,,$ST得润(SZ002055)$ 这朵笔莲拿着工资干啥的开个股东大会把这货给开了先,0,7,0,7319,SZ002055,ST得润,iPhone,https://xueqiu.com/1758597514/392908500,0,0,2026-07-08 16:24:55
392913469,1984899483,退市中国姬松高中,2026-06-04 11:05:36,,$ST得润(SZ002055)$ 建议民企美的再来收购一家上市公司股权顺便把四川那笔债权也一并收掉。两家地方国资弱鸡互啄实在看不下去。,1,5,0,11725,SZ002055,ST得润,Android,https://xueqiu.com/1984899483/392913469,0,2,2026-07-08 16:24:55
392914964,4259867517,烟花一半醒,2026-06-04 11:15:39,,$ST得润(SZ002055)$ 十个亿成交额，榜上才多少，慢慢等就是了，油加满，卧倒就完事了,0,2,0,10473,SZ002055,ST得润,雪球,https://xueqiu.com/4259867517/392914964,0,0,2026-07-08 16:24:55
392930036,5498037385,有无低估市场说的算,2026-06-04 12:59:27,,$ST得润(SZ002055)$ 得润的老人，还有谁在？,1,2,0,8615,SZ002055,ST得润,Android,https://xueqiu.com/5498037385/392930036,0,0,2026-07-08 16:24:55
392933036,1505804711,修心谨言wy,2026-06-04 13:18:56,,$ST得润(SZ002055)$ 今晚终于安静下来了，该走的都走了,1,5,0,12279,SZ002055,ST得润,Android,https://xueqiu.com/1505804711/392933036,0,0,2026-07-08 16:24:55
392934450,9970243005,大卫家的小橘子,2026-06-04 13:28:11,,$ST得润(SZ002055)$ 关于得润的一些个人推测，1 很多朋友说破产重组，个人推测可能性不高，因为得润并没有到资不抵债的地步，得润仍然有很多优质资产可以用来还债，比如大厦，厂房，尤其还有优质的子公司股权，法院很难会同意走破产重整。 2 定增引入战投，也基本没有可能，因为得润财务造假被st，短期内证监会不会批准定增。 3 二级市场举牌，个人认为也不太可能，因为付出的成本过高，从二级市场买入股票成为大股东，然后还得面临十一个亿的债务，得不偿失没必要。我认为可能性最高的就是前些天处理柏拉蒂股权的路数，出卖一些子公司的股权引入外部投资人，换来现金流还债，这是得润和外部自己都能接受的方式，但是出卖子公司股权尤其是鹤山得润股权，会让核心资产流失，上市公司失去未来的想象力，我想这也是最近很多资金担心导致得润n个地板的根本原因。,12,9,0,14897,SZ002055,ST得润,iPhone,https://xueqiu.com/9970243005/392934450,0,3,2026-07-08 16:24:55
392941183,1818848733,龙虎豹999,2026-06-04 13:58:50,,$ST得润(SZ002055)$ 和*ST中迪比较 ２个世界的老板,2,3,0,7090,SZ002055,ST得润,雪球,https://xueqiu.com/1818848733/392941183,0,1,2026-07-08 16:24:55
392947746,9906729923,心中之神q,2026-06-04 14:33:18,,这个问题很简单，得润想要保住鹤山，法定方案：拿深圳房产、其他无冻结子公司股权、现金做等值担保，置换解除鹤山股权冻结（法院法定解封条件）1，这种方式堵死被动拍卖这条路。2，不想要鹤山，主动出售，则要过董事会，股东会，股东肯定不同意，这条路堵死。3，公司使坏，不采取任何措施，让鹤山被拍卖掉。拍卖价高者得，谁也不能肯定一定能拿下，变数太大。不符合公司或邱家个人利益，不会这么干。$ST得润(SZ002055)$,0,2,0,8368,SZ002055,ST得润,Android,https://xueqiu.com/9906729923/392947746,0,0,2026-07-08 16:24:55
392947946,2879128183,无敌菜刀,2026-06-04 14:34:27,,$ST得润(SZ002055)$ 对比了下，感慨万千啊，润子你作电力啊，几个大佬坐下来谈谈格局打开，做到500亿市值哪怕5个点股份多少？不谈拢30亿40亿都可能要下架。,4,8,0,10850,SZ002055,ST得润,Android,https://xueqiu.com/2879128183/392947946,0,0,2026-07-08 16:24:55
392959276,3914057856,股市的大黄花,2026-06-04 15:55:01,关于st得润后续的走向,首先声明 来源ai #ST得润 # 一开始是佘总在5月15日套现了13亿，这个金额就很巧妙，和得润的债务有点接近。再加上下面这个地图。总之，让人不得不猜想。客观拆分：个人产业落地逻辑有概率，但网传四条上市公司层面利好依然不能做实，分开两层看（实锤 + 合理猜想 + 纯炒作）一、已经落地、确定性 100% 的事实（猜想的底层逻辑成立）佘英杰个人已经重金落地柏拉蒂（ST 得润核心子公司）深圳证券交易所2026 年 2 月公告：顺益亚太（佘个人境外平台≠新豪国际、≠世运上市公司）出资 1.2 亿增资柏拉蒂，持股 45.63% 成为第一大股东，入主经营、出任柏拉蒂董事长，工商、上市公司增资公告全部齐全；得润上市公司持股 45.25% 被宜宾国资司法冻结 3 年、失去子公司主导权。→PCB（世运）+ 连接器（柏拉蒂）同园区上下游、创始人一手掌控两端优质资产，从产业逻辑看，后续世运给柏拉蒂导流试样、小批量配套供货是高概率事件，这也是市场炒作的底层合理依据。新豪国际本次减持套现约 13.8 亿，资金充裕，有产业扩张本金新豪是佘 100% 控股的持股平台，减持所得归属佘个人统筹使用，公告只标注 “自身业务发展需要”，没写明资金去向、没有排除投向柏拉蒂 / 得润产业链，从资金体量上，完全有余力继续加码柏拉蒂、协助柏拉蒂扩产、帮其对接世运供应链。二、「未来有可能落地、概率偏大，但暂无公告落地」（可以预判，但不能当作已兑现利好炒股）柏拉蒂层面：世运逐步导入中小批量 PCB 订单给柏拉蒂配套柏拉蒂由佘实控，同处鹤山工业园，产业链天生配套，后续零星→小批量供货落地概率很高；但仅限于柏拉蒂单体受益，≠ST 得润上市公司整体受益：得润手里柏拉蒂股权被冻结、不再并表，柏拉蒂盈利没法并入 ST 得润财报增厚营收利润。债务层面：宜宾港荣 9 亿债务重组存在债转股可能性港荣是债权人，手握得润巨额债权，柏拉蒂是全公司最优质资产；理论路线：港荣债转入股上市公司 + 佘手握柏拉蒂优质资产，双方合作化解债务，这条路产业逻辑通顺、市场推演合理，但至今没有任何债转股预案、法院文书、合作框架公告，属于 “潜在可能性，没落地 = 不能算利好兑现”。分类讨论的话如下：ST 得润剩余 4 类落地路径（除去佘个人债转、宜宾国资直转两种，含破产重整、外部头部产业方、多地国资联合体、慢慢经营摘帽四种方案）提示：所有推演仅逻辑参考，不构成投资买卖建议，ST 品种各类方案落地均存在审批、谈判失败、退市不确定性路径一：法院受理【破产预重整→正式破产重整】（市场博弈概率最高的第三条主线）1、触发条件现有 11 亿 + 逾期债务分散在银行、供应商、宜宾港荣、担保债务多主体，谈判无法全部达成私下债转，任意债权人向法院申请预重整，宜宾 / 深圳法院裁定受理，进入司法重整通道。关键点：得润主业扣非盈利、鹤山工业园资产优质，符合法院 “有重整价值、不直接清算退市” 标准，清算概率极低。短期（法院公告招募投资人 1-4 个月）法院冻结所有债权计息、罚息停止计提，每年几千万财务费用直接砍掉；宜宾港荣不能再单独拍卖冻结子公司股权，保全措施统一由重整方案统筹解除。公开挂牌招募重整联合体（产业 + 财务投资人组合），A 股主流模式：头部产业方 + AMC 国资 + 财务私募三方组队进场，不是单一主体控股。中期（重整计划表决 + 转增落地 6-12 个月）股本公积金转增股票：转增股份分三块：70% 股份：以股抵债，统一清偿全部普通债权（含宜宾 9 亿），债权人按打折比例拿股票，不用现金偿债；20% 股份：定向给重整投资人（产业方），入股成本远低于市价（普遍市价 3-4 折），成为新实控，锁仓 36 个月；10% 预留股份：用于后续员工安置、小额债权收尾。落地后：全口径债务一次性大幅缩水、净资产转正，8 家被冻子公司全部解冻。两种细分重整落地结果：① 头部连接器大厂入主（立讯 / 鹏鼎 / 比亚迪电子）：产业链最强逻辑，拿控股权后导入车载、算力连接器大额订单，鹤山产业园扩产，业绩弹性最大，股价炒作空间最强；佘只保留体外柏拉蒂 45.63% 股权，变成产业链外协供应商，无法控股上市公司。② AMC + 多地国资联合体（深圳国资 + 宜宾国资 + 顺德国资）：四大资产管理公司牵头，三地国资凑钱组成重整方，无单一实控人，多元股东共管，经营稳健、缺少题材爆发力，股价走势平缓。长期重整落地次年财报达标即可申请摘帽；重整后上市公司资产干净，后续可定向增发扩产。风险：投资人招募落空，重整流产，进入清算（概率极低，优质制造资产基本不会走到清算）。路径二：外部第三方整车 / 电子产业资本现金纾困、协议收购控股权（非债转、不走重整）潜在主体：比亚迪、特斯拉供应链内资、国内线束龙头、车载电子上市企业操作模式：第三方现金出资，分两步：① 现金收购宜宾港荣 9 亿债权，港荣收款解除股权冻结；② 二级市场 + 司法拍卖受让原实控剩余股权（邱建民仅 2.3%），成为第一大股东。发展推演短期：债务化解 + 股权落地公告，利好行情；中期：导入自有车企订单，替换原有低效客户，聚焦新能源高压线束、AI 连接器；世运、佘仅市场化供货合作，无股权绑定；长期：产业深度整合，摘帽节奏平稳。特点：完全绕开佘、宜宾国资两方，外来资本全盘接手，落地难度高（需要大额现金），落地概率低于破产重整。路径三：多地国资抱团纾困（深圳深投控 + 顺德国资 + 宜宾港荣三方联合），无民营实控深圳国资本身持仓 5%、顺德国资此前参与股权竞拍、宜宾手握 9 亿债权，三方握手达成统一方案：宜宾港荣部分债权债转入股、顺德国资现金增资、深圳国资二级市场增持，三家合计持股 25%-30%，无单一控股股东，国资联盟共治。经营走向：严控经营风险、剥离亏损业务，依托三地地方产业资源（深圳电子、顺德 PCB、宜宾汽车配套）稳步拓客；不激进扩产、不跨界大额资产注入，业绩缓步修复，摘帽周期拉长至 2027 下半年甚至 2028 年；佘只能做体外柏拉蒂，和上市公司市场化做生意，无缘上市公司控制权。盘面：国资抱团落地利好有限，缺乏重组题材炒作，股价震荡为主。路径四：无任何资本入主，靠自身主业盈利自然消化债务、自主摘帽（最慢、最保守路径）核心逻辑：公司 2025 扣非盈利、车载 + 算力连接器订单稳步放量，依靠逐年经营利润分批还债短期（1-2 年）：逐年用经营回款分批和宜宾港荣、银行协商分期还款，慢慢解冻被冻结子公司股权；每年优先兑付到期债务，压缩研发、扩产开支。中期（2027 年达标摘帽）：处罚满 12 个月 + 财报连续盈利、净资产转正、审计无保留意见，按规则撤销 ST；全程没有实控人变更、没有债转股、没有资本重组，始终无控股股东。长期：摘帽后恢复银行授信，再启动鹤山工业园三期扩建；股权结构维持现状：原实控剩余小股份 + 零散机构 + 自然人股东。股价特点：无重组催化，走势跟随行业、公司业绩慢慢走基本面行情，缺少短期暴涨逻辑。五类方案全维度简明对比（含前两种）表格落地方案实控方股价弹性摘帽时间产业协同强度落地概率佘现金收债权债转入主民营产业资本高2027 上半年中（有限世运外协订单）中宜宾港荣国资直转入股宜宾地方国资中偏低2027 下半年低（无 PCB 资源）中高破产重整（头部大厂）头部上市电子企业极高重整落地次年最高（原厂大额订单导入）中破产重整（三地国资 + AMC）国资联合体偏低2027 年末中低高第三方外来产业资本收购外来整车 / 电子龙头高2027 年中高低自主经营还债摘帽无实控人最低2027 下半年无中高折中混合方案（现实最容易落地，概率最高）宜宾国资保留小部分股权 + 佘少量入股 + 顺德国资产业入股三方混合持股，既满足宜宾国资债权保全、佘产业链协同诉求、顺德国资产业布局，介于国资入主、民企入主中间形态，也是市场大概率最终落地的折中结局。兜底利空通用提醒无论哪种路径：公司除 9 亿港荣债务外，还有银行担保负债、零散供应商欠款，不可能彻底零风险，无法保证 100% 摘帽，行业下行、订单不及预期依旧存在业绩亏损风险。,5,9,0,19244,SZ002055,ST得润,雪球,https://xueqiu.com/3914057856/392959276,0,5,2026-07-08 16:24:55
392959436,1505804711,修心谨言wy,2026-06-04 15:56:52,,$ST得润(SZ002055)$ 利空出尽，三天跌了14%，又差不多回到之前的低位了。总负债约30亿，总资产约50亿，资产负债率约60%多，远没有到卖鹤山子公司的地步，最后肯定又是庭外和解，以其他方式抵债。得润主要的投资逻辑是困境反转（最大的坑是意大利Meta，已剥离），叠加行业超景气+实控人变更预期。短期利好：中报预增。中期利好：三季报和年报预增。长期利好：2027年摘帽。随时利好：实控人变更！,0,11,0,18817,SZ002055,ST得润,Android,https://xueqiu.com/1505804711/392959436,0,3,2026-07-08 16:24:55
392973314,4930071438,晒太阳1234,2026-06-04 22:00:49,,$ST得润(SZ002055)$ 这货有没有可来得润？,0,1,0,5923,SZ002055,ST得润,Android,https://xueqiu.com/4930071438/392973314,0,0,2026-07-08 16:24:55
392976473,1505804711,修心谨言wy,2026-06-04 22:51:53,,$ST得润(SZ002055)$ 股价在2015年最高达76元，现在6元多，不到十分之一。去年大牛市，因为立案调查，不仅整年没涨，还掉6.4%，今年至今涨幅-0.3%，同样主营，其他连接器上市公司都过百亿，甚至几百亿市值，得润才40亿。立案调查已结案，一季报已盈利，最坏的时刻已过去，公司是中国唯一获得英特尔认证的厂家。以上我买入并坚定持有得润的原因。,2,14,0,20408,SZ002055,ST得润,Android,https://xueqiu.com/1505804711/392976473,0,2,2026-07-08 16:24:55
392983262,9027667784,年年有余1996,2026-06-05 00:17:06,,$ST得润(SZ002055)$ 其实站在邱家的角度看，拖时间才最有利，至少拖两年，因为精密连接器这块景气度高，集中资源将营收做到30亿以上，基本上可以还债了，问题是债权人也看到这一点，趁你病要你命，我等散户吃瓜看戏就好，拿一年再看。,5,1,0,6541,SZ002055,ST得润,Android,https://xueqiu.com/9027667784/392983262,0,0,2026-07-08 16:24:55
392988321,5386199194,Heisenberg_ST,2026-06-05 00:51:31,,回复@春江入海秋日风: 武定也去$ST得润(SZ002055)$ 了，估计也亏了//@春江入海秋日风:回复@97枫:8.01进的，大概亏了15 ％－20 ％，估计武定也蒙了，还能这么跌！,1,1,0,12731,SZ002055,ST得润,Android,https://xueqiu.com/5386199194/392988321,0,0,2026-07-08 16:24:55
392998152,7175168048,新开户的股民,2026-06-05 01:31:45,,$ST得润(SZ002055)$ 相信AI？,0,0,0,4643,SZ002055,ST得润,Android,https://xueqiu.com/7175168048/392998152,0,0,2026-07-08 16:24:55
393003355,7800901111,南迦巴瓦888,2026-06-05 01:41:28,,$ST得润(SZ002055)$ 第二个京机 小心点吧,1,2,0,7388,SZ002055,ST得润,雪球,https://xueqiu.com/7800901111/393003355,0,0,2026-07-08 16:24:55
393009551,2271198811,以静为先,2026-06-05 01:52:26,,$ST得润(SZ002055)$ 实控人持股少的可怜，还不如想办法接受宜宾国资。,0,0,0,7561,SZ002055,ST得润,Android,https://xueqiu.com/2271198811/393009551,0,0,2026-07-08 16:24:55
393009557,7606476101,一路-长牛,2026-06-05 01:52:27,,$ST得润(SZ002055)$ 买回一点，这票类似于宇顺，问题不大，总得解决，另外退市国化不卖，其他三只退市整理期的全在涨，怕啥呢这是$退市国化(SH600636)$,1,4,0,9510,SZ002055,ST得润,Android,https://xueqiu.com/7606476101/393009557,0,0,2026-07-08 16:24:55
393015267,5498037385,有无低估市场说的算,2026-06-05 02:03:49,,$ST得润(SZ002055)$ 这时候不买是真的穷苦人，大涨去追，跌了又不敢买,0,1,0,6292,SZ002055,ST得润,Android,https://xueqiu.com/5498037385/393015267,0,0,2026-07-08 16:24:55
393016493,5498037385,有无低估市场说的算,2026-06-05 02:06:08,,$ST得润(SZ002055)$ 今天还有人等跌停啊,0,0,0,7166,SZ002055,ST得润,Android,https://xueqiu.com/5498037385/393016493,0,0,2026-07-08 16:24:53
393018853,5380354349,买点买or卖点卖,2026-06-05 02:10:39,,$ST得润(SZ002055)$ 我小号又被限流了……,0,0,0,5533,SZ002055,ST得润,iPhone,https://xueqiu.com/5380354349/393018853,0,0,2026-07-08 16:24:53
393021431,7800901111,南迦巴瓦888,2026-06-05 02:16:02,,$ST得润(SZ002055)$ 反弹一下吧 让我回本,0,0,0,8560,SZ002055,ST得润,雪球,https://xueqiu.com/7800901111/393021431,0,0,2026-07-08 16:24:53
393025185,5498037385,有无低估市场说的算,2026-06-05 02:24:08,,$ST得润(SZ002055)$ 今天不敢买的是苦命人,0,0,0,7743,SZ002055,ST得润,Android,https://xueqiu.com/5498037385/393025185,0,0,2026-07-08 16:24:53
393025548,3451316032,坐井忘天,2026-06-05 02:24:58,,$ST得润(SZ002055)$ 被顺子纳入了高速连接器细分,4,6,0,14347,SZ002055,ST得润,雪球,https://xueqiu.com/3451316032/393025548,0,0,2026-07-08 16:24:53
393032050,1818848733,龙虎豹999,2026-06-05 02:39:17,,$ST得润(SZ002055)$ 我来按摩，外面大部分也跌的,1,0,0,4653,SZ002055,ST得润,雪球,https://xueqiu.com/1818848733/393032050,0,0,2026-07-08 16:24:53
393049929,5498037385,有无低估市场说的算,2026-06-05 03:23:17,,$ST得润(SZ002055)$ 一日游的韭菜割肉跑路了,0,0,0,8250,SZ002055,ST得润,Android,https://xueqiu.com/5498037385/393049929,0,0,2026-07-08 16:24:53
393050578,6293595590,狗里狗气狗运气,2026-06-05 03:25:03,,$ST得润(SZ002055)$ 今天真冷清，其实公司困境反转的逻辑没有改变，变更实控人就是暴赚，不变更就是小赚。只是这段时间股价暴涨暴跌后，很多长期埋伏没有高位卖出的人（包括我）感到难受罢了。,3,7,0,8595,SZ002055,ST得润,Android,https://xueqiu.com/6293595590/393050578,0,0,2026-07-08 16:24:53
393054450,5498037385,有无低估市场说的算,2026-06-05 03:36:22,,$ST得润(SZ002055)$ st闻泰早盘跌停到现在快涨停了,0,1,0,8876,SZ002055,ST得润,Android,https://xueqiu.com/5498037385/393054450,0,0,2026-07-08 16:24:53
393054792,1758597514,用户1758597514,2026-06-05 03:37:39,,$ST得润(SZ002055)$ 这朵笔莲又回到了以前永远卖不完筹码的过程中续,0,1,0,5521,SZ002055,ST得润,iPhone,https://xueqiu.com/1758597514/393054792,0,0,2026-07-08 16:24:53
393057241,6219951047,老王要搞事,2026-06-05 03:46:26,,$ST得润(SZ002055)$ 等热度降下来是好事,0,2,0,6288,SZ002055,ST得润,Android,https://xueqiu.com/6219951047/393057241,0,0,2026-07-08 16:24:53
393061333,7489214129,ST核心标的,2026-06-05 04:05:28,,$ST得润(SZ002055)$ 每天成交量这么大，今天你看好，他看空，明天你看空他看好，反复蹂躏相爱相杀。本质问题还是股权太分散，散户太多了，要是能把这个根治，绝对会起飞。但是多久能解决是个问题，这也是资金不敢拉升的原因。,2,2,0,17557,SZ002055,ST得润,Android,https://xueqiu.com/7489214129/393061333,0,0,2026-07-08 16:24:53
393063968,5942251592,简朴的金条小风车屋,2026-06-05 04:21:04,,$ST得润(SZ002055)$ 这个老鸭头一旦形成可不得了,1,5,0,6500,SZ002055,ST得润,Android,https://xueqiu.com/5942251592/393063968,0,0,2026-07-08 16:24:53
393067668,5380354349,买点买or卖点卖,2026-06-05 04:44:52,,$ST得润(SZ002055)$ 今天肯定有不少人又上头加仓干。昨天的榜确实空，但今天的走势感觉尚可。在我的体系里现在还不是买点，不能把自己置于危险之中。继续观察看看，只做确定性的！祝各位兄弟们发财！,1,4,0,7901,SZ002055,ST得润,iPhone,https://xueqiu.com/5380354349/393067668,0,0,2026-07-08 16:24:53
393067769,6789417896,zfauir,2026-06-05 04:45:27,,$ST得润(SZ002055)$ 准备其它战区抽调大兵团进击你处了，希望这里的顽固空方尽快缴械。,0,0,0,3232,SZ002055,ST得润,Android,https://xueqiu.com/6789417896/393067769,0,0,2026-07-08 16:24:53
393072386,2879128183,无敌菜刀,2026-06-05 05:09:54,,$ST得润(SZ002055)$ 散了散了，不要围观。不要苦等，外面妹子一大堆。,0,6,0,7694,SZ002055,ST得润,Android,https://xueqiu.com/2879128183/393072386,0,0,2026-07-08 16:24:53
393087366,5359544609,怒剑穿云,2026-06-05 05:55:53,,$ST得润(SZ002055)$ 接了1000手，感觉这里回调后不贵了，毕竟是个假ST。,2,2,0,9562,SZ002055,ST得润,iPhone,https://xueqiu.com/5359544609/393087366,0,0,2026-07-08 16:24:53
393092393,7104424653,st山顶资本,2026-06-05 06:10:18,,$ST得润(SZ002055)$ 犯天条了？连续四个跌停。,3,0,0,3304,SZ002055,ST得润,雪球,https://xueqiu.com/7104424653/393092393,0,0,2026-07-08 16:24:53
393092753,4850557927,山古之人,2026-06-05 06:11:25,,$ST得润(SZ002055)$ 走了走了 这TMD 太恶意了,0,1,0,5261,SZ002055,ST得润,雪球,https://xueqiu.com/4850557927/393092753,0,0,2026-07-08 16:24:53
393093356,1286617181,任是少年,2026-06-05 06:13:04,,$ST得润(SZ002055)$ 太踏马恶心了 我来你就这样,0,0,0,3648,SZ002055,ST得润,Android,https://xueqiu.com/1286617181/393093356,0,0,2026-07-08 16:24:51
393094186,1307886976,端正的财经小礼貌,2026-06-05 06:15:24,,$ST得润(SZ002055)$ 垃圾，nm的天天跌停，退市算了！,0,0,0,9002,SZ002055,ST得润,Android,https://xueqiu.com/1307886976/393094186,0,0,2026-07-08 16:24:51
393094198,7800901111,南迦巴瓦888,2026-06-05 06:15:26,,$ST得润(SZ002055)$ 第二个京机 下周砸破60日线 就一直往下走了,2,2,0,7556,SZ002055,ST得润,雪球,https://xueqiu.com/7800901111/393094198,0,0,2026-07-08 16:24:51
393095582,7436337398,ywdz,2026-06-05 06:19:30,,$ST得润(SZ002055)$ 以为你会是龙结果你是毛毛虫,5,0,0,3745,SZ002055,ST得润,Android,https://xueqiu.com/7436337398/393095582,0,0,2026-07-08 16:24:51
393096810,3402666441,暗夜危机,2026-06-05 06:22:44,,$ST得润(SZ002055)$ 今天有多少 ST 是跌的,0,0,0,3887,SZ002055,ST得润,iPhone,https://xueqiu.com/3402666441/393096810,0,0,2026-07-08 16:24:51
393097899,1018946409,馒头大米饭,2026-06-05 06:25:26,,$ST得润(SZ002055)$ 不懂，这么执着往下砸图什么 ？？？,1,0,0,4105,SZ002055,ST得润,Android,https://xueqiu.com/1018946409/393097899,0,0,2026-07-08 16:24:51
393099030,9832684181,st赚钱退休,2026-06-05 06:28:11,,$ST得润(SZ002055)$ 连续已经跌了快一周了，这是有多大的雷啊？？？？,0,0,0,4506,SZ002055,ST得润,雪球,https://xueqiu.com/9832684181/393099030,0,0,2026-07-08 16:24:51
393099652,5052290299,雪球彬,2026-06-05 06:29:45,,$ST得润(SZ002055)$ 砸盘的都是欢乐豆啊？,0,0,0,7726,SZ002055,ST得润,Android,https://xueqiu.com/5052290299/393099652,0,0,2026-07-08 16:24:51
393099720,1979555715,不想减肥,2026-06-05 06:29:55,,$ST得润(SZ002055)$ 清了得润 进了九鼎 连环套 我真是服了不想玩了,0,1,0,6897,SZ002055,ST得润,iPhone,https://xueqiu.com/1979555715/393099720,0,0,2026-07-08 16:24:51
393099871,5718644523,咏5142,2026-06-05 06:30:11,,$ST得润(SZ002055)$ 看来是要把缺口补上吗？,0,0,0,5104,SZ002055,ST得润,Android,https://xueqiu.com/5718644523/393099871,0,0,2026-07-08 16:24:51
393100436,4850557927,山古之人,2026-06-05 06:31:27,,$ST得润(SZ002055)$ 晚上继续异动公告？,0,0,0,8202,SZ002055,ST得润,雪球,https://xueqiu.com/4850557927/393100436,0,0,2026-07-08 16:24:51
393100522,1847527833,不熬夜了再改昵称,2026-06-05 06:31:41,,$ST得润(SZ002055)$ 真是无语，今天还能折磨砸是万万没想到,3,0,0,5870,SZ002055,ST得润,Android,https://xueqiu.com/1847527833/393100522,0,0,2026-07-08 16:24:51
393101948,9027667784,年年有余1996,2026-06-05 06:35:00,,$ST得润(SZ002055)$ 这波估计量化砸盘，躺平了。,0,1,0,5526,SZ002055,ST得润,Android,https://xueqiu.com/9027667784/393101948,0,0,2026-07-08 16:24:51
393103692,1525901587,浪您割浪,2026-06-05 06:39:02,,$ST得润(SZ002055)$ 这个票是不是有不知道的大雷，跌跌不休,2,1,0,5896,SZ002055,ST得润,iPhone,https://xueqiu.com/1525901587/393103692,0,0,2026-07-08 16:24:51
393103790,6646223493,A海宁皮草全国诚,2026-06-05 06:39:18,,$ST得润(SZ002055)$没想到能a杀下来 这几天没人说利好啦,8,0,0,8974,SZ002055,ST得润,iPhone,https://xueqiu.com/6646223493/393103790,0,0,2026-07-08 16:24:51
393106736,4202117770,短中长线卧倒选手,2026-06-05 06:46:17,,$ST得润(SZ002055)$ 这鸟公司董秘找了个下水道去避难去了？打了两天没打通过,10,2,0,10028,SZ002055,ST得润,iPhone,https://xueqiu.com/4202117770/393106736,0,0,2026-07-08 16:24:51
393107923,2879128183,无敌菜刀,2026-06-05 06:49:19,,$ST得润(SZ002055)$ 天上地下的跑，一会十倍牛骨头，一会下架临期品玩的花，小韭菜玩不起,0,0,0,10019,SZ002055,ST得润,Android,https://xueqiu.com/2879128183/393107923,0,0,2026-07-08 16:24:51
393109793,4850557927,山古之人,2026-06-05 06:54:42,,$ST得润(SZ002055)$ 走吧 ，这种A 杀下来的 至少要调整个2-3个月,1,6,0,11581,SZ002055,ST得润,雪球,https://xueqiu.com/4850557927/393109793,0,0,2026-07-08 16:24:51
393110916,3203478968,st云天,2026-06-05 06:58:14,,$ST得润(SZ002055)$ 真牛，跟和科一个德性，到了目标价位就得先砸，砸完又可以慢买，幸好限定在0.5层仓位以内，一天天跌停补几千块，怀疑等大家受不了了，又会慢慢趋势拉起来，等人跟进来，然后再A杀,8,1,0,13512,SZ002055,ST得润,Android,https://xueqiu.com/3203478968/393110916,0,1,2026-07-08 16:24:51
393113607,5380354349,买点买or卖点卖,2026-06-05 07:05:26,,$ST得润(SZ002055)$ 股票跌，就在这骂公司泄气，为何不反思没在涨停那天卖？涨停后的跌停给机会为何不出？得润截至目前未来并不明朗，你要人家天天拉涨停给你赚钱？40亿的盘子，散户买了一大半，你要人家拉？多一点冷静（分析），少一点抱怨。加油吧！,10,5,0,15515,SZ002055,ST得润,iPhone,https://xueqiu.com/5380354349/393113607,0,1,2026-07-08 16:24:51
393116009,6219951047,老王要搞事,2026-06-05 07:12:16,,$ST得润(SZ002055)$ 明显没主力的走势 ，底部热度太高，主力拉不动就跑路了,0,0,0,9503,SZ002055,ST得润,Android,https://xueqiu.com/6219951047/393116009,0,0,2026-07-08 16:24:50
393116391,5942251592,简朴的金条小风车屋,2026-06-05 07:13:26,,$ST得润(SZ002055)$ 这玩意现在也没啥好分析的了，5.18这波纯粹情绪炒作，叠加主板资金高低切进来玩了个波段。跟所谓消息面一点关系也没有。公司基本面是真的不错，国资入住和摘帽也是迟早的事。不过定增必须等到27年一季报以后了，现阶段有耐性的就熬，没耐性的这半年跟着游资做波段吧。估计后续还会这样玩，但最终都会回到20均线附近，这也是定增基准价格的压制，这没有办法！,25,6,0,21306,SZ002055,ST得润,Android,https://xueqiu.com/5942251592/393116391,0,0,2026-07-08 16:24:50
393134018,1984899483,退市中国姬松高中,2026-06-05 08:25:41,,$ST得润(SZ002055)$ 等散户割肉就会涨,1,0,0,11503,SZ002055,ST得润,Android,https://xueqiu.com/1984899483/393134018,0,0,2026-07-08 16:24:50
393140028,4850557927,山古之人,2026-06-05 08:53:53,,$ST得润(SZ002055)$ 慢慢熬把，4-5W的散户， 这么点市值， 玩个JJ啊,0,1,0,11555,SZ002055,ST得润,雪球,https://xueqiu.com/4850557927/393140028,0,0,2026-07-08 16:24:50
393144205,7726675448,爽朗的致富小帽子,2026-06-05 09:15:21,,$ST得润(SZ002055)$ 这股就是太热闹了，上个月就感觉不对了,0,0,0,11166,SZ002055,ST得润,iPhone,https://xueqiu.com/7726675448/393144205,0,0,2026-07-08 16:24:50
393157720,4850557927,山古之人,2026-06-05 10:35:53,,$ST得润(SZ002055)$ 如果 你是玩短线，那么切勿幻想，尊重盘面，走坏了就是走坏了，别原本套个2-3个点的，到时候变成20-30个点。听消息炒股 这是大A 的禁忌,2,3,0,13047,SZ002055,ST得润,雪球,https://xueqiu.com/4850557927/393157720,0,0,2026-07-08 16:24:50
393171835,5242908643,ST价值投资2026,2026-06-05 12:28:42,,$ST得润(SZ002055)$ 这股上午换好好的，下午被大盘大跌带下来了。差不多四个叠停了，下周一大概率会高开涨停,2,3,0,10824,SZ002055,ST得润,Android,https://xueqiu.com/5242908643/393171835,0,0,2026-07-08 16:24:50
393184228,1505804711,修心谨言wy,2026-06-05 13:55:24,,$ST得润(SZ002055)$ 股权分散不是下跌的因素，高估才是，现在是低估，磨一段时间。,0,3,0,13335,SZ002055,ST得润,Android,https://xueqiu.com/1505804711/393184228,0,0,2026-07-08 16:24:50
393185210,4850557927,山古之人,2026-06-05 14:00:47,,$ST得润(SZ002055)$ 把家电这块业务买掉吧，主攻AI和汽车就好了。,2,0,0,14537,SZ002055,ST得润,雪球,https://xueqiu.com/4850557927/393185210,0,0,2026-07-08 16:24:50
393186438,9027667784,年年有余1996,2026-06-05 14:08:24,,$ST得润(SZ002055)$ 中报前估计震荡筑底，如果中报好再起一波行情，今年中报净利有没有一个亿？,0,2,0,11329,SZ002055,ST得润,Android,https://xueqiu.com/9027667784/393186438,0,0,2026-07-08 16:24:50
393193830,5103965358,ST稳稳的幸福,2026-06-05 14:58:34,【ST稳稳的幸福】6月第1周ST板块周复盘｜资金择优配置摘帽标的，题材炒作逐步被资金抛弃,"$*ST瑞茂(SH600180)$ $ST得润(SZ002055)$ $ST板块(BK0400)$ 【ST稳稳的幸福 | 用规则量化风险，用数据呈现事实】🔥 一句话核心定调本周ST板块经历了一轮完整的冰火两重天行情——周一板块大跌、跌停家数高达65家创年内新高；周三指数大涨0.60%，主力资金净流入，ST涨停家数飙升至34家，成为本周情绪高点；周四、周五高位标的批量补跌，跌停家数再次冲高至65家，涨停家数萎缩至6家。资金从纯情绪炒作标的集体撤离，向摘帽落地标的和有实质公告支撑的确定性标的集中。4家公司完成摘星摘帽集中落地，退市常态化执行力度不减，摘帽确定性是唯一护身符。一、本周板块整体行情全景复盘1.1 ST板块每日核心交易数据（2026.06.01-06.05）热度评估：本周ST板块经历了一轮完整的“冰→火→冰”情绪周期。6月1日（周一）板块大幅下挫，跌停家数约65家且收盘封死跌停，市场恐慌情绪集中释放，ST板块批量遭遇重挫。6月2日（周二）资金开始试探性回流，ST涨停家数回升至约15家，*ST闻泰等部分低位标的反弹，摘帽确定性品种率先获得资金认可。6月3日（周三）指数大涨0.60%，ST涨停家数飙升至34家，主力资金净流入约1.35亿元，4家摘帽标的集中复牌批量涨停，成为本周情绪最高点。6月4日（周四）板块拐头向下，指数跌1.17%，主力资金大幅净流出12.3亿元，高位情绪标的集体退潮，前期连板标的批量回撤，退潮信号明确。6月5日（周五）板块加速分化，跌停家数再次冲高至约65家且收盘封死跌停，涨停家数萎缩至6家，纯情绪标的全线退潮，资金彻底抛弃无公告支撑的题材炒作，摘帽主线成为少数红盘方向。1.2 本周核心数据二、涨停榜深度拆解（一）摘帽落地——本周最强主线本周共有4家公司正式摘星摘帽，6月3日集中复牌：核心观察：4家摘帽标的集中落地，复牌首日表现分化明显。荣丰控股以2.02%领涨，体现资金对“仅摘星”优质标的的认可；ST朗源收跌2.18%，利好兑现即出货。只有荣丰控股和中交地产符合S/A级“仅剩时间约束”的标准，交投生态虽完成双重撤销，但盘中无明显增量资金承接，说明市场对“一次性过线”的纯摘帽标的缺乏持续推动力。（二）摘帽/摘星推进类ST大晟4月30日提交摘星申请，目前仍处补充材料阶段；ST春天问询函延期回复，回复进度将是摘星前置条件，目前问询函未回复叠加补充材料未落地，摘星窗口仍在延后。三、跌停榜核心风险拆解（一）立案调查类（文字版）*ST节能（000820）D级：6月2日收到证监会《立案告知书》，因涉嫌信披违法违规被立案调查；公司4月28日刚向深交所提交撤销退市风险警示申请，目前处于补充材料阶段。立案后连续多日跌停（6月3日、6月4日一字跌停）。*ST岭南（002717）D级：6月1日收到广东证监局《行政处罚事先告知书》，拟罚款800万元，原实控人拟10年市场禁入。6月3日起被叠加实施其他风险警示，持续承压。ST节能立案调查期间不得申请摘帽，若查实重大违法将直接退市；ST岭南同时涉及虚减利润、隐瞒刑事立案等重大违规，双重风险共振。（二）退市/摘牌类*ST万方（000638）：因连续20个交易日总市值低于5亿元触发市值退市，6月3日正式摘牌。此前1月13日至4月13日期间该股区间内累计录得43个跌停板（期间有开板震荡）。交易类强制退市不设退市整理期，持仓者直接归零。已退市。（三）问询/诉讼/暴雷类四、本周核心事件深度拆解1. 四家公司集中摘帽，复牌首日分化明显6月3日，ST中地、ST荣控、*ST交投、ST朗源四家公司同日撤销风险警示复牌。其中：*ST中地（000736） ：撤销退市风险警示，简称变更为“中交地产”，系仅摘星（从未触发ST）。*ST荣控（000668） ：撤销退市风险警示，简称变更为“荣丰控股”，系仅摘星。*ST交投（002200） ：撤销退市风险警示及其他风险警示，简称变更为“交投生态”，系双重撤销（摘星+摘帽）。ST朗源（300175） ：撤销其他风险警示，简称变更为“朗源股份”，系仅摘帽（创业板，涨跌幅20%，此前无*ST）。核心判断：摘帽主线正式兑现，但板块内部已进入“唯确定性”阶段——交投生态双重撤销却收跌，荣丰控股仅摘星反而领涨，资金更认可标的质地而非“故事性”。符合S/A级定位的标的走独立行情，一次性过线的纯摘帽标的缺乏持续性。2. ST节能被立案，ST岭南被叠加ST*ST节能（000820）6月2日收到证监会《立案告知书》，因涉嫌信披违法违规被立案调查。公司4月28日刚向深交所提交撤销退市风险警示申请，目前处于补充材料阶段。立案后不得申请摘帽，若查实重大违法可直接触发退市。6月3日开盘即一字跌停，立案后连续多日跌停。*ST岭南（002717）6月1日收到广东证监局《行政处罚事先告知书》，拟罚款800万元，原实控人拟10年市场禁入。6月3日起被叠加实施其他风险警示，资金博弈行政处罚落地之后的利空出尽效应，与基本面无直接关联。3. *ST万方累计43个跌停后正式摘牌*ST万方因连续20个交易日总市值低于5亿元触发市值退市，6月3日正式摘牌。此前1月13日至4月13日期间，该股区间内累计录得43个跌停板（期间有开板震荡），一度创下2026年ST板块最长连续跌停纪录。交易类强制退市不设退市整理期，持仓者直接归零。4. *ST华西：2024、2025年连续两年内控被出具无法表示意见*ST华西（002630）6月4日涨停，收报1.85元，涨幅5.11%，换手率5.61%。公司2025年经审计期末净资产为-5,806.51万元（2025年年报口径），2024年、2025年连续两年内控被出具无法表示意见，且存在多项债务逾期，基本面尚未改善。该股连板属纯情绪炒作，无基本面支撑，若后续无实质利好落地，随时面临补跌风险。五、盘面核心总结摘帽落地主线正式兑现：4只标的集中落地，摘帽主线成功兑现。板块分化进入唯确定性阶段，仅摘星优质标的（荣丰控股、中交地产）走出独立行情，一次性过线的纯摘帽标的（ST朗源、交投生态）缺乏增量资金承接，复牌即收跌，资金更认可标的质地而非“故事性”。立案调查加速风险出清：ST节能、ST岭南被立案/处罚，叠加ST金鸿顺、*ST岭南被叠加ST，信披违规标的批量承压，资金加速撤离无公告支撑的情绪炒作。当前阶段所有分析与判断必须以上市公司正式公告为唯一依据。涨跌停两极分化：一边是摘帽标的批量复牌、情绪连板反复活跃，另一边是立案调查标的批量跌停、退市标的43连跌停后摘牌，板块内部撕裂达到极致。资金彻底抛弃纯情绪博弈：主力资金优先撤离高风险标的，向有实质性公告支撑的确定性标的集中。没有公告支撑的上涨随时崩盘，*ST景谷7连板后迅速转跌即是最新案例。六、下周跟踪方向🎯核心跟踪：荣丰控股、中交地产等摘星落地标的次日资金承接力度；*ST大晟摘星补充材料进展；ST人福（600079）资产出售挂牌进展，2025年年报扣非净利润17.62亿元（同比+54.75%），处罚决定书于2025年12月29日下达，最早2026年12月29日后可申请摘帽。⚠️谨慎观察：ST威领、ST海王等高位连板情绪标的，仅作为板块情绪风向标，出现放量滞涨或开板立即离场；ST英飞预重整进展（C级，预重整推进中，需跟踪法院受理进展）；ST节能立案调查后续；ST华西等纯情绪3连板标的，随时面临补跌风险。🚫坚决回避：已触发退市或立案调查的标的（ST节能、ST岭南）、无基本面纯情绪连板标的、连续跌停无承接标的、ST惠程（担保风险）、ST金鸿顺（资金占用）、ST得润（担保诉讼未结），全部列入风控黑名单。📌 本周核心金句：摘帽落地是本周唯一安全主线，而所有没有公告支撑的暴涨，终将在规则面前一地鸡毛。4家公司集中摘帽，4只标的同步锁定退市——达标者留，违规者出，规则从不因人而异。最近后台收到很多朋友的留言，希望能同步我的实盘操作节奏，对照自己的交易。考虑到中长线标的的特殊性，公开持仓容易对股价造成不必要的干扰，也不利于大家形成独立的交易判断，所以我会把个人实盘的完整跟踪记录，统一整理成专属的内容，整理完善后第一时间同步在我的同名主页，第一时间同步我的操作和思考。大家一直看的ST规则梳理、板块全景复盘、重大公告解读，我会一直保持更新，质量也不会打折扣，服务所有关注的朋友。把精力留给那些真正值得花时间研究的标的，回避所有靠侥幸支撑的 “真假美猴王”，才能在 ST 的世界里走得更远。⚠️完整合规声明：本文所有判断均基于沪深交易所及上市公司公开公告信息，所有暂定分级标的的最终正式评级，将在完成全面深度评测后，第一时间更新至【ST稳稳的幸福】-《ST个股评级总览V1.3》。投研决策应以原始公告为唯一依据，本文不构成任何投资建议。ST/*ST股票退市风险极高，投资策请自行判断，盈亏自负。#玻璃基板概念活跃，沃格光电创新高# #电力板块走弱，广西能源大跌# #AI应用板块下挫，MINIMAX-W大跌#",0,7,0,155260,SZ002055,ST得润,雪球,https://xueqiu.com/5103965358/393193830,0,6,2026-07-08 16:24:50
393243481,7607422716,St送钱人,2026-06-06 03:44:25,,$ST得润(SZ002055)$ 除了不涨，其他还行,0,3,0,12286,SZ002055,ST得润,iPhone,https://xueqiu.com/7607422716/393243481,0,0,2026-07-08 16:24:50
393251927,9823999138,麻的吉,2026-06-06 05:24:42,,$ST得润(SZ002055)$ 有一种化债的途径是资本公积金转增。港荣向法院申请重整，后通过资本公积金转增，转增后港融持有16%左右的股权成为大股东，这样所有的问题迎刃而解。不知道有没专业的人分析这种化债手段的可行性。,8,4,0,19062,SZ002055,ST得润,Android,https://xueqiu.com/9823999138/393251927,0,0,2026-07-08 16:24:50
393253979,9921862037,麓谷猎人,2026-06-06 05:52:07,,$ST得润(SZ002055)$ 根据公司5.12提供的调研纪要，鹤山二期主体建设工程已经全部完成，逐步进行产能的扩张和释放。精密连接器这类技术密集型产业，工厂主体建成后，还需要完成以下几个关键步骤才能实现稳定量产：设备安装与调试 (2-3个月)：这是最耗时的环节之一，需要将高精度的冲压、注塑、电镀、组装和自动检测设备安装到位并进行精细调试。产线系统对接与试产 (1-2个月)：各工序设备需要进行系统性联调，打通数据，实现自动化流转。随后进行小批量试生产，验证工艺流程和产品质量。良率爬升与客户认证 (1-2个月)：试产初期产品良率通常较低，需要通过不断优化工艺来提升。同时，新产品和新产线需要通过下游客户的严格认证，才能获得批量订单。这个过程可能需要反复迭代。综合来看，从设备进场到实现稳定、高良率的批量生产，整个过程通常需要 5到7个月保守预计满产一年增加10亿的销售额，毛利可以增加3个多亿，邱家只要拖个半年就可以了。但是不管谁控制公司，公司都在越来越好。,0,10,0,22167,SZ002055,ST得润,雪球,https://xueqiu.com/9921862037/393253979,0,1,2026-07-08 16:24:50
393277989,9295331646,疯言话财,2026-06-06 11:44:32,,$ST得润(SZ002055)$ 我好像也没得到利润，难道是得run？,0,0,0,15381,SZ002055,ST得润,Android,https://xueqiu.com/9295331646/393277989,0,0,2026-07-08 16:24:50
393288118,5498037385,有无低估市场说的算,2026-06-06 14:10:06,,$ST得润(SZ002055)$ 债务到现在拖了这么久一点解决的意思都没有,0,1,0,14831,SZ002055,ST得润,Android,https://xueqiu.com/5498037385/393288118,0,0,2026-07-08 16:24:50
393312104,9669696670,深耕ST与可转债,2026-06-07 03:03:29,,$ST得润(SZ002055)$ 怎么涨上去的，怎么跌下来，哎，炒股真不容易,5,2,0,11261,SZ002055,ST得润,Android,https://xueqiu.com/9669696670/393312104,0,0,2026-07-08 16:24:50
393340518,3545484949,紫气的颜琦,2026-06-07 10:27:20,,ST得润正处于“历史风险出清”与“主业恢复性增长”的转折阶段。 核心结论是：公司已从2024年巨额亏损中走出，连续三个季度实现盈利，基本面有实质性改善。但因历史信披违规问题被实施ST，加上73.89%的高负债率和诉讼缠身，整体仍处于“大病初愈”的恢复期，风险与机会并存。,2,1,0,8952,SZ002055,ST得润,Android,https://xueqiu.com/3545484949/393340518,0,0,2026-07-08 16:24:50
393342509,3402666441,暗夜危机,2026-06-07 10:59:10,,$ST得润(SZ002055)$ 幸好上周五跑来这里了，要不然明天要吃 10 个点•ᴗ•💧，而这个顶多跌五个点，赢麻了,2,9,0,10306,SZ002055,ST得润,iPhone,https://xueqiu.com/3402666441/393342509,0,1,2026-07-08 16:24:50
393342672,5242908643,ST价值投资2026,2026-06-07 11:01:41,,$ST得润(SZ002055)$ 这股连续四个叠停，已经超跌了，周五不是大盘不行，就拉红了，明天开盘会拉红的，不知道能不能涨停,2,3,0,9638,SZ002055,ST得润,Android,https://xueqiu.com/5242908643/393342672,0,0,2026-07-08 16:24:50
393375229,1505804711,修心谨言wy,2026-06-08 00:27:48,,$ST得润(SZ002055)$ 今天不知道有没有低位补仓的机会？,0,1,0,9585,SZ002055,ST得润,Android,https://xueqiu.com/1505804711/393375229,0,0,2026-07-08 16:24:48
393385095,4441311562,蛋花小炒饭,2026-06-08 01:26:26,,$ST得润(SZ002055)$ 好了，已经跌到上涨之前的价格了,0,1,0,9256,SZ002055,ST得润,雪球,https://xueqiu.com/4441311562/393385095,0,0,2026-07-08 16:24:48
393385987,7400452661,我看行哦,2026-06-08 01:28:35,,$ST得润(SZ002055)$ 我擦，真六块重新处了,1,3,0,9248,SZ002055,ST得润,Android,https://xueqiu.com/7400452661/393385987,0,0,2026-07-08 16:24:48
393389571,9027667784,年年有余1996,2026-06-08 01:36:42,,$ST得润(SZ002055)$ 低开高走，不一样了，要板？,3,3,0,8223,SZ002055,ST得润,Android,https://xueqiu.com/9027667784/393389571,0,0,2026-07-08 16:24:48
393400634,1221939802,君可知命否,2026-06-08 01:55:49,,$ST得润(SZ002055)$ 我挂了跌停谁砸给我,0,3,0,10139,SZ002055,ST得润,雪球,https://xueqiu.com/1221939802/393400634,0,0,2026-07-08 16:24:48
393402327,1505804711,修心谨言wy,2026-06-08 01:59:06,,$ST得润(SZ002055)$ 早上开会，错过了抄底的机会，只能水下继续加仓！,1,4,0,10008,SZ002055,ST得润,Android,https://xueqiu.com/1505804711/393402327,0,0,2026-07-08 16:24:48
393404258,1505804711,修心谨言wy,2026-06-08 02:02:43,,$ST得润(SZ002055)$ 只考虑摘帽，怎么也得上8元吧？,2,2,0,10521,SZ002055,ST得润,Android,https://xueqiu.com/1505804711/393404258,0,0,2026-07-08 16:24:48
393404543,4930071438,晒太阳1234,2026-06-08 02:03:16,,$ST得润(SZ002055)$ 东尼还是猛 直接拉红,0,2,0,9453,SZ002055,ST得润,Android,https://xueqiu.com/4930071438/393404543,0,0,2026-07-08 16:24:48
393436216,5498037385,有无低估市场说的算,2026-06-08 03:19:44,,$ST得润(SZ002055)$ 今天卖得润的人到底是怎么想的？,0,1,0,12305,SZ002055,ST得润,Android,https://xueqiu.com/5498037385/393436216,0,1,2026-07-08 16:24:48
393436963,1390686385,张扬1579,2026-06-08 03:21:41,,$ST得润(SZ002055)$ 按这个走法 我都要阴谋论了:是不是鹤山得润要被拿去抵债了 如果鹤山德润被拿走 这个票就一文不值了,1,2,0,11147,SZ002055,ST得润,Android,https://xueqiu.com/1390686385/393436963,0,0,2026-07-08 16:24:48
393438702,1286617181,任是少年,2026-06-08 03:26:27,,$ST得润(SZ002055)$ 这踏马垃圾 随时卖都是正确的,1,0,0,11459,SZ002055,ST得润,Android,https://xueqiu.com/1286617181/393438702,0,0,2026-07-08 16:24:48
393467799,3090183597,01A不会取名字888,2026-06-08 05:33:43,,$ST得润(SZ002055)$ 研究了一下ST得润目前的情况，目前得润已经是我炒股以来亏损第二大的股票了，不过得润也算是我第一次准备长期做的ST股票（当然研究后发现似乎也只能长期，短期有行情的概率很低），有问题的地方欢迎指正。1.关于何时摘帽的问题，最起码也要等到2027年4月份才能落地，本年没有可能。原因是得润电子分别于2026年1月6日和2026年4月29日（年报）被施加其他风险警示、叠加的其他风险警示。前者是因为邱总2020-2022年的虚构回款问题，因为公司已经进行追溯调整，满一年可申请摘帽。后者是审计报告“2023—2025年连续三个会计年度扣除非经常性损益前后净利润孰低者均为负值，且 2025年度审计报告显示持续经营能力存在不确定性”，这个则需要1）扣非净利润转正+2）制约公司持续经营的债务问题彻底得到缓和（债务问题+诉讼赔偿问题）两条因素同时解决。2.关于AI受益度的问题，公司能够受益无疑，但是目前看来想象空间没那么大（不过鉴于光模块、存储当前的涨幅，CAGR不高也可能在未来带来巨大的预期差）。目前主流投资机构/咨询机构预测全球CPU sockets、DDR4/5 memory connector的年复合增长率基本在8%以内，反观其他的AI硬件：CPO是25%+，HBM是25%+，AI服务器是30%+，液冷是40%+，与其博弈AI硬件炒作轮动，倒不如把视线聚焦于得润电子的困境反转（主要是扣非净利润、债务问题）来的实在，很难让我形成幻想。另外关于CPU/GPU sockets，天风证券曾在2025年2月预计NVIDIA Blackwell B300采用GPU sockets，目前看来已经是完全Miss了，唯一值得庆幸的是得润电子Intel标的的稀缺性还是得到了认可。公司从AI获益的更靠谱逻辑应该是：1）公司能够利用本轮AI硬件、AI PC换代的时间窗口，改善公司扣非净利润为负和制约公司发展的债务问题；2）国资或其他产业并购方押注本轮AI硬件、AI PC换代的时间窗口，基于导入Intel供应链、或发展socket业务，对得润电子纾困或并购；3）或与债务人进行协商，解决上述问题。3.近期公告鹤山市得润电子科技有限公司股权被冻结的问题，鹤山得润是公司的核心资产，目前可视为得润电子解决债务问题的催化剂，大概率是准备进行债务重组了，因为港荣集团选择对鹤山股权进行冻结的合理解释应该是提升谈判筹码+防止优质资产转移，后者也侧面印证了港荣集团是认可鹤山得润价值的，同时也能够推动邱总正视、参与问题的解决4.有关对标ST铖昌的说法，我认为是站不住脚的。ST铖昌摘帽路径非常明确，仅是因为“2024年度净利润为负，且扣除后营业收入低于3亿元，触及财务类退市风险警示”，只要2025年年报财务达标就能够摘帽；反观得润电子不是单一的财务问题，同时叠加了两项其他风险警示，且债务问题化解、投资者诉讼赔偿问题远未落地，路途还远得多。另外ST铖昌单一主业、微波毫米波相控阵T/R芯片的护城河、商业航天长期叙事逻辑、毛利率（80%+ vs 20%+），似乎都比得润的情况好得多综上，（中期）投资得润的主要逻辑应当是博弈纾困/产投/重整方介入的看涨期权，短期暂时看不到希望。为什么会选择介入：①Intel CPU Socket标的的稀缺性；②AI PC换代对高速链接器的周期性需求拉动；③未来AI服务器架构变动期权；④困境反转；⑤当前的赔率，在CPO/HBM/光纤等已明牌，相关标的充分计价的今天，几乎已经找不到位置这么低的AI标的了。,4,9,0,23207,SZ002055,ST得润,雪球,https://xueqiu.com/3090183597/393467799,0,3,2026-07-08 16:24:48
393476436,7827083288,高山11,2026-06-08 05:55:00,,$ST得润(SZ002055)$ 太舒服了今天，今天是调仓换股的好时机啊。小润3层仓买入！瑞2层仓买入，国中半仓维持不动了。,0,1,0,9263,SZ002055,ST得润,Android,https://xueqiu.com/7827083288/393476436,0,0,2026-07-08 16:24:48
393480388,5380354349,买点买or卖点卖,2026-06-08 06:06:41,,$ST得润(SZ002055)$ 我始终相信，得润是个好票。但目前那些天天晒买单不断补仓的，终究会被主力玩死，而且很韭菜。当然，如果你能扛过所有的考验，那你确实是高手、大神。30多亿的盘子了，你们一直买买买，主力为何给你们抬轿…… 不被玩死才怪,4,4,0,17585,SZ002055,ST得润,iPhone,https://xueqiu.com/5380354349/393480388,0,0,2026-07-08 16:24:48
393487082,9027667784,年年有余1996,2026-06-08 06:28:18,,$ST得润(SZ002055)$ 这位置有资金抄底。,0,2,0,9270,SZ002055,ST得润,Android,https://xueqiu.com/9027667784/393487082,0,0,2026-07-08 16:24:48
393525916,7104424653,st山顶资本,2026-06-08 09:05:10,,$ST得润(SZ002055)$ 上一个这么a杀的我记得是正平。,1,2,0,8898,SZ002055,ST得润,雪球,https://xueqiu.com/7104424653/393525916,0,0,2026-07-08 16:24:48
393546072,5942251592,简朴的金条小风车屋,2026-06-08 11:04:52,,$ST得润(SZ002055)$ 丸辣 看东财人气榜又开始炒东南西北中了,2,0,0,10648,SZ002055,ST得润,Android,https://xueqiu.com/5942251592/393546072,0,0,2026-07-08 16:24:48
393546421,1992519592,长刀飞血,2026-06-08 11:07:23,,$ST得润(SZ002055)$ 上周六仔细研究了半天，今天早上无条件6.2清仓亏15%，看股友们说了这么多没人真正说到要点：1.近期的拉升是资金提前预判重组拉一波就走人了；2.公司总负债20多亿（不算股民赔偿），最大债主宜宾国资肯定是希望拿钱走人以债转股意愿不大所以查封了公司核心子公司股权逼公司尽快出重整方案；3.公司这种状况不会有人愿意直接拿钱买，不划算只能走重整入股的方式，预计会增加15亿股，每股成本1.5到2元左右对老股东伤害巨大，股本增加后公司不便宜不一定会走填权行情；4.现在各方估计在调查谈判阶段但不影响最终走重整的路，在这期间股价震荡不排除到5元位置；5.公司核心资产赚钱不假，但债权人不愿意等，公司是不会主动提重整但债权人会；不一定能发的出去，大家各自安好！,12,5,0,28771,SZ002055,ST得润,Android,https://xueqiu.com/1992519592/393546421,0,1,2026-07-08 16:24:48
393547418,1623873270,二月湖畔,2026-06-08 11:13:56,,$ST得润(SZ002055)$ 核心结论：ST得润正处于&#34;历史包袱出清+主业盈利恢复+技术壁垒凸显+控制权真空&#34;的特殊阶段，存在困境反转的投资机会，但同时伴随着极高的不确定性风险。公司最核心的价值是国内唯一通过英特尔认证的千针级CPU Socket量产能力，而最大的风险是资金链紧张和诉讼问题尚未完全解决。一、公司前世今生：从连接器龙头到ST困境1.1 创立与高光时刻(1989-2014)- 1989年成立，2006年深交所上市，创始人邱建民家族- 早期专注家电连接器，成为海尔、TCL等国内家电巨头的核心供应商，国内市占率超50%- 2010年后逐步切入消费电子和汽车电子领域- 2014年营收突破30亿元，成为国内连接器行业的龙头企业之一1.2 致命并购与连续亏损(2015-2024)- 2015年转折点：以28亿元天价收购意大利Meta System 60%股权，形成13.8亿元商誉，这是后来一切灾难的根源- 持续扩张：2016年6亿元收购柳州双飞60%股权，2018年投资瑞华泰PI薄膜- 第一次暴雷：2019年Meta业绩不及预期，计提商誉减值12.2亿元，当年巨亏13.5亿元- 连锁反应：2019-2024年连续6年亏损，累计亏损超过50亿元；资产负债率最高时超过90%，大量债务逾期- 财务造假：为掩盖亏损，2020-2021年年报和2022年半年报虚构回款5.34亿元，少计减值4.43亿元1.3 ST戴帽与邱氏家族离场(2025-2026)- 2026年1月6日：因财务造假被深交所实施其他风险警示(ST)- 2026年3月27日：收到证监会正式行政处罚决定书，公司被罚700万元，邱建民被罚1200万元并禁入证券市场5年；当天邱建民辞去所有董事职务，彻底离场- 2026年4月29日：因连续三个会计年度(2023-2025年)扣非净利润孰低为负且持续经营能力存在不确定性，被叠加实施其他风险警示- 现状：公司目前无实际控制人，股权高度分散，前十大股东最高持股不到3%二、当前基本面真相(2025-2026年)2.1 2025年年报核心数据(真实可信)指标 2025年 同比变化 关键说明营业收入 45.05亿元 -12.99% 剔除Meta出表影响后实际增长16.22%归母净利润 -3384.57万元 +97.24% 大幅减亏扣非净利润 3664.62万元 +101.83% 连亏6年后首次实现扣非扭亏毛利率 21.89% +9.58个百分点 盈利能力显著提升资产负债率 73.38% -10.12个百分点 财务状况有所改善经营现金流净额 1.26亿元 +187.5% 主业造血能力恢复重要细节：- 第四季度单季扣非转亏(-1428.88万元)，主要因计提诉讼赔偿5485万元和金融资产公允价值损失6337万元- 持有瑞华泰(688323.SH)约15%股权，市值约15亿元，是公司最重要的流动资产2.2 业务结构与核心竞争力三大业务板块，两大亏损源已彻底剥离：1. 精密连接器及组件(核心增长极)- 营收12.42亿元(+18.73%)，毛利率36.91%- 核心壁垒：国内唯一通过英特尔官方技术认证且具备1000pin以上CPU Socket大规模量产能力的厂商，全球仅4家(安费诺、莫仕、富士康、得润)- 产品：CPU Socket、DDR5内存连接器、PCIe高速连接器- 客户：戴尔、联想等，已实现批量供货2. 家电线束及连接组件(现金牛)- 营收约20亿元，毛利率15-18%- 国内市占率超50%，行业龙头地位稳固，现金流稳定3. 汽车电子(已大幅收缩)- 2025年9月以1.35亿元转让柳州双飞剩余18%股权，彻底退出汽车线束业务- 2024年底Meta进入债权人和解程序并完成资产交割，不再纳入合并报表- 仅保留少量汽车连接器业务2.3 最新重大事件(2026年6月)- 6月3日：公司公告，宜宾中院冻结公司持有的8家子公司股权，涉资超9亿元，冻结期限3年 - 冻结标的包括鹤山得润(8.21亿元)、柏拉蒂电子(2372.56万元)等核心子公司- 源于与宜宾港荣集团的股权回购纠纷(2019年Meta投资相关)- 6月25日：2025年12月司法拍卖的1360万股股份将解禁，成交价约5.856元/股三、关键蛛丝马迹与潜在机会分析3.1 历史包袱已基本出清- 不良资产剥离完成：Meta和柳州双飞这两个最大的亏损源已彻底剥离，不再拖累业绩- 财务造假处罚落地：2026年3月正式处罚书下达，利空出尽，后续不会再因这个事情踩雷- 资产减值计提充分：2025年计提资产减值准备6463万元，历史遗留问题基本处理完毕3.2 主业盈利能力实质性恢复- 扣非扭亏是最大拐点：2025年扣非净利润3664万元，这是公司连亏6年后首次实现主业盈利- 毛利率大幅提升：从2024年的12.31%提升至2025年的21.89%，提升了近10个百分点，说明产品结构优化和成本控制取得成效- AI连接器业务爆发：精密连接器业务营收增长18.73%，毛利率高达36.91%，成为公司新的利润增长点3.3 英特尔认证带来的国产替代机会- 技术壁垒极高：CPU Socket是连接器行业技术难度最高的产品之一，需要极高的精度和可靠性，全球仅4家企业具备量产能力- 国产替代空间巨大：随着中美科技竞争加剧，国内服务器厂商对国产连接器的需求迫切，得润电子作为国内唯一的供应商，将直接受益- 客户拓展顺利：已成为戴尔、联想的一级供应商，未来有望拓展华为、浪潮、曙光等国内服务器巨头3.4 控制权变更预期- 股权真空状态：无实控人+股权高度分散，任何一方只需获得约10%的股份即可成为控股股东- 国资介入可能性：市场传闻深圳或顺德国资有意入主，解决公司的资金问题- 产业资本关注：世运电路实际控制人畲英杰已通过顺益亚太持有柏拉蒂电子45.63%的股权，与得润电子在高速连接器业务上有很强的协同效应四、必须高度重视的风险4.1 持续经营风险仍然存在- 2025年年报审计报告仍带有&#34;持续经营重大不确定性段落&#34;- 货币资金仅约1亿元，而有息负债超过20亿元，资金链依然紧张- 宜宾国资冻结8家核心子公司股权，可能影响公司正常经营和融资4.2 诉讼与债务风险- 与宜宾港荣集团的股权回购纠纷涉资约9亿元，尚未开庭审理，结果存在不确定性- 投资者集体诉讼正在进行中，可能面临巨额赔偿- 部分银行账户仍被冻结，影响资金使用效率4.3 AI业务炒作风险- 英伟达合作纯属虚构：公司2026年5月26日明确公告&#34;截至目前，公司未与英伟达开展业务合作&#34;- 服务器业务总营收占比不到1%，对业绩贡献极小- 市场对AI连接器业务的预期过高，存在估值泡沫4.4 控制权不稳定风险- 股权分散导致公司治理结构不稳定- 未来可能发生股权争夺，影响公司经营战略的连续性- 原控股股东仍有部分股份待拍卖，可能导致股价大幅波动五、投资机会评估与最终结论5.1 核心投资逻辑1. 困境反转：历史包袱出清，主业实现扣非盈利，盈利能力显著改善2. 技术壁垒：英特尔认证的CPU Socket技术，国内唯一，全球稀缺3. 国产替代：AI算力基础设施建设带来的高速连接器需求爆发4. 控制权变更：无实控人状态下，国资或产业资本入主预期强烈5.2 估值分析- 当前市值：约50亿元(按2026年6月8日收盘价8.3元计算)- 保守估值：- 家电线束业务：20亿元营收×1倍市销率=20亿元- 精密连接器业务：12.42亿元营收×2倍市销率=24.84亿元- 瑞华泰股权：15亿元- 合计：59.84亿元- 乐观估值：如果AI连接器业务爆发，精密连接器业务市销率可提升至3-4倍，估值可达80-100亿元5.3 最终结论ST得润目前处于困境反转的关键阶段，存在一定的投资机会，但风险也非常高。机会大于风险的方面：- 最大的确定性是历史包袱已经基本出清，主业盈利能力实质性恢复- 英特尔认证的CPU Socket技术是公司最核心的护城河，国产替代空间巨大- 无实控人状态下，控制权变更可能成为股价的重要催化剂必须警惕的风险：- 持续经营风险仍然存在，资金链紧张和诉讼问题尚未完全解决- AI业务存在严重的炒作成分，英伟达合作纯属虚构- 摘帽时间最早要到2027年二季度，且存在不确定性投资建议：适合风险承受能力极高的投资者小仓位参与，绝对不要重仓。重点跟踪以下关键节点：1. 与宜宾港荣集团诉讼的进展(预计2026年下半年开庭)2. 2026年中报和三季报的业绩情况3. 控制权变更的相关信息4. 精密连接器业务的客户拓展和订单情况,3,3,0,22860,SZ002055,ST得润,Android,https://xueqiu.com/1623873270/393547418,0,1,2026-07-08 16:24:48
393549874,4324020459,咚咚姜,2026-06-08 11:31:02,,$ST得润(SZ002055)$ 之前那波吃了30多个点，明天开始建仓,0,2,0,15912,SZ002055,ST得润,Android,https://xueqiu.com/4324020459/393549874,0,0,2026-07-08 16:24:48
393559623,9699396049,蠢蠢的ft,2026-06-08 12:42:35,,$ST得润(SZ002055)$ 明天不涨，但也不会跌了吧,1,0,0,14479,SZ002055,ST得润,iPhone,https://xueqiu.com/9699396049/393559623,0,0,2026-07-08 16:24:46
393586392,9027667784,年年有余1996,2026-06-08 15:30:49,,$ST得润(SZ002055)$ 明天变盘向上，该板了。,0,3,0,13886,SZ002055,ST得润,Android,https://xueqiu.com/9027667784/393586392,0,0,2026-07-08 16:24:46
393646481,3402666441,暗夜危机,2026-06-09 02:24:13,,$ST得润(SZ002055)$ 今天已经全仓这个了，加息预期只会越来越高，加息意味着老美巨头的资本开支将受到约束，这是所有科技股维持泡沫的基石。只能玩玩 ST 了，这个有摘帽预期，这个股这几天只有利空，利空是好事，不急,0,5,0,18344,SZ002055,ST得润,iPhone,https://xueqiu.com/3402666441/393646481,0,1,2026-07-08 16:24:46
393654157,6462279409,饭搭子,2026-06-09 02:43:30,,$ST得润(SZ002055)$ 主力，继续洗！我们继续跟着t！,1,4,0,11259,SZ002055,ST得润,雪球,https://xueqiu.com/6462279409/393654157,0,0,2026-07-08 16:24:46
393721951,9928805376,亿星Eason,2026-06-09 06:51:25,,大跌几天，聊表敬意，买入一些$ST得润(SZ002055)$,0,1,0,7952,SZ002055,ST得润,HarmonyOS,https://xueqiu.com/9928805376/393721951,0,0,2026-07-08 16:24:46
393728597,8971337238,价值投资是个宝,2026-06-09 07:11:28,,$ST得润(SZ002055)$ 前阶段唱多的各位，有20来位的好同志，都出来。。开始干活了。。基本面，消息面，技术面，什么面都可以。唱起来唱起来，可以向上弄一波了！！！,4,5,0,10451,SZ002055,ST得润,雪球,https://xueqiu.com/8971337238/393728597,0,0,2026-07-08 16:24:46
393729777,1505804711,修心谨言wy,2026-06-09 07:15:17,,$ST得润(SZ002055)$ 三大指数大涨，已经收复失地，得润这个熊样，看着真令人生气，但有什么办法呢？大盘跌，它跌得比大盘多，大盘涨，它不涨，今年ST板块真不好做！,2,1,0,10021,SZ002055,ST得润,Android,https://xueqiu.com/1505804711/393729777,0,0,2026-07-08 16:24:46
393733463,5380354349,买点买or卖点卖,2026-06-09 07:29:20,,$ST得润(SZ002055)$ 说得润止跌？是骗小白来接盘吗？得润未来走势不去预测，但就目前而言，还！未！止！跌！纯忽悠。这点我可以百分99确定。贴不删，等打脸。,9,5,0,9843,SZ002055,ST得润,iPhone,https://xueqiu.com/5380354349/393733463,0,0,2026-07-08 16:24:46
393759044,5498037385,有无低估市场说的算,2026-06-09 09:29:20,,$ST得润(SZ002055)$ 今天盘面有大量的大单砸盘，也不知道这个位置疯狂卖图什么？,2,2,0,9135,SZ002055,ST得润,Android,https://xueqiu.com/5498037385/393759044,0,1,2026-07-08 16:24:46
393800387,3829287150,李达A股投机,2026-06-09 13:52:30,,$ST得润(SZ002055)$先不说管理层水平如何， 实控人那一点股份他有动力去经营好公司吗？我打个问号。,2,0,0,8200,SZ002055,ST得润,Android,https://xueqiu.com/3829287150/393800387,0,0,2026-07-08 16:24:46
393801531,8971337238,价值投资是个宝,2026-06-09 13:59:09,,$ST得润(SZ002055)$ 最好明天先来个一字板！周四再来个高开放量封板。人气马上就转起来。。,0,2,0,8620,SZ002055,ST得润,雪球,https://xueqiu.com/8971337238/393801531,0,0,2026-07-08 16:24:46
393805546,6549060841,韭菜想炒股致富,2026-06-09 14:19:30,,$ST得润(SZ002055)$ 这个票到明年9月份有没有希望市值达到100亿,0,3,0,7439,SZ002055,ST得润,iPhone,https://xueqiu.com/6549060841/393805546,0,0,2026-07-08 16:24:46
393816592,8824666422,高雅的理财小足球员,2026-06-09 15:28:19,,$ST得润(SZ002055)$ 走坏了，一直在关注，不是入手时机，在磨一个月吧,0,1,0,8386,SZ002055,ST得润,Android,https://xueqiu.com/8824666422/393816592,0,0,2026-07-08 16:24:46
393824264,1441790743,卓优财经客栈,2026-06-09 16:35:01,,毛利率及技术实力碾压同行业，后面它想做民品，降低一点毛利率那就是降维打击！一个做电子产品的公司，毛利率干到67 ％，在两市中真的难己找到几家，而且它才50多个亿的市值参与两项国际标准修订，国内首次，可见它的技术实力有多强大！$ST派瑞(SZ300831)$ $铂力特(SH688333)$ $ST得润(SZ002055)$查看图片,4,11,0,24392,SZ002055,ST得润,iPhone,https://xueqiu.com/1441790743/393824264,0,2,2026-07-08 16:24:46
393857486,7436337398,ywdz,2026-06-10 01:31:49,,$ST得润(SZ002055)$ 最坚难的时间,6,1,0,5559,SZ002055,ST得润,Android,https://xueqiu.com/7436337398/393857486,0,0,2026-07-08 16:24:46
393859328,1172248039,尼古拉斯加仓冲,2026-06-10 01:35:51,,$ST得润(SZ002055)$ 哈哈卖对了，垃圾就是垃圾,0,1,0,6367,SZ002055,ST得润,Android,https://xueqiu.com/1172248039/393859328,0,0,2026-07-08 16:24:46
393868640,9027667784,年年有余1996,2026-06-10 01:51:58,,$ST得润(SZ002055)$ 空头猛于虎，希望6元守住，磨底。咋天高开低走，今天低开高走？,1,0,0,5473,SZ002055,ST得润,Android,https://xueqiu.com/9027667784/393868640,0,0,2026-07-08 16:24:46
393871242,6462279409,饭搭子,2026-06-10 01:56:46,,$ST得润(SZ002055)$ 现在还在卖的，主力估计要在偷偷的笑，这波货吃够了！,3,2,0,6738,SZ002055,ST得润,雪球,https://xueqiu.com/6462279409/393871242,0,0,2026-07-08 16:24:46
393874808,1172248039,尼古拉斯加仓冲,2026-06-10 02:03:33,,$ST得润(SZ002055)$ 可别装了 退市吧,0,1,0,7142,SZ002055,ST得润,Android,https://xueqiu.com/1172248039/393874808,0,0,2026-07-08 16:24:46
393875395,5380354349,买点买or卖点卖,2026-06-10 02:04:42,,$ST得润(SZ002055)$ 离开得润后，就去玩了物理ai。得润主力，你这样杀有点过分哦……,6,5,0,7018,SZ002055,ST得润,iPhone,https://xueqiu.com/5380354349/393875395,0,0,2026-07-08 16:24:46
393896572,6462279409,饭搭子,2026-06-10 02:46:40,,$ST得润(SZ002055)$ 今天不跌停已经算可以了！下午翻个红，主力给大家秀秀肌肉！,5,1,0,6873,SZ002055,ST得润,雪球,https://xueqiu.com/6462279409/393896572,0,0,2026-07-08 16:24:44
393897041,4737127689,随风去也,2026-06-10 02:47:48,,$ST得润(SZ002055)$ 跟年初的jingji一样，一波强势拉升后开始了连续的下跌，就这样还是太热闹了，还得跌，哪天没人讨论了就该涨了。,0,1,0,9277,SZ002055,ST得润,Android,https://xueqiu.com/4737127689/393897041,0,0,2026-07-08 16:24:44
393900185,4850557927,山古之人,2026-06-10 02:55:08,,$ST得润(SZ002055)$ 这么点市值，4-5W的散户 玩个JJ啊,0,0,0,9142,SZ002055,ST得润,雪球,https://xueqiu.com/4850557927/393900185,0,0,2026-07-08 16:24:44
393904046,6927323874,股海迷失,2026-06-10 03:03:52,,$ST得润(SZ002055)$ 一个轮回，一字板前被洗的，现在跌又回来，暂时不敢买,0,1,0,11392,SZ002055,ST得润,Android,https://xueqiu.com/6927323874/393904046,0,0,2026-07-08 16:24:44
393910436,7436337398,ywdz,2026-06-10 03:19:44,,$ST得润(SZ002055)$ ，调整好心态，最近不看股票，,0,2,0,7797,SZ002055,ST得润,Android,https://xueqiu.com/7436337398/393910436,0,0,2026-07-08 16:24:44
393920584,6219951047,老王要搞事,2026-06-10 03:49:15,,$ST得润(SZ002055)$ 亏的不敢看账户，啥情况这个是,0,1,0,7905,SZ002055,ST得润,Android,https://xueqiu.com/6219951047/393920584,0,0,2026-07-08 16:24:44
393930364,1505804711,修心谨言wy,2026-06-10 04:41:39,,$ST得润(SZ002055)$ 行情不好，ST有5CM保护，还好，到7月份直接10CM，更加血流成河，哀鸿遍野。,2,0,0,8300,SZ002055,ST得润,Android,https://xueqiu.com/1505804711/393930364,0,0,2026-07-08 16:24:44
393935184,7104424653,st山顶资本,2026-06-10 05:08:12,,$ST得润(SZ002055)$ 明天可不能跌停了，再跌停真到我成本了。,1,2,0,7184,SZ002055,ST得润,雪球,https://xueqiu.com/7104424653/393935184,0,0,2026-07-08 16:24:44
393935492,3948743971,此人可能长期离线,2026-06-10 05:09:23,,$ST得润(SZ002055)$ 大家都亏就不是亏，可我8块加仓一把亏光,4,1,0,8100,SZ002055,ST得润,iPhone,https://xueqiu.com/3948743971/393935492,0,0,2026-07-08 16:24:44
393938962,9866501100,岁月是真的如梭,2026-06-10 05:21:15,,$ST得润(SZ002055)$ 这韭菜割的是真麻溜,0,2,0,10625,SZ002055,ST得润,iPhone,https://xueqiu.com/9866501100/393938962,0,0,2026-07-08 16:24:44
393945249,1307886976,端正的财经小礼貌,2026-06-10 05:42:14,,$ST得润(SZ002055)$ 退市的象征，没戏了！,4,2,0,10650,SZ002055,ST得润,Android,https://xueqiu.com/1307886976/393945249,0,0,2026-07-08 16:24:44
393948973,6462279409,饭搭子,2026-06-10 05:54:54,,$ST得润(SZ002055)$ 空头该投降了,2,1,0,6935,SZ002055,ST得润,雪球,https://xueqiu.com/6462279409/393948973,0,0,2026-07-08 16:24:44
393955600,1505804711,修心谨言wy,2026-06-10 06:17:56,,$ST得润(SZ002055)$ 早上买了一点，买早了，现在跌停，暂时不买了，等站稳再买了。,4,4,0,9536,SZ002055,ST得润,Android,https://xueqiu.com/1505804711/393955600,0,0,2026-07-08 16:24:44
393965267,1018946409,馒头大米饭,2026-06-10 06:50:11,,$ST得润(SZ002055)$ 是龙是虫就看最后10分钟,3,1,0,9727,SZ002055,ST得润,Android,https://xueqiu.com/1018946409/393965267,0,0,2026-07-08 16:24:44
393973175,3402666441,暗夜危机,2026-06-10 07:14:44,,$ST得润(SZ002055)$ 我 nm 是来躲股灾的，结果你真狠，你这也是股灾，我还不如不躲,2,4,0,9186,SZ002055,ST得润,iPhone,https://xueqiu.com/3402666441/393973175,0,0,2026-07-08 16:24:44
393990073,4850557927,山古之人,2026-06-10 08:29:54,,$ST得润(SZ002055)$ 回看这股历年拉生，每一波拉升完就是A杀,0,3,0,10579,SZ002055,ST得润,雪球,https://xueqiu.com/4850557927/393990073,0,0,2026-07-08 16:24:44
393991117,1505804711,修心谨言wy,2026-06-10 08:35:07,,$ST得润(SZ002055)$ $ST星农(SH603789)$ 发不出来，还是自己大意了，每四年的世界丕，资金都会出逃去买求。,1,2,0,9814,SZ002055,ST得润,Android,https://xueqiu.com/1505804711/393991117,0,0,2026-07-08 16:24:44
394030233,6549060841,韭菜想炒股致富,2026-06-10 12:39:01,,$ST得润(SZ002055)$ 明天毫无悬念跌破5.75,0,3,0,8152,SZ002055,ST得润,iPhone,https://xueqiu.com/6549060841/394030233,0,0,2026-07-08 16:24:44
394030979,5124249758,薛定谔的触手,2026-06-10 12:43:30,,关于st得润CPU socket产品与英特尔供货关系的官方回应，来自深交所互动易官网问:得润电子通过多年攻坚，不仅成为全球仅有的四家能量产CPU Socket 的连接器企业之一，更是拿下国内唯一的英特尔认证的CPU socket的厂商资质，打破了国外连接器企业的CPU Socket技术封锁，这个消息是不是属实？现在CPU Socket产品产能多少？营业收入多少？都供应给哪些企业？答:尊敬的投资者，您好！CPU Socket 作为公司高速连接器领域的核心产品，已经通过Intel认证，并根据市场和客户需求不断进行技术升级，持续拓展客户，业务规模不断扩大，同时具有良好的盈利水平，市场竞争优势明显，为中高端连接器国产化替代进程贡献了自身的力量。相关具体业务情况请关注公司公开披露信息，敬请广大投资者注意投资风险。谢谢！来自 深交所互动易$ST得润(SZ002055)$st得润股价历史最低！$兆易创新(SH603986)$ $麦格米特(SZ002851)$,1,11,0,47942,SZ002055,ST得润,HarmonyOS,https://xueqiu.com/5124249758/394030979,0,3,2026-07-08 16:24:44
394040962,6272575192,x198921,2026-06-10 13:33:05,,$ST得润(SZ002055)$ 都消停点不行吗 看看东尼,0,1,0,8359,SZ002055,ST得润,Android,https://xueqiu.com/6272575192/394040962,0,0,2026-07-08 16:24:44
394050672,4290170703,半日农夫,2026-06-10 14:24:55,,$ST得润(SZ002055)$ 这么快就回来了,6,11,0,33102,SZ002055,ST得润,iPhone,https://xueqiu.com/4290170703/394050672,0,0,2026-07-08 16:24:42
394080963,9699396049,蠢蠢的ft,2026-06-10 23:47:12,,$ST得润(SZ002055)$ 今天兄弟们齐心协力按个跌停，我接回来点,0,1,0,6894,SZ002055,ST得润,iPhone,https://xueqiu.com/9699396049/394080963,0,0,2026-07-08 16:24:42
394094722,3829287150,李达A股投机,2026-06-11 01:24:22,,$ST得润(SZ002055)$ 这个最大的问题是大股东持股太低，试问，你只占2%股份，你会用心经营？肯定用公家东西包二奶、报销之类的，哪有心思经营。,3,0,0,6601,SZ002055,ST得润,Android,https://xueqiu.com/3829287150/394094722,0,0,2026-07-08 16:24:42
394100585,1505804711,修心谨言wy,2026-06-11 01:39:06,,$ST得润(SZ002055)$ $ST星农(SH603789)$ 继续加仓，努力加油！,0,5,0,4877,SZ002055,ST得润,Android,https://xueqiu.com/1505804711/394100585,0,0,2026-07-08 16:24:42
394102010,5380354349,买点买or卖点卖,2026-06-11 01:41:18,,$ST得润(SZ002055)$ 昨天出了物理ai，干了粤桂，今天一字开。 得润，等我回来陪你玩。主力真毒……,0,1,0,4415,SZ002055,ST得润,iPhone,https://xueqiu.com/5380354349/394102010,0,0,2026-07-08 16:24:42
394106149,6008783090,威蜂的龙,2026-06-11 01:48:26,,$ST得润(SZ002055)$ 狗庄，来杀我，杀我一天我补一天,0,0,0,6365,SZ002055,ST得润,Android,https://xueqiu.com/6008783090/394106149,0,0,2026-07-08 16:24:42
394107920,9027667784,年年有余1996,2026-06-11 01:51:32,,$ST得润(SZ002055)$ 今日收红，做耐心资本。,1,1,0,4086,SZ002055,ST得润,Android,https://xueqiu.com/9027667784/394107920,0,0,2026-07-08 16:24:42
394113316,6462279409,饭搭子,2026-06-11 02:03:34,,$ST得润(SZ002055)$ 今天走的有点弱了啊！主力真的狗啊，还没吃饱么！,4,2,0,4851,SZ002055,ST得润,雪球,https://xueqiu.com/6462279409/394113316,0,0,2026-07-08 16:24:42
394115941,1505804711,修心谨言wy,2026-06-11 02:08:56,,$ST得润(SZ002055)$ 亏死了，8块多没出，现在又跌回原处,0,1,0,4323,SZ002055,ST得润,Android,https://xueqiu.com/1505804711/394115941,0,0,2026-07-08 16:24:42
394116910,1505804711,修心谨言wy,2026-06-11 02:10:43,,$ST得润(SZ002055)$ 子弹快打光了，大家别砸了，砸下来大家都没钱赚了！,0,2,0,4390,SZ002055,ST得润,Android,https://xueqiu.com/1505804711/394116910,0,0,2026-07-08 16:24:42
394119057,1292828150,蓝翔挖机,2026-06-11 02:15:05,,$ST得润(SZ002055)$ 直接抢钱好了，还交易什么,0,3,0,6712,SZ002055,ST得润,iPhone,https://xueqiu.com/1292828150/394119057,0,0,2026-07-08 16:24:42
394119519,7436337398,ywdz,2026-06-11 02:15:59,,$ST得润(SZ002055)$ 35亿的润没有钱买了，留口水没有用呀，加的太快了，又增长认识了,2,1,0,5737,SZ002055,ST得润,Android,https://xueqiu.com/7436337398/394119519,0,0,2026-07-08 16:24:42
394125360,6462279409,饭搭子,2026-06-11 02:27:13,,$ST得润(SZ002055)$ 上次是5.75，这次是5.85，主力真的会如我们散户所愿么！回本先减仓。,6,5,0,6178,SZ002055,ST得润,雪球,https://xueqiu.com/6462279409/394125360,0,0,2026-07-08 16:24:42
394134025,2396866475,程峰4255,2026-06-11 02:45:12,,$ST得润(SZ002055)$ 怪我，买了100手之后一直跌,0,3,0,5610,SZ002055,ST得润,iPhone,https://xueqiu.com/2396866475/394134025,0,0,2026-07-08 16:24:42
394142781,6549060841,韭菜想炒股致富,2026-06-11 03:05:30,,$ST得润(SZ002055)$ 这股为什么跌跌不休，我觉得是被吹票的吹死、还有一些认知低的韭菜,0,4,0,5941,SZ002055,ST得润,iPhone,https://xueqiu.com/6549060841/394142781,0,0,2026-07-08 16:24:42
394148581,7844896968,抄底的神经,2026-06-11 03:19:24,,$ST得润(SZ002055)$ 挺好，我在外边一天-10,1,3,0,5811,SZ002055,ST得润,Android,https://xueqiu.com/7844896968/394148581,0,0,2026-07-08 16:24:42
394155686,1307886976,端正的财经小礼貌,2026-06-11 03:38:17,,$ST得润(SZ002055)$ 看这个意思跌到退市了！,3,2,0,6802,SZ002055,ST得润,Android,https://xueqiu.com/1307886976/394155686,0,0,2026-07-08 16:24:42
394160097,1782724526,甜瓜melo,2026-06-11 03:53:08,,$ST得润(SZ002055)$ 这是被老师们吹死了吗，涨的时候吹上天，📉的时候主打一个不吱声吗？,2,0,0,4619,SZ002055,ST得润,iPhone,https://xueqiu.com/1782724526/394160097,0,0,2026-07-08 16:24:42
394162732,6549060841,韭菜想炒股致富,2026-06-11 04:04:20,,$ST得润(SZ002055)$ 有没有在深圳的股友，想咨询一下,0,0,0,5197,SZ002055,ST得润,iPhone,https://xueqiu.com/6549060841/394162732,0,0,2026-07-08 16:24:42
394173782,9906729923,心中之神q,2026-06-11 05:04:17,,$ST得润(SZ002055)$ 以为到底了，结果还有地下室，以为到地下室该差不多了，结果还有十八层地狱，有时候不服不行,2,0,0,4891,SZ002055,ST得润,Android,https://xueqiu.com/9906729923/394173782,0,0,2026-07-08 16:24:42
394179769,7844896968,抄底的神经,2026-06-11 05:25:25,,$ST得润(SZ002055)$ 从瞎鸡儿乱跌到现在和大盘共振了，是不是不用那么悲观了,1,1,0,4746,SZ002055,ST得润,Android,https://xueqiu.com/7844896968/394179769,0,0,2026-07-08 16:24:41
394185146,1505804711,修心谨言wy,2026-06-11 05:42:35,,$ST得润(SZ002055)$ 好不容易拉上来，又被砸下去了，到底是谁在做空啊,0,0,0,3390,SZ002055,ST得润,Android,https://xueqiu.com/1505804711/394185146,0,0,2026-07-08 16:24:41
394190893,2093623839,六星大厨露西亚,2026-06-11 06:00:31,,$ST得润(SZ002055)$ 你继续摁我看看能不能给我摁到四块钱,0,0,0,4999,SZ002055,ST得润,Android,https://xueqiu.com/2093623839/394190893,0,0,2026-07-08 16:24:41
394191223,6549060841,韭菜想炒股致富,2026-06-11 06:01:38,,$ST得润(SZ002055)$ 这家上市公司真的坏透了，债务问题迟迟不解决，邱家赶紧滚蛋,0,2,0,5481,SZ002055,ST得润,iPhone,https://xueqiu.com/6549060841/394191223,0,0,2026-07-08 16:24:41
394191565,2713845433,超级小雨,2026-06-11 06:02:42,,$ST得润(SZ002055)$ 妥妥的有病了，这个价格你继续按，我看看你能按到多少,0,0,0,4925,SZ002055,ST得润,Android,https://xueqiu.com/2713845433/394191565,0,0,2026-07-08 16:24:41
394191757,5530967964,GeneXZY,2026-06-11 06:03:20,,$ST得润(SZ002055)$ 资金好脏啊，一拉就有大单砸,0,0,0,5486,SZ002055,ST得润,iPhone,https://xueqiu.com/5530967964/394191757,0,0,2026-07-08 16:24:41
394192823,1018946409,馒头大米饭,2026-06-11 06:06:31,,$ST得润(SZ002055)$ 6以下就没有大佬过来举牌的吗,2,0,0,4940,SZ002055,ST得润,Android,https://xueqiu.com/1018946409/394192823,0,0,2026-07-08 16:24:41
394194818,9696985456,神圣的致富小翻译师,2026-06-11 06:12:01,,$ST得润(SZ002055)$ 哈哈哈，给我整笑了,1,0,0,7304,SZ002055,ST得润,Android,https://xueqiu.com/9696985456/394194818,0,0,2026-07-08 16:24:41
394195218,1658584362,杰森V518,2026-06-11 06:13:07,,$ST得润(SZ002055)$ A杀到了启动位置，高低捡一点吧查看图片,1,6,0,6792,SZ002055,ST得润,雪球,https://xueqiu.com/1658584362/394195218,0,0,2026-07-08 16:24:41
394196396,1505804711,修心谨言wy,2026-06-11 06:16:26,,$ST得润(SZ002055)$ ST板块都是乌合之众，目光短浅，人心不齐，互相伤害。,2,3,0,6048,SZ002055,ST得润,Android,https://xueqiu.com/1505804711/394196396,0,0,2026-07-08 16:24:41
394204819,6375274736,退休老王生活,2026-06-11 06:41:48,,$ST得润(SZ002055)$ 的确牛，老王几进几出都没吃到肉。,9,3,0,5488,SZ002055,ST得润,Android,https://xueqiu.com/6375274736/394204819,0,0,2026-07-08 16:24:41
394209834,7104424653,st山顶资本,2026-06-11 06:57:43,,$ST得润(SZ002055)$ 有点牛 板块尾盘都在反弹 你在忙着砸跌停。,1,1,0,2587,SZ002055,ST得润,雪球,https://xueqiu.com/7104424653/394209834,0,0,2026-07-08 16:24:41
394215346,4324020459,咚咚姜,2026-06-11 07:14:13,,$ST得润(SZ002055)$目前 1.5层仓，往后每天跌一次我加一次。让我康康空头的实力是否能让我满仓，5-10%很可能得回归价值票。,0,2,0,4640,SZ002055,ST得润,Android,https://xueqiu.com/4324020459/394215346,0,0,2026-07-08 16:24:41
394218006,1505804711,修心谨言wy,2026-06-11 07:23:35,,$ST得润(SZ002055)$ $ST星农(SH603789)$ 抄底又抄到半山腰，明天开始，不再买入任何股票，等ST板块好转后再买！,0,0,0,5329,SZ002055,ST得润,Android,https://xueqiu.com/1505804711/394218006,0,0,2026-07-08 16:24:41
394219358,1505804711,修心谨言wy,2026-06-11 07:29:21,,$ST得润(SZ002055)$ 好好的一个股票，有业绩，有题材，走成A杀，广大散户亏损惨重，谁之过？建议公司高管集体引咎辞职！,0,4,0,3761,SZ002055,ST得润,Android,https://xueqiu.com/1505804711/394219358,0,0,2026-07-08 16:24:41
394221197,1505804711,修心谨言wy,2026-06-11 07:36:45,,$ST得润(SZ002055)$ 一个月不到，由赚30%到亏10%，一场欢喜一场空！,2,3,0,4071,SZ002055,ST得润,Android,https://xueqiu.com/1505804711/394221197,0,0,2026-07-08 16:24:41
394221601,9699396049,蠢蠢的ft,2026-06-11 07:38:43,,$ST得润(SZ002055)$ 今天继续撤仓位了，我觉得既然能杀下来就是要破前低的,0,0,0,5738,SZ002055,ST得润,iPhone,https://xueqiu.com/9699396049/394221601,0,0,2026-07-08 16:24:41
394222720,1505804711,修心谨言wy,2026-06-11 07:43:20,,$ST得润(SZ002055)$ 本来4月20日那次拍卖就可以将邱家换掉，可惜不知那个天杀的撤回了，然后又没有下文了，后面又搞出个鹤山得润股权冻结的戏码，广大小散不明就里，相爱相杀，一直乱到今天。,2,3,0,4583,SZ002055,ST得润,Android,https://xueqiu.com/1505804711/394222720,0,0,2026-07-08 16:24:41
394225700,5498037385,有无低估市场说的算,2026-06-11 07:57:38,,$ST得润(SZ002055)$ 真没想到会来个A杀,0,1,0,4583,SZ002055,ST得润,Android,https://xueqiu.com/5498037385/394225700,0,0,2026-07-08 16:24:41
394225823,9551457182,秦如许,2026-06-11 07:58:15,,$ST得润(SZ002055)$ 这个是真有点狠,2,2,0,5953,SZ002055,ST得润,iPhone,https://xueqiu.com/9551457182/394225823,0,0,2026-07-08 16:24:41
394228055,7108967716,北方游侠777,2026-06-11 08:08:28,,$ST得润(SZ002055)$ ST得润短期快速下杀真正的核心原因是CPU需求增量远不及预期，走势上整个CPU板块已彻底打回原形，无论是CPU人气龙头中国长城还是国产替代的龙芯中科，无一例外。这也意味着未来CPU与GPU配比从1：8到1：1的转变短期内只是个概念，不是可以快速实现的，这个过程是渐变且非常漫长的。正如摩根士丹利图中所示《Rubin VR200整机柜BOM拆机报告》，同样液冷的增量也远远低于预期。,13,6,0,24139,SZ002055,ST得润,Android,https://xueqiu.com/7108967716/394228055,0,1,2026-07-08 16:24:39
394228148,1505804711,修心谨言wy,2026-06-11 08:08:58,,$ST得润(SZ002055)$ 可惜了高速连接器的好赛道，可惜了CPU连接器的好风口，碰到猪一样的公司管理层，只好认命了！,3,2,0,6141,SZ002055,ST得润,Android,https://xueqiu.com/1505804711/394228148,0,0,2026-07-08 16:24:39
394230836,6549060841,韭菜想炒股致富,2026-06-11 08:21:25,,$ST得润(SZ002055)$ 这个公司最大的问题就是邱家不肯放手，这个垃圾，上一次债权人撤拍估计可能是与邱家沟通协商达成共识，然后市场预期债务问题解决，然后5.18号鹤山得润公司股权被债权人申请财产保全措施，估计双方这个过程中又产生分歧，然后接下来只能等公司发布公告，得润总部大厦解封冻结流程在办理，据上次6.3公告已经过去6个工作日。,0,5,0,7944,SZ002055,ST得润,iPhone,https://xueqiu.com/6549060841/394230836,0,0,2026-07-08 16:24:39
394231488,6789417896,zfauir,2026-06-11 08:24:50,,$ST得润(SZ002055)$ 感谢空头给机会，开始买买买模式。,0,2,0,6502,SZ002055,ST得润,Android,https://xueqiu.com/6789417896/394231488,0,0,2026-07-08 16:24:39
394231670,3850339348,黑马挖掘机2024,2026-06-11 08:25:45,,$ST得润(SZ002055)$ 子公司股权继续被宜宾国资冻结，现在的得润和两年前的$*ST新潮(SH600777)$ 特别像，公司质地优良，大股东股权极少，管理层尸位素餐，所以急需来一个产业大佬来抢夺公司控制权，无论是二级举牌加要约收购，还是申请破产重整当产业投资人，我们中小股东肯定全力支持。,7,11,0,34361,SZ002055,ST得润,iPhone,https://xueqiu.com/3850339348/394231670,0,1,2026-07-08 16:24:39
394233977,6515411074,悟能的徒弟,2026-06-11 08:37:05,,$ST得润(SZ002055)$ 大家体感极差，就跟冬天直接从三亚，飞到了漠河只穿了件T恤，没用羽绒服。其他股都是从沈阳，到了漠河，好歹还有件棉衣。现在的ST板块，跟去年那种大牛市自然相差甚远，但也还没到24年 国九条出来那会，大面积面值退的地步。 该熬还得熬，毕竟去年那种盛况，好多年才一次吧。,0,5,0,8086,SZ002055,ST得润,雪球,https://xueqiu.com/6515411074/394233977,0,0,2026-07-08 16:24:39
394240464,1505804711,修心谨言wy,2026-06-11 09:09:18,,$ST得润(SZ002055)$ 按现在的市值花1亿多就可以控股35亿的连接器上市公司，就没有哪位资本大佬看上吗？,1,2,0,6059,SZ002055,ST得润,Android,https://xueqiu.com/1505804711/394240464,0,0,2026-07-08 16:24:39
394243775,3402666441,暗夜危机,2026-06-11 09:25:46,,$ST得润(SZ002055)$ 得润啊，我真的看错你了吗，哎，我这是丢了西瓜，捡了芝麻,1,4,0,4846,SZ002055,ST得润,雪球,https://xueqiu.com/3402666441/394243775,0,0,2026-07-08 16:24:39
394254371,0,ST得润(SZ002055),2026-06-11 10:23:09,,ST得润：关于担保事项涉及诉讼进展暨公司部分资产被查封、子公司股权被冻结增加的公告 网页链接,48,2,1,22118,SZ002055,ST得润,公告,https://xueqiu.com/S/SZ002055/394254371,0,0,2026-07-08 16:24:39
394254384,0,ST得润(SZ002055),2026-06-11 10:23:10,,ST得润：关于为控股子公司融资提供担保的进展公告 网页链接,0,1,0,12753,SZ002055,ST得润,公告,https://xueqiu.com/S/SZ002055/394254384,0,0,2026-07-08 16:24:39
394255996,9840813492,你买挖掘机吗,2026-06-11 10:34:57,,$ST得润(SZ002055)$ 查封大厦加股权更近一步倒逼公司运作，查封的这些远远超过欠的债，下面不管他怎么运作都是好事。对这股来说，不管好消息还是坏消息，只要有消息能让它动起来就行。,0,1,0,5693,SZ002055,ST得润,雪球,https://xueqiu.com/9840813492/394255996,0,0,2026-07-08 16:24:39
394258706,9840813492,你买挖掘机吗,2026-06-11 10:55:32,,$ST得润(SZ002055)$ 不是怕公司没有动作吗，现在外部逼着它动，怎么还有大哥认为是利空哪，如果能把大厦卖了的话，连另外两家的债差不多都能还了,6,6,0,7222,SZ002055,ST得润,雪球,https://xueqiu.com/9840813492/394258706,0,0,2026-07-08 16:24:39
394260037,9699396049,蠢蠢的ft,2026-06-11 11:05:46,,$ST得润(SZ002055)$ 要挖坑了，万幸今天减仓了,4,0,0,7059,SZ002055,ST得润,iPhone,https://xueqiu.com/9699396049/394260037,0,0,2026-07-08 16:24:39
394261493,3451316032,坐井忘天,2026-06-11 11:16:00,,$ST得润(SZ002055)$ 6.4璧山解封，6.5四川宜宾查封，看这意思港荣一直盯着公司的资产呢。如果得润同意，其实早就债转股了，正因为邱不想失去控制权，所以两边才僵持着。但僵持有用么？最终，港荣还是会逼迫邱家低头的，查封并保全核心资产就是最重要的一步。看港荣的决心，债转股的概率已经非常大了,4,4,1,11046,SZ002055,ST得润,Android,https://xueqiu.com/3451316032/394261493,0,0,2026-07-08 16:24:39
394262498,3451316032,坐井忘天,2026-06-11 11:23:46,,$ST得润(SZ002055)$ 看公告的措辞也能看出来，港荣已经懒得和得润bb了，直接保全了资产，再逼迫邱家低头就完事了。 这还是国资温和的做法，要是换个野蛮人，直接查封资产+二级市场举牌要控制权，我看你妥协不妥协,0,7,0,11144,SZ002055,ST得润,Android,https://xueqiu.com/3451316032/394262498,0,0,2026-07-08 16:24:39
394262643,5942251592,简朴的金条小风车屋,2026-06-11 11:24:55,,$ST得润(SZ002055)$ 这公告是给深圳顺德江门国资上眼药啊，邱家还是想把水搅混？,0,1,0,4674,SZ002055,ST得润,Android,https://xueqiu.com/5942251592/394262643,0,0,2026-07-08 16:24:39
394262714,9928805376,亿星Eason,2026-06-11 11:25:19,,$ST得润(SZ002055)$把这个当利空的也是天才，明显在加速进程。,3,2,0,7251,SZ002055,ST得润,HarmonyOS,https://xueqiu.com/9928805376/394262714,0,1,2026-07-08 16:24:39
394263131,6549060841,韭菜想炒股致富,2026-06-11 11:28:52,,$ST得润(SZ002055)$ 好了，债权问题摆在明面上，这下看顺益亚太（顺德国资）怎么应对,0,0,0,7558,SZ002055,ST得润,iPhone,https://xueqiu.com/6549060841/394263131,0,0,2026-07-08 16:24:39
394264236,3850339348,黑马挖掘机2024,2026-06-11 11:38:23,,宜宾国资做得好，把$ST得润(SZ002055)$ 逼得只有破产重整一条路了！后续重整的产业投资人，我觉得适合的有$世运电路(SH603920)$ 或者顺德国资；要么就是同在顺德的美的集团何老板，今晚另一个公告的保理的钱正好来自美的集团，然后何老板这几天从$盈峰环境(SZ000967)$ 减持了 18 个亿，钱会不会就是用于得润的收购？我们拭目以待查看图片,15,13,0,28643,SZ002055,ST得润,iPhone,https://xueqiu.com/3850339348/394264236,0,3,2026-07-08 16:24:39
394270711,9696985456,神圣的致富小翻译师,2026-06-11 12:26:27,,$ST得润(SZ002055)$ 留给得润的时间不多了,0,0,0,8861,SZ002055,ST得润,Android,https://xueqiu.com/9696985456/394270711,0,0,2026-07-08 16:24:39
394270950,8616176747,kissdearmylove,2026-06-11 12:28:24,,$ST得润(SZ002055)$ 邱家能不能早点滚蛋，还想拖到什么时候？,0,1,0,5957,SZ002055,ST得润,雪球,https://xueqiu.com/8616176747/394270950,0,0,2026-07-08 16:24:37
394271443,6375274736,退休老王生活,2026-06-11 12:32:01,,$ST得润(SZ002055)$ 逼到墙角才是好事，才能重生。每年40多亿营收的链接器业务，其中还包括高毛利的高速连接器，才30多亿市值，真是滑天下之大稽，明天敢跌老王再加些仓。,4,3,0,9016,SZ002055,ST得润,Android,https://xueqiu.com/6375274736/394271443,0,1,2026-07-08 16:24:37
394271998,6375274736,退休老王生活,2026-06-11 12:36:04,,$ST得润(SZ002055)$ 老王之前割了得润，在其他地方已经赚回来，现在子弹充足，这个位置，敢跌老王就敢继续吃。,10,3,0,9982,SZ002055,ST得润,Android,https://xueqiu.com/6375274736/394271998,0,0,2026-07-08 16:24:37
394276104,4850557927,山古之人,2026-06-11 13:06:40,,$ST得润(SZ002055)$ 其实很简单，邱没有主动权，唯一的希望就是卖个好价而已，搞点养老费。至于之前的股权拍卖撤销，就看私下是和谁谈的了，明面的是2家国资，但是暗地里谁也不知道有几方势力。我们散户只能看神仙打架了。明天应该还会往下杀,0,0,0,11336,SZ002055,ST得润,雪球,https://xueqiu.com/4850557927/394276104,0,0,2026-07-08 16:24:37
394276827,4930071438,晒太阳1234,2026-06-11 13:11:23,,$ST得润(SZ002055)$ 老邱有多大年纪了？还是保重点身体吧，别管得润了,0,3,0,7798,SZ002055,ST得润,Android,https://xueqiu.com/4930071438/394276827,0,0,2026-07-08 16:24:37
394277478,3402666441,暗夜危机,2026-06-11 13:16:13,,$ST得润(SZ002055)$ 完了明天又要跌停了，我 nm,0,0,0,9931,SZ002055,ST得润,iPhone,https://xueqiu.com/3402666441/394277478,0,0,2026-07-08 16:24:37
394277805,2427841427,想什么呢干就是,2026-06-11 13:18:41,,$ST得润(SZ002055)$ 邱家就是要一个所有矛盾集中爆发出来，要起诉的去起诉，把股价往下再压，压到3至4元最好，然后再重整。重整的时候。把筹到的钱以5折的价格参与重整，拿30%到50%的股权，这样债务解决了又拿回公司控制权了。等股价上来并摘帽后，质押股权的钱还清这次的参与重整的融资。这就是邱家的剧本，置之死地而后生！,9,2,0,17229,SZ002055,ST得润,Android,https://xueqiu.com/2427841427/394277805,0,0,2026-07-08 16:24:37
394278925,1505804711,修心谨言wy,2026-06-11 13:26:14,,$ST得润(SZ002055)$ 已经跌麻了，明天再跌也没有关系，反正我就是不卖,2,4,0,13167,SZ002055,ST得润,Android,https://xueqiu.com/1505804711/394278925,0,1,2026-07-08 16:24:37
394281984,6549060841,韭菜想炒股致富,2026-06-11 13:38:58,,$ST得润(SZ002055)$ 邱家肯定肯定没有主动权，如果🈶️能力也不至于债务拖到现在还没解决：宜宾国资的做法是好事，虽然过程曲折，只要不退市，结果应该不会差的。,0,2,0,12508,SZ002055,ST得润,iPhone,https://xueqiu.com/6549060841/394281984,0,0,2026-07-08 16:24:37
394297935,4850557927,山古之人,2026-06-11 15:12:59,,$ST得润(SZ002055)$ 啥都不要想了，短期先解决港荣债务先谈妥，然后在解除或置换核心资产冻结；哪些一天到晚的说债务重整的倒是亏得爹妈都不认识,0,3,0,13081,SZ002055,ST得润,雪球,https://xueqiu.com/4850557927/394297935,0,0,2026-07-08 16:24:37
394320188,6549060841,韭菜想炒股致富,2026-06-11 23:09:34,,$ST得润(SZ002055)$ 玩st太难了，雷太多，这是最后一次玩st，以后再也不玩，太垃圾，一点债务问题都能搞那么复杂，博弈激烈，邱家不是什么好鸟。,0,3,0,11086,SZ002055,ST得润,iPhone,https://xueqiu.com/6549060841/394320188,0,0,2026-07-08 16:24:37
394335145,1221939802,君可知命否,2026-06-12 01:17:34,,$ST得润(SZ002055)$ 有的人卖掉了，就开始希望天天跌，然后捡筹码,0,3,0,9535,SZ002055,ST得润,雪球,https://xueqiu.com/1221939802/394335145,0,0,2026-07-08 16:24:37
394353934,3132989471,St同志,2026-06-12 02:01:03,,$ST得润(SZ002055)$ 一波上涨利好都知道了，一波杀跌利空都知道了，买卖心中应该有底了,0,6,0,13113,SZ002055,ST得润,Android,https://xueqiu.com/3132989471/394353934,0,0,2026-07-08 16:24:37
394395690,6170165944,先生_明笛,2026-06-12 03:41:18,,各路资金初见端倪，蠢蠢欲动，先入关中者为王$ST得润(SZ002055)$,0,5,0,6736,SZ002055,ST得润,Android,https://xueqiu.com/6170165944/394395690,0,0,2026-07-08 16:24:37
394399410,6789417896,zfauir,2026-06-12 03:55:25,,$ST得润(SZ002055)$ 再次感谢昨天的空头,0,2,0,7985,SZ002055,ST得润,Android,https://xueqiu.com/6789417896/394399410,0,0,2026-07-08 16:24:37
394409456,4850557927,山古之人,2026-06-12 04:56:50,,$ST得润(SZ002055)$ 没企稳定，小心下周就给你吃套,0,1,0,8435,SZ002055,ST得润,雪球,https://xueqiu.com/4850557927/394409456,0,0,2026-07-08 16:24:37
394420878,5530967964,GeneXZY,2026-06-12 05:39:05,,$ST得润(SZ002055)$ 为什么这票到下午就砸呢？每天剧本没啥区别,3,1,0,6236,SZ002055,ST得润,iPhone,https://xueqiu.com/5530967964/394420878,0,0,2026-07-08 16:24:37
394428923,6462279409,饭搭子,2026-06-12 06:04:48,,$ST得润(SZ002055)$ 这走势，下周一若是低开往下杀，那要多遭罪2天了！,0,1,0,5121,SZ002055,ST得润,雪球,https://xueqiu.com/6462279409/394428923,0,0,2026-07-08 16:24:37
394430666,9928805376,亿星Eason,2026-06-12 06:10:21,,$ST得润(SZ002055)$易跌难涨的阶段，搞心态，然后某一天就追不上了。目前性价比很高了,0,3,0,5520,SZ002055,ST得润,HarmonyOS,https://xueqiu.com/9928805376/394430666,0,0,2026-07-08 16:24:37
394433869,7637646442,山西小马骑牛,2026-06-12 06:20:10,,$ST得润(SZ002055)$ 去他的？割肉换成章鼓真服了！ST股没法玩了！！！唉惨不忍睹,4,4,0,4804,SZ002055,ST得润,Android,https://xueqiu.com/7637646442/394433869,0,0,2026-07-08 16:24:36
394436069,1505804711,修心谨言wy,2026-06-12 06:26:48,,$ST得润(SZ002055)$ 要砸到绿盘收盘吧,0,0,0,7651,SZ002055,ST得润,Android,https://xueqiu.com/1505804711/394436069,0,0,2026-07-08 16:24:36
394436754,1505804711,修心谨言wy,2026-06-12 06:28:53,,$ST得润(SZ002055)$ 一股未卖，也没有加仓，看表演,1,0,0,8298,SZ002055,ST得润,Android,https://xueqiu.com/1505804711/394436754,0,0,2026-07-08 16:24:36
394439958,3132989471,St同志,2026-06-12 06:38:24,,$ST得润(SZ002055)$ 缺口补了，我也补点,0,1,0,11203,SZ002055,ST得润,Android,https://xueqiu.com/3132989471/394439958,0,0,2026-07-08 16:24:36
394440254,6549060841,韭菜想炒股致富,2026-06-12 06:39:18,,$ST得润(SZ002055)$ 每天都是尾盘砸，垃圾，这个公司真的坏透了,0,0,0,7793,SZ002055,ST得润,iPhone,https://xueqiu.com/6549060841/394440254,0,0,2026-07-08 16:24:36
394442938,4850557927,山古之人,2026-06-12 06:46:47,,$ST得润(SZ002055)$ 今天加仓的都是2货,1,0,0,9797,SZ002055,ST得润,雪球,https://xueqiu.com/4850557927/394442938,0,0,2026-07-08 16:24:36
394445324,1758597514,用户1758597514,2026-06-12 06:53:21,,$ST得润(SZ002055)$ 这是那个阴沟里面的东西每天出不完的货,0,0,0,5366,SZ002055,ST得润,iPhone,https://xueqiu.com/1758597514/394445324,0,0,2026-07-08 16:24:36
394446559,3132989471,St同志,2026-06-12 06:57:18,,$ST得润(SZ002055)$ 营收超过市值，是值得买来等一下的,0,2,0,12425,SZ002055,ST得润,Android,https://xueqiu.com/3132989471/394446559,0,0,2026-07-08 16:24:36
394448504,4930071438,晒太阳1234,2026-06-12 07:02:24,,$ST得润(SZ002055)$ 牛逼的这股，又套人进去了,1,2,0,6971,SZ002055,ST得润,Android,https://xueqiu.com/4930071438/394448504,0,0,2026-07-08 16:24:36
394456773,9906729923,心中之神q,2026-06-12 07:23:12,,$ST得润(SZ002055)$ 9个交易日了，没有红一天，这。。。。。。,3,2,0,8455,SZ002055,ST得润,Android,https://xueqiu.com/9906729923/394456773,0,0,2026-07-08 16:24:36
394458715,1505804711,修心谨言wy,2026-06-12 07:30:33,,$ST得润(SZ002055)$ 除非有退市风险，否则未来几个月也都不打算卖了。少看盘，少看贴子，好好工作，开开心心地生活,2,5,0,12693,SZ002055,ST得润,Android,https://xueqiu.com/1505804711/394458715,0,0,2026-07-08 16:24:36
394470445,4565675623,成都小兵,2026-06-12 08:23:02,,$ST得润(SZ002055)$ 这儿有点拥挤了，还要等，鸦雀无声的时候就会反转。,3,4,0,17060,SZ002055,ST得润,雪球,https://xueqiu.com/4565675623/394470445,0,0,2026-07-08 16:24:36
394477902,1818848733,龙虎豹999,2026-06-12 09:00:40,,$ST得润(SZ002055)$ 唯一办法，我们散户联合要求，卖得润大厦和合肥德润。要不 等着公司被掏空。,3,1,0,8758,SZ002055,ST得润,Android,https://xueqiu.com/1818848733/394477902,0,0,2026-07-08 16:24:36
394499510,1505804711,修心谨言wy,2026-06-12 11:16:30,,$ST得润(SZ002055)$ 这么有爱心的企业，自己都身陷债务，但还是热心做善事，难得,0,10,0,14369,SZ002055,ST得润,Android,https://xueqiu.com/1505804711/394499510,0,0,2026-07-08 16:24:36
394507668,6170165944,先生_明笛,2026-06-12 12:25:44,,$ST得润(SZ002055)$ 图片评论：这不应该是便宜货,3,1,0,10758,SZ002055,ST得润,Android,https://xueqiu.com/6170165944/394507668,0,0,2026-07-08 16:24:36
394513990,1255983670,股海博弈投,2026-06-12 13:21:30,,$ST得润(SZ002055)$ 今天没有吹票的了，出奇的安静,11,3,0,17087,SZ002055,ST得润,Android,https://xueqiu.com/1255983670/394513990,0,0,2026-07-08 16:24:36
394526453,6370943452,淳朴的神秘人,2026-06-12 14:34:06,ST得润：核心资产没了,ST得润再次上演A杀，阿祖，收手吧5月26日的澄清公告，服务器业务营收占比不到1%，跟英伟达、华为半毛钱合作都没有，股价直接A杀。早在2026年2月，公司把自己唯一的亲儿子、最值钱的家底——柏拉蒂电子给卖了柏拉蒂是什么？是公司唯一能拿出手的高毛利业务，CPU Socket拿了英特尔认证，DDR5连接器小批量供货，鹤山二期产能马上释放，2025年营收12.4亿，毛利率36.91%，占公司总利润的80%以上！可以说，没有柏拉蒂，得润就不值钱了顺益亚太掏了3个亿，就拿到了柏拉蒂45.63%的股权，成了第一大股东！得润自己只剩45.25%，还失去了控制权，从二季度开始不再并表什么叫“不再并表”？翻译成人话：以后柏拉蒂赚再多钱，跟上市公司半毛钱关系都没有，顶多年底给你分点红，还得看人家脸色，更绝的是，5月12日，宜宾中院因为之前的对赌纠纷，直接把得润手里那点可怜的45.25%股权全给冻结了，一冻就是三年。合着现在得润连柏拉蒂的分红权都不一定能拿到，人家顺益亚太才是真正的老板顺益亚太就是个香港公司，实控人是畲英杰——世运电路的创始人、现任董事长。人家花3个亿，买了最值钱的核心资产，还顺便当了意大利Meta的重整投资人，这波操作，简直是资本教科书业绩下来有点麻烦了，一季度那2500万利润，是柏拉蒂还并表了一个月撑的，从二季度开始，柏拉蒂的利润一分钱都不算上市公司的了。剩下的业务是什么？家电线束，毛利率13%；汽车电气，毛利率10.81%，都是赚血汗钱的苦力活。退市倒是暂时死不了，营收45亿，净资产1.89元，没碰退市红线。但雷一个接一个炸，根本停不下来，6月1日，重庆美达5.48亿借款诉讼，一审全输了，一分钱都要不回来，6月3日，农业银行1.215亿担保诉讼，又输了，得全额代偿！现在还有11.25亿逾期债务悬在头上，每天光利息就几十万！还有投资者集体诉讼8954万，已经计提了一半，要是判下来赔更多。现在上市公司除了债，好像没什么值钱的了至于什么重组，资产注入之类的，要先解决债务，安抚好债权人，才能开展吧？那么多债务，谁是好心人？$ST得润(SZ002055)$,15,1,0,19189,SZ002055,ST得润,Android,https://xueqiu.com/6370943452/394526453,0,1,2026-07-08 16:24:36
394530699,4565598627,第一天8e2,2026-06-12 15:07:38,,$ST得润(SZ002055)$ 能看出来有人疯狂做T,0,0,0,9473,SZ002055,ST得润,Android,https://xueqiu.com/4565598627/394530699,0,0,2026-07-08 16:24:36
394557754,1505804711,修心谨言wy,2026-06-13 00:35:37,,$ST得润(SZ002055)$ 得润确实在做高速铜缆连接器，暂时只供PC/外设（注：服务器级PCIe 5.0铜缆连接器尚未大规模出货，也未供货英伟达）一、已量产的高速铜缆连接器（官方确认）- ✅ PCIe 4.0及以下铜缆连接器：用于PC、显卡、主板，已量产供货 。- ✅ DDR5内存连接器：Intel认证、国内唯一量产，用于PC/服务器内存，批量出货。- ✅ CPU Socket（LGA1700/1851）：Intel认证、大陆唯一量产，用于Intel平台PC/服务器。,2,2,0,15253,SZ002055,ST得润,Android,https://xueqiu.com/1505804711/394557754,0,1,2026-07-08 16:24:36
394558578,9027667784,年年有余1996,2026-06-13 00:49:44,,$ST得润(SZ002055)$ 得润电子：实现 AI 服务器高速连接器主流覆盖，获英伟达与 Intel 双认证，PCIe 5.0 铜缆、112G 高速背板连接器已量产，技术与规模快速追赶。,13,4,0,12096,SZ002055,ST得润,Android,https://xueqiu.com/9027667784/394558578,0,0,2026-07-08 16:24:36
394572325,1505804711,修心谨言wy,2026-06-13 03:12:19,,$ST得润(SZ002055)$ 这个位置还做空唱空真不应该了，现在35亿市值比主营还低得多，得润的债务迟早也会解决的，明年大概率会摘帽，怎么也得向其他连接器的上市公司的市值看齐。,2,3,0,15570,SZ002055,ST得润,Android,https://xueqiu.com/1505804711/394572325,0,0,2026-07-08 16:24:34
394590690,1505804711,修心谨言wy,2026-06-13 08:16:25,,$ST得润(SZ002055)$ 得润的低估是显而易见，不算其他子公司，只算鹤山得润的净利润，也有2亿左右，按现在连接器公司50-100倍的市盈率（参考电连技术和胜蓝股份），也应该有100-200亿的市值了。,2,3,0,18027,SZ002055,ST得润,Android,https://xueqiu.com/1505804711/394590690,0,0,2026-07-08 16:24:34
394637065,4850557927,山古之人,2026-06-14 04:16:00,,$ST得润(SZ002055)$ 一堆吹多的完全没必要吹，你真吹的起来，股价不会这样的，30多Y的市值，4-5W的股东，你叫庄家给你拉，你想多了。至少还要盘整个2-3个月吧，债务缠身的ST及一堆冻结的资产，就不要想着和头部去靠了。先把债务谈成了，资产解冻了再说吧。哪天股吧冷清了，那可能调整的差不多了,5,6,0,21593,SZ002055,ST得润,雪球,https://xueqiu.com/4850557927/394637065,0,0,2026-07-08 16:24:34
394638666,6549060841,韭菜想炒股致富,2026-06-14 04:47:29,,$ST得润(SZ002055)$ 客观看待，买了这个股票的别再瞎吹，安心等待，每天吹有意义吗？,0,4,0,10900,SZ002055,ST得润,iPhone,https://xueqiu.com/6549060841/394638666,0,0,2026-07-08 16:24:34
394643178,5386199194,Heisenberg_ST,2026-06-14 06:17:37,,$ST得润(SZ002055)$ 高点没有减仓，虽有薄利但是还是满含遗憾。绝大多数人认为自己是韩立哪晓得自己是宋蒙。,26,6,0,28477,SZ002055,ST得润,Android,https://xueqiu.com/5386199194/394643178,0,0,2026-07-08 16:24:34
394646555,9699396049,蠢蠢的ft,2026-06-14 07:22:56,,$ST得润(SZ002055)$ 距离前期最低522还有10个点的空间，按这个天天尾盘跳水的力度，是要探前低才能止跌吗,1,1,0,11328,SZ002055,ST得润,iPhone,https://xueqiu.com/9699396049/394646555,0,0,2026-07-08 16:24:34
394652398,1502127100,依好工坊,2026-06-14 09:04:04,,$ST得润(SZ002055)$ 个人对ST板块的个人猜想。未来走势猜想， 不做投资建议，现在ST板块和21年 ST板块启动前有很多相似的地方。首先时间上，上波牛市是从2019到2021年未，这波牛市从2024年启动到现2026，时间都是牛市中后期，不炒ST的牛市不是完整的牛市，牛市就是要消灭低价股，第二点，同样有新规落地，上次是2021年1月1日起执行都说最严退市新规，加大退市力度，执行前ST板块大跌，个股跟随大跌，散户大量割肉，结果新规后，ST板块突然反转，走了为期一年多的牛市，这次是7月6号新规执行，走势如何，有待验证，还有一点是板块启动前，会有几支个股提前启动，树立标杆，带动挣线效应，吸引关注，ST板块中已有京蓝，美芝个股拉出空间和新高，这次ST板块是否会历史重演呢？得润要想走好也离不开ST板块的反转，前期得润的大幅拉升也有可能是主力为后期大幅拉升的一次试盘。得润后期是否会大幅拉升就二点，就是板块有大量资金流入和一纸公告。密切关注，这波A杀太残忍，散户必须抱团，ST里流动性差，里面只要有稍微大一点资金，都能影响走势，小白又多，以上观点，只能参考，历史也不代表未来。,3,7,0,21377,SZ002055,ST得润,Android,https://xueqiu.com/1502127100/394652398,0,2,2026-07-08 16:24:34
394666697,7607422716,St送钱人,2026-06-14 12:58:25,,$ST得润(SZ002055)$ 有没有相信一年的他能飙到50块，让我们拭目以待,1,2,0,10620,SZ002055,ST得润,iPhone,https://xueqiu.com/7607422716/394666697,0,0,2026-07-08 16:24:34
394671357,7436337398,ywdz,2026-06-14 14:04:28,,$ST得润(SZ002055)$ 小得子如果一年后债务解决了，控股权和实控人明了稳定了，市值到80亿不过份吧,5,6,0,10275,SZ002055,ST得润,Android,https://xueqiu.com/7436337398/394671357,0,0,2026-07-08 16:24:34
394705845,5525068165,知觉的涨停小行星,2026-06-15 01:49:24,,$ST得润(SZ002055)$ 今天这个涨停格外安静？是上周冲高割肉了？,8,0,0,10664,SZ002055,ST得润,Android,https://xueqiu.com/5525068165/394705845,0,0,2026-07-08 16:24:34
394709879,9699396049,蠢蠢的ft,2026-06-15 01:58:54,,$ST得润(SZ002055)$ 今天涨停，债务有消息了吗？,12,1,0,11910,SZ002055,ST得润,iPhone,https://xueqiu.com/9699396049/394709879,0,0,2026-07-08 16:24:34
394711106,9006411014,热血的涨幅小电竞,2026-06-15 02:01:44,,$ST得润(SZ002055)$ 老师们是都没上车吗,1,0,0,9333,SZ002055,ST得润,iPhone,https://xueqiu.com/9006411014/394711106,0,0,2026-07-08 16:24:34
394715131,5124249758,薛定谔的触手,2026-06-15 02:11:17,,$ST得润(SZ002055)$参照与公司沟通交流及以往案例，用最基本逻辑分析ST得润邱家、宜宾国资、顺益亚太三方利益诉求及渴望最佳结果。核心前提更新：作为国内唯一获得英特尔 CPU socket认证的厂家，受益于CPU更新升级，CPU对高速连接socket的需求从1:8至1:1的8倍增长，及汽车智能化带来的高速链接需求爆发，基于 2026 年 6 月最新官方公告，邱氏家族合计持股已降至4.21％（得胜资产 1.35％＋ 邱建民 2.32％＋ 邱为民 0.54％），全部处于质押 ＋ 司法冻结状态；宜宾港荣债权本息合计约9 亿元，已冻结公司持有的柏拉蒂等 8 家核心子公司股权（总估值超 20 亿元）；顺益亚泰持有柏拉蒂 45.63％ 股权并任董事长，实质性掌控公司核心盈利资产。PS：本人根据自我认知整理，目前持仓，参照其他同类公司营收、利润和市值，在不考虑铜缆高速连接、Cpu、英特尔等炒作题材的前提下，预期收益3倍-5倍，如果对比太辰光、长芯博创，那就是10-20倍。本人利益直接相关，如有有不同观点，一定是你对！一、邱氏家族：三种结局的精确损益对比现状基线（无任何操作）• 资产端：4.21％ 股权全部冻结无法变现，对应市值约 1.5 亿元；个人名下无其他可执行资产• 负债端：个人及控股平台失信被执行13.6 亿元，证监会罚款1200 万元，投资者集体索赔约5000 万元• 权利端：邱建民被 5 年证券市场禁入，已辞任所有职务；其子邱扬仅任名义董事长，无实际决策权• 核心困境：股权价值低于个人负债，若强制拍卖，股权清零后仍需承担约 12 亿元个人债务，终身被追偿结局 1：庭外债务重组（最优解）具体执行方案1. 邱氏家族将所持2.5％－3％股权以协议转让方式，按每股 12 元的价格转让给顺益亚泰，获得约1 亿元现金2. 转让款全部用于支付证监会罚款和部分投资者索赔，剩余债务由公司通过债务重组豁免3. 保留 1.2％－1.7％ 股权，不参与公司经营，待摘帽后股价回升可逐步减持4. 宜宾国资与顺益亚泰共同出具承诺，不追究邱氏家族个人连带责任精确损益• 收益：获得 1 亿元现金清偿部分债务；保留约 5000 万元市值的股权；避免个人终身追偿；体面退出• 损失：彻底丧失公司控制权；股权价值缩水约 50％• 净收益：约 1.5 亿元（避免了 12 亿元的终身债务）案例对标ST 金正原实控人万连步，通过协议转让部分股权给临沂国资，保留少量股权，个人债务获得豁免，最终体面退出，未承担连带责任。结局 2：破产重整（次优解）具体执行方案1. 法院裁定公司进入破产重整程序，以资本公积每 10 股转增 15 股，转增股份全部用于引进投资人和清偿债务，原股东不参与分配2. 邱氏家族持股比例从 4.21％ 被稀释至0.8％－1.2％，对应市值约 3000 万元3. 公司债务获得司法豁免，但邱氏家族个人债务仍需承担4. 重整后公司控制权由宜宾国资获得，邱氏家族彻底出局精确损益• 收益：公司债务清零，无需再为公司债务承担责任• 损失：股权价值缩水约 80％；个人 13.6 亿元债务仍需偿还；失信记录持续影响• 净损失：约 12.3 亿元案例对标＊ST 金灵原控股股东南通产控，持股比例从 27.88％ 被稀释至 15.54％，丧失控制权；民营原实控人在破产重整中通常被稀释至 1％ 以下，基本丧失股权价值。结局 3：直接退市（最差解）具体执行方案1. 公司因债务全面爆雷导致主业停摆，2026 年年报净资产为负，触发财务类强制退市2. 股票进入老三板交易，股价跌至 0.5－1 元 ／ 股，邱氏家族股权市值约 2000 万元3. 法院强制拍卖股权，拍卖所得约 1000 万元，全部用于偿还债务4. 邱氏家族仍需承担约 12.5 亿元个人债务，被列为失信被执行人终身限制高消费精确损益• 收益：无任何实质收益• 损失：股权价值清零；个人债务终身追偿；彻底身败名裂• 净损失：约 14 亿元二、宜宾国资（港荣集团）：三种结局的精确损益对比现状基线• 债权端：持有公司 9 亿元到期债权（Meta 股权回购款本金 ＋ 年化 8％ 利息），为第一大债权人• 资产端：已冻结公司持有的柏拉蒂 45.25％ 股权（估值约 10 亿元）、鹤山得润等 7 家子公司股权（估值约 8 亿元）、得润大厦（估值约 3 亿元），冻结资产总价值超 21 亿元• 诉求端：核心是保住宜宾本地产能（宜宾美特年产值约 15 亿元，带动就业 2000 人），其次是收回债权，最后是获取上市平台实现国有资产增值结局 1：庭外债务重组（最优解）具体执行方案1. 宜宾港荣将 9 亿元债权按每股 12.5 元的价格转为上市公司股份，获得7200 万股，持股比例约 18.5％，成为第一大股东及实控人2. 其他债权人签署 3－5 年债务展期协议，利息降至年化 4％，公司逐步偿还3. 解除所有子公司股权冻结，柏拉蒂股权仍由顺益亚泰实际运营，宜宾国资派驻财务总监监督4. 公司将新增 AI 高速连接器产能全部落地宜宾，预计年产值新增 20 亿元，税收新增 1.5 亿元精确损益• 收益：零现金获取上市公司控股权；9 亿元债权转为市值约 10 亿元的股权，摘帽后市值预计增至 15 亿元，增值 67％；保住宜宾本地产能、就业和税收；地方招商形象得到维护• 损失：承担部分债务展期风险；需协调中小债权人谈判• 净收益：约 6 亿元（含股权增值 ＋ 税收贡献）案例对标ST 正平引入青海国投，青海国投以债转股方式成为第一大股东，零现金获取上市平台，后续通过资产注入实现国有资产增值 3 倍以上。结局 2：破产重整（次优解）具体执行方案1. 宜宾港荣作为最大债权人申请公司破产重整，法院裁定批准重整计划2. 以资本公积每 10 股转增 15 股，宜宾港荣以 9 亿元债权认购转增股份，获得约 6 亿股，持股比例约 40％，成为实控人3. 公司债务全部获得司法豁免，但重整周期长达 12－18 个月4. 重整期间，柏拉蒂核心客户特斯拉、英特尔因供应商破产风险取消订单，柏拉蒂估值从 10 亿元跌至 4 亿元精确损益• 收益：以极低价格（约 1.5 元 ／ 股）获取控股权；债权 100％ 受偿• 损失：重整周期长，宜宾子公司产能波动，税收减少约 2 亿元；核心客户流失，柏拉蒂资产减值 6 亿元；地方招商形象受损，影响后续招商引资• 净损失：约 3 亿元案例对标＊ST 新研引入新疆国资，虽以低价获取控股权，但重整期间公司经营动荡，核心客户流失，资产减值超 10 亿元，国资投资回报周期延长至 5 年以上。结局 3：直接退市（最差解）具体执行方案1. 公司退市后进入破产清算程序，法院拍卖所有资产2. 柏拉蒂 45.25％ 股权拍卖成交价约 5 亿元，得润大厦拍卖成交价约 2 亿元，其他资产拍卖成交价约 3 亿元，合计拍卖所得 10 亿元3. 宜宾港荣作为有担保债权人，优先获得 9 亿元清偿，受偿率 100％4. 宜宾美特停产，2000 名员工失业，地方税收减少约 1 亿元 ／ 年，招商形象严重受损精确损益• 收益：9 亿元债权全额收回• 损失：丧失上市平台；宜宾本地产能流失，税收永久损失；地方招商形象严重受损，后续招商引资难度大幅增加• 净损失：约 5 亿元（含永久税收损失 ＋ 招商损失）三、顺益亚泰（畲英杰旗下）：三种结局的精确损益对比现状基线• 资产端：持有柏拉蒂 45.63％ 股权，为第一大股东；投资成本 1.2 亿元；柏拉蒂 2025 年净利润约 1.5 亿元，估值约 15 亿元• 控制权：柏拉蒂董事长由畲英杰出任，核心管理团队全部由顺益亚泰派驻，实质性掌控柏拉蒂的经营和财务• 诉求端：核心是巩固柏拉蒂控制权，确保核心订单不流失；其次是依托上市平台实现柏拉蒂资产证券化；最后是与世运电路的 PCB 业务实现产业链协同结局 1：庭外债务重组（最优解）具体执行方案1. 顺益亚泰以每股 12 元的价格协议受让邱氏家族持有的 2.5％ 上市公司股权，支付约 1 亿元现金2. 柏拉蒂 45.25％ 股权仍由上市公司持有，顺益亚泰与宜宾国资约定，柏拉蒂保持独立运营，顺益亚泰拥有经营决策权3. 2027 年公司摘帽后，启动发行股份购买资产，顺益亚泰将所持柏拉蒂 45.63％ 股权注入上市公司，获得约 1.2 亿股股份4. 柏拉蒂与世运电路实现产业链协同，PCB 与连接器配套供应特斯拉、比亚迪等客户，成本降低 15％，净利润提升至 2.5 亿元 ／ 年精确损益• 收益：获得上市公司约 15％ 股权，摘帽后市值约 22.5 亿元；柏拉蒂资产证券化完成，投资回报率达 1775％；产业链协同每年新增净利润约 1 亿元• 损失：支付 1 亿元受让邱氏股权；短期内不谋求上市公司绝对控股权• 净收益：约 21.5 亿元案例对标闻泰科技收购安世半导体后，通过上市公司平台实现资产证券化，原股东持股市值增长超 20 倍，同时实现产业链协同，盈利能力大幅提升。结局 2：破产重整（次优解）具体执行方案1. 顺益亚泰作为产业投资人参与破产重整，出资 3 亿元认购转增股份，获得上市公司约 10％ 股权2. 柏拉蒂 45.25％ 股权仍由上市公司持有，但因公司进入破产重整程序，特斯拉、英特尔等核心客户取消订单3. 柏拉蒂 2026 年净利润降至 5000 万元，估值跌至 5 亿元，顺益亚泰所持股权价值降至 2.28 亿元4. 重整完成后，柏拉蒂客户恢复需要 2－3 年时间，资产证券化进程延后 3 年以上精确损益• 收益：以低价获得上市公司部分股权；保留柏拉蒂控制权• 损失：柏拉蒂核心订单流失，资产减值约 7.72 亿元；投资回报周期延长 3 年以上；产业链协同无法实现• 净损失：约 6.72 亿元案例对标＊ST 瑞德重整后引入产业投资人，但重整期间核心客户流失，公司经营恢复用了 3 年时间，产业投资人投资回报远低于预期。结局 3：直接退市（最差解）具体执行方案1. 公司退市后，柏拉蒂无法通过上市公司平台融资，只能单独启动 IPO2. 柏拉蒂 IPO 需要至少 3 年时间，且估值仅为 10 亿元左右，顺益亚泰所持股权价值约 4.56 亿元3. 无法与世运电路实现产业链协同，成本优势丧失，净利润维持在 1.5 亿元 ／ 年4. 若 IPO 失败，只能通过被其他公司收购退出，收购价格约 8 亿元，顺益亚泰获得约 3.65 亿元精确损益• 收益：柏拉蒂仍能独立运营，获得一定投资回报• 损失：丧失上市平台融资功能；资产证券化进程延后 3 年以上；产业链协同无法实现；投资回报率从 1775％ 降至 280％• 机会成本损失：约 18 亿元四、三方博弈的纳什均衡：庭外重组是唯一共赢路径三方行动逻辑验证1. 邱氏家族：没有任何谈判筹码，庭外重组是唯一能避免终身债务追偿的选择，若拒绝配合，宜宾国资可重启司法拍卖，股权清零后仍需承担个人债务2. 宜宾国资：掌握核心资产冻结权，庭外重组既能零现金获取上市平台，又能保住地方产能和税收，收益远高于破产重整和退市3. 顺益亚泰：掌控核心盈利资产，庭外重组是唯一能确保柏拉蒂订单不流失、快速实现资产证券化的选择，破产重整会导致核心客户流失，损失惨重最终结论庭外债务重组 ＋ 宜宾国资债转股 ＋ 顺益亚泰产业整合 ＋ 2027 年摘帽是唯一符合三方核心利益的路径，没有任何一方有动力偏离该路径。破产重整仅为宜宾国资谈判施压的工具，直接退市为极端尾部风险，基本不会发生。$太辰光(SZ300570)$ $长芯博创(SZ300548)$,17,20,1,74752,SZ002055,ST得润,雪球,https://xueqiu.com/5124249758/394715131,0,9,2026-07-08 16:24:34
394720103,4588958348,买在无人问津处,2026-06-15 02:23:25,,$ST得润(SZ002055)$ 又起来了，看来我要进去了,0,2,0,9232,SZ002055,ST得润,雪球,https://xueqiu.com/4588958348/394720103,0,0,2026-07-08 16:24:34
394721243,7175168048,新开户的股民,2026-06-15 02:26:17,,$ST得润(SZ002055)$ 太阳从西边升起了？,0,1,0,10883,SZ002055,ST得润,Android,https://xueqiu.com/7175168048/394721243,0,0,2026-07-08 16:24:34
394722281,7800901111,南迦巴瓦888,2026-06-15 02:29:04,,$ST得润(SZ002055)$ 能复制21年的塞力斯吗,1,4,0,12124,SZ002055,ST得润,雪球,https://xueqiu.com/7800901111/394722281,0,0,2026-07-08 16:24:34
394752639,1255983670,股海博弈投,2026-06-15 04:15:40,,$ST得润(SZ002055)$ 不要再找什么逻辑了，Pcb，电容，晶振，cpu，gpu，铜缆，连接器哪个不是涨上天，筹码的游戏，不要硬搬逻辑了，吹吹就涨了？唱空就会跌？假如中报不及预期，是不是又要哭爹喊娘说垃圾股了，方向对了就看主力表演,3,11,0,23649,SZ002055,ST得润,Android,https://xueqiu.com/1255983670/394752639,0,2,2026-07-08 16:24:34
394755975,5987138166,知礼的盈利荣耀,2026-06-15 04:40:01,,$ST得润(SZ002055)$l 我这手啊啊啊啊啊！礼拜五不应该T有相同的兄弟们，求安慰,1,4,0,10901,SZ002055,ST得润,iPhone,https://xueqiu.com/5987138166/394755975,0,0,2026-07-08 16:24:34
394800128,9696985456,神圣的致富小翻译师,2026-06-15 07:40:04,,$ST得润(SZ002055)$ 不知道最近有没有洗掉一部分散户,0,1,0,13815,SZ002055,ST得润,Android,https://xueqiu.com/9696985456/394800128,0,0,2026-07-08 16:24:34
394801628,6777140022,平静的升值小观星者,2026-06-15 07:47:36,,$ST得润(SZ002055)$ 守得云开见明月。又一波主升浪开启,2,4,0,13184,SZ002055,ST得润,Android,https://xueqiu.com/6777140022/394801628,0,0,2026-07-08 16:24:34
394822939,0,ST得润(SZ002055),2026-06-15 09:46:05,,ST得润：关于公司提起诉讼的进展公告 网页链接,12,4,0,24894,SZ002055,ST得润,公告,https://xueqiu.com/S/SZ002055/394822939,0,0,2026-07-08 16:24:32
394839112,1529523014,大道五拾,2026-06-15 11:39:29,,$ST得润(SZ002055)$折腾这么久公司终于想通了，放弃5.48亿债权二审上诉。一审已经定性前面8个亿属于违规财务资助，现在想通过司法追偿基本不可能。继续诉讼只会持续消耗现金流且难以改变坏账事实；另一方面也是刻意释放妥协信号，缓和和宜宾港荣的债权对抗，防止对方加速推进股权拍卖、债转股入主上市公司。其实这也是公司将这个皮球踢给了已入驻柏拉蒂的顺德国资。有点意思了,0,7,0,30031,SZ002055,ST得润,Android,https://xueqiu.com/1529523014/394839112,0,1,2026-07-08 16:24:32
394841488,4670625346,飞龙在天an,2026-06-15 11:59:39,,$ST得润(SZ002055)$ 好复杂啊！明天能不能继续无量涨停最重要哈！ST得润6.15诉讼进展公告与宜宾国资入主深度关联分析一、先理清两条核心线索的同源根源所有纠纷全部来自2019年宜宾港荣集团（宜宾国资平台）入股意大利Meta（美达）项目：1. 国资对赌债务（9亿回购款）：港荣出资投Meta，约定Meta无法上市则得润全额回购本金+年化8%收益，合计约9亿；Meta破产和解、上市失败，得润无力兑付，港荣冻结上市公司8家核心子公司股权，是宜宾国资介入的底层筹码。2. 上市公司8.27亿借款诉讼：当年为扶持Meta国内配套主体重庆美达、宜宾美特，上市公司借出8.27亿财务资助；Meta失控后债权悬空，公司起诉追偿，6月15日公告5.48亿部分一审败诉、放弃上诉，司法渠道彻底失效 。3. 宜宾美特双重身份：既是上市公司欠款被告，又是宜宾本地落地产业载体，同时卷入农行6621万担保诉讼，是上市公司与宜宾国资利益交织的关键节点。二者不是独立事件，是同一Meta项目一正一反两笔巨额坏账，共同决定宜宾国资入主的谈判基础、重组路径与成本。二、本次诉讼败诉公告，对宜宾国资入主的4层直接影响1. 上市公司彻底丧失自主脱困能力，倒逼国资加速落地重整- 原本市场预期：公司通过诉讼追回数亿债权，补充现金流、降低净资产亏损压力，自主化解部分债务，和国资谈判时拥有议价空间。- 6.15公告落地：5.48亿债权司法追偿通道永久关闭，剩余2.79亿宜宾美特相关案件一审前景悲观，8.27亿资产永久减值坐实。- 连锁结果：上市公司无自救资金来源，叠加9亿国资回购逾期债务、6621万担保负债、股民索赔，债务窟窿完全无法自行填补，唯一可行出路就是宜宾国资主导预重整/破产重整，国资谈判话语权大幅提升。2. 厘清宜宾本地资产债权关系，扫清国资整合宜宾美特障碍案件二剩余2.79亿被告包含宜宾美特（宜宾本地汽车电子工厂，是宜宾锂电汽车产业链配套标的，国资核心产业资产）：1. 上市公司起诉宜宾美特本质是“母公司追本地子公司欠款”，持续诉讼会导致宜宾美特账户查封、生产受限，违背宜宾地方政府引入汽车电子产业的初衷；2. 公司放弃5.48亿部分上诉，释放谈判信号：不再强硬通过司法手段追索宜宾本地资产，愿意通过债务和解、债转股统一处理宜宾美特债权；3. 国资诉求：保留宜宾美特生产经营、纳入本地产业链，不愿看到本地配套企业被上市公司诉讼拖垮，本次撤诉决定降低双方产业利益冲突，为债务一揽子和解铺路 。3. 大幅压低国资入主成本，利好国资以债换控股权1. 资产端：8.27亿债权实质核销，持续侵蚀净资产，公司净资产压力进一步扩大，股价承压，国资二级市场增持、司法拍卖拿股成本更低；2. 债权端：宜宾港荣手握9亿回购债权，叠加上市公司对宜宾美特2.79亿悬空债权，两类债务可打包处理：- 方案：港荣9亿对赌债权+上市公司对宜宾美特债权统一做债转股，国资无需大额现金收购，直接以债权换取上市公司控制权；- 若8.27亿债权仍存在收回预期，国资反而需要额外现金承接该债权，如今债权作废，重组方案简化、国资现金投入减少。4. 消除重组审计、资产评估重大不确定性，加速国资尽调落地宜宾国资推进入主前，必须完成全面资产负债尽调：- 此前8.27亿债权存在回款预期，评估机构无法确定坏账计提是否充分，存在净资产评估大幅波动风险；- 本次5.48亿判决生效、公司主动放弃上诉，明确该笔债权零回收可能，财务风险完全落地，审计报表风险敞口锁定；- 国资尽调、预重整方案编制不再存在大额资产变量，缩短国资内部审批、法院预重整受理周期。三、双向逻辑：宜宾国资前期动作，早已主导本次诉讼处置节奏1. 港荣冻结核心股权，逼迫公司放弃上诉、主动求和5月宜宾中院冻结鹤山得润、柏拉蒂等优质子公司3年，锁死上市公司资产处置、融资渠道，公司无资金支撑长期二审、执行程序，被迫权衡后放弃上诉，本质是国资保全措施倒逼上市公司妥协。2. 地方产业诉求约束诉讼尺度，不能彻底清算宜宾美特宜宾美特是当地重点引进汽车零部件企业，若上市公司持续强硬起诉、查封宜宾美特设备厂房，会造成本地产业流失，地方国资不可能允许；因此公司仅放弃重庆美达5.48亿上诉，案件二宜宾美特部分暂缓出终审，预留和解空间。3. 国资早已预埋一揽子债务解决框架港荣（宜宾国资）、上市公司、原实控人三方谈判核心就是：Meta项目衍生全部债务（9亿回购款+8.27亿借款+6621万担保）打包重整，本次诉讼败诉只是把其中一笔坏账落地，方便整体债务协议签署。四、对重组路径的推演（关联公告后最可能走向）路径1：预重整/破产重整（最高概率）1. 宜宾港荣作为最大债权人，牵头向法院申请ST得润预重整；2. 8.27亿已坏账债权直接核销，不再纳入清偿范围；3. 港荣9亿回购债权实施债转股，宜宾国资成为第一大股东、取得控制权；4. 宜宾美特债务同步和解，保留生产，纳入宜宾新能源汽车产业链；5. 原实控人邱氏股权大幅稀释、彻底退出。路径2：债务和解+协议受让股权（次选）1. 上市公司与港荣签署和解协议，减免部分9亿回购债务；2. 双方约定放弃互相追索Meta相关债权（上市公司不再追宜宾美特欠款，港荣放宽回购兑付期限）；3. 宜宾国资通过司法拍卖原实控人冻结股权，叠加二级市场增持实现入主。五、风险与矛盾点1. 剩余2.79亿宜宾美特诉讼变数若后续法院同样驳回诉求，全部8.27亿债权清零，重组压力完全释放；若判决支持上市公司，会再次激化与宜宾国资、本地企业矛盾，延缓入主进度。2. 担保诉讼叠加压力农行6621万担保案仍在推进，若法院判令上市公司代偿，会新增负债，倒逼国资必须加快资金/债权纾困。3. 原实控人股权拍卖博弈邱氏股权仍处于冻结状态，国资希望低价拍取股权；但债务窟窿扩大后，股权拍卖价值持续缩水，存在流拍风险，倒逼重整成为唯一方案。六、总结6月15日诉讼败诉公告不是孤立利空，是宜宾国资入主重组进程中关键的风险出清节点：1. 负面层面：8.27亿巨额资产彻底损失，公司净资产、摘帽难度进一步加大；2. 核心关联利好（对国资入主）：- 上市公司丧失自救能力，谈判主动权完全移交宜宾国资；- 宜宾本地产业资产（宜宾美特）的司法冲突缓和；- 资产负债不确定性落地，国资尽调、重整方案推进提速；- 国资可低成本以债权换股权，大幅降低入主现金成本。简单说：这笔巨额债权彻底打水漂，堵死公司自主脱困的路，同时扫清宜宾国资低成本、快速取得控制权的核心障碍，重整落地节奏会明显加快。,3,5,0,24239,SZ002055,ST得润,Android,https://xueqiu.com/4670625346/394841488,0,2,2026-07-08 16:24:32
394842804,1902673593,陆牙的牙,2026-06-15 12:09:20,,$ST得润(SZ002055)$ 得润的评论区比中迪好多了。中迪太多无脑吹无脑踩的,4,4,0,15699,SZ002055,ST得润,Android,https://xueqiu.com/1902673593/394842804,0,0,2026-07-08 16:24:32
394852434,6549060841,韭菜想炒股致富,2026-06-15 13:21:45,,$ST得润(SZ002055)$ 垃圾邱家，早点滚蛋，特么的丢人显眼,0,0,0,14906,SZ002055,ST得润,iPhone,https://xueqiu.com/6549060841/394852434,0,0,2026-07-08 16:24:32
394860317,7108967716,北方游侠777,2026-06-15 13:58:24,,$ST得润(SZ002055)$ AMD、英特尔双双刷新历史新高，全球CPU算力需求进入高景气阶段。海外大厂产能紧缺、持续涨价，给海光信息、龙芯中科、中国长城等国产CPU厂商打开替代空间。ST得润是国内唯一量产千针级CPU插座并获英特尔认证的企业，深度绑定CPU产业链，能否随国产算力板块共振上行？,5,7,0,33095,SZ002055,ST得润,Android,https://xueqiu.com/7108967716/394860317,0,3,2026-07-08 16:24:32
394860536,1599240287,奋斗路上的人儿,2026-06-15 13:59:43,2026年6月15日ST板块个股公告要闻及涨幅较好个股,一、风险提醒事件（1）退市风险提醒类（重大退市）1、*ST天龙：6月15日向深交所提交终止上市复核申请，但6月18日起15个交易日的退市整理期仍将按期开展，退市风险并未解除。2、*ST元道：发布第七次风险提示公告，公司股票存在被实施重大违法强制退市的风险。（2）常规风险类（诉讼、大额损失、股权冻结、股价异动）1、*ST联翔：公司处于退市风险警示状态，连续两日跌幅偏离值累计超12%触发股价异常波动；公司完成全面自查，确认不存在应披露而未披露的重大事项。2、ST雪浪：因金融借款合同纠纷遭农业银行起诉，一审判决公司需偿还超8000万元本息及各类相关费用，显著加重公司资金压力。3、ST得润：控股意大利子公司失控，公司追偿8.27亿元借款一审败诉且放弃上诉，该笔债权回收基本无望，截至本公告披露日，公司尚未收到案件二的一审判决结果。公司已对重庆美达、宜宾美特的借款及利息计提了相应坏账准备，已在 2024 年度财务报表中考虑了潜在损失的影响，不会对以后年度的经营业绩产生重大不利影响；鉴于被告方目前的经营和财务状况，上述款项预计存在难以收回的情形，公司将根据本次诉讼事项的进展情况及时履行信息披露义务。4、*ST瑞茂：控股股东郑州瑞茂通全部持股被轮候冻结，叠加过往司法冻结标记，累计轮候冻结股份占总股本比例高达1259.91%，公司控制权稳定性存在重大隐患。5、*ST美芝：近三个月股价累计涨幅达120%，股价严重脱离公司基本面；目前公司净资产为负，已被实施退市风险警示，庭外重组推进存在较大不确定性。二、保壳重整/资产处置（扭亏操作、股权转让、预重整、资产剥离）1、*ST八钢：当前处于保壳关键窗口期，采用定向增发募资+剥离焦煤集团亏损资产双线并行方案，同步推进降本增效、产品结构升级；保壳成败核心取决于定增落地进度、亏损资产转让效率与主营业务扭亏成效。2、*ST赛隆：第五次挂牌转让全资子公司赛隆生物100%股权，本次转让底价约7043万元，通过处置低效资产回笼现金流助力经营改善。3、ST晨鸣：旗下子公司计划转让山东御景大酒店全部股权，盘活存量非核心资产。4、*ST仕净：法院裁定启动公司预重整程序，指定清算组担任临时管理人；要求债权人自公告发布起30日内（截止2026年7月9日），通过“破栗子”线上平台申报债权。三、诉讼和解回款（纠纷调解、撤诉、债务回收）1、ST金顶：全资子公司买卖合同纠纷二审达成调解，交易对手需分四期支付1870万元货款及对应利息，若对方违约公司可直接申请法院强制执行。2、ST美晨：全资子公司与高唐服务中心建设合同纠纷达成和解并完成撤诉，被告承诺分期清偿工程款，有助于公司回收应收账款、优化现金流。四、人事换届变动（董事/董事长辞职、补选、代履职）1、ST围海：董事长沈海标因工作调动辞去全部公司职务，辞职当日正式生效。2、*ST宁视：原董事韩静离任，公司提名国际化工材料领域专家范晓雷补选非独立董事，优化董事会专业结构。3、*ST三房：卞惠良因达到法定退休年龄，辞去董事长、法定代表人等全部任职，公司将尽快组织选举新任董事长。4、*ST正平：原董事长田世生因个人原因离职，过渡期由副董事长金煜坤代为履行董事长相关职责。5、ST长园：发布董事辞任及补选董事相关公告，董事会人员结构迎来调整。五、资金流动性操作（闲置募资补充流动资金、银行授信担保）1、ST帕瓦：拟动用不超过1.72亿元闲置募集资金临时补充流动资金，使用期限最长12个月，有效缓解短期流动性紧张问题。2、ST长园：公告拟向银行申请综合授信并提供担保，拓宽公司融资渠道、保障日常经营资金供给。六、权益分派（现金分红、除权登记时间）1、*ST网达：披露2025年度权益分派方案，每股派现0.10元；股权登记日2026年6月23日，除权除息、红利发放日均为2026年6月24日。2、ST凯利：将于2026年6月24日实施分红，每10股派发现金红利1元，股权登记日为6月23日。七、经营合作与公司治理会议（框架合作、董事会、临时股东会）1、 ST宝馨：连续两日累计跌幅达12%触发股价异常波动；公司自查后公告，日常生产经营一切正常，无未披露重大事项。2、ST长园: ① 召开第九届董事会第二十二次会议并披露会议决议；② 签署合作框架协议并同步披露关联交易相关事项；③ 通知召开2026年第四次临时股东大会，审议本次董事会相关议案。八、当日涨幅靠前个股明细涨幅梯队龙头1. ST易联众(300096)：最新价9.36元，当日涨幅+15.27%，5日涨幅+15.41%，板块领涨标的2. *ST禾信(688622)：最新价128.68元，当日涨幅+7.23%，5日涨幅+6.34%3. ST惠伦(300460)：最新价9.22元，当日涨幅+6.96%，5日涨幅+3.48%4. ST派瑞(300831)：最新价18.13元，当日涨幅+6.90%，5日涨幅-13.34%5. *ST天宜(688033)：最新价6.99元，当日涨幅+5.75%，5日涨幅-0.14%涨停连板标的1. *ST亿晶(600537)：2.71元，+5.04%，3天3板，09:32涨停，5日+6.27%2. ST如意(002193)：4.81元，+5.02%，2天2板，09:31涨停，5日+4.11%3. *ST大立(002214)：15.74元，+5.00%，3天3板，09:52涨停，5日+10.07%4. ST百利(603959)：4.08元，+4.88%，2天2板，09:44涨停，5日+3.29%首板标的1. *ST皇庭(000056)：1.81元，+5.23%，首板，14:52涨停，5日-5.73%2. *ST棒杰(002634)：4.95元，+5.10%，首板，09:35涨停，5日-0.80%3. *ST三六(300295)：11.14元，+5.09%，首板，5日-3.05%4. *ST艾艾(603580)：24.26元，+5.02%，首板，10:03涨停，5日+8.01%5. *ST闻泰(600745)：18.23元，+5.01%，首板，10:28涨停，5日-12.82%6. ST得润(002055)：6.08元，+5.01%，首板，09:36涨停，5日-3.18%7. *ST天箭(002977)：23.94元，+5.00%，首板，09:50涨停，5日-5.82%8. ST金顶(600678)：6.30元，+5.00%，首板，09:25涨停，5日+2.61%9. ST金鸿顺(603922)：13.87元，+5.00%，首板，09:53涨停，5日-7.29%10. ST万邦(002082)：12.41元，+4.99%，首板，09:30涨停，5日-10.85%11. ST东尼(603595)：26.76元，+4.98%，首板，14:14涨停，5日+12.82%12. *ST金比(002762)：8.70元，+4.95%，首板，14:55涨停，5日+3.82%连板梯队清晰：*ST亿晶、*ST大立走出3天3板，ST如意、ST百利为2天2板，短线资金抱团辨识度标的；时间维度分化：早盘9:30附近批量直线封板，午后14点后多只低价低位股尾盘封板；5日走势分化：部分个股短期回调后反弹（ST派瑞、*ST闻泰、ST万邦），部分持续趋势上行（ST易联众、ST东尼、*ST大立）。#ST股# #参与、沟通、记录笔记# @今日话题 @雪球创作者中心 @雪球号直通车 $ST板块(BK0400)$ $上证指数(SH000001)$,4,11,0,59473,SZ002055,ST得润,Android,https://xueqiu.com/1599240287/394860536,0,2,2026-07-08 16:24:32
394912499,4670625346,飞龙在天an,2026-06-16 01:38:19,,$ST得润(SZ002055)$ 今天时不时诱惑加震仓？一给机会，二让犹豫不决的出局？几个意思？,2,0,0,12002,SZ002055,ST得润,Android,https://xueqiu.com/4670625346/394912499,0,0,2026-07-08 16:24:32
394918738,7400452661,我看行哦,2026-06-16 01:51:57,,"$ST得润(SZ002055)$ 润你最近用的是ICU,KTV战法吗",0,5,0,12300,SZ002055,ST得润,雪球,https://xueqiu.com/7400452661/394918738,0,0,2026-07-08 16:24:32
394926627,9696985456,神圣的致富小翻译师,2026-06-16 02:09:19,,$ST得润(SZ002055)$ 会债务重组吗,0,0,0,13143,SZ002055,ST得润,Android,https://xueqiu.com/9696985456/394926627,0,0,2026-07-08 16:24:32
394927529,5386199194,Heisenberg_ST,2026-06-16 02:11:14,,这个阶段我不看空也不看多，半仓操作，不要格局，6月份格局$ST得润(SZ002055)$ 和$*ST准油(SZ002207)$ 亏了不少，只要不格局，整体还好。有些票跌停了定投买一点再跌停再买点，慢慢来。散户最大的优势就是时间和金钱，钱少随时走人，只要慢慢熬ST对我们来说有优势，毕竟我们和实控人是一伙的，他们保命我们喝点汤。,8,9,0,36265,SZ002055,ST得润,Android,https://xueqiu.com/5386199194/394927529,0,1,2026-07-08 16:24:32
394940104,7436337398,ywdz,2026-06-16 02:40:51,,$ST得润(SZ002055)$ 这量化太明显了吧,3,3,0,15353,SZ002055,ST得润,Android,https://xueqiu.com/7436337398/394940104,0,0,2026-07-08 16:24:32
394941585,6219951047,老王要搞事,2026-06-16 02:44:57,,$ST得润(SZ002055)$ 量化进来以后，哪个吹的很哪个死，他就是收割情绪的,0,1,0,15698,SZ002055,ST得润,Android,https://xueqiu.com/6219951047/394941585,0,0,2026-07-08 16:24:32
394942100,3403713237,阳阳普照,2026-06-16 02:46:13,,st即将反进攻前期*ST宝馨 002514ST得润 002055作为龙头股已经调整到位，基本上是调整2个星期10个交易日左右，即将重新上涨。,0,5,0,23136,SZ002055,ST得润,雪球,https://xueqiu.com/3403713237/394942100,0,0,2026-07-08 16:24:32
394946080,3049148683,魔都南哥,2026-06-16 02:56:59,,$ST得润(SZ002055)$ g过来挖个坟,6,4,0,17848,SZ002055,ST得润,雪球,https://xueqiu.com/3049148683/394946080,0,0,2026-07-08 16:24:32
394951556,8681683951,无敌的光,2026-06-16 03:12:46,,$ST得润(SZ002055)$ 量化真有瘾，在这打摩斯密码呢,4,0,0,20074,SZ002055,ST得润,iPhone,https://xueqiu.com/8681683951/394951556,0,0,2026-07-08 16:24:32
394986160,9696985456,神圣的致富小翻译师,2026-06-16 05:43:50,,$ST得润(SZ002055)$ 这一比一比真抽象,0,0,0,19673,SZ002055,ST得润,Android,https://xueqiu.com/9696985456/394986160,0,0,2026-07-08 16:24:32
395015400,9696985456,神圣的致富小翻译师,2026-06-16 07:14:55,,$ST得润(SZ002055)$ 明天涨停就要触发异动了,1,1,0,19521,SZ002055,ST得润,Android,https://xueqiu.com/9696985456/395015400,0,0,2026-07-08 16:24:32
395020701,7028663794,无敌小青龙,2026-06-16 07:34:24,,$ST得润(SZ002055)$ 第一支盈利ST股票，年底大概率会接回来,0,5,0,21142,SZ002055,ST得润,iPhone,https://xueqiu.com/7028663794/395020701,0,0,2026-07-08 16:24:32
395056673,6620276709,深圳商报,2026-06-16 10:50:03,关键诉讼案败诉并放弃上诉 ST得润深陷海外投资“后遗症”,深圳商报·读创客户端记者 詹钰叶 近期，ST得润密集披露多份司法事项公告，围绕昔日海外标的MetaSystemS.p.A.衍生的债务、回购、担保等一系列历史问题集中爆发。公司本月15日晚间公告称，在涉及5.48亿元的案件一审败诉后，公司决定放弃上诉。这也意味着该笔债权的司法追偿路径基本关闭，叠加股权回购纠纷导致的核心资产被查封冻结，公司陷入Meta System S.p.A.（即Meta）海外投资的“后遗症”。 根据公告，ST得润于本月4日发布子公司股权被冻结的提示性公告，6月11日发布担保事项涉及诉讼进展暨部分资产被查封、子公司股权被冻结增加的公告，6月15日晚发布诉讼进展公告。本次大额借款诉讼纠纷，缘起于原控股子公司Meta的经营危机。 Meta进入意大利法律项下的Composition with creditors Proceedings（中译：债权人和解程序，简称“CP 程序”）后，ST得润已失去对其控制权，Meta及其下属企业自2024年起不再纳入上市公司合并报表。此前公司向Meta旗下重庆美达、宜宾美特提供的借款，被动形成对外提供财务资助。为保障上市公司利益，ST得润向深圳市中级人民法院提起两起诉讼，合计主张借款本金、利息及违约金暂计约8.27亿元。 其中，ST得润单独起诉重庆美达的案件一，诉求总额约为5.48亿元；法院经审理驳回公司全部诉讼请求。公司在本次诉讼进展公告中表示，收到判决后，其对是否提起二审诉讼进行了充分论证分析；综合考虑二审改判或发回重审概率、即便胜诉后执行难度、上诉将产生的额外诉讼成本等因素，决定不再提起二审诉讼，目前一审判决已生效。“虽然公司本次放弃提起二审诉讼，但并不代表公司放弃对重庆美达主张合法权益的权利，后续公司将通过商业谈判、适时提起新的诉讼等救济手段，尽力维护公司利益。”另一起同时起诉重庆美达与宜宾美特的案件二，涉案金额合计约2.79亿元，截至本次公告披露日尚未收到一审判决结果。 ST得润表示，已对重庆美达、宜宾美特的借款及利息计提相应坏账准备，已在2024年度财务报表中考虑了潜在损失的影响，称不会对以后年度的经营业绩产生重大不利影响。同时公司也指出，鉴于被告方目前的经营和财务状况，上述款项预计存在难以收回的情形。从财务角度来看，坏账计提虽在利润表层面提前对冲了潜在损失，但约8.27亿元债权中的5.48亿元已司法确认无法通过本次诉讼收回，剩余2.79亿元尚待一审判决，这无疑会对上市公司的资产质量与现金流形成压力。 与借款诉讼同步演进的还有股权回购纠纷。ST得润于2019年引入四川港荣投资发展集团作为Meta项目战略投资方，彼时双方约定了股权回购条款：若Meta未能如期上市，公司需回购对方投资本金并支付相应收益。据公司公告披露，回购义务本息合计约9亿元。后续回购条件达成，受自身资金紧张影响，ST得润未能按期履约。港荣集团向宜宾市中级人民法院提起诉讼并申请诉前财产保全，先后冻结公司持有的多家子公司股权。 6月11日，公司公告称，查询到得润大厦及其他部分资产被四川省宜宾市中级人民法院查封；其子公司股权被冻结增加，法院新增冻结了安徽得润电子技术有限公司、合肥得润电子器件有限公司的股权。公司称上述资产被查封、子公司股权被冻结为诉讼原告港荣集团采取财产保全措施所致，其主营业务开展情况目前未受到上述事项影响，目前也不会导致公司对上述子公司股权的所有权发生变更；上述资产目前仍由公司保管使用，未对公司正常生产经营造成实质性影响。并表示将与港荣集团保持积极沟通协商，共同探讨争议解决方案。,0,4,0,37136,SZ002055,ST得润,雪球,https://xueqiu.com/6620276709/395056673,0,2,2026-07-08 16:24:32
395153846,1255983670,股海博弈投,2026-06-17 02:06:15,,$ST得润(SZ002055)$ 不吹就不会被量化针对，继续保持，希望大家克制一下，都是来赚钱的，吹了不一定涨，看空不一定跌，但是吹多了你懂的,4,8,0,18820,SZ002055,ST得润,Android,https://xueqiu.com/1255983670/395153846,0,0,2026-07-08 16:24:30
395154873,4670625346,飞龙在天an,2026-06-17 02:08:24,,$ST得润(SZ002055)$ 6.5元以下，给了大家机会窗口，但大部分人，不一定敢加仓或者建仓。T反了哈哈，增加六百块成本。,1,2,0,14467,SZ002055,ST得润,Android,https://xueqiu.com/4670625346/395154873,0,0,2026-07-08 16:24:30
395168054,9696985456,神圣的致富小翻译师,2026-06-17 02:36:48,,$ST得润(SZ002055)$ 今天会异动吗,0,0,0,13635,SZ002055,ST得润,Android,https://xueqiu.com/9696985456/395168054,0,0,2026-07-08 16:24:30
395228191,9696985456,神圣的致富小翻译师,2026-06-17 06:09:15,,$ST得润(SZ002055)$ 看上去不用异动了,0,1,0,11566,SZ002055,ST得润,Android,https://xueqiu.com/9696985456/395228191,0,0,2026-07-08 16:24:30
395237279,9696985456,神圣的致富小翻译师,2026-06-17 06:35:40,,$ST得润(SZ002055)$ 别异动，不然白莲花没憋好屁,0,0,0,11565,SZ002055,ST得润,Android,https://xueqiu.com/9696985456/395237279,0,0,2026-07-08 16:24:30
395243760,1758597514,用户1758597514,2026-06-17 06:54:31,,$ST得润(SZ002055)$ 还不下来再涨逼莲要喷香了晚上,0,0,0,9706,SZ002055,ST得润,iPhone,https://xueqiu.com/1758597514/395243760,0,0,2026-07-08 16:24:30
395244960,4324020459,咚咚姜,2026-06-17 06:58:16,,$ST得润(SZ002055)$ 不多说6元左右再次等你,1,0,0,13866,SZ002055,ST得润,Android,https://xueqiu.com/4324020459/395244960,0,0,2026-07-08 16:24:30
395344379,3850339348,黑马挖掘机2024,2026-06-17 15:44:07,,$ST得润(SZ002055)$ 今天连接器世界网上的一篇收购信息，查询了一下符合“微米级精密金属冲压、模组化精密组装核心智造工艺”的国内上市公司，里面除了得润，最低的市值也有 100 亿。仅供参考，欢迎拿事实和证据反驳！,8,18,1,44050,SZ002055,ST得润,iPhone,https://xueqiu.com/3850339348/395344379,0,4,2026-07-08 16:24:30
395371448,4670625346,飞龙在天an,2026-06-18 00:43:23,,$ST得润(SZ002055)$ 得润电子有没有借科技之名蹭热度炒概念？连接器只是简单的塑料卡扣卡槽？2025年营业收入45亿元，2026年一季度营收已经近11亿。连接器行业平均研发费率3%-5%，2023-2024年公司研发强度显著高于行业均值，属于技术驱动型投入。得润电子科研投入与核心竞争优势深度分析一、科研投入量化复盘（2022-2025年报数据）1. 研发费用规模与投入强度表格 年份 研发投入总额 研发占营业收入比重 核心投向2023 5.04亿元 8.42% AI高速连接器、800V车载SiC OBC、高压线束2024 4.08亿元 7.89% CPU Socket、车载快充连接器、车规可靠性工艺2025 1.83亿元 4.06% 资产收缩后聚焦高毛利汽车电子、算力连接器，削减低效消费电子研发- 行业对比：连接器行业平均研发费率3%-5%，2023-2024年公司研发强度显著高于行业均值，属于技术驱动型投入；2025年大幅缩减是剥离亏损海外子公司、聚焦优质主业后的结构性调整，并非放弃研发。2. 研发团队与研发载体1. 人员规模：2025年员工人数达6550人，2023年研发人员862人，曾占总员工10%以上，硕博技术骨干超56人；2025年精简至340人（2025年最新年报，ST得润002055研发人员566人，同比2024年+25.22%；集团总员工6550人，研发人员占比提升至8.64%。注：市场自媒体“340人”为拆分纯国内汽车/算力核心研发岗口径，非上市公司合并报表完整研发人数，年报法定披露为566人。）集中保留高速连接器、车载电源核心研发团队。2. 双研发中心：深圳总部精密连接器研究院+鹤山汽车电子研发基地，配套自动化实验室、车规可靠性实验室、高速信号完整性（SI）测试实验室。3. 海外技术平台：原意大利Meta（车载电源研发中心），积累十余年欧洲车企800V高压平台开发经验，掌握碳化硅OBC底层算法，虽出售控股权但核心技术专利留存。3. 专利与标准话语权1. 专利总量：累计授权专利360项，其中发明专利51项、实用新型296项、外观13项；覆盖高速传输、车载高压、精密模具、自动化产线四大方向 。2. 核心专利壁垒- Type-C快充专利超100项，支持雷电5、10A大电流、车载防水IPX8；- 1000pin+ CPU Socket植球、屏蔽结构独家专利；- 800V碳化硅车载充电机拓扑、防电弧高压连接器专利。3. 国际标准参与：深度参与USB-IF、PCI-SIG车载高速连接标准制定，国内少数具备车规连接器完整验证体系的厂商。4. 研发配套硬件自研能力全产业链自主研发配套，区别于同行外购设备：- 精密模具100%自研自制，端子最小间距0.3mm，加工精度±0.005mm；- 自动化组装线、AI视觉检测设备内部开发，鹤山基地自动化率90%；- 自研选择性镀金工艺，车规端子镀金成本降低30%，通过AEC-Q200车规认证。二、四大核心技术竞争优势（科研投入落地成果）（一）AI服务器高速连接器：国内独家国产化壁垒1. CPU Socket（算力核心）中国大陆唯一实现千针以上CPU Socket量产、通过Intel官方认证企业，全球仅4家具备量产能力（莫仕、安费诺、富士康、得润），切入Intel服务器供应链；年产能3000万支，DDR5连接器年产能7亿支，国内市占率30%。得润是国内唯一通过Intel认证、批量量产千针级CPU Socket的厂商，CPU插座、DDR5内存连接器稳定供货戴尔、联想、浪潮等搭载Intel芯片的服务器整机厂，这条产业链是真实业务。自研低阻抗屏蔽结构，支持112Gbps高速背板传输，解决高端算力卡信号衰减痛点，打破海外巨头垄断。2. 高速互联全产品线PCIe 6.0连接器、高速铜缆、服务器FPC完整布局，毛利率25%-30%，是公司高毛利研发成果赛道。（二）新能源车载电源（SiC OBC）：全球技术领先3-5年1. 行业独家产品：全球首家量产22kW 800V碳化硅集成式车载充电机（OBC+DC/DC二合一），适配全系800V高压快充平台，能效、功率密度领先同业3-5年。2. 客户认证壁垒：拥有十余年欧洲整车同步开发经验，批量供货宝马、保时捷、大众、光束汽车，光束汽车获独家定点，生命周期订单预估50亿元；同时配套比亚迪、小鹏、华为问界国内车企。3. 技术壁垒：自研碳化硅驱动拓扑、高压绝缘、EMC降噪算法，满足ISO 26262车规功能安全最高等级，国内同行多数仅量产6.6kW/11kW 400V低压产品，技术代差明显 。（三）800V高压车载线束与连接器：整车高压系统完整方案依托连接器基础延伸高压线束一体化能力，科研覆盖高压端子、快充枪连接、电池包FFC柔性线束：1. 800V平台高压线束年产能150万套，供货大众、宝马、小鹏；2. 与华为联合开发高压快充连接器，配套比亚迪800V车型；3. 车载FPC柔性排线、车灯光学透镜同步研发，进入法雷奥、海拉全球供应链。（四）消费电子连接器基本盘：规模+成本研发优势1. 家电连接器国内市占率超50%，长期配套海尔、美的、创维；2. Type-C快充全球主流供应商，手机、笔记本、车载多场景全覆盖；3. 自研低成本精密电镀、冲压工艺，依托模具自研实现规模降本，是公司稳定现金流研发底盘。三、研发投入带来的差异化壁垒（对比同业）1. 全链条一体化研发壁垒多数连接器企业仅做组装，得润覆盖材料→模具→端子→自动化产线→系统验证全流程自研，新品开发周期缩短40%，可深度嵌入宝马、Intel等客户前置研发同步开发。2. 双赛道技术协同优势消费电子高速连接技术平移至车载、算力；车载高压绝缘、防电弧技术反向赋能工业连接器，研发成果复用，摊薄单品类研发成本。3. 高端车规+算力客户认证护城河车规、服务器认证周期2-5年，前期持续高额研发投入形成准入门槛；已通过认证的一线车企、算力厂商短期不会更换供应商，锁定长期订单。4. 精密制造工艺自研壁垒高精度模具、自动化设备、选择性电镀均内部研发，不依赖外部设备厂商，成本、迭代速度优于外购产线同行。四、科研投入现存短板与风险1. 研发投入阶段性收缩2025年研发费用腰斩，因剥离亏损海外资产、精简人员，短期新技术迭代速度放缓，AI算力、车载高压新赛道扩张节奏受限。2. 研发投入盈利转化偏弱车载OBC、高端连接器前期研发周期长、设备投入大，叠加汽车行业价格战，高研发未完全兑现高净利率；历史海外Meta研发资产持续亏损拖累报表。3. 客户集中研发依赖核心高端业务高度绑定宝马、Intel等头部客户，客户资本开支周期波动直接影响研发投入回报。4. ST状态下研发资金约束公司目前为ST得润，融资渠道受限，大额资本开支、中长期前沿研发（如400G高速连接器、下一代SiC车载电源）资金储备不足。五、总结核心价值得润电子是国内少数同时掌握AI服务器高速连接器+800V碳化硅车载电源两大高端赛道核心技术的企业，长期高于行业的研发投入构建了海外巨头难以替代的国产化壁垒，CPU Socket、22kW SiC OBC两项产品具备行业独家技术优势，高端车规、算力客户资源是研发投入沉淀的核心资产。核心矛盾过去多年高研发投入叠加海外资产亏损，导致盈利承压；2025年收缩研发开支改善现金流，但中长期新技术迭代存在不确定性，后续需要观察汽车电子、算力连接器订单放量，验证研发成果商业化兑现能力。风险提示：以上分析基于公开财报与行业资料，不构成投资建议；公司存在ST、负债高、客户集中等经营风险。得润电子高速连接器结构说明1、通俗概括（股吧民间说法）市场散户口中“得润高速连接器就是带卡扣的塑料卡槽”这个描述大体外形说得通，但过于简化、片面。它的主体基座、插槽腔体确实是工程塑料绝缘本体，绝大多数高速系列都集成塑料一体成型卡扣/锁扣结构，用来锁紧公母端、防止松脱，肉眼看就是塑料卡槽+卡扣的组合。2、分品类真实结构（公司主力高速产品）（1）CPU Socket（LGA1700/1851/1954，核心高速产品）- 基座：高强度耐高温塑料卡槽本体，容纳上千根精密信号端子；- 锁紧机构：金属压盖+塑料卡扣拨杆双重锁止，不是单纯塑料卡扣；- 区别：这类AI/服务器高速Socket有大量金属散热、屏蔽结构，不能简单等同于普通塑料卡槽。（2）PCIe、DDR5、板对板高速连接器- 绝缘主体：塑料插槽卡槽；- 锁止：两侧一体注塑塑料卡扣，插合后自动卡紧，部分高端型号搭配金属屏蔽壳+卡扣配合锁槽；- 属于标准“塑料卡槽+内置卡扣”结构，和股吧通俗描述匹配。（3）高速边缘卡、线缆连接器专利文件明确：绝缘本体开设插槽，搭配独立塑料弹性锁扣组件，实现插卡锁紧、解锁插拔，纯塑料卡扣卡槽结构。3、关键纠正误区1. 不是全塑料件：高速信号必须金属端子、金属屏蔽罩，仅外壳/卡槽/卡扣为塑料；2. 卡扣分两种：小型高速连接器是一体塑料卡扣；CPU大Socket是塑料拨杆+金属压盖复合锁紧；3. 该说法的局限性：拿“塑料卡扣卡槽”对标海外高端高速连接器有偏差，外资高端产品金属屏蔽、精密端子复杂度更高，不能简单类比。总结从外观基础结构来说：得润绝大多数高速连接器确实是塑料卡槽本体+配套卡扣（塑料为主），散户那句通俗描述外形层面没问题；但从专业产品维度，它内含大量金属精密信号、屏蔽、散热结构，不能只简单概括为“塑料卡扣卡槽”。得润电子科研/研发人员规模（官方年报权威数据，2023–2025）一、整体集团研发人员总数（合并报表口径，含国内各基地）1. 2023年峰值研发人员862人，占集团总员工超10%，是历史最高规模2. 2024年（年报/ESG报告）研发人员452人，员工总数约5260人，研发人员占比8.59%；当年已收缩低效消费电子研发、优化海外团队编制。3. 2025年（最新年报，ST得润002055）研发人员566人，同比2024年 25.22%；集团总员工6550人，研发人员占比提升至8.64%。年报法定披露为566人。二、高学历核心科研骨干全集团硕博技术骨干合计56人以上，集中两大高门槛赛道：1. 高速算力连接器（AI服务器、CPU Socket）：信号完整性、电磁仿真、精密结构硕博团队；2. 新能源汽车电子（800V SiC OBC、高压线束、CCS）：电力电子、车载功率硬件、车规算法研发人员；其余研发人员以本科电气、机械、材料、自动化工程师为主，负责产品落地、可靠性测试、工艺开发。三、分业务板块细分研发团队1. 车载电源（原意大利Meta）收购期海外基地千人规模，1/3为研发人员（约300人）；2025年出售Meta控股权、出表，海外研发人员不再纳入合并报表，仅保留国内车载电源研发小组。2. 科世得润（汽车线束合资）独立开发团队超100人，主攻大众、沃尔沃、奔驰等车企整车线束设计、3D布线、车规验证 。3. 高速连接器（算力/通信）深圳总部研究院 鹤山研发基地核心团队约200人，配套SI高速实验室、车规可靠性实验室，是2025年资源倾斜重点。4. 传统消费电子（家电、PC连接器）研发团队大幅压缩，仅保留少量工艺改良人员，不再新增预研投入。四、研发组织与研发载体配套1. 双国内研发中心：深圳精密连接器研究院、鹤山汽车电子研发基地；2. 配套实验室：高速信号完整性实验室、碳化硅功率器件测试、整车高压可靠性实验室；3. 产学研合作：联合华南理工、广东省科学院共建材料与连接器研发项目，外部特聘专家补充科研力量。五、人员规模变化逻辑2023年862人：全品类扩张、叠加海外Meta完整研发团队；2024年降至452人：剥离低端消费电子研发、海外人员缩减；2025年回升至566人：集中加码AI算力高速连接器、800V车载快充两大高毛利赛道，定向扩招硬件、仿真、功率电子工程师。,5,6,0,30825,SZ002055,ST得润,Android,https://xueqiu.com/4670625346/395371448,0,5,2026-07-08 16:24:30
395373337,6549060841,韭菜想炒股致富,2026-06-18 00:55:34,,$ST得润(SZ002055)$ 天天吹有意义吗？连最基本的事实都搞不清楚,0,1,0,13747,SZ002055,ST得润,iPhone,https://xueqiu.com/6549060841/395373337,0,0,2026-07-08 16:24:30
395390373,3850339348,黑马挖掘机2024,2026-06-18 01:47:10,,热泪盈眶$ST得润(SZ002055)$ 认知得到了市场的认可！,4,12,0,22281,SZ002055,ST得润,iPhone,https://xueqiu.com/3850339348/395390373,0,0,2026-07-08 16:24:30
395391465,9027667784,年年有余1996,2026-06-18 01:49:05,,$ST得润(SZ002055)$ 成龙头，低位补涨。,1,0,0,12774,SZ002055,ST得润,Android,https://xueqiu.com/9027667784/395391465,0,0,2026-07-08 16:24:30
395395686,7606476101,一路-长牛,2026-06-18 01:56:37,,$ST得润(SZ002055)$ 得润这票我真是。。两次买在底部，两次卖飞，五月了，这票真的还可以，就怕没消息，短期消息预期太多了，同德，瑞和占了仓位，唉，真没法$ST同德(SZ002360)$ $*ST瑞和(SZ002620)$,2,1,0,43139,SZ002055,ST得润,Android,https://xueqiu.com/7606476101/395395686,0,0,2026-07-08 16:24:30
395434152,6549060841,韭菜想炒股致富,2026-06-18 03:12:04,,$ST得润(SZ002055)$ 又要被吹死了，真的郁闷,0,2,0,11227,SZ002055,ST得润,iPhone,https://xueqiu.com/6549060841/395434152,0,0,2026-07-08 16:24:30
395439820,9696985456,神圣的致富小翻译师,2026-06-18 03:23:53,,$ST得润(SZ002055)$ 别一涨就乱发数据了，平常心不好吗，一涨就各种佐证，一跌就各种发怒,2,3,0,11159,SZ002055,ST得润,Android,https://xueqiu.com/9696985456/395439820,0,0,2026-07-08 16:24:30
395441743,9696985456,神圣的致富小翻译师,2026-06-18 03:28:17,,$ST得润(SZ002055)$ @好运大大大 活该你赚不到几个钱，稍微涨就吹，改变不了你的差习惯,14,1,0,14319,SZ002055,ST得润,Android,https://xueqiu.com/9696985456/395441743,0,0,2026-07-08 16:24:30
395469656,6549060841,韭菜想炒股致富,2026-06-18 05:17:01,,$ST得润(SZ002055)$ 好好的涨停板，被吹死，天天瞎吹。,0,0,0,12267,SZ002055,ST得润,iPhone,https://xueqiu.com/6549060841/395469656,0,0,2026-07-08 16:24:30
395473893,4326473246,优秀散户Q小姐,2026-06-18 05:29:20,,$ST得润(SZ002055)$先相信，然后才能看到,0,1,0,14690,SZ002055,ST得润,HarmonyOS,https://xueqiu.com/4326473246/395473893,0,0,2026-07-08 16:24:30
395477318,9983079390,清秀的股市小温暖,2026-06-18 05:38:17,,$ST得润(SZ002055)$ 清了清了公司有问题散户更有问题,2,1,0,16864,SZ002055,ST得润,Android,https://xueqiu.com/9983079390/395477318,0,0,2026-07-08 16:24:30
395481832,9696985456,神圣的致富小翻译师,2026-06-18 05:50:18,,$ST得润(SZ002055)$ 这票是有脏东西的,2,1,0,19028,SZ002055,ST得润,Android,https://xueqiu.com/9696985456/395481832,0,0,2026-07-08 16:24:30
395492783,1726027130,下班了kdl,2026-06-18 06:18:39,,$ST得润(SZ002055)$ 下个月就10%涨跌幅了,1,3,0,17084,SZ002055,ST得润,Android,https://xueqiu.com/1726027130/395492783,0,0,2026-07-08 16:24:28
395504609,1726027130,下班了kdl,2026-06-18 06:49:20,,$ST得润(SZ002055)$ 怎么看这个量能和涨幅@好运大大大 @股海博弈投,1,1,0,17537,SZ002055,ST得润,Android,https://xueqiu.com/1726027130/395504609,0,0,2026-07-08 16:24:28
395516025,6549060841,韭菜想炒股致富,2026-06-18 07:19:25,,$ST得润(SZ002055)$ 好好的股票被几个sb给吹死了。每天发神经一样,1,4,0,20595,SZ002055,ST得润,iPhone,https://xueqiu.com/6549060841/395516025,0,0,2026-07-08 16:24:28
395523464,4324020459,咚咚姜,2026-06-18 07:43:58,,$ST得润(SZ002055)$ 挺强的，硬技术票还是牛，开始跟板块走了，依旧长期看好。唯一有问题的是端午后指数会不会再次回调？个人感觉概率偏大，指数已经横了很久了该选择方向了。依旧保持原判断，6元等你，到不了说明没有二次缘分了。,0,2,0,24678,SZ002055,ST得润,Android,https://xueqiu.com/4324020459/395523464,0,0,2026-07-08 16:24:28
395535819,7637646442,山西小马骑牛,2026-06-18 08:33:46,,$ST得润(SZ002055)$ 逼上梁山！！！一切尽在不言中,0,3,0,20689,SZ002055,ST得润,Android,https://xueqiu.com/7637646442/395535819,0,0,2026-07-08 16:24:28
395542064,8323377089,hellod201308,2026-06-18 09:01:47,,$ST得润(SZ002055)$ 这波冲回前高！！！！拿回属于我的一切！！！,1,5,0,21260,SZ002055,ST得润,iPhone,https://xueqiu.com/8323377089/395542064,0,0,2026-07-08 16:24:28
395634616,3959591947,如烟过眼,2026-06-19 02:28:11,天海电子靠啥绑定头部新势力车企？,$天海电子(SZ001365)$ $ST得润(SZ002055)$ $徕木股份(SH603633)$ 大家以为天海电子是靠低价抢车企订单的普通零件厂，其实它真正的底气是攥着新势力换不掉的供应商身份。它做的汽车线束和连接器是整车的血管神经，车企的供应商认证要走好几年，一旦绑定就很难更换。现在它已经进了理想、蔚来、小鹏等头部新势力的一级供应体系，还能跟着车企同步做研发，竞争对手想替换它，大概率会打断整车的开发进度，这道门槛比低价竞争硬多了。它的生意逻辑是跟着爆款车走，2025年营收做到159.69亿，规模远超同行平均，但这两年盈利端压力不小。毛利率从2022年的16.26%跌到2026年一季度的12.04%，本质是铜等原材料涨价的压力没完全传下去。资产负债率常年在60%以上，应收账款占总资产近44%，大量资金被下游占压，周转压力不小。好生意是一回事，好价格是另一回事，中间差的就是安全边际。现在的价格，真的给了足够安全边际吗？如果未来毛利率继续下滑，它还能不能算一门足够好的生意？市场买下的，究竟是国产替代的确定性，还是车市高增长的乐观预期？内容仅作科普，不构成投资建议。#价值投资之路# #实盘分享# #财报大炼金#,1,2,0,59188,SZ002055,ST得润,雪球,https://xueqiu.com/3959591947/395634616,0,2,2026-07-08 16:24:28
395845179,9696985456,神圣的致富小翻译师,2026-06-22 01:46:30,,$ST得润(SZ002055)$ 今天安静了，看不到人吹了,2,0,0,10992,SZ002055,ST得润,Android,https://xueqiu.com/9696985456/395845179,0,0,2026-07-08 16:24:28
395847892,2063132956,火蚁投资,2026-06-22 01:50:47,,$ST得润(SZ002055)$ 买了点这个垃圾股，英特尔国内高速连接器唯一认证厂家，鹤山项目刚建完投产，包袱和潜在的风险基本都暴露了，当然资金紧张，大股东持股比例小，可能会被拍卖或者重组，风险较大，小仓位玩玩,40,31,0,67409,SZ002055,ST得润,iPhone,https://xueqiu.com/2063132956/395847892,0,8,2026-07-08 16:24:28
395849831,1505804711,修心谨言wy,2026-06-22 01:54:08,,$ST得润(SZ002055)$ 清了所有ST板块了，等7月10日之后再买了,3,4,0,13858,SZ002055,ST得润,Android,https://xueqiu.com/1505804711/395849831,0,0,2026-07-08 16:24:28
395885193,6549060841,韭菜想炒股致富,2026-06-22 03:05:33,,$ST得润(SZ002055)$z知道被吹死了，有些人垃圾一样,0,0,0,9715,SZ002055,ST得润,iPhone,https://xueqiu.com/6549060841/395885193,0,0,2026-07-08 16:24:28
395887893,4202117770,短中长线卧倒选手,2026-06-22 03:12:26,,$ST得润(SZ002055)$ 有些神人，叫他别吹跟要他命一样。吹就吹吧，你有点新玩意吗，天天拿个表格走天下，活该满仓吃跌停,3,0,0,10340,SZ002055,ST得润,iPad,https://xueqiu.com/4202117770/395887893,0,0,2026-07-08 16:24:28
395905651,3850339348,黑马挖掘机2024,2026-06-22 04:20:22,,$ST得润(SZ002055)$ 目前来看，在没有利好公告到来之前，就是5.7元到6.7元的区间震荡,1,10,0,27103,SZ002055,ST得润,iPhone,https://xueqiu.com/3850339348/395905651,0,0,2026-07-08 16:24:28
395907324,7436337398,ywdz,2026-06-22 04:31:06,,$ST得润(SZ002055)$ 老师们先走不到80亿市值绝不考虑减仓加油,0,2,0,12797,SZ002055,ST得润,Android,https://xueqiu.com/7436337398/395907324,0,0,2026-07-08 16:24:28
395914883,9983079390,清秀的股市小温暖,2026-06-22 05:14:17,,$ST得润(SZ002055)$ ST整体风险很大自选股里ST全跌停,0,0,0,11940,SZ002055,ST得润,Android,https://xueqiu.com/9983079390/395914883,0,0,2026-07-08 16:24:28
395931261,1505804711,修心谨言wy,2026-06-22 06:09:18,,$ST得润(SZ002055)$ 好多ST纷纷开板了，有的甚至翻红了，什么情况？,1,3,0,13706,SZ002055,ST得润,Android,https://xueqiu.com/1505804711/395931261,0,0,2026-07-08 16:24:28
395943239,6549060841,韭菜想炒股致富,2026-06-22 06:48:44,,$ST得润(SZ002055)$ 这个股票里面sb太多了,0,1,0,13978,SZ002055,ST得润,iPhone,https://xueqiu.com/6549060841/395943239,0,0,2026-07-08 16:24:28
395979286,9785774380,斯尧siyao,2026-06-22 09:19:41,,回复@火蚁投资: 这个st，27年没啥幺蛾子，肯定摘了。 现在主要是风控问题，机构没办法来。认真研究了下，开始准备仓位了，把港股的都挪过来，港股太惨了。 $ST得润(SZ002055)$//@火蚁投资:回复@斯尧siyao:st股票风险大，别上头，小赌怡情大赌伤身,0,3,0,13265,SZ002055,ST得润,Android,https://xueqiu.com/9785774380/395979286,0,0,2026-07-08 16:24:28
395981698,1505804711,修心谨言wy,2026-06-22 09:31:47,,$ST得润(SZ002055)$ 实控人变不变更都没有关系，只要明年可以摘帽，市值按连接器上市公司的估值是大概率事件,1,2,0,13450,SZ002055,ST得润,Android,https://xueqiu.com/1505804711/395981698,0,0,2026-07-08 16:24:28
396031379,1505804711,修心谨言wy,2026-06-22 14:45:41,,$ST得润(SZ002055)$ 邱家两代人辛苦经营的企业，怎么可能放弃？一定会想尽一切办法保住实控人地位，至于世运电路，宜宾国资，顺德国资等入主全都无稽之谈，都是某些人凭空想象出来的。其实只要邱家好好经营，不乱投资，聚焦主业，得润重回百亿也是有可能的。,4,3,0,17835,SZ002055,ST得润,Android,https://xueqiu.com/1505804711/396031379,0,0,2026-07-08 16:24:28
396062069,1505804711,修心谨言wy,2026-06-23 00:36:32,,$ST得润(SZ002055)$ 公司是好公司，而且刚好在风口，有个好赛道，可惜世上再也没有刘銮雄，否则股权这分散早就被吞并。,0,0,0,10887,SZ002055,ST得润,Android,https://xueqiu.com/1505804711/396062069,0,0,2026-07-08 16:24:26
396068100,1255983670,股海博弈投,2026-06-23 01:13:11,,$ST得润(SZ002055)$ 等我在掌阅上面吃饱再在看你，保持住感谢主力砸盘,0,2,0,13930,SZ002055,ST得润,Android,https://xueqiu.com/1255983670/396068100,0,0,2026-07-08 16:24:26
396086172,1777686025,留人间,2026-06-23 01:57:45,,$ST得润(SZ002055)$ 未来至少三到四个月都会盘整了，已经废了,1,0,0,9989,SZ002055,ST得润,Android,https://xueqiu.com/1777686025/396086172,0,0,2026-07-08 16:24:26
396094651,7436337398,ywdz,2026-06-23 02:15:31,,$ST得润(SZ002055)$ 学一下人家东尼,1,0,0,9158,SZ002055,ST得润,Android,https://xueqiu.com/7436337398/396094651,0,0,2026-07-08 16:24:26
396095583,1758597514,用户1758597514,2026-06-23 02:17:27,,$ST得润(SZ002055)$ 公司股份都快拍没有了老狗肯定要鱼死网破的打算哦,2,0,0,9262,SZ002055,ST得润,iPhone,https://xueqiu.com/1758597514/396095583,0,0,2026-07-08 16:24:26
396105508,1505804711,修心谨言wy,2026-06-23 02:39:14,,$ST得润(SZ002055)$ ST板块昨天大跌，它跌停。今天ST板块大涨1.8%，它还是绿的。既然这样，我只好加仓了。,0,3,0,11560,SZ002055,ST得润,Android,https://xueqiu.com/1505804711/396105508,0,0,2026-07-08 16:24:26
396122816,4324020459,咚咚姜,2026-06-23 03:23:40,,$ST得润(SZ002055)$ 你到底跟的是哪个板块指数？ 还是那句话6块左右接你,4,1,0,10054,SZ002055,ST得润,Android,https://xueqiu.com/4324020459/396122816,0,0,2026-07-08 16:24:26
396131616,1505804711,修心谨言wy,2026-06-23 03:54:03,,$ST得润(SZ002055)$ 股权分散根本不是股票走牛的障碍，历史上股权分散而走出大牛行情的数不胜数。,2,3,0,10456,SZ002055,ST得润,Android,https://xueqiu.com/1505804711/396131616,0,0,2026-07-08 16:24:26
396193029,9027667784,年年有余1996,2026-06-23 07:50:25,,$ST得润(SZ002055)$ 尊敬的投资者，您好！目前公司的高速传输连接器产品主要应用于计算机及外围设备领域，在服务器等新兴领域的应用尚在拓展当中，预估短期内对公司整体经营业绩贡献有限，未来订单获取及业务发展存在不确定性；截至目前，公司未与英伟达开展业务合作。,4,3,0,15667,SZ002055,ST得润,Android,https://xueqiu.com/9027667784/396193029,0,1,2026-07-08 16:24:26
396202731,1505804711,修心谨言wy,2026-06-23 08:35:59,,$ST得润(SZ002055)$ 某个著名投资家说股票短期是投票机，长期是称重机。所以短期内影响股票走势是情绪，长期的走势是根据股票的质地、价值所决定的。股权分散并不是决定性因素，历史上也有不少股权分散的牛股，有兴趣可以自己去搜。,0,3,0,13716,SZ002055,ST得润,Android,https://xueqiu.com/1505804711/396202731,0,0,2026-07-08 16:24:26
396221831,3829287150,李达A股投机,2026-06-23 10:14:56,,$ST得润(SZ002055)$ 邱家父子只占2%股份，会用心经营？肯定不会，人性决定了的，但又不肯卖，别人想买它肯定暗中作梗，这就是这个股最大隐患。,7,1,0,12856,SZ002055,ST得润,Android,https://xueqiu.com/3829287150/396221831,0,0,2026-07-08 16:24:26
396222021,0,ST得润(SZ002055),2026-06-23 10:16:09,,ST得润：关于担保事项涉及诉讼的进展公告 网页链接,7,3,0,18072,SZ002055,ST得润,公告,https://xueqiu.com/S/SZ002055/396222021,0,0,2026-07-08 16:24:26
396231151,1255983670,股海博弈投,2026-06-23 11:18:50,,$ST得润(SZ002055)$ 这股管理层真的恶心，本来就难做，积极正面的消息从来不放，看看这两天买的天味食品，虽然股价不涨，但是感觉管理层真的给力,5,2,0,12784,SZ002055,ST得润,Android,https://xueqiu.com/1255983670/396231151,0,0,2026-07-08 16:24:26
396235002,6549060841,韭菜想炒股致富,2026-06-23 11:47:53,,$ST得润(SZ002055)$ 还有2个案件静待判决落地,0,1,0,11936,SZ002055,ST得润,iPhone,https://xueqiu.com/6549060841/396235002,0,0,2026-07-08 16:24:26
396243880,1758597514,用户1758597514,2026-06-23 12:53:33,,$ST得润(SZ002055)$ 没希望咯就是死猪不怕开水烫就是耗着这样就保持控制着公司拿拿钱就好了看看那壁莲的回复,1,1,0,10066,SZ002055,ST得润,iPhone,https://xueqiu.com/1758597514/396243880,0,0,2026-07-08 16:24:26
396271713,1505804711,修心谨言wy,2026-06-23 15:46:04,,$ST得润(SZ002055)$ 洗了两天了，明天能来个涨停吗？,1,1,0,14545,SZ002055,ST得润,Android,https://xueqiu.com/1505804711/396271713,0,0,2026-07-08 16:24:26
396277658,7495151652,浮云弱梦,2026-06-23 17:54:50,,$ST得润(SZ002055)$ 邱家父子只占2%股份，会用心经营？肯定不会，人性决定了的。,3,2,0,12876,SZ002055,ST得润,iPhone,https://xueqiu.com/7495151652/396277658,0,0,2026-07-08 16:24:26
396329530,1255983670,股海博弈投,2026-06-24 02:14:06,,$ST得润(SZ002055)$ 不要涨，等我做完天味回来看你,1,0,0,17461,SZ002055,ST得润,Android,https://xueqiu.com/1255983670/396329530,0,0,2026-07-08 16:24:26
396353108,4324020459,咚咚姜,2026-06-24 03:00:27,,$ST得润(SZ002055)$ 挂跌停买入了，能不能让我爽下,6,0,0,17246,SZ002055,ST得润,Android,https://xueqiu.com/4324020459/396353108,0,0,2026-07-08 16:24:26
396364917,9027667784,年年有余1996,2026-06-24 03:29:51,,$ST得润(SZ002055)$ 浮筹不多，下午跟风大盘V。,0,0,0,13369,SZ002055,ST得润,Android,https://xueqiu.com/9027667784/396364917,0,0,2026-07-08 16:24:26
396371600,4324020459,咚咚姜,2026-06-24 03:52:08,,$ST得润(SZ002055)$ 斗尊强者恐怖如斯！竟能破开st板块指数的桎梏,5,0,0,20212,SZ002055,ST得润,Android,https://xueqiu.com/4324020459/396371600,0,0,2026-07-08 16:24:24
396375297,7758218912,湖南第一格局,2026-06-24 04:10:41,,$ST得润(SZ002055)$ 现在到处都是量化啊,0,0,0,13771,SZ002055,ST得润,Android,https://xueqiu.com/7758218912/396375297,0,0,2026-07-08 16:24:24
396459682,5883137136,文大小姐,2026-06-24 09:11:52,,回复@勤劳的稳赚小水族馆: 看了你之前的贴，ST得润你也买在了高点！你割了吗？你自评一下你的投资眼光如何呢？每一次出手都百发百中吗？查看图片//@勤劳的稳赚小水族馆:回复@拓扑逻辑衔尾蛇:还是别写了。天天写。天天也没意义。你毕竟只是小小散户,1,1,0,10466,SZ002055,ST得润,iPhone,https://xueqiu.com/5883137136/396459682,0,0,2026-07-08 16:24:24
396516484,9921862037,麓谷猎人,2026-06-24 14:31:50,,$ST得润(SZ002055)$ 7.6号变成10个点，资金一定会先炒作低位有业绩的，留给你们的时间不多了,8,1,0,10695,SZ002055,ST得润,iPhone,https://xueqiu.com/9921862037/396516484,0,0,2026-07-08 16:24:24
396593317,9192122882,海月之心3rf,2026-06-25 02:09:57,,$ST得润(SZ002055)$ j继续吹，什么时候没有人发言看多了，就见底了,1,6,0,6521,SZ002055,ST得润,雪球,https://xueqiu.com/9192122882/396593317,0,0,2026-07-08 16:24:24
396603735,1758597514,用户1758597514,2026-06-25 02:27:31,,$ST得润(SZ002055)$ 你要是老板能百分之二控制着公司随便玩还处理个锤子债务安心捞捞钱不爽吗,0,1,0,5015,SZ002055,ST得润,iPhone,https://xueqiu.com/1758597514/396603735,0,0,2026-07-08 16:24:24
396610027,1505804711,修心谨言wy,2026-06-25 02:39:06,,$ST得润(SZ002055)$ 减了一点，留下一点。,0,0,0,5619,SZ002055,ST得润,Android,https://xueqiu.com/1505804711/396610027,0,0,2026-07-08 16:24:24
396631819,9928805376,亿星Eason,2026-06-25 03:26:02,,$ST得润(SZ002055)$错杀明显，时间问题，等待中，一只订单不少赚钱的st,0,3,0,5933,SZ002055,ST得润,HarmonyOS,https://xueqiu.com/9928805376/396631819,0,0,2026-07-08 16:24:24
396633392,3451316032,坐井忘天,2026-06-25 03:30:04,,$ST得润(SZ002055)$ 跌的时候应该唱空才对啊……别搞错了兄弟们,0,6,0,8342,SZ002055,ST得润,Android,https://xueqiu.com/3451316032/396633392,0,0,2026-07-08 16:24:24
396634700,5386199194,Heisenberg_ST,2026-06-25 03:33:35,,回复@星轨拾贝: 前几个月加$ST得润(SZ002055)$ 也是这种形态，5.22买的，虽然到头来没有赚到钱，但这种形态记忆犹新啊//@星轨拾贝:回复@Heisenberg_ST:看线有啥用，情绪主导。,0,1,0,11076,SZ002055,ST得润,Android,https://xueqiu.com/5386199194/396634700,0,0,2026-07-08 16:24:24
396648136,6549060841,韭菜想炒股致富,2026-06-25 04:27:33,,$ST得润(SZ002055)$ 反正跟自己说了，干完这个st得润，以后再也不买st了，从赚18w到亏3.8w,0,7,0,7052,SZ002055,ST得润,iPhone,https://xueqiu.com/6549060841/396648136,0,0,2026-07-08 16:24:24
396651089,6549060841,韭菜想炒股致富,2026-06-25 04:44:10,,$ST得润(SZ002055)$ 上海电子展7.1-7.3，有空的朋友可以去得润摊位了解一下企业情况,0,3,0,7078,SZ002055,ST得润,iPhone,https://xueqiu.com/6549060841/396651089,0,0,2026-07-08 16:24:24
396659416,8871682425,财闻,2026-06-25 05:20:18,请问高速连接器能否适配华为相关算力硬件？ST得润回应,有投资者向ST得润（002055.SZ）提问，结合公司现有产品，请问高速连接器能否适配华为相关算力硬件？目前是否有对接测试？6月25日，公司回答表示，公司目前未与华为开展业务合作，相关具体业务和客户情况请以公司公开披露信息为准。同时提示广大投资者理性看待市场热点，防范概念炒作，注意投资风险。,0,2,0,8370,SZ002055,ST得润,雪球,https://xueqiu.com/8871682425/396659416,0,0,2026-07-08 16:24:24
396659895,1726027130,下班了kdl,2026-06-25 05:21:49,,$ST得润(SZ002055)$ 以后不会碰任何一个st，这市场就st跌停最厉害,0,1,0,5676,SZ002055,ST得润,Android,https://xueqiu.com/1726027130/396659895,0,0,2026-07-08 16:24:24
396663516,5189758266,随境流转,2026-06-25 05:32:46,,$ST得润(SZ002055)$ 明天大概率继续跌停，量化把价格都算好了,0,0,0,5570,SZ002055,ST得润,Android,https://xueqiu.com/5189758266/396663516,0,0,2026-07-08 16:24:24
396667741,1505804711,修心谨言wy,2026-06-25 05:44:37,,$ST得润(SZ002055)$ 逻辑上只要能摘帽，市值应该要向胜蓝，电连这些看齐。杀吧，等到杀不动了，我们再来捡便宜。,0,3,0,6197,SZ002055,ST得润,Android,https://xueqiu.com/1505804711/396667741,0,0,2026-07-08 16:24:24
396678199,1344819740,乐乐爱玩宝可梦,2026-06-25 06:13:04,,$ST得润(SZ002055)$ 这是那个二货砸的,0,0,0,6101,SZ002055,ST得润,iPhone,https://xueqiu.com/1344819740/396678199,0,0,2026-07-08 16:24:24
396684554,1255983670,股海博弈投,2026-06-25 06:30:17,,$ST得润(SZ002055)$ 得润跌了5个点，选的正股也跌，涨价，扩产，产品独一无二，电子化学品，市值股价低位，坚持坚持吧,2,2,0,10319,SZ002055,ST得润,Android,https://xueqiu.com/1255983670/396684554,0,0,2026-07-08 16:24:24
396688532,9928805376,亿星Eason,2026-06-25 06:41:26,,$ST得润(SZ002055)$这么多1手挂单几个意思,1,1,0,6489,SZ002055,ST得润,HarmonyOS,https://xueqiu.com/9928805376/396688532,0,0,2026-07-08 16:24:24
396700378,4324020459,咚咚姜,2026-06-25 07:12:35,,$ST得润(SZ002055)$ 其它股能到前低你有没有可能,3,1,0,10115,SZ002055,ST得润,Android,https://xueqiu.com/4324020459/396700378,0,0,2026-07-08 16:24:22
396724808,1505804711,修心谨言wy,2026-06-25 08:46:59,,$ST得润(SZ002055)$ 7月6日5变10后，涨回来也很快的，难道你可以永远ST，不摘帽吗？只要能摘帽，越靠摘帽的日期，市值就应该越靠近胜蓝和电连。,0,4,0,6564,SZ002055,ST得润,Android,https://xueqiu.com/1505804711/396724808,0,1,2026-07-08 16:24:22
396756623,0,ST得润(SZ002055),2026-06-25 11:36:09,,ST得润：第八届董事会第二十三次会议决议公告 网页链接,0,2,0,10857,SZ002055,ST得润,公告,https://xueqiu.com/S/SZ002055/396756623,0,0,2026-07-08 16:24:22
396756626,0,ST得润(SZ002055),2026-06-25 11:36:09,,ST得润：关于提供资产抵押担保的公告 网页链接,35,6,0,18477,SZ002055,ST得润,公告,https://xueqiu.com/S/SZ002055/396756626,0,2,2026-07-08 16:24:22
396756627,0,ST得润(SZ002055),2026-06-25 11:36:09,,ST得润：关于增加2026年度日常关联交易预计的公告 网页链接,0,5,0,12180,SZ002055,ST得润,公告,https://xueqiu.com/S/SZ002055/396756627,0,0,2026-07-08 16:24:22
396761847,3850339348,黑马挖掘机2024,2026-06-25 12:09:01,,宜宾以打促和，算是个小利好。后续还是继续关注连接器主业能否推出爆款产品$ST得润(SZ002055)$,6,10,0,20808,SZ002055,ST得润,iPhone,https://xueqiu.com/3850339348/396761847,0,1,2026-07-08 16:24:22
396768527,1235448213,申行者,2026-06-25 12:51:50,,$ST得润(SZ002055)$ 重点提取：债权人港荣集团将向法院申请解除对上述资产的查封，解除查封之后再具体办理相关资产抵押工作。公司本次提供资产抵押担保，旨在通过向债权人港荣集团提供增信担保措施，争取尽快推进撤诉工作，缓解短期兑付压力，并最终达成债务解决方案，有利于公司化解诉讼和债务风险，保障公司生产经营的平稳运行；但如果后续工作推进不顺，有可能发生债权人行使抵押权导致公司资产流失的风险。公司将切实推进相关工作的顺利进行，力争妥善解决债务风险问题，维护公司及全体股东利益。,11,3,0,26561,SZ002055,ST得润,Android,https://xueqiu.com/1235448213/396768527,0,1,2026-07-08 16:24:22
396769663,9351093595,愿赌认输不服输,2026-06-25 12:59:06,,$ST得润(SZ002055)$ 这算是今天被虐的死死的我，收到的利好吗？观察了几天，小额开始试盘，昨天决定建仓，今天小单买到跌停。跌停打开的时候出来了一点，把高位买的平了。再跌停的时候，犹豫了一下，余钱还是多买了顺景。之前看近期公告，就觉得主动撤诉应有所图，没想到动作这么快，直接债务和解。回看盘面，主力太黑了，我就一直纳闷，先是3万多手的封单，时不时有百手以上大单，但是就是不开板，开板了，立即又封回。但是呢，又封的犹犹豫豫的。估计骗走了不少筹码。我也是新加入，还在熟悉风格中，被骗走了一点筹码。总体还是加了仓。狡猾。,2,7,0,13962,SZ002055,ST得润,Android,https://xueqiu.com/9351093595/396769663,0,0,2026-07-08 16:24:22
396773124,2988515952,小小客官,2026-06-25 13:05:14,,$ST得润(SZ002055)$如果把质押这些资产都给港荣。剩下的值多钱,0,1,0,6203,SZ002055,ST得润,iPhone,https://xueqiu.com/2988515952/396773124,0,0,2026-07-08 16:24:22
396781563,1529523014,大道五拾,2026-06-25 13:44:45,,$ST得润(SZ002055)$今晚公告柏拉蒂基本再次确认不再并入得润合并报表，等于老邱开始分步走保住柏拉蒂体外独立安全 。如此只剩一个净壳，后面就看四川果子债转股如何拿这个壳了。得润是好东西，但好的是柏拉蒂以及鹤山业务，如今看来后面保壳问题不大，但不是我要的东西。祝其他兄弟发财。,5,4,0,29915,SZ002055,ST得润,Android,https://xueqiu.com/1529523014/396781563,0,0,2026-07-08 16:24:22
396781785,1505804711,修心谨言wy,2026-06-25 13:45:28,,$ST得润(SZ002055)$ 债务解决终于有眉目了，利好，明天涨停。,0,5,0,13704,SZ002055,ST得润,Android,https://xueqiu.com/1505804711/396781785,0,0,2026-07-08 16:24:22
396785436,1505804711,修心谨言wy,2026-06-25 13:58:57,,$ST得润(SZ002055)$ 邱家想保住控制权无可厚非，我之前的贴子也说了，邱家两代人的努力才有今天得润在连接器行业的一席之地，不会轻易放弃得润的实控权的，也侧面证明邱家是看好得润的未来的。国资控股有资金的优势，邱家控股有技术和经验的优势，各有各的好，没有绝对的好坏。,1,3,0,18723,SZ002055,ST得润,Android,https://xueqiu.com/1505804711/396785436,0,1,2026-07-08 16:24:22
396788235,6337303658,黑驹2026,2026-06-25 14:09:34,,$ST得润(SZ002055)$ 做这个至少是中报预增，其它，暂时不是重点！,0,11,0,14142,SZ002055,ST得润,Android,https://xueqiu.com/6337303658/396788235,0,0,2026-07-08 16:24:22
396794325,1529523014,大道五拾,2026-06-25 14:35:59,,$ST得润(SZ002055)$说直白点其实老邱是两步走，保核心资产，保上市公司地位，为自己留后手，今天晚上提供资产抵押担保就是想和港荣和解，但双方终极核心诉求很难统一，拉锯战。后面大致保壳会成功，否则港荣以及老邱都鸡飞蛋打，不过老邱已经布局最坏的后手。我要的是不是简单保壳，所以有我自己的取舍。今天晚上第一次说的这么多，我只看终极目标是不是我要的东西，时间付出与收益匹不匹配。,0,2,0,26097,SZ002055,ST得润,Android,https://xueqiu.com/1529523014/396794325,0,2,2026-07-08 16:24:22
396796256,1235448213,申行者,2026-06-25 14:45:52,,$ST得润(SZ002055)$ 【别再误解老邱，解读一下柏拉蒂引入战投】柏拉蒂只是做汽车（电池包）连接器的，还在发展初期，虽然前景不错，但目前还不算得润的最核心的资产，另外，引入佘老板之前，得润持股柏拉蒂60%，员工持股40%，此时柏拉蒂净资产是负的，现金流几乎枯竭，佘老板投入一个亿，解了燃眉之急，得润回收了几千万现金，引入战投后，佘老板持股45.63%，公司持股45.25%，其实持股差不多，员工（小邱）持股9.13%，款项已收到，股权已变更，确实要出表了，中报不再合并营收、资产负债，【但是要合并利润，按45.25%持股计算投资收益】，大家误解老邱了，得润是老邱一手拉扯大的，很有感情的，不要误解他了。虽然被大家骂得不想发帖，但不要质疑我的专业性。,5,12,0,32082,SZ002055,ST得润,Android,https://xueqiu.com/1235448213/396796256,0,1,2026-07-08 16:24:22
396800136,1529523014,大道五拾,2026-06-25 15:07:53,,ST中迪对比ST得润一个是正反馈，大股东与中小投资者形成合力。一个是拉锯战，都为自己留后手。目前看中迪优于得润。目前ST越来越不好做，好东西也越来越少，稳定性确定性是第一位的，仓位管理也是核心。,2,4,0,35354,SZ002055,ST得润,Android,https://xueqiu.com/1529523014/396800136,0,2,2026-07-08 16:24:22
396800940,6356609164,礼貌的金条小滑翔机,2026-06-25 15:12:52,,$ST得润(SZ002055)$ 看到邱家人这么珍惜自己的股权，我真的无语了。这些债务再拖也不是办法，后面还有其他的债务到期。股民期待的债务重组遥遥无期，放了吧，邱家人就是不撞南墙不回头，等着债权一个个起诉吧虽然我没有仓位，作为曾经的股东也觉得挺气的,1,3,0,17230,SZ002055,ST得润,Android,https://xueqiu.com/6356609164/396800940,0,0,2026-07-08 16:24:22
396825754,3451316032,坐井忘天,2026-06-25 23:38:01,,$ST得润(SZ002055)$1、债务重整≠破产重整，很多人连破产重组是什么，债转股是什么都分不清就在那煞有介事的分析利空还是利多，真要把人笑死。2、抵押代表双方能够坐在桌子上谈，至少比之前港荣不提前知会公司就冻结资产，显得关系缓和了点。3、抵押不代表债务解决，只不过短期缓解压力，未来经营得好就还债，经营不好或者财务费用拖累太重那还是会考虑债转股，这不是很容易想通的么？短期缓解≠债转股黄了4、债转股稀释多少股权还不知道，也未必是多好的事，同样，如果经营真的很好，能够还清债务，不用股权稀释，那也不算坏事。5、针对一个公告争论短期是空是多没个完的都很可笑，还在被自己的恐惧和贪婪掌控。短期空还是多有个毛争论头，一会开出来是涨是跌不就知道了……难不成指望靠自己散户一张嘴扭转走势？有这种想法那是连认清自己的斤两都还没做到的人……,7,8,0,27009,SZ002055,ST得润,Android,https://xueqiu.com/3451316032/396825754,0,0,2026-07-08 16:24:22
396834175,1475790449,ST究竟大慧sina,2026-06-26 00:47:18,,$ST得润(SZ002055)$明显的利好非得说成利空，将核心资产冻结变成非核心固定资产的抵押，明显是好事，也说明两方可坐下来有的谈。至于柏拉蒂是什么核心资产有可能转出体外循环，更是可笑别有用心的阴谋论。柏的出表，是因为得润本身资金有限，不足以支持它的进一步发展，而且它这几年属建设发展期，净利润是负的，怎么成了核心了。所以引源出表是双赢，是困难期的无奈之举。不持有就恶意唱空，在如此脆弱的行情和情绪下是有影响的。这种人品质极坏，也注定会被反噬。财不入恶行。至于邱的这点股权，有或无都是好事。有呢邱作为连接器的专业人士还会认真发展公司，无呢引入强力金主实业公司就可快速脱困。至于什么债转股、破整，并不是什么好的路径，也不具备条件，因为净资产未负。而且大规模扩股会造成市值虚胖，何况搞这些运作时间漫长至少一二年。,28,31,0,53180,SZ002055,ST得润,HarmonyOS,https://xueqiu.com/1475790449/396834175,0,2,2026-07-08 16:24:22
396876803,4324020459,咚咚姜,2026-06-26 02:20:34,,$ST得润(SZ002055)$ 好强啊哥哥，有点忍不住想买了,6,4,0,14710,SZ002055,ST得润,Android,https://xueqiu.com/4324020459/396876803,0,0,2026-07-08 16:24:20
396922728,1529523014,大道五拾,2026-06-26 03:57:42,,$ST得润(SZ002055)$早上冲高时，损失一点手续费也走。至于后面要看老邱的格局可能打开，不能只站在自己角度，而应该考虑到中小股东利益再说吧,3,3,0,14362,SZ002055,ST得润,Android,https://xueqiu.com/1529523014/396922728,0,0,2026-07-08 16:24:20
396962907,7559564936,哪有赌狗总是输,2026-06-26 06:23:43,,$ST得润(SZ002055)$ 加码加码，债务重组越来越近,0,3,0,7323,SZ002055,ST得润,iPhone,https://xueqiu.com/7559564936/396962907,0,0,2026-07-08 16:24:20
396974200,6646223493,A海宁皮草全国诚,2026-06-26 06:55:22,,$ST得润(SZ002055)$ 白瞎了今年大科技波澜壮阔的一年,0,2,0,7938,SZ002055,ST得润,iPhone,https://xueqiu.com/6646223493/396974200,0,0,2026-07-08 16:24:20
397016552,1505804711,修心谨言wy,2026-06-26 09:28:55,,$ST得润(SZ002055)$ 国资入主预期和债转股预期暂时落空，今天走的可能是这一批人。之前我也讨论过，国资入主纯属是臆想。今天他们走了也未必是坏事，高速连接器景气+摘帽的逻辑还在，慢慢熬吧。没耐性的，建议换其他股。,1,2,0,13064,SZ002055,ST得润,Android,https://xueqiu.com/1505804711/397016552,0,0,2026-07-08 16:24:20
397030504,9970243005,大卫家的小橘子,2026-06-26 10:37:24,,$ST得润(SZ002055)$ 债转股需要增发，得润被立案处罚三年内不得增发，我就不明白有些天天喊债转股的人知不知道这个规矩,5,3,0,6048,SZ002055,ST得润,iPhone,https://xueqiu.com/9970243005/397030504,0,0,2026-07-08 16:24:20
397034554,3713968662,喵喵熊宝,2026-06-26 11:01:45,,$ST得润(SZ002055)$ AI PC连接器,10,7,0,8284,SZ002055,ST得润,Android,https://xueqiu.com/3713968662/397034554,0,0,2026-07-08 16:24:20
397055746,4850557927,山古之人,2026-06-26 13:28:50,,$ST得润(SZ002055)$ 为何有人会在期待债务重组这种事，真的可笑可笑。但凡有这风吹草动的事，估计也不至于走成这样。,0,0,0,7353,SZ002055,ST得润,雪球,https://xueqiu.com/4850557927/397055746,0,0,2026-07-08 16:24:20
397074221,6549060841,韭菜想炒股致富,2026-06-26 15:18:35,,$ST得润(SZ002055)$ 各位得润的战友，下周三上海电子展，我将去得润展位W521了解一下得润产品及业务情况。,0,23,0,8657,SZ002055,ST得润,iPhone,https://xueqiu.com/6549060841/397074221,0,0,2026-07-08 16:24:20
397117230,6549060841,韭菜想炒股致富,2026-06-27 03:45:16,,$ST得润(SZ002055)$ 如果5.75跌破，估计要去5.22附近,0,2,0,7344,SZ002055,ST得润,iPhone,https://xueqiu.com/6549060841/397117230,0,0,2026-07-08 16:24:20
397117928,1235448213,申行者,2026-06-27 03:53:02,,$ST得润(SZ002055)$ 【高清】英特尔展示的供应链生态链墙（20260626），左上第五家，鹤山市得润电子科技有限公司，这是来自英特尔的官宣，是董秘无法否认的了！,7,7,0,14832,SZ002055,ST得润,Android,https://xueqiu.com/1235448213/397117928,0,0,2026-07-08 16:24:20
397120238,1475790449,ST究竟大慧sina,2026-06-27 04:20:47,,球友提供的，我查了下，确实是英特尔在中国连接器唯一供应公司。$ST得润(SZ002055)$,11,38,2,34208,SZ002055,ST得润,HarmonyOS,https://xueqiu.com/1475790449/397120238,0,2,2026-07-08 16:24:20
397120565,3850339348,黑马挖掘机2024,2026-06-27 04:25:30,,回复@谭某散人: 英特尔的消费级的 cpu socket，$ST得润(SZ002055)$ 一直是承认的，官网也有产品展示，只是还处于 LGA1851。服务器级别的 socket 需要四千针以上，听说已经送样英特尔了，这一点公司一直不肯公告是有还是没有。//@谭某散人:回复@黑马挖掘机2024:公司老不承认，这英特尔直接公布了，逗。 查看图片,0,11,0,22428,SZ002055,ST得润,iPhone,https://xueqiu.com/3850339348/397120565,0,0,2026-07-08 16:24:20
397120896,7495151652,浮云弱梦,2026-06-27 04:29:57,,回复@申行者: $ST得润(SZ002055)$ 【高清】英特尔展示的供应链生态链墙（20260626），左上第五家，鹤山市得润电子科技有限公司，这是来自英特尔的官宣，是董秘无法否认的了！//@申行者:回复@申行者:在AI展区，高通也携手荣耀、小米、vivo、OPPO、华硕、联想等一众中国伙伴，集中展示骁龙平台赋能的智能手机、AI PC、AI眼镜等多元终端产品。,0,3,0,9078,SZ002055,ST得润,iPhone,https://xueqiu.com/7495151652/397120896,0,0,2026-07-08 16:24:20
397121524,7495151652,浮云弱梦,2026-06-27 04:38:34,,球友提供的，我查了下，确实是英特尔在中国连接器唯一供应公司。$ST得润(SZ002055)$,0,4,0,10837,SZ002055,ST得润,iPhone,https://xueqiu.com/7495151652/397121524,0,0,2026-07-08 16:24:20
397138627,7495151652,浮云弱梦,2026-06-27 08:45:45,,回复@浮云弱梦: $ST得润(SZ002055)$ 确实是$英特尔(INTC)$ 国内唯一连接器供应商，实锤了。//@浮云弱梦:回复@ST究竟大慧sina:转发//@奶龙b:$ST得润(SZ002055)$ 确实是$英特尔(INTC)$ 国内唯一连接器供应商，实锤了。,0,1,0,10294,SZ002055,ST得润,iPhone,https://xueqiu.com/7495151652/397138627,0,0,2026-07-08 16:24:20
397163338,1529523014,大道五拾,2026-06-27 14:33:45,,ST得润野火烧不尽，春风吹又生,1,4,0,16012,SZ002055,ST得润,Android,https://xueqiu.com/1529523014/397163338,0,0,2026-07-08 16:24:20
397192904,7436337398,ywdz,2026-06-28 04:15:36,,$ST得润(SZ002055)$ ，得润股价要上行的核心①剥离亏损子公司盈利转正，稳住家电连接器不在亏损②精密连接器销售大幅增加利润做到5亿以上③做出爆品的IA连接器④市场发现小得子极度㡳估空转多走出趋势那就是下一个ST华通,2,1,0,16403,SZ002055,ST得润,Android,https://xueqiu.com/7436337398/397192904,0,0,2026-07-08 16:24:20
397200094,3713968662,喵喵熊宝,2026-06-28 06:13:57,,$ST得润(SZ002055)$ 对呀，你丫的得主动呀，这样才能相向而行，冻结拍卖对谁都不好,3,7,0,10882,SZ002055,ST得润,Android,https://xueqiu.com/3713968662/397200094,0,0,2026-07-08 16:24:20
397208491,9906729923,心中之神q,2026-06-28 08:19:57,,控股权不会变更。$ST得润(SZ002055)$,13,5,0,14703,SZ002055,ST得润,Android,https://xueqiu.com/9906729923/397208491,0,0,2026-07-08 16:24:18
397322203,3850339348,黑马挖掘机2024,2026-06-29 03:29:42,,游资要想拉$ST得润(SZ002055)$ ，其实概念很多$美的集团(SZ000333)$查看图片,1,7,0,21398,SZ002055,ST得润,iPhone,https://xueqiu.com/3850339348/397322203,0,0,2026-07-08 16:24:18
397353590,1726027130,下班了kdl,2026-06-29 05:54:04,,$ST得润(SZ002055)$ 真没量能了看来,0,2,0,10537,SZ002055,ST得润,Android,https://xueqiu.com/1726027130/397353590,0,0,2026-07-08 16:24:18
397373173,1726027130,下班了kdl,2026-06-29 07:00:47,,$ST得润(SZ002055)$ 不到8000万，缩量可以，历史最低了吗,0,3,0,11163,SZ002055,ST得润,Android,https://xueqiu.com/1726027130/397373173,0,0,2026-07-08 16:24:18
397399215,1758597514,用户1758597514,2026-06-29 08:51:32,,$ST得润(SZ002055)$ 被邱老濑一家控制的死死的连续跌了10年的垃圾也就这样啦，看看那壁莲的回复就知道就是赖着了,1,1,0,11119,SZ002055,ST得润,iPhone,https://xueqiu.com/1758597514/397399215,0,0,2026-07-08 16:24:18
397432051,6927323874,股海迷失,2026-06-29 12:18:40,,$ST得润(SZ002055)$ 去年法拍的解禁了吗？,1,1,0,12679,SZ002055,ST得润,Android,https://xueqiu.com/6927323874/397432051,0,0,2026-07-08 16:24:18
397436201,6549060841,韭菜想炒股致富,2026-06-29 12:46:01,,$ST得润(SZ002055)$ 【慕尼黑展览】您已完成2026年慕尼黑上海电子展观众登记！请于2026年7月1-3日至上海新国际博览中心W1-W5、N1-N5馆参观。观展当天请携带相关证件原件至现场，换取胸卡入场参观，期待您的莅临！,2,7,0,19893,SZ002055,ST得润,iPhone,https://xueqiu.com/6549060841/397436201,0,0,2026-07-08 16:24:18
397438228,1172248039,尼古拉斯加仓冲,2026-06-29 13:00:11,,$ST得润(SZ002055)$ 时间会证明得润电子的,0,4,0,13248,SZ002055,ST得润,Android,https://xueqiu.com/1172248039/397438228,0,0,2026-07-08 16:24:18
397529415,1726027130,下班了kdl,2026-06-30 02:31:53,,$ST得润(SZ002055)$ 有病吧，为什么不等7月六号后启动，估计又要套一批,0,0,0,11148,SZ002055,ST得润,Android,https://xueqiu.com/1726027130/397529415,0,0,2026-07-08 16:24:18
397530510,3713968662,喵喵熊宝,2026-06-30 02:34:32,,$喵喵熊的生活费(ZH3544277)$ 也没给我机会多换点得润电子呀$ST得润(SZ002055)$,0,1,0,11479,SZ002055,ST得润,Android,https://xueqiu.com/3713968662/397530510,0,0,2026-07-08 16:24:18
397532344,9405846525,快乐的小果子,2026-06-30 02:38:51,,$ST得润(SZ002055)$ 昨天说加没加，后悔了,0,0,0,13923,SZ002055,ST得润,iPhone,https://xueqiu.com/9405846525/397532344,0,0,2026-07-08 16:24:18
397533276,1726027130,下班了kdl,2026-06-30 02:41:00,,$ST得润(SZ002055)$ 又有散户冲进来反复收割,0,1,0,13237,SZ002055,ST得润,Android,https://xueqiu.com/1726027130/397533276,0,0,2026-07-08 16:24:18
397557934,1235448213,申行者,2026-06-30 03:52:44,,$ST得润(SZ002055)$ 如图，英特尔已经官宣得润“AI高速连接器”的身份，看看华丰科技（855亿）、胜蓝股份（236亿）、维峰电子（111亿），38亿的得润哪里卖的下手？也不知道砸盘的空头怎么想的？,13,6,0,31396,SZ002055,ST得润,Android,https://xueqiu.com/1235448213/397557934,0,1,2026-07-08 16:24:18
397559717,7495151652,浮云弱梦,2026-06-30 04:00:52,,$ST得润(SZ002055)$ 如图，英特尔已经官宣得润“AI高速连接器”的身份，看看华丰科技（855亿）、胜蓝股份（236亿）、维峰电子（111亿），38亿的得润哪里卖的下手？也不知道砸盘的空头怎么想的？查看图片,1,2,0,13646,SZ002055,ST得润,iPhone,https://xueqiu.com/7495151652/397559717,0,0,2026-07-08 16:24:18
397565127,4326473246,优秀散户Q小姐,2026-06-30 04:32:17,,$ST得润(SZ002055)$昨天加仓了，下一个10倍妖股是你吗,1,2,0,15221,SZ002055,ST得润,HarmonyOS,https://xueqiu.com/4326473246/397565127,0,0,2026-07-08 16:24:17
397575546,4850557927,山古之人,2026-06-30 05:24:11,,$ST得润(SZ002055)$ 纯散户和庄家在玩，,1,1,0,15272,SZ002055,ST得润,雪球,https://xueqiu.com/4850557927/397575546,0,1,2026-07-08 16:24:17
397622739,5625523175,瓣酱爆料,2026-06-30 07:59:48,,$ST得润(SZ002055)$ 得润这一个月来的真实写照……眼看他起高楼，眼看它楼塌了！眼看它宴宾客，眼看它猢狲散一个月前人潮汹涌，分析频繁，有捅破天的信心，半月前人走茶凉个个5块，这两天……人都没了，也没人分析了！安静多了，但是还是有一点凄凉回想当初，那一批不到70不卖的战友哪去了？他们是否过的还好,11,6,0,28193,SZ002055,ST得润,iPhone,https://xueqiu.com/5625523175/397622739,0,0,2026-07-08 16:24:17
397694087,1359353277,反向指标多啦跟,2026-06-30 14:06:49,,$ST得润(SZ002055)$见好就收。前期一波大的放量，行情已经走完。,0,2,0,12520,SZ002055,ST得润,iPhone,https://xueqiu.com/1359353277/397694087,0,0,2026-07-08 16:24:17
397695936,3713968662,喵喵熊宝,2026-06-30 14:16:42,,$ST得润(SZ002055)$ 这玩意有啥用,1,1,0,13791,SZ002055,ST得润,Android,https://xueqiu.com/3713968662/397695936,0,0,2026-07-08 16:24:17
397728676,6646223493,A海宁皮草全国诚,2026-06-30 23:32:03,,$ST得润(SZ002055)$ 如果说我只是说如果 下半年科技轰然崩塌 这个股会跟的下跌吗？,2,0,0,14690,SZ002055,ST得润,iPhone,https://xueqiu.com/6646223493/397728676,0,0,2026-07-08 16:24:17
397757331,1758597514,用户1758597514,2026-07-01 01:53:14,,$ST得润(SZ002055)$ 赶紧下来吧废物玩意也就5.8-6.5震撼一下好了跌停吧好让爷爷买点回来,1,1,0,13455,SZ002055,ST得润,iPhone,https://xueqiu.com/1758597514/397757331,0,0,2026-07-08 16:24:17
397760043,9928805376,亿星Eason,2026-07-01 01:58:50,,$ST得润(SZ002055)$今天这些大单的任务似乎是砸绿它，有意思。,7,3,0,15672,SZ002055,ST得润,HarmonyOS,https://xueqiu.com/9928805376/397760043,0,0,2026-07-08 16:24:17
397813342,3094057051,嘴角吹上扬,2026-07-01 04:31:52,,$ST得润(SZ002055)$ 今天买入准备拿长线！,1,1,0,12670,SZ002055,ST得润,iPhone,https://xueqiu.com/3094057051/397813342,0,0,2026-07-08 16:24:17
397817604,4984146742,MR土拨鼠,2026-07-01 04:59:11,,$ST得润(SZ002055)$ 厅长同志吹哨了,6,4,0,13711,SZ002055,ST得润,Android,https://xueqiu.com/4984146742/397817604,0,1,2026-07-08 16:24:17
397823877,9921249203,神奇的啊蔡,2026-07-01 05:23:46,,$有增量且相对低估(ZH3561213)$ $ST得润(SZ002055)$ 不在这个组合体现，家人小孩的小账户都上了它，感谢芦苇博士的分享,2,6,0,42120,SZ002055,ST得润,Android,https://xueqiu.com/9921249203/397823877,0,0,2026-07-08 16:24:17
397830612,3850339348,黑马挖掘机2024,2026-07-01 05:46:49,,八块以下懒得再推荐了$ST得润(SZ002055)$,0,10,0,22949,SZ002055,ST得润,iPhone,https://xueqiu.com/3850339348/397830612,0,0,2026-07-08 16:24:17
397841266,1235448213,申行者,2026-07-01 06:20:36,,$ST得润(SZ002055)$ 转：公司高端（AI）连接器产品现场展示（20260701）。38亿，识货的人真的要流口水🤤。,21,16,0,19648,SZ002055,ST得润,Android,https://xueqiu.com/1235448213/397841266,0,1,2026-07-08 16:24:17
397888779,0,ST得润(SZ002055),2026-07-01 09:43:10,,ST得润：关于担保事项涉及诉讼的进展公告 网页链接,0,6,0,13303,SZ002055,ST得润,公告,https://xueqiu.com/S/SZ002055/397888779,0,1,2026-07-08 16:24:17
397907279,6620276709,深圳商报,2026-07-01 11:50:02,多次催告后重庆美达仍未还款，ST得润为担保“买单”：公司账户被强制划扣5897万元,"ST得润（002055）7月1日晚间披露关于担保事项涉及诉讼的进展公告。 公告显示，深圳市得润电子股份有限公司（以下简称“公司”）及子公司合肥得润电子器件有限公司、美特科技（宜宾）有限公司共同为美达电器（重庆）有限公司（以下简称“重庆美达”）在中国农业银行股份有限公司重庆璧山支行（以下简称“农业银行”）的借款提供连带担保责任，由于重庆美达未及时、足额履行还款义务，农业银行向重庆市璧山区人民法院（以下简称“璧山法院”）对借款方和担保方提起诉讼。 根据最新进展，ST得润多次催告重庆美达还款，二审判决之后，公司再次函告重庆美达，要求重庆美达按照生效判决向农业银行清偿款项，但重庆美达未能及时履行还款义务。 经ST得润了解及自查账户，农业银行向璧山法院申请强制执行，璧山法院强制划扣了公司此前被其冻结银行账户中的资金5897.27万元。截至目前，公司尚未收到法院执行文书等文件。 ST得润表示，公司本次资金被划扣的银行账户非公司日常经营用主要账户，账户金额6000.09万元，被划扣金额占公司最近一期经审计净资产的4.46%，占截至2026年3月末货币资金的比例为30.88%。 公司已在2024年度财务报表中对可能承担的连带担保责任计提了预计负债6,675.81万元，预计不会对以后年度的经营业绩产生重大不利影响，公司后续将依据会计准则和实际执行情况进行相应的会计处理，最终会计处理及影响金额以会计师事务所审计确认后的结果为准；同时公司已提前进行了评估，制定了应对措施，公司将积极做好资金的统筹管理，保障公司资金周转和生产经营活动的平稳运行。 ST得润表示，后续公司计划通过依法采取向重庆美达提起保证人追偿权诉讼等，并积极向农业银行等主张对重庆美达相关抵押资产的优先受偿权等措施，维护公司与全体股东的合法权益。 公开资料显示，深圳市得润电子股份有限公司成立于1989年，于2006年在深圳证交所上市，公司主营电子连接器和精密组件的研发、制造和销售，产品广泛应用于家用电器、计算机及外围设备、通讯、智能手机、LED照明、智能汽车、新能源汽车等各个领域。 去年年底，公司及相关当事人收到深圳证监局出具的《行政处罚事先告知书》。根据《行政处罚事先告知书》认定的情况，公司披露的《2020年年度报告》《2021年年度报告》《2022年半年度报告》存在虚假记载。由此，公司股票被实施其他风险警示。 业绩方面，公司归母净利润自2019年起连续7年亏损。最新财务数据显示，今年一季度公司营收同比有所增长，净利润由上年同期的3206万元下滑至2526万元。 来源：读创财经",0,5,0,34484,SZ002055,ST得润,雪球,https://xueqiu.com/6620276709/397907279,0,0,2026-07-08 16:24:17
397909694,6549060841,韭菜想炒股致富,2026-07-01 12:05:58,,$ST得润(SZ002055)$ 今天现场鹤山得润工作人员态度也蛮好，也会耐心介绍产品,0,8,1,16670,SZ002055,ST得润,iPhone,https://xueqiu.com/6549060841/397909694,0,0,2026-07-08 16:24:17
397909913,7495151652,浮云弱梦,2026-07-01 12:07:49,,回复@浮云弱梦: $ST得润(SZ002055)$ 今天现场鹤山得润工作人员态度也蛮好，也会耐心介绍产品 查看图片//@浮云弱梦:回复@韭菜想炒股致富:转发,1,1,0,17097,SZ002055,ST得润,iPhone,https://xueqiu.com/7495151652/397909913,0,0,2026-07-08 16:24:17
397913095,5942251592,简朴的金条小风车屋,2026-07-01 12:31:07,,$ST得润(SZ002055)$ 这公告，深圳国资没有脾气的吗？邱家不要再跟国资置气了，拿些鹤山股份给深圳处理吧？！,11,7,0,22041,SZ002055,ST得润,Android,https://xueqiu.com/5942251592/397913095,0,0,2026-07-08 16:24:17
397935330,9928805376,亿星Eason,2026-07-01 14:36:51,,$ST得润(SZ002055)$这算哪门子利空，计提过了，离正常又往前推动了一把。爱跌跌，跌多了就加仓，性价比满满,1,6,0,19276,SZ002055,ST得润,HarmonyOS,https://xueqiu.com/9928805376/397935330,0,0,2026-07-08 16:24:17
397991617,5530967964,GeneXZY,2026-07-02 01:48:17,,$ST得润(SZ002055)$ 真被无语到了，不跟板块，就独立的跌,0,0,0,17212,SZ002055,ST得润,iPhone,https://xueqiu.com/5530967964/397991617,0,0,2026-07-08 16:24:17
397996308,5519339803,安全边际321,2026-07-02 01:56:00,,$ST得润(SZ002055)$ 在不涨AI行情就结束了,0,0,0,17601,SZ002055,ST得润,Android,https://xueqiu.com/5519339803/397996308,0,0,2026-07-08 16:24:15
398039743,5231457894,平常心常在心,2026-07-02 03:49:40,,$ST得润(SZ002055)$ 科技开始回调，还是小心,2,3,0,18089,SZ002055,ST得润,Android,https://xueqiu.com/5231457894/398039743,0,0,2026-07-08 16:24:15
398250084,6189117794,蓝撒-星爆,2026-07-03 02:23:35,,$ST得润(SZ002055)$需要一个突破，突破就是主升浪，哪天突破？,1,1,0,11696,SZ002055,ST得润,HarmonyOS,https://xueqiu.com/6189117794/398250084,0,1,2026-07-08 16:24:15
398308622,1477922542,华南在线plus,2026-07-03 06:03:04,,$ST得润(SZ002055)$ 前阵子大跌散户接了不少，筹码大概率更散了，往上拉抛压不会小,0,0,0,8815,SZ002055,ST得润,雪球,https://xueqiu.com/1477922542/398308622,0,0,2026-07-08 16:24:15
398309011,3605418616,Leeeeee_,2026-07-03 06:04:25,,$ST得润(SZ002055)$ 戴帽后最低摸到5.8，这波反弹十几个点，量能也没咋出来，持续性还是有点存疑,0,0,0,9491,SZ002055,ST得润,雪球,https://xueqiu.com/3605418616/398309011,0,0,2026-07-08 16:24:15
398310622,4196668051,运动的涨停小鱼塘,2026-07-03 06:09:36,,$ST得润(SZ002055)$ 服务器连接器还在拓展客户，感觉短期贡献不了多少业绩,1,1,0,12395,SZ002055,ST得润,雪球,https://xueqiu.com/4196668051/398310622,0,0,2026-07-08 16:24:15
398319001,3197975110,财经356,2026-07-03 06:36:51,,$ST得润(SZ002055)$ ST 板块一般都是监管从严的，有些人随便捏造业绩预告和重大订单误导散户理性判断很讨厌，说实话这类公司要么不要碰，要抄的也要谨慎,1,1,0,14785,SZ002055,ST得润,雪球,https://xueqiu.com/3197975110/398319001,0,0,2026-07-08 16:24:15
398346327,9906729923,心中之神q,2026-07-03 08:25:42,,$ST得润(SZ002055)$尊敬的各位股东朋友们，周末愉快。我叫贺菊花，是一名资深的YY型吹票选手。下周一开始，就是10cm了。咱们不妨大胆YY一下，周末出业绩预告，然后各位股东的祖坟同时冒青烟，导致预告大超预期，周一直接一字板封涨停，7连板直接翻倍。届时各位身价倍增，翻身农奴把歌唱，每天会所嫩模。哎哟卧槽，想想都鸡动至于业绩不及预期，不在本菊花的考虑范围之内，你们自己找贺莲花,6,0,0,22094,SZ002055,ST得润,雪球,https://xueqiu.com/9906729923/398346327,0,1,2026-07-08 16:24:15
398360827,7495151652,浮云弱梦,2026-07-03 09:48:51,,必须手动点赞挺一把$ST得润(SZ002055)$,0,0,0,18751,SZ002055,ST得润,iPhone,https://xueqiu.com/7495151652/398360827,0,0,2026-07-08 16:24:15
398378933,1235448213,申行者,2026-07-03 12:01:32,,$ST得润(SZ002055)$ 喜迎接10cm新时代，公司官方产品现场展示，看懂得润巨大价值。,13,18,0,25737,SZ002055,ST得润,Android,https://xueqiu.com/1235448213/398378933,0,0,2026-07-08 16:24:15
398393280,1344819740,乐乐爱玩宝可梦,2026-07-03 14:10:35,,$ST得润(SZ002055)$ 终于懂了得润，起源是Marvell，老板是印尼华人，黄仁勋说的下一个万亿公司,1,2,0,19538,SZ002055,ST得润,iPhone,https://xueqiu.com/1344819740/398393280,0,0,2026-07-08 16:24:15
398404922,2637554855,研究123,2026-07-03 17:47:04,,$ST得润(SZ002055)$ 江波龙爆发了，得润作为配套设施，能不能也爆发一下,16,3,0,23966,SZ002055,ST得润,Android,https://xueqiu.com/2637554855/398404922,0,0,2026-07-08 16:24:15
398451781,6549060841,韭菜想炒股致富,2026-07-04 10:15:19,,$ST得润(SZ002055)$ 英特尔cpu涨价,0,2,0,20191,SZ002055,ST得润,iPhone,https://xueqiu.com/6549060841/398451781,0,0,2026-07-08 16:24:15
398477465,3713968662,喵喵熊宝,2026-07-05 00:19:08,,$ST得润(SZ002055)$ 告诉自己，拿不住就打螺丝去,3,2,0,20443,SZ002055,ST得润,Android,https://xueqiu.com/3713968662/398477465,0,0,2026-07-08 16:24:15
398511261,8620132874,亿术家,2026-07-05 09:44:24,,$ST合力泰(SZ002217)$ $ST得润(SZ002055)$ 当小短腿不再腿短,1,1,0,22286,SZ002055,ST得润,iPhone,https://xueqiu.com/8620132874/398511261,0,0,2026-07-08 16:24:15
398534082,5718644523,咏5142,2026-07-05 15:44:30,,$ST得润(SZ002055)$ 重新用固定资产抵押后大家看一下债转股几率有多大？如果债转股的话，预计多少钱一股呢？欢迎大家发表意见！,2,3,0,24269,SZ002055,ST得润,Android,https://xueqiu.com/5718644523/398534082,0,0,2026-07-08 16:24:15
398572441,6189117794,蓝撒-星爆,2026-07-06 02:16:36,,主升浪确认，严重低估的票$ST得润(SZ002055)$,0,6,0,20217,SZ002055,ST得润,HarmonyOS,https://xueqiu.com/6189117794/398572441,0,0,2026-07-08 16:24:15
398615730,4326473246,优秀散户Q小姐,2026-07-06 05:00:27,,$ST得润(SZ002055)$得润的惊喜不在于二季报,3,0,0,18286,SZ002055,ST得润,HarmonyOS,https://xueqiu.com/4326473246/398615730,0,0,2026-07-08 16:24:13
398631332,5519339803,安全边际321,2026-07-06 06:11:25,,$ST得润(SZ002055)$ 炒CPU你不表示表示,0,0,0,17075,SZ002055,ST得润,Android,https://xueqiu.com/5519339803/398631332,0,0,2026-07-08 16:24:13
398644407,4930071438,晒太阳1234,2026-07-06 07:01:21,,$ST得润(SZ002055)$ 牛逼了 今天套了一堆人,1,0,0,16464,SZ002055,ST得润,Android,https://xueqiu.com/4930071438/398644407,0,0,2026-07-08 16:24:13
398654030,1235448213,申行者,2026-07-06 07:39:40,,$ST得润(SZ002055)$ ST新规第一天，ST板块个股走势分化比较大，以后买ST非常考验投资者的公司研究能力，真正的困境反转、价值投资时代已经到来，以后大家买ST一定要擦亮眼睛了。我个人认为，得润的基本面在整个ST板块中，应该能排名前五，超稀缺的、还在历史低位的、硬核AI科技股，理应在新规之后受到各大资金的更多关注，横向连接器对比，40亿VS250亿，后续还有很多的催化剂，短期整固不改中长期价值回归趋势。祝我们好运吧。$ST板块(BK0400)$,14,10,0,23755,SZ002055,ST得润,雪球,https://xueqiu.com/1235448213/398654030,0,0,2026-07-08 16:24:13
398751352,7436337398,ywdz,2026-07-07 01:40:21,,$ST得润(SZ002055)$ 希望小得子能走出趋势，带动ST板块,0,1,0,15013,SZ002055,ST得润,Android,https://xueqiu.com/7436337398/398751352,0,0,2026-07-08 16:24:13
398761078,1880969032,小白杨哗哗的,2026-07-07 02:01:41,,$ST得润(SZ002055)$ 一堆人唱多，量化不割你们割什么，割麦子阿,4,2,0,13835,SZ002055,ST得润,Android,https://xueqiu.com/1880969032/398761078,0,0,2026-07-08 16:24:13
398830027,4930071438,晒太阳1234,2026-07-07 06:18:49,,$ST得润(SZ002055)$ 终于撑不住了吗,1,0,0,11633,SZ002055,ST得润,Android,https://xueqiu.com/4930071438/398830027,0,0,2026-07-08 16:24:13
398831067,1880969032,小白杨哗哗的,2026-07-07 06:22:23,,$ST得润(SZ002055)$ 看好的怎么不买了？锁仓的怎么不继续锁了？别跑阿,1,1,0,13479,SZ002055,ST得润,Android,https://xueqiu.com/1880969032/398831067,0,0,2026-07-08 16:24:13
398846540,4202117770,短中长线卧倒选手,2026-07-07 07:16:59,,$ST得润(SZ002055)$ 原来做华钰时就是如此，当时在胡X哥的带领下大家只能唱多不能唱空，那时还没有量化，都被整得死去活来的，等我们这批人走后，华钰就拉了个7倍。三年时间三轮过山车，最后倒在黎明前。在浮筹更为众多的润子里，在更喜欢拿着无聊信息无端联系的润子里，在某些老师天天心虚嚷嚷着要价值投资却时常被一些预期内的消息吓尿的润子里，这个过程要多久。分享有价值信息无可厚非，其他持有者都安静些吧，闷声发财，内心也更有底气点,13,7,0,15962,SZ002055,ST得润,iPad,https://xueqiu.com/4202117770/398846540,0,0,2026-07-08 16:24:13
398859664,0,ST得润(SZ002055),2026-07-07 08:23:06,,ST得润：关于公司提起诉讼的进展公告 网页链接,11,8,0,16656,SZ002055,ST得润,公告,https://xueqiu.com/S/SZ002055/398859664,0,0,2026-07-08 16:24:13
398888091,1344819740,乐乐爱玩宝可梦,2026-07-07 11:21:53,,$ST得润(SZ002055)$强大的公司拥有，1国际客户2技术认证3 长周期供应关系4产品不可轻易替代。,0,2,0,12872,SZ002055,ST得润,iPhone,https://xueqiu.com/1344819740/398888091,0,0,2026-07-08 16:24:13
398902613,2063132956,火蚁投资,2026-07-07 13:22:09,,反正最差的情况也就这样了，当这些钱都没了，利空落地，该债权已经计提完毕，对净利润没啥影响，看后续跟地方有没有可能协商有更好的方案。$ST得润(SZ002055)$,0,22,0,32577,SZ002055,ST得润,雪球,https://xueqiu.com/2063132956/398902613,0,2,2026-07-08 16:24:13
398902769,2063132956,火蚁投资,2026-07-07 13:23:30,,不知道为何我的专栏发的$ST得润(SZ002055)$ 得润的帖子，都不在得润的界面显示？限流？网页链接{得润电子深度研究报告（二） 核心逻辑：得润电子是 英特尔 全球四家高速连接器认证厂家之一同时也是中国唯一的取得认证的厂家，但由于公司前几年有造假导致... - 雪球}网页链接{高速连接器及得润电子分析（首次） 核心逻辑：端午节 英特尔 CEO的视频刷屏了，对于CPU的未来需求以及英特尔未来继续增长10倍的指引，值得去挖掘英特尔产... - 雪球},10,29,0,35942,SZ002055,ST得润,雪球,https://xueqiu.com/2063132956/398902769,0,5,2026-07-08 16:24:13
398924987,4642157440,每日经济新闻,2026-07-07 15:50:12,ST得润涉2.63亿元借款案一审被驳回全部诉求 后续拟通过商业谈判等方式追索,ST得润（002055.SZ，即得润电子，股价6.49元，市值39.23亿元）7月7日盘后公告称，公司针对美达电器（重庆）有限公司（以下简称重庆美达）、美特科技（宜宾）有限公司（以下简称宜宾美特）提起的诉讼案件迎来最新进展。 其中一起诉求判令上述两公司偿还借款本金2.63亿元的案件，已收到深圳市中级人民法院《民事判决书》，法院驳回公司全部诉讼请求。针对这一判决结果，ST得润决定不再提起二审诉讼。 决定放弃上诉转向商业谈判 根据公告，ST得润此次诉讼源于对Meta System S.p.A.（以下简称Meta）下属子公司的借款追讨。 其中案件一为上市公司诉重庆美达，涉案本金4.63亿元，另涉及利息及违约金合计约8501.51万元。案件二为上市公司诉宜宾美特和重庆美达，涉案本金2.63亿元，利息及违约金合计约1546.81万元。 6月初，ST得润披露其已获悉案件一的一审判决结果：法院驳回上市公司的全部诉讼请求。 案件一的一审判决出具之后，ST得润对是否提起二审诉讼进行了论证分析，并结合律师专业意见，综合考虑二审改判或发回重审概率、即便胜诉后执行难度、公司上诉将产生的额外诉讼成本等因素，决定不再提起二审诉讼。 因案件二与案件一为同类案件，ST得润基于同样原因决定不再提起二审诉讼。一审判决将在法定期限到期之后生效。 不过，ST得润在公告中强调，上市公司并未放弃合法权益的维护。后续公司将通过商业谈判，包括但不限于寻求债务抵销、资产抵偿等，适时提起新的诉讼等救济手段，尽力维护公司利益。财务层面，公司已对相关借款及利息计提坏账准备，并在2024年度财务报表中考虑了潜在损失的影响，预计不会对以后年度经营业绩产生重大不利影响。 事起于昔日海外资产陷债务危机 此次诉讼的背后，是ST得润昔日控股子公司Meta的债务危机。 Meta主要产品包括车载电子技术产品和汽车零部件等，设立于1973年。2024年12月27日，ST得润公告称Meta已出现净资产为负、无法清偿到期债务的困境。 此前的2024年7月，ST得润曾计划引入嘉能美达（台州）控股有限公司对Meta进行增资，增资中的部分款项将用于归还上市公司对重庆美达、宜宾美特提供的借款。然而，该增资事项于2025年1月宣告终止，款项未能按期到位，导致Meta自主协商和解失败，被迫进入意大利法律中的“债权人和解程序”（即CP程序）。 随着Meta进入CP程序，ST得润失去对其控制权，Meta及其下属子公司不再纳入公司2024年度合并报表范围。 ST得润当时表示，Meta连续多年亏损，是造成上市公司经营承压的主要原因之一。从长期来看，CP程序的有序推进可能将有利于公司剥离不良资产。 但是，ST得润对Meta子公司提供的借款，也因此被动形成对外财务资助。截至2024年10月31日，ST得润及子公司应收Meta及其子公司经营性往来余额1.21亿元。上市公司为重庆美达、宜宾美特提供借款余额约7.90亿元，对Meta长期股权投资账面价值为2.79亿元。 每日经济新闻,0,4,0,34102,SZ002055,ST得润,雪球,https://xueqiu.com/4642157440/398924987,0,0,2026-07-08 16:24:13
399004933,4850557927,山古之人,2026-07-08 03:30:57,,$ST得润(SZ002055)$ 今天反弹，明后天还得继续跌,7,1,0,6017,SZ002055,ST得润,雪球,https://xueqiu.com/4850557927/399004933,0,0,2026-07-08 16:24:13
399021344,1892732081,常青观点,2026-07-08 05:04:01,,$ST得润(SZ002055)$ 这股最大的看点是通过定增引入新的实控人，但眼下旧主不舍得放权，又没资金运作，尴尬在这了,2,0,0,5021,SZ002055,ST得润,Android,https://xueqiu.com/1892732081/399021344,0,0,2026-07-08 16:24:13
399078689,4984146742,MR土拨鼠,2026-07-08 08:39:43,,$ST得润(SZ002055)$ 请教各位大佬，得润核心资产是汽车电子的鹤山得润，而大陆的唯一认证是不再控股和并表的柏拉蒂，这个“唯一认证”是否还能当做噱头,10,1,0,2873,SZ002055,ST得润,Android,https://xueqiu.com/4984146742/399078689,0,0,2026-07-08 16:24:13
399090364,1770463986,拿波,2026-07-08 09:41:08,,$ST得润(SZ002055)$ 万事俱备，东风将临。,2,3,0,2315,SZ002055,ST得润,Android,https://xueqiu.com/1770463986/399090364,0,0,2026-07-08 16:24:13
399106084,6549060841,韭菜想炒股致富,2026-07-08 11:30:36,,$ST得润(SZ002055)$ 得润跟浪潮信息也在配套验证中。,0,0,0,1578,SZ002055,ST得润,iPhone,https://xueqiu.com/6549060841/399106084,0,0,2026-07-08 16:24:13
399131888,7495151652,浮云弱梦,2026-07-08 14:47:49,,$ST得润(SZ002055)$ 万事俱备，东风将临。,0,0,0,515,SZ002055,ST得润,iPhone,https://xueqiu.com/7495151652/399131888,0,0,2026-07-08 16:24:13
