platform,stock_code,post_id,title,content,author,author_id,publish_time,read_count,comment_count,forward_count,bullish_bearish,has_pic,has_video,url,crawl_time
eastmoney_guba,002055,1672006701,顺益亚太有限公司（EasyAsiaPacificLimited）是一家成立于20,,猛虎吃牛,8176094025781428,2026-02-27 09:37:21,1020,7,0,0,True,False,"https://guba.eastmoney.com/news,002055,1672006701.html",2026-07-06 17:10:03
eastmoney_guba,002055,1687414981,初来乍到，先打个底仓，长期关注此股到摘帽。,,账户巳注销,8051064938095648,2026-03-31 18:26:02,543,3,2,0,True,False,"https://guba.eastmoney.com/news,002055,1687414981.html",2026-07-06 17:10:09
eastmoney_guba,002055,1690685394,汽车零部件，等。,,解牛2,3818305734316182,2026-04-08 16:27:17,144,4,0,0,False,False,"https://guba.eastmoney.com/news,002055,1690685394.html",2026-07-06 17:10:11
eastmoney_guba,002055,1690925878,5.77元左右，买入。,,解牛2,3818305734316182,2026-04-09 09:55:31,201,5,0,0,False,False,"https://guba.eastmoney.com/news,002055,1690925878.html",2026-07-06 17:10:23
eastmoney_guba,002055,1692060847,十倍大牛股呼之欲出,,风云88,7468114056017312,2026-04-11 21:33:01,1879,31,0,0,False,False,"https://guba.eastmoney.com/news,002055,1692060847.html",2026-07-06 17:09:36
eastmoney_guba,002055,1697232516,5.95元左右，买入。,,解牛2,3818305734316182,2026-04-22 11:12:29,257,3,0,0,False,False,"https://guba.eastmoney.com/news,002055,1697232516.html",2026-07-06 17:10:12
eastmoney_guba,002055,1699261863,快唱空，越空越好。,,罖罖亽亽,7447396119646942,2026-04-25 11:06:48,70,3,0,0,False,False,"https://guba.eastmoney.com/news,002055,1699261863.html",2026-07-06 17:10:28
eastmoney_guba,002055,1700961684,ST得润:关于召开2025年度股东会的通知,,ST得润资讯,9481113638045702,2026-04-28 22:12:40,321,3,2,0,False,False,"https://guba.eastmoney.com/news,002055,1700961684.html",2026-07-06 17:10:17
eastmoney_guba,002055,1705080523,今年三月份英伟达正式发布了Rubin架构，标志着芯片行业跨过一个重大的产业拐点。,,冰河世纪的鱼,4424097010836990,2026-05-10 07:50:07,1025,15,3,0,False,False,"https://guba.eastmoney.com/news,002055,1705080523.html",2026-07-06 17:10:25
eastmoney_guba,002055,1705861328,董秘您好，目前国际铜价较高，公司有什么方法来对冲铜价上涨带来的成本压力？谢谢,,ST得润股友,6448044951716208,2026-05-11 20:45:33,535,3,0,0,False,False,"https://guba.eastmoney.com/news,002055,1705861328.html",2026-07-06 17:09:12
eastmoney_guba,002055,1705844224,董秘您好。根据公司发布的2025年年报。公司存在11亿逾期未偿付债务，而且流动负,,ST得润股友,6448044951716208,2026-05-11 20:45:33,1320,4,3,0,False,False,"https://guba.eastmoney.com/news,002055,1705844224.html",2026-07-06 17:10:28
eastmoney_guba,002055,1705961190,5月21日股东大会投反对票来报到,,股友KJPfvI,4301064884548416,2026-05-12 09:28:51,181,8,1,0,False,False,"https://guba.eastmoney.com/news,002055,1705961190.html",2026-07-06 17:10:26
eastmoney_guba,002055,1706122016,狗子压盘无用的，不会卖一股的002055,,后贝加尔斯克,7154013321195756,2026-05-12 10:22:26,112,7,0,0,False,False,"https://guba.eastmoney.com/news,002055,1706122016.html",2026-07-06 17:10:28
eastmoney_guba,002055,1706211702,看好的别盯盘了，半年以后再来。天天盯着只会影响心情,,可怜的杨茜3,6524315871021212,2026-05-12 11:07:29,81,3,0,0,False,False,"https://guba.eastmoney.com/news,002055,1706211702.html",2026-07-06 17:10:28
eastmoney_guba,002055,1706452215,全仓买入，得润二十位数，只买不卖，猛虎吃牛，卖出的空钩赔钱坯子,,喜欢低抛高吸,2464137541509222,2026-05-12 14:44:39,125,7,0,0,False,False,"https://guba.eastmoney.com/news,002055,1706452215.html",2026-07-06 17:10:28
eastmoney_guba,002055,1706483308,早点退市吧！丢人现眼造假的退市企业002055,,后贝加尔斯克,7154013321195756,2026-05-12 15:06:26,83,4,0,0,False,False,"https://guba.eastmoney.com/news,002055,1706483308.html",2026-07-06 17:10:28
eastmoney_guba,002055,1706512634,得润电子，如果能够解决债务压力。其实他目前的核心业务发展方向还是正确和有效的。单,,垂钓梵河,1790094480175166,2026-05-12 15:59:57,683,4,0,0,True,False,"https://guba.eastmoney.com/news,002055,1706512634.html",2026-07-06 17:10:28
eastmoney_guba,002055,1706521789,对于30来亿市值的公司，5万股东太多了，需要搞到2万以下，才有可能启动,,zfaquir,9342395744129562,2026-05-12 16:27:04,76,2,0,0,False,False,"https://guba.eastmoney.com/news,002055,1706521789.html",2026-07-06 17:10:28
eastmoney_guba,002055,1706530883,建议小邱离开得润！！！,,猛虎吃牛,8176094025781428,2026-05-12 16:54:43,371,2,0,0,True,False,"https://guba.eastmoney.com/news,002055,1706530883.html",2026-07-06 17:10:28
eastmoney_guba,002055,1706543672,有货有货主力白送,,笋岗财经评论,4722486750974742,2026-05-12 17:34:25,595,8,1,0,True,False,"https://guba.eastmoney.com/news,002055,1706543672.html",2026-07-06 17:10:28
eastmoney_guba,002055,1706545301,1.鹤山二期都投产了。2.2025年公司精密连接器及组件产品营收为12.42亿元,,微澜ST路,7762177288879810,2026-05-12 17:39:33,288,3,0,0,False,False,"https://guba.eastmoney.com/news,002055,1706545301.html",2026-07-06 17:10:28
eastmoney_guba,002055,1706547590,资金不认可是有原因的，你们在看好又有什么用，大盘回调等着血崩,,每一步小心点,6604355536709004,2026-05-12 17:47:35,63,2,0,0,False,False,"https://guba.eastmoney.com/news,002055,1706547590.html",2026-07-06 17:10:28
eastmoney_guba,002055,1706556644,终于要搞事了！,,好风长吟,4179386109771602,2026-05-12 18:20:19,118,2,0,0,False,False,"https://guba.eastmoney.com/news,002055,1706556644.html",2026-07-06 17:10:28
eastmoney_guba,002055,1706577730,得润貌似都是传统落后的技术，擦，光纤通信要代替铜缆连接通信，第四代半导代替第三代,,在A股赚彩礼,2227067549591522,2026-05-12 19:45:37,176,5,0,0,False,False,"https://guba.eastmoney.com/news,002055,1706577730.html",2026-07-06 17:10:28
eastmoney_guba,002055,1706580424,这种说明会不开也罢，说些毫无营养的话,,我在三界开茶馆,8698094198375360,2026-05-12 19:56:45,59,1,0,0,False,False,"https://guba.eastmoney.com/news,002055,1706580424.html",2026-07-06 17:10:28
eastmoney_guba,002055,1706581535,尊敬的投资者，您好！公司子公司得润光学主营LED支架、LED透镜、车灯透镜等产品,,在A股赚彩礼,2227067549591522,2026-05-12 20:01:22,71,1,0,0,False,False,"https://guba.eastmoney.com/news,002055,1706581535.html",2026-07-06 17:10:28
eastmoney_guba,002055,1706582808,我的被得润光学名字和大模型坑了，大模型纯属瞎回答,,在A股赚彩礼,2227067549591522,2026-05-12 20:05:54,45,0,0,0,False,False,"https://guba.eastmoney.com/news,002055,1706582808.html",2026-07-06 17:10:28
eastmoney_guba,002055,1706583671,得润貌似都是传统落后的技术，垃圾，光纤通信要代替铜缆连接通信，第四代半导代替第三,,每一步小心点,6604355536709004,2026-05-12 20:09:10,179,3,0,0,False,False,"https://guba.eastmoney.com/news,002055,1706583671.html",2026-07-06 17:10:28
eastmoney_guba,002055,1706584052,得润貌似都是传统落后的技术，垃圾，光纤通信要代替铜缆连接通信，第四代半导代替第三,,每一步小心点,6604355536709004,2026-05-12 20:10:37,89,0,0,0,False,False,"https://guba.eastmoney.com/news,002055,1706584052.html",2026-07-06 17:10:28
eastmoney_guba,002055,1706584079,明天看谁跑得快，卧槽，路演演砸了,,在A股赚彩礼,2227067549591522,2026-05-12 20:10:43,58,1,0,0,False,False,"https://guba.eastmoney.com/news,002055,1706584079.html",2026-07-06 17:10:28
eastmoney_guba,002055,1706584958,这一波光通信产业上中下游涨这么多，得润的链接器要被光连接器取代了，PCB也是假的,,每一步小心点,6604355536709004,2026-05-12 20:14:23,124,0,0,0,False,False,"https://guba.eastmoney.com/news,002055,1706584958.html",2026-07-06 17:10:28
eastmoney_guba,002055,1706591452,很简单，如果这是个有用的票主力资金不会这么跑，2个月跑了3个亿，平均每个交易日流,,我在情绪之外,9194047483250996,2026-05-12 20:41:04,88,2,0,0,False,False,"https://guba.eastmoney.com/news,002055,1706591452.html",2026-07-06 17:10:28
eastmoney_guba,002055,1706595165,大盘涨的时候，它不会涨反而跌。大盘回调的时候，这货一定跌的很欢快。,,深南大道小鳄鱼,5878094723013218,2026-05-12 20:55:26,43,0,0,0,False,False,"https://guba.eastmoney.com/news,002055,1706595165.html",2026-07-06 17:10:28
eastmoney_guba,002055,1706597187,这票就只能在这5至6元之间来回奔波,,股友AsOoD4,1584045453977490,2026-05-12 21:03:27,43,0,0,0,False,False,"https://guba.eastmoney.com/news,002055,1706597187.html",2026-07-06 17:10:28
eastmoney_guba,002055,1706602433,不知得润有没有主力，如果有的话此主力我认为是头朱！,,山外有三,2553335533082166,2026-05-12 21:24:17,45,0,0,0,False,False,"https://guba.eastmoney.com/news,002055,1706602433.html",2026-07-06 17:10:28
eastmoney_guba,002055,1706604805,多来一些人唱空，洗掉一些人吧，不看好的多发一点，你们快抛，让股价跌到5.2，我是,,小米su8,9768047608728522,2026-05-12 21:33:59,88,4,0,0,False,False,"https://guba.eastmoney.com/news,002055,1706604805.html",2026-07-06 17:10:28
eastmoney_guba,002055,1706616882,是不是有雷还没爆,,专注上涨趋势,1748095089831338,2026-05-12 22:16:50,125,4,0,0,False,False,"https://guba.eastmoney.com/news,002055,1706616882.html",2026-07-06 17:10:28
eastmoney_guba,002055,1706618218,感觉大利好没有，所以涨不起来，跌不下去，比如更换实控人和国资接盘。但是基本面其实,,忍住冲动,6291007333926414,2026-05-12 22:22:20,277,4,0,0,False,False,"https://guba.eastmoney.com/news,002055,1706618218.html",2026-07-06 17:10:28
eastmoney_guba,002055,1706624030,又跌到成本线了，哎,,股友wn13720069,8341017555141194,2026-05-12 22:46:56,79,4,0,0,False,False,"https://guba.eastmoney.com/news,002055,1706624030.html",2026-07-06 17:10:28
eastmoney_guba,002055,1706624727,英特尔大跌，润子明天大概率会跌停，跟跌不跟涨，唉,,墨非2030,1473406724911440,2026-05-12 22:50:12,56,1,0,0,False,False,"https://guba.eastmoney.com/news,002055,1706624727.html",2026-07-06 17:10:28
eastmoney_guba,002055,1706634383,英特尔大跌9个点，明天准备跌停吗,,经纶有余地戴沐白,7975326559790516,2026-05-12 23:41:15,170,6,0,0,False,False,"https://guba.eastmoney.com/news,002055,1706634383.html",2026-07-06 17:10:28
eastmoney_guba,002055,1706657568,邱家依然是实控人，依然出头露面搞路演，之前我就分析了，他一家都在公司，依然是最大,,在A股赚彩礼,2227067549591522,2026-05-13 06:53:40,448,9,0,0,False,False,"https://guba.eastmoney.com/news,002055,1706657568.html",2026-07-06 17:10:28
eastmoney_guba,002055,1706666863,撤拍的原因应该是邱家和国资达成协议准备慢慢还钱了,,得润两位数,3290024582242248,2026-05-13 08:01:38,79,2,0,0,False,False,"https://guba.eastmoney.com/news,002055,1706666863.html",2026-07-06 17:10:28
eastmoney_guba,002055,1706698514,ST得润:2026年5月12日投资者关系活动记录表（2025年度业绩说明会）,,ST得润资讯,9481113638045702,2026-05-13 09:25:06,499,5,9,0,False,False,"https://guba.eastmoney.com/news,002055,1706698514.html",2026-07-06 17:10:14
eastmoney_guba,002055,1706720916,【调研快报】ST得润接待投资者网上提问调研,,ST得润资讯,9481113638045702,2026-05-13 09:32:21,1144,1,4,0,False,False,"https://guba.eastmoney.com/news,002055,1706720916.html",2026-07-06 17:10:28
eastmoney_guba,002055,1706757230,6元以下就是抢筹码002055,,后贝加尔斯克,7154013321195756,2026-05-13 09:43:08,43,3,0,0,False,False,"https://guba.eastmoney.com/news,002055,1706757230.html",2026-07-06 17:10:28
eastmoney_guba,002055,1706780252,这种死猪不怕开水烫的态度还想加多拿钱！只要投票就反对！,,唐清风,9963084659655328,2026-05-13 09:50:10,33,0,0,0,False,False,"https://guba.eastmoney.com/news,002055,1706780252.html",2026-07-06 17:10:28
eastmoney_guba,002055,1706786770,全仓买入等待五倍,,喜欢低抛高吸,2464137541509222,2026-05-13 09:52:20,35,0,0,0,False,False,"https://guba.eastmoney.com/news,002055,1706786770.html",2026-07-06 17:10:28
eastmoney_guba,002055,1706796601,给看空沟一点颜色看看,,后贝加尔斯克,7154013321195756,2026-05-13 09:55:42,36,0,0,0,False,False,"https://guba.eastmoney.com/news,002055,1706796601.html",2026-07-06 17:10:28
eastmoney_guba,002055,1706837557,被套了几年了，出不去呀！,,股友23qL7R,7639355961628220,2026-05-13 10:11:09,35,0,0,0,False,False,"https://guba.eastmoney.com/news,002055,1706837557.html",2026-07-06 17:10:28
eastmoney_guba,002055,1706863937,又出现压单,,孤零零的莫非凡,1777416591728926,2026-05-13 10:22:16,39,1,0,0,False,False,"https://guba.eastmoney.com/news,002055,1706863937.html",2026-07-06 17:10:28
eastmoney_guba,002055,1706888802,几个B大户左手倒右手除了交印花税，就是赔钱！哈哈哈,,后贝加尔斯克,7154013321195756,2026-05-13 10:33:29,38,1,0,0,False,False,"https://guba.eastmoney.com/news,002055,1706888802.html",2026-07-06 17:10:28
eastmoney_guba,002055,1706905804,得润唯一走出困局就是卖出得润大厦！该卖的不动产全部卖出缓解债务压力！缓解不必要的,,猛虎吃牛,8176094025781428,2026-05-13 10:41:15,159,1,0,0,True,False,"https://guba.eastmoney.com/news,002055,1706905804.html",2026-07-06 17:10:28
eastmoney_guba,002055,1706906744,东尼已经趋势性反转了你呢,,得润两位数,3290024582242248,2026-05-13 10:41:41,38,0,0,0,False,False,"https://guba.eastmoney.com/news,002055,1706906744.html",2026-07-06 17:10:28
eastmoney_guba,002055,1706919496,红盘就卖绿盘就买,,股友AsOoD4,1584045453977490,2026-05-13 10:48:00,33,0,0,0,False,False,"https://guba.eastmoney.com/news,002055,1706919496.html",2026-07-06 17:10:28
eastmoney_guba,002055,1706923133,"只能说这个庄好弱，这就吃一口做T,我去",,在A股赚彩礼,2227067549591522,2026-05-13 10:49:45,97,6,0,0,False,False,"https://guba.eastmoney.com/news,002055,1706923133.html",2026-07-06 17:10:28
eastmoney_guba,002055,1706956163,好好的高科技股，走得像传统产业股，走了,,轻盈跳跃的八哥,5366315762063082,2026-05-13 11:06:53,52,2,0,0,False,False,"https://guba.eastmoney.com/news,002055,1706956163.html",2026-07-06 17:10:28
eastmoney_guba,002055,1706960905,说的未来到底多久才来,,股友9k177T7968,8319366094643536,2026-05-13 11:09:33,40,0,0,0,False,False,"https://guba.eastmoney.com/news,002055,1706960905.html",2026-07-06 17:10:28
eastmoney_guba,002055,1706962684,反抽无力,,得润两位数,3290024582242248,2026-05-13 11:10:35,36,0,0,0,False,False,"https://guba.eastmoney.com/news,002055,1706962684.html",2026-07-06 17:10:28
eastmoney_guba,002055,1706971550,下午涨停板002055,,后贝加尔斯克,7154013321195756,2026-05-13 11:15:33,74,6,0,0,False,False,"https://guba.eastmoney.com/news,002055,1706971550.html",2026-07-06 17:10:28
eastmoney_guba,002055,1706974499,英伟达老板来了，刺激一下,,股友100zG51075,9531346262250688,2026-05-13 11:17:16,41,0,0,0,False,False,"https://guba.eastmoney.com/news,002055,1706974499.html",2026-07-06 17:10:28
eastmoney_guba,002055,1706983778,不知为何，空狗突然来了很多，他们买了吗，如果买了不想自己的股票涨，如果不买，为什,,金玉来财地怜星,5061325946921034,2026-05-13 11:22:43,77,4,0,0,False,False,"https://guba.eastmoney.com/news,002055,1706983778.html",2026-07-06 17:10:28
eastmoney_guba,002055,1707022229,坚定持有，今天仓位打满了，200w,,在A股赚彩礼,2227067549591522,2026-05-13 12:22:29,66,2,0,0,False,False,"https://guba.eastmoney.com/news,002055,1707022229.html",2026-07-06 17:10:28
eastmoney_guba,002055,1707026077,$ST得润(SZ002055)$,,得润两位数,3290024582242248,2026-05-13 12:33:54,186,1,0,0,True,False,"https://guba.eastmoney.com/news,002055,1707026077.html",2026-07-06 17:10:28
eastmoney_guba,002055,1707026557,？怎么就不唱空？继续唱啊，快点把股价唱跌停,,小米su8,9768047608728522,2026-05-13 12:35:19,54,1,0,0,False,False,"https://guba.eastmoney.com/news,002055,1707026557.html",2026-07-06 17:10:28
eastmoney_guba,002055,1707086621,劣质资产最喜欢在大盘上涨时跳水,,股友2g1686h586,6609117708977588,2026-05-13 13:25:10,41,0,0,0,False,False,"https://guba.eastmoney.com/news,002055,1707086621.html",2026-07-06 17:10:28
eastmoney_guba,002055,1707089035,放心，不会让过6.05的,,快回来,1500077178147124,2026-05-13 13:26:26,71,3,0,0,False,False,"https://guba.eastmoney.com/news,002055,1707089035.html",2026-07-06 17:10:28
eastmoney_guba,002055,1707147351,收盘不会又绿了吧,,四只羊十2,2142356529765010,2026-05-13 13:57:43,34,0,0,0,False,False,"https://guba.eastmoney.com/news,002055,1707147351.html",2026-07-06 17:10:28
eastmoney_guba,002055,1707150043,冬天一齐去尿尿你润了一个坑它润了一条线,,股友AsOoD4,1584045453977490,2026-05-13 13:59:11,39,0,0,0,False,False,"https://guba.eastmoney.com/news,002055,1707150043.html",2026-07-06 17:10:28
eastmoney_guba,002055,1707157299,真不行，完犊子就是完犊子,,黑龙江东东,3259094274619646,2026-05-13 14:03:20,35,0,0,0,False,False,"https://guba.eastmoney.com/news,002055,1707157299.html",2026-07-06 17:10:28
eastmoney_guba,002055,1707163497,这种垃圾股真是不能碰,,股友23qL7R,7639355961628220,2026-05-13 14:06:45,43,0,0,0,False,False,"https://guba.eastmoney.com/news,002055,1707163497.html",2026-07-06 17:10:28
eastmoney_guba,002055,1707168280,好言难劝该死的鬼，说了要退市了都不信，没主力，大户全在跑！！！,,他踩着祥云过来了,3648137127725092,2026-05-13 14:09:15,86,2,0,0,False,False,"https://guba.eastmoney.com/news,002055,1707168280.html",2026-07-06 17:10:26
eastmoney_guba,002055,1707187641,全是散户小单子，悲哀啊，任由这样错过超级牛市,,在A股赚彩礼,2227067549591522,2026-05-13 14:19:57,39,1,0,0,False,False,"https://guba.eastmoney.com/news,002055,1707187641.html",2026-07-06 17:10:28
eastmoney_guba,002055,1707198089,涨停板打爆空狗赔钱坯子,,后贝加尔斯克,7154013321195756,2026-05-13 14:25:47,41,1,0,0,False,False,"https://guba.eastmoney.com/news,002055,1707198089.html",2026-07-06 17:10:28
eastmoney_guba,002055,1707198294,现在能不能进场请各位大神指教,,野百合有,5324094019477486,2026-05-13 14:25:54,93,3,0,0,False,False,"https://guba.eastmoney.com/news,002055,1707198294.html",2026-07-06 17:10:28
eastmoney_guba,002055,1707232621,长园要开启第二轮了，你还在泥潭里打滚…,,混沌摸金,4720245820142118,2026-05-13 14:44:10,202,1,0,0,True,False,"https://guba.eastmoney.com/news,002055,1707232621.html",2026-07-06 17:10:28
eastmoney_guba,002055,1707257256,快跑啊。非要在这里呆着。大盘涨成什么样了。改天回调又大跌。,,快回来,1500077178147124,2026-05-13 14:56:42,36,0,0,0,False,False,"https://guba.eastmoney.com/news,002055,1707257256.html",2026-07-06 17:10:28
eastmoney_guba,002055,1707263796,尾盘清仓走人，没挣到钱，一年后再来看看大家。,,财富自选股,8904113740107672,2026-05-13 15:00:56,42,0,0,0,False,False,"https://guba.eastmoney.com/news,002055,1707263796.html",2026-07-06 17:10:28
eastmoney_guba,002055,1707265505,空狗没多少筹码了。割肉认赔走了002055,,后贝加尔斯克,7154013321195756,2026-05-13 15:02:20,44,0,0,0,False,False,"https://guba.eastmoney.com/news,002055,1707265505.html",2026-07-06 17:10:28
eastmoney_guba,002055,1707275304,好言难劝该死的鬼。说不好听的要挨骂。都说不会让过6.05。明天又有的哭了。等它破,,快回来,1500077178147124,2026-05-13 15:11:40,72,1,0,0,False,False,"https://guba.eastmoney.com/news,002055,1707275304.html",2026-07-06 17:10:26
eastmoney_guba,002055,1707281253,太对了，小孩子庄,,不惑见惑不惑也,6874456736141174,2026-05-13 15:19:48,359,4,0,0,True,False,"https://guba.eastmoney.com/news,002055,1707281253.html",2026-07-06 17:10:28
eastmoney_guba,002055,1707281845,前天卖了这个勒色买了伊戈，真香啊,,山水晨旭,1533094337718104,2026-05-13 15:20:48,50,0,0,0,False,False,"https://guba.eastmoney.com/news,002055,1707281845.html",2026-07-06 17:10:28
eastmoney_guba,002055,1707292866,深圳南山的江波龙，一年时间市值从300亿元水平飙升至如今的2000亿元，身后掌舵,,底牌真贵,4197094013566998,2026-05-13 15:40:35,519,1,0,0,False,False,"https://guba.eastmoney.com/news,002055,1707292866.html",2026-07-06 17:10:28
eastmoney_guba,002055,1707299450,正告这里面的主力资金，三天内，再不拉升，我从中化切出来的主力部队将转入该战场。,,zfaquir,9342395744129562,2026-05-13 15:54:20,88,2,0,0,False,False,"https://guba.eastmoney.com/news,002055,1707299450.html",2026-07-06 17:10:28
eastmoney_guba,002055,1707329272,畲英杰绝不会做慈善他要的是控股得润电子！！！做大得润电子,,猛虎吃牛,8176094025781428,2026-05-13 17:10:52,782,15,2,0,True,False,"https://guba.eastmoney.com/news,002055,1707329272.html",2026-07-06 17:10:26
eastmoney_guba,002055,1707334903,持续买入，得润上三十，拿住年底二十不成问题,,喜欢低抛高吸,2464137541509222,2026-05-13 17:27:39,115,4,0,0,False,False,"https://guba.eastmoney.com/news,002055,1707334903.html",2026-07-06 17:10:28
eastmoney_guba,002055,1707341704,当时在东尼和得润之间换来换去，重仓了得润，现在，得润已经落后了，，要加速前进，，,,海纳兆川,1612615257916390,2026-05-13 17:47:35,440,7,0,0,False,False,"https://guba.eastmoney.com/news,002055,1707341704.html",2026-07-06 17:10:26
eastmoney_guba,002055,1707344893,最后一跌,,股友100zG51075,9531346262250688,2026-05-13 17:57:24,46,0,0,0,False,False,"https://guba.eastmoney.com/news,002055,1707344893.html",2026-07-06 17:10:28
eastmoney_guba,002055,1707353715,润子，明天给我一个面子，跌破5.9！,,墨非2030,1473406724911440,2026-05-13 18:27:10,55,2,0,0,False,False,"https://guba.eastmoney.com/news,002055,1707353715.html",2026-07-06 17:10:28
eastmoney_guba,002055,1707354033,没办法，得不到资本认可，大家找机会有序撤离！,,趋势向上才能赚钱,1565315973990712,2026-05-13 18:28:17,40,0,0,0,False,False,"https://guba.eastmoney.com/news,002055,1707354033.html",2026-07-06 17:10:28
eastmoney_guba,002055,1707356061,跌到5.2我来抄底,,梦想成真945,6933326091029750,2026-05-13 18:35:55,49,2,0,0,False,False,"https://guba.eastmoney.com/news,002055,1707356061.html",2026-07-06 17:10:28
eastmoney_guba,002055,1707360644,一天天不是吹英伟达就是吹英特尔，要不就吹畲英杰，其实已经打脸无数次了，哪次吹完涨,,不惑见惑不惑也,6874456736141174,2026-05-13 18:52:09,116,2,0,0,False,False,"https://guba.eastmoney.com/news,002055,1707360644.html",2026-07-06 17:10:28
eastmoney_guba,002055,1707369831,这种死猪不怕开水烫的态度还想加多拿钱！只要投票就反对！,,唐清风,9963084659655328,2026-05-13 19:24:17,52,0,0,0,False,False,"https://guba.eastmoney.com/news,002055,1707369831.html",2026-07-06 17:10:28
eastmoney_guba,002055,1707400507,重仓持有你个垃圾都不敢跟人说买了股票,,山外有三,2553335533082166,2026-05-13 21:06:20,39,0,0,0,False,False,"https://guba.eastmoney.com/news,002055,1707400507.html",2026-07-06 17:10:28
eastmoney_guba,002055,1707408504,散户越来越多，暂时起不来，有的磨了！,,炒心境,1221166902815542,2026-05-13 21:32:05,51,0,0,0,False,False,"https://guba.eastmoney.com/news,002055,1707408504.html",2026-07-06 17:10:28
eastmoney_guba,002055,1707424395,实控人都穷的了，哪来资金拉伸股价，只能做做T赚点菜钱,,我在三界开茶馆,8698094198375360,2026-05-13 22:16:30,65,2,0,0,False,False,"https://guba.eastmoney.com/news,002055,1707424395.html",2026-07-06 17:10:26
eastmoney_guba,002055,1707460952,鹤山二期已投产！算利好吗？,,爱理财的老登,4578366245437536,2026-05-14 02:31:19,91,1,0,0,False,False,"https://guba.eastmoney.com/news,002055,1707460952.html",2026-07-06 17:10:26
eastmoney_guba,002055,1707492022,持续买入，今天敢跌直接满仓，年底二十不是问题,,喜欢低抛高吸,2464137541509222,2026-05-14 08:14:46,36,0,0,0,False,False,"https://guba.eastmoney.com/news,002055,1707492022.html",2026-07-06 17:10:26
eastmoney_guba,002055,1707497207,六、简单总结-得润电子：筹码已集中、散户在减少、低位缩量磨底-不是你担心的“年报,,好风长吟,4179386109771602,2026-05-14 08:37:25,267,1,0,0,False,False,"https://guba.eastmoney.com/news,002055,1707497207.html",2026-07-06 17:10:26
eastmoney_guba,002055,1707501774,真的是在这里错过了太多太多的机会，坚守了半年了，扔掉实在也是不甘心,,光追涨不杀跌,9246077312160560,2026-05-14 08:54:42,50,2,0,0,False,False,"https://guba.eastmoney.com/news,002055,1707501774.html",2026-07-06 17:10:26
eastmoney_guba,002055,1707505487,快回调吧，每天织布机有意思吗？要织就回到5.2织吧，我陪你一起织,,小米su8,9768047608728522,2026-05-14 09:04:18,36,0,0,0,False,False,"https://guba.eastmoney.com/news,002055,1707505487.html",2026-07-06 17:10:26
eastmoney_guba,002055,1707507312,别乱带节奏，网络水军们,,就是爱喝阿萨姆,8196057763473380,2026-05-14 09:08:06,65,0,0,0,True,False,"https://guba.eastmoney.com/news,002055,1707507312.html",2026-07-06 17:10:26
eastmoney_guba,002055,1707533868,每日提示，远离，亏不多的赶紧跑,,快回来,1500077178147124,2026-05-14 09:27:32,36,1,0,0,False,False,"https://guba.eastmoney.com/news,002055,1707533868.html",2026-07-06 17:10:26
eastmoney_guba,002055,1707553060,继续买入,,喜欢低抛高吸,2464137541509222,2026-05-14 09:32:54,37,0,0,0,False,False,"https://guba.eastmoney.com/news,002055,1707553060.html",2026-07-06 17:10:26
eastmoney_guba,002055,1707559156,东尼已经主升浪了这货呢,,得润两位数,3290024582242248,2026-05-14 09:34:27,46,1,0,0,False,False,"https://guba.eastmoney.com/news,002055,1707559156.html",2026-07-06 17:10:26
eastmoney_guba,002055,1707564067,这股感觉题材还行啊，不知道为啥没有主力介入,,可怜的杨茜3,6524315871021212,2026-05-14 09:35:43,35,0,0,0,False,False,"https://guba.eastmoney.com/news,002055,1707564067.html",2026-07-06 17:10:26
eastmoney_guba,002055,1707574070,卖了卖了，外面好股一大堆。何必在里浪费时间,,顺其自然ZF,4514034974222532,2026-05-14 09:38:07,36,0,0,0,False,False,"https://guba.eastmoney.com/news,002055,1707574070.html",2026-07-06 17:10:26
eastmoney_guba,002055,1707593072,好言难劝该死的鬼啊,,快回来,1500077178147124,2026-05-14 09:42:41,34,0,0,0,False,False,"https://guba.eastmoney.com/news,002055,1707593072.html",2026-07-06 17:10:26
eastmoney_guba,002055,1707603632,加油啊德润，我咋发现你越来越软呢,,专业薅龙大羊毛,3804047346586666,2026-05-14 09:45:21,38,0,0,0,False,False,"https://guba.eastmoney.com/news,002055,1707603632.html",2026-07-06 17:10:26
eastmoney_guba,002055,1707619715,加油开始反攻,,专业薅龙大羊毛,3804047346586666,2026-05-14 09:49:52,37,0,0,0,False,False,"https://guba.eastmoney.com/news,002055,1707619715.html",2026-07-06 17:10:26
eastmoney_guba,002055,1707622433,主力好没格局！,,孤零零的莫非凡,1777416591728926,2026-05-14 09:50:35,42,0,0,0,False,False,"https://guba.eastmoney.com/news,002055,1707622433.html",2026-07-06 17:10:26
eastmoney_guba,002055,1707630469,完犊子就是完犊子，解释那么多干呢，熬吧6.3左右本,,黑龙江东东,3259094274619646,2026-05-14 09:52:50,37,0,0,0,False,False,"https://guba.eastmoney.com/news,002055,1707630469.html",2026-07-06 17:10:26
eastmoney_guba,002055,1707630669,哪位股友具有很强的“一卖就涨”属性的，牺牲一下,,o痕迹o,4802306288363612,2026-05-14 09:52:53,32,0,0,0,False,False,"https://guba.eastmoney.com/news,002055,1707630669.html",2026-07-06 17:10:26
eastmoney_guba,002055,1707631179,邱家不动这股好不了,,得润两位数,3290024582242248,2026-05-14 09:53:02,35,0,0,0,False,False,"https://guba.eastmoney.com/news,002055,1707631179.html",2026-07-06 17:10:26
eastmoney_guba,002055,1707639305,吃肉没有，挨打每次都在,,得润两位数,3290024582242248,2026-05-14 09:55:15,54,1,1,0,False,False,"https://guba.eastmoney.com/news,002055,1707639305.html",2026-07-06 17:10:26
eastmoney_guba,002055,1707640634,垃圾不涨只有跌,,股友23qL7R,7639355961628220,2026-05-14 09:55:35,39,0,0,0,False,False,"https://guba.eastmoney.com/news,002055,1707640634.html",2026-07-06 17:10:26
eastmoney_guba,002055,1707642771,黄仁勋说了，铜连接没有用的，以后只有光连接器,,等雪来123,3129094235616774,2026-05-14 09:56:10,160,4,0,0,False,False,"https://guba.eastmoney.com/news,002055,1707642771.html",2026-07-06 17:10:26
eastmoney_guba,002055,1707675719,最近ST涨得不错，这个应该也有机会,,可怜的杨茜3,6524315871021212,2026-05-14 10:06:02,35,0,0,0,False,False,"https://guba.eastmoney.com/news,002055,1707675719.html",2026-07-06 17:10:26
eastmoney_guba,002055,1707692469,不急慢慢来，6元以下满仓买进了持股不动了002055,,后贝加尔斯克,7154013321195756,2026-05-14 10:11:52,49,1,2,0,False,False,"https://guba.eastmoney.com/news,002055,1707692469.html",2026-07-06 17:10:26
eastmoney_guba,002055,1707725637,东尼电子都开始连板，得润电子为啥还不死不活？,,悟空悟能悟净5288,3371276370991582,2026-05-14 10:24:09,371,2,1,0,False,False,"https://guba.eastmoney.com/news,002055,1707725637.html",2026-07-06 17:10:11
eastmoney_guba,002055,1707773275,爽不爽。不听劝啊你们,,快回来,1500077178147124,2026-05-14 10:43:37,133,5,0,0,False,False,"https://guba.eastmoney.com/news,002055,1707773275.html",2026-07-06 17:10:26
eastmoney_guba,002055,1707790238,5块8左右。分批建仓。让他贴,,见好就收5859,3960047762213936,2026-05-14 10:51:05,40,0,0,0,False,False,"https://guba.eastmoney.com/news,002055,1707790238.html",2026-07-06 17:10:26
eastmoney_guba,002055,1707842072,吃肉一次没赶上，挨打最积极,,专注上涨趋势,1748095089831338,2026-05-14 11:16:23,44,0,0,0,False,False,"https://guba.eastmoney.com/news,002055,1707842072.html",2026-07-06 17:10:26
eastmoney_guba,002055,1707846753,真衰，跟跌不跟涨,,在A股赚彩礼,2227067549591522,2026-05-14 11:18:22,35,0,0,0,False,False,"https://guba.eastmoney.com/news,002055,1707846753.html",2026-07-06 17:10:26
eastmoney_guba,002055,1707852960,衰批！大涨的时候你跌，跌的时候你大跌。,,深南大道小鳄鱼,5878094723013218,2026-05-14 11:21:30,46,0,0,0,False,False,"https://guba.eastmoney.com/news,002055,1707852960.html",2026-07-06 17:10:26
eastmoney_guba,002055,1707854821,股价偏高，5.6还是可以买的,,股友83325q6r26,8490496659723142,2026-05-14 11:22:20,51,1,0,0,False,False,"https://guba.eastmoney.com/news,002055,1707854821.html",2026-07-06 17:10:26
eastmoney_guba,002055,1707867418,这是1月9号进来的还是拍卖的跑了？近6个交易日净流出1亿，这也没多少利润啊，都不,,努力得石破天,5501386390250270,2026-05-14 11:29:44,53,0,0,0,False,False,"https://guba.eastmoney.com/news,002055,1707867418.html",2026-07-06 17:10:26
eastmoney_guba,002055,1707873531,你们懂得,,在等花开,8401326115653406,2026-05-14 11:35:56,328,6,0,0,True,False,"https://guba.eastmoney.com/news,002055,1707873531.html",2026-07-06 17:10:25
eastmoney_guba,002055,1707878003,当时要不是什么拍卖，绝对选东尼了，突然撤拍了，到现在也不知道为什么撤拍，,,在A股赚彩礼,2227067549591522,2026-05-14 11:42:07,50,1,0,0,False,False,"https://guba.eastmoney.com/news,002055,1707878003.html",2026-07-06 17:10:26
eastmoney_guba,002055,1707882108,邱家不出局必退市唯一死洛002055,,后贝加尔斯克,7154013321195756,2026-05-14 11:49:04,32,0,0,0,False,False,"https://guba.eastmoney.com/news,002055,1707882108.html",2026-07-06 17:10:26
eastmoney_guba,002055,1707884777,6.47元清仓。5.97元全部接回。获利30万。坚持高抛低吸，不让B庄赚到钱。哈,,后贝加尔斯克,7154013321195756,2026-05-14 11:54:18,76,3,0,0,False,False,"https://guba.eastmoney.com/news,002055,1707884777.html",2026-07-06 17:10:26
eastmoney_guba,002055,1707929707,砸跌停得了！5个点就可以的！,,孤零零的莫非凡,1777416591728926,2026-05-14 13:10:21,39,0,0,0,False,False,"https://guba.eastmoney.com/news,002055,1707929707.html",2026-07-06 17:10:26
eastmoney_guba,002055,1707930321,下来啊，我还在下面等着呢！,,诚恳的曾轶穗,7415094328733630,2026-05-14 13:10:49,45,1,0,0,False,False,"https://guba.eastmoney.com/news,002055,1707930321.html",2026-07-06 17:10:26
eastmoney_guba,002055,1707930603,听劝吧,,快回来,1500077178147124,2026-05-14 13:11:00,35,0,0,0,False,False,"https://guba.eastmoney.com/news,002055,1707930603.html",2026-07-06 17:10:26
eastmoney_guba,002055,1707938429,还没有洗干净吗,,得润两位数,3290024582242248,2026-05-14 13:16:22,55,2,0,0,False,False,"https://guba.eastmoney.com/news,002055,1707938429.html",2026-07-06 17:10:26
eastmoney_guba,002055,1707943502,还删评论区的帖子！没格局的独立懂事！,,孤零零的莫非凡,1777416591728926,2026-05-14 13:19:50,48,0,0,0,False,False,"https://guba.eastmoney.com/news,002055,1707943502.html",2026-07-06 17:10:26
eastmoney_guba,002055,1707955745,邱家什么能力都没有，赶紧出局,,在A股赚彩礼,2227067549591522,2026-05-14 13:28:00,42,1,0,0,False,False,"https://guba.eastmoney.com/news,002055,1707955745.html",2026-07-06 17:10:26
eastmoney_guba,002055,1707958904,小得真是太差了,,浙Y8X1X35080,4965014114606910,2026-05-14 13:30:04,46,0,0,0,False,False,"https://guba.eastmoney.com/news,002055,1707958904.html",2026-07-06 17:10:26
eastmoney_guba,002055,1707961410,抢筹码6元下绝对安全区域002055,,后贝加尔斯克,7154013321195756,2026-05-14 13:31:35,75,3,0,0,False,False,"https://guba.eastmoney.com/news,002055,1707961410.html",2026-07-06 17:10:26
eastmoney_guba,002055,1707992900,润子果然给力，真的跌破5.9了！明天能否再给个面子，升到6.10吧,,墨非2030,1473406724911440,2026-05-14 13:51:43,98,4,0,0,False,False,"https://guba.eastmoney.com/news,002055,1707992900.html",2026-07-06 17:10:26
eastmoney_guba,002055,1708023208,他停住了，走直线了,,风风火火de艾伦,3699396055310450,2026-05-14 14:11:52,52,0,0,0,False,False,"https://guba.eastmoney.com/news,002055,1708023208.html",2026-07-06 17:10:26
eastmoney_guba,002055,1708035065,大盘涨我不涨大盘跌我肯定跌,,得润两位数,3290024582242248,2026-05-14 14:19:25,43,0,0,0,False,False,"https://guba.eastmoney.com/news,002055,1708035065.html",2026-07-06 17:10:26
eastmoney_guba,002055,1708040668,持续买入,,喜欢低抛高吸,2464137541509222,2026-05-14 14:22:58,47,0,0,0,False,False,"https://guba.eastmoney.com/news,002055,1708040668.html",2026-07-06 17:10:26
eastmoney_guba,002055,1708063279,30多亿盘，这币庄还要怎样，磨人,,钱回家,1790094491271892,2026-05-14 14:37:26,53,0,0,0,False,False,"https://guba.eastmoney.com/news,002055,1708063279.html",2026-07-06 17:10:26
eastmoney_guba,002055,1708068521,明日可以低吸了搞不好又要回5块五五块六,,傲寒的秦岚,5793047755670376,2026-05-14 14:40:24,54,0,0,0,False,False,"https://guba.eastmoney.com/news,002055,1708068521.html",2026-07-06 17:10:26
eastmoney_guba,002055,1708083174,，回本后再也不碰了,,股友21OH877136,7225336229636188,2026-05-14 14:47:57,56,0,0,0,False,False,"https://guba.eastmoney.com/news,002055,1708083174.html",2026-07-06 17:10:26
eastmoney_guba,002055,1708084272,光头阴，明天又是阴跌。听劝吧,,快回来,1500077178147124,2026-05-14 14:48:28,52,1,0,0,False,False,"https://guba.eastmoney.com/news,002055,1708084272.html",2026-07-06 17:10:26
eastmoney_guba,002055,1708106194,管住手，5.6再买不香吗,,每一步小心点,6604355536709004,2026-05-14 14:57:49,32,0,0,0,False,False,"https://guba.eastmoney.com/news,002055,1708106194.html",2026-07-06 17:10:26
eastmoney_guba,002055,1708112718,大盘涨他不涨，大盘跌狂跌，这几天主力天天流出、今天流出最多的一天,,每一步小心点,6604355536709004,2026-05-14 15:01:06,44,0,0,0,False,False,"https://guba.eastmoney.com/news,002055,1708112718.html",2026-07-06 17:10:26
eastmoney_guba,002055,1708123527,破位了，快砸！砸到5.2，我上7层仓位,,小米su8,9768047608728522,2026-05-14 15:08:29,40,0,0,0,False,False,"https://guba.eastmoney.com/news,002055,1708123527.html",2026-07-06 17:10:26
eastmoney_guba,002055,1708125560,不是说这个票不好，至少营收的确可以，但是目前日线和周线趋势都像下了，短期肯定是有,,每一步小心点,6604355536709004,2026-05-14 15:10:33,488,4,1,0,False,False,"https://guba.eastmoney.com/news,002055,1708125560.html",2026-07-06 17:10:26
eastmoney_guba,002055,1708126053,跌5.82后就必须出。没任何留的必要。否则退市可能。,,寻找刺激,1657235911011682,2026-05-14 15:11:08,53,1,0,0,False,False,"https://guba.eastmoney.com/news,002055,1708126053.html",2026-07-06 17:10:26
eastmoney_guba,002055,1708130075,明天来个跌停，让他们安静安静,,炒心境,1221166902815542,2026-05-14 15:15:53,95,4,0,0,False,False,"https://guba.eastmoney.com/news,002055,1708130075.html",2026-07-06 17:10:26
eastmoney_guba,002055,1708131578,市值马上要归零了，退市必然002055,,后贝加尔斯克,7154013321195756,2026-05-14 15:17:57,109,3,0,0,False,False,"https://guba.eastmoney.com/news,002055,1708131578.html",2026-07-06 17:10:26
eastmoney_guba,002055,1708132348,幸好前几天跑了，快跌到5.2我来接盘,,梦想成真945,6933326091029750,2026-05-14 15:19:01,53,1,0,0,False,False,"https://guba.eastmoney.com/news,002055,1708132348.html",2026-07-06 17:10:26
eastmoney_guba,002055,1708139262,明天低开进场了，等了好几天，终于来了,,不惑见惑不惑也,6874456736141174,2026-05-14 15:27:54,55,1,0,0,False,False,"https://guba.eastmoney.com/news,002055,1708139262.html",2026-07-06 17:10:26
eastmoney_guba,002055,1708139432,最近几个月资金至少流出10亿,,在A股赚彩礼,2227067549591522,2026-05-14 15:28:09,88,3,0,0,False,False,"https://guba.eastmoney.com/news,002055,1708139432.html",2026-07-06 17:10:26
eastmoney_guba,002055,1708140736,要怕早点走不要在这里伊里哇啦主力都不怕5块多的低筹码慢慢捡,,傲寒的秦岚,5793047755670376,2026-05-14 15:30:22,52,0,0,0,False,False,"https://guba.eastmoney.com/news,002055,1708140736.html",2026-07-06 17:10:26
eastmoney_guba,002055,1708149801,感觉这个袅股会退市！,,新春14911,9697093971738992,2026-05-14 15:45:05,86,2,0,0,False,False,"https://guba.eastmoney.com/news,002055,1708149801.html",2026-07-06 17:10:26
eastmoney_guba,002055,1708161761,明天高开吗,,股友5g6h271571,1552177302153946,2026-05-14 16:11:18,78,0,0,0,False,False,"https://guba.eastmoney.com/news,002055,1708161761.html",2026-07-06 17:10:26
eastmoney_guba,002055,1708177460,早割早享受,,我在情绪之外,9194047483250996,2026-05-14 16:52:12,82,4,0,0,False,False,"https://guba.eastmoney.com/news,002055,1708177460.html",2026-07-06 17:10:26
eastmoney_guba,002055,1708193595,主力今天满仓了，明天有种跌停啊,,每一步小心点,6604355536709004,2026-05-14 17:39:58,59,1,0,0,False,False,"https://guba.eastmoney.com/news,002055,1708193595.html",2026-07-06 17:10:26
eastmoney_guba,002055,1708213351,成本线附近走了，买入国货航，今天居然净流出3000万，这里面的小庄真狠。,,趋势向上才能赚钱,1565315973990712,2026-05-14 18:46:24,100,2,0,0,False,False,"https://guba.eastmoney.com/news,002055,1708213351.html",2026-07-06 17:10:26
eastmoney_guba,002055,1708241750,别的st都开始回购了，得润赶紧发布回购计划啊，,,在A股赚彩礼,2227067549591522,2026-05-14 20:36:19,89,2,0,0,False,False,"https://guba.eastmoney.com/news,002055,1708241750.html",2026-07-06 17:10:26
eastmoney_guba,002055,1708251983,[图片],,goreso,7878047111819168,2026-05-14 21:13:04,1975,2,0,0,True,False,"https://guba.eastmoney.com/news,002055,1708251983.html",2026-07-06 17:10:26
eastmoney_guba,002055,1708302146,润子。明天来个涨停吧！,,墨非2030,1473406724911440,2026-05-15 00:53:52,58,0,0,0,False,False,"https://guba.eastmoney.com/news,002055,1708302146.html",2026-07-06 17:10:26
eastmoney_guba,002055,1708319894,H200落地中国对于得润有多大常量,,斐然多谋,8680385978868534,2026-05-15 06:43:49,122,2,1,0,False,False,"https://guba.eastmoney.com/news,002055,1708319894.html",2026-07-06 17:10:26
eastmoney_guba,002055,1708322443,这股市值只有营收的0.78也是奇葩股了,,得润两位数,3290024582242248,2026-05-15 07:09:33,239,5,0,0,False,False,"https://guba.eastmoney.com/news,002055,1708322443.html",2026-07-06 17:10:21
eastmoney_guba,002055,1708328646,短时间可能没行情？谈价格哪有这么容易，邱家不肯低价离场。,,小米su8,9768047608728522,2026-05-15 07:50:39,72,1,0,0,False,False,"https://guba.eastmoney.com/news,002055,1708328646.html",2026-07-06 17:10:26
eastmoney_guba,002055,1708336926,技术形态完全破位，跌破所有均线，短期要做第三只脚了，也就是5.49,,不惑见惑不惑也,6874456736141174,2026-05-15 08:28:36,53,0,0,0,False,False,"https://guba.eastmoney.com/news,002055,1708336926.html",2026-07-06 17:10:26
eastmoney_guba,002055,1708345197,得走了，台积电也发言说全部使用光连接了，得润还没钱搞新研发，完犊子喽,,在A股赚彩礼,2227067549591522,2026-05-15 08:59:47,86,1,0,0,False,False,"https://guba.eastmoney.com/news,002055,1708345197.html",2026-07-06 17:10:26
eastmoney_guba,002055,1708384114,我去，，心痛，，，我卖了东尼，进了得润！！,,海纳兆川,1612615257916390,2026-05-15 09:31:13,158,7,0,0,False,False,"https://guba.eastmoney.com/news,002055,1708384114.html",2026-07-06 17:10:26
eastmoney_guba,002055,1708404782,高点已出。你们跑了没？,,快回来,1500077178147124,2026-05-15 09:36:58,49,0,0,0,False,False,"https://guba.eastmoney.com/news,002055,1708404782.html",2026-07-06 17:10:26
eastmoney_guba,002055,1708448198,持续买入，猛虎吃牛，不到三十不卖，七十六元不是顶，空钩赔钱坯子,,喜欢低抛高吸,2464137541509222,2026-05-15 09:48:53,62,1,0,0,False,False,"https://guba.eastmoney.com/news,002055,1708448198.html",2026-07-06 17:10:25
eastmoney_guba,002055,1708527852,下午要涨停板。周末出公告002055只加仓不卖一股必创新高哈哈哈,,后贝加尔斯克,7154013321195756,2026-05-15 10:13:53,61,2,0,0,False,False,"https://guba.eastmoney.com/news,002055,1708527852.html",2026-07-06 17:10:25
eastmoney_guba,002055,1708591014,大家行动起来，倒逼大股东做事，反对票才有效,,人生巅峰进行曲,6778013800753264,2026-05-15 10:41:22,82,4,0,0,False,False,"https://guba.eastmoney.com/news,002055,1708591014.html",2026-07-06 17:10:25
eastmoney_guba,002055,1708592781,怎么这么多大户砸盘，真是奇怪,,晴天ooo,4265316443835344,2026-05-15 10:42:09,44,0,0,0,False,False,"https://guba.eastmoney.com/news,002055,1708592781.html",2026-07-06 17:10:25
eastmoney_guba,002055,1708605309,这票有仓位的可以进点货放放的，迟早翻倍,,sgzt123,4123013776698802,2026-05-15 10:48:22,156,8,0,0,False,False,"https://guba.eastmoney.com/news,002055,1708605309.html",2026-07-06 17:10:25
eastmoney_guba,002055,1708655414,拿出昨天跟跌的气势来,,仪态万千的溪岚1,2117165338253812,2026-05-15 11:14:12,41,0,0,0,False,False,"https://guba.eastmoney.com/news,002055,1708655414.html",2026-07-06 17:10:25
eastmoney_guba,002055,1708694524,润子，我都卖了，你还没涨呢,,梦想成真945,6933326091029750,2026-05-15 11:44:12,36,0,0,0,False,False,"https://guba.eastmoney.com/news,002055,1708694524.html",2026-07-06 17:10:25
eastmoney_guba,002055,1708704097,逐步建仓越跌越买。跌倒30亿最好，向下10%，向上好几倍的空间。全仓这个股了，打,,ohaha,7259155946251206,2026-05-15 12:04:29,108,3,0,0,False,False,"https://guba.eastmoney.com/news,002055,1708704097.html",2026-07-06 17:10:25
eastmoney_guba,002055,1708705499,基本面看风险不大，主要还是没有资金参与。随着行情发展，会有资金介入的,,可怜的杨茜3,6524315871021212,2026-05-15 12:07:50,60,2,0,0,False,False,"https://guba.eastmoney.com/news,002055,1708705499.html",2026-07-06 17:10:25
eastmoney_guba,002055,1708763440,破5再买,,退市山姆,9937305889369866,2026-05-15 13:21:07,46,2,0,0,False,False,"https://guba.eastmoney.com/news,002055,1708763440.html",2026-07-06 17:10:25
eastmoney_guba,002055,1708776053,无穷无尽的卖单，一个月股东都翻过来了一遍了,,在A股赚彩礼,2227067549591522,2026-05-15 13:28:45,46,0,0,0,False,False,"https://guba.eastmoney.com/news,002055,1708776053.html",2026-07-06 17:10:25
eastmoney_guba,002055,1708777910,广大散户活生生地把几个割肉赔钱的逼大户给洗出去了！哈哈哈,,后贝加尔斯克,7154013321195756,2026-05-15 13:29:51,46,0,0,0,False,False,"https://guba.eastmoney.com/news,002055,1708777910.html",2026-07-06 17:10:25
eastmoney_guba,002055,1708789739,主力还没进场，短线还得跌,,可怜的杨茜3,6524315871021212,2026-05-15 13:36:20,35,0,0,0,False,False,"https://guba.eastmoney.com/news,002055,1708789739.html",2026-07-06 17:10:25
eastmoney_guba,002055,1708790338,使点劲砸磨磨唧唧跟跌不跟涨的货,,尔滨韭菜,1522087673400076,2026-05-15 13:36:39,45,0,0,0,False,False,"https://guba.eastmoney.com/news,002055,1708790338.html",2026-07-06 17:10:25
eastmoney_guba,002055,1708792765,上涨与我无关，下跌必然有我，厉害了,,可怜的杨茜3,6524315871021212,2026-05-15 13:37:58,109,6,0,0,False,False,"https://guba.eastmoney.com/news,002055,1708792765.html",2026-07-06 17:10:25
eastmoney_guba,002055,1708806091,好言难劝该死的鬼。哎,,快回来,1500077178147124,2026-05-15 13:45:01,39,0,0,0,False,False,"https://guba.eastmoney.com/news,002055,1708806091.html",2026-07-06 17:10:25
eastmoney_guba,002055,1708817361,同时期（阶段）被st的。你爹已经上跑出30-50的差距了，你还在这装孙子呢,,股友9C213265L1,7977476633081770,2026-05-15 13:50:42,123,2,0,0,False,False,"https://guba.eastmoney.com/news,002055,1708817361.html",2026-07-06 17:10:25
eastmoney_guba,002055,1708867808,是不是都被砸傻了，不说话了，还有唱多不？让你们一群13唱多，闷声不响才能涨，看哪,,每一步小心点,6604355536709004,2026-05-15 14:17:52,49,0,0,0,False,False,"https://guba.eastmoney.com/news,002055,1708867808.html",2026-07-06 17:10:25
eastmoney_guba,002055,1708882735,全是散户在玩，没有主力资金参与,,可怜的杨茜3,6524315871021212,2026-05-15 14:27:21,49,0,0,0,False,False,"https://guba.eastmoney.com/news,002055,1708882735.html",2026-07-06 17:10:25
eastmoney_guba,002055,1708906677,晚上出公告，快买入，过时不候……,,炒心境,1221166902815542,2026-05-15 14:40:28,105,3,0,0,False,False,"https://guba.eastmoney.com/news,002055,1708906677.html",2026-07-06 17:10:25
eastmoney_guba,002055,1708918682,你有什么资格去跌…,,趋势为狂,5607446620341006,2026-05-15 14:48:10,48,1,0,0,False,False,"https://guba.eastmoney.com/news,002055,1708918682.html",2026-07-06 17:10:25
eastmoney_guba,002055,1708939718,5.75成功上车一半仓位，前几天6.02出的，等几天了，哈哈,,每一步小心点,6604355536709004,2026-05-15 15:01:47,98,5,0,0,False,False,"https://guba.eastmoney.com/news,002055,1708939718.html",2026-07-06 17:10:25
eastmoney_guba,002055,1708942821,怎么还这么多唱多的，都给我唱空，跌！继续跌！快点跌下礼拜我要看到5.2，用我剩余,,小米su8,9768047608728522,2026-05-15 15:04:43,47,0,0,0,False,False,"https://guba.eastmoney.com/news,002055,1708942821.html",2026-07-06 17:10:25
eastmoney_guba,002055,1708948461,周末会不会出个公告？,,掘金高歌,5238386190584350,2026-05-15 15:10:50,164,3,0,0,False,False,"https://guba.eastmoney.com/news,002055,1708948461.html",2026-07-06 17:10:25
eastmoney_guba,002055,1708951584,下个星期看不到5.8以下的筹码了，真能到5.2那么里4.2也不远，散户再多也无法,,炒心境,1221166902815542,2026-05-15 15:14:03,135,4,0,0,False,False,"https://guba.eastmoney.com/news,002055,1708951584.html",2026-07-06 17:10:25
eastmoney_guba,002055,1708955155,6.3没有卖，6.02卖了，唉，今天买半仓回来，如果跌到5.2，在满仓，慢慢耗吧,,每一步小心点,6604355536709004,2026-05-15 15:19:40,167,1,0,0,True,False,"https://guba.eastmoney.com/news,002055,1708955155.html",2026-07-06 17:10:25
eastmoney_guba,002055,1708963613,无语，看空，等股东投票。基本上被套死。,,寻找刺激,1657235911011682,2026-05-15 15:34:20,46,0,0,0,False,False,"https://guba.eastmoney.com/news,002055,1708963613.html",2026-07-06 17:10:25
eastmoney_guba,002055,1708989947,这就是给宝马车做连接器的科技公司，步步低，一季报盈利是假的吗？总爱做假！,,乐于助人的付茹16,1117095160989936,2026-05-15 16:42:08,106,1,0,0,False,False,"https://guba.eastmoney.com/news,002055,1708989947.html",2026-07-06 17:10:25
eastmoney_guba,002055,1709000429,大盘5月到6月大概率有个小波段回调（6-10个点），看下有没有机会接近前低位置。,,小米su8,9768047608728522,2026-05-15 17:14:51,55,0,0,0,False,False,"https://guba.eastmoney.com/news,002055,1709000429.html",2026-07-06 17:10:25
eastmoney_guba,002055,1709003564,卖了得润换ST中路，单单觉得得润今年跌得太少，没ST中路妖！希望没换错,,芸间拾光,4127144616733190,2026-05-15 17:25:19,260,8,0,0,False,False,"https://guba.eastmoney.com/news,002055,1709003564.html",2026-07-06 17:10:25
eastmoney_guba,002055,1709036639,阴跌模式,,多米的天空,8268004870663662,2026-05-15 19:33:56,44,0,1,0,False,False,"https://guba.eastmoney.com/news,002055,1709036639.html",2026-07-06 17:10:25
eastmoney_guba,002055,1709046660,周一涨停，不服来辩,,豪放不羁的叶宇淼,2403326188423796,2026-05-15 20:20:56,615,13,0,0,False,False,"https://guba.eastmoney.com/news,002055,1709046660.html",2026-07-06 17:10:25
eastmoney_guba,002055,1709095602,这么多散户看好，为啥不涨呢？也没啥大主力,,可怜的杨茜3,6524315871021212,2026-05-16 01:04:33,200,2,0,0,False,False,"https://guba.eastmoney.com/news,002055,1709095602.html",2026-07-06 17:10:25
eastmoney_guba,002055,1709151361,中国电子总部也在深圳，要是能把得润这货收了，也是两全其美的事情。,,深南大道小鳄鱼,5878094723013218,2026-05-16 14:09:49,104,2,0,0,False,False,"https://guba.eastmoney.com/news,002055,1709151361.html",2026-07-06 17:10:25
eastmoney_guba,002055,1709162910,三四千名了，彻底无人问津了，科技炒作也告一段落了，彻底完犊子了,,在A股赚彩礼,2227067549591522,2026-05-16 16:36:05,49,0,0,0,False,False,"https://guba.eastmoney.com/news,002055,1709162910.html",2026-07-06 17:10:25
eastmoney_guba,002055,1709164940,人气跌破3000了啊,,每一步小心点,6604355536709004,2026-05-16 17:00:27,50,1,0,0,False,False,"https://guba.eastmoney.com/news,002055,1709164940.html",2026-07-06 17:10:25
eastmoney_guba,002055,1709166979,要不他闻泰科技收购了吧？救下里面的兄弟,,大吉有余de裘千仞,5382375951033458,2026-05-16 17:26:43,65,1,0,0,False,False,"https://guba.eastmoney.com/news,002055,1709166979.html",2026-07-06 17:10:25
eastmoney_guba,002055,1709171607,别怕兄弟们，我陪大家一起熬着，熬过这波，得润首先看3倍，市值站上百亿，大家一起加,,不动明王身,5574366336967740,2026-05-16 18:25:00,296,2,0,0,True,False,"https://guba.eastmoney.com/news,002055,1709171607.html",2026-07-06 17:10:11
eastmoney_guba,002055,1709220204,下周去一趟顺德，准备去鹤山工厂看看，兄弟们有没有想问想知道的。,,笑逐颜开的龚艳,2079345942814724,2026-05-17 09:51:07,478,10,0,0,False,False,"https://guba.eastmoney.com/news,002055,1709220204.html",2026-07-06 17:10:25
eastmoney_guba,002055,1709293175,很好，人气越低越好，随着大盘回调也回调吧，子弹以准备充足，希望能有个买便宜筹码的,,小米su8,9768047608728522,2026-05-17 22:33:42,87,1,0,0,False,False,"https://guba.eastmoney.com/news,002055,1709293175.html",2026-07-06 17:10:25
eastmoney_guba,002055,1709379533,冲高可以卖了，下午肯定跌,,可怜的杨茜3,6524315871021212,2026-05-18 09:32:28,33,0,0,0,False,False,"https://guba.eastmoney.com/news,002055,1709379533.html",2026-07-06 17:10:25
eastmoney_guba,002055,1709405173,涨停涨停涨停涨停涨停涨停,,专业薅龙大羊毛,3804047346586666,2026-05-18 09:39:48,24,0,0,0,False,False,"https://guba.eastmoney.com/news,002055,1709405173.html",2026-07-06 17:10:25
eastmoney_guba,002055,1709406030,全仓进，冲冲冲,,专业薅龙大羊毛,3804047346586666,2026-05-18 09:40:05,24,0,0,0,False,False,"https://guba.eastmoney.com/news,002055,1709406030.html",2026-07-06 17:10:25
eastmoney_guba,002055,1709413722,这一波冲到6.5,,专业薅龙大羊毛,3804047346586666,2026-05-18 09:42:32,21,0,0,0,False,False,"https://guba.eastmoney.com/news,002055,1709413722.html",2026-07-06 17:10:25
eastmoney_guba,002055,1709417231,5.75元左右，回补。,,解牛2,3818305734316182,2026-05-18 09:43:41,276,2,0,0,False,False,"https://guba.eastmoney.com/news,002055,1709417231.html",2026-07-06 17:08:42
eastmoney_guba,002055,1709428394,顶住加油啊,,专业薅龙大羊毛,3804047346586666,2026-05-18 09:47:11,25,0,0,0,False,False,"https://guba.eastmoney.com/news,002055,1709428394.html",2026-07-06 17:10:25
eastmoney_guba,002055,1709437368,今天最亮的仔就是德润,,专业薅龙大羊毛,3804047346586666,2026-05-18 09:50:15,38,0,0,0,False,False,"https://guba.eastmoney.com/news,002055,1709437368.html",2026-07-06 17:10:25
eastmoney_guba,002055,1709450278,可以无脑入了，必须要涨停,,经纶有余地戴沐白,7975326559790516,2026-05-18 09:54:32,54,2,0,0,False,False,"https://guba.eastmoney.com/news,002055,1709450278.html",2026-07-06 17:10:25
eastmoney_guba,002055,1709464877,太给力了,,专业薅龙大羊毛,3804047346586666,2026-05-18 09:59:46,35,0,0,0,False,False,"https://guba.eastmoney.com/news,002055,1709464877.html",2026-07-06 17:10:25
eastmoney_guba,002055,1709467131,今天卖不了，如果能卖我都忍不住卖了，牛啊涨停涨停,,专业薅龙大羊毛,3804047346586666,2026-05-18 10:00:38,31,0,0,0,False,False,"https://guba.eastmoney.com/news,002055,1709467131.html",2026-07-06 17:10:25
eastmoney_guba,002055,1709475904,持续买入，猛虎吃牛，得润八百块，三十位数，七十六元不是顶，空钩赔钱坯子,,喜欢低抛高吸,2464137541509222,2026-05-18 10:03:55,34,0,0,0,False,False,"https://guba.eastmoney.com/news,002055,1709475904.html",2026-07-06 17:10:25
eastmoney_guba,002055,1709478948,准备涨停马上买入,,笋岗财经评论,4722486750974742,2026-05-18 10:05:07,55,3,0,0,False,False,"https://guba.eastmoney.com/news,002055,1709478948.html",2026-07-06 17:10:25
eastmoney_guba,002055,1709482370,太强势了我决定全仓不动了，估计有几个涨停板了,,专业薅龙大羊毛,3804047346586666,2026-05-18 10:06:33,55,1,0,0,False,False,"https://guba.eastmoney.com/news,002055,1709482370.html",2026-07-06 17:10:25
eastmoney_guba,002055,1709484138,发力了,,就是爱喝阿萨姆,8196057763473380,2026-05-18 10:07:10,43,0,0,0,True,False,"https://guba.eastmoney.com/news,002055,1709484138.html",2026-07-06 17:10:25
eastmoney_guba,002055,1709491865,国际资本来了,,在A股赚彩礼,2227067549591522,2026-05-18 10:10:14,36,0,0,0,False,False,"https://guba.eastmoney.com/news,002055,1709491865.html",2026-07-06 17:10:25
eastmoney_guba,002055,1709501689,买，抢，晚上重磅消息,,在A股赚彩礼,2227067549591522,2026-05-18 10:13:57,35,0,0,0,False,False,"https://guba.eastmoney.com/news,002055,1709501689.html",2026-07-06 17:10:25
eastmoney_guba,002055,1709501986,这日线图走的，跟似的，看着就香,,浮盈加仓8888,7509007340967950,2026-05-18 10:14:03,67,2,0,0,False,False,"https://guba.eastmoney.com/news,002055,1709501986.html",2026-07-06 17:10:25
eastmoney_guba,002055,1709505199,今天要回封这是必须的！！！,,好风长吟,4179386109771602,2026-05-18 10:15:21,36,0,0,0,False,False,"https://guba.eastmoney.com/news,002055,1709505199.html",2026-07-06 17:10:25
eastmoney_guba,002055,1709511410,走了润子，再也不见,,梦想成真945,6933326091029750,2026-05-18 10:17:53,164,2,0,0,True,False,"https://guba.eastmoney.com/news,002055,1709511410.html",2026-07-06 17:10:25
eastmoney_guba,002055,1709519987,国资委收购转型注入优质资产马上创新高突破76元002055,,后贝加尔斯克,7154013321195756,2026-05-18 10:21:32,131,2,0,0,False,False,"https://guba.eastmoney.com/news,002055,1709519987.html",2026-07-06 17:10:23
eastmoney_guba,002055,1709520031,一毛不卖相信主力哥哥会给我口肉吃,,豪爽大气的爱虔,7278097582475244,2026-05-18 10:21:34,32,0,0,0,False,False,"https://guba.eastmoney.com/news,002055,1709520031.html",2026-07-06 17:10:25
eastmoney_guba,002055,1709521400,NND，终于舍得涨停了,,冰河世纪的鱼,4424097010836990,2026-05-18 10:22:10,72,1,0,0,False,False,"https://guba.eastmoney.com/news,002055,1709521400.html",2026-07-06 17:10:25
eastmoney_guba,002055,1709523215,就这么涨停了，真没啥意思，这个股这点不好，5个点就不涨,,大道唐小二啊,8957446816077876,2026-05-18 10:22:57,46,0,0,0,False,False,"https://guba.eastmoney.com/news,002055,1709523215.html",2026-07-06 17:10:25
eastmoney_guba,002055,1709526785,算力相关的光模块涨疯了，算力相关的铜缆高速连接总算有个涨停了。,,轻盈跳跃的八哥,5366315762063082,2026-05-18 10:24:32,42,0,0,0,False,False,"https://guba.eastmoney.com/news,002055,1709526785.html",2026-07-06 17:10:25
eastmoney_guba,002055,1709528494,应该有5个涨停板吧,,不戴墨镜的小马哥,3406017343280268,2026-05-18 10:25:14,42,1,0,0,False,False,"https://guba.eastmoney.com/news,002055,1709528494.html",2026-07-06 17:10:25
eastmoney_guba,002055,1709529989,今天做t的后悔不,,晴天ooo,4265316443835344,2026-05-18 10:25:54,51,1,0,0,False,False,"https://guba.eastmoney.com/news,002055,1709529989.html",2026-07-06 17:10:25
eastmoney_guba,002055,1709530874,有啥利好吗，突然涨停不适应呀,,四只羊十2,2142356529765010,2026-05-18 10:26:19,66,1,1,0,False,False,"https://guba.eastmoney.com/news,002055,1709530874.html",2026-07-06 17:10:25
eastmoney_guba,002055,1709543491,首板量也这么小，看来控死了,,o痕迹o,4802306288363612,2026-05-18 10:32:03,38,0,0,0,False,False,"https://guba.eastmoney.com/news,002055,1709543491.html",2026-07-06 17:10:25
eastmoney_guba,002055,1709547735,得润居然涨停了，千年等一回。,,底牌真贵,4197094013566998,2026-05-18 10:34:00,37,0,0,0,False,False,"https://guba.eastmoney.com/news,002055,1709547735.html",2026-07-06 17:10:25
eastmoney_guba,002055,1709548972,已到广州，明天去鹤山,,笑逐颜开的龚艳,2079345942814724,2026-05-18 10:34:34,382,7,0,0,False,False,"https://guba.eastmoney.com/news,002055,1709548972.html",2026-07-06 17:10:21
eastmoney_guba,002055,1709550335,很多宝的60多万洗出去了，哈哈，哥却一直在加仓,,在A股赚彩礼,2227067549591522,2026-05-18 10:35:12,158,5,0,0,False,False,"https://guba.eastmoney.com/news,002055,1709550335.html",2026-07-06 17:10:25
eastmoney_guba,002055,1709559446,这周如果连续涨停。空钩还会叫吗。,,笋岗财经评论,4722486750974742,2026-05-18 10:39:36,34,0,0,0,False,False,"https://guba.eastmoney.com/news,002055,1709559446.html",2026-07-06 17:10:25
eastmoney_guba,002055,1709563281,本周五连板，年内创新高，股价上百元002055,,后贝加尔斯克,7154013321195756,2026-05-18 10:41:33,146,6,0,0,False,False,"https://guba.eastmoney.com/news,002055,1709563281.html",2026-07-06 17:10:23
eastmoney_guba,002055,1709572161,昨天那个大哥说今天涨停的？？？感谢这个大哥,,得润两位数,3290024582242248,2026-05-18 10:46:08,39,0,0,0,False,False,"https://guba.eastmoney.com/news,002055,1709572161.html",2026-07-06 17:10:25
eastmoney_guba,002055,1709579721,一个停板按照润子的德性说不定下午还会炸开，就把你们能的想一周都来5个板，周末没有,,股友321R97995H,6879356341941596,2026-05-18 10:50:13,63,1,0,0,False,False,"https://guba.eastmoney.com/news,002055,1709579721.html",2026-07-06 17:10:25
eastmoney_guba,002055,1709582186,涨一点牛鬼蛇神出来崔了,,沈阳芭菲菜,1764326049115564,2026-05-18 10:51:37,40,0,0,0,False,False,"https://guba.eastmoney.com/news,002055,1709582186.html",2026-07-06 17:10:25
eastmoney_guba,002055,1709591724,T了，T飞了，得润不是喜欢炸板吗，今天怎么不炸了,,每一步小心点,6604355536709004,2026-05-18 10:56:49,35,0,0,0,False,False,"https://guba.eastmoney.com/news,002055,1709591724.html",2026-07-06 17:10:25
eastmoney_guba,002055,1709593951,打开呀！我不该卖呀,,生钱宝,8519395724600952,2026-05-18 10:58:04,57,1,0,0,False,False,"https://guba.eastmoney.com/news,002055,1709593951.html",2026-07-06 17:10:25
eastmoney_guba,002055,1709612906,首板不会开板，后面看好。,,堆金如意de祖千秋,4773115361946276,2026-05-18 11:09:07,38,0,0,0,False,False,"https://guba.eastmoney.com/news,002055,1709612906.html",2026-07-06 17:10:25
eastmoney_guba,002055,1709616056,好好珍惜,,烟台G4528,8468094577868332,2026-05-18 11:11:09,51,0,1,0,False,False,"https://guba.eastmoney.com/news,002055,1709616056.html",2026-07-06 17:10:25
eastmoney_guba,002055,1709639681,别卖啊，这么好机会都把握不住怎么发财啊,,专业薅龙大羊毛,3804047346586666,2026-05-18 11:26:03,45,0,0,0,False,False,"https://guba.eastmoney.com/news,002055,1709639681.html",2026-07-06 17:10:25
eastmoney_guba,002055,1709653463,这是要准备收购？,,笑看风云飞,2591114904314400,2026-05-18 11:39:05,42,0,0,0,False,False,"https://guba.eastmoney.com/news,002055,1709653463.html",2026-07-06 17:10:25
eastmoney_guba,002055,1709671781,还会回落的。不看好的，一下跌就啰里八嗦的。不亏就把筹码交给主力让主力好做事。人都,,见好就收5859,3960047762213936,2026-05-18 12:21:16,60,0,0,0,False,False,"https://guba.eastmoney.com/news,002055,1709671781.html",2026-07-06 17:10:25
eastmoney_guba,002055,1709678741,t飞半仓真是窝草了,,股友2CL1625298,6613037356124308,2026-05-18 12:42:29,101,3,0,0,False,False,"https://guba.eastmoney.com/news,002055,1709678741.html",2026-07-06 17:10:23
eastmoney_guba,002055,1709681476,得润电子是张雪机车的供应商？,,在A股赚彩礼,2227067549591522,2026-05-18 12:50:47,240,3,0,0,False,False,"https://guba.eastmoney.com/news,002055,1709681476.html",2026-07-06 17:10:23
eastmoney_guba,002055,1709693637,十连扳都回不了本,,进取地卡卡西,6255366470907314,2026-05-18 13:03:22,191,6,0,0,False,False,"https://guba.eastmoney.com/news,002055,1709693637.html",2026-07-06 17:10:23
eastmoney_guba,002055,1709702721,总算等到主升浪,,月几又衣申,6889305978281506,2026-05-18 13:09:54,124,3,0,0,False,False,"https://guba.eastmoney.com/news,002055,1709702721.html",2026-07-06 17:10:12
eastmoney_guba,002055,1709730672,这2个是互相竞争，轮流涨停！！,,海纳兆川,1612615257916390,2026-05-18 13:28:52,311,2,0,0,False,False,"https://guba.eastmoney.com/news,002055,1709730672.html",2026-07-06 17:10:23
eastmoney_guba,002055,1709732664,今天下午没人卖了，封单也多了，有希望连板了,,专业薅龙大羊毛,3804047346586666,2026-05-18 13:30:17,48,0,0,0,False,False,"https://guba.eastmoney.com/news,002055,1709732664.html",2026-07-06 17:10:23
eastmoney_guba,002055,1709809648,一千多万的封单而已，得润也没有连版的基因，一日游而已,,审时度势富贵在天,6384366298778704,2026-05-18 14:22:22,61,0,0,0,False,False,"https://guba.eastmoney.com/news,002055,1709809648.html",2026-07-06 17:10:23
eastmoney_guba,002055,1709825224,都差一点炸板了，明天顶多1个点利润，大盘这么弱，保佑明天不低开就可以了,,每一步小心点,6604355536709004,2026-05-18 14:33:03,88,1,1,0,False,False,"https://guba.eastmoney.com/news,002055,1709825224.html",2026-07-06 17:10:23
eastmoney_guba,002055,1709876503,呵呵走的挺好，不错不错,,wjxhx,6560013752324024,2026-05-18 15:11:10,40,0,0,0,False,False,"https://guba.eastmoney.com/news,002055,1709876503.html",2026-07-06 17:10:23
eastmoney_guba,002055,1709883373,还不如给张雪机车借壳上市,,最爱软兜,3218356057686108,2026-05-18 15:23:19,79,2,0,0,False,False,"https://guba.eastmoney.com/news,002055,1709883373.html",2026-07-06 17:10:23
eastmoney_guba,002055,1709900031,今天的涨停，把5、10、20、30、60都踩在了脚下！建仓以来，第一次看见这么牛,,遥远的塞纳河888,9037094342652420,2026-05-18 15:53:56,278,3,0,0,False,False,"https://guba.eastmoney.com/news,002055,1709900031.html",2026-07-06 17:10:21
eastmoney_guba,002055,1709914187,弱弱的问一句，明天会连板吗？,,长期致胜地香蕉,7781346331396298,2026-05-18 16:32:33,248,5,0,0,False,False,"https://guba.eastmoney.com/news,002055,1709914187.html",2026-07-06 17:10:23
eastmoney_guba,002055,1709919972,吧，说好的到5.5呢？,,墨非2030,1473406724911440,2026-05-18 16:48:34,45,0,0,0,False,False,"https://guba.eastmoney.com/news,002055,1709919972.html",2026-07-06 17:10:23
eastmoney_guba,002055,1709926068,铜缆高速连接概念涨2.14%，主力资金净流入这些股,,华工科技资讯,2590113638304866,2026-05-18 17:06:49,2704,1,8,0,False,False,"https://guba.eastmoney.com/news,002055,1709926068.html",2026-07-06 17:10:23
eastmoney_guba,002055,1709932358,顶多一个板，太弱了,,财富自选股,8904113740107672,2026-05-18 17:26:09,187,5,0,0,False,False,"https://guba.eastmoney.com/news,002055,1709932358.html",2026-07-06 17:10:23
eastmoney_guba,002055,1709935815,亏钱死抗，回本就跑，这就是韭菜的日常操作，都板了，肯定格局，一股不买，连着涨停,,不戴墨镜的小马哥,3406017343280268,2026-05-18 17:37:12,99,2,0,0,False,False,"https://guba.eastmoney.com/news,002055,1709935815.html",2026-07-06 17:10:23
eastmoney_guba,002055,1709939949,今天很润,,勇敢无畏的马菡,5097137636877484,2026-05-18 17:50:33,45,0,0,0,False,False,"https://guba.eastmoney.com/news,002055,1709939949.html",2026-07-06 17:10:23
eastmoney_guba,002055,1709944444,怎么？今天跟板块走了？,,小米su8,9768047608728522,2026-05-18 18:06:18,36,0,0,0,False,False,"https://guba.eastmoney.com/news,002055,1709944444.html",2026-07-06 17:10:23
eastmoney_guba,002055,1709951182,今天也不给个牛逼的公告？,,我在情绪之外,9194047483250996,2026-05-18 18:30:42,148,3,0,0,False,False,"https://guba.eastmoney.com/news,002055,1709951182.html",2026-07-06 17:10:23
eastmoney_guba,002055,1709956428,这波AI芯片相关股票都会大涨，一定拿好了,,专业薅龙大羊毛,3804047346586666,2026-05-18 18:49:17,77,2,0,0,False,False,"https://guba.eastmoney.com/news,002055,1709956428.html",2026-07-06 17:10:23
eastmoney_guba,002055,1709959195,高低切,,一切都是虚的,9157075009070820,2026-05-18 18:59:02,36,0,0,0,False,False,"https://guba.eastmoney.com/news,002055,1709959195.html",2026-07-06 17:10:23
eastmoney_guba,002055,1709959720,$*ST易录(SZ300212)$$ST得润(SZ002055)$$ST棕榈(S,,辻弌仙姑,5443355523836254,2026-05-18 19:00:50,2261,3,4,0,True,False,"https://guba.eastmoney.com/news,002055,1709959720.html",2026-07-06 17:10:23
eastmoney_guba,002055,1709960156,被洗出来的朋友明天追不追,,一切都是虚的,9157075009070820,2026-05-18 19:02:19,53,0,0,0,False,False,"https://guba.eastmoney.com/news,002055,1709960156.html",2026-07-06 17:10:23
eastmoney_guba,002055,1709960244,张雪机车才有多大市场容量？？傻啦吧唧的,,周焱森,6617057116840664,2026-05-18 19:02:40,80,1,0,0,False,False,"https://guba.eastmoney.com/news,002055,1709960244.html",2026-07-06 17:10:23
eastmoney_guba,002055,1709994573,本周五个连板，周末出公告，下周起停牌002055,,后贝加尔斯克,7154013321195756,2026-05-18 21:06:22,186,4,0,0,False,False,"https://guba.eastmoney.com/news,002055,1709994573.html",2026-07-06 17:10:23
eastmoney_guba,002055,1709995224,高速连接器加芯片002055,,后贝加尔斯克,7154013321195756,2026-05-18 21:08:39,127,3,0,0,False,False,"https://guba.eastmoney.com/news,002055,1709995224.html",2026-07-06 17:10:23
eastmoney_guba,002055,1710011019,吆喝，这不是得润电子吗好久不见怎么st了哈哈哈,,上涨终结者买必跌,6273395868336190,2026-05-18 22:03:48,59,0,0,0,False,False,"https://guba.eastmoney.com/news,002055,1710011019.html",2026-07-06 17:10:23
eastmoney_guba,002055,1710014543,在深圳，它这个大楼就值30亿！现在，市值才37亿,,遥远的塞纳河888,9037094342652420,2026-05-18 22:15:34,1525,10,2,0,True,False,"https://guba.eastmoney.com/news,002055,1710014543.html",2026-07-06 17:10:23
eastmoney_guba,002055,1710022146,25年，得润营收45亿！26年营收预估52亿！（看看它的同行业市销率：普通连接器,,遥远的塞纳河888,9037094342652420,2026-05-18 22:45:49,600,2,1,0,False,False,"https://guba.eastmoney.com/news,002055,1710022146.html",2026-07-06 17:10:23
eastmoney_guba,002055,1710042381,传闻，世运电路收购一部分股权，控股st得润。,,股哥ZHONG,7442355620206692,2026-05-19 02:13:17,363,6,0,0,False,False,"https://guba.eastmoney.com/news,002055,1710042381.html",2026-07-06 17:10:23
eastmoney_guba,002055,1710043347,财务虚假记载频发 今年已有10家公司因此被“ST” ST公司三大造假“财技”浮现,,ST际华资讯,6234113638554008,2026-05-19 02:44:50,12387,32,19,0,False,False,"https://guba.eastmoney.com/news,002055,1710043347.html",2026-07-06 17:08:29
eastmoney_guba,002055,1710052596,@妙想挂单量,,张皓禹,5828345841640580,2026-05-19 06:40:50,97,1,1,0,False,False,"https://guba.eastmoney.com/news,002055,1710052596.html",2026-07-06 17:10:23
eastmoney_guba,002055,1710053075,涨停涨停涨停涨停涨停涨停涨停涨停涨停涨停涨停涨停,,专业薅龙大羊毛,3804047346586666,2026-05-19 06:47:08,32,0,0,0,False,False,"https://guba.eastmoney.com/news,002055,1710053075.html",2026-07-06 17:10:23
eastmoney_guba,002055,1710061423,这只股要有耐心，，要有耐心,,牛一层,3498094473601712,2026-05-19 07:53:55,47,0,0,0,False,False,"https://guba.eastmoney.com/news,002055,1710061423.html",2026-07-06 17:10:23
eastmoney_guba,002055,1710070538,今天完了吧,,财富自选股,8904113740107672,2026-05-19 08:37:34,65,1,0,0,False,False,"https://guba.eastmoney.com/news,002055,1710070538.html",2026-07-06 17:10:23
eastmoney_guba,002055,1710072279,涨停涨停涨停涨停涨停涨停涨停涨停涨停涨停涨停涨停涨停涨停涨停涨停,,专业薅龙大羊毛,3804047346586666,2026-05-19 08:45:34,35,0,0,0,False,False,"https://guba.eastmoney.com/news,002055,1710072279.html",2026-07-06 17:10:23
eastmoney_guba,002055,1710082653,给点鼓励给个大红吧，我保证卖了,,专业薅龙大羊毛,3804047346586666,2026-05-19 09:13:19,29,0,0,0,False,False,"https://guba.eastmoney.com/news,002055,1710082653.html",2026-07-06 17:10:23
eastmoney_guba,002055,1710084065,涨停涨停涨停涨停了哈哈哈哈哈哈哈哈哈哈哈好,,专业薅龙大羊毛,3804047346586666,2026-05-19 09:15:49,44,0,0,0,False,False,"https://guba.eastmoney.com/news,002055,1710084065.html",2026-07-06 17:10:23
eastmoney_guba,002055,1710084446,这次德润太给力了哈哈哈哈哈哈哈哈哈哈哈哈好,,专业薅龙大羊毛,3804047346586666,2026-05-19 09:16:24,48,0,0,0,False,False,"https://guba.eastmoney.com/news,002055,1710084446.html",2026-07-06 17:10:23
eastmoney_guba,002055,1710089905,连板走起连板至周五周未出公告重组并购002055,,后贝加尔斯克,7154013321195756,2026-05-19 09:21:23,102,2,4,0,False,False,"https://guba.eastmoney.com/news,002055,1710089905.html",2026-07-06 17:10:23
eastmoney_guba,002055,1710092037,今天小心高开低走收绿,,财富自选股,8904113740107672,2026-05-19 09:23:46,65,1,0,0,False,False,"https://guba.eastmoney.com/news,002055,1710092037.html",2026-07-06 17:10:23
eastmoney_guba,002055,1710092461,撑不住的,,得润两位数,3290024582242248,2026-05-19 09:24:16,78,3,0,0,False,False,"https://guba.eastmoney.com/news,002055,1710092461.html",2026-07-06 17:10:23
eastmoney_guba,002055,1710102868,九个点我撤了，留下的兄弟们发财，一天七万收入谁不服,,专业薅龙大羊毛,3804047346586666,2026-05-19 09:26:23,235,9,0,0,False,False,"https://guba.eastmoney.com/news,002055,1710102868.html",2026-07-06 17:10:23
eastmoney_guba,002055,1710119425,马上会创新高突破76元上百元002055,,后贝加尔斯克,7154013321195756,2026-05-19 09:33:01,62,2,0,0,False,False,"https://guba.eastmoney.com/news,002055,1710119425.html",2026-07-06 17:10:23
eastmoney_guba,002055,1710123950,cpu，gpu，光模块，都需要连接器，需求量很大,,股友016F5960g1,8259356005074068,2026-05-19 09:34:24,58,0,0,0,False,False,"https://guba.eastmoney.com/news,002055,1710123950.html",2026-07-06 17:10:23
eastmoney_guba,002055,1710127011,控钩叫啊是不是旺旺旺。肯定旺啊。15元见,,笋岗财经评论,4722486750974742,2026-05-19 09:35:19,65,2,0,0,False,False,"https://guba.eastmoney.com/news,002055,1710127011.html",2026-07-06 17:10:23
eastmoney_guba,002055,1710140843,缩量封板这次厉害了，一路翻倍了,,专业薅龙大羊毛,3804047346586666,2026-05-19 09:39:25,36,0,0,0,False,False,"https://guba.eastmoney.com/news,002055,1710140843.html",2026-07-06 17:10:23
eastmoney_guba,002055,1710144731,可惜没卖，继续挣钱哈哈哈哈哈哈哈哈哈哈哈哈,,专业薅龙大羊毛,3804047346586666,2026-05-19 09:40:36,38,0,0,0,False,False,"https://guba.eastmoney.com/news,002055,1710144731.html",2026-07-06 17:10:23
eastmoney_guba,002055,1710145279,舒服。安逸。,,柠檬的泞,2031255613402448,2026-05-19 09:40:46,49,0,0,0,False,False,"https://guba.eastmoney.com/news,002055,1710145279.html",2026-07-06 17:10:23
eastmoney_guba,002055,1710149638,[梭哈][梭哈][梭哈],,不割肉只追涨,2420134767743004,2026-05-19 09:42:12,43,0,0,0,False,False,"https://guba.eastmoney.com/news,002055,1710149638.html",2026-07-06 17:10:23
eastmoney_guba,002055,1710184861,观察中，一直没下手。,,山东济宁野狼他爸,5206396277323974,2026-05-19 09:54:02,125,2,0,0,True,False,"https://guba.eastmoney.com/news,002055,1710184861.html",2026-07-06 17:10:14
eastmoney_guba,002055,1710185121,二板定龙头,,好风长吟,4179386109771602,2026-05-19 09:54:07,48,0,0,0,False,False,"https://guba.eastmoney.com/news,002055,1710185121.html",2026-07-06 17:10:23
eastmoney_guba,002055,1710191704,继续加油,,基民rF1OFG,4796345766473606,2026-05-19 09:56:16,36,0,0,0,False,False,"https://guba.eastmoney.com/news,002055,1710191704.html",2026-07-06 17:10:23
eastmoney_guba,002055,1710193880,6.28前面的成交了，我的没成交？卧操了,,神的指示,2871094479196724,2026-05-19 09:57:04,44,0,0,0,False,False,"https://guba.eastmoney.com/news,002055,1710193880.html",2026-07-06 17:10:23
eastmoney_guba,002055,1710195121,这2个！！那个是龙头！！减持的，不是时候！！！,,海纳兆川,1612615257916390,2026-05-19 09:57:29,241,3,0,0,False,False,"https://guba.eastmoney.com/news,002055,1710195121.html",2026-07-06 17:10:23
eastmoney_guba,002055,1710200003,我越来越发现，马良是个大智若愚的高手,,笑hahalo,4138365782422336,2026-05-19 09:59:15,91,1,0,0,False,False,"https://guba.eastmoney.com/news,002055,1710200003.html",2026-07-06 17:10:23
eastmoney_guba,002055,1710215006,新龙头：st得润,,在A股赚彩礼,2227067549591522,2026-05-19 10:04:30,50,0,0,0,False,False,"https://guba.eastmoney.com/news,002055,1710215006.html",2026-07-06 17:10:23
eastmoney_guba,002055,1710242700,龙头的特征很明显了，很难开板了，缩量封板，后边应该没成交量了，开始锁仓了,,专业薅龙大羊毛,3804047346586666,2026-05-19 10:14:52,89,1,0,0,False,False,"https://guba.eastmoney.com/news,002055,1710242700.html",2026-07-06 17:10:23
eastmoney_guba,002055,1710248139,前几天说过了，这票目前只要拿得住，长线必番倍,,sgzt123,4123013776698802,2026-05-19 10:17:02,49,0,1,0,False,False,"https://guba.eastmoney.com/news,002055,1710248139.html",2026-07-06 17:10:23
eastmoney_guba,002055,1710278470,世运电路收购十深圳国资委入股002055,,后贝加尔斯克,7154013321195756,2026-05-19 10:30:21,101,1,0,0,False,False,"https://guba.eastmoney.com/news,002055,1710278470.html",2026-07-06 17:10:23
eastmoney_guba,002055,1710279136,2个科技企业都买了，成年人不做选择！！！,,海纳兆川,1612615257916390,2026-05-19 10:30:39,108,0,0,0,False,False,"https://guba.eastmoney.com/news,002055,1710279136.html",2026-07-06 17:10:23
eastmoney_guba,002055,1710300982,我为什么没看到任何收购的消息呢？是空穴来风吗？,,何日归还,2422086972813766,2026-05-19 10:41:10,219,5,2,0,False,False,"https://guba.eastmoney.com/news,002055,1710300982.html",2026-07-06 17:10:23
eastmoney_guba,002055,1710315141,涨停卖飞了你这垃圾，今天换了这个，,,每一步小心点,6604355536709004,2026-05-19 10:48:25,391,1,0,0,True,False,"https://guba.eastmoney.com/news,002055,1710315141.html",2026-07-06 17:10:23
eastmoney_guba,002055,1710326940,http://s.pingan.com/BGWZZjd,,后贝加尔斯克,7154013321195756,2026-05-19 10:54:47,88,0,0,0,False,False,"https://guba.eastmoney.com/news,002055,1710326940.html",2026-07-06 17:10:23
eastmoney_guba,002055,1710345120,看到30块，冲啊,,超牛散,1103255829119292,2026-05-19 11:05:23,43,0,0,0,False,False,"https://guba.eastmoney.com/news,002055,1710345120.html",2026-07-06 17:10:23
eastmoney_guba,002055,1710349942,财不入急门，一百多天的等待，终于有回报了！！,,只为赚999万,2439047277939938,2026-05-19 11:08:09,109,2,2,0,False,False,"https://guba.eastmoney.com/news,002055,1710349942.html",2026-07-06 17:10:21
eastmoney_guba,002055,1710355358,得润封单还在增多啊,,得润两位数,3290024582242248,2026-05-19 11:11:17,78,1,0,0,False,False,"https://guba.eastmoney.com/news,002055,1710355358.html",2026-07-06 17:10:23
eastmoney_guba,002055,1710376470,兄弟们我封仓卸载软件一年，我怕涨到80元实在不敢看，一年后摘帽了再回来，明年见,,专业薅龙大羊毛,3804047346586666,2026-05-19 11:24:23,242,6,0,0,False,False,"https://guba.eastmoney.com/news,002055,1710376470.html",2026-07-06 17:10:23
eastmoney_guba,002055,1710379678,啥消息木有也该修复性涨了，不是吗,,股友100zG51075,9531346262250688,2026-05-19 11:26:31,46,0,0,0,False,False,"https://guba.eastmoney.com/news,002055,1710379678.html",2026-07-06 17:10:23
eastmoney_guba,002055,1710393770,这两天很强啊,,敬畏市场随遇而安,5338345996428272,2026-05-19 11:42:24,44,0,0,0,False,False,"https://guba.eastmoney.com/news,002055,1710393770.html",2026-07-06 17:10:23
eastmoney_guba,002055,1710393822,这种应该属于内幕了，啥公告没有，直接2个涨停，难道有人提前知道消息了？？,,笑看风云飞,2591114904314400,2026-05-19 11:42:30,205,2,1,0,False,False,"https://guba.eastmoney.com/news,002055,1710393822.html",2026-07-06 17:10:23
eastmoney_guba,002055,1710408573,还有三个涨停，,,松鹤的宿濂,2490034614534630,2026-05-19 12:19:03,58,0,0,0,False,False,"https://guba.eastmoney.com/news,002055,1710408573.html",2026-07-06 17:10:23
eastmoney_guba,002055,1710417961,我套在21块已经九年了，这次必须解套,,xxjid88,4474085011653056,2026-05-19 12:49:42,124,2,0,0,False,False,"https://guba.eastmoney.com/news,002055,1710417961.html",2026-07-06 17:10:23
eastmoney_guba,002055,1710418377,牛啊，不注意你两个板了,,投机市场,3827316057729008,2026-05-19 12:51:04,62,1,0,0,False,False,"https://guba.eastmoney.com/news,002055,1710418377.html",2026-07-06 17:10:23
eastmoney_guba,002055,1710428469,得润不爱我了,,小楠哦,6927097023602198,2026-05-19 13:01:24,47,0,0,0,False,False,"https://guba.eastmoney.com/news,002055,1710428469.html",2026-07-06 17:10:23
eastmoney_guba,002055,1710439114,快点开班我要进去,,湘D峡谷野王,4390365943034164,2026-05-19 13:09:11,52,0,0,0,False,False,"https://guba.eastmoney.com/news,002055,1710439114.html",2026-07-06 17:10:23
eastmoney_guba,002055,1710441016,啥意思，我十四号满仓唆哈，你就不能多横盘震荡几天吗？天天涨停，让我卖了一半不给我,,A股割肉机,7523456815617590,2026-05-19 13:10:27,653,0,0,0,True,False,"https://guba.eastmoney.com/news,002055,1710441016.html",2026-07-06 17:10:23
eastmoney_guba,002055,1710452452,本周是打不开封板的。周末有利好公告。下周再连板先站上20关再震荡后创历史新高76,,后贝加尔斯克,7154013321195756,2026-05-19 13:18:10,412,8,1,0,False,False,"https://guba.eastmoney.com/news,002055,1710452452.html",2026-07-06 17:10:23
eastmoney_guba,002055,1710502226,问一下，谁是第一大控股股东？,,悟空还泪,7492007290401242,2026-05-19 13:49:28,127,2,0,0,False,False,"https://guba.eastmoney.com/news,002055,1710502226.html",2026-07-06 17:10:23
eastmoney_guba,002055,1710538406,这点筹码也能封这么死,,风尘一粒沙,9408395688667408,2026-05-19 14:13:09,252,5,0,0,False,False,"https://guba.eastmoney.com/news,002055,1710538406.html",2026-07-06 17:10:23
eastmoney_guba,002055,1710564382,我11块的本有机会回来吗,,暴走小虾米,8192346101645860,2026-05-19 14:29:44,275,1,0,0,False,False,"https://guba.eastmoney.com/news,002055,1710564382.html",2026-07-06 17:10:23
eastmoney_guba,002055,1710577295,珍惜这最后时间的5厘米吧先来5个板再说,,得润两位数,3290024582242248,2026-05-19 14:37:29,171,4,0,0,False,False,"https://guba.eastmoney.com/news,002055,1710577295.html",2026-07-06 17:10:21
eastmoney_guba,002055,1710611729,今天的表现特别猛，涨停突破左边的平台，会不会是21号的股东大会有利好？期待,,独立的凌翰5,4935345939513282,2026-05-19 14:56:30,133,1,0,0,False,False,"https://guba.eastmoney.com/news,002055,1710611729.html",2026-07-06 17:10:23
eastmoney_guba,002055,1710640650,7月份开始就没有5厘米涨幅限制了,,经纶有余地戴沐白,7975326559790516,2026-05-19 15:30:12,169,3,0,0,False,False,"https://guba.eastmoney.com/news,002055,1710640650.html",2026-07-06 17:10:21
eastmoney_guba,002055,1710661421,目标价10,,股神小方,7365496595006968,2026-05-19 16:15:50,143,3,0,0,False,False,"https://guba.eastmoney.com/news,002055,1710661421.html",2026-07-06 17:10:21
eastmoney_guba,002055,1710666634,墙头草集中营,,股友M0N50T,6996315517673246,2026-05-19 16:30:53,52,0,0,0,False,False,"https://guba.eastmoney.com/news,002055,1710666634.html",2026-07-06 17:10:21
eastmoney_guba,002055,1710675672,$ST金鸿(SZ000669)$$ST喜临门(SH603008)$$ST得润(S,,辻弌仙姑,5443355523836254,2026-05-19 16:56:22,879,0,0,0,True,False,"https://guba.eastmoney.com/news,002055,1710675672.html",2026-07-06 17:10:21
eastmoney_guba,002055,1710676685,看好得润，但它和大企业之间的关系好像去年戴帽前就否认了吧，现在怎么还有人在传,,股友8601207a1I,3862416881318376,2026-05-19 16:58:53,129,2,0,0,False,False,"https://guba.eastmoney.com/news,002055,1710676685.html",2026-07-06 17:10:21
eastmoney_guba,002055,1710679163,别光盯着“收购传闻”，先看看公司头上的“ST”帽子摘了吗？财务造假处罚刚落地（5,,有创造力的邱锐19,9726077192004222,2026-05-19 17:06:30,414,7,1,0,False,False,"https://guba.eastmoney.com/news,002055,1710679163.html",2026-07-06 17:10:21
eastmoney_guba,002055,1710679496,得润股权分散，但拍卖结果充满变数。原大股东持股已降至5.68%，公司处于无实控人,,股友915K57H207,3920446881346282,2026-05-19 17:07:23,481,10,0,0,False,False,"https://guba.eastmoney.com/news,002055,1710679496.html",2026-07-06 17:10:21
eastmoney_guba,002055,1710680113,2023-2025年扣非净利润连续为负，管理层表示要聚焦高速连接器，但扭亏为盈，,,买的股票都涨,6785094333803272,2026-05-19 17:09:12,284,3,0,0,False,False,"https://guba.eastmoney.com/news,002055,1710680113.html",2026-07-06 17:10:21
eastmoney_guba,002055,1710697398,不错，明天很大几率三连板！,,怀化辉煌,6160094267018322,2026-05-19 18:04:28,143,2,0,0,False,False,"https://guba.eastmoney.com/news,002055,1710697398.html",2026-07-06 17:10:21
eastmoney_guba,002055,1710697796,摘帽后改名得润科技。,,堆金如意de祖千秋,4773115361946276,2026-05-19 18:05:39,120,2,0,0,False,False,"https://guba.eastmoney.com/news,002055,1710697796.html",2026-07-06 17:10:21
eastmoney_guba,002055,1710704556,无量涨停，抛压极小且全是散户小单，符合大牛股启动时的征兆，连板模式！,,后贝加尔斯克,7154013321195756,2026-05-19 18:28:28,438,5,2,0,False,False,"https://guba.eastmoney.com/news,002055,1710704556.html",2026-07-06 17:10:21
eastmoney_guba,002055,1710730357,得润严重落后于大盘,,专注上涨趋势,1748095089831338,2026-05-19 20:05:10,246,4,0,0,False,False,"https://guba.eastmoney.com/news,002055,1710730357.html",2026-07-06 17:10:05
eastmoney_guba,002055,1710733319,没业绩，就想大客户，但目前来看，都没有好吧，这别整个杀猪盘，那就吓人了,,股友8601207a1I,3862416881318376,2026-05-19 20:16:11,50,0,0,0,False,False,"https://guba.eastmoney.com/news,002055,1710733319.html",2026-07-06 17:10:21
eastmoney_guba,002055,1710733544,啥消息都没有就说预期，也没业绩，这不是纯骗吗,,股友8601207a1I,3862416881318376,2026-05-19 20:16:57,57,0,0,0,False,False,"https://guba.eastmoney.com/news,002055,1710733544.html",2026-07-06 17:10:21
eastmoney_guba,002055,1710734936,没业绩就说预期，客户群体想一个想两个，和得润有关系吗，骗新手？还是杀猪盘？,,股友915K57H207,3920446881346282,2026-05-19 20:22:26,61,0,0,0,False,False,"https://guba.eastmoney.com/news,002055,1710734936.html",2026-07-06 17:10:21
eastmoney_guba,002055,1710735583,得润还是有东西的，只是大股东被人做局了,,火红豆豆,3797325807119116,2026-05-19 20:24:52,1277,2,0,0,True,False,"https://guba.eastmoney.com/news,002055,1710735583.html",2026-07-06 17:10:21
eastmoney_guba,002055,1710738069,都在骗,,xxjid88,4474085011653056,2026-05-19 20:34:19,52,0,0,0,False,False,"https://guba.eastmoney.com/news,002055,1710738069.html",2026-07-06 17:10:21
eastmoney_guba,002055,1710742310,低价低估是最大的利好，可怜有些人还在寻找利好消息,,堆金成金地祖千秋,2450074911439328,2026-05-19 20:48:49,78,0,0,0,False,False,"https://guba.eastmoney.com/news,002055,1710742310.html",2026-07-06 17:10:21
eastmoney_guba,002055,1710746974,现在的市场就是这样，5元没人买，等到10元抢着买,,经纶有余地戴沐白,7975326559790516,2026-05-19 21:05:49,96,1,0,0,False,False,"https://guba.eastmoney.com/news,002055,1710746974.html",2026-07-06 17:10:21
eastmoney_guba,002055,1710763236,十年前得润上市时，邱家股份占比达到70%。到现在占比只有5%。是减持套现了吗？没,,勤勉的龚麦克,4088406603213972,2026-05-19 22:01:03,388,2,1,0,False,False,"https://guba.eastmoney.com/news,002055,1710763236.html",2026-07-06 17:10:21
eastmoney_guba,002055,1710764186,德润这一波应该先到达9块钱。,,江湖再现尼古拉斯,8183013401511276,2026-05-19 22:04:18,102,2,0,0,False,False,"https://guba.eastmoney.com/news,002055,1710764186.html",2026-07-06 17:10:21
eastmoney_guba,002055,1710767410,英特尔敦促PC厂商转用18A芯片,,垂钓梵河,1790094480175166,2026-05-19 22:15:03,467,1,1,0,False,False,"https://guba.eastmoney.com/news,002055,1710767410.html",2026-07-06 17:10:21
eastmoney_guba,002055,1710769556,赵家入局？,,基民020951l0a5,7581386154213958,2026-05-19 22:22:18,89,1,0,0,False,False,"https://guba.eastmoney.com/news,002055,1710769556.html",2026-07-06 17:10:21
eastmoney_guba,002055,1710780572,用图说话,,crd1011,4366013414977360,2026-05-19 23:10:47,827,2,0,0,True,False,"https://guba.eastmoney.com/news,002055,1710780572.html",2026-07-06 17:10:21
eastmoney_guba,002055,1710786246,为了催票L都不要，一直拉就是翻倍后一地鸡毛,,小动不V,2957094373850772,2026-05-19 23:50:26,86,1,0,0,False,False,"https://guba.eastmoney.com/news,002055,1710786246.html",2026-07-06 17:10:21
eastmoney_guba,002055,1710786704,二季度业绩可以放量了,,笋岗财经评论,4722486750974742,2026-05-19 23:54:00,1200,4,3,0,True,False,"https://guba.eastmoney.com/news,002055,1710786704.html",2026-07-06 17:10:21
eastmoney_guba,002055,1710807462,一字板涨停？连班？,,柳叶刀007,1581124748175684,2026-05-20 06:13:06,58,0,0,0,False,False,"https://guba.eastmoney.com/news,002055,1710807462.html",2026-07-06 17:10:21
eastmoney_guba,002055,1710817311,24年和博敏电子都是5/6块钱，当时看到是广东的股票，于是就买了，一直等就是不涨,,股友JMmKAC,4973325517060608,2026-05-20 07:34:29,344,6,0,0,False,False,"https://guba.eastmoney.com/news,002055,1710817311.html",2026-07-06 17:10:21
eastmoney_guba,002055,1710837787,早盘,,稳战稳赢,2358345863369978,2026-05-20 09:04:44,1429,21,2,0,False,False,"https://guba.eastmoney.com/news,002055,1710837787.html",2026-07-06 17:10:18
eastmoney_guba,002055,1710842067,今天给机会上车吗？,,可靠的温菡,9177025119482182,2026-05-20 09:12:02,80,2,0,0,False,False,"https://guba.eastmoney.com/news,002055,1710842067.html",2026-07-06 17:10:21
eastmoney_guba,002055,1710845883,这么牛的吗,,瑞斯康达主力,2091156118898678,2026-05-20 09:18:01,43,0,0,0,False,False,"https://guba.eastmoney.com/news,002055,1710845883.html",2026-07-06 17:10:21
eastmoney_guba,002055,1710846432,马良概念股，都是天天涨停啊！天选之子啊，哈哈哈哈,,笑hahalo,4138365782422336,2026-05-20 09:18:37,138,1,0,0,False,False,"https://guba.eastmoney.com/news,002055,1710846432.html",2026-07-06 17:10:21
eastmoney_guba,002055,1710846535,友情声明.逾期的债务.庭外重组公告马上来了,,张纵横,9944396220366482,2026-05-20 09:18:44,79,0,0,0,False,False,"https://guba.eastmoney.com/news,002055,1710846535.html",2026-07-06 17:10:21
eastmoney_guba,002055,1710864557,到底有没有，有知道的吗,,xxjid88,4474085011653056,2026-05-20 09:27:11,38,0,0,0,False,False,"https://guba.eastmoney.com/news,002055,1710864557.html",2026-07-06 17:10:21
eastmoney_guba,002055,1710865021,这情况，短期开不了板了，等一个公告。,,股友6u0268O327,2559037085354874,2026-05-20 09:27:31,63,0,0,0,False,False,"https://guba.eastmoney.com/news,002055,1710865021.html",2026-07-06 17:10:21
eastmoney_guba,002055,1710867303,有看300亿的了已经,,股友9k177T7968,8319366094643536,2026-05-20 09:29:18,86,2,0,0,False,False,"https://guba.eastmoney.com/news,002055,1710867303.html",2026-07-06 17:10:21
eastmoney_guba,002055,1710875344,全是买单，换手极低，已经主力被锁仓锁死了。,,股友6u0268O327,2559037085354874,2026-05-20 09:31:20,60,0,0,0,False,False,"https://guba.eastmoney.com/news,002055,1710875344.html",2026-07-06 17:10:21
eastmoney_guba,002055,1710886409,这是有啥利好,,股友3MyGm3,9213336027299194,2026-05-20 09:34:28,147,6,1,0,False,False,"https://guba.eastmoney.com/news,002055,1710886409.html",2026-07-06 17:10:21
eastmoney_guba,002055,1710889741,，这2个都是ST中的优等生，，要一起向上！！,,海纳兆川,1612615257916390,2026-05-20 09:35:22,134,2,0,0,False,False,"https://guba.eastmoney.com/news,002055,1710889741.html",2026-07-06 17:10:21
eastmoney_guba,002055,1710892624,卧操，我昨天6.28没成交，看着你这样，我真特么不爽,,神的指示,2871094479196724,2026-05-20 09:36:09,52,0,0,0,False,False,"https://guba.eastmoney.com/news,002055,1710892624.html",2026-07-06 17:10:21
eastmoney_guba,002055,1710892739,这次算是底部上车了啊。翻倍再出。,,柠檬的泞,2031255613402448,2026-05-20 09:36:10,45,0,0,0,False,False,"https://guba.eastmoney.com/news,002055,1710892739.html",2026-07-06 17:10:21
eastmoney_guba,002055,1710893739,1000w就把门焊死,,股神巴小菲,4463376277065790,2026-05-20 09:36:27,52,1,0,0,False,False,"https://guba.eastmoney.com/news,002055,1710893739.html",2026-07-06 17:10:21
eastmoney_guba,002055,1710895090,有没有排单看下今天能拍到不，昨天排的,,文静秀雅的唐小白,5790047305136842,2026-05-20 09:36:48,48,0,0,0,False,False,"https://guba.eastmoney.com/news,002055,1710895090.html",2026-07-06 17:10:21
eastmoney_guba,002055,1710898789,[梭哈][梭哈][梭哈],,不割肉只追涨,2420134767743004,2026-05-20 09:37:51,34,0,0,0,False,False,"https://guba.eastmoney.com/news,002055,1710898789.html",2026-07-06 17:10:21
eastmoney_guba,002055,1710901011,炒股三年，说出来不怕你们笑话，我至今不明白涨停的原因是啥。,,城北花易落,6742396504614870,2026-05-20 09:38:28,360,7,0,0,False,False,"https://guba.eastmoney.com/news,002055,1710901011.html",2026-07-06 17:10:11
eastmoney_guba,002055,1710906782,连板涨停创新高突破76元今年站上百元关002055,,后贝加尔斯克,7154013321195756,2026-05-20 09:40:01,62,2,0,0,False,False,"https://guba.eastmoney.com/news,002055,1710906782.html",2026-07-06 17:10:21
eastmoney_guba,002055,1710906969,搞不懂，intel名单都是22年的事了，真就是带节奏埋人吗？不合理呀,,股友8601207a1I,3862416881318376,2026-05-20 09:40:04,48,0,0,0,False,False,"https://guba.eastmoney.com/news,002055,1710906969.html",2026-07-06 17:10:21
eastmoney_guba,002055,1710908463,今天得润搞的，全给你了！！,,海纳兆川,1612615257916390,2026-05-20 09:40:27,99,1,0,0,False,False,"https://guba.eastmoney.com/news,002055,1710908463.html",2026-07-06 17:10:21
eastmoney_guba,002055,1710914224,其他的啥啥啥英伟达和长鑫纯扯蛋，还说是预期，这苗头都没有哪来的预期涨得莫名其妙,,股友8601207a1I,3862416881318376,2026-05-20 09:41:57,92,1,0,0,False,False,"https://guba.eastmoney.com/news,002055,1710914224.html",2026-07-06 17:10:21
eastmoney_guba,002055,1710920807,ST得润连收3个涨停板,,ST得润资讯,9481113638045702,2026-05-20 09:43:50,819,1,1,0,False,False,"https://guba.eastmoney.com/news,002055,1710920807.html",2026-07-06 17:10:21
eastmoney_guba,002055,1710926719,什么情况，前几天才买50手试试水，准备跌一天加一次仓，你反倒天天涨停，我都不明白,,A哎呦喂A,9857037208343456,2026-05-20 09:45:31,77,1,0,0,False,False,"https://guba.eastmoney.com/news,002055,1710926719.html",2026-07-06 17:10:21
eastmoney_guba,002055,1710933163,我成本32,,最爱软兜,3218356057686108,2026-05-20 09:47:16,56,1,0,0,False,False,"https://guba.eastmoney.com/news,002055,1710933163.html",2026-07-06 17:10:21
eastmoney_guba,002055,1710943368,守了你5个月，一走你就连续3个涨停，而且还是没有任何消息面的情况下，涨在无人问津,,股友pebBCP,7325385813224160,2026-05-20 09:50:08,126,1,0,0,False,False,"https://guba.eastmoney.com/news,002055,1710943368.html",2026-07-06 17:10:21
eastmoney_guba,002055,1710950857,珍惜手中宝贵筹码等站上百元市值突破600亿再来回头看002055,,后贝加尔斯克,7154013321195756,2026-05-20 09:52:26,53,1,0,0,False,False,"https://guba.eastmoney.com/news,002055,1710950857.html",2026-07-06 17:10:21
eastmoney_guba,002055,1710953302,明天股东大会出结果,,青禾188,4748094096689978,2026-05-20 09:53:09,78,1,0,0,False,False,"https://guba.eastmoney.com/news,002055,1710953302.html",2026-07-06 17:10:21
eastmoney_guba,002055,1710978827,"电子股，英伟达英特尔华为长鑫用高速连接器,每年五十亿左右营业额，要是没有st,市",,轻盈跳跃的八哥,5366315762063082,2026-05-20 10:00:54,119,0,0,0,False,False,"https://guba.eastmoney.com/news,002055,1710978827.html",2026-07-06 17:10:21
eastmoney_guba,002055,1710983774,我错了，放我进来,,买房不如炒股,7381375539383036,2026-05-20 10:02:33,49,0,0,0,False,False,"https://guba.eastmoney.com/news,002055,1710983774.html",2026-07-06 17:10:21
eastmoney_guba,002055,1710986085,全仓拿了2个月，前几天6.08清仓了，你们说的对，我应该去打工，我应该去种田,,kemorebi,6962077677845920,2026-05-20 10:03:19,334,6,0,0,False,False,"https://guba.eastmoney.com/news,002055,1710986085.html",2026-07-06 17:10:18
eastmoney_guba,002055,1710998320,再来一个板我就走,,风尘一粒沙,9408395688667408,2026-05-20 10:07:23,170,6,0,0,False,False,"https://guba.eastmoney.com/news,002055,1710998320.html",2026-07-06 17:10:21
eastmoney_guba,002055,1710998975,嗯,,柳叶刀007,1581124748175684,2026-05-20 10:07:36,186,0,0,0,True,False,"https://guba.eastmoney.com/news,002055,1710998975.html",2026-07-06 17:10:21
eastmoney_guba,002055,1711007592,卖飞了，涨不过7元心里还能好受点,,财富自选股,8904113740107672,2026-05-20 10:10:37,149,4,0,0,False,False,"https://guba.eastmoney.com/news,002055,1711007592.html",2026-07-06 17:10:21
eastmoney_guba,002055,1711041236,63万的大哥还在吗，之前经常发言,,强盛集团_高启强,4553216393992316,2026-05-20 10:23:19,137,4,0,0,False,False,"https://guba.eastmoney.com/news,002055,1711041236.html",2026-07-06 17:10:21
eastmoney_guba,002055,1711047624,7元的在哪里？我还没回本,,股友z6x0628135,9672007290657164,2026-05-20 10:26:07,200,6,0,0,False,False,"https://guba.eastmoney.com/news,002055,1711047624.html",2026-07-06 17:10:21
eastmoney_guba,002055,1711053017,AI发展，需求大增，站上30元中枢,,笋岗财经评论,4722486750974742,2026-05-20 10:28:18,365,2,0,0,False,False,"https://guba.eastmoney.com/news,002055,1711053017.html",2026-07-06 17:10:21
eastmoney_guba,002055,1711056855,怎么样？本座！昨天没有说错吧？三连板！,,怀化辉煌,6160094267018322,2026-05-20 10:29:59,61,0,0,0,False,False,"https://guba.eastmoney.com/news,002055,1711056855.html",2026-07-06 17:10:21
eastmoney_guba,002055,1711074231,差点被洗出去还好都说有退市风险周一差点卖掉但是我依然坚信年前的梦实现九块多钱还是,,股友75086F98T0,9340346523260088,2026-05-20 10:37:29,106,2,0,0,False,False,"https://guba.eastmoney.com/news,002055,1711074231.html",2026-07-06 17:10:21
eastmoney_guba,002055,1711081298,从去年选择了你之后，不断卖掉其他股票加仓，卖飞了好几只3-5倍股。也不指望你翻个,,o痕迹o,4802306288363612,2026-05-20 10:40:41,92,0,0,0,False,False,"https://guba.eastmoney.com/news,002055,1711081298.html",2026-07-06 17:10:21
eastmoney_guba,002055,1711082887,一字板，完全不给散户进场的机会，到时候就是A杀,,买的股票都涨,6785094333803272,2026-05-20 10:41:23,311,7,0,0,False,False,"https://guba.eastmoney.com/news,002055,1711082887.html",2026-07-06 17:10:18
eastmoney_guba,002055,1711092118,有没有成本8.8的,,股友8310D3p892,3891376284280466,2026-05-20 10:45:42,193,4,0,0,False,False,"https://guba.eastmoney.com/news,002055,1711092118.html",2026-07-06 17:10:21
eastmoney_guba,002055,1711111993,封单量比昨天还多,,独立的凌翰5,4935345939513282,2026-05-20 10:55:28,75,1,0,0,False,False,"https://guba.eastmoney.com/news,002055,1711111993.html",2026-07-06 17:10:21
eastmoney_guba,002055,1711112201,就买了10手，拍断大腿,,复古回家,1874335970339470,2026-05-20 10:55:36,82,1,0,0,False,False,"https://guba.eastmoney.com/news,002055,1711112201.html",2026-07-06 17:10:18
eastmoney_guba,002055,1711174446,20个板起步.第一目标位20元今年突破76元站上百元关口市值。600个亿0020,,后贝加尔斯克,7154013321195756,2026-05-20 11:32:51,210,5,0,0,False,False,"https://guba.eastmoney.com/news,002055,1711174446.html",2026-07-06 17:10:18
eastmoney_guba,002055,1711177259,$9.30以后就有一笔超过1000手的卖单，如果明天再涨停就要缩量了,,只做预期,7334625240229044,2026-05-20 11:36:17,73,0,0,0,False,False,"https://guba.eastmoney.com/news,002055,1711177259.html",2026-07-06 17:10:21
eastmoney_guba,002055,1711185202,目标8‘,,股海1111111,9579513714835876,2026-05-20 11:48:37,68,1,0,0,False,False,"https://guba.eastmoney.com/news,002055,1711185202.html",2026-07-06 17:10:21
eastmoney_guba,002055,1711185459,加尔斯克持股200股，请知悉。,,深南大道小鳄鱼,5878094723013218,2026-05-20 11:49:07,58,0,0,0,False,False,"https://guba.eastmoney.com/news,002055,1711185459.html",2026-07-06 17:10:21
eastmoney_guba,002055,1711185826,得润这么多股东数，这种无量涨停哪位大佬解释一下什么情况，没有像东尼那样走,,只做预期,7334625240229044,2026-05-20 11:49:47,208,2,0,0,False,False,"https://guba.eastmoney.com/news,002055,1711185826.html",2026-07-06 17:10:21
eastmoney_guba,002055,1711190844,目标30块啊，又一个大牛股快要诞生,,超牛散,1103255829119292,2026-05-20 12:00:09,114,1,0,0,False,False,"https://guba.eastmoney.com/news,002055,1711190844.html",2026-07-06 17:10:18
eastmoney_guba,002055,1711194079,早就说了，5.22多好的底部数字。数字玄学很神奇的。,,账户已注销,7569476761782266,2026-05-20 12:08:22,143,3,0,0,False,False,"https://guba.eastmoney.com/news,002055,1711194079.html",2026-07-06 17:10:21
eastmoney_guba,002055,1711196847,只要有资金做，st又如何，先涨到30再说。,,摇摆的鸭子,4660094448387074,2026-05-20 12:16:02,62,0,0,0,False,False,"https://guba.eastmoney.com/news,002055,1711196847.html",2026-07-06 17:10:21
eastmoney_guba,002055,1711206271,超级大牛股来了，到8块才会开板。,,江湖再现尼古拉斯,8183013401511276,2026-05-20 12:42:56,103,1,0,0,False,False,"https://guba.eastmoney.com/news,002055,1711206271.html",2026-07-06 17:10:21
eastmoney_guba,002055,1711209863,可以了！明日不管涨跌，先撤出大部分‘’得润‘’筹码。加仓st八菱。哈哈哈。共同富,,重组团123,6554025122257494,2026-05-20 12:53:42,353,11,0,0,False,False,"https://guba.eastmoney.com/news,002055,1711209863.html",2026-07-06 17:10:18
eastmoney_guba,002055,1711246521,还好人气没起来，关注的人越少空间就越大,,股友2g1686h586,6609117708977588,2026-05-20 13:19:22,54,0,0,0,False,False,"https://guba.eastmoney.com/news,002055,1711246521.html",2026-07-06 17:10:21
eastmoney_guba,002055,1711250426,各位大神，啥时候才可以涨10%？,,股友s4wIdQ,2288064939864428,2026-05-20 13:21:32,114,2,1,0,False,False,"https://guba.eastmoney.com/news,002055,1711250426.html",2026-07-06 17:10:21
eastmoney_guba,002055,1711307669,为什么大家都不卖了。我是没有回本,,egbert20004348,6641094503637362,2026-05-20 13:57:51,57,0,0,0,False,False,"https://guba.eastmoney.com/news,002055,1711307669.html",2026-07-06 17:10:21
eastmoney_guba,002055,1711336185,根本打不开，根本买不进！20个板启步002055,,后贝加尔斯克,7154013321195756,2026-05-20 14:16:44,278,6,1,0,False,False,"https://guba.eastmoney.com/news,002055,1711336185.html",2026-07-06 17:10:18
eastmoney_guba,002055,1711369786,哪位大神知道此股目前有多少股东数?,,浙Ah169e,9061013670179584,2026-05-20 14:38:36,258,11,0,0,False,False,"https://guba.eastmoney.com/news,002055,1711369786.html",2026-07-06 17:10:18
eastmoney_guba,002055,1711382416,买不到的还是不够决心。加仓都能上，卡时间无脑挂怎么会买不上。,,柠檬的泞,2031255613402448,2026-05-20 14:46:24,618,4,0,0,True,False,"https://guba.eastmoney.com/news,002055,1711382416.html",2026-07-06 17:10:18
eastmoney_guba,002055,1711392234,涨的有点莫名其妙，有没有课代表出来解释一下？,,谷满仓001,8959094371523892,2026-05-20 14:52:12,426,5,0,0,False,False,"https://guba.eastmoney.com/news,002055,1711392234.html",2026-07-06 17:10:18
eastmoney_guba,002055,1711411298,得润员工数更新了：6550人，比去年增加1000人，满负荷生产，爆单了,,在A股赚彩礼,2227067549591522,2026-05-20 15:05:04,83,0,0,0,False,False,"https://guba.eastmoney.com/news,002055,1711411298.html",2026-07-06 17:10:18
eastmoney_guba,002055,1711417191,20个板闭着眼睛上,,我在情绪之外,9194047483250996,2026-05-20 15:10:28,63,1,0,0,False,False,"https://guba.eastmoney.com/news,002055,1711417191.html",2026-07-06 17:10:18
eastmoney_guba,002055,1711418501,换手率才那么一点点,,独立的凌翰5,4935345939513282,2026-05-20 15:11:47,61,2,0,0,False,False,"https://guba.eastmoney.com/news,002055,1711418501.html",2026-07-06 17:10:18
eastmoney_guba,002055,1711421192,涨到7月6号再开板,,掘金高歌,5238386190584350,2026-05-20 15:15:17,193,6,0,0,False,False,"https://guba.eastmoney.com/news,002055,1711421192.html",2026-07-06 17:10:18
eastmoney_guba,002055,1711421404,已经了鹤山得润,,笑逐颜开的龚艳,2079345942814724,2026-05-20 15:15:34,895,4,0,0,True,False,"https://guba.eastmoney.com/news,002055,1711421404.html",2026-07-06 17:10:18
eastmoney_guba,002055,1711424494,很快得润是万人大企业，国家大力扶植的超级龙头,,在A股赚彩礼,2227067549591522,2026-05-20 15:20:26,81,1,0,0,False,False,"https://guba.eastmoney.com/news,002055,1711424494.html",2026-07-06 17:10:18
eastmoney_guba,002055,1711429046,还是俺小润润好，外面太吓人了,,冰河世纪的鱼,4424097010836990,2026-05-20 15:29:16,68,0,0,0,False,False,"https://guba.eastmoney.com/news,002055,1711429046.html",2026-07-06 17:10:18
eastmoney_guba,002055,1711441686,给大家答疑一下：如图所示这里就是二期。已经投入使用，且基本是是满产状态。每天园区,,笑逐颜开的龚艳,2079345942814724,2026-05-20 15:53:32,3368,27,6,0,True,False,"https://guba.eastmoney.com/news,002055,1711441686.html",2026-07-06 17:10:14
eastmoney_guba,002055,1711442938,八个板开，大家拭目以待,,风风火火的霹雳虎,1185335911687490,2026-05-20 15:57:03,73,0,0,0,False,False,"https://guba.eastmoney.com/news,002055,1711442938.html",2026-07-06 17:10:18
eastmoney_guba,002055,1711445794,ST得润：将于2026年05月21日召开2025年年度股东大会,,ST得润资讯,9481113638045702,2026-05-20 16:03:12,756,2,1,0,False,False,"https://guba.eastmoney.com/news,002055,1711445794.html",2026-07-06 17:10:14
eastmoney_guba,002055,1711449170,居然买到了！,,股友27R63G7127,8776006971069662,2026-05-20 16:11:43,1267,14,0,0,True,False,"https://guba.eastmoney.com/news,002055,1711449170.html",2026-07-06 17:10:17
eastmoney_guba,002055,1711453133,没有公告就是最好的效果接着奏乐接着舞个人观点，仅供参考，不构成投资建议：ST得润,,经纶有余地戴沐白,7975326559790516,2026-05-20 16:23:03,136,0,0,0,False,False,"https://guba.eastmoney.com/news,002055,1711453133.html",2026-07-06 17:10:18
eastmoney_guba,002055,1711453646,这个看到哪里呀,,降温4000加,9221027108476824,2026-05-20 16:24:32,52,0,0,0,False,False,"https://guba.eastmoney.com/news,002055,1711453646.html",2026-07-06 17:10:18
eastmoney_guba,002055,1711453789,这种公司还有如此多人看多,,股友09i9T33131,2786077228205878,2026-05-20 16:24:59,371,5,1,0,False,False,"https://guba.eastmoney.com/news,002055,1711453789.html",2026-07-06 17:10:18
eastmoney_guba,002055,1711454876,ST得润(002055)龙虎榜数据(05-20),,ST得润资讯,9481113638045702,2026-05-20 16:27:52,4694,28,7,0,False,False,"https://guba.eastmoney.com/news,002055,1711454876.html",2026-07-06 17:10:17
eastmoney_guba,002055,1711467063,我就是被吧里有些狗天天在这里说东道西，5.5卖了的！,,股友lPIwHl,6580395855327938,2026-05-20 17:01:45,85,2,0,0,False,False,"https://guba.eastmoney.com/news,002055,1711467063.html",2026-07-06 17:10:18
eastmoney_guba,002055,1711467354,英特尔的CPU卡插槽，这老板借钱给自己的客户还钱给自己公司，这流水刷的嗷嗷的,,张某人12,2096094435814254,2026-05-20 17:02:38,82,0,0,0,False,False,"https://guba.eastmoney.com/news,002055,1711467354.html",2026-07-06 17:10:18
eastmoney_guba,002055,1711470588,$ST得润(SZ002055)$,,强木杰收丝队,5802085154666610,2026-05-20 17:11:59,481,2,1,0,True,False,"https://guba.eastmoney.com/news,002055,1711470588.html",2026-07-06 17:10:18
eastmoney_guba,002055,1711473032,【韭菜好票集中营】【2026/05/20-周三，复盘】1638家上涨，涨停69家,,新手韭菜园子B哥,5953077633823982,2026-05-20 17:19:15,482,1,1,0,False,False,"https://guba.eastmoney.com/news,002055,1711473032.html",2026-07-06 17:10:18
eastmoney_guba,002055,1711481984,$*ST宝馨(SZ002514)$$ST喜临门(SH603008)$$ST得润(,,辻弌仙姑,5443355523836254,2026-05-20 17:46:40,947,0,3,0,True,False,"https://guba.eastmoney.com/news,002055,1711481984.html",2026-07-06 17:10:18
eastmoney_guba,002055,1711484948,这是股权准备划转出去的节奏吗？忽然强势起来了？,,黄知夏,9813057259471400,2026-05-20 17:56:22,117,2,0,0,False,False,"https://guba.eastmoney.com/news,002055,1711484948.html",2026-07-06 17:10:18
eastmoney_guba,002055,1711488905,ST得润:股票交易异常波动公告,,ST得润资讯,9481113638045702,2026-05-20 18:09:14,465,9,7,0,False,False,"https://guba.eastmoney.com/news,002055,1711488905.html",2026-07-06 17:10:18
eastmoney_guba,002055,1711489565,明天股东大会有人去吗,,得润两位数,3290024582242248,2026-05-20 18:11:10,36,0,0,0,False,False,"https://guba.eastmoney.com/news,002055,1711489565.html",2026-07-06 17:10:18
eastmoney_guba,002055,1711499173,ST得润连续3个交易日收盘价格涨幅偏离值累计超12%,,ST得润资讯,9481113638045702,2026-05-20 18:45:30,736,3,1,0,False,False,"https://guba.eastmoney.com/news,002055,1711499173.html",2026-07-06 17:10:18
eastmoney_guba,002055,1711509788,8块钱的本看样子有望回本,,股友k6M2332115,8769047275032994,2026-05-20 19:24:05,65,1,0,0,False,False,"https://guba.eastmoney.com/news,002055,1711509788.html",2026-07-06 17:10:18
eastmoney_guba,002055,1711510190,明天有机会加仓干,,浪漫已成往事,7447013674762650,2026-05-20 19:25:41,108,3,0,0,False,False,"https://guba.eastmoney.com/news,002055,1711510190.html",2026-07-06 17:10:18
eastmoney_guba,002055,1711516551,明天继续买入,,热心的邱昆,2070077561239478,2026-05-20 19:49:23,46,1,0,0,False,False,"https://guba.eastmoney.com/news,002055,1711516551.html",2026-07-06 17:10:18
eastmoney_guba,002055,1711519482,明天开板，全仓买进,,傲寒的秦岚,5793047755670376,2026-05-20 20:01:17,41,0,0,0,False,False,"https://guba.eastmoney.com/news,002055,1711519482.html",2026-07-06 17:10:18
eastmoney_guba,002055,1711520282,无量上涨，必大涨，大家都别卖！等着！,,欢呼呐喊,3559067313754692,2026-05-20 20:04:37,53,0,0,0,False,False,"https://guba.eastmoney.com/news,002055,1711520282.html",2026-07-06 17:10:18
eastmoney_guba,002055,1711520438,ST德润明天能不能继续一字板,,股友lw9Z2EDe,1227565247474210,2026-05-20 20:05:14,345,5,0,0,False,False,"https://guba.eastmoney.com/news,002055,1711520438.html",2026-07-06 17:10:18
eastmoney_guba,002055,1711523541,可惜我出了一半你就涨了，没来得及接回来,,可怜的杨茜3,6524315871021212,2026-05-20 20:16:38,56,0,0,0,False,False,"https://guba.eastmoney.com/news,002055,1711523541.html",2026-07-06 17:10:18
eastmoney_guba,002055,1711527112,根本开不了板，根本买不进，继续无量涨停002055,,后贝加尔斯克,7154013321195756,2026-05-20 20:30:15,81,1,0,0,False,False,"https://guba.eastmoney.com/news,002055,1711527112.html",2026-07-06 17:10:18
eastmoney_guba,002055,1711540009,这种走势很可能代表世运电路和国资要入主。,,江湖再现尼古拉斯,8183013401511276,2026-05-20 21:16:44,142,2,0,0,False,False,"https://guba.eastmoney.com/news,002055,1711540009.html",2026-07-06 17:10:18
eastmoney_guba,002055,1711541961,st得润比胜蓝整体实力、营收都要好！（业务差不多）人家的市值170亿！st得润，,,遥远的塞纳河888,9037094342652420,2026-05-20 21:24:05,488,2,0,0,True,False,"https://guba.eastmoney.com/news,002055,1711541961.html",2026-07-06 17:10:18
eastmoney_guba,002055,1711548231,电子高速连接器加芯片，世运电路并购加深圳国资委加持002055,,后贝加尔斯克,7154013321195756,2026-05-20 21:46:07,121,1,0,0,False,False,"https://guba.eastmoney.com/news,002055,1711548231.html",2026-07-06 17:10:18
eastmoney_guba,002055,1711549299,这家公司的研发团队堪忧，不适合中长期持股，明天开板就考虑撤退了。,,股友3233Q11k73,7231007484838354,2026-05-20 21:49:42,782,19,0,0,False,False,"https://guba.eastmoney.com/news,002055,1711549299.html",2026-07-06 17:10:14
eastmoney_guba,002055,1711551543,加尔斯克持股200股，第一个涨停板还没涨停跑了100股，现在还剩100股，大家知,,深南大道小鳄鱼,5878094723013218,2026-05-20 21:57:24,100,1,0,0,False,False,"https://guba.eastmoney.com/news,002055,1711551543.html",2026-07-06 17:10:18
eastmoney_guba,002055,1711560479,这个无量空心机构买入涨停榜和上年8.88那波很像，伴随利好就是中报大幅预增。邱大,,他来自江湖88,8543212747580400,2026-05-20 22:28:46,376,2,0,0,False,False,"https://guba.eastmoney.com/news,002055,1711560479.html",2026-07-06 17:10:17
eastmoney_guba,002055,1711563565,好消息，买了就三连板；不太好点的消息，用零钱只买了3万，百分之三的仓位,,事实5,2743067563693602,2026-05-20 22:39:23,1067,5,0,0,True,False,"https://guba.eastmoney.com/news,002055,1711563565.html",2026-07-06 17:10:18
eastmoney_guba,002055,1711585966,会不会周五公告世运接手，我仓位很少，给个机会加,,A哎呦喂A,9857037208343456,2026-05-21 01:06:48,71,0,0,0,False,False,"https://guba.eastmoney.com/news,002055,1711585966.html",2026-07-06 17:10:18
eastmoney_guba,002055,1711590047,顶板加，万一成交了呢,,基民Ydgvcp,2761075341680462,2026-05-21 02:51:45,56,0,0,0,False,False,"https://guba.eastmoney.com/news,002055,1711590047.html",2026-07-06 17:10:18
eastmoney_guba,002055,1711591581,没20元不卖,,阿里牛郎,8229366316706434,2026-05-21 03:48:27,56,1,0,0,False,False,"https://guba.eastmoney.com/news,002055,1711591581.html",2026-07-06 17:10:18
eastmoney_guba,002055,1711591921,ddr5跟长鑫有深度绑定，这板是要数到天上去了,,我在情绪之外,9194047483250996,2026-05-21 04:03:09,198,1,0,0,False,False,"https://guba.eastmoney.com/news,002055,1711591921.html",2026-07-06 17:10:18
eastmoney_guba,002055,1711600135,待遇不公，放开涨幅，很快就20-30-50,,账户已注销,7569476761782266,2026-05-21 06:07:40,45,0,0,0,False,False,"https://guba.eastmoney.com/news,002055,1711600135.html",2026-07-06 17:10:18
eastmoney_guba,002055,1711600171,估值300-500亿之间。,,账户已注销,7569476761782266,2026-05-21 06:08:19,44,0,0,0,False,False,"https://guba.eastmoney.com/news,002055,1711600171.html",2026-07-06 17:10:18
eastmoney_guba,002055,1711600293,跌了你们死守，一涨你们就害怕，那你就别炒股了。牛股都是这么被你们丢弃的,,账户已注销,7569476761782266,2026-05-21 06:09:48,66,0,0,0,False,False,"https://guba.eastmoney.com/news,002055,1711600293.html",2026-07-06 17:10:18
eastmoney_guba,002055,1711613048,"英特尔唯一认证,适配英伟达华为长鑫,今年盈利，年报后摘帽,市值二百亿不过分吧。",,轻盈跳跃的八哥,5366315762063082,2026-05-21 07:42:40,295,4,1,0,False,False,"https://guba.eastmoney.com/news,002055,1711613048.html",2026-07-06 17:10:18
eastmoney_guba,002055,1711618086,@妙想ST得润挂单量,,wjxhx,6560013752324024,2026-05-21 08:06:44,261,2,0,0,False,False,"https://guba.eastmoney.com/news,002055,1711618086.html",2026-07-06 17:10:18
eastmoney_guba,002055,1711623618,一个主板插槽吹上天,,股友96w13r8570,9995466838029088,2026-05-21 08:32:21,80,1,0,0,False,False,"https://guba.eastmoney.com/news,002055,1711623618.html",2026-07-06 17:10:18
eastmoney_guba,002055,1711624210,隔夜英特尔大涨，今天还能继续一字板吗？,,股友6tXcrH,7328365553191578,2026-05-21 08:35:21,52,0,0,0,False,False,"https://guba.eastmoney.com/news,002055,1711624210.html",2026-07-06 17:10:18
eastmoney_guba,002055,1711624960,德润是我们业务单位，今天顶板加仓100万。支持你们。,,江湖再现尼古拉斯,8183013401511276,2026-05-21 08:38:04,346,5,0,0,False,False,"https://guba.eastmoney.com/news,002055,1711624960.html",2026-07-06 17:10:18
eastmoney_guba,002055,1711629326,热度起来了,,傲寒的秦岚,5793047755670376,2026-05-21 08:56:11,46,0,0,0,False,False,"https://guba.eastmoney.com/news,002055,1711629326.html",2026-07-06 17:10:18
eastmoney_guba,002055,1711641176,飞起来了坐稳了，别下车,,专业薅龙大羊毛,3804047346586666,2026-05-21 09:17:53,48,0,0,0,False,False,"https://guba.eastmoney.com/news,002055,1711641176.html",2026-07-06 17:10:18
eastmoney_guba,002055,1711641662,80元向你招手,,专业薅龙大羊毛,3804047346586666,2026-05-21 09:18:17,46,0,0,0,False,False,"https://guba.eastmoney.com/news,002055,1711641662.html",2026-07-06 17:10:18
eastmoney_guba,002055,1711642246,6000多人的科技公司，全中国没几个,,在A股赚彩礼,2227067549591522,2026-05-21 09:18:44,66,0,0,0,False,False,"https://guba.eastmoney.com/news,002055,1711642246.html",2026-07-06 17:10:18
eastmoney_guba,002055,1711647252,ST得润应该是2026版的世纪华通！！,,呵呵呵我呵呵呵,4438365538498410,2026-05-21 09:23:23,201,4,0,0,False,False,"https://guba.eastmoney.com/news,002055,1711647252.html",2026-07-06 17:10:17
eastmoney_guba,002055,1711647961,买不到了,,投机市场,3827316057729008,2026-05-21 09:23:59,39,0,0,0,False,False,"https://guba.eastmoney.com/news,002055,1711647961.html",2026-07-06 17:10:18
eastmoney_guba,002055,1711657916,买了一个月了，到现在我都不知道为什么一直板，,,A哎呦喂A,9857037208343456,2026-05-21 09:26:12,51,0,0,0,False,False,"https://guba.eastmoney.com/news,002055,1711657916.html",2026-07-06 17:10:18
eastmoney_guba,002055,1711657901,这一波要到12元多了,,你好2080,8206305555530104,2026-05-21 09:26:13,46,0,0,0,False,False,"https://guba.eastmoney.com/news,002055,1711657901.html",2026-07-06 17:10:18
eastmoney_guba,002055,1711659918,为什么涨？没发啥公告啊,,做好人买好股007,9033084944767054,2026-05-21 09:27:52,235,3,0,0,False,False,"https://guba.eastmoney.com/news,002055,1711659918.html",2026-07-06 17:10:18
eastmoney_guba,002055,1711661668,应该叫董秘全员工增持公司股份，再说吧董秘工资也不低，不要对不起这个工资,,大家好才是不好的,2103025032039206,2026-05-21 09:29:13,43,0,0,0,False,False,"https://guba.eastmoney.com/news,002055,1711661668.html",2026-07-06 17:10:18
eastmoney_guba,002055,1711671079,热度一起来。开板必有人抢筹。,,见好就收5859,3960047762213936,2026-05-21 09:31:41,41,0,0,0,False,False,"https://guba.eastmoney.com/news,002055,1711671079.html",2026-07-06 17:10:18
eastmoney_guba,002055,1711671952,st龙头？那么强，就你一个开一字连板了？,,只为赚999万,2439047277939938,2026-05-21 09:31:55,47,0,0,0,False,False,"https://guba.eastmoney.com/news,002055,1711671952.html",2026-07-06 17:10:18
eastmoney_guba,002055,1711687377,基因论破产了,,迈九赫,5913355942612862,2026-05-21 09:36:08,45,0,0,0,False,False,"https://guba.eastmoney.com/news,002055,1711687377.html",2026-07-06 17:10:18
eastmoney_guba,002055,1711688062,说别的没有用没人一百股，顶板,,我叫坏小孩,1885385759908908,2026-05-21 09:36:18,51,1,0,0,False,False,"https://guba.eastmoney.com/news,002055,1711688062.html",2026-07-06 17:10:18
eastmoney_guba,002055,1711692260,幸好留了5000股，没出完，不然亏麻了,,A哎呦喂A,9857037208343456,2026-05-21 09:37:26,187,0,1,0,False,False,"https://guba.eastmoney.com/news,002055,1711692260.html",2026-07-06 17:10:18
eastmoney_guba,002055,1711695494,虽然是“前任”，但真心也为它连板感到高兴！之前我买一方面有感情，还有一方面是想博,,A股神笔马良,8376015421693592,2026-05-21 09:38:21,833,16,0,0,False,False,"https://guba.eastmoney.com/news,002055,1711695494.html",2026-07-06 17:10:09
eastmoney_guba,002055,1711699015,现在买到的朋友多吗？,,城北花易落,6742396504614870,2026-05-21 09:39:18,57,1,0,0,False,False,"https://guba.eastmoney.com/news,002055,1711699015.html",2026-07-06 17:10:18
eastmoney_guba,002055,1711699919,这股改名得润科技，至少30起步,,o痕迹o,4802306288363612,2026-05-21 09:39:33,55,1,0,0,False,False,"https://guba.eastmoney.com/news,002055,1711699919.html",2026-07-06 17:10:18
eastmoney_guba,002055,1711709387,今天中午有钱吃菜饭了还可以加个鸡腿,,沪B3江湖郎中,3042094362773144,2026-05-21 09:42:17,34,0,0,0,False,False,"https://guba.eastmoney.com/news,002055,1711709387.html",2026-07-06 17:10:18
eastmoney_guba,002055,1711720851,拍断大腿,,财富自选股,8904113740107672,2026-05-21 09:45:36,45,0,0,0,False,False,"https://guba.eastmoney.com/news,002055,1711720851.html",2026-07-06 17:10:18
eastmoney_guba,002055,1711725605,st里面的深圳科技股，市值永远值得信赖。,,ohaha,7259155946251206,2026-05-21 09:47:01,43,0,0,0,False,False,"https://guba.eastmoney.com/news,002055,1711725605.html",2026-07-06 17:10:18
eastmoney_guba,002055,1711740357,心都碎了,,神的指示,2871094479196724,2026-05-21 09:51:34,38,0,0,0,False,False,"https://guba.eastmoney.com/news,002055,1711740357.html",2026-07-06 17:10:18
eastmoney_guba,002055,1711741314,现在还跑的就是250，看不懂趋势吗？顶板,,我叫坏小孩,1885385759908908,2026-05-21 09:51:54,47,0,0,0,False,False,"https://guba.eastmoney.com/news,002055,1711741314.html",2026-07-06 17:10:18
eastmoney_guba,002055,1711742025,猛牛骑虎不在了吗,,笋岗财经评论,4722486750974742,2026-05-21 09:52:08,73,2,0,0,False,False,"https://guba.eastmoney.com/news,002055,1711742025.html",2026-07-06 17:10:17
eastmoney_guba,002055,1711744920,ST得润连收4个涨停板,,ST得润资讯,9481113638045702,2026-05-21 09:53:03,679,0,0,0,False,False,"https://guba.eastmoney.com/news,002055,1711744920.html",2026-07-06 17:10:18
eastmoney_guba,002055,1711763266,得润加油,,基民rF1OFG,4796345766473606,2026-05-21 09:59:01,45,0,0,0,False,False,"https://guba.eastmoney.com/news,002055,1711763266.html",2026-07-06 17:10:18
eastmoney_guba,002055,1711773877,俺还在排队在不给俺买，就不看你了,,血鳄鱼,3443306117639216,2026-05-21 10:02:36,147,4,0,0,False,False,"https://guba.eastmoney.com/news,002055,1711773877.html",2026-07-06 17:10:17
eastmoney_guba,002055,1711778855,封单比前几天还多了，这是要成妖了吗？,,谷满仓001,8959094371523892,2026-05-21 10:04:26,179,3,0,0,False,False,"https://guba.eastmoney.com/news,002055,1711778855.html",2026-07-06 17:10:17
eastmoney_guba,002055,1711796029,还是那么润,,勇敢无畏的马菡,5097137636877484,2026-05-21 10:10:28,42,0,0,0,False,False,"https://guba.eastmoney.com/news,002055,1711796029.html",2026-07-06 17:10:18
eastmoney_guba,002055,1711814897,不给进就撤单主力加油自己玩,,血鳄鱼,3443306117639216,2026-05-21 10:17:47,364,3,0,0,True,False,"https://guba.eastmoney.com/news,002055,1711814897.html",2026-07-06 17:10:17
eastmoney_guba,002055,1711823858,什么原因啊！涨停又涨停,,慧眼视线abcd,5081094301378258,2026-05-21 10:21:19,98,1,0,0,False,False,"https://guba.eastmoney.com/news,002055,1711823858.html",2026-07-06 17:10:17
eastmoney_guba,002055,1711825245,可惜……买了几个月就剩下小仓位留着到年底,,深圳客家人,8373094589912910,2026-05-21 10:21:52,55,1,0,0,False,False,"https://guba.eastmoney.com/news,002055,1711825245.html",2026-07-06 17:10:17
eastmoney_guba,002055,1711827917,前几天就看好你，果然不出所望,,浮盈加仓8888,7509007340967950,2026-05-21 10:22:54,47,0,0,0,False,False,"https://guba.eastmoney.com/news,002055,1711827917.html",2026-07-06 17:10:17
eastmoney_guba,002055,1711829790,重大收购吗？怎么如此厉害，有特大好消息吗？,,松鹤的宿濂,2490034614534630,2026-05-21 10:23:40,103,0,0,0,False,False,"https://guba.eastmoney.com/news,002055,1711829790.html",2026-07-06 17:10:17
eastmoney_guba,002055,1711837847,历史最高价76元，这次会去吗？,,松鹤的宿濂,2490034614534630,2026-05-21 10:27:01,213,6,0,0,False,False,"https://guba.eastmoney.com/news,002055,1711837847.html",2026-07-06 17:10:17
eastmoney_guba,002055,1711855251,nb,,兰琼姐,3841077337223250,2026-05-21 10:34:27,44,0,0,0,False,False,"https://guba.eastmoney.com/news,002055,1711855251.html",2026-07-06 17:10:17
eastmoney_guba,002055,1711858417,超级周期遇上重组，十年没涨这次一次还回来,,xxjid88,4474085011653056,2026-05-21 10:35:46,59,0,0,0,False,False,"https://guba.eastmoney.com/news,002055,1711858417.html",2026-07-06 17:10:17
eastmoney_guba,002055,1711874641,换手一抖，就好了,,靠st养家,9327013643054250,2026-05-21 10:42:56,61,0,0,0,False,False,"https://guba.eastmoney.com/news,002055,1711874641.html",2026-07-06 17:10:17
eastmoney_guba,002055,1711883020,深圳板块出妖股,,孤狼1十2,3198094581428604,2026-05-21 10:46:46,43,0,0,0,False,False,"https://guba.eastmoney.com/news,002055,1711883020.html",2026-07-06 17:10:17
eastmoney_guba,002055,1711884609,今天不会开板吧,,金牌涨停板,5710316329760616,2026-05-21 10:47:29,111,2,0,0,False,False,"https://guba.eastmoney.com/news,002055,1711884609.html",2026-07-06 17:10:14
eastmoney_guba,002055,1711892118,势不可挡，80元向我招手,,专业薅龙大羊毛,3804047346586666,2026-05-21 10:50:54,38,0,0,0,False,False,"https://guba.eastmoney.com/news,002055,1711892118.html",2026-07-06 17:10:17
eastmoney_guba,002055,1711894423,还能干几个,,不割肉只追涨,2420134767743004,2026-05-21 10:52:01,44,0,0,0,False,False,"https://guba.eastmoney.com/news,002055,1711894423.html",2026-07-06 17:10:17
eastmoney_guba,002055,1711894830,加仓也买不进啊，五块的时候买的太少，能不能开开让加点仓,,德n福,5938094743500338,2026-05-21 10:52:10,146,4,0,0,False,False,"https://guba.eastmoney.com/news,002055,1711894830.html",2026-07-06 17:10:17
eastmoney_guba,002055,1711968235,为什么每天封板啊有什么消息,,基民v7j8hm,1669335667967174,2026-05-21 11:30:43,140,4,0,0,False,False,"https://guba.eastmoney.com/news,002055,1711968235.html",2026-07-06 17:09:58
eastmoney_guba,002055,1711969649,持股的各位老板，每人100股顶起来，不到76不放手,,不戴墨镜的小马哥,3406017343280268,2026-05-21 11:31:41,33,0,0,0,False,False,"https://guba.eastmoney.com/news,002055,1711969649.html",2026-07-06 17:10:17
eastmoney_guba,002055,1711973690,真他马后悔，5.8的时候犹豫几次没有买进，然后就没有然后了，,,以前账号密码忘记了,2852385770726652,2026-05-21 11:34:58,188,6,0,0,False,False,"https://guba.eastmoney.com/news,002055,1711973690.html",2026-07-06 17:10:17
eastmoney_guba,002055,1711982988,看样子是要突破前高76块了,,曾经啲王king,6337007742435260,2026-05-21 11:46:58,60,1,0,0,False,False,"https://guba.eastmoney.com/news,002055,1711982988.html",2026-07-06 17:10:17
eastmoney_guba,002055,1711986064,707是人类历史上第一架获得巨大成功的喷气式民航客机，它彻底改变了人类的出行方式,,谷满仓001,8959094371523892,2026-05-21 11:52:30,136,0,0,0,False,False,"https://guba.eastmoney.com/news,002055,1711986064.html",2026-07-06 17:10:17
eastmoney_guba,002055,1711989354,今天跟LED，启动的时机太好了。,,股友6tXcrH,7328365553191578,2026-05-21 11:59:07,47,0,0,0,False,False,"https://guba.eastmoney.com/news,002055,1711989354.html",2026-07-06 17:10:17
eastmoney_guba,002055,1711992222,明天给机会我再加2w,,降温4000加,9221027108476824,2026-05-21 12:05:52,53,0,0,0,False,False,"https://guba.eastmoney.com/news,002055,1711992222.html",2026-07-06 17:10:17
eastmoney_guba,002055,1711995342,我昨晚挂的为啥抢不到,,我是涨停呀,8233057668976450,2026-05-21 12:13:27,46,0,0,0,False,False,"https://guba.eastmoney.com/news,002055,1711995342.html",2026-07-06 17:10:17
eastmoney_guba,002055,1712003967,牛！,,股友gMsbsL,1374305938715200,2026-05-21 12:37:59,530,1,2,0,True,False,"https://guba.eastmoney.com/news,002055,1712003967.html",2026-07-06 17:10:17
eastmoney_guba,002055,1712009311,真稳啊一点抛压没有呢,,沈阳芭菲菜,1764326049115564,2026-05-21 12:53:25,35,0,0,0,False,False,"https://guba.eastmoney.com/news,002055,1712009311.html",2026-07-06 17:10:17
eastmoney_guba,002055,1712018504,热度拉满。明天继续抢筹。,,见好就收5859,3960047762213936,2026-05-21 13:01:23,41,0,0,0,False,False,"https://guba.eastmoney.com/news,002055,1712018504.html",2026-07-06 17:10:17
eastmoney_guba,002055,1712023510,什么时候解除5个点的限制啊,,恭喜有余得高大婧,5796276400035722,2026-05-21 13:05:07,90,2,0,0,False,False,"https://guba.eastmoney.com/news,002055,1712023510.html",2026-07-06 17:10:17
eastmoney_guba,002055,1712031248,第四板了，实在是没有勇气，今天清仓了50万仓位，祝各位留下的发财。,,进取的舒柏,8183355911140862,2026-05-21 13:09:59,330,10,1,0,False,False,"https://guba.eastmoney.com/news,002055,1712031248.html",2026-07-06 17:10:17
eastmoney_guba,002055,1712035184,玩的是概念，随时会砸盘。注意别接力。,,荣耀再现,7403027545726188,2026-05-21 13:12:04,34,0,0,0,False,False,"https://guba.eastmoney.com/news,002055,1712035184.html",2026-07-06 17:10:17
eastmoney_guba,002055,1712035221,马上砸盘了快跑,,炒股养家挣钱,3301064606784256,2026-05-21 13:12:05,36,0,0,0,False,False,"https://guba.eastmoney.com/news,002055,1712035221.html",2026-07-06 17:10:17
eastmoney_guba,002055,1712037037,很多宝大哥，应该赚麻了,,强盛集团_高启强,4553216393992316,2026-05-21 13:13:07,42,1,0,0,False,False,"https://guba.eastmoney.com/news,002055,1712037037.html",2026-07-06 17:10:17
eastmoney_guba,002055,1712038746,为什么没封板的时候每天都在一个多e的成交量，封板的成交量确少的这么可怜，加仓都没,,狗头出击,2303077280306978,2026-05-21 13:14:10,88,1,0,0,False,False,"https://guba.eastmoney.com/news,002055,1712038746.html",2026-07-06 17:10:17
eastmoney_guba,002055,1712039383,封单越来越少,,炒股养家挣钱,3301064606784256,2026-05-21 13:14:30,30,0,0,0,False,False,"https://guba.eastmoney.com/news,002055,1712039383.html",2026-07-06 17:10:17
eastmoney_guba,002055,1712047447,哎，人啊就是，6块钱时随便买，想要多少有多少，结果没人要！现在7块多了，上杆子抢,,白天做发财梦,3623094377243404,2026-05-21 13:19:19,65,0,0,0,False,False,"https://guba.eastmoney.com/news,002055,1712047447.html",2026-07-06 17:10:17
eastmoney_guba,002055,1712059713,这个是大陆唯一，非常稀缺，况且果子介入，空间无限想象，可别掉下车了，......,,衣饭风顺,2552094288457870,2026-05-21 13:26:43,126,0,0,0,False,False,"https://guba.eastmoney.com/news,002055,1712059713.html",2026-07-06 17:10:17
eastmoney_guba,002055,1712061341,还有几个一字板，那位大神分折一下,,柳叶飘啊飘,9383094319283500,2026-05-21 13:27:43,238,4,0,0,False,False,"https://guba.eastmoney.com/news,002055,1712061341.html",2026-07-06 17:10:17
eastmoney_guba,002055,1712070348,新龙头：st得润，天空才是你的极限,,在A股赚彩礼,2227067549591522,2026-05-21 13:32:57,40,0,0,0,False,False,"https://guba.eastmoney.com/news,002055,1712070348.html",2026-07-06 17:10:17
eastmoney_guba,002055,1712072508,德润是英特尔大陆唯一认证商，大伙想想能涨到多少。还有重组的预期。,,江湖再现尼古拉斯,8183013401511276,2026-05-21 13:34:06,51,0,0,0,False,False,"https://guba.eastmoney.com/news,002055,1712072508.html",2026-07-06 17:10:17
eastmoney_guba,002055,1712076555,来广东四天，四个涨停。我这还回不回上海呢,,笑逐颜开的龚艳,2079345942814724,2026-05-21 13:36:07,442,26,0,0,False,False,"https://guba.eastmoney.com/news,002055,1712076555.html",2026-07-06 17:10:09
eastmoney_guba,002055,1712078659,大盘这个样子，再不走要闷杀了，主力马上开砸，跑都跑不掉,,股友781036ar98,1005067658930970,2026-05-21 13:37:10,98,2,0,0,False,False,"https://guba.eastmoney.com/news,002055,1712078659.html",2026-07-06 17:10:14
eastmoney_guba,002055,1712079156,6500人的高科技巨头，市值千亿不为过,,在A股赚彩礼,2227067549591522,2026-05-21 13:37:24,99,2,0,0,False,False,"https://guba.eastmoney.com/news,002055,1712079156.html",2026-07-06 17:10:17
eastmoney_guba,002055,1712089429,他早就应该涨了，只是硬生生跌了大半年才开始反弹，把人折磨疯了,,股友2g1686h586,6609117708977588,2026-05-21 13:43:04,57,0,0,0,False,False,"https://guba.eastmoney.com/news,002055,1712089429.html",2026-07-06 17:10:17
eastmoney_guba,002055,1712092144,还是这里安全，今天晚上搞隔夜单抢个先手！,,怀化辉煌,6160094267018322,2026-05-21 13:44:41,253,6,0,0,False,False,"https://guba.eastmoney.com/news,002055,1712092144.html",2026-07-06 17:10:14
eastmoney_guba,002055,1712093706,什么利好这么硬,,ST豹富,6718386127104794,2026-05-21 13:45:40,85,2,0,0,False,False,"https://guba.eastmoney.com/news,002055,1712093706.html",2026-07-06 17:10:17
eastmoney_guba,002055,1712095542,明天继续顶一字涨停，接替ST板块新龙头,,经纶有余地戴沐白,7975326559790516,2026-05-21 13:46:46,59,0,0,0,False,False,"https://guba.eastmoney.com/news,002055,1712095542.html",2026-07-06 17:10:17
eastmoney_guba,002055,1712111161,这个庄挺会玩,,短线大局观,1970085089858000,2026-05-21 13:55:02,48,0,0,0,False,False,"https://guba.eastmoney.com/news,002055,1712111161.html",2026-07-06 17:10:17
eastmoney_guba,002055,1712138036,今天排进去的兄弟姐妹没有啊,,蓝金吉拉,3325086941576462,2026-05-21 14:07:50,567,11,0,0,True,False,"https://guba.eastmoney.com/news,002055,1712138036.html",2026-07-06 17:10:17
eastmoney_guba,002055,1712147016,肯定要出公告才会开板，这波明显炒的是债务和解预期，4/20撤拍就说明私下已达成初,,股友6u0268O327,2559037085354874,2026-05-21 14:11:57,192,0,0,0,False,False,"https://guba.eastmoney.com/news,002055,1712147016.html",2026-07-06 17:10:17
eastmoney_guba,002055,1712155483,还是得有东西,,烟台G4528,8468094577868332,2026-05-21 14:15:17,41,0,0,0,False,False,"https://guba.eastmoney.com/news,002055,1712155483.html",2026-07-06 17:10:17
eastmoney_guba,002055,1712182173,害怕的韭菜就出去，难怪故事赚不到钱，这么好的封单还卖,,不戴墨镜的小马哥,3406017343280268,2026-05-21 14:26:14,30,0,0,0,False,False,"https://guba.eastmoney.com/news,002055,1712182173.html",2026-07-06 17:10:17
eastmoney_guba,002055,1712185103,门焊死了,,股友63Z288c931,8341067298684792,2026-05-21 14:27:17,35,0,0,0,False,False,"https://guba.eastmoney.com/news,002055,1712185103.html",2026-07-06 17:10:17
eastmoney_guba,002055,1712186137,【盘中播报】54只个股跨越牛熊分界线,,中马传动资讯,5604084936547012,2026-05-21 14:27:39,1859,2,2,0,False,False,"https://guba.eastmoney.com/news,002055,1712186137.html",2026-07-06 17:10:14
eastmoney_guba,002055,1712206668,我在ST里躲大跌,,健心资顺,3734326177529406,2026-05-21 14:34:43,54,0,0,0,False,False,"https://guba.eastmoney.com/news,002055,1712206668.html",2026-07-06 17:10:17
eastmoney_guba,002055,1712212141,同样做电子高速连接器的胜蓝股份17亿的营业额市值170亿，龙头企业得润电子营业额,,轻盈跳跃的八哥,5366315762063082,2026-05-21 14:36:25,75,0,0,0,False,False,"https://guba.eastmoney.com/news,002055,1712212141.html",2026-07-06 17:10:17
eastmoney_guba,002055,1712217828,谁能告诉我它为什么涨嘛,,便利的吕岚,3163396233257718,2026-05-21 14:38:21,151,3,0,0,False,False,"https://guba.eastmoney.com/news,002055,1712217828.html",2026-07-06 17:10:17
eastmoney_guba,002055,1712231993,简单说几句，年初进来的得润，经过这段时间观察，主力成本应该在6块钱左右，根据以往,,老练的戚春燕,5647037201743930,2026-05-21 14:44:27,541,13,3,0,False,False,"https://guba.eastmoney.com/news,002055,1712231993.html",2026-07-06 17:10:14
eastmoney_guba,002055,1712244930,外面鬼哭狼嚎,,得润两位数,3290024582242248,2026-05-21 14:49:35,60,1,0,0,False,False,"https://guba.eastmoney.com/news,002055,1712244930.html",2026-07-06 17:10:17
eastmoney_guba,002055,1712250763,什么情况，我就试试水，还开了,,股友56058o3P77,1418137219808252,2026-05-21 14:51:39,46,0,0,0,False,False,"https://guba.eastmoney.com/news,002055,1712250763.html",2026-07-06 17:10:17
eastmoney_guba,002055,1712255808,？？？,,fayluo88221,2486305837508182,2026-05-21 14:53:24,33,0,0,0,False,False,"https://guba.eastmoney.com/news,002055,1712255808.html",2026-07-06 17:10:17
eastmoney_guba,002055,1712255972,这一把玩的缪！该走的都走了,,唐清风,9963084659655328,2026-05-21 14:53:28,53,0,0,0,False,False,"https://guba.eastmoney.com/news,002055,1712255972.html",2026-07-06 17:10:17
eastmoney_guba,002055,1712258366,天地板？,,仪态万千的溪岚1,2117165338253812,2026-05-21 14:54:16,40,0,0,0,False,False,"https://guba.eastmoney.com/news,002055,1712258366.html",2026-07-06 17:10:17
eastmoney_guba,002055,1712258659,天地板,,牛气冲天的小菲菜,6291306323208406,2026-05-21 14:54:21,34,0,0,0,False,False,"https://guba.eastmoney.com/news,002055,1712258659.html",2026-07-06 17:10:17
eastmoney_guba,002055,1712261086,不服来战，我就说今天开，哈哈,,超级旺旺号,5935336100455462,2026-05-21 14:55:07,212,5,0,0,False,False,"https://guba.eastmoney.com/news,002055,1712261086.html",2026-07-06 17:10:17
eastmoney_guba,002055,1712263424,低吸,,投机市场,3827316057729008,2026-05-21 14:55:53,39,0,0,0,False,False,"https://guba.eastmoney.com/news,002055,1712263424.html",2026-07-06 17:10:17
eastmoney_guba,002055,1712263715,洗一波？,,股友6u0268O327,2559037085354874,2026-05-21 14:55:59,47,0,0,0,False,False,"https://guba.eastmoney.com/news,002055,1712263715.html",2026-07-06 17:10:17
eastmoney_guba,002055,1712264271,哈哈哈，st全死！,,靠st养家,9327013643054250,2026-05-21 14:56:10,63,0,0,0,False,False,"https://guba.eastmoney.com/news,002055,1712264271.html",2026-07-06 17:10:17
eastmoney_guba,002055,1712267155,释放一下抛压也挺好,,唐清风,9963084659655328,2026-05-21 14:57:25,46,0,0,0,False,False,"https://guba.eastmoney.com/news,002055,1712267155.html",2026-07-06 17:10:17
eastmoney_guba,002055,1712267336,生不逢时,,奋发的康昭,7662094295370482,2026-05-21 14:57:31,42,0,0,0,False,False,"https://guba.eastmoney.com/news,002055,1712267336.html",2026-07-06 17:10:17
eastmoney_guba,002055,1712271820,我的错，我的错。不该离开广东,,笑逐颜开的龚艳,2079345942814724,2026-05-21 14:59:53,289,5,0,0,True,False,"https://guba.eastmoney.com/news,002055,1712271820.html",2026-07-06 17:10:14
eastmoney_guba,002055,1712276815,一不留神开板了，靠,,晾琪25653,9820094547201622,2026-05-21 15:01:59,65,0,0,0,False,False,"https://guba.eastmoney.com/news,002055,1712276815.html",2026-07-06 17:10:17
eastmoney_guba,002055,1712277827,被吓跑了，留下的发财,,仪态万千的溪岚1,2117165338253812,2026-05-21 15:02:31,50,0,0,0,False,False,"https://guba.eastmoney.com/news,002055,1712277827.html",2026-07-06 17:10:17
eastmoney_guba,002055,1712278441,跑了，大盘太恐怖了,,K线大师,3155034833576922,2026-05-21 15:02:51,404,4,0,0,True,False,"https://guba.eastmoney.com/news,002055,1712278441.html",2026-07-06 17:10:14
eastmoney_guba,002055,1712279072,跑了，留下的忽悠继续赚钱。,,首都九菲特,6181074920667870,2026-05-21 15:03:09,50,0,0,0,False,False,"https://guba.eastmoney.com/news,002055,1712279072.html",2026-07-06 17:10:17
eastmoney_guba,002055,1712286968,次奥没天理了,,我叫坏小孩,1885385759908908,2026-05-21 15:08:15,38,0,0,0,False,False,"https://guba.eastmoney.com/news,002055,1712286968.html",2026-07-06 17:10:17
eastmoney_guba,002055,1712288550,完了完了完了完了完了完了，谁闲的砸开了,,专业薅龙大羊毛,3804047346586666,2026-05-21 15:09:36,37,0,0,0,False,False,"https://guba.eastmoney.com/news,002055,1712288550.html",2026-07-06 17:10:17
eastmoney_guba,002055,1712289285,我的十倍牛股开板了,,专业薅龙大羊毛,3804047346586666,2026-05-21 15:10:13,58,0,0,0,False,False,"https://guba.eastmoney.com/news,002055,1712289285.html",2026-07-06 17:10:17
eastmoney_guba,002055,1712290317,纯被大盘带崩，明天继续一字,,季季红盘,9035395706924822,2026-05-21 15:11:10,110,2,0,0,False,False,"https://guba.eastmoney.com/news,002055,1712290317.html",2026-07-06 17:10:17
eastmoney_guba,002055,1712292962,啥情况吗？,,股友75086F98T0,9340346523260088,2026-05-21 15:13:43,45,0,0,0,False,False,"https://guba.eastmoney.com/news,002055,1712292962.html",2026-07-06 17:10:17
eastmoney_guba,002055,1712293128,股东大会，是不是有雷,,爱理财的老登,4578366245437536,2026-05-21 15:13:52,48,0,0,0,False,False,"https://guba.eastmoney.com/news,002055,1712293128.html",2026-07-06 17:10:17
eastmoney_guba,002055,1712298225,芭比Q了，加尔斯克最后100股，也在水底下割肉跑路了。@后贝加尔斯克,,深南大道小鳄鱼,5878094723013218,2026-05-21 15:19:41,62,1,0,0,False,False,"https://guba.eastmoney.com/news,002055,1712298225.html",2026-07-06 17:10:17
eastmoney_guba,002055,1712298487,我不就没有帮你们顶板吗，至于砸成这样子吗,,血鳄鱼,3443306117639216,2026-05-21 15:20:01,228,0,0,0,True,False,"https://guba.eastmoney.com/news,002055,1712298487.html",2026-07-06 17:10:17
eastmoney_guba,002055,1712298620,这就是纯炒作，没有实质性利好，否则不会理会大盘。股东大会就是走过场。,,乐于助人的付茹16,1117095160989936,2026-05-21 15:20:13,71,1,0,0,False,False,"https://guba.eastmoney.com/news,002055,1712298620.html",2026-07-06 17:10:14
eastmoney_guba,002055,1712299453,感谢得润，今年没大亏。前面亏了大几万，第一个板洗了一大半，今天开板全出了，还亏几,,阿宝一路向北,8235094810193416,2026-05-21 15:21:19,1027,1,0,0,True,False,"https://guba.eastmoney.com/news,002055,1712299453.html",2026-07-06 17:10:14
eastmoney_guba,002055,1712300064,啥情况？又没有抛压，这么好拉的票，主力封了一天最后选择主动开板？,,五米七,3795017553130470,2026-05-21 15:22:10,68,0,0,0,False,False,"https://guba.eastmoney.com/news,002055,1712300064.html",2026-07-06 17:10:17
eastmoney_guba,002055,1712301132,果然过不了7元，哈哈,,财富自选股,8904113740107672,2026-05-21 15:23:41,62,1,0,0,False,False,"https://guba.eastmoney.com/news,002055,1712301132.html",2026-07-06 17:10:14
eastmoney_guba,002055,1712304009,终于买到了,,股友Q06u708917,3095346100173442,2026-05-21 15:28:12,51,0,0,0,False,False,"https://guba.eastmoney.com/news,002055,1712304009.html",2026-07-06 17:10:14
eastmoney_guba,002055,1712304369,7上车明天继续一字板不解释,,欢乐的龚婉1,5008326106898846,2026-05-21 15:28:51,61,0,0,0,False,False,"https://guba.eastmoney.com/news,002055,1712304369.html",2026-07-06 17:10:14
eastmoney_guba,002055,1712305383,这才3天啊？就扛不住了吗？？？？,,不戴墨镜的小马哥,3406017343280268,2026-05-21 15:30:17,70,1,0,0,False,False,"https://guba.eastmoney.com/news,002055,1712305383.html",2026-07-06 17:10:14
eastmoney_guba,002055,1712307155,按道理来说，明天应该继续一字板，拭目以待吧,,不戴墨镜的小马哥,3406017343280268,2026-05-21 15:32:51,76,1,0,0,False,False,"https://guba.eastmoney.com/news,002055,1712307155.html",2026-07-06 17:10:14
eastmoney_guba,002055,1712309275,开板收点下方不坚定的获利筹码，然后继续封,,牛肉煎饼,6968076988376548,2026-05-21 15:35:30,58,0,0,0,False,False,"https://guba.eastmoney.com/news,002055,1712309275.html",2026-07-06 17:10:14
eastmoney_guba,002055,1712310110,巴比Q了，开盘了,,在A股赚彩礼,2227067549591522,2026-05-21 15:36:35,51,0,0,0,False,False,"https://guba.eastmoney.com/news,002055,1712310110.html",2026-07-06 17:10:14
eastmoney_guba,002055,1712315776,不换实控人走不远,,我在三界开茶馆,8698094198375360,2026-05-21 15:44:02,44,0,0,0,False,False,"https://guba.eastmoney.com/news,002055,1712315776.html",2026-07-06 17:10:14
eastmoney_guba,002055,1712317238,明天就知道是出货还是换手了。,,o痕迹o,4802306288363612,2026-05-21 15:47:01,163,3,0,0,False,False,"https://guba.eastmoney.com/news,002055,1712317238.html",2026-07-06 17:10:14
eastmoney_guba,002055,1712326863,收盘起床看手机，人傻了，今天被大盘带崩，恐慌盘都被杀出来了，希望明天反包修复吧！,,只为赚999万,2439047277939938,2026-05-21 16:07:25,156,0,0,0,False,False,"https://guba.eastmoney.com/news,002055,1712326863.html",2026-07-06 17:10:14
eastmoney_guba,002055,1712335096,我觉得st得润这么好的底子，今天破板，我个人觉得不像出货毕竟下跌空间不是很大，我,,为慧封心,9003086981627426,2026-05-21 16:26:35,242,2,0,0,False,False,"https://guba.eastmoney.com/news,002055,1712335096.html",2026-07-06 17:10:14
eastmoney_guba,002055,1712340519,胆子小的玩不了这个游戏,,黑板叔叔518,8791077618854668,2026-05-21 16:39:44,1188,2,0,0,True,False,"https://guba.eastmoney.com/news,002055,1712340519.html",2026-07-06 17:10:14
eastmoney_guba,002055,1712350897,才这个位置，市场越低迷，明天反包全市场千军万马来相见,,笋岗财经评论,4722486750974742,2026-05-21 17:06:00,61,0,0,0,False,False,"https://guba.eastmoney.com/news,002055,1712350897.html",2026-07-06 17:10:14
eastmoney_guba,002055,1712352140,感谢主力，明天继续加仓,,可避坑可赚钱,8414094369627002,2026-05-21 17:09:10,48,0,0,0,False,False,"https://guba.eastmoney.com/news,002055,1712352140.html",2026-07-06 17:10:14
eastmoney_guba,002055,1712353499,铜缆高速连接概念下跌5.24%，主力资金净流出36股,,胜蓝股份资讯,2149345532676476,2026-05-21 17:12:50,3425,3,1,0,False,False,"https://guba.eastmoney.com/news,002055,1712353499.html",2026-07-06 17:10:14
eastmoney_guba,002055,1712354078,突然感觉明天好像不太好呢，今天为什么最好10分钟炸板呢？？？有什么说法吗？,,不戴墨镜的小马哥,3406017343280268,2026-05-21 17:14:16,354,4,0,0,False,False,"https://guba.eastmoney.com/news,002055,1712354078.html",2026-07-06 17:10:14
eastmoney_guba,002055,1712358577,今天股东大会开的怎么样啊？一点消息没有,,我叫坏小孩,1885385759908908,2026-05-21 17:26:54,51,0,0,0,False,False,"https://guba.eastmoney.com/news,002055,1712358577.html",2026-07-06 17:10:14
eastmoney_guba,002055,1712359616,明天看大盘咋样了，尾盘是柚子做得T，炸板跑了几万手，尾盘接回几万手,,我叫坏小孩,1885385759908908,2026-05-21 17:30:13,99,1,0,0,False,False,"https://guba.eastmoney.com/news,002055,1712359616.html",2026-07-06 17:10:14
eastmoney_guba,002055,1712363103,不急明天有低位买,,一切都是虚的,9157075009070820,2026-05-21 17:40:10,55,0,0,0,False,False,"https://guba.eastmoney.com/news,002055,1712363103.html",2026-07-06 17:10:14
eastmoney_guba,002055,1712372183,功夫不负有心人排队一天尾盘打板成功请攻击我最薄弱的地方,,戒急用缓,6692406847652682,2026-05-21 18:07:34,1140,21,1,0,True,False,"https://guba.eastmoney.com/news,002055,1712372183.html",2026-07-06 17:10:14
eastmoney_guba,002055,1712373250,明天危矣，今天出了一半,,在A股赚彩礼,2227067549591522,2026-05-21 18:10:45,49,0,0,0,False,False,"https://guba.eastmoney.com/news,002055,1712373250.html",2026-07-06 17:10:14
eastmoney_guba,002055,1712373956,达华东尼的涨幅可比这货高多了明天继续红,,得润两位数,3290024582242248,2026-05-21 18:13:21,77,1,0,0,False,False,"https://guba.eastmoney.com/news,002055,1712373956.html",2026-07-06 17:10:14
eastmoney_guba,002055,1712378685,大家怎么看？谢谢！最后十分钟蹦，破涨停主力抛6.8万手，部分撤单了！散户恐慌盘卖,,安福盛,3594575223133282,2026-05-21 18:28:30,2095,15,1,0,True,False,"https://guba.eastmoney.com/news,002055,1712378685.html",2026-07-06 17:10:14
eastmoney_guba,002055,1712379011,ST得润:2025年度股东会会议决议公告,,ST得润资讯,9481113638045702,2026-05-21 18:29:27,472,3,2,0,False,False,"https://guba.eastmoney.com/news,002055,1712379011.html",2026-07-06 17:10:14
eastmoney_guba,002055,1712379025,ST得润:广东华商律师事务所关于公司2025年度股东会法律意见书,,ST得润资讯,9481113638045702,2026-05-21 18:29:28,288,0,2,0,False,False,"https://guba.eastmoney.com/news,002055,1712379025.html",2026-07-06 17:10:14
eastmoney_guba,002055,1712395676,，拥抱未来！共患难才能同享福，过了8块，让别人来给我们抬轿子！,,股友T1g5109059,5670346153790280,2026-05-21 19:26:42,69,0,0,0,False,False,"https://guba.eastmoney.com/news,002055,1712395676.html",2026-07-06 17:10:14
eastmoney_guba,002055,1712401781,不到100亿市值根本不用考虑跑………,,弥勒教徒,3734585194603806,2026-05-21 19:48:17,74,1,0,0,False,False,"https://guba.eastmoney.com/news,002055,1712401781.html",2026-07-06 17:10:14
eastmoney_guba,002055,1712403835,想知道这公司没有实控人，这到底是谁的公司，是不是散户的。,,麒麟金库,6826355705157646,2026-05-21 19:55:57,62,0,0,0,False,False,"https://guba.eastmoney.com/news,002055,1712403835.html",2026-07-06 17:10:14
eastmoney_guba,002055,1712410312,昨日贴子提醒了。规避风险，保住本金。点到为止。懂的自然懂。,,重组团123,6554025122257494,2026-05-21 20:19:18,103,2,0,0,False,False,"https://guba.eastmoney.com/news,002055,1712410312.html",2026-07-06 17:10:14
eastmoney_guba,002055,1712410394,我要是主力资金，接下来会利用这几天大盘恐慌，狠狠打压拿货,,zfaquir,9342395744129562,2026-05-21 20:19:26,115,1,0,0,False,False,"https://guba.eastmoney.com/news,002055,1712410394.html",2026-07-06 17:10:14
eastmoney_guba,002055,1712413369,为什么涨？为什么跌？,,德n福,5938094743500338,2026-05-21 20:29:51,62,1,0,0,False,False,"https://guba.eastmoney.com/news,002055,1712413369.html",2026-07-06 17:10:14
eastmoney_guba,002055,1712414647,只明天不按地板一切都好说,,宿火H,2546077274373794,2026-05-21 20:34:32,103,2,0,0,False,False,"https://guba.eastmoney.com/news,002055,1712414647.html",2026-07-06 17:10:14
eastmoney_guba,002055,1712417254,守了小得子几年了硬是没看懂涨跌逻辑,,德n福,5938094743500338,2026-05-21 20:43:14,113,1,0,0,False,False,"https://guba.eastmoney.com/news,002055,1712417254.html",2026-07-06 17:10:11
eastmoney_guba,002055,1712419221,我说是量化砸盘你们信吗,,沈阳芭菲菜,1764326049115564,2026-05-21 20:49:58,345,3,0,0,False,False,"https://guba.eastmoney.com/news,002055,1712419221.html",2026-07-06 17:10:14
eastmoney_guba,002055,1712441855,Cpu需求增加了32倍,,只做预期,7334625240229044,2026-05-21 22:01:59,388,0,1,0,False,False,"https://guba.eastmoney.com/news,002055,1712441855.html",2026-07-06 17:10:14
eastmoney_guba,002055,1712443957,精准打击这种没业绩蹭热点，蹭题材的,,股友96w13r8570,9995466838029088,2026-05-21 22:07:47,810,3,1,0,True,False,"https://guba.eastmoney.com/news,002055,1712443957.html",2026-07-06 17:10:14
eastmoney_guba,002055,1712445262,上涨就是因为这个吧,,只做预期,7334625240229044,2026-05-21 22:11:30,1421,5,4,0,False,False,"https://guba.eastmoney.com/news,002055,1712445262.html",2026-07-06 17:10:11
eastmoney_guba,002055,1712454861,今天尾盘开始倒车接人，最迟下星期一继续一字涨停！,,好风长吟,4179386109771602,2026-05-21 22:45:33,111,1,0,0,False,False,"https://guba.eastmoney.com/news,002055,1712454861.html",2026-07-06 17:10:14
eastmoney_guba,002055,1712456672,太弱了，今天开班了,,大吉暴富得黄药师,6750376413954726,2026-05-21 22:52:32,43,0,0,0,False,False,"https://guba.eastmoney.com/news,002055,1712456672.html",2026-07-06 17:10:14
eastmoney_guba,002055,1712461885,得润股价上涨真正的逻辑探讨】我突然明白了，醍醐灌顶般恍然大悟！CPU:GPU，从,,瑞斯康达主力,2091156118898678,2026-05-21 23:15:03,200,0,0,0,False,False,"https://guba.eastmoney.com/news,002055,1712461885.html",2026-07-06 17:10:14
eastmoney_guba,002055,1712463270,：CPU出货量与Socket呈1:1刚性绑定，CPUSocket可以理解为主板上,,星火燎原火,7291305539326324,2026-05-21 23:22:50,1155,9,2,0,False,False,"https://guba.eastmoney.com/news,002055,1712463270.html",2026-07-06 17:10:11
eastmoney_guba,002055,1712464795,【韭菜好票集中营】【2026/05/21-周四，复盘】695家上涨，涨停36家。,,新手韭菜园子B哥,5953077633823982,2026-05-21 23:32:01,817,1,0,0,False,False,"https://guba.eastmoney.com/news,002055,1712464795.html",2026-07-06 17:10:14
eastmoney_guba,002055,1712491113,"老师们,得润这么多利好今天会不会涨停？",,江湖再现尼古拉斯,8183013401511276,2026-05-22 06:09:32,124,2,0,0,False,False,"https://guba.eastmoney.com/news,002055,1712491113.html",2026-07-06 17:10:14
eastmoney_guba,002055,1712517571,快速封板,,股友100zG51075,9531346262250688,2026-05-22 08:34:20,38,0,0,0,False,False,"https://guba.eastmoney.com/news,002055,1712517571.html",2026-07-06 17:10:14
eastmoney_guba,002055,1712527184,换主机往上冲,,专业薅龙大羊毛,3804047346586666,2026-05-22 09:05:05,31,0,0,0,False,False,"https://guba.eastmoney.com/news,002055,1712527184.html",2026-07-06 17:10:14
eastmoney_guba,002055,1712527660,换主力了冲,,专业薅龙大羊毛,3804047346586666,2026-05-22 09:05:32,35,0,0,0,False,False,"https://guba.eastmoney.com/news,002055,1712527660.html",2026-07-06 17:10:14
eastmoney_guba,002055,1712528548,抢筹,,傲寒的秦岚,5793047755670376,2026-05-22 09:06:44,31,0,0,0,False,False,"https://guba.eastmoney.com/news,002055,1712528548.html",2026-07-06 17:10:14
eastmoney_guba,002055,1712535363,抢不进去了，错过了,,股友055Ed20219,2487177069455996,2026-05-22 09:16:38,30,0,0,0,False,False,"https://guba.eastmoney.com/news,002055,1712535363.html",2026-07-06 17:10:14
eastmoney_guba,002055,1712535443,这是要成妖了,,瑞斯康达主力,2091156118898678,2026-05-22 09:16:42,36,0,0,0,False,False,"https://guba.eastmoney.com/news,002055,1712535443.html",2026-07-06 17:10:14
eastmoney_guba,002055,1712536881,得润电子DDR5连接器（核心要点）得润电子是中国大陆唯一同时实现DDR5连接器量,,底牌真贵,4197094013566998,2026-05-22 09:18:08,173,0,0,0,False,False,"https://guba.eastmoney.com/news,002055,1712536881.html",2026-07-06 17:10:14
eastmoney_guba,002055,1712537256,昨天尾盘应该满仓梭哈！,,缇嘉凌,2915326293775574,2026-05-22 09:18:30,269,3,0,0,True,False,"https://guba.eastmoney.com/news,002055,1712537256.html",2026-07-06 17:10:14
eastmoney_guba,002055,1712537995,昨天开板，想卖的卖了，想买的也有机会买，留下来的都是坚定的筹码，主力你懂了吗,,四只羊十2,2142356529765010,2026-05-22 09:19:09,41,0,0,0,False,False,"https://guba.eastmoney.com/news,002055,1712537995.html",2026-07-06 17:10:14
eastmoney_guba,002055,1712538592,撤单，撤单。,,诚挚de莎珂拉,4502176396410598,2026-05-22 09:19:35,30,0,0,0,False,False,"https://guba.eastmoney.com/news,002055,1712538592.html",2026-07-06 17:10:14
eastmoney_guba,002055,1712538733,这是要独吃了,,黄知夏,9813057259471400,2026-05-22 09:19:41,75,3,0,0,False,False,"https://guba.eastmoney.com/news,002055,1712538733.html",2026-07-06 17:10:14
eastmoney_guba,002055,1712539194,昨天给你们机会了，你们不买,,不戴墨镜的小马哥,3406017343280268,2026-05-22 09:20:01,34,0,0,0,False,False,"https://guba.eastmoney.com/news,002055,1712539194.html",2026-07-06 17:10:14
eastmoney_guba,002055,1712539793,IntelDDR5连接器（关键信息）简单说：Intel认证、适配Intel平台的,,底牌真贵,4197094013566998,2026-05-22 09:20:33,170,0,2,0,False,False,"https://guba.eastmoney.com/news,002055,1712539793.html",2026-07-06 17:10:14
eastmoney_guba,002055,1712540332,主力，我不到28一股不卖，拉吧,,不戴墨镜的小马哥,3406017343280268,2026-05-22 09:21:10,32,0,0,0,False,False,"https://guba.eastmoney.com/news,002055,1712540332.html",2026-07-06 17:10:14
eastmoney_guba,002055,1712543331,昨天被洗完的人就是认知不够。这么低价和朗科科技比都是还在低位,,笋岗财经评论,4722486750974742,2026-05-22 09:24:31,107,1,0,0,False,False,"https://guba.eastmoney.com/news,002055,1712543331.html",2026-07-06 17:10:14
eastmoney_guba,002055,1712552134,情况有点不好，板上跑了太多,,北海大章鱼,5108386417974514,2026-05-22 09:26:16,70,2,0,0,False,False,"https://guba.eastmoney.com/news,002055,1712552134.html",2026-07-06 17:10:12
eastmoney_guba,002055,1712554688,在里面的赶紧跑吧，会开板的，封单那么少,,炒心境,1221166902815542,2026-05-22 09:28:34,35,0,0,0,False,False,"https://guba.eastmoney.com/news,002055,1712554688.html",2026-07-06 17:10:14
eastmoney_guba,002055,1712555827,妈的，昨天尾盘被吓跑了,,翰林学士,5269007441813226,2026-05-22 09:29:43,31,0,0,0,False,False,"https://guba.eastmoney.com/news,002055,1712555827.html",2026-07-06 17:10:14
eastmoney_guba,002055,1712565427,好样的！,,好风长吟,4179386109771602,2026-05-22 09:31:47,30,0,0,0,False,False,"https://guba.eastmoney.com/news,002055,1712565427.html",2026-07-06 17:10:14
eastmoney_guba,002055,1712565982,20元以下根本不考虑卖出！今封板。下周五连板002055,,后贝加尔斯克,7154013321195756,2026-05-22 09:31:56,92,3,0,0,False,False,"https://guba.eastmoney.com/news,002055,1712565982.html",2026-07-06 17:10:14
eastmoney_guba,002055,1712568698,能说说为什么一直涨吗，到现在我都不明白。难道要出妖股，没任何信号啊,,A哎呦喂A,9857037208343456,2026-05-22 09:32:40,371,5,0,0,True,False,"https://guba.eastmoney.com/news,002055,1712568698.html",2026-07-06 17:10:11
eastmoney_guba,002055,1712570070,卖盘释放差不多了,,股友100zG51075,9531346262250688,2026-05-22 09:33:03,30,0,0,0,False,False,"https://guba.eastmoney.com/news,002055,1712570070.html",2026-07-06 17:10:14
eastmoney_guba,002055,1712570951,牛,,靠st养家,9327013643054250,2026-05-22 09:33:18,524,16,0,0,False,False,"https://guba.eastmoney.com/news,002055,1712570951.html",2026-07-06 17:08:25
eastmoney_guba,002055,1712571308,怎么又涨停了，昨天跌的好好的，哎,,财富自选股,8904113740107672,2026-05-22 09:33:24,31,0,0,0,False,False,"https://guba.eastmoney.com/news,002055,1712571308.html",2026-07-06 17:10:14
eastmoney_guba,002055,1712575323,得润大帝来了,,舍得润,4484346120850282,2026-05-22 09:34:30,340,3,1,0,True,False,"https://guba.eastmoney.com/news,002055,1712575323.html",2026-07-06 17:10:11
eastmoney_guba,002055,1712576310,放我进去！！！！！！！。昨天被吓出去了,,可靠的温菡,9177025119482182,2026-05-22 09:34:48,60,2,0,0,False,False,"https://guba.eastmoney.com/news,002055,1712576310.html",2026-07-06 17:10:12
eastmoney_guba,002055,1712577044,不知道今天集合竞价主力的操作有几个看懂了的，看懂了的我们可以交个朋友,,老练的戚春燕,5647037201743930,2026-05-22 09:35:00,53,0,0,0,False,False,"https://guba.eastmoney.com/news,002055,1712577044.html",2026-07-06 17:10:14
eastmoney_guba,002055,1712579609,昨天给你们机会不中用呀！就别在这里鬼叫了！,,唐清风,9963084659655328,2026-05-22 09:35:43,33,0,0,0,False,False,"https://guba.eastmoney.com/news,002055,1712579609.html",2026-07-06 17:10:14
eastmoney_guba,002055,1712582045,我擦，昨天卖了，得润不会一去不回头了吧。,,首都九菲特,6181074920667870,2026-05-22 09:36:20,32,0,0,0,False,False,"https://guba.eastmoney.com/news,002055,1712582045.html",2026-07-06 17:10:14
eastmoney_guba,002055,1712588194,稳如,,ST我的最爱,5271094411571008,2026-05-22 09:38:00,35,1,0,0,False,False,"https://guba.eastmoney.com/news,002055,1712588194.html",2026-07-06 17:10:14
eastmoney_guba,002055,1712588619,外面腥风血雨，还是这里安全,,瑞斯康达主力,2091156118898678,2026-05-22 09:38:07,30,0,0,0,False,False,"https://guba.eastmoney.com/news,002055,1712588619.html",2026-07-06 17:10:14
eastmoney_guba,002055,1712590320,今天9:19分挂单必进，甚至可以说集合竞价挂的单都可以进，都成交8万手了，集合竞,,降温4000加,9221027108476824,2026-05-22 09:38:32,92,3,0,0,False,False,"https://guba.eastmoney.com/news,002055,1712590320.html",2026-07-06 17:10:12
eastmoney_guba,002055,1712593562,根本买不到了，前面排队的全是机构和游资的大单子002055,,后贝加尔斯克,7154013321195756,2026-05-22 09:39:28,187,7,0,0,False,False,"https://guba.eastmoney.com/news,002055,1712593562.html",2026-07-06 17:10:12
eastmoney_guba,002055,1712595371,九点二十五分挂的四十三手，今天应该能拍得进吧？当时封单五万多手，开盘以后已经成交,,和气生财有道是说,2757345816761894,2026-05-22 09:39:55,489,7,0,0,True,False,"https://guba.eastmoney.com/news,002055,1712595371.html",2026-07-06 17:10:11
eastmoney_guba,002055,1712602117,今天有谁抢到了的,,见好就收5859,3960047762213936,2026-05-22 09:41:49,39,1,0,0,False,False,"https://guba.eastmoney.com/news,002055,1712602117.html",2026-07-06 17:10:12
eastmoney_guba,002055,1712609420,加仓加对了,,账户已注销,7569476761782266,2026-05-22 09:44:15,24,0,0,0,False,False,"https://guba.eastmoney.com/news,002055,1712609420.html",2026-07-06 17:10:12
eastmoney_guba,002055,1712610072,什么情况，一瞬间就进去了,,五年的小菜鸟,9947027412467154,2026-05-22 09:44:29,35,0,0,0,False,False,"https://guba.eastmoney.com/news,002055,1712610072.html",2026-07-06 17:10:12
eastmoney_guba,002055,1712610250,什么情况,,股友055Ed20219,2487177069455996,2026-05-22 09:44:32,35,0,0,0,False,False,"https://guba.eastmoney.com/news,002055,1712610250.html",2026-07-06 17:10:12
eastmoney_guba,002055,1712610469,换庄了吗,,万事多谋地老夫子,1028386319694022,2026-05-22 09:44:36,27,0,0,0,False,False,"https://guba.eastmoney.com/news,002055,1712610469.html",2026-07-06 17:10:12
eastmoney_guba,002055,1712611744,我减仓了给兄弟们一起发财,,发芽的土豆丝,9798326339346518,2026-05-22 09:45:02,25,0,0,0,False,False,"https://guba.eastmoney.com/news,002055,1712611744.html",2026-07-06 17:10:12
eastmoney_guba,002055,1712612321,吓走不少,,股友9C213265L1,7977476633081770,2026-05-22 09:45:14,27,0,0,0,False,False,"https://guba.eastmoney.com/news,002055,1712612321.html",2026-07-06 17:10:12
eastmoney_guba,002055,1712612617,说实话今天不是t字板我还真看不上,,A好先森,9386356112836742,2026-05-22 09:45:19,29,0,0,0,False,False,"https://guba.eastmoney.com/news,002055,1712612617.html",2026-07-06 17:10:12
eastmoney_guba,002055,1712615644,看着一字板刚想撤单，看了持仓，竟然满仓了，挂的7.08和7.05竟然成交了，啥情,,惊爆点男主,8399375724329702,2026-05-22 09:46:20,117,4,0,0,False,False,"https://guba.eastmoney.com/news,002055,1712615644.html",2026-07-06 17:10:12
eastmoney_guba,002055,1712618609,给你们机会了，想进的赶紧，一会关门了,,仪态万千的溪岚1,2117165338253812,2026-05-22 09:47:21,46,1,0,0,False,False,"https://guba.eastmoney.com/news,002055,1712618609.html",2026-07-06 17:10:12
eastmoney_guba,002055,1712619673,不对，跑了,,账户已注销,7569476761782266,2026-05-22 09:47:41,33,0,0,0,False,False,"https://guba.eastmoney.com/news,002055,1712619673.html",2026-07-06 17:10:12
eastmoney_guba,002055,1712625216,被昨天砸怕了，股民的心被伤了，今天能走的就走吧，六月再来,,不戴墨镜的小马哥,3406017343280268,2026-05-22 09:49:35,34,0,0,0,False,False,"https://guba.eastmoney.com/news,002055,1712625216.html",2026-07-06 17:10:12
eastmoney_guba,002055,1712626030,ST得润录得5天4板,,ST得润资讯,9481113638045702,2026-05-22 09:49:51,594,0,1,0,False,False,"https://guba.eastmoney.com/news,002055,1712626030.html",2026-07-06 17:10:12
eastmoney_guba,002055,1712628750,这么早就炸板，今天继续坚持。出去也不懂买啥,,财源积玉的夏雪宜,3668326059722494,2026-05-22 09:50:49,53,1,0,0,False,False,"https://guba.eastmoney.com/news,002055,1712628750.html",2026-07-06 17:10:12
eastmoney_guba,002055,1712631924,最健康的上涨是接力上升,,公子杜,8194034852335444,2026-05-22 09:51:54,29,0,0,0,False,False,"https://guba.eastmoney.com/news,002055,1712631924.html",2026-07-06 17:10:12
eastmoney_guba,002055,1712633100,终于给机会进了，老同事说公司还有机会,,和灵皇,6227336470719316,2026-05-22 09:52:16,60,0,0,0,False,False,"https://guba.eastmoney.com/news,002055,1712633100.html",2026-07-06 17:10:12
eastmoney_guba,002055,1712641298,给你们机会不中用呀！,,唐清风,9963084659655328,2026-05-22 09:54:54,30,0,0,0,False,False,"https://guba.eastmoney.com/news,002055,1712641298.html",2026-07-06 17:10:12
eastmoney_guba,002055,1712642246,又洗一波,,股友6u0268O327,2559037085354874,2026-05-22 09:55:13,26,0,0,0,False,False,"https://guba.eastmoney.com/news,002055,1712642246.html",2026-07-06 17:10:12
eastmoney_guba,002055,1712645214,烂板出妖王,,瑞斯康达主力,2091156118898678,2026-05-22 09:56:09,32,0,0,0,False,False,"https://guba.eastmoney.com/news,002055,1712645214.html",2026-07-06 17:10:12
eastmoney_guba,002055,1712646899,马上关门了，冲,,仪态万千的溪岚1,2117165338253812,2026-05-22 09:56:42,31,0,0,0,False,False,"https://guba.eastmoney.com/news,002055,1712646899.html",2026-07-06 17:10:12
eastmoney_guba,002055,1712651273,英伟达概念还是厉害,,有气质就很哇塞,5422336360734678,2026-05-22 09:58:12,42,1,0,0,False,False,"https://guba.eastmoney.com/news,002055,1712651273.html",2026-07-06 17:10:12
eastmoney_guba,002055,1712652392,继续坚定持有,,降温4000加,9221027108476824,2026-05-22 09:58:37,344,5,0,0,True,False,"https://guba.eastmoney.com/news,002055,1712652392.html",2026-07-06 17:10:09
eastmoney_guba,002055,1712656066,我看大资金一直在进啊,,和气生财有道是说,2757345816761894,2026-05-22 09:59:55,74,0,0,0,True,False,"https://guba.eastmoney.com/news,002055,1712656066.html",2026-07-06 17:10:12
eastmoney_guba,002055,1712656918,加油啊。涨停板进的,,五年的小菜鸟,9947027412467154,2026-05-22 10:00:12,32,0,0,0,False,False,"https://guba.eastmoney.com/news,002055,1712656918.html",2026-07-06 17:10:12
eastmoney_guba,002055,1712657075,已经半仓干了，3年后再来看,,湘D峡谷野王,4390365943034164,2026-05-22 10:00:15,47,1,0,0,False,False,"https://guba.eastmoney.com/news,002055,1712657075.html",2026-07-06 17:10:12
eastmoney_guba,002055,1712658706,最简单的道理，6000多人的公司，就算它是种地的，养猪的，都不会这么点市值。,,股友8f073a5023,2408346508760214,2026-05-22 10:00:50,238,7,0,0,False,False,"https://guba.eastmoney.com/news,002055,1712658706.html",2026-07-06 17:10:12
eastmoney_guba,002055,1712665479,比较喜欢天地天洗盘,,股友9C213265L1,7977476633081770,2026-05-22 10:03:16,36,0,0,0,False,False,"https://guba.eastmoney.com/news,002055,1712665479.html",2026-07-06 17:10:12
eastmoney_guba,002055,1712674161,这是哪个大爷进来了？,,遥远的塞纳河888,9037094342652420,2026-05-22 10:06:31,265,2,1,0,True,False,"https://guba.eastmoney.com/news,002055,1712674161.html",2026-07-06 17:10:12
eastmoney_guba,002055,1712677165,今天不不涨停我白混了,,成功才是唯一,2734426795832086,2026-05-22 10:07:40,44,1,0,0,False,False,"https://guba.eastmoney.com/news,002055,1712677165.html",2026-07-06 17:10:12
eastmoney_guba,002055,1712680451,我撤了，我知足了,,专业薅龙大羊毛,3804047346586666,2026-05-22 10:09:00,57,2,0,0,False,False,"https://guba.eastmoney.com/news,002055,1712680451.html",2026-07-06 17:10:12
eastmoney_guba,002055,1712687067,在这市场做短线，跳来跳去，真的累了。目前这股涨的也不多，拿个一年看看，希望能翻倍,,和气生财有道是说,2757345816761894,2026-05-22 10:11:36,53,1,0,0,False,False,"https://guba.eastmoney.com/news,002055,1712687067.html",2026-07-06 17:10:12
eastmoney_guba,002055,1712695687,换手率太高了！周一分歧有点大,,爱理财的老登,4578366245437536,2026-05-22 10:15:08,48,1,0,0,False,False,"https://guba.eastmoney.com/news,002055,1712695687.html",2026-07-06 17:10:12
eastmoney_guba,002055,1712695712,洗洗更健康,,股友3L9i222937,5721027642096398,2026-05-22 10:15:08,28,0,0,0,False,False,"https://guba.eastmoney.com/news,002055,1712695712.html",2026-07-06 17:10:12
eastmoney_guba,002055,1712695765,别折腾了，好好的封板吧,,和气生财有道是说,2757345816761894,2026-05-22 10:15:10,47,2,0,0,False,False,"https://guba.eastmoney.com/news,002055,1712695765.html",2026-07-06 17:10:12
eastmoney_guba,002055,1712697754,大哥大,,热心的邱昆,2070077561239478,2026-05-22 10:16:03,36,0,0,0,False,False,"https://guba.eastmoney.com/news,002055,1712697754.html",2026-07-06 17:10:12
eastmoney_guba,002055,1712698429,洗盘结束打不开了封死002055,,后贝加尔斯克,7154013321195756,2026-05-22 10:16:19,31,0,0,0,False,False,"https://guba.eastmoney.com/news,002055,1712698429.html",2026-07-06 17:10:12
eastmoney_guba,002055,1712698828,这玩意，做T都怕T飞了。看好债务和解预期。,,股友6u0268O327,2559037085354874,2026-05-22 10:16:29,61,2,0,0,False,False,"https://guba.eastmoney.com/news,002055,1712698828.html",2026-07-06 17:10:12
eastmoney_guba,002055,1712699364,挖槽换手11%估计这吧里也换了不少人了,,笋岗财经评论,4722486750974742,2026-05-22 10:16:43,244,6,0,0,False,False,"https://guba.eastmoney.com/news,002055,1712699364.html",2026-07-06 17:10:09
eastmoney_guba,002055,1712702414,以这股在算力领域的作用，公司市值怎么也得100亿元，早晚得事，现在抛了就是想不开,,Luther307,5988395574972942,2026-05-22 10:18:00,51,0,0,0,False,False,"https://guba.eastmoney.com/news,002055,1712702414.html",2026-07-06 17:10:12
eastmoney_guba,002055,1712703526,好事多唬,,好风长吟,4179386109771602,2026-05-22 10:18:26,34,0,0,0,False,False,"https://guba.eastmoney.com/news,002055,1712703526.html",2026-07-06 17:10:12
eastmoney_guba,002055,1712710944,舒服了主升开始,,成功才是唯一,2734426795832086,2026-05-22 10:21:15,36,0,0,0,False,False,"https://guba.eastmoney.com/news,002055,1712710944.html",2026-07-06 17:10:12
eastmoney_guba,002055,1712713253,有劲！下周一估计还是涨停,,股友2d5627y815,5134037415756320,2026-05-22 10:22:12,41,0,0,0,False,False,"https://guba.eastmoney.com/news,002055,1712713253.html",2026-07-06 17:10:12
eastmoney_guba,002055,1712715715,ST的票遇上高换手，果断撤了，昨天卖了威龙股份，今天就给你来个跌停，得润刚回本不,,股友ZZBOT9,9148055077797970,2026-05-22 10:23:09,410,15,0,0,False,False,"https://guba.eastmoney.com/news,002055,1712715715.html",2026-07-06 17:10:12
eastmoney_guba,002055,1712727071,哎呀，这该死的票把我给震出来了，亏了15个点,,股友5220N6a196,4581006990934932,2026-05-22 10:27:49,34,0,0,0,False,False,"https://guba.eastmoney.com/news,002055,1712727071.html",2026-07-06 17:10:12
eastmoney_guba,002055,1712728260,这次是真的是st大哥领头羊了恭喜恭喜恭喜,,热心的邱昆,2070077561239478,2026-05-22 10:28:20,31,0,0,0,False,False,"https://guba.eastmoney.com/news,002055,1712728260.html",2026-07-06 17:10:12
eastmoney_guba,002055,1712728456,给个上车机会不行吗,,山东独行侠,2035346250180254,2026-05-22 10:28:25,64,3,0,0,False,False,"https://guba.eastmoney.com/news,002055,1712728456.html",2026-07-06 17:10:12
eastmoney_guba,002055,1712729142,给个上车机会不行吗？,,山东独行侠,2035346250180254,2026-05-22 10:28:42,81,3,0,0,False,False,"https://guba.eastmoney.com/news,002055,1712729142.html",2026-07-06 17:10:12
eastmoney_guba,002055,1712737388,被震下车了,,股友23qL7R,7639355961628220,2026-05-22 10:32:04,31,0,0,0,False,False,"https://guba.eastmoney.com/news,002055,1712737388.html",2026-07-06 17:10:12
eastmoney_guba,002055,1712749089,我去全是5000手好久没看到这个大场面了，市场不强他的主动性这么强，主升开启，龙,,龙头韭菜1,6332067507562556,2026-05-22 10:37:18,48,0,0,0,False,False,"https://guba.eastmoney.com/news,002055,1712749089.html",2026-07-06 17:10:12
eastmoney_guba,002055,1712751486,这个股换手35%以上才是跑路的时候,,低吸三代富,9391047279285658,2026-05-22 10:38:30,47,0,0,0,False,False,"https://guba.eastmoney.com/news,002055,1712751486.html",2026-07-06 17:10:12
eastmoney_guba,002055,1712758132,洗盘结束第二波了,,金遇心平,5723385832109234,2026-05-22 10:41:52,36,0,0,0,False,False,"https://guba.eastmoney.com/news,002055,1712758132.html",2026-07-06 17:10:12
eastmoney_guba,002055,1712758702,被震出来了，祝还在的朋友留下发财,,股友6209k9p591,7781366099165236,2026-05-22 10:42:08,38,0,0,0,False,False,"https://guba.eastmoney.com/news,002055,1712758702.html",2026-07-06 17:10:12
eastmoney_guba,002055,1712764465,"高速连接器英特尔唯一认证,适配英伟达华为长鑫等等，今年盈利明天就妥妥摘帽。",,轻盈跳跃的八哥,5366315762063082,2026-05-22 10:45:08,71,0,0,0,False,False,"https://guba.eastmoney.com/news,002055,1712764465.html",2026-07-06 17:10:12
eastmoney_guba,002055,1712768925,又要开班，爱咋咋地吧,,和气生财有道是说,2757345816761894,2026-05-22 10:47:32,39,0,0,0,False,False,"https://guba.eastmoney.com/news,002055,1712768925.html",2026-07-06 17:10:12
eastmoney_guba,002055,1712775966,这完蛋玩意儿,,瑞斯康达主力,2091156118898678,2026-05-22 10:51:16,37,0,0,0,False,False,"https://guba.eastmoney.com/news,002055,1712775966.html",2026-07-06 17:10:12
eastmoney_guba,002055,1712777178,萌新，问一下这个可以买吗，来个大佬,,游资来财,8960017766749894,2026-05-22 10:51:57,182,4,0,0,False,False,"https://guba.eastmoney.com/news,002055,1712777178.html",2026-07-06 17:10:12
eastmoney_guba,002055,1712780062,买个ST怎么这么多次开板啊，真不是随便能拿住的,,万事多谋地老夫子,1028386319694022,2026-05-22 10:53:31,39,0,0,0,False,False,"https://guba.eastmoney.com/news,002055,1712780062.html",2026-07-06 17:10:12
eastmoney_guba,002055,1712782077,按照之前的经验，今天收盘要是还是涨停，下周前几个交易日不能连续板，量能比较大，股,,资深股市消费者,4135037584452484,2026-05-22 10:54:35,71,0,0,0,False,False,"https://guba.eastmoney.com/news,002055,1712782077.html",2026-07-06 17:10:12
eastmoney_guba,002055,1712787560,对付恶庄只能打持久战，否则没任何胜利的可能,,股友2g1686h586,6609117708977588,2026-05-22 10:57:41,36,0,1,0,False,False,"https://guba.eastmoney.com/news,002055,1712787560.html",2026-07-06 17:10:12
eastmoney_guba,002055,1712788456,这走势，估计是换庄了，老庄撤退了，也就意味着新的老板来了，擦亮眼睛，好事将近！,,老练的戚春燕,5647037201743930,2026-05-22 10:58:12,41,0,0,0,False,False,"https://guba.eastmoney.com/news,002055,1712788456.html",2026-07-06 17:10:12
eastmoney_guba,002055,1712791742,你老炸板就是你的不对了,,成功才是唯一,2734426795832086,2026-05-22 11:00:07,36,0,0,0,False,False,"https://guba.eastmoney.com/news,002055,1712791742.html",2026-07-06 17:10:12
eastmoney_guba,002055,1712792669,跑路开始,,新手赚钱中,8651355917581894,2026-05-22 11:00:39,33,0,0,0,False,False,"https://guba.eastmoney.com/news,002055,1712792669.html",2026-07-06 17:10:12
eastmoney_guba,002055,1712793904,下跌幅度逐步变小，其次封单是真吃，不是撤单出货，其三是早上分歧获利盘出去，下午继,,降温4000加,9221027108476824,2026-05-22 11:01:21,137,1,0,0,False,False,"https://guba.eastmoney.com/news,002055,1712793904.html",2026-07-06 17:10:12
eastmoney_guba,002055,1712795233,有懂的兄弟们说下这不停的开板啥意思呀,,股友28v2538g26,2379046940802392,2026-05-22 11:02:09,415,9,0,0,False,False,"https://guba.eastmoney.com/news,002055,1712795233.html",2026-07-06 17:10:11
eastmoney_guba,002055,1712797281,涨停清仓了，祝留下的好运！,,乐于助人的凌冠9,1854024882483098,2026-05-22 11:03:25,30,0,0,0,False,False,"https://guba.eastmoney.com/news,002055,1712797281.html",2026-07-06 17:10:12
eastmoney_guba,002055,1712801891,刺激,,莫逆势,4773094604408444,2026-05-22 11:06:06,85,0,0,0,True,False,"https://guba.eastmoney.com/news,002055,1712801891.html",2026-07-06 17:10:12
eastmoney_guba,002055,1712803902,封补住了,,股友055Ed20219,2487177069455996,2026-05-22 11:07:20,33,0,0,0,False,False,"https://guba.eastmoney.com/news,002055,1712803902.html",2026-07-06 17:10:12
eastmoney_guba,002055,1712805124,来个天地板玩玩,,bankor23,1636044748148290,2026-05-22 11:08:04,33,0,0,0,False,False,"https://guba.eastmoney.com/news,002055,1712805124.html",2026-07-06 17:10:12
eastmoney_guba,002055,1712805316,机构出货了,,股友1623U79A71,5333395618992796,2026-05-22 11:08:10,41,0,0,0,False,False,"https://guba.eastmoney.com/news,002055,1712805316.html",2026-07-06 17:10:12
eastmoney_guba,002055,1712808789,完蛋了个屁的了,,瑞斯康达主力,2091156118898678,2026-05-22 11:10:17,34,0,0,0,False,False,"https://guba.eastmoney.com/news,002055,1712808789.html",2026-07-06 17:10:12
eastmoney_guba,002055,1712815980,加仓700骨支持一下,,沈阳芭菲菜,1764326049115564,2026-05-22 11:14:43,31,0,0,0,False,False,"https://guba.eastmoney.com/news,002055,1712815980.html",2026-07-06 17:10:12
eastmoney_guba,002055,1712817961,有些人注定赚不了钱。,,美丽de小红花,9992065283671408,2026-05-22 11:15:58,37,0,0,0,False,False,"https://guba.eastmoney.com/news,002055,1712817961.html",2026-07-06 17:10:12
eastmoney_guba,002055,1712819077,烂板成妖！希望能梦想成真！,,山外有三,2553335533082166,2026-05-22 11:16:40,58,1,0,0,False,False,"https://guba.eastmoney.com/news,002055,1712819077.html",2026-07-06 17:10:12
eastmoney_guba,002055,1712821800,消息真空期。大家怎么看？得润渣反复打开涨停？做T的空间很小？不知道具体情况的散户,,安福盛,3594575223133282,2026-05-22 11:18:19,1039,9,0,0,True,False,"https://guba.eastmoney.com/news,002055,1712821800.html",2026-07-06 17:10:11
eastmoney_guba,002055,1712825289,量大管饱,,迈九赫,5913355942612862,2026-05-22 11:20:37,38,0,0,0,False,False,"https://guba.eastmoney.com/news,002055,1712825289.html",2026-07-06 17:10:12
eastmoney_guba,002055,1712837684,今天放了巨量，大哥些小心,,君正狗,5240446690954832,2026-05-22 11:28:47,87,1,0,0,False,False,"https://guba.eastmoney.com/news,002055,1712837684.html",2026-07-06 17:10:12
eastmoney_guba,002055,1712842958,不跑的都是汉子，666666,,炒心境,1221166902815542,2026-05-22 11:34:03,306,11,0,0,False,False,"https://guba.eastmoney.com/news,002055,1712842958.html",2026-07-06 17:10:11
eastmoney_guba,002055,1712845541,今天有点看不懂，有点像大顶，该调整了？,,在A股赚彩礼,2227067549591522,2026-05-22 11:37:19,75,1,0,0,False,False,"https://guba.eastmoney.com/news,002055,1712845541.html",2026-07-06 17:10:12
eastmoney_guba,002055,1712846393,明天连续跌停板开启。,,gzlj2046,8989111785461392,2026-05-22 11:38:36,98,4,0,0,False,False,"https://guba.eastmoney.com/news,002055,1712846393.html",2026-07-06 17:10:11
eastmoney_guba,002055,1712847939,随便买，套不了人的，七块钱怕啥，锁仓到18再说！,,只为赚999万,2439047277939938,2026-05-22 11:40:53,131,3,1,0,False,False,"https://guba.eastmoney.com/news,002055,1712847939.html",2026-07-06 17:10:12
eastmoney_guba,002055,1712860001,昨天的情况多吓人，今天开盘涨停,,热心的邱昆,2070077561239478,2026-05-22 12:08:39,54,1,0,0,False,False,"https://guba.eastmoney.com/news,002055,1712860001.html",2026-07-06 17:10:11
eastmoney_guba,002055,1712863161,阶段顶，还是避一避吧,,在A股赚彩礼,2227067549591522,2026-05-22 12:18:19,42,0,0,0,False,False,"https://guba.eastmoney.com/news,002055,1712863161.html",2026-07-06 17:10:11
eastmoney_guba,002055,1712863222,今天不会涨停了，7元收都不错了，量太大了,,一切都是虚的,9157075009070820,2026-05-22 12:18:33,49,0,0,0,False,False,"https://guba.eastmoney.com/news,002055,1712863222.html",2026-07-06 17:10:11
eastmoney_guba,002055,1712866640,我们要的是不涨停，不停涨的效果，庄你敢拉吗,,股友2g1686h586,6609117708977588,2026-05-22 12:29:30,40,0,0,0,False,False,"https://guba.eastmoney.com/news,002055,1712866640.html",2026-07-06 17:10:11
eastmoney_guba,002055,1712866660,假如算力配比：GPU:CPU=1:1。。花旗集团2026年5月18日刚出的新报告,,ohaha,7259155946251206,2026-05-22 12:29:36,326,2,0,0,False,False,"https://guba.eastmoney.com/news,002055,1712866660.html",2026-07-06 17:10:11
eastmoney_guba,002055,1712869333,长下影假阴线，洗盘吸筹，大概率震荡休整后延续偏多走势,,好风长吟,4179386109771602,2026-05-22 12:38:10,61,0,0,0,False,False,"https://guba.eastmoney.com/news,002055,1712869333.html",2026-07-06 17:10:11
eastmoney_guba,002055,1712873181,烂板，庄家出货了，跑跑跑,,一切都是虚的,9157075009070820,2026-05-22 12:51:32,37,0,0,0,False,False,"https://guba.eastmoney.com/news,002055,1712873181.html",2026-07-06 17:10:11
eastmoney_guba,002055,1712883518,据说烂板出妖股，你能成妖吗,,搞遍烂股,9935094113102168,2026-05-22 13:02:35,48,0,0,0,False,False,"https://guba.eastmoney.com/news,002055,1712883518.html",2026-07-06 17:10:11
eastmoney_guba,002055,1712885412,短线这种走势，今天应该落袋为安。中长线则无所谓。,,和气生财有道是说,2757345816761894,2026-05-22 13:03:59,57,1,0,0,False,False,"https://guba.eastmoney.com/news,002055,1712885412.html",2026-07-06 17:10:11
eastmoney_guba,002055,1712885769,再见，留下的发财，下一位接棒继续。,,雨过的席峰,6826355923574406,2026-05-22 13:04:16,331,4,0,0,True,False,"https://guba.eastmoney.com/news,002055,1712885769.html",2026-07-06 17:10:11
eastmoney_guba,002055,1712886166,主力今天进了几个亿，就这样不封板慢慢吸筹。,,股友6u0268O327,2559037085354874,2026-05-22 13:04:33,55,0,0,0,False,False,"https://guba.eastmoney.com/news,002055,1712886166.html",2026-07-06 17:10:11
eastmoney_guba,002055,1712892805,这把稳了,,孤狼代号91,7260345580879376,2026-05-22 13:08:50,49,0,0,0,False,False,"https://guba.eastmoney.com/news,002055,1712892805.html",2026-07-06 17:10:11
eastmoney_guba,002055,1712897462,机构太疯狂了！///60个交易日以来，第一次机构疯狂扫货！拿紧筹码，与主力共舞！,,遥远的塞纳河888,9037094342652420,2026-05-22 13:11:34,395,2,0,0,True,False,"https://guba.eastmoney.com/news,002055,1712897462.html",2026-07-06 17:10:11
eastmoney_guba,002055,1712897565,跑了跑了，今天这么大的量，周一危险啊,,人生巅峰进行曲,6778013800753264,2026-05-22 13:11:38,186,2,0,0,False,False,"https://guba.eastmoney.com/news,002055,1712897565.html",2026-07-06 17:10:11
eastmoney_guba,002055,1712899576,量能放的有点大，向下,,快暖暖,3648094473248958,2026-05-22 13:12:50,53,1,0,0,False,False,"https://guba.eastmoney.com/news,002055,1712899576.html",2026-07-06 17:10:11
eastmoney_guba,002055,1712900391,最安全的ST股002055,,后贝加尔斯克,7154013321195756,2026-05-22 13:13:18,164,4,0,0,False,False,"https://guba.eastmoney.com/news,002055,1712900391.html",2026-07-06 17:10:11
eastmoney_guba,002055,1712904684,本座！昨天尾盘以杀入，本座！看好的股票，大概率连板，兄弟们坐等发财。,,怀化辉煌,6160094267018322,2026-05-22 13:15:50,514,26,0,0,False,False,"https://guba.eastmoney.com/news,002055,1712904684.html",2026-07-06 17:10:09
eastmoney_guba,002055,1712909710,大家看看st九鼎，扎样我刚买的，现在还是热点,,喵喵喵旺旺旺,5701013611619354,2026-05-22 13:18:53,122,2,0,0,False,False,"https://guba.eastmoney.com/news,002055,1712909710.html",2026-07-06 17:10:11
eastmoney_guba,002055,1712920118,玩呢，一开一封的,,k线背后,7688113823893366,2026-05-22 13:24:51,44,0,0,0,False,False,"https://guba.eastmoney.com/news,002055,1712920118.html",2026-07-06 17:10:11
eastmoney_guba,002055,1712927086,又卖飞了，太能洗了,,岭南天才交易员,5428047377979298,2026-05-22 13:28:52,166,3,0,0,False,False,"https://guba.eastmoney.com/news,002055,1712927086.html",2026-07-06 17:10:09
eastmoney_guba,002055,1712936848,两天20的换手，不坚定筹码全被机构接了,,不动明王身,5574366336967740,2026-05-22 13:34:39,61,0,0,0,False,False,"https://guba.eastmoney.com/news,002055,1712936848.html",2026-07-06 17:10:11
eastmoney_guba,002055,1712943829,换手再高点，今天收盘龙虎榜，看看榜一大哥是谁。,,股友6u0268O327,2559037085354874,2026-05-22 13:38:28,62,0,0,0,False,False,"https://guba.eastmoney.com/news,002055,1712943829.html",2026-07-06 17:10:11
eastmoney_guba,002055,1712948629,被洗一大半，主力太狡猾了,,在A股赚彩礼,2227067549591522,2026-05-22 13:41:07,95,1,0,0,False,False,"https://guba.eastmoney.com/news,002055,1712948629.html",2026-07-06 17:10:11
eastmoney_guba,002055,1712953966,水鱼太多,,ffffffgghhhh,6378325836212464,2026-05-22 13:44:16,44,0,0,0,False,False,"https://guba.eastmoney.com/news,002055,1712953966.html",2026-07-06 17:10:11
eastmoney_guba,002055,1713010380,今年有望突破76元，站上百元关002055,,后贝加尔斯克,7154013321195756,2026-05-22 14:16:00,228,9,0,0,False,False,"https://guba.eastmoney.com/news,002055,1713010380.html",2026-07-06 17:10:09
eastmoney_guba,002055,1713015450,好在我得润买了进的是京蓝，虽然在京蓝跌了10多个点但我还是有信心能赶超得润,,kemorebi,6962077677845920,2026-05-22 14:18:46,95,2,0,0,False,False,"https://guba.eastmoney.com/news,002055,1713015450.html",2026-07-06 17:10:11
eastmoney_guba,002055,1713015462,大家都在唱多的时候，就是危险来临了,,股友3L9i222937,5721027642096398,2026-05-22 14:18:48,55,1,0,0,False,False,"https://guba.eastmoney.com/news,002055,1713015462.html",2026-07-06 17:10:11
eastmoney_guba,002055,1713016027,今天好多散户洗出去了我知道的就有几个,,得润两位数,3290024582242248,2026-05-22 14:19:07,225,5,0,0,False,False,"https://guba.eastmoney.com/news,002055,1713016027.html",2026-07-06 17:10:11
eastmoney_guba,002055,1713034153,比较期待中报的股东情况和业绩表现了。,,笑逐颜开的龚艳,2079345942814724,2026-05-22 14:29:28,68,1,0,0,False,False,"https://guba.eastmoney.com/news,002055,1713034153.html",2026-07-06 17:10:11
eastmoney_guba,002055,1713053353,周一不顶一字我倒立洗头,,孤狼代号91,7260345580879376,2026-05-22 14:40:10,62,1,0,0,False,False,"https://guba.eastmoney.com/news,002055,1713053353.html",2026-07-06 17:10:11
eastmoney_guba,002055,1713057266,好久没玩st了、从红板科技出来部分（英特尔认证的pcb），无意中发现这个也有英特,,合纵资本,7304094472044104,2026-05-22 14:42:21,331,4,0,0,False,False,"https://guba.eastmoney.com/news,002055,1713057266.html",2026-07-06 17:09:56
eastmoney_guba,002055,1713057566,终于封住了,,K线大师,3155034833576922,2026-05-22 14:42:31,164,0,0,0,True,False,"https://guba.eastmoney.com/news,002055,1713057566.html",2026-07-06 17:10:11
eastmoney_guba,002055,1713061586,卖了,,股友l97953k700,1316027099047010,2026-05-22 14:44:42,106,3,0,0,False,False,"https://guba.eastmoney.com/news,002055,1713061586.html",2026-07-06 17:10:11
eastmoney_guba,002055,1713068265,14:55，看主力是不是害羞。还不想和大家认识,,笑逐颜开的龚艳,2079345942814724,2026-05-22 14:48:14,57,0,0,0,False,False,"https://guba.eastmoney.com/news,002055,1713068265.html",2026-07-06 17:10:11
eastmoney_guba,002055,1713072881,连续红10天，感谢得润呀，我继续坚定持有，你不跌停，我陪你到老,,降温4000加,9221027108476824,2026-05-22 14:50:46,309,1,0,0,True,False,"https://guba.eastmoney.com/news,002055,1713072881.html",2026-07-06 17:10:11
eastmoney_guba,002055,1713074491,打开快点,,生钱宝,8519395724600952,2026-05-22 14:51:37,91,2,0,0,False,False,"https://guba.eastmoney.com/news,002055,1713074491.html",2026-07-06 17:10:11
eastmoney_guba,002055,1713078317,出了一半希望下周来个五连板,,城北花易落,6742396504614870,2026-05-22 14:53:40,54,0,0,0,False,False,"https://guba.eastmoney.com/news,002055,1713078317.html",2026-07-06 17:10:11
eastmoney_guba,002055,1713082968,欢迎大佬大驾光临大佬身体健康，笑口常开，福如东海，寿比南山,,笑逐颜开的龚艳,2079345942814724,2026-05-22 14:56:12,96,2,0,0,False,False,"https://guba.eastmoney.com/news,002055,1713082968.html",2026-07-06 17:10:11
eastmoney_guba,002055,1713089536,卖飞了，7块钱出了三分之一,,Gallium186,4764346029237862,2026-05-22 15:00:43,46,0,0,0,False,False,"https://guba.eastmoney.com/news,002055,1713089536.html",2026-07-06 17:10:11
eastmoney_guba,002055,1713091718,就这么说吧，下周一如果不是一字涨停，我从此退出股市，证明我的判断力太差，不适合炒,,K线大师,3155034833576922,2026-05-22 15:02:16,652,13,0,0,False,False,"https://guba.eastmoney.com/news,002055,1713091718.html",2026-07-06 17:10:07
eastmoney_guba,002055,1713092612,一字了,,大家都赚钱俊安,6532047062527708,2026-05-22 15:02:57,49,0,0,0,False,False,"https://guba.eastmoney.com/news,002055,1713092612.html",2026-07-06 17:10:11
eastmoney_guba,002055,1713092688,今天进场的游资大佬确实有格局呼叫董秘：今晚有公告吗？,,经纶有余地戴沐白,7975326559790516,2026-05-22 15:03:01,87,1,0,0,False,False,"https://guba.eastmoney.com/news,002055,1713092688.html",2026-07-06 17:10:11
eastmoney_guba,002055,1713093258,撑死胆大饿死胆小的,,仪态万千的溪岚1,2117165338253812,2026-05-22 15:03:31,45,0,0,0,False,False,"https://guba.eastmoney.com/news,002055,1713093258.html",2026-07-06 17:10:11
eastmoney_guba,002055,1713098187,水鱼好，水鱼劲，水鱼顶瓜瓜,,ffffffgghhhh,6378325836212464,2026-05-22 15:07:54,50,0,0,0,False,False,"https://guba.eastmoney.com/news,002055,1713098187.html",2026-07-06 17:10:11
eastmoney_guba,002055,1713103004,还有5—7个涨停，大约股价在13-15元,,松鹤的宿濂,2490034614534630,2026-05-22 15:13:03,145,2,0,0,False,False,"https://guba.eastmoney.com/news,002055,1713103004.html",2026-07-06 17:10:11
eastmoney_guba,002055,1713105148,看来是被洗出来了，唉……,,少贪就是赚,4130005166101050,2026-05-22 15:15:21,192,4,0,0,False,False,"https://guba.eastmoney.com/news,002055,1713105148.html",2026-07-06 17:10:11
eastmoney_guba,002055,1713118189,华为概念。,,青禾188,4748094096689978,2026-05-22 15:37:44,935,3,0,0,True,False,"https://guba.eastmoney.com/news,002055,1713118189.html",2026-07-06 17:10:11
eastmoney_guba,002055,1713119880,昨天恐慌吓得我啊，结果今天开盘涨停了，天算不如人算啊，这个票真是牛-逼,,热心的邱昆,2070077561239478,2026-05-22 15:41:54,88,0,0,0,False,False,"https://guba.eastmoney.com/news,002055,1713119880.html",2026-07-06 17:10:11
eastmoney_guba,002055,1713123431,这么大的量，烂板下周一估计难了，要低开了,,蓝色海岸o8gqog,3000094392207730,2026-05-22 15:48:59,380,5,0,0,False,False,"https://guba.eastmoney.com/news,002055,1713123431.html",2026-07-06 17:10:11
eastmoney_guba,002055,1713133632,出了一半，有利必有弊。无怨无悔,,傲寒的秦岚,5793047755670376,2026-05-22 16:17:50,65,0,0,0,False,False,"https://guba.eastmoney.com/news,002055,1713133632.html",2026-07-06 17:10:11
eastmoney_guba,002055,1713134012,后天晚上出重磅利好公告！,,好风长吟,4179386109771602,2026-05-22 16:19:10,293,5,0,0,False,False,"https://guba.eastmoney.com/news,002055,1713134012.html",2026-07-06 17:10:11
eastmoney_guba,002055,1713142534,呼叫董秘：周末有公告吗？,,经纶有余地戴沐白,7975326559790516,2026-05-22 16:45:37,74,1,0,0,False,False,"https://guba.eastmoney.com/news,002055,1713142534.html",2026-07-06 17:10:11
eastmoney_guba,002055,1713142638,各位老铁，我今天追高进来的，后面这股有没有预期,,我就只有耐心,4562037441809234,2026-05-22 16:45:55,155,3,0,0,False,False,"https://guba.eastmoney.com/news,002055,1713142638.html",2026-07-06 17:10:11
eastmoney_guba,002055,1713143960,这走势，第二个铖昌？,,不动明王身,5574366336967740,2026-05-22 16:49:26,257,2,0,0,False,False,"https://guba.eastmoney.com/news,002055,1713143960.html",2026-07-06 17:10:11
eastmoney_guba,002055,1713144560,28.48亿主力资金净流入，铜缆高速连接概念涨4.30%,,意华股份资讯,3622114637425934,2026-05-22 16:50:50,3512,0,7,0,False,False,"https://guba.eastmoney.com/news,002055,1713144560.html",2026-07-06 17:10:11
eastmoney_guba,002055,1713152035,【韭菜好票集中营】【2026/05/22-周五，复盘】3869家上涨，涨停136,,新手韭菜园子B哥,5953077633823982,2026-05-22 17:14:41,1305,2,1,0,False,False,"https://guba.eastmoney.com/news,002055,1713152035.html",2026-07-06 17:10:11
eastmoney_guba,002055,1713156355,今天涨停板一把清仓，感觉卖早了。若周末没有利好，下周或许会调整，那就逢低再接回来,,短线大局观,1970085089858000,2026-05-22 17:28:59,166,1,0,0,False,False,"https://guba.eastmoney.com/news,002055,1713156355.html",2026-07-06 17:10:11
eastmoney_guba,002055,1713161256,周一会不会有30万封单？？？,,生钱宝,8519395724600952,2026-05-22 17:45:29,404,7,0,0,False,False,"https://guba.eastmoney.com/news,002055,1713161256.html",2026-07-06 17:10:11
eastmoney_guba,002055,1713175114,$*ST东晶(SZ002199)$$ST京蓝(SZ000711)$$ST得润(S,,辻弌仙姑,5443355523836254,2026-05-22 18:39:14,1803,0,2,0,True,False,"https://guba.eastmoney.com/news,002055,1713175114.html",2026-07-06 17:10:11
eastmoney_guba,002055,1713177601,新龙头,,涨不停1314,2405094663459934,2026-05-22 18:50:35,72,0,0,0,False,False,"https://guba.eastmoney.com/news,002055,1713177601.html",2026-07-06 17:10:11
eastmoney_guba,002055,1713177736,走了，今天被洗了,,A哎呦喂A,9857037208343456,2026-05-22 18:51:10,95,2,0,0,False,False,"https://guba.eastmoney.com/news,002055,1713177736.html",2026-07-06 17:10:11
eastmoney_guba,002055,1713178174,能涨到13呗？,,烂股收割机,4309365835407682,2026-05-22 18:53:10,53,0,0,0,False,False,"https://guba.eastmoney.com/news,002055,1713178174.html",2026-07-06 17:10:11
eastmoney_guba,002055,1713148549,5月22日ST复盘（摘帽线强）,,ST荣哥,1078436762925528,2026-05-22 19:03:00,2297,0,1,0,True,False,"https://guba.eastmoney.com/news,002055,1713148549.html",2026-07-06 17:10:11
eastmoney_guba,002055,1713182688,活了[大笑],,悟空悟能悟净5288,3371276370991582,2026-05-22 19:13:37,112,2,0,0,False,False,"https://guba.eastmoney.com/news,002055,1713182688.html",2026-07-06 17:10:11
eastmoney_guba,002055,1713197077,【ST稳稳的幸福】*ST 益通：四季度营收成 “负数”，独董反水，这份年报究竟藏了多少雷？,,ST稳稳的幸福,1858035386649196,2026-05-22 20:15:07,1466,1,0,0,True,False,"https://guba.eastmoney.com/news,002055,1713197077.html",2026-07-06 17:10:11
eastmoney_guba,002055,1713208110,听说达子要撤出国内市场，我们要自主研发国产芯片，这是不是重大利空？,,我勒个烧缸,8844017608558072,2026-05-22 21:01:00,327,4,0,0,False,False,"https://guba.eastmoney.com/news,002055,1713208110.html",2026-07-06 17:10:11
eastmoney_guba,002055,1713218996,【英特尔推出本地+云端“混合龙虾”号称能少烧多达7成云端Token】面对日益高涨,,只做预期,7334625240229044,2026-05-22 21:48:05,377,0,0,0,False,False,"https://guba.eastmoney.com/news,002055,1713218996.html",2026-07-06 17:10:11
eastmoney_guba,002055,1713221956,周一开始几个涨停板，你们自己算吧，就这么牛,,只做预期,7334625240229044,2026-05-22 22:01:10,1090,5,0,0,True,False,"https://guba.eastmoney.com/news,002055,1713221956.html",2026-07-06 17:10:11
eastmoney_guba,002055,1713223974,明年摘帽，继续洗,,宽广的杨茜1,8075436837234454,2026-05-22 22:10:25,77,1,0,0,False,False,"https://guba.eastmoney.com/news,002055,1713223974.html",2026-07-06 17:10:11
eastmoney_guba,002055,1713225226,业绩大增卧槽,,ST中东,8863355832852064,2026-05-22 22:15:34,104,1,0,0,False,False,"https://guba.eastmoney.com/news,002055,1713225226.html",2026-07-06 17:10:11
eastmoney_guba,002055,1713228981,卖早了，得润跟物理AI题材也有关系，下周一给个机会,,在A股赚彩礼,2227067549591522,2026-05-22 22:33:21,453,10,0,0,False,False,"https://guba.eastmoney.com/news,002055,1713228981.html",2026-07-06 17:10:09
eastmoney_guba,002055,1713230671,握草，周一别一字啊,,中原豹子白川,3630025326696660,2026-05-22 22:42:11,330,4,0,0,False,False,"https://guba.eastmoney.com/news,002055,1713230671.html",2026-07-06 17:10:09
eastmoney_guba,002055,1713232076,先连板，后趋势，9月之前到15没问题,,中原豹子白川,3630025326696660,2026-05-22 22:50:55,93,1,0,0,False,False,"https://guba.eastmoney.com/news,002055,1713232076.html",2026-07-06 17:10:09
eastmoney_guba,002055,1713233815,下周都买不到喽,,股友9I6f195229,9373336299493406,2026-05-22 23:00:40,205,3,0,0,False,False,"https://guba.eastmoney.com/news,002055,1713233815.html",2026-07-06 17:10:11
eastmoney_guba,002055,1713236641,涨了人气也不高啊，看来关注的人不多,,股友2g1686h586,6609117708977588,2026-05-22 23:20:19,157,2,0,0,False,False,"https://guba.eastmoney.com/news,002055,1713236641.html",2026-07-06 17:10:09
eastmoney_guba,002055,1713237251,了解了下得润被ST的经过，老板也是个很可爱的家伙~公司每年的研发投入还是很可观的,,平平仄仄9527,3530007492537026,2026-05-22 23:24:53,469,5,0,0,False,False,"https://guba.eastmoney.com/news,002055,1713237251.html",2026-07-06 17:10:09
eastmoney_guba,002055,1713239986,主力资金真听话,,zfaquir,9342395744129562,2026-05-22 23:48:10,831,2,1,0,True,False,"https://guba.eastmoney.com/news,002055,1713239986.html",2026-07-06 17:10:09
eastmoney_guba,002055,1713245449,涨停成交量40万手，是谁在卖？又是谁在买？,,独立的凌翰5,4935345939513282,2026-05-23 01:02:23,369,4,0,0,False,False,"https://guba.eastmoney.com/news,002055,1713245449.html",2026-07-06 17:10:09
eastmoney_guba,002055,1713264889,呵呵还是那句话，看它的营收，看它的赛道，这些都有，翻身就是旦夕之间,,wjxhx,6560013752324024,2026-05-23 07:45:53,119,2,0,0,False,False,"https://guba.eastmoney.com/news,002055,1713264889.html",2026-07-06 17:10:09
eastmoney_guba,002055,1713267516,啥时候摘帽,,健康的叶致东,6884395935913568,2026-05-23 08:03:54,263,7,0,0,False,False,"https://guba.eastmoney.com/news,002055,1713267516.html",2026-07-06 17:10:09
eastmoney_guba,002055,1713277630,这么多吹的，看来跑的没错,,富可钵满de珮柔,5861216197034782,2026-05-23 09:44:51,327,7,1,0,False,False,"https://guba.eastmoney.com/news,002055,1713277630.html",2026-07-06 17:10:09
eastmoney_guba,002055,1713281087,周一跌停，周五量那么大,,淘气的阿紫,2040015403504292,2026-05-23 10:19:32,460,8,0,0,False,False,"https://guba.eastmoney.com/news,002055,1713281087.html",2026-07-06 17:10:09
eastmoney_guba,002055,1713286939,唱空的多才是好事啊，唱空多说明没在车上啊，唱空越多我越高兴,,不动明王身,5574366336967740,2026-05-23 11:19:53,105,2,0,0,False,False,"https://guba.eastmoney.com/news,002055,1713286939.html",2026-07-06 17:10:09
eastmoney_guba,002055,1713290436,都在吹什么连接器？？？都是假的四川港荣才是背后的大佬债转股做第一大股东是板上钉钉,,猛虎吃牛,8176094025781428,2026-05-23 11:59:59,526,5,0,0,True,False,"https://guba.eastmoney.com/news,002055,1713290436.html",2026-07-06 17:10:09
eastmoney_guba,002055,1713291065,公司董事长人品有问题的公司还是慎重一点。人品不好，鬼心肠太多的人难有好果,,泥鳅别跑,9431013400673090,2026-05-23 12:07:41,120,2,0,0,False,False,"https://guba.eastmoney.com/news,002055,1713291065.html",2026-07-06 17:10:09
eastmoney_guba,002055,1713291599,各位，这股现在涨是因什么涨的,,我就只有耐心,4562037441809234,2026-05-23 12:14:30,301,1,1,0,False,False,"https://guba.eastmoney.com/news,002055,1713291599.html",2026-07-06 17:10:09
eastmoney_guba,002055,1713293361,怎么做到把股票都卖完了还能控制公司的,,股友3w1336i770,8668336235739988,2026-05-23 12:38:00,66,1,0,0,False,False,"https://guba.eastmoney.com/news,002055,1713293361.html",2026-07-06 17:10:09
eastmoney_guba,002055,1713293467,我重仓中,,duoduohelala0718,2427094355884532,2026-05-23 12:39:17,1059,7,0,0,True,False,"https://guba.eastmoney.com/news,002055,1713293467.html",2026-07-06 17:10:03
eastmoney_guba,002055,1713297664,现在，把5、10、20、30、60、年线都踩在了脚下，牛掰,,遥远的塞纳河888,9037094342652420,2026-05-23 13:33:44,89,0,0,0,False,False,"https://guba.eastmoney.com/news,002055,1713297664.html",2026-07-06 17:10:09
eastmoney_guba,002055,1713305001,坚决支持四川港荣和农发基金做第一第二大股东！因为他们有钱可以支持得润更上一层楼！,,猛虎吃牛,8176094025781428,2026-05-23 15:08:55,1473,13,0,0,True,False,"https://guba.eastmoney.com/news,002055,1713305001.html",2026-07-06 17:10:09
eastmoney_guba,002055,1713308763,2026年新增ST分析之46：*ST康佳A(深康佳A),,ST荣哥,1078436762925528,2026-05-23 17:59:00,3042,6,7,0,True,False,"https://guba.eastmoney.com/news,002055,1713308763.html",2026-07-06 17:10:09
eastmoney_guba,002055,1713326985,最后的疯狂，放量在出货，必须退市了,,xxjid88,4474085011653056,2026-05-23 20:06:03,236,5,0,0,False,False,"https://guba.eastmoney.com/news,002055,1713326985.html",2026-07-06 17:10:09
eastmoney_guba,002055,1713327781,ai pc迎来重新定价，得润就是风口上的猪。,,惊爆点男主,8399375724329702,2026-05-23 20:17:21,1080,3,3,0,False,False,"https://guba.eastmoney.com/news,002055,1713327781.html",2026-07-06 17:10:09
eastmoney_guba,002055,1713333748,目标价看到多少,,健康的叶致东,6884395935913568,2026-05-23 21:40:46,93,1,0,0,False,False,"https://guba.eastmoney.com/news,002055,1713333748.html",2026-07-06 17:10:09
eastmoney_guba,002055,1713336777,小荷才露尖尖角……,,ST老顽童,7231345692452742,2026-05-23 22:24:43,80,1,0,0,False,False,"https://guba.eastmoney.com/news,002055,1713336777.html",2026-07-06 17:10:09
eastmoney_guba,002055,1713342764,由于代理式AI预计将占未来整体推理计算的30%，到2030年，CPU的总可寻址市,,Alex71,6841045051140024,2026-05-24 00:15:37,200,1,1,0,False,False,"https://guba.eastmoney.com/news,002055,1713342764.html",2026-07-06 17:10:09
eastmoney_guba,002055,1713348771,周五卖出去了9万股，后悔了，周一补回来,,松鹤的宿濂,2490034614534630,2026-05-24 05:40:02,155,3,0,0,False,False,"https://guba.eastmoney.com/news,002055,1713348771.html",2026-07-06 17:10:09
eastmoney_guba,002055,1713348794,这股极有可能成为大妖股，后面再连续20个涨停！,,松鹤的宿濂,2490034614534630,2026-05-24 05:41:30,307,5,0,0,False,False,"https://guba.eastmoney.com/news,002055,1713348794.html",2026-07-06 17:10:09
eastmoney_guba,002055,1713348989,那么多看的，明天主力反着做，,,在A股赚彩礼,2227067549591522,2026-05-24 05:53:44,119,3,0,0,False,False,"https://guba.eastmoney.com/news,002055,1713348989.html",2026-07-06 17:10:09
eastmoney_guba,002055,1713352192,得润就是猪，现在风来了,,一切都是虚的,9157075009070820,2026-05-24 07:39:17,57,0,0,0,False,False,"https://guba.eastmoney.com/news,002055,1713352192.html",2026-07-06 17:10:09
eastmoney_guba,002055,1713353536,周五量太大了，估计会低开，弱的话直接回调,,有毅力的顾杭4,6748366502489256,2026-05-24 08:07:07,371,8,0,0,False,False,"https://guba.eastmoney.com/news,002055,1713353536.html",2026-07-06 17:10:09
eastmoney_guba,002055,1713363917,得润走势和京蓝很像现在属于空中加油阶段换手板,,得润两位数,3290024582242248,2026-05-24 10:28:15,186,2,0,0,False,False,"https://guba.eastmoney.com/news,002055,1713363917.html",2026-07-06 17:10:09
eastmoney_guba,002055,1713367297,鼎通科技，25年连接器营收15.88亿、利润2.41亿！现在市值380亿！市销率,,遥远的塞纳河888,9037094342652420,2026-05-24 11:07:46,1097,8,5,0,True,False,"https://guba.eastmoney.com/news,002055,1713367297.html",2026-07-06 17:10:07
eastmoney_guba,002055,1713370989,这么多债务能解决不,,主力不要割我呀,5919335867815868,2026-05-24 11:54:05,200,5,0,0,False,False,"https://guba.eastmoney.com/news,002055,1713370989.html",2026-07-06 17:10:09
eastmoney_guba,002055,1713383354,一个周末又多出来了这么多看空的，只能说有看空的是一件好事，看空并不可怕，不要因为,,降温4000加,9221027108476824,2026-05-24 14:52:43,1142,14,1,0,True,False,"https://guba.eastmoney.com/news,002055,1713383354.html",2026-07-06 17:10:07
eastmoney_guba,002055,1713383669,快跑，一堆唱多的。礼拜一低开然后跌停。,,不合的牛肉干1,6687395894565002,2026-05-24 14:57:54,104,3,0,0,False,False,"https://guba.eastmoney.com/news,002055,1713383669.html",2026-07-06 17:10:09
eastmoney_guba,002055,1713391012,周末没公布啥利好消息，感觉有点不踏实,,经纶有余地戴沐白,7975326559790516,2026-05-24 16:34:48,432,9,0,0,False,False,"https://guba.eastmoney.com/news,002055,1713391012.html",2026-07-06 17:10:09
eastmoney_guba,002055,1713394841,这个股票能不能被炒起来，取决于AI的行情还能持续多久。能不能赚钱，就看敢不敢赌。,,股友27R63G7127,8776006971069662,2026-05-24 17:25:14,103,1,0,0,False,False,"https://guba.eastmoney.com/news,002055,1713394841.html",2026-07-06 17:10:09
eastmoney_guba,002055,1713396362,这一波至少50个板,,股友AW28952888,6308087277671892,2026-05-24 17:44:59,343,6,1,0,False,False,"https://guba.eastmoney.com/news,002055,1713396362.html",2026-07-06 17:10:09
eastmoney_guba,002055,1713396902,1000个涨停至少,,股友U515257d69,1040023867323914,2026-05-24 17:52:03,56,1,0,0,False,False,"https://guba.eastmoney.com/news,002055,1713396902.html",2026-07-06 17:10:09
eastmoney_guba,002055,1713397734,申请执行人及其他执行债权人撤回执行申请？是法律程序卡住了吗？平台推文有哪些不实？,,安福盛,3594575223133282,2026-05-24 18:02:48,818,7,0,0,True,False,"https://guba.eastmoney.com/news,002055,1713397734.html",2026-07-06 17:10:07
eastmoney_guba,002055,1713398353,来来来把人气搞上去。,,股友99205v252a,6738097785538690,2026-05-24 18:10:56,48,1,0,0,False,False,"https://guba.eastmoney.com/news,002055,1713398353.html",2026-07-06 17:10:09
eastmoney_guba,002055,1713398432,横盘震荡那么久，就涨个20多%，上周爆巨量说明不是出货，出货好歹涨个几倍吧，坐稳,,我就只有耐心,4562037441809234,2026-05-24 18:11:51,79,0,0,0,False,False,"https://guba.eastmoney.com/news,002055,1713398432.html",2026-07-06 17:10:09
eastmoney_guba,002055,1713400933,少了，这么大的利好不止这么点，至少 51 个板,,Alex71,6841045051140024,2026-05-24 18:45:51,116,2,0,0,False,False,"https://guba.eastmoney.com/news,002055,1713400933.html",2026-07-06 17:10:09
eastmoney_guba,002055,1713400948,都挂一个涨停，一起建设美好家园,,热心的邱昆,2070077561239478,2026-05-24 18:46:09,49,0,0,0,False,False,"https://guba.eastmoney.com/news,002055,1713400948.html",2026-07-06 17:10:09
eastmoney_guba,002055,1713405974,唯一一个能入我法眼的st品种,,第一深情板哥,9816386566777450,2026-05-24 19:49:24,148,1,0,0,False,False,"https://guba.eastmoney.com/news,002055,1713405974.html",2026-07-06 17:10:09
eastmoney_guba,002055,1713406093,5000多家太多了，这种票不是那么好发现的，这个位置有什么理由不拿着呢。来回折腾,,万事多谋地老夫子,1028386319694022,2026-05-24 19:50:50,203,2,0,0,False,False,"https://guba.eastmoney.com/news,002055,1713406093.html",2026-07-06 17:10:09
eastmoney_guba,002055,1713411921,明天集合竞价一定跌停,,有判断力的可如荷,4251406593483498,2026-05-24 20:57:33,423,10,0,0,False,False,"https://guba.eastmoney.com/news,002055,1713411921.html",2026-07-06 17:10:07
eastmoney_guba,002055,1713417127,兄弟们，凶狠一点，顶他50万手，让空狗汪汪叫。,,中原豹子白川,3630025326696660,2026-05-24 21:51:14,50,1,0,0,False,False,"https://guba.eastmoney.com/news,002055,1713417127.html",2026-07-06 17:10:09
eastmoney_guba,002055,1713421396,第二个城昌？,,我真是ikun,4242175844508310,2026-05-24 22:33:35,83,1,0,0,False,False,"https://guba.eastmoney.com/news,002055,1713421396.html",2026-07-06 17:10:09
eastmoney_guba,002055,1713430222,要是没看错，这波应该只能看到7块7左右……,,下一秒淡定,9113097678935112,2026-05-25 00:36:27,381,5,0,0,False,False,"https://guba.eastmoney.com/news,002055,1713430222.html",2026-07-06 17:10:09
eastmoney_guba,002055,1713440669,都在做梦，短线该调了，高抛低吸,,一切都是虚的,9157075009070820,2026-05-25 07:18:55,63,2,0,0,False,False,"https://guba.eastmoney.com/news,002055,1713440669.html",2026-07-06 17:10:09
eastmoney_guba,002055,1713440679,得润居然有PCB，不得了，这不的要20个板,,松鹤的宿濂,2490034614534630,2026-05-25 07:19:14,460,4,0,0,False,False,"https://guba.eastmoney.com/news,002055,1713440679.html",2026-07-06 17:10:09
eastmoney_guba,002055,1713444794,今天备好了子弹了，无限冲,,热心的邱昆,2070077561239478,2026-05-25 08:06:34,62,1,0,0,False,False,"https://guba.eastmoney.com/news,002055,1713444794.html",2026-07-06 17:10:09
eastmoney_guba,002055,1713452236,天天瞻前顾后的，都是苦命人，周末继续调集资金，周一竞价就干进去，涨跌随意,,中原豹子白川,3630025326696660,2026-05-25 08:51:43,60,1,0,0,False,False,"https://guba.eastmoney.com/news,002055,1713452236.html",2026-07-06 17:10:09
eastmoney_guba,002055,1713455191,来个公告，三个跌停，我再进场，上次看到得润电子红得不得了,,赚了就是价值投资,1963095403030702,2026-05-25 09:03:29,110,2,0,0,False,False,"https://guba.eastmoney.com/news,002055,1713455191.html",2026-07-06 17:10:09
eastmoney_guba,002055,1713464241,买不到啊挂隔夜单抢,,德n福,5938094743500338,2026-05-25 09:18:52,39,0,0,0,False,False,"https://guba.eastmoney.com/news,002055,1713464241.html",2026-07-06 17:10:09
eastmoney_guba,002055,1713465622,根本买不到根本抢不进。前面全是机构和游资的超大单。002055筹码趋于集中。,,后贝加尔斯克,7154013321195756,2026-05-25 09:20:36,74,0,0,0,False,False,"https://guba.eastmoney.com/news,002055,1713465622.html",2026-07-06 17:10:09
eastmoney_guba,002055,1713466379,错过你了,,勤劳之桑椹,2234356227811490,2026-05-25 09:21:34,30,0,0,0,False,False,"https://guba.eastmoney.com/news,002055,1713466379.html",2026-07-06 17:10:09
eastmoney_guba,002055,1713467786,是真的涨停吗,,柳叶刀007,1581124748175684,2026-05-25 09:23:12,40,0,0,0,False,False,"https://guba.eastmoney.com/news,002055,1713467786.html",2026-07-06 17:10:09
eastmoney_guba,002055,1713468886,便宜筹码抢不到,,烟台G4528,8468094577868332,2026-05-25 09:24:39,51,1,0,0,False,False,"https://guba.eastmoney.com/news,002055,1713468886.html",2026-07-06 17:10:09
eastmoney_guba,002055,1713469080,早说了一定要坚持住，市场炒作情绪起来想跌都难，上周五确实放了天量，但结果是封板了,,不动明王身,5574366336967740,2026-05-25 09:24:55,87,0,0,0,False,False,"https://guba.eastmoney.com/news,002055,1713469080.html",2026-07-06 17:10:09
eastmoney_guba,002055,1713483284,这是大牛股啊,,热心的邱昆,2070077561239478,2026-05-25 09:27:59,39,0,0,0,False,False,"https://guba.eastmoney.com/news,002055,1713483284.html",2026-07-06 17:10:09
eastmoney_guba,002055,1713484939,买到的就捂牢了，今年必创新高突破76元。站上百元关002055,,后贝加尔斯克,7154013321195756,2026-05-25 09:29:48,135,4,0,0,False,False,"https://guba.eastmoney.com/news,002055,1713484939.html",2026-07-06 17:10:07
eastmoney_guba,002055,1713495488,这次是真守得云开见月明了,,股友2d5627y815,5134037415756320,2026-05-25 09:31:23,38,0,0,0,False,False,"https://guba.eastmoney.com/news,002055,1713495488.html",2026-07-06 17:10:09
eastmoney_guba,002055,1713497646,马良在吗？你之前买的得润也连续一字板了！！！,,笑hahalo,4138365782422336,2026-05-25 09:31:47,79,0,0,0,False,False,"https://guba.eastmoney.com/news,002055,1713497646.html",2026-07-06 17:10:09
eastmoney_guba,002055,1713501836,封单少，一会开板,,财富自选股,8904113740107672,2026-05-25 09:33:01,92,3,0,0,False,False,"https://guba.eastmoney.com/news,002055,1713501836.html",2026-07-06 17:10:09
eastmoney_guba,002055,1713503947,每天一个bravo!,,好风长吟,4179386109771602,2026-05-25 09:33:35,35,0,0,0,False,False,"https://guba.eastmoney.com/news,002055,1713503947.html",2026-07-06 17:10:09
eastmoney_guba,002055,1713521426,，上周我割肉了。,,诚挚de莎珂拉,4502176396410598,2026-05-25 09:38:44,72,3,0,0,False,False,"https://guba.eastmoney.com/news,002055,1713521426.html",2026-07-06 17:10:09
eastmoney_guba,002055,1713526111,上周五洗的干干净净，舒服，这波第一目标20，第二目标40，第三目标80。,,惊爆点男主,8399375724329702,2026-05-25 09:40:07,294,6,0,0,False,False,"https://guba.eastmoney.com/news,002055,1713526111.html",2026-07-06 17:10:07
eastmoney_guba,002055,1713555808,今天龙头选股选出这四只上一个贴子有人笑话我选出的宝馨是跌停的今天不是涨停了吗？得,,价值投机红牛,9577386381565138,2026-05-25 09:48:49,1530,8,8,0,True,False,"https://guba.eastmoney.com/news,002055,1713555808.html",2026-07-06 17:10:07
eastmoney_guba,002055,1713568907,ST得润（002055）近期连续涨停，核心是AI算力硬科技+摘帽预期+困境反转+,,天布鲁,9301365952201262,2026-05-25 09:52:36,437,3,1,0,False,False,"https://guba.eastmoney.com/news,002055,1713568907.html",2026-07-06 17:10:09
eastmoney_guba,002055,1713572103,擦了个鸟的，开板那天尾盘卖了，这货不回头了我RI。,,首都九菲特,6181074920667870,2026-05-25 09:53:37,156,5,0,0,False,False,"https://guba.eastmoney.com/news,002055,1713572103.html",2026-07-06 17:10:07
eastmoney_guba,002055,1713586265,14.50的本，看什么时候回本了,,股友3L9i222937,5721027642096398,2026-05-25 09:57:58,174,5,0,0,False,False,"https://guba.eastmoney.com/news,002055,1713586265.html",2026-07-06 17:10:07
eastmoney_guba,002055,1713589073,ST得润录得6天5板,,ST得润资讯,9481113638045702,2026-05-25 09:58:51,601,1,4,0,False,False,"https://guba.eastmoney.com/news,002055,1713589073.html",2026-07-06 17:10:09
eastmoney_guba,002055,1713595206,这个星期你能上9块嚒,,游资大佬华仔,7186355844372624,2026-05-25 10:00:45,30,0,0,0,False,False,"https://guba.eastmoney.com/news,002055,1713595206.html",2026-07-06 17:10:09
eastmoney_guba,002055,1713598382,历史最高价76.6元，还有10倍空间,,松鹤的宿濂,2490034614534630,2026-05-25 10:01:43,56,2,0,0,False,False,"https://guba.eastmoney.com/news,002055,1713598382.html",2026-07-06 17:10:09
eastmoney_guba,002055,1713614135,本座！就让你们拼命的唱空，你们唱的越好，本座大大有赏。,,怀化辉煌,6160094267018322,2026-05-25 10:07:22,211,11,0,0,False,False,"https://guba.eastmoney.com/news,002055,1713614135.html",2026-07-06 17:10:07
eastmoney_guba,002055,1713619300,吗的就不能直接一字板吗，你星期4尾盘炸毛呀,,柳叶刀007,1581124748175684,2026-05-25 10:09:26,312,11,0,0,False,False,"https://guba.eastmoney.com/news,002055,1713619300.html",2026-07-06 17:10:07
eastmoney_guba,002055,1713631016,我不割他也不会涨,,蓟县佛系投资者,6909075087558588,2026-05-25 10:14:10,158,1,0,0,True,False,"https://guba.eastmoney.com/news,002055,1713631016.html",2026-07-06 17:10:09
eastmoney_guba,002055,1713638470,5.25日实操,,狼少复盘日记,5010097379844368,2026-05-25 10:17:22,195,0,0,0,False,False,"https://guba.eastmoney.com/news,002055,1713638470.html",2026-07-06 17:10:09
eastmoney_guba,002055,1713639988,不知道周三周四会不会开板。不过不管开不开，这波应该至少上两位数吧,,o痕迹o,4802306288363612,2026-05-25 10:18:06,153,2,0,0,False,False,"https://guba.eastmoney.com/news,002055,1713639988.html",2026-07-06 17:10:07
eastmoney_guba,002055,1713645721,正宗英伟达核心供应商一路向上兄弟们冲就对了,,有气质就很哇塞,5422336360734678,2026-05-25 10:20:36,45,0,0,0,False,False,"https://guba.eastmoney.com/news,002055,1713645721.html",2026-07-06 17:10:09
eastmoney_guba,002055,1713659860,涨成这样，悠着点吧，可怕……,,股友cbNbmZ7800,2054045126526224,2026-05-25 10:27:15,94,3,0,0,False,False,"https://guba.eastmoney.com/news,002055,1713659860.html",2026-07-06 17:10:07
eastmoney_guba,002055,1713662596,股东人数从9万左右洗到目前的5万左右厉害！,,红尘朝暮,4159094501661462,2026-05-25 10:28:35,82,1,0,0,False,False,"https://guba.eastmoney.com/news,002055,1713662596.html",2026-07-06 17:10:07
eastmoney_guba,002055,1713664179,得润买不到的了。还有个深圳这边背景更厉害的康佳半导体封测,,笋岗财经评论,4722486750974742,2026-05-25 10:29:20,85,0,0,0,False,False,"https://guba.eastmoney.com/news,002055,1713664179.html",2026-07-06 17:10:09
eastmoney_guba,002055,1713679807,这涨得心慌呀，还能涨吗，不能我就撤退了,,股友8601207a1I,3862416881318376,2026-05-25 10:36:40,112,3,0,0,False,False,"https://guba.eastmoney.com/news,002055,1713679807.html",2026-07-06 17:10:07
eastmoney_guba,002055,1713691893,转让重组预期,,成功才是唯一,2734426795832086,2026-05-25 10:42:40,44,0,0,0,False,False,"https://guba.eastmoney.com/news,002055,1713691893.html",2026-07-06 17:10:09
eastmoney_guba,002055,1713691992,这架式是有人要举牌了吗？本周会不会有公告？,,ST我的最爱,5271094411571008,2026-05-25 10:42:44,86,1,0,0,False,False,"https://guba.eastmoney.com/news,002055,1713691992.html",2026-07-06 17:10:07
eastmoney_guba,002055,1713693260,$ST得润(SZ002055)$,,股友57c02620P9,4434047758366908,2026-05-25 10:43:22,41,0,0,0,False,False,"https://guba.eastmoney.com/news,002055,1713693260.html",2026-07-06 17:10:09
eastmoney_guba,002055,1713700742,继续持有，等待惊喜！,,西溪且留下西湖,6250013311827852,2026-05-25 10:47:14,512,3,0,0,True,False,"https://guba.eastmoney.com/news,002055,1713700742.html",2026-07-06 17:10:07
eastmoney_guba,002055,1713706137,st板块新龙头！谁反对只能坐马自达！！我们坐奔驰！！,,合纵资本,7304094472044104,2026-05-25 10:50:11,96,2,0,0,False,False,"https://guba.eastmoney.com/news,002055,1713706137.html",2026-07-06 17:10:07
eastmoney_guba,002055,1713723841,是不是被那个大户顶上了？,,烂股收割机,4309365835407682,2026-05-25 10:59:46,44,0,0,0,False,False,"https://guba.eastmoney.com/news,002055,1713723841.html",2026-07-06 17:10:07
eastmoney_guba,002055,1713728421,不是，都这么看好吗？没看出来它的点呀,,股友8601207a1I,3862416881318376,2026-05-25 11:02:26,132,3,0,0,False,False,"https://guba.eastmoney.com/news,002055,1713728421.html",2026-07-06 17:10:07
eastmoney_guba,002055,1713755920,历史新高76元下方打不开板的。002055今年上百元。世运并购加深圳国资委股权转,,后贝加尔斯克,7154013321195756,2026-05-25 11:18:19,288,8,0,0,False,False,"https://guba.eastmoney.com/news,002055,1713755920.html",2026-07-06 17:10:05
eastmoney_guba,002055,1713769893,ST得润（002055）精调深度调研报告 20260524,,小精精调,4616057793411360,2026-05-25 11:26:49,469,1,1,0,False,False,"https://guba.eastmoney.com/news,002055,1713769893.html",2026-07-06 17:10:07
eastmoney_guba,002055,1713774037,跌停吧,,生钱宝,8519395724600952,2026-05-25 11:29:22,37,0,0,0,False,False,"https://guba.eastmoney.com/news,002055,1713774037.html",2026-07-06 17:10:07
eastmoney_guba,002055,1713778425,ST 制度本身就是一把悬在头顶的利剑,,财经深度观察,5568305941711606,2026-05-25 11:33:29,453,1,0,0,False,False,"https://guba.eastmoney.com/news,002055,1713778425.html",2026-07-06 17:10:07
eastmoney_guba,002055,1713779039,ST得润 债权人申请撤回司法拍卖的具体原因分析,,谷满仓001,8959094371523892,2026-05-25 11:34:14,1121,4,6,0,False,False,"https://guba.eastmoney.com/news,002055,1713779039.html",2026-07-06 17:10:07
eastmoney_guba,002055,1713782165,现在是和主板联动了，电子板块都在疯涨，看来aipc的底层逻辑彻底变了，要由办公平,,惊爆点男主,8399375724329702,2026-05-25 11:38:20,203,3,2,0,False,False,"https://guba.eastmoney.com/news,002055,1713782165.html",2026-07-06 17:10:07
eastmoney_guba,002055,1713792985,不得不说，AI 算力连接器逻辑很强，但业绩兑现遥遥无期,,财经深度观察,5568305941711606,2026-05-25 11:59:04,446,4,2,0,False,False,"https://guba.eastmoney.com/news,002055,1713792985.html",2026-07-06 17:10:07
eastmoney_guba,002055,1713795535,庄家为了出货，尽岀“利好”，散户要注意别被蒙进坑。赚钱就跑，让他们自己玩。一个字,,股友09E23162a6,7712066984859766,2026-05-25 12:05:47,59,1,0,0,False,False,"https://guba.eastmoney.com/news,002055,1713795535.html",2026-07-06 17:10:07
eastmoney_guba,002055,1713796451,得润，希望你成为站在风口的猪。加油,,ST豹富,6718386127104794,2026-05-25 12:08:05,47,0,0,0,False,False,"https://guba.eastmoney.com/news,002055,1713796451.html",2026-07-06 17:10:07
eastmoney_guba,002055,1713798726,这种票涨跌都莫名其妙,,ST老顽童,7231345692452742,2026-05-25 12:14:37,53,1,0,0,False,False,"https://guba.eastmoney.com/news,002055,1713798726.html",2026-07-06 17:10:07
eastmoney_guba,002055,1713803767,别看天天涨停，比着他的第一客户联想，惠普，戴尔弱爆了，5厘米确实限制了他的高度,,只做预期,7334625240229044,2026-05-25 12:29:13,79,0,0,0,False,False,"https://guba.eastmoney.com/news,002055,1713803767.html",2026-07-06 17:10:07
eastmoney_guba,002055,1713803963,五个↓停很快就到，警惕打开就跑，第四↓停接回。,,股友09E23162a6,7712066984859766,2026-05-25 12:29:45,127,3,1,0,False,False,"https://guba.eastmoney.com/news,002055,1713803963.html",2026-07-06 17:10:07
eastmoney_guba,002055,1713804647,跑让他们自己咬自己。,,股友09E23162a6,7712066984859766,2026-05-25 12:31:47,47,0,0,0,False,False,"https://guba.eastmoney.com/news,002055,1713804647.html",2026-07-06 17:10:07
eastmoney_guba,002055,1713827117,可惜封板只能5%，太强了,,基民v7j8hm,1669335667967174,2026-05-25 13:05:46,50,0,0,0,False,False,"https://guba.eastmoney.com/news,002055,1713827117.html",2026-07-06 17:10:07
eastmoney_guba,002055,1713833406,目测有10个板,,孤狼代号91,7260345580879376,2026-05-25 13:09:24,74,1,0,0,False,False,"https://guba.eastmoney.com/news,002055,1713833406.html",2026-07-06 17:10:07
eastmoney_guba,002055,1713852482,踏空苟眼红得近似疯了。哈哈哈,,后贝加尔斯克,7154013321195756,2026-05-25 13:20:26,106,2,0,0,False,False,"https://guba.eastmoney.com/news,002055,1713852482.html",2026-07-06 17:10:07
eastmoney_guba,002055,1713853714,有三就有五，有五就有九，有九就有15，还早得很，空狗再怎么叫嚣都没有用,,韭菜茂盛欢迎收割,4552395874284664,2026-05-25 13:21:06,53,0,0,0,False,False,"https://guba.eastmoney.com/news,002055,1713853714.html",2026-07-06 17:10:07
eastmoney_guba,002055,1713857043,$ST得润(SZ002055)$,,每天小赚两个点,4902316209132382,2026-05-25 13:23:01,50,0,0,0,False,False,"https://guba.eastmoney.com/news,002055,1713857043.html",2026-07-06 17:10:07
eastmoney_guba,002055,1713863411,你不卖我不卖，还能再涨两礼拜,,股友c60Q633151,2924007730454932,2026-05-25 13:26:35,78,1,0,0,False,False,"https://guba.eastmoney.com/news,002055,1713863411.html",2026-07-06 17:10:07
eastmoney_guba,002055,1713863572,主力开个口子让我在买点好吗,,血鳄鱼,3443306117639216,2026-05-25 13:26:40,187,4,0,0,False,False,"https://guba.eastmoney.com/news,002055,1713863572.html",2026-07-06 17:10:07
eastmoney_guba,002055,1713911185,这波主板联动大涨，得润涨的最晚，晚了差不多一个月，所以涨的话也会增加一个月时间，,,惊爆点男主,8399375724329702,2026-05-25 13:53:00,116,0,0,0,False,False,"https://guba.eastmoney.com/news,002055,1713911185.html",2026-07-06 17:10:07
eastmoney_guba,002055,1713924815,10.4这是定住了啊，一动不动,,沈阳芭菲菜,1764326049115564,2026-05-25 14:01:37,70,0,0,0,False,False,"https://guba.eastmoney.com/news,002055,1713924815.html",2026-07-06 17:10:07
eastmoney_guba,002055,1713940001,后天应该会开,,成功才是唯一,2734426795832086,2026-05-25 14:11:51,159,3,0,0,False,False,"https://guba.eastmoney.com/news,002055,1713940001.html",2026-07-06 17:10:07
eastmoney_guba,002055,1713943985,都没啥具体的进展就涨了，没啥信号信息，这就有点夸张了，谨慎点好啊,,股友cbNbmZ7800,2054045126526224,2026-05-25 14:14:32,265,5,0,0,False,False,"https://guba.eastmoney.com/news,002055,1713943985.html",2026-07-06 17:10:07
eastmoney_guba,002055,1713944184,我还在加仓顶板,,我在情绪之外,9194047483250996,2026-05-25 14:14:39,41,0,0,0,False,False,"https://guba.eastmoney.com/news,002055,1713944184.html",2026-07-06 17:10:07
eastmoney_guba,002055,1713973851,换手率这么低，不知何时才能开板，一周，二周。一个月，3个月。是不是要突破76元创,,后贝加尔斯克,7154013321195756,2026-05-25 14:34:34,173,1,0,0,False,False,"https://guba.eastmoney.com/news,002055,1713973851.html",2026-07-06 17:10:07
eastmoney_guba,002055,1713980503,多的不说，先看10块,,驾马骑牛哥,1700376027661420,2026-05-25 14:38:41,53,0,0,0,False,False,"https://guba.eastmoney.com/news,002055,1713980503.html",2026-07-06 17:10:07
eastmoney_guba,002055,1714023469,可能是下一个九安医疗，7块到90多,,股友3L9i222937,5721027642096398,2026-05-25 15:06:12,96,2,0,0,False,False,"https://guba.eastmoney.com/news,002055,1714023469.html",2026-07-06 17:10:07
eastmoney_guba,002055,1714029139,市值先超过胜蓝，先看到20块。,,舍得润,4484346120850282,2026-05-25 15:12:05,743,6,1,0,True,False,"https://guba.eastmoney.com/news,002055,1714029139.html",2026-07-06 17:10:03
eastmoney_guba,002055,1714035741,董秘：今天收盘有公告吗？每天收盘我都开问问,,经纶有余地戴沐白,7975326559790516,2026-05-25 15:21:17,82,1,0,0,False,False,"https://guba.eastmoney.com/news,002055,1714035741.html",2026-07-06 17:10:07
eastmoney_guba,002055,1714037411,今日涨跌停股分析：128只涨停股、24只跌停股，先进封装概念走强，长电科技、通富微电等涨停,,长电科技资讯,8973113638290548,2026-05-25 15:23:29,13831,5,22,0,False,False,"https://guba.eastmoney.com/news,002055,1714037411.html",2026-07-06 17:08:40
eastmoney_guba,002055,1714047907,比起主板，他这涨的跟乌龟爬一样,,中原豹子白川,3630025326696660,2026-05-25 15:41:21,56,0,0,0,False,False,"https://guba.eastmoney.com/news,002055,1714047907.html",2026-07-06 17:10:07
eastmoney_guba,002055,1714056157,如期的一字板，科技不到，它不倒,,万事多谋地老夫子,1028386319694022,2026-05-25 16:00:07,53,0,0,0,False,False,"https://guba.eastmoney.com/news,002055,1714056157.html",2026-07-06 17:10:07
eastmoney_guba,002055,1714071172,所以，究竟有没有英伟达业务,,善良的秋刀鱼,7913326361791366,2026-05-25 16:43:23,178,4,0,0,False,False,"https://guba.eastmoney.com/news,002055,1714071172.html",2026-07-06 17:10:07
eastmoney_guba,002055,1714073392,集合当下所有题材跟热点的绝顶神龙，直接上200块,,我在情绪之外,9194047483250996,2026-05-25 16:49:21,55,0,0,0,False,False,"https://guba.eastmoney.com/news,002055,1714073392.html",2026-07-06 17:10:07
eastmoney_guba,002055,1714074630,继续格局中，再接再厉,,幸运糖果,1478094359782984,2026-05-25 16:53:10,49,0,0,0,False,False,"https://guba.eastmoney.com/news,002055,1714074630.html",2026-07-06 17:10:07
eastmoney_guba,002055,1714078782,最近好强，每天都开一字，卖出的都卖飞了,,搞遍烂股,9935094113102168,2026-05-25 17:05:41,118,3,0,0,False,False,"https://guba.eastmoney.com/news,002055,1714078782.html",2026-07-06 17:10:07
eastmoney_guba,002055,1714079603,坏了，,,木有西瓜,3633094508701876,2026-05-25 17:08:08,47,0,1,0,False,False,"https://guba.eastmoney.com/news,002055,1714079603.html",2026-07-06 17:10:07
eastmoney_guba,002055,1714079883,【韭菜好票集中营】【2026/05/25-周一，复盘】2180家上涨，涨停128,,新手韭菜园子B哥,5953077633823982,2026-05-25 17:09:03,2234,2,0,0,False,False,"https://guba.eastmoney.com/news,002055,1714079883.html",2026-07-06 17:10:07
eastmoney_guba,002055,1714084376,刚st那会就出了，太痛了,,股友3n25811c25,6566027132601988,2026-05-25 17:23:38,91,1,0,0,False,False,"https://guba.eastmoney.com/news,002055,1714084376.html",2026-07-06 17:10:07
eastmoney_guba,002055,1714089051,虽然是蚂蚁仓，天天躺着就行的日子真好，证明自己这么多年看股票的能力,,sgzt123,4123013776698802,2026-05-25 17:38:25,85,1,0,0,False,False,"https://guba.eastmoney.com/news,002055,1714089051.html",2026-07-06 17:10:07
eastmoney_guba,002055,1714091003,开板那天给吓跑了，拍大腿,,gpl0398,2522335657621580,2026-05-25 17:44:22,228,6,0,0,False,False,"https://guba.eastmoney.com/news,002055,1714091003.html",2026-07-06 17:10:07
eastmoney_guba,002055,1714092252,大概率，周五开板，站上前期高点8.88,,只为赚999万,2439047277939938,2026-05-25 17:48:14,60,0,0,0,False,False,"https://guba.eastmoney.com/news,002055,1714092252.html",2026-07-06 17:10:07
eastmoney_guba,002055,1714101879,还要彻底洗一次才会上行,,那一刻HP,4073094351513390,2026-05-25 18:22:17,219,5,0,0,False,False,"https://guba.eastmoney.com/news,002055,1714101879.html",2026-07-06 17:10:07
eastmoney_guba,002055,1714108091,越过8.88元后？可能就冲上云霄？10板？20板？不哓得…--…,,n1417601697a75df,4692094176016970,2026-05-25 18:46:05,64,0,0,0,False,False,"https://guba.eastmoney.com/news,002055,1714108091.html",2026-07-06 17:10:07
eastmoney_guba,002055,1714116661,低位4连板、量比从4→0.9→0.11，是典型的“分歧转一致、筹码高度锁死、主力,,好风长吟,4179386109771602,2026-05-25 19:21:18,145,0,1,0,False,False,"https://guba.eastmoney.com/news,002055,1714116661.html",2026-07-06 17:10:07
eastmoney_guba,002055,1714119770,明天能开个口子吗？,,赚了就是价值投资,1963095403030702,2026-05-25 19:33:24,47,0,0,0,False,False,"https://guba.eastmoney.com/news,002055,1714119770.html",2026-07-06 17:10:07
eastmoney_guba,002055,1714120546,有几个地板？,,天天大阳先生,4111077293328226,2026-05-25 19:36:23,66,1,0,0,False,False,"https://guba.eastmoney.com/news,002055,1714120546.html",2026-07-06 17:10:07
eastmoney_guba,002055,1714126195,$ST得润(SZ002055)$,,趣法律法援平台,5377037660516526,2026-05-25 19:57:20,915,0,0,0,True,False,"https://guba.eastmoney.com/news,002055,1714126195.html",2026-07-06 17:10:07
eastmoney_guba,002055,1714126666,空苟们不要急，现在买不到。等创新高突破76元后'我会把全部筹码都抛给你们。让你们,,后贝加尔斯克,7154013321195756,2026-05-25 19:59:06,208,5,0,0,False,False,"https://guba.eastmoney.com/news,002055,1714126666.html",2026-07-06 17:10:07
eastmoney_guba,002055,1714134003,电话核实为哪般？大家细品，你细品！,,红道1,2184094358096858,2026-05-25 20:24:46,128,1,0,0,False,False,"https://guba.eastmoney.com/news,002055,1714134003.html",2026-07-06 17:10:07
eastmoney_guba,002055,1714143251,股吧里面连pc芯片和云端芯片类型都没搞懂，cpusocket只在pc上有，大型的,,惊爆点男主,8399375724329702,2026-05-25 20:55:51,528,12,0,0,False,False,"https://guba.eastmoney.com/news,002055,1714143251.html",2026-07-06 17:10:05
eastmoney_guba,002055,1714144251,英特尔供应商，跟英伟达有鸡毛关系,,利落的周衍慕,8060396110454496,2026-05-25 20:59:24,111,1,0,0,False,False,"https://guba.eastmoney.com/news,002055,1714144251.html",2026-07-06 17:10:07
eastmoney_guba,002055,1714149638,空随便卖，卖了我全接,,降温4000加,9221027108476824,2026-05-25 21:17:33,101,4,0,0,False,False,"https://guba.eastmoney.com/news,002055,1714149638.html",2026-07-06 17:10:05
eastmoney_guba,002055,1714162765,"华为概念,拍断大腿了，哎",,在A股赚彩礼,2227067549591522,2026-05-25 22:06:36,47,0,0,0,False,False,"https://guba.eastmoney.com/news,002055,1714162765.html",2026-07-06 17:10:07
eastmoney_guba,002055,1714167438,得润主营高速连接器（PCIe5.0/CPUSocket/DDR5）+车载高压连接,,老练的戚春燕,5647037201743930,2026-05-25 22:24:56,211,4,0,0,False,False,"https://guba.eastmoney.com/news,002055,1714167438.html",2026-07-06 17:10:05
eastmoney_guba,002055,1714169164,为华为提供，还是主要为华为提供，主要这两个字，够分量！,,莫逆势,4773094604408444,2026-05-25 22:32:44,834,1,1,0,True,False,"https://guba.eastmoney.com/news,002055,1714169164.html",2026-07-06 17:10:05
eastmoney_guba,002055,1714170555,全仓进去，降低持仓成本，看能不能赢点,,茅台1573,5320144759341486,2026-05-25 22:38:59,52,0,0,0,False,False,"https://guba.eastmoney.com/news,002055,1714170555.html",2026-07-06 17:10:07
eastmoney_guba,002055,1714171998,完了，,,木有西瓜,3633094508701876,2026-05-25 22:46:03,64,1,0,0,False,False,"https://guba.eastmoney.com/news,002055,1714171998.html",2026-07-06 17:10:07
eastmoney_guba,002055,1714173008,明牌了，就是华为的韬定律。看来主力上周就得知消息了，精准发现了得润这个标的。坐稳,,爱勃才会赢,9492097328698202,2026-05-25 22:50:51,1032,2,0,0,True,False,"https://guba.eastmoney.com/news,002055,1714173008.html",2026-07-06 17:10:05
eastmoney_guba,002055,1714175260,他和华为韬定律没有直接联系，只能算受益产业链但关联不大,,股友2g1686h586,6609117708977588,2026-05-25 23:01:44,55,0,0,0,False,False,"https://guba.eastmoney.com/news,002055,1714175260.html",2026-07-06 17:10:07
eastmoney_guba,002055,1714182521,随大流，怎么吹就怎么炒，吹大了就捂着不动，吹破了，就打个跌停卖了，就这么简单、股,,股友09E23162a6,7712066984859766,2026-05-25 23:50:06,79,0,0,0,False,False,"https://guba.eastmoney.com/news,002055,1714182521.html",2026-07-06 17:10:07
eastmoney_guba,002055,1714182906,估计复制ST东易去年走势，最少到15以上,,股神金刚777,4107025462707308,2026-05-25 23:53:28,150,3,0,0,False,False,"https://guba.eastmoney.com/news,002055,1714182906.html",2026-07-06 17:10:05
eastmoney_guba,002055,1714185239,华为韬定律就是牛,,股友KmLaHw,6804005118578834,2026-05-26 00:16:42,96,2,0,0,False,False,"https://guba.eastmoney.com/news,002055,1714185239.html",2026-07-06 17:10:03
eastmoney_guba,002055,1714186221,A股彻底变天！碳基落幕，硅基时代全面到来,,擒龙股海悟道,4927057225031910,2026-05-26 00:28:45,1876,3,6,0,True,False,"https://guba.eastmoney.com/news,002055,1714186221.html",2026-07-06 17:10:03
eastmoney_guba,002055,1714194525,挂涨停板，不知道能不能成交,,基民Ydgvcp,2761075341680462,2026-05-26 04:46:48,142,4,0,0,False,False,"https://guba.eastmoney.com/news,002055,1714194525.html",2026-07-06 17:10:05
eastmoney_guba,002055,1714203836,2025年，ST涨幅榜如下，涨停最多的是68涨停板,,松鹤的宿濂,2490034614534630,2026-05-26 06:45:54,700,1,0,0,True,False,"https://guba.eastmoney.com/news,002055,1714203836.html",2026-07-06 17:10:07
eastmoney_guba,002055,1714204772,看地址都是松山湖概念,,股友1pGnNj3674,2350044898110668,2026-05-26 06:53:52,58,1,0,0,False,False,"https://guba.eastmoney.com/news,002055,1714204772.html",2026-07-06 17:10:07
eastmoney_guba,002055,1714208263,不用纠结，涨不了连板，还有趋势可以走，都不卖，就能国庆之前涨到15-17,,中原豹子白川,3630025326696660,2026-05-26 07:24:05,62,1,0,0,False,False,"https://guba.eastmoney.com/news,002055,1714208263.html",2026-07-06 17:10:07
eastmoney_guba,002055,1714210410,给不给机会,,我是风向标,7292015289809824,2026-05-26 07:39:44,44,1,0,0,False,False,"https://guba.eastmoney.com/news,002055,1714210410.html",2026-07-06 17:10:07
eastmoney_guba,002055,1714214820,必将乘风而起，直上九霄！,,红道1,2184094358096858,2026-05-26 08:03:08,46,0,0,0,False,False,"https://guba.eastmoney.com/news,002055,1714214820.html",2026-07-06 17:10:07
eastmoney_guba,002055,1714218895,老师们，到八块八能不能开板放人进去？,,江湖再现尼古拉斯,8183013401511276,2026-05-26 08:23:05,146,3,0,0,False,False,"https://guba.eastmoney.com/news,002055,1714218895.html",2026-07-06 17:10:05
eastmoney_guba,002055,1714228103,$ST得润(SZ002055)$,,垂钓梵河,1790094480175166,2026-05-26 09:01:07,103,0,0,0,True,False,"https://guba.eastmoney.com/news,002055,1714228103.html",2026-07-06 17:10:05
eastmoney_guba,002055,1714228421,$ST得润(SZ002055)$,,垂钓梵河,1790094480175166,2026-05-26 09:01:56,239,0,0,0,True,False,"https://guba.eastmoney.com/news,002055,1714228421.html",2026-07-06 17:10:05
eastmoney_guba,002055,1714233349,100起步400亿市值,,傲寒的秦岚,5793047755670376,2026-05-26 09:12:12,48,0,0,0,False,False,"https://guba.eastmoney.com/news,002055,1714233349.html",2026-07-06 17:10:05
eastmoney_guba,002055,1714234548,给个机会上车,,傲寒的秦岚,5793047755670376,2026-05-26 09:14:25,39,0,0,0,False,False,"https://guba.eastmoney.com/news,002055,1714234548.html",2026-07-06 17:10:05
eastmoney_guba,002055,1714235186,给个机会,,中原豹子白川,3630025326696660,2026-05-26 09:15:48,34,0,0,0,False,False,"https://guba.eastmoney.com/news,002055,1714235186.html",2026-07-06 17:10:05
eastmoney_guba,002055,1714235262,给个机会,,中原豹子白川,3630025326696660,2026-05-26 09:15:56,36,0,0,0,False,False,"https://guba.eastmoney.com/news,002055,1714235262.html",2026-07-06 17:10:05
eastmoney_guba,002055,1714236142,封单越来越多。。。。,,股友6u0268O327,2559037085354874,2026-05-26 09:17:04,44,0,0,0,False,False,"https://guba.eastmoney.com/news,002055,1714236142.html",2026-07-06 17:10:05
eastmoney_guba,002055,1714237191,被洗出去了，买不进去了,,吉祥满斗得周芷若,3470385785802442,2026-05-26 09:18:13,53,0,0,0,False,False,"https://guba.eastmoney.com/news,002055,1714237191.html",2026-07-06 17:10:05
eastmoney_guba,002055,1714239132,给个机会让我买点。,,股友16819km231,5482336248791450,2026-05-26 09:19:47,43,1,0,0,False,False,"https://guba.eastmoney.com/news,002055,1714239132.html",2026-07-06 17:10:05
eastmoney_guba,002055,1714239235,上周我割肉了，唉，小韭菜。,,诚挚de莎珂拉,4502176396410598,2026-05-26 09:19:53,63,2,0,0,False,False,"https://guba.eastmoney.com/news,002055,1714239235.html",2026-07-06 17:10:05
eastmoney_guba,002055,1714240445,马良兄转运了，连之前的股得润电子都开始连板了,,笑hahalo,4138365782422336,2026-05-26 09:20:53,80,0,0,0,False,False,"https://guba.eastmoney.com/news,002055,1714240445.html",2026-07-06 17:10:05
eastmoney_guba,002055,1714241308,哥，好棒啊，继续连板吧！,,st仙人,9125306270530446,2026-05-26 09:21:44,73,1,0,0,False,False,"https://guba.eastmoney.com/news,002055,1714241308.html",2026-07-06 17:10:05
eastmoney_guba,002055,1714242768,520,,白天做发财梦,3623094377243404,2026-05-26 09:23:23,47,0,0,0,True,False,"https://guba.eastmoney.com/news,002055,1714242768.html",2026-07-06 17:10:05
eastmoney_guba,002055,1714255553,根本就买不进去,,一切都是虚的,9157075009070820,2026-05-26 09:26:47,55,1,0,0,False,False,"https://guba.eastmoney.com/news,002055,1714255553.html",2026-07-06 17:10:05
eastmoney_guba,002055,1714256980,突然这么猛，难以置信,,可怜的杨茜3,6524315871021212,2026-05-26 09:27:44,42,0,0,0,False,False,"https://guba.eastmoney.com/news,002055,1714256980.html",2026-07-06 17:10:05
eastmoney_guba,002055,1714257599,唱空的韭菜这回该沉默了吧哈哈,,沈阳芭菲菜,1764326049115564,2026-05-26 09:28:14,41,0,0,0,False,False,"https://guba.eastmoney.com/news,002055,1714257599.html",2026-07-06 17:10:05
eastmoney_guba,002055,1714258604,根本买不进去,,ST中东,8863355832852064,2026-05-26 09:29:14,420,18,0,0,False,False,"https://guba.eastmoney.com/news,002055,1714258604.html",2026-07-06 17:10:01
eastmoney_guba,002055,1714267173,咋封单还越来越大了，缝都不开一条了，吃独食，走不远。,,谷满仓001,8959094371523892,2026-05-26 09:31:25,208,6,0,0,False,False,"https://guba.eastmoney.com/news,002055,1714267173.html",2026-07-06 17:10:05
eastmoney_guba,002055,1714275799,还我带血的筹码。,,诚挚de莎珂拉,4502176396410598,2026-05-26 09:33:35,54,0,0,0,False,False,"https://guba.eastmoney.com/news,002055,1714275799.html",2026-07-06 17:10:05
eastmoney_guba,002055,1714299062,给你机会你不中用啊。,,美丽de小红花,9992065283671408,2026-05-26 09:39:50,194,0,0,0,True,False,"https://guba.eastmoney.com/news,002055,1714299062.html",2026-07-06 17:10:05
eastmoney_guba,002055,1714301597,卖出方为智者,,利落的周衍慕,8060396110454496,2026-05-26 09:40:30,63,1,0,0,False,False,"https://guba.eastmoney.com/news,002055,1714301597.html",2026-07-06 17:10:05
eastmoney_guba,002055,1714312620,一直涨到7月6号，之后就是每天10%了。,,ST港澳0504,3082005107267656,2026-05-26 09:43:32,55,0,0,0,False,False,"https://guba.eastmoney.com/news,002055,1714312620.html",2026-07-06 17:10:05
eastmoney_guba,002055,1714321174,刮目相看了,,股友E238R62285,3569087737957066,2026-05-26 09:45:41,49,0,0,0,False,False,"https://guba.eastmoney.com/news,002055,1714321174.html",2026-07-06 17:10:05
eastmoney_guba,002055,1714337335,ST得润录得7天6板,,ST得润资讯,9481113638045702,2026-05-26 09:49:50,706,1,2,0,False,False,"https://guba.eastmoney.com/news,002055,1714337335.html",2026-07-06 17:10:03
eastmoney_guba,002055,1714344594,1万股6块多就跑了，想T一下，谁知买不回来了。,,财富自选股,8904113740107672,2026-05-26 09:51:51,47,0,0,0,False,False,"https://guba.eastmoney.com/news,002055,1714344594.html",2026-07-06 17:10:05
eastmoney_guba,002055,1714347218,市场的总龙头,,热心的邱昆,2070077561239478,2026-05-26 09:52:33,68,1,0,0,False,False,"https://guba.eastmoney.com/news,002055,1714347218.html",2026-07-06 17:10:05
eastmoney_guba,002055,1714354796,不吹，客观来看哪个价格的套牢盘会更多，抛压会变大。,,o痕迹o,4802306288363612,2026-05-26 09:54:34,140,4,0,0,False,False,"https://guba.eastmoney.com/news,002055,1714354796.html",2026-07-06 17:10:05
eastmoney_guba,002055,1714372217,像在这种在涨停板上卖票的，真的不要炒股了！,,股友17W23G0217,2569017375890658,2026-05-26 09:59:49,135,3,0,0,False,False,"https://guba.eastmoney.com/news,002055,1714372217.html",2026-07-06 17:10:05
eastmoney_guba,002055,1714378030,5.26日实操,,狼少复盘日记,5010097379844368,2026-05-26 10:01:39,522,1,0,0,True,False,"https://guba.eastmoney.com/news,002055,1714378030.html",2026-07-06 17:10:05
eastmoney_guba,002055,1714386622,得润也是个奇葩，没见过股东里股票这么分散的票，等于全员都是散户,,惊爆点男主,8399375724329702,2026-05-26 10:04:18,83,1,0,0,False,False,"https://guba.eastmoney.com/news,002055,1714386622.html",2026-07-06 17:10:05
eastmoney_guba,002055,1714400107,这确实奇葩，跌的不多涨起来一字，那些跌的惨的都很难连续一字,,股友A9195p8998,2366366117517722,2026-05-26 10:08:54,127,2,0,0,False,False,"https://guba.eastmoney.com/news,002055,1714400107.html",2026-07-06 17:10:03
eastmoney_guba,002055,1714418614,坑人的豆包，一板的时候问你，你说有假账前科，负债太多，不建议买，结果好几连板，你,,股友765u3g3119,9688077702988298,2026-05-26 10:16:05,611,9,0,0,True,False,"https://guba.eastmoney.com/news,002055,1714418614.html",2026-07-06 17:10:05
eastmoney_guba,002055,1714430924,周五打了半仓，剩下半仓挤不进了，排一天能排进去吗,,我勒个烧缸,8844017608558072,2026-05-26 10:21:14,69,2,0,0,False,False,"https://guba.eastmoney.com/news,002055,1714430924.html",2026-07-06 17:10:05
eastmoney_guba,002055,1714451271,基本盘不稳，随时天地板,,爱吃小龙虾的某人,9632406849024428,2026-05-26 10:30:13,77,3,0,0,False,False,"https://guba.eastmoney.com/news,002055,1714451271.html",2026-07-06 17:10:05
eastmoney_guba,002055,1714453817,2026的ST股标杆牛！！,,呵呵呵我呵呵呵,4438365538498410,2026-05-26 10:31:22,47,0,0,0,False,False,"https://guba.eastmoney.com/news,002055,1714453817.html",2026-07-06 17:10:05
eastmoney_guba,002055,1714457732,第一名,,热心的邱昆,2070077561239478,2026-05-26 10:33:11,45,0,0,0,False,False,"https://guba.eastmoney.com/news,002055,1714457732.html",2026-07-06 17:10:05
eastmoney_guba,002055,1714458681,这四千多手可以吃一天了,,成功才是唯一,2734426795832086,2026-05-26 10:33:37,52,0,0,0,False,False,"https://guba.eastmoney.com/news,002055,1714458681.html",2026-07-06 17:10:05
eastmoney_guba,002055,1714490327,今天100%会开板，大盘和科技都要开始调整了，它凭什么能独善其身？,,股友6k92587C10,3592077454092624,2026-05-26 10:48:34,155,3,1,0,False,False,"https://guba.eastmoney.com/news,002055,1714490327.html",2026-07-06 17:10:05
eastmoney_guba,002055,1714498711,就这封单，妥妥的十个板,,浮盈加仓8888,7509007340967950,2026-05-26 10:52:36,118,2,0,0,False,False,"https://guba.eastmoney.com/news,002055,1714498711.html",2026-07-06 17:09:12
eastmoney_guba,002055,1714508057,证监会调查，吧。这样的也涨停,,勤奋的祝源12,5297087291759638,2026-05-26 10:57:24,201,6,0,0,False,False,"https://guba.eastmoney.com/news,002055,1714508057.html",2026-07-06 17:10:05
eastmoney_guba,002055,1714522515,不贪心，涨到十元我就满足,,业余爱好者7,9361007276701074,2026-05-26 11:04:23,48,0,0,0,False,False,"https://guba.eastmoney.com/news,002055,1714522515.html",2026-07-06 17:10:05
eastmoney_guba,002055,1714536051,加入自选好几天没买，周四打板排进去了，结果那天收了个阴线,,fayluo88221,2486305837508182,2026-05-26 11:11:07,205,1,0,0,True,False,"https://guba.eastmoney.com/news,002055,1714536051.html",2026-07-06 17:10:05
eastmoney_guba,002055,1714538150,30元以下开不了板，50元附近震荡，创新高突破76元，最终站上百元行列。独特的电,,后贝加尔斯克,7154013321195756,2026-05-26 11:12:16,443,10,1,0,False,False,"https://guba.eastmoney.com/news,002055,1714538150.html",2026-07-06 17:10:03
eastmoney_guba,002055,1714540157,这个板太，无惧大盘暴跌，封单越来越多，新龙！,,大脸猫516,9580316107792940,2026-05-26 11:13:24,65,1,0,0,False,False,"https://guba.eastmoney.com/news,002055,1714540157.html",2026-07-06 17:10:05
eastmoney_guba,002055,1714548004,别贪，一个字“跑”，而且要快。,,股友09E23162a6,7712066984859766,2026-05-26 11:17:19,52,1,0,0,False,False,"https://guba.eastmoney.com/news,002055,1714548004.html",2026-07-06 17:10:05
eastmoney_guba,002055,1714558241,参考5.21号，下午必炸，上午主力几十万几十万的偷跑,,股友6k92587C10,3592077454092624,2026-05-26 11:23:26,142,3,0,0,False,False,"https://guba.eastmoney.com/news,002055,1714558241.html",2026-07-06 17:10:05
eastmoney_guba,002055,1714559378,评论区，空狗进不去急的！,,股友17W23G0217,2569017375890658,2026-05-26 11:24:06,53,1,0,0,False,False,"https://guba.eastmoney.com/news,002055,1714559378.html",2026-07-06 17:10:05
eastmoney_guba,002055,1714574841,$ST得润(SZ002055)$,,瓷都炫先森,1510094785684590,2026-05-26 11:36:27,46,0,0,0,False,False,"https://guba.eastmoney.com/news,002055,1714574841.html",2026-07-06 17:10:05
eastmoney_guba,002055,1714575194,去年ST股涨幅最多的是68个涨停板,,松鹤的宿濂,2490034614534630,2026-05-26 11:36:55,663,3,0,0,True,False,"https://guba.eastmoney.com/news,002055,1714575194.html",2026-07-06 17:10:05
eastmoney_guba,002055,1714575800,第一目标20元，,,松鹤的宿濂,2490034614534630,2026-05-26 11:37:36,76,2,0,0,False,False,"https://guba.eastmoney.com/news,002055,1714575800.html",2026-07-06 17:10:05
eastmoney_guba,002055,1714577139,PCB整个板块没有低于35元的，一般在35-800元之间，得润至少35吧,,松鹤的宿濂,2490034614534630,2026-05-26 11:39:24,339,1,1,0,True,False,"https://guba.eastmoney.com/news,002055,1714577139.html",2026-07-06 17:10:05
eastmoney_guba,002055,1714586530,我说实话，见好就收，差不多得了，到时候真走不了了，有你们受得。这么明显看不出来了,,木有西瓜,3633094508701876,2026-05-26 11:55:42,455,17,0,0,False,False,"https://guba.eastmoney.com/news,002055,1714586530.html",2026-07-06 17:09:58
eastmoney_guba,002055,1714590523,今天得润才算风口上的猪，高速铜连接器大涨,,万事多谋地老夫子,1028386319694022,2026-05-26 12:04:37,56,0,0,0,False,False,"https://guba.eastmoney.com/news,002055,1714590523.html",2026-07-06 17:10:05
eastmoney_guba,002055,1714591444,昨天一直在想这只股票想不起来名字想起来也没用，一字板,,恩捷与弘元,6886366111474668,2026-05-26 12:06:58,45,0,0,0,False,False,"https://guba.eastmoney.com/news,002055,1714591444.html",2026-07-06 17:10:05
eastmoney_guba,002055,1714599174,大盘大跌与本座！无关，本座在里面天天数板！舒服。,,怀化辉煌,6160094267018322,2026-05-26 12:28:52,421,17,1,0,False,False,"https://guba.eastmoney.com/news,002055,1714599174.html",2026-07-06 17:10:03
eastmoney_guba,002055,1714604694,又一天上班即下班啦,,红色雨13,1168446634768132,2026-05-26 12:45:44,56,0,0,0,False,False,"https://guba.eastmoney.com/news,002055,1714604694.html",2026-07-06 17:10:05
eastmoney_guba,002055,1714649305,车门焊死,,股友f0061F9103,8844306104374716,2026-05-26 13:22:53,39,0,0,0,False,False,"https://guba.eastmoney.com/news,002055,1714649305.html",2026-07-06 17:10:05
eastmoney_guba,002055,1714654132,能不能在来个20个板吧,,梭哈博自由,7604346254763992,2026-05-26 13:25:34,828,31,0,0,True,False,"https://guba.eastmoney.com/news,002055,1714654132.html",2026-07-06 17:10:05
eastmoney_guba,002055,1714675050,1,,爱吃小龙虾的某人,9632406849024428,2026-05-26 13:38:15,31,0,0,0,False,False,"https://guba.eastmoney.com/news,002055,1714675050.html",2026-07-06 17:10:05
eastmoney_guba,002055,1714675077,兄弟们你们明天减仓吗,,驭无所求,3205395828680058,2026-05-26 13:38:17,45,0,0,0,False,False,"https://guba.eastmoney.com/news,002055,1714675077.html",2026-07-06 17:10:05
eastmoney_guba,002055,1714675551,1,,爱吃小龙虾的某人,9632406849024428,2026-05-26 13:38:34,28,0,0,0,False,False,"https://guba.eastmoney.com/news,002055,1714675551.html",2026-07-06 17:10:05
eastmoney_guba,002055,1714677027,天地板,,爱吃小龙虾的某人,9632406849024428,2026-05-26 13:39:34,31,0,0,0,False,False,"https://guba.eastmoney.com/news,002055,1714677027.html",2026-07-06 17:10:05
eastmoney_guba,002055,1714677344,天地板快来,,爱吃小龙虾的某人,9632406849024428,2026-05-26 13:39:46,55,1,0,0,False,False,"https://guba.eastmoney.com/news,002055,1714677344.html",2026-07-06 17:10:05
eastmoney_guba,002055,1714678845,$ST得润(SZ委托标的：买卖方向：笔记：002055)$简直不给散户机会，主力,,小海龙,6781366261638506,2026-05-26 13:40:47,351,3,0,0,True,False,"https://guba.eastmoney.com/news,002055,1714678845.html",2026-07-06 17:10:05
eastmoney_guba,002055,1714680088,太多散户了，需要天地板震荡洗盘，炸炸炸,,爱吃小龙虾的某人,9632406849024428,2026-05-26 13:41:33,258,6,0,0,False,False,"https://guba.eastmoney.com/news,002055,1714680088.html",2026-07-06 17:09:38
eastmoney_guba,002055,1714686442,经过我多年分析，尾盘有90%可能天地板，明天一字跌停,,爱吃小龙虾的某人,9632406849024428,2026-05-26 13:45:28,269,6,0,0,False,False,"https://guba.eastmoney.com/news,002055,1714686442.html",2026-07-06 17:10:05
eastmoney_guba,002055,1714699573,注意：会补跌的？,,股友09E23162a6,7712066984859766,2026-05-26 13:52:51,45,0,0,0,False,False,"https://guba.eastmoney.com/news,002055,1714699573.html",2026-07-06 17:10:05
eastmoney_guba,002055,1714710337,空狗乱吠有用吗？76元下方是打不开的。眼红似你们。赔钱坯子002055,,后贝加尔斯克,7154013321195756,2026-05-26 13:59:07,54,2,0,0,False,False,"https://guba.eastmoney.com/news,002055,1714710337.html",2026-07-06 17:10:05
eastmoney_guba,002055,1714720343,准备跑,,涨停不期而至,9458545244037810,2026-05-26 14:04:46,60,1,0,0,False,False,"https://guba.eastmoney.com/news,002055,1714720343.html",2026-07-06 17:10:05
eastmoney_guba,002055,1714722009,量一天比一天小哈,,n142647179635bcb,1254094264717964,2026-05-26 14:05:37,52,0,0,0,False,False,"https://guba.eastmoney.com/news,002055,1714722009.html",2026-07-06 17:10:05
eastmoney_guba,002055,1714763553,手里有个2万手，随时开始砸盘,,爱吃小龙虾的某人,9632406849024428,2026-05-26 14:32:30,105,3,0,0,False,False,"https://guba.eastmoney.com/news,002055,1714763553.html",2026-07-06 17:10:03
eastmoney_guba,002055,1714769118,给过你们机会了，你们不中用呀,,股友A501H08291,2736087778596028,2026-05-26 14:36:10,51,0,0,0,False,False,"https://guba.eastmoney.com/news,002055,1714769118.html",2026-07-06 17:10:05
eastmoney_guba,002055,1714773172,资金回流科技牛逼,,大家都赚钱俊安,6532047062527708,2026-05-26 14:38:44,44,0,0,0,False,False,"https://guba.eastmoney.com/news,002055,1714773172.html",2026-07-06 17:10:05
eastmoney_guba,002055,1714776893,京蓝真猛啊,,成功才是唯一,2734426795832086,2026-05-26 14:41:01,51,0,0,0,False,False,"https://guba.eastmoney.com/news,002055,1714776893.html",2026-07-06 17:10:05
eastmoney_guba,002055,1714789413,股价高位跌了92％，怎么可能涨这么一点就出货,,股友2g1686h586,6609117708977588,2026-05-26 14:48:21,62,0,0,0,False,False,"https://guba.eastmoney.com/news,002055,1714789413.html",2026-07-06 17:10:05
eastmoney_guba,002055,1714791883,大盘起来了会不会开板呀慌,,我是你哥123,1891395984551452,2026-05-26 14:49:43,66,1,0,0,False,False,"https://guba.eastmoney.com/news,002055,1714791883.html",2026-07-06 17:10:05
eastmoney_guba,002055,1714800082,创新高突破76元之后会开板002055,,后贝加尔斯克,7154013321195756,2026-05-26 14:54:05,70,2,0,0,False,False,"https://guba.eastmoney.com/news,002055,1714800082.html",2026-07-06 17:10:05
eastmoney_guba,002055,1714807803,得润在炒英伟达适配还是英特尔唯一认证还是华为韬定律还是国资重组？,,轻盈跳跃的八哥,5366315762063082,2026-05-26 14:58:55,320,7,2,0,False,False,"https://guba.eastmoney.com/news,002055,1714807803.html",2026-07-06 17:10:03
eastmoney_guba,002055,1714808107,完蛋了，咋天卖了，看这样子，没十个涨停打不开了！,,松鹤的宿濂,2490034614534630,2026-05-26 14:59:12,76,1,0,0,False,False,"https://guba.eastmoney.com/news,002055,1714808107.html",2026-07-06 17:10:05
eastmoney_guba,002055,1714810147,这厮今年是十倍大牛股,,松鹤的宿濂,2490034614534630,2026-05-26 15:00:12,94,1,0,0,False,False,"https://guba.eastmoney.com/news,002055,1714810147.html",2026-07-06 17:10:05
eastmoney_guba,002055,1714812774,今天会有龙虎榜吗,,不动明王身,5574366336967740,2026-05-26 15:02:21,64,1,0,0,False,False,"https://guba.eastmoney.com/news,002055,1714812774.html",2026-07-06 17:10:03
eastmoney_guba,002055,1714823398,这股就是炒市值回归，大家去看看铜缆高速连接板块都平均多少市值，这才不到50亿排名,,人生巅峰进行曲,6778013800753264,2026-05-26 15:12:58,422,9,0,0,False,False,"https://guba.eastmoney.com/news,002055,1714823398.html",2026-07-06 17:10:03
eastmoney_guba,002055,1714830988,涨一倍合理,,有毅力的烟水路13,6062057134384218,2026-05-26 15:25:30,74,1,0,0,False,False,"https://guba.eastmoney.com/news,002055,1714830988.html",2026-07-06 17:10:03
eastmoney_guba,002055,1714838966,每天开盘就涨停，不管大盘涨跌，没什么意思,,搞遍烂股,9935094113102168,2026-05-26 15:40:17,72,2,0,0,False,False,"https://guba.eastmoney.com/news,002055,1714838966.html",2026-07-06 17:10:03
eastmoney_guba,002055,1714842325,听劝，删帖,,海阔天空向前进,2436014924879854,2026-05-26 15:45:48,82,2,0,0,False,False,"https://guba.eastmoney.com/news,002055,1714842325.html",2026-07-06 17:10:03
eastmoney_guba,002055,1714851130,明天应该跌停开盘都被监控了，看谁跑得快，补跌，起码6个一字地板踩踏不给机会卖出去,,超级股神aa巴菲特,5992044782157786,2026-05-26 16:05:24,415,14,0,0,False,False,"https://guba.eastmoney.com/news,002055,1714851130.html",2026-07-06 17:09:58
eastmoney_guba,002055,1714853619,听说得润产线一周休四天不知道是不是真的,,嘉陵大道,8132306212353906,2026-05-26 16:11:23,472,9,2,0,False,False,"https://guba.eastmoney.com/news,002055,1714853619.html",2026-07-06 17:10:03
eastmoney_guba,002055,1714858054,嫂子开门，我是我哥,,我勒个烧缸,8844017608558072,2026-05-26 16:25:00,50,0,0,0,False,False,"https://guba.eastmoney.com/news,002055,1714858054.html",2026-07-06 17:10:03
eastmoney_guba,002055,1714858674,求你了，在拉20个涨停可以吗，,,柳叶刀007,1581124748175684,2026-05-26 16:27:07,388,1,0,0,True,False,"https://guba.eastmoney.com/news,002055,1714858674.html",2026-07-06 17:10:03
eastmoney_guba,002055,1714858957,ST得润(002055)龙虎榜数据(05-26),,ST得润资讯,9481113638045702,2026-05-26 16:27:50,6074,54,11,0,False,False,"https://guba.eastmoney.com/news,002055,1714858957.html",2026-07-06 17:10:03
eastmoney_guba,002055,1714859810,去年九月8.5块买进，看来要回本咯,,股友k6M2332115,8769047275032994,2026-05-26 16:29:49,55,0,0,0,False,False,"https://guba.eastmoney.com/news,002055,1714859810.html",2026-07-06 17:10:03
eastmoney_guba,002055,1714866929,犹豫了，没买，还是胆子小了,,烂股收割机,4309365835407682,2026-05-26 16:50:51,78,1,0,0,False,False,"https://guba.eastmoney.com/news,002055,1714866929.html",2026-07-06 17:10:03
eastmoney_guba,002055,1714874350,买，不停买，买不停，买买买。。。。。,,ffffffgghhhh,6378325836212464,2026-05-26 17:12:42,47,0,0,0,False,False,"https://guba.eastmoney.com/news,002055,1714874350.html",2026-07-06 17:10:03
eastmoney_guba,002055,1714876400,$ST得润(SZ002055)$,,啊呜马黛茶,9262375637575150,2026-05-26 17:18:43,919,11,1,0,True,False,"https://guba.eastmoney.com/news,002055,1714876400.html",2026-07-06 17:10:03
eastmoney_guba,002055,1714876595,连板股追踪丨A股今日共68只个股涨停 这只基础化工股3连板,,新金路资讯,6958113638078010,2026-05-26 17:19:20,3143,0,6,0,False,False,"https://guba.eastmoney.com/news,002055,1714876595.html",2026-07-06 17:10:03
eastmoney_guba,002055,1714878778,【韭菜好票集中营】【2026/05/26-周二，复盘】1354家上涨，涨停64家,,新手韭菜园子B哥,5953077633823982,2026-05-26 17:26:22,542,2,0,0,False,False,"https://guba.eastmoney.com/news,002055,1714878778.html",2026-07-06 17:10:03
eastmoney_guba,002055,1714900192,希望你能走出六亲不认的步伐,,举世无双地花烛,4472396248512818,2026-05-26 18:40:14,86,2,0,0,False,False,"https://guba.eastmoney.com/news,002055,1714900192.html",2026-07-06 17:10:03
eastmoney_guba,002055,1714900991,那些唱空的希望你们能预言成真，给个口子我进去，这票题材在风口上，大资金也认可，历,,首都九菲特,6181074920667870,2026-05-26 18:43:46,160,2,0,0,False,False,"https://guba.eastmoney.com/news,002055,1714900991.html",2026-07-06 17:09:55
eastmoney_guba,002055,1714901444,股票买了不要瞎动，行云科技少赚了4倍跑这里没守住。我都还特地去了光明的公司溜达了,,张先生9494856155,5564056917416548,2026-05-26 18:45:30,477,2,0,0,True,False,"https://guba.eastmoney.com/news,002055,1714901444.html",2026-07-06 17:10:03
eastmoney_guba,002055,1714904955,铖昌那批大佬来得润了，三倍起步没有最高只有更高,,雄狮联盟,5694395846238860,2026-05-26 19:00:06,673,2,1,0,True,False,"https://guba.eastmoney.com/news,002055,1714904955.html",2026-07-06 17:10:03
eastmoney_guba,002055,1714908730,我的20块钱本能回了吗？,,股友21091UT093,3971097797941170,2026-05-26 19:15:24,40,0,0,0,False,False,"https://guba.eastmoney.com/news,002055,1714908730.html",2026-07-06 17:10:03
eastmoney_guba,002055,1714910316,坚决买进虎哥来临目标先看20最大的利好来了,,猛虎吃牛,8176094025781428,2026-05-26 19:21:39,1370,14,1,0,True,False,"https://guba.eastmoney.com/news,002055,1714910316.html",2026-07-06 17:09:55
eastmoney_guba,002055,1714911237,ST得润:股票交易异常波动公告,,ST得润资讯,9481113638045702,2026-05-26 19:25:05,776,43,13,0,False,False,"https://guba.eastmoney.com/news,002055,1714911237.html",2026-07-06 17:09:38
eastmoney_guba,002055,1714913310,ST得润：未与英伟达、华为开展业务合作,,ST得润资讯,9481113638045702,2026-05-26 19:33:49,4622,20,18,0,False,False,"https://guba.eastmoney.com/news,002055,1714913310.html",2026-07-06 17:10:03
eastmoney_guba,002055,1714916450,ST得润：公司未与英伟达、华为开展业务合作,,ST得润资讯,9481113638045702,2026-05-26 19:46:19,934,10,3,0,False,False,"https://guba.eastmoney.com/news,002055,1714916450.html",2026-07-06 17:10:03
eastmoney_guba,002055,1714917326,ST得润(002055.SZ)：未与英伟达、华为开展业务合作,,格隆汇,9507112872296268,2026-05-26 19:49:43,2360,5,9,0,False,False,"https://guba.eastmoney.com/news,002055,1714917326.html",2026-07-06 17:09:58
eastmoney_guba,002055,1714918858,说你有你就有,,股海韭菜根888,7563054952779936,2026-05-26 19:55:39,37,0,0,0,False,False,"https://guba.eastmoney.com/news,002055,1714918858.html",2026-07-06 17:10:03
eastmoney_guba,002055,1714919110,好像没人说公司与英伟达，华为合作吧，说的是英特尔CPUSOCKET国内唯一认证，,,人生巅峰进行曲,6778013800753264,2026-05-26 19:56:26,605,7,1,0,False,False,"https://guba.eastmoney.com/news,002055,1714919110.html",2026-07-06 17:10:03
eastmoney_guba,002055,1714919159,ST得润澄清：未与英伟达、华为开展合作，新兴业务短期难贡献业绩,,ST得润资讯,9481113638045702,2026-05-26 19:56:40,2793,7,9,0,False,False,"https://guba.eastmoney.com/news,002055,1714919159.html",2026-07-06 17:10:03
eastmoney_guba,002055,1714919897,7月6号以前涨跌幅10%以前，好好涨一波，涨个3倍多，到20元,,掘金高歌,5238386190584350,2026-05-26 19:59:36,169,5,0,0,False,False,"https://guba.eastmoney.com/news,002055,1714919897.html",2026-07-06 17:10:03
eastmoney_guba,002055,1714920856,未与华为开展业务，又有华为概念，这么说话不被告吗,,齐楚燕韩赵魏,4702094512743788,2026-05-26 20:03:22,265,5,0,0,False,False,"https://guba.eastmoney.com/news,002055,1714920856.html",2026-07-06 17:10:03
eastmoney_guba,002055,1714922087,百分之一就是4500万，26年有可能更多，百分之二就接近1个亿，Ai服务器接近1,,在A股赚彩礼,2227067549591522,2026-05-26 20:07:58,149,3,0,0,False,False,"https://guba.eastmoney.com/news,002055,1714922087.html",2026-07-06 17:10:03
eastmoney_guba,002055,1714922551,瞎炒作，最后一地鸡毛。这块连接业务本来就有，但没多大体量。,,荣耀再现,7403027545726188,2026-05-26 20:09:48,56,0,0,0,False,False,"https://guba.eastmoney.com/news,002055,1714922551.html",2026-07-06 17:10:03
eastmoney_guba,002055,1714923875,明天看谁跑得快,,不吃鱼的熊,2893077236409780,2026-05-26 20:14:46,204,7,0,0,False,False,"https://guba.eastmoney.com/news,002055,1714923875.html",2026-07-06 17:10:03
eastmoney_guba,002055,1714928822,明天继续涨停,,股友960617h51O,5592346123618720,2026-05-26 20:34:32,174,5,0,0,False,False,"https://guba.eastmoney.com/news,002055,1714928822.html",2026-07-06 17:10:03
eastmoney_guba,002055,1714932435,根据公司的公告，那就是传统的高速连接器有10多个亿，但是ai服务器这块业绩是45,,惊爆点男主,8399375724329702,2026-05-26 20:47:25,521,2,0,0,False,False,"https://guba.eastmoney.com/news,002055,1714932435.html",2026-07-06 17:10:03
eastmoney_guba,002055,1714932838,不给进就撤单主力加油自己玩@妙想隔夜挂单量,,血鳄鱼,3443306117639216,2026-05-26 20:49:02,156,1,0,0,False,False,"https://guba.eastmoney.com/news,002055,1714932838.html",2026-07-06 17:10:03
eastmoney_guba,002055,1714933507,都是吃不到葡萄说葡萄酸的人，坐好飞机不动,,股友53LL356972,8790037602899564,2026-05-26 20:51:40,47,1,0,0,False,False,"https://guba.eastmoney.com/news,002055,1714933507.html",2026-07-06 17:10:03
eastmoney_guba,002055,1714936270,唱空的人多是好事，都是想进的。等到清一色唱多，再担心也不迟,,一个_小_目标,5660087360574644,2026-05-26 21:02:08,48,0,0,0,False,False,"https://guba.eastmoney.com/news,002055,1714936270.html",2026-07-06 17:10:03
eastmoney_guba,002055,1714936614,没有100亿市值根本不用考虑出货………,,弥勒教徒,3734585194603806,2026-05-26 21:03:22,43,0,0,0,False,False,"https://guba.eastmoney.com/news,002055,1714936614.html",2026-07-06 17:10:03
eastmoney_guba,002055,1714939579,得润还有新能源业务，国内顶级。,,为慧封心,9003086981627426,2026-05-26 21:14:29,98,0,0,0,False,False,"https://guba.eastmoney.com/news,002055,1714939579.html",2026-07-06 17:10:03
eastmoney_guba,002055,1714939844,也不知道你们唱空啥,,小海龙,6781366261638506,2026-05-26 21:15:32,464,3,0,0,True,False,"https://guba.eastmoney.com/news,002055,1714939844.html",2026-07-06 17:10:03
eastmoney_guba,002055,1714940068,$ST得润(SZ002055)$,,生钱宝,8519395724600952,2026-05-26 21:16:24,295,2,0,0,True,False,"https://guba.eastmoney.com/news,002055,1714940068.html",2026-07-06 17:10:03
eastmoney_guba,002055,1714942177,得润近期爆发是英特尔，与英伟达和华为本来就没有任何关系,,惊爆点男主,8399375724329702,2026-05-26 21:24:23,325,2,0,0,False,False,"https://guba.eastmoney.com/news,002055,1714942177.html",2026-07-06 17:10:03
eastmoney_guba,002055,1714947467,合肥韭菜王嘴臭,,松涛的益籦,3267097670145160,2026-05-26 21:41:00,126,3,0,0,False,False,"https://guba.eastmoney.com/news,002055,1714947467.html",2026-07-06 17:10:03
eastmoney_guba,002055,1714949397,快点借壳吧，华为借壳，一步到位。让大家赚一次大的回家种种田田颐养天年算了,,柳叶刀007,1581124748175684,2026-05-26 21:46:43,40,0,0,0,False,False,"https://guba.eastmoney.com/news,002055,1714949397.html",2026-07-06 17:10:03
eastmoney_guba,002055,1714953622,英特尔又暴涨，太恐怖了,,股友2g1686h586,6609117708977588,2026-05-26 21:59:35,56,0,0,0,False,False,"https://guba.eastmoney.com/news,002055,1714953622.html",2026-07-06 17:10:03
eastmoney_guba,002055,1714957894,呵呵俺也叨叨几句，反正现在这个位置的得润，如果比较大的资金想出来，感觉再进来就难,,wjxhx,6560013752324024,2026-05-26 22:12:57,101,1,0,0,False,False,"https://guba.eastmoney.com/news,002055,1714957894.html",2026-07-06 17:10:03
eastmoney_guba,002055,1714960746,英子才一个没有跌停的跌停一堆人就受不了，要是后面狠一些跌到两三元那不得分分钟割肉,,气宇不凡的庄芝蔓,7928067471013532,2026-05-26 22:22:14,1115,9,0,0,False,False,"https://guba.eastmoney.com/news,002055,1714960746.html",2026-07-06 17:09:58
eastmoney_guba,002055,1714963963,存储买不进去了,,大家都赚钱俊安,6532047062527708,2026-05-26 22:33:03,42,0,0,0,False,False,"https://guba.eastmoney.com/news,002055,1714963963.html",2026-07-06 17:10:03
eastmoney_guba,002055,1714966007,脱裤子多，多此一举谁问你有没有和英伟达华为和合作了？你是闲的没事干发公告玩散,,无敌擎天柱,8525084853404534,2026-05-26 22:39:47,60,0,0,0,True,False,"https://guba.eastmoney.com/news,002055,1714966007.html",2026-07-06 17:10:03
eastmoney_guba,002055,1714966550,脱裤子，多此一举谁问你有没有和英伟达华为和合作了？你是闲的没事干发公告玩散户不知,,无敌擎天柱,8525084853404534,2026-05-26 22:41:36,118,0,1,0,True,False,"https://guba.eastmoney.com/news,002055,1714966550.html",2026-07-06 17:10:03
eastmoney_guba,002055,1714969195,一股不卖继续格局,,血鳄鱼,3443306117639216,2026-05-26 22:51:26,116,5,0,0,False,False,"https://guba.eastmoney.com/news,002055,1714969195.html",2026-07-06 17:10:01
eastmoney_guba,002055,1714972827,这家伙是英特尔,,完蛋我在全球霸榜,3532113593335904,2026-05-26 23:06:59,38,0,0,0,False,False,"https://guba.eastmoney.com/news,002055,1714972827.html",2026-07-06 17:10:03
eastmoney_guba,002055,1714974478,得润电子今年净利润一个亿？明年二个亿，股价破百？,,n1417601697a75df,4692094176016970,2026-05-26 23:15:31,63,1,0,0,False,False,"https://guba.eastmoney.com/news,002055,1714974478.html",2026-07-06 17:10:03
eastmoney_guba,002055,1714974634,$ST得润(SZ002055)$,,红道1,2184094358096858,2026-05-26 23:16:22,336,1,0,0,True,False,"https://guba.eastmoney.com/news,002055,1714974634.html",2026-07-06 17:10:03
eastmoney_guba,002055,1714974784,一个ST也敢这么牛啊，会不会到时哭不出来,,心中有梦一直在,5003094283118502,2026-05-26 23:17:12,76,2,0,0,False,False,"https://guba.eastmoney.com/news,002055,1714974784.html",2026-07-06 17:10:03
eastmoney_guba,002055,1714976081,看千问、豆包炒股必亏。,,jyjndj,3827315559864390,2026-05-26 23:25:23,384,0,0,0,True,False,"https://guba.eastmoney.com/news,002055,1714976081.html",2026-07-06 17:10:03
eastmoney_guba,002055,1714976158,我是做京蓝第一批人，京蓝必定破15元，现在做得润，必定比京蓝更有投资价值，长看到,,首板抓龙,7205325888318544,2026-05-26 23:25:54,693,1,0,0,True,False,"https://guba.eastmoney.com/news,002055,1714976158.html",2026-07-06 17:10:03
eastmoney_guba,002055,1714976241,挂单二十万手又开不了,,成功才是唯一,2734426795832086,2026-05-26 23:26:22,117,2,0,0,False,False,"https://guba.eastmoney.com/news,002055,1714976241.html",2026-07-06 17:10:03
eastmoney_guba,002055,1714980571,猜猜五倍股是得润电子还得东尼电子？,,股友WL6OlU,4073565246457128,2026-05-26 23:57:27,401,2,0,0,False,False,"https://guba.eastmoney.com/news,002055,1714980571.html",2026-07-06 17:10:03
eastmoney_guba,002055,1714999233,今年盈利明年年报后摘帽,,轻盈跳跃的八哥,5366315762063082,2026-05-27 06:00:24,339,2,1,0,True,False,"https://guba.eastmoney.com/news,002055,1714999233.html",2026-07-06 17:10:03
eastmoney_guba,002055,1715001655,美股半导体，硬件都涨飞天了，得润刚起步就被迫发异动，真烦,,在A股赚彩礼,2227067549591522,2026-05-27 06:24:26,43,0,0,0,False,False,"https://guba.eastmoney.com/news,002055,1715001655.html",2026-07-06 17:10:03
eastmoney_guba,002055,1715002643,这股没有套牢盘，想买而买不进去，怎么办呢？,,降龙捉妖天天涨,8459094240549244,2026-05-27 06:32:59,103,4,0,0,False,False,"https://guba.eastmoney.com/news,002055,1715002643.html",2026-07-06 17:10:03
eastmoney_guba,002055,1715005448,st京蓝回复没有再延期，预期没有变化，而且确认了靶材，6月中旬生产，而且对于资金,,张炜杰,1030017443727878,2026-05-27 07:00:33,1348,8,0,0,True,False,"https://guba.eastmoney.com/news,002055,1715005448.html",2026-07-06 17:09:58
eastmoney_guba,002055,1715007842,此地无银三百两,,花开州鹤de苗若兰,7684375913398000,2026-05-27 07:23:01,142,1,0,0,False,False,"https://guba.eastmoney.com/news,002055,1715007842.html",2026-07-06 17:10:03
eastmoney_guba,002055,1715007984,$ST得润(SZ002055)$,,股友WMpJKN,7081005095372160,2026-05-27 07:24:29,33,0,0,0,False,False,"https://guba.eastmoney.com/news,002055,1715007984.html",2026-07-06 17:10:03
eastmoney_guba,002055,1715008068,$ST得润(SZ002055)$,,股友WMpJKN,7081005095372160,2026-05-27 07:25:10,348,3,0,0,True,False,"https://guba.eastmoney.com/news,002055,1715008068.html",2026-07-06 17:10:01
eastmoney_guba,002055,1715008632,从76跌到6块不发异动，从6块涨到7块就发移动。这是啥子虾扯蛋公司,,江湖再现尼古拉斯,8183013401511276,2026-05-27 07:29:56,65,1,0,0,False,False,"https://guba.eastmoney.com/news,002055,1715008632.html",2026-07-06 17:10:03
eastmoney_guba,002055,1715011689,妖股同行证发布第一天，验真金时刻,,莫逆势,4773094604408444,2026-05-27 07:47:36,50,0,0,0,False,False,"https://guba.eastmoney.com/news,002055,1715011689.html",2026-07-06 17:10:03
eastmoney_guba,002055,1715013337,st里面的大哥大，今天挂了二十万块涨停了，继续挂单每天,,热心的邱昆,2070077561239478,2026-05-27 07:55:56,48,0,0,0,False,False,"https://guba.eastmoney.com/news,002055,1715013337.html",2026-07-06 17:10:03
eastmoney_guba,002055,1715014158,今天走势预测：持续涨停或高开震荡到1个点，明天再继续涨停,,来日方长110,9376034944832068,2026-05-27 07:59:26,77,1,0,0,False,False,"https://guba.eastmoney.com/news,002055,1715014158.html",2026-07-06 17:10:03
eastmoney_guba,002055,1715016777,涨停涨停涨停涨停涨停涨停涨停涨停,,专业薅龙大羊毛,3804047346586666,2026-05-27 08:10:36,29,0,0,0,False,False,"https://guba.eastmoney.com/news,002055,1715016777.html",2026-07-06 17:10:03
eastmoney_guba,002055,1715017015,今年st大牛就是德润,,专业薅龙大羊毛,3804047346586666,2026-05-27 08:11:29,42,0,0,0,False,False,"https://guba.eastmoney.com/news,002055,1715017015.html",2026-07-06 17:10:03
eastmoney_guba,002055,1715021936,今天怕是要没法随了很多人的心愿了，还是早点想好退路吧。不要挣自己认知意外的R，话,,木有西瓜,3633094508701876,2026-05-27 08:31:51,43,0,0,0,False,False,"https://guba.eastmoney.com/news,002055,1715021936.html",2026-07-06 17:10:03
eastmoney_guba,002055,1715023382,已经打板，希望今天放我进去,,骑牛走天下了,3448386117466706,2026-05-27 08:37:14,59,1,0,0,False,False,"https://guba.eastmoney.com/news,002055,1715023382.html",2026-07-06 17:10:01
eastmoney_guba,002055,1715024115,因为戴帽，上方筹码全跑了，也有割肉的，所以没有套牢盘。,,股友09E23162a6,7712066984859766,2026-05-27 08:40:05,58,1,0,0,False,False,"https://guba.eastmoney.com/news,002055,1715024115.html",2026-07-06 17:10:03
eastmoney_guba,002055,1715026271,大家看到没有，房地产资金出来了，酒水资金出来了，风电，太阳能资金，汽车产业链全部,,专业薅龙大羊毛,3804047346586666,2026-05-27 08:49:11,66,1,0,0,False,False,"https://guba.eastmoney.com/news,002055,1715026271.html",2026-07-06 17:10:03
eastmoney_guba,002055,1715026287,正告唱空者，你们在30元下面别指望进场。今年必创新高突破76站上百元关00205,,后贝加尔斯克,7154013321195756,2026-05-27 08:49:14,75,2,0,0,False,False,"https://guba.eastmoney.com/news,002055,1715026287.html",2026-07-06 17:10:01
eastmoney_guba,002055,1715026648,英特尔官方网站去豆包确认了一下说是真实的，大家可以去验证一下。,,泽云轩,4236356228173006,2026-05-27 08:50:51,159,1,0,0,False,False,"https://guba.eastmoney.com/news,002055,1715026648.html",2026-07-06 17:10:03
eastmoney_guba,002055,1715026912,占了风口十倍不是梦，今年80元，加油,,专业薅龙大羊毛,3804047346586666,2026-05-27 08:51:43,54,2,0,0,False,False,"https://guba.eastmoney.com/news,002055,1715026912.html",2026-07-06 17:10:01
eastmoney_guba,002055,1715027025,100目标400亿是基本加仓,,见好就收5859,3960047762213936,2026-05-27 08:52:17,61,1,0,0,False,False,"https://guba.eastmoney.com/news,002055,1715027025.html",2026-07-06 17:10:01
eastmoney_guba,002055,1715027036,-认证资质：中国大陆唯一通过英特尔官方AVL认证、千针级（1000pin+）大规,,底牌真贵,4197094013566998,2026-05-27 08:52:19,319,3,0,0,False,False,"https://guba.eastmoney.com/news,002055,1715027036.html",2026-07-06 17:09:58
eastmoney_guba,002055,1715030079,今天跌停，再不挂单来不及了,,一位06厨子,3814147610418514,2026-05-27 09:01:27,40,0,0,0,False,False,"https://guba.eastmoney.com/news,002055,1715030079.html",2026-07-06 17:10:01
eastmoney_guba,002055,1715033964,上海帮要大气一点，不要砸盘,,沪砖家,5339144704014994,2026-05-27 09:08:44,69,1,0,0,False,False,"https://guba.eastmoney.com/news,002055,1715033964.html",2026-07-06 17:09:58
eastmoney_guba,002055,1715037954,唱空的有本事别排,,一个_小_目标,5660087360574644,2026-05-27 09:16:14,44,2,0,0,False,False,"https://guba.eastmoney.com/news,002055,1715037954.html",2026-07-06 17:10:01
eastmoney_guba,002055,1715039102,只要你不卖我不卖大家一起去足疗,,柳叶刀007,1581124748175684,2026-05-27 09:17:27,49,1,0,0,False,False,"https://guba.eastmoney.com/news,002055,1715039102.html",2026-07-06 17:10:01
eastmoney_guba,002055,1715042890,18万封盘谁有本事也打不开,,专业薅龙大羊毛,3804047346586666,2026-05-27 09:20:57,59,1,0,0,False,False,"https://guba.eastmoney.com/news,002055,1715042890.html",2026-07-06 17:10:01
eastmoney_guba,002055,1715043069,一地鸡毛,,股友HC26055731,8455007334689054,2026-05-27 09:21:07,27,0,0,0,False,False,"https://guba.eastmoney.com/news,002055,1715043069.html",2026-07-06 17:10:01
eastmoney_guba,002055,1715045671,这股连大股东都没有，无论是机构游资还是大户牛散，全是散户，所以只要预期一致，和主,,惊爆点男主,8399375724329702,2026-05-27 09:23:46,66,1,0,0,False,False,"https://guba.eastmoney.com/news,002055,1715045671.html",2026-07-06 17:10:01
eastmoney_guba,002055,1715057270,唱空队出来继续唱哈哈干气猴,,沈阳芭菲菜,1764326049115564,2026-05-27 09:26:40,30,0,0,0,False,False,"https://guba.eastmoney.com/news,002055,1715057270.html",2026-07-06 17:10:01
eastmoney_guba,002055,1715057536,这太牛逼了，大家一起努力一直板到过年,,牛气哄哄也能冲天,3573087737957390,2026-05-27 09:26:53,31,0,0,0,False,False,"https://guba.eastmoney.com/news,002055,1715057536.html",2026-07-06 17:10:01
eastmoney_guba,002055,1715058171,排在前面的，全是超大单。抢单意愿强！,,垂钓梵河,1790094480175166,2026-05-27 09:27:25,157,0,0,0,True,False,"https://guba.eastmoney.com/news,002055,1715058171.html",2026-07-06 17:10:01
eastmoney_guba,002055,1715068062,马上来个债务重组公告再助助兴,,张纵横,9944396220366482,2026-05-27 09:31:08,26,0,0,0,False,False,"https://guba.eastmoney.com/news,002055,1715068062.html",2026-07-06 17:10:01
eastmoney_guba,002055,1715072312,我,,铜雀春深锁2乔,3134396141462514,2026-05-27 09:32:17,27,0,0,0,False,False,"https://guba.eastmoney.com/news,002055,1715072312.html",2026-07-06 17:10:01
eastmoney_guba,002055,1715074822,为什么每天涨停呀，有什么好消息吗,,基民v7j8hm,1669335667967174,2026-05-27 09:33:02,31,0,0,0,False,False,"https://guba.eastmoney.com/news,002055,1715074822.html",2026-07-06 17:10:01
eastmoney_guba,002055,1715075608,今天还是涨停！Bravo！,,好风长吟,4179386109771602,2026-05-27 09:33:15,32,0,0,0,False,False,"https://guba.eastmoney.com/news,002055,1715075608.html",2026-07-06 17:10:01
eastmoney_guba,002055,1715076053,我去牛逼，我大舅哥7块打板进去，这几天都在数钱了，,,股市中能锻炼性格,3447346182327776,2026-05-27 09:33:23,68,2,0,0,False,False,"https://guba.eastmoney.com/news,002055,1715076053.html",2026-07-06 17:09:56
eastmoney_guba,002055,1715076079,喊空的别指望进场了。突破新高76元上面还是有机会的喔！哈哈哈,,后贝加尔斯克,7154013321195756,2026-05-27 09:33:23,48,1,0,0,False,False,"https://guba.eastmoney.com/news,002055,1715076079.html",2026-07-06 17:10:01
eastmoney_guba,002055,1715082134,今天跑的挺多，可能开板换手,,股友35hHbY,1624266022028354,2026-05-27 09:35:10,37,0,0,0,False,False,"https://guba.eastmoney.com/news,002055,1715082134.html",2026-07-06 17:10:01
eastmoney_guba,002055,1715082432,捡钱,,有气质就很哇塞,5422336360734678,2026-05-27 09:35:15,31,0,0,0,False,False,"https://guba.eastmoney.com/news,002055,1715082432.html",2026-07-06 17:10:01
eastmoney_guba,002055,1715088975,不错不错，直接冲12元,,你好2080,8206305555530104,2026-05-27 09:37:02,56,2,0,0,False,False,"https://guba.eastmoney.com/news,002055,1715088975.html",2026-07-06 17:10:01
eastmoney_guba,002055,1715090640,今年盈利明年年报后摘帽,,轻盈跳跃的八哥,5366315762063082,2026-05-27 09:37:29,96,0,0,0,True,False,"https://guba.eastmoney.com/news,002055,1715090640.html",2026-07-06 17:10:01
eastmoney_guba,002055,1715091801,上个交易异常公告洗了一波人，这次好像都稳住了，照这个情况，停牌调查可能都开不了板,,股友6u0268O327,2559037085354874,2026-05-27 09:37:48,49,0,0,0,False,False,"https://guba.eastmoney.com/news,002055,1715091801.html",2026-07-06 17:10:01
eastmoney_guba,002055,1715100209,涨停卖了，挂跌停买,,降温4000加,9221027108476824,2026-05-27 09:39:53,35,0,0,0,False,False,"https://guba.eastmoney.com/news,002055,1715100209.html",2026-07-06 17:10:01
eastmoney_guba,002055,1715102597,不管董秘怎么回复，上次股权撤拍以后债务和解都是大概率的事，披露时间应该就在近几天,,股友6u0268O327,2559037085354874,2026-05-27 09:40:31,48,0,0,0,False,False,"https://guba.eastmoney.com/news,002055,1715102597.html",2026-07-06 17:10:01
eastmoney_guba,002055,1715102853,接人了,,股友I57931772O,1830177303404476,2026-05-27 09:40:34,33,0,0,0,False,False,"https://guba.eastmoney.com/news,002055,1715102853.html",2026-07-06 17:10:01
eastmoney_guba,002055,1715103146,还不跑？想啥了？,,股友8027a1113C,1603316406740490,2026-05-27 09:40:39,33,0,0,0,False,False,"https://guba.eastmoney.com/news,002055,1715103146.html",2026-07-06 17:10:01
eastmoney_guba,002055,1715110771,先走一半看看,,浙Y8X1X35080,4965014114606910,2026-05-27 09:42:35,28,0,0,0,False,False,"https://guba.eastmoney.com/news,002055,1715110771.html",2026-07-06 17:10:01
eastmoney_guba,002055,1715112708,快跑,,基民30M8k6,6247305787051588,2026-05-27 09:43:07,40,1,0,0,False,False,"https://guba.eastmoney.com/news,002055,1715112708.html",2026-07-06 17:10:01
eastmoney_guba,002055,1715114181,没有实质性支撑的业务，还在接力，散户啥想法,,荣耀再现,7403027545726188,2026-05-27 09:43:29,120,3,0,0,False,False,"https://guba.eastmoney.com/news,002055,1715114181.html",2026-07-06 17:10:01
eastmoney_guba,002055,1715117320,倒车接人了，快进啊,,瑞斯康达主力,2091156118898678,2026-05-27 09:44:18,51,2,0,0,False,False,"https://guba.eastmoney.com/news,002055,1715117320.html",2026-07-06 17:10:01
eastmoney_guba,002055,1715117650,跑主力出货了。这几天托太多了。,,浅墨安然,5197094128238992,2026-05-27 09:44:23,52,1,0,0,False,False,"https://guba.eastmoney.com/news,002055,1715117650.html",2026-07-06 17:10:01
eastmoney_guba,002055,1715117986,上车没？！,,兰州雨轩,1930396480838492,2026-05-27 09:44:28,59,2,0,0,False,False,"https://guba.eastmoney.com/news,002055,1715117986.html",2026-07-06 17:10:01
eastmoney_guba,002055,1715118139,跑不跑？跑不跑？,,心灵的咸璇,8193047587976172,2026-05-27 09:44:31,27,0,0,0,False,False,"https://guba.eastmoney.com/news,002055,1715118139.html",2026-07-06 17:10:01
eastmoney_guba,002055,1715120559,怎么忽然开了,,股友5I902560u2,7669187676683944,2026-05-27 09:45:10,27,0,0,0,False,False,"https://guba.eastmoney.com/news,002055,1715120559.html",2026-07-06 17:10:01
eastmoney_guba,002055,1715120548,砸绿了在加一些。,,丁老三,7180326092624544,2026-05-27 09:45:10,62,0,0,0,True,False,"https://guba.eastmoney.com/news,002055,1715120548.html",2026-07-06 17:10:01
eastmoney_guba,002055,1715121990,大上海集团全部吃下,,笑逐颜开的龚艳,2079345942814724,2026-05-27 09:45:33,28,0,0,0,False,False,"https://guba.eastmoney.com/news,002055,1715121990.html",2026-07-06 17:10:01
eastmoney_guba,002055,1715126342,满仓持有，你给我涨上去。,,股友3073z25b80,6806057557095194,2026-05-27 09:46:45,28,0,0,0,False,False,"https://guba.eastmoney.com/news,002055,1715126342.html",2026-07-06 17:10:01
eastmoney_guba,002055,1715131396,昨天一发消息就知道今天想来一波！消息里全发利空，利好方面一字不提,,基民00F2f28668,9454326319802024,2026-05-27 09:48:10,42,0,0,0,False,False,"https://guba.eastmoney.com/news,002055,1715131396.html",2026-07-06 17:10:01
eastmoney_guba,002055,1715137083,那个孙子在卖？穷疯了？能不能好好持股？等着摘帽？坚决买进死磕得润,,猛虎吃牛,8176094025781428,2026-05-27 09:49:49,158,2,2,0,True,False,"https://guba.eastmoney.com/news,002055,1715137083.html",2026-07-06 17:09:56
eastmoney_guba,002055,1715137032,天地板！！！！！！！！！！！！！！！！！！！,,股友88K91g3966,7534077557519578,2026-05-27 09:49:49,58,1,0,0,False,False,"https://guba.eastmoney.com/news,002055,1715137032.html",2026-07-06 17:10:01
eastmoney_guba,002055,1715141294,-小心停牌，注资失败退市。------------------,,saekeds,2312376483878188,2026-05-27 09:50:59,96,3,3,0,False,False,"https://guba.eastmoney.com/news,002055,1715141294.html",2026-07-06 17:09:46
eastmoney_guba,002055,1715144061,今天收8.24附近,,股友30R556p998,9383406753050938,2026-05-27 09:51:46,33,0,0,0,False,False,"https://guba.eastmoney.com/news,002055,1715144061.html",2026-07-06 17:10:01
eastmoney_guba,002055,1715144955,换手能不能超过22号。,,股友6u0268O327,2559037085354874,2026-05-27 09:52:00,57,1,0,0,False,False,"https://guba.eastmoney.com/news,002055,1715144955.html",2026-07-06 17:10:01
eastmoney_guba,002055,1715145601,格局不够开呀。,,股友61YN767830,4887396372151136,2026-05-27 09:52:11,24,0,0,0,False,False,"https://guba.eastmoney.com/news,002055,1715145601.html",2026-07-06 17:10:01
eastmoney_guba,002055,1715148571,跌停让我接回来好不好？接回来了我们继续是好朋友,,降温4000加,9221027108476824,2026-05-27 09:53:02,31,0,0,0,False,False,"https://guba.eastmoney.com/news,002055,1715148571.html",2026-07-06 17:10:01
eastmoney_guba,002055,1715149591,换手板挺好的，该上的上，该下的下，谁也别说没给机会,,惊爆点男主,8399375724329702,2026-05-27 09:53:19,41,0,0,0,False,False,"https://guba.eastmoney.com/news,002055,1715149591.html",2026-07-06 17:10:01
eastmoney_guba,002055,1715150225,天热了降降温,,st_踏足山巅,8201097125149362,2026-05-27 09:53:30,38,0,0,0,False,False,"https://guba.eastmoney.com/news,002055,1715150225.html",2026-07-06 17:10:01
eastmoney_guba,002055,1715154872,收盘跌停,,浅墨安然,5197094128238992,2026-05-27 09:54:47,42,1,0,0,False,False,"https://guba.eastmoney.com/news,002055,1715154872.html",2026-07-06 17:10:01
eastmoney_guba,002055,1715157217,盈利30％以上的可以出部分仓位，观望一下，逢低补仓。,,股友6u0268O327,2559037085354874,2026-05-27 09:55:25,34,0,0,0,False,False,"https://guba.eastmoney.com/news,002055,1715157217.html",2026-07-06 17:10:01
eastmoney_guba,002055,1715158886,开始踩踏了。,,股友6u0268O327,2559037085354874,2026-05-27 09:55:51,22,0,0,0,False,False,"https://guba.eastmoney.com/news,002055,1715158886.html",2026-07-06 17:10:01
eastmoney_guba,002055,1715159702,机构出货了,,股友1623U79A71,5333395618992796,2026-05-27 09:56:05,27,0,0,0,False,False,"https://guba.eastmoney.com/news,002055,1715159702.html",2026-07-06 17:10:01
eastmoney_guba,002055,1715163110,今天靠我们散户拉了。,,股友61YN767830,4887396372151136,2026-05-27 09:57:04,39,1,1,0,False,False,"https://guba.eastmoney.com/news,002055,1715163110.html",2026-07-06 17:10:01
eastmoney_guba,002055,1715164232,8.05进了不好不买就涨买了又又又,,基民3573fD3600,1003386099240680,2026-05-27 09:57:24,28,0,0,0,False,False,"https://guba.eastmoney.com/news,002055,1715164232.html",2026-07-06 17:10:01
eastmoney_guba,002055,1715166179,7.92全部身家进去了,,股友3L9i222937,5721027642096398,2026-05-27 09:57:57,33,0,0,0,False,False,"https://guba.eastmoney.com/news,002055,1715166179.html",2026-07-06 17:10:01
eastmoney_guba,002055,1715169125,看来昨天的和英伟达华为没有合作的公告把人吓跑了,,得润两位数,3290024582242248,2026-05-27 09:58:48,26,0,0,0,False,False,"https://guba.eastmoney.com/news,002055,1715169125.html",2026-07-06 17:10:01
eastmoney_guba,002055,1715169929,换手换手挺好的,,ST中东,8863355832852064,2026-05-27 09:59:03,28,0,0,0,False,False,"https://guba.eastmoney.com/news,002055,1715169929.html",2026-07-06 17:10:01
eastmoney_guba,002055,1715178442,十元见,,煮茶的利瑜,4354037236916094,2026-05-27 10:01:29,30,0,0,0,False,False,"https://guba.eastmoney.com/news,002055,1715178442.html",2026-07-06 17:10:01
eastmoney_guba,002055,1715180854,先买吧，套住了再走研究,,不鸽上人,3661176282228102,2026-05-27 10:02:11,22,0,0,0,False,False,"https://guba.eastmoney.com/news,002055,1715180854.html",2026-07-06 17:10:01
eastmoney_guba,002055,1715181281,出货形态，撤单了,,降温4000加,9221027108476824,2026-05-27 10:02:19,191,4,0,0,False,False,"https://guba.eastmoney.com/news,002055,1715181281.html",2026-07-06 17:09:56
eastmoney_guba,002055,1715183409,8.19进去的，站岗了,,吉祥满斗得周芷若,3470385785802442,2026-05-27 10:02:56,104,4,0,0,False,False,"https://guba.eastmoney.com/news,002055,1715183409.html",2026-07-06 17:09:58
eastmoney_guba,002055,1715195358,哈哈哈，感谢主力我Allin了就是一把满仓,,我在情绪之外,9194047483250996,2026-05-27 10:06:36,39,0,0,0,False,False,"https://guba.eastmoney.com/news,002055,1715195358.html",2026-07-06 17:10:01
eastmoney_guba,002055,1715195837,怎么还没跌停,,我叫李不白,5273124906110758,2026-05-27 10:06:45,32,0,0,0,False,False,"https://guba.eastmoney.com/news,002055,1715195837.html",2026-07-06 17:10:01
eastmoney_guba,002055,1715196298,跌停我在买点可好,,丁老三,7180326092624544,2026-05-27 10:06:53,88,0,0,0,True,False,"https://guba.eastmoney.com/news,002055,1715196298.html",2026-07-06 17:10:01
eastmoney_guba,002055,1715198621,把我洗调了,,血鳄鱼,3443306117639216,2026-05-27 10:07:38,38,0,0,0,False,False,"https://guba.eastmoney.com/news,002055,1715198621.html",2026-07-06 17:10:01
eastmoney_guba,002055,1715203893,主力出货艰绝,,股友1623U79A71,5333395618992796,2026-05-27 10:09:18,61,1,0,0,False,False,"https://guba.eastmoney.com/news,002055,1715203893.html",2026-07-06 17:09:58
eastmoney_guba,002055,1715209188,这几天柚子进来拿筹码就是为了今天来的，阿巴阿巴阿巴阿巴阿巴,,st_踏足山巅,8201097125149362,2026-05-27 10:11:03,37,0,0,0,False,False,"https://guba.eastmoney.com/news,002055,1715209188.html",2026-07-06 17:10:01
eastmoney_guba,002055,1715209388,有人怕吗？我说持票票、不接受反驳,,股友7805,1263094313131100,2026-05-27 10:11:07,43,0,0,0,False,False,"https://guba.eastmoney.com/news,002055,1715209388.html",2026-07-06 17:10:01
eastmoney_guba,002055,1715209625,抱头鼠窜，分歧加大,,迈九赫,5913355942612862,2026-05-27 10:11:13,40,0,0,0,False,False,"https://guba.eastmoney.com/news,002055,1715209625.html",2026-07-06 17:10:01
eastmoney_guba,002055,1715217032,全仓了，致富就靠你了,,股友9C213265L1,7977476633081770,2026-05-27 10:13:40,32,0,0,0,False,False,"https://guba.eastmoney.com/news,002055,1715217032.html",2026-07-06 17:10:01
eastmoney_guba,002055,1715217138,清仓跑路，先看调整到6快,,有专注力123456,3877094317451952,2026-05-27 10:13:41,32,0,0,0,False,False,"https://guba.eastmoney.com/news,002055,1715217138.html",2026-07-06 17:10:01
eastmoney_guba,002055,1715218071,这种股吃独食，以前的走势就是不想让散户进去，出其不意，现在这走势，估计是拉不起来,,股友2Z275p1355,7124137389119104,2026-05-27 10:13:58,95,0,0,0,False,False,"https://guba.eastmoney.com/news,002055,1715218071.html",2026-07-06 17:10:01
eastmoney_guba,002055,1715219176,在里面起码不亏什么，在外面都亏麻了,,股友3L9i222937,5721027642096398,2026-05-27 10:14:18,36,0,0,0,False,False,"https://guba.eastmoney.com/news,002055,1715219176.html",2026-07-06 17:10:01
eastmoney_guba,002055,1715224849,昨天就提醒了，连接器业务很小，没多大体量，就是情绪而已，打一枪就跑。还有人听老师,,荣耀再现,7403027545726188,2026-05-27 10:16:10,171,3,0,0,False,False,"https://guba.eastmoney.com/news,002055,1715224849.html",2026-07-06 17:09:58
eastmoney_guba,002055,1715231312,出货了，快走,,基民30M8k6,6247305787051588,2026-05-27 10:18:23,42,1,0,0,False,False,"https://guba.eastmoney.com/news,002055,1715231312.html",2026-07-06 17:09:58
eastmoney_guba,002055,1715235318,蹭现在去京蓝,,kemorebi,6962077677845920,2026-05-27 10:19:44,30,0,0,0,False,False,"https://guba.eastmoney.com/news,002055,1715235318.html",2026-07-06 17:10:01
eastmoney_guba,002055,1715236423,今又要封板的。明后两天又是无量涨停板了。002055,,后贝加尔斯克,7154013321195756,2026-05-27 10:20:08,49,1,0,0,False,False,"https://guba.eastmoney.com/news,002055,1715236423.html",2026-07-06 17:10:01
eastmoney_guba,002055,1715237417,别墨迹了，快点跌停，我来满上,,大内捕快,6748112735109374,2026-05-27 10:20:29,33,0,0,0,False,False,"https://guba.eastmoney.com/news,002055,1715237417.html",2026-07-06 17:10:01
eastmoney_guba,002055,1715238367,什么技术分析都比不过基本面和自己的判断相信程度。,,股友27R63G7127,8776006971069662,2026-05-27 10:20:50,62,1,0,0,False,False,"https://guba.eastmoney.com/news,002055,1715238367.html",2026-07-06 17:10:01
eastmoney_guba,002055,1715245148,日常开销的钱我也给你了，上海加油,,笑逐颜开的龚艳,2079345942814724,2026-05-27 10:23:15,200,0,0,0,True,False,"https://guba.eastmoney.com/news,002055,1715245148.html",2026-07-06 17:10:01
eastmoney_guba,002055,1715255766,上不去就下来啊,,我勒个烧缸,8844017608558072,2026-05-27 10:27:12,36,0,0,0,False,False,"https://guba.eastmoney.com/news,002055,1715255766.html",2026-07-06 17:10:01
eastmoney_guba,002055,1715260036,立即全部换到锡南科技301170,,扫描黑马,7117112360448854,2026-05-27 10:28:52,81,2,0,0,False,False,"https://guba.eastmoney.com/news,002055,1715260036.html",2026-07-06 17:09:58
eastmoney_guba,002055,1715264829,高科、春兴格局不动得润-新开仓！模拟盘娱乐仅供参考,,八方来财君子腾飞,2763117775404442,2026-05-27 10:30:52,1641,23,2,0,False,False,"https://guba.eastmoney.com/news,002055,1715264829.html",2026-07-06 17:09:44
eastmoney_guba,002055,1715268018,热度可以,,st大平头,3943305709821276,2026-05-27 10:32:16,30,0,0,0,False,False,"https://guba.eastmoney.com/news,002055,1715268018.html",2026-07-06 17:10:01
eastmoney_guba,002055,1715269954,昨天说要创历史新高的呢,,生意发财地江别鹤,1028365852337948,2026-05-27 10:33:03,30,0,0,0,False,False,"https://guba.eastmoney.com/news,002055,1715269954.html",2026-07-06 17:10:01
eastmoney_guba,002055,1715271081,被你们吹爆了，还吹不,,知足常乐对吧,9052386172588498,2026-05-27 10:33:33,35,0,0,0,False,False,"https://guba.eastmoney.com/news,002055,1715271081.html",2026-07-06 17:10:01
eastmoney_guba,002055,1715279959,汪汪队哥卖了叫的烦人哈哈挣了30多个点真气人啊,,沈阳芭菲菜,1764326049115564,2026-05-27 10:37:13,38,0,0,0,False,False,"https://guba.eastmoney.com/news,002055,1715279959.html",2026-07-06 17:09:58
eastmoney_guba,002055,1715293034,怪不得会跌原来那么多散户来接盘了,,请叫我接盘哥,5539256141330290,2026-05-27 10:42:37,36,0,0,0,False,False,"https://guba.eastmoney.com/news,002055,1715293034.html",2026-07-06 17:09:58
eastmoney_guba,002055,1715298281,大家冷静，这个票虽然很好。但是小心阴沟里翻船,,股友151E37u852,7479097319039830,2026-05-27 10:44:52,50,1,0,0,False,False,"https://guba.eastmoney.com/news,002055,1715298281.html",2026-07-06 17:09:58
eastmoney_guba,002055,1715302013,挂跌停买入，快点往下打啊。,,首都九菲特,6181074920667870,2026-05-27 10:46:26,30,0,0,0,False,False,"https://guba.eastmoney.com/news,002055,1715302013.html",2026-07-06 17:09:58
eastmoney_guba,002055,1715306659,这几次开板都刚好有事没盯盘，错失卖出做T机会。看目前的情况也不用想着涨停了，估计,,o痕迹o,4802306288363612,2026-05-27 10:48:26,62,0,0,0,False,False,"https://guba.eastmoney.com/news,002055,1715306659.html",2026-07-06 17:09:58
eastmoney_guba,002055,1715313622,我每次加油你就跌,,专业薅龙大羊毛,3804047346586666,2026-05-27 10:51:23,27,0,0,0,False,False,"https://guba.eastmoney.com/news,002055,1715313622.html",2026-07-06 17:09:58
eastmoney_guba,002055,1715314484,以后我憋着不说话，你涨吧,,专业薅龙大羊毛,3804047346586666,2026-05-27 10:51:46,30,0,0,0,False,False,"https://guba.eastmoney.com/news,002055,1715314484.html",2026-07-06 17:09:58
eastmoney_guba,002055,1715317515,还是东尼走势健康点,,得润两位数,3290024582242248,2026-05-27 10:53:10,34,0,0,0,False,False,"https://guba.eastmoney.com/news,002055,1715317515.html",2026-07-06 17:09:58
eastmoney_guba,002055,1715318256,预期没兑现，所有回调都是吓人的。,,万事多谋地老夫子,1028386319694022,2026-05-27 10:53:29,55,1,0,0,False,False,"https://guba.eastmoney.com/news,002055,1715318256.html",2026-07-06 17:09:58
eastmoney_guba,002055,1715324820,放量滞涨，明天危险。,,浅墨安然,5197094128238992,2026-05-27 10:56:34,37,0,0,0,False,False,"https://guba.eastmoney.com/news,002055,1715324820.html",2026-07-06 17:09:58
eastmoney_guba,002055,1715327508,大神们，还可以拿住吗？,,股友063P0x1857,1347496607063160,2026-05-27 10:57:54,149,3,0,0,False,False,"https://guba.eastmoney.com/news,002055,1715327508.html",2026-07-06 17:09:58
eastmoney_guba,002055,1715330234,今天的洗脚城跟会所由我润爹包圆了。,,我在情绪之外,9194047483250996,2026-05-27 10:59:11,32,0,0,0,False,False,"https://guba.eastmoney.com/news,002055,1715330234.html",2026-07-06 17:09:58
eastmoney_guba,002055,1715331061,还好吧，换手板今天红盘震荡最好,,衣伊式建8871,6219305504947050,2026-05-27 10:59:36,32,0,0,0,False,False,"https://guba.eastmoney.com/news,002055,1715331061.html",2026-07-06 17:09:58
eastmoney_guba,002055,1715341213,跌了这么久！赔了这么久！现在有好转了，坚决不卖,,烂股收割机,4309365835407682,2026-05-27 11:04:13,32,0,0,0,False,False,"https://guba.eastmoney.com/news,002055,1715341213.html",2026-07-06 17:09:58
eastmoney_guba,002055,1715344296,想请教个问题，同花顺里面，不能设置st股的条件单吗？,,莫逆势,4773094604408444,2026-05-27 11:05:39,39,0,0,0,False,False,"https://guba.eastmoney.com/news,002055,1715344296.html",2026-07-06 17:09:58
eastmoney_guba,002055,1715345154,真搞不明白，十大股东持股比例这么低，退市了，大股东也不心疼吧？剩下90%的筹码全,,傻傻的我28,9791615234562222,2026-05-27 11:06:01,241,4,0,0,False,False,"https://guba.eastmoney.com/news,002055,1715345154.html",2026-07-06 17:09:58
eastmoney_guba,002055,1715349855,全是散户，我先跑了哈哈,,有专注力123456,3877094317451952,2026-05-27 11:08:15,41,0,0,0,False,False,"https://guba.eastmoney.com/news,002055,1715349855.html",2026-07-06 17:09:58
eastmoney_guba,002055,1715353005,洗盘,,决勝仟里,3425013190317982,2026-05-27 11:09:42,35,0,0,0,False,False,"https://guba.eastmoney.com/news,002055,1715353005.html",2026-07-06 17:09:58
eastmoney_guba,002055,1715359518,游戏结束,,柔情似水的丁港,1630345502749490,2026-05-27 11:13:00,62,2,0,0,False,False,"https://guba.eastmoney.com/news,002055,1715359518.html",2026-07-06 17:09:58
eastmoney_guba,002055,1715368627,再来五个板，反向板板,,风何时来,5036456882642454,2026-05-27 11:17:20,42,1,0,0,False,False,"https://guba.eastmoney.com/news,002055,1715368627.html",2026-07-06 17:09:58
eastmoney_guba,002055,1715380840,今天套一批人，又得盘整半年。,,短线大局观,1970085089858000,2026-05-27 11:22:47,37,0,0,0,False,False,"https://guba.eastmoney.com/news,002055,1715380840.html",2026-07-06 17:09:58
eastmoney_guba,002055,1715384477,大盘麻烦了,,湘D峡谷野王,4390365943034164,2026-05-27 11:24:19,25,0,0,0,False,False,"https://guba.eastmoney.com/news,002055,1715384477.html",2026-07-06 17:09:58
eastmoney_guba,002055,1715389169,6块见咯,,有专注力123456,3877094317451952,2026-05-27 11:26:16,36,0,0,0,False,False,"https://guba.eastmoney.com/news,002055,1715389169.html",2026-07-06 17:09:58
eastmoney_guba,002055,1715392082,跌下来我梭哈,,我勒个烧缸,8844017608558072,2026-05-27 11:27:25,32,0,0,0,False,False,"https://guba.eastmoney.com/news,002055,1715392082.html",2026-07-06 17:09:58
eastmoney_guba,002055,1715398562,大盘拖累加散户恐慌抛盘造成的，明天继续涨停板！,,兰州雨轩,1930396480838492,2026-05-27 11:30:34,182,8,0,0,False,False,"https://guba.eastmoney.com/news,002055,1715398562.html",2026-07-06 17:09:58
eastmoney_guba,002055,1715401311,润，你要扛住，看你大客户联想，你才哪到哪？,,只做预期,7334625240229044,2026-05-27 11:32:19,266,1,0,0,True,False,"https://guba.eastmoney.com/news,002055,1715401311.html",2026-07-06 17:09:55
eastmoney_guba,002055,1715408423,卖光，等5块满仓,,有专注力123456,3877094317451952,2026-05-27 11:38:45,36,0,0,0,False,False,"https://guba.eastmoney.com/news,002055,1715408423.html",2026-07-06 17:09:58
eastmoney_guba,002055,1715409785,真狠18万手封单都要咂开,,管住手要有耐心,5110365961066382,2026-05-27 11:40:24,314,7,0,0,False,False,"https://guba.eastmoney.com/news,002055,1715409785.html",2026-07-06 17:09:58
eastmoney_guba,002055,1715411458,今天应该上不去了吧？在平价的时候卖掉了,,猫脸狸,3028366399733492,2026-05-27 11:42:16,38,0,0,0,False,False,"https://guba.eastmoney.com/news,002055,1715411458.html",2026-07-06 17:09:58
eastmoney_guba,002055,1715418037,跌了这么久了！该不该涨涨啊！,,烂股收割机,4309365835407682,2026-05-27 11:51:42,46,1,0,0,False,False,"https://guba.eastmoney.com/news,002055,1715418037.html",2026-07-06 17:09:58
eastmoney_guba,002055,1715420711,昨天还梦见年底涨了20倍,,湘D峡谷野王,4390365943034164,2026-05-27 11:56:28,49,1,0,0,False,False,"https://guba.eastmoney.com/news,002055,1715420711.html",2026-07-06 17:09:58
eastmoney_guba,002055,1715421185,这是怎么回事啊？怎么才涨几天就不行了？,,江湖再现尼古拉斯,8183013401511276,2026-05-27 11:57:21,41,0,0,0,False,False,"https://guba.eastmoney.com/news,002055,1715421185.html",2026-07-06 17:09:58
eastmoney_guba,002055,1715425290,哈哈，一切都结束了吧？,,财富自选股,8904113740107672,2026-05-27 12:05:49,91,2,0,0,False,False,"https://guba.eastmoney.com/news,002055,1715425290.html",2026-07-06 17:09:58
eastmoney_guba,002055,1715436167,上午全出了，等到破7元再接回来。,,傲寒的秦岚,5793047755670376,2026-05-27 12:31:14,48,2,0,0,False,False,"https://guba.eastmoney.com/news,002055,1715436167.html",2026-07-06 17:09:58
eastmoney_guba,002055,1715439204,今天卖掉一半，赚的钱准备抄底st海王,,江湖再现尼古拉斯,8183013401511276,2026-05-27 12:39:28,45,0,0,0,False,False,"https://guba.eastmoney.com/news,002055,1715439204.html",2026-07-06 17:09:58
eastmoney_guba,002055,1715440255,赶紧低吸!低吸!低吸!不然又要一字板了,,标准正向指标,6428094613812054,2026-05-27 12:42:11,33,1,0,0,False,False,"https://guba.eastmoney.com/news,002055,1715440255.html",2026-07-06 17:09:58
eastmoney_guba,002055,1715440495,明天指数一好就是一字板,,标准正向指标,6428094613812054,2026-05-27 12:42:47,65,3,0,0,False,False,"https://guba.eastmoney.com/news,002055,1715440495.html",2026-07-06 17:09:58
eastmoney_guba,002055,1715441442,5元多的时侯怎么没人说是好股,,浙Y8X1X35080,4965014114606910,2026-05-27 12:45:09,35,0,0,0,False,False,"https://guba.eastmoney.com/news,002055,1715441442.html",2026-07-06 17:09:58
eastmoney_guba,002055,1715444897,主力一口气跑了几个亿啊,,有专注力123456,3877094317451952,2026-05-27 12:54:35,41,1,0,0,False,False,"https://guba.eastmoney.com/news,002055,1715444897.html",2026-07-06 17:09:58
eastmoney_guba,002055,1715445567,放量大跌出货,,见好就收5859,3960047762213936,2026-05-27 12:56:25,62,3,0,0,False,False,"https://guba.eastmoney.com/news,002055,1715445567.html",2026-07-06 17:09:58
eastmoney_guba,002055,1715446651,得润大帝穿越牛熊,,我在情绪之外,9194047483250996,2026-05-27 12:59:05,35,0,0,0,False,False,"https://guba.eastmoney.com/news,002055,1715446651.html",2026-07-06 17:09:58
eastmoney_guba,002055,1715455955,这种吃独食的，就没有可持续性，不要碰了，看看别的大牛股，都是随时进出，,,股友2Z275p1355,7124137389119104,2026-05-27 13:02:16,92,3,0,0,False,False,"https://guba.eastmoney.com/news,002055,1715455955.html",2026-07-06 17:09:58
eastmoney_guba,002055,1715458531,天地板！！！！！！！！！！！！！！！！！！！！！！！！！！,,saekeds,2312376483878188,2026-05-27 13:03:57,39,0,0,0,False,False,"https://guba.eastmoney.com/news,002055,1715458531.html",2026-07-06 17:09:58
eastmoney_guba,002055,1715459572,高切低去京蓝吧，京蓝主力不吃独食,,kemorebi,6962077677845920,2026-05-27 13:04:38,49,1,0,0,False,False,"https://guba.eastmoney.com/news,002055,1715459572.html",2026-07-06 17:09:58
eastmoney_guba,002055,1715461515,小心停牌，突发立案结果出来退市.,,saekeds,2312376483878188,2026-05-27 13:05:58,99,2,0,0,False,False,"https://guba.eastmoney.com/news,002055,1715461515.html",2026-07-06 17:09:58
eastmoney_guba,002055,1715467895,买定离手,,莫逆势,4773094604408444,2026-05-27 13:09:51,28,0,0,0,False,False,"https://guba.eastmoney.com/news,002055,1715467895.html",2026-07-06 17:09:58
eastmoney_guba,002055,1715470904,20日压力位就是涨停，就看主力想怎么画线了,,我勒个烧缸,8844017608558072,2026-05-27 13:11:31,27,0,0,0,False,False,"https://guba.eastmoney.com/news,002055,1715470904.html",2026-07-06 17:09:58
eastmoney_guba,002055,1715480041,抢筹码收盘退是封板，价值严重低估，估值回归002055,,后贝加尔斯克,7154013321195756,2026-05-27 13:16:13,81,2,0,0,False,False,"https://guba.eastmoney.com/news,002055,1715480041.html",2026-07-06 17:09:58
eastmoney_guba,002055,1715483417,主力:外面太恐怖，还是回来吧,,未来丶1,3705326147628456,2026-05-27 13:17:56,28,0,0,0,False,False,"https://guba.eastmoney.com/news,002055,1715483417.html",2026-07-06 17:09:58
eastmoney_guba,002055,1715484976,冲锋号吹起来，嘟嘟嘟嘟嘟，进攻,,我在情绪之外,9194047483250996,2026-05-27 13:18:42,36,1,0,0,False,False,"https://guba.eastmoney.com/news,002055,1715484976.html",2026-07-06 17:09:58
eastmoney_guba,002055,1715487955,你是电，你是光，你是唯一的神话,,應無所住而生其心,9221054798860068,2026-05-27 13:20:09,395,28,0,0,False,False,"https://guba.eastmoney.com/news,002055,1715487955.html",2026-07-06 17:09:34
eastmoney_guba,002055,1715495128,怕高都是苦命人,,朝歌夕舞,3753077110019436,2026-05-27 13:24:06,24,0,0,0,False,False,"https://guba.eastmoney.com/news,002055,1715495128.html",2026-07-06 17:09:58
eastmoney_guba,002055,1715499498,再不抢筹就买不到咯,,我在情绪之外,9194047483250996,2026-05-27 13:26:40,89,5,0,0,False,False,"https://guba.eastmoney.com/news,002055,1715499498.html",2026-07-06 17:09:58
eastmoney_guba,002055,1715506170,货出完明天一字,,见好就收5859,3960047762213936,2026-05-27 13:30:43,33,0,0,0,False,False,"https://guba.eastmoney.com/news,002055,1715506170.html",2026-07-06 17:09:58
eastmoney_guba,002055,1715506802,赶紧抢筹码呀！明天和后天又是无量涨停板002055,,后贝加尔斯克,7154013321195756,2026-05-27 13:31:07,173,4,0,0,False,False,"https://guba.eastmoney.com/news,002055,1715506802.html",2026-07-06 17:09:56
eastmoney_guba,002055,1715507961,这货跟东尼的吗,,得润两位数,3290024582242248,2026-05-27 13:31:47,35,1,0,0,False,False,"https://guba.eastmoney.com/news,002055,1715507961.html",2026-07-06 17:09:58
eastmoney_guba,002055,1715511561,京蓝,,淡泊浓烈,2852375543043276,2026-05-27 13:33:48,36,1,0,0,False,False,"https://guba.eastmoney.com/news,002055,1715511561.html",2026-07-06 17:09:58
eastmoney_guba,002055,1715511549,牛逼克拉斯,,股友3MyGm3,9213336027299194,2026-05-27 13:33:48,29,0,0,0,False,False,"https://guba.eastmoney.com/news,002055,1715511549.html",2026-07-06 17:09:58
eastmoney_guba,002055,1715512545,和ST东尼走势一模一样,,我勒个烧缸,8844017608558072,2026-05-27 13:34:18,51,1,0,0,False,False,"https://guba.eastmoney.com/news,002055,1715512545.html",2026-07-06 17:09:58
eastmoney_guba,002055,1715520869,今天已经算很强了，不错，确实是好股票。,,怀化辉煌,6160094267018322,2026-05-27 13:38:35,91,1,0,0,False,False,"https://guba.eastmoney.com/news,002055,1715520869.html",2026-07-06 17:09:55
eastmoney_guba,002055,1715528368,只发图，不说话，自己想,,莫逆势,4773094604408444,2026-05-27 13:41:59,659,3,0,0,True,False,"https://guba.eastmoney.com/news,002055,1715528368.html",2026-07-06 17:09:55
eastmoney_guba,002055,1715529732,明天感觉不妙,,股友17ADJm,3223345837615830,2026-05-27 13:42:33,48,1,0,0,False,False,"https://guba.eastmoney.com/news,002055,1715529732.html",2026-07-06 17:09:58
eastmoney_guba,002055,1715531686,无量拉升，今天诱完多，明天就是一字地板都跑不出去了，今天放量大换手出货，如果不拉,,股友9f0776120F,3927137487108460,2026-05-27 13:43:19,48,0,0,0,False,False,"https://guba.eastmoney.com/news,002055,1715531686.html",2026-07-06 17:09:58
eastmoney_guba,002055,1715535299,看看隔壁东尼你这个挫,,得润两位数,3290024582242248,2026-05-27 13:44:49,36,0,0,0,False,False,"https://guba.eastmoney.com/news,002055,1715535299.html",2026-07-06 17:09:58
eastmoney_guba,002055,1715539011,盈利30多个点出了受不了你们这些空狗叫，这回唱空的走进去的没套死你哈哈,,沈阳芭菲菜,1764326049115564,2026-05-27 13:46:22,35,0,0,0,False,False,"https://guba.eastmoney.com/news,002055,1715539011.html",2026-07-06 17:09:58
eastmoney_guba,002055,1715541700,走了，太吓人了,,大内捕快,6748112735109374,2026-05-27 13:47:36,295,1,1,0,True,False,"https://guba.eastmoney.com/news,002055,1715541700.html",2026-07-06 17:09:58
eastmoney_guba,002055,1715550106,5千多手，一下吃完，牛！,,莫逆势,4773094604408444,2026-05-27 13:52:02,39,0,0,0,False,False,"https://guba.eastmoney.com/news,002055,1715550106.html",2026-07-06 17:09:58
eastmoney_guba,002055,1715566104,没办法，今天科技崩了，承接不错，明后天低点可以加,,不动明王身,5574366336967740,2026-05-27 14:00:17,34,0,0,0,False,False,"https://guba.eastmoney.com/news,002055,1715566104.html",2026-07-06 17:09:58
eastmoney_guba,002055,1715573143,散户不要加仓主力会拉涨的。,,股友61YN767830,4887396372151136,2026-05-27 14:03:57,32,0,0,0,False,False,"https://guba.eastmoney.com/news,002055,1715573143.html",2026-07-06 17:09:58
eastmoney_guba,002055,1715574950,今天接盘的人有多少？货出完，明天一字跌停,,傲寒的秦岚,5793047755670376,2026-05-27 14:04:50,30,0,0,0,False,False,"https://guba.eastmoney.com/news,002055,1715574950.html",2026-07-06 17:09:58
eastmoney_guba,002055,1715577559,今天上午听了我的话切去京蓝的有福了，一肉两吃,,kemorebi,6962077677845920,2026-05-27 14:06:02,166,6,0,0,False,False,"https://guba.eastmoney.com/news,002055,1715577559.html",2026-07-06 17:09:56
eastmoney_guba,002055,1715579940,宝馨地天了，你天地了,,喜欢低抛高吸,2464137541509222,2026-05-27 14:07:19,48,0,0,0,False,False,"https://guba.eastmoney.com/news,002055,1715579940.html",2026-07-06 17:09:58
eastmoney_guba,002055,1715584593,这股没st的话，现在又能值多少市值？,,股友pesMpc0627,2232385537831922,2026-05-27 14:09:51,94,2,0,0,False,False,"https://guba.eastmoney.com/news,002055,1715584593.html",2026-07-06 17:09:56
eastmoney_guba,002055,1715593644,我出来了，我又进去了，掉几个点盈利不可怕，T飞了就真闹心。,,股友6u0268O327,2559037085354874,2026-05-27 14:15:32,31,0,0,0,False,False,"https://guba.eastmoney.com/news,002055,1715593644.html",2026-07-06 17:09:58
eastmoney_guba,002055,1715603948,草（一种植物）等了三天给我亏了5个点，1万6无,,爱吃小龙虾的某人,9632406849024428,2026-05-27 14:22:03,106,4,0,0,False,False,"https://guba.eastmoney.com/news,002055,1715603948.html",2026-07-06 17:09:56
eastmoney_guba,002055,1715608296,今天卖掉一半，赚了很多钱。用赚的钱抄底st海王了。,,江湖再现尼古拉斯,8183013401511276,2026-05-27 14:24:46,46,0,0,0,False,False,"https://guba.eastmoney.com/news,002055,1715608296.html",2026-07-06 17:09:56
eastmoney_guba,002055,1715610323,砸个地板算了,,得润两位数,3290024582242248,2026-05-27 14:25:59,29,0,0,0,False,False,"https://guba.eastmoney.com/news,002055,1715610323.html",2026-07-06 17:09:56
eastmoney_guba,002055,1715610814,拿不住的尽早进厂吧,,中国冲浪爱好者,7022305749420150,2026-05-27 14:26:15,104,5,0,0,False,False,"https://guba.eastmoney.com/news,002055,1715610814.html",2026-07-06 17:08:27
eastmoney_guba,002055,1715612154,还能跑的赶紧跑吧，短期高点了。千万别心存侥幸，什么还能翻几倍的。,,资深股市消费者,4135037584452484,2026-05-27 14:27:06,33,0,0,0,False,False,"https://guba.eastmoney.com/news,002055,1715612154.html",2026-07-06 17:09:56
eastmoney_guba,002055,1715615480,有谁是今天高位接的,,长期致胜地香蕉,7781346331396298,2026-05-27 14:29:10,26,0,0,0,False,False,"https://guba.eastmoney.com/news,002055,1715615480.html",2026-07-06 17:09:56
eastmoney_guba,002055,1715616396,到买点了，今天这个换手，主力分歧很大，出货的意愿并不强，完全是昨晚的异常波动公告,,股友6u0268O327,2559037085354874,2026-05-27 14:29:45,103,1,0,0,False,False,"https://guba.eastmoney.com/news,002055,1715616396.html",2026-07-06 17:09:56
eastmoney_guba,002055,1715619839,老王,,勤奋的钟意17,6084017116124956,2026-05-27 14:31:46,27,0,0,0,False,False,"https://guba.eastmoney.com/news,002055,1715619839.html",2026-07-06 17:09:56
eastmoney_guba,002055,1715620218,地板全仓买入。。。。,,股友6u0268O327,2559037085354874,2026-05-27 14:32:00,56,1,0,0,False,False,"https://guba.eastmoney.com/news,002055,1715620218.html",2026-07-06 17:09:56
eastmoney_guba,002055,1715620903,兄弟们没钱买了,,丁老三,7180326092624544,2026-05-27 14:32:24,170,0,0,0,True,False,"https://guba.eastmoney.com/news,002055,1715620903.html",2026-07-06 17:09:56
eastmoney_guba,002055,1715620970,拿不住的进厂吧,,中国冲浪爱好者,7022305749420150,2026-05-27 14:32:26,29,0,0,0,False,False,"https://guba.eastmoney.com/news,002055,1715620970.html",2026-07-06 17:09:56
eastmoney_guba,002055,1715621577,没了,,勤奋的韭菜888,2901436814614716,2026-05-27 14:32:47,32,0,0,0,False,False,"https://guba.eastmoney.com/news,002055,1715621577.html",2026-07-06 17:09:56
eastmoney_guba,002055,1715622793,大盘一直在出货，大家就休息休息，等大盘不出货了在进，保住筹码才是王道,,始皇建元,7049326229432442,2026-05-27 14:33:32,54,1,0,0,False,False,"https://guba.eastmoney.com/news,002055,1715622793.html",2026-07-06 17:09:56
eastmoney_guba,002055,1715624110,等摘帽,,轻盈跳跃的八哥,5366315762063082,2026-05-27 14:34:21,193,0,0,0,True,False,"https://guba.eastmoney.com/news,002055,1715624110.html",2026-07-06 17:09:56
eastmoney_guba,002055,1715624363,还唱多吗？,,博学多才的小鱼,1190094345248964,2026-05-27 14:34:30,32,0,0,0,False,False,"https://guba.eastmoney.com/news,002055,1715624363.html",2026-07-06 17:09:56
eastmoney_guba,002055,1715624405,今天不知道哪个麻瓜柚子走了,,我勒个烧缸,8844017608558072,2026-05-27 14:34:31,34,0,0,0,False,False,"https://guba.eastmoney.com/news,002055,1715624405.html",2026-07-06 17:09:56
eastmoney_guba,002055,1715624990,放我走吧，这振幅受不了了,,宏图亨通得芈月,8453376038736312,2026-05-27 14:34:50,39,0,0,0,False,False,"https://guba.eastmoney.com/news,002055,1715624990.html",2026-07-06 17:09:56
eastmoney_guba,002055,1715625503,充分换手,,微澜ST路,7762177288879810,2026-05-27 14:35:11,39,0,0,0,False,False,"https://guba.eastmoney.com/news,002055,1715625503.html",2026-07-06 17:09:56
eastmoney_guba,002055,1715626628,还好清仓了哈哈哈,,有专注力123456,3877094317451952,2026-05-27 14:35:52,27,0,0,0,False,False,"https://guba.eastmoney.com/news,002055,1715626628.html",2026-07-06 17:09:56
eastmoney_guba,002055,1715626667,买啊洗盘洗盘,,股友98651B8N69,9146376067205318,2026-05-27 14:35:54,71,2,0,0,False,False,"https://guba.eastmoney.com/news,002055,1715626667.html",2026-07-06 17:09:56
eastmoney_guba,002055,1715627352,天板卖出，地板买入，美滋滋。谁说ST股一天没有10％涨幅，拭目以待。,,股友6u0268O327,2559037085354874,2026-05-27 14:36:20,87,2,0,0,False,False,"https://guba.eastmoney.com/news,002055,1715627352.html",2026-07-06 17:09:56
eastmoney_guba,002055,1715628375,速速跌停。明天再来几个跌停我好买回来,,有专注力123456,3877094317451952,2026-05-27 14:36:55,33,0,0,0,False,False,"https://guba.eastmoney.com/news,002055,1715628375.html",2026-07-06 17:09:56
eastmoney_guba,002055,1715633130,有没有跌停板吃货的。,,浅墨安然,5197094128238992,2026-05-27 14:39:47,60,2,0,0,False,False,"https://guba.eastmoney.com/news,002055,1715633130.html",2026-07-06 17:09:56
eastmoney_guba,002055,1715633588,换了蓝思科技哈哈哈哈哈,,有专注力123456,3877094317451952,2026-05-27 14:40:03,58,0,0,0,False,False,"https://guba.eastmoney.com/news,002055,1715633588.html",2026-07-06 17:09:56
eastmoney_guba,002055,1715635687,估计没戏了,,股友1uvb56,1967376012603370,2026-05-27 14:41:21,95,3,0,0,False,False,"https://guba.eastmoney.com/news,002055,1715635687.html",2026-07-06 17:09:56
eastmoney_guba,002055,1715643574,没希望了快来st洲际,,有专注力123456,3877094317451952,2026-05-27 14:45:48,43,0,0,0,False,False,"https://guba.eastmoney.com/news,002055,1715643574.html",2026-07-06 17:09:56
eastmoney_guba,002055,1715645049,水鱼们，卖,,ffffffgghhhh,6378325836212464,2026-05-27 14:46:31,34,0,0,0,False,False,"https://guba.eastmoney.com/news,002055,1715645049.html",2026-07-06 17:09:56
eastmoney_guba,002055,1715649389,看看隔壁东尼还在涨啊,,得润两位数,3290024582242248,2026-05-27 14:48:40,40,0,0,0,False,False,"https://guba.eastmoney.com/news,002055,1715649389.html",2026-07-06 17:09:56
eastmoney_guba,002055,1715649533,参考新华锦前阵子那次天地板,,本尊城,8971375779776630,2026-05-27 14:48:44,516,3,0,0,False,False,"https://guba.eastmoney.com/news,002055,1715649533.html",2026-07-06 17:09:55
eastmoney_guba,002055,1715652438,天地有正气,,超级旺旺号,5935336100455462,2026-05-27 14:50:12,36,0,0,0,False,False,"https://guba.eastmoney.com/news,002055,1715652438.html",2026-07-06 17:09:56
eastmoney_guba,002055,1715652619,因为我来了！所以跌停了！对不起股友们,,股友NZtwMa,9202355840248188,2026-05-27 14:50:18,35,0,0,0,False,False,"https://guba.eastmoney.com/news,002055,1715652619.html",2026-07-06 17:09:56
eastmoney_guba,002055,1715652878,兄弟们，你们早晨有没有冲动追的？,,喜欢晴天,9681094271759864,2026-05-27 14:50:26,214,6,0,0,False,False,"https://guba.eastmoney.com/news,002055,1715652878.html",2026-07-06 17:09:56
eastmoney_guba,002055,1715653072,行情结束。别吹了。,,o痕迹o,4802306288363612,2026-05-27 14:50:33,44,0,0,0,False,False,"https://guba.eastmoney.com/news,002055,1715653072.html",2026-07-06 17:09:56
eastmoney_guba,002055,1715653110,不是说二十个板吗，现在谁敢要,,gpl0398,2522335657621580,2026-05-27 14:50:34,46,0,0,0,False,False,"https://guba.eastmoney.com/news,002055,1715653110.html",2026-07-06 17:09:56
eastmoney_guba,002055,1715655510,昨天吹破70的呢,,生意发财地江别鹤,1028365852337948,2026-05-27 14:51:42,73,2,0,0,False,False,"https://guba.eastmoney.com/news,002055,1715655510.html",2026-07-06 17:09:56
eastmoney_guba,002055,1715657222,今天有榜吗,,我勒个烧缸,8844017608558072,2026-05-27 14:52:31,38,0,0,0,False,False,"https://guba.eastmoney.com/news,002055,1715657222.html",2026-07-06 17:09:56
eastmoney_guba,002055,1715658919,收盘看蛇猫榜,,朝歌夕舞,3753077110019436,2026-05-27 14:53:25,41,0,0,0,False,False,"https://guba.eastmoney.com/news,002055,1715658919.html",2026-07-06 17:09:56
eastmoney_guba,002055,1715660751,说要买的现在可以买了,,股友23z0221v69,4969097646819048,2026-05-27 14:54:20,133,3,0,0,False,False,"https://guba.eastmoney.com/news,002055,1715660751.html",2026-07-06 17:09:56
eastmoney_guba,002055,1715667057,故事吹完了韭菜全进去站岗了,,宏图大将军,9194025357956770,2026-05-27 14:57:34,43,0,0,0,False,False,"https://guba.eastmoney.com/news,002055,1715667057.html",2026-07-06 17:09:56
eastmoney_guba,002055,1715672357,感谢,,K线大师,3155034833576922,2026-05-27 15:00:58,226,0,0,0,True,False,"https://guba.eastmoney.com/news,002055,1715672357.html",2026-07-06 17:09:56
eastmoney_guba,002055,1715672695,4个点入的结果跌停了直接-9个点让我玩成非st股了,,股友2372T3l790,5823077701892008,2026-05-27 15:01:12,63,1,0,0,False,False,"https://guba.eastmoney.com/news,002055,1715672695.html",2026-07-06 17:09:56
eastmoney_guba,002055,1715674812,早点挂单。明天继续跌停，说了你们不相信天地板，哈哈,,不吃鱼的熊,2893077236409780,2026-05-27 15:02:44,161,3,0,0,False,False,"https://guba.eastmoney.com/news,002055,1715674812.html",2026-07-06 17:09:56
eastmoney_guba,002055,1715677365,我就不明白为啥这么多韭菜往里跳,,股友98651B8N69,9146376067205318,2026-05-27 15:04:41,47,0,0,0,False,False,"https://guba.eastmoney.com/news,002055,1715677365.html",2026-07-06 17:09:56
eastmoney_guba,002055,1715677411,早上涨停价卖出，又三个点红的时候接进来，在此，立帖自嘲,,股友76Hd2Q,4203315939475000,2026-05-27 15:04:43,81,1,0,0,False,False,"https://guba.eastmoney.com/news,002055,1715677411.html",2026-07-06 17:09:56
eastmoney_guba,002055,1715678033,今天本来赚2000多，收盘只赚20多块，这g装真太恶毒了,,股友2CL1625298,6613037356124308,2026-05-27 15:05:10,135,3,0,0,False,False,"https://guba.eastmoney.com/news,002055,1715678033.html",2026-07-06 17:09:56
eastmoney_guba,002055,1715678513,跌停价是多少,,股友5982125GF9,2845067609463870,2026-05-27 15:05:31,40,0,0,0,False,False,"https://guba.eastmoney.com/news,002055,1715678513.html",2026-07-06 17:09:56
eastmoney_guba,002055,1715680504,别人都是地天，这货直接天地！今天在其它票赚的还不够被它割,,股友2CL1625298,6613037356124308,2026-05-27 15:07:08,46,0,0,0,False,False,"https://guba.eastmoney.com/news,002055,1715680504.html",2026-07-06 17:09:56
eastmoney_guba,002055,1715683458,我格局小了，我先走了，恭喜猪丽,,柳叶刀007,1581124748175684,2026-05-27 15:10:04,498,2,0,0,True,False,"https://guba.eastmoney.com/news,002055,1715683458.html",2026-07-06 17:09:56
eastmoney_guba,002055,1715688038,终于割掉了这个多年的毒瘤，虽然损失惨重，但也轻松一大截了,,弗雷格,3195346230774076,2026-05-27 15:14:15,81,2,0,0,False,False,"https://guba.eastmoney.com/news,002055,1715688038.html",2026-07-06 17:09:53
eastmoney_guba,002055,1715690428,今天跌停已加仓，明天挂跌停再加，如果第三天还不涨，割肉！,,惊爆点男主,8399375724329702,2026-05-27 15:16:39,215,4,0,0,False,False,"https://guba.eastmoney.com/news,002055,1715690428.html",2026-07-06 17:09:55
eastmoney_guba,002055,1715690425,没跌停！差一分。,,水无形我有型,2579275966382146,2026-05-27 15:16:39,43,0,0,0,False,False,"https://guba.eastmoney.com/news,002055,1715690425.html",2026-07-06 17:09:56
eastmoney_guba,002055,1715691311,这几天热度太高了，未来几天有点难了,,股友pesMpc0627,2232385537831922,2026-05-27 15:18:01,46,0,0,0,False,False,"https://guba.eastmoney.com/news,002055,1715691311.html",2026-07-06 17:09:56
eastmoney_guba,002055,1715691710,明天不是涨停就是跌停,,节奏小师,7054355787459584,2026-05-27 15:18:40,81,2,0,0,False,False,"https://guba.eastmoney.com/news,002055,1715691710.html",2026-07-06 17:09:56
eastmoney_guba,002055,1715695115,兄弟们感觉公司暂时卖给我们了我们先管理一下,,预瞄高手,3451077611993496,2026-05-27 15:24:30,48,0,0,0,False,False,"https://guba.eastmoney.com/news,002055,1715695115.html",2026-07-06 17:09:56
eastmoney_guba,002055,1715699848,还是京蓝牛逼一下就拉起来,,成功才是唯一,2734426795832086,2026-05-27 15:32:40,51,0,0,0,False,False,"https://guba.eastmoney.com/news,002055,1715699848.html",2026-07-06 17:09:56
eastmoney_guba,002055,1715703586,明天开始进入扣钱模式,,金欣向荣,2505196365081974,2026-05-27 15:38:46,36,0,0,0,False,False,"https://guba.eastmoney.com/news,002055,1715703586.html",2026-07-06 17:09:56
eastmoney_guba,002055,1715704977,格局还是不够啊,,买房不如炒股,7381375539383036,2026-05-27 15:41:21,256,0,0,0,True,False,"https://guba.eastmoney.com/news,002055,1715704977.html",2026-07-06 17:09:56
eastmoney_guba,002055,1715707735,浮盈加仓，一把亏光~~,,平平仄仄9527,3530007492537026,2026-05-27 15:46:18,65,1,0,0,False,False,"https://guba.eastmoney.com/news,002055,1715707735.html",2026-07-06 17:09:56
eastmoney_guba,002055,1715707855,#收盘点评#,,俏丽的章三仟,1368057084946004,2026-05-27 15:46:28,173,0,0,0,True,False,"https://guba.eastmoney.com/news,002055,1715707855.html",2026-07-06 17:09:56
eastmoney_guba,002055,1715708833,集合竞价时2只涨停，我犹豫了一下，还是割了中京，主要是得润没量，涨幅也不算大，本,,诚实的易晗12,7896007249329266,2026-05-27 15:47:48,332,0,0,0,True,False,"https://guba.eastmoney.com/news,002055,1715708833.html",2026-07-06 17:09:56
eastmoney_guba,002055,1715709594,今天没给它摁死，20以上的换手，应该可以出蛇鼠榜吧，看看谁进了谁跑了,,不动明王身,5574366336967740,2026-05-27 15:49:22,213,5,0,0,False,False,"https://guba.eastmoney.com/news,002055,1715709594.html",2026-07-06 17:09:56
eastmoney_guba,002055,1715709878,明天低开高走或一字板开盘，不要问为什么，视目以待,,n14194343962a886,6247094194343966,2026-05-27 15:49:54,98,2,0,0,False,False,"https://guba.eastmoney.com/news,002055,1715709878.html",2026-07-06 17:09:56
eastmoney_guba,002055,1715710154,隔夜排板的有吗？,,股友AhZ9hL8092,2295545201705404,2026-05-27 15:50:28,54,1,0,0,False,False,"https://guba.eastmoney.com/news,002055,1715710154.html",2026-07-06 17:09:56
eastmoney_guba,002055,1715710946,惨,,宝宝摸鱼鱼,8410025421615434,2026-05-27 15:52:07,38,0,0,0,False,False,"https://guba.eastmoney.com/news,002055,1715710946.html",2026-07-06 17:09:56
eastmoney_guba,002055,1715712184,明天开盘百万核按钮不给机会卖出去了，今天天地大面，主力跑了，留下的全部被套牢，看,,超级股神aa巴菲特,5992044782157786,2026-05-27 15:54:46,213,4,0,0,False,False,"https://guba.eastmoney.com/news,002055,1715712184.html",2026-07-06 17:09:56
eastmoney_guba,002055,1715713901,明天再来一个地板兄弟们顶得住吗？,,得润两位数,3290024582242248,2026-05-27 15:59:06,59,1,0,0,False,False,"https://guba.eastmoney.com/news,002055,1715713901.html",2026-07-06 17:09:56
eastmoney_guba,002055,1715714448,今晚榜估计没有拉萨席位,,股友959083gH69,3527097495215902,2026-05-27 16:00:14,42,0,0,0,False,False,"https://guba.eastmoney.com/news,002055,1715714448.html",2026-07-06 17:09:56
eastmoney_guba,002055,1715714859,晒单并不是为了炫耀。而是明确告诉诸位，明天无论高低必接回！！,,垂钓梵河,1790094480175166,2026-05-27 16:00:52,1663,20,2,0,True,False,"https://guba.eastmoney.com/news,002055,1715714859.html",2026-07-06 17:09:44
eastmoney_guba,002055,1715720961,明天一字，进不去，不珍惜,,气冲冲的杨红1,6013005162339600,2026-05-27 16:14:29,89,2,0,0,False,False,"https://guba.eastmoney.com/news,002055,1715720961.html",2026-07-06 17:09:56
eastmoney_guba,002055,1715724131,摘帽前我是不会卖的，哪怕跌倒4块钱,,笑逐颜开的龚艳,2079345942814724,2026-05-27 16:22:52,83,2,0,0,False,False,"https://guba.eastmoney.com/news,002055,1715724131.html",2026-07-06 17:09:56
eastmoney_guba,002055,1715724573,今天没有卖，-2还加了一部分仓位。如果想要做这股的困境反转，st股硬抗2个跌停是,,股市大神棍,8257386401439770,2026-05-27 16:23:43,533,14,0,0,False,False,"https://guba.eastmoney.com/news,002055,1715724573.html",2026-07-06 17:09:56
eastmoney_guba,002055,1715730685,为何要怕，不怕就是不怕，前面高点的8块8我都还在加仓，有什么好怕的，麻瓜空狗,,我在情绪之外,9194047483250996,2026-05-27 16:39:19,58,0,0,0,False,False,"https://guba.eastmoney.com/news,002055,1715730685.html",2026-07-06 17:09:56
eastmoney_guba,002055,1715732793,有没有和我一样8.25站岗的,,金欣向荣,2505196365081974,2026-05-27 16:44:38,254,7,0,0,False,False,"https://guba.eastmoney.com/news,002055,1715732793.html",2026-07-06 17:09:55
eastmoney_guba,002055,1715734557,今天有猫狗榜吗,,股友u592131r83,1655316302883186,2026-05-27 16:49:11,54,1,0,0,False,False,"https://guba.eastmoney.com/news,002055,1715734557.html",2026-07-06 17:09:56
eastmoney_guba,002055,1715736260,完了完了，今天追高套在山顶了，明天会不会跌停？,,倾国倾城的林泰成,6425096965560226,2026-05-27 16:54:03,78,2,0,0,False,False,"https://guba.eastmoney.com/news,002055,1715736260.html",2026-07-06 17:09:56
eastmoney_guba,002055,1715736856,明天要么高开修复，要么低开翻红。今天水下买的亏的概率不大涨停买的，那就多等几天吧,,中原豹子白川,3630025326696660,2026-05-27 16:55:52,71,0,0,0,False,False,"https://guba.eastmoney.com/news,002055,1715736856.html",2026-07-06 17:09:56
eastmoney_guba,002055,1715737495,哦豁allin,,股友I28375x355,9530197794210926,2026-05-27 16:57:38,51,0,0,0,False,False,"https://guba.eastmoney.com/news,002055,1715737495.html",2026-07-06 17:09:56
eastmoney_guba,002055,1715738572,今天到底是换庄进一步收集筹码了，还是筹码派发进来更多散户呢？,,o痕迹o,4802306288363612,2026-05-27 17:00:45,334,5,0,0,False,False,"https://guba.eastmoney.com/news,002055,1715738572.html",2026-07-06 17:09:55
eastmoney_guba,002055,1715739344,空狗们你们胜利了，老子把筹码给你了哈哈,,沈阳芭菲菜,1764326049115564,2026-05-27 17:02:28,40,0,0,0,False,False,"https://guba.eastmoney.com/news,002055,1715739344.html",2026-07-06 17:09:56
eastmoney_guba,002055,1715743840,今天这一根k线明天反包难度有点大啊,,丁老三,7180326092624544,2026-05-27 17:14:57,352,15,0,0,False,False,"https://guba.eastmoney.com/news,002055,1715743840.html",2026-07-06 17:09:55
eastmoney_guba,002055,1715745473,这么大的量没有榜？,,青禾188,4748094096689978,2026-05-27 17:19:25,45,0,0,0,False,False,"https://guba.eastmoney.com/news,002055,1715745473.html",2026-07-06 17:09:56
eastmoney_guba,002055,1715748623,明天加仓干,,舍得润,4484346120850282,2026-05-27 17:28:13,43,0,0,0,False,False,"https://guba.eastmoney.com/news,002055,1715748623.html",2026-07-06 17:09:55
eastmoney_guba,002055,1715750786,结束了，半年报再来吧,,股友pesMpc0627,2232385537831922,2026-05-27 17:34:14,48,0,0,0,False,False,"https://guba.eastmoney.com/news,002055,1715750786.html",2026-07-06 17:09:55
eastmoney_guba,002055,1715750987,坚决持股不动摇想动也动不了目标十五元死磕到底绝不投降记住今天的耻辱,,猛虎吃牛,8176094025781428,2026-05-27 17:34:50,545,5,0,0,True,False,"https://guba.eastmoney.com/news,002055,1715750987.html",2026-07-06 17:09:55
eastmoney_guba,002055,1715751811,主力觉得是不是得润没妖气、今天来个天地板就彻底妖了？我的逻辑很简单、英特尔认证的,,合纵资本,7304094472044104,2026-05-27 17:37:18,423,8,0,0,False,False,"https://guba.eastmoney.com/news,002055,1715751811.html",2026-07-06 17:09:55
eastmoney_guba,002055,1715752985,明天熊起！！！,,糖小兵,8344466853669136,2026-05-27 17:40:49,58,1,0,0,False,False,"https://guba.eastmoney.com/news,002055,1715752985.html",2026-07-06 17:09:55
eastmoney_guba,002055,1715753688,明天地板开，拉地天，龙气马上起来,,降温4000加,9221027108476824,2026-05-27 17:43:15,52,0,0,0,False,False,"https://guba.eastmoney.com/news,002055,1715753688.html",2026-07-06 17:09:55
eastmoney_guba,002055,1715754024,得润，回调就是机会。回调就是机会。回调就是机会。这票已经很多人分析过了，不必解释,,舍得润,4484346120850282,2026-05-27 17:44:17,264,1,0,0,True,False,"https://guba.eastmoney.com/news,002055,1715754024.html",2026-07-06 17:09:55
eastmoney_guba,002055,1715754868,今天走了，没有接回来，出货形态太丑陋了，唯一的活法是明天地板开垃圾天。我12万的,,降温4000加,9221027108476824,2026-05-27 17:46:48,1172,17,0,0,True,False,"https://guba.eastmoney.com/news,002055,1715754868.html",2026-07-06 17:09:46
eastmoney_guba,002055,1715755211,拿不住的进厂吧,,中国冲浪爱好者,7022305749420150,2026-05-27 17:48:05,47,0,0,0,False,False,"https://guba.eastmoney.com/news,002055,1715755211.html",2026-07-06 17:09:55
eastmoney_guba,002055,1715756344,对于还有5万股东的50亿市值以下的st票来说，在这个位置上下宽幅震荡，是有好处的,,zfaquir,9342395744129562,2026-05-27 17:51:22,133,0,0,0,False,False,"https://guba.eastmoney.com/news,002055,1715756344.html",2026-07-06 17:09:55
eastmoney_guba,002055,1715760289,今天拿不住的可以进厂了,,中国冲浪爱好者,7022305749420150,2026-05-27 18:04:14,72,2,0,0,False,False,"https://guba.eastmoney.com/news,002055,1715760289.html",2026-07-06 17:09:55
eastmoney_guba,002055,1715760724,坚决不卖,,股友r06997G166,6768007546239210,2026-05-27 18:05:57,48,0,0,0,False,False,"https://guba.eastmoney.com/news,002055,1715760724.html",2026-07-06 17:09:55
eastmoney_guba,002055,1715767953,看到一帮韭菜在这看多的，还认为捡到便宜筹码了，还大言不惭的，股价没到多少，一股不,,知进退才能明得失,1008326445912624,2026-05-27 18:30:50,545,6,1,0,False,False,"https://guba.eastmoney.com/news,002055,1715767953.html",2026-07-06 17:09:46
eastmoney_guba,002055,1715768479,昨晚还在担心买不了个个都说要连夜排队，今天还好吗,,股友AhZ9hL8092,2295545201705404,2026-05-27 18:32:52,48,0,0,0,False,False,"https://guba.eastmoney.com/news,002055,1715768479.html",2026-07-06 17:09:55
eastmoney_guba,002055,1715769132,买定离手，盈亏自负，所以投机的就别再，招人烦,,股友9C213265L1,7977476633081770,2026-05-27 18:35:16,43,0,0,0,False,False,"https://guba.eastmoney.com/news,002055,1715769132.html",2026-07-06 17:09:55
eastmoney_guba,002055,1715771233,我是今天溜了，不知道你们,,每天小赚两个点,4902316209132382,2026-05-27 18:43:03,43,0,0,0,False,False,"https://guba.eastmoney.com/news,002055,1715771233.html",2026-07-06 17:09:55
eastmoney_guba,002055,1715774640,继续传闻吧,,青禾188,4748094096689978,2026-05-27 18:55:51,713,0,0,0,True,False,"https://guba.eastmoney.com/news,002055,1715774640.html",2026-07-06 17:09:55
eastmoney_guba,002055,1715776200,没有大V吹，韭菜们也开始慌了，就这样很好,,镰影重重,7240047024367618,2026-05-27 19:01:56,43,0,0,0,False,False,"https://guba.eastmoney.com/news,002055,1715776200.html",2026-07-06 17:09:55
eastmoney_guba,002055,1715777028,散户没事没必要学主力顶一字，能让你进来80%当天都会坑你，20%明天,,幸运星1888,3138355974711418,2026-05-27 19:04:55,59,0,0,0,False,False,"https://guba.eastmoney.com/news,002055,1715777028.html",2026-07-06 17:09:55
eastmoney_guba,002055,1715779503,今天这走势确实非常难看，虽然说到了压力位可以洗，但是第一波的涨幅还不到7个板就巨,,惊爆点男主,8399375724329702,2026-05-27 19:13:29,1104,22,1,0,False,False,"https://guba.eastmoney.com/news,002055,1715779503.html",2026-07-06 17:09:46
eastmoney_guba,002055,1715788266,底部筹码没动，大家不要慌,,气冲冲的杨红1,6013005162339600,2026-05-27 19:43:36,68,0,0,0,False,False,"https://guba.eastmoney.com/news,002055,1715788266.html",2026-07-06 17:09:55
eastmoney_guba,002055,1715790322,原来炒作的是ai服务连接器，那应该不会一下死掉。,,丁老三,7180326092624544,2026-05-27 19:50:37,198,0,0,0,True,False,"https://guba.eastmoney.com/news,002055,1715790322.html",2026-07-06 17:09:55
eastmoney_guba,002055,1715791703,昨天唱空的几个家伙今天必定追进来了，比如那个合肥韭菜王，那么卖力的唱空，结果进来,,红尘朝暮,4159094501661462,2026-05-27 19:55:11,108,3,0,0,False,False,"https://guba.eastmoney.com/news,002055,1715791703.html",2026-07-06 17:09:55
eastmoney_guba,002055,1715792833,下图中的6.00左右的筹码峰居然没有任何变化。（此部分近两周的时间没有变化）那么,,垂钓梵河,1790094480175166,2026-05-27 19:59:03,1394,7,2,0,True,False,"https://guba.eastmoney.com/news,002055,1715792833.html",2026-07-06 17:09:46
eastmoney_guba,002055,1715792947,怕什么5月21号那天主力也是借大盘恐慌洗盘，同样的东西再来一遍而已，弱退场打螺丝,,我在情绪之外,9194047483250996,2026-05-27 19:59:24,216,3,0,0,False,False,"https://guba.eastmoney.com/news,002055,1715792947.html",2026-07-06 17:09:55
eastmoney_guba,002055,1715795577,明天只要不是跌停开就没事，低开两个点十分钟之内能红就拿着吧。涨停就加仓,,丁老三,7180326092624544,2026-05-27 20:08:28,276,5,0,0,False,False,"https://guba.eastmoney.com/news,002055,1715795577.html",2026-07-06 17:09:55
eastmoney_guba,002055,1715795910,单日换手超21%竟然没出龙虎榜？啥情况，这都排不进前五？,,惊爆点男主,8399375724329702,2026-05-27 20:09:33,96,1,0,0,False,False,"https://guba.eastmoney.com/news,002055,1715795910.html",2026-07-06 17:09:55
eastmoney_guba,002055,1715802594,我也说两句,,吹进黄沙始见金,8733386183681240,2026-05-27 20:31:30,387,6,0,0,False,False,"https://guba.eastmoney.com/news,002055,1715802594.html",2026-07-06 17:09:51
eastmoney_guba,002055,1715803121,全球仅三，四家，产品够稀缺了吧,,输钱拼命赢钱惊惊,7577376045012470,2026-05-27 20:33:17,1370,3,2,0,True,False,"https://guba.eastmoney.com/news,002055,1715803121.html",2026-07-06 17:08:42
eastmoney_guba,002055,1715808234,其实我挺好奇，同样做连接器的，为什么市值能差那么多,,股友pesMpc0627,2232385537831922,2026-05-27 20:49:03,69,0,0,0,False,False,"https://guba.eastmoney.com/news,002055,1715808234.html",2026-07-06 17:09:55
eastmoney_guba,002055,1715809538,今晚的股价异常波动公告，说跟英伟达没合作。大家怎么看,,Gallium186,4764346029237862,2026-05-27 20:53:16,233,3,0,0,False,False,"https://guba.eastmoney.com/news,002055,1715809538.html",2026-07-06 17:09:55
eastmoney_guba,002055,1715809941,昨天买不到，今天能买到了，大伙有没有买呢？,,江湖再现尼古拉斯,8183013401511276,2026-05-27 20:54:25,50,0,0,0,False,False,"https://guba.eastmoney.com/news,002055,1715809941.html",2026-07-06 17:09:55
eastmoney_guba,002055,1715810102,烦死了，浮盈加仓，一把亏光了,,股友339195I59D,5140007454199448,2026-05-27 20:55:02,96,3,0,0,False,False,"https://guba.eastmoney.com/news,002055,1715810102.html",2026-07-06 17:09:51
eastmoney_guba,002055,1715815948,合肥韭菜王，人呢，是不是顶进来了这下老实了吧，放心，哥明天来救你,,中原豹子白川,3630025326696660,2026-05-27 21:14:34,158,4,0,0,False,False,"https://guba.eastmoney.com/news,002055,1715815948.html",2026-07-06 17:09:55
eastmoney_guba,002055,1715816002,莫气馁！,,笑对风雨100,9888085022704512,2026-05-27 21:14:44,67,0,0,0,False,False,"https://guba.eastmoney.com/news,002055,1715816002.html",2026-07-06 17:09:46
eastmoney_guba,002055,1715818039,$ST得润(SZ002055)$,,生钱宝,8519395724600952,2026-05-27 21:21:32,782,2,0,0,True,False,"https://guba.eastmoney.com/news,002055,1715818039.html",2026-07-06 17:09:55
eastmoney_guba,002055,1715818845,$ST得润(SZ002055)$,,端庄秀丽的宋蕴泓,6104137691069128,2026-05-27 21:24:05,257,0,0,0,True,False,"https://guba.eastmoney.com/news,002055,1715818845.html",2026-07-06 17:09:55
eastmoney_guba,002055,1715823768,老庄流币，天天缩量涨停，今天一把出光,,股友018a6i9058,1597007169699796,2026-05-27 21:39:20,49,0,0,0,False,False,"https://guba.eastmoney.com/news,002055,1715823768.html",2026-07-06 17:09:55
eastmoney_guba,002055,1715824975,散户多的离谱，年内不可能行情,,股友AhZ9hL8092,2295545201705404,2026-05-27 21:43:06,53,1,0,0,False,False,"https://guba.eastmoney.com/news,002055,1715824975.html",2026-07-06 17:09:55
eastmoney_guba,002055,1715826206,明天我觉得接着涨停,,烂股收割机,4309365835407682,2026-05-27 21:46:53,42,0,0,0,False,False,"https://guba.eastmoney.com/news,002055,1715826206.html",2026-07-06 17:09:55
eastmoney_guba,002055,1715832864,明天涨停开,,股神金不二,6806375997239834,2026-05-27 22:09:11,47,0,0,0,False,False,"https://guba.eastmoney.com/news,002055,1715832864.html",2026-07-06 17:09:55
eastmoney_guba,002055,1715833419,柚子走了，散户大军接盘，后市看好。,,财富自选股,8904113740107672,2026-05-27 22:10:56,53,0,0,0,False,False,"https://guba.eastmoney.com/news,002055,1715833419.html",2026-07-06 17:09:55
eastmoney_guba,002055,1715837240,话说你们买进只看一两天的涨跌的吗？这个票预期变了吗？基本面变了吗？稀缺性变了吗？,,莫逆势,4773094604408444,2026-05-27 22:23:47,192,2,1,0,False,False,"https://guba.eastmoney.com/news,002055,1715837240.html",2026-07-06 17:09:55
eastmoney_guba,002055,1715837488,今天巨量，破6再来看看,,缠中有禅,3527094184941918,2026-05-27 22:24:39,41,0,0,0,False,False,"https://guba.eastmoney.com/news,002055,1715837488.html",2026-07-06 17:09:55
eastmoney_guba,002055,1715837598,今天从京蓝割肉过来顶板，无语,,云南小散nie,3561017753135412,2026-05-27 22:24:56,39,0,0,0,False,False,"https://guba.eastmoney.com/news,002055,1715837598.html",2026-07-06 17:09:55
eastmoney_guba,002055,1715840459,明天继续涨停买,,我一买就红,9110017582917218,2026-05-27 22:34:50,52,0,0,0,False,False,"https://guba.eastmoney.com/news,002055,1715840459.html",2026-07-06 17:09:55
eastmoney_guba,002055,1715840949,这么多散户，明天接着跌停。都想着翻倍涨停，谁来拉？tao板块集体退温,,迷彩服,8368027116911268,2026-05-27 22:36:35,51,0,0,0,False,False,"https://guba.eastmoney.com/news,002055,1715840949.html",2026-07-06 17:09:55
eastmoney_guba,002055,1715844533,明天一字板，今天卖出的买不进,,惊爆点男主,8399375724329702,2026-05-27 22:49:58,85,2,0,0,False,False,"https://guba.eastmoney.com/news,002055,1715844533.html",2026-07-06 17:09:55
eastmoney_guba,002055,1715844667,@妙想挂单量,,多多大1312369,5486057337643564,2026-05-27 22:50:34,343,2,0,0,False,False,"https://guba.eastmoney.com/news,002055,1715844667.html",2026-07-06 17:09:55
eastmoney_guba,002055,1715844754,哈喽小伙伴们大家好,,一定要学会加仓,5465077306855992,2026-05-27 22:50:59,43,0,0,0,False,False,"https://guba.eastmoney.com/news,002055,1715844754.html",2026-07-06 17:09:55
eastmoney_guba,002055,1715844860,哈喽小伙伴们大家好,,一定要学会加仓,5465077306855992,2026-05-27 22:51:26,41,0,0,0,False,False,"https://guba.eastmoney.com/news,002055,1715844860.html",2026-07-06 17:09:55
eastmoney_guba,002055,1715846798,得润今天分歧有点大，不过下方筹码峰没松动，没有只涨不跌的票，调整两天还会继续上，,,掘金高歌,5238386190584350,2026-05-27 22:59:34,181,1,0,0,False,False,"https://guba.eastmoney.com/news,002055,1715846798.html",2026-07-06 17:09:55
eastmoney_guba,002055,1715847310,st得润建仓,,清淇一帆,5741094097324902,2026-05-27 23:01:51,1249,8,1,0,False,False,"https://guba.eastmoney.com/news,002055,1715847310.html",2026-07-06 17:09:44
eastmoney_guba,002055,1715849006,呵呵俺也说一句，8.28卖了，7.77接回来三分之二，如果继续下去到7.46左右,,wjxhx,6560013752324024,2026-05-27 23:10:22,137,1,0,0,False,False,"https://guba.eastmoney.com/news,002055,1715849006.html",2026-07-06 17:09:55
eastmoney_guba,002055,1715854188,今天散户连帖子都不发了，说明这次真的洗的干干净净了，明天开启一字板，车门焊死了,,惊爆点男主,8399375724329702,2026-05-27 23:39:49,127,1,0,0,False,False,"https://guba.eastmoney.com/news,002055,1715854188.html",2026-07-06 17:09:55
eastmoney_guba,002055,1715864595,明天地板全仓接没想到我还有变成空钩的一天。,,降温4000加,9221027108476824,2026-05-28 01:39:05,77,2,0,0,False,False,"https://guba.eastmoney.com/news,002055,1715864595.html",2026-07-06 17:09:55
eastmoney_guba,002055,1715884961,估计要去10日线了,,st大平头,3943305709821276,2026-05-28 07:22:07,113,6,0,0,False,False,"https://guba.eastmoney.com/news,002055,1715884961.html",2026-07-06 17:09:36
eastmoney_guba,002055,1715885847,结论：堰塞湖确实在形成，退市必然提速，但节奏是“渐进式快进”，不会一步到位；核心,,短线大局观,1970085089858000,2026-05-28 07:29:52,239,0,0,0,False,False,"https://guba.eastmoney.com/news,002055,1715885847.html",2026-07-06 17:09:55
eastmoney_guba,002055,1715886559,你说的链条有现实影子，但不是“专为吸血设计”，而是多重目标叠加出来的结构性问题，,,短线大局观,1970085089858000,2026-05-28 07:35:18,276,0,3,0,False,False,"https://guba.eastmoney.com/news,002055,1715886559.html",2026-07-06 17:09:55
eastmoney_guba,002055,1715886809,好股来临，今日起建仓，持有半年预计收益100％-200％,,健康的梅宇航,1275376266924470,2026-05-28 07:36:26,421,8,1,0,False,False,"https://guba.eastmoney.com/news,002055,1715886809.html",2026-07-06 17:09:46
eastmoney_guba,002055,1715891881,不要听他说什么，你要看他做什么，看看鹤山得润，看看得润光学,,超级旺旺号,5935336100455462,2026-05-28 08:02:22,62,0,0,0,False,False,"https://guba.eastmoney.com/news,002055,1715891881.html",2026-07-06 17:09:55
eastmoney_guba,002055,1715893647,问问大家这个st股怎么样，他为啥st感觉挺多人看好的,,爱生活的小不点,4566335663939050,2026-05-28 08:11:23,127,4,0,0,False,False,"https://guba.eastmoney.com/news,002055,1715893647.html",2026-07-06 17:09:55
eastmoney_guba,002055,1715901948,全球仅4家通过Intel千针CPU Socket认证并能量产的厂商-得润电子,,涨停爱张婷,5111094238339406,2026-05-28 08:46:09,321,2,1,0,False,False,"https://guba.eastmoney.com/news,002055,1715901948.html",2026-07-06 17:09:51
eastmoney_guba,002055,1715907522,不涉及借壳、重整，跌停。。。。。。。。。。。。。。。。。。。。。。。。。。。。。,,股友88K91g3966,7534077557519578,2026-05-28 09:03:57,93,3,0,0,False,False,"https://guba.eastmoney.com/news,002055,1715907522.html",2026-07-06 17:09:51
eastmoney_guba,002055,1715910475,涨停涨停涨停涨停涨停涨停,,专业薅龙大羊毛,3804047346586666,2026-05-28 09:09:26,30,0,0,0,False,False,"https://guba.eastmoney.com/news,002055,1715910475.html",2026-07-06 17:09:55
eastmoney_guba,002055,1715912073,今年最牛st得润,,专业薅龙大羊毛,3804047346586666,2026-05-28 09:11:47,43,1,0,0,False,False,"https://guba.eastmoney.com/news,002055,1715912073.html",2026-07-06 17:09:55
eastmoney_guba,002055,1715914973,空狗不叫了是不是昨天接飞刀了,,沈阳芭菲菜,1764326049115564,2026-05-28 09:16:18,27,0,0,0,False,False,"https://guba.eastmoney.com/news,002055,1715914973.html",2026-07-06 17:09:55
eastmoney_guba,002055,1715916480,跌这么久了没人管！涨一下子就这么多事！,,烂股收割机,4309365835407682,2026-05-28 09:17:47,31,0,0,0,False,False,"https://guba.eastmoney.com/news,002055,1715916480.html",2026-07-06 17:09:55
eastmoney_guba,002055,1715919017,拿不住的进厂吧,,中国冲浪爱好者,7022305749420150,2026-05-28 09:19:49,53,3,0,0,False,False,"https://guba.eastmoney.com/news,002055,1715919017.html",2026-07-06 17:09:53
eastmoney_guba,002055,1715919406,撤单是狗,,烂股收割机,4309365835407682,2026-05-28 09:20:13,36,1,0,0,False,False,"https://guba.eastmoney.com/news,002055,1715919406.html",2026-07-06 17:09:55
eastmoney_guba,002055,1715920198,咋地了，都撤单了吗？,,万事多谋地老夫子,1028386319694022,2026-05-28 09:21:01,30,0,0,0,False,False,"https://guba.eastmoney.com/news,002055,1715920198.html",2026-07-06 17:09:55
eastmoney_guba,002055,1715922451,风浪越大鱼越贵,,我在情绪之外,9194047483250996,2026-05-28 09:23:11,20,0,0,0,False,False,"https://guba.eastmoney.com/news,002055,1715922451.html",2026-07-06 17:09:55
eastmoney_guba,002055,1715929375,[滴汗],,万事多谋地老夫子,1028386319694022,2026-05-28 09:25:19,20,0,0,0,False,False,"https://guba.eastmoney.com/news,002055,1715929375.html",2026-07-06 17:09:55
eastmoney_guba,002055,1715932670,干，冲冲冲,,我在情绪之外,9194047483250996,2026-05-28 09:25:40,26,0,0,0,False,False,"https://guba.eastmoney.com/news,002055,1715932670.html",2026-07-06 17:09:55
eastmoney_guba,002055,1715933478,这种好票不应该被埋没,,王牌炒王026,6217084848762046,2026-05-28 09:26:18,38,0,0,0,False,False,"https://guba.eastmoney.com/news,002055,1715933478.html",2026-07-06 17:09:55
eastmoney_guba,002055,1715934068,昨天把身家都砸进去了，加油，起飞吧小润润,,牛气哄哄也能冲天,3573087737957390,2026-05-28 09:26:47,45,2,0,0,False,False,"https://guba.eastmoney.com/news,002055,1715934068.html",2026-07-06 17:09:55
eastmoney_guba,002055,1715934730,玩我呢....,,笑逐颜开的龚艳,2079345942814724,2026-05-28 09:27:20,137,1,0,0,True,False,"https://guba.eastmoney.com/news,002055,1715934730.html",2026-07-06 17:09:55
eastmoney_guba,002055,1715937394,10点之前必封死涨停板002055,,后贝加尔斯克,7154013321195756,2026-05-28 09:29:48,32,2,0,0,False,False,"https://guba.eastmoney.com/news,002055,1715937394.html",2026-07-06 17:09:55
eastmoney_guba,002055,1715944531,玩的真花,,万事多谋地老夫子,1028386319694022,2026-05-28 09:31:11,24,0,0,0,False,False,"https://guba.eastmoney.com/news,002055,1715944531.html",2026-07-06 17:09:55
eastmoney_guba,002055,1715946170,机构，不屈不挠,,遥远的塞纳河888,9037094342652420,2026-05-28 09:31:37,27,0,0,0,False,False,"https://guba.eastmoney.com/news,002055,1715946170.html",2026-07-06 17:09:55
eastmoney_guba,002055,1715947007,哎。搞个,,反面教科书,8548094341034744,2026-05-28 09:31:53,23,0,0,0,False,False,"https://guba.eastmoney.com/news,002055,1715947007.html",2026-07-06 17:09:55
eastmoney_guba,002055,1715947649,来，空dog，你叫，你接着叫，来,,我在情绪之外,9194047483250996,2026-05-28 09:32:03,31,1,0,0,False,False,"https://guba.eastmoney.com/news,002055,1715947649.html",2026-07-06 17:09:53
eastmoney_guba,002055,1715948218,牛逼,,仪态万千的溪岚1,2117165338253812,2026-05-28 09:32:14,23,0,0,0,False,False,"https://guba.eastmoney.com/news,002055,1715948218.html",2026-07-06 17:09:55
eastmoney_guba,002055,1715948304,无敌，恭迎德润大帝归位！！！,,老练的戚春燕,5647037201743930,2026-05-28 09:32:16,29,0,0,0,False,False,"https://guba.eastmoney.com/news,002055,1715948304.html",2026-07-06 17:09:55
eastmoney_guba,002055,1715948581,玩呢,,zhuch1,7677013499151220,2026-05-28 09:32:21,22,0,0,0,False,False,"https://guba.eastmoney.com/news,002055,1715948581.html",2026-07-06 17:09:55
eastmoney_guba,002055,1715948985,为啥没成交？,,我勒个烧缸,8844017608558072,2026-05-28 09:32:29,53,0,0,0,True,False,"https://guba.eastmoney.com/news,002055,1715948985.html",2026-07-06 17:09:53
eastmoney_guba,002055,1715951585,舒服了，嘻嘻，让你们昨天跌停加仓不听，都想今天更低买，门都没有，做人不要太贪哦。,,惊爆点男主,8399375724329702,2026-05-28 09:33:13,118,5,0,0,False,False,"https://guba.eastmoney.com/news,002055,1715951585.html",2026-07-06 17:09:51
eastmoney_guba,002055,1715953460,大王，你就是大王,,博学多才的小鱼,1190094345248964,2026-05-28 09:33:45,20,0,0,0,False,False,"https://guba.eastmoney.com/news,002055,1715953460.html",2026-07-06 17:09:53
eastmoney_guba,002055,1715954500,直接涨停,,股友56N9869U16,4131087762145454,2026-05-28 09:34:03,19,0,0,0,False,False,"https://guba.eastmoney.com/news,002055,1715954500.html",2026-07-06 17:09:53
eastmoney_guba,002055,1715954976,叫啊，傻空dog，你怎么不叫了,,我在情绪之外,9194047483250996,2026-05-28 09:34:09,28,0,0,0,False,False,"https://guba.eastmoney.com/news,002055,1715954976.html",2026-07-06 17:09:53
eastmoney_guba,002055,1715957125,搞不好要出货了,,傲寒的秦岚,5793047755670376,2026-05-28 09:34:46,30,0,0,0,False,False,"https://guba.eastmoney.com/news,002055,1715957125.html",2026-07-06 17:09:53
eastmoney_guba,002055,1715958713,老表我加仓了,,丁老三,7180326092624544,2026-05-28 09:35:11,429,11,0,0,True,False,"https://guba.eastmoney.com/news,002055,1715958713.html",2026-07-06 17:09:46
eastmoney_guba,002055,1715959474,我先走了你们慢慢玩打开是为了让你们买,,傲寒的秦岚,5793047755670376,2026-05-28 09:35:25,33,1,0,0,False,False,"https://guba.eastmoney.com/news,002055,1715959474.html",2026-07-06 17:09:53
eastmoney_guba,002055,1715963406,玩弄感情的家伙,,笑逐颜开的龚艳,2079345942814724,2026-05-28 09:36:28,28,0,0,0,False,False,"https://guba.eastmoney.com/news,002055,1715963406.html",2026-07-06 17:09:53
eastmoney_guba,002055,1715964976,马上会创新高突破76元002055,,后贝加尔斯克,7154013321195756,2026-05-28 09:36:55,83,4,0,0,False,False,"https://guba.eastmoney.com/news,002055,1715964976.html",2026-07-06 17:09:53
eastmoney_guba,002055,1715966219,连续的这么洗，这回真是要创新高啦,,cooloog,7973094481198418,2026-05-28 09:37:15,27,0,0,0,False,False,"https://guba.eastmoney.com/news,002055,1715966219.html",2026-07-06 17:09:53
eastmoney_guba,002055,1715967021,买不进了,,股友r06997G166,6768007546239210,2026-05-28 09:37:26,24,0,0,0,False,False,"https://guba.eastmoney.com/news,002055,1715967021.html",2026-07-06 17:09:53
eastmoney_guba,002055,1715967332,主力在耍你呢,,o痕迹o,4802306288363612,2026-05-28 09:37:32,25,0,0,0,False,False,"https://guba.eastmoney.com/news,002055,1715967332.html",2026-07-06 17:09:53
eastmoney_guba,002055,1715969388,分歧这么大吗，老是炸板,,我勒个烧缸,8844017608558072,2026-05-28 09:38:10,55,2,0,0,False,False,"https://guba.eastmoney.com/news,002055,1715969388.html",2026-07-06 17:09:53
eastmoney_guba,002055,1715978220,德润就是个渣男，总调戏散户,,博学多才的小鱼,1190094345248964,2026-05-28 09:40:53,28,0,0,0,False,False,"https://guba.eastmoney.com/news,002055,1715978220.html",2026-07-06 17:09:53
eastmoney_guba,002055,1715981542,跑跑跑,,龙虎榜席位,4194386473443672,2026-05-28 09:41:58,25,0,0,0,False,False,"https://guba.eastmoney.com/news,002055,1715981542.html",2026-07-06 17:09:53
eastmoney_guba,002055,1715981733,90%是把上面接的货都派发掉，重回6块，慢慢洗啊,,傲寒的秦岚,5793047755670376,2026-05-28 09:42:01,25,0,0,0,False,False,"https://guba.eastmoney.com/news,002055,1715981733.html",2026-07-06 17:09:53
eastmoney_guba,002055,1715982185,完了，又发套了，,,浙Y8X1X35080,4965014114606910,2026-05-28 09:42:10,22,0,0,0,False,False,"https://guba.eastmoney.com/news,002055,1715982185.html",2026-07-06 17:09:53
eastmoney_guba,002055,1715983183,跑把，落袋为安,,A哎呦喂A,9857037208343456,2026-05-28 09:42:29,21,0,0,0,False,False,"https://guba.eastmoney.com/news,002055,1715983183.html",2026-07-06 17:09:53
eastmoney_guba,002055,1715983253,谁愿意接盘谁去接,,傲寒的秦岚,5793047755670376,2026-05-28 09:42:31,23,0,0,0,False,False,"https://guba.eastmoney.com/news,002055,1715983253.html",2026-07-06 17:09:53
eastmoney_guba,002055,1715984676,刺激,,蕙质兰心一飞冲天,6851346522528480,2026-05-28 09:42:56,24,1,0,0,False,False,"https://guba.eastmoney.com/news,002055,1715984676.html",2026-07-06 17:09:53
eastmoney_guba,002055,1715985205,都拿住了，别让洗出去,,京山连续,3191007691336180,2026-05-28 09:43:06,30,0,0,0,False,False,"https://guba.eastmoney.com/news,002055,1715985205.html",2026-07-06 17:09:53
eastmoney_guba,002055,1715987892,看不懂就不动,,cooloog,7973094481198418,2026-05-28 09:43:53,32,0,0,0,False,False,"https://guba.eastmoney.com/news,002055,1715987892.html",2026-07-06 17:09:53
eastmoney_guba,002055,1715990471,不用天天涨停！稳当点！每天都涨点就挺好,,烂股收割机,4309365835407682,2026-05-28 09:44:36,28,1,0,0,False,False,"https://guba.eastmoney.com/news,002055,1715990471.html",2026-07-06 17:09:53
eastmoney_guba,002055,1715995617,下午百分百下沙不会帮这么多散户抬轿,,见好就收5859,3960047762213936,2026-05-28 09:46:00,19,0,0,0,False,False,"https://guba.eastmoney.com/news,002055,1715995617.html",2026-07-06 17:09:53
eastmoney_guba,002055,1715996389,今天又套一批,,股友733t2m7152,2117436857829612,2026-05-28 09:46:13,26,0,0,0,False,False,"https://guba.eastmoney.com/news,002055,1715996389.html",2026-07-06 17:09:53
eastmoney_guba,002055,1716000023,这是在出货吧，板上出货两次,,控盘的刺客,3567336263108658,2026-05-28 09:47:15,21,0,0,0,False,False,"https://guba.eastmoney.com/news,002055,1716000023.html",2026-07-06 17:09:53
eastmoney_guba,002055,1716004279,做t多弄了200股,,不合的牛肉干1,6687395894565002,2026-05-28 09:48:29,31,0,0,0,False,False,"https://guba.eastmoney.com/news,002055,1716004279.html",2026-07-06 17:09:53
eastmoney_guba,002055,1716005642,主力俺不中嘞,,st_踏足山巅,8201097125149362,2026-05-28 09:48:52,24,0,0,0,False,False,"https://guba.eastmoney.com/news,002055,1716005642.html",2026-07-06 17:09:53
eastmoney_guba,002055,1716011365,感觉要跌到6.7元,,浅墨安然,5197094128238992,2026-05-28 09:50:35,27,0,0,0,False,False,"https://guba.eastmoney.com/news,002055,1716011365.html",2026-07-06 17:09:53
eastmoney_guba,002055,1716011641,这个股真离谱,,股友97817IP009,9045067320162884,2026-05-28 09:50:40,28,0,0,0,False,False,"https://guba.eastmoney.com/news,002055,1716011641.html",2026-07-06 17:09:53
eastmoney_guba,002055,1716011664,$ST得润(SZ002055)$,,牛气哄哄也能冲天,3573087737957390,2026-05-28 09:50:41,58,0,0,0,True,False,"https://guba.eastmoney.com/news,002055,1716011664.html",2026-07-06 17:09:53
eastmoney_guba,002055,1716014123,不好意思，没拿住，涨停出了，等超过8.31我再回来，目前不明朗，我只追涨,,惊爆点男主,8399375724329702,2026-05-28 09:51:25,156,6,0,0,False,False,"https://guba.eastmoney.com/news,002055,1716014123.html",2026-07-06 17:09:46
eastmoney_guba,002055,1716016271,涨停开就说明今天不可能了,,五年的小菜鸟,9947027412467154,2026-05-28 09:52:07,37,1,0,0,False,False,"https://guba.eastmoney.com/news,002055,1716016271.html",2026-07-06 17:09:53
eastmoney_guba,002055,1716019051,安徽韭菜王又加仓了,,要听预言家,3583345918538592,2026-05-28 09:52:58,17,0,0,0,False,False,"https://guba.eastmoney.com/news,002055,1716019051.html",2026-07-06 17:09:53
eastmoney_guba,002055,1716020902,打板就被套,,股友97817IP009,9045067320162884,2026-05-28 09:53:32,26,0,0,0,False,False,"https://guba.eastmoney.com/news,002055,1716020902.html",2026-07-06 17:09:53
eastmoney_guba,002055,1716021410,洗到你们拿不住,,我勒个烧缸,8844017608558072,2026-05-28 09:53:40,33,0,0,0,False,False,"https://guba.eastmoney.com/news,002055,1716021410.html",2026-07-06 17:09:53
eastmoney_guba,002055,1716023883,真卡粗,,大度的卫文倩2,3370416630493870,2026-05-28 09:54:29,20,0,0,0,False,False,"https://guba.eastmoney.com/news,002055,1716023883.html",2026-07-06 17:09:53
eastmoney_guba,002055,1716027755,玩的真花，一会儿天上一会儿地下。,,浅浅假,1339335998168292,2026-05-28 09:55:35,25,0,0,0,False,False,"https://guba.eastmoney.com/news,002055,1716027755.html",2026-07-06 17:09:53
eastmoney_guba,002055,1716027791,财务造假，不能容忍，买了就是拿命赌博,,三仓猛干,4222047392606400,2026-05-28 09:55:36,35,1,0,0,False,False,"https://guba.eastmoney.com/news,002055,1716027791.html",2026-07-06 17:09:53
eastmoney_guba,002055,1716032418,7元一下可以考虑接回来,,野百合有,5324094019477486,2026-05-28 09:56:58,22,0,0,0,False,False,"https://guba.eastmoney.com/news,002055,1716032418.html",2026-07-06 17:09:53
eastmoney_guba,002055,1716036066,庄家不会就这格局吧？6元开始，冲到8元就完事了？,,富有发财的雨秋,3887316231220598,2026-05-28 09:58:01,28,0,0,0,False,False,"https://guba.eastmoney.com/news,002055,1716036066.html",2026-07-06 17:09:53
eastmoney_guba,002055,1716036130,7.9买的,,西癫失败,3271385837536436,2026-05-28 09:58:02,43,2,0,0,False,False,"https://guba.eastmoney.com/news,002055,1716036130.html",2026-07-06 17:09:53
eastmoney_guba,002055,1716038353,竞价地板，开盘天花板，盘中急跌，掩护出货还是洗盘？,,我勒个烧缸,8844017608558072,2026-05-28 09:58:40,166,2,0,0,False,False,"https://guba.eastmoney.com/news,002055,1716038353.html",2026-07-06 17:09:53
eastmoney_guba,002055,1716039740,兄弟们我回来了！,,降温4000加,9221027108476824,2026-05-28 09:59:04,27,0,0,0,False,False,"https://guba.eastmoney.com/news,002055,1716039740.html",2026-07-06 17:09:53
eastmoney_guba,002055,1716050105,还是跌停空狗接飞刀了该轮到我唱了哈哈,,沈阳芭菲菜,1764326049115564,2026-05-28 10:02:18,25,0,0,0,False,False,"https://guba.eastmoney.com/news,002055,1716050105.html",2026-07-06 17:09:53
eastmoney_guba,002055,1716051324,爱咋咋地，像蚂蝗吸住你。,,金榜的人岩,2527306128393810,2026-05-28 10:02:42,30,0,0,0,False,False,"https://guba.eastmoney.com/news,002055,1716051324.html",2026-07-06 17:09:53
eastmoney_guba,002055,1716055449,老王应该吐血了，反向指标,,股友M609795O66,9545087213179986,2026-05-28 10:04:01,30,0,0,0,False,False,"https://guba.eastmoney.com/news,002055,1716055449.html",2026-07-06 17:09:53
eastmoney_guba,002055,1716057571,今天又套了一批追高的,,博学多才的小鱼,1190094345248964,2026-05-28 10:04:46,30,0,0,0,False,False,"https://guba.eastmoney.com/news,002055,1716057571.html",2026-07-06 17:09:53
eastmoney_guba,002055,1716060199,st股每天是怎么跌10个点的。原来是这样,,浅墨安然,5197094128238992,2026-05-28 10:05:43,26,0,0,0,False,False,"https://guba.eastmoney.com/news,002055,1716060199.html",2026-07-06 17:09:53
eastmoney_guba,002055,1716061225,优秀,,斗酒的匡纭,1313077690530690,2026-05-28 10:06:06,27,0,0,0,False,False,"https://guba.eastmoney.com/news,002055,1716061225.html",2026-07-06 17:09:53
eastmoney_guba,002055,1716061953,反复天地板，谁敢接，这一波全部杀出去了,,善良的秋刀鱼,7913326361791366,2026-05-28 10:06:23,25,0,0,0,False,False,"https://guba.eastmoney.com/news,002055,1716061953.html",2026-07-06 17:09:53
eastmoney_guba,002055,1716062501,，卧槽，打板买的我，怎么办,,ysh0037,1201555244829118,2026-05-28 10:06:35,80,3,0,0,False,False,"https://guba.eastmoney.com/news,002055,1716062501.html",2026-07-06 17:09:53
eastmoney_guba,002055,1716062544,这么垃吗。。。,,公子杜,8194034852335444,2026-05-28 10:06:36,31,1,0,0,False,False,"https://guba.eastmoney.com/news,002055,1716062544.html",2026-07-06 17:09:53
eastmoney_guba,002055,1716063476,主力上来进可攻退可守。昨天丢了筹码选择出货后阴跌。个人观点仅供参考,,见好就收5859,3960047762213936,2026-05-28 10:06:55,35,0,0,0,False,False,"https://guba.eastmoney.com/news,002055,1716063476.html",2026-07-06 17:09:53
eastmoney_guba,002055,1716063801,st雪浪的走势目测是要出消息了,,鹏城大散,4828094179997810,2026-05-28 10:07:03,32,0,0,0,False,False,"https://guba.eastmoney.com/news,002055,1716063801.html",2026-07-06 17:09:53
eastmoney_guba,002055,1716064927,昨天哪位说的天地天？！,,快乐的pua,1189094253002358,2026-05-28 10:07:30,29,0,0,0,False,False,"https://guba.eastmoney.com/news,002055,1716064927.html",2026-07-06 17:09:53
eastmoney_guba,002055,1716065156,连续两天都是天地，ST市场也坏了,,ST神龙出水,7740006949680518,2026-05-28 10:07:35,29,0,0,0,False,False,"https://guba.eastmoney.com/news,002055,1716065156.html",2026-07-06 17:09:53
eastmoney_guba,002055,1716065255,好票啊，妥妥的好票啊，别人7.6才新规落地，这个提前就支持国家政策了,,骑着卜晓华等涨停,1707137518871428,2026-05-28 10:07:37,125,3,0,0,False,False,"https://guba.eastmoney.com/news,002055,1716065255.html",2026-07-06 17:09:53
eastmoney_guba,002055,1716067151,哪位大侠接了我的盘？我又接了谁的盘？,,A股割肉机,7523456815617590,2026-05-28 10:08:19,51,0,0,0,True,False,"https://guba.eastmoney.com/news,002055,1716067151.html",2026-07-06 17:09:53
eastmoney_guba,002055,1716069513,这主力永久拉黑谁给你抬轿子,,股友2817858yQ8,3959137755267902,2026-05-28 10:09:05,27,0,0,0,False,False,"https://guba.eastmoney.com/news,002055,1716069513.html",2026-07-06 17:09:53
eastmoney_guba,002055,1716070535,欠11亿逾期的是公司自己，不是大股东。是大股东欠了好说，不关公司的事。,,股友7G7066v635,4370446716313886,2026-05-28 10:09:26,31,0,0,0,False,False,"https://guba.eastmoney.com/news,002055,1716070535.html",2026-07-06 17:09:53
eastmoney_guba,002055,1716071436,又要跌停了,,一颗小韭菜05658,1823094274433036,2026-05-28 10:09:45,19,0,0,0,False,False,"https://guba.eastmoney.com/news,002055,1716071436.html",2026-07-06 17:09:53
eastmoney_guba,002055,1716072644,都散了吧，完了,,一切都是虚的,9157075009070820,2026-05-28 10:10:10,34,1,0,0,False,False,"https://guba.eastmoney.com/news,002055,1716072644.html",2026-07-06 17:09:53
eastmoney_guba,002055,1716073876,7.21买了1000股,,股友15m29769p1,9050007772733466,2026-05-28 10:10:35,41,0,0,0,True,False,"https://guba.eastmoney.com/news,002055,1716073876.html",2026-07-06 17:09:53
eastmoney_guba,002055,1716077592,这下这2个半导体ST应该到头了吧，,,海纳兆川,1612615257916390,2026-05-28 10:11:54,147,1,0,0,False,False,"https://guba.eastmoney.com/news,002055,1716077592.html",2026-07-06 17:09:53
eastmoney_guba,002055,1716079116,拉黑吧,,小菜鸟在路上,6676306105095572,2026-05-28 10:12:24,51,0,0,0,True,False,"https://guba.eastmoney.com/news,002055,1716079116.html",2026-07-06 17:09:53
eastmoney_guba,002055,1716079258,每天都玩天地劫？,,zhuch1,7677013499151220,2026-05-28 10:12:27,23,0,0,0,False,False,"https://guba.eastmoney.com/news,002055,1716079258.html",2026-07-06 17:09:53
eastmoney_guba,002055,1716080858,套路太深了,,埋伏ST,9272356136962600,2026-05-28 10:13:03,28,0,0,0,False,False,"https://guba.eastmoney.com/news,002055,1716080858.html",2026-07-06 17:09:53
eastmoney_guba,002055,1716081542,兄弟们别砸我,,降温4000加,9221027108476824,2026-05-28 10:13:17,26,0,0,0,False,False,"https://guba.eastmoney.com/news,002055,1716081542.html",2026-07-06 17:09:53
eastmoney_guba,002055,1716081852,真是名如其股啊，压根不能进，今天吃个天地，我要把你拉黑一辈子,,钱未挣_头已白,9579496790442724,2026-05-28 10:13:23,38,0,0,0,False,False,"https://guba.eastmoney.com/news,002055,1716081852.html",2026-07-06 17:09:53
eastmoney_guba,002055,1716087532,别吹了，老老实实慢慢涨吧，整体向上就行，别拉涨停搞的一堆短线进来,,o痕迹o,4802306288363612,2026-05-28 10:15:25,27,0,0,0,False,False,"https://guba.eastmoney.com/news,002055,1716087532.html",2026-07-06 17:09:53
eastmoney_guba,002055,1716088481,妖啊。,,人在江湖032,4722093904855066,2026-05-28 10:15:46,29,0,0,0,False,False,"https://guba.eastmoney.com/news,002055,1716088481.html",2026-07-06 17:09:53
eastmoney_guba,002055,1716090885,散户太多，彻底玩完,,傲寒的秦岚,5793047755670376,2026-05-28 10:16:39,33,0,0,0,False,False,"https://guba.eastmoney.com/news,002055,1716090885.html",2026-07-06 17:09:53
eastmoney_guba,002055,1716092551,拿一年试试水,,我勒个烧缸,8844017608558072,2026-05-28 10:17:19,29,0,0,0,False,False,"https://guba.eastmoney.com/news,002055,1716092551.html",2026-07-06 17:09:53
eastmoney_guba,002055,1716093640,$ST得润(SZ002055)$,,我在情绪之外,9194047483250996,2026-05-28 10:17:44,28,0,0,0,False,False,"https://guba.eastmoney.com/news,002055,1716093640.html",2026-07-06 17:09:53
eastmoney_guba,002055,1716093733,能不能回封,,有毅力的顾杭4,6748366502489256,2026-05-28 10:17:46,99,3,0,0,False,False,"https://guba.eastmoney.com/news,002055,1716093733.html",2026-07-06 17:09:51
eastmoney_guba,002055,1716095340,主力分歧很大，但是我始终相信整体趋势没有变。从被冻结的资产陆续解冻以及股权拍卖撤,,股友6u0268O327,2559037085354874,2026-05-28 10:18:23,143,2,0,0,False,False,"https://guba.eastmoney.com/news,002055,1716095340.html",2026-07-06 17:09:51
eastmoney_guba,002055,1716096338,主力在做T,,万事多谋地老夫子,1028386319694022,2026-05-28 10:18:46,34,0,0,0,False,False,"https://guba.eastmoney.com/news,002055,1716096338.html",2026-07-06 17:09:53
eastmoney_guba,002055,1716096776,早晨骗散户进来接筹码。我也是服了，估计很多人涨停板进来的。,,邵先生,4046186502913004,2026-05-28 10:18:56,56,1,0,0,False,False,"https://guba.eastmoney.com/news,002055,1716096776.html",2026-07-06 17:09:53
eastmoney_guba,002055,1716097576,我帮兄弟顶板板，兄弟让我躺板板,,降温4000加,9221027108476824,2026-05-28 10:19:12,139,0,0,0,True,False,"https://guba.eastmoney.com/news,002055,1716097576.html",2026-07-06 17:09:53
eastmoney_guba,002055,1716097899,抢筹码,,后贝加尔斯克,7154013321195756,2026-05-28 10:19:19,34,1,0,0,False,False,"https://guba.eastmoney.com/news,002055,1716097899.html",2026-07-06 17:09:51
eastmoney_guba,002055,1716099167,这个是最近套路最深的股,,有毅力的顾杭4,6748366502489256,2026-05-28 10:19:46,36,0,0,0,False,False,"https://guba.eastmoney.com/news,002055,1716099167.html",2026-07-06 17:09:53
eastmoney_guba,002055,1716100236,今天做T涨卖了，现在又接回来了。哈哈哈挺好002055,,后贝加尔斯克,7154013321195756,2026-05-28 10:20:10,51,2,0,0,False,False,"https://guba.eastmoney.com/news,002055,1716100236.html",2026-07-06 17:09:51
eastmoney_guba,002055,1716102442,跑了跑了，买盘都没有了，彻底玩完,,股友5O78692X62,1265376279011920,2026-05-28 10:21:01,35,0,0,0,False,False,"https://guba.eastmoney.com/news,002055,1716102442.html",2026-07-06 17:09:51
eastmoney_guba,002055,1716104530,太弱了，撤了,,在等花开,8401326115653406,2026-05-28 10:21:49,63,3,0,0,False,False,"https://guba.eastmoney.com/news,002055,1716104530.html",2026-07-06 17:09:51
eastmoney_guba,002055,1716106083,太弱了，撤撤撤,,在等花开,8401326115653406,2026-05-28 10:22:22,31,0,0,0,False,False,"https://guba.eastmoney.com/news,002055,1716106083.html",2026-07-06 17:09:51
eastmoney_guba,002055,1716112778,这是装啥啊，赶紧地板别装了，没人会上当的，不到地板没人买,,股友9f0776120F,3927137487108460,2026-05-28 10:24:43,97,5,0,0,False,False,"https://guba.eastmoney.com/news,002055,1716112778.html",2026-07-06 17:09:51
eastmoney_guba,002055,1716123820,2026年业绩挺好的，未来会更好,,股友15m29769p1,9050007772733466,2026-05-28 10:29:09,79,0,0,0,True,False,"https://guba.eastmoney.com/news,002055,1716123820.html",2026-07-06 17:09:51
eastmoney_guba,002055,1716124549,多看少动，今天震荡把趋势定下来，明天就知道怎么走了。,,股友6u0268O327,2559037085354874,2026-05-28 10:29:25,26,0,0,0,False,False,"https://guba.eastmoney.com/news,002055,1716124549.html",2026-07-06 17:09:51
eastmoney_guba,002055,1716127850,无量拉升还是躺板板,,st念头通达,6379376212140346,2026-05-28 10:30:51,31,0,0,0,False,False,"https://guba.eastmoney.com/news,002055,1716127850.html",2026-07-06 17:09:51
eastmoney_guba,002055,1716135004,涨停板全清了哈哈,,有专注力123456,3877094317451952,2026-05-28 10:34:01,129,6,0,0,False,False,"https://guba.eastmoney.com/news,002055,1716135004.html",2026-07-06 17:09:51
eastmoney_guba,002055,1716150429,快跑啊，主力跑了,,有专注力123456,3877094317451952,2026-05-28 10:41:01,45,1,0,0,False,False,"https://guba.eastmoney.com/news,002055,1716150429.html",2026-07-06 17:09:51
eastmoney_guba,002055,1716154145,还有个仕净半导体预重整,,笋岗财经评论,4722486750974742,2026-05-28 10:42:41,39,0,0,0,False,False,"https://guba.eastmoney.com/news,002055,1716154145.html",2026-07-06 17:09:51
eastmoney_guba,002055,1716159657,这是要又来一个天地板,,多米的天空,8268004870663662,2026-05-28 10:45:18,23,1,0,0,False,False,"https://guba.eastmoney.com/news,002055,1716159657.html",2026-07-06 17:09:51
eastmoney_guba,002055,1716160226,！！！st雪浪异动目测有人提前得到敏感消息,,鹏城大散,4828094179997810,2026-05-28 10:45:34,46,0,0,0,False,False,"https://guba.eastmoney.com/news,002055,1716160226.html",2026-07-06 17:09:51
eastmoney_guba,002055,1716164528,我相信老王今天应该卖了,,股友M609795O66,9545087213179986,2026-05-28 10:47:34,40,1,0,0,False,False,"https://guba.eastmoney.com/news,002055,1716164528.html",2026-07-06 17:09:51
eastmoney_guba,002055,1716167802,今天只要不跌停，就是胜利,,千亿常山,5730013431359592,2026-05-28 10:49:06,49,1,0,0,False,False,"https://guba.eastmoney.com/news,002055,1716167802.html",2026-07-06 17:09:51
eastmoney_guba,002055,1716169604,没见过钱吧，40个点就出货，我哭le,,股友339195I59D,5140007454199448,2026-05-28 10:49:55,46,1,0,0,False,False,"https://guba.eastmoney.com/news,002055,1716169604.html",2026-07-06 17:09:51
eastmoney_guba,002055,1716170909,勾庄玩脱了,,zhuch1,7677013499151220,2026-05-28 10:50:34,28,0,0,0,False,False,"https://guba.eastmoney.com/news,002055,1716170909.html",2026-07-06 17:09:51
eastmoney_guba,002055,1716174610,至少三个大连阴，后续平衡调整，后续拉升,,我是风向标,7292015289809824,2026-05-28 10:52:13,29,0,0,0,False,False,"https://guba.eastmoney.com/news,002055,1716174610.html",2026-07-06 17:09:51
eastmoney_guba,002055,1716176238,清仓大甩卖,,有专注力123456,3877094317451952,2026-05-28 10:52:55,28,0,0,0,False,False,"https://guba.eastmoney.com/news,002055,1716176238.html",2026-07-06 17:09:51
eastmoney_guba,002055,1716179442,这价位就是一个字干002055,,后贝加尔斯克,7154013321195756,2026-05-28 10:54:23,35,1,0,0,False,False,"https://guba.eastmoney.com/news,002055,1716179442.html",2026-07-06 17:09:51
eastmoney_guba,002055,1716180586,当出公告辟谣的时候，就是止盈点，本来盈亏25个点，最后无奈贪心，已清仓，耐心等待,,VV86_DG,8402356069621474,2026-05-28 10:54:53,104,3,0,0,False,False,"https://guba.eastmoney.com/news,002055,1716180586.html",2026-07-06 17:09:51
eastmoney_guba,002055,1716183636,谁还能在a股市场找到第二家年营收和市值一样的公司！！,,合纵资本,7304094472044104,2026-05-28 10:56:09,866,23,0,0,True,False,"https://guba.eastmoney.com/news,002055,1716183636.html",2026-07-06 17:09:46
eastmoney_guba,002055,1716188186,反弹无力，先出来避难了,,哪吒来抽筋了,3348345538253518,2026-05-28 10:58:13,24,0,0,0,False,False,"https://guba.eastmoney.com/news,002055,1716188186.html",2026-07-06 17:09:51
eastmoney_guba,002055,1716189619,一手好牌打的稀烂,,zhuch1,7677013499151220,2026-05-28 10:58:52,47,2,0,0,False,False,"https://guba.eastmoney.com/news,002055,1716189619.html",2026-07-06 17:09:51
eastmoney_guba,002055,1716193409,7块附近买入，15块卖出。,,江湖再现尼古拉斯,8183013401511276,2026-05-28 11:00:31,54,2,0,0,False,False,"https://guba.eastmoney.com/news,002055,1716193409.html",2026-07-06 17:09:51
eastmoney_guba,002055,1716197774,我在跌停处等你，快快下来北鼻,,有专注力123456,3877094317451952,2026-05-28 11:02:31,26,1,0,0,False,False,"https://guba.eastmoney.com/news,002055,1716197774.html",2026-07-06 17:09:51
eastmoney_guba,002055,1716198079,有打板进的吗,,管住手要有耐心,5110365961066382,2026-05-28 11:02:40,103,6,0,0,False,False,"https://guba.eastmoney.com/news,002055,1716198079.html",2026-07-06 17:09:51
eastmoney_guba,002055,1716206834,跌停收盘，立帖为证,,股友76Hd2Q,4203315939475000,2026-05-28 11:07:02,100,5,0,0,False,False,"https://guba.eastmoney.com/news,002055,1716206834.html",2026-07-06 17:09:51
eastmoney_guba,002055,1716208003,出不完的货,,莫逆势,4773094604408444,2026-05-28 11:07:36,31,0,0,0,False,False,"https://guba.eastmoney.com/news,002055,1716208003.html",2026-07-06 17:09:51
eastmoney_guba,002055,1716209607,老庄满足了有些散户想7.90买入的愿望，服，所以昨天炸板也正常了，老庄实力超群,,股友ygygyg,5284346116178520,2026-05-28 11:08:21,34,0,0,0,False,False,"https://guba.eastmoney.com/news,002055,1716209607.html",2026-07-06 17:09:51
eastmoney_guba,002055,1716211410,7元9角全部清仓。7元3角下方全部接回来了002055,,后贝加尔斯克,7154013321195756,2026-05-28 11:09:15,75,3,0,0,False,False,"https://guba.eastmoney.com/news,002055,1716211410.html",2026-07-06 17:09:51
eastmoney_guba,002055,1716213344,昨天今天任一个买点都暴亏，出货是这样的！！,,股友02328ef007,7252017447693546,2026-05-28 11:10:14,34,1,0,0,False,False,"https://guba.eastmoney.com/news,002055,1716213344.html",2026-07-06 17:09:51
eastmoney_guba,002055,1716219843,涨跌看淡,,专注上涨趋势,1748095089831338,2026-05-28 11:13:49,33,0,0,0,False,False,"https://guba.eastmoney.com/news,002055,1716219843.html",2026-07-06 17:09:51
eastmoney_guba,002055,1716220402,大牛必须经历天地大面淬火，这个位置继续看好，坚定持有，不到16元，不轻易下车。,,掘金高歌,5238386190584350,2026-05-28 11:14:07,31,0,0,0,False,False,"https://guba.eastmoney.com/news,002055,1716220402.html",2026-07-06 17:09:51
eastmoney_guba,002055,1716223565,开始拉半导体了，不知道有没有你的份,,我勒个烧缸,8844017608558072,2026-05-28 11:15:50,47,2,0,0,False,False,"https://guba.eastmoney.com/news,002055,1716223565.html",2026-07-06 17:09:51
eastmoney_guba,002055,1716229807,杀敌八百，自伤一千式打压，服！,,莫逆势,4773094604408444,2026-05-28 11:19:24,29,0,0,0,False,False,"https://guba.eastmoney.com/news,002055,1716229807.html",2026-07-06 17:09:51
eastmoney_guba,002055,1716230487,两天十个点没了，有点想割肉,,有毅力的顾杭4,6748366502489256,2026-05-28 11:19:48,42,2,0,0,False,False,"https://guba.eastmoney.com/news,002055,1716230487.html",2026-07-06 17:09:51
eastmoney_guba,002055,1716231592,这的是卖公司啊,,新鲜嫩韭菜吆,9048176158817748,2026-05-28 11:20:26,27,0,0,0,False,False,"https://guba.eastmoney.com/news,002055,1716231592.html",2026-07-06 17:09:51
eastmoney_guba,002055,1716236732,今天St股都涨停了，为啥德润这么差？,,江湖再现尼古拉斯,8183013401511276,2026-05-28 11:23:32,83,4,0,0,False,False,"https://guba.eastmoney.com/news,002055,1716236732.html",2026-07-06 17:09:51
eastmoney_guba,002055,1716240190,还是千手大单对轰看得爽，这磨磨唧唧的好累,,我勒个烧缸,8844017608558072,2026-05-28 11:25:31,25,0,0,0,False,False,"https://guba.eastmoney.com/news,002055,1716240190.html",2026-07-06 17:09:51
eastmoney_guba,002055,1716242294,庄家，现在直线涨停加上抛压，你能拿到十万手以上的筹码，还等什么，别让我后悔卖出,,NKStar,3943315599118462,2026-05-28 11:26:43,31,0,0,0,False,False,"https://guba.eastmoney.com/news,002055,1716242294.html",2026-07-06 17:09:51
eastmoney_guba,002055,1716243153,没有抛盘了哈哈己满仓不用盯盘了002055,,后贝加尔斯克,7154013321195756,2026-05-28 11:27:15,74,2,0,0,False,False,"https://guba.eastmoney.com/news,002055,1716243153.html",2026-07-06 17:09:46
eastmoney_guba,002055,1716254804,耐心等公告，或st股涨跌幅变更行情。,,好风长吟,4179386109771602,2026-05-28 11:37:11,44,1,0,0,False,False,"https://guba.eastmoney.com/news,002055,1716254804.html",2026-07-06 17:09:51
eastmoney_guba,002055,1716262199,买不进去的时候，天天夜里排队挂涨停，能买的进去的时候又不敢买，你不进厂打螺丝，谁,,豫P03DC0,8154014280145278,2026-05-28 11:48:00,34,0,0,0,False,False,"https://guba.eastmoney.com/news,002055,1716262199.html",2026-07-06 17:09:51
eastmoney_guba,002055,1716263915,散户太多了，最近都是唱多就没主升。今天走势主力不计较丢筹码。一时半会没戏。,,见好就收5859,3960047762213936,2026-05-28 11:50:54,34,0,0,0,False,False,"https://guba.eastmoney.com/news,002055,1716263915.html",2026-07-06 17:09:51
eastmoney_guba,002055,1716263923,下午涨停了，后面8个连续涨停,,松鹤的宿濂,2490034614534630,2026-05-28 11:50:55,77,2,0,0,False,False,"https://guba.eastmoney.com/news,002055,1716263923.html",2026-07-06 17:09:51
eastmoney_guba,002055,1716267258,还是很吓人的好不好!得润昨天从涨停到跌停，今天又来一次。小散有几个能够高抛低吸的,,安福盛,3594575223133282,2026-05-28 11:57:43,373,3,1,0,True,False,"https://guba.eastmoney.com/news,002055,1716267258.html",2026-07-06 17:09:46
eastmoney_guba,002055,1716267702,还想拉升，昨天今天一拉就被打下来，进了这么多散户，不折磨段时间，还想主力抬轿子，,,我就只有耐心,4562037441809234,2026-05-28 11:58:37,147,4,0,0,False,False,"https://guba.eastmoney.com/news,002055,1716267702.html",2026-07-06 17:09:51
eastmoney_guba,002055,1716268892,喵的，两天掉了十来个点,,fayluo88221,2486305837508182,2026-05-28 12:01:17,35,1,0,0,False,False,"https://guba.eastmoney.com/news,002055,1716268892.html",2026-07-06 17:09:51
eastmoney_guba,002055,1716269748,闻泰科技龙，这个也会跟上吧,,花开发财的曹操,2170226608376578,2026-05-28 12:03:22,35,0,0,0,False,False,"https://guba.eastmoney.com/news,002055,1716269748.html",2026-07-06 17:09:51
eastmoney_guba,002055,1716269922,拿一年看看,,娱乐圈,7405017527894360,2026-05-28 12:03:46,31,0,0,0,False,False,"https://guba.eastmoney.com/news,002055,1716269922.html",2026-07-06 17:09:51
eastmoney_guba,002055,1716271868,拿不住的趁早消户,,中国冲浪爱好者,7022305749420150,2026-05-28 12:08:24,58,2,0,0,False,False,"https://guba.eastmoney.com/news,002055,1716271868.html",2026-07-06 17:09:51
eastmoney_guba,002055,1716279866,今天成交额这么大，主力全力在出货，大概率要会6元时代了也许4元都有可能。大家有多,,见好就收5859,3960047762213936,2026-05-28 12:29:20,52,1,0,0,False,False,"https://guba.eastmoney.com/news,002055,1716279866.html",2026-07-06 17:09:51
eastmoney_guba,002055,1716285986,今天这是玩什么呀,,可避坑可赚钱,8414094369627002,2026-05-28 12:47:12,39,0,0,0,False,False,"https://guba.eastmoney.com/news,002055,1716285986.html",2026-07-06 17:09:51
eastmoney_guba,002055,1716286115,我六元成本你们多少呀？,,可避坑可赚钱,8414094369627002,2026-05-28 12:47:37,85,5,0,0,False,False,"https://guba.eastmoney.com/news,002055,1716286115.html",2026-07-06 17:09:51
eastmoney_guba,002055,1716297861,下午下沙了吧,,见好就收5859,3960047762213936,2026-05-28 13:01:07,43,1,0,0,False,False,"https://guba.eastmoney.com/news,002055,1716297861.html",2026-07-06 17:09:51
eastmoney_guba,002055,1716304891,要求不高，收盘红就行,,我勒个烧缸,8844017608558072,2026-05-28 13:05:07,30,0,0,0,False,False,"https://guba.eastmoney.com/news,002055,1716304891.html",2026-07-06 17:09:51
eastmoney_guba,002055,1716306335,6月中旬之前飞不起来,,基民00F2f28668,9454326319802024,2026-05-28 13:05:51,42,1,0,0,False,False,"https://guba.eastmoney.com/news,002055,1716306335.html",2026-07-06 17:09:51
eastmoney_guba,002055,1716314810,这个盘面好奇怪，总有人低一两个价卖出，跟钱有仇？,,莫逆势,4773094604408444,2026-05-28 13:10:17,84,2,0,0,False,False,"https://guba.eastmoney.com/news,002055,1716314810.html",2026-07-06 17:09:51
eastmoney_guba,002055,1716329687,大盘要蹦了，都来玩St啊。快来玩啊,,只ai女大学生,5139315876529738,2026-05-28 13:17:31,24,0,0,0,False,False,"https://guba.eastmoney.com/news,002055,1716329687.html",2026-07-06 17:09:51
eastmoney_guba,002055,1716338910,5日线过不去跑了,,有专注力123456,3877094317451952,2026-05-28 13:22:20,29,0,0,0,False,False,"https://guba.eastmoney.com/news,002055,1716338910.html",2026-07-06 17:09:51
eastmoney_guba,002055,1716341004,没人加算力概念么,,哦豁涨上去,2257094294085824,2026-05-28 13:23:29,28,0,0,0,False,False,"https://guba.eastmoney.com/news,002055,1716341004.html",2026-07-06 17:09:51
eastmoney_guba,002055,1716345303,看样子又是跌停的货,,邵先生,4046186502913004,2026-05-28 13:25:55,30,0,0,0,False,False,"https://guba.eastmoney.com/news,002055,1716345303.html",2026-07-06 17:09:51
eastmoney_guba,002055,1716353132,打完板就地板我真是服了,,游龙战法,3474356558196494,2026-05-28 13:30:12,202,12,0,0,False,False,"https://guba.eastmoney.com/news,002055,1716353132.html",2026-07-06 17:09:48
eastmoney_guba,002055,1716355215,sm主力,,纯情男大118,4164047327461940,2026-05-28 13:31:27,45,2,0,0,False,False,"https://guba.eastmoney.com/news,002055,1716355215.html",2026-07-06 17:09:51
eastmoney_guba,002055,1716358491,明天还有一根大阴线，三连阴符合正常逻辑,,我是风向标,7292015289809824,2026-05-28 13:33:17,29,0,0,0,False,False,"https://guba.eastmoney.com/news,002055,1716358491.html",2026-07-06 17:09:51
eastmoney_guba,002055,1716371305,洗洗更健康,,金玉如意地刘正风,3965315809493338,2026-05-28 13:40:23,25,0,0,0,False,False,"https://guba.eastmoney.com/news,002055,1716371305.html",2026-07-06 17:09:51
eastmoney_guba,002055,1716380120,7.35买了，高速连接器都在飞。,,股海无涯在东方,2033013745408808,2026-05-28 13:45:03,56,1,0,0,False,False,"https://guba.eastmoney.com/news,002055,1716380120.html",2026-07-06 17:09:51
eastmoney_guba,002055,1716381903,没有新庄来接力的话很长一段时间估计就是震荡了,,o痕迹o,4802306288363612,2026-05-28 13:46:01,28,0,0,0,False,False,"https://guba.eastmoney.com/news,002055,1716381903.html",2026-07-06 17:09:51
eastmoney_guba,002055,1716383535,据说要跌停,,荣耀再现,7403027545726188,2026-05-28 13:46:52,36,0,0,0,False,False,"https://guba.eastmoney.com/news,002055,1716383535.html",2026-07-06 17:09:51
eastmoney_guba,002055,1716384981,大盘都红了，快上去！,,股友56N9869U16,4131087762145454,2026-05-28 13:47:38,46,1,0,0,False,False,"https://guba.eastmoney.com/news,002055,1716384981.html",2026-07-06 17:09:51
eastmoney_guba,002055,1716387033,6.7元支撑位博个短线抄底。,,浅墨安然,5197094128238992,2026-05-28 13:48:41,34,0,0,0,False,False,"https://guba.eastmoney.com/news,002055,1716387033.html",2026-07-06 17:09:51
eastmoney_guba,002055,1716395046,还来十个板,,风何时来,5036456882642454,2026-05-28 13:53:06,22,0,0,0,False,False,"https://guba.eastmoney.com/news,002055,1716395046.html",2026-07-06 17:09:51
eastmoney_guba,002055,1716397163,这种天地板走势真可怕，不知道后面怎么样,,可怜的杨茜3,6524315871021212,2026-05-28 13:54:18,27,0,0,0,False,False,"https://guba.eastmoney.com/news,002055,1716397163.html",2026-07-06 17:09:51
eastmoney_guba,002055,1716409408,大盘与得润无关,,我是风向标,7292015289809824,2026-05-28 14:01:19,45,1,0,0,False,False,"https://guba.eastmoney.com/news,002055,1716409408.html",2026-07-06 17:09:51
eastmoney_guba,002055,1716412318,下拖上压，故意洗盘，看到20,,管住手要有耐心,5110365961066382,2026-05-28 14:02:56,130,4,0,0,False,False,"https://guba.eastmoney.com/news,002055,1716412318.html",2026-07-06 17:09:48
eastmoney_guba,002055,1716419312,彻底出货了,,技术派才是核心,2972426838865372,2026-05-28 14:06:50,32,0,0,0,False,False,"https://guba.eastmoney.com/news,002055,1716419312.html",2026-07-06 17:09:51
eastmoney_guba,002055,1716419895,彻彻底底的出货,,技术派才是核心,2972426838865372,2026-05-28 14:07:10,43,1,0,0,False,False,"https://guba.eastmoney.com/news,002055,1716419895.html",2026-07-06 17:09:48
eastmoney_guba,002055,1716422060,直接跌停，别墨迹。快点反弹,,玲珑剔透的柳飞文,3579085361120428,2026-05-28 14:08:21,31,0,0,0,False,False,"https://guba.eastmoney.com/news,002055,1716422060.html",2026-07-06 17:09:48
eastmoney_guba,002055,1716425852,！！！st雪浪异动应该是有人在敏感时间点前得到第一手消息,,鹏城大散,4828094179997810,2026-05-28 14:10:34,52,0,1,0,False,False,"https://guba.eastmoney.com/news,002055,1716425852.html",2026-07-06 17:09:48
eastmoney_guba,002055,1716432884,主力出货隐蔽性不强，侮辱性很强,,人生巅峰进行曲,6778013800753264,2026-05-28 14:14:36,127,1,0,0,False,False,"https://guba.eastmoney.com/news,002055,1716432884.html",2026-07-06 17:09:48
eastmoney_guba,002055,1716434500,唱多越多越没戏,,见好就收5859,3960047762213936,2026-05-28 14:15:35,28,0,0,0,False,False,"https://guba.eastmoney.com/news,002055,1716434500.html",2026-07-06 17:09:48
eastmoney_guba,002055,1716434850,还有5个板左右,,李不行,3760097659748348,2026-05-28 14:15:48,107,6,0,0,False,False,"https://guba.eastmoney.com/news,002055,1716434850.html",2026-07-06 17:09:48
eastmoney_guba,002055,1716447635,什么这概念、那概念、都别当真，已澄清无华为、英伟达关系，当前还处在终止上市的路上,,股友09E23162a6,7712066984859766,2026-05-28 14:23:26,63,1,0,0,False,False,"https://guba.eastmoney.com/news,002055,1716447635.html",2026-07-06 17:09:48
eastmoney_guba,002055,1716455178,万手哥快来拉板，拉到涨停我就全部给你,,风风火火的霹雳虎,1185335911687490,2026-05-28 14:27:42,26,0,0,0,False,False,"https://guba.eastmoney.com/news,002055,1716455178.html",2026-07-06 17:09:48
eastmoney_guba,002055,1716456935,得润净资产2块多股价7块多，东晶净资产7毛多，股价15块多，这都是什么逻辑，看不,,金欣向荣,2505196365081974,2026-05-28 14:28:47,47,0,0,0,False,False,"https://guba.eastmoney.com/news,002055,1716456935.html",2026-07-06 17:09:48
eastmoney_guba,002055,1716457271,明天涨停,,大鹏88518,8944095059969468,2026-05-28 14:28:59,39,1,0,0,False,False,"https://guba.eastmoney.com/news,002055,1716457271.html",2026-07-06 17:09:48
eastmoney_guba,002055,1716459364,这笔真的很明显,,莫逆势,4773094604408444,2026-05-28 14:30:08,386,3,0,0,True,False,"https://guba.eastmoney.com/news,002055,1716459364.html",2026-07-06 17:09:48
eastmoney_guba,002055,1716460397,明天估计要破7,,可怜的杨茜3,6524315871021212,2026-05-28 14:30:46,34,1,0,0,False,False,"https://guba.eastmoney.com/news,002055,1716460397.html",2026-07-06 17:09:48
eastmoney_guba,002055,1716460939,机构是真狗啊,,我勒个烧缸,8844017608558072,2026-05-28 14:31:04,40,1,0,0,False,False,"https://guba.eastmoney.com/news,002055,1716460939.html",2026-07-06 17:09:48
eastmoney_guba,002055,1716463652,基本废了。2点30没动静,,荣耀再现,7403027545726188,2026-05-28 14:32:41,76,3,0,0,False,False,"https://guba.eastmoney.com/news,002055,1716463652.html",2026-07-06 17:09:48
eastmoney_guba,002055,1716470633,A杀开始了，短期没有希望了,,股友8Y76507U23,8855077296698044,2026-05-28 14:36:45,31,0,0,0,False,False,"https://guba.eastmoney.com/news,002055,1716470633.html",2026-07-06 17:09:48
eastmoney_guba,002055,1716479741,大概率走的是老庄，前几个月天天做T的家伙应该走的差不多了。上海站队应该还在，不可,,笑逐颜开的龚艳,2079345942814724,2026-05-28 14:41:48,169,3,1,0,False,False,"https://guba.eastmoney.com/news,002055,1716479741.html",2026-07-06 17:09:46
eastmoney_guba,002055,1716487134,恭喜打板的家人们，明天继续扣5个点,,股友6k92587C10,3592077454092624,2026-05-28 14:45:53,27,0,0,0,False,False,"https://guba.eastmoney.com/news,002055,1716487134.html",2026-07-06 17:09:48
eastmoney_guba,002055,1716489021,连续两天地板牛逼,,得润两位数,3290024582242248,2026-05-28 14:46:57,42,0,0,0,False,False,"https://guba.eastmoney.com/news,002055,1716489021.html",2026-07-06 17:09:48
eastmoney_guba,002055,1716489197,它现在不跌停，要等竞价的时候封死跌停，就这么变态，你能拿他怎样,,博学多才的小鱼,1190094345248964,2026-05-28 14:47:02,25,0,0,0,False,False,"https://guba.eastmoney.com/news,002055,1716489197.html",2026-07-06 17:09:48
eastmoney_guba,002055,1716489587,结束了就要跌停了,,专注的贺蓓寒,2307064749658256,2026-05-28 14:47:14,25,0,0,0,False,False,"https://guba.eastmoney.com/news,002055,1716489587.html",2026-07-06 17:09:48
eastmoney_guba,002055,1716491425,拿住吧至少得翻一倍就是过程比较煎熬,,股友59D37k6158,6106087454814768,2026-05-28 14:48:15,104,3,0,0,False,False,"https://guba.eastmoney.com/news,002055,1716491425.html",2026-07-06 17:09:48
eastmoney_guba,002055,1716497975,情况都知道，为啥大家还是愿意在这儿装呢？,,股友216Nl62325,7427057506411942,2026-05-28 14:51:50,38,0,0,0,False,False,"https://guba.eastmoney.com/news,002055,1716497975.html",2026-07-06 17:09:48
eastmoney_guba,002055,1716499036,跌停了,,可怜的杨茜3,6524315871021212,2026-05-28 14:52:23,27,0,0,0,False,False,"https://guba.eastmoney.com/news,002055,1716499036.html",2026-07-06 17:09:48
eastmoney_guba,002055,1716499710,真的不能格局两天利润快没了,,哈哈6Niu,3953185814317992,2026-05-28 14:52:44,29,0,0,0,False,False,"https://guba.eastmoney.com/news,002055,1716499710.html",2026-07-06 17:09:48
eastmoney_guba,002055,1716502983,2天天地板，谁还敢玩？,,zhuch1,7677013499151220,2026-05-28 14:54:30,32,0,0,0,False,False,"https://guba.eastmoney.com/news,002055,1716502983.html",2026-07-06 17:09:48
eastmoney_guba,002055,1716503406,散户情绪已崩,,得润两位数,3290024582242248,2026-05-28 14:54:42,28,0,0,0,False,False,"https://guba.eastmoney.com/news,002055,1716503406.html",2026-07-06 17:09:48
eastmoney_guba,002055,1716503867,别砸了别砸了受不了了，心脏受不了,,游龙战法,3474356558196494,2026-05-28 14:54:57,29,0,0,0,False,False,"https://guba.eastmoney.com/news,002055,1716503867.html",2026-07-06 17:09:48
eastmoney_guba,002055,1716505733,妈的昨天涨停进的现在亏15个点,,股友2372T3l790,5823077701892008,2026-05-28 14:55:57,30,0,0,0,False,False,"https://guba.eastmoney.com/news,002055,1716505733.html",2026-07-06 17:09:48
eastmoney_guba,002055,1716506517,第一次看到，两天两个天地板，这是什么股市啊,,股友5O78692X62,1265376279011920,2026-05-28 14:56:21,58,1,0,0,False,False,"https://guba.eastmoney.com/news,002055,1716506517.html",2026-07-06 17:09:48
eastmoney_guba,002055,1716506613,装B装了一天,,股友02e9k53550,3626027549356526,2026-05-28 14:56:24,30,0,0,0,False,False,"https://guba.eastmoney.com/news,002055,1716506613.html",2026-07-06 17:09:48
eastmoney_guba,002055,1716508438,这操作没谁的了,,更丙独狼,4636114088250072,2026-05-28 14:57:36,172,1,0,0,True,False,"https://guba.eastmoney.com/news,002055,1716508438.html",2026-07-06 17:09:46
eastmoney_guba,002055,1716508567,以后这种走势是常态，直到出完货,,博学多才的小鱼,1190094345248964,2026-05-28 14:57:42,47,1,0,0,False,False,"https://guba.eastmoney.com/news,002055,1716508567.html",2026-07-06 17:09:48
eastmoney_guba,002055,1716508744,接着接盘，接着舞。主力丢筹码肯定出货,,见好就收5859,3960047762213936,2026-05-28 14:57:52,32,0,0,0,False,False,"https://guba.eastmoney.com/news,002055,1716508744.html",2026-07-06 17:09:48
eastmoney_guba,002055,1716509240,早上挂的跌停，居然买进了,,笑逐颜开的龚艳,2079345942814724,2026-05-28 14:58:14,134,6,0,0,False,False,"https://guba.eastmoney.com/news,002055,1716509240.html",2026-07-06 17:09:48
eastmoney_guba,002055,1716509803,连续两天。天地板。可以举报的吧。这操纵的太明显了,,技术派才是核心,2972426838865372,2026-05-28 14:58:43,28,0,0,0,False,False,"https://guba.eastmoney.com/news,002055,1716509803.html",2026-07-06 17:09:48
eastmoney_guba,002055,1716509910,这种主力迟早被查，罚没所有。,,红尘朝暮,4159094501661462,2026-05-28 14:58:49,25,0,0,0,False,False,"https://guba.eastmoney.com/news,002055,1716509910.html",2026-07-06 17:09:48
eastmoney_guba,002055,1716510010,完美。很阴险狡诈的主力，把吃干抹净演绎的淋漓尽致,,只做趋势安全第一,4102315594386754,2026-05-28 14:58:55,28,0,0,0,False,False,"https://guba.eastmoney.com/news,002055,1716510010.html",2026-07-06 17:09:48
eastmoney_guba,002055,1716510297,心太黑了，居然尾盘才跌停,,游龙战法,3474356558196494,2026-05-28 14:59:11,41,1,0,0,False,False,"https://guba.eastmoney.com/news,002055,1716510297.html",2026-07-06 17:09:48
eastmoney_guba,002055,1716510668,牛逼，出一天的货,,天涯明月照,9524027276739010,2026-05-28 14:59:30,27,0,0,0,False,False,"https://guba.eastmoney.com/news,002055,1716510668.html",2026-07-06 17:09:48
eastmoney_guba,002055,1716510999,连续2天诱多出货完成，多数人在这2天补仓的来报到，卖出清仓也来报到,,股友02328ef007,7252017447693546,2026-05-28 14:59:50,32,0,0,0,False,False,"https://guba.eastmoney.com/news,002055,1716510999.html",2026-07-06 17:09:48
eastmoney_guba,002055,1716513342,一个个想发财想疯了，明天继续打板。筹码都在散户这里拉起来让你们发财,,见好就收5859,3960047762213936,2026-05-28 15:00:47,37,0,0,0,False,False,"https://guba.eastmoney.com/news,002055,1716513342.html",2026-07-06 17:09:48
eastmoney_guba,002055,1716513397,昨天红两个点进去的，感谢不杀之恩，亏两个点跑了,,赚钱的水哥,3309356152004606,2026-05-28 15:00:50,72,0,0,0,True,False,"https://guba.eastmoney.com/news,002055,1716513397.html",2026-07-06 17:09:48
eastmoney_guba,002055,1716513570,明天要死了,,Gallium186,4764346029237862,2026-05-28 15:00:57,29,0,0,0,False,False,"https://guba.eastmoney.com/news,002055,1716513570.html",2026-07-06 17:09:48
eastmoney_guba,002055,1716514050,地天地，真会玩,,我勒个烧缸,8844017608558072,2026-05-28 15:01:11,27,0,0,0,False,False,"https://guba.eastmoney.com/news,002055,1716514050.html",2026-07-06 17:09:48
eastmoney_guba,002055,1716515466,怎么？？前些日子大家都跌的那么惨的时候给你们吃了九连板！！才回调两个板就骂娘了？,,底牌太贵,1225097195767844,2026-05-28 15:02:06,34,0,0,0,False,False,"https://guba.eastmoney.com/news,002055,1716515466.html",2026-07-06 17:09:48
eastmoney_guba,002055,1716515752,还有人吹涨3倍，5倍，10倍吗？,,久盈长米,7541386186208180,2026-05-28 15:02:19,38,0,0,0,False,False,"https://guba.eastmoney.com/news,002055,1716515752.html",2026-07-06 17:09:48
eastmoney_guba,002055,1716515940,这g装真的太恶毒了本来又是赚几千，到收盘又亏几百块,,股友2CL1625298,6613037356124308,2026-05-28 15:02:27,120,5,0,0,False,False,"https://guba.eastmoney.com/news,002055,1716515940.html",2026-07-06 17:09:46
eastmoney_guba,002055,1716516187,笑死我了，第一次打板就买到这种股，天地板哈哈，还是连着两天,,股友97817IP009,9045067320162884,2026-05-28 15:02:40,26,0,0,0,False,False,"https://guba.eastmoney.com/news,002055,1716516187.html",2026-07-06 17:09:48
eastmoney_guba,002055,1716516749,跌停了，空狗们看到了吧,,股友23t2768y71,9886027404523290,2026-05-28 15:03:06,25,0,0,0,False,False,"https://guba.eastmoney.com/news,002055,1716516749.html",2026-07-06 17:09:48
eastmoney_guba,002055,1716516865,麻没嘛哈哈之前唱空的我得谢谢你你不唱我也不能卖我担心是不是你们冲进去挂山顶了,,沈阳芭菲菜,1764326049115564,2026-05-28 15:03:13,32,0,0,0,False,False,"https://guba.eastmoney.com/news,002055,1716516865.html",2026-07-06 17:09:48
eastmoney_guba,002055,1716517107,主力1.67万筹码大家接啊。,,见好就收5859,3960047762213936,2026-05-28 15:03:27,30,0,0,0,False,False,"https://guba.eastmoney.com/news,002055,1716517107.html",2026-07-06 17:09:48
eastmoney_guba,002055,1716517598,拉黑！,,崔someone,4996057121669342,2026-05-28 15:03:49,25,0,0,0,False,False,"https://guba.eastmoney.com/news,002055,1716517598.html",2026-07-06 17:09:48
eastmoney_guba,002055,1716517980,认可了,,薄暮奇诺,2928157606041732,2026-05-28 15:04:07,33,0,0,0,False,False,"https://guba.eastmoney.com/news,002055,1716517980.html",2026-07-06 17:09:48
eastmoney_guba,002055,1716518018,$ST得润(SZ002055)$,,俏丽的章三仟,1368057084946004,2026-05-28 15:04:09,111,0,0,0,True,False,"https://guba.eastmoney.com/news,002055,1716518018.html",2026-07-06 17:09:48
eastmoney_guba,002055,1716518415,会到5元时代,,我是风向标,7292015289809824,2026-05-28 15:04:31,23,0,0,0,False,False,"https://guba.eastmoney.com/news,002055,1716518415.html",2026-07-06 17:09:48
eastmoney_guba,002055,1716518577,昨天上当，今天开盘挂涨停卖了，拉黑,,涨停涨不停99,5918094519649170,2026-05-28 15:04:40,30,0,0,0,False,False,"https://guba.eastmoney.com/news,002055,1716518577.html",2026-07-06 17:09:48
eastmoney_guba,002055,1716518687,了，幸好跑了,,小圣真君,9211215954668222,2026-05-28 15:04:46,27,0,0,0,False,False,"https://guba.eastmoney.com/news,002055,1716518687.html",2026-07-06 17:09:48
eastmoney_guba,002055,1716518861,回到5元时代,,我是风向标,7292015289809824,2026-05-28 15:04:57,30,0,0,0,False,False,"https://guba.eastmoney.com/news,002055,1716518861.html",2026-07-06 17:09:48
eastmoney_guba,002055,1716518947,浮盈加仓，一把亏光,,股友bYUyJj,1940105365914262,2026-05-28 15:05:02,32,0,0,0,False,False,"https://guba.eastmoney.com/news,002055,1716518947.html",2026-07-06 17:09:48
eastmoney_guba,002055,1716519018,两天两个天地，都是在板上出货，这种出货方式侮辱性极强,,控盘的刺客,3567336263108658,2026-05-28 15:05:06,44,0,0,0,False,False,"https://guba.eastmoney.com/news,002055,1716519018.html",2026-07-06 17:09:48
eastmoney_guba,002055,1716519057,这傻全天压着我就知道它还留了几千万筹码砸尾盘的，为什么每天都差那么几百万，筹码一,,诚实的易晗12,7896007249329266,2026-05-28 15:05:09,151,0,0,0,True,False,"https://guba.eastmoney.com/news,002055,1716519057.html",2026-07-06 17:09:48
eastmoney_guba,002055,1716520243,真牛逼,,股友h065021W70,1679057566504232,2026-05-28 15:06:07,33,0,0,0,False,False,"https://guba.eastmoney.com/news,002055,1716520243.html",2026-07-06 17:09:48
eastmoney_guba,002055,1716520561,还有3个地板，6块才可以考虑,,有专注力123456,3877094317451952,2026-05-28 15:06:22,29,0,0,0,False,False,"https://guba.eastmoney.com/news,002055,1716520561.html",2026-07-06 17:09:48
eastmoney_guba,002055,1716520633,尾盘卖了开盘买，赚5个点,,人生巅峰进行曲,6778013800753264,2026-05-28 15:06:24,29,0,0,0,False,False,"https://guba.eastmoney.com/news,002055,1716520633.html",2026-07-06 17:09:48
eastmoney_guba,002055,1716521958,退市企业全部清仓了,,后贝加尔斯克,7154013321195756,2026-05-28 15:07:29,89,3,0,0,False,False,"https://guba.eastmoney.com/news,002055,1716521958.html",2026-07-06 17:09:48
eastmoney_guba,002055,1716522568,你可真厉害，得润，我服了，两天两个天地板，你真牛,,st念头通达,6379376212140346,2026-05-28 15:08:05,34,0,0,0,False,False,"https://guba.eastmoney.com/news,002055,1716522568.html",2026-07-06 17:09:48
eastmoney_guba,002055,1716523415,怎么突然间了,,股友u8783z7979,9778316540769346,2026-05-28 15:09:06,39,2,0,0,False,False,"https://guba.eastmoney.com/news,002055,1716523415.html",2026-07-06 17:09:48
eastmoney_guba,002055,1716525346,证监会举报电话：12386，大家都拿起电话，举报，立案调查，来10个跌停，看谁怕,,红尘朝暮,4159094501661462,2026-05-28 15:11:29,214,12,0,0,False,False,"https://guba.eastmoney.com/news,002055,1716525346.html",2026-07-06 17:09:46
eastmoney_guba,002055,1716526179,妖的特征，不是天就是地！,,驾马骑牛哥,1700376027661420,2026-05-28 15:12:34,46,1,0,0,False,False,"https://guba.eastmoney.com/news,002055,1716526179.html",2026-07-06 17:09:48
eastmoney_guba,002055,1716526778,以后别碰这个股,,股友i178e05685,8411007432150796,2026-05-28 15:13:17,28,0,0,0,False,False,"https://guba.eastmoney.com/news,002055,1716526778.html",2026-07-06 17:09:48
eastmoney_guba,002055,1716527238,一直在反复说出货，这种两天换手都达到一半的市值都换了一遍，就是出货啊，虽然有人接,,股友9f0776120F,3927137487108460,2026-05-28 15:13:51,253,7,0,0,False,False,"https://guba.eastmoney.com/news,002055,1716527238.html",2026-07-06 17:09:46
eastmoney_guba,002055,1716527336,举报起来,,技术派才是核心,2972426838865372,2026-05-28 15:13:58,31,0,0,0,False,False,"https://guba.eastmoney.com/news,002055,1716527336.html",2026-07-06 17:09:48
eastmoney_guba,002055,1716528384,这就恶心了，让打板的兄弟，怎么吃得下饭。,,趋势向上才能赚钱,1565315973990712,2026-05-28 15:15:29,36,0,0,0,False,False,"https://guba.eastmoney.com/news,002055,1716528384.html",2026-07-06 17:09:48
eastmoney_guba,002055,1716528658,两个天地板，这股有没有主力，这是资金画出来的线吗,,股友pesMpc0627,2232385537831922,2026-05-28 15:15:54,44,1,0,0,False,False,"https://guba.eastmoney.com/news,002055,1716528658.html",2026-07-06 17:09:48
eastmoney_guba,002055,1716528938,谢谢主力给机会上午全部跑了。主力在这个位置跌停，筹码都不要了，估计要退市,,傲寒的秦岚,5793047755670376,2026-05-28 15:16:18,38,0,0,0,False,False,"https://guba.eastmoney.com/news,002055,1716528938.html",2026-07-06 17:09:48
eastmoney_guba,002055,1716529381,太残暴了，，连续两天涨停到跌停,,xxjid88,4474085011653056,2026-05-28 15:17:03,127,4,0,0,False,False,"https://guba.eastmoney.com/news,002055,1716529381.html",2026-07-06 17:09:48
eastmoney_guba,002055,1716529988,今天亏了8个点，,,漫步人生9402896,9848065036630088,2026-05-28 15:18:08,44,2,0,0,False,False,"https://guba.eastmoney.com/news,002055,1716529988.html",2026-07-06 17:09:48
eastmoney_guba,002055,1716530607,不都在说是第二个ST京蓝，跌停就怕了？ST京蓝我是第二个跌停买的，今天没等到跌停,,离论先师,1737111814341664,2026-05-28 15:19:06,135,2,0,0,True,False,"https://guba.eastmoney.com/news,002055,1716530607.html",2026-07-06 17:09:48
eastmoney_guba,002055,1716531076,已举报,,杂毛提鞋,4577112569270974,2026-05-28 15:19:54,27,0,0,0,False,False,"https://guba.eastmoney.com/news,002055,1716531076.html",2026-07-06 17:09:48
eastmoney_guba,002055,1716531783,全部清仓了。况得润早日破产退市破产倒闭002055,,后贝加尔斯克,7154013321195756,2026-05-28 15:21:05,341,11,0,0,False,False,"https://guba.eastmoney.com/news,002055,1716531783.html",2026-07-06 17:09:18
eastmoney_guba,002055,1716532529,本座！今天高点全出了，一股不留，也就小赚了一点，反手重仓进了黄河旋风，留下的兄弟,,怀化辉煌,6160094267018322,2026-05-28 15:22:25,968,4,1,0,True,False,"https://guba.eastmoney.com/news,002055,1716532529.html",2026-07-06 17:09:44
eastmoney_guba,002055,1716533443,骂声一片也没用，给跑的机会要抓住喂。散户多一辈子都拉不了,,见好就收5859,3960047762213936,2026-05-28 15:24:01,31,0,0,0,False,False,"https://guba.eastmoney.com/news,002055,1716533443.html",2026-07-06 17:09:48
eastmoney_guba,002055,1716533731,不会是之前敢死队的一群人吧，徐翔的放出来要从陶覆辙么,,股友959083gH69,3527097495215902,2026-05-28 15:24:23,35,0,0,0,False,False,"https://guba.eastmoney.com/news,002055,1716533731.html",2026-07-06 17:09:48
eastmoney_guba,002055,1716533966,呵呵，连续两天同样的走势，真是恶心到家了啊,,A芯天微,3237376091768806,2026-05-28 15:24:41,28,0,0,0,False,False,"https://guba.eastmoney.com/news,002055,1716533966.html",2026-07-06 17:09:48
eastmoney_guba,002055,1716536246,真你,,股友0716V18v08,4592037484166060,2026-05-28 15:27:32,36,0,0,0,False,False,"https://guba.eastmoney.com/news,002055,1716536246.html",2026-07-06 17:09:48
eastmoney_guba,002055,1716536389,大家不用紧张，虽然我涨停卖了，但是这股未必走完，明天预计就会横住了。最强势走法就,,惊爆点男主,8399375724329702,2026-05-28 15:27:42,911,17,1,0,False,False,"https://guba.eastmoney.com/news,002055,1716536389.html",2026-07-06 17:09:44
eastmoney_guba,002055,1716536769,平均一个散户接五万，这两天多了两千散户，这是接了多少飞刀啊,,请叫我接盘哥,5539256141330290,2026-05-28 15:28:09,47,0,0,0,False,False,"https://guba.eastmoney.com/news,002055,1716536769.html",2026-07-06 17:09:46
eastmoney_guba,002055,1716538328,是啊，第一次见这样的主力也是实在格局不下去了，让他自己玩吧，去惠丰钻石了,,幸运糖果,1478094359782984,2026-05-28 15:30:39,200,0,0,0,True,False,"https://guba.eastmoney.com/news,002055,1716538328.html",2026-07-06 17:09:46
eastmoney_guba,002055,1716539074,继续格局,,气冲冲的杨红1,6013005162339600,2026-05-28 15:31:50,36,0,0,0,False,False,"https://guba.eastmoney.com/news,002055,1716539074.html",2026-07-06 17:09:46
eastmoney_guba,002055,1716540297,曹两天12个点的大面,,娱乐圈,7405017527894360,2026-05-28 15:33:48,41,0,0,0,False,False,"https://guba.eastmoney.com/news,002055,1716540297.html",2026-07-06 17:09:46
eastmoney_guba,002055,1716542931,参考正平京蓝，第一次调整高换手时走势，明天反包概率大（只发表意见，不赞成买卖）。,,ZVJDvI,6539305756439150,2026-05-28 15:37:53,501,10,0,0,False,False,"https://guba.eastmoney.com/news,002055,1716542931.html",2026-07-06 17:09:46
eastmoney_guba,002055,1716544277,dm事无巨细的着重强调，跟这天地有没有点关系,,股友76308d8E66,7084077421707996,2026-05-28 15:40:28,47,0,0,0,False,False,"https://guba.eastmoney.com/news,002055,1716544277.html",2026-07-06 17:09:46
eastmoney_guba,002055,1716547624,太开心了，昨天没跑掉，今天早上涨停全部卖了感谢主力让我吃肉。谢谢,,腿力,8960094181303390,2026-05-28 15:48:20,49,0,0,0,False,False,"https://guba.eastmoney.com/news,002055,1716547624.html",2026-07-06 17:09:46
eastmoney_guba,002055,1716549667,昨天7.9出，今天7.4就接回来了，太没耐心了,,可怜的杨茜3,6524315871021212,2026-05-28 15:53:25,41,0,0,0,False,False,"https://guba.eastmoney.com/news,002055,1716549667.html",2026-07-06 17:09:46
eastmoney_guba,002055,1716551820,下来补完缺口先,,zhfxzwb,7584034943876678,2026-05-28 15:58:31,92,1,1,0,False,False,"https://guba.eastmoney.com/news,002055,1716551820.html",2026-07-06 17:08:33
eastmoney_guba,002055,1716552021,这是个恨庄连续两天天地板，还好昨天跑了,,红渠旗,3047385918535026,2026-05-28 15:59:07,46,0,0,0,False,False,"https://guba.eastmoney.com/news,002055,1716552021.html",2026-07-06 17:09:46
eastmoney_guba,002055,1716552670,这么吗？好不容易今年财富自有，涨起来好不好,,专业薅龙大羊毛,3804047346586666,2026-05-28 16:00:57,42,0,0,0,False,False,"https://guba.eastmoney.com/news,002055,1716552670.html",2026-07-06 17:09:46
eastmoney_guba,002055,1716552933,别卖啊，这是牛股啊，涨起来吧，我就看好你了,,专业薅龙大羊毛,3804047346586666,2026-05-28 16:01:42,56,2,0,0,False,False,"https://guba.eastmoney.com/news,002055,1716552933.html",2026-07-06 17:09:46
eastmoney_guba,002055,1716555625,这个股亏在自己操作失误上，阴差阳错碰到后面的走势，看来现在ZL资金已经不简单,,股友ygygyg,5284346116178520,2026-05-28 16:08:23,42,0,0,0,False,False,"https://guba.eastmoney.com/news,002055,1716555625.html",2026-07-06 17:09:46
eastmoney_guba,002055,1716556799,gou庄你搞这么大动静现在最低位上来连40%都没有！,,山外有三,2553335533082166,2026-05-28 16:11:28,39,0,0,0,False,False,"https://guba.eastmoney.com/news,002055,1716556799.html",2026-07-06 17:09:46
eastmoney_guba,002055,1716557858,你们挺乐观啊，嘿嘿,,气宇轩昂的邱渝荣,7108513244614690,2026-05-28 16:14:24,37,0,0,0,False,False,"https://guba.eastmoney.com/news,002055,1716557858.html",2026-07-06 17:09:46
eastmoney_guba,002055,1716557933,这群操盘手牛逼,,金欣向荣,2505196365081974,2026-05-28 16:14:39,56,1,0,0,False,False,"https://guba.eastmoney.com/news,002055,1716557933.html",2026-07-06 17:09:46
eastmoney_guba,002055,1716558475,是福还是祸？,,挨宰的小散a,9361094375581582,2026-05-28 16:16:08,454,6,0,0,True,False,"https://guba.eastmoney.com/news,002055,1716558475.html",2026-07-06 17:09:46
eastmoney_guba,002055,1716559159,ST得润这家注册于深圳的公司，由于连年亏损，始终未能获得市场关注。至今无人举牌，,,久盈长米,7541386186208180,2026-05-28 16:18:06,680,7,0,0,False,False,"https://guba.eastmoney.com/news,002055,1716559159.html",2026-07-06 17:09:44
eastmoney_guba,002055,1716559178,连续暴跌为啥不出风险提示,,要听预言家,3583345918538592,2026-05-28 16:18:10,71,2,0,0,False,False,"https://guba.eastmoney.com/news,002055,1716559178.html",2026-07-06 17:09:46
eastmoney_guba,002055,1716559914,连续两天天地板，这是要成大妖的节奏！明天必须买入,,ST也有春天,1593114748001510,2026-05-28 16:20:26,244,8,0,0,False,False,"https://guba.eastmoney.com/news,002055,1716559914.html",2026-07-06 17:09:46
eastmoney_guba,002055,1716562743,明天我也要买进拿3年看它怎么洗出我估计3年后上一百,,股友959083gH69,3527097495215902,2026-05-28 16:28:52,117,3,0,0,False,False,"https://guba.eastmoney.com/news,002055,1716562743.html",2026-07-06 17:09:46
eastmoney_guba,002055,1716564051,关注我不迷路，要是昨天看到我发的帖子，今天早盘涨停卖了，红盘卖了，就能给你挽留很,,知进退才能明得失,1008326445912624,2026-05-28 16:32:41,141,7,0,0,False,False,"https://guba.eastmoney.com/news,002055,1716564051.html",2026-07-06 17:09:44
eastmoney_guba,002055,1716564611,主力给明给1.67万手筹码，让大家接。低价筹码一般不需要抢,,傲寒的秦岚,5793047755670376,2026-05-28 16:34:19,45,0,0,0,False,False,"https://guba.eastmoney.com/news,002055,1716564611.html",2026-07-06 17:09:46
eastmoney_guba,002055,1716564950,全被散户接盘了,,股友u592131r83,1655316302883186,2026-05-28 16:34:54,49,1,0,0,False,False,"https://guba.eastmoney.com/news,002055,1716564950.html",2026-07-06 17:09:46
eastmoney_guba,002055,1716565264,明天最后的买入机会了，明天不买后天买不进了,,舍得润,4484346120850282,2026-05-28 16:35:47,76,1,0,0,False,False,"https://guba.eastmoney.com/news,002055,1716565264.html",2026-07-06 17:09:46
eastmoney_guba,002055,1716567704,哈哈，快下来，我还有大把现金没上仓位呢,,zfaquir,9342395744129562,2026-05-28 16:42:36,47,0,0,0,False,False,"https://guba.eastmoney.com/news,002055,1716567704.html",2026-07-06 17:09:46
eastmoney_guba,002055,1716568798,竞价弱转强打板错在哪里啊，今天拉升封板的大资金为什么一点都不维护啊,,机灵的韦苑研,8304017605339352,2026-05-28 16:45:39,265,10,0,0,False,False,"https://guba.eastmoney.com/news,002055,1716568798.html",2026-07-06 17:09:46
eastmoney_guba,002055,1716568833,今天成交多少亿，明天地板上就有多少亿封单里面的人没有一个是无辜的,,股友6k92587C10,3592077454092624,2026-05-28 16:45:47,194,10,0,0,False,False,"https://guba.eastmoney.com/news,002055,1716568833.html",2026-07-06 17:09:46
eastmoney_guba,002055,1716569300,@后贝加尔斯克我在龙大，希望你来龙大,,在等花开,8401326115653406,2026-05-28 16:47:20,40,0,0,0,False,False,"https://guba.eastmoney.com/news,002055,1716569300.html",2026-07-06 17:09:46
eastmoney_guba,002055,1716572247,这么砸也不监管一下？,,st大平头,3943305709821276,2026-05-28 16:55:40,126,6,0,0,False,False,"https://guba.eastmoney.com/news,002055,1716572247.html",2026-07-06 17:09:46
eastmoney_guba,002055,1716573982,这两天老庄出货新庄进场，板上继续加仓。二波十个板起步。,,掘金高歌,5238386190584350,2026-05-28 17:00:45,128,3,0,0,False,False,"https://guba.eastmoney.com/news,002055,1716573982.html",2026-07-06 17:09:46
eastmoney_guba,002055,1716574045,这种跌法像不像杀猪盘。,,ST豹富,6718386127104794,2026-05-28 17:00:55,41,0,0,0,False,False,"https://guba.eastmoney.com/news,002055,1716574045.html",2026-07-06 17:09:46
eastmoney_guba,002055,1716574567,全是散户接盘，估计后面又是横盘震荡了。,,邵先生,4046186502913004,2026-05-28 17:02:23,38,0,0,0,False,False,"https://guba.eastmoney.com/news,002055,1716574567.html",2026-07-06 17:09:46
eastmoney_guba,002055,1716576864,高位放量危险了,,shakia,3068094078360690,2026-05-28 17:09:10,39,0,0,0,False,False,"https://guba.eastmoney.com/news,002055,1716576864.html",2026-07-06 17:09:46
eastmoney_guba,002055,1716577062,今天涨停有1亿资金被埋,,股友AhZ9hL8092,2295545201705404,2026-05-28 17:09:39,208,5,0,0,False,False,"https://guba.eastmoney.com/news,002055,1716577062.html",2026-07-06 17:09:46
eastmoney_guba,002055,1716578863,这个市场每天都是一场考试！,,雨龙l,5406097029766946,2026-05-28 17:15:13,345,0,0,0,True,False,"https://guba.eastmoney.com/news,002055,1716578863.html",2026-07-06 17:09:46
eastmoney_guba,002055,1716580067,真的厉害，早上看他涨停还以为反包成妖了，结果成虫了，明天如果大低开，昨天今天打板,,ST控制,2797385924806406,2026-05-28 17:19:01,201,0,0,0,False,False,"https://guba.eastmoney.com/news,002055,1716580067.html",2026-07-06 17:09:46
eastmoney_guba,002055,1716581916,主力跑了，麻烦了,,桑榆的赵蘅,2289047689085386,2026-05-28 17:24:44,44,1,0,0,False,False,"https://guba.eastmoney.com/news,002055,1716581916.html",2026-07-06 17:09:46
eastmoney_guba,002055,1716582065,跑了，战投在压价，有消息再来,,st大平头,3943305709821276,2026-05-28 17:25:01,584,9,0,0,True,False,"https://guba.eastmoney.com/news,002055,1716582065.html",2026-07-06 17:09:38
eastmoney_guba,002055,1716585242,有很多人认为主力走了，我反而加仓，那个主力走还会留缺口给你走，都是连续几个跌停板,,貔貅688,1116515213552526,2026-05-28 17:34:47,112,2,0,0,False,False,"https://guba.eastmoney.com/news,002055,1716585242.html",2026-07-06 17:09:46
eastmoney_guba,002055,1716585594,明天低开抢筹嘛,,抓个唐僧做晚餐,1817535222252366,2026-05-28 17:35:58,39,0,0,0,False,False,"https://guba.eastmoney.com/news,002055,1716585594.html",2026-07-06 17:09:46
eastmoney_guba,002055,1716585863,请求主力，明天给家人们来一碗大面，跌停。我支持你主力。,,腿力,8960094181303390,2026-05-28 17:36:50,125,4,0,0,False,False,"https://guba.eastmoney.com/news,002055,1716585863.html",2026-07-06 17:09:46
eastmoney_guba,002055,1716589782,股权分散现状截至2026年3月31日，公司前十大股东合计持股仅约8.72%，控股,,貔貅688,1116515213552526,2026-05-28 17:48:59,622,7,0,0,False,False,"https://guba.eastmoney.com/news,002055,1716589782.html",2026-07-06 17:09:46
eastmoney_guba,002055,1716590595,如果再跌停三次就是牛股,,股友0y98V35568,2725336281553920,2026-05-28 17:51:46,45,0,0,0,False,False,"https://guba.eastmoney.com/news,002055,1716590595.html",2026-07-06 17:09:46
eastmoney_guba,002055,1716591286,2天埋了17个亿，还能说什么呢,,ST2118,5505024573903520,2026-05-28 17:53:59,242,7,0,0,False,False,"https://guba.eastmoney.com/news,002055,1716591286.html",2026-07-06 17:09:44
eastmoney_guba,002055,1716591861,金刚石散热火爆！概念股持续上涨 这些公司披露相关业务布局,,ST得润资讯,9481113638045702,2026-05-28 17:56:00,12797,7,48,0,False,False,"https://guba.eastmoney.com/news,002055,1716591861.html",2026-07-06 17:09:44
eastmoney_guba,002055,1716592519,没啥好怕的，低位放量是好事，原本盈利10个点，昨天加仓，今天加仓，目前浮亏1个点,,股市大神棍,8257386401439770,2026-05-28 17:58:07,78,1,0,0,False,False,"https://guba.eastmoney.com/news,002055,1716592519.html",2026-07-06 17:09:46
eastmoney_guba,002055,1716592754,好股回踩往上走，烂股一跌不回头，大家怎么看,,知足常乐对吧,9052386172588498,2026-05-28 17:59:00,53,1,0,0,False,False,"https://guba.eastmoney.com/news,002055,1716592754.html",2026-07-06 17:09:46
eastmoney_guba,002055,1716596257,请大家也按此向得润电子的董秘提问,,垂钓梵河,1790094480175166,2026-05-28 18:10:56,285,6,0,0,False,False,"https://guba.eastmoney.com/news,002055,1716596257.html",2026-07-06 17:09:46
eastmoney_guba,002055,1716597043,过两天举牌了,,卖飞狗真蠢啊,6226256092967134,2026-05-28 18:13:54,44,1,0,0,False,False,"https://guba.eastmoney.com/news,002055,1716597043.html",2026-07-06 17:09:46
eastmoney_guba,002055,1716598910,这走势还没跌到位，还有一个跌停,,股神金不二,6806375997239834,2026-05-28 18:20:16,71,3,0,0,False,False,"https://guba.eastmoney.com/news,002055,1716598910.html",2026-07-06 17:09:46
eastmoney_guba,002055,1716599191,5.8的本，目前6层仓，继续格局，如果明天地板开，再加2层仓，不翻两三倍不清仓。,,掘金高歌,5238386190584350,2026-05-28 18:21:17,134,5,0,0,False,False,"https://guba.eastmoney.com/news,002055,1716599191.html",2026-07-06 17:09:46
eastmoney_guba,002055,1716599940,按节奏明天地板开，往死里加,,抓个唐僧做晚餐,1817535222252366,2026-05-28 18:24:06,46,1,0,0,False,False,"https://guba.eastmoney.com/news,002055,1716599940.html",2026-07-06 17:09:46
eastmoney_guba,002055,1716600880,两个天地虽然有多头反抗的迹象，但是明显空头胜利，接下来就是温水煮青蛙或者长期横盘,,股友9f0776120F,3927137487108460,2026-05-28 18:27:08,61,0,0,0,False,False,"https://guba.eastmoney.com/news,002055,1716600880.html",2026-07-06 17:09:46
eastmoney_guba,002055,1716601190,其实什么都没变，变的是你们的心，区区一点点振幅就人心惶惶拿不住了，当你的心里坚定,,我在情绪之外,9194047483250996,2026-05-28 18:28:04,299,7,2,0,False,False,"https://guba.eastmoney.com/news,002055,1716601190.html",2026-07-06 17:09:44
eastmoney_guba,002055,1716601869,明天直接跌停板开盘，开盘扣钱模式！8.25的岗,,金欣向荣,2505196365081974,2026-05-28 18:30:27,72,1,0,0,False,False,"https://guba.eastmoney.com/news,002055,1716601869.html",2026-07-06 17:09:46
eastmoney_guba,002055,1716602531,还以为你是京蓝，结果拉完了,,股友50778H3z68,3303037629956610,2026-05-28 18:32:51,338,1,0,0,True,False,"https://guba.eastmoney.com/news,002055,1716602531.html",2026-07-06 17:09:46
eastmoney_guba,002055,1716602968,这股跟存储有半毛钱关系？存储里面多少只股翻了好几倍了，这货从最高点70多块一路跌,,股友6k92587C10,3592077454092624,2026-05-28 18:34:19,324,6,1,0,False,False,"https://guba.eastmoney.com/news,002055,1716602968.html",2026-07-06 17:09:46
eastmoney_guba,002055,1716602973,明天再来个天地板，就名场大A啦,,股友0y98V35568,2725336281553920,2026-05-28 18:34:21,69,1,0,0,False,False,"https://guba.eastmoney.com/news,002055,1716602973.html",2026-07-06 17:09:44
eastmoney_guba,002055,1716603704,连续2天天地板，这票废了,,犇犇犇犇315,6984355830675714,2026-05-28 18:37:07,43,0,0,0,False,False,"https://guba.eastmoney.com/news,002055,1716603704.html",2026-07-06 17:09:46
eastmoney_guba,002055,1716606305,得润两天天地板，基本上近期起不来了。两个天地板太伤人了！如果资金想近期拉上去，做,,酒杯水,2028385537801852,2026-05-28 18:47:03,386,11,0,0,False,False,"https://guba.eastmoney.com/news,002055,1716606305.html",2026-07-06 17:09:46
eastmoney_guba,002055,1716608073,明天可能还要下来，最近两天放量太多了等待调整吧这股空头狠心硬砸,,股友7r2I525850,5389047638016770,2026-05-28 18:54:02,48,0,0,0,False,False,"https://guba.eastmoney.com/news,002055,1716608073.html",2026-07-06 17:09:46
eastmoney_guba,002055,1716614419,小得子怎么龙虎榜不见了,,股友AsOoD4,1584045453977490,2026-05-28 19:16:37,42,0,0,0,False,False,"https://guba.eastmoney.com/news,002055,1716614419.html",2026-07-06 17:09:46
eastmoney_guba,002055,1716615117,纱布一个 人家炒啥都不知道,,卖飞狗真蠢啊,6226256092967134,2026-05-28 19:19:27,38,0,0,0,False,False,"https://guba.eastmoney.com/news,002055,1716615117.html",2026-07-06 17:09:46
eastmoney_guba,002055,1716618903,真好，提前让大家适应七月份的新规！！st10厘米,,只ai女大学生,5139315876529738,2026-05-28 19:33:49,166,4,0,0,False,False,"https://guba.eastmoney.com/news,002055,1716618903.html",2026-07-06 17:09:46
eastmoney_guba,002055,1716622240,今天没有猫狗榜？,,未来丶1,3705326147628456,2026-05-28 19:46:06,42,0,0,0,False,False,"https://guba.eastmoney.com/news,002055,1716622240.html",2026-07-06 17:09:46
eastmoney_guba,002055,1716622246,这主力真会玩，都迷糊了,,股友100zG51075,9531346262250688,2026-05-28 19:46:07,48,0,0,0,False,False,"https://guba.eastmoney.com/news,002055,1716622246.html",2026-07-06 17:09:46
eastmoney_guba,002055,1716622554,英子没有你我怎么荣耀得起来,,气宇不凡的庄芝蔓,7928067471013532,2026-05-28 19:47:16,1174,8,1,0,False,False,"https://guba.eastmoney.com/news,002055,1716622554.html",2026-07-06 17:09:44
eastmoney_guba,002055,1716637693,明天涨停板,,后贝加尔斯克,7154013321195756,2026-05-28 20:38:39,125,2,0,0,False,False,"https://guba.eastmoney.com/news,002055,1716637693.html",2026-07-06 17:09:44
eastmoney_guba,002055,1716638500,废了，两天稳稳当当套了一批站岗的，还是那句话，破6，,,缠中有禅,3527094184941918,2026-05-28 20:41:26,183,4,0,0,False,False,"https://guba.eastmoney.com/news,002055,1716638500.html",2026-07-06 17:08:31
eastmoney_guba,002055,1716640781,等大多数人适应了涨停卖跌停买，它就会连续一字拉升，让你后悔得拍肿大腿。,,jyjndj,3827315559864390,2026-05-28 20:48:20,72,0,0,0,False,False,"https://guba.eastmoney.com/news,002055,1716640781.html",2026-07-06 17:09:46
eastmoney_guba,002055,1716643150,看看三班组的票，王力安防、名雕股份、美邦股份，一地鸡毛,,大脸猫516,9580316107792940,2026-05-28 20:55:59,498,6,0,0,False,False,"https://guba.eastmoney.com/news,002055,1716643150.html",2026-07-06 17:09:44
eastmoney_guba,002055,1716644559,这个后期还有什么预期吗？涨的莫名其妙，跌的毫无人性。,,邵先生,4046186502913004,2026-05-28 21:00:37,71,1,0,0,False,False,"https://guba.eastmoney.com/news,002055,1716644559.html",2026-07-06 17:09:46
eastmoney_guba,002055,1716644963,这2天走势电视剧都拍不来，今天小赚出局，6元接回，本人分折，国资7成会入主，短期,,这也行1234,8524085274279044,2026-05-28 21:02:01,73,0,0,0,False,False,"https://guba.eastmoney.com/news,002055,1716644963.html",2026-07-06 17:09:46
eastmoney_guba,002055,1716646570,头尾相应很好，你已被举报，在等待证监会回复…,,我是风向标,7292015289809824,2026-05-28 21:07:15,373,13,0,0,False,False,"https://guba.eastmoney.com/news,002055,1716646570.html",2026-07-06 17:09:44
eastmoney_guba,002055,1716649369,没异动吗,,股神金刚777,4107025462707308,2026-05-28 21:15:59,44,0,0,0,False,False,"https://guba.eastmoney.com/news,002055,1716649369.html",2026-07-06 17:09:46
eastmoney_guba,002055,1716652423,看看雅博的效率，你这动作太慢了,,st大平头,3943305709821276,2026-05-28 21:26:12,142,2,0,0,False,False,"https://guba.eastmoney.com/news,002055,1716652423.html",2026-07-06 17:09:44
eastmoney_guba,002055,1716655972,三板组，后续A下来，一地鸡毛，幸亏上周卖完了,,在A股赚彩礼,2227067549591522,2026-05-28 21:37:45,64,1,0,0,False,False,"https://guba.eastmoney.com/news,002055,1716655972.html",2026-07-06 17:09:44
eastmoney_guba,002055,1716658723,今天的电子这么强你竟然让我亏钱,,知足常乐对吧,9052386172588498,2026-05-28 21:45:31,37,0,0,0,False,False,"https://guba.eastmoney.com/news,002055,1716658723.html",2026-07-06 17:09:44
eastmoney_guba,002055,1716667148,你要是能连续三天都天地板，那也算是给我长了见识了，我也愿赌服输了,,被套就割,9679127793622906,2026-05-28 22:11:52,277,6,0,0,False,False,"https://guba.eastmoney.com/news,002055,1716667148.html",2026-07-06 17:09:44
eastmoney_guba,002055,1716668526,目前的走势可能是有人要举牌，可能过几天就知道了。,,旅途中的旅行者,7865013544352338,2026-05-28 22:15:51,224,3,0,0,False,False,"https://guba.eastmoney.com/news,002055,1716668526.html",2026-07-06 17:09:44
eastmoney_guba,002055,1716670714,（爬不出的3号线）转载自“雪球”很多年以后，当他站在深圳地铁3号线摇晃的车厢里，,,ST关中二哥,1867316255751034,2026-05-28 22:22:41,797,1,2,0,False,False,"https://guba.eastmoney.com/news,002055,1716670714.html",2026-07-06 17:09:44
eastmoney_guba,002055,1716671298,主力太坏了，发个不是英伟达供应商公告，其实是英特尔实锤供应商。未来的产能肯定是爆,,山水晨旭,1533094337718104,2026-05-28 22:24:32,359,2,0,0,False,False,"https://guba.eastmoney.com/news,002055,1716671298.html",2026-07-06 17:09:44
eastmoney_guba,002055,1716673015,还有没有其它连续天地板的，让我参考参考,,镰影重重,7240047024367618,2026-05-28 22:29:48,353,5,0,0,False,False,"https://guba.eastmoney.com/news,002055,1716673015.html",2026-07-06 17:09:44
eastmoney_guba,002055,1716673153,战投快来了，,,心系凡尘96,8876386474735250,2026-05-28 22:30:16,53,0,0,0,False,False,"https://guba.eastmoney.com/news,002055,1716673153.html",2026-07-06 17:09:44
eastmoney_guba,002055,1716678176,太过刺激，有点发晕,,股友6593h3939U,3487067293378080,2026-05-28 22:47:03,43,0,0,0,False,False,"https://guba.eastmoney.com/news,002055,1716678176.html",2026-07-06 17:09:44
eastmoney_guba,002055,1716678558,已清仓，换闻泰，大肉过来,,ST电子专家,5491094290150982,2026-05-28 22:48:35,51,1,0,0,False,False,"https://guba.eastmoney.com/news,002055,1716678558.html",2026-07-06 17:09:44
eastmoney_guba,002055,1716689109,明天地天没悬念,,吉祥牛牛牛,2848305974573802,2026-05-28 23:31:53,58,2,0,0,False,False,"https://guba.eastmoney.com/news,002055,1716689109.html",2026-07-06 17:09:44
eastmoney_guba,002055,1716695554,没想到你以股价连续两天天地板出名真了,,股友0y98V35568,2725336281553920,2026-05-29 00:10:58,53,0,0,0,False,False,"https://guba.eastmoney.com/news,002055,1716695554.html",2026-07-06 17:09:44
eastmoney_guba,002055,1716696001,十大股东总共才百分之10，筹码太分散了吧,,笑吟吟的张无忌,7352306432734372,2026-05-29 00:14:48,51,1,0,0,False,False,"https://guba.eastmoney.com/news,002055,1716696001.html",2026-07-06 17:09:44
eastmoney_guba,002055,1716697961,最少最少还有一个地板的跌幅，想抄底的一定要管住手，等企稳再入，千万不能在还没有企,,股友9f0776120F,3927137487108460,2026-05-29 00:33:05,48,0,0,0,False,False,"https://guba.eastmoney.com/news,002055,1716697961.html",2026-07-06 17:09:44
eastmoney_guba,002055,1716699589,明天地板没悬念了,,八方发财的李白,2055316304814764,2026-05-29 00:53:05,49,0,0,0,False,False,"https://guba.eastmoney.com/news,002055,1716699589.html",2026-07-06 17:09:44
eastmoney_guba,002055,1716711297,今天收益BYD无人驾驶，起飞,,内部人市,6054315557394284,2026-05-29 05:34:36,53,0,1,0,False,False,"https://guba.eastmoney.com/news,002055,1716711297.html",2026-07-06 17:09:44
eastmoney_guba,002055,1716718181,今天应该涨停了吧,,可避坑可赚钱,8414094369627002,2026-05-29 06:40:55,49,1,0,0,False,False,"https://guba.eastmoney.com/news,002055,1716718181.html",2026-07-06 17:09:44
eastmoney_guba,002055,1716724441,第二个ST华通,,ZVJDvI,6539305756439150,2026-05-29 07:32:59,71,0,0,0,False,False,"https://guba.eastmoney.com/news,002055,1716724441.html",2026-07-06 17:09:44
eastmoney_guba,002055,1716725713,你和戴尔有没有啥关系？,,一鸣惊人之盛盛盛,9563396488123588,2026-05-29 07:40:32,55,2,0,0,False,False,"https://guba.eastmoney.com/news,002055,1716725713.html",2026-07-06 17:09:44
eastmoney_guba,002055,1716725922,得润的CPUstockv2开始快速增产了！,,垂钓梵河,1790094480175166,2026-05-29 07:41:29,66,0,0,0,False,False,"https://guba.eastmoney.com/news,002055,1716725922.html",2026-07-06 17:09:44
eastmoney_guba,002055,1716726364,前天涨停开盘暴跌，昨天更是拉涨停到跌停，骗了不少人。,,一帆风顺的你,7705017509410194,2026-05-29 07:43:58,64,1,0,0,False,False,"https://guba.eastmoney.com/news,002055,1716726364.html",2026-07-06 17:09:44
eastmoney_guba,002055,1716728876,|股票ST得润获得实用新型专利授权：“一种连接器及电子设备”来源：证券之星企业动,,billding,2974013765735040,2026-05-29 07:55:57,322,0,0,0,True,False,"https://guba.eastmoney.com/news,002055,1716728876.html",2026-07-06 17:09:44
eastmoney_guba,002055,1716729964,昨日已建仓，建仓成本7.35，中线持有，希望有个好收成。,,健康的梅宇航,1275376266924470,2026-05-29 08:01:05,311,6,1,0,False,False,"https://guba.eastmoney.com/news,002055,1716729964.html",2026-07-06 17:09:27
eastmoney_guba,002055,1716733122,戴尔业绩远超预期，股价大涨38%,,股市小羔羊,3561396025664456,2026-05-29 08:15:46,78,2,0,0,False,False,"https://guba.eastmoney.com/news,002055,1716733122.html",2026-07-06 17:09:44
eastmoney_guba,002055,1716734883,真是个垃圾股，天天都跌停。,,江湖再现尼古拉斯,8183013401511276,2026-05-29 08:23:55,36,0,0,0,False,False,"https://guba.eastmoney.com/news,002055,1716734883.html",2026-07-06 17:09:44
eastmoney_guba,002055,1716738316,挂好隔夜单了吗家人们今天看看哪个幸运儿可以排出去咯,,股友6k92587C10,3592077454092624,2026-05-29 08:37:21,74,2,0,0,False,False,"https://guba.eastmoney.com/news,002055,1716738316.html",2026-07-06 17:09:44
eastmoney_guba,002055,1716738696,小德子这几天走法不正常，有妖气，今天顶多探一下，应该起稳了，说不准来个涨停，总之,,股友100zG51075,9531346262250688,2026-05-29 08:38:48,83,1,0,0,False,False,"https://guba.eastmoney.com/news,002055,1716738696.html",2026-07-06 17:09:44
eastmoney_guba,002055,1716738948,会不会走A杀,,大V筑基期,6932105410794552,2026-05-29 08:39:59,61,2,0,0,False,False,"https://guba.eastmoney.com/news,002055,1716738948.html",2026-07-06 17:09:44
eastmoney_guba,002055,1716745194,早盘闲聊,,稳战稳赢,2358345863369978,2026-05-29 09:02:16,2322,60,0,0,False,False,"https://guba.eastmoney.com/news,002055,1716745194.html",2026-07-06 17:09:40
eastmoney_guba,002055,1716753505,洗盘真凶,,不合的牛肉干1,6687395894565002,2026-05-29 09:15:22,30,0,0,0,False,False,"https://guba.eastmoney.com/news,002055,1716753505.html",2026-07-06 17:09:44
eastmoney_guba,002055,1716753708,今天又是什么套路？,,预瞄高手,3451077611993496,2026-05-29 09:15:45,28,0,0,0,False,False,"https://guba.eastmoney.com/news,002055,1716753708.html",2026-07-06 17:09:44
eastmoney_guba,002055,1716753800,天地板吗,,股友S6gY4Y,8313365527437642,2026-05-29 09:15:54,27,0,0,0,False,False,"https://guba.eastmoney.com/news,002055,1716753800.html",2026-07-06 17:09:44
eastmoney_guba,002055,1716753824,大傻春，你要干嘛,,股友9f0776120F,3927137487108460,2026-05-29 09:15:56,30,0,0,0,False,False,"https://guba.eastmoney.com/news,002055,1716753824.html",2026-07-06 17:09:44
eastmoney_guba,002055,1716754145,这次还天地吗？,,知行合一知良知,2487144882864902,2026-05-29 09:16:19,37,1,0,0,False,False,"https://guba.eastmoney.com/news,002055,1716754145.html",2026-07-06 17:09:44
eastmoney_guba,002055,1716754784,卖飞了，洗盘洗的真牛比,,控盘的刺客,3567336263108658,2026-05-29 09:16:52,31,0,0,0,False,False,"https://guba.eastmoney.com/news,002055,1716754784.html",2026-07-06 17:09:44
eastmoney_guba,002055,1716755411,只有能买的进都是坑,,有礼貌的剑心好4,1506365960377706,2026-05-29 09:17:21,27,0,0,0,False,False,"https://guba.eastmoney.com/news,002055,1716755411.html",2026-07-06 17:09:44
eastmoney_guba,002055,1716756197,今天再来个跌停差不多了,,浅墨安然,5197094128238992,2026-05-29 09:17:58,35,1,0,0,False,False,"https://guba.eastmoney.com/news,002055,1716756197.html",2026-07-06 17:09:44
eastmoney_guba,002055,1716756926,这玩的去哪一出？,,独立的凌翰5,4935345939513282,2026-05-29 09:18:29,28,0,0,0,False,False,"https://guba.eastmoney.com/news,002055,1716756926.html",2026-07-06 17:09:44
eastmoney_guba,002055,1716757195,套路深呀,,有毅力的顾杭4,6748366502489256,2026-05-29 09:18:41,23,0,0,0,False,False,"https://guba.eastmoney.com/news,002055,1716757195.html",2026-07-06 17:09:44
eastmoney_guba,002055,1716758029,搞什么飞机,,风度翩翩的石茁,7600057624833128,2026-05-29 09:19:20,31,0,0,0,False,False,"https://guba.eastmoney.com/news,002055,1716758029.html",2026-07-06 17:09:44
eastmoney_guba,002055,1716758579,三个天地板，能上热搜了,,鱼头鱼尾留给别人,1987305940368140,2026-05-29 09:19:46,32,0,0,0,False,False,"https://guba.eastmoney.com/news,002055,1716758579.html",2026-07-06 17:09:44
eastmoney_guba,002055,1716758699,你就说这竞价恶心不恶心吧,,和气生财有道是说,2757345816761894,2026-05-29 09:19:53,36,0,0,0,False,False,"https://guba.eastmoney.com/news,002055,1716758699.html",2026-07-06 17:09:44
eastmoney_guba,002055,1716759258,海外数据连接线二次提价了,,bhvino24,2642014407119356,2026-05-29 09:20:28,35,0,0,0,False,False,"https://guba.eastmoney.com/news,002055,1716759258.html",2026-07-06 17:09:44
eastmoney_guba,002055,1716759616,这货今天玩，天一地一天一地，厉害了我的神,,知行合一知良知,2487144882864902,2026-05-29 09:20:49,32,0,0,0,False,False,"https://guba.eastmoney.com/news,002055,1716759616.html",2026-07-06 17:09:44
eastmoney_guba,002055,1716759730,帅不过3秒啊,,淼淼88888888,5508385529197812,2026-05-29 09:20:55,24,0,0,0,False,False,"https://guba.eastmoney.com/news,002055,1716759730.html",2026-07-06 17:09:44
eastmoney_guba,002055,1716760300,竞价天地板也是少见,,风风火火的霹雳虎,1185335911687490,2026-05-29 09:21:30,31,0,0,0,False,False,"https://guba.eastmoney.com/news,002055,1716760300.html",2026-07-06 17:09:44
eastmoney_guba,002055,1716760442,史无前例，算是给我长见识了,,被套就割,9679127793622906,2026-05-29 09:21:39,28,0,0,0,False,False,"https://guba.eastmoney.com/news,002055,1716760442.html",2026-07-06 17:09:44
eastmoney_guba,002055,1716760931,公司有什么问题呀，股价一跌再跌,,股友8719n8381d,3946047745056792,2026-05-29 09:22:07,143,7,0,0,False,False,"https://guba.eastmoney.com/news,002055,1716760931.html",2026-07-06 17:09:42
eastmoney_guba,002055,1716762063,跌停板了哈哈3元见,,后贝加尔斯克,7154013321195756,2026-05-29 09:23:11,52,3,0,0,False,False,"https://guba.eastmoney.com/news,002055,1716762063.html",2026-07-06 17:09:44
eastmoney_guba,002055,1716762514,高开秒板。,,股海无涯在东方,2033013745408808,2026-05-29 09:23:39,39,1,0,0,False,False,"https://guba.eastmoney.com/news,002055,1716762514.html",2026-07-06 17:09:42
eastmoney_guba,002055,1716771339,竞价天地天吗,,牛气哄哄也能冲天,3573087737957390,2026-05-29 09:25:32,31,1,0,0,False,False,"https://guba.eastmoney.com/news,002055,1716771339.html",2026-07-06 17:09:44
eastmoney_guba,002055,1716772354,又来这出？,,莫逆势,4773094604408444,2026-05-29 09:25:57,30,0,0,0,False,False,"https://guba.eastmoney.com/news,002055,1716772354.html",2026-07-06 17:09:44
eastmoney_guba,002055,1716772572,今天又要天地板,,大脸猫516,9580316107792940,2026-05-29 09:26:07,30,0,0,0,False,False,"https://guba.eastmoney.com/news,002055,1716772572.html",2026-07-06 17:09:44
eastmoney_guba,002055,1716773998,联想和戴尔都在扩建服务器厂了，做为供应商的得润也跟着获利是应该臼！,,金玉来财地怜星,5061325946921034,2026-05-29 09:27:19,35,0,0,0,False,False,"https://guba.eastmoney.com/news,002055,1716773998.html",2026-07-06 17:09:44
eastmoney_guba,002055,1716774213,继续天地板就夸张了吧,,得润两位数,3290024582242248,2026-05-29 09:27:31,30,1,0,0,False,False,"https://guba.eastmoney.com/news,002055,1716774213.html",2026-07-06 17:09:44
eastmoney_guba,002055,1716774575,快补仓,,股友959083gH69,3527097495215902,2026-05-29 09:27:47,108,0,0,0,True,False,"https://guba.eastmoney.com/news,002055,1716774575.html",2026-07-06 17:09:44
eastmoney_guba,002055,1716781729,出货的是机构，大胆入，我已打满,,我勒个烧缸,8844017608558072,2026-05-29 09:30:31,27,0,0,0,False,False,"https://guba.eastmoney.com/news,002055,1716781729.html",2026-07-06 17:09:44
eastmoney_guba,002055,1716788110,再来一次天地。,,反面教科书,8548094341034744,2026-05-29 09:32:18,29,0,0,0,False,False,"https://guba.eastmoney.com/news,002055,1716788110.html",2026-07-06 17:09:44
eastmoney_guba,002055,1716788155,要板,,荣耀再现,7403027545726188,2026-05-29 09:32:19,28,0,0,0,False,False,"https://guba.eastmoney.com/news,002055,1716788155.html",2026-07-06 17:09:44
eastmoney_guba,002055,1716790230,今天是不是也是上午忽悠，下午打压？,,股友733872k9D0,1081456835583508,2026-05-29 09:32:52,31,0,0,0,False,False,"https://guba.eastmoney.com/news,002055,1716790230.html",2026-07-06 17:09:44
eastmoney_guba,002055,1716795439,ST高科技的2个牛股！！龙头是ST闻泰,,海纳兆川,1612615257916390,2026-05-29 09:34:20,89,0,0,0,False,False,"https://guba.eastmoney.com/news,002055,1716795439.html",2026-07-06 17:09:44
eastmoney_guba,002055,1716800099,洗一洗反包,,荣耀再现,7403027545726188,2026-05-29 09:35:39,33,0,0,0,False,False,"https://guba.eastmoney.com/news,002055,1716800099.html",2026-07-06 17:09:44
eastmoney_guba,002055,1716805654,今天不会跌了，放心吧。,,有进取心的陆浩15,7816094292647948,2026-05-29 09:37:11,31,0,0,0,False,False,"https://guba.eastmoney.com/news,002055,1716805654.html",2026-07-06 17:09:44
eastmoney_guba,002055,1716810093,买500等，等天～地～天地，天出地进，打太极,,知行合一知良知,2487144882864902,2026-05-29 09:38:27,33,0,0,0,False,False,"https://guba.eastmoney.com/news,002055,1716810093.html",2026-07-06 17:09:44
eastmoney_guba,002055,1716813775,吃住在这货这里,,知行合一知良知,2487144882864902,2026-05-29 09:39:29,30,0,0,0,False,False,"https://guba.eastmoney.com/news,002055,1716813775.html",2026-07-06 17:09:44
eastmoney_guba,002055,1716817847,今天必须地板！,,诚恳的曾轶穗,7415094328733630,2026-05-29 09:40:35,28,0,0,0,False,False,"https://guba.eastmoney.com/news,002055,1716817847.html",2026-07-06 17:09:44
eastmoney_guba,002055,1716831857,马上跌停,,后贝加尔斯克,7154013321195756,2026-05-29 09:44:25,79,5,0,0,False,False,"https://guba.eastmoney.com/news,002055,1716831857.html",2026-07-06 17:09:42
eastmoney_guba,002055,1716834980,涨停涨停涨停涨停涨停涨停涨停涨停涨停涨停涨停涨停涨停涨停涨停涨停涨停涨停涨停涨停,,专业薅龙大羊毛,3804047346586666,2026-05-29 09:45:15,34,1,0,0,False,False,"https://guba.eastmoney.com/news,002055,1716834980.html",2026-07-06 17:09:44
eastmoney_guba,002055,1716837302,今天又是一个地板，只是没有从天板上到地板上真是一个,,股友0y98V35568,2725336281553920,2026-05-29 09:45:55,35,0,0,0,False,False,"https://guba.eastmoney.com/news,002055,1716837302.html",2026-07-06 17:09:44
eastmoney_guba,002055,1716857570,每天都玩这个套路哈哈,,沈阳芭菲菜,1764326049115564,2026-05-29 09:51:07,26,0,0,0,False,False,"https://guba.eastmoney.com/news,002055,1716857570.html",2026-07-06 17:09:42
eastmoney_guba,002055,1716859974,这票看着要完了！,,股友ycSkco2020,5525064669983044,2026-05-29 09:51:41,31,0,0,0,False,False,"https://guba.eastmoney.com/news,002055,1716859974.html",2026-07-06 17:09:42
eastmoney_guba,002055,1716863426,这个票是在吸筹还是洗盘？天天这么搞？有点看头。你说他强又挺强你说他弱有好像看不出,,丁老三,7180326092624544,2026-05-29 09:52:34,220,6,0,0,False,False,"https://guba.eastmoney.com/news,002055,1716863426.html",2026-07-06 17:09:40
eastmoney_guba,002055,1716875666,得润不行了，和我一起去龙大,,在等花开,8401326115653406,2026-05-29 09:55:38,35,0,0,0,False,False,"https://guba.eastmoney.com/news,002055,1716875666.html",2026-07-06 17:09:42
eastmoney_guba,002055,1716882304,今天涨停卖一半，跌停买一半，半仓资金空着，打太极,,知行合一知良知,2487144882864902,2026-05-29 09:57:20,22,0,0,0,False,False,"https://guba.eastmoney.com/news,002055,1716882304.html",2026-07-06 17:09:42
eastmoney_guba,002055,1716885763,走了，亏了5千多太残暴了,,不合的牛肉干1,6687395894565002,2026-05-29 09:58:15,52,3,0,0,False,False,"https://guba.eastmoney.com/news,002055,1716885763.html",2026-07-06 17:09:42
eastmoney_guba,002055,1716887545,我在龙大等你们上车，最后机会了,,在等花开,8401326115653406,2026-05-29 09:58:45,39,0,0,0,False,False,"https://guba.eastmoney.com/news,002055,1716887545.html",2026-07-06 17:09:42
eastmoney_guba,002055,1716897046,这两天的资金博弈真激烈，也意味着行情远没有结束，不然直接地板闷杀你,,湖建陈刀仔,4689486788645858,2026-05-29 10:01:24,31,0,0,0,False,False,"https://guba.eastmoney.com/news,002055,1716897046.html",2026-07-06 17:09:42
eastmoney_guba,002055,1716904702,笑死了,,一年一万倍的幻想,4131346431323530,2026-05-29 10:03:34,31,0,0,0,False,False,"https://guba.eastmoney.com/news,002055,1716904702.html",2026-07-06 17:09:42
eastmoney_guba,002055,1716904846,跑路吧,,自信的蒋靖娴,6492085362876292,2026-05-29 10:03:37,30,0,0,0,False,False,"https://guba.eastmoney.com/news,002055,1716904846.html",2026-07-06 17:09:42
eastmoney_guba,002055,1716907738,你猜为什么每天集合竞价都高开，是谁在买？,,股友6u0268O327,2559037085354874,2026-05-29 10:04:26,35,0,0,0,False,False,"https://guba.eastmoney.com/news,002055,1716907738.html",2026-07-06 17:09:42
eastmoney_guba,002055,1716907818,天地板！！速度，地板等你,,股神金不二,6806375997239834,2026-05-29 10:04:28,30,0,0,0,False,False,"https://guba.eastmoney.com/news,002055,1716907818.html",2026-07-06 17:09:42
eastmoney_guba,002055,1716910277,联想，戴尔，股价暴涨。你的客户好，你也应该好啊,,垂钓梵河,1790094480175166,2026-05-29 10:05:07,30,0,0,0,False,False,"https://guba.eastmoney.com/news,002055,1716910277.html",2026-07-06 17:09:42
eastmoney_guba,002055,1716910618,集合竞价前还是跌停，前面都是在放烟雾弹,,博学多才的小鱼,1190094345248964,2026-05-29 10:05:13,27,0,0,0,False,False,"https://guba.eastmoney.com/news,002055,1716910618.html",2026-07-06 17:09:42
eastmoney_guba,002055,1716910794,这波上升该上10,,知行合一知良知,2487144882864902,2026-05-29 10:05:16,29,0,0,0,False,False,"https://guba.eastmoney.com/news,002055,1716910794.html",2026-07-06 17:09:42
eastmoney_guba,002055,1716916201,一股不卖，目标40元不变。1:困境反转正在进行（本人实地去鹤山工厂看过，二期满产,,笑逐颜开的龚艳,2079345942814724,2026-05-29 10:06:46,532,3,2,0,False,False,"https://guba.eastmoney.com/news,002055,1716916201.html",2026-07-06 17:09:40
eastmoney_guba,002055,1716917205,这不是老庄玩st，是游资玩，资金真的脏,,华鑫上坟路,3871385633377560,2026-05-29 10:07:05,47,1,0,0,False,False,"https://guba.eastmoney.com/news,002055,1716917205.html",2026-07-06 17:09:42
eastmoney_guba,002055,1716927966,买你是错的,,迷人得大雁,4743336049766536,2026-05-29 10:10:14,35,0,0,0,False,False,"https://guba.eastmoney.com/news,002055,1716927966.html",2026-07-06 17:09:42
eastmoney_guba,002055,1716938690,就知道你差我这一万股！！！！,,NKStar,3943315599118462,2026-05-29 10:13:29,59,0,0,0,True,False,"https://guba.eastmoney.com/news,002055,1716938690.html",2026-07-06 17:09:42
eastmoney_guba,002055,1716938930,今天如涨停就成妖,,ZVJDvI,6539305756439150,2026-05-29 10:13:34,33,0,0,0,False,False,"https://guba.eastmoney.com/news,002055,1716938930.html",2026-07-06 17:09:42
eastmoney_guba,002055,1716946013,别砸盘了别压了，合力一起做多不好吗,,和气生财有道是说,2757345816761894,2026-05-29 10:15:59,38,1,0,0,False,False,"https://guba.eastmoney.com/news,002055,1716946013.html",2026-07-06 17:09:42
eastmoney_guba,002055,1716952879,今天是最后的进场机会了。。。我不管是跌是涨，我反正得在车上。债务和解今晚70％概,,股友6u0268O327,2559037085354874,2026-05-29 10:18:16,301,3,0,0,False,False,"https://guba.eastmoney.com/news,002055,1716952879.html",2026-07-06 17:09:38
eastmoney_guba,002055,1716954179,全部清仓赚了18万。再也不碰这家退市股了002055,,后贝加尔斯克,7154013321195756,2026-05-29 10:18:44,221,8,0,0,False,False,"https://guba.eastmoney.com/news,002055,1716954179.html",2026-07-06 17:09:42
eastmoney_guba,002055,1716968010,主板已经不是人类玩的了，韩国天天大涨a股天天跌谁受得了，到时候韩国回调a股还得跟,,Askingovo,6990027022939686,2026-05-29 10:23:43,50,2,2,0,False,False,"https://guba.eastmoney.com/news,002055,1716968010.html",2026-07-06 17:09:42
eastmoney_guba,002055,1716972221,大盘逆子，板块跌了，你又不跌了,,股友pesMpc0627,2232385537831922,2026-05-29 10:25:20,39,0,0,0,False,False,"https://guba.eastmoney.com/news,002055,1716972221.html",2026-07-06 17:09:42
eastmoney_guba,002055,1716972590,联想，戴尔，Hp都瀑涨了，做应供应商应该也跟随吧？,,金玉来财地怜星,5061325946921034,2026-05-29 10:25:31,29,0,0,0,False,False,"https://guba.eastmoney.com/news,002055,1716972590.html",2026-07-06 17:09:42
eastmoney_guba,002055,1716975020,我被洗出去了,,我是风向标,7292015289809824,2026-05-29 10:26:28,61,3,0,0,False,False,"https://guba.eastmoney.com/news,002055,1716975020.html",2026-07-06 17:09:42
eastmoney_guba,002055,1716981871,今天上午没有涨停，那么下午也不会跌停了吧？,,新新人类,1170013722881004,2026-05-29 10:29:12,42,1,0,0,False,False,"https://guba.eastmoney.com/news,002055,1716981871.html",2026-07-06 17:09:42
eastmoney_guba,002055,1716985758,诱多收盘又跌停板6元见002055,,后贝加尔斯克,7154013321195756,2026-05-29 10:30:41,52,1,0,0,False,False,"https://guba.eastmoney.com/news,002055,1716985758.html",2026-07-06 17:09:42
eastmoney_guba,002055,1717004214,ST闻泰科技成为新龙头了吗？,,我勒个烧缸,8844017608558072,2026-05-29 10:38:10,37,0,1,0,False,False,"https://guba.eastmoney.com/news,002055,1717004214.html",2026-07-06 17:09:42
eastmoney_guba,002055,1717015097,抛压好重,,股友5O78692X62,1265376279011920,2026-05-29 10:42:59,62,4,0,0,False,False,"https://guba.eastmoney.com/news,002055,1717015097.html",2026-07-06 17:09:42
eastmoney_guba,002055,1717021295,两次天地爆头，闷杀打板资金，你现在拉高，场外资金哪个高跟你合力跟风拉？没有合力，,,和气生财有道是说,2757345816761894,2026-05-29 10:45:49,46,0,0,0,False,False,"https://guba.eastmoney.com/news,002055,1717021295.html",2026-07-06 17:09:42
eastmoney_guba,002055,1717021624,7.20进了点，下来就补。事不过三。,,Jason富,5101385993899612,2026-05-29 10:45:58,123,7,0,0,False,False,"https://guba.eastmoney.com/news,002055,1717021624.html",2026-07-06 17:09:40
eastmoney_guba,002055,1717024841,三天40%的换手率了，再洗就秃噜皮了,,知足常乐对吧,9052386172588498,2026-05-29 10:47:26,31,0,0,0,False,False,"https://guba.eastmoney.com/news,002055,1717024841.html",2026-07-06 17:09:42
eastmoney_guba,002055,1717026980,这股开盘跌停考虑买点，这样走我怕尾盘又跌停。,,浅墨安然,5197094128238992,2026-05-29 10:48:26,46,2,0,0,False,False,"https://guba.eastmoney.com/news,002055,1717026980.html",2026-07-06 17:09:42
eastmoney_guba,002055,1717037621,下午必涨停,,可避坑可赚钱,8414094369627002,2026-05-29 10:53:34,49,2,0,0,False,False,"https://guba.eastmoney.com/news,002055,1717037621.html",2026-07-06 17:09:42
eastmoney_guba,002055,1717038984,今天应该封板不会天地啦。,,韮菜黄中皇,1386395667983028,2026-05-29 10:54:11,36,1,0,0,False,False,"https://guba.eastmoney.com/news,002055,1717038984.html",2026-07-06 17:09:42
eastmoney_guba,002055,1717043265,今天可以进了,,五年的小菜鸟,9947027412467154,2026-05-29 10:56:19,27,0,0,0,False,False,"https://guba.eastmoney.com/news,002055,1717043265.html",2026-07-06 17:09:42
eastmoney_guba,002055,1717043327,"听大V推荐,追了半仓得润，不知道能不能吃肉，希望不要套我，跌破7块钱就止损",,足智的海濂,3154064912253854,2026-05-29 10:56:20,47,2,0,0,False,False,"https://guba.eastmoney.com/news,002055,1717043327.html",2026-07-06 17:09:42
eastmoney_guba,002055,1717043624,打板吧,,王牌炒王026,6217084848762046,2026-05-29 10:56:29,52,3,0,0,False,False,"https://guba.eastmoney.com/news,002055,1717043624.html",2026-07-06 17:09:29
eastmoney_guba,002055,1717046828,该不会又是上午骗炮下午跌停吗,,纯情男大118,4164047327461940,2026-05-29 10:58:00,48,2,0,0,False,False,"https://guba.eastmoney.com/news,002055,1717046828.html",2026-07-06 17:09:42
eastmoney_guba,002055,1717050418,大家都不卖买这支股票，庄家就难受啦,,cooloog,7973094481198418,2026-05-29 10:59:37,38,1,0,0,False,False,"https://guba.eastmoney.com/news,002055,1717050418.html",2026-07-06 17:09:42
eastmoney_guba,002055,1717059596,之前这边有个叫财源什么的之后改名叫乌龟的天天发利好，现在叫什么,,大吉来财de狄仁杰,1755385943658964,2026-05-29 11:03:54,34,0,0,0,False,False,"https://guba.eastmoney.com/news,002055,1717059596.html",2026-07-06 17:09:42
eastmoney_guba,002055,1717067208,下午又来个跌停收盘，好事成三。,,勤勉的龚麦克,4088406603213972,2026-05-29 11:07:20,32,0,0,0,False,False,"https://guba.eastmoney.com/news,002055,1717067208.html",2026-07-06 17:09:42
eastmoney_guba,002055,1717074167,下午跌停回6元左右吧。我们要和主力一起高抛低吸,,见好就收5859,3960047762213936,2026-05-29 11:10:29,26,0,0,0,False,False,"https://guba.eastmoney.com/news,002055,1717074167.html",2026-07-06 17:09:42
eastmoney_guba,002055,1717077251,8块顶板的兄弟快点接盘啊，补仓拉均价,,傲寒的秦岚,5793047755670376,2026-05-29 11:11:55,34,0,0,0,False,False,"https://guba.eastmoney.com/news,002055,1717077251.html",2026-07-06 17:09:42
eastmoney_guba,002055,1717081616,连着今天地天板，今天不可能了吧,,ysh0037,1201555244829118,2026-05-29 11:14:06,29,0,0,0,False,False,"https://guba.eastmoney.com/news,002055,1717081616.html",2026-07-06 17:09:42
eastmoney_guba,002055,1717081705,科技股调整，下午乖乖跌停吧。,,浅墨安然,5197094128238992,2026-05-29 11:14:09,39,1,0,0,False,False,"https://guba.eastmoney.com/news,002055,1717081705.html",2026-07-06 17:09:42
eastmoney_guba,002055,1717083441,如果今天涨停那就真的要成妖了,,五年的小菜鸟,9947027412467154,2026-05-29 11:15:01,78,4,0,0,False,False,"https://guba.eastmoney.com/news,002055,1717083441.html",2026-07-06 17:09:42
eastmoney_guba,002055,1717090956,这波上去又是40%,,知行合一知良知,2487144882864902,2026-05-29 11:18:39,37,0,0,0,False,False,"https://guba.eastmoney.com/news,002055,1717090956.html",2026-07-06 17:09:42
eastmoney_guba,002055,1717091498,拿个一万打板，拥抱龙头看看,,极速蜗牛QAQ,1869187334487888,2026-05-29 11:18:57,34,0,0,0,False,False,"https://guba.eastmoney.com/news,002055,1717091498.html",2026-07-06 17:09:42
eastmoney_guba,002055,1717093249,涨停节奏感,,知行合一知良知,2487144882864902,2026-05-29 11:19:52,64,3,0,0,False,False,"https://guba.eastmoney.com/news,002055,1717093249.html",2026-07-06 17:09:42
eastmoney_guba,002055,1717097846,又来天地那一套，恶心,,只做预期,7334625240229044,2026-05-29 11:22:24,36,0,0,0,False,False,"https://guba.eastmoney.com/news,002055,1717097846.html",2026-07-06 17:09:42
eastmoney_guba,002055,1717099441,如果今天又是天地，能举报吗,,纯情男大118,4164047327461940,2026-05-29 11:23:20,39,2,0,0,False,False,"https://guba.eastmoney.com/news,002055,1717099441.html",2026-07-06 17:09:42
eastmoney_guba,002055,1717100393,这个位置不要追，板上发套新套路,,我勒个烧缸,8844017608558072,2026-05-29 11:23:49,32,0,0,0,False,False,"https://guba.eastmoney.com/news,002055,1717100393.html",2026-07-06 17:09:42
eastmoney_guba,002055,1717104124,不肯反包啊,,荣耀再现,7403027545726188,2026-05-29 11:25:46,42,1,0,0,False,False,"https://guba.eastmoney.com/news,002055,1717104124.html",2026-07-06 17:09:42
eastmoney_guba,002055,1717104396,今天这根线说明横住了，后面还会阴阳交替，横盘后再大涨，才是买入时机，有的是机会，,,惊爆点男主,8399375724329702,2026-05-29 11:25:55,76,1,0,0,False,False,"https://guba.eastmoney.com/news,002055,1717104396.html",2026-07-06 17:09:42
eastmoney_guba,002055,1717104603,抓紧跑。下午又是天地,,只做预期,7334625240229044,2026-05-29 11:26:01,169,9,0,0,False,False,"https://guba.eastmoney.com/news,002055,1717104603.html",2026-07-06 17:09:40
eastmoney_guba,002055,1717115690,今天又有“聪明人”开始做T了。,,股友6u0268O327,2559037085354874,2026-05-29 11:32:41,35,0,0,0,False,False,"https://guba.eastmoney.com/news,002055,1717115690.html",2026-07-06 17:09:42
eastmoney_guba,002055,1717117049,又要玩天地！,,你小宝哥,8580396181459594,2026-05-29 11:33:53,32,0,0,0,False,False,"https://guba.eastmoney.com/news,002055,1717117049.html",2026-07-06 17:09:42
eastmoney_guba,002055,1717120499,涨停卖跌停买，这也太爽了吧从来没遇到这么爽的票,,冷若冰霜的怜星2,5694137325125404,2026-05-29 11:37:18,35,0,0,0,False,False,"https://guba.eastmoney.com/news,002055,1717120499.html",2026-07-06 17:09:42
eastmoney_guba,002055,1717144841,8.31不会是顶部。还会继续上攻。,,股友9801900e8x,4792097798331534,2026-05-29 12:19:27,44,0,9,0,False,False,"https://guba.eastmoney.com/news,002055,1717144841.html",2026-07-06 17:09:42
eastmoney_guba,002055,1717158448,涨停涨停涨停涨停涨停涨停涨停涨停涨停涨停涨停涨停涨停涨停涨停涨停涨停涨停涨停涨停,,专业薅龙大羊毛,3804047346586666,2026-05-29 12:53:38,27,0,0,0,False,False,"https://guba.eastmoney.com/news,002055,1717158448.html",2026-07-06 17:09:42
eastmoney_guba,002055,1717167902,大家加油加油加油加油,,深奥的林雨2,9047385661923562,2026-05-29 13:01:18,28,0,0,0,False,False,"https://guba.eastmoney.com/news,002055,1717167902.html",2026-07-06 17:09:42
eastmoney_guba,002055,1717168311,涨停我就加满，下午会不会拉板呢,,足智的海濂,3154064912253854,2026-05-29 13:01:37,27,0,0,0,False,False,"https://guba.eastmoney.com/news,002055,1717168311.html",2026-07-06 17:09:42
eastmoney_guba,002055,1717170927,这是故意横在这的二连天地板太搞心态了，导致现在资金上攻意愿不强，估计就算今天勉强,,被套就割,9679127793622906,2026-05-29 13:03:30,42,0,0,0,False,False,"https://guba.eastmoney.com/news,002055,1717170927.html",2026-07-06 17:09:42
eastmoney_guba,002055,1717171832,下跌中继还是反转，需要再观察下,,莫逆势,4773094604408444,2026-05-29 13:04:02,30,0,0,0,False,False,"https://guba.eastmoney.com/news,002055,1717171832.html",2026-07-06 17:09:42
eastmoney_guba,002055,1717176778,低于涨停一分钱卖了，现在等跌停前一分钱买，太爽了,,冷若冰霜的怜星2,5694137325125404,2026-05-29 13:06:43,136,5,0,0,False,False,"https://guba.eastmoney.com/news,002055,1717176778.html",2026-07-06 17:09:38
eastmoney_guba,002055,1717181895,会做T的赚发了,,千亿常山,5730013431359592,2026-05-29 13:09:35,38,1,0,0,False,False,"https://guba.eastmoney.com/news,002055,1717181895.html",2026-07-06 17:09:42
eastmoney_guba,002055,1717182283,典型三班组,,加仓嘉措仓又嘉措,7957007302973034,2026-05-29 13:09:50,63,3,0,0,False,False,"https://guba.eastmoney.com/news,002055,1717182283.html",2026-07-06 17:09:42
eastmoney_guba,002055,1717194849,这股最牛逼的就是根本没有大股东，基本全都是流通盘,,华鑫上坟路,3871385633377560,2026-05-29 13:17:06,32,0,0,0,False,False,"https://guba.eastmoney.com/news,002055,1717194849.html",2026-07-06 17:09:42
eastmoney_guba,002055,1717195140,今天又入了，不知道对错。,,赚钱的水哥,3309356152004606,2026-05-29 13:17:15,86,7,0,0,False,False,"https://guba.eastmoney.com/news,002055,1717195140.html",2026-07-06 17:09:42
eastmoney_guba,002055,1717206819,今天大盘可能会大涨0.5个点以上，假ST还能耐得住,,王牌炒王026,6217084848762046,2026-05-29 13:24:10,49,0,0,0,False,False,"https://guba.eastmoney.com/news,002055,1717206819.html",2026-07-06 17:09:42
eastmoney_guba,002055,1717206903,没有获利盘了，主力放心拉,,股友76n23K9288,4275007115295432,2026-05-29 13:24:14,22,0,0,0,False,False,"https://guba.eastmoney.com/news,002055,1717206903.html",2026-07-06 17:09:42
eastmoney_guba,002055,1717210167,获利盘跑完，即将狂拉,,股友76n23K9288,4275007115295432,2026-05-29 13:26:10,27,0,0,0,False,False,"https://guba.eastmoney.com/news,002055,1717210167.html",2026-07-06 17:09:42
eastmoney_guba,002055,1717213715,太便宜了,,一手两手哥,5186036974408454,2026-05-29 13:28:18,28,0,0,0,False,False,"https://guba.eastmoney.com/news,002055,1717213715.html",2026-07-06 17:09:42
eastmoney_guba,002055,1717214453,等着今晚的公告,,堆金如意de祖千秋,4773115361946276,2026-05-29 13:28:42,32,0,0,0,False,False,"https://guba.eastmoney.com/news,002055,1717214453.html",2026-07-06 17:09:42
eastmoney_guba,002055,1717222744,主力你没吃饭吗，还不砸下来我要加仓,,时间猎人性,2477396260808734,2026-05-29 13:33:19,30,0,0,0,False,False,"https://guba.eastmoney.com/news,002055,1717222744.html",2026-07-06 17:09:42
eastmoney_guba,002055,1717229765,不要相信得润社区里几个吹涨停的，他们是托，龙大不会退市，婴儿底，星期一十五个涨停,,在等花开,8401326115653406,2026-05-29 13:37:11,53,2,0,0,False,False,"https://guba.eastmoney.com/news,002055,1717229765.html",2026-07-06 17:09:42
eastmoney_guba,002055,1717233951,快点追啊，不然,,持仓观风云,4654067800325436,2026-05-29 13:39:25,25,0,0,0,False,False,"https://guba.eastmoney.com/news,002055,1717233951.html",2026-07-06 17:09:42
eastmoney_guba,002055,1717236615,前天卖了亨通光电买了你心里好难受,,股友8719n8381d,3946047745056792,2026-05-29 13:40:48,34,0,0,0,False,False,"https://guba.eastmoney.com/news,002055,1717236615.html",2026-07-06 17:09:42
eastmoney_guba,002055,1717238994,已经做好跳水的准备了,,博学多才的小鱼,1190094345248964,2026-05-29 13:41:59,30,0,0,0,False,False,"https://guba.eastmoney.com/news,002055,1717238994.html",2026-07-06 17:09:42
eastmoney_guba,002055,1717244045,这走势，收盘又得跌停,,股友9f0776120F,3927137487108460,2026-05-29 13:44:36,138,11,0,0,False,False,"https://guba.eastmoney.com/news,002055,1717244045.html",2026-07-06 17:09:40
eastmoney_guba,002055,1717262081,这上午下午走势对称了，大概收在水下,,一年一万倍的幻想,4131346431323530,2026-05-29 13:54:03,33,0,0,0,False,False,"https://guba.eastmoney.com/news,002055,1717262081.html",2026-07-06 17:09:42
eastmoney_guba,002055,1717267676,两点了，请开始你的表演，别让我卖亏了，,,NKStar,3943315599118462,2026-05-29 13:56:29,66,0,0,0,True,False,"https://guba.eastmoney.com/news,002055,1717267676.html",2026-07-06 17:09:42
eastmoney_guba,002055,1717268958,主营业务：电子连接器和精密组件的研发、制造和销售，产品应用于家用电器、计算机及外,,知行不息,9397336472442022,2026-05-29 13:56:59,295,2,0,0,False,False,"https://guba.eastmoney.com/news,002055,1717268958.html",2026-07-06 17:09:36
eastmoney_guba,002055,1717274563,跌停买入，开盘卖出，稳赢,,股神金不二,6806375997239834,2026-05-29 13:59:25,43,1,0,0,False,False,"https://guba.eastmoney.com/news,002055,1717274563.html",2026-07-06 17:09:40
eastmoney_guba,002055,1717276812,完了，又要翻绿了，要不要卖？跌破成本价了,,足智的海濂,3154064912253854,2026-05-29 14:00:24,26,0,0,0,False,False,"https://guba.eastmoney.com/news,002055,1717276812.html",2026-07-06 17:09:40
eastmoney_guba,002055,1717278460,退市公司欠37亿多,,持仓观风云,4654067800325436,2026-05-29 14:01:05,29,0,0,0,False,False,"https://guba.eastmoney.com/news,002055,1717278460.html",2026-07-06 17:09:40
eastmoney_guba,002055,1717278746,你不跌停，就不是人,,股友Ri51325559,2973416635560782,2026-05-29 14:01:11,28,0,0,0,False,False,"https://guba.eastmoney.com/news,002055,1717278746.html",2026-07-06 17:09:40
eastmoney_guba,002055,1717288860,大家一起唱把润子唱退市，散户当大股东。一个个多买点。,,持仓观风云,4654067800325436,2026-05-29 14:05:29,26,0,0,0,False,False,"https://guba.eastmoney.com/news,002055,1717288860.html",2026-07-06 17:09:40
eastmoney_guba,002055,1717297877,没给打板的机会，那就算了,,极速蜗牛QAQ,1869187334487888,2026-05-29 14:09:12,31,1,0,0,False,False,"https://guba.eastmoney.com/news,002055,1717297877.html",2026-07-06 17:09:40
eastmoney_guba,002055,1717307109,下午应该咂不了跌停了,,和气生财有道是说,2757345816761894,2026-05-29 14:13:36,44,1,0,0,False,False,"https://guba.eastmoney.com/news,002055,1717307109.html",2026-07-06 17:09:40
eastmoney_guba,002055,1717321034,这垃圾跌停前还扭扭捏捏,,博学多才的小鱼,1190094345248964,2026-05-29 14:19:40,36,1,0,0,False,False,"https://guba.eastmoney.com/news,002055,1717321034.html",2026-07-06 17:09:40
eastmoney_guba,002055,1717323453,下午是散户在砸盘跑路居多,,和气生财有道是说,2757345816761894,2026-05-29 14:20:36,56,2,0,0,False,False,"https://guba.eastmoney.com/news,002055,1717323453.html",2026-07-06 17:09:40
eastmoney_guba,002055,1717337103,今天尾盘不准备表演一下了？,,股友pesMpc0627,2232385537831922,2026-05-29 14:26:31,32,0,0,0,False,False,"https://guba.eastmoney.com/news,002055,1717337103.html",2026-07-06 17:09:40
eastmoney_guba,002055,1717338008,今日企稳，下一日反攻，可以进场了,,和气生财有道是说,2757345816761894,2026-05-29 14:26:55,115,8,0,0,False,False,"https://guba.eastmoney.com/news,002055,1717338008.html",2026-07-06 17:09:40
eastmoney_guba,002055,1717351456,都走开，主力要开始了,,我勒个烧缸,8844017608558072,2026-05-29 14:33:09,45,1,0,0,False,False,"https://guba.eastmoney.com/news,002055,1717351456.html",2026-07-06 17:09:40
eastmoney_guba,002055,1717356712,今天诱多出货已完成，可以开始跳水跌停了。,,大内捕快,6748112735109374,2026-05-29 14:35:43,60,1,0,0,False,False,"https://guba.eastmoney.com/news,002055,1717356712.html",2026-07-06 17:09:40
eastmoney_guba,002055,1717365268,开始了开始了,,股友7bGrRB,7556375694655340,2026-05-29 14:40:09,33,0,0,0,False,False,"https://guba.eastmoney.com/news,002055,1717365268.html",2026-07-06 17:09:40
eastmoney_guba,002055,1717365870,收盘跌停即将,,后贝加尔斯克,7154013321195756,2026-05-29 14:40:27,122,4,0,0,False,False,"https://guba.eastmoney.com/news,002055,1717365870.html",2026-07-06 17:09:38
eastmoney_guba,002055,1717376879,资金流入快半个亿，就为了拉高一个点出货？,,温暖的包裹,7589067162789708,2026-05-29 14:45:48,40,0,0,0,False,False,"https://guba.eastmoney.com/news,002055,1717376879.html",2026-07-06 17:09:40
eastmoney_guba,002055,1717381352,一天白玩，收盘绿,,股友9C213265L1,7977476633081770,2026-05-29 14:47:51,58,1,0,0,False,False,"https://guba.eastmoney.com/news,002055,1717381352.html",2026-07-06 17:09:40
eastmoney_guba,002055,1717384503,连续三天任一买点都亏，是出货！！！,,股友02328ef007,7252017447693546,2026-05-29 14:49:11,64,2,0,0,False,False,"https://guba.eastmoney.com/news,002055,1717384503.html",2026-07-06 17:09:40
eastmoney_guba,002055,1717385448,大盘太差了，下午更没有资金愿意拉,,投机市场,3827316057729008,2026-05-29 14:49:34,28,0,0,0,False,False,"https://guba.eastmoney.com/news,002055,1717385448.html",2026-07-06 17:09:40
eastmoney_guba,002055,1717394019,说好的跌停呢？,,云南小散nie,3561017753135412,2026-05-29 14:53:21,47,1,0,0,False,False,"https://guba.eastmoney.com/news,002055,1717394019.html",2026-07-06 17:09:40
eastmoney_guba,002055,1717394299,来了,,基民30M8k6,6247305787051588,2026-05-29 14:53:29,30,0,0,0,False,False,"https://guba.eastmoney.com/news,002055,1717394299.html",2026-07-06 17:09:40
eastmoney_guba,002055,1717402394,7.28开盘，7.28收盘，图也画得很有艺术,,股友900D33C591,5804356096438930,2026-05-29 14:57:55,26,0,0,0,False,False,"https://guba.eastmoney.com/news,002055,1717402394.html",2026-07-06 17:09:40
eastmoney_guba,002055,1717403154,收个十字架，下周稳了,,一路常涨,3470396530244932,2026-05-29 14:58:23,27,0,0,0,False,False,"https://guba.eastmoney.com/news,002055,1717403154.html",2026-07-06 17:09:40
eastmoney_guba,002055,1717405280,竞价抢筹牛逼,,唐清风,9963084659655328,2026-05-29 14:59:41,41,0,0,0,False,False,"https://guba.eastmoney.com/news,002055,1717405280.html",2026-07-06 17:09:40
eastmoney_guba,002055,1717407445,这么拉尾盘,,四只羊十2,2142356529765010,2026-05-29 15:00:37,71,1,0,0,False,False,"https://guba.eastmoney.com/news,002055,1717407445.html",2026-07-06 17:09:40
eastmoney_guba,002055,1717407543,诱空抢筹，,,被套就割,9679127793622906,2026-05-29 15:00:40,39,0,0,0,False,False,"https://guba.eastmoney.com/news,002055,1717407543.html",2026-07-06 17:09:40
eastmoney_guba,002055,1717407911,抢了一个一万块，看看龙头有没有说法,,极速蜗牛QAQ,1869187334487888,2026-05-29 15:00:51,31,0,0,0,False,False,"https://guba.eastmoney.com/news,002055,1717407911.html",2026-07-06 17:09:40
eastmoney_guba,002055,1717407966,虽然拉尾盘没好事，但是今天没像前两天恶心我表扬,,预瞄高手,3451077611993496,2026-05-29 15:00:52,36,0,0,0,False,False,"https://guba.eastmoney.com/news,002055,1717407966.html",2026-07-06 17:09:40
eastmoney_guba,002055,1717408111,今天出去的，下周进不来了。,,股友6u0268O327,2559037085354874,2026-05-29 15:00:56,32,0,0,0,False,False,"https://guba.eastmoney.com/news,002055,1717408111.html",2026-07-06 17:09:40
eastmoney_guba,002055,1717408194,尾盘偷袭为了星期一砸盘吗,,孤狼代号91,7260345580879376,2026-05-29 15:00:59,97,3,0,0,False,False,"https://guba.eastmoney.com/news,002055,1717408194.html",2026-07-06 17:09:40
eastmoney_guba,002055,1717408350,666,,绿花椰菜,2986057790283256,2026-05-29 15:01:04,30,0,0,0,False,False,"https://guba.eastmoney.com/news,002055,1717408350.html",2026-07-06 17:09:40
eastmoney_guba,002055,1717409720,这个股比女人的心思还难猜透,,股友959083gH69,3527097495215902,2026-05-29 15:01:46,49,0,1,0,False,False,"https://guba.eastmoney.com/news,002055,1717409720.html",2026-07-06 17:09:40
eastmoney_guba,002055,1717410107,头一次见竞价拉的，涨知识了,,我勒个烧缸,8844017608558072,2026-05-29 15:01:58,32,0,0,0,False,False,"https://guba.eastmoney.com/news,002055,1717410107.html",2026-07-06 17:09:40
eastmoney_guba,002055,1717411161,这样撬微盘，周末要是没点消息。周一有可能要还回去。,,垂钓梵河,1790094480175166,2026-05-29 15:02:30,30,0,0,0,False,False,"https://guba.eastmoney.com/news,002055,1717411161.html",2026-07-06 17:09:40
eastmoney_guba,002055,1717412672,尾盘主力抽什么疯？导致老子挂的7.32都没买进去,,寒江独钓1,2344346083695486,2026-05-29 15:03:12,64,1,0,0,False,False,"https://guba.eastmoney.com/news,002055,1717412672.html",2026-07-06 17:09:40
eastmoney_guba,002055,1717412663,6月7月大涨，抱住不放,,知行合一知良知,2487144882864902,2026-05-29 15:03:13,45,0,0,0,False,False,"https://guba.eastmoney.com/news,002055,1717412663.html",2026-07-06 17:09:36
eastmoney_guba,002055,1717414345,换主力了开始第二波上涨,,专业薅龙大羊毛,3804047346586666,2026-05-29 15:04:07,46,1,0,0,False,False,"https://guba.eastmoney.com/news,002055,1717414345.html",2026-07-06 17:09:40
eastmoney_guba,002055,1717415706,瑜公认为：主力暴力洗盘的背后，应该是利好来了，而没有足够的时间横盘振荡，只能采取,,st花和尚,9932037472698598,2026-05-29 15:04:58,326,3,1,0,False,False,"https://guba.eastmoney.com/news,002055,1717415706.html",2026-07-06 17:09:38
eastmoney_guba,002055,1717415925,拉尾盘什么意思，今天这么多资金进来不拉板，请问一下这是主力在诱多出货了吗,,时间猎人性,2477396260808734,2026-05-29 15:05:08,62,1,0,0,False,False,"https://guba.eastmoney.com/news,002055,1717415925.html",2026-07-06 17:09:40
eastmoney_guba,002055,1717416197,集合竞价花小钱办大事？,,华鑫上坟路,3871385633377560,2026-05-29 15:05:20,29,0,0,0,False,False,"https://guba.eastmoney.com/news,002055,1717416197.html",2026-07-06 17:09:40
eastmoney_guba,002055,1717418484,竞价抢了1.2万,,金玉来财地怜星,5061325946921034,2026-05-29 15:07:11,79,1,0,0,False,False,"https://guba.eastmoney.com/news,002055,1717418484.html",2026-07-06 17:09:40
eastmoney_guba,002055,1717419744,感谢主力,,赚钱的水哥,3309356152004606,2026-05-29 15:08:07,82,0,0,0,True,False,"https://guba.eastmoney.com/news,002055,1717419744.html",2026-07-06 17:09:40
eastmoney_guba,002055,1717420351,私密马赛？,,华鑫上坟路,3871385633377560,2026-05-29 15:08:35,27,0,0,0,False,False,"https://guba.eastmoney.com/news,002055,1717420351.html",2026-07-06 17:09:40
eastmoney_guba,002055,1717421025,主力集合竞价再多买一点就涨停了,,你小宝哥,8580396181459594,2026-05-29 15:09:05,33,0,0,0,False,False,"https://guba.eastmoney.com/news,002055,1717421025.html",2026-07-06 17:09:40
eastmoney_guba,002055,1717421199,今天板块暴跌，主力这样走算是可以了。严重低估，周一继续涨停。,,空空如也214,7453111974919124,2026-05-29 15:09:13,94,0,0,0,True,False,"https://guba.eastmoney.com/news,002055,1717421199.html",2026-07-06 17:09:40
eastmoney_guba,002055,1717421648,刚才看跌了，又补了，没想到最后几分钟拉3.5%，咋回事。今天刚买,,Jason富,5101385993899612,2026-05-29 15:09:35,255,7,0,0,False,False,"https://guba.eastmoney.com/news,002055,1717421648.html",2026-07-06 17:09:36
eastmoney_guba,002055,1717422643,牛逼会玩你厉害把散户弄与股掌之中今天全部割肉上周五的获利盘也洗走了周一开一字涨停,,st念头通达,6379376212140346,2026-05-29 15:10:20,619,23,0,0,False,False,"https://guba.eastmoney.com/news,002055,1717422643.html",2026-07-06 17:09:27
eastmoney_guba,002055,1717426988,两天两个天地板，肯定有东西，但是架不住啊像你这样洗，主力我服你，上周五进的，全给,,st念头通达,6379376212140346,2026-05-29 15:14:14,40,0,0,0,False,False,"https://guba.eastmoney.com/news,002055,1717426988.html",2026-07-06 17:09:40
eastmoney_guba,002055,1717427386,晚上来个利好配合一下就上去了。,,邵先生,4046186502913004,2026-05-29 15:14:37,39,0,0,0,False,False,"https://guba.eastmoney.com/news,002055,1717427386.html",2026-07-06 17:09:40
eastmoney_guba,002055,1717428762,趋势开始走出来了，是不是跟京蓝第一个高换手走势很像？可能是小市值的ST华通，只是,,ZVJDvI,6539305756439150,2026-05-29 15:16:10,74,0,0,0,False,False,"https://guba.eastmoney.com/news,002055,1717428762.html",2026-07-06 17:09:40
eastmoney_guba,002055,1717430247,拉尾盘非奸即盗,,股友u592131r83,1655316302883186,2026-05-29 15:18:05,62,1,0,0,False,False,"https://guba.eastmoney.com/news,002055,1717430247.html",2026-07-06 17:09:40
eastmoney_guba,002055,1717431595,下周一有可能一字板，今天尾盘集合竞价就是为了不让非挂涨停的买入，说明不是非常看好,,你小宝哥,8580396181459594,2026-05-29 15:19:53,532,11,2,0,False,False,"https://guba.eastmoney.com/news,002055,1717431595.html",2026-07-06 17:09:40
eastmoney_guba,002055,1717434748,问下紫气东来现在叫什么,,大吉来财de狄仁杰,1755385943658964,2026-05-29 15:24:21,38,0,0,0,False,False,"https://guba.eastmoney.com/news,002055,1717434748.html",2026-07-06 17:09:40
eastmoney_guba,002055,1717436387,周一肯定要跌停,,股友Ri51325559,2973416635560782,2026-05-29 15:27:02,44,0,0,0,False,False,"https://guba.eastmoney.com/news,002055,1717436387.html",2026-07-06 17:09:40
eastmoney_guba,002055,1717440529,是涨还是诱多？各位高手分析一下,,股友733872k9D0,1081456835583508,2026-05-29 15:32:54,51,0,0,0,False,False,"https://guba.eastmoney.com/news,002055,1717440529.html",2026-07-06 17:09:40
eastmoney_guba,002055,1717442783,主力你是不是看错剧本了不应该是跌停吗,,龙空龙x,7703127561981546,2026-05-29 15:36:29,135,2,0,0,False,False,"https://guba.eastmoney.com/news,002055,1717442783.html",2026-07-06 17:09:40
eastmoney_guba,002055,1717444588,好吧我承认你把我洗走了，还得是你,,斗酒的匡纭,1313077690530690,2026-05-29 15:39:54,73,2,0,0,False,False,"https://guba.eastmoney.com/news,002055,1717444588.html",2026-07-06 17:09:40
eastmoney_guba,002055,1717445862,下周有可能又买不进去了。,,堆金如意de祖千秋,4773115361946276,2026-05-29 15:42:23,53,0,0,0,False,False,"https://guba.eastmoney.com/news,002055,1717445862.html",2026-07-06 17:09:40
eastmoney_guba,002055,1717449914,周末没有消息，拉尾盘就是骗人,,可怜的杨茜3,6524315871021212,2026-05-29 15:51:04,301,6,0,0,False,False,"https://guba.eastmoney.com/news,002055,1717449914.html",2026-07-06 17:09:40
eastmoney_guba,002055,1717452301,有可能跌回6元,,生财好运福满身,1811325596690408,2026-05-29 15:57:02,50,0,0,0,False,False,"https://guba.eastmoney.com/news,002055,1717452301.html",2026-07-06 17:09:40
eastmoney_guba,002055,1717461055,下周重启连板,,完善的嘉昀,4324113632624764,2026-05-29 16:15:06,98,2,0,0,False,False,"https://guba.eastmoney.com/news,002055,1717461055.html",2026-07-06 17:09:40
eastmoney_guba,002055,1717466573,本来想竞价7.3接的，拉这么高就算了,,复利的乐趣,6672436878394576,2026-05-29 16:28:04,57,0,0,0,False,False,"https://guba.eastmoney.com/news,002055,1717466573.html",2026-07-06 17:09:40
eastmoney_guba,002055,1717473231,我感觉这周末有消息，,,齐楚燕韩赵魏,4702094512743788,2026-05-29 16:43:25,63,1,0,0,False,False,"https://guba.eastmoney.com/news,002055,1717473231.html",2026-07-06 17:09:40
eastmoney_guba,002055,1717478026,营业收入和市值不匹配，股价严重低估，严重落后板块指数。合理价位至少10元以上。,,空空如也214,7453111974919124,2026-05-29 16:55:32,91,0,0,0,False,False,"https://guba.eastmoney.com/news,002055,1717478026.html",2026-07-06 17:09:40
eastmoney_guba,002055,1717482644,不得不说，尾盘竞价这笔主力资金，实在是聪明，搞的小散都没进去，,,龙空龙x,7703127561981546,2026-05-29 17:08:01,262,4,0,0,False,False,"https://guba.eastmoney.com/news,002055,1717482644.html",2026-07-06 17:09:38
eastmoney_guba,002055,1717487168,主力尾盘这一波，进可攻退可守，周一一个高开，大家追还是不追？追的人一多，反手砸地,,不惑见惑不惑也,6874456736141174,2026-05-29 17:21:12,128,1,0,0,False,False,"https://guba.eastmoney.com/news,002055,1717487168.html",2026-07-06 17:09:40
eastmoney_guba,002055,1717489184,今天这么强差点涨停，跟戴尔盘前大涨有关吧，直接影响3个涨停没，泓林电力，春秋电子,,一种模式展转反侧,6952385573646004,2026-05-29 17:27:15,83,0,0,0,False,False,"https://guba.eastmoney.com/news,002055,1717489184.html",2026-07-06 17:09:40
eastmoney_guba,002055,1717493574,一部分获利盘走了，还有一部分没走，但是主力管不了那么多了，下周开始爆拉,,股友76n23K9288,4275007115295432,2026-05-29 17:40:53,52,0,0,0,False,False,"https://guba.eastmoney.com/news,002055,1717493574.html",2026-07-06 17:09:40
eastmoney_guba,002055,1717494247,今天没写前两天的剧本，有点意外,,一枣红,5556113248314462,2026-05-29 17:43:05,340,3,0,0,True,False,"https://guba.eastmoney.com/news,002055,1717494247.html",2026-07-06 17:09:38
eastmoney_guba,002055,1717497495,2026年5月26日起，公司又新增被叠加实施“主要银行账户被冻结”的其他风险警示,,快乐的攻城狮,2955094502594692,2026-05-29 17:52:59,204,2,0,0,False,False,"https://guba.eastmoney.com/news,002055,1717497495.html",2026-07-06 17:09:40
eastmoney_guba,002055,1717499601,上次去鹤山得润二期，柏拉蒂最近生意蛮好的，特斯拉，比亚迪的订单都很多。而且厂区都,,笑逐颜开的龚艳,2079345942814724,2026-05-29 17:59:38,241,2,0,0,False,False,"https://guba.eastmoney.com/news,002055,1717499601.html",2026-07-06 17:09:38
eastmoney_guba,002055,1717503697,两个涨停才能回本,,健康的叶致东,6884395935913568,2026-05-29 18:12:46,106,1,0,0,False,False,"https://guba.eastmoney.com/news,002055,1717503697.html",2026-07-06 17:09:40
eastmoney_guba,002055,1717506171,太残暴了，多少人被洗下车了,,st花和尚,9932037472698598,2026-05-29 18:20:27,83,2,0,0,False,False,"https://guba.eastmoney.com/news,002055,1717506171.html",2026-07-06 17:09:40
eastmoney_guba,002055,1717508558,和我预测一样，今天暂时止跌，但是下周才会确定向上还是向下，我今天建了底仓，下周行,,惊爆点男主,8399375724329702,2026-05-29 18:29:12,315,6,0,0,False,False,"https://guba.eastmoney.com/news,002055,1717508558.html",2026-07-06 17:09:38
eastmoney_guba,002055,1717508965,洗这么暴力，是不是要开始第二波了？,,我勒个烧缸,8844017608558072,2026-05-29 18:30:51,58,0,0,0,False,False,"https://guba.eastmoney.com/news,002055,1717508965.html",2026-07-06 17:09:40
eastmoney_guba,002055,1717509184,得润是戴尔的主要供应商，这事不用再辟谣了吧,,烂股收割机,4309365835407682,2026-05-29 18:31:31,95,1,0,0,False,False,"https://guba.eastmoney.com/news,002055,1717509184.html",2026-07-06 17:09:40
eastmoney_guba,002055,1717512682,这样搞下周一只有涨停一条路可走了，虽然尾盘也被骗下车,,k线背后,7688113823893366,2026-05-29 18:45:02,58,0,0,0,False,False,"https://guba.eastmoney.com/news,002055,1717512682.html",2026-07-06 17:09:40
eastmoney_guba,002055,1717514127,涨的逻辑是什么啊天天喊涨都不知道因为什么涨。,,邵先生,4046186502913004,2026-05-29 18:51:09,67,1,0,0,False,False,"https://guba.eastmoney.com/news,002055,1717514127.html",2026-07-06 17:09:40
eastmoney_guba,002055,1717515499,才7块钱的科技股，有啥害怕的,,江湖再现尼古拉斯,8183013401511276,2026-05-29 18:56:58,56,0,0,0,False,False,"https://guba.eastmoney.com/news,002055,1717515499.html",2026-07-06 17:09:40
eastmoney_guba,002055,1717519289,戴尔的供应商，写在招聘介绍里的,,炒股养家挣钱,3301064606784256,2026-05-29 19:12:07,79,0,0,0,False,False,"https://guba.eastmoney.com/news,002055,1717519289.html",2026-07-06 17:09:40
eastmoney_guba,002055,1717521655,板块暴跌4%，得润逆势收涨。同板块比较，已严重低估。,,空空如也214,7453111974919124,2026-05-29 19:21:25,360,0,0,0,True,False,"https://guba.eastmoney.com/news,002055,1717521655.html",2026-07-06 17:09:40
eastmoney_guba,002055,1717522793,$ST得润(SZ002055)$,,股市扳手,9145345820928934,2026-05-29 19:26:07,702,2,0,0,True,False,"https://guba.eastmoney.com/news,002055,1717522793.html",2026-07-06 17:09:40
eastmoney_guba,002055,1717530775,等着等着就十块钱了，慢点开车，注意安全。十块钱以后再说吧。,,股海无涯在东方,2033013745408808,2026-05-29 19:59:47,278,4,0,0,False,False,"https://guba.eastmoney.com/news,002055,1717530775.html",2026-07-06 17:09:38
eastmoney_guba,002055,1717546430,瑜公认为：如果大股东好好经营目前市值起码200亿。好好的牛市，好好的体裁，老邱啊,,st花和尚,9932037472698598,2026-05-29 21:04:37,87,0,0,0,False,False,"https://guba.eastmoney.com/news,002055,1717546430.html",2026-07-06 17:09:40
eastmoney_guba,002055,1717547799,周一跌停，别研究了，自己去看最新公告拍个照，留个言，周一你们有福了，傻了吧？挂隔,,财运的五毛一条,9912017693178688,2026-05-29 21:10:32,294,3,0,0,False,False,"https://guba.eastmoney.com/news,002055,1717547799.html",2026-07-06 17:09:38
eastmoney_guba,002055,1717551110,实控人已经变更，周日晚上发公告，估计又得7个板,,股友3966M3y561,4717087682060226,2026-05-29 21:25:25,385,4,0,0,False,False,"https://guba.eastmoney.com/news,002055,1717551110.html",2026-07-06 17:09:38
eastmoney_guba,002055,1717551905,从下午的不断砸盘和最后的竞价暴力拉升，主力应该是提前知道消息了,,股友3966M3y561,4717087682060226,2026-05-29 21:29:10,66,0,0,0,False,False,"https://guba.eastmoney.com/news,002055,1717551905.html",2026-07-06 17:09:38
eastmoney_guba,002055,1717552218,下周直接一字板开盘了，不会再给机会。,,湘军xy,1732306208704420,2026-05-29 21:30:37,60,0,0,0,False,False,"https://guba.eastmoney.com/news,002055,1717552218.html",2026-07-06 17:09:38
eastmoney_guba,002055,1717553259,戴尔大涨，你这个给戴尔供货的，下周也应该补涨一下了吧,,优雅并非天生,4322037630136368,2026-05-29 21:34:12,69,0,0,0,False,False,"https://guba.eastmoney.com/news,002055,1717553259.html",2026-07-06 17:09:38
eastmoney_guba,002055,1717554091,戴尔，惠普，英特尔，全部大涨。得润电子的主要业务服务方经营如此之好。相信得润的业,,垂钓梵河,1790094480175166,2026-05-29 21:36:51,315,0,0,0,True,False,"https://guba.eastmoney.com/news,002055,1717554091.html",2026-07-06 17:09:38
eastmoney_guba,002055,1717555744,戴尔暴涨，周一直接顶板吧千万别来个天地板被你搞怕了,,丁老三,7180326092624544,2026-05-29 21:41:36,255,3,0,0,False,False,"https://guba.eastmoney.com/news,002055,1717555744.html",2026-07-06 17:09:38
eastmoney_guba,002055,1717556768,瑜公认为：周一有戏,,st花和尚,9932037472698598,2026-05-29 21:44:44,525,0,0,0,True,False,"https://guba.eastmoney.com/news,002055,1717556768.html",2026-07-06 17:09:38
eastmoney_guba,002055,1717569539,牛,,Jason富,5101385993899612,2026-05-29 22:28:48,1278,7,0,0,True,False,"https://guba.eastmoney.com/news,002055,1717569539.html",2026-07-06 17:09:38
eastmoney_guba,002055,1717582004,公司于5月29日新获得一项名为“一种连接器及电子设备”的实用新型专利授权,,豪放不羁的叶宇淼,2403326188423796,2026-05-29 23:35:36,159,1,0,0,False,False,"https://guba.eastmoney.com/news,002055,1717582004.html",2026-07-06 17:09:38
eastmoney_guba,002055,1717609463,美国戴尔科技爆涨得润是戴尔的供货商周一直接一字板了,,追跌杀涨好选手,9914094498434672,2026-05-30 07:36:41,461,10,1,0,False,False,"https://guba.eastmoney.com/news,002055,1717609463.html",2026-07-06 17:09:38
eastmoney_guba,002055,1717620853,关于得润电子供货戴尔，联想，惠普。公告和投资者互动有确定说明。1.2022-06,,垂钓梵河,1790094480175166,2026-05-30 09:19:29,248,1,0,0,False,False,"https://guba.eastmoney.com/news,002055,1717620853.html",2026-07-06 17:09:38
eastmoney_guba,002055,1717624356,上照片戴尔合作,,马达突突突,1657375816560460,2026-05-30 09:55:29,641,3,0,0,True,False,"https://guba.eastmoney.com/news,002055,1717624356.html",2026-07-06 17:09:38
eastmoney_guba,002055,1717625380,周五下午砸盘彻底把我砸出来了，主力你真狠,,股友3966M3y561,4717087682060226,2026-05-30 10:04:38,96,2,0,0,False,False,"https://guba.eastmoney.com/news,002055,1717625380.html",2026-07-06 17:09:38
eastmoney_guba,002055,1717625712,25年报，有12.85亿是大陆以外地区。有多少是供给联想，戴尔的呢？,,空空如也214,7453111974919124,2026-05-30 10:07:46,430,2,0,0,True,False,"https://guba.eastmoney.com/news,002055,1717625712.html",2026-07-06 17:09:38
eastmoney_guba,002055,1717628956,这股吧怎么会有这么多大傻春呢？拿个豆包胡扯的当圣经，说是英伟达供应商！套不死你,,唐清风,9963084659655328,2026-05-30 10:41:12,306,6,0,0,False,False,"https://guba.eastmoney.com/news,002055,1717628956.html",2026-07-06 17:09:38
eastmoney_guba,002055,1717632562,财务造假的公司，坚决要求下架。,,深奥的林雨2,9047385661923562,2026-05-30 11:18:17,44,0,0,0,False,False,"https://guba.eastmoney.com/news,002055,1717632562.html",2026-07-06 17:09:38
eastmoney_guba,002055,1717636795,7.2卖了，是惹不起这么磨人的庄家，并不是不看好这个公司！！！！,,NKStar,3943315599118462,2026-05-30 12:03:08,539,3,1,0,True,False,"https://guba.eastmoney.com/news,002055,1717636795.html",2026-07-06 17:09:38
eastmoney_guba,002055,1717637453,这主力玩的真可以，27日和28日走出了几乎一样的走势，盘中涨停过，尾盘跌停，两天,,爱勃才会赢,9492097328698202,2026-05-30 12:10:57,525,4,1,0,True,False,"https://guba.eastmoney.com/news,002055,1717637453.html",2026-07-06 17:09:38
eastmoney_guba,002055,1717642669,老股民也不明白，27号28号散户涨停抢筹，生怕买不到，29号再不抢了，纷纷低位割,,空空如也214,7453111974919124,2026-05-30 13:22:40,392,5,0,0,False,False,"https://guba.eastmoney.com/news,002055,1717642669.html",2026-07-06 17:09:38
eastmoney_guba,002055,1717642823,今天咋没人吹英特尔开始改催戴尔了,,得润两位数,3290024582242248,2026-05-30 13:24:52,161,3,0,0,False,False,"https://guba.eastmoney.com/news,002055,1717642823.html",2026-07-06 17:09:38
eastmoney_guba,002055,1717646412,和尚认为：凡事都有看多的和看空的。任何事都一样，尤其是在互联网。哪怕你放了屁，说,,st花和尚,9932037472698598,2026-05-30 14:17:33,795,8,1,0,False,False,"https://guba.eastmoney.com/news,002055,1717646412.html",2026-07-06 17:09:38
eastmoney_guba,002055,1717648971,得润的月K线。这股不到8元，就见顶了吗？从估值角度看，未来一年内至少有翻两三倍的,,空空如也214,7453111974919124,2026-05-30 14:55:29,380,0,0,0,True,False,"https://guba.eastmoney.com/news,002055,1717648971.html",2026-07-06 17:09:38
eastmoney_guba,002055,1717659815,尾盘大约不到500万抢筹抢了两个点，耍小聪明周一大概率直接一字地板焊死大家,,股友AhZ9hL8092,2295545201705404,2026-05-30 17:22:33,646,18,0,0,False,False,"https://guba.eastmoney.com/news,002055,1717659815.html",2026-07-06 17:09:38
eastmoney_guba,002055,1717666545,股东人数一直在下降，且近一年多底部放巨量，说明什么？,,问界M9吧,8677094479375316,2026-05-30 18:56:41,399,1,0,0,True,False,"https://guba.eastmoney.com/news,002055,1717666545.html",2026-07-06 17:09:38
eastmoney_guba,002055,1717666944,AI算力+存储大发展，对ST得润有多大前景？一、AI算力+存储大发展，对ST得润,,空空如也214,7453111974919124,2026-05-30 19:03:05,692,3,0,0,False,False,"https://guba.eastmoney.com/news,002055,1717666944.html",2026-07-06 17:09:38
eastmoney_guba,002055,1717667020,目标市值（按现价7.40元、44.7亿市值算）1）保守（2026年内，不炒泡沫）,,空空如也214,7453111974919124,2026-05-30 19:04:06,1443,13,0,0,False,False,"https://guba.eastmoney.com/news,002055,1717667020.html",2026-07-06 17:09:38
eastmoney_guba,002055,1717667413,周一英伟达发布AI电脑，高速连接器价值量直接提升50%,,股友9217A2o392,2153067443549406,2026-05-30 19:10:37,144,1,1,0,False,False,"https://guba.eastmoney.com/news,002055,1717667413.html",2026-07-06 17:09:38
eastmoney_guba,002055,1717674929,周一能拉涨停就彻底成妖了，跟风如潮！,,松鹤的宿濂,2490034614534630,2026-05-30 21:02:46,72,0,0,0,False,False,"https://guba.eastmoney.com/news,002055,1717674929.html",2026-07-06 17:09:38
eastmoney_guba,002055,1717675389,得润这个价格确实是偏低的,,松鹤的宿濂,2490034614534630,2026-05-30 21:08:46,65,0,0,0,False,False,"https://guba.eastmoney.com/news,002055,1717675389.html",2026-07-06 17:09:38
eastmoney_guba,002055,1717677859,ai服务器业务暴涨，戴尔联想惠普股价狂飙，作为他们的一级供应商，得润周一开盘会如,,轻盈跳跃的八哥,5366315762063082,2026-05-30 21:42:14,137,2,1,0,False,False,"https://guba.eastmoney.com/news,002055,1717677859.html",2026-07-06 17:09:38
eastmoney_guba,002055,1717678308,按技术来说这个周线收的属实不好看,,亏了八百万,3215144875948716,2026-05-30 21:48:06,87,1,0,0,False,False,"https://guba.eastmoney.com/news,002055,1717678308.html",2026-07-06 17:09:38
eastmoney_guba,002055,1717681192,ai算力，得润是英特尔国内唯一认证，适配英伟达，特别适配华为韬定律，ai服务器，,,轻盈跳跃的八哥,5366315762063082,2026-05-30 22:28:25,182,2,0,0,False,False,"https://guba.eastmoney.com/news,002055,1717681192.html",2026-07-06 17:09:38
eastmoney_guba,002055,1717695563,一个做插座插板的，被吹到天上去了，大赝品，还以为捡到了宝,,大内捕快,6748112735109374,2026-05-31 07:29:53,69,0,0,0,False,False,"https://guba.eastmoney.com/news,002055,1717695563.html",2026-07-06 17:09:38
eastmoney_guba,002055,1717697272,如果上周五芯片科技股不大跌，得润早涨停了，上周五芯片科技股大跌，但得润依然上涨，,,松鹤的宿濂,2490034614534630,2026-05-31 08:07:32,133,1,0,0,False,False,"https://guba.eastmoney.com/news,002055,1717697272.html",2026-07-06 17:09:38
eastmoney_guba,002055,1717697726,看到你们疯狂的唱多我就踏实了，炒ST不唱多怎么赚钱呢,,婀娜多姿的董梦香,9435336302281220,2026-05-31 08:15:01,57,1,0,0,False,False,"https://guba.eastmoney.com/news,002055,1717697726.html",2026-07-06 17:09:38
eastmoney_guba,002055,1717698844,MD周五做T把我给T飞了。为什么尾盘不继续急杀，没抄上底,,股友3966M3y561,4717087682060226,2026-05-31 08:36:32,57,0,0,0,False,False,"https://guba.eastmoney.com/news,002055,1717698844.html",2026-07-06 17:09:38
eastmoney_guba,002055,1717698940,求求主力明天低开或者跌停板开盘，把我甩下车了,,股友3966M3y561,4717087682060226,2026-05-31 08:38:22,150,3,0,0,False,False,"https://guba.eastmoney.com/news,002055,1717698940.html",2026-07-06 17:09:38
eastmoney_guba,002055,1717702736,全市最具性价比的科技股了，如果不是被ST现在应该是15了。今年的摘帽股有一种新现,,ZVJDvI,6539305756439150,2026-05-31 09:36:57,517,5,1,0,False,False,"https://guba.eastmoney.com/news,002055,1717702736.html",2026-07-06 17:09:38
eastmoney_guba,002055,1717704957,像不像这个股？,,空空如也214,7453111974919124,2026-05-31 10:04:46,1511,8,1,0,True,False,"https://guba.eastmoney.com/news,002055,1717704957.html",2026-07-06 17:09:38
eastmoney_guba,002055,1717734553,星期五，戴尔产业链已经开始有个股爆发，得润你也发发力吧。,,傻傻的我28,9791615234562222,2026-05-31 16:57:56,317,2,0,0,True,False,"https://guba.eastmoney.com/news,002055,1717734553.html",2026-07-06 17:09:38
eastmoney_guba,002055,1717738452,戴尔占了近一半高速连接器营收,,只做预期,7334625240229044,2026-05-31 17:47:29,1009,2,4,0,False,False,"https://guba.eastmoney.com/news,002055,1717738452.html",2026-07-06 17:09:38
eastmoney_guba,002055,1717744362,得润与其他同板块个股比价。,,空空如也214,7453111974919124,2026-05-31 18:59:31,348,0,0,0,True,False,"https://guba.eastmoney.com/news,002055,1717744362.html",2026-07-06 17:09:38
eastmoney_guba,002055,1717746027,得润，有望国资控股。一、起家与高光（1992–2019）：正常老板路线-1992,,空空如也214,7453111974919124,2026-05-31 19:19:22,828,4,2,0,False,False,"https://guba.eastmoney.com/news,002055,1717746027.html",2026-07-06 17:09:38
eastmoney_guba,002055,1717746308,查了下与戴尔，华为、英伟达毫无关系？要警惕，等明确再上车，别坐在牛皮上、会破的？,,股友09E23162a6,7712066984859766,2026-05-31 19:22:26,270,3,0,0,False,False,"https://guba.eastmoney.com/news,002055,1717746308.html",2026-07-06 17:09:38
eastmoney_guba,002055,1717748194,一、得润↔戴尔（DELL）：实锤直供-产品：CPUSocket、DDR5、PCI,,空空如也214,7453111974919124,2026-05-31 19:43:49,334,0,0,0,False,False,"https://guba.eastmoney.com/news,002055,1717748194.html",2026-07-06 17:09:38
eastmoney_guba,002055,1717748589,Intel认证的CPUSocket+DDR5+800V汽车电子，2026年底产能,,空空如也214,7453111974919124,2026-05-31 19:48:25,391,0,0,0,False,False,"https://guba.eastmoney.com/news,002055,1717748589.html",2026-07-06 17:09:38
eastmoney_guba,002055,1717749367,得润连封几个涨停的原因是什么？退市风险彻底解除+AI高速连接器国产唯一硬壁垒+无,,空空如也214,7453111974919124,2026-05-31 19:58:07,572,0,1,0,False,False,"https://guba.eastmoney.com/news,002055,1717749367.html",2026-07-06 17:09:38
eastmoney_guba,002055,1717750291,洗盘洗这么狠,,游龙战法,3474356558196494,2026-05-31 20:08:54,168,2,0,0,False,False,"https://guba.eastmoney.com/news,002055,1717750291.html",2026-07-06 17:09:38
eastmoney_guba,002055,1717752517,那位朋友能看到截至目前的挂单吗？给个数谢谢。乱报的勿扰。,,炒股亦如修心,4059326000081520,2026-05-31 20:33:45,121,1,1,0,False,False,"https://guba.eastmoney.com/news,002055,1717752517.html",2026-07-06 17:09:38
eastmoney_guba,002055,1717754114,得润电子-计算机与企业应用事业部（CEABU）；进入四月已开始大幅增加设备投入。,,垂钓梵河,1790094480175166,2026-05-31 20:50:39,290,0,0,0,False,False,"https://guba.eastmoney.com/news,002055,1717754114.html",2026-07-06 17:09:38
eastmoney_guba,002055,1717756379,ST股周末没有利空就是利好,,谦虚的缘水影15,5031315956385200,2026-05-31 21:12:05,48,0,0,0,False,False,"https://guba.eastmoney.com/news,002055,1717756379.html",2026-07-06 17:09:38
eastmoney_guba,002055,1717771808,看不懂，但是股吧都是唱多的，完蛋了,,小龙虾尾0001,5922396268323138,2026-06-01 00:10:56,43,0,0,0,False,False,"https://guba.eastmoney.com/news,002055,1717771808.html",2026-07-06 17:09:38
eastmoney_guba,002055,1717774860,英伟达PC来了，戴尔大涨，新亚电子等涨停，明天得润弄不好也一字板,,问界M9吧,8677094479375316,2026-06-01 01:26:53,93,0,0,0,False,False,"https://guba.eastmoney.com/news,002055,1717774860.html",2026-07-06 17:09:38
eastmoney_guba,002055,1717783352,别唱多了好吗？。？你们不累吗？,,只ai女大学生,5139315876529738,2026-06-01 07:09:19,39,0,0,0,False,False,"https://guba.eastmoney.com/news,002055,1717783352.html",2026-07-06 17:09:38
eastmoney_guba,002055,1717792108,唱多是好事啊，主力一个高开，让他们买进，反手砸到地板上，让他们长长记性,,不惑见惑不惑也,6874456736141174,2026-06-01 08:29:07,50,1,0,0,False,False,"https://guba.eastmoney.com/news,002055,1717792108.html",2026-07-06 17:09:38
eastmoney_guba,002055,1717795902,一觉起来还是一堆的，真的是主力笑死了,,股友NO93837065,8337476879184404,2026-06-01 08:48:39,32,0,0,0,False,False,"https://guba.eastmoney.com/news,002055,1717795902.html",2026-07-06 17:09:38
eastmoney_guba,002055,1717799676,这票是不会重整的，老板要默默扛下所有，想做的散户需陪它价值成长,,冰河世纪的鱼,4424097010836990,2026-06-01 09:03:22,79,2,0,0,False,False,"https://guba.eastmoney.com/news,002055,1717799676.html",2026-07-06 17:09:36
eastmoney_guba,002055,1717806693,AIPC概念,,股友9a92827R85,3121067010132390,2026-06-01 09:17:33,35,0,0,0,False,False,"https://guba.eastmoney.com/news,002055,1717806693.html",2026-07-06 17:09:38
eastmoney_guba,002055,1717806717,又是天地吗∩,,知行合一知良知,2487144882864902,2026-06-01 09:17:35,33,0,0,0,False,False,"https://guba.eastmoney.com/news,002055,1717806717.html",2026-07-06 17:09:38
eastmoney_guba,002055,1717807847,让我下班，我不想盯盘,,我勒个烧缸,8844017608558072,2026-06-01 09:18:44,48,1,0,0,False,False,"https://guba.eastmoney.com/news,002055,1717807847.html",2026-07-06 17:09:38
eastmoney_guba,002055,1717812365,又是天地板,,股友u592131r83,1655316302883186,2026-06-01 09:23:07,29,0,0,0,False,False,"https://guba.eastmoney.com/news,002055,1717812365.html",2026-07-06 17:09:38
eastmoney_guba,002055,1717812445,完辣,,湘D峡谷野王,4390365943034164,2026-06-01 09:23:12,39,1,0,0,False,False,"https://guba.eastmoney.com/news,002055,1717812445.html",2026-07-06 17:09:38
eastmoney_guba,002055,1717851298,哪个家伙砸一万多手,,唐清风,9963084659655328,2026-06-01 09:33:17,26,0,0,0,False,False,"https://guba.eastmoney.com/news,002055,1717851298.html",2026-07-06 17:09:38
eastmoney_guba,002055,1717851349,老庄，来呀，天地板玩起来,,和气生财有道是说,2757345816761894,2026-06-01 09:33:18,26,0,0,0,False,False,"https://guba.eastmoney.com/news,002055,1717851349.html",2026-07-06 17:09:38
eastmoney_guba,002055,1717853127,又要天地板,,嚣张的悟道之旅,9533037219595632,2026-06-01 09:33:50,30,0,0,0,False,False,"https://guba.eastmoney.com/news,002055,1717853127.html",2026-07-06 17:09:38
eastmoney_guba,002055,1717855874,坑打板资金，就问场外的谁敢打板，让老庄自己一个人玩,,和气生财有道是说,2757345816761894,2026-06-01 09:34:38,77,2,0,0,False,False,"https://guba.eastmoney.com/news,002055,1717855874.html",2026-07-06 17:09:36
eastmoney_guba,002055,1717862586,这套路忽悠一堆接盘的,,股友5338d16z51,3074057303565748,2026-06-01 09:36:45,31,0,0,0,False,False,"https://guba.eastmoney.com/news,002055,1717862586.html",2026-07-06 17:09:38
eastmoney_guba,002055,1717882255,是个好股,,风生水起鹏,3550086931973738,2026-06-01 09:42:35,26,0,0,0,False,False,"https://guba.eastmoney.com/news,002055,1717882255.html",2026-07-06 17:09:38
eastmoney_guba,002055,1717888051,今天板块那么强，你跟个车啊,,我勒个烧缸,8844017608558072,2026-06-01 09:44:40,26,0,0,0,False,False,"https://guba.eastmoney.com/news,002055,1717888051.html",2026-07-06 17:09:38
eastmoney_guba,002055,1717908817,哪个大佬来了，这么霸气,,唐清风,9963084659655328,2026-06-01 09:52:18,30,0,0,0,False,False,"https://guba.eastmoney.com/news,002055,1717908817.html",2026-07-06 17:09:36
eastmoney_guba,002055,1717910811,价格低就是优势，其他股太高了。,,悠闲的钱昊祥,5180316408310404,2026-06-01 09:53:00,24,0,0,0,False,False,"https://guba.eastmoney.com/news,002055,1717910811.html",2026-07-06 17:09:36
eastmoney_guba,002055,1717918917,不错啊，继续等12.8，冠捷也涨停,,你好2080,8206305555530104,2026-06-01 09:55:45,25,0,0,0,False,False,"https://guba.eastmoney.com/news,002055,1717918917.html",2026-07-06 17:09:36
eastmoney_guba,002055,1717919140,2w多手直接跳空封板，封板意愿很强,,我勒个烧缸,8844017608558072,2026-06-01 09:55:49,50,1,0,0,False,False,"https://guba.eastmoney.com/news,002055,1717919140.html",2026-07-06 17:09:36
eastmoney_guba,002055,1717920285,谢谢主力，我替我那快上幼儿园的儿子谢谢主力。等下给他挑个好点的礼物,,笑逐颜开的龚艳,2079345942814724,2026-06-01 09:56:14,32,0,0,0,False,False,"https://guba.eastmoney.com/news,002055,1717920285.html",2026-07-06 17:09:36
eastmoney_guba,002055,1717921256,马上要打开下午跌停002055,,后贝加尔斯克,7154013321195756,2026-06-01 09:56:38,76,4,0,0,False,False,"https://guba.eastmoney.com/news,002055,1717921256.html",2026-07-06 17:09:36
eastmoney_guba,002055,1717928422,6月1号，今天开始走一波大的主升浪吧，我保证不砸你,,o痕迹o,4802306288363612,2026-06-01 09:59:28,21,0,0,0,False,False,"https://guba.eastmoney.com/news,002055,1717928422.html",2026-07-06 17:09:36
eastmoney_guba,002055,1717932645,先出去涨停板，后面再买回来。,,股海无涯在东方,2033013745408808,2026-06-01 10:01:12,39,1,0,0,False,False,"https://guba.eastmoney.com/news,002055,1717932645.html",2026-07-06 17:09:36
eastmoney_guba,002055,1717934076,盘子明显轻多了！,,白天做发财梦,3623094377243404,2026-06-01 10:01:48,31,0,0,0,False,False,"https://guba.eastmoney.com/news,002055,1717934076.html",2026-07-06 17:09:36
eastmoney_guba,002055,1717937290,买少了,,张炜杰,1030017443727878,2026-06-01 10:03:01,27,0,0,0,False,False,"https://guba.eastmoney.com/news,002055,1717937290.html",2026-07-06 17:09:36
eastmoney_guba,002055,1717942359,这个位置，这种走法，看好，不吃独食，有钱大家一起赚,,万事多谋地老夫子,1028386319694022,2026-06-01 10:05:03,45,1,0,0,False,False,"https://guba.eastmoney.com/news,002055,1717942359.html",2026-07-06 17:09:36
eastmoney_guba,002055,1717945264,AIPC概念，还有很长路要走，翻倍没问题,,百亿正平,5334375680148172,2026-06-01 10:06:17,33,0,0,0,False,False,"https://guba.eastmoney.com/news,002055,1717945264.html",2026-07-06 17:09:36
eastmoney_guba,002055,1717950916,抱住不放，6月7月大涨,,知行合一知良知,2487144882864902,2026-06-01 10:08:35,51,2,0,0,False,False,"https://guba.eastmoney.com/news,002055,1717950916.html",2026-07-06 17:09:29
eastmoney_guba,002055,1717951280,不得了，前几天巨量是洗盘，后面涨势无比，短期12元，中期30,,松鹤的宿濂,2490034614534630,2026-06-01 10:08:46,44,0,0,0,False,False,"https://guba.eastmoney.com/news,002055,1717951280.html",2026-07-06 17:09:36
eastmoney_guba,002055,1717958058,为什么涨停？,,德n福,5938094743500338,2026-06-01 10:11:41,35,1,0,0,False,False,"https://guba.eastmoney.com/news,002055,1717958058.html",2026-07-06 17:09:36
eastmoney_guba,002055,1717966484,跌停板了哈哈002055全部清仓80万股,,后贝加尔斯克,7154013321195756,2026-06-01 10:15:26,150,7,0,0,False,False,"https://guba.eastmoney.com/news,002055,1717966484.html",2026-07-06 17:09:36
eastmoney_guba,002055,1717970142,主力分歧太大了，趋势没有明朗前，多看少动。,,股友6u0268O327,2559037085354874,2026-06-01 10:17:05,38,0,0,0,False,False,"https://guba.eastmoney.com/news,002055,1717970142.html",2026-07-06 17:09:36
eastmoney_guba,002055,1717971733,连接器之王,,永怀梦想,7965094050920072,2026-06-01 10:17:50,37,0,0,0,False,False,"https://guba.eastmoney.com/news,002055,1717971733.html",2026-07-06 17:09:36
eastmoney_guba,002055,1717972616,这下没人砸盘了吗,,投机市场,3827316057729008,2026-06-01 10:18:14,28,0,0,0,False,False,"https://guba.eastmoney.com/news,002055,1717972616.html",2026-07-06 17:09:36
eastmoney_guba,002055,1717974970,不会又要天地板吧，至少看来主力也是匆忙上马，低价筹码还没有收集够,,股友8Y76507U23,8855077296698044,2026-06-01 10:19:19,30,0,0,0,False,False,"https://guba.eastmoney.com/news,002055,1717974970.html",2026-07-06 17:09:36
eastmoney_guba,002055,1717978341,四天换手率50％，今天这个走势，如果不是出货，你认为会到多少，你还有机会吗？,,老练的戚春燕,5647037201743930,2026-06-01 10:20:50,129,3,0,0,False,False,"https://guba.eastmoney.com/news,002055,1717978341.html",2026-07-06 17:09:36
eastmoney_guba,002055,1717984195,突然开了一个缺口，是主力偷偷在涨停板出货的意思吗？感觉群里冷冷清清的，是不是被洗,,独立的凌翰5,4935345939513282,2026-06-01 10:23:33,134,2,0,0,False,False,"https://guba.eastmoney.com/news,002055,1717984195.html",2026-07-06 17:09:36
eastmoney_guba,002055,1717984963,厉害呀,,有气质就很哇塞,5422336360734678,2026-06-01 10:23:56,23,0,0,0,False,False,"https://guba.eastmoney.com/news,002055,1717984963.html",2026-07-06 17:09:36
eastmoney_guba,002055,1717987972,什么意思，又不板死又感觉要开板的样子？骗筹吗？,,我勒个烧缸,8844017608558072,2026-06-01 10:25:24,32,0,0,0,False,False,"https://guba.eastmoney.com/news,002055,1717987972.html",2026-07-06 17:09:36
eastmoney_guba,002055,1717988308,这是在遛狗玩儿呢！,,股友216Nl62325,7427057506411942,2026-06-01 10:25:33,32,0,0,0,False,False,"https://guba.eastmoney.com/news,002055,1717988308.html",2026-07-06 17:09:36
eastmoney_guba,002055,1717989270,今天反复撤单，总不能又开始表演了吧我服了主力，,,st念头通达,6379376212140346,2026-06-01 10:25:57,33,0,0,0,False,False,"https://guba.eastmoney.com/news,002055,1717989270.html",2026-07-06 17:09:36
eastmoney_guba,002055,1717990884,故意撤单让人卖又加单先把不坚定的洗走，第二波来了。,,堆金如意de祖千秋,4773115361946276,2026-06-01 10:26:45,91,2,0,0,False,False,"https://guba.eastmoney.com/news,002055,1717990884.html",2026-07-06 17:09:36
eastmoney_guba,002055,1718001374,名字取得真好，得（dei）润,,赵云墨,5517365766529104,2026-06-01 10:31:54,32,0,0,0,False,False,"https://guba.eastmoney.com/news,002055,1718001374.html",2026-07-06 17:09:36
eastmoney_guba,002055,1718006153,下午打开直接跌停板002055,,后贝加尔斯克,7154013321195756,2026-06-01 10:34:12,94,6,0,0,False,False,"https://guba.eastmoney.com/news,002055,1718006153.html",2026-07-06 17:09:36
eastmoney_guba,002055,1718006385,刚才谁砸的啊,,得润两位数,3290024582242248,2026-06-01 10:34:19,33,1,0,0,False,False,"https://guba.eastmoney.com/news,002055,1718006385.html",2026-07-06 17:09:36
eastmoney_guba,002055,1718008415,还会不会开板，看得好累,,我勒个烧缸,8844017608558072,2026-06-01 10:35:14,127,5,0,0,False,False,"https://guba.eastmoney.com/news,002055,1718008415.html",2026-07-06 17:09:36
eastmoney_guba,002055,1718012274,洗干净了么,,股友35hHbY,1624266022028354,2026-06-01 10:37:18,26,1,0,0,False,False,"https://guba.eastmoney.com/news,002055,1718012274.html",2026-07-06 17:09:36
eastmoney_guba,002055,1718027515,这个股套路真是太多了，每天变着花样搞心态,,善解人意的顾哲禾,2050047394339812,2026-06-01 10:44:46,48,1,0,0,False,False,"https://guba.eastmoney.com/news,002055,1718027515.html",2026-07-06 17:09:36
eastmoney_guba,002055,1718036430,主力真会玩。高抛低吸。,,见好就收5859,3960047762213936,2026-06-01 10:49:13,68,3,0,0,False,False,"https://guba.eastmoney.com/news,002055,1718036430.html",2026-07-06 17:09:36
eastmoney_guba,002055,1718037674,先跑吧.....抛压太大了！,,拉萨虎虎虎虎虎,7129057352193428,2026-06-01 10:49:52,90,0,0,0,False,False,"https://guba.eastmoney.com/news,002055,1718037674.html",2026-07-06 17:09:36
eastmoney_guba,002055,1718039149,地板！,,诚恳的曾轶穗,7415094328733630,2026-06-01 10:50:39,36,0,0,0,False,False,"https://guba.eastmoney.com/news,002055,1718039149.html",2026-07-06 17:09:36
eastmoney_guba,002055,1718046282,搞不好又是一个天地板。刚才有多少人顶板的。,,见好就收5859,3960047762213936,2026-06-01 10:54:11,30,0,0,0,False,False,"https://guba.eastmoney.com/news,002055,1718046282.html",2026-07-06 17:09:36
eastmoney_guba,002055,1718046762,板块跳水那么严重,,我勒个烧缸,8844017608558072,2026-06-01 10:54:26,27,0,0,0,False,False,"https://guba.eastmoney.com/news,002055,1718046762.html",2026-07-06 17:09:36
eastmoney_guba,002055,1718051390,下午大有可能又是一个地板。,,见好就收5859,3960047762213936,2026-06-01 10:56:42,59,2,0,0,False,False,"https://guba.eastmoney.com/news,002055,1718051390.html",2026-07-06 17:09:36
eastmoney_guba,002055,1718063261,封单太小，主力意图不明确，危险。,,股友106v631R89,5309137689664810,2026-06-01 11:03:01,28,0,1,0,False,False,"https://guba.eastmoney.com/news,002055,1718063261.html",2026-07-06 17:09:36
eastmoney_guba,002055,1718074711,下午大概率又要来个地板,,傲寒的秦岚,5793047755670376,2026-06-01 11:09:02,28,0,0,0,False,False,"https://guba.eastmoney.com/news,002055,1718074711.html",2026-07-06 17:09:36
eastmoney_guba,002055,1718077704,散户被你搞怕了,,丁老三,7180326092624544,2026-06-01 11:10:37,37,1,0,0,False,False,"https://guba.eastmoney.com/news,002055,1718077704.html",2026-07-06 17:09:36
eastmoney_guba,002055,1718082488,下午,,持仓观风云,4654067800325436,2026-06-01 11:13:24,22,1,0,0,False,False,"https://guba.eastmoney.com/news,002055,1718082488.html",2026-07-06 17:09:36
eastmoney_guba,002055,1718088254,哎，不要又天地吧,,傻傻的我28,9791615234562222,2026-06-01 11:16:27,24,0,0,0,False,False,"https://guba.eastmoney.com/news,002055,1718088254.html",2026-07-06 17:09:36
eastmoney_guba,002055,1718088333,涨停跑，跌停接就行，除了周五每天都能吃的饱饱的,,冷若冰霜的怜星2,5694137325125404,2026-06-01 11:16:30,38,1,0,0,False,False,"https://guba.eastmoney.com/news,002055,1718088333.html",2026-07-06 17:09:36
eastmoney_guba,002055,1718089791,下来，希望蝶婷,,见好就收5859,3960047762213936,2026-06-01 11:17:17,21,0,0,0,False,False,"https://guba.eastmoney.com/news,002055,1718089791.html",2026-07-06 17:09:36
eastmoney_guba,002055,1718089889,唉又是天地板,,大虾118,4167315536396900,2026-06-01 11:17:20,34,0,0,0,False,False,"https://guba.eastmoney.com/news,002055,1718089889.html",2026-07-06 17:09:36
eastmoney_guba,002055,1718091311,那我走咯,,头铁的憨憨,2648396355837464,2026-06-01 11:18:03,190,1,0,0,True,False,"https://guba.eastmoney.com/news,002055,1718091311.html",2026-07-06 17:09:36
eastmoney_guba,002055,1718096056,不碟婷哥都看不起你,,持仓观风云,4654067800325436,2026-06-01 11:20:45,31,0,0,0,False,False,"https://guba.eastmoney.com/news,002055,1718096056.html",2026-07-06 17:09:36
eastmoney_guba,002055,1718100012,梭哈,,股友M271898U91,9469336445932000,2026-06-01 11:23:33,31,0,0,0,False,False,"https://guba.eastmoney.com/news,002055,1718100012.html",2026-07-06 17:09:36
eastmoney_guba,002055,1718100389,越是踉踉跄跄跌跌撞撞的，越是准备走长路的。前期坎坷崎岖，后期扶摇直上！,,完善的嘉昀,4324113632624764,2026-06-01 11:23:48,50,1,0,0,False,False,"https://guba.eastmoney.com/news,002055,1718100389.html",2026-07-06 17:09:36
eastmoney_guba,002055,1718109895,赶紧调仓300232,,后贝加尔斯克,7154013321195756,2026-06-01 11:31:33,103,4,0,0,False,False,"https://guba.eastmoney.com/news,002055,1718109895.html",2026-07-06 17:09:36
eastmoney_guba,002055,1718115332,原本我觉得周五尾盘拉高是不想周一让很多人上车，结果现在随便进还有低位，那就是诱多,,股友9f0776120F,3927137487108460,2026-06-01 11:39:23,137,2,0,0,False,False,"https://guba.eastmoney.com/news,002055,1718115332.html",2026-07-06 17:09:36
eastmoney_guba,002055,1718120770,主力手法真是牛，让我猜对了，但是你今天要是砸天地板，我是无话可说,,st念头通达,6379376212140346,2026-06-01 11:50:34,47,0,0,0,False,False,"https://guba.eastmoney.com/news,002055,1718120770.html",2026-07-06 17:09:36
eastmoney_guba,002055,1718122978,逻辑没变，建议删软件,,哈基石,9722336050895030,2026-06-01 11:56:18,87,4,0,0,False,False,"https://guba.eastmoney.com/news,002055,1718122978.html",2026-07-06 17:09:36
eastmoney_guba,002055,1718126256,今天肯定又是天地,,一切都是虚的,9157075009070820,2026-06-01 12:05:46,42,1,0,0,False,False,"https://guba.eastmoney.com/news,002055,1718126256.html",2026-07-06 17:09:36
eastmoney_guba,002055,1718130552,贯性思维的人，肯定认为又是天地板，就这思维当不了主力,,股友100zG51075,9531346262250688,2026-06-01 12:19:03,38,0,0,0,False,False,"https://guba.eastmoney.com/news,002055,1718130552.html",2026-07-06 17:09:36
eastmoney_guba,002055,1718137165,这里必须充分换手才能走得长远，否则短期很容易走成双头。,,股市扳手,9145345820928934,2026-06-01 12:42:06,125,3,0,0,False,False,"https://guba.eastmoney.com/news,002055,1718137165.html",2026-07-06 17:09:36
eastmoney_guba,002055,1718150392,能不能有点出息，就知道诱多，微微索索,,和气生财有道是说,2757345816761894,2026-06-01 13:03:15,32,0,0,0,False,False,"https://guba.eastmoney.com/news,002055,1718150392.html",2026-07-06 17:09:36
eastmoney_guba,002055,1718151080,能不能有点出息，就知道诱多,,和气生财有道是说,2757345816761894,2026-06-01 13:03:51,37,0,0,0,False,False,"https://guba.eastmoney.com/news,002055,1718151080.html",2026-07-06 17:09:36
eastmoney_guba,002055,1718166445,这个位置拿不住，就进厂去打螺丝,,海盗船长macd,4041306360146342,2026-06-01 13:15:31,44,1,0,0,False,False,"https://guba.eastmoney.com/news,002055,1718166445.html",2026-07-06 17:09:36
eastmoney_guba,002055,1718170646,戴尔已飞,,基民30M8k6,6247305787051588,2026-06-01 13:18:36,31,0,0,0,False,False,"https://guba.eastmoney.com/news,002055,1718170646.html",2026-07-06 17:09:36
eastmoney_guba,002055,1718183546,下午来个地板,,见好就收5859,3960047762213936,2026-06-01 13:27:45,30,0,0,0,False,False,"https://guba.eastmoney.com/news,002055,1718183546.html",2026-07-06 17:09:36
eastmoney_guba,002055,1718186240,顶部800多万的大单压着，难了。,,股友106v631R89,5309137689664810,2026-06-01 13:29:28,36,0,0,0,False,False,"https://guba.eastmoney.com/news,002055,1718186240.html",2026-07-06 17:09:36
eastmoney_guba,002055,1718190070,把我洗出去了,,只ai女大学生,5139315876529738,2026-06-01 13:32:09,31,0,0,0,False,False,"https://guba.eastmoney.com/news,002055,1718190070.html",2026-07-06 17:09:36
eastmoney_guba,002055,1718190260,下午大部分地板高位出货,,持仓观风云,4654067800325436,2026-06-01 13:32:17,29,0,0,0,False,False,"https://guba.eastmoney.com/news,002055,1718190260.html",2026-07-06 17:09:36
eastmoney_guba,002055,1718190541,放心会下来的,,股友3aL1158657,6751466890460740,2026-06-01 13:32:30,35,0,0,0,False,False,"https://guba.eastmoney.com/news,002055,1718190541.html",2026-07-06 17:09:36
eastmoney_guba,002055,1718190897,今天走的也没什么问题，反正明天天地各50%,,st_踏足山巅,8201097125149362,2026-06-01 13:32:46,32,0,0,0,False,False,"https://guba.eastmoney.com/news,002055,1718190897.html",2026-07-06 17:09:36
eastmoney_guba,002055,1718193248,明显高位出货，短期没机会了。该走的走，,,百亿正平,5334375680148172,2026-06-01 13:34:26,35,0,0,0,False,False,"https://guba.eastmoney.com/news,002055,1718193248.html",2026-07-06 17:09:36
eastmoney_guba,002055,1718194654,这主力鸡贼啊，上周就天地巨量洗盘，今天就慢慢磨，把哪些想复制上周天地板做T的都洗,,股友6u0268O327,2559037085354874,2026-06-01 13:35:24,37,0,0,0,False,False,"https://guba.eastmoney.com/news,002055,1718194654.html",2026-07-06 17:09:36
eastmoney_guba,002055,1718195141,有利润的可以出了,,股友3aL1158657,6751466890460740,2026-06-01 13:35:46,34,0,0,0,False,False,"https://guba.eastmoney.com/news,002055,1718195141.html",2026-07-06 17:09:36
eastmoney_guba,002055,1718196041,该票本来散户就多，稍拉一点散户们就卖单，郁闷了！,,兰州雨轩,1930396480838492,2026-06-01 13:36:25,50,2,0,0,False,False,"https://guba.eastmoney.com/news,002055,1718196041.html",2026-07-06 17:09:36
eastmoney_guba,002055,1718196574,今天感觉和那天的天地板一样，尾盘估计会碟婷,,持仓观风云,4654067800325436,2026-06-01 13:36:51,86,2,0,0,False,False,"https://guba.eastmoney.com/news,002055,1718196574.html",2026-07-06 17:09:36
eastmoney_guba,002055,1718203587,现在只要一来板散户第一反应是又天地板，现在主力把人搞怕了，一开全卖了。主力封板吧,,丁老三,7180326092624544,2026-06-01 13:41:48,133,3,0,0,False,False,"https://guba.eastmoney.com/news,002055,1718203587.html",2026-07-06 17:09:18
eastmoney_guba,002055,1718207650,反正年内过不了8.88,,风生水起鹏,3550086931973738,2026-06-01 13:44:25,57,1,0,0,False,False,"https://guba.eastmoney.com/news,002055,1718207650.html",2026-07-06 17:09:34
eastmoney_guba,002055,1718213480,盼着跌停的小散们赶紧卖啊，快点走,,炒股养家挣钱,3301064606784256,2026-06-01 13:48:26,76,1,0,0,False,False,"https://guba.eastmoney.com/news,002055,1718213480.html",2026-07-06 17:09:34
eastmoney_guba,002055,1718216070,明显吸筹,,小红牛科技,4787027365047292,2026-06-01 13:50:24,43,1,0,0,False,False,"https://guba.eastmoney.com/news,002055,1718216070.html",2026-07-06 17:09:36
eastmoney_guba,002055,1718217763,珍惜手中的筹码,,股友w506E26765,2522027552167704,2026-06-01 13:51:38,78,2,0,0,False,False,"https://guba.eastmoney.com/news,002055,1718217763.html",2026-07-06 17:09:34
eastmoney_guba,002055,1718218258,涨停板出货？换手不高又没放量,,行者无德,5293326144445146,2026-06-01 13:51:59,31,0,0,0,False,False,"https://guba.eastmoney.com/news,002055,1718218258.html",2026-07-06 17:09:34
eastmoney_guba,002055,1718223836,等尾盘挂碟婷买入,,持仓观风云,4654067800325436,2026-06-01 13:55:54,31,0,0,0,False,False,"https://guba.eastmoney.com/news,002055,1718223836.html",2026-07-06 17:09:34
eastmoney_guba,002055,1718225622,这个位置还看空，怎么想的，公司st问题不大,,投机市场,3827316057729008,2026-06-01 13:57:13,86,1,0,0,False,False,"https://guba.eastmoney.com/news,002055,1718225622.html",2026-07-06 17:09:34
eastmoney_guba,002055,1718227322,吸筹,,股友r06997G166,6768007546239210,2026-06-01 13:58:36,42,0,0,0,False,False,"https://guba.eastmoney.com/news,002055,1718227322.html",2026-07-06 17:09:34
eastmoney_guba,002055,1718231242,这个票主力真好，给机会买也给机会卖，大家赚不赚钱各凭本事,,四只羊十2,2142356529765010,2026-06-01 14:01:30,58,1,0,0,False,False,"https://guba.eastmoney.com/news,002055,1718231242.html",2026-07-06 17:09:34
eastmoney_guba,002055,1718232956,明天来个涨停就成妖了,,ST我的最爱,5271094411571008,2026-06-01 14:02:48,110,1,0,0,False,False,"https://guba.eastmoney.com/news,002055,1718232956.html",2026-07-06 17:09:34
eastmoney_guba,002055,1718233465,唉，的。,,大地宇宙威龙,2721513602784366,2026-06-01 14:03:11,30,0,0,0,False,False,"https://guba.eastmoney.com/news,002055,1718233465.html",2026-07-06 17:09:34
eastmoney_guba,002055,1718234278,2点30左右闸盘,,持仓观风云,4654067800325436,2026-06-01 14:03:48,31,0,0,0,False,False,"https://guba.eastmoney.com/news,002055,1718234278.html",2026-07-06 17:09:34
eastmoney_guba,002055,1718235073,卖盘枯竭了？,,股友35hHbY,1624266022028354,2026-06-01 14:04:23,57,0,0,0,False,False,"https://guba.eastmoney.com/news,002055,1718235073.html",2026-07-06 17:09:34
eastmoney_guba,002055,1718242189,收盘跌停即将,,后贝加尔斯克,7154013321195756,2026-06-01 14:09:24,218,7,0,0,False,False,"https://guba.eastmoney.com/news,002055,1718242189.html",2026-07-06 17:09:34
eastmoney_guba,002055,1718262679,还能开一次门，就看你们的胆子有多大了,,尽德修业,6047356189132872,2026-06-01 14:22:34,308,12,0,0,False,False,"https://guba.eastmoney.com/news,002055,1718262679.html",2026-07-06 17:09:34
eastmoney_guba,002055,1718263199,相信自己看到的，每天150-200辆的货车进场记录。困境反转完成，柏拉蒂重组进来,,笑逐颜开的龚艳,2079345942814724,2026-06-01 14:22:53,2299,18,0,0,True,False,"https://guba.eastmoney.com/news,002055,1718263199.html",2026-07-06 17:09:34
eastmoney_guba,002055,1718269635,有没有挂单啊，不要挂太多预防主力明天还要下,,持仓观风云,4654067800325436,2026-06-01 14:26:52,37,0,0,0,False,False,"https://guba.eastmoney.com/news,002055,1718269635.html",2026-07-06 17:09:34
eastmoney_guba,002055,1718273391,搬个小板凳，静观猪力砸盘，从涨停砸到跌停，刺激。,,乘电梯者,4681385517036150,2026-06-01 14:29:24,40,0,0,0,False,False,"https://guba.eastmoney.com/news,002055,1718273391.html",2026-07-06 17:09:34
eastmoney_guba,002055,1718291480,来了,,持仓观风云,4654067800325436,2026-06-01 14:41:05,41,0,0,0,False,False,"https://guba.eastmoney.com/news,002055,1718291480.html",2026-07-06 17:09:34
eastmoney_guba,002055,1718293392,下来,,持仓观风云,4654067800325436,2026-06-01 14:42:10,38,0,0,0,False,False,"https://guba.eastmoney.com/news,002055,1718293392.html",2026-07-06 17:09:34
eastmoney_guba,002055,1718294872,1这一砸，妳，反而更润了，愈发温润，我喜欢,,人类高质量男性A,4969185994711566,2026-06-01 14:43:00,45,0,0,0,False,False,"https://guba.eastmoney.com/news,002055,1718294872.html",2026-07-06 17:09:34
eastmoney_guba,002055,1718303359,你看，又一大堆人开始交筹码了。就是这样反复处于封与不封之间，不给做T的位置，也让,,股友6u0268O327,2559037085354874,2026-06-01 14:47:54,147,2,0,0,False,False,"https://guba.eastmoney.com/news,002055,1718303359.html",2026-07-06 17:09:34
eastmoney_guba,002055,1718303789,上周五的剧情？,,我勒个烧缸,8844017608558072,2026-06-01 14:48:09,61,0,0,0,False,False,"https://guba.eastmoney.com/news,002055,1718303789.html",2026-07-06 17:09:34
eastmoney_guba,002055,1718305684,抢京蓝去！,,kemorebi,6962077677845920,2026-06-01 14:49:22,38,0,0,0,False,False,"https://guba.eastmoney.com/news,002055,1718305684.html",2026-07-06 17:09:34
eastmoney_guba,002055,1718307736,这走势何意味？,,股友35hHbY,1624266022028354,2026-06-01 14:50:41,34,0,0,0,False,False,"https://guba.eastmoney.com/news,002055,1718307736.html",2026-07-06 17:09:34
eastmoney_guba,002055,1718307941,主力是个憨憨，人家都是市场合力做多，它偏喜欢砸打板资金，搞成，看谁还敢顶,,和气生财有道是说,2757345816761894,2026-06-01 14:50:49,50,0,0,0,False,False,"https://guba.eastmoney.com/news,002055,1718307941.html",2026-07-06 17:09:34
eastmoney_guba,002055,1718309271,主力在这里出货啊,,持仓观风云,4654067800325436,2026-06-01 14:51:39,45,0,0,0,False,False,"https://guba.eastmoney.com/news,002055,1718309271.html",2026-07-06 17:09:34
eastmoney_guba,002055,1718310668,明天才是关键,,xiuyunliang,4903094222630964,2026-06-01 14:52:28,55,1,0,0,False,False,"https://guba.eastmoney.com/news,002055,1718310668.html",2026-07-06 17:09:34
eastmoney_guba,002055,1718311490,今天换庄了吗,,股友2817858yQ8,3959137755267902,2026-06-01 14:52:50,64,2,0,0,False,False,"https://guba.eastmoney.com/news,002055,1718311490.html",2026-07-06 17:09:34
eastmoney_guba,002055,1718311868,拿不住就去打螺丝,,海盗船长macd,4041306360146342,2026-06-01 14:52:58,663,0,1,0,True,False,"https://guba.eastmoney.com/news,002055,1718311868.html",2026-07-06 17:09:34
eastmoney_guba,002055,1718314758,确认上升行情了，昨天建的底仓，今天继续买入，明天后天再两天买入，齐活，希望明天后,,惊爆点男主,8399375724329702,2026-06-01 14:54:36,186,3,0,0,False,False,"https://guba.eastmoney.com/news,002055,1718314758.html",2026-07-06 17:09:34
eastmoney_guba,002055,1718319888,把我洗出来了,,骑牛走天下了,3448386117466706,2026-06-01 14:57:47,350,2,0,0,True,False,"https://guba.eastmoney.com/news,002055,1718319888.html",2026-07-06 17:09:34
eastmoney_guba,002055,1718324771,这个B真奇怪,,每天红亿点就好,5869316140590642,2026-06-01 15:01:13,327,0,0,0,True,False,"https://guba.eastmoney.com/news,002055,1718324771.html",2026-07-06 17:09:34
eastmoney_guba,002055,1718333696,这股真牛逼！无论是物理涨了还是跌了，都让人不敢买。,,熊猫贼可爱,6632385959531156,2026-06-01 15:09:15,50,0,0,0,False,False,"https://guba.eastmoney.com/news,002055,1718333696.html",2026-07-06 17:09:34
eastmoney_guba,002055,1718333862,反正我得在车上。,,股友6u0268O327,2559037085354874,2026-06-01 15:09:23,288,2,0,0,True,False,"https://guba.eastmoney.com/news,002055,1718333862.html",2026-07-06 17:09:34
eastmoney_guba,002055,1718336257,得润是2026年十倍大牛股，几天来巨量洗盘，后面涨势无比，先看12元，7月可到1,,松鹤的宿濂,2490034614534630,2026-06-01 15:12:10,417,8,0,0,False,False,"https://guba.eastmoney.com/news,002055,1718336257.html",2026-07-06 17:09:34
eastmoney_guba,002055,1718340647,哎，尾盘被吓跑了，拿不住啊，希望明天低开让我进点,,有判断力的可如荷,4251406593483498,2026-06-01 15:17:38,49,0,0,0,False,False,"https://guba.eastmoney.com/news,002055,1718340647.html",2026-07-06 17:09:34
eastmoney_guba,002055,1718340667,今天居然没有天地板,,豫P03DC0,8154014280145278,2026-06-01 15:17:39,63,1,0,0,False,False,"https://guba.eastmoney.com/news,002055,1718340667.html",2026-07-06 17:09:34
eastmoney_guba,002055,1718349661,按图施工。,,空空如也214,7453111974919124,2026-06-01 15:34:13,918,4,0,0,True,False,"https://guba.eastmoney.com/news,002055,1718349661.html",2026-07-06 17:09:34
eastmoney_guba,002055,1718353097,准备走加速，明天再买点,,俗人一哥,2757094416187170,2026-06-01 15:41:28,60,1,0,0,False,False,"https://guba.eastmoney.com/news,002055,1718353097.html",2026-07-06 17:09:34
eastmoney_guba,002055,1718356158,st股要做t也是做正t、很容易走一字被甩的，我反正不动如山！曾经买过st远东、s,,合纵资本,7304094472044104,2026-06-01 15:48:47,132,2,0,0,False,False,"https://guba.eastmoney.com/news,002055,1718356158.html",2026-07-06 17:09:34
eastmoney_guba,002055,1718357609,兄弟们，面对明天抛盘能接得住，我就全仓进入,,我就只有耐心,4562037441809234,2026-06-01 15:52:47,159,3,0,0,False,False,"https://guba.eastmoney.com/news,002055,1718357609.html",2026-07-06 17:09:34
eastmoney_guba,002055,1718359741,各位水渔，是800.！！！,,ffffffgghhhh,6378325836212464,2026-06-01 15:57:47,53,0,0,0,False,False,"https://guba.eastmoney.com/news,002055,1718359741.html",2026-07-06 17:09:34
eastmoney_guba,002055,1718366889,11天11板（2个天地板），起飞了。,,舍得润,4484346120850282,2026-06-01 16:15:38,389,2,1,0,True,False,"https://guba.eastmoney.com/news,002055,1718366889.html",2026-07-06 17:09:34
eastmoney_guba,002055,1718373383,数据收集，注意甄别，不构成参考,,辻弌仙姑,5443355523836254,2026-06-01 16:34:13,2253,7,5,0,True,False,"https://guba.eastmoney.com/news,002055,1718373383.html",2026-07-06 17:09:27
eastmoney_guba,002055,1718379831,果然6月份玩ST才是王道！现在还有四个票，其中洲际仓位最重，有7成多仓，准备拿到,,九命龙头,4541335946059474,2026-06-01 16:52:46,1372,2,1,0,True,False,"https://guba.eastmoney.com/news,002055,1718379831.html",2026-07-06 17:09:34
eastmoney_guba,002055,1718386397,ST得润:关于公司提起诉讼的进展公告,,ST得润资讯,9481113638045702,2026-06-01 17:13:10,1110,56,27,0,False,False,"https://guba.eastmoney.com/news,002055,1718386397.html",2026-07-06 17:09:18
eastmoney_guba,002055,1718388456,今天的涨停成交量19.2万手，说明主力涨停板出货？各位高手怎么看？,,独立的凌翰5,4935345939513282,2026-06-01 17:19:35,231,1,0,0,False,False,"https://guba.eastmoney.com/news,002055,1718388456.html",2026-07-06 17:09:34
eastmoney_guba,002055,1718396542,还好几天被吓跑了，原来出利空了，,,有判断力的可如荷,4251406593483498,2026-06-01 17:46:45,52,0,0,0,False,False,"https://guba.eastmoney.com/news,002055,1718396542.html",2026-07-06 17:09:34
eastmoney_guba,002055,1718396922,还好今天被吓跑了，原来主力空了,,有判断力的可如荷,4251406593483498,2026-06-01 17:47:58,70,0,0,0,False,False,"https://guba.eastmoney.com/news,002055,1718396922.html",2026-07-06 17:09:34
eastmoney_guba,002055,1718397667,说明官司在往极好的方向走，走机会拿回这笔款，等吧，这几个亿回到账户里不是原地起飞,,我在情绪之外,9194047483250996,2026-06-01 17:50:16,213,2,0,0,False,False,"https://guba.eastmoney.com/news,002055,1718397667.html",2026-07-06 17:09:34
eastmoney_guba,002055,1718399578,一审驳回还能接着上诉，本身就计提过了，不能再坏了。但凡后续能要回来一点就是大利好,,o痕迹o,4802306288363612,2026-06-01 17:56:53,186,2,1,0,False,False,"https://guba.eastmoney.com/news,002055,1718399578.html",2026-07-06 17:09:34
eastmoney_guba,002055,1718400612,明天怎么走，一股没动，还加仓了。,,赚钱的水哥,3309356152004606,2026-06-01 18:00:08,442,11,0,0,False,False,"https://guba.eastmoney.com/news,002055,1718400612.html",2026-07-06 17:09:27
eastmoney_guba,002055,1718411258,今天没有大的涨停封单，即使没有利空都高开不了。预计明天低开3个点左右，7.5元差,,空空如也214,7453111974919124,2026-06-01 18:42:12,117,2,0,0,False,False,"https://guba.eastmoney.com/news,002055,1718411258.html",2026-07-06 17:09:34
eastmoney_guba,002055,1718413495,$ST得润(SZ002055)$,,观自在心自在,8016037319280750,2026-06-01 18:51:53,469,0,1,0,True,False,"https://guba.eastmoney.com/news,002055,1718413495.html",2026-07-06 17:09:34
eastmoney_guba,002055,1718415567,我真服了某些唱空的人公告都不看张嘴就来，，公司2024年已经对这两起诉讼做了最坏,,n920413704102234,9204013704102234,2026-06-01 19:00:41,747,7,0,0,True,False,"https://guba.eastmoney.com/news,002055,1718415567.html",2026-07-06 17:09:34
eastmoney_guba,002055,1718420661,胜蓝股份今天大跌5个点胜宏科技跌了7个点兄弟们要当心别上头,,得润两位数,3290024582242248,2026-06-01 19:22:08,122,2,0,0,False,False,"https://guba.eastmoney.com/news,002055,1718420661.html",2026-07-06 17:09:34
eastmoney_guba,002055,1718424672,高位进来，刚进就出小作文，今天刚刚反弹，又来过期的债务公告，什么情况,,云南小散nie,3561017753135412,2026-06-01 19:40:04,160,3,0,0,False,False,"https://guba.eastmoney.com/news,002055,1718424672.html",2026-07-06 17:09:34
eastmoney_guba,002055,1718429046,仔细看了一下公告，这笔款项本来就在24年做了坏账处理，所以这10亿可有可无，后面,,股友8y606G5279,7060057188922296,2026-06-01 19:59:26,951,10,0,0,True,False,"https://guba.eastmoney.com/news,002055,1718429046.html",2026-07-06 17:09:34
eastmoney_guba,002055,1718434566,明天大低开就是机会,,st大平头,3943305709821276,2026-06-01 20:23:13,450,7,0,0,False,False,"https://guba.eastmoney.com/news,002055,1718434566.html",2026-07-06 17:09:34
eastmoney_guba,002055,1718435815,以前我喷的那些豆包炒股的，现在我要道个歉，我错了，现在有一些人连豆包都不会用。今,,被套就割,9679127793622906,2026-06-01 20:28:34,128,2,0,0,False,False,"https://guba.eastmoney.com/news,002055,1718435815.html",2026-07-06 17:09:34
eastmoney_guba,002055,1718441765,我只发图,,观自在心自在,8016037319280750,2026-06-01 20:52:57,865,4,0,0,True,False,"https://guba.eastmoney.com/news,002055,1718441765.html",2026-07-06 17:09:34
eastmoney_guba,002055,1718442156,都已经全额计提的诉讼、被这些下车的人开心的不得了、看来今天洗下车的人蛮多、帖子都,,合纵资本,7304094472044104,2026-06-01 20:54:30,295,4,2,0,False,False,"https://guba.eastmoney.com/news,002055,1718442156.html",2026-07-06 17:09:34
eastmoney_guba,002055,1718447864,大利好，明天9.31分涨停,,松鹤的宿濂,2490034614534630,2026-06-01 21:17:26,50,0,0,0,False,False,"https://guba.eastmoney.com/news,002055,1718447864.html",2026-07-06 17:09:34
eastmoney_guba,002055,1718448762,明天盯着春秋电子，戴尔晚上大涨。春秋电子明天大概还是一字，德润明天大概高开秒板,,股友8y606G5279,7060057188922296,2026-06-01 21:21:07,248,1,0,0,False,False,"https://guba.eastmoney.com/news,002055,1718448762.html",2026-07-06 17:09:34
eastmoney_guba,002055,1718450885,总感觉今天的板不是主力封的，大家怎么看？,,你小宝哥,8580396181459594,2026-06-01 21:29:16,268,6,0,0,False,False,"https://guba.eastmoney.com/news,002055,1718450885.html",2026-07-06 17:09:34
eastmoney_guba,002055,1718452749,戴尔科技美股，今晚又大涨。。。。,,股市小羔羊,3561396025664456,2026-06-01 21:35:03,85,1,0,0,False,False,"https://guba.eastmoney.com/news,002055,1718452749.html",2026-07-06 17:09:34
eastmoney_guba,002055,1718459747,上次股权拍卖撤回了，后期不拍了吗？,,邵先生,4046186502913004,2026-06-01 21:57:03,50,0,0,0,False,False,"https://guba.eastmoney.com/news,002055,1718459747.html",2026-07-06 17:09:34
eastmoney_guba,002055,1718467440,戴尔，惠普，今夜又大涨啊！,,垂钓梵河,1790094480175166,2026-06-01 22:23:37,53,0,0,0,False,False,"https://guba.eastmoney.com/news,002055,1718467440.html",2026-07-06 17:09:34
eastmoney_guba,002055,1718478446,其实今天发的公告没什么大不了的，都在预期内，况且今夜美股戴尔继续大涨，所以车上的,,掘金高歌,5238386190584350,2026-06-01 23:12:23,173,1,0,0,False,False,"https://guba.eastmoney.com/news,002055,1718478446.html",2026-07-06 17:09:34
eastmoney_guba,002055,1718483981,那天晚上你一直问我，我一直没敢和你说，我是个胆小鬼，yyt我承认我真的很喜欢你，,,暴打脆脆鲨,2131426816941974,2026-06-01 23:46:59,211,6,0,0,False,False,"https://guba.eastmoney.com/news,002055,1718483981.html",2026-07-06 17:09:34
eastmoney_guba,002055,1718488061,明天核吧，我来接一点,,股友50778H3z68,3303037629956610,2026-06-02 00:22:16,980,0,0,0,True,False,"https://guba.eastmoney.com/news,002055,1718488061.html",2026-07-06 17:09:34
eastmoney_guba,002055,1718499932,英伟达暴涨6%。得润要走连继一字板了，先看12元,,松鹤的宿濂,2490034614534630,2026-06-02 05:09:14,139,4,0,0,False,False,"https://guba.eastmoney.com/news,002055,1718499932.html",2026-07-06 17:09:34
eastmoney_guba,002055,1718503883,不出意外的话，天地板,,不吃鱼的熊,2893077236409780,2026-06-02 05:58:16,85,4,0,0,False,False,"https://guba.eastmoney.com/news,002055,1718503883.html",2026-07-06 17:09:34
eastmoney_guba,002055,1718506277,调仓了300232抄底去了。在得润里赚了18万元不贪.ST毕竟风险不碰。好股票多,,后贝加尔斯克,7154013321195756,2026-06-02 06:21:41,108,2,0,0,False,False,"https://guba.eastmoney.com/news,002055,1718506277.html",2026-07-06 17:09:34
eastmoney_guba,002055,1718512044,下周见12元，本月见18元,,松鹤的宿濂,2490034614534630,2026-06-02 07:10:13,56,1,0,0,False,False,"https://guba.eastmoney.com/news,002055,1718512044.html",2026-07-06 17:09:34
eastmoney_guba,002055,1718517574,今天大概率上冲，利空实际上前期已消化，戴尔又大涨，应该能跟。,,股友0890t5H988,2938127799295868,2026-06-02 07:50:42,71,2,0,0,False,False,"https://guba.eastmoney.com/news,002055,1718517574.html",2026-07-06 17:09:34
eastmoney_guba,002055,1718521905,今天小心继续天地板，开盘冲高全部卖出,,股友3966M3y561,4717087682060226,2026-06-02 08:12:26,71,3,0,0,False,False,"https://guba.eastmoney.com/news,002055,1718521905.html",2026-07-06 17:09:34
eastmoney_guba,002055,1718537145,英伟达pc本，，ddr5,,xxjid88,4474085011653056,2026-06-02 09:10:15,55,1,0,0,False,False,"https://guba.eastmoney.com/news,002055,1718537145.html",2026-07-06 17:09:34
eastmoney_guba,002055,1718547037,去抄300232,,后贝加尔斯克,7154013321195756,2026-06-02 09:23:21,29,0,0,0,False,False,"https://guba.eastmoney.com/news,002055,1718547037.html",2026-07-06 17:09:34
eastmoney_guba,002055,1718547685,没人竞价抢了，好现象,,唐清风,9963084659655328,2026-06-02 09:24:01,28,0,0,0,False,False,"https://guba.eastmoney.com/news,002055,1718547685.html",2026-07-06 17:09:34
eastmoney_guba,002055,1718548283,马上跌停7元必破002055,,后贝加尔斯克,7154013321195756,2026-06-02 09:24:38,131,3,0,0,False,False,"https://guba.eastmoney.com/news,002055,1718548283.html",2026-07-06 17:09:32
eastmoney_guba,002055,1718557237,今天跌停机会大,,可怜的杨茜3,6524315871021212,2026-06-02 09:26:14,49,1,0,0,False,False,"https://guba.eastmoney.com/news,002055,1718557237.html",2026-07-06 17:09:34
eastmoney_guba,002055,1718558941,得润昨天公告输了官司，是在提醒各位注意操作风险，今、明两天均跌停了！,,诚恳的曾轶穗,7415094328733630,2026-06-02 09:27:52,90,1,0,0,False,False,"https://guba.eastmoney.com/news,002055,1718558941.html",2026-07-06 17:09:34
eastmoney_guba,002055,1718573579,拿不住就去打螺丝,,海盗船长macd,4041306360146342,2026-06-02 09:32:54,28,0,0,0,False,False,"https://guba.eastmoney.com/news,002055,1718573579.html",2026-07-06 17:09:32
eastmoney_guba,002055,1718576518,毫无疑问的地板，还在想啥,,股友9f0776120F,3927137487108460,2026-06-02 09:33:47,169,6,0,0,False,False,"https://guba.eastmoney.com/news,002055,1718576518.html",2026-07-06 17:09:25
eastmoney_guba,002055,1718581896,今天百分百跌停，50w手封单快跑吧,,且末7,8969097428284194,2026-06-02 09:35:19,28,0,0,0,False,False,"https://guba.eastmoney.com/news,002055,1718581896.html",2026-07-06 17:09:32
eastmoney_guba,002055,1718582220,拿住了！！,,海纳兆川,1612615257916390,2026-06-02 09:35:24,133,2,0,0,False,False,"https://guba.eastmoney.com/news,002055,1718582220.html",2026-07-06 17:09:32
eastmoney_guba,002055,1718585549,赶紧跌停…这个扑街庄就是做T赚钱…,,PPll8533,1565114767391018,2026-06-02 09:36:16,31,0,0,0,False,False,"https://guba.eastmoney.com/news,002055,1718585549.html",2026-07-06 17:09:32
eastmoney_guba,002055,1718607210,M的，得润，还把东尼垃下来了,,海纳兆川,1612615257916390,2026-06-02 09:42:30,23,0,0,0,False,False,"https://guba.eastmoney.com/news,002055,1718607210.html",2026-07-06 17:09:32
eastmoney_guba,002055,1718608378,要连续跌停吗,,一切都是虚的,9157075009070820,2026-06-02 09:42:51,22,0,0,0,False,False,"https://guba.eastmoney.com/news,002055,1718608378.html",2026-07-06 17:09:32
eastmoney_guba,002055,1718610336,涨停、跌停，跟玩似的，牛掰,,zhuch1,7677013499151220,2026-06-02 09:43:24,26,0,0,0,False,False,"https://guba.eastmoney.com/news,002055,1718610336.html",2026-07-06 17:09:32
eastmoney_guba,002055,1718610757,今天来个地天板,,富有发财的雨秋,3887316231220598,2026-06-02 09:43:31,25,0,0,0,False,False,"https://guba.eastmoney.com/news,002055,1718610757.html",2026-07-06 17:09:32
eastmoney_guba,002055,1718612016,把钱还我，，我不玩了,,海纳兆川,1612615257916390,2026-06-02 09:43:52,196,6,0,0,False,False,"https://guba.eastmoney.com/news,002055,1718612016.html",2026-07-06 17:09:32
eastmoney_guba,002055,1718614659,按照原定计划加仓，估计明天还有低点,,惊爆点男主,8399375724329702,2026-06-02 09:44:38,55,2,0,0,False,False,"https://guba.eastmoney.com/news,002055,1718614659.html",2026-07-06 17:09:27
eastmoney_guba,002055,1718616331,评论区不是拖就是坏。趁早跑路吧，明天后天还是大面，什么时候6块钱什么时候在接。,,股友106v631R89,5309137689664810,2026-06-02 09:45:06,33,0,0,0,False,False,"https://guba.eastmoney.com/news,002055,1718616331.html",2026-07-06 17:09:32
eastmoney_guba,002055,1718623982,今天地天板，立贴为证,,我是风向标,7292015289809824,2026-06-02 09:47:17,21,0,0,0,False,False,"https://guba.eastmoney.com/news,002055,1718623982.html",2026-07-06 17:09:32
eastmoney_guba,002055,1718629034,抄底发财了,,反面教科书,8548094341034744,2026-06-02 09:48:40,26,0,0,0,False,False,"https://guba.eastmoney.com/news,002055,1718629034.html",2026-07-06 17:09:32
eastmoney_guba,002055,1718629286,只有加仓,,德n福,5938094743500338,2026-06-02 09:48:45,20,1,0,0,False,False,"https://guba.eastmoney.com/news,002055,1718629286.html",2026-07-06 17:09:32
eastmoney_guba,002055,1718630327,水鱼太多,,ffffffgghhhh,6378325836212464,2026-06-02 09:49:03,24,0,0,0,False,False,"https://guba.eastmoney.com/news,002055,1718630327.html",2026-07-06 17:09:32
eastmoney_guba,002055,1718633879,跌停了，只能被动持有了,,和气生财有道是说,2757345816761894,2026-06-02 09:50:04,20,0,0,0,False,False,"https://guba.eastmoney.com/news,002055,1718633879.html",2026-07-06 17:09:32
eastmoney_guba,002055,1718638310,你也配叫电子,,微笑lxy,3185094309910698,2026-06-02 09:51:21,32,0,0,0,False,False,"https://guba.eastmoney.com/news,002055,1718638310.html",2026-07-06 17:09:32
eastmoney_guba,002055,1718639791,昨晚挂单忘记撤单了，开盘成交了我还气的骂,,有判断力的可如荷,4251406593483498,2026-06-02 09:51:46,89,0,0,0,True,False,"https://guba.eastmoney.com/news,002055,1718639791.html",2026-07-06 17:09:32
eastmoney_guba,002055,1718639756,托靠得住，母枝会上树,,ffffffgghhhh,6378325836212464,2026-06-02 09:51:46,24,0,0,0,False,False,"https://guba.eastmoney.com/news,002055,1718639756.html",2026-07-06 17:09:32
eastmoney_guba,002055,1718642061,你也配叫电子,,微笑lxy,3185094309910698,2026-06-02 09:52:24,21,0,0,0,False,False,"https://guba.eastmoney.com/news,002055,1718642061.html",2026-07-06 17:09:32
eastmoney_guba,002055,1718644154,我是穿越者，临近收盘前一根直线涨停，老乡先别走,,st_踏足山巅,8201097125149362,2026-06-02 09:52:59,35,1,0,0,False,False,"https://guba.eastmoney.com/news,002055,1718644154.html",2026-07-06 17:09:32
eastmoney_guba,002055,1718653185,啥玩意，亏钱走人了,,liuzhiv53918,9522044798958326,2026-06-02 09:55:20,23,0,0,0,False,False,"https://guba.eastmoney.com/news,002055,1718653185.html",2026-07-06 17:09:32
eastmoney_guba,002055,1718654338,还好昨天开盘板上卖了，后面还一直后悔没有半路接回来，明天可以接回来了,,散花涨停突击队,4170386044094200,2026-06-02 09:55:38,28,0,0,0,False,False,"https://guba.eastmoney.com/news,002055,1718654338.html",2026-07-06 17:09:32
eastmoney_guba,002055,1718659714,怎么恐慌成这样，这是要买公司吗,,有毅力的顾杭4,6748366502489256,2026-06-02 09:57:03,27,0,0,0,False,False,"https://guba.eastmoney.com/news,002055,1718659714.html",2026-07-06 17:09:32
eastmoney_guba,002055,1718660479,水鱼太多,,ffffffgghhhh,6378325836212464,2026-06-02 09:57:16,24,0,0,0,False,False,"https://guba.eastmoney.com/news,002055,1718660479.html",2026-07-06 17:09:32
eastmoney_guba,002055,1718661727,价开始建仓！,,岁月无声60,7038044816034318,2026-06-02 09:57:36,26,0,0,0,False,False,"https://guba.eastmoney.com/news,002055,1718661727.html",2026-07-06 17:09:32
eastmoney_guba,002055,1718666279,睇世界杯，没行情,,ffffffgghhhh,6378325836212464,2026-06-02 09:58:59,34,0,0,0,False,False,"https://guba.eastmoney.com/news,002055,1718666279.html",2026-07-06 17:09:32
eastmoney_guba,002055,1718671126,至少3个跌停板必破6元抄底去300232,,后贝加尔斯克,7154013321195756,2026-06-02 10:00:21,135,9,0,0,False,False,"https://guba.eastmoney.com/news,002055,1718671126.html",2026-07-06 17:09:27
eastmoney_guba,002055,1718680358,最多就值2块,,有专注力123456,3877094317451952,2026-06-02 10:03:08,29,0,0,0,False,False,"https://guba.eastmoney.com/news,002055,1718680358.html",2026-07-06 17:09:32
eastmoney_guba,002055,1718683286,公司不想让股价涨上去。之前连续上涨，公司澄清的比较彻底。这两天多头比较猛，公司又,,ohaha,7259155946251206,2026-06-02 10:04:04,141,3,0,0,False,False,"https://guba.eastmoney.com/news,002055,1718683286.html",2026-07-06 17:09:32
eastmoney_guba,002055,1718684820,st中唯一一家跌停的,,股友7bGrRB,7556375694655340,2026-06-02 10:04:34,40,2,0,0,False,False,"https://guba.eastmoney.com/news,002055,1718684820.html",2026-07-06 17:09:32
eastmoney_guba,002055,1718690634,吃相太难看,,基民30M8k6,6247305787051588,2026-06-02 10:06:18,23,0,0,0,False,False,"https://guba.eastmoney.com/news,002055,1718690634.html",2026-07-06 17:09:32
eastmoney_guba,002055,1718695107,至少再两个跌停,,千股82,6618385851430346,2026-06-02 10:07:45,21,0,0,0,False,False,"https://guba.eastmoney.com/news,002055,1718695107.html",2026-07-06 17:09:32
eastmoney_guba,002055,1718700718,没办法钱多的有定价权，想涨停就涨停，想跌停就跌停,,和气生财有道是说,2757345816761894,2026-06-02 10:09:45,30,0,0,0,False,False,"https://guba.eastmoney.com/news,002055,1718700718.html",2026-07-06 17:09:32
eastmoney_guba,002055,1718703031,老师们别砸地板啊,,得润两位数,3290024582242248,2026-06-02 10:10:35,27,0,0,0,False,False,"https://guba.eastmoney.com/news,002055,1718703031.html",2026-07-06 17:09:32
eastmoney_guba,002055,1718705176,不至于跌停吧,,健康的叶致东,6884395935913568,2026-06-02 10:11:23,25,0,0,0,False,False,"https://guba.eastmoney.com/news,002055,1718705176.html",2026-07-06 17:09:32
eastmoney_guba,002055,1718710392,得润电子是原告，诉求全部驳回，说明原告的诉讼请求的方向存在问题，调整一下思路，继,,crv1687515,5377094094642118,2026-06-02 10:13:22,80,1,0,0,False,False,"https://guba.eastmoney.com/news,002055,1718710392.html",2026-07-06 17:09:32
eastmoney_guba,002055,1718710990,马上开板,,炒股养家挣钱,3301064606784256,2026-06-02 10:13:36,18,0,0,0,False,False,"https://guba.eastmoney.com/news,002055,1718710990.html",2026-07-06 17:09:32
eastmoney_guba,002055,1718713775,别撤单，下午钱到账，我买点,,尽德修业,6047356189132872,2026-06-02 10:14:41,25,0,0,0,False,False,"https://guba.eastmoney.com/news,002055,1718713775.html",2026-07-06 17:09:32
eastmoney_guba,002055,1718714697,封板的多少是散户？,,超级旺旺号,5935336100455462,2026-06-02 10:15:04,24,0,0,0,False,False,"https://guba.eastmoney.com/news,002055,1718714697.html",2026-07-06 17:09:32
eastmoney_guba,002055,1718715661,呼叫万手哥,,熊市抄股,4306035158890494,2026-06-02 10:15:27,23,0,0,0,False,False,"https://guba.eastmoney.com/news,002055,1718715661.html",2026-07-06 17:09:32
eastmoney_guba,002055,1718719707,这货估计问题不小，涨点就发利空，估计怕查,,股友1h81839X81,4609007585071114,2026-06-02 10:17:05,30,0,0,0,False,False,"https://guba.eastmoney.com/news,002055,1718719707.html",2026-07-06 17:09:32
eastmoney_guba,002055,1718721509,主力封板以为散户会跟，没想到没几个跟。自己筹码还少了,,笑逐颜开的龚艳,2079345942814724,2026-06-02 10:17:49,37,0,0,0,False,False,"https://guba.eastmoney.com/news,002055,1718721509.html",2026-07-06 17:09:32
eastmoney_guba,002055,1718722968,这主力真有病，之前的利空消息，现在又开始跌。,,健康的叶致东,6884395935913568,2026-06-02 10:18:23,34,1,0,0,False,False,"https://guba.eastmoney.com/news,002055,1718722968.html",2026-07-06 17:09:32
eastmoney_guba,002055,1718727404,st得润·重刑犯,,st_踏足山巅,8201097125149362,2026-06-02 10:20:08,29,0,0,0,False,False,"https://guba.eastmoney.com/news,002055,1718727404.html",2026-07-06 17:09:32
eastmoney_guba,002055,1718729312,7.56割了,,伟dongwei,3836094065590214,2026-06-02 10:20:56,23,0,0,0,False,False,"https://guba.eastmoney.com/news,002055,1718729312.html",2026-07-06 17:09:32
eastmoney_guba,002055,1718729717,开板我就补个50w，不开板就算鸟,,Jason富,5101385993899612,2026-06-02 10:21:05,230,7,0,0,False,False,"https://guba.eastmoney.com/news,002055,1718729717.html",2026-07-06 17:09:23
eastmoney_guba,002055,1718732131,大甩出货，贴吧拼命说暴力洗盘,,股友02328ef007,7252017447693546,2026-06-02 10:22:11,28,0,0,0,False,False,"https://guba.eastmoney.com/news,002055,1718732131.html",2026-07-06 17:09:32
eastmoney_guba,002055,1718734578,妖气越来越重了，不是涨停就是跌停,,预瞄高手,3451077611993496,2026-06-02 10:23:17,29,0,0,0,False,False,"https://guba.eastmoney.com/news,002055,1718734578.html",2026-07-06 17:09:32
eastmoney_guba,002055,1718737427,至少3个跌停板本周必收6元以下002055,,后贝加尔斯克,7154013321195756,2026-06-02 10:24:32,52,2,0,0,False,False,"https://guba.eastmoney.com/news,002055,1718737427.html",2026-07-06 17:09:32
eastmoney_guba,002055,1718738254,主力清仓试出货了,,有专注力123456,3877094317451952,2026-06-02 10:24:55,30,0,0,0,False,False,"https://guba.eastmoney.com/news,002055,1718738254.html",2026-07-06 17:09:32
eastmoney_guba,002055,1718739830,这下抄底，主力应该看得清清楚楚,,持仓观风云,4654067800325436,2026-06-02 10:25:36,40,1,0,0,False,False,"https://guba.eastmoney.com/news,002055,1718739830.html",2026-07-06 17:09:32
eastmoney_guba,002055,1718745298,其实没多少封单，能不能市场合力把做空的几万手给吃了,,和气生财有道是说,2757345816761894,2026-06-02 10:28:06,26,0,0,0,False,False,"https://guba.eastmoney.com/news,002055,1718745298.html",2026-07-06 17:09:32
eastmoney_guba,002055,1718746219,有机会开？,,有毅力的顾杭4,6748366502489256,2026-06-02 10:28:31,37,1,0,0,False,False,"https://guba.eastmoney.com/news,002055,1718746219.html",2026-07-06 17:09:32
eastmoney_guba,002055,1718749608,谁敢加注？,,gpl0398,2522335657621580,2026-06-02 10:30:08,43,2,0,0,False,False,"https://guba.eastmoney.com/news,002055,1718749608.html",2026-07-06 17:09:32
eastmoney_guba,002055,1718751460,跌停筹码必然被吃，拭目以待,,和气生财有道是说,2757345816761894,2026-06-02 10:31:00,22,0,0,0,False,False,"https://guba.eastmoney.com/news,002055,1718751460.html",2026-07-06 17:09:32
eastmoney_guba,002055,1718752185,涨封板，跌也封板，这个票值得跟,,股友UDoz8u,1098175829409116,2026-06-02 10:31:21,35,0,0,0,False,False,"https://guba.eastmoney.com/news,002055,1718752185.html",2026-07-06 17:09:32
eastmoney_guba,002055,1718756027,地天板就刺激了,,涨停板入手,7578325512536212,2026-06-02 10:33:11,26,0,0,0,False,False,"https://guba.eastmoney.com/news,002055,1718756027.html",2026-07-06 17:09:32
eastmoney_guba,002055,1718760483,都在说踩节奏===乐感好滴也不一定玩滴好啊==几乎都是胜负手百分之五滴玩法===,,努力耕耘才有收获,1858365833078808,2026-06-02 10:35:31,40,0,0,0,False,False,"https://guba.eastmoney.com/news,002055,1718760483.html",2026-07-06 17:09:32
eastmoney_guba,002055,1718771359,下午涨停,,股友r06997G166,6768007546239210,2026-06-02 10:40:56,47,1,0,0,False,False,"https://guba.eastmoney.com/news,002055,1718771359.html",2026-07-06 17:09:27
eastmoney_guba,002055,1718771944,等到封单就剩一两万的时候，加仓五十万吃进,,德n福,5938094743500338,2026-06-02 10:41:12,30,0,0,0,False,False,"https://guba.eastmoney.com/news,002055,1718771944.html",2026-07-06 17:09:32
eastmoney_guba,002055,1718772375,我是女大学生，放我出去,,才情卓绝的华清平,6093047466904420,2026-06-02 10:41:27,31,0,0,0,False,False,"https://guba.eastmoney.com/news,002055,1718772375.html",2026-07-06 17:09:32
eastmoney_guba,002055,1718773220,确实是妖骨，不是涨停就是跌停,,德n福,5938094743500338,2026-06-02 10:41:55,27,0,0,0,False,False,"https://guba.eastmoney.com/news,002055,1718773220.html",2026-07-06 17:09:32
eastmoney_guba,002055,1718775065,早盘吸筹码下午拉升了,,熊市抄股,4306035158890494,2026-06-02 10:42:53,29,0,0,0,False,False,"https://guba.eastmoney.com/news,002055,1718775065.html",2026-07-06 17:09:32
eastmoney_guba,002055,1718780899,一群韭菜在Yy,,股友NO93837065,8337476879184404,2026-06-02 10:46:05,26,0,0,0,False,False,"https://guba.eastmoney.com/news,002055,1718780899.html",2026-07-06 17:09:32
eastmoney_guba,002055,1718782041,主力太抠门，没有大行情。,,傲寒的秦岚,5793047755670376,2026-06-02 10:46:43,29,0,0,0,False,False,"https://guba.eastmoney.com/news,002055,1718782041.html",2026-07-06 17:09:32
eastmoney_guba,002055,1718789690,上午开不了了别看了,,得润两位数,3290024582242248,2026-06-02 10:50:56,41,1,0,0,False,False,"https://guba.eastmoney.com/news,002055,1718789690.html",2026-07-06 17:09:27
eastmoney_guba,002055,1718790966,跌得好，跌得妙，跌得小妖瓜瓜叫,,ffffffgghhhh,6378325836212464,2026-06-02 10:51:41,23,0,0,0,False,False,"https://guba.eastmoney.com/news,002055,1718790966.html",2026-07-06 17:09:32
eastmoney_guba,002055,1718791212,本周五收6，44元,,后贝加尔斯克,7154013321195756,2026-06-02 10:51:51,61,2,0,0,False,False,"https://guba.eastmoney.com/news,002055,1718791212.html",2026-07-06 17:09:27
eastmoney_guba,002055,1718791524,兄弟们，为什么啊，为什么全市场唯一一个跌停在这啊，为什么老是买了就跌，卖了就飞啊,,股友1P170300r8,8015087530893390,2026-06-02 10:52:02,108,4,0,0,False,False,"https://guba.eastmoney.com/news,002055,1718791524.html",2026-07-06 17:09:32
eastmoney_guba,002055,1718792667,利空加大盘情绪差，但是变更实控人、业绩反转预期还在，长逻辑不变，下午必开板。,,掘金高歌,5238386190584350,2026-06-02 10:52:42,44,0,0,0,False,False,"https://guba.eastmoney.com/news,002055,1718792667.html",2026-07-06 17:09:32
eastmoney_guba,002055,1718793258,今天应该来不了了，主力不想开,,陈生生生生,5592094749013160,2026-06-02 10:53:00,35,0,0,0,False,False,"https://guba.eastmoney.com/news,002055,1718793258.html",2026-07-06 17:09:32
eastmoney_guba,002055,1718794702,主力砸完跌停就不管了吗,,可怜的杨茜3,6524315871021212,2026-06-02 10:53:49,31,0,0,0,False,False,"https://guba.eastmoney.com/news,002055,1718794702.html",2026-07-06 17:09:32
eastmoney_guba,002055,1718796812,这票应该是ST板块散户较多的票，散户一致看涨，问题票就是问题票，前面ST没有跌多,,快乐的攻城狮,2955094502594692,2026-06-02 10:55:04,54,0,0,0,False,False,"https://guba.eastmoney.com/news,002055,1718796812.html",2026-07-06 17:09:32
eastmoney_guba,002055,1718798077,st唯一跌停能不能要点脸,,股友1h81839X81,4609007585071114,2026-06-02 10:55:48,30,0,0,0,False,False,"https://guba.eastmoney.com/news,002055,1718798077.html",2026-07-06 17:09:32
eastmoney_guba,002055,1718799223,有实力的大哥打开跌停板吧，不求涨，但不要封死流动性,,和气生财有道是说,2757345816761894,2026-06-02 10:56:30,37,1,0,0,False,False,"https://guba.eastmoney.com/news,002055,1718799223.html",2026-07-06 17:09:32
eastmoney_guba,002055,1718801485,又没有什么利空，没有什么风险，一个过时小作文，就按跌停，比多少正股的业绩还好，庄,,云南小散nie,3561017753135412,2026-06-02 10:57:52,42,0,0,0,False,False,"https://guba.eastmoney.com/news,002055,1718801485.html",2026-07-06 17:09:32
eastmoney_guba,002055,1718804382,目前是绝对底部，难得主力给跌停买入机会,,和气生财有道是说,2757345816761894,2026-06-02 10:59:24,201,1,0,0,True,False,"https://guba.eastmoney.com/news,002055,1718804382.html",2026-07-06 17:09:32
eastmoney_guba,002055,1718805689,跌得好，跌得妙，跌得小妖瓜瓜叫,,ffffffgghhhh,6378325836212464,2026-06-02 11:00:12,24,0,0,0,False,False,"https://guba.eastmoney.com/news,002055,1718805689.html",2026-07-06 17:09:32
eastmoney_guba,002055,1718808046,得润暂时调整,,蓝色妖姬St,1851316250224662,2026-06-02 11:01:35,133,4,0,0,False,False,"https://guba.eastmoney.com/news,002055,1718808046.html",2026-07-06 17:09:32
eastmoney_guba,002055,1718812931,跟美芝图形一样，今天跌停，图形就差了。,,大点干早点散3,8553094060424198,2026-06-02 11:04:24,50,1,0,0,False,False,"https://guba.eastmoney.com/news,002055,1718812931.html",2026-07-06 17:09:32
eastmoney_guba,002055,1718822847,好恶毒的庄家,,纯情男大118,4164047327461940,2026-06-02 11:10:15,39,1,0,0,False,False,"https://guba.eastmoney.com/news,002055,1718822847.html",2026-07-06 17:09:29
eastmoney_guba,002055,1718824824,不能买，不能买,,ffffffgghhhh,6378325836212464,2026-06-02 11:11:24,34,1,0,0,False,False,"https://guba.eastmoney.com/news,002055,1718824824.html",2026-07-06 17:09:27
eastmoney_guba,002055,1718827850,随便跌，我不卖,,我勒个烧缸,8844017608558072,2026-06-02 11:13:10,34,2,0,0,False,False,"https://guba.eastmoney.com/news,002055,1718827850.html",2026-07-06 17:09:29
eastmoney_guba,002055,1718829895,买盘这么多，主力还在不停的补跌停。但是看这趋势封不住了,,豪爽大气的爱虔,7278097582475244,2026-06-02 11:14:23,49,1,0,0,False,False,"https://guba.eastmoney.com/news,002055,1718829895.html",2026-07-06 17:09:29
eastmoney_guba,002055,1718830501,还有几个跌停板,,后贝加尔斯克,7154013321195756,2026-06-02 11:14:46,30,0,0,0,False,False,"https://guba.eastmoney.com/news,002055,1718830501.html",2026-07-06 17:09:32
eastmoney_guba,002055,1718831473,股权大战吗,,寒山雾里人,8991316342265298,2026-06-02 11:15:18,30,0,0,0,False,False,"https://guba.eastmoney.com/news,002055,1718831473.html",2026-07-06 17:09:32
eastmoney_guba,002055,1718831538,明显压不住,,百亿正平,5334375680148172,2026-06-02 11:15:20,30,0,0,0,False,False,"https://guba.eastmoney.com/news,002055,1718831538.html",2026-07-06 17:09:32
eastmoney_guba,002055,1718832943,全清，拜拜了，留下的发财,,有专注力123456,3877094317451952,2026-06-02 11:16:11,29,0,0,0,False,False,"https://guba.eastmoney.com/news,002055,1718832943.html",2026-07-06 17:09:32
eastmoney_guba,002055,1718834918,逃跑先，过几天再回来,,涨停不期而至,9458545244037810,2026-06-02 11:17:20,42,1,0,0,False,False,"https://guba.eastmoney.com/news,002055,1718834918.html",2026-07-06 17:09:29
eastmoney_guba,002055,1718835634,广东国资春节前发文整合上市公司打包入住有前途的本地上市公司得润应在整合之例今年整,,熊市抄股,4306035158890494,2026-06-02 11:17:45,131,2,0,0,False,False,"https://guba.eastmoney.com/news,002055,1718835634.html",2026-07-06 17:09:29
eastmoney_guba,002055,1718836271,天地,,股友r06997G166,6768007546239210,2026-06-02 11:18:09,22,0,0,0,False,False,"https://guba.eastmoney.com/news,002055,1718836271.html",2026-07-06 17:09:29
eastmoney_guba,002055,1718839759,今天逃不过跌停的命运,,股友5O78692X62,1265376279011920,2026-06-02 11:20:19,33,0,0,0,False,False,"https://guba.eastmoney.com/news,002055,1718839759.html",2026-07-06 17:09:29
eastmoney_guba,002055,1718840757,还好跑了，又跌停封死了,,有专注力123456,3877094317451952,2026-06-02 11:20:59,40,1,0,0,False,False,"https://guba.eastmoney.com/news,002055,1718840757.html",2026-07-06 17:09:27
eastmoney_guba,002055,1718842599,废了,,股友7bGrRB,7556375694655340,2026-06-02 11:22:15,31,0,0,0,False,False,"https://guba.eastmoney.com/news,002055,1718842599.html",2026-07-06 17:09:29
eastmoney_guba,002055,1718844875,还是不想开板啊,,万事多谋地老夫子,1028386319694022,2026-06-02 11:23:46,21,0,0,0,False,False,"https://guba.eastmoney.com/news,002055,1718844875.html",2026-07-06 17:09:29
eastmoney_guba,002055,1718845448,彻底没戏了,,陈生生生生,5592094749013160,2026-06-02 11:24:05,97,3,0,0,False,False,"https://guba.eastmoney.com/news,002055,1718845448.html",2026-07-06 17:09:29
eastmoney_guba,002055,1718845664,这种涨跌停大冼牌好像这几天要停牌的节奏。,,熊市抄股,4306035158890494,2026-06-02 11:24:13,47,1,0,0,False,False,"https://guba.eastmoney.com/news,002055,1718845664.html",2026-07-06 17:09:29
eastmoney_guba,002055,1718846485,早上压得住，下午绝对压不住。希望来个地天板，辩识度就拉满了。,,掘金高歌,5238386190584350,2026-06-02 11:24:46,42,0,0,0,False,False,"https://guba.eastmoney.com/news,002055,1718846485.html",2026-07-06 17:09:29
eastmoney_guba,002055,1718846945,主力今天吃得饱饱的。,,风干的忧伤,1166013829392860,2026-06-02 11:25:04,46,1,0,0,False,False,"https://guba.eastmoney.com/news,002055,1718846945.html",2026-07-06 17:09:27
eastmoney_guba,002055,1718850547,进进出出自由,,xiuyunliang,4903094222630964,2026-06-02 11:27:24,34,1,0,0,False,False,"https://guba.eastmoney.com/news,002055,1718850547.html",2026-07-06 17:09:27
eastmoney_guba,002055,1718853253,跌停就是难得的加仓机会,,ST股神2026,3859486672939554,2026-06-02 11:29:12,167,2,1,0,False,False,"https://guba.eastmoney.com/news,002055,1718853253.html",2026-07-06 17:09:29
eastmoney_guba,002055,1718853375,韧性很足，可惜散户太多了,,股友900D33C591,5804356096438930,2026-06-02 11:29:16,109,3,0,0,False,False,"https://guba.eastmoney.com/news,002055,1718853375.html",2026-07-06 17:09:27
eastmoney_guba,002055,1718855572,肯定破6元,,后贝加尔斯克,7154013321195756,2026-06-02 11:31:02,57,4,0,0,False,False,"https://guba.eastmoney.com/news,002055,1718855572.html",2026-07-06 17:09:29
eastmoney_guba,002055,1718857841,铜连接指数涨了4倍，这货涨了不到百分之三十，公司拼了命出利空打压股价，不理解，股,,这也行1234,8524085274279044,2026-06-02 11:33:40,70,2,0,0,False,False,"https://guba.eastmoney.com/news,002055,1718857841.html",2026-07-06 17:09:29
eastmoney_guba,002055,1718863966,妖里妖气的,,zfaquir,9342395744129562,2026-06-02 11:42:12,33,0,0,0,False,False,"https://guba.eastmoney.com/news,002055,1718863966.html",2026-07-06 17:09:29
eastmoney_guba,002055,1718864357,又创新了，当天地，变成两天，天地，获全球最佳操作奖,,知行合一知良知,2487144882864902,2026-06-02 11:43:00,36,0,0,0,False,False,"https://guba.eastmoney.com/news,002055,1718864357.html",2026-07-06 17:09:29
eastmoney_guba,002055,1718866023,各位枝头托，全卖了，你们高兴了吧,,ffffffgghhhh,6378325836212464,2026-06-02 11:45:53,42,1,0,0,False,False,"https://guba.eastmoney.com/news,002055,1718866023.html",2026-07-06 17:09:27
eastmoney_guba,002055,1718866054,"感谢主力,地板已经全部清仓",,包不吃包包包,1594087563077634,2026-06-02 11:45:56,35,0,0,0,False,False,"https://guba.eastmoney.com/news,002055,1718866054.html",2026-07-06 17:09:29
eastmoney_guba,002055,1718866443,水鱼，番薯，枝头丙,,ffffffgghhhh,6378325836212464,2026-06-02 11:46:34,33,0,0,0,False,False,"https://guba.eastmoney.com/news,002055,1718866443.html",2026-07-06 17:09:29
eastmoney_guba,002055,1718866718,托靠得住，母枝会上树,,ffffffgghhhh,6378325836212464,2026-06-02 11:47:09,32,0,0,0,False,False,"https://guba.eastmoney.com/news,002055,1718866718.html",2026-07-06 17:09:29
eastmoney_guba,002055,1718868038,公司看着人气要起来了，就抛一个重大利空，不遗余力打击人气，明显不想股价涨,,多米的天空,8268004870663662,2026-06-02 11:49:46,112,2,0,0,False,False,"https://guba.eastmoney.com/news,002055,1718868038.html",2026-07-06 17:09:29
eastmoney_guba,002055,1718869311,公司不是还在建工厂吗为什么要退市,,股友78l307167F,5365087570003302,2026-06-02 11:52:28,40,0,0,0,False,False,"https://guba.eastmoney.com/news,002055,1718869311.html",2026-07-06 17:09:29
eastmoney_guba,002055,1718870002,昨晚的诉讼进展公告对上市公司主力来说确实是利空，但对投资者而言是利好，这笔费用在,,股友6u0268O327,2559037085354874,2026-06-02 11:54:04,407,3,0,0,False,False,"https://guba.eastmoney.com/news,002055,1718870002.html",2026-07-06 17:09:29
eastmoney_guba,002055,1718870196,看月线，绝对底部，今天给跌停价，来抢便宜筹码,,和气生财有道是说,2757345816761894,2026-06-02 11:54:32,151,1,0,0,True,False,"https://guba.eastmoney.com/news,002055,1718870196.html",2026-07-06 17:09:29
eastmoney_guba,002055,1718872614,小庄就是水鱼一条,,ffffffgghhhh,6378325836212464,2026-06-02 12:00:27,31,0,0,0,False,False,"https://guba.eastmoney.com/news,002055,1718872614.html",2026-07-06 17:09:29
eastmoney_guba,002055,1718875019,其实当初看上得润就是觉得这个背后的资金操盘的够狠真正的大行情来临之前，往往震的你,,哈基石,9722336050895030,2026-06-02 12:06:44,297,4,0,0,False,False,"https://guba.eastmoney.com/news,002055,1718875019.html",2026-07-06 17:09:27
eastmoney_guba,002055,1718875430,卖了一半，进了st金顶，开盘打板了st海王，得润不跌破6块就拿到底,,长缨在手108,8656335955112398,2026-06-02 12:07:59,46,0,0,0,False,False,"https://guba.eastmoney.com/news,002055,1718875430.html",2026-07-06 17:09:29
eastmoney_guba,002055,1718875882,先走了，如果跌停抄底的多，明天大概还有一跌。有看法评论区聊,,持仓观风云,4654067800325436,2026-06-02 12:09:12,59,2,0,0,False,False,"https://guba.eastmoney.com/news,002055,1718875882.html",2026-07-06 17:09:29
eastmoney_guba,002055,1718877693,拿不住的进厂吧,,中国冲浪爱好者,7022305749420150,2026-06-02 12:14:25,50,2,0,0,False,False,"https://guba.eastmoney.com/news,002055,1718877693.html",2026-07-06 17:09:29
eastmoney_guba,002055,1718883176,下午开板,,善解人意之旋风虎,2320085483936770,2026-06-02 12:32:08,32,0,0,0,False,False,"https://guba.eastmoney.com/news,002055,1718883176.html",2026-07-06 17:09:29
eastmoney_guba,002055,1718885951,下午回开板吗？各位大神,,股友jxxsCp,4291315973027236,2026-06-02 12:41:32,25,0,0,0,False,False,"https://guba.eastmoney.com/news,002055,1718885951.html",2026-07-06 17:09:29
eastmoney_guba,002055,1718887000,明天还是跌,,一切都是虚的,9157075009070820,2026-06-02 12:45:14,29,0,0,0,False,False,"https://guba.eastmoney.com/news,002055,1718887000.html",2026-07-06 17:09:29
eastmoney_guba,002055,1718888095,大家一起给我砸,,有专注力123456,3877094317451952,2026-06-02 12:49:09,30,0,0,0,False,False,"https://guba.eastmoney.com/news,002055,1718888095.html",2026-07-06 17:09:29
eastmoney_guba,002055,1718889305,刚刚酒驾被查了今天这票能涨吗可能要进去两个周,,长线狙击手,8306087736314304,2026-06-02 12:52:52,106,4,0,0,False,False,"https://guba.eastmoney.com/news,002055,1718889305.html",2026-07-06 17:09:29
eastmoney_guba,002055,1718891214,下午要地天了，地板被吃了10万手了来多少吃多少,,舍得润,4484346120850282,2026-06-02 12:58:56,412,10,2,0,False,False,"https://guba.eastmoney.com/news,002055,1718891214.html",2026-07-06 17:09:23
eastmoney_guba,002055,1718898263,昨天涨停封不住，今天跌停封不住？有意思！！,,只ai女大学生,5139315876529738,2026-06-02 13:02:08,36,0,0,0,False,False,"https://guba.eastmoney.com/news,002055,1718898263.html",2026-07-06 17:09:29
eastmoney_guba,002055,1718898798,蛊惑的庄，你以为他涨停，他给你跌停，你也为跌停，他会给你涨停,,莫逆势,4773094604408444,2026-06-02 13:02:37,37,0,0,0,False,False,"https://guba.eastmoney.com/news,002055,1718898798.html",2026-07-06 17:09:29
eastmoney_guba,002055,1718900304,还有2个跌停退市企业,,后贝加尔斯克,7154013321195756,2026-06-02 13:03:51,38,1,0,0,False,False,"https://guba.eastmoney.com/news,002055,1718900304.html",2026-07-06 17:09:29
eastmoney_guba,002055,1718901000,大家还记得2025年报德润人工成本增长幅度特别大吗？这说明生意好，叠加鹤山工厂二,,ST股神2026,3859486672939554,2026-06-02 13:04:25,72,0,0,0,False,False,"https://guba.eastmoney.com/news,002055,1718901000.html",2026-07-06 17:09:29
eastmoney_guba,002055,1718901005,套死你们活该002055,,后贝加尔斯克,7154013321195756,2026-06-02 13:04:27,42,1,0,0,False,False,"https://guba.eastmoney.com/news,002055,1718901005.html",2026-07-06 17:09:29
eastmoney_guba,002055,1718903604,跌停板出货,,专注的贺蓓寒,2307064749658256,2026-06-02 13:06:24,28,0,0,0,False,False,"https://guba.eastmoney.com/news,002055,1718903604.html",2026-07-06 17:09:29
eastmoney_guba,002055,1718905928,上周末这里一直有人说这股要涨停果然昨天涨停今天给个跌停,,得润两位数,3290024582242248,2026-06-02 13:08:08,36,0,0,0,False,False,"https://guba.eastmoney.com/news,002055,1718905928.html",2026-07-06 17:09:29
eastmoney_guba,002055,1718907014,吃光跌停筹码,,和气生财有道是说,2757345816761894,2026-06-02 13:08:56,32,0,0,0,False,False,"https://guba.eastmoney.com/news,002055,1718907014.html",2026-07-06 17:09:29
eastmoney_guba,002055,1718913614,还有2个跌停,,有爱地八臂哪吒,3968366521958330,2026-06-02 13:13:19,25,0,0,0,False,False,"https://guba.eastmoney.com/news,002055,1718913614.html",2026-07-06 17:09:29
eastmoney_guba,002055,1718916885,反复炸板是几个意思。,,邵先生,4046186502913004,2026-06-02 13:15:25,56,2,0,0,False,False,"https://guba.eastmoney.com/news,002055,1718916885.html",2026-07-06 17:09:29
eastmoney_guba,002055,1718917795,板上出货,,基民30M8k6,6247305787051588,2026-06-02 13:15:58,25,0,0,0,False,False,"https://guba.eastmoney.com/news,002055,1718917795.html",2026-07-06 17:09:29
eastmoney_guba,002055,1718918422,涨停压不住，跌停也压不住，这主力，啥玩意,,股友5O78692X62,1265376279011920,2026-06-02 13:16:20,42,0,0,0,False,False,"https://guba.eastmoney.com/news,002055,1718918422.html",2026-07-06 17:09:29
eastmoney_guba,002055,1718920226,开板原因：跌停板卖不出主力的量，先撤单瞬间打开，把板2，板3的单子吃了再重新跌停,,如茶的盖澔,8959094470445208,2026-06-02 13:17:26,344,7,0,0,False,False,"https://guba.eastmoney.com/news,002055,1718920226.html",2026-07-06 17:09:29
eastmoney_guba,002055,1718920678,这是要把抄底的全部套死,,多米的天空,8268004870663662,2026-06-02 13:17:44,26,0,0,0,False,False,"https://guba.eastmoney.com/news,002055,1718920678.html",2026-07-06 17:09:29
eastmoney_guba,002055,1718920877,五元以下再冲，别急，肯定到，还有雷,,柔情侠股,8027087373493102,2026-06-02 13:17:51,36,0,0,0,False,False,"https://guba.eastmoney.com/news,002055,1718920877.html",2026-07-06 17:09:29
eastmoney_guba,002055,1718921047,迫邱交筹码！,,诚恳的曾轶穗,7415094328733630,2026-06-02 13:17:57,27,0,0,0,False,False,"https://guba.eastmoney.com/news,002055,1718921047.html",2026-07-06 17:09:29
eastmoney_guba,002055,1718922445,万事具备（野百合），东风已至（也有春天）,,混沌摸金,4720245820142118,2026-06-02 13:18:51,658,5,1,0,False,False,"https://guba.eastmoney.com/news,002055,1718922445.html",2026-07-06 17:09:27
eastmoney_guba,002055,1718922749,继续加仓,,基民30M8k6,6247305787051588,2026-06-02 13:19:02,36,0,0,0,False,False,"https://guba.eastmoney.com/news,002055,1718922749.html",2026-07-06 17:09:29
eastmoney_guba,002055,1718923324,完了，满仓被套,,潘甜甜1,3603037267313506,2026-06-02 13:19:21,80,3,0,0,False,False,"https://guba.eastmoney.com/news,002055,1718923324.html",2026-07-06 17:09:29
eastmoney_guba,002055,1718927618,尾盘肯定打开的,,股友055Ed20219,2487177069455996,2026-06-02 13:21:55,118,3,0,0,False,False,"https://guba.eastmoney.com/news,002055,1718927618.html",2026-07-06 17:09:29
eastmoney_guba,002055,1718933366,主力撤退了，全是散户进来,,多米的天空,8268004870663662,2026-06-02 13:25:19,32,0,0,0,False,False,"https://guba.eastmoney.com/news,002055,1718933366.html",2026-07-06 17:09:29
eastmoney_guba,002055,1718936987,所有都在反核，而你呢我的朋友,,股友7bGrRB,7556375694655340,2026-06-02 13:27:25,31,0,0,0,False,False,"https://guba.eastmoney.com/news,002055,1718936987.html",2026-07-06 17:09:29
eastmoney_guba,002055,1718937647,五月27和28主力是不是把货清差不多了？,,我勒个烧缸,8844017608558072,2026-06-02 13:27:48,114,5,0,0,False,False,"https://guba.eastmoney.com/news,002055,1718937647.html",2026-07-06 17:09:29
eastmoney_guba,002055,1718942912,这是今天不让打开呀，,,股友100zG51075,9531346262250688,2026-06-02 13:30:51,65,2,0,0,False,False,"https://guba.eastmoney.com/news,002055,1718942912.html",2026-07-06 17:09:29
eastmoney_guba,002055,1718949148,幸好得润买不多！！,,海纳兆川,1612615257916390,2026-06-02 13:34:12,29,0,0,0,False,False,"https://guba.eastmoney.com/news,002055,1718949148.html",2026-07-06 17:09:29
eastmoney_guba,002055,1718952021,卖单越压越多了，今天不会开了，明天也是一字跌停。唱多的人是真坏,,股友106v631R89,5309137689664810,2026-06-02 13:35:50,219,11,0,0,False,False,"https://guba.eastmoney.com/news,002055,1718952021.html",2026-07-06 17:09:27
eastmoney_guba,002055,1718959673,这个穷庄,,千万归来仍是少年,5449325823445244,2026-06-02 13:39:58,47,1,0,0,False,False,"https://guba.eastmoney.com/news,002055,1718959673.html",2026-07-06 17:09:27
eastmoney_guba,002055,1718961653,这走势什么意思看都看不懂,,纯情男大118,4164047327461940,2026-06-02 13:41:10,30,0,0,0,False,False,"https://guba.eastmoney.com/news,002055,1718961653.html",2026-07-06 17:09:29
eastmoney_guba,002055,1718962014,看来明天还得跌停，今天抄底抄早了,,股友77k21319u7,8211057591495958,2026-06-02 13:41:23,30,0,0,0,False,False,"https://guba.eastmoney.com/news,002055,1718962014.html",2026-07-06 17:09:29
eastmoney_guba,002055,1718962107,跌停割肉了，这股主力太怂,,越过龙门的金龙鱼,5344094206919376,2026-06-02 13:41:27,31,0,0,0,False,False,"https://guba.eastmoney.com/news,002055,1718962107.html",2026-07-06 17:09:29
eastmoney_guba,002055,1718964425,锤子了，明天继续跌停，今天抄底抄早了,,股友77k21319u7,8211057591495958,2026-06-02 13:42:52,33,0,0,0,False,False,"https://guba.eastmoney.com/news,002055,1718964425.html",2026-07-06 17:09:29
eastmoney_guba,002055,1718965008,这跌停成交是大换手还是吸筹？看不懂,,我勒个烧缸,8844017608558072,2026-06-02 13:43:13,32,0,0,0,False,False,"https://guba.eastmoney.com/news,002055,1718965008.html",2026-07-06 17:09:29
eastmoney_guba,002055,1718966793,哪个大佬一把吃光它,,绝对反击2026,5532113599128316,2026-06-02 13:44:18,53,2,0,0,False,False,"https://guba.eastmoney.com/news,002055,1718966793.html",2026-07-06 17:09:29
eastmoney_guba,002055,1718967649,大单抛压，明天至少还有一个深水，今天是不可能开了,,股友9f0776120F,3927137487108460,2026-06-02 13:44:47,165,5,0,0,False,False,"https://guba.eastmoney.com/news,002055,1718967649.html",2026-07-06 17:09:27
eastmoney_guba,002055,1718973646,看吧,,股友959083gH69,3527097495215902,2026-06-02 13:48:24,219,0,0,0,True,False,"https://guba.eastmoney.com/news,002055,1718973646.html",2026-07-06 17:09:29
eastmoney_guba,002055,1718977747,会不会来个地天？这货习惯天地板地天还没有过,,得润两位数,3290024582242248,2026-06-02 13:51:03,36,0,0,0,False,False,"https://guba.eastmoney.com/news,002055,1718977747.html",2026-07-06 17:09:29
eastmoney_guba,002055,1718978487,真的很强,,ST2118,5505024573903520,2026-06-02 13:51:30,151,4,0,0,False,False,"https://guba.eastmoney.com/news,002055,1718978487.html",2026-07-06 17:09:29
eastmoney_guba,002055,1718987795,买盘枯竭，看来难开了,,莫逆势,4773094604408444,2026-06-02 13:57:25,30,0,0,0,False,False,"https://guba.eastmoney.com/news,002055,1718987795.html",2026-07-06 17:09:29
eastmoney_guba,002055,1718989665,这股不是涨停就是跌停，要么就是天地。心脏不好的不适合玩这个股。,,o痕迹o,4802306288363612,2026-06-02 13:58:37,64,1,0,0,False,False,"https://guba.eastmoney.com/news,002055,1718989665.html",2026-07-06 17:09:29
eastmoney_guba,002055,1718990130,债务太多是明牌，公司只有进行重组或者重整了,,多米的天空,8268004870663662,2026-06-02 13:58:54,43,0,0,0,False,False,"https://guba.eastmoney.com/news,002055,1718990130.html",2026-07-06 17:09:29
eastmoney_guba,002055,1718991458,哽咽着昨天入场，己亏了8个点了，主力大哥，拉一下呀,,有爱地八臂哪吒,3968366521958330,2026-06-02 13:59:45,63,2,0,0,False,False,"https://guba.eastmoney.com/news,002055,1718991458.html",2026-07-06 17:09:27
eastmoney_guba,002055,1718994253,唯一出路就是退市,,后贝加尔斯克,7154013321195756,2026-06-02 14:01:28,77,3,0,0,False,False,"https://guba.eastmoney.com/news,002055,1718994253.html",2026-07-06 17:09:27
eastmoney_guba,002055,1718998456,cs主力都别玩,,纯情男大118,4164047327461940,2026-06-02 14:04:09,30,0,0,0,False,False,"https://guba.eastmoney.com/news,002055,1718998456.html",2026-07-06 17:09:29
eastmoney_guba,002055,1719002236,主力走完了，只剩散户了,,股友u592131r83,1655316302883186,2026-06-02 14:06:32,32,0,0,0,False,False,"https://guba.eastmoney.com/news,002055,1719002236.html",2026-07-06 17:09:29
eastmoney_guba,002055,1719003550,那些看到40.70，翻十倍的赶紧买啊,,k线背后,7688113823893366,2026-06-02 14:07:19,45,1,0,0,False,False,"https://guba.eastmoney.com/news,002055,1719003550.html",2026-07-06 17:09:27
eastmoney_guba,002055,1719005740,就算回到5元也就是百分之30左右的跌幅而已。不要被制造恐慌了,,寒山雾里人,8991316342265298,2026-06-02 14:08:35,36,0,0,0,False,False,"https://guba.eastmoney.com/news,002055,1719005740.html",2026-07-06 17:09:29
eastmoney_guba,002055,1719006244,散户排队割肉，主力吃相特别难看,,越过龙门的金龙鱼,5344094206919376,2026-06-02 14:08:54,31,0,0,0,False,False,"https://guba.eastmoney.com/news,002055,1719006244.html",2026-07-06 17:09:29
eastmoney_guba,002055,1719007045,躺板板！,,不开心的小人物,5223087277555088,2026-06-02 14:09:21,38,1,0,0,False,False,"https://guba.eastmoney.com/news,002055,1719007045.html",2026-07-06 17:09:29
eastmoney_guba,002055,1719010610,板块涨3%，这货跌停，还好跌停板卖了,,越过龙门的金龙鱼,5344094206919376,2026-06-02 14:11:24,31,0,0,0,False,False,"https://guba.eastmoney.com/news,002055,1719010610.html",2026-07-06 17:09:29
eastmoney_guba,002055,1719011164,今天主力净流出3800多万，散户接盘也不少，换手率7%也不算极端吧，感觉多空还在,,股友cbNbmZ7800,2054045126526224,2026-06-02 14:11:45,37,0,0,0,False,False,"https://guba.eastmoney.com/news,002055,1719011164.html",2026-07-06 17:09:29
eastmoney_guba,002055,1719011188,下半年看产能释放能不能扭亏。,,股友0H2u633183,3767486859363366,2026-06-02 14:11:46,299,9,0,0,False,False,"https://guba.eastmoney.com/news,002055,1719011188.html",2026-07-06 17:09:05
eastmoney_guba,002055,1719012180,今天跌5个点确实弱，但也没放量砸盘，昨天进的主力跑了一部分，剩下的还在观望，多空,,股友915K57H207,3920446881346282,2026-06-02 14:12:23,80,2,0,0,False,False,"https://guba.eastmoney.com/news,002055,1719012180.html",2026-07-06 17:09:27
eastmoney_guba,002055,1719012508,8块以上套牢盘确实重，一涨就有抛压，但7块多的支撑也挺牢，暂时也跌不到哪里去。,,价值猎手4,1285376483586960,2026-06-02 14:12:35,47,0,0,0,False,False,"https://guba.eastmoney.com/news,002055,1719012508.html",2026-07-06 17:09:29
eastmoney_guba,002055,1719012932,我又来给大家信心了,,股友959083gH69,3527097495215902,2026-06-02 14:12:51,270,1,0,0,True,False,"https://guba.eastmoney.com/news,002055,1719012932.html",2026-07-06 17:09:27
eastmoney_guba,002055,1719013454,进了英特尔AVL名单是实锤，但目前没看到大额订单落地，股价没反应也正常，得等业绩,,有创造力的邱锐19,9726077192004222,2026-06-02 14:13:11,85,2,0,0,False,False,"https://guba.eastmoney.com/news,002055,1719013454.html",2026-07-06 17:09:27
eastmoney_guba,002055,1719013843,有没有大佬拉一下，我是散户我跟风。,,不开心的小人物,5223087277555088,2026-06-02 14:13:23,51,1,0,0,False,False,"https://guba.eastmoney.com/news,002055,1719013843.html",2026-07-06 17:09:27
eastmoney_guba,002055,1719014487,板块涨的时候它不跟，跌的时候比谁都快，但弹性也大，之前涨起来也能冲板块前排。,,股友6151112T7a,8267336397136364,2026-06-02 14:13:45,38,0,0,0,False,False,"https://guba.eastmoney.com/news,002055,1719014487.html",2026-07-06 17:09:29
eastmoney_guba,002055,1719015982,一个公告被整的诸事不顺！,,谨慎交易者,9746305852553992,2026-06-02 14:14:33,48,0,0,0,False,False,"https://guba.eastmoney.com/news,002055,1719015982.html",2026-07-06 17:09:27
eastmoney_guba,002055,1719045498,我一卖票就很快会涨的，所以你们给我先走,,桂林八里街兄长,7354094146361904,2026-06-02 14:34:15,30,0,0,0,False,False,"https://guba.eastmoney.com/news,002055,1719045498.html",2026-07-06 17:09:27
eastmoney_guba,002055,1719047706,没戏了,,才情卓绝的华清平,6093047466904420,2026-06-02 14:35:43,28,0,0,0,False,False,"https://guba.eastmoney.com/news,002055,1719047706.html",2026-07-06 17:09:27
eastmoney_guba,002055,1719054647,最后10分钟发起总攻！,,基民30M8k6,6247305787051588,2026-06-02 14:40:15,27,0,0,0,False,False,"https://guba.eastmoney.com/news,002055,1719054647.html",2026-07-06 17:09:27
eastmoney_guba,002055,1719056684,之前股东减持的利空倒是基本消化了，最近也没出新公告，但好像上方抛压还是没完全释放,,股友cbNbmZ7800,2054045126526224,2026-06-02 14:41:32,63,0,0,0,False,False,"https://guba.eastmoney.com/news,002055,1719056684.html",2026-07-06 17:09:27
eastmoney_guba,002055,1719057814,今晚绝对有利好公告,,股友959083gH69,3527097495215902,2026-06-02 14:42:16,124,2,0,0,False,False,"https://guba.eastmoney.com/news,002055,1719057814.html",2026-07-06 17:09:27
eastmoney_guba,002055,1719059963,放心大胆的进，马上开始连板了,,选股大师116,8914396445634742,2026-06-02 14:43:38,60,1,0,0,False,False,"https://guba.eastmoney.com/news,002055,1719059963.html",2026-07-06 17:09:27
eastmoney_guba,002055,1719065087,世运电路要控股了,,炒股养家挣钱,3301064606784256,2026-06-02 14:46:47,106,1,0,0,False,False,"https://guba.eastmoney.com/news,002055,1719065087.html",2026-07-06 17:09:27
eastmoney_guba,002055,1719073423,放我出去,,四只羊十2,2142356529765010,2026-06-02 14:51:49,77,3,0,0,False,False,"https://guba.eastmoney.com/news,002055,1719073423.html",2026-07-06 17:09:25
eastmoney_guba,002055,1719083429,集合竞价一口闷,,云南小散nie,3561017753135412,2026-06-02 14:57:39,40,0,0,0,False,False,"https://guba.eastmoney.com/news,002055,1719083429.html",2026-07-06 17:09:27
eastmoney_guba,002055,1719084204,明天都来京蓝吧,,有专注力123456,3877094317451952,2026-06-02 14:58:19,41,0,0,0,False,False,"https://guba.eastmoney.com/news,002055,1719084204.html",2026-07-06 17:09:27
eastmoney_guba,002055,1719084944,还有3个跌停板,,后贝加尔斯克,7154013321195756,2026-06-02 14:58:59,56,2,0,0,False,False,"https://guba.eastmoney.com/news,002055,1719084944.html",2026-07-06 17:09:27
eastmoney_guba,002055,1719097093,跌就买点，勒紧裤腰带。好东西能有人不要，看坚持了！现在pC都在涨，它也不能免俗。,,股友0890t5H988,2938127799295868,2026-06-02 15:10:09,55,0,0,0,False,False,"https://guba.eastmoney.com/news,002055,1719097093.html",2026-07-06 17:09:27
eastmoney_guba,002055,1719098459,还有几个跌停板呀？,,后贝加尔斯克,7154013321195756,2026-06-02 15:12:11,61,1,0,0,False,False,"https://guba.eastmoney.com/news,002055,1719098459.html",2026-07-06 17:09:27
eastmoney_guba,002055,1719099306,跌停板出了大半。后面应该还有机会，但是短线行情应该结束了，要磨一段时间了，出来看,,可怜的杨茜3,6524315871021212,2026-06-02 15:13:31,74,0,0,0,False,False,"https://guba.eastmoney.com/news,002055,1719099306.html",2026-07-06 17:09:27
eastmoney_guba,002055,1719103771,得润今天很难看了，多空博弈，空方胜，今天进去了那么多资金去跷，结果就只跷出一个口,,ST控制,2797385924806406,2026-06-02 15:21:38,339,3,0,0,False,False,"https://guba.eastmoney.com/news,002055,1719103771.html",2026-07-06 17:09:27
eastmoney_guba,002055,1719115607,和大家分享一下，st得润目前的位置和st京机当时几乎一模一样，先是一波连板，断一,,不惑见惑不惑也,6874456736141174,2026-06-02 15:43:17,2207,29,2,0,True,False,"https://guba.eastmoney.com/news,002055,1719115607.html",2026-07-06 17:09:27
eastmoney_guba,002055,1719116063,得润鹤山业务和人员还是比较忙碌的，现在后门关了，前门晚上厂区附近还是很热闹的。员,,股友e50903683X,1470037320078672,2026-06-02 15:43:59,272,2,0,0,False,False,"https://guba.eastmoney.com/news,002055,1719116063.html",2026-07-06 17:09:27
eastmoney_guba,002055,1719117315,真是服了，不是涨停就是跌停。。。,,股友pesMpc0627,2232385537831922,2026-06-02 15:46:33,47,0,0,0,False,False,"https://guba.eastmoney.com/news,002055,1719117315.html",2026-07-06 17:09:27
eastmoney_guba,002055,1719119296,如果有诉讼，下一步应该就会走重整路线，,,云南小散nie,3561017753135412,2026-06-02 15:52:14,538,12,0,0,False,False,"https://guba.eastmoney.com/news,002055,1719119296.html",2026-07-06 17:09:18
eastmoney_guba,002055,1719128377,今天空狗胜了。目前仓位6层，如果地板开，大胆加2层，地天板走起。,,掘金高歌,5238386190584350,2026-06-02 16:18:30,62,0,0,0,False,False,"https://guba.eastmoney.com/news,002055,1719128377.html",2026-07-06 17:09:27
eastmoney_guba,002055,1719134459,明天一字地板,,退市山姆,9937305889369866,2026-06-02 16:37:36,106,3,1,0,False,False,"https://guba.eastmoney.com/news,002055,1719134459.html",2026-07-06 17:09:25
eastmoney_guba,002055,1719139395,我拿得住，主力要搞大的，这一波我要吃到,,我勒个烧缸,8844017608558072,2026-06-02 16:51:52,201,5,0,0,False,False,"https://guba.eastmoney.com/news,002055,1719139395.html",2026-07-06 17:09:27
eastmoney_guba,002055,1719139982,个把主力这么小的空间这么高的换手率折腾，一定能赚到米么？,,股友66G69H1258,3081037563716968,2026-06-02 16:53:24,52,0,0,0,False,False,"https://guba.eastmoney.com/news,002055,1719139982.html",2026-07-06 17:09:27
eastmoney_guba,002055,1719146077,今天为啥跌停,,炒股只投江浙沪,9593027117934482,2026-06-02 17:12:44,72,1,0,0,False,False,"https://guba.eastmoney.com/news,002055,1719146077.html",2026-07-06 17:09:27
eastmoney_guba,002055,1719150488,这图形像那个谁,,st京蓝上20,2250316159828980,2026-06-02 17:26:24,97,2,0,0,False,False,"https://guba.eastmoney.com/news,002055,1719150488.html",2026-07-06 17:09:27
eastmoney_guba,002055,1719155456,都卖了来我的st海王,,有专注力123456,3877094317451952,2026-06-02 17:43:40,70,2,0,0,False,False,"https://guba.eastmoney.com/news,002055,1719155456.html",2026-07-06 17:09:27
eastmoney_guba,002055,1719156225,之前的连涨莫名其妙，现在一个旧年往事，之前也公告过多次的事情也跌的莫名其妙。唉，,,乘电梯者,4681385517036150,2026-06-02 17:45:38,315,2,1,0,False,False,"https://guba.eastmoney.com/news,002055,1719156225.html",2026-07-06 17:09:27
eastmoney_guba,002055,1719159850,连接，连接，连接，重要的事情说三遍。我看今天跌停板一直有大单买入，只能说英雄所见,,赚500万不嫌多,2201025101445826,2026-06-02 17:58:43,1149,8,0,0,True,False,"https://guba.eastmoney.com/news,002055,1719159850.html",2026-07-06 17:09:25
eastmoney_guba,002055,1719165096,明天再跌停就好了，把价格打下来，后面还是看多,,投机市场,3827316057729008,2026-06-02 18:18:25,135,5,0,0,False,False,"https://guba.eastmoney.com/news,002055,1719165096.html",2026-07-06 17:09:27
eastmoney_guba,002055,1719171986,自己看,,Promise42,5346336432476386,2026-06-02 18:46:54,847,5,0,0,True,False,"https://guba.eastmoney.com/news,002055,1719171986.html",2026-07-06 17:09:27
eastmoney_guba,002055,1719175396,得润到头了！回到原点。,,家财发财地张三丰,2197175795771146,2026-06-02 19:02:36,62,1,0,0,False,False,"https://guba.eastmoney.com/news,002055,1719175396.html",2026-07-06 17:09:27
eastmoney_guba,002055,1719177683,明天继续给你们吃大面，看着就高兴，我反正8.31跑了，感谢主力。请主力明天直接开,,腿力,8960094181303390,2026-06-02 19:12:47,221,5,0,0,False,False,"https://guba.eastmoney.com/news,002055,1719177683.html",2026-07-06 17:09:25
eastmoney_guba,002055,1719178181,心情不美丽,,股友Ri51325559,2973416635560782,2026-06-02 19:14:38,57,1,0,0,False,False,"https://guba.eastmoney.com/news,002055,1719178181.html",2026-07-06 17:09:27
eastmoney_guba,002055,1719186463,关于诉讼,,九紫离火运势,8086007117192924,2026-06-02 19:48:11,1035,5,1,0,False,False,"https://guba.eastmoney.com/news,002055,1719186463.html",2026-07-06 17:09:27
eastmoney_guba,002055,1719189504,如果知道摘帽的时候，市值比现在高，还怕啥呢？坐稳扶好,,呼呼123321,4085386022076826,2026-06-02 20:00:00,155,3,0,0,False,False,"https://guba.eastmoney.com/news,002055,1719189504.html",2026-07-06 17:09:27
eastmoney_guba,002055,1719193561,跌到6元，走完3浪。再从6元启涨！图形这样告诉我的。现在还不能入手002055,,后贝加尔斯克,7154013321195756,2026-06-02 20:15:35,193,5,0,0,False,False,"https://guba.eastmoney.com/news,002055,1719193561.html",2026-07-06 17:09:27
eastmoney_guba,002055,1719194039,两头挨打,,股友Ri51325559,2973416635560782,2026-06-02 20:17:15,478,0,0,0,True,False,"https://guba.eastmoney.com/news,002055,1719194039.html",2026-07-06 17:09:27
eastmoney_guba,002055,1719196437,地板成交20万手，获利盘已大量出货，充分完成一轮筹码互换，换庄明显，明天大概率低,,股友6u0268O327,2559037085354874,2026-06-02 20:26:47,128,0,0,0,False,False,"https://guba.eastmoney.com/news,002055,1719196437.html",2026-07-06 17:09:27
eastmoney_guba,002055,1719196965,这几天群里聊天，这里经常忘记发消息，都说了是中线的，不翻倍不撤，越跌越加就行了。,,健康的梅宇航,1275376266924470,2026-06-02 20:29:04,833,5,3,0,True,False,"https://guba.eastmoney.com/news,002055,1719196965.html",2026-07-06 17:08:54
eastmoney_guba,002055,1719205615,我只搬运，不吹票,,只做预期,7334625240229044,2026-06-02 21:01:14,480,1,0,0,False,False,"https://guba.eastmoney.com/news,002055,1719205615.html",2026-07-06 17:09:27
eastmoney_guba,002055,1719213494,利空快出尽了吧,,云南小散nie,3561017753135412,2026-06-02 21:31:35,41,0,0,0,False,False,"https://guba.eastmoney.com/news,002055,1719213494.html",2026-07-06 17:09:27
eastmoney_guba,002055,1719215087,重要的是连接。。。。大家要看长远,,股友多晶硅,3105157575062942,2026-06-02 21:36:41,265,1,0,0,True,False,"https://guba.eastmoney.com/news,002055,1719215087.html",2026-07-06 17:09:27
eastmoney_guba,002055,1719215858,连接器行业迈威尔科技大涨20%,,股市小羔羊,3561396025664456,2026-06-02 21:39:05,401,4,0,0,True,False,"https://guba.eastmoney.com/news,002055,1719215858.html",2026-07-06 17:09:27
eastmoney_guba,002055,1719218318,不要在意短期上涨下跌。铜缆连接器后市可期。,,大V筑基期,6932105410794552,2026-06-02 21:47:10,778,7,1,0,True,False,"https://guba.eastmoney.com/news,002055,1719218318.html",2026-07-06 17:09:27
eastmoney_guba,002055,1719220284,本来是一个诉讼公告引起的跌停，现在竟然被别有用心的人带偏到资产冻结，唉，明天主力,,NKStar,3943315599118462,2026-06-02 21:53:30,89,0,0,0,False,False,"https://guba.eastmoney.com/news,002055,1719220284.html",2026-07-06 17:09:27
eastmoney_guba,002055,1719220874,冻结子公司股权仅仅是诉前的财产保全！一审二审两年时间很正常，去年也冻结过得润大厦,,合纵资本,7304094472044104,2026-06-02 21:55:32,368,5,0,0,False,False,"https://guba.eastmoney.com/news,002055,1719220874.html",2026-07-06 17:09:25
eastmoney_guba,002055,1719221031,市场理解，股价下跌，跌停利空,,一切都是虚的,9157075009070820,2026-06-02 21:56:09,57,1,0,0,False,False,"https://guba.eastmoney.com/news,002055,1719221031.html",2026-07-06 17:09:27
eastmoney_guba,002055,1719222454,风口上猪都能起飞，得润的春天马上就来了今天能用铜就用铜，必要才用光，这对得润来说,,哈基石,9722336050895030,2026-06-02 22:00:55,343,3,0,0,False,False,"https://guba.eastmoney.com/news,002055,1719222454.html",2026-07-06 17:09:27
eastmoney_guba,002055,1719225173,26年四大金刚护法,,ST鸵鸟,9406336492650190,2026-06-02 22:09:54,713,3,0,0,True,False,"https://guba.eastmoney.com/news,002055,1719225173.html",2026-07-06 17:09:27
eastmoney_guba,002055,1719225573,真牛啊，cpu卖的供给受到限制了，作为大陆唯一的cpu插座被干跌停真tm尴尬，不,,只做预期,7334625240229044,2026-06-02 22:11:16,742,3,1,0,True,False,"https://guba.eastmoney.com/news,002055,1719225573.html",2026-07-06 17:09:27
eastmoney_guba,002055,1719227524,$ST得润(SZ002055)$,,观自在心自在,8016037319280750,2026-06-02 22:17:52,751,0,0,0,True,False,"https://guba.eastmoney.com/news,002055,1719227524.html",2026-07-06 17:09:27
eastmoney_guba,002055,1719238251,高速连接线缆，今天今天跌停卖的，明天要涨停追了吧,,豫P03DC0,8154014280145278,2026-06-02 23:01:28,297,0,1,0,True,False,"https://guba.eastmoney.com/news,002055,1719238251.html",2026-07-06 17:09:27
eastmoney_guba,002055,1719238343,估值45个，怕个毛线，明天7元打个底仓,,快暖暖,3648094473248958,2026-06-02 23:01:55,47,0,0,0,False,False,"https://guba.eastmoney.com/news,002055,1719238343.html",2026-07-06 17:09:27
eastmoney_guba,002055,1719238647,跌停明天能买吗？,,ST慕紫,2255027151818644,2026-06-02 23:03:23,59,1,0,0,False,False,"https://guba.eastmoney.com/news,002055,1719238647.html",2026-07-06 17:09:27
eastmoney_guba,002055,1719239562,$ST得润(SZ002055)$,,股友w66758p063,6388057366504444,2026-06-02 23:07:58,433,2,1,0,True,False,"https://guba.eastmoney.com/news,002055,1719239562.html",2026-07-06 17:09:27
eastmoney_guba,002055,1719240679,点石成金的老黄发话了明天能不能开启主升浪？,,股友w66758p063,6388057366504444,2026-06-02 23:13:41,54,0,0,0,False,False,"https://guba.eastmoney.com/news,002055,1719240679.html",2026-07-06 17:09:27
eastmoney_guba,002055,1719241710,DSP全球仅2家！黄仁勋讲：AI下一波5倍行情藏在存储之后的：光连接！,,天予不取反受其害,3604113495440404,2026-06-02 23:19:47,906,4,4,0,True,False,"https://guba.eastmoney.com/news,002055,1719241710.html",2026-07-06 17:09:27
eastmoney_guba,002055,1719242554,黄教主站台连接！不是算力、不是内存、是连接！！,,合纵资本,7304094472044104,2026-06-02 23:25:00,656,2,0,0,True,False,"https://guba.eastmoney.com/news,002055,1719242554.html",2026-07-06 17:09:27
eastmoney_guba,002055,1719245843,公司生死关头，感觉会跌到6元,,股友76n23K9288,4275007115295432,2026-06-02 23:45:20,66,2,0,0,False,False,"https://guba.eastmoney.com/news,002055,1719245843.html",2026-07-06 17:09:27
eastmoney_guba,002055,1719247435,关于得润近期突然波动的猜想写在个人看法之前，股友都能想到进股吧，多少是有文化和见,,股友93p3G97981,2970087798107360,2026-06-02 23:57:07,879,9,3,0,False,False,"https://guba.eastmoney.com/news,002055,1719247435.html",2026-07-06 17:09:25
eastmoney_guba,002055,1719252389,今日，在台北举行的Computex2026电脑展上，光互连巨头迈威尔科技（Mar,,钟鱼等到你,3040346046355742,2026-06-03 00:49:59,408,4,0,0,False,False,"https://guba.eastmoney.com/news,002055,1719252389.html",2026-07-06 17:09:25
eastmoney_guba,002055,1719269093,快快快，昨天割肉的抓紧涨停板排队了，晚一点就买不回来了笑死，天天不是涨停就是跌,,豫P03DC0,8154014280145278,2026-06-03 06:17:34,378,5,0,0,True,False,"https://guba.eastmoney.com/news,002055,1719269093.html",2026-07-06 17:09:25
eastmoney_guba,002055,1719270487,这个股真了妖昨晚黄仁勋说优先用铜ai链接器和迈威尔科技大涨的情况下估计又涨停了，,,股友959083gH69,3527097495215902,2026-06-03 06:30:42,397,6,0,0,False,False,"https://guba.eastmoney.com/news,002055,1719270487.html",2026-07-06 17:09:25
eastmoney_guba,002055,1719274382,都疯个嗒,,五指山的食指,6764306186620308,2026-06-03 07:00:30,34,0,0,0,False,False,"https://guba.eastmoney.com/news,002055,1719274382.html",2026-07-06 17:09:25
eastmoney_guba,002055,1719276620,估计昨天跌停被主力踢出的，今天又在涨停板上排队了。,,股友959083gH69,3527097495215902,2026-06-03 07:18:49,657,6,1,0,True,False,"https://guba.eastmoney.com/news,002055,1719276620.html",2026-07-06 17:09:25
eastmoney_guba,002055,1719277034,黄仁勋的发言，如果真的利好德润，现在人气最起码飙到300以内,,长期致胜地香蕉,7781346331396298,2026-06-03 07:21:56,48,0,0,0,False,False,"https://guba.eastmoney.com/news,002055,1719277034.html",2026-07-06 17:09:25
eastmoney_guba,002055,1719278035,今天又一字涨停了，铜缆高速联接被黄仁勋吹上天,,松鹤的宿濂,2490034614534630,2026-06-03 07:30:46,44,0,0,0,False,False,"https://guba.eastmoney.com/news,002055,1719278035.html",2026-07-06 17:09:25
eastmoney_guba,002055,1719279857,长个鬼题材一直都是热门，就是股价不行,,股友e517539w63,3090356403113070,2026-06-03 07:42:19,29,0,0,0,False,False,"https://guba.eastmoney.com/news,002055,1719279857.html",2026-07-06 17:09:25
eastmoney_guba,002055,1719280874,这个主力操盘不看行业发展趋势的吗？同样连接器的企业都是大几百亿的市值。这个主力还,,ohaha,7259155946251206,2026-06-03 07:48:58,49,0,0,0,False,False,"https://guba.eastmoney.com/news,002055,1719280874.html",2026-07-06 17:09:25
eastmoney_guba,002055,1719281120,今年三大题材，一是摘帽，二是股价低，三是科技含量大,,松鹤的宿濂,2490034614534630,2026-06-03 07:50:13,52,0,0,0,False,False,"https://guba.eastmoney.com/news,002055,1719281120.html",2026-07-06 17:09:25
eastmoney_guba,002055,1719281370,天王老子来了今天都是跌停，就看是一字还是低开跌停，唱多的其实也就只剩一张嘴了，跌,,不惑见惑不惑也,6874456736141174,2026-06-03 07:51:30,62,1,0,0,False,False,"https://guba.eastmoney.com/news,002055,1719281370.html",2026-07-06 17:09:25
eastmoney_guba,002055,1719283815,人家炒的是光连接，st得润凑热闹都没份,,gpl0398,2522335657621580,2026-06-03 08:02:36,43,0,0,0,False,False,"https://guba.eastmoney.com/news,002055,1719283815.html",2026-07-06 17:09:25
eastmoney_guba,002055,1719284953,今天谁也跑不了，直接超级大单一字跌停,,股友3966M3y561,4717087682060226,2026-06-03 08:07:40,35,0,0,0,False,False,"https://guba.eastmoney.com/news,002055,1719284953.html",2026-07-06 17:09:25
eastmoney_guba,002055,1719285148,还以为是洗盘吗，前几天巨量天地板主力早都跑完了,,股友3966M3y561,4717087682060226,2026-06-03 08:08:50,41,0,0,0,False,False,"https://guba.eastmoney.com/news,002055,1719285148.html",2026-07-06 17:09:25
eastmoney_guba,002055,1719285377,今天谁也不能跑，直接一字跌停,,股友3966M3y561,4717087682060226,2026-06-03 08:09:54,82,3,0,0,False,False,"https://guba.eastmoney.com/news,002055,1719285377.html",2026-07-06 17:09:25
eastmoney_guba,002055,1719286065,7.18开,,驾马骑牛哥,1700376027661420,2026-06-03 08:13:17,28,0,0,0,False,False,"https://guba.eastmoney.com/news,002055,1719286065.html",2026-07-06 17:09:25
eastmoney_guba,002055,1719287742,拿稳了,,中国冲浪爱好者,7022305749420150,2026-06-03 08:21:59,32,0,0,0,False,False,"https://guba.eastmoney.com/news,002055,1719287742.html",2026-07-06 17:09:25
eastmoney_guba,002055,1719292557,这么多人唱多，想让家人们接盘，这次估计要5元以下了，到时价格打到5元以下再看,,大漠刀客3,9233094165408684,2026-06-03 08:42:52,65,1,0,0,False,False,"https://guba.eastmoney.com/news,002055,1719292557.html",2026-07-06 17:09:25
eastmoney_guba,002055,1719296082,市场竞争聚焦于响应速率、运营稳定性、核心壁垒构建与行业窗口期抢占；若公司决策落地,,股友9C213265L1,7977476633081770,2026-06-03 08:56:10,65,0,0,0,False,False,"https://guba.eastmoney.com/news,002055,1719296082.html",2026-07-06 17:09:25
eastmoney_guba,002055,1719299248,一堆人找利好的时候大家都懂的啥回事了,,股友NO93837065,8337476879184404,2026-06-03 09:04:08,39,0,0,0,False,False,"https://guba.eastmoney.com/news,002055,1719299248.html",2026-07-06 17:09:25
eastmoney_guba,002055,1719301616,冻结子公司股权问题：其实昨天的跌停就是因为将鹤山子公司股权被冻结有关，因为中午消,,合纵资本,7304094472044104,2026-06-03 09:07:46,921,5,2,0,False,False,"https://guba.eastmoney.com/news,002055,1719301616.html",2026-07-06 17:09:18
eastmoney_guba,002055,1719304852,会出现黄金坑吗,,股友9C213265L1,7977476633081770,2026-06-03 09:13:28,35,0,0,0,False,False,"https://guba.eastmoney.com/news,002055,1719304852.html",2026-07-06 17:09:25
eastmoney_guba,002055,1719306037,老师们砸地板挺猛啊,,得润两位数,3290024582242248,2026-06-03 09:15:58,32,0,0,0,False,False,"https://guba.eastmoney.com/news,002055,1719306037.html",2026-07-06 17:09:25
eastmoney_guba,002055,1719307108,漂亮，一字跌停开始了,,ST慕紫,2255027151818644,2026-06-03 09:17:06,36,0,0,0,False,False,"https://guba.eastmoney.com/news,002055,1719307108.html",2026-07-06 17:09:25
eastmoney_guba,002055,1719308566,完了一字板下跌，可能要退市,,大虾118,4167315536396900,2026-06-03 09:18:11,54,1,0,0,False,False,"https://guba.eastmoney.com/news,002055,1719308566.html",2026-07-06 17:09:25
eastmoney_guba,002055,1719309807,这下真成了乌鸦坐飞机去的必,,散花涨停突击队,4170386044094200,2026-06-03 09:19:16,29,0,0,0,False,False,"https://guba.eastmoney.com/news,002055,1719309807.html",2026-07-06 17:09:25
eastmoney_guba,002055,1719313050,昨天的小作文，今天散户疯狂涌入，殊不知是给主力做承接,,股友106v631R89,5309137689664810,2026-06-03 09:22:29,40,0,0,0,False,False,"https://guba.eastmoney.com/news,002055,1719313050.html",2026-07-06 17:09:25
eastmoney_guba,002055,1719314248,吓唬谁呢，搞笑,,风光万里,7671346186620970,2026-06-03 09:23:26,30,0,0,0,False,False,"https://guba.eastmoney.com/news,002055,1719314248.html",2026-07-06 17:09:25
eastmoney_guba,002055,1719314284,表面现象不会跌停,,我是风向标,7292015289809824,2026-06-03 09:23:28,24,0,0,0,False,False,"https://guba.eastmoney.com/news,002055,1719314284.html",2026-07-06 17:09:25
eastmoney_guba,002055,1719314309,要退市,,后贝加尔斯克,7154013321195756,2026-06-03 09:23:29,27,0,0,0,False,False,"https://guba.eastmoney.com/news,002055,1719314309.html",2026-07-06 17:09:25
eastmoney_guba,002055,1719322689,今日要涨停,,我是风向标,7292015289809824,2026-06-03 09:25:24,27,0,0,0,False,False,"https://guba.eastmoney.com/news,002055,1719322689.html",2026-07-06 17:09:25
eastmoney_guba,002055,1719324533,买买买,,我是风向标,7292015289809824,2026-06-03 09:25:37,30,0,0,0,False,False,"https://guba.eastmoney.com/news,002055,1719324533.html",2026-07-06 17:09:25
eastmoney_guba,002055,1719324862,我7.04清仓的，那天涨停没出，后面跳水吓到出了，那会卖了后悔的不得了，后面天天,,跑赢大盘3倍多,1089144527373198,2026-06-03 09:25:54,44,0,0,0,False,False,"https://guba.eastmoney.com/news,002055,1719324862.html",2026-07-06 17:09:25
eastmoney_guba,002055,1719328099,竟然没跌停开盘,,股友5338d16z51,3074057303565748,2026-06-03 09:28:39,30,0,0,0,False,False,"https://guba.eastmoney.com/news,002055,1719328099.html",2026-07-06 17:09:25
eastmoney_guba,002055,1719328365,赶紧跌停让我吸一下。,,超级旺旺号,5935336100455462,2026-06-03 09:28:50,36,0,0,0,False,False,"https://guba.eastmoney.com/news,002055,1719328365.html",2026-07-06 17:09:25
eastmoney_guba,002055,1719329687,如果不出意外的话今天还是跌停,,有礼貌的剑心好4,1506365960377706,2026-06-03 09:29:55,30,0,0,0,False,False,"https://guba.eastmoney.com/news,002055,1719329687.html",2026-07-06 17:09:25
eastmoney_guba,002055,1719338133,卖盘没看到多大，就直接按跌停板上了,,股友0890t5H988,2938127799295868,2026-06-03 09:31:37,33,0,0,0,False,False,"https://guba.eastmoney.com/news,002055,1719338133.html",2026-07-06 17:09:25
eastmoney_guba,002055,1719341538,公司股价连续跌停了，起码董秘是开心的,,多米的天空,8268004870663662,2026-06-03 09:32:35,37,0,0,0,False,False,"https://guba.eastmoney.com/news,002055,1719341538.html",2026-07-06 17:09:25
eastmoney_guba,002055,1719342892,买早了,,入市小白泰山,1595007681872084,2026-06-03 09:32:58,26,0,0,0,False,False,"https://guba.eastmoney.com/news,002055,1719342892.html",2026-07-06 17:09:25
eastmoney_guba,002055,1719349370,底仓,,sgzt123,4123013776698802,2026-06-03 09:34:42,45,1,0,0,False,False,"https://guba.eastmoney.com/news,002055,1719349370.html",2026-07-06 17:09:25
eastmoney_guba,002055,1719353641,利好出货,,股友216Nl62325,7427057506411942,2026-06-03 09:35:47,22,0,0,0,False,False,"https://guba.eastmoney.com/news,002055,1719353641.html",2026-07-06 17:09:25
eastmoney_guba,002055,1719362562,地天,,股友YFWKeF,7687395655730778,2026-06-03 09:38:06,24,0,0,0,False,False,"https://guba.eastmoney.com/news,002055,1719362562.html",2026-07-06 17:09:25
eastmoney_guba,002055,1719369669,顺势而为,,bellwether,6244325874330580,2026-06-03 09:40:03,30,0,0,0,False,False,"https://guba.eastmoney.com/news,002055,1719369669.html",2026-07-06 17:09:25
eastmoney_guba,002055,1719370839,牛逼plus,,股友7bGrRB,7556375694655340,2026-06-03 09:40:23,27,0,0,0,False,False,"https://guba.eastmoney.com/news,002055,1719370839.html",2026-07-06 17:09:25
eastmoney_guba,002055,1719371037,昨天跌停加一成，今天跌停加2成了，合计4称仓位在这了，半仓在洲际天天涨，4成在这,,惊爆点男主,8399375724329702,2026-06-03 09:40:27,168,7,0,0,False,False,"https://guba.eastmoney.com/news,002055,1719371037.html",2026-07-06 17:09:25
eastmoney_guba,002055,1719381890,所属板块暴涨，你跌停,,股友7bGrRB,7556375694655340,2026-06-03 09:43:19,26,0,0,0,False,False,"https://guba.eastmoney.com/news,002055,1719381890.html",2026-07-06 17:09:25
eastmoney_guba,002055,1719382648,看来得走了，天天跌停也不知道是什么毛病。现在看开前几天明显诱多。,,邵先生,4046186502913004,2026-06-03 09:43:31,52,0,1,0,False,False,"https://guba.eastmoney.com/news,002055,1719382648.html",2026-07-06 17:09:25
eastmoney_guba,002055,1719384876,还有2个跌停板到6.13元止跌,,后贝加尔斯克,7154013321195756,2026-06-03 09:44:07,24,0,0,0,False,False,"https://guba.eastmoney.com/news,002055,1719384876.html",2026-07-06 17:09:25
eastmoney_guba,002055,1719387703,抄底的不要发。默默的抄底。不要挑战主力,,持仓观风云,4654067800325436,2026-06-03 09:44:51,32,0,0,0,False,False,"https://guba.eastmoney.com/news,002055,1719387703.html",2026-07-06 17:09:25
eastmoney_guba,002055,1719388829,A杀来了，估计6才能止住了，里面几个大户，18号知道有雷，配合提前拉高股价，估计,,雨过的席峰,6826355923574406,2026-06-03 09:45:09,33,0,0,0,False,False,"https://guba.eastmoney.com/news,002055,1719388829.html",2026-07-06 17:09:25
eastmoney_guba,002055,1719390300,我真是运气好，一进来就每天跌5个点，看样子明天还要跌5个点,,基民FByErZ,5317316029444014,2026-06-03 09:45:35,101,4,0,0,False,False,"https://guba.eastmoney.com/news,002055,1719390300.html",2026-07-06 17:09:23
eastmoney_guba,002055,1719396823,犯天条了吗，板块都涨，你跌停,,股友7bGrRB,7556375694655340,2026-06-03 09:47:31,25,0,0,0,False,False,"https://guba.eastmoney.com/news,002055,1719396823.html",2026-07-06 17:09:25
eastmoney_guba,002055,1719397565,不懂了，还以为要大涨。只能挂卖单了,,股友w66758p063,6388057366504444,2026-06-03 09:47:43,27,0,0,0,False,False,"https://guba.eastmoney.com/news,002055,1719397565.html",2026-07-06 17:09:25
eastmoney_guba,002055,1719397715,跌停买点,,sgzt123,4123013776698802,2026-06-03 09:47:47,28,0,0,0,False,False,"https://guba.eastmoney.com/news,002055,1719397715.html",2026-07-06 17:09:25
eastmoney_guba,002055,1719401422,铜连接是利好，涨得很猛，但是得润这票嘛，呵呵了，时也命也，认吧，大资金说了算,,bellwether,6244325874330580,2026-06-03 09:48:53,32,0,0,0,False,False,"https://guba.eastmoney.com/news,002055,1719401422.html",2026-07-06 17:09:25
eastmoney_guba,002055,1719401650,高速铜缆板块爆发都不带你玩,,我在情绪之外,9194047483250996,2026-06-03 09:48:58,29,0,0,0,False,False,"https://guba.eastmoney.com/news,002055,1719401650.html",2026-07-06 17:09:25
eastmoney_guba,002055,1719404995,牛，板块涨飞了，这还天天掉,,股友0890t5H988,2938127799295868,2026-06-03 09:49:57,26,0,0,0,False,False,"https://guba.eastmoney.com/news,002055,1719404995.html",2026-07-06 17:09:25
eastmoney_guba,002055,1719407722,牛啊，明天再跌。,,反面教科书,8548094341034744,2026-06-03 09:50:47,33,0,0,0,False,False,"https://guba.eastmoney.com/news,002055,1719407722.html",2026-07-06 17:09:25
eastmoney_guba,002055,1719411995,这已经不是洗盘了，这是从哪里来回哪里去了，跑了，有大雷,,知足常乐对吧,9052386172588498,2026-06-03 09:52:03,37,0,0,0,False,False,"https://guba.eastmoney.com/news,002055,1719411995.html",2026-07-06 17:09:25
eastmoney_guba,002055,1719413178,得润电子什么情况急涨停急跌停板,,股友8Hozqw,7470365891736350,2026-06-03 09:52:24,64,1,0,0,False,False,"https://guba.eastmoney.com/news,002055,1719413178.html",2026-07-06 17:09:25
eastmoney_guba,002055,1719413837,为啥不是开盘跌停呢？,,蕙质兰心一飞冲天,6851346522528480,2026-06-03 09:52:37,24,0,0,0,False,False,"https://guba.eastmoney.com/news,002055,1719413837.html",2026-07-06 17:09:25
eastmoney_guba,002055,1719414746,这个礼拜都是跌停板了,,请叫我接盘哥,5539256141330290,2026-06-03 09:52:55,30,0,0,0,False,False,"https://guba.eastmoney.com/news,002055,1719414746.html",2026-07-06 17:09:25
eastmoney_guba,002055,1719416472,为什么会跌停，按理说低开高走才是正常走势，联想戴尔都上天了，你看不见吗,,惊爆点男主,8399375724329702,2026-06-03 09:53:29,269,7,0,0,False,False,"https://guba.eastmoney.com/news,002055,1719416472.html",2026-07-06 17:09:23
eastmoney_guba,002055,1719418812,抄底,,一定要学会加仓,5465077306855992,2026-06-03 09:54:16,212,2,0,0,True,False,"https://guba.eastmoney.com/news,002055,1719418812.html",2026-07-06 17:09:23
eastmoney_guba,002055,1719419165,东尼15左右的时候，和得润二选一思考了很久，选了得润，没想到差这么多，看了往年业,,狗头出击,2303077280306978,2026-06-03 09:54:23,348,7,1,0,False,False,"https://guba.eastmoney.com/news,002055,1719419165.html",2026-07-06 17:09:23
eastmoney_guba,002055,1719421312,叫啊,,从前车马邮件慢,5496385937443718,2026-06-03 09:55:06,24,0,0,0,False,False,"https://guba.eastmoney.com/news,002055,1719421312.html",2026-07-06 17:09:25
eastmoney_guba,002055,1719421982,外围大涨；给我来了2个跌停；还有什么雷没有爆吗,,专注的贺蓓寒,2307064749658256,2026-06-03 09:55:20,29,0,0,0,False,False,"https://guba.eastmoney.com/news,002055,1719421982.html",2026-07-06 17:09:25
eastmoney_guba,002055,1719424355,赶清空买入300232,,后贝加尔斯克,7154013321195756,2026-06-03 09:56:05,41,2,0,0,False,False,"https://guba.eastmoney.com/news,002055,1719424355.html",2026-07-06 17:09:25
eastmoney_guba,002055,1719427019,下午地天,,股友959083gH69,3527097495215902,2026-06-03 09:56:54,42,1,0,0,False,False,"https://guba.eastmoney.com/news,002055,1719427019.html",2026-07-06 17:09:25
eastmoney_guba,002055,1719437184,准备一下明天跌板补仓,,大虾118,4167315536396900,2026-06-03 10:00:08,28,0,0,0,False,False,"https://guba.eastmoney.com/news,002055,1719437184.html",2026-07-06 17:09:25
eastmoney_guba,002055,1719439610,唯一低价的pcb,,sgzt123,4123013776698802,2026-06-03 10:00:59,79,3,0,0,False,False,"https://guba.eastmoney.com/news,002055,1719439610.html",2026-07-06 17:09:25
eastmoney_guba,002055,1719444446,真累了，你这样搞，我真看不到尽头看不到阳光看不到希望了，唉,,且末7,8969097428284194,2026-06-03 10:02:40,37,0,0,0,False,False,"https://guba.eastmoney.com/news,002055,1719444446.html",2026-07-06 17:09:25
eastmoney_guba,002055,1719447406,没雷，就是预期弱了点，下杀拿便宜筹码，后面有行情，得等。,,万事多谋地老夫子,1028386319694022,2026-06-03 10:03:39,96,4,0,0,False,False,"https://guba.eastmoney.com/news,002055,1719447406.html",2026-07-06 17:09:23
eastmoney_guba,002055,1719448357,多头给我跪下，再来4个跌停板我来抄你们的底,,妩媚的李婉,6843037678486338,2026-06-03 10:04:00,26,0,0,0,False,False,"https://guba.eastmoney.com/news,002055,1719448357.html",2026-07-06 17:09:25
eastmoney_guba,002055,1719451801,大家一起骂，垃圾，看看洲际，80万手都能跷板，看看你，5万手压的死死的，能不能翘,,惊爆点男主,8399375724329702,2026-06-03 10:05:14,108,5,0,0,False,False,"https://guba.eastmoney.com/news,002055,1719451801.html",2026-07-06 17:09:23
eastmoney_guba,002055,1719453866,真的有可能会退市吗？好累啊，有知道的吗,,且末7,8969097428284194,2026-06-03 10:05:59,23,0,0,0,False,False,"https://guba.eastmoney.com/news,002055,1719453866.html",2026-07-06 17:09:25
eastmoney_guba,002055,1719455163,什么都好，就是散户太多了，最好再来2个下跌，轿子轻容易抬,,ST鸵鸟,9406336492650190,2026-06-03 10:06:27,34,1,0,0,False,False,"https://guba.eastmoney.com/news,002055,1719455163.html",2026-07-06 17:09:23
eastmoney_guba,002055,1719459024,拿不住就去打螺丝,,海盗船长macd,4041306360146342,2026-06-03 10:07:52,26,0,0,0,False,False,"https://guba.eastmoney.com/news,002055,1719459024.html",2026-07-06 17:09:25
eastmoney_guba,002055,1719465695,看来得润公司市值只有30多亿，明天就到了，别再吹什么连接器了，公司不行就是不行,,人生巅峰进行曲,6778013800753264,2026-06-03 10:10:15,89,2,0,0,False,False,"https://guba.eastmoney.com/news,002055,1719465695.html",2026-07-06 17:09:23
eastmoney_guba,002055,1719468382,看的心累、分析得也累，st最怕没流动性、动不动压股跌停没有一点意思！,,合纵资本,7304094472044104,2026-06-03 10:11:17,163,6,0,0,False,False,"https://guba.eastmoney.com/news,002055,1719468382.html",2026-07-06 17:09:23
eastmoney_guba,002055,1719480376,连续跌停是因为官司吗？,,西塞山人6208,2108035161578412,2026-06-03 10:15:39,27,0,0,0,False,False,"https://guba.eastmoney.com/news,002055,1719480376.html",2026-07-06 17:09:25
eastmoney_guba,002055,1719490058,这些天，不是涨停就是跌停，连续两个天地板，换手率也很高，实在是有点妖。公司基础逻,,ST阳小宝,4204325525728958,2026-06-03 10:19:25,630,6,2,0,False,False,"https://guba.eastmoney.com/news,002055,1719490058.html",2026-07-06 17:09:23
eastmoney_guba,002055,1719492839,这波看六元下面了吧,,股友9950e3z672,4895094364296368,2026-06-03 10:20:30,22,0,0,0,False,False,"https://guba.eastmoney.com/news,002055,1719492839.html",2026-07-06 17:09:25
eastmoney_guba,002055,1719496240,最少三个跌停，明天可以试试水,,xiuyunliang,4903094222630964,2026-06-03 10:21:55,33,0,0,0,False,False,"https://guba.eastmoney.com/news,002055,1719496240.html",2026-07-06 17:09:25
eastmoney_guba,002055,1719498306,业绩造假吗？,,涨停板入手,7578325512536212,2026-06-03 10:22:49,28,0,0,0,False,False,"https://guba.eastmoney.com/news,002055,1719498306.html",2026-07-06 17:09:23
eastmoney_guba,002055,1719500762,今天有龙蛇榜么,,不开心的小人物,5223087277555088,2026-06-03 10:23:52,32,0,0,0,False,False,"https://guba.eastmoney.com/news,002055,1719500762.html",2026-07-06 17:09:23
eastmoney_guba,002055,1719503349,这么小的一个盘，散户太多。应该没多大行情。筹码大部分在主力那才有主升。不接受反驳,,持仓观风云,4654067800325436,2026-06-03 10:24:54,96,4,4,0,False,False,"https://guba.eastmoney.com/news,002055,1719503349.html",2026-07-06 17:09:23
eastmoney_guba,002055,1719507339,再坏也不会象元旦后那样连续几个跌停了吧？再坏也不会跌回5.22了吧？……我更不相,,独立的凌翰5,4935345939513282,2026-06-03 10:26:41,45,0,0,0,False,False,"https://guba.eastmoney.com/news,002055,1719507339.html",2026-07-06 17:09:23
eastmoney_guba,002055,1719518898,债务一大堆,,xiuyunliang,4903094222630964,2026-06-03 10:31:33,32,0,0,0,False,False,"https://guba.eastmoney.com/news,002055,1719518898.html",2026-07-06 17:09:23
eastmoney_guba,002055,1719536506,流动性枯竭，凉,,我勒个烧缸,8844017608558072,2026-06-03 10:38:45,26,0,0,0,False,False,"https://guba.eastmoney.com/news,002055,1719536506.html",2026-07-06 17:09:23
eastmoney_guba,002055,1719536906,，再买点。不回本只能躺着了,,狂放的荣珹,3597127780640216,2026-06-03 10:38:57,22,0,0,0,False,False,"https://guba.eastmoney.com/news,002055,1719536906.html",2026-07-06 17:09:23
eastmoney_guba,002055,1719539757,至少3个跌停到6元下,,后贝加尔斯克,7154013321195756,2026-06-03 10:40:15,19,0,0,0,False,False,"https://guba.eastmoney.com/news,002055,1719539757.html",2026-07-06 17:09:23
eastmoney_guba,002055,1719544172,从封跌停到现在成交就3000手，就那么三百万左右，根本没有买盘还有人抄底是怎么想,,股友9f0776120F,3927137487108460,2026-06-03 10:42:14,196,4,0,0,False,False,"https://guba.eastmoney.com/news,002055,1719544172.html",2026-07-06 17:09:20
eastmoney_guba,002055,1719550000,美银和摩根进十大流通股东后，主力天天都在砸盘出货搞不好要腰斩了,,寒山雾里人,8991316342265298,2026-06-03 10:45:00,36,0,0,0,False,False,"https://guba.eastmoney.com/news,002055,1719550000.html",2026-07-06 17:09:23
eastmoney_guba,002055,1719550492,大家好，我是顶级游资，我先抬2万手尝尝咸淡,,我在情绪之外,9194047483250996,2026-06-03 10:45:13,43,2,0,0,False,False,"https://guba.eastmoney.com/news,002055,1719550492.html",2026-07-06 17:09:23
eastmoney_guba,002055,1719559192,天孚通信快100倍了，长飞光纤也20多了,,st大平头,3943305709821276,2026-06-03 10:49:21,88,3,0,0,False,False,"https://guba.eastmoney.com/news,002055,1719559192.html",2026-07-06 17:09:23
eastmoney_guba,002055,1719561336,如果今天地天，情绪是不是彻底拉满,,我在情绪之外,9194047483250996,2026-06-03 10:50:27,96,5,0,0,False,False,"https://guba.eastmoney.com/news,002055,1719561336.html",2026-07-06 17:09:23
eastmoney_guba,002055,1719562008,散户太多，主力卖，散户接太多，认亏出局！！！ST景谷相反，没散户卖，只有买。认亏,,股友02328ef007,7252017447693546,2026-06-03 10:50:46,44,0,1,0,False,False,"https://guba.eastmoney.com/news,002055,1719562008.html",2026-07-06 17:09:23
eastmoney_guba,002055,1719568970,566老师魔怔了，连续几天卖撤卖撤卖撤,,骑牛走天下了,3448386117466706,2026-06-03 10:54:07,150,0,0,0,True,False,"https://guba.eastmoney.com/news,002055,1719568970.html",2026-07-06 17:09:23
eastmoney_guba,002055,1719569635,开板之后连续放大量，主力早就出的差不多了，走势大概率就是从哪来回哪去。,,首都九菲特,6181074920667870,2026-06-03 10:54:28,31,0,0,0,False,False,"https://guba.eastmoney.com/news,002055,1719569635.html",2026-07-06 17:09:23
eastmoney_guba,002055,1719578110,昨天中午还有人过来解散今天就没了吧,,得润两位数,3290024582242248,2026-06-03 10:58:36,26,0,0,0,False,False,"https://guba.eastmoney.com/news,002055,1719578110.html",2026-07-06 17:09:23
eastmoney_guba,002055,1719581414,看到还有人吹牛13，是真的不敢碰！,,股友185I8671Z5,8088486777333560,2026-06-03 11:00:14,33,0,0,0,False,False,"https://guba.eastmoney.com/news,002055,1719581414.html",2026-07-06 17:09:23
eastmoney_guba,002055,1719583691,怕不怕？,,笑逐颜开的龚艳,2079345942814724,2026-06-03 11:01:16,29,0,0,0,False,False,"https://guba.eastmoney.com/news,002055,1719583691.html",2026-07-06 17:09:23
eastmoney_guba,002055,1719586942,板块拉冒烟了,,我勒个烧缸,8844017608558072,2026-06-03 11:02:53,23,0,0,0,False,False,"https://guba.eastmoney.com/news,002055,1719586942.html",2026-07-06 17:09:23
eastmoney_guba,002055,1719588577,再不开，就提款销户,,德n福,5938094743500338,2026-06-03 11:03:42,23,0,0,0,False,False,"https://guba.eastmoney.com/news,002055,1719588577.html",2026-07-06 17:09:23
eastmoney_guba,002055,1719589052,不跟消费电子？？,,一路长虹发8发,6751305589387568,2026-06-03 11:03:57,27,0,0,0,False,False,"https://guba.eastmoney.com/news,002055,1719589052.html",2026-07-06 17:09:23
eastmoney_guba,002055,1719589297,拿不住就去打螺丝吧,,海盗船长macd,4041306360146342,2026-06-03 11:04:05,35,0,0,0,False,False,"https://guba.eastmoney.com/news,002055,1719589297.html",2026-07-06 17:09:23
eastmoney_guba,002055,1719591773,主力跑完了,,多米的天空,8268004870663662,2026-06-03 11:05:17,23,0,0,0,False,False,"https://guba.eastmoney.com/news,002055,1719591773.html",2026-07-06 17:09:23
eastmoney_guba,002055,1719595089,兄弟们，乐极生悲了啊，我都已经想好吃20个涨停以后的生活了，你给我看这个，裤子都,,我在情绪之外,9194047483250996,2026-06-03 11:07:01,238,6,1,0,False,False,"https://guba.eastmoney.com/news,002055,1719595089.html",2026-07-06 17:09:20
eastmoney_guba,002055,1719598246,今天会不会打开跌停,,一切都是虚的,9157075009070820,2026-06-03 11:08:45,86,3,0,0,False,False,"https://guba.eastmoney.com/news,002055,1719598246.html",2026-07-06 17:09:23
eastmoney_guba,002055,1719599239,这货到底是有什么大利空，压这么死,,我勒个烧缸,8844017608558072,2026-06-03 11:09:15,29,0,0,0,False,False,"https://guba.eastmoney.com/news,002055,1719599239.html",2026-07-06 17:09:23
eastmoney_guba,002055,1719602465,地天板今天,,股友3L9i222937,5721027642096398,2026-06-03 11:10:54,134,6,0,0,False,False,"https://guba.eastmoney.com/news,002055,1719602465.html",2026-07-06 17:09:23
eastmoney_guba,002055,1719604387,涨幅5个点的高速铜缆呀爸爸们快来救救润儿吧,,我在情绪之外,9194047483250996,2026-06-03 11:11:53,71,0,0,0,True,False,"https://guba.eastmoney.com/news,002055,1719604387.html",2026-07-06 17:09:23
eastmoney_guba,002055,1719607790,完全没有开板的意思,,一路长虹发8发,6751305589387568,2026-06-03 11:13:35,27,0,0,0,False,False,"https://guba.eastmoney.com/news,002055,1719607790.html",2026-07-06 17:09:23
eastmoney_guba,002055,1719609187,格局干啥,,哈哈6Niu,3953185814317992,2026-06-03 11:14:14,37,0,0,0,False,False,"https://guba.eastmoney.com/news,002055,1719609187.html",2026-07-06 17:09:23
eastmoney_guba,002055,1719609985,今天进的，明天还要被埋,,无敌刘神,7298386327098966,2026-06-03 11:14:38,29,0,0,0,False,False,"https://guba.eastmoney.com/news,002055,1719609985.html",2026-07-06 17:09:23
eastmoney_guba,002055,1719614338,完了，要退市了吧，主力跑了,,股友78l307167F,5365087570003302,2026-06-03 11:16:53,26,0,0,0,False,False,"https://guba.eastmoney.com/news,002055,1719614338.html",2026-07-06 17:09:23
eastmoney_guba,002055,1719614574,卖单越来越多，根本买不完,,股友5338d16z51,3074057303565748,2026-06-03 11:17:01,44,2,0,0,False,False,"https://guba.eastmoney.com/news,002055,1719614574.html",2026-07-06 17:09:23
eastmoney_guba,002055,1719614905,我回来看看,,在等花开,8401326115653406,2026-06-03 11:17:10,28,0,0,0,False,False,"https://guba.eastmoney.com/news,002055,1719614905.html",2026-07-06 17:09:23
eastmoney_guba,002055,1719615277,等哪天止跌了进来抄底,,舍得润,4484346120850282,2026-06-03 11:17:23,137,5,0,0,False,False,"https://guba.eastmoney.com/news,002055,1719615277.html",2026-07-06 17:09:23
eastmoney_guba,002055,1719619505,明天就是6.65后天6.31下周一5.99买哈哈哈,,风生水起鹏,3550086931973738,2026-06-03 11:19:36,23,0,0,0,False,False,"https://guba.eastmoney.com/news,002055,1719619505.html",2026-07-06 17:09:23
eastmoney_guba,002055,1719621647,2个跌停，董秘要不要出异动公告？,,多米的天空,8268004870663662,2026-06-03 11:20:48,136,3,0,0,False,False,"https://guba.eastmoney.com/news,002055,1719621647.html",2026-07-06 17:09:23
eastmoney_guba,002055,1719628678,下午开盘开板,,湖建陈刀仔,4689486788645858,2026-06-03 11:24:30,39,1,1,0,False,False,"https://guba.eastmoney.com/news,002055,1719628678.html",2026-07-06 17:09:23
eastmoney_guba,002055,1719638588,铜缆高速连接器板块大涨5%以上了，唉，这个司法冻结得真不是时候啊！,,zhuch1,7677013499151220,2026-06-03 11:30:02,39,0,0,0,False,False,"https://guba.eastmoney.com/news,002055,1719638588.html",2026-07-06 17:09:23
eastmoney_guba,002055,1719643562,还有几个跌停会不会到5元去,,后贝加尔斯克,7154013321195756,2026-06-03 11:34:49,42,1,0,0,False,False,"https://guba.eastmoney.com/news,002055,1719643562.html",2026-07-06 17:09:23
eastmoney_guba,002055,1719643856,太辰光都4百多亿市值了，这两天接回是不会错的,,sgzt123,4123013776698802,2026-06-03 11:35:12,43,0,0,0,False,False,"https://guba.eastmoney.com/news,002055,1719643856.html",2026-07-06 17:09:23
eastmoney_guba,002055,1719651935,短期的不用看，长线的参考这就是德润的路优质资产不可能被退市的中利集团（00230,,股友781C5w5367,6482147558671146,2026-06-03 11:46:16,393,1,2,0,False,False,"https://guba.eastmoney.com/news,002055,1719651935.html",2026-07-06 17:09:23
eastmoney_guba,002055,1719653805,得润今天有人恶意做空跌停，有点鬼异，可能要搞事情了，拿住手中筹码，相信逻辑。下午,,掘金高歌,5238386190584350,2026-06-03 11:49:44,129,3,0,0,False,False,"https://guba.eastmoney.com/news,002055,1719653805.html",2026-07-06 17:09:23
eastmoney_guba,002055,1719662542,没有实控人，没有未来发展方向只有混吃等死,,xiuyunliang,4903094222630964,2026-06-03 12:09:09,27,0,0,0,False,False,"https://guba.eastmoney.com/news,002055,1719662542.html",2026-07-06 17:09:23
eastmoney_guba,002055,1719668304,三个板放人么,,站在山顶的_韭菜,5211346228525104,2026-06-03 12:24:25,27,0,0,0,False,False,"https://guba.eastmoney.com/news,002055,1719668304.html",2026-07-06 17:09:23
eastmoney_guba,002055,1719670594,谁在吹，，吹了2跌停,,牛一层,3498094473601712,2026-06-03 12:30:55,35,1,0,0,False,False,"https://guba.eastmoney.com/news,002055,1719670594.html",2026-07-06 17:09:23
eastmoney_guba,002055,1719671729,昨天是知行合一，有人因为我发了一篇贴子，还对我出言不逊，我肯定不能惯他，怼了他后,,混沌摸金,4720245820142118,2026-06-03 12:34:08,577,2,0,0,True,False,"https://guba.eastmoney.com/news,002055,1719671729.html",2026-07-06 17:09:23
eastmoney_guba,002055,1719672483,看来真出货了，要去2快了,,有专注力123456,3877094317451952,2026-06-03 12:36:19,27,0,1,0,False,False,"https://guba.eastmoney.com/news,002055,1719672483.html",2026-07-06 17:09:23
eastmoney_guba,002055,1719679002,这波有可能破新低，跌到怀疑人生。挖个黄金坑,,k线背后,7688113823893366,2026-06-03 12:56:27,37,1,0,0,False,False,"https://guba.eastmoney.com/news,002055,1719679002.html",2026-07-06 17:09:23
eastmoney_guba,002055,1719689801,有种预感，得润下午要地天板。,,掘金高歌,5238386190584350,2026-06-03 13:02:37,108,6,0,0,False,False,"https://guba.eastmoney.com/news,002055,1719689801.html",2026-07-06 17:09:23
eastmoney_guba,002055,1719694907,铜缆大牛市，我在得润里面吃跌停，说出去你让我出门抬不起头啊,,我在情绪之外,9194047483250996,2026-06-03 13:05:44,26,0,0,0,False,False,"https://guba.eastmoney.com/news,002055,1719694907.html",2026-07-06 17:09:23
eastmoney_guba,002055,1719697833,看看鼎通科技和华丰科技，就知道得润往后看起码200亿估值。不过游资跑了，怕啥，逻,,湖建陈刀仔,4689486788645858,2026-06-03 13:07:34,62,2,0,0,False,False,"https://guba.eastmoney.com/news,002055,1719697833.html",2026-07-06 17:09:23
eastmoney_guba,002055,1719701631,今天成交应该能达到三十万手把，现在已经26万手了,,德n福,5938094743500338,2026-06-03 13:09:42,24,0,0,0,False,False,"https://guba.eastmoney.com/news,002055,1719701631.html",2026-07-06 17:09:23
eastmoney_guba,002055,1719702499,随时可能破,,荣耀再现,7403027545726188,2026-06-03 13:10:10,24,0,0,0,False,False,"https://guba.eastmoney.com/news,002055,1719702499.html",2026-07-06 17:09:23
eastmoney_guba,002055,1719702483,前面那波人，还没出完货么？,,不开心的小人物,5223087277555088,2026-06-03 13:10:10,22,0,0,0,False,False,"https://guba.eastmoney.com/news,002055,1719702483.html",2026-07-06 17:09:23
eastmoney_guba,002055,1719704042,这走势今天铁定地天板啊,,点石诚金,2849395726922824,2026-06-03 13:11:03,63,3,0,0,False,False,"https://guba.eastmoney.com/news,002055,1719704042.html",2026-07-06 17:09:23
eastmoney_guba,002055,1719704561,还行吧，这两天虽然是跌停了，但是两天地板的量都不小，还是有筹码交换的，既然没有利,,诚实的易晗12,7896007249329266,2026-06-03 13:11:20,64,1,0,0,False,False,"https://guba.eastmoney.com/news,002055,1719704561.html",2026-07-06 17:09:20
eastmoney_guba,002055,1719704971,里的生活费都掏出来追了,,我在情绪之外,9194047483250996,2026-06-03 13:11:33,22,0,0,0,False,False,"https://guba.eastmoney.com/news,002055,1719704971.html",2026-07-06 17:09:23
eastmoney_guba,002055,1719705285,兄弟们，我先走一步，明天再来,,只ai女大学生,5139315876529738,2026-06-03 13:11:43,27,1,0,0,False,False,"https://guba.eastmoney.com/news,002055,1719705285.html",2026-07-06 17:09:23
eastmoney_guba,002055,1719709701,1块再考虑买吧,,有专注力123456,3877094317451952,2026-06-03 13:14:06,22,0,0,0,False,False,"https://guba.eastmoney.com/news,002055,1719709701.html",2026-07-06 17:09:23
eastmoney_guba,002055,1719712183,我命由我不由天兄弟们跟我一起买，一手两手也是爱，我冲了，彻底没钱了。,,我在情绪之外,9194047483250996,2026-06-03 13:15:20,37,2,0,0,False,False,"https://guba.eastmoney.com/news,002055,1719712183.html",2026-07-06 17:09:23
eastmoney_guba,002055,1719717571,狼来了的故事,,股友7bGrRB,7556375694655340,2026-06-03 13:18:08,22,0,0,0,False,False,"https://guba.eastmoney.com/news,002055,1719717571.html",2026-07-06 17:09:23
eastmoney_guba,002055,1719719349,干，冲冲冲,,我在情绪之外,9194047483250996,2026-06-03 13:19:02,22,0,0,0,False,False,"https://guba.eastmoney.com/news,002055,1719719349.html",2026-07-06 17:09:23
eastmoney_guba,002055,1719719522,假的别追主力左手倒右手,,纯情男大118,4164047327461940,2026-06-03 13:19:07,19,0,0,0,False,False,"https://guba.eastmoney.com/news,002055,1719719522.html",2026-07-06 17:09:23
eastmoney_guba,002055,1719720578,门开了，快跑啊！,,烈火山鹰,3567094884088748,2026-06-03 13:19:40,22,0,0,0,False,False,"https://guba.eastmoney.com/news,002055,1719720578.html",2026-07-06 17:09:23
eastmoney_guba,002055,1719721242,跟我喊，地天地天地天地天,,我在情绪之外,9194047483250996,2026-06-03 13:20:02,25,0,0,0,False,False,"https://guba.eastmoney.com/news,002055,1719721242.html",2026-07-06 17:09:23
eastmoney_guba,002055,1719721488,千万别买，跌到位了再买也来得及,,纯情男大118,4164047327461940,2026-06-03 13:20:10,24,0,0,0,False,False,"https://guba.eastmoney.com/news,002055,1719721488.html",2026-07-06 17:09:23
eastmoney_guba,002055,1719722622,昨天就是这样上你的当的,,莫逆势,4773094604408444,2026-06-03 13:20:46,28,0,0,0,False,False,"https://guba.eastmoney.com/news,002055,1719722622.html",2026-07-06 17:09:23
eastmoney_guba,002055,1719723458,老套路，不封死吸引抄底的,,多米的天空,8268004870663662,2026-06-03 13:21:14,37,2,0,0,False,False,"https://guba.eastmoney.com/news,002055,1719723458.html",2026-07-06 17:09:20
eastmoney_guba,002055,1719723935,感谢大佬救我出来，非常感谢,,有专注力123456,3877094317451952,2026-06-03 13:21:29,26,0,0,0,False,False,"https://guba.eastmoney.com/news,002055,1719723935.html",2026-07-06 17:09:23
eastmoney_guba,002055,1719723971,干爆空狗,,我在情绪之外,9194047483250996,2026-06-03 13:21:31,22,0,0,0,False,False,"https://guba.eastmoney.com/news,002055,1719723971.html",2026-07-06 17:09:23
eastmoney_guba,002055,1719724661,有大利空吗？为什么又是这样搞,,初级召唤师,8526177649283900,2026-06-03 13:21:52,31,2,0,0,False,False,"https://guba.eastmoney.com/news,002055,1719724661.html",2026-07-06 17:09:20
eastmoney_guba,002055,1719725103,，和昨天一样，出货,,bellwether,6244325874330580,2026-06-03 13:22:05,23,0,0,0,False,False,"https://guba.eastmoney.com/news,002055,1719725103.html",2026-07-06 17:09:20
eastmoney_guba,002055,1719726312,快开了，不着急，拿住，拿不住就去摆地摊，时时刻刻告诫自己。,,股友59D37k6158,6106087454814768,2026-06-03 13:22:42,22,0,0,0,False,False,"https://guba.eastmoney.com/news,002055,1719726312.html",2026-07-06 17:09:20
eastmoney_guba,002055,1719727571,我出来了，感谢，我过几天5块来抄底,,有专注力123456,3877094317451952,2026-06-03 13:23:20,27,0,0,0,False,False,"https://guba.eastmoney.com/news,002055,1719727571.html",2026-07-06 17:09:20
eastmoney_guba,002055,1719728646,赶紧调仓300232,,后贝加尔斯克,7154013321195756,2026-06-03 13:23:52,35,1,0,0,False,False,"https://guba.eastmoney.com/news,002055,1719728646.html",2026-07-06 17:09:20
eastmoney_guba,002055,1719728903,差点被骗进来,,浪千层,6841315832352504,2026-06-03 13:24:00,23,0,0,0,False,False,"https://guba.eastmoney.com/news,002055,1719728903.html",2026-07-06 17:09:20
eastmoney_guba,002055,1719730153,别买别买，大家都不买,,纯情男大118,4164047327461940,2026-06-03 13:24:39,23,0,0,0,False,False,"https://guba.eastmoney.com/news,002055,1719730153.html",2026-07-06 17:09:20
eastmoney_guba,002055,1719730999,卖不完，根本卖不完。,,专注上涨趋势,1748095089831338,2026-06-03 13:25:05,31,1,0,0,False,False,"https://guba.eastmoney.com/news,002055,1719730999.html",2026-07-06 17:09:20
eastmoney_guba,002055,1719733352,主力出货，散户跌停进货,,bellwether,6244325874330580,2026-06-03 13:26:19,26,1,0,0,False,False,"https://guba.eastmoney.com/news,002055,1719733352.html",2026-07-06 17:09:20
eastmoney_guba,002055,1719734007,拿好了，明天不要哭鼻子,,中国冲浪爱好者,7022305749420150,2026-06-03 13:26:39,30,0,0,0,False,False,"https://guba.eastmoney.com/news,002055,1719734007.html",2026-07-06 17:09:20
eastmoney_guba,002055,1719735052,同样的配方在来一次,,股友M0N50T,6996315517673246,2026-06-03 13:27:08,26,0,0,0,False,False,"https://guba.eastmoney.com/news,002055,1719735052.html",2026-07-06 17:09:20
eastmoney_guba,002055,1719736154,跑，主力出货,,纯情男大118,4164047327461940,2026-06-03 13:27:42,24,0,0,0,False,False,"https://guba.eastmoney.com/news,002055,1719736154.html",2026-07-06 17:09:20
eastmoney_guba,002055,1719736200,追吧你就一追一个不吱声。我跑了你们随意,,股友106v631R89,5309137689664810,2026-06-03 13:27:43,23,0,0,0,False,False,"https://guba.eastmoney.com/news,002055,1719736200.html",2026-07-06 17:09:20
eastmoney_guba,002055,1719737432,此时不跑更待何时,,盆满纳福地雁若,4408325879645196,2026-06-03 13:28:22,22,0,0,0,False,False,"https://guba.eastmoney.com/news,002055,1719737432.html",2026-07-06 17:09:20
eastmoney_guba,002055,1719737809,自己发公告把自己干废，服沟晒！,,莫逆势,4773094604408444,2026-06-03 13:28:32,25,0,0,0,False,False,"https://guba.eastmoney.com/news,002055,1719737809.html",2026-07-06 17:09:20
eastmoney_guba,002055,1719738910,挂到压力一点也不大,,哈哈6Niu,3953185814317992,2026-06-03 13:29:03,24,0,0,0,False,False,"https://guba.eastmoney.com/news,002055,1719738910.html",2026-07-06 17:09:20
eastmoney_guba,002055,1719739010,今天的铜缆板块这么热，怎么都值得吃你这个地天,,我在情绪之外,9194047483250996,2026-06-03 13:29:05,24,0,0,0,False,False,"https://guba.eastmoney.com/news,002055,1719739010.html",2026-07-06 17:09:20
eastmoney_guba,002055,1719742271,地天，，等着看,,xxjid88,4474085011653056,2026-06-03 13:30:43,34,1,0,0,False,False,"https://guba.eastmoney.com/news,002055,1719742271.html",2026-07-06 17:09:20
eastmoney_guba,002055,1719742943,愿赌服输，走了！,,股友5O78692X62,1265376279011920,2026-06-03 13:31:03,32,0,0,0,False,False,"https://guba.eastmoney.com/news,002055,1719742943.html",2026-07-06 17:09:20
eastmoney_guba,002055,1719743397,是谁在卖谁在买,,股友100zG51075,9531346262250688,2026-06-03 13:31:18,25,0,0,0,False,False,"https://guba.eastmoney.com/news,002055,1719743397.html",2026-07-06 17:09:20
eastmoney_guba,002055,1719744273,要地天,,金欣向荣,2505196365081974,2026-06-03 13:31:44,29,1,0,0,False,False,"https://guba.eastmoney.com/news,002055,1719744273.html",2026-07-06 17:09:20
eastmoney_guba,002055,1719747135,跌停板诱多,,bellwether,6244325874330580,2026-06-03 13:33:13,26,0,0,0,False,False,"https://guba.eastmoney.com/news,002055,1719747135.html",2026-07-06 17:09:20
eastmoney_guba,002055,1719747732,第一波就这样草草的结束了,,道转V乾坤,2071134903340586,2026-06-03 13:33:32,21,0,0,0,False,False,"https://guba.eastmoney.com/news,002055,1719747732.html",2026-07-06 17:09:20
eastmoney_guba,002055,1719748209,抛压太大了，翘不动,,站在山顶的_韭菜,5211346228525104,2026-06-03 13:33:46,34,0,0,0,False,False,"https://guba.eastmoney.com/news,002055,1719748209.html",2026-07-06 17:09:20
eastmoney_guba,002055,1719748279,有人抄底，明天接着碟婷。要你是主力也一样,,持仓观风云,4654067800325436,2026-06-03 13:33:48,27,0,0,0,False,False,"https://guba.eastmoney.com/news,002055,1719748279.html",2026-07-06 17:09:20
eastmoney_guba,002055,1719749331,出货呢。别进了,,空荡荡的韭菜,2020385760198822,2026-06-03 13:34:22,24,0,0,0,False,False,"https://guba.eastmoney.com/news,002055,1719749331.html",2026-07-06 17:09:20
eastmoney_guba,002055,1719750129,这是谁控盘了！说撤就撤,,唐清风,9963084659655328,2026-06-03 13:34:46,26,0,0,0,False,False,"https://guba.eastmoney.com/news,002055,1719750129.html",2026-07-06 17:09:20
eastmoney_guba,002055,1719750945,空狗真执着，等哈地天板给你们看,,掘金高歌,5238386190584350,2026-06-03 13:35:11,24,0,0,0,False,False,"https://guba.eastmoney.com/news,002055,1719750945.html",2026-07-06 17:09:20
eastmoney_guba,002055,1719751742,两天出货一个亿,,st_踏足山巅,8201097125149362,2026-06-03 13:35:33,45,1,0,0,False,False,"https://guba.eastmoney.com/news,002055,1719751742.html",2026-07-06 17:09:20
eastmoney_guba,002055,1719753193,不会来个地天吧,,常富贵儿,2389067683512208,2026-06-03 13:36:18,78,4,0,0,False,False,"https://guba.eastmoney.com/news,002055,1719753193.html",2026-07-06 17:09:20
eastmoney_guba,002055,1719754507,满仓干了，怕个毛！,,越过龙门的金龙鱼,5344094206919376,2026-06-03 13:36:58,22,0,0,0,False,False,"https://guba.eastmoney.com/news,002055,1719754507.html",2026-07-06 17:09:20
eastmoney_guba,002055,1719754973,割肉了，留下发财,,bellwether,6244325874330580,2026-06-03 13:37:13,26,0,0,0,False,False,"https://guba.eastmoney.com/news,002055,1719754973.html",2026-07-06 17:09:20
eastmoney_guba,002055,1719756067,今天最后逃跑的机会，感谢主力放我出来,,骑牛走天下了,3448386117466706,2026-06-03 13:37:48,29,0,0,0,False,False,"https://guba.eastmoney.com/news,002055,1719756067.html",2026-07-06 17:09:20
eastmoney_guba,002055,1719758017,玩呢？,,远离ST,7077386205613986,2026-06-03 13:38:51,26,0,0,0,False,False,"https://guba.eastmoney.com/news,002055,1719758017.html",2026-07-06 17:09:20
eastmoney_guba,002055,1719759221,总算出来了，割肉不要想了,,德n福,5938094743500338,2026-06-03 13:39:31,39,1,0,0,False,False,"https://guba.eastmoney.com/news,002055,1719759221.html",2026-07-06 17:09:20
eastmoney_guba,002055,1719761890,这个票完全看不懂，两个天地然后涨停接着跌停再跌停，每次地板上一直筹码在交换，这到,,骑着卜晓华等涨停,1707137518871428,2026-06-03 13:40:59,39,0,0,0,False,False,"https://guba.eastmoney.com/news,002055,1719761890.html",2026-07-06 17:09:20
eastmoney_guba,002055,1719763417,让我跑了主力好人,,gpl0398,2522335657621580,2026-06-03 13:41:57,41,0,0,0,False,False,"https://guba.eastmoney.com/news,002055,1719763417.html",2026-07-06 17:09:20
eastmoney_guba,002055,1719763602,感觉要拉升，在骗散户筹码,,敏锐de甘蔗,9026326388434850,2026-06-03 13:42:04,99,3,0,0,False,False,"https://guba.eastmoney.com/news,002055,1719763602.html",2026-07-06 17:09:20
eastmoney_guba,002055,1719765594,散户敢买，主力就敢卖,,炎命短,9121325596081406,2026-06-03 13:43:11,26,0,0,0,False,False,"https://guba.eastmoney.com/news,002055,1719765594.html",2026-07-06 17:09:20
eastmoney_guba,002055,1719767423,让你跑就快跑吧,,超级旺旺号,5935336100455462,2026-06-03 13:44:16,25,0,0,0,False,False,"https://guba.eastmoney.com/news,002055,1719767423.html",2026-07-06 17:09:20
eastmoney_guba,002055,1719767957,要买快点买，今天大消息，明天买不到了！,,清仓是一门艺术,7096087479221204,2026-06-03 13:44:34,32,0,0,0,False,False,"https://guba.eastmoney.com/news,002055,1719767957.html",2026-07-06 17:09:20
eastmoney_guba,002055,1719770456,割了，明天涨上天我也不稀罕,,股起干劲,8099094482471498,2026-06-03 13:46:01,31,0,0,0,False,False,"https://guba.eastmoney.com/news,002055,1719770456.html",2026-07-06 17:09:20
eastmoney_guba,002055,1719771066,拉个地天板，这才显得有实力，让割肉的散户追高！,,越过龙门的金龙鱼,5344094206919376,2026-06-03 13:46:23,31,0,0,0,False,False,"https://guba.eastmoney.com/news,002055,1719771066.html",2026-07-06 17:09:20
eastmoney_guba,002055,1719772070,至少出来了,,数据监控时代,5987316360869252,2026-06-03 13:46:57,27,0,0,0,False,False,"https://guba.eastmoney.com/news,002055,1719772070.html",2026-07-06 17:09:20
eastmoney_guba,002055,1719772158,典型跌停板出货手法,,财富自选股,8904113740107672,2026-06-03 13:47:02,47,0,1,0,False,False,"https://guba.eastmoney.com/news,002055,1719772158.html",2026-07-06 17:09:20
eastmoney_guba,002055,1719772569,能跑的快跑吧，抛压太大了，撬不动，先溜了,,站在山顶的_韭菜,5211346228525104,2026-06-03 13:47:16,29,0,0,0,False,False,"https://guba.eastmoney.com/news,002055,1719772569.html",2026-07-06 17:09:20
eastmoney_guba,002055,1719775598,亏了8000多总算出来了,,快暖暖,3648094473248958,2026-06-03 13:49:01,32,0,0,0,False,False,"https://guba.eastmoney.com/news,002055,1719775598.html",2026-07-06 17:09:20
eastmoney_guba,002055,1719777400,成功跑出来了，没出来的明天继续吃大面。出来的兄弟扣1,,股友106v631R89,5309137689664810,2026-06-03 13:50:06,317,14,1,0,False,False,"https://guba.eastmoney.com/news,002055,1719777400.html",2026-07-06 17:09:20
eastmoney_guba,002055,1719779246,给你点希望让你进来玩,,震安2年,1804356141363058,2026-06-03 13:51:13,32,0,0,0,False,False,"https://guba.eastmoney.com/news,002055,1719779246.html",2026-07-06 17:09:20
eastmoney_guba,002055,1719786917,跌退市,,bellwether,6244325874330580,2026-06-03 13:55:32,35,0,0,0,False,False,"https://guba.eastmoney.com/news,002055,1719786917.html",2026-07-06 17:09:20
eastmoney_guba,002055,1719789570,还是出来了，祝坚持的兄弟们赚大钱，这股不错的，估计要有动作要压低股价,,n230613474296360,2306013474296360,2026-06-03 13:56:55,50,1,0,0,False,False,"https://guba.eastmoney.com/news,002055,1719789570.html",2026-07-06 17:09:20
eastmoney_guba,002055,1719790314,发利空的董秘,,股友61YN767830,4887396372151136,2026-06-03 13:57:19,39,0,0,0,False,False,"https://guba.eastmoney.com/news,002055,1719790314.html",2026-07-06 17:09:20
eastmoney_guba,002055,1719793821,砂皮公司，嘛，天天发利空,,股友12P770617m,9845047788570014,2026-06-03 13:59:04,29,0,0,0,False,False,"https://guba.eastmoney.com/news,002055,1719793821.html",2026-07-06 17:09:20
eastmoney_guba,002055,1719796418,今晚有榜么？,,不开心的小人物,5223087277555088,2026-06-03 14:00:23,35,0,0,0,False,False,"https://guba.eastmoney.com/news,002055,1719796418.html",2026-07-06 17:09:20
eastmoney_guba,002055,1719797720,大资金不顾一切的出货，兄弟们快跑吧，我是先跑了，明天还会更低,,骑牛走天下了,3448386117466706,2026-06-03 14:01:07,55,0,0,0,False,False,"https://guba.eastmoney.com/news,002055,1719797720.html",2026-07-06 17:09:20
eastmoney_guba,002055,1719806133,这种高换手下跌，我丝毫不慌。明天再下跌就补仓，明晚会出连续下跌异动公告。,,股友6u0268O327,2559037085354874,2026-06-03 14:05:48,35,0,0,0,False,False,"https://guba.eastmoney.com/news,002055,1719806133.html",2026-07-06 17:09:20
eastmoney_guba,002055,1719806781,明显还有一个跌停,,我是风向标,7292015289809824,2026-06-03 14:06:09,36,0,0,0,False,False,"https://guba.eastmoney.com/news,002055,1719806781.html",2026-07-06 17:09:20
eastmoney_guba,002055,1719808159,刚一看竟然让我卖掉了,,股友5338d16z51,3074057303565748,2026-06-03 14:06:48,106,3,0,0,False,False,"https://guba.eastmoney.com/news,002055,1719808159.html",2026-07-06 17:09:18
eastmoney_guba,002055,1719808665,明后还是跌停板下周一可以进货了002055,,后贝加尔斯克,7154013321195756,2026-06-03 14:07:02,156,5,0,0,False,False,"https://guba.eastmoney.com/news,002055,1719808665.html",2026-07-06 17:09:20
eastmoney_guba,002055,1719816177,这里的散户还在幻想地天可笑啊,,请叫我接盘哥,5539256141330290,2026-06-03 14:10:38,168,7,0,0,False,False,"https://guba.eastmoney.com/news,002055,1719816177.html",2026-07-06 17:09:20
eastmoney_guba,002055,1719817004,水渔太多,,ffffffgghhhh,6378325836212464,2026-06-03 14:11:00,35,0,1,0,False,False,"https://guba.eastmoney.com/news,002055,1719817004.html",2026-07-06 17:09:20
eastmoney_guba,002055,1719832719,一直在套人，退市的节奏,,我是风向标,7292015289809824,2026-06-03 14:18:52,32,0,0,0,False,False,"https://guba.eastmoney.com/news,002055,1719832719.html",2026-07-06 17:09:20
eastmoney_guba,002055,1719838413,小庄做水鱼，丢脸,,ffffffgghhhh,6378325836212464,2026-06-03 14:21:28,58,2,0,0,False,False,"https://guba.eastmoney.com/news,002055,1719838413.html",2026-07-06 17:09:18
eastmoney_guba,002055,1719839235,来个股权转让或重整的公告，套住了纯属胡说八道,,越过龙门的金龙鱼,5344094206919376,2026-06-03 14:21:51,37,0,0,0,False,False,"https://guba.eastmoney.com/news,002055,1719839235.html",2026-07-06 17:09:20
eastmoney_guba,002055,1719839505,明天继续跌，但不一定跌停,,可怜的杨茜3,6524315871021212,2026-06-03 14:21:58,28,0,0,0,False,False,"https://guba.eastmoney.com/news,002055,1719839505.html",2026-07-06 17:09:20
eastmoney_guba,002055,1719840800,看看雅博，洲际，无语，,,云南小散nie,3561017753135412,2026-06-03 14:22:35,40,0,0,0,False,False,"https://guba.eastmoney.com/news,002055,1719840800.html",2026-07-06 17:09:20
eastmoney_guba,002055,1719851674,电力太猛了，不亚于光，可惜醒悟的太晚了,,来骗来偷袭丶,8332356278792894,2026-06-03 14:27:11,46,1,0,0,False,False,"https://guba.eastmoney.com/news,002055,1719851674.html",2026-07-06 17:09:20
eastmoney_guba,002055,1719853820,来个帝天看看,,团团梓,5110017567741384,2026-06-03 14:28:06,32,0,0,0,False,False,"https://guba.eastmoney.com/news,002055,1719853820.html",2026-07-06 17:09:20
eastmoney_guba,002055,1719862033,关于股东回购公告,,海盗船长macd,4041306360146342,2026-06-03 14:31:22,53,0,1,0,False,False,"https://guba.eastmoney.com/news,002055,1719862033.html",2026-07-06 17:09:20
eastmoney_guba,002055,1719887930,，庄,,博学多才的小鱼,1190094345248964,2026-06-03 14:40:36,28,0,0,0,False,False,"https://guba.eastmoney.com/news,002055,1719887930.html",2026-07-06 17:09:20
eastmoney_guba,002055,1719891112,还是这里最安全，跌不下去了,,我是风向标,7292015289809824,2026-06-03 14:42:10,96,3,0,0,False,False,"https://guba.eastmoney.com/news,002055,1719891112.html",2026-07-06 17:09:20
eastmoney_guba,002055,1719906871,明天竟价就全接回放着，这票还是这句话，长线绝对是大牛,,sgzt123,4123013776698802,2026-06-03 14:50:06,29,0,0,0,False,False,"https://guba.eastmoney.com/news,002055,1719906871.html",2026-07-06 17:09:20
eastmoney_guba,002055,1719912658,明天地板买一点,,浪千层,6841315832352504,2026-06-03 14:53:03,28,0,0,0,False,False,"https://guba.eastmoney.com/news,002055,1719912658.html",2026-07-06 17:09:20
eastmoney_guba,002055,1719913046,为什么要打开跌停，又为什么封死跌停.,,股起干劲,8099094482471498,2026-06-03 14:53:15,65,2,0,0,False,False,"https://guba.eastmoney.com/news,002055,1719913046.html",2026-07-06 17:09:18
eastmoney_guba,002055,1719915122,明天再跌停，会因为连续三天波动超过12%发异动公告吗？,,大白8,7509005028420848,2026-06-03 14:54:21,141,2,2,0,False,False,"https://guba.eastmoney.com/news,002055,1719915122.html",2026-07-06 17:09:18
eastmoney_guba,002055,1719916249,完了感觉还要跌,,股友w66758p063,6388057366504444,2026-06-03 14:54:56,29,0,0,0,False,False,"https://guba.eastmoney.com/news,002055,1719916249.html",2026-07-06 17:09:20
eastmoney_guba,002055,1719917653,全部套到山顶上,,多米的天空,8268004870663662,2026-06-03 14:55:40,31,0,0,0,False,False,"https://guba.eastmoney.com/news,002055,1719917653.html",2026-07-06 17:09:20
eastmoney_guba,002055,1719918722,没走了的明天继续吃大面。,,股友106v631R89,5309137689664810,2026-06-03 14:56:11,103,3,0,0,False,False,"https://guba.eastmoney.com/news,002055,1719918722.html",2026-07-06 17:09:18
eastmoney_guba,002055,1719922390,庄一定压住别开板啊，明天发工资加仓！,,越过龙门的金龙鱼,5344094206919376,2026-06-03 14:58:42,35,0,0,0,False,False,"https://guba.eastmoney.com/news,002055,1719922390.html",2026-07-06 17:09:20
eastmoney_guba,002055,1719930175,大V都跑了，小散能顶住？？？,,微澜ST路,7762177288879810,2026-06-03 15:03:51,41,0,0,0,False,False,"https://guba.eastmoney.com/news,002055,1719930175.html",2026-07-06 17:09:20
eastmoney_guba,002055,1719935052,董秘满意了了，连续跌停,,多米的天空,8268004870663662,2026-06-03 15:07:42,39,0,0,0,False,False,"https://guba.eastmoney.com/news,002055,1719935052.html",2026-07-06 17:09:20
eastmoney_guba,002055,1719943850,白瞎了这么好的题材，财务状况太差,,bellwether,6244325874330580,2026-06-03 15:18:12,50,1,0,0,False,False,"https://guba.eastmoney.com/news,002055,1719943850.html",2026-07-06 17:09:18
eastmoney_guba,002055,1719944765,昨天帖子回复，验证了今天低开封板，不过这主力也够可以的，昨天给机会跑，今天也给机,,ST控制,2797385924806406,2026-06-03 15:19:40,372,2,0,0,False,False,"https://guba.eastmoney.com/news,002055,1719944765.html",2026-07-06 17:09:18
eastmoney_guba,002055,1719953532,到我成本线了，之前给机会不走就是看好他，还是那句话，既然选择做长线，就不,,不动明王身,5574366336967740,2026-06-03 15:34:07,288,7,0,0,False,False,"https://guba.eastmoney.com/news,002055,1719953532.html",2026-07-06 17:09:18
eastmoney_guba,002055,1719959706,今天有榜看看榜再说,,基民06R2663G30,1200356220508646,2026-06-03 15:47:59,73,1,0,0,False,False,"https://guba.eastmoney.com/news,002055,1719959706.html",2026-07-06 17:09:18
eastmoney_guba,002055,1719969861,抬走了，阿弥陀佛,,有专注力123456,3877094317451952,2026-06-03 16:14:50,43,0,0,0,False,False,"https://guba.eastmoney.com/news,002055,1719969861.html",2026-07-06 17:09:18
eastmoney_guba,002055,1719971912,莫名其妙天天跌停，真是奇葩，也不知道在搞什么名堂。,,邵先生,4046186502913004,2026-06-03 16:20:34,37,0,0,0,False,False,"https://guba.eastmoney.com/news,002055,1719971912.html",2026-07-06 17:09:18
eastmoney_guba,002055,1719972951,这股也是厉害，从5.18开始，每一天，不是涨停就是跌停，或者触板，每一天都触板。,,不惑见惑不惑也,6874456736141174,2026-06-03 16:23:41,86,1,2,0,False,False,"https://guba.eastmoney.com/news,002055,1719972951.html",2026-07-06 17:09:18
eastmoney_guba,002055,1719975470,昨天跌停成交3亿，今天跌停成交2.9亿，两天的板上封单都吃的差不多了，承接还是挺,,诚实的易晗12,7896007249329266,2026-06-03 16:30:38,254,2,2,0,False,False,"https://guba.eastmoney.com/news,002055,1719975470.html",2026-07-06 17:09:18
eastmoney_guba,002055,1719975585,明天开盘6.66,,bellwether,6244325874330580,2026-06-03 16:31:01,72,2,0,0,False,False,"https://guba.eastmoney.com/news,002055,1719975585.html",2026-07-06 17:09:18
eastmoney_guba,002055,1719994158,拿不住就去打螺丝吧，反正不到10块不走，亏就亏。随便了,,海盗船长macd,4041306360146342,2026-06-03 17:25:45,67,2,0,0,False,False,"https://guba.eastmoney.com/news,002055,1719994158.html",2026-07-06 17:09:18
eastmoney_guba,002055,1719994765,今天晚上出公告,,股友w506E26765,2522027552167704,2026-06-03 17:27:54,406,8,0,0,False,False,"https://guba.eastmoney.com/news,002055,1719994765.html",2026-07-06 17:09:18
eastmoney_guba,002055,1719998569,别跌了，我再补仓就举牌了。,,谷满仓001,8959094371523892,2026-06-03 17:40:22,37,0,0,0,False,False,"https://guba.eastmoney.com/news,002055,1719998569.html",2026-07-06 17:09:18
eastmoney_guba,002055,1720000162,困难中见到希望,,专注上涨趋势,1748095089831338,2026-06-03 17:45:43,70,0,0,0,False,False,"https://guba.eastmoney.com/news,002055,1720000162.html",2026-07-06 17:09:18
eastmoney_guba,002055,1720000401,明天就可以出龙虎榜了，看看是谁在里面折腾,,股友pesMpc0627,2232385537831922,2026-06-03 17:46:38,56,1,0,0,False,False,"https://guba.eastmoney.com/news,002055,1720000401.html",2026-07-06 17:09:18
eastmoney_guba,002055,1720001264,ST得润:关于子公司股权被冻结的提示性公告,,ST得润资讯,9481113638045702,2026-06-03 17:49:12,1053,70,45,0,False,False,"https://guba.eastmoney.com/news,002055,1720001264.html",2026-07-06 17:09:00
eastmoney_guba,002055,1720001267,ST得润:关于担保事项涉及诉讼的进展公告,,ST得润资讯,9481113638045702,2026-06-03 17:49:13,566,21,26,0,False,False,"https://guba.eastmoney.com/news,002055,1720001267.html",2026-07-06 17:09:16
eastmoney_guba,002055,1720001418,一顿操作猛如虎，回头一看根本没涨多少，真TM无语！,,山外有三,2553335533082166,2026-06-03 17:49:49,39,0,0,0,False,False,"https://guba.eastmoney.com/news,002055,1720001418.html",2026-07-06 17:09:18
eastmoney_guba,002055,1720001617,拿不住的早点进厂打螺丝,,中国冲浪爱好者,7022305749420150,2026-06-03 17:50:39,38,0,0,0,False,False,"https://guba.eastmoney.com/news,002055,1720001617.html",2026-07-06 17:09:18
eastmoney_guba,002055,1720003471,破产重整,,上不了的岸,5048356022300274,2026-06-03 17:57:19,36,0,0,0,False,False,"https://guba.eastmoney.com/news,002055,1720003471.html",2026-07-06 17:09:18
eastmoney_guba,002055,1720005357,5月18日股权就被冻结了，可偏偏5月18日之后连续6个涨停，庄家利用信息不对称，,,zhuch1,7677013499151220,2026-06-03 18:04:11,109,0,0,0,False,False,"https://guba.eastmoney.com/news,002055,1720005357.html",2026-07-06 17:09:18
eastmoney_guba,002055,1720007234,看来上海战队是被劝退了，老庄赢了。股价短期内肯定会到低位震荡。未来就看债务重组了,,笑逐颜开的龚艳,2079345942814724,2026-06-03 18:10:36,91,0,0,0,False,False,"https://guba.eastmoney.com/news,002055,1720007234.html",2026-07-06 17:09:18
eastmoney_guba,002055,1720009203,反正我就记住了股神的一句话，好股都是从困顿中走出来的，当然这个股神就是我自己,,我在情绪之外,9194047483250996,2026-06-03 18:17:50,174,2,0,0,False,False,"https://guba.eastmoney.com/news,002055,1720009203.html",2026-07-06 17:09:18
eastmoney_guba,002055,1720009919,这是好事儿啊,,中国冲浪爱好者,7022305749420150,2026-06-03 18:20:26,56,0,0,0,True,False,"https://guba.eastmoney.com/news,002055,1720009919.html",2026-07-06 17:09:18
eastmoney_guba,002055,1720010172,利空落地，明天应该能涨,,有毅力的顾杭4,6748366502489256,2026-06-03 18:21:32,42,1,0,0,False,False,"https://guba.eastmoney.com/news,002055,1720010172.html",2026-07-06 17:09:18
eastmoney_guba,002055,1720011062,还有三个跌停应该可以了,,我是风向标,7292015289809824,2026-06-03 18:25:10,33,0,0,0,False,False,"https://guba.eastmoney.com/news,002055,1720011062.html",2026-07-06 17:09:18
eastmoney_guba,002055,1720011826,到12元那是必然的，看你敢不敢拿,,我是风向标,7292015289809824,2026-06-03 18:28:14,47,1,0,0,False,False,"https://guba.eastmoney.com/news,002055,1720011826.html",2026-07-06 17:09:18
eastmoney_guba,002055,1720012594,涨停说大利好的是你们，跌停说大利空的还是你们,,冰河世纪的鱼,4424097010836990,2026-06-03 18:30:44,138,3,0,0,False,False,"https://guba.eastmoney.com/news,002055,1720012594.html",2026-07-06 17:09:18
eastmoney_guba,002055,1720013831,这也能叫利好？,,邵先生,4046186502913004,2026-06-03 18:35:45,122,3,0,0,False,False,"https://guba.eastmoney.com/news,002055,1720013831.html",2026-07-06 17:09:18
eastmoney_guba,002055,1720014299,短线狗，该走走成天吵吵利好利空，去你眉的，乱我道心。,,我在情绪之外,9194047483250996,2026-06-03 18:37:38,37,0,0,0,False,False,"https://guba.eastmoney.com/news,002055,1720014299.html",2026-07-06 17:09:18
eastmoney_guba,002055,1720014778,这个是老伤疤了，当时忽悠国资入股，现在要还债了，跌到横盘加仓,,可避坑可赚钱,8414094369627002,2026-06-03 18:39:23,36,0,0,0,False,False,"https://guba.eastmoney.com/news,002055,1720014778.html",2026-07-06 17:09:18
eastmoney_guba,002055,1720015092,今天跌停主力吃了不少货，后续看涨,,孤狼1十2,3198094581428604,2026-06-03 18:40:43,47,1,0,0,False,False,"https://guba.eastmoney.com/news,002055,1720015092.html",2026-07-06 17:09:18
eastmoney_guba,002055,1720015965,大厦解冻了，稳步向好,,在A股赚彩礼,2227067549591522,2026-06-03 18:44:02,40,0,0,0,False,False,"https://guba.eastmoney.com/news,002055,1720015965.html",2026-07-06 17:09:18
eastmoney_guba,002055,1720016843,买了400股，出不了呀，封死了,,一手两手哥,5186036974408454,2026-06-03 18:47:48,28,0,0,0,False,False,"https://guba.eastmoney.com/news,002055,1720016843.html",2026-07-06 17:09:18
eastmoney_guba,002055,1720017240,股权冻结这事可大了，就看各方怎么出解决方案了，一句话不破不立，也许有意向了哈,,股友100zG51075,9531346262250688,2026-06-03 18:49:39,51,0,0,0,False,False,"https://guba.eastmoney.com/news,002055,1720017240.html",2026-07-06 17:09:18
eastmoney_guba,002055,1720017341,哦豁，冻结了，五个地板,,浪千层,6841315832352504,2026-06-03 18:50:06,66,2,0,0,False,False,"https://guba.eastmoney.com/news,002055,1720017341.html",2026-07-06 17:09:18
eastmoney_guba,002055,1720020228,闻泰26号也发了冻结公告自己参考后面走势,,股友7R7901D123,9920087276671304,2026-06-03 19:01:51,59,0,0,0,False,False,"https://guba.eastmoney.com/news,002055,1720020228.html",2026-07-06 17:09:18
eastmoney_guba,002055,1720020748,这个拉高我都怀疑有国资要举牌入股,,sgzt123,4123013776698802,2026-06-03 19:03:58,209,3,1,0,False,False,"https://guba.eastmoney.com/news,002055,1720020748.html",2026-07-06 17:09:18
eastmoney_guba,002055,1720021461,估计要引入新股东了,,只玩st板块,4227097333617974,2026-06-03 19:06:42,37,0,0,0,False,False,"https://guba.eastmoney.com/news,002055,1720021461.html",2026-07-06 17:09:18
eastmoney_guba,002055,1720021566,明后两天继续跌停板，公司资产要被全部抵押了。还一字板涨停，都在白天臆想，晚上做梦,,后贝加尔斯克,7154013321195756,2026-06-03 19:07:15,78,1,0,0,False,False,"https://guba.eastmoney.com/news,002055,1720021566.html",2026-07-06 17:09:18
eastmoney_guba,002055,1720021977,重整才是最大利好，早换好的实控人，这个早上天了，为什么这么多的经营收入，利润低，,,云南小散nie,3561017753135412,2026-06-03 19:08:59,82,0,0,0,False,False,"https://guba.eastmoney.com/news,002055,1720021977.html",2026-07-06 17:09:18
eastmoney_guba,002055,1720022166,完蛋了今天鬼使神差的买了这货，一看全是利空明天怎么办？明天一字跌停？,,股友CCCC,1535513301279448,2026-06-03 19:09:38,123,2,1,0,False,False,"https://guba.eastmoney.com/news,002055,1720022166.html",2026-07-06 17:09:18
eastmoney_guba,002055,1720022267,跌停卖出去了买了西王又挨打了3个点还挺后嗨的，没想到西王出利好要连板了，赌对了，,,堆金如意de祖千秋,4773115361946276,2026-06-03 19:10:03,118,1,0,0,False,False,"https://guba.eastmoney.com/news,002055,1720022267.html",2026-07-06 17:09:18
eastmoney_guba,002055,1720023309,价值几个亿的得润大厦解冻了，利好消息。资产运作空间更大了,,股市小羔羊,3561396025664456,2026-06-03 19:14:07,93,1,0,0,False,False,"https://guba.eastmoney.com/news,002055,1720023309.html",2026-07-06 17:09:18
eastmoney_guba,002055,1720024385,看到一群无脑的神人在这一路乱黑，我终于知道为什么确定性的钱这么难赚了。就我能了解,,热情的夏顺昊1,5781094378151710,2026-06-03 19:18:42,482,4,0,0,False,False,"https://guba.eastmoney.com/news,002055,1720024385.html",2026-07-06 17:09:18
eastmoney_guba,002055,1720024926,建议将港荣的债权转为德润的股权，虽然会稀释现有股东的权益，但可以大幅降低负债（约,,zhuch1,7677013499151220,2026-06-03 19:21:08,388,6,1,0,False,False,"https://guba.eastmoney.com/news,002055,1720024926.html",2026-07-06 17:09:18
eastmoney_guba,002055,1720025955,利空出尽，倒逼公司资产重组或者引进国资股东。一场大戏。即将开始,,股市小羔羊,3561396025664456,2026-06-03 19:25:13,106,1,0,0,False,False,"https://guba.eastmoney.com/news,002055,1720025955.html",2026-07-06 17:09:18
eastmoney_guba,002055,1720027162,重整在望,,股友66G69H1258,3081037563716968,2026-06-03 19:30:09,45,0,0,0,False,False,"https://guba.eastmoney.com/news,002055,1720027162.html",2026-07-06 17:09:18
eastmoney_guba,002055,1720029264,有重大利好，有大户要来了，5万手起步,,有毅力的顾杭4,6748366502489256,2026-06-03 19:37:50,233,6,0,0,False,False,"https://guba.eastmoney.com/news,002055,1720029264.html",2026-07-06 17:09:18
eastmoney_guba,002055,1720033207,利空不断，晕啊！,,股友7G7066v635,4370446716313886,2026-06-03 19:52:58,44,0,0,0,False,False,"https://guba.eastmoney.com/news,002055,1720033207.html",2026-07-06 17:09:18
eastmoney_guba,002055,1720035837,看了下评论，虽然我在第一个地板卖了，但怎么感觉好多不懂st板块的都进来玩了啊,,小米su8,9768047608728522,2026-06-03 20:03:21,254,5,0,0,False,False,"https://guba.eastmoney.com/news,002055,1720035837.html",2026-07-06 17:09:18
eastmoney_guba,002055,1720037413,利空落地就是利好，利空已经提前消化，明天一字板买不到了。,,惊爆点男主,8399375724329702,2026-06-03 20:09:18,251,6,0,0,False,False,"https://guba.eastmoney.com/news,002055,1720037413.html",2026-07-06 17:09:16
eastmoney_guba,002055,1720038163,退休老王是魔鬼吗？买什么什么废@退休老王实盘,,山顶斯基,9591094429094804,2026-06-03 20:12:08,36,0,0,0,False,False,"https://guba.eastmoney.com/news,002055,1720038163.html",2026-07-06 17:09:18
eastmoney_guba,002055,1720038238,我的AI他对得润信心十足，整天让我三不原则，不盯盘，不割肉，不加仓。不知道它得对,,蓝金吉拉,3325086941576462,2026-06-03 20:12:23,506,4,0,0,True,False,"https://guba.eastmoney.com/news,002055,1720038238.html",2026-07-06 17:09:18
eastmoney_guba,002055,1720038379,豆包有时真的很搞笑，还懂得联系上下文解读。虽然目前仓位很轻，但还是希望得润早日摆,,混沌摸金,4720245820142118,2026-06-03 20:12:56,629,0,1,0,True,False,"https://guba.eastmoney.com/news,002055,1720038379.html",2026-07-06 17:09:18
eastmoney_guba,002055,1720039940,持仓的看多，等抄底的看空，等加仓的想地天，做t的想天地,,云南小散nie,3561017753135412,2026-06-03 20:18:58,43,1,0,0,False,False,"https://guba.eastmoney.com/news,002055,1720039940.html",2026-07-06 17:09:18
eastmoney_guba,002055,1720044289,明天继续跌停，但这只是开胃菜，只要基本面改善，得润必有股权之争，未来的大牛骨,,杂毛提鞋,4577112569270974,2026-06-03 20:35:10,58,0,0,0,False,False,"https://guba.eastmoney.com/news,002055,1720044289.html",2026-07-06 17:09:18
eastmoney_guba,002055,1720044553,又骗进来不少人啊,,炒股不乱炒,9634395577253718,2026-06-03 20:36:12,41,0,0,0,False,False,"https://guba.eastmoney.com/news,002055,1720044553.html",2026-07-06 17:09:18
eastmoney_guba,002055,1720048335,明天再跌停就是666了，屏幕前的老铁们，你们觉得明天会6吗@,,st_踏足山巅,8201097125149362,2026-06-03 20:50:17,76,2,0,0,False,False,"https://guba.eastmoney.com/news,002055,1720048335.html",2026-07-06 17:09:18
eastmoney_guba,002055,1720049534,我觉得有股友的一句话说得好：这两个所谓的跌停板都拿不住的，尽早考虑进厂打螺丝好一,,红尘朝暮,4159094501661462,2026-06-03 20:55:05,178,4,0,0,False,False,"https://guba.eastmoney.com/news,002055,1720049534.html",2026-07-06 17:09:18
eastmoney_guba,002055,1720053684,一、先定性：股吧原文观点片面夸大利空、逻辑一半错误（法律+财报规则双维度拆解）1,,米虫9999,6313112270443154,2026-06-03 21:10:09,787,6,5,0,False,False,"https://guba.eastmoney.com/news,002055,1720053684.html",2026-07-06 17:09:16
eastmoney_guba,002055,1720054360,明天还不是抄底的时候…,,大脸猫516,9580316107792940,2026-06-03 21:12:29,39,0,0,0,False,False,"https://guba.eastmoney.com/news,002055,1720054360.html",2026-07-06 17:09:18
eastmoney_guba,002055,1720055356,大家这两天都很煎熬，不如晚上开瓶酒，吃碗面，然后找个乐子消遣消遣，记得吃面的时候,,股友Ri51325559,2973416635560782,2026-06-03 21:16:05,9,0,0,0,False,False,"https://guba.eastmoney.com/news,002055,1720055356.html",2026-07-06 17:09:18
eastmoney_guba,002055,1720055826,今天跌停板要打开的时候冲动买入了，哎估计明天又要吃碗大面了。,,欢奕凡,5055054974347920,2026-06-03 21:17:44,65,1,0,0,False,False,"https://guba.eastmoney.com/news,002055,1720055826.html",2026-07-06 17:09:18
eastmoney_guba,002055,1720056251,关灯吃面，眼泪往肚里流,,股友Ri51325559,2973416635560782,2026-06-03 21:19:25,79,2,0,0,False,False,"https://guba.eastmoney.com/news,002055,1720056251.html",2026-07-06 17:09:18
eastmoney_guba,002055,1720057596,股权拍卖被撤回,,一枣红,5556113248314462,2026-06-03 21:24:37,51,0,0,0,False,False,"https://guba.eastmoney.com/news,002055,1720057596.html",2026-07-06 17:09:18
eastmoney_guba,002055,1720058468,今天的冻结绝对是利好！18的冻结18号拉涨停，资金肯定是知晓并极度认可这件事的，,,舍得润,4484346120850282,2026-06-03 21:27:50,156,1,0,0,False,False,"https://guba.eastmoney.com/news,002055,1720058468.html",2026-07-06 17:09:18
eastmoney_guba,002055,1720062508,哈哈，各位，我又来唱多了，德润今天还能地板我是没想到原本我还以为会深水然后拉到0,,被套就割,9679127793622906,2026-06-03 21:40:58,960,5,2,0,False,False,"https://guba.eastmoney.com/news,002055,1720062508.html",2026-07-06 17:09:16
eastmoney_guba,002055,1720063366,公告一发，配合主力吸筹，吃相难看,,快暖暖,3648094473248958,2026-06-03 21:43:51,44,0,0,0,False,False,"https://guba.eastmoney.com/news,002055,1720063366.html",2026-07-06 17:09:18
eastmoney_guba,002055,1720066895,今天的公告一般般，冻结之前就发过了，这个大夏解冻算一个小利好吧，还是得看明天市场,,来骗来偷袭丶,8332356278792894,2026-06-03 21:54:45,132,1,0,0,False,False,"https://guba.eastmoney.com/news,002055,1720066895.html",2026-07-06 17:09:18
eastmoney_guba,002055,1720070405,今天这两则公告是利空出尽落地偏利好的，大家不用担心，摘帽逻辑没有改变，拿长线的请,,知足常乐对吧,9052386172588498,2026-06-03 22:07:27,128,1,0,0,False,False,"https://guba.eastmoney.com/news,002055,1720070405.html",2026-07-06 17:09:16
eastmoney_guba,002055,1720071627,双国资的争夺,,九紫离火运势,8086007117192924,2026-06-03 22:12:14,794,4,0,0,False,False,"https://guba.eastmoney.com/news,002055,1720071627.html",2026-07-06 17:09:18
eastmoney_guba,002055,1720075220,英特尔（INTC）6.3盘前暴涨最高+7.8%，发布Xeon6Plus（18A工,,顺老五,3907094520845514,2026-06-03 22:26:20,269,0,0,0,False,False,"https://guba.eastmoney.com/news,002055,1720075220.html",2026-07-06 17:09:18
eastmoney_guba,002055,1720078672,世运电路的二股东6月6日就可以减持筹集资金了，难怪四川国资急了,,股市小羔羊,3561396025664456,2026-06-03 22:40:48,423,6,2,0,False,False,"https://guba.eastmoney.com/news,002055,1720078672.html",2026-07-06 17:09:16
eastmoney_guba,002055,1720079007,黄仁勋:未来AI拼的不是算力，是连接。,,轻盈跳跃的八哥,5366315762063082,2026-06-03 22:42:11,58,1,2,0,False,False,"https://guba.eastmoney.com/news,002055,1720079007.html",2026-07-06 17:09:18
eastmoney_guba,002055,1720079302,我说两句:得润大厦因有6000万账户余额解除了保全，是不是可以行使主权，该租出去,,股友UTKUbW5501,5894075439809238,2026-06-03 22:43:39,385,3,0,0,False,False,"https://guba.eastmoney.com/news,002055,1720079302.html",2026-07-06 17:09:18
eastmoney_guba,002055,1720083067,不要争了，什么利好利空一切以明天股价为准。资金不认说啥都没用。,,邵先生,4046186502913004,2026-06-03 23:01:58,155,0,0,0,False,False,"https://guba.eastmoney.com/news,002055,1720083067.html",2026-07-06 17:09:18
eastmoney_guba,002055,1720083429,不会涨，原老板质押的股票要拍卖，如果股价太高，会提高收购方的购买费用,,风尖上跳舞,4602095066337094,2026-06-03 23:03:55,87,2,0,0,False,False,"https://guba.eastmoney.com/news,002055,1720083429.html",2026-07-06 17:09:16
eastmoney_guba,002055,1720084092,利空吹完变利好，大跌全靠自我聊。旧雷刚消新坑冒，全凭话术撑腰包。,,股友9f0776120F,3927137487108460,2026-06-03 23:07:46,66,1,0,0,False,False,"https://guba.eastmoney.com/news,002055,1720084092.html",2026-07-06 17:09:18
eastmoney_guba,002055,1720087062,个人观点：有一家人请客吃饭，有一大佬布局了排队了许久，跟主人说好桌上卖不完最好的,,忍住冲动,6291007333926414,2026-06-03 23:26:22,325,0,0,0,False,False,"https://guba.eastmoney.com/news,002055,1720087062.html",2026-07-06 17:09:16
eastmoney_guba,002055,1720087101,得润是落难的王子，一旦脱困，将飞鸟上青天。我再进两层仓，我是彻底的多头,,掘金高歌,5238386190584350,2026-06-03 23:26:40,70,1,0,0,False,False,"https://guba.eastmoney.com/news,002055,1720087101.html",2026-07-06 17:09:16
eastmoney_guba,002055,1720090731,国内唯一实现DDR5连接器量产的,,股友71ZcJp,2837094071189670,2026-06-03 23:56:20,322,1,1,0,True,False,"https://guba.eastmoney.com/news,002055,1720090731.html",2026-07-06 17:09:16
eastmoney_guba,002055,1720091361,DDR5今年国内市场45亿，明年55亿，未来年复合增长10%以上,,豫P03DC0,8154014280145278,2026-06-04 00:02:04,325,0,0,0,True,False,"https://guba.eastmoney.com/news,002055,1720091361.html",2026-07-06 17:09:16
eastmoney_guba,002055,1720092043,利空出尽，，，,,洪飞h,5688074981241908,2026-06-04 00:08:29,40,0,0,0,False,False,"https://guba.eastmoney.com/news,002055,1720092043.html",2026-07-06 17:09:16
eastmoney_guba,002055,1720093133,德润最后肯定是国资进场债转股重组的，德润债务对现在来说发展压力太大，但是德润的资,,股友781C5w5367,6482147558671146,2026-06-04 00:19:49,198,1,1,0,False,False,"https://guba.eastmoney.com/news,002055,1720093133.html",2026-07-06 17:09:16
eastmoney_guba,002055,1720097658,希望明天认为是利空的开盘挂好地板，我来吃,,降温4000加,9221027108476824,2026-06-04 01:34:57,40,0,0,0,False,False,"https://guba.eastmoney.com/news,002055,1720097658.html",2026-07-06 17:09:16
eastmoney_guba,002055,1720097670,认为是利空的，请赶紧挂上跌停，别让我明天捡不到便宜筹码。,,降温4000加,9221027108476824,2026-06-04 01:35:19,44,0,0,0,False,False,"https://guba.eastmoney.com/news,002055,1720097670.html",2026-07-06 17:09:16
eastmoney_guba,002055,1720098694,得润电子子公司股权被港荣集团冻结后，可能的解决方案有哪几种？,,九阳上板,1995346433831914,2026-06-04 02:13:02,1266,1,7,0,False,False,"https://guba.eastmoney.com/news,002055,1720098694.html",2026-07-06 17:09:14
eastmoney_guba,002055,1720108232,二份公告解答,,松鹤的宿濂,2490034614534630,2026-06-04 06:03:42,515,4,1,0,True,False,"https://guba.eastmoney.com/news,002055,1720108232.html",2026-07-06 17:09:16
eastmoney_guba,002055,1720111511,5月18日开始的股权冻结，5月18日开始的连续股价涨停。。。后面就是国资入主的剧,,股市小羔羊,3561396025664456,2026-06-04 06:31:57,114,2,0,0,False,False,"https://guba.eastmoney.com/news,002055,1720111511.html",2026-07-06 17:09:16
eastmoney_guba,002055,1720115898,无非就是股权大战，世运和宜宾国资，谁也不想得润完蛋，这样对谁都没好处,,快暖暖,3648094473248958,2026-06-04 07:08:43,207,5,0,0,False,False,"https://guba.eastmoney.com/news,002055,1720115898.html",2026-07-06 17:09:16
eastmoney_guba,002055,1720116453,今天还是跌停,,一切都是虚的,9157075009070820,2026-06-04 07:13:22,30,0,0,0,False,False,"https://guba.eastmoney.com/news,002055,1720116453.html",2026-07-06 17:09:16
eastmoney_guba,002055,1720117398,看到一帮韭菜看多的，说明近期进了一大批散户，主力那么好让便宜的筹码给散户？估计至,,知进退才能明得失,1008326445912624,2026-06-04 07:20:50,350,10,0,0,True,False,"https://guba.eastmoney.com/news,002055,1720117398.html",2026-07-06 17:09:09
eastmoney_guba,002055,1720117511,看你们这么心虚和恐慌，今天继续地板,,st大平头,3943305709821276,2026-06-04 07:21:54,131,4,1,0,False,False,"https://guba.eastmoney.com/news,002055,1720117511.html",2026-07-06 17:09:16
eastmoney_guba,002055,1720117520,518股权冻结公司早知道了，为啥拉起来，现在又拿这个单独说事，就是为了收割散户,,bellwether,6244325874330580,2026-06-04 07:21:59,90,2,0,0,False,False,"https://guba.eastmoney.com/news,002055,1720117520.html",2026-07-06 17:09:16
eastmoney_guba,002055,1720117729,5月18股权冻结，拉起来，收割大家,,bellwether,6244325874330580,2026-06-04 07:23:36,32,0,0,0,False,False,"https://guba.eastmoney.com/news,002055,1720117729.html",2026-07-06 17:09:16
eastmoney_guba,002055,1720118447,先挂个跌停跑，万一出不来呢,,st大平头,3943305709821276,2026-06-04 07:29:42,25,0,0,0,False,False,"https://guba.eastmoney.com/news,002055,1720118447.html",2026-07-06 17:09:16
eastmoney_guba,002055,1720119076,挂跌停跑了,,st大平头,3943305709821276,2026-06-04 07:33:49,37,1,0,0,False,False,"https://guba.eastmoney.com/news,002055,1720119076.html",2026-07-06 17:09:16
eastmoney_guba,002055,1720119264,继续跌停，快挂单,,st大平头,3943305709821276,2026-06-04 07:34:59,41,1,0,0,False,False,"https://guba.eastmoney.com/news,002055,1720119264.html",2026-07-06 17:09:16
eastmoney_guba,002055,1720119759,今天跌停或低开是买点！,,我是风向标,7292015289809824,2026-06-04 07:37:51,34,1,0,0,False,False,"https://guba.eastmoney.com/news,002055,1720119759.html",2026-07-06 17:09:16
eastmoney_guba,002055,1720124506,只有把股权冻了真正的大股东才会有动作，不然永远就是拖,,xxjid88,4474085011653056,2026-06-04 08:01:23,55,0,1,0,False,False,"https://guba.eastmoney.com/news,002055,1720124506.html",2026-07-06 17:09:16
eastmoney_guba,002055,1720125623,今天涨2个点,,观天地自在,1231017119387490,2026-06-04 08:06:43,46,1,0,0,False,False,"https://guba.eastmoney.com/news,002055,1720125623.html",2026-07-06 17:09:16
eastmoney_guba,002055,1720127156,ST得润，6000.09万银行存款置换解封得润大厦房产，因股权回购纠纷多家子公司,,暗夜孤狼,5955335933493022,2026-06-04 08:14:17,105,0,0,0,False,False,"https://guba.eastmoney.com/news,002055,1720127156.html",2026-07-06 17:09:16
eastmoney_guba,002055,1720129586,别人都出保壳动作不断出利好，这货就是一直出利空，今年最先戴帽的，到现在利空出不完,,邵先生,4046186502913004,2026-06-04 08:25:58,81,0,0,0,False,False,"https://guba.eastmoney.com/news,002055,1720129586.html",2026-07-06 17:09:16
eastmoney_guba,002055,1720132448,风口的猪还是不错的，四川宜宾国资不是被动收猪，而是需要抢的。,,忍住冲动,6291007333926414,2026-06-04 08:38:40,65,0,0,0,False,False,"https://guba.eastmoney.com/news,002055,1720132448.html",2026-07-06 17:09:16
eastmoney_guba,002055,1720135809,最直接的方式是把得润大厦出了，应该值个十亿左右，把其他的债务还了先，不然鹤山得润,,大家好才是不好的,2103025032039206,2026-06-04 08:52:52,133,2,0,0,False,False,"https://guba.eastmoney.com/news,002055,1720135809.html",2026-07-06 17:09:16
eastmoney_guba,002055,1720140555,讲点不是ai的东西：1、荣港的回购纠纷就单纯的一个诉讼、一个财务投资方根本没什么,,合纵资本,7304094472044104,2026-06-04 09:04:43,414,2,0,0,False,False,"https://guba.eastmoney.com/news,002055,1720140555.html",2026-07-06 17:09:16
eastmoney_guba,002055,1720141283,肯定要跌破6元的002055,,后贝加尔斯克,7154013321195756,2026-06-04 09:06:02,39,1,0,0,False,False,"https://guba.eastmoney.com/news,002055,1720141283.html",2026-07-06 17:09:16
eastmoney_guba,002055,1720146784,深圳市不会不管的，司法落地没退路开始介入,,股友100zG51075,9531346262250688,2026-06-04 09:16:04,32,0,0,0,False,False,"https://guba.eastmoney.com/news,002055,1720146784.html",2026-07-06 17:09:16
eastmoney_guba,002055,1720150291,直接控盘了，博一下，重组,,不开心的小人物,5223087277555088,2026-06-04 09:18:50,27,0,0,0,False,False,"https://guba.eastmoney.com/news,002055,1720150291.html",2026-07-06 17:09:16
eastmoney_guba,002055,1720152946,怎么不发问询函了，连续几天跌停，监管呢？,,博学多才的小鱼,1190094345248964,2026-06-04 09:21:29,41,1,0,0,False,False,"https://guba.eastmoney.com/news,002055,1720152946.html",2026-07-06 17:09:16
eastmoney_guba,002055,1720153294,怀疑是游资，炒作，快进快出,,傲寒的秦岚,5793047755670376,2026-06-04 09:21:50,26,0,0,0,False,False,"https://guba.eastmoney.com/news,002055,1720153294.html",2026-07-06 17:09:16
eastmoney_guba,002055,1720153877,怀疑是游资炒作，快进快出,,傲寒的秦岚,5793047755670376,2026-06-04 09:22:23,23,0,0,0,False,False,"https://guba.eastmoney.com/news,002055,1720153877.html",2026-07-06 17:09:16
eastmoney_guba,002055,1720167622,今天没有按地板？？？,,得润两位数,3290024582242248,2026-06-04 09:26:40,23,0,0,0,False,False,"https://guba.eastmoney.com/news,002055,1720167622.html",2026-07-06 17:09:16
eastmoney_guba,002055,1720171829,这垃圾，涨一点就瞎BB！,,兰州雨轩,1930396480838492,2026-06-04 09:29:34,31,0,0,0,False,False,"https://guba.eastmoney.com/news,002055,1720171829.html",2026-07-06 17:09:16
eastmoney_guba,002055,1720178653,马上跌停明又跌停板,,后贝加尔斯克,7154013321195756,2026-06-04 09:31:10,35,1,0,0,False,False,"https://guba.eastmoney.com/news,002055,1720178653.html",2026-07-06 17:09:16
eastmoney_guba,002055,1720202343,马上涨停,,风往哪儿吹呀,7065355660028540,2026-06-04 09:37:41,20,0,0,0,False,False,"https://guba.eastmoney.com/news,002055,1720202343.html",2026-07-06 17:09:16
eastmoney_guba,002055,1720207541,控盘收-2点之内，明天就又可以继续跌停了,,股友9f0776120F,3927137487108460,2026-06-04 09:39:06,52,2,0,0,False,False,"https://guba.eastmoney.com/news,002055,1720207541.html",2026-07-06 17:09:16
eastmoney_guba,002055,1720209554,这个股没有红盘的能力了,,ST慕紫,2255027151818644,2026-06-04 09:39:39,22,0,0,0,False,False,"https://guba.eastmoney.com/news,002055,1720209554.html",2026-07-06 17:09:16
eastmoney_guba,002055,1720220170,亏了20万，不玩了，一时半会缓不过来，刚出ICU,,博学多才的小鱼,1190094345248964,2026-06-04 09:42:32,37,1,0,0,False,False,"https://guba.eastmoney.com/news,002055,1720220170.html",2026-07-06 17:09:16
eastmoney_guba,002055,1720222026,走了，感谢主力不套人,,股起干劲,8099094482471498,2026-06-04 09:43:01,23,0,0,0,False,False,"https://guba.eastmoney.com/news,002055,1720222026.html",2026-07-06 17:09:16
eastmoney_guba,002055,1720229099,预计10:03紧急跌停,,反面教科书,8548094341034744,2026-06-04 09:44:53,26,0,0,0,False,False,"https://guba.eastmoney.com/news,002055,1720229099.html",2026-07-06 17:09:16
eastmoney_guba,002055,1720231875,这股把我心态搞坏了，连续两天在其他股票上本应赚钱出，结果都亏损出。我是要休息了,,股友Ri51325559,2973416635560782,2026-06-04 09:45:35,27,0,0,0,False,False,"https://guba.eastmoney.com/news,002055,1720231875.html",2026-07-06 17:09:16
eastmoney_guba,002055,1720235841,闷杀了，我不碰了，亏了走人,,五指山的食指,6764306186620308,2026-06-04 09:46:40,19,0,0,0,False,False,"https://guba.eastmoney.com/news,002055,1720235841.html",2026-07-06 17:09:16
eastmoney_guba,002055,1720240814,[口罩],,五指山的食指,6764306186620308,2026-06-04 09:48:03,22,0,0,0,False,False,"https://guba.eastmoney.com/news,002055,1720240814.html",2026-07-06 17:09:16
eastmoney_guba,002055,1720245327,假装要翻红，实则还是要跌停，,,博学多才的小鱼,1190094345248964,2026-06-04 09:49:19,94,5,0,0,False,False,"https://guba.eastmoney.com/news,002055,1720245327.html",2026-07-06 17:09:16
eastmoney_guba,002055,1720246291,留强去弱，这股这一波既然跌下来了，短期很难再上去了,,点石诚金,2849395726922824,2026-06-04 09:49:34,27,0,0,0,False,False,"https://guba.eastmoney.com/news,002055,1720246291.html",2026-07-06 17:09:16
eastmoney_guba,002055,1720246875,这股现在就剩一地鸡毛了还买毛线啊,,请叫我接盘哥,5539256141330290,2026-06-04 09:49:44,22,0,0,0,False,False,"https://guba.eastmoney.com/news,002055,1720246875.html",2026-07-06 17:09:16
eastmoney_guba,002055,1720248267,我5.2的本先拿着吧不动,,沈阳芭菲菜,1764326049115564,2026-06-04 09:50:07,42,2,0,0,False,False,"https://guba.eastmoney.com/news,002055,1720248267.html",2026-07-06 17:09:12
eastmoney_guba,002055,1720253744,要回到主力的建仓区去了，废了,,我勒个烧缸,8844017608558072,2026-06-04 09:51:32,18,0,0,0,False,False,"https://guba.eastmoney.com/news,002055,1720253744.html",2026-07-06 17:09:16
eastmoney_guba,002055,1720259804,鹤山二期年底投产,,快暖暖,3648094473248958,2026-06-04 09:53:04,38,1,0,0,False,False,"https://guba.eastmoney.com/news,002055,1720259804.html",2026-07-06 17:09:16
eastmoney_guba,002055,1720262710,今天应该探底回升,,sgzt123,4123013776698802,2026-06-04 09:53:48,24,0,0,0,False,False,"https://guba.eastmoney.com/news,002055,1720262710.html",2026-07-06 17:09:16
eastmoney_guba,002055,1720265956,资产冻结也算是重组的第一步吧，就看后面怎么谈了,,烂股收割机,4309365835407682,2026-06-04 09:54:38,30,0,0,0,False,False,"https://guba.eastmoney.com/news,002055,1720265956.html",2026-07-06 17:09:16
eastmoney_guba,002055,1720266616,服了，太弱了，但凡涨一点马上有人砸盘。,,邵先生,4046186502913004,2026-06-04 09:54:48,25,0,0,0,False,False,"https://guba.eastmoney.com/news,002055,1720266616.html",2026-07-06 17:09:16
eastmoney_guba,002055,1720270952,世运电路,,sgzt123,4123013776698802,2026-06-04 09:55:58,124,4,0,0,False,False,"https://guba.eastmoney.com/news,002055,1720270952.html",2026-07-06 17:09:14
eastmoney_guba,002055,1720277643,再见了各位，留下发财，,,bellwether,6244325874330580,2026-06-04 09:57:54,24,0,0,0,False,False,"https://guba.eastmoney.com/news,002055,1720277643.html",2026-07-06 17:09:16
eastmoney_guba,002055,1720278754,三安光电，厦门国资出动了,,股友e50903683X,1470037320078672,2026-06-04 09:58:14,29,0,0,0,False,False,"https://guba.eastmoney.com/news,002055,1720278754.html",2026-07-06 17:09:16
eastmoney_guba,002055,1720279213,今天进半仓,,Againyou,8474013314679230,2026-06-04 09:58:22,26,0,0,0,False,False,"https://guba.eastmoney.com/news,002055,1720279213.html",2026-07-06 17:09:16
eastmoney_guba,002055,1720279692,全接回了，不管了，你们继续吹牛，我只管等，等一个举牌,,sgzt123,4123013776698802,2026-06-04 09:58:32,59,2,0,0,False,False,"https://guba.eastmoney.com/news,002055,1720279692.html",2026-07-06 17:09:14
eastmoney_guba,002055,1720288751,要相信，所有困境都是暂时的我润儿会站起来的,,我在情绪之外,9194047483250996,2026-06-04 10:01:15,30,1,0,0,False,False,"https://guba.eastmoney.com/news,002055,1720288751.html",2026-07-06 17:09:16
eastmoney_guba,002055,1720289428,昨天挂跌停卖出的都成交了吗？,,独立的凌翰5,4935345939513282,2026-06-04 10:01:27,29,0,0,0,False,False,"https://guba.eastmoney.com/news,002055,1720289428.html",2026-07-06 17:09:16
eastmoney_guba,002055,1720298825,这种炒作失败的，往往背后有不为人知的故事。现在看应该是大股东之间存在分歧，短期起,,可怜的杨茜3,6524315871021212,2026-06-04 10:04:08,56,0,0,0,False,False,"https://guba.eastmoney.com/news,002055,1720298825.html",2026-07-06 17:09:16
eastmoney_guba,002055,1720311634,跌回6以下再说吧！柚子已经跑了,,xiuyunliang,4903094222630964,2026-06-04 10:07:55,21,0,0,0,False,False,"https://guba.eastmoney.com/news,002055,1720311634.html",2026-07-06 17:09:16
eastmoney_guba,002055,1720328244,吸引更多散户，估计有雷,,我是风向标,7292015289809824,2026-06-04 10:13:16,18,0,0,0,False,False,"https://guba.eastmoney.com/news,002055,1720328244.html",2026-07-06 17:09:16
eastmoney_guba,002055,1720330779,故意诱多散户，估计不为人知的风险,,我是风向标,7292015289809824,2026-06-04 10:14:04,20,0,0,0,False,False,"https://guba.eastmoney.com/news,002055,1720330779.html",2026-07-06 17:09:16
eastmoney_guba,002055,1720331644,还吹不，只要股吧哭天喊地一大堆就该涨了，天天找利好吹票的就该跌，哪有那么多人能看,,股友9f0776120F,3927137487108460,2026-06-04 10:14:20,22,0,0,0,False,False,"https://guba.eastmoney.com/news,002055,1720331644.html",2026-07-06 17:09:16
eastmoney_guba,002055,1720333629,等有柚子玩再来啊！要磨底的,,xiuyunliang,4903094222630964,2026-06-04 10:14:59,21,0,0,0,False,False,"https://guba.eastmoney.com/news,002055,1720333629.html",2026-07-06 17:09:16
eastmoney_guba,002055,1720334088,明天接着跌，6元见,,持仓观风云,4654067800325436,2026-06-04 10:15:08,20,0,0,0,False,False,"https://guba.eastmoney.com/news,002055,1720334088.html",2026-07-06 17:09:16
eastmoney_guba,002055,1720335695,抢筹码300232,,后贝加尔斯克,7154013321195756,2026-06-04 10:15:38,33,1,0,0,False,False,"https://guba.eastmoney.com/news,002055,1720335695.html",2026-07-06 17:09:14
eastmoney_guba,002055,1720340156,下班，午睡醒了再来看,,我勒个烧缸,8844017608558072,2026-06-04 10:17:21,18,0,0,0,False,False,"https://guba.eastmoney.com/news,002055,1720340156.html",2026-07-06 17:09:16
eastmoney_guba,002055,1720345045,大家都抢，让主力跌的凶点,,持仓观风云,4654067800325436,2026-06-04 10:19:05,23,0,0,0,False,False,"https://guba.eastmoney.com/news,002055,1720345045.html",2026-07-06 17:09:16
eastmoney_guba,002055,1720347380,，别装了，跌停吧。,,股友fWssWc,7544335888514662,2026-06-04 10:19:56,18,0,0,0,False,False,"https://guba.eastmoney.com/news,002055,1720347380.html",2026-07-06 17:09:16
eastmoney_guba,002055,1720348661,老夫水下四个多点查入希望五分钟高潮出现,,追跌杀涨好选手,9914094498434672,2026-06-04 10:20:23,78,4,0,0,False,False,"https://guba.eastmoney.com/news,002055,1720348661.html",2026-07-06 17:09:12
eastmoney_guba,002055,1720349605,要么涨停要么跌停，不然散户越来越多,,我是风向标,7292015289809824,2026-06-04 10:20:48,25,0,0,0,False,False,"https://guba.eastmoney.com/news,002055,1720349605.html",2026-07-06 17:09:16
eastmoney_guba,002055,1720353104,跌不下来，跌停板买单太多。主力舍不得,,笑逐颜开的龚艳,2079345942814724,2026-06-04 10:22:15,18,0,0,0,False,False,"https://guba.eastmoney.com/news,002055,1720353104.html",2026-07-06 17:09:16
eastmoney_guba,002055,1720357309,看看今晚榜单，谁在抛售,,不开心的小人物,5223087277555088,2026-06-04 10:23:36,41,2,0,0,False,False,"https://guba.eastmoney.com/news,002055,1720357309.html",2026-07-06 17:09:16
eastmoney_guba,002055,1720362635,被套了，走势完全不符合预期，明明是利空出尽，却在一直跌，要点脸吧,,惊爆点男主,8399375724329702,2026-06-04 10:25:20,89,3,0,0,False,False,"https://guba.eastmoney.com/news,002055,1720362635.html",2026-07-06 17:09:14
eastmoney_guba,002055,1720367080,666,,st_踏足山巅,8201097125149362,2026-06-04 10:27:12,24,1,0,0,False,False,"https://guba.eastmoney.com/news,002055,1720367080.html",2026-07-06 17:09:14
eastmoney_guba,002055,1720367845,，本性难改。,,股友61YN767830,4887396372151136,2026-06-04 10:27:32,21,0,0,0,False,False,"https://guba.eastmoney.com/news,002055,1720367845.html",2026-07-06 17:09:16
eastmoney_guba,002055,1720368106,终于连板了明天再来一板,,安萌爱理财,2884147525616510,2026-06-04 10:27:37,24,0,0,0,False,False,"https://guba.eastmoney.com/news,002055,1720368106.html",2026-07-06 17:09:16
eastmoney_guba,002055,1720368334,这种票还不退吗，要不涨停要不跌停的，做的这么明显,,股友3MyGm3,9213336027299194,2026-06-04 10:27:42,27,0,0,0,False,False,"https://guba.eastmoney.com/news,002055,1720368334.html",2026-07-06 17:09:16
eastmoney_guba,002055,1720368422,666,,尽职的卢菲松,4465197447324854,2026-06-04 10:27:43,24,0,0,0,False,False,"https://guba.eastmoney.com/news,002055,1720368422.html",2026-07-06 17:09:14
eastmoney_guba,002055,1720368615,牛逼，666,,股友7bGrRB,7556375694655340,2026-06-04 10:27:47,26,0,0,0,False,False,"https://guba.eastmoney.com/news,002055,1720368615.html",2026-07-06 17:09:14
eastmoney_guba,002055,1720369152,估计还是顶不住，跌停免不了,,独立的凌翰5,4935345939513282,2026-06-04 10:27:57,20,0,0,0,False,False,"https://guba.eastmoney.com/news,002055,1720369152.html",2026-07-06 17:09:14
eastmoney_guba,002055,1720369675,跌停补了14万股，希望下午能打开,,大虾118,4167315536396900,2026-06-04 10:28:07,61,3,0,0,False,False,"https://guba.eastmoney.com/news,002055,1720369675.html",2026-07-06 17:09:14
eastmoney_guba,002055,1720371178,777跌到666，哈哈哈,,股友A0163w7151,3285097659569850,2026-06-04 10:28:39,30,0,0,0,False,False,"https://guba.eastmoney.com/news,002055,1720371178.html",2026-07-06 17:09:14
eastmoney_guba,002055,1720371616,如果明天又是地板，那我真是开了眼了,,纯情男大118,4164047327461940,2026-06-04 10:28:49,24,0,0,0,False,False,"https://guba.eastmoney.com/news,002055,1720371616.html",2026-07-06 17:09:14
eastmoney_guba,002055,1720372289,还没到绝望的时刻，股价还是太高了，散户还是看多，保持观望,,快乐的攻城狮,2955094502594692,2026-06-04 10:29:05,30,0,0,0,False,False,"https://guba.eastmoney.com/news,002055,1720372289.html",2026-07-06 17:09:14
eastmoney_guba,002055,1720374706,跌停的那一刻，谁把筹码给吃了。,,谷满仓001,8959094371523892,2026-06-04 10:30:02,25,0,0,0,False,False,"https://guba.eastmoney.com/news,002055,1720374706.html",2026-07-06 17:09:14
eastmoney_guba,002055,1720376207,真的是666啊,,深割的韭菜,2087376051537322,2026-06-04 10:30:36,31,0,0,0,False,False,"https://guba.eastmoney.com/news,002055,1720376207.html",2026-07-06 17:09:14
eastmoney_guba,002055,1720378108,有本事来个地天板，我割肉了,,越过龙门的金龙鱼,5344094206919376,2026-06-04 10:31:20,20,0,0,0,False,False,"https://guba.eastmoney.com/news,002055,1720378108.html",2026-07-06 17:09:14
eastmoney_guba,002055,1720379411,可以退市了,,股友26u01X0809,2058057670007872,2026-06-04 10:31:54,25,0,0,0,False,False,"https://guba.eastmoney.com/news,002055,1720379411.html",2026-07-06 17:09:14
eastmoney_guba,002055,1720383160,应该是没救了，认栽吧,,烂股收割机,4309365835407682,2026-06-04 10:33:17,26,0,0,0,False,False,"https://guba.eastmoney.com/news,002055,1720383160.html",2026-07-06 17:09:14
eastmoney_guba,002055,1720384961,这数字吉利呀，可以抄底了,,净挣恩,9451097290660754,2026-06-04 10:33:59,26,0,0,0,False,False,"https://guba.eastmoney.com/news,002055,1720384961.html",2026-07-06 17:09:14
eastmoney_guba,002055,1720386568,A杀完之后就是横盘修复，估计到11月份可以修复到8元。妙啊！妙啊！恰到好处。,,邵先生,4046186502913004,2026-06-04 10:34:37,63,0,0,0,False,False,"https://guba.eastmoney.com/news,002055,1720386568.html",2026-07-06 17:09:14
eastmoney_guba,002055,1720387699,外面那么多好股在非要买这种ST风险股，有必要吗,,我是风向标,7292015289809824,2026-06-04 10:35:03,29,0,0,0,False,False,"https://guba.eastmoney.com/news,002055,1720387699.html",2026-07-06 17:09:14
eastmoney_guba,002055,1720390773,傻缺跌停封不住了,,bankor23,1636044748148290,2026-06-04 10:36:14,36,1,0,0,False,False,"https://guba.eastmoney.com/news,002055,1720390773.html",2026-07-06 17:09:14
eastmoney_guba,002055,1720390917,比前两天好多了前两天都是开盘不久就跌停今天撑了好久跌停了,,得润两位数,3290024582242248,2026-06-04 10:36:17,51,1,0,0,False,False,"https://guba.eastmoney.com/news,002055,1720390917.html",2026-07-06 17:09:14
eastmoney_guba,002055,1720400830,这股会跌回5块赶紧跑吧,,股友26u01X0809,2058057670007872,2026-06-04 10:40:09,29,0,0,0,False,False,"https://guba.eastmoney.com/news,002055,1720400830.html",2026-07-06 17:09:14
eastmoney_guba,002055,1720402127,有多少货出不完,,基民30M8k6,6247305787051588,2026-06-04 10:40:39,28,0,0,0,False,False,"https://guba.eastmoney.com/news,002055,1720402127.html",2026-07-06 17:09:14
eastmoney_guba,002055,1720403031,扛不住了,,百亿正平,5334375680148172,2026-06-04 10:40:59,50,3,0,0,False,False,"https://guba.eastmoney.com/news,002055,1720403031.html",2026-07-06 17:09:14
eastmoney_guba,002055,1720403683,这三天资金都比较大，主力应该不希望出龙虎榜。放心干吧,,笑逐颜开的龚艳,2079345942814724,2026-06-04 10:41:15,30,0,0,0,False,False,"https://guba.eastmoney.com/news,002055,1720403683.html",2026-07-06 17:09:14
eastmoney_guba,002055,1720403727,3块差不多,,海盗船长macd,4041306360146342,2026-06-04 10:41:17,28,0,0,0,False,False,"https://guba.eastmoney.com/news,002055,1720403727.html",2026-07-06 17:09:14
eastmoney_guba,002055,1720405165,油脂炒作出完货，要跌到起始价左右，重新横盘吸筹。个人建议仅供参考,,傲寒的秦岚,5793047755670376,2026-06-04 10:41:47,35,0,0,0,False,False,"https://guba.eastmoney.com/news,002055,1720405165.html",2026-07-06 17:09:14
eastmoney_guba,002055,1720409838,那天谁说京蓝和中迪的庄来了？,,宏图发财地卜鹰,3933075127334942,2026-06-04 10:43:51,23,0,0,0,False,False,"https://guba.eastmoney.com/news,002055,1720409838.html",2026-07-06 17:09:14
eastmoney_guba,002055,1720410181,看到十块,,n142647179635bcb,1254094264717964,2026-06-04 10:43:59,27,0,0,0,False,False,"https://guba.eastmoney.com/news,002055,1720410181.html",2026-07-06 17:09:14
eastmoney_guba,002055,1720410359,坚守!,,股友5992636P5R,6469366485082040,2026-06-04 10:44:04,24,0,0,0,False,False,"https://guba.eastmoney.com/news,002055,1720410359.html",2026-07-06 17:09:14
eastmoney_guba,002055,1720411305,这么个跌法，是要退吗，服了,,股友77k21319u7,8211057591495958,2026-06-04 10:44:28,30,0,0,0,False,False,"https://guba.eastmoney.com/news,002055,1720411305.html",2026-07-06 17:09:14
eastmoney_guba,002055,1720412112,真是666啊,,呵呵又涨停,3742111766443372,2026-06-04 10:44:48,25,0,0,0,False,False,"https://guba.eastmoney.com/news,002055,1720412112.html",2026-07-06 17:09:14
eastmoney_guba,002055,1720413587,典型的小游资进去拉一把，快拉快出，筹码出的差不多了开始砸盘跑路，看到5块钱以下企,,首都九菲特,6181074920667870,2026-06-04 10:45:26,29,0,0,0,False,False,"https://guba.eastmoney.com/news,002055,1720413587.html",2026-07-06 17:09:14
eastmoney_guba,002055,1720414492,早上明明可以一把拉红，可以往上攻，偏偏来个反手向下砸跌停,,宏图发财地卜鹰,3933075127334942,2026-06-04 10:45:48,139,5,0,0,False,False,"https://guba.eastmoney.com/news,002055,1720414492.html",2026-07-06 17:09:12
eastmoney_guba,002055,1720415217,6元多的筹码都交出来了，干脆跌到5元多，也把5元多的筹码砸出来,,k线背后,7688113823893366,2026-06-04 10:46:07,37,0,0,0,False,False,"https://guba.eastmoney.com/news,002055,1720415217.html",2026-07-06 17:09:14
eastmoney_guba,002055,1720415276,最后加了一次，锁仓不看了。得润价值回归之日，自有大儒为我们辩经。,,预瞄高手,3451077611993496,2026-06-04 10:46:08,34,0,0,0,False,False,"https://guba.eastmoney.com/news,002055,1720415276.html",2026-07-06 17:09:14
eastmoney_guba,002055,1720415309,晚上没啥利好公告还得跌，早盘诱进来一波，明天还得杀。,,买熟悉的,6787356122784764,2026-06-04 10:46:09,36,0,0,0,False,False,"https://guba.eastmoney.com/news,002055,1720415309.html",2026-07-06 17:09:14
eastmoney_guba,002055,1720416042,全割了，哪有调整是连续三天跌停的,,赚钱给她花啊,3544366182768768,2026-06-04 10:46:28,54,1,0,0,False,False,"https://guba.eastmoney.com/news,002055,1720416042.html",2026-07-06 17:09:14
eastmoney_guba,002055,1720416057,依我看前面的拉升就是柚子拉高兑现，骗散户入场。不要有其它幻想了。,,邵先生,4046186502913004,2026-06-04 10:46:29,26,0,0,0,False,False,"https://guba.eastmoney.com/news,002055,1720416057.html",2026-07-06 17:09:14
eastmoney_guba,002055,1720425094,666,,牛牛牛牛牛A,9395066981973356,2026-06-04 10:50:23,46,2,0,0,False,False,"https://guba.eastmoney.com/news,002055,1720425094.html",2026-07-06 17:09:14
eastmoney_guba,002055,1720425377,$ST得润(SZ002055)$,,云龙湖明哥6465,5662095133119150,2026-06-04 10:50:31,32,0,0,0,False,False,"https://guba.eastmoney.com/news,002055,1720425377.html",2026-07-06 17:09:14
eastmoney_guba,002055,1720426874,典型的杀猪盘走势，跌停板出货，故意跌停又打开，制造抢筹的假象，尾盘还是跌停板。,,股市扳手,9145345820928934,2026-06-04 10:51:11,27,0,0,0,False,False,"https://guba.eastmoney.com/news,002055,1720426874.html",2026-07-06 17:09:14
eastmoney_guba,002055,1720428375,散户全进来了,,柔情侠股,8027087373493102,2026-06-04 10:51:50,29,0,0,0,False,False,"https://guba.eastmoney.com/news,002055,1720428375.html",2026-07-06 17:09:14
eastmoney_guba,002055,1720428880,从哪里来回哪里去,,我是风向标,7292015289809824,2026-06-04 10:52:03,26,0,0,0,False,False,"https://guba.eastmoney.com/news,002055,1720428880.html",2026-07-06 17:09:14
eastmoney_guba,002055,1720429316,这两天跌停板散户全进来了,,柔情侠股,8027087373493102,2026-06-04 10:52:13,26,0,0,0,False,False,"https://guba.eastmoney.com/news,002055,1720429316.html",2026-07-06 17:09:14
eastmoney_guba,002055,1720429562,这一波估计要回到原点了,,股友pesMpc0627,2232385537831922,2026-06-04 10:52:20,25,0,0,0,False,False,"https://guba.eastmoney.com/news,002055,1720429562.html",2026-07-06 17:09:14
eastmoney_guba,002055,1720429995,今日成交量放大，应为最后一跌。,,云龙湖明哥6465,5662095133119150,2026-06-04 10:52:32,103,6,0,0,False,False,"https://guba.eastmoney.com/news,002055,1720429995.html",2026-07-06 17:09:14
eastmoney_guba,002055,1720431324,别想开板，都被忽悠了,,越过龙门的金龙鱼,5344094206919376,2026-06-04 10:53:08,24,0,0,0,False,False,"https://guba.eastmoney.com/news,002055,1720431324.html",2026-07-06 17:09:14
eastmoney_guba,002055,1720435489,还好跑得快，一直跌停,,有专注力123456,3877094317451952,2026-06-04 10:55:14,25,0,0,0,False,False,"https://guba.eastmoney.com/news,002055,1720435489.html",2026-07-06 17:09:14
eastmoney_guba,002055,1720442839,这么明显的跌停扫货，你们拿不住就去打螺丝吧，我等重组，国资入股了,,海盗船长macd,4041306360146342,2026-06-04 10:59:13,32,0,0,0,False,False,"https://guba.eastmoney.com/news,002055,1720442839.html",2026-07-06 17:09:14
eastmoney_guba,002055,1720444973,真是无语不断用大资金在底部吃货诱多，骗散户进场。,,邵先生,4046186502913004,2026-06-04 11:00:13,108,4,0,0,False,False,"https://guba.eastmoney.com/news,002055,1720444973.html",2026-07-06 17:09:14
eastmoney_guba,002055,1720445379,真希望来10跌停，或者直接砸到市值退市,,股友83I3218X18,1686346081288234,2026-06-04 11:00:25,32,1,0,0,False,False,"https://guba.eastmoney.com/news,002055,1720445379.html",2026-07-06 17:09:14
eastmoney_guba,002055,1720447437,早点退市吧,,傲寒的秦岚,5793047755670376,2026-06-04 11:01:30,29,0,0,0,False,False,"https://guba.eastmoney.com/news,002055,1720447437.html",2026-07-06 17:09:14
eastmoney_guba,002055,1720449421,请问这是跌停洗盘法吗？,,股友h87365d305,7989326526212328,2026-06-04 11:02:22,35,1,0,0,False,False,"https://guba.eastmoney.com/news,002055,1720449421.html",2026-07-06 17:09:14
eastmoney_guba,002055,1720449430,这该不会是跌停板战法吧。,,再策马西风,2415112978767312,2026-06-04 11:02:22,63,1,0,0,False,False,"https://guba.eastmoney.com/news,002055,1720449430.html",2026-07-06 17:09:14
eastmoney_guba,002055,1720450463,千算万算忘记这个事情了！得润电子（002055）2025年11–12月拍卖的13,,合纵资本,7304094472044104,2026-06-04 11:02:53,428,6,0,0,False,False,"https://guba.eastmoney.com/news,002055,1720450463.html",2026-07-06 17:09:12
eastmoney_guba,002055,1720455977,水鱼,,ffffffgghhhh,6378325836212464,2026-06-04 11:05:40,29,0,0,0,False,False,"https://guba.eastmoney.com/news,002055,1720455977.html",2026-07-06 17:09:14
eastmoney_guba,002055,1720456404,明天还要跌停,,股友26u01X0809,2058057670007872,2026-06-04 11:05:52,40,1,0,0,False,False,"https://guba.eastmoney.com/news,002055,1720456404.html",2026-07-06 17:09:14
eastmoney_guba,002055,1720457425,散户目前千万不要入场,,股友26u01X0809,2058057670007872,2026-06-04 11:06:19,46,1,0,0,False,False,"https://guba.eastmoney.com/news,002055,1720457425.html",2026-07-06 17:09:14
eastmoney_guba,002055,1720465069,诱多不要上套明天继续跌,,股友26u01X0809,2058057670007872,2026-06-04 11:10:04,26,0,0,0,False,False,"https://guba.eastmoney.com/news,002055,1720465069.html",2026-07-06 17:09:14
eastmoney_guba,002055,1720466647,开始建仓，越跌越补了,,st大平头,3943305709821276,2026-06-04 11:10:52,432,13,0,0,True,False,"https://guba.eastmoney.com/news,002055,1720466647.html",2026-07-06 17:09:07
eastmoney_guba,002055,1720471710,诱多,,股友u592131r83,1655316302883186,2026-06-04 11:13:14,28,0,0,0,False,False,"https://guba.eastmoney.com/news,002055,1720471710.html",2026-07-06 17:09:14
eastmoney_guba,002055,1720471699,拉这么慢纯属骗炮,,买熟悉的,6787356122784764,2026-06-04 11:13:15,25,0,0,0,False,False,"https://guba.eastmoney.com/news,002055,1720471699.html",2026-07-06 17:09:14
eastmoney_guba,002055,1720474782,一个地天，教空狗做人,,我在情绪之外,9194047483250996,2026-06-04 11:14:50,26,0,0,0,False,False,"https://guba.eastmoney.com/news,002055,1720474782.html",2026-07-06 17:09:14
eastmoney_guba,002055,1720475020,快跑，6.99没跑现在拍大腿,,站在山顶的_韭菜,5211346228525104,2026-06-04 11:14:59,30,0,0,0,False,False,"https://guba.eastmoney.com/news,002055,1720475020.html",2026-07-06 17:09:14
eastmoney_guba,002055,1720476302,地天板了,,hji53cddz,5066087450784088,2026-06-04 11:15:39,52,2,0,0,False,False,"https://guba.eastmoney.com/news,002055,1720476302.html",2026-07-06 17:09:14
eastmoney_guba,002055,1720476799,别装了，还想拉红？有那个本事吗？,,越过龙门的金龙鱼,5344094206919376,2026-06-04 11:15:53,24,0,0,0,False,False,"https://guba.eastmoney.com/news,002055,1720476799.html",2026-07-06 17:09:14
eastmoney_guba,002055,1720476943,谁在卖，谁在买，都是散户再抄底吗？,,独立的凌翰5,4935345939513282,2026-06-04 11:15:58,86,5,0,0,False,False,"https://guba.eastmoney.com/news,002055,1720476943.html",2026-07-06 17:09:12
eastmoney_guba,002055,1720478756,"差不多，感觉上主力在地板上吸筹，我买点，已清仓002039，荣盛发展,继续格局龙",,王牌炒王026,6217084848762046,2026-06-04 11:16:59,64,0,0,0,False,False,"https://guba.eastmoney.com/news,002055,1720478756.html",2026-07-06 17:09:14
eastmoney_guba,002055,1720479874,继续砸盘啊,,古月星寻,1504023799888344,2026-06-04 11:17:33,24,0,0,0,False,False,"https://guba.eastmoney.com/news,002055,1720479874.html",2026-07-06 17:09:14
eastmoney_guba,002055,1720487040,散户越吸越多,,我是风向标,7292015289809824,2026-06-04 11:21:09,43,0,0,0,False,False,"https://guba.eastmoney.com/news,002055,1720487040.html",2026-07-06 17:09:14
eastmoney_guba,002055,1720488189,那个20万股的你是真有毛病既然不想卖来回打压干什么吃饱了撑的？,,古月星寻,1504023799888344,2026-06-04 11:21:42,29,0,0,0,False,False,"https://guba.eastmoney.com/news,002055,1720488189.html",2026-07-06 17:09:14
eastmoney_guba,002055,1720488185,大家一起砸跌停，看看这三天谁在砸,,勇敢的爱斯基摩1,3438034636617736,2026-06-04 11:21:43,30,0,0,0,False,False,"https://guba.eastmoney.com/news,002055,1720488185.html",2026-07-06 17:09:14
eastmoney_guba,002055,1720489852,买个几千手，然后分拆几十个小单子出货，散户看见大单子以为主力吸筹，今天如果不跌停,,邵先生,4046186502913004,2026-06-04 11:22:28,48,0,0,0,False,False,"https://guba.eastmoney.com/news,002055,1720489852.html",2026-07-06 17:09:14
eastmoney_guba,002055,1720493648,典型的托单诱多,,邵先生,4046186502913004,2026-06-04 11:24:19,29,0,0,0,False,False,"https://guba.eastmoney.com/news,002055,1720493648.html",2026-07-06 17:09:14
eastmoney_guba,002055,1720493732,继续吹，继续跌,,傲寒的秦岚,5793047755670376,2026-06-04 11:24:21,35,0,0,0,False,False,"https://guba.eastmoney.com/news,002055,1720493732.html",2026-07-06 17:09:14
eastmoney_guba,002055,1720495461,这公司难逃一死了不怕退市都可以买,,请叫我接盘哥,5539256141330290,2026-06-04 11:25:16,33,0,0,0,False,False,"https://guba.eastmoney.com/news,002055,1720495461.html",2026-07-06 17:09:14
eastmoney_guba,002055,1720496711,继续吹。继续抄底。明天继续跌。自己慢慢想。,,见好就收5859,3960047762213936,2026-06-04 11:25:57,33,0,0,0,False,False,"https://guba.eastmoney.com/news,002055,1720496711.html",2026-07-06 17:09:14
eastmoney_guba,002055,1720507864,今晚家人们能上榜,,财富自选股,8904113740107672,2026-06-04 11:32:48,28,0,0,0,False,False,"https://guba.eastmoney.com/news,002055,1720507864.html",2026-07-06 17:09:14
eastmoney_guba,002055,1720508910,外面的兄弟赶紧进来，里面凉快，不用盯盘,,云南小散nie,3561017753135412,2026-06-04 11:33:47,32,0,0,0,False,False,"https://guba.eastmoney.com/news,002055,1720508910.html",2026-07-06 17:09:14
eastmoney_guba,002055,1720509843,今晚家人们能上榜,,财富自选股,8904113740107672,2026-06-04 11:34:50,33,0,0,0,False,False,"https://guba.eastmoney.com/news,002055,1720509843.html",2026-07-06 17:09:14
eastmoney_guba,002055,1720515121,赶紧调仓300232,,后贝加尔斯克,7154013321195756,2026-06-04 11:40:55,53,2,0,0,False,False,"https://guba.eastmoney.com/news,002055,1720515121.html",2026-07-06 17:09:12
eastmoney_guba,002055,1720516678,快跑啊，不跑裤衩都没了,,有专注力123456,3877094317451952,2026-06-04 11:42:53,29,0,0,0,False,False,"https://guba.eastmoney.com/news,002055,1720516678.html",2026-07-06 17:09:14
eastmoney_guba,002055,1720522557,四川宜宾法院冻结得润8家核心子公司股权（含柏拉蒂、鹤山得润），涉资9亿，冻结3年。解冻路径分析:,,安福盛,3594575223133282,2026-06-04 11:53:16,2504,16,23,0,True,False,"https://guba.eastmoney.com/news,002055,1720522557.html",2026-07-06 17:08:48
eastmoney_guba,002055,1720525760,st仕净。过去就刚好了,,笋岗财经评论,4722486750974742,2026-06-04 12:00:06,54,0,0,0,False,False,"https://guba.eastmoney.com/news,002055,1720525760.html",2026-07-06 17:09:12
eastmoney_guba,002055,1720544901,等没人唱多的时候再来看看,,请叫我接盘哥,5539256141330290,2026-06-04 12:55:27,37,2,0,0,False,False,"https://guba.eastmoney.com/news,002055,1720544901.html",2026-07-06 17:09:12
eastmoney_guba,002055,1720553375,拿着吧，拿长线不会差的！,,只为赚999万,2439047277939938,2026-06-04 13:01:58,51,2,0,0,False,False,"https://guba.eastmoney.com/news,002055,1720553375.html",2026-07-06 17:09:12
eastmoney_guba,002055,1720554151,每次都是翘板，你计划吃多少筹码！,,NKStar,3943315599118462,2026-06-04 13:02:32,28,0,0,0,False,False,"https://guba.eastmoney.com/news,002055,1720554151.html",2026-07-06 17:09:12
eastmoney_guba,002055,1720554946,收盘价7.01元,,牛气助发财,2027077308973300,2026-06-04 13:03:03,54,2,0,0,False,False,"https://guba.eastmoney.com/news,002055,1720554946.html",2026-07-06 17:09:12
eastmoney_guba,002055,1720561782,不敢追了,,股友78l307167F,5365087570003302,2026-06-04 13:07:03,25,0,0,0,False,False,"https://guba.eastmoney.com/news,002055,1720561782.html",2026-07-06 17:09:12
eastmoney_guba,002055,1720563004,企稳了吗？收盘不跌停就是超预期！,,我在莫慌,8060316026820196,2026-06-04 13:07:43,32,0,0,0,False,False,"https://guba.eastmoney.com/news,002055,1720563004.html",2026-07-06 17:09:12
eastmoney_guba,002055,1720565268,这几天应该把你洗的很干净，下跌的空间也不高，鹤山二期大部分都是与服务器有关，英特,,王牌炒王026,6217084848762046,2026-06-04 13:08:49,114,2,0,0,False,False,"https://guba.eastmoney.com/news,002055,1720565268.html",2026-07-06 17:09:12
eastmoney_guba,002055,1720565761,来个地天。就爆炸了,,百亿正平,5334375680148172,2026-06-04 13:09:04,80,4,0,0,False,False,"https://guba.eastmoney.com/news,002055,1720565761.html",2026-07-06 17:09:12
eastmoney_guba,002055,1720568324,敢地天吗？,,一只鹅仔,9050345788850322,2026-06-04 13:10:21,39,1,0,0,False,False,"https://guba.eastmoney.com/news,002055,1720568324.html",2026-07-06 17:09:12
eastmoney_guba,002055,1720569522,看一看等一等，一会儿只能追涨停板,,我在情绪之外,9194047483250996,2026-06-04 13:10:55,24,0,0,0,False,False,"https://guba.eastmoney.com/news,002055,1720569522.html",2026-07-06 17:09:12
eastmoney_guba,002055,1720574331,这里避险最多5个点,,我是风向标,7292015289809824,2026-06-04 13:13:21,30,0,0,0,False,False,"https://guba.eastmoney.com/news,002055,1720574331.html",2026-07-06 17:09:12
eastmoney_guba,002055,1720574786,最后的底仓也卖了，拜拜。留下的发财吧,,有专注力123456,3877094317451952,2026-06-04 13:13:35,29,0,0,0,False,False,"https://guba.eastmoney.com/news,002055,1720574786.html",2026-07-06 17:09:12
eastmoney_guba,002055,1720594546,危险，赶紧走了,,大股市小滑头,9539093970237088,2026-06-04 13:23:23,29,0,0,0,False,False,"https://guba.eastmoney.com/news,002055,1720594546.html",2026-07-06 17:09:12
eastmoney_guba,002055,1720594705,最讨厌一有起色就高标唱多，忘记咋亏的了,,st大平头,3943305709821276,2026-06-04 13:23:27,75,3,0,0,False,False,"https://guba.eastmoney.com/news,002055,1720594705.html",2026-07-06 17:09:12
eastmoney_guba,002055,1720597817,反正子弹是已经打空了，一点没有了，裤兜都干净了，能不能赚钱听天由命,,我在情绪之外,9194047483250996,2026-06-04 13:25:03,25,0,0,0,False,False,"https://guba.eastmoney.com/news,002055,1720597817.html",2026-07-06 17:09:12
eastmoney_guba,002055,1720598495,下午回暖，明天开盘秒涨停！,,好风长吟,4179386109771602,2026-06-04 13:25:24,26,0,0,0,False,False,"https://guba.eastmoney.com/news,002055,1720598495.html",2026-07-06 17:09:12
eastmoney_guba,002055,1720600098,地天打出辨识度。,,豪放不羁的杜艺旦,8197095300849726,2026-06-04 13:26:15,31,0,0,0,False,False,"https://guba.eastmoney.com/news,002055,1720600098.html",2026-07-06 17:09:12
eastmoney_guba,002055,1720600457,一看二等三后悔现在不买拍大腿,,我在情绪之外,9194047483250996,2026-06-04 13:26:27,37,1,0,0,False,False,"https://guba.eastmoney.com/news,002055,1720600457.html",2026-07-06 17:09:12
eastmoney_guba,002055,1720603000,会玩，卡着，不出龙虎榜？,,不开心的小人物,5223087277555088,2026-06-04 13:27:46,60,2,0,0,False,False,"https://guba.eastmoney.com/news,002055,1720603000.html",2026-07-06 17:09:12
eastmoney_guba,002055,1720604355,连接器+存储芯片这个位置都不敢买的人，不要玩st,,一手两手哥,5186036974408454,2026-06-04 13:28:28,40,0,0,0,False,False,"https://guba.eastmoney.com/news,002055,1720604355.html",2026-07-06 17:09:12
eastmoney_guba,002055,1720604660,想不通，为啥大A，股东想涨，散户想涨，主力想涨，为啥总涨不起来,,百亿正平,5334375680148172,2026-06-04 13:28:38,41,0,0,0,False,False,"https://guba.eastmoney.com/news,002055,1720604660.html",2026-07-06 17:09:12
eastmoney_guba,002055,1720605330,被洗了。。。。,,风生水起鹏,3550086931973738,2026-06-04 13:28:59,35,1,0,0,False,False,"https://guba.eastmoney.com/news,002055,1720605330.html",2026-07-06 17:09:12
eastmoney_guba,002055,1720609384,今天不会跌停，不触发异动，不知道哪天企稳,,持仓观风云,4654067800325436,2026-06-04 13:31:09,47,0,0,0,False,False,"https://guba.eastmoney.com/news,002055,1720609384.html",2026-07-06 17:09:12
eastmoney_guba,002055,1720612778,还在压，压的住吗大兄弟,,我在情绪之外,9194047483250996,2026-06-04 13:32:57,30,0,0,0,False,False,"https://guba.eastmoney.com/news,002055,1720612778.html",2026-07-06 17:09:12
eastmoney_guba,002055,1720616712,出货了,,湘D峡谷野王,4390365943034164,2026-06-04 13:34:49,35,0,0,0,False,False,"https://guba.eastmoney.com/news,002055,1720616712.html",2026-07-06 17:09:12
eastmoney_guba,002055,1720620911,会不会拉红啊,,得润两位数,3290024582242248,2026-06-04 13:36:44,44,2,0,0,False,False,"https://guba.eastmoney.com/news,002055,1720620911.html",2026-07-06 17:09:12
eastmoney_guba,002055,1720622588,怎么感觉又要发套,,邵先生,4046186502913004,2026-06-04 13:37:36,84,4,0,0,False,False,"https://guba.eastmoney.com/news,002055,1720622588.html",2026-07-06 17:09:12
eastmoney_guba,002055,1720641563,带电子的都涨到天上了，st名称取错了，名称改为st电子肯定杠杠的,,A股流行A杀,2717365572323880,2026-06-04 13:47:25,39,0,0,0,False,False,"https://guba.eastmoney.com/news,002055,1720641563.html",2026-07-06 17:09:12
eastmoney_guba,002055,1720652890,都出来了木有老板们，又往下按了,,站在山顶的_韭菜,5211346228525104,2026-06-04 13:53:24,28,0,0,0,False,False,"https://guba.eastmoney.com/news,002055,1720652890.html",2026-07-06 17:09:12
eastmoney_guba,002055,1720653851,主力牛逼,,炎命短,9121325596081406,2026-06-04 13:53:50,36,0,0,0,False,False,"https://guba.eastmoney.com/news,002055,1720653851.html",2026-07-06 17:09:12
eastmoney_guba,002055,1720662765,等待加仓，持有了九个月了，这股的什么尿性都了解差不多,,波段选手,8557376106103648,2026-06-04 13:58:19,137,0,0,0,True,False,"https://guba.eastmoney.com/news,002055,1720662765.html",2026-07-06 17:09:12
eastmoney_guba,002055,1720666719,加仓,,波段选手,8557376106103648,2026-06-04 14:00:17,125,0,0,0,True,False,"https://guba.eastmoney.com/news,002055,1720666719.html",2026-07-06 17:09:12
eastmoney_guba,002055,1720668095,拒绝科技，从我做起！,,NKStar,3943315599118462,2026-06-04 14:00:56,33,0,0,0,False,False,"https://guba.eastmoney.com/news,002055,1720668095.html",2026-07-06 17:09:12
eastmoney_guba,002055,1720682189,听天由命吧，仓位打满了，人为刀俎我为鱼肉，我能怎么办，躺平了,,我在情绪之外,9194047483250996,2026-06-04 14:08:22,29,0,0,0,False,False,"https://guba.eastmoney.com/news,002055,1720682189.html",2026-07-06 17:09:12
eastmoney_guba,002055,1720685931,下午见红，明天早上秒板、继续高歌猛进！,,好风长吟,4179386109771602,2026-06-04 14:10:21,91,4,0,0,False,False,"https://guba.eastmoney.com/news,002055,1720685931.html",2026-07-06 17:09:12
eastmoney_guba,002055,1720693042,真气人，我卖了，你就涨,,股友12P770617m,9845047788570014,2026-06-04 14:14:10,42,1,0,0,False,False,"https://guba.eastmoney.com/news,002055,1720693042.html",2026-07-06 17:09:12
eastmoney_guba,002055,1720693540,$ST得润(SZ002055)$,,股友12P770617m,9845047788570014,2026-06-04 14:14:27,39,1,0,0,False,False,"https://guba.eastmoney.com/news,002055,1720693540.html",2026-07-06 17:09:12
eastmoney_guba,002055,1720696803,主力不太想在龙虎榜上与我们相见,,被套就割,9679127793622906,2026-06-04 14:16:02,237,3,0,0,True,False,"https://guba.eastmoney.com/news,002055,1720696803.html",2026-07-06 17:09:12
eastmoney_guba,002055,1720700915,今天大概率尾盘下杀还是一跌停收盘，不到五块钱不出手。,,首都九菲特,6181074920667870,2026-06-04 14:18:09,164,5,0,0,False,False,"https://guba.eastmoney.com/news,002055,1720700915.html",2026-07-06 17:09:12
eastmoney_guba,002055,1720710947,跌停时间到了,,我是风向标,7292015289809824,2026-06-04 14:22:48,47,2,0,0,False,False,"https://guba.eastmoney.com/news,002055,1720710947.html",2026-07-06 17:09:12
eastmoney_guba,002055,1720710913,砸出龙虎榜,,股友66G69H1258,3081037563716968,2026-06-04 14:22:48,28,0,0,0,False,False,"https://guba.eastmoney.com/news,002055,1720710913.html",2026-07-06 17:09:12
eastmoney_guba,002055,1720735781,阴跌模式,,持仓观风云,4654067800325436,2026-06-04 14:33:36,39,0,1,0,False,False,"https://guba.eastmoney.com/news,002055,1720735781.html",2026-07-06 17:09:12
eastmoney_guba,002055,1720738270,太黑了！,,NKStar,3943315599118462,2026-06-04 14:34:51,29,0,0,0,False,False,"https://guba.eastmoney.com/news,002055,1720738270.html",2026-07-06 17:09:12
eastmoney_guba,002055,1720738958,等你7号起飞,,股友8601207a1I,3862416881318376,2026-06-04 14:35:12,38,0,0,0,False,False,"https://guba.eastmoney.com/news,002055,1720738958.html",2026-07-06 17:09:12
eastmoney_guba,002055,1720740499,没啥成交量了,,股友pesMpc0627,2232385537831922,2026-06-04 14:35:56,35,0,0,0,False,False,"https://guba.eastmoney.com/news,002055,1720740499.html",2026-07-06 17:09:12
eastmoney_guba,002055,1720743529,加快速度和进度吧,,团团梓,5110017567741384,2026-06-04 14:37:27,56,2,0,0,False,False,"https://guba.eastmoney.com/news,002055,1720743529.html",2026-07-06 17:09:12
eastmoney_guba,002055,1720755627,又套一批,,邵先生,4046186502913004,2026-06-04 14:43:37,30,0,0,0,False,False,"https://guba.eastmoney.com/news,002055,1720755627.html",2026-07-06 17:09:12
eastmoney_guba,002055,1720760947,日柱不会还是绿吧咋就这么弱,,团团梓,5110017567741384,2026-06-04 14:46:09,29,0,0,0,False,False,"https://guba.eastmoney.com/news,002055,1720760947.html",2026-07-06 17:09:12
eastmoney_guba,002055,1720766378,得润应该快了，这波洗的还挺干净，龙元继续格局,,王牌炒王026,6217084848762046,2026-06-04 14:48:57,216,2,0,0,False,False,"https://guba.eastmoney.com/news,002055,1720766378.html",2026-07-06 17:08:58
eastmoney_guba,002055,1720775593,这个和跌停有区别吗？还不是半跌停,,我是风向标,7292015289809824,2026-06-04 14:53:32,40,0,0,0,False,False,"https://guba.eastmoney.com/news,002055,1720775593.html",2026-07-06 17:09:12
eastmoney_guba,002055,1720778249,$ST得润(SZ002055)$,,笑逐颜开的龚艳,2079345942814724,2026-06-04 14:54:52,442,7,0,0,True,False,"https://guba.eastmoney.com/news,002055,1720778249.html",2026-07-06 17:09:12
eastmoney_guba,002055,1720779467,看看榜再说,,基民06R2663G30,1200356220508646,2026-06-04 14:55:27,128,0,0,0,True,False,"https://guba.eastmoney.com/news,002055,1720779467.html",2026-07-06 17:09:12
eastmoney_guba,002055,1720780947,6.78我回来了，希望可以改变趋势。,,股海无涯在东方,2033013745408808,2026-06-04 14:56:12,186,5,0,0,False,False,"https://guba.eastmoney.com/news,002055,1720780947.html",2026-07-06 17:09:12
eastmoney_guba,002055,1720782350,为什么我发的帖子看不到,,笑逐颜开的龚艳,2079345942814724,2026-06-04 14:56:52,45,0,0,0,False,False,"https://guba.eastmoney.com/news,002055,1720782350.html",2026-07-06 17:09:12
eastmoney_guba,002055,1720782942,这主力一定要砸跌停是吧,,股友7bGrRB,7556375694655340,2026-06-04 14:57:17,40,1,0,0,False,False,"https://guba.eastmoney.com/news,002055,1720782942.html",2026-07-06 17:09:12
eastmoney_guba,002055,1720788819,加油,,杀你个千刀,5266027330617726,2026-06-04 15:01:02,33,0,0,0,False,False,"https://guba.eastmoney.com/news,002055,1720788819.html",2026-07-06 17:09:12
eastmoney_guba,002055,1720789325,今天有龙虎榜看了吗？,,cooloog,7973094481198418,2026-06-04 15:01:24,153,3,1,0,False,False,"https://guba.eastmoney.com/news,002055,1720789325.html",2026-07-06 17:09:12
eastmoney_guba,002055,1720796820,每次跌停加一层仓,,不开心的小人物,5223087277555088,2026-06-04 15:06:52,31,0,0,0,False,False,"https://guba.eastmoney.com/news,002055,1720796820.html",2026-07-06 17:09:12
eastmoney_guba,002055,1720803416,你如果认真看过这三天的成交，其实每天砸盘的都是这2亿，它今天也想按住地板的，但是,,诚实的易晗12,7896007249329266,2026-06-04 15:12:56,200,0,0,0,True,False,"https://guba.eastmoney.com/news,002055,1720803416.html",2026-07-06 17:09:12
eastmoney_guba,002055,1720803700,垃圾拉胯明天能不能挺起来,,团团梓,5110017567741384,2026-06-04 15:13:12,27,0,0,0,False,False,"https://guba.eastmoney.com/news,002055,1720803700.html",2026-07-06 17:09:12
eastmoney_guba,002055,1720803941,吃相未免有些太难看了，拼命压价，最后一分钟都非要压一个点下来，这个市场对于这种明,,红尘朝暮,4159094501661462,2026-06-04 15:13:26,61,0,0,0,False,False,"https://guba.eastmoney.com/news,002055,1720803941.html",2026-07-06 17:09:12
eastmoney_guba,002055,1720807172,龙虎榜不会全是家人们吧,,基民671F1c7767,4257386192759908,2026-06-04 15:17:08,51,1,0,0,False,False,"https://guba.eastmoney.com/news,002055,1720807172.html",2026-07-06 17:09:12
eastmoney_guba,002055,1720814616,蛇猫榜啥时候出来，估计庄家跑路了。不断卖,,专注上涨趋势,1748095089831338,2026-06-04 15:29:02,100,3,0,0,False,False,"https://guba.eastmoney.com/news,002055,1720814616.html",2026-07-06 17:09:12
eastmoney_guba,002055,1720816129,等到4.8元，拿命博，要么重组成功，要么退市。,,不开心的小人物,5223087277555088,2026-06-04 15:31:48,231,11,0,0,False,False,"https://guba.eastmoney.com/news,002055,1720816129.html",2026-07-06 17:09:12
eastmoney_guba,002055,1720826695,散户全套在7.5附近，后期拉到这个位置也是压力位，估计要磨一段时间了。,,邵先生,4046186502913004,2026-06-04 15:51:16,65,1,0,0,False,False,"https://guba.eastmoney.com/news,002055,1720826695.html",2026-07-06 17:09:12
eastmoney_guba,002055,1720826768,法院驳回原因及回款可能性，但已计提回收都是利润,,st大平头,3943305709821276,2026-06-04 15:51:27,693,4,1,0,False,False,"https://guba.eastmoney.com/news,002055,1720826768.html",2026-07-06 17:09:09
eastmoney_guba,002055,1720830053,龙虎榜什么时候出来,,股友26u01X0809,2058057670007872,2026-06-04 15:59:57,107,3,0,0,False,False,"https://guba.eastmoney.com/news,002055,1720830053.html",2026-07-06 17:09:12
eastmoney_guba,002055,1720834391,没有机构的，基本都是家人们菜鸡互啄，,,海盗船长macd,4041306360146342,2026-06-04 16:10:26,39,0,0,0,False,False,"https://guba.eastmoney.com/news,002055,1720834391.html",2026-07-06 17:09:12
eastmoney_guba,002055,1720835866,我问豆包了，他说：得润不附合龙虎榜条件，今天不会出龙虎榜,,股友lw9Z2EDe,1227565247474210,2026-06-04 16:14:41,56,1,0,0,False,False,"https://guba.eastmoney.com/news,002055,1720835866.html",2026-07-06 17:09:09
eastmoney_guba,002055,1720836380,今天有龙虎榜吗？大神们,,沈阳芭菲菜,1764326049115564,2026-06-04 16:16:04,48,1,0,0,False,False,"https://guba.eastmoney.com/news,002055,1720836380.html",2026-07-06 17:09:12
eastmoney_guba,002055,1720837839,今天不会出龙虎榜,,股友lw9Z2EDe,1227565247474210,2026-06-04 16:20:15,33,0,0,0,False,False,"https://guba.eastmoney.com/news,002055,1720837839.html",2026-07-06 17:09:12
eastmoney_guba,002055,1720838578,没有,,股友lw9Z2EDe,1227565247474210,2026-06-04 16:22:26,36,0,0,0,False,False,"https://guba.eastmoney.com/news,002055,1720838578.html",2026-07-06 17:09:12
eastmoney_guba,002055,1720840177,拉萨来啦，,,以前账号密码忘记了,2852385770726652,2026-06-04 16:26:37,59,1,0,0,False,False,"https://guba.eastmoney.com/news,002055,1720840177.html",2026-07-06 17:09:12
eastmoney_guba,002055,1720840443,拉萨军团来了….,,笑逐颜开的龚艳,2079345942814724,2026-06-04 16:27:29,450,11,0,0,False,False,"https://guba.eastmoney.com/news,002055,1720840443.html",2026-07-06 17:08:48
eastmoney_guba,002055,1720841902,ST得润(002055)龙虎榜数据(06-04),,ST得润资讯,9481113638045702,2026-06-04 16:31:31,6086,49,6,0,False,False,"https://guba.eastmoney.com/news,002055,1720841902.html",2026-07-06 17:09:09
eastmoney_guba,002055,1720842177,拉萨一出，寸土不生,,浪千层,6841315832352504,2026-06-04 16:32:11,67,1,0,0,False,False,"https://guba.eastmoney.com/news,002055,1720842177.html",2026-07-06 17:09:12
eastmoney_guba,002055,1720846437,看榜单，今天翘板的是拉萨军了，要不然今天肯定封跌停。不过接下来涨停估计很难。几千,,不开心的小人物,5223087277555088,2026-06-04 16:43:01,477,7,0,0,False,False,"https://guba.eastmoney.com/news,002055,1720846437.html",2026-07-06 17:09:09
eastmoney_guba,002055,1720855554,明天基本上就调整到位了。,,浮盈加仓8888,7509007340967950,2026-06-04 17:08:34,39,0,0,0,False,False,"https://guba.eastmoney.com/news,002055,1720855554.html",2026-07-06 17:09:09
eastmoney_guba,002055,1720857108,三四十亿小盘个股龙虎榜席位扎堆放量，千亿权重反而难得一见这般成交格局，资金分仓借,,见好就收5859,3960047762213936,2026-06-04 17:12:49,731,9,1,0,False,False,"https://guba.eastmoney.com/news,002055,1720857108.html",2026-07-06 17:09:09
eastmoney_guba,002055,1720858793,看到拉萨就大惊小怪，你们是没炒ST，没见过龙虎榜,,陆家b粉,6916355729574530,2026-06-04 17:17:22,49,0,0,0,False,False,"https://guba.eastmoney.com/news,002055,1720858793.html",2026-07-06 17:09:09
eastmoney_guba,002055,1720862648,我们拉萨人居然只净买了500万，都被别人抢走了,,我在情绪之外,9194047483250996,2026-06-04 17:28:17,165,3,0,0,False,False,"https://guba.eastmoney.com/news,002055,1720862648.html",2026-07-06 17:09:09
eastmoney_guba,002055,1720863229,龙虎榜都不会看还玩st！看空的早点销户吧！,,我在莫慌,8060316026820196,2026-06-04 17:30:03,134,2,0,0,False,False,"https://guba.eastmoney.com/news,002055,1720863229.html",2026-07-06 17:09:09
eastmoney_guba,002055,1720864308,我就想问，这次子公司股权冻结延迟了半个月才公告，会不会被深交所下问询函，我比较担,,股友6u0268O327,2559037085354874,2026-06-04 17:33:17,104,2,0,0,False,False,"https://guba.eastmoney.com/news,002055,1720864308.html",2026-07-06 17:09:09
eastmoney_guba,002055,1720866397,越来越多的家人们到达战场,,我在情绪之外,9194047483250996,2026-06-04 17:40:23,34,0,0,0,False,False,"https://guba.eastmoney.com/news,002055,1720866397.html",2026-07-06 17:09:09
eastmoney_guba,002055,1720872221,下午反弹又套了一批人，明天继续低开跌停,,股友3966M3y561,4717087682060226,2026-06-04 17:58:02,53,1,0,0,False,False,"https://guba.eastmoney.com/news,002055,1720872221.html",2026-07-06 17:09:09
eastmoney_guba,002055,1720873400,上海武定路想干什么？一直在持续买入赔钱,,股友3966M3y561,4717087682060226,2026-06-04 18:02:05,84,1,0,0,False,False,"https://guba.eastmoney.com/news,002055,1720873400.html",2026-07-06 17:09:09
eastmoney_guba,002055,1720873954,ST得润:股票交易异常波动公告,,ST得润资讯,9481113638045702,2026-06-04 18:04:10,379,11,2,0,False,False,"https://guba.eastmoney.com/news,002055,1720873954.html",2026-07-06 17:09:09
eastmoney_guba,002055,1720874736,机构也在买ST，说明了什么？,,股友3966M3y561,4717087682060226,2026-06-04 18:06:33,50,0,0,0,False,False,"https://guba.eastmoney.com/news,002055,1720874736.html",2026-07-06 17:09:09
eastmoney_guba,002055,1720875229,5月26日买入的那五个营业部为啥不卖一股？,,股友3966M3y561,4717087682060226,2026-06-04 18:08:22,135,2,0,0,False,False,"https://guba.eastmoney.com/news,002055,1720875229.html",2026-07-06 17:09:09
eastmoney_guba,002055,1720880309,家人们还知道做T，不傻呢,,静之丶,1258366230453514,2026-06-04 18:26:23,46,0,2,0,False,False,"https://guba.eastmoney.com/news,002055,1720880309.html",2026-07-06 17:09:09
eastmoney_guba,002055,1720884609,华泰上海武定路（“一花一残忆”席位）,,垂钓梵河,1790094480175166,2026-06-04 18:42:25,400,4,1,0,False,False,"https://guba.eastmoney.com/news,002055,1720884609.html",2026-07-06 17:09:09
eastmoney_guba,002055,1720886860,ST得润连续3个交易日收盘价格跌幅偏离值累计超12%,,ST得润资讯,9481113638045702,2026-06-04 18:51:10,1309,0,1,0,False,False,"https://guba.eastmoney.com/news,002055,1720886860.html",2026-07-06 17:09:09
eastmoney_guba,002055,1720891585,兄弟们，明天再不涨就回到五块多了,,我就只有耐心,4562037441809234,2026-06-04 19:09:26,33,0,0,0,False,False,"https://guba.eastmoney.com/news,002055,1720891585.html",2026-07-06 17:09:09
eastmoney_guba,002055,1720893649,上海武定路那就稳了,,股友691888Vi61,2910056915912268,2026-06-04 19:17:13,70,1,0,0,False,False,"https://guba.eastmoney.com/news,002055,1720893649.html",2026-07-06 17:09:09
eastmoney_guba,002055,1720893663,上海武定路那就稳了,,股友691888Vi61,2910056915912268,2026-06-04 19:17:17,57,1,0,0,False,False,"https://guba.eastmoney.com/news,002055,1720893663.html",2026-07-06 17:09:09
eastmoney_guba,002055,1720894016,有上海武定路那就稳了，一起努力，和公司共成长,,股市小羔羊,3561396025664456,2026-06-04 19:18:46,55,1,0,0,False,False,"https://guba.eastmoney.com/news,002055,1720894016.html",2026-07-06 17:09:09
eastmoney_guba,002055,1720895902,武定路来了就跑，瑞和就是典型的案例。,,踏浪的弓昕,2862087683162332,2026-06-04 19:26:02,127,2,0,0,False,False,"https://guba.eastmoney.com/news,002055,1720895902.html",2026-07-06 17:09:09
eastmoney_guba,002055,1720909773,武定路牛不牛，瑞和的股友最有发言权，,,踏浪的弓昕,2862087683162332,2026-06-04 20:17:34,248,5,0,0,False,False,"https://guba.eastmoney.com/news,002055,1720909773.html",2026-07-06 17:09:09
eastmoney_guba,002055,1720914613,这榜稳了不怕T飞，主力没实力，和家人们一起做T玩。,,财富自选股,8904113740107672,2026-06-04 20:33:54,43,0,0,0,False,False,"https://guba.eastmoney.com/news,002055,1720914613.html",2026-07-06 17:09:09
eastmoney_guba,002055,1720928167,华泰证券上海武定路营业部是A股市场中极具影响力的知名游资席位，市场普遍将其与90,,股友R0sEgO,5903365851347666,2026-06-04 21:21:06,581,2,1,0,False,False,"https://guba.eastmoney.com/news,002055,1720928167.html",2026-07-06 17:09:09
eastmoney_guba,002055,1720933835,得润:AI高速连接器成为核心增量,,王牌炒王026,6217084848762046,2026-06-04 21:38:31,2257,9,1,0,True,False,"https://guba.eastmoney.com/news,002055,1720933835.html",2026-07-06 17:08:50
eastmoney_guba,002055,1720940316,兄弟们哪，感觉跑，这票没希望了,,基民一族发发,6704346289167916,2026-06-04 21:56:41,39,0,0,0,False,False,"https://guba.eastmoney.com/news,002055,1720940316.html",2026-07-06 17:09:09
eastmoney_guba,002055,1720940527,我在得润中赚了18万元，看来卖得对了。5干多只股票就是要打一枪换一个地方,,后贝加尔斯克,7154013321195756,2026-06-04 21:57:19,72,1,0,0,False,False,"https://guba.eastmoney.com/news,002055,1720940527.html",2026-07-06 17:09:09
eastmoney_guba,002055,1720942937,即使明年st不摘帽，只要营收大于3亿，净资产为正，也不会退市，目前的价格已经按s,,zhuch1,7677013499151220,2026-06-04 22:04:36,119,0,0,0,False,False,"https://guba.eastmoney.com/news,002055,1720942937.html",2026-07-06 17:09:09
eastmoney_guba,002055,1720943186,明天有戏,,我是风向标,7292015289809824,2026-06-04 22:05:13,51,1,0,0,False,False,"https://guba.eastmoney.com/news,002055,1720943186.html",2026-07-06 17:09:09
eastmoney_guba,002055,1720949595,我要请动天神，调动天兵了！空狗们注意了，给过你们机会了,,豫P03DC0,8154014280145278,2026-06-04 22:24:00,169,1,0,0,True,False,"https://guba.eastmoney.com/news,002055,1720949595.html",2026-07-06 17:09:09
eastmoney_guba,002055,1720949800,明天建仓200,,知行合一知良知,2487144882864902,2026-06-04 22:24:47,40,1,0,0,False,False,"https://guba.eastmoney.com/news,002055,1720949800.html",2026-07-06 17:09:09
eastmoney_guba,002055,1720950687,哪个几十倍正股没有游资身影，没有游资就不会暴力拉升,,股友3966M3y561,4717087682060226,2026-06-04 22:27:55,44,0,0,0,False,False,"https://guba.eastmoney.com/news,002055,1720950687.html",2026-07-06 17:09:09
eastmoney_guba,002055,1720951481,人家游资几千万都在买，我们散户怕什么？,,股友3966M3y561,4717087682060226,2026-06-04 22:30:34,43,0,0,0,False,False,"https://guba.eastmoney.com/news,002055,1720951481.html",2026-07-06 17:09:09
eastmoney_guba,002055,1720952253,这个就有意思了，第一大大股东股权才2.32%，会不会有哪个柚子一发力，把自己买起,,坚毅不拔的邱港,7047027229979832,2026-06-04 22:33:22,170,2,0,0,False,False,"https://guba.eastmoney.com/news,002055,1720952253.html",2026-07-06 17:09:09
eastmoney_guba,002055,1720954033,@妙想ST得润现在挂单量,,wjxhx,6560013752324024,2026-06-04 22:39:58,465,1,0,0,False,False,"https://guba.eastmoney.com/news,002055,1720954033.html",2026-07-06 17:09:09
eastmoney_guba,002055,1720967088,今年必到20+此贴为证,,无名小辈888,5574067216320782,2026-06-04 23:42:10,73,1,0,0,False,False,"https://guba.eastmoney.com/news,002055,1720967088.html",2026-07-06 17:09:09
eastmoney_guba,002055,1720970456,ST得润(002055)新归类于铜缆高速连接-高速连接器细分方向。,,st大平头,3943305709821276,2026-06-05 00:07:48,822,7,0,0,True,False,"https://guba.eastmoney.com/news,002055,1720970456.html",2026-07-06 17:09:09
eastmoney_guba,002055,1721000550,难道散户家人们甘心让别人来捡便宜的筹码。。。同心协力其利断金,,股市小羔羊,3561396025664456,2026-06-05 07:02:15,893,13,0,0,True,False,"https://guba.eastmoney.com/news,002055,1721000550.html",2026-07-06 17:09:09
eastmoney_guba,002055,1721006458,德润电子，明显的困境反转，明显的ai产业链成长股，明显的实控人变更预期，明显的2,,股友多晶硅,3105157575062942,2026-06-05 07:42:03,121,2,0,0,False,False,"https://guba.eastmoney.com/news,002055,1721006458.html",2026-07-06 17:09:09
eastmoney_guba,002055,1721010244,二审撤销一审判决.全额归还得润,,股友3966M3y561,4717087682060226,2026-06-05 08:01:23,66,1,0,0,False,False,"https://guba.eastmoney.com/news,002055,1721010244.html",2026-07-06 17:09:09
eastmoney_guba,002055,1721010750,利空一个比一个多，你在吓唬谁？,,股友3966M3y561,4717087682060226,2026-06-05 08:02:49,31,0,0,0,False,False,"https://guba.eastmoney.com/news,002055,1721010750.html",2026-07-06 17:09:09
eastmoney_guba,002055,1721015724,今天低开低走，尾盘跌停,,股友3966M3y561,4717087682060226,2026-06-05 08:23:13,45,0,0,0,False,False,"https://guba.eastmoney.com/news,002055,1721015724.html",2026-07-06 17:09:09
eastmoney_guba,002055,1721016801,ST的A杀比正股更可怕更恐怖,,股友3966M3y561,4717087682060226,2026-06-05 08:26:56,24,0,0,0,False,False,"https://guba.eastmoney.com/news,002055,1721016801.html",2026-07-06 17:09:09
eastmoney_guba,002055,1721018104,至少还有5个跌停板，这次老庄狠心要创新低了,,股友3966M3y561,4717087682060226,2026-06-05 08:31:46,58,1,0,0,False,False,"https://guba.eastmoney.com/news,002055,1721018104.html",2026-07-06 17:09:09
eastmoney_guba,002055,1721018290,要跌到，6元3角002055,,后贝加尔斯克,7154013321195756,2026-06-05 08:32:38,50,1,0,0,False,False,"https://guba.eastmoney.com/news,002055,1721018290.html",2026-07-06 17:09:09
eastmoney_guba,002055,1721025420,前天跌停买的，今天应该要涨了吧,,团团梓,5110017567741384,2026-06-05 08:56:53,49,2,0,0,False,False,"https://guba.eastmoney.com/news,002055,1721025420.html",2026-07-06 17:09:09
eastmoney_guba,002055,1721027841,从时间来看，15号（周五晚）畲英杰方面宣布减持筹集资金，18（周一）号宜宾宣布冻,,被套就割,9679127793622906,2026-06-05 09:02:51,453,6,1,0,False,False,"https://guba.eastmoney.com/news,002055,1721027841.html",2026-07-06 17:09:07
eastmoney_guba,002055,1721057354,拉萨买了不砸盘？,,st大平头,3943305709821276,2026-06-05 09:27:05,61,2,0,0,False,False,"https://guba.eastmoney.com/news,002055,1721057354.html",2026-07-06 17:09:09
eastmoney_guba,002055,1721080098,奔着6块以下去了这是,,数据监控时代,5987316360869252,2026-06-05 09:34:08,32,0,0,0,False,False,"https://guba.eastmoney.com/news,002055,1721080098.html",2026-07-06 17:09:09
eastmoney_guba,002055,1721082437,继续地板？？？,,得润两位数,3290024582242248,2026-06-05 09:34:46,38,1,0,0,False,False,"https://guba.eastmoney.com/news,002055,1721082437.html",2026-07-06 17:09:09
eastmoney_guba,002055,1721108360,就知道武定路砸盘，红盘卖掉7层仓位，坐等水下四个点接回来,,股友2CL1625298,6613037356124308,2026-06-05 09:41:07,31,0,0,0,False,False,"https://guba.eastmoney.com/news,002055,1721108360.html",2026-07-06 17:09:09
eastmoney_guba,002055,1721110712,一股不卖，不要让拉萨得逞。,,笑逐颜开的龚艳,2079345942814724,2026-06-05 09:41:41,41,1,0,0,False,False,"https://guba.eastmoney.com/news,002055,1721110712.html",2026-07-06 17:09:09
eastmoney_guba,002055,1721132853,我集合竞价清了，看这走势要去5.5,,惊爆点男主,8399375724329702,2026-06-05 09:47:15,112,5,0,0,False,False,"https://guba.eastmoney.com/news,002055,1721132853.html",2026-07-06 17:09:05
eastmoney_guba,002055,1721135917,里面的大资金，使劲往下砸，看看它到底有没有含金量,,股友ygygyg,5284346116178520,2026-06-05 09:48:04,22,0,0,0,False,False,"https://guba.eastmoney.com/news,002055,1721135917.html",2026-07-06 17:09:09
eastmoney_guba,002055,1721142654,不往下使劲砸，特别是浙江的资金砸啊，反正群龙无首,,股友ygygyg,5284346116178520,2026-06-05 09:49:56,36,2,0,0,False,False,"https://guba.eastmoney.com/news,002055,1721142654.html",2026-07-06 17:09:09
eastmoney_guba,002055,1721149670,别装了，主力就是软蛋,,越过龙门的金龙鱼,5344094206919376,2026-06-05 09:51:49,23,0,0,0,False,False,"https://guba.eastmoney.com/news,002055,1721149670.html",2026-07-06 17:09:09
eastmoney_guba,002055,1721151830,赶紧调仓300232,,后贝加尔斯克,7154013321195756,2026-06-05 09:52:24,28,0,0,0,False,False,"https://guba.eastmoney.com/news,002055,1721151830.html",2026-07-06 17:09:09
eastmoney_guba,002055,1721151798,巴菲特爷爷救我,,我在情绪之外,9194047483250996,2026-06-05 09:52:24,27,0,0,0,False,False,"https://guba.eastmoney.com/news,002055,1721151798.html",2026-07-06 17:09:09
eastmoney_guba,002055,1721156351,一起砸，都不要买,,越过龙门的金龙鱼,5344094206919376,2026-06-05 09:53:40,28,0,0,0,False,False,"https://guba.eastmoney.com/news,002055,1721156351.html",2026-07-06 17:09:09
eastmoney_guba,002055,1721163716,亏6万跑了现在只剩个底仓了天天跌顶不住,,股友2372T3l790,5823077701892008,2026-06-05 09:55:57,64,2,0,0,False,False,"https://guba.eastmoney.com/news,002055,1721163716.html",2026-07-06 17:09:09
eastmoney_guba,002055,1721173248,今天武定路跑了？买盘也没有,,股友ygygyg,5284346116178520,2026-06-05 09:58:58,84,4,0,0,False,False,"https://guba.eastmoney.com/news,002055,1721173248.html",2026-07-06 17:09:09
eastmoney_guba,002055,1721176092,浙江资金使劲砸吗，不是筹码多吗，不砸出个37，二十一，叫人怎么买啊,,股友ygygyg,5284346116178520,2026-06-05 09:59:54,20,0,0,0,False,False,"https://guba.eastmoney.com/news,002055,1721176092.html",2026-07-06 17:09:09
eastmoney_guba,002055,1721177653,没有这个资金，那个资金，昨天说的我都不说，都是主力的马甲。如果6块以下分批抄底,,傲寒的秦岚,5793047755670376,2026-06-05 10:00:22,40,0,0,0,False,False,"https://guba.eastmoney.com/news,002055,1721177653.html",2026-07-06 17:09:09
eastmoney_guba,002055,1721183100,走了，13个点，拉黑,,百亿正平,5334375680148172,2026-06-05 10:02:00,41,2,0,0,False,False,"https://guba.eastmoney.com/news,002055,1721183100.html",2026-07-06 17:09:09
eastmoney_guba,002055,1721183511,MD，今天周五了，还不砸，难道明后天砸啊,,股友ygygyg,5284346116178520,2026-06-05 10:02:08,20,0,0,0,False,False,"https://guba.eastmoney.com/news,002055,1721183511.html",2026-07-06 17:09:09
eastmoney_guba,002055,1721188807,主力砸狠点，5块5左右等你，不建议在这个价抄底,,傲寒的秦岚,5793047755670376,2026-06-05 10:03:55,29,0,0,0,False,False,"https://guba.eastmoney.com/news,002055,1721188807.html",2026-07-06 17:09:09
eastmoney_guba,002055,1721190816,今天这么好的机会不砸，估计筹码砸光了，哎,,股友ygygyg,5284346116178520,2026-06-05 10:04:37,32,0,0,0,False,False,"https://guba.eastmoney.com/news,002055,1721190816.html",2026-07-06 17:09:09
eastmoney_guba,002055,1721202697,浙江游资说不是五不想砸，是砸光了，前几天砸了没有买,,股友ygygyg,5284346116178520,2026-06-05 10:08:42,55,2,0,0,False,False,"https://guba.eastmoney.com/news,002055,1721202697.html",2026-07-06 17:09:09
eastmoney_guba,002055,1721204933,国资协商好快进行庭外重组吧,,舍得润,4484346120850282,2026-06-05 10:09:27,71,2,0,0,False,False,"https://guba.eastmoney.com/news,002055,1721204933.html",2026-07-06 17:09:07
eastmoney_guba,002055,1721211149,这个位置不要抄底，不亏本可以先出去，等下去再抄。现在这个价格主力丢掉筹码不亏。个,,傲寒的秦岚,5793047755670376,2026-06-05 10:11:32,39,0,0,0,False,False,"https://guba.eastmoney.com/news,002055,1721211149.html",2026-07-06 17:09:09
eastmoney_guba,002055,1721225085,昨天allin达实智能，今天卖了点，帅。早盘抢了点稀土。得润，涨停走的。等你到了,,炒股亦如修心,4059326000081520,2026-06-05 10:16:30,152,1,0,0,True,False,"https://guba.eastmoney.com/news,002055,1721225085.html",2026-07-06 17:09:09
eastmoney_guba,002055,1721226034,这里好多托在忽悠人,,请叫我接盘哥,5539256141330290,2026-06-05 10:16:52,101,2,0,0,False,False,"https://guba.eastmoney.com/news,002055,1721226034.html",2026-07-06 17:09:09
eastmoney_guba,002055,1721231388,不好，它要抢跑，这SZ,,股友ygygyg,5284346116178520,2026-06-05 10:18:57,27,0,0,0,False,False,"https://guba.eastmoney.com/news,002055,1721231388.html",2026-07-06 17:09:09
eastmoney_guba,002055,1721232832,小船儿轻轻飘荡在水中，迎面吹来了----救救我救救我救救我,,我在情绪之外,9194047483250996,2026-06-05 10:19:27,39,1,0,0,False,False,"https://guba.eastmoney.com/news,002055,1721232832.html",2026-07-06 17:09:09
eastmoney_guba,002055,1721244796,可以抄底,,股友7805,1263094313131100,2026-06-05 10:24:03,41,1,0,0,False,False,"https://guba.eastmoney.com/news,002055,1721244796.html",2026-07-06 17:09:09
eastmoney_guba,002055,1721247872,还没企稳，你敢抄底，柚子抄你家,,安萌爱理财,2884147525616510,2026-06-05 10:25:16,34,0,0,0,False,False,"https://guba.eastmoney.com/news,002055,1721247872.html",2026-07-06 17:09:09
eastmoney_guba,002055,1721256920,在来10个跌停板我加仓谢谢,,股友61YN767830,4887396372151136,2026-06-05 10:28:50,28,0,0,0,False,False,"https://guba.eastmoney.com/news,002055,1721256920.html",2026-07-06 17:09:09
eastmoney_guba,002055,1721276400,DDR5内存的售价持续上涨，目前其价格是DDR4内存的4-5倍，不仅是DDR4内,,股友KJPfvI,4301064884548416,2026-06-05 10:37:03,268,2,0,0,False,False,"https://guba.eastmoney.com/news,002055,1721276400.html",2026-07-06 17:09:07
eastmoney_guba,002055,1721288150,三块今年必破的,,股友579yv97129,8518077568525522,2026-06-05 10:42:10,72,3,0,0,False,False,"https://guba.eastmoney.com/news,002055,1721288150.html",2026-07-06 17:09:09
eastmoney_guba,002055,1721294846,刚刷到16年骑士1-3逆转73胜的勇士，送给大家,,笑逐颜开的龚艳,2079345942814724,2026-06-05 10:45:16,112,2,0,0,True,False,"https://guba.eastmoney.com/news,002055,1721294846.html",2026-07-06 17:09:09
eastmoney_guba,002055,1721319156,铜缆继续大涨,,专注上涨趋势,1748095089831338,2026-06-05 10:57:15,40,1,0,0,False,False,"https://guba.eastmoney.com/news,002055,1721319156.html",2026-07-06 17:09:07
eastmoney_guba,002055,1721324994,明显主力不给涨，但凡谁拉一下马上被大单杂下来。,,邵先生,4046186502913004,2026-06-05 11:00:16,27,0,0,0,False,False,"https://guba.eastmoney.com/news,002055,1721324994.html",2026-07-06 17:09:09
eastmoney_guba,002055,1721332924,跌跌不休，看都懒得看了,,我勒个烧缸,8844017608558072,2026-06-05 11:04:37,46,1,0,0,False,False,"https://guba.eastmoney.com/news,002055,1721332924.html",2026-07-06 17:09:07
eastmoney_guba,002055,1721340955,什么时候开始ST，涨跌幅10%,,知行合一知良知,2487144882864902,2026-06-05 11:09:05,112,4,0,0,False,False,"https://guba.eastmoney.com/news,002055,1721340955.html",2026-07-06 17:09:07
eastmoney_guba,002055,1721349871,又成了散户集中营了,,多米的天空,8268004870663662,2026-06-05 11:13:54,26,0,0,0,False,False,"https://guba.eastmoney.com/news,002055,1721349871.html",2026-07-06 17:09:07
eastmoney_guba,002055,1721359979,这砸g未免太多了吧？拉一点就砸,,股友2CL1625298,6613037356124308,2026-06-05 11:19:22,24,0,0,0,False,False,"https://guba.eastmoney.com/news,002055,1721359979.html",2026-07-06 17:09:07
eastmoney_guba,002055,1721369068,求求你拉起来,,潘甜甜1,3603037267313506,2026-06-05 11:24:13,30,1,0,0,False,False,"https://guba.eastmoney.com/news,002055,1721369068.html",2026-07-06 17:09:07
eastmoney_guba,002055,1721372961,这里面绝对有量化,,得润两位数,3290024582242248,2026-06-05 11:26:24,25,0,0,0,False,False,"https://guba.eastmoney.com/news,002055,1721372961.html",2026-07-06 17:09:07
eastmoney_guba,002055,1721375912,这个股隐藏的强大的老庄，老庄请杀跌，我正好有点子弹,,股友ygygyg,5284346116178520,2026-06-05 11:28:10,40,1,0,0,False,False,"https://guba.eastmoney.com/news,002055,1721375912.html",2026-07-06 17:09:07
eastmoney_guba,002055,1721376346,$ST得润(SZ002055)$,,顺其自然ZF,4514034974222532,2026-06-05 11:28:25,125,0,0,0,True,False,"https://guba.eastmoney.com/news,002055,1721376346.html",2026-07-06 17:09:07
eastmoney_guba,002055,1721377689,能给顺德就太爽了,,股友13t878T656,8717436897663736,2026-06-05 11:29:15,25,0,0,0,False,False,"https://guba.eastmoney.com/news,002055,1721377689.html",2026-07-06 17:09:07
eastmoney_guba,002055,1721379199,闻泰竟然红了，得润还是太垃圾,,财富自选股,8904113740107672,2026-06-05 11:30:22,27,0,0,0,False,False,"https://guba.eastmoney.com/news,002055,1721379199.html",2026-07-06 17:09:07
eastmoney_guba,002055,1721379591,继续砸呀，砸盘g，g装砸不砸了？？？我还等着水下4个接回了,,股友2CL1625298,6613037356124308,2026-06-05 11:30:39,36,0,0,0,False,False,"https://guba.eastmoney.com/news,002055,1721379591.html",2026-07-06 17:09:07
eastmoney_guba,002055,1721380811,ST里面的垃圾。。。,,股友bYUyJj,1940105365914262,2026-06-05 11:31:51,21,0,0,0,False,False,"https://guba.eastmoney.com/news,002055,1721380811.html",2026-07-06 17:09:07
eastmoney_guba,002055,1721381783,st闻泰强势翻红。值得学习,,股市小羔羊,3561396025664456,2026-06-05 11:32:55,32,0,0,0,False,False,"https://guba.eastmoney.com/news,002055,1721381783.html",2026-07-06 17:09:07
eastmoney_guba,002055,1721382257,主力赶快闸出黄金坑。空仓等,,持仓观风云,4654067800325436,2026-06-05 11:33:29,146,7,0,0,False,False,"https://guba.eastmoney.com/news,002055,1721382257.html",2026-07-06 17:09:07
eastmoney_guba,002055,1721396493,这周3个跌停太伤了，这意味着主力做多意愿不强而且套牢盘巨大，短期不太可能启动了,,可怜的杨茜3,6524315871021212,2026-06-05 11:58:35,112,2,0,0,False,False,"https://guba.eastmoney.com/news,002055,1721396493.html",2026-07-06 17:09:05
eastmoney_guba,002055,1721400285,1股世运电路可以换9股st得润。。。世运电路二股东笑了。,,股市小羔羊,3561396025664456,2026-06-05 12:09:24,45,0,0,0,False,False,"https://guba.eastmoney.com/news,002055,1721400285.html",2026-07-06 17:09:07
eastmoney_guba,002055,1721413400,有本事下来，30天均线都打不了，我还挂着单呢,,王牌炒王026,6217084848762046,2026-06-05 12:54:05,114,3,0,0,False,False,"https://guba.eastmoney.com/news,002055,1721413400.html",2026-07-06 17:09:07
eastmoney_guba,002055,1721414856,巴菲特爷爷，救救我救救我,,我在情绪之外,9194047483250996,2026-06-05 12:58:58,29,1,0,0,False,False,"https://guba.eastmoney.com/news,002055,1721414856.html",2026-07-06 17:09:07
eastmoney_guba,002055,1721425785,别想着拉上去，主力是个软蛋,,越过龙门的金龙鱼,5344094206919376,2026-06-05 13:04:24,35,1,0,0,False,False,"https://guba.eastmoney.com/news,002055,1721425785.html",2026-07-06 17:09:07
eastmoney_guba,002055,1721427986,技术面已经是底部，主力就是不拉,,越过龙门的金龙鱼,5344094206919376,2026-06-05 13:05:51,30,1,0,0,False,False,"https://guba.eastmoney.com/news,002055,1721427986.html",2026-07-06 17:09:07
eastmoney_guba,002055,1721429743,真是,,追跌杀涨好选手,9914094498434672,2026-06-05 13:06:57,23,0,0,0,False,False,"https://guba.eastmoney.com/news,002055,1721429743.html",2026-07-06 17:09:07
eastmoney_guba,002055,1721431989,四千多家上涨，不用看下周至少三个跌停板,,股友579yv97129,8518077568525522,2026-06-05 13:08:15,37,1,0,0,False,False,"https://guba.eastmoney.com/news,002055,1721431989.html",2026-07-06 17:09:07
eastmoney_guba,002055,1721433074,等黄金坑要有耐心，错过没事不能被套。本金最主要,,持仓观风云,4654067800325436,2026-06-05 13:08:49,25,0,0,0,False,False,"https://guba.eastmoney.com/news,002055,1721433074.html",2026-07-06 17:09:07
eastmoney_guba,002055,1721437000,等两元进场,,股友579yv97129,8518077568525522,2026-06-05 13:11:05,30,1,0,0,False,False,"https://guba.eastmoney.com/news,002055,1721437000.html",2026-07-06 17:09:07
eastmoney_guba,002055,1721439822,今天跌的基本都是强庄股,,股友ygygyg,5284346116178520,2026-06-05 13:12:38,61,3,0,0,False,False,"https://guba.eastmoney.com/news,002055,1721439822.html",2026-07-06 17:09:07
eastmoney_guba,002055,1721448705,主力最狠的招。就是阴跌招。希望主力来几个跌停。空仓等着,,见好就收5859,3960047762213936,2026-06-05 13:17:08,44,2,0,0,False,False,"https://guba.eastmoney.com/news,002055,1721448705.html",2026-07-06 17:09:07
eastmoney_guba,002055,1721453821,真狗清仓了,,锦鲤小韭菜,1435017423024900,2026-06-05 13:19:42,32,1,0,0,False,False,"https://guba.eastmoney.com/news,002055,1721453821.html",2026-07-06 17:09:07
eastmoney_guba,002055,1721453989,估计回调完了，老鸭头模式了。,,稀饭配骨汤,1231386170301502,2026-06-05 13:19:47,189,6,0,0,False,False,"https://guba.eastmoney.com/news,002055,1721453989.html",2026-07-06 17:09:05
eastmoney_guba,002055,1721464253,闻泰地天，公司营业额，利润，没有得润好的，市值都是一两百亿,,云南小散nie,3561017753135412,2026-06-05 13:25:02,46,2,0,0,False,False,"https://guba.eastmoney.com/news,002055,1721464253.html",2026-07-06 17:09:07
eastmoney_guba,002055,1721470616,拿不住就打螺丝,,海盗船长macd,4041306360146342,2026-06-05 13:28:14,28,0,0,0,False,False,"https://guba.eastmoney.com/news,002055,1721470616.html",2026-07-06 17:09:07
eastmoney_guba,002055,1721471396,一天跌几分一毛。搞几个跌停不痛快。累,,持仓观风云,4654067800325436,2026-06-05 13:28:37,27,0,0,0,False,False,"https://guba.eastmoney.com/news,002055,1721471396.html",2026-07-06 17:09:07
eastmoney_guba,002055,1721475290,就是不红真把人治了,,沈阳芭菲菜,1764326049115564,2026-06-05 13:30:29,28,0,0,0,False,False,"https://guba.eastmoney.com/news,002055,1721475290.html",2026-07-06 17:09:07
eastmoney_guba,002055,1721476820,果子控股预期加高速连接器飞速发展，耐心持股一年内控非标问题已经整改完毕，剥离毛利,,ST股神2026,3859486672939554,2026-06-05 13:31:06,705,8,0,0,True,False,"https://guba.eastmoney.com/news,002055,1721476820.html",2026-07-06 17:09:07
eastmoney_guba,002055,1721479378,用点力砸，你是没吃饭还是没喝奶,,股友2CL1625298,6613037356124308,2026-06-05 13:32:19,43,3,0,0,False,False,"https://guba.eastmoney.com/news,002055,1721479378.html",2026-07-06 17:09:07
eastmoney_guba,002055,1721489212,在给我10个跌停板不然主力你就是我孙子,,股友61YN767830,4887396372151136,2026-06-05 13:37:41,29,0,0,0,False,False,"https://guba.eastmoney.com/news,002055,1721489212.html",2026-07-06 17:09:07
eastmoney_guba,002055,1721493468,6块左右磨了几个月。这回不砸几个跌停。阴跌又要几个月。我先去看看别的股。,,傲寒的秦岚,5793047755670376,2026-06-05 13:40:04,73,2,0,0,False,False,"https://guba.eastmoney.com/news,002055,1721493468.html",2026-07-06 17:09:07
eastmoney_guba,002055,1721495164,昨天看了消息听我的，今天应该逃过一劫把？再不济做了个t应该有的吧？说了有武定路这,,股友2CL1625298,6613037356124308,2026-06-05 13:41:03,60,1,0,0,False,False,"https://guba.eastmoney.com/news,002055,1721495164.html",2026-07-06 17:09:07
eastmoney_guba,002055,1721495597,半导体第三次大跌，可能狼真来了！,,风尖上跳舞,4602095066337094,2026-06-05 13:41:18,33,0,0,0,False,False,"https://guba.eastmoney.com/news,002055,1721495597.html",2026-07-06 17:09:07
eastmoney_guba,002055,1721502180,大家说畲英杰套现世运电路的资金会不会是来运作得润的，时间上有这种巧合,,灵动活泼的耿子轩,5127315531363670,2026-06-05 13:45:21,141,1,0,0,False,False,"https://guba.eastmoney.com/news,002055,1721502180.html",2026-07-06 17:09:02
eastmoney_guba,002055,1721503819,主力在等我卖，上次就是连卖两天后，拉了八个涨停。,,混沌摸金,4720245820142118,2026-06-05 13:46:22,244,4,0,0,True,False,"https://guba.eastmoney.com/news,002055,1721503819.html",2026-07-06 17:09:07
eastmoney_guba,002055,1721518361,就是不卖爱咋咋地,,沈阳芭菲菜,1764326049115564,2026-06-05 13:55:17,62,4,0,0,False,False,"https://guba.eastmoney.com/news,002055,1721518361.html",2026-07-06 17:09:07
eastmoney_guba,002055,1721518500,这是有什么大雷还没出来呢,,st_踏足山巅,8201097125149362,2026-06-05 13:55:22,90,1,0,0,False,False,"https://guba.eastmoney.com/news,002055,1721518500.html",2026-07-06 17:09:07
eastmoney_guba,002055,1721519345,来劲了，明天可能启动跌停模式。,,持仓观风云,4654067800325436,2026-06-05 13:55:52,83,4,0,0,False,False,"https://guba.eastmoney.com/news,002055,1721519345.html",2026-07-06 17:09:07
eastmoney_guba,002055,1721519580,老庄在梳理昨天追涨的筹码，老庄是真厉害,,股友ygygyg,5284346116178520,2026-06-05 13:56:00,21,0,0,0,False,False,"https://guba.eastmoney.com/news,002055,1721519580.html",2026-07-06 17:09:07
eastmoney_guba,002055,1721521433,$ST得润(SZ002055)$,,股友5338d16z51,3074057303565748,2026-06-05 13:57:06,77,1,0,0,True,False,"https://guba.eastmoney.com/news,002055,1721521433.html",2026-07-06 17:09:07
eastmoney_guba,002055,1721522682,老庄，有一位大哥说你明天可能启动跌停模式，不知道你自己同意不同意,,股友ygygyg,5284346116178520,2026-06-05 13:57:47,20,0,0,0,False,False,"https://guba.eastmoney.com/news,002055,1721522682.html",2026-07-06 17:09:07
eastmoney_guba,002055,1721525243,一会记得抄底,,股友77p20291n8,5206366256624360,2026-06-05 13:59:17,31,0,53,0,False,False,"https://guba.eastmoney.com/news,002055,1721525243.html",2026-07-06 17:09:07
eastmoney_guba,002055,1721525283,疯了吧，十年没涨，还要摩擦,,富贵在心,1268316064360946,2026-06-05 13:59:18,60,3,0,0,False,False,"https://guba.eastmoney.com/news,002055,1721525283.html",2026-07-06 17:09:07
eastmoney_guba,002055,1721528598,老庄你这么杀，确实非常厉害,,股友ygygyg,5284346116178520,2026-06-05 14:00:58,28,0,0,0,False,False,"https://guba.eastmoney.com/news,002055,1721528598.html",2026-07-06 17:09:07
eastmoney_guba,002055,1721532435,一觉睡醒，接了一堆货,,st大平头,3943305709821276,2026-06-05 14:02:48,73,3,0,0,False,False,"https://guba.eastmoney.com/news,002055,1721532435.html",2026-07-06 17:09:07
eastmoney_guba,002055,1721533724,面对这种完全控盘的老庄，最好的办法就是不动，看着它交印花税,,股友ygygyg,5284346116178520,2026-06-05 14:03:28,61,1,0,0,False,False,"https://guba.eastmoney.com/news,002055,1721533724.html",2026-07-06 17:09:05
eastmoney_guba,002055,1721535206,主力想拿筹码，把人家套在高高的，一时半会不给你的。估计还有少量20左右的套牢盘吧,,持仓观风云,4654067800325436,2026-06-05 14:04:12,28,0,0,0,False,False,"https://guba.eastmoney.com/news,002055,1721535206.html",2026-07-06 17:09:07
eastmoney_guba,002055,1721544689,这庄哪里是人养的,,博学多才的小鱼,1190094345248964,2026-06-05 14:09:26,44,2,0,0,False,False,"https://guba.eastmoney.com/news,002055,1721544689.html",2026-07-06 17:09:07
eastmoney_guba,002055,1721545559,海华那些垃圾股都涨了多少了，你怎么说还有电子两个字，恨铁不成钢啊,,云南小散nie,3561017753135412,2026-06-05 14:09:58,35,0,0,0,False,False,"https://guba.eastmoney.com/news,002055,1721545559.html",2026-07-06 17:09:07
eastmoney_guba,002055,1721546112,跌没边了太狠了,,股友7R7901D123,9920087276671304,2026-06-05 14:10:19,35,1,0,0,False,False,"https://guba.eastmoney.com/news,002055,1721546112.html",2026-07-06 17:09:07
eastmoney_guba,002055,1721547537,咋了这是,,浪千层,6841315832352504,2026-06-05 14:11:08,27,0,0,0,False,False,"https://guba.eastmoney.com/news,002055,1721547537.html",2026-07-06 17:09:07
eastmoney_guba,002055,1721548548,下周至少三个跌停,,股友579yv97129,8518077568525522,2026-06-05 14:11:42,51,3,0,0,False,False,"https://guba.eastmoney.com/news,002055,1721548548.html",2026-07-06 17:09:07
eastmoney_guba,002055,1721549544,得润的董秘表示，要的就是这个效果！,,垂钓梵河,1790094480175166,2026-06-05 14:12:14,30,0,0,0,False,False,"https://guba.eastmoney.com/news,002055,1721549544.html",2026-07-06 17:09:07
eastmoney_guba,002055,1721549924,老庄，盘口有人抄底吗？,,股友ygygyg,5284346116178520,2026-06-05 14:12:28,20,0,0,0,False,False,"https://guba.eastmoney.com/news,002055,1721549924.html",2026-07-06 17:09:07
eastmoney_guba,002055,1721552499,红一下就红一下，这是绷着跌停去的呀,,团团梓,5110017567741384,2026-06-05 14:13:53,27,0,0,0,False,False,"https://guba.eastmoney.com/news,002055,1721552499.html",2026-07-06 17:09:07
eastmoney_guba,002055,1721552959,，不砸跌停不罢休啊,,陆家b粉,6916355729574530,2026-06-05 14:14:08,30,0,0,0,False,False,"https://guba.eastmoney.com/news,002055,1721552959.html",2026-07-06 17:09:07
eastmoney_guba,002055,1721553198,巴菲特爷爷，我熬不住了,,我在情绪之外,9194047483250996,2026-06-05 14:14:15,33,0,0,0,False,False,"https://guba.eastmoney.com/news,002055,1721553198.html",2026-07-06 17:09:07
eastmoney_guba,002055,1721553259,拿不住就进厂打螺丝,,海盗船长macd,4041306360146342,2026-06-05 14:14:16,34,0,0,0,False,False,"https://guba.eastmoney.com/news,002055,1721553259.html",2026-07-06 17:09:07
eastmoney_guba,002055,1721555205,完蛋了6.66补的又被套住了,,大虾118,4167315536396900,2026-06-05 14:15:16,35,0,0,0,False,False,"https://guba.eastmoney.com/news,002055,1721555205.html",2026-07-06 17:09:07
eastmoney_guba,002055,1721557620,一口气砸到5月线，跌破40亿市值,,st大平头,3943305709821276,2026-06-05 14:16:41,42,1,0,0,False,False,"https://guba.eastmoney.com/news,002055,1721557620.html",2026-07-06 17:09:07
eastmoney_guba,002055,1721559117,昨天清仓，今天换到怡亚通，,,股友83I3218X18,1686346081288234,2026-06-05 14:17:30,32,0,0,0,False,False,"https://guba.eastmoney.com/news,002055,1721559117.html",2026-07-06 17:09:07
eastmoney_guba,002055,1721560422,老庄你就这点量，连对倒的诚意都没有，谁会进来抄底呢,,股友ygygyg,5284346116178520,2026-06-05 14:18:16,28,0,0,0,False,False,"https://guba.eastmoney.com/news,002055,1721560422.html",2026-07-06 17:09:07
eastmoney_guba,002055,1721560634,好狠,,股友A0163w7151,3285097659569850,2026-06-05 14:18:25,53,1,0,0,False,False,"https://guba.eastmoney.com/news,002055,1721560634.html",2026-07-06 17:09:07
eastmoney_guba,002055,1721561305,结合公司的经营负债情况，今年市值至少会跌到二十亿以下才可能止跌,,股友579yv97129,8518077568525522,2026-06-05 14:18:47,152,4,0,0,False,False,"https://guba.eastmoney.com/news,002055,1721561305.html",2026-07-06 17:09:05
eastmoney_guba,002055,1721564604,感觉是故意砸盘，已经亏了20%多了，不动了等反转,,清水风流,2934013794109280,2026-06-05 14:20:36,127,4,0,0,False,False,"https://guba.eastmoney.com/news,002055,1721564604.html",2026-07-06 17:09:05
eastmoney_guba,002055,1721565161,基本面这么好不涨是吧同行业的股趁着波都上天了祝得润早日解决债务问题,,股友26u01X0809,2058057670007872,2026-06-05 14:20:55,40,0,0,0,False,False,"https://guba.eastmoney.com/news,002055,1721565161.html",2026-07-06 17:09:07
eastmoney_guba,002055,1721567056,又有许多人的被套。,,傲寒的秦岚,5793047755670376,2026-06-05 14:21:50,30,0,0,0,False,False,"https://guba.eastmoney.com/news,002055,1721567056.html",2026-07-06 17:09:07
eastmoney_guba,002055,1721569408,这个位置没必要割了死扛到底,,股友26u01X0809,2058057670007872,2026-06-05 14:22:59,26,0,0,0,False,False,"https://guba.eastmoney.com/news,002055,1721569408.html",2026-07-06 17:09:07
eastmoney_guba,002055,1721573289,这货是不是有啥不知道的雷？？？,,得润两位数,3290024582242248,2026-06-05 14:24:43,84,1,0,0,False,False,"https://guba.eastmoney.com/news,002055,1721573289.html",2026-07-06 17:09:07
eastmoney_guba,002055,1721578064,外面的票不好吗，买这个干嘛，,,海盗船长macd,4041306360146342,2026-06-05 14:26:57,30,0,0,0,False,False,"https://guba.eastmoney.com/news,002055,1721578064.html",2026-07-06 17:09:07
eastmoney_guba,002055,1721582262,自从买了这个ST，吃饭不香，睡也睡不着了。虽说不用怕，肯定还是提心吊胆的，今天放,,我是风向标,7292015289809824,2026-06-05 14:28:49,146,5,0,0,False,False,"https://guba.eastmoney.com/news,002055,1721582262.html",2026-07-06 17:09:05
eastmoney_guba,002055,1721586988,好歹毒！a字杀！,,富贵在心,1268316064360946,2026-06-05 14:30:59,28,0,0,0,False,False,"https://guba.eastmoney.com/news,002055,1721586988.html",2026-07-06 17:09:07
eastmoney_guba,002055,1721588191,割肉离场，期望越大，失望越大,,梦想成真945,6933326091029750,2026-06-05 14:31:32,28,0,0,0,False,False,"https://guba.eastmoney.com/news,002055,1721588191.html",2026-07-06 17:09:07
eastmoney_guba,002055,1721588537,西藏班没什么实力。几兄弟都拉不了一个涨停,,哪吒来抽筋了,3348345538253518,2026-06-05 14:31:42,24,0,0,0,False,False,"https://guba.eastmoney.com/news,002055,1721588537.html",2026-07-06 17:09:07
eastmoney_guba,002055,1721589289,估计要来几个跌停。主力的成本下面多少才适合位置呢。5.5五块四块。分批抄底,,持仓观风云,4654067800325436,2026-06-05 14:32:02,30,0,0,0,False,False,"https://guba.eastmoney.com/news,002055,1721589289.html",2026-07-06 17:09:07
eastmoney_guba,002055,1721589506,这货最大的雷就是它完全控盘了，千万别去抄底,,股友ygygyg,5284346116178520,2026-06-05 14:32:07,28,0,0,0,False,False,"https://guba.eastmoney.com/news,002055,1721589506.html",2026-07-06 17:09:07
eastmoney_guba,002055,1721589798,不怕遭报应吗？,,博学多才的小鱼,1190094345248964,2026-06-05 14:32:15,24,0,0,0,False,False,"https://guba.eastmoney.com/news,002055,1721589798.html",2026-07-06 17:09:07
eastmoney_guba,002055,1721591765,买入，三倍起步,,悟悟悟,7410113232097464,2026-06-05 14:33:04,192,8,0,0,False,False,"https://guba.eastmoney.com/news,002055,1721591765.html",2026-07-06 17:09:05
eastmoney_guba,002055,1721597088,割了，一点恶庄自己玩吧,,裂裂裂裂开,8608375724425014,2026-06-05 14:35:21,42,1,0,0,False,False,"https://guba.eastmoney.com/news,002055,1721597088.html",2026-07-06 17:09:05
eastmoney_guba,002055,1721601393,贺莲花！出来走两步！,,垂钓梵河,1790094480175166,2026-06-05 14:37:09,24,0,0,0,False,False,"https://guba.eastmoney.com/news,002055,1721601393.html",2026-07-06 17:09:05
eastmoney_guba,002055,1721607729,这个庄家是个恶庄，把好股票玩成这样,,越过龙门的金龙鱼,5344094206919376,2026-06-05 14:40:24,26,0,0,0,False,False,"https://guba.eastmoney.com/news,002055,1721607729.html",2026-07-06 17:09:05
eastmoney_guba,002055,1721611411,尾盘要封跌停了，量化痕迹明显,,影星冰,3119057060230904,2026-06-05 14:42:08,28,0,0,0,False,False,"https://guba.eastmoney.com/news,002055,1721611411.html",2026-07-06 17:09:05
eastmoney_guba,002055,1721614214,割了，太恶心了,,股友pesMpc0627,2232385537831922,2026-06-05 14:43:26,28,0,0,0,False,False,"https://guba.eastmoney.com/news,002055,1721614214.html",2026-07-06 17:09:05
eastmoney_guba,002055,1721614345,来吧，638再进点,,慢慢熬A,8174055339396052,2026-06-05 14:43:29,33,0,0,0,False,False,"https://guba.eastmoney.com/news,002055,1721614345.html",2026-07-06 17:09:05
eastmoney_guba,002055,1721620885,你的所有概念都是红的，就你大跌，你可以啊,,守护ST的散户,4440056991181278,2026-06-05 14:46:29,86,1,0,0,False,False,"https://guba.eastmoney.com/news,002055,1721620885.html",2026-07-06 17:09:05
eastmoney_guba,002055,1721625002,连续4个跌停板，，，这可真是个大牛市,,青春导师朝桐光,1934127305111102,2026-06-05 14:48:38,32,0,0,0,False,False,"https://guba.eastmoney.com/news,002055,1721625002.html",2026-07-06 17:09:05
eastmoney_guba,002055,1721625060,还好早盘走了，不然又是大面,,百亿正平,5334375680148172,2026-06-05 14:48:39,34,0,0,0,False,False,"https://guba.eastmoney.com/news,002055,1721625060.html",2026-07-06 17:09:05
eastmoney_guba,002055,1721628775,兄弟们，拉起来！,,越过龙门的金龙鱼,5344094206919376,2026-06-05 14:50:41,29,0,0,0,False,False,"https://guba.eastmoney.com/news,002055,1721628775.html",2026-07-06 17:09:05
eastmoney_guba,002055,1721630711,万手哥扫货！,,越过龙门的金龙鱼,5344094206919376,2026-06-05 14:51:42,34,0,0,0,False,False,"https://guba.eastmoney.com/news,002055,1721630711.html",2026-07-06 17:09:05
eastmoney_guba,002055,1721633345,这股是不是摆烂了，等着被查TS吗,,股友3MyGm3,9213336027299194,2026-06-05 14:53:03,34,0,0,0,False,False,"https://guba.eastmoney.com/news,002055,1721633345.html",2026-07-06 17:09:05
eastmoney_guba,002055,1721635854,明天超10,,股友75z0987O95,6980037570660246,2026-06-05 14:54:17,65,2,0,0,False,False,"https://guba.eastmoney.com/news,002055,1721635854.html",2026-07-06 17:09:00
eastmoney_guba,002055,1721638065,看来得润旺旺是跑对了,,股友7R7901D123,9920087276671304,2026-06-05 14:55:26,57,2,0,0,False,False,"https://guba.eastmoney.com/news,002055,1721638065.html",2026-07-06 17:09:05
eastmoney_guba,002055,1721643608,星期一来几个跌停。主力成本价下低吸,,持仓观风云,4654067800325436,2026-06-05 14:58:28,38,0,0,0,False,False,"https://guba.eastmoney.com/news,002055,1721643608.html",2026-07-06 17:09:05
eastmoney_guba,002055,1721650288,这傻，昨天买入的15679万，今天砸出15626万，一分都没留，能理解为什么不跌,,诚实的易晗12,7896007249329266,2026-06-05 15:02:44,360,0,0,0,True,False,"https://guba.eastmoney.com/news,002055,1721650288.html",2026-07-06 17:09:05
eastmoney_guba,002055,1721654193,买了5手，永远的套住了，一天比一天低,,一手两手哥,5186036974408454,2026-06-05 15:05:39,31,0,0,0,False,False,"https://guba.eastmoney.com/news,002055,1721654193.html",2026-07-06 17:09:05
eastmoney_guba,002055,1721658002,还是公司的问题，公司不发那几个四公告，就算回调，也不至于走A杀，论题材、业绩，比,,这也行1234,8524085274279044,2026-06-05 15:09:48,96,1,0,0,False,False,"https://guba.eastmoney.com/news,002055,1721658002.html",2026-07-06 17:09:05
eastmoney_guba,002055,1721658887,因为周末的不确定性，今天下午大资金无脑砸，估计有许多人都割肉离场了。我没有，还在,,掘金高歌,5238386190584350,2026-06-05 15:11:00,212,4,0,0,False,False,"https://guba.eastmoney.com/news,002055,1721658887.html",2026-07-06 17:09:05
eastmoney_guba,002055,1721659588,吹票的呢？都了？,,股友6v23Z28661,1967087806433464,2026-06-05 15:11:52,30,0,0,0,False,False,"https://guba.eastmoney.com/news,002055,1721659588.html",2026-07-06 17:09:05
eastmoney_guba,002055,1721660646,NMD散户真可怜！退是吧,,股友6v23Z28661,1967087806433464,2026-06-05 15:13:17,37,0,0,0,False,False,"https://guba.eastmoney.com/news,002055,1721660646.html",2026-07-06 17:09:05
eastmoney_guba,002055,1721665407,下周还有3个跌停,,股友3966M3y561,4717087682060226,2026-06-05 15:21:02,31,0,0,0,False,False,"https://guba.eastmoney.com/news,002055,1721665407.html",2026-07-06 17:09:05
eastmoney_guba,002055,1721666595,不创历史新低誓不罢休，4元见,,股友3966M3y561,4717087682060226,2026-06-05 15:23:12,27,0,0,0,False,False,"https://guba.eastmoney.com/news,002055,1721666595.html",2026-07-06 17:09:05
eastmoney_guba,002055,1721668098,典型杀猪盘，8个一字板买不进去等散户进了就一路狂杀,,股友3966M3y561,4717087682060226,2026-06-05 15:25:55,75,1,0,0,False,False,"https://guba.eastmoney.com/news,002055,1721668098.html",2026-07-06 17:09:05
eastmoney_guba,002055,1721669348,这里面的主力昨日拉高就算套短线客，所以今天K线这么走，老庄厉害，看你表演,,股友ygygyg,5284346116178520,2026-06-05 15:27:28,48,0,0,0,False,False,"https://guba.eastmoney.com/news,002055,1721669348.html",2026-07-06 17:09:05
eastmoney_guba,002055,1721670053,下周必破6元退市企业民营企业完蛋了002055,,后贝加尔斯克,7154013321195756,2026-06-05 15:28:24,59,1,0,0,False,False,"https://guba.eastmoney.com/news,002055,1721670053.html",2026-07-06 17:09:05
eastmoney_guba,002055,1721670670,以前埋伏的游资拉高出货了，把散户全挂山顶了，现在上面套牢盘太重了。,,邵先生,4046186502913004,2026-06-05 15:29:35,80,2,0,0,False,False,"https://guba.eastmoney.com/news,002055,1721670670.html",2026-07-06 17:09:05
eastmoney_guba,002055,1721672638,还是没到要涨的时候，公司还在等老板发话。降低仓位，不要满仓。跌幅50%不影响的仓,,笑逐颜开的龚艳,2079345942814724,2026-06-05 15:32:44,100,1,1,0,False,False,"https://guba.eastmoney.com/news,002055,1721672638.html",2026-07-06 17:09:05
eastmoney_guba,002055,1721674629,不要多想，都没有放量，不至于有什么特大利空，今天成交量2.9亿，它左手买了1亿，,,诚实的易晗12,7896007249329266,2026-06-05 15:36:08,125,1,0,0,False,False,"https://guba.eastmoney.com/news,002055,1721674629.html",2026-07-06 17:09:05
eastmoney_guba,002055,1721676148,下星期，六元左右。六元以下。想清楚要抄底。个人建议，仅供参考。,,傲寒的秦岚,5793047755670376,2026-06-05 15:39:00,52,1,0,0,False,False,"https://guba.eastmoney.com/news,002055,1721676148.html",2026-07-06 17:09:05
eastmoney_guba,002055,1721677975,这股比东尼差多了,,得润两位数,3290024582242248,2026-06-05 15:42:52,120,1,0,0,False,False,"https://guba.eastmoney.com/news,002055,1721677975.html",2026-07-06 17:09:05
eastmoney_guba,002055,1721678903,最新数据到现在持仓的散户没有几个了，都准备下周抄底,,股友3966M3y561,4717087682060226,2026-06-05 15:44:56,84,2,0,0,False,False,"https://guba.eastmoney.com/news,002055,1721678903.html",2026-07-06 17:09:05
eastmoney_guba,002055,1721680277,就害怕周末利好公告，千万别发公告呀,,股友3966M3y561,4717087682060226,2026-06-05 15:47:29,199,3,0,0,False,False,"https://guba.eastmoney.com/news,002055,1721680277.html",2026-07-06 17:09:05
eastmoney_guba,002055,1721683996,成本加成6.91了，好票，拿到你退市。,,舍得润,4484346120850282,2026-06-05 15:57:16,349,11,0,0,False,False,"https://guba.eastmoney.com/news,002055,1721683996.html",2026-07-06 17:09:05
eastmoney_guba,002055,1721692436,下周破5元，知道你们不会相信的，老庄专杀技术派,,股友3966M3y561,4717087682060226,2026-06-05 16:20:55,99,4,0,0,False,False,"https://guba.eastmoney.com/news,002055,1721692436.html",2026-07-06 17:09:05
eastmoney_guba,002055,1721694571,割了割了，什么玩意？从此拉黑,,豫P03DC0,8154014280145278,2026-06-05 16:27:19,247,0,0,0,True,False,"https://guba.eastmoney.com/news,002055,1721694571.html",2026-07-06 17:09:05
eastmoney_guba,002055,1721694805,呵呵俺也说一点，涨的时候拼命利好，什么果子接盘，世运入住，反正就是外国的利好，自,,wjxhx,6560013752324024,2026-06-05 16:28:00,617,5,0,0,False,False,"https://guba.eastmoney.com/news,002055,1721694805.html",2026-07-06 17:08:45
eastmoney_guba,002055,1721700212,这四个跌停吃的有点郁闷，一点反弹都没有，今天清仓了他轻松了许多，佩服这勾庄控盘的,,我是风向标,7292015289809824,2026-06-05 16:44:50,58,0,0,0,False,False,"https://guba.eastmoney.com/news,002055,1721700212.html",2026-07-06 17:09:05
eastmoney_guba,002055,1721700782,估计有不可告人的，过几天带薪上岗,,我是风向标,7292015289809824,2026-06-05 16:45:51,42,0,0,0,False,False,"https://guba.eastmoney.com/news,002055,1721700782.html",2026-07-06 17:09:05
eastmoney_guba,002055,1721700865,大家应该感到高兴，这种跌法主力也是亏的，大资金亏的更多，怕什么,,人生巅峰进行曲,6778013800753264,2026-06-05 16:46:08,321,7,0,0,False,False,"https://guba.eastmoney.com/news,002055,1721700865.html",2026-07-06 17:09:05
eastmoney_guba,002055,1721704053,憋屈的一周，已知的利空，反复炒冷饭。大好的势头就这么扭转，失望。,,o痕迹o,4802306288363612,2026-06-05 16:56:34,52,0,0,0,False,False,"https://guba.eastmoney.com/news,002055,1721704053.html",2026-07-06 17:09:05
eastmoney_guba,002055,1721704994,得润电子23年收责令改正决定，信披违规受损者可索赔,,早起看报,5951057799486710,2026-06-05 16:59:46,48,0,0,0,False,False,"https://guba.eastmoney.com/news,002055,1721704994.html",2026-07-06 17:09:05
eastmoney_guba,002055,1721709024,大家都割了，下周会不会上涨？,,财富自选股,8904113740107672,2026-06-05 17:13:10,40,1,0,0,False,False,"https://guba.eastmoney.com/news,002055,1721709024.html",2026-07-06 17:09:05
eastmoney_guba,002055,1721725047,如果分析没有错，接下来1-2个月会低位震荡。三个月内一定能再次雄起，那时候就势不,,笑逐颜开的龚艳,2079345942814724,2026-06-05 18:12:28,421,4,0,0,False,False,"https://guba.eastmoney.com/news,002055,1721725047.html",2026-07-06 17:09:05
eastmoney_guba,002055,1721728079,顺益亚太如果重整意大利Meta成功，国内的事情也就没有什么悬念了,,灵动活泼的耿子轩,5127315531363670,2026-06-05 18:25:15,434,3,0,0,False,False,"https://guba.eastmoney.com/news,002055,1721728079.html",2026-07-06 17:09:02
eastmoney_guba,002055,1721730703,下周三个涨停板！,,叛風而来,8532027610601022,2026-06-05 18:37:26,59,1,0,0,False,False,"https://guba.eastmoney.com/news,002055,1721730703.html",2026-07-06 17:09:05
eastmoney_guba,002055,1721733889,下午跳水是大盘大跌带下来的。今天大盘好点就翻红了，下周一高开涨停概率大,,ST狙击哥,9987017486991822,2026-06-05 18:53:02,120,1,0,0,False,False,"https://guba.eastmoney.com/news,002055,1721733889.html",2026-07-06 17:09:05
eastmoney_guba,002055,1721736938,期待半年报中出现2500万元的投资收益,,股市小羔羊,3561396025664456,2026-06-05 19:08:25,516,2,0,0,True,False,"https://guba.eastmoney.com/news,002055,1721736938.html",2026-07-06 17:09:05
eastmoney_guba,002055,1721743085,昨天6.66买的850手，今早竞价6.73出清，然后19.54转战闻泰，效果还可,,股友53k265t396,2184376236699670,2026-06-05 19:38:37,63,0,0,0,False,False,"https://guba.eastmoney.com/news,002055,1721743085.html",2026-07-06 17:09:05
eastmoney_guba,002055,1721745265,老庄不把拉萨游资赶尽杀绝，只能一路暴跌不要幻想反弹,,股友3966M3y561,4717087682060226,2026-06-05 19:49:08,25,0,0,0,False,False,"https://guba.eastmoney.com/news,002055,1721745265.html",2026-07-06 17:09:05
eastmoney_guba,002055,1721745855,大家都认为到底了，可就偏偏在半山腰，老庄这次要绝杀游资,,股友3966M3y561,4717087682060226,2026-06-05 19:52:07,44,1,0,0,False,False,"https://guba.eastmoney.com/news,002055,1721745855.html",2026-07-06 17:09:05
eastmoney_guba,002055,1721747303,跌成这样为什么不发异动！你那的,,烂股收割机,4309365835407682,2026-06-05 20:00:14,44,0,0,0,False,False,"https://guba.eastmoney.com/news,002055,1721747303.html",2026-07-06 17:09:05
eastmoney_guba,002055,1721747648,为了绝杀游资老庄肯定要砸到4元，散户别再熬了,,股友3966M3y561,4717087682060226,2026-06-05 20:01:56,44,1,0,0,False,False,"https://guba.eastmoney.com/news,002055,1721747648.html",2026-07-06 17:09:05
eastmoney_guba,002055,1721748866,都准备5元抄底，可老庄偏偏要砸到4元再继续阴跌,,股友3966M3y561,4717087682060226,2026-06-05 20:07:46,52,2,0,0,False,False,"https://guba.eastmoney.com/news,002055,1721748866.html",2026-07-06 17:09:05
eastmoney_guba,002055,1721750216,这股真是废了，中午睡了一觉，下午一看就这样了,,股友pesMpc0627,2232385537831922,2026-06-05 20:14:35,53,0,0,0,False,False,"https://guba.eastmoney.com/news,002055,1721750216.html",2026-07-06 17:09:05
eastmoney_guba,002055,1721751394,是不是二季度亏损了？公告说连续七年亏损，今年也可能亏损。,,财富自选股,8904113740107672,2026-06-05 20:20:40,69,1,0,0,False,False,"https://guba.eastmoney.com/news,002055,1721751394.html",2026-07-06 17:09:05
eastmoney_guba,002055,1721751397,两三块，主力成本都6块，他不怕你怕啥！还不准人回复，主力的脱,,傲寒的秦岚,5793047755670376,2026-06-05 20:20:40,47,0,0,0,False,False,"https://guba.eastmoney.com/news,002055,1721751397.html",2026-07-06 17:09:05
eastmoney_guba,002055,1721752655,从正平割肉过来，亏死,,云南小散nie,3561017753135412,2026-06-05 20:26:49,85,1,0,0,False,False,"https://guba.eastmoney.com/news,002055,1721752655.html",2026-07-06 17:09:05
eastmoney_guba,002055,1721753210,我说一句，下周一必涨，信不信由你。,,财富自选股,8904113740107672,2026-06-05 20:29:52,48,0,0,0,False,False,"https://guba.eastmoney.com/news,002055,1721753210.html",2026-07-06 17:09:05
eastmoney_guba,002055,1721757032,本来是好股，被玩坏了，看中迪就是个壳，被主力玩得风生水起。热度起来了，再来吸筹。,,傲寒的秦岚,5793047755670376,2026-06-05 20:46:17,73,0,0,0,False,False,"https://guba.eastmoney.com/news,002055,1721757032.html",2026-07-06 17:09:05
eastmoney_guba,002055,1721760140,问个懂行大哥，得润是否有重整可能？,,云南小散nie,3561017753135412,2026-06-05 21:01:45,478,11,0,0,False,False,"https://guba.eastmoney.com/news,002055,1721760140.html",2026-07-06 17:09:05
eastmoney_guba,002055,1721761149,老庄和游资打架，散户很受伤，我们看戏不好吗,,股友3966M3y561,4717087682060226,2026-06-05 21:06:27,56,1,0,0,False,False,"https://guba.eastmoney.com/news,002055,1721761149.html",2026-07-06 17:09:05
eastmoney_guba,002055,1721763649,主力抽钱去世界杯了兄弟们,,反面教科书,8548094341034744,2026-06-05 21:16:50,34,0,0,0,False,False,"https://guba.eastmoney.com/news,002055,1721763649.html",2026-07-06 17:09:05
eastmoney_guba,002055,1721763798,这一波杀到3元吗,,小圣真君,9211215954668222,2026-06-05 21:17:39,124,2,0,0,False,False,"https://guba.eastmoney.com/news,002055,1721763798.html",2026-07-06 17:09:05
eastmoney_guba,002055,1721765258,补充一下早盘没有说完的内容，从时间来看，15号（周五晚）畲英杰方面宣布减持筹集资,,被套就割,9679127793622906,2026-06-05 21:24:33,1165,19,0,0,False,False,"https://guba.eastmoney.com/news,002055,1721765258.html",2026-07-06 17:09:02
eastmoney_guba,002055,1721772479,这货债务压顶基本是要退市的！债主们要也只要核心资产，到时候就剩一堆拖油瓶＋空壳=,,股友2CL1625298,6613037356124308,2026-06-05 21:53:11,749,20,1,0,False,False,"https://guba.eastmoney.com/news,002055,1721772479.html",2026-07-06 17:08:58
eastmoney_guba,002055,1721773338,柚子搞一波就出货，上周三留下的就很明显了,,周焱森,6617057116840664,2026-06-05 21:56:40,281,3,0,0,False,False,"https://guba.eastmoney.com/news,002055,1721773338.html",2026-07-06 17:09:05
eastmoney_guba,002055,1721787746,【ST稳稳的幸福】6月第1周ST板块周复盘｜资金择优配置摘帽标的，题材炒作逐步被资金抛弃,,ST稳稳的幸福,1858035386649196,2026-06-05 23:03:26,2156,0,1,0,True,False,"https://guba.eastmoney.com/news,002055,1721787746.html",2026-07-06 17:09:05
eastmoney_guba,002055,1721789786,这两周太魔幻了，做了个过山车，太没格局了,,知足常乐对吧,9052386172588498,2026-06-05 23:16:24,46,0,0,0,False,False,"https://guba.eastmoney.com/news,002055,1721789786.html",2026-07-06 17:09:05
eastmoney_guba,002055,1721791297,我不晓得这货你们也敢炒？,,股友28872Rf000,1242336560709176,2026-06-05 23:26:09,80,1,0,0,False,False,"https://guba.eastmoney.com/news,002055,1721791297.html",2026-07-06 17:09:05
eastmoney_guba,002055,1721791608,这货你们也敢下手，你们的钱是欢乐豆吗？,,股友28872Rf000,1242336560709176,2026-06-05 23:28:10,754,4,1,0,True,False,"https://guba.eastmoney.com/news,002055,1721791608.html",2026-07-06 17:09:05
eastmoney_guba,002055,1721795842,那个在门口数车的垃圾去哪里了，害我亏钱,,钱老大啊,4267395771723648,2026-06-06 00:00:53,60,1,0,0,False,False,"https://guba.eastmoney.com/news,002055,1721795842.html",2026-07-06 17:09:05
eastmoney_guba,002055,1721825551,唯一的好处是这货只有5个点跌幅，下星期外面全是10个点下跌,,快乐的攻城狮,2955094502594692,2026-06-06 07:31:39,51,0,0,0,False,False,"https://guba.eastmoney.com/news,002055,1721825551.html",2026-07-06 17:09:05
eastmoney_guba,002055,1721827789,撤了，德润彻底死了下周还是天天跌停，主力不计成本砸盘就是出最后的货,,股友3966M3y561,4717087682060226,2026-06-06 07:48:24,28,0,0,0,False,False,"https://guba.eastmoney.com/news,002055,1721827789.html",2026-07-06 17:09:05
eastmoney_guba,002055,1721827967,你们玩吧，德润只有一路暴跌中间没有任何反弹到4元了,,股友3966M3y561,4717087682060226,2026-06-06 07:49:28,40,0,0,0,False,False,"https://guba.eastmoney.com/news,002055,1721827967.html",2026-07-06 17:09:05
eastmoney_guba,002055,1721828375,八个一字板然后天地板出货一路暴跌出最后的货，经典案例值得学习,,股友3966M3y561,4717087682060226,2026-06-06 07:51:52,94,1,0,0,False,False,"https://guba.eastmoney.com/news,002055,1721828375.html",2026-07-06 17:09:05
eastmoney_guba,002055,1721830338,下个星期。砸出黄金坑。,,见好就收5859,3960047762213936,2026-06-06 08:04:59,63,2,0,0,False,False,"https://guba.eastmoney.com/news,002055,1721830338.html",2026-07-06 17:09:02
eastmoney_guba,002055,1721830517,周一跌停6.11元，周二会破6元吗？主力没有那么傻让你们抄底,,股友3966M3y561,4717087682060226,2026-06-06 08:06:38,208,5,0,0,False,False,"https://guba.eastmoney.com/news,002055,1721830517.html",2026-07-06 17:09:02
eastmoney_guba,002055,1721840654,高速铜线缆里，价格最低.市值最低，而且扭亏为盈。到2027年一季报有摘帽预期，立,,拉萨第十军团,6141094080169066,2026-06-06 09:21:54,400,3,0,0,True,False,"https://guba.eastmoney.com/news,002055,1721840654.html",2026-07-06 17:09:02
eastmoney_guba,002055,1721840696,周线光头大阴，下周还会下探6元左右，如果不拉起来只能暴跌到4元,,股友3966M3y561,4717087682060226,2026-06-06 09:22:20,55,1,0,0,False,False,"https://guba.eastmoney.com/news,002055,1721840696.html",2026-07-06 17:09:02
eastmoney_guba,002055,1721845185,逾期债务都计提了，只是现在没现金还而已，逼急了最多把得润大厦卖了还债而已！人家又,,股友8Y76507U23,8855077296698044,2026-06-06 09:49:01,321,2,1,0,False,False,"https://guba.eastmoney.com/news,002055,1721845185.html",2026-07-06 17:09:02
eastmoney_guba,002055,1721849247,在科技股报团的资金会流向中小盘。st得润困境反转，行业高景气度。具备长期投资价值,,股市小羔羊,3561396025664456,2026-06-06 10:15:33,163,2,0,0,False,False,"https://guba.eastmoney.com/news,002055,1721849247.html",2026-07-06 17:09:02
eastmoney_guba,002055,1721852830,抢筹码300232,,后贝加尔斯克,7154013321195756,2026-06-06 10:46:10,49,0,0,0,False,False,"https://guba.eastmoney.com/news,002055,1721852830.html",2026-07-06 17:09:02
eastmoney_guba,002055,1721852963,利好公告来了，公司配合主力把散户都踢出来了开始一字板了，举报他们操纵股价,,股友3966M3y561,4717087682060226,2026-06-06 10:47:20,216,4,0,0,False,False,"https://guba.eastmoney.com/news,002055,1721852963.html",2026-07-06 17:09:02
eastmoney_guba,002055,1721858755,这票你们也敢买，真是些小散，分分钟退市,,海盗船长macd,4041306360146342,2026-06-06 11:37:54,55,1,0,0,False,False,"https://guba.eastmoney.com/news,002055,1721858755.html",2026-07-06 17:09:02
eastmoney_guba,002055,1721860710,美股科技暴跌，这货注定要回归到6块以下，股权不明，不符合各方利益！长期看，会在5,,股友530T1z3386,2132014897999618,2026-06-06 11:56:46,185,5,3,0,False,False,"https://guba.eastmoney.com/news,002055,1721860710.html",2026-07-06 17:09:02
eastmoney_guba,002055,1721861455,大家做好几个月不拉升的准备，空仓等黄金坑，我是低吸哥,,傲寒的秦岚,5793047755670376,2026-06-06 12:03:58,66,1,0,0,False,False,"https://guba.eastmoney.com/news,002055,1721861455.html",2026-07-06 17:09:02
eastmoney_guba,002055,1721861752,两个多星期像梦游了一样，做了个过山车，应该有好多人没卖的吧，不可能都是高手在高点,,知足常乐对吧,9052386172588498,2026-06-06 12:07:08,206,5,0,0,False,False,"https://guba.eastmoney.com/news,002055,1721861752.html",2026-07-06 17:09:02
eastmoney_guba,002055,1721863952,有投资者索赔吗？公司计提那么多钱给谁？,,财富自选股,8904113740107672,2026-06-06 12:29:13,43,0,0,0,False,False,"https://guba.eastmoney.com/news,002055,1721863952.html",2026-07-06 17:09:02
eastmoney_guba,002055,1721864758,得润股吧不是很多人喜欢蹭英伟达概念吗？美股科技盘暴跌，我看周一你们准备猴赛雷吧,,爱吃小龙虾的某人,9632406849024428,2026-06-06 12:39:02,184,5,0,0,False,False,"https://guba.eastmoney.com/news,002055,1721864758.html",2026-07-06 17:09:02
eastmoney_guba,002055,1721865180,下周四个跌停至少,,股友579yv97129,8518077568525522,2026-06-06 12:44:28,149,5,0,0,False,False,"https://guba.eastmoney.com/news,002055,1721865180.html",2026-07-06 17:09:02
eastmoney_guba,002055,1721865902,准备好现金，明天买点割肉筹码,,k线背后,7688113823893366,2026-06-06 12:53:25,72,2,0,0,False,False,"https://guba.eastmoney.com/news,002055,1721865902.html",2026-07-06 17:09:02
eastmoney_guba,002055,1721868763,化债的可能性,,坐等财务自由,8209094368628686,2026-06-06 13:26:17,655,6,0,0,False,False,"https://guba.eastmoney.com/news,002055,1721868763.html",2026-07-06 17:09:02
eastmoney_guba,002055,1721874545,一群涨了喊涨跌了喊跌的人，这种人只能是赔钱货，趁早拉黑吧,,卖飞狗真蠢啊,6226256092967134,2026-06-06 14:38:18,52,0,0,0,False,False,"https://guba.eastmoney.com/news,002055,1721874545.html",2026-07-06 17:09:02
eastmoney_guba,002055,1721877137,许多主力的马甲，恐吓大家要砸盘。七八块空仓的兄弟，不要慌先在一边看戏。看看他们怎,,傲寒的秦岚,5793047755670376,2026-06-06 15:09:10,99,1,0,0,False,False,"https://guba.eastmoney.com/news,002055,1721877137.html",2026-07-06 17:09:02
eastmoney_guba,002055,1721883883,老美大跌，这货扛得住吗,,股友2A250D3037,9500057605543654,2026-06-06 16:31:40,100,2,0,0,False,False,"https://guba.eastmoney.com/news,002055,1721883883.html",2026-07-06 17:09:02
eastmoney_guba,002055,1721903582,后天要破4000点了,,得润两位数,3290024582242248,2026-06-06 20:45:05,48,1,0,0,False,False,"https://guba.eastmoney.com/news,002055,1721903582.html",2026-07-06 17:09:02
eastmoney_guba,002055,1721912398,下周直接奔4块去了，亏麻,,海盗船长macd,4041306360146342,2026-06-06 22:40:31,67,1,0,0,False,False,"https://guba.eastmoney.com/news,002055,1721912398.html",2026-07-06 17:09:02
eastmoney_guba,002055,1721915442,这个有机器人概念哦,,股友3c6g286128,9244117295949846,2026-06-06 23:28:54,83,2,0,0,False,False,"https://guba.eastmoney.com/news,002055,1721915442.html",2026-07-06 17:09:02
eastmoney_guba,002055,1721930927,这次破新低板上钉钉,,股友579yv97129,8518077568525522,2026-06-07 08:59:43,74,2,0,0,False,False,"https://guba.eastmoney.com/news,002055,1721930927.html",2026-07-06 17:09:02
eastmoney_guba,002055,1721937811,意大利meta子公司的司法重整进程。期待顺益亚太提交重整方案,,股市小羔羊,3561396025664456,2026-06-07 10:34:52,564,5,0,0,True,False,"https://guba.eastmoney.com/news,002055,1721937811.html",2026-07-06 17:09:02
eastmoney_guba,002055,1721939256,果断调仓300232AI和机器人光显没备龙头股洲明科技,,后贝加尔斯克,7154013321195756,2026-06-07 10:53:08,73,2,0,0,False,False,"https://guba.eastmoney.com/news,002055,1721939256.html",2026-07-06 17:09:02
eastmoney_guba,002055,1721949993,呵呵俺也唱空，得润估计得下行至0.7左右，最后面值退市，该走的快走吧！俺脑子不好,,wjxhx,6560013752324024,2026-06-07 13:19:11,60,0,0,0,False,False,"https://guba.eastmoney.com/news,002055,1721949993.html",2026-07-06 17:09:02
eastmoney_guba,002055,1721957170,虽然持有看好，但是科技股大跌，总感觉这货也会跟跌。,,狗头出击,2303077280306978,2026-06-07 15:07:52,167,4,0,0,False,False,"https://guba.eastmoney.com/news,002055,1721957170.html",2026-07-06 17:09:02
eastmoney_guba,002055,1721958587,坏消息明天血崩好消息我们只跌百分之五,,加仓嘉措仓又嘉措,7957007302973034,2026-06-07 15:29:37,84,2,0,0,False,False,"https://guba.eastmoney.com/news,002055,1721958587.html",2026-07-06 17:09:02
eastmoney_guba,002055,1721959745,鹤山得润会不会给港荣一点股份？？？邱家还是控股鹤山得润，但是占比小一点，给点国资,,得润两位数,3290024582242248,2026-06-07 15:43:51,81,0,0,0,False,False,"https://guba.eastmoney.com/news,002055,1721959745.html",2026-07-06 17:09:02
eastmoney_guba,002055,1721975244,幸亏来这躲一手，明天顶多跌5%，存储至少跌8个点,,基民6f835o2589,5315346467032500,2026-06-07 18:57:39,51,0,0,0,False,False,"https://guba.eastmoney.com/news,002055,1721975244.html",2026-07-06 17:09:02
eastmoney_guba,002055,1721981054,科技报团资金将流向中小盘。不要悲观。长线持有半年以上才有好的回报,,股市小羔羊,3561396025664456,2026-06-07 20:00:21,73,0,0,0,False,False,"https://guba.eastmoney.com/news,002055,1721981054.html",2026-07-06 17:09:02
eastmoney_guba,002055,1721986529,科技与st板块跷跷板，那么问题来了，周一它是跟ST，还是跟科技,,股友pesMpc0627,2232385537831922,2026-06-07 20:56:12,82,1,0,0,False,False,"https://guba.eastmoney.com/news,002055,1721986529.html",2026-07-06 17:09:02
eastmoney_guba,002055,1721991203,感觉明天还会跌，躺好等加仓了,,舍得润,4484346120850282,2026-06-07 21:41:38,34,0,0,0,False,False,"https://guba.eastmoney.com/news,002055,1721991203.html",2026-07-06 17:09:02
eastmoney_guba,002055,1721996118,明天大家都看空，反而是不错的低吸机会。预判得润，明天主力借美股周五大跌，制造恐慌,,掘金高歌,5238386190584350,2026-06-07 22:28:04,105,0,0,0,False,False,"https://guba.eastmoney.com/news,002055,1721996118.html",2026-07-06 17:09:02
eastmoney_guba,002055,1721996610,明天撤退,,反面教科书,8548094341034744,2026-06-07 22:33:16,43,0,0,0,False,False,"https://guba.eastmoney.com/news,002055,1721996610.html",2026-07-06 17:09:02
eastmoney_guba,002055,1721996961,*ST八钢（600581）6月5日公告：拟以13.6亿元向控股股东转让新疆焦煤集,,傲寒的秦岚,5793047755670376,2026-06-07 22:37:07,166,0,0,0,False,False,"https://guba.eastmoney.com/news,002055,1721996961.html",2026-07-06 17:09:02
eastmoney_guba,002055,1721998526,一轮完整的A杀，要解套可就难了,,多米的天空,8268004870663662,2026-06-07 22:53:33,45,0,0,0,False,False,"https://guba.eastmoney.com/news,002055,1721998526.html",2026-07-06 17:09:02
eastmoney_guba,002055,1722001308,下周至少三个跌停,,股友579yv97129,8518077568525522,2026-06-07 23:28:42,58,3,0,0,False,False,"https://guba.eastmoney.com/news,002055,1722001308.html",2026-07-06 17:09:02
eastmoney_guba,002055,1722007059,低开4个点封死跌停,,影星冰,3119057060230904,2026-06-08 01:59:22,70,3,0,0,False,False,"https://guba.eastmoney.com/news,002055,1722007059.html",2026-07-06 17:09:02
eastmoney_guba,002055,1722009610,@妙想ST得润现在挂单量,,wjxhx,6560013752324024,2026-06-08 05:35:36,203,1,0,0,False,False,"https://guba.eastmoney.com/news,002055,1722009610.html",2026-07-06 17:09:02
eastmoney_guba,002055,1722017600,今天6.12元开盘，瞬间封死跌停6.11元,,股友3966M3y561,4717087682060226,2026-06-08 07:50:43,44,1,0,0,False,False,"https://guba.eastmoney.com/news,002055,1722017600.html",2026-07-06 17:09:02
eastmoney_guba,002055,1722017749,明天必须破6元才能吓出更多恐慌盘达到主力绝杀游资散户的目的,,股友3966M3y561,4717087682060226,2026-06-08 07:52:28,49,1,0,0,False,False,"https://guba.eastmoney.com/news,002055,1722017749.html",2026-07-06 17:09:02
eastmoney_guba,002055,1722018020,游资散户不割肉只能往下使劲砸盘，砸到游资散户彻底绝望,,股友3966M3y561,4717087682060226,2026-06-08 07:55:15,48,1,0,0,False,False,"https://guba.eastmoney.com/news,002055,1722018020.html",2026-07-06 17:09:02
eastmoney_guba,002055,1722020669,5.5元不是底，5元更不是底，什么时候散户游资全部割肉才能到底部,,股友3966M3y561,4717087682060226,2026-06-08 08:12:12,36,1,0,0,False,False,"https://guba.eastmoney.com/news,002055,1722020669.html",2026-07-06 17:09:02
eastmoney_guba,002055,1722022471,今天直接按地板上，这个月到3块钱,,海盗船长macd,4041306360146342,2026-06-08 08:20:54,27,0,0,0,False,False,"https://guba.eastmoney.com/news,002055,1722022471.html",2026-07-06 17:09:02
eastmoney_guba,002055,1722029092,就是不卖跟他退市在唱空也没用哈哈,,沈阳芭菲菜,1764326049115564,2026-06-08 08:47:11,32,0,0,0,False,False,"https://guba.eastmoney.com/news,002055,1722029092.html",2026-07-06 17:09:02
eastmoney_guba,002055,1722036809,今天给lz涨停,,富有发财的雨秋,3887316231220598,2026-06-08 09:09:51,33,0,0,0,False,False,"https://guba.eastmoney.com/news,002055,1722036809.html",2026-07-06 17:09:02
eastmoney_guba,002055,1722039651,头晕正常的,,我勒个烧缸,8844017608558072,2026-06-08 09:15:42,32,0,0,0,False,False,"https://guba.eastmoney.com/news,002055,1722039651.html",2026-07-06 17:09:02
eastmoney_guba,002055,1722044806,今天按死跌停板,,吉祥满斗得周芷若,3470385785802442,2026-06-08 09:20:33,34,2,0,0,False,False,"https://guba.eastmoney.com/news,002055,1722044806.html",2026-07-06 17:09:02
eastmoney_guba,002055,1722047129,ST中迪,,傲寒的秦岚,5793047755670376,2026-06-08 09:22:09,34,1,0,0,False,False,"https://guba.eastmoney.com/news,002055,1722047129.html",2026-07-06 17:09:02
eastmoney_guba,002055,1722048381,头晕是正常的，在这里也有个好处，就是只能跌5个点，小散子们,,海盗船长macd,4041306360146342,2026-06-08 09:23:02,27,0,0,0,False,False,"https://guba.eastmoney.com/news,002055,1722048381.html",2026-07-06 17:09:02
eastmoney_guba,002055,1722056642,破6块再来看，先去st中迪,,傲寒的秦岚,5793047755670376,2026-06-08 09:25:23,35,0,0,0,False,False,"https://guba.eastmoney.com/news,002055,1722056642.html",2026-07-06 17:09:02
eastmoney_guba,002055,1722067271,再来一个跌停我就要开始加仓了,,我勒个烧缸,8844017608558072,2026-06-08 09:26:38,34,1,0,0,False,False,"https://guba.eastmoney.com/news,002055,1722067271.html",2026-07-06 17:09:02
eastmoney_guba,002055,1722070364,你大不了跌百分之五个点,,股友23t2768y71,9886027404523290,2026-06-08 09:28:12,33,1,0,0,False,False,"https://guba.eastmoney.com/news,002055,1722070364.html",2026-07-06 17:09:02
eastmoney_guba,002055,1722071222,今天地天板,,财富自选股,8904113740107672,2026-06-08 09:28:46,27,0,0,0,False,False,"https://guba.eastmoney.com/news,002055,1722071222.html",2026-07-06 17:09:02
eastmoney_guba,002055,1722072501,还好只能跌5个点,,得润两位数,3290024582242248,2026-06-08 09:29:36,27,0,0,0,False,False,"https://guba.eastmoney.com/news,002055,1722072501.html",2026-07-06 17:09:02
eastmoney_guba,002055,1722105857,赶紧跌停，搞得我亏不起一样,,梦想成真945,6933326091029750,2026-06-08 09:38:51,35,0,0,0,False,False,"https://guba.eastmoney.com/news,002055,1722105857.html",2026-07-06 17:09:02
eastmoney_guba,002055,1722117609,说来运气也好，上星期基本清了所有的票。为了主力可能要实行ST闻泰的剧本。快点砸盘,,傲寒的秦岚,5793047755670376,2026-06-08 09:42:40,57,1,0,0,False,False,"https://guba.eastmoney.com/news,002055,1722117609.html",2026-07-06 17:09:02
eastmoney_guba,002055,1722127534,调仓300232,,后贝加尔斯克,7154013321195756,2026-06-08 09:45:46,37,0,0,0,False,False,"https://guba.eastmoney.com/news,002055,1722127534.html",2026-07-06 17:09:02
eastmoney_guba,002055,1722141968,快点按死跌停咯，搞的我亏不起一样,,海盗船长macd,4041306360146342,2026-06-08 09:50:22,32,0,0,0,False,False,"https://guba.eastmoney.com/news,002055,1722141968.html",2026-07-06 17:09:02
eastmoney_guba,002055,1722160467,上当了，中天科技从早上44元差不多50块了。等你这个破东西跌。,,傲寒的秦岚,5793047755670376,2026-06-08 09:56:41,55,1,0,0,False,False,"https://guba.eastmoney.com/news,002055,1722160467.html",2026-07-06 17:09:02
eastmoney_guba,002055,1722167523,不要抱有任何幻想，今天不会低于三个点跌幅,,股友579yv97129,8518077568525522,2026-06-08 09:59:23,39,2,0,0,False,False,"https://guba.eastmoney.com/news,002055,1722167523.html",2026-07-06 17:09:02
eastmoney_guba,002055,1722180928,我在鹤山得润上班，有什么玩了解的尽管问,,基民6f835o2589,5315346467032500,2026-06-08 10:04:31,735,12,1,0,False,False,"https://guba.eastmoney.com/news,002055,1722180928.html",2026-07-06 17:09:00
eastmoney_guba,002055,1722182484,看看隔壁东尼,,得润两位数,3290024582242248,2026-06-08 10:05:05,32,0,0,0,False,False,"https://guba.eastmoney.com/news,002055,1722182484.html",2026-07-06 17:09:02
eastmoney_guba,002055,1722183093,又在诱多，散户不要上当了，下午还的跌停,,股友3966M3y561,4717087682060226,2026-06-08 10:05:19,35,1,0,0,False,False,"https://guba.eastmoney.com/news,002055,1722183093.html",2026-07-06 17:09:02
eastmoney_guba,002055,1722185385,大家去买东尼，别在这货浪费时间了，已经走单边下跌行情，还没到抄底时机！！！先跟上,,股友2CL1625298,6613037356124308,2026-06-08 10:06:08,78,4,0,0,False,False,"https://guba.eastmoney.com/news,002055,1722185385.html",2026-07-06 17:09:00
eastmoney_guba,002055,1722193382,这里有专玩st的老师吗,,寂寥星河,1483087052899332,2026-06-08 10:09:21,31,0,0,0,False,False,"https://guba.eastmoney.com/news,002055,1722193382.html",2026-07-06 17:09:02
eastmoney_guba,002055,1722212996,下午万手大单开始砸盘，小心跌停,,股友3966M3y561,4717087682060226,2026-06-08 10:17:51,41,1,0,0,False,False,"https://guba.eastmoney.com/news,002055,1722212996.html",2026-07-06 17:09:02
eastmoney_guba,002055,1722216694,空狗又得哭晕在厕所里,,好风长吟,4179386109771602,2026-06-08 10:19:31,44,1,0,0,False,False,"https://guba.eastmoney.com/news,002055,1722216694.html",2026-07-06 17:09:02
eastmoney_guba,002055,1722227032,每次都让你感觉要涨了，接盘后就给你一个兜,,博学多才的小鱼,1190094345248964,2026-06-08 10:23:57,32,0,0,0,False,False,"https://guba.eastmoney.com/news,002055,1722227032.html",2026-07-06 17:09:02
eastmoney_guba,002055,1722232398,下午又是一个大比兜，哈哈,,海盗船长macd,4041306360146342,2026-06-08 10:26:24,34,0,0,0,False,False,"https://guba.eastmoney.com/news,002055,1722232398.html",2026-07-06 17:09:02
eastmoney_guba,002055,1722233999,有没有比我亏的多的21个点,,股友2372T3l790,5823077701892008,2026-06-08 10:27:11,253,11,1,0,False,False,"https://guba.eastmoney.com/news,002055,1722233999.html",2026-07-06 17:09:00
eastmoney_guba,002055,1722256854,前十大股东持股百分之十，相当于百分之九十筹码在散户手里这个怎么拉啊,,寂寥星河,1483087052899332,2026-06-08 10:37:56,48,0,0,0,False,False,"https://guba.eastmoney.com/news,002055,1722256854.html",2026-07-06 17:09:02
eastmoney_guba,002055,1722267675,没有半年起不来，打趴了,,股友Ri51325559,2973416635560782,2026-06-08 10:43:43,36,0,0,0,False,False,"https://guba.eastmoney.com/news,002055,1722267675.html",2026-07-06 17:09:02
eastmoney_guba,002055,1722284884,这股资金太脏了,,股友7bGrRB,7556375694655340,2026-06-08 10:52:34,38,0,0,0,False,False,"https://guba.eastmoney.com/news,002055,1722284884.html",2026-07-06 17:09:02
eastmoney_guba,002055,1722288234,最垃圾的走法！最恶毒的主力！,,富贵在心,1268316064360946,2026-06-08 10:54:22,40,0,0,0,False,False,"https://guba.eastmoney.com/news,002055,1722288234.html",2026-07-06 17:09:02
eastmoney_guba,002055,1722292367,红二分有开始向下啦果然是扶不起的阿斗,,团团梓,5110017567741384,2026-06-08 10:56:40,42,0,0,0,False,False,"https://guba.eastmoney.com/news,002055,1722292367.html",2026-07-06 17:09:02
eastmoney_guba,002055,1722302687,拉萨兵团，神勇！威武！,,诚恳的曾轶穗,7415094328733630,2026-06-08 11:02:17,47,0,0,0,False,False,"https://guba.eastmoney.com/news,002055,1722302687.html",2026-07-06 17:09:02
eastmoney_guba,002055,1722305066,同20个点,,股友0P23y56811,5723057634283254,2026-06-08 11:03:37,47,0,0,0,False,False,"https://guba.eastmoney.com/news,002055,1722305066.html",2026-07-06 17:09:02
eastmoney_guba,002055,1722319875,各位水鱼，卖卖卖！！！！！,,ffffffgghhhh,6378325836212464,2026-06-08 11:11:38,37,0,0,0,False,False,"https://guba.eastmoney.com/news,002055,1722319875.html",2026-07-06 17:09:00
eastmoney_guba,002055,1722335154,不要幻想，下午只有暴跌！下午只有暴跌！下午只有暴跌！,,股友3966M3y561,4717087682060226,2026-06-08 11:19:59,49,2,0,0,False,False,"https://guba.eastmoney.com/news,002055,1722335154.html",2026-07-06 17:09:00
eastmoney_guba,002055,1722341286,都跌到起涨点了，还卖个毛,,我在情绪之外,9194047483250996,2026-06-08 11:23:40,50,1,0,0,False,False,"https://guba.eastmoney.com/news,002055,1722341286.html",2026-07-06 17:09:00
eastmoney_guba,002055,1722354198,这是个什么垃圾,,博学多才的小鱼,1190094345248964,2026-06-08 11:31:11,31,0,0,0,False,False,"https://guba.eastmoney.com/news,002055,1722354198.html",2026-07-06 17:09:00
eastmoney_guba,002055,1722361694,6.10缺口明天补,,欧阳阿玛,9185075119519034,2026-06-08 11:39:10,49,2,0,0,False,False,"https://guba.eastmoney.com/news,002055,1722361694.html",2026-07-06 17:09:00
eastmoney_guba,002055,1722363902,没有任何反弹吗？,,得润两位数,3290024582242248,2026-06-08 11:42:19,29,0,0,0,False,False,"https://guba.eastmoney.com/news,002055,1722363902.html",2026-07-06 17:09:00
eastmoney_guba,002055,1722386822,不会跌太多,,股海1111111,9579513714835876,2026-06-08 12:39:20,42,0,0,0,False,False,"https://guba.eastmoney.com/news,002055,1722386822.html",2026-07-06 17:09:00
eastmoney_guba,002055,1722409982,庄的货出的差不多了，没有筹码砸盘了，,,博学多才的小鱼,1190094345248964,2026-06-08 13:08:06,31,0,0,0,False,False,"https://guba.eastmoney.com/news,002055,1722409982.html",2026-07-06 17:09:00
eastmoney_guba,002055,1722413782,要走吗，20个点,,股友0P23y56811,5723057634283254,2026-06-08 13:10:28,57,2,0,0,False,False,"https://guba.eastmoney.com/news,002055,1722413782.html",2026-07-06 17:09:00
eastmoney_guba,002055,1722422629,达华猛拉了,,得润两位数,3290024582242248,2026-06-08 13:15:25,30,0,0,0,False,False,"https://guba.eastmoney.com/news,002055,1722422629.html",2026-07-06 17:09:00
eastmoney_guba,002055,1722428869,牛逼了这今天继续砸地板吗,,得润两位数,3290024582242248,2026-06-08 13:18:43,27,0,0,0,False,False,"https://guba.eastmoney.com/news,002055,1722428869.html",2026-07-06 17:09:00
eastmoney_guba,002055,1722429018,散户看好的票，你说会涨吗？,,博学多才的小鱼,1190094345248964,2026-06-08 13:18:47,32,0,0,0,False,False,"https://guba.eastmoney.com/news,002055,1722429018.html",2026-07-06 17:09:00
eastmoney_guba,002055,1722431718,选择大于努力啊,,混沌摸金,4720245820142118,2026-06-08 13:20:04,106,0,0,0,True,False,"https://guba.eastmoney.com/news,002055,1722431718.html",2026-07-06 17:09:00
eastmoney_guba,002055,1722433163,还有人敢来买吗？,,得润两位数,3290024582242248,2026-06-08 13:20:47,37,0,0,0,False,False,"https://guba.eastmoney.com/news,002055,1722433163.html",2026-07-06 17:09:00
eastmoney_guba,002055,1722440597,大兄弟，今天要来个涨停拿拿味吗,,我在情绪之外,9194047483250996,2026-06-08 13:24:24,46,1,0,0,False,False,"https://guba.eastmoney.com/news,002055,1722440597.html",2026-07-06 17:09:00
eastmoney_guba,002055,1722457008,得润已经严重超跌了，今天主力收集筹码，明天不会再有这么便宜的筹码了。,,掘金高歌,5238386190584350,2026-06-08 13:33:03,102,2,0,0,False,False,"https://guba.eastmoney.com/news,002055,1722457008.html",2026-07-06 17:09:00
eastmoney_guba,002055,1722462423,硬抗只会赔的裤衩子都不剩，少亏就是赚要懂止损，两个月后三元必破的,,股友579yv97129,8518077568525522,2026-06-08 13:35:39,45,1,1,0,False,False,"https://guba.eastmoney.com/news,002055,1722462423.html",2026-07-06 17:09:00
eastmoney_guba,002055,1722469241,这股短期废了，全是家人们在买,,无敌刘神,7298386327098966,2026-06-08 13:38:39,39,1,0,0,False,False,"https://guba.eastmoney.com/news,002055,1722469241.html",2026-07-06 17:09:00
eastmoney_guba,002055,1722479089,这庄太牛逼了,,得润两位数,3290024582242248,2026-06-08 13:43:08,35,0,0,0,False,False,"https://guba.eastmoney.com/news,002055,1722479089.html",2026-07-06 17:09:00
eastmoney_guba,002055,1722488469,这垃圾亏了30个点了,,吉祥满斗得周芷若,3470385785802442,2026-06-08 13:47:01,46,1,0,0,False,False,"https://guba.eastmoney.com/news,002055,1722488469.html",2026-07-06 17:09:00
eastmoney_guba,002055,1722500179,7块多的时候我就说就是阶段性高点，无奈有些多头不看实际，天天意翻倍,,我就只有耐心,4562037441809234,2026-06-08 13:53:14,38,0,0,0,False,False,"https://guba.eastmoney.com/news,002055,1722500179.html",2026-07-06 17:09:00
eastmoney_guba,002055,1722500404,拉剧吧,,炎火焱,7443395763250832,2026-06-08 13:53:22,34,0,0,0,False,False,"https://guba.eastmoney.com/news,002055,1722500404.html",2026-07-06 17:09:00
eastmoney_guba,002055,1722503536,跌停抄底的，等着明天又割，没有进的不要进了，进来的不要割了，,,云南小散nie,3561017753135412,2026-06-08 13:55:07,40,0,0,0,False,False,"https://guba.eastmoney.com/news,002055,1722503536.html",2026-07-06 17:09:00
eastmoney_guba,002055,1722504289,这一波白涨了。本来就落后其他股一倍，好不容易补涨了一点又归零了,,o痕迹o,4802306288363612,2026-06-08 13:55:34,68,2,0,0,False,False,"https://guba.eastmoney.com/news,002055,1722504289.html",2026-07-06 17:09:00
eastmoney_guba,002055,1722508216,@得润电子：涨一点你就出来公告瞎BB，最近跌的没影了，咋就不见你出来BB一哈，什,,兰州雨轩,1930396480838492,2026-06-08 13:58:03,43,0,0,0,False,False,"https://guba.eastmoney.com/news,002055,1722508216.html",2026-07-06 17:09:00
eastmoney_guba,002055,1722510378,6.4元的本不知道今年怎么样,,发芽的土豆丝,9798326339346518,2026-06-08 13:59:18,65,2,0,0,False,False,"https://guba.eastmoney.com/news,002055,1722510378.html",2026-07-06 17:09:00
eastmoney_guba,002055,1722512449,大家都知道跟英特尔有合作，跟华为这些没有合作，发个跟华为没有合作公告，现在怎么不,,云南小散nie,3561017753135412,2026-06-08 14:00:37,58,0,0,0,False,False,"https://guba.eastmoney.com/news,002055,1722512449.html",2026-07-06 17:09:00
eastmoney_guba,002055,1722521572,标标又准准的A杀，没大半年不用想什么行情。,,资深股市消费者,4135037584452484,2026-06-08 14:06:33,49,1,0,0,False,False,"https://guba.eastmoney.com/news,002055,1722521572.html",2026-07-06 17:09:00
eastmoney_guba,002055,1722522403,走了，认亏,,st大平头,3943305709821276,2026-06-08 14:07:04,64,3,0,0,False,False,"https://guba.eastmoney.com/news,002055,1722522403.html",2026-07-06 17:09:00
eastmoney_guba,002055,1722533845,已经进入多杀多的恶性循环，无休止的下跌下去了,,人生巅峰进行曲,6778013800753264,2026-06-08 14:14:38,36,0,0,0,False,False,"https://guba.eastmoney.com/news,002055,1722533845.html",2026-07-06 17:09:00
eastmoney_guba,002055,1722539310,今年年线收在三块附近，还有的跌,,股友579yv97129,8518077568525522,2026-06-08 14:18:11,34,0,0,0,False,False,"https://guba.eastmoney.com/news,002055,1722539310.html",2026-07-06 17:09:00
eastmoney_guba,002055,1722541894,来个穿云箭，千军万马来相见,,博学多才的小鱼,1190094345248964,2026-06-08 14:20:05,43,1,0,0,False,False,"https://guba.eastmoney.com/news,002055,1722541894.html",2026-07-06 17:09:00
eastmoney_guba,002055,1722543370,今天5000只股，大部分都在跳水了。空仓无心事。,,傲寒的秦岚,5793047755670376,2026-06-08 14:21:09,43,0,0,0,False,False,"https://guba.eastmoney.com/news,002055,1722543370.html",2026-07-06 17:09:00
eastmoney_guba,002055,1722546250,这个位置要是还跌就可以割了,,我勒个烧缸,8844017608558072,2026-06-08 14:23:17,102,4,0,0,False,False,"https://guba.eastmoney.com/news,002055,1722546250.html",2026-07-06 17:09:00
eastmoney_guba,002055,1722572548,拉起来啊，我全仓了,,潘甜甜1,3603037267313506,2026-06-08 14:42:24,36,0,0,0,False,False,"https://guba.eastmoney.com/news,002055,1722572548.html",2026-07-06 17:09:00
eastmoney_guba,002055,1722581080,为什么他每次尾盘都要下杀呢,,股友7bGrRB,7556375694655340,2026-06-08 14:48:15,70,2,0,0,False,False,"https://guba.eastmoney.com/news,002055,1722581080.html",2026-07-06 17:09:00
eastmoney_guba,002055,1722585303,最后一刻跌停给你看,,博学多才的小鱼,1190094345248964,2026-06-08 14:50:59,38,0,0,0,False,False,"https://guba.eastmoney.com/news,002055,1722585303.html",2026-07-06 17:09:00
eastmoney_guba,002055,1722592680,割肉了,,月月最棒了,4939067429521262,2026-06-08 14:55:24,62,2,0,0,False,False,"https://guba.eastmoney.com/news,002055,1722592680.html",2026-07-06 17:09:00
eastmoney_guba,002055,1722600720,2点54分那个4900手谁买的？？,,得润两位数,3290024582242248,2026-06-08 15:01:13,90,1,0,0,False,False,"https://guba.eastmoney.com/news,002055,1722600720.html",2026-07-06 17:09:00
eastmoney_guba,002055,1722606286,$ST得润(SZ002055)$,,掘金高歌,5238386190584350,2026-06-08 15:06:29,524,4,0,0,True,False,"https://guba.eastmoney.com/news,002055,1722606286.html",2026-07-06 17:09:00
eastmoney_guba,002055,1722611119,等待价值回归.此价位此赛道.不会退市.还想要什么？,,张纵横,9944396220366482,2026-06-08 15:11:57,76,2,0,0,False,False,"https://guba.eastmoney.com/news,002055,1722611119.html",2026-07-06 17:09:00
eastmoney_guba,002055,1722614053,st股也玩A杀？,,美联储伯南克,7734094240960896,2026-06-08 15:16:35,34,0,0,0,False,False,"https://guba.eastmoney.com/news,002055,1722614053.html",2026-07-06 17:09:00
eastmoney_guba,002055,1722615867,明天不破6元我不是人，今天早盘反弹又吸引进一批散户,,股友3966M3y561,4717087682060226,2026-06-08 15:20:03,158,6,0,0,False,False,"https://guba.eastmoney.com/news,002055,1722615867.html",2026-07-06 17:09:00
eastmoney_guba,002055,1722617061,今日净流出2057万，连续五日净流出5.3亿，明天必破6元,,股友3966M3y561,4717087682060226,2026-06-08 15:22:16,42,0,0,0,False,False,"https://guba.eastmoney.com/news,002055,1722617061.html",2026-07-06 17:09:00
eastmoney_guba,002055,1722621699,明天一字板了，晚上有公告,,股友w506E26765,2522027552167704,2026-06-08 15:31:52,422,7,0,0,False,False,"https://guba.eastmoney.com/news,002055,1722621699.html",2026-07-06 17:09:00
eastmoney_guba,002055,1722622492,我等它市值20亿的时候在来买，各位家人们先撑住,,股友83I3218X18,1686346081288234,2026-06-08 15:33:37,54,1,0,0,False,False,"https://guba.eastmoney.com/news,002055,1722622492.html",2026-07-06 17:09:00
eastmoney_guba,002055,1722631702,从5.82元起来8个一字板，然后直线A杀到4.5元，磨底盘整六月后再小幅攀升,,股友3966M3y561,4717087682060226,2026-06-08 15:55:21,64,0,0,0,False,False,"https://guba.eastmoney.com/news,002055,1722631702.html",2026-07-06 17:09:00
eastmoney_guba,002055,1722636191,拉尾盘明天是不是又要跌,,汤圆团团梓,4449107580223568,2026-06-08 16:06:49,40,0,0,0,False,False,"https://guba.eastmoney.com/news,002055,1722636191.html",2026-07-06 17:09:00
eastmoney_guba,002055,1722638322,这尾盘形态，立帖为证,,hji53cddz,5066087450784088,2026-06-08 16:12:46,147,2,0,0,False,False,"https://guba.eastmoney.com/news,002055,1722638322.html",2026-07-06 17:09:00
eastmoney_guba,002055,1722644610,板上钉钉了,,股友579yv97129,8518077568525522,2026-06-08 16:31:50,56,0,0,0,False,False,"https://guba.eastmoney.com/news,002055,1722644610.html",2026-07-06 17:09:00
eastmoney_guba,002055,1722644761,这次机构收割了一波,,傲寒的秦岚,5793047755670376,2026-06-08 16:32:16,48,0,0,0,False,False,"https://guba.eastmoney.com/news,002055,1722644761.html",2026-07-06 17:09:00
eastmoney_guba,002055,1722644928,明天开始连续跌停,,股友579yv97129,8518077568525522,2026-06-08 16:32:46,135,2,0,0,False,False,"https://guba.eastmoney.com/news,002055,1722644928.html",2026-07-06 17:09:00
eastmoney_guba,002055,1722654293,明天发工资了，继续加,,舍得润,4484346120850282,2026-06-08 17:00:29,43,1,0,0,False,False,"https://guba.eastmoney.com/news,002055,1722654293.html",2026-07-06 17:09:00
eastmoney_guba,002055,1722680166,明天开盘就下班，摁死跌停板,,股友579yv97129,8518077568525522,2026-06-08 18:27:48,53,0,0,0,False,False,"https://guba.eastmoney.com/news,002055,1722680166.html",2026-07-06 17:09:00
eastmoney_guba,002055,1722695280,散户们齐心协力往上顶股价，算不上操纵市场吧。所以关键还是人心齐不齐。哪里来的主力,,股市小羔羊,3561396025664456,2026-06-08 19:26:42,90,2,0,0,False,False,"https://guba.eastmoney.com/news,002055,1722695280.html",2026-07-06 17:09:00
eastmoney_guba,002055,1722703599,那些搜集发布小作文的托呢？,,长缨在手108,8656335955112398,2026-06-08 19:59:20,47,0,0,0,False,False,"https://guba.eastmoney.com/news,002055,1722703599.html",2026-07-06 17:09:00
eastmoney_guba,002055,1722715865,今晚的公告在哪呢？,,炒股养家挣钱,3301064606784256,2026-06-08 20:46:59,69,1,0,0,False,False,"https://guba.eastmoney.com/news,002055,1722715865.html",2026-07-06 17:09:00
eastmoney_guba,002055,1722721116,未来两天反弹高度，五日线附近。明天有可能涨停哦！,,掘金高歌,5238386190584350,2026-06-08 21:06:37,45,0,0,0,False,False,"https://guba.eastmoney.com/news,002055,1722721116.html",2026-07-06 17:09:00
eastmoney_guba,002055,1722721591,英特尔拿大单了，612短期低点？,,不动明王身,5574366336967740,2026-06-08 21:08:27,66,0,0,0,False,False,"https://guba.eastmoney.com/news,002055,1722721591.html",2026-07-06 17:09:00
eastmoney_guba,002055,1722747279,得润电子属于AI硬件概念股。行业高增长。困境反转,,股市小羔羊,3561396025664456,2026-06-08 22:39:16,54,0,0,0,False,False,"https://guba.eastmoney.com/news,002055,1722747279.html",2026-07-06 17:09:00
eastmoney_guba,002055,1722750549,英特尔涨11%，国内唯一认证内存插槽企业,,誉荣的富绮,1700055091717812,2026-06-08 22:53:13,345,0,1,0,True,False,"https://guba.eastmoney.com/news,002055,1722750549.html",2026-07-06 17:09:00
eastmoney_guba,002055,1722753564,非常担心走出京机的模式来，至少目前很像，我还坚持没走呢主力收下留情啊！,,金银斗金地老顽童,7357305888596012,2026-06-08 23:07:10,102,1,0,0,False,False,"https://guba.eastmoney.com/news,002055,1722753564.html",2026-07-06 17:09:00
eastmoney_guba,002055,1722781453,重要的是连接。。。,,股市小羔羊,3561396025664456,2026-06-09 06:26:27,323,0,0,0,True,False,"https://guba.eastmoney.com/news,002055,1722781453.html",2026-07-06 17:09:00
eastmoney_guba,002055,1722790023,这种不上10块也打开不了局面,,股友e517539w63,3090356403113070,2026-06-09 07:32:17,36,0,0,0,False,False,"https://guba.eastmoney.com/news,002055,1722790023.html",2026-07-06 17:09:00
eastmoney_guba,002055,1722790613,干吗不去换300232,,后贝加尔斯克,7154013321195756,2026-06-09 07:36:00,44,1,0,0,False,False,"https://guba.eastmoney.com/news,002055,1722790613.html",2026-07-06 17:09:00
eastmoney_guba,002055,1722793436,今天开盘6.05元，拉高到6.18元开始暴跌，收盘5.99元,,股友3966M3y561,4717087682060226,2026-06-09 07:52:06,44,1,0,0,False,False,"https://guba.eastmoney.com/news,002055,1722793436.html",2026-07-06 17:09:00
eastmoney_guba,002055,1722795970,来来,,新鲜的韭菜呦,8678067720490676,2026-06-09 08:04:25,24,0,0,0,False,False,"https://guba.eastmoney.com/news,002055,1722795970.html",2026-07-06 17:09:00
eastmoney_guba,002055,1722816357,有没有昨天加仓的,,股友5338d16z51,3074057303565748,2026-06-09 09:18:08,27,0,0,0,False,False,"https://guba.eastmoney.com/news,002055,1722816357.html",2026-07-06 17:09:00
eastmoney_guba,002055,1722817118,不要开玩笑，还没上车。放心会下来的,,傲寒的秦岚,5793047755670376,2026-06-09 09:18:57,32,1,0,0,False,False,"https://guba.eastmoney.com/news,002055,1722817118.html",2026-07-06 17:09:00
eastmoney_guba,002055,1722818489,还封板，肯定跌停,,傲寒的秦岚,5793047755670376,2026-06-09 09:20:17,41,2,0,0,False,False,"https://guba.eastmoney.com/news,002055,1722818489.html",2026-07-06 17:09:00
eastmoney_guba,002055,1722819432,今天跌停破6元必须,,后贝加尔斯克,7154013321195756,2026-06-09 09:21:04,138,6,0,0,False,False,"https://guba.eastmoney.com/news,002055,1722819432.html",2026-07-06 17:08:48
eastmoney_guba,002055,1722820122,全仓调300232,,后贝加尔斯克,7154013321195756,2026-06-09 09:21:39,45,1,0,0,False,False,"https://guba.eastmoney.com/news,002055,1722820122.html",2026-07-06 17:09:00
eastmoney_guba,002055,1722834525,今天大反攻,,财富自选股,8904113740107672,2026-06-09 09:28:10,28,0,0,0,False,False,"https://guba.eastmoney.com/news,002055,1722834525.html",2026-07-06 17:09:00
eastmoney_guba,002055,1722854053,收盘少了三个点以上跌幅我现场吃,,股友579yv97129,8518077568525522,2026-06-09 09:33:49,62,3,0,0,False,False,"https://guba.eastmoney.com/news,002055,1722854053.html",2026-07-06 17:08:58
eastmoney_guba,002055,1722855115,今天继续下跌,,吉祥满斗得周芷若,3470385785802442,2026-06-09 09:34:05,26,0,0,0,False,False,"https://guba.eastmoney.com/news,002055,1722855115.html",2026-07-06 17:09:00
eastmoney_guba,002055,1722855519,不要买垃圾股，买垃圾股注定悲哀一声,,股友579yv97129,8518077568525522,2026-06-09 09:34:11,28,0,0,0,False,False,"https://guba.eastmoney.com/news,002055,1722855519.html",2026-07-06 17:09:00
eastmoney_guba,002055,1722862500,不可能这么快上去的，主力上次挣了一波。现在这个价应该是成本线之上一点。也许这次成,,见好就收5859,3960047762213936,2026-06-09 09:36:02,54,1,0,0,False,False,"https://guba.eastmoney.com/news,002055,1722862500.html",2026-07-06 17:09:00
eastmoney_guba,002055,1722866415,主力尽力了，是散户们自己要卖。注定韭菜命。怪不得主力,,股市小羔羊,3561396025664456,2026-06-09 09:37:11,48,2,0,0,False,False,"https://guba.eastmoney.com/news,002055,1722866415.html",2026-07-06 17:08:58
eastmoney_guba,002055,1722887546,这股被主力两个天地玩废了，如了主力的意,,富贵在心,1268316064360946,2026-06-09 09:42:51,34,0,0,0,False,False,"https://guba.eastmoney.com/news,002055,1722887546.html",2026-07-06 17:08:58
eastmoney_guba,002055,1722899064,别以为抄到底了，能买得进的都是套，真的要涨是买不到的,,股友C58006128k,3464007182378970,2026-06-09 09:46:13,30,0,0,0,False,False,"https://guba.eastmoney.com/news,002055,1722899064.html",2026-07-06 17:08:58
eastmoney_guba,002055,1722904183,这票这个月是不是凉了,,我勒个烧缸,8844017608558072,2026-06-09 09:47:45,34,0,0,0,False,False,"https://guba.eastmoney.com/news,002055,1722904183.html",2026-07-06 17:08:58
eastmoney_guba,002055,1722906065,下来了，没有一个月左右不会稳,,见好就收5859,3960047762213936,2026-06-09 09:48:20,62,3,0,0,False,False,"https://guba.eastmoney.com/news,002055,1722906065.html",2026-07-06 17:08:58
eastmoney_guba,002055,1722906824,6以下去了,,数据监控时代,5987316360869252,2026-06-09 09:48:33,32,0,0,0,False,False,"https://guba.eastmoney.com/news,002055,1722906824.html",2026-07-06 17:08:58
eastmoney_guba,002055,1722910489,庄没什么筹码砸了吧？,,博学多才的小鱼,1190094345248964,2026-06-09 09:49:44,46,1,0,0,False,False,"https://guba.eastmoney.com/news,002055,1722910489.html",2026-07-06 17:08:58
eastmoney_guba,002055,1722916457,都说了要一直阴跌到三元以下的,,股友579yv97129,8518077568525522,2026-06-09 09:51:44,36,1,0,0,False,False,"https://guba.eastmoney.com/news,002055,1722916457.html",2026-07-06 17:08:58
eastmoney_guba,002055,1722925301,赶紧下来，我先建个仓,,见好就收5859,3960047762213936,2026-06-09 09:54:20,33,0,0,0,False,False,"https://guba.eastmoney.com/news,002055,1722925301.html",2026-07-06 17:08:58
eastmoney_guba,002055,1722926117,第一次被一直股票玩的想哭,,NKStar,3943315599118462,2026-06-09 09:54:34,136,3,0,0,False,False,"https://guba.eastmoney.com/news,002055,1722926117.html",2026-07-06 17:08:58
eastmoney_guba,002055,1722962876,跌起来像拉稀一样，涨起来像便秘一样,,博学多才的小鱼,1190094345248964,2026-06-09 10:08:00,44,0,0,0,False,False,"https://guba.eastmoney.com/news,002055,1722962876.html",2026-07-06 17:08:58
eastmoney_guba,002055,1722979477,短期不会大涨和大跌，会横盘一段时间。,,韮菜黄中皇,1386395667983028,2026-06-09 10:15:06,68,2,0,0,False,False,"https://guba.eastmoney.com/news,002055,1722979477.html",2026-07-06 17:08:58
eastmoney_guba,002055,1723026437,别人都看不起你，偏偏你也最不争气,,梦想成真945,6933326091029750,2026-06-09 10:37:08,46,1,0,0,False,False,"https://guba.eastmoney.com/news,002055,1723026437.html",2026-07-06 17:08:58
eastmoney_guba,002055,1723031451,明天开始连续跌停了，本月要跌到四元附近,,股友579yv97129,8518077568525522,2026-06-09 10:39:37,107,5,0,0,False,False,"https://guba.eastmoney.com/news,002055,1723031451.html",2026-07-06 17:08:58
eastmoney_guba,002055,1723043155,高开的也不冲涨停,,汤圆团团梓,4449107580223568,2026-06-09 10:45:34,29,0,0,0,False,False,"https://guba.eastmoney.com/news,002055,1723043155.html",2026-07-06 17:08:58
eastmoney_guba,002055,1723055719,我拉萨军团有的是钱，还有补贴，来吧，我们玩玩、逗逗！,,诚恳的曾轶穗,7415094328733630,2026-06-09 10:52:07,35,0,0,0,False,False,"https://guba.eastmoney.com/news,002055,1723055719.html",2026-07-06 17:08:58
eastmoney_guba,002055,1723058529,债务都不是问题缺点就是股权分散外面流通股太多,,股友26u01X0809,2058057670007872,2026-06-09 10:53:40,42,0,0,0,False,False,"https://guba.eastmoney.com/news,002055,1723058529.html",2026-07-06 17:08:58
eastmoney_guba,002055,1723115725,歇一天，明天再砸，过犹不及,,和气生财2026,4507376108615066,2026-06-09 11:26:26,29,0,0,0,False,False,"https://guba.eastmoney.com/news,002055,1723115725.html",2026-07-06 17:08:58
eastmoney_guba,002055,1723118430,今天不绿我现场吃,,股友579yv97129,8518077568525522,2026-06-09 11:28:09,68,3,0,0,False,False,"https://guba.eastmoney.com/news,002055,1723118430.html",2026-07-06 17:08:58
eastmoney_guba,002055,1723146949,该涨涨涨了吧,,汤圆团团梓,4449107580223568,2026-06-09 12:22:57,35,0,0,0,False,False,"https://guba.eastmoney.com/news,002055,1723146949.html",2026-07-06 17:08:58
eastmoney_guba,002055,1723148518,真的很看好你，但是股权过于分散确实是个问题，止跌吧，资本慢慢运行就好了。,,预瞄高手,3451077611993496,2026-06-09 12:28:19,47,0,0,0,False,False,"https://guba.eastmoney.com/news,002055,1723148518.html",2026-07-06 17:08:58
eastmoney_guba,002055,1723153512,今天应该能赚一分,,云南小散nie,3561017753135412,2026-06-09 12:45:29,39,0,0,0,False,False,"https://guba.eastmoney.com/news,002055,1723153512.html",2026-07-06 17:08:58
eastmoney_guba,002055,1723154443,今天绿两个点明天开始连续跌停，一个连续亏损七年的垃圾退市是板上钉钉的,,股友579yv97129,8518077568525522,2026-06-09 12:48:49,31,0,0,0,False,False,"https://guba.eastmoney.com/news,002055,1723154443.html",2026-07-06 17:08:58
eastmoney_guba,002055,1723155599,格局？跟我的准时宝说去吧,,不动明王身,5574366336967740,2026-06-09 12:52:51,39,0,0,0,False,False,"https://guba.eastmoney.com/news,002055,1723155599.html",2026-07-06 17:08:58
eastmoney_guba,002055,1723175027,这货怎么这么多砸单？？？拉一点就砸？？？砸g未免太多了点吧,,股友2CL1625298,6613037356124308,2026-06-09 13:09:06,35,0,0,0,False,False,"https://guba.eastmoney.com/news,002055,1723175027.html",2026-07-06 17:08:58
eastmoney_guba,002055,1723192412,cpu必然要爆发的,,高山的空芯,4427047765570346,2026-06-09 13:18:39,56,2,0,0,False,False,"https://guba.eastmoney.com/news,002055,1723192412.html",2026-07-06 17:08:58
eastmoney_guba,002055,1723205341,楚笙股,,博学多才的小鱼,1190094345248964,2026-06-09 13:25:56,35,0,0,0,False,False,"https://guba.eastmoney.com/news,002055,1723205341.html",2026-07-06 17:08:58
eastmoney_guba,002055,1723207734,早说了还要腰斩,,股友579yv97129,8518077568525522,2026-06-09 13:27:12,34,0,0,0,False,False,"https://guba.eastmoney.com/news,002055,1723207734.html",2026-07-06 17:08:58
eastmoney_guba,002055,1723208684,天天下午跳水，庄稼1+4真是绝了,,股友59D37k6158,6106087454814768,2026-06-09 13:27:47,35,0,0,0,False,False,"https://guba.eastmoney.com/news,002055,1723208684.html",2026-07-06 17:08:58
eastmoney_guba,002055,1723215487,还相信光吗,,我在情绪之外,9194047483250996,2026-06-09 13:31:44,31,1,0,0,False,False,"https://guba.eastmoney.com/news,002055,1723215487.html",2026-07-06 17:08:58
eastmoney_guba,002055,1723221232,板块这么好，就是不涨，难道st就这么没地位吗,,我在情绪之外,9194047483250996,2026-06-09 13:35:11,35,1,0,0,False,False,"https://guba.eastmoney.com/news,002055,1723221232.html",2026-07-06 17:08:58
eastmoney_guba,002055,1723222394,这是什么垃圾,,潘甜甜1,3603037267313506,2026-06-09 13:35:53,34,1,0,0,False,False,"https://guba.eastmoney.com/news,002055,1723222394.html",2026-07-06 17:08:58
eastmoney_guba,002055,1723236515,庄1+4绝了,,博学多才的小鱼,1190094345248964,2026-06-09 13:44:23,47,1,0,0,False,False,"https://guba.eastmoney.com/news,002055,1723236515.html",2026-07-06 17:08:58
eastmoney_guba,002055,1723236737,躺平了，删除软件了,,尽德修业,6047356189132872,2026-06-09 13:44:31,34,0,0,0,False,False,"https://guba.eastmoney.com/news,002055,1723236737.html",2026-07-06 17:08:58
eastmoney_guba,002055,1723237651,抄底的人太多，有几个割的，应该没有。价格还要下去。股东数人太多了。永远起不来。,,傲寒的秦岚,5793047755670376,2026-06-09 13:45:01,44,0,0,0,False,False,"https://guba.eastmoney.com/news,002055,1723237651.html",2026-07-06 17:08:58
eastmoney_guba,002055,1723242144,好消息：加尔斯克已重仓䒑底300股。,,深南大道小鳄鱼,5878094723013218,2026-06-09 13:47:38,40,0,1,0,False,False,"https://guba.eastmoney.com/news,002055,1723242144.html",2026-07-06 17:08:58
eastmoney_guba,002055,1723242851,清仓了，以后不玩了，这种股票让我道心碎了,,NKStar,3943315599118462,2026-06-09 13:48:03,98,2,0,0,False,False,"https://guba.eastmoney.com/news,002055,1723242851.html",2026-07-06 17:08:58
eastmoney_guba,002055,1723243584,这个庄挺牛逼的,,得润两位数,3290024582242248,2026-06-09 13:48:31,41,0,0,0,False,False,"https://guba.eastmoney.com/news,002055,1723243584.html",2026-07-06 17:08:58
eastmoney_guba,002055,1723251100,快跌停板破6,,后贝加尔斯克,7154013321195756,2026-06-09 13:52:57,38,0,0,0,False,False,"https://guba.eastmoney.com/news,002055,1723251100.html",2026-07-06 17:08:58
eastmoney_guba,002055,1723252562,干什么，宝贝儿,,静之丶,1258366230453514,2026-06-09 13:53:51,31,0,0,0,False,False,"https://guba.eastmoney.com/news,002055,1723252562.html",2026-07-06 17:08:58
eastmoney_guba,002055,1723257568,不是，一个连续亏损七年负债几十亿的公司你们真是把自己的血汗钱打水漂啊,,股友579yv97129,8518077568525522,2026-06-09 13:56:49,83,2,0,0,False,False,"https://guba.eastmoney.com/news,002055,1723257568.html",2026-07-06 17:08:56
eastmoney_guba,002055,1723258192,今天没见，怎么又打回原形了？,,有毅力de小鹿斑比,3992346284275364,2026-06-09 13:57:12,36,0,0,0,False,False,"https://guba.eastmoney.com/news,002055,1723258192.html",2026-07-06 17:08:58
eastmoney_guba,002055,1723262563,退钱，你现在就给我退钱，为了你我一个月没吃泡面,,我在情绪之外,9194047483250996,2026-06-09 13:59:55,62,1,0,0,False,False,"https://guba.eastmoney.com/news,002055,1723262563.html",2026-07-06 17:08:58
eastmoney_guba,002055,1723267852,立贴为证收盘6.28,,花开的唐僧,1218376472667472,2026-06-09 14:03:11,317,7,0,0,False,False,"https://guba.eastmoney.com/news,002055,1723267852.html",2026-07-06 17:08:58
eastmoney_guba,002055,1723267914,所属板块都大涨，你这就不像话了,,誉荣的富绮,1700055091717812,2026-06-09 14:03:12,180,2,0,0,True,False,"https://guba.eastmoney.com/news,002055,1723267914.html",2026-07-06 17:08:58
eastmoney_guba,002055,1723275005,早说了今天能红我现场吃，,,股友579yv97129,8518077568525522,2026-06-09 14:07:30,51,1,0,0,False,False,"https://guba.eastmoney.com/news,002055,1723275005.html",2026-07-06 17:08:58
eastmoney_guba,002055,1723279614,主力你不深砸，怎么会砸出筹呢，没有力度我都看不起你。大家如果不恐惧了我是不会抄底,,傲寒的秦岚,5793047755670376,2026-06-09 14:10:19,42,0,0,0,False,False,"https://guba.eastmoney.com/news,002055,1723279614.html",2026-07-06 17:08:58
eastmoney_guba,002055,1723281809,看不下去了，垃圾,,股友7bGrRB,7556375694655340,2026-06-09 14:11:40,35,0,0,0,False,False,"https://guba.eastmoney.com/news,002055,1723281809.html",2026-07-06 17:08:58
eastmoney_guba,002055,1723313006,见底了？,,财富自选股,8904113740107672,2026-06-09 14:29:53,36,0,0,0,False,False,"https://guba.eastmoney.com/news,002055,1723313006.html",2026-07-06 17:08:58
eastmoney_guba,002055,1723314743,你现在就给我退钱，外面130个涨停,,我在情绪之外,9194047483250996,2026-06-09 14:30:52,42,1,0,0,False,False,"https://guba.eastmoney.com/news,002055,1723314743.html",2026-07-06 17:08:58
eastmoney_guba,002055,1723331221,尾盘效应开始了,,股友7bGrRB,7556375694655340,2026-06-09 14:39:49,38,1,0,0,False,False,"https://guba.eastmoney.com/news,002055,1723331221.html",2026-07-06 17:08:58
eastmoney_guba,002055,1723340002,尾盘突袭拉个涨停,,团团梓,5110017567741384,2026-06-09 14:44:34,37,1,0,0,False,False,"https://guba.eastmoney.com/news,002055,1723340002.html",2026-07-06 17:08:58
eastmoney_guba,002055,1723352880,今年最后一次评价这支死股希望行业周期能带领它走出泥潭，枯木逢春,,混沌摸金,4720245820142118,2026-06-09 14:51:28,315,2,0,0,True,False,"https://guba.eastmoney.com/news,002055,1723352880.html",2026-07-06 17:08:58
eastmoney_guba,002055,1723369189,牛，不让涨，也不让跌,,股友35hHbY,1624266022028354,2026-06-09 15:00:52,48,1,0,0,False,False,"https://guba.eastmoney.com/news,002055,1723369189.html",2026-07-06 17:08:58
eastmoney_guba,002055,1723369557,哈哈哈哈还好没砸绿这庄厉害,,得润两位数,3290024582242248,2026-06-09 15:01:07,39,0,0,0,False,False,"https://guba.eastmoney.com/news,002055,1723369557.html",2026-07-06 17:08:58
eastmoney_guba,002055,1723379532,明天该涨了吧？每天成交量缩的量刚好是对倒的净流出，而且近几个交易日跌幅一天比一天,,诚实的易晗12,7896007249329266,2026-06-09 15:09:45,336,2,1,0,True,False,"https://guba.eastmoney.com/news,002055,1723379532.html",2026-07-06 17:08:58
eastmoney_guba,002055,1723385510,下个月整个板块都会被资金抛弃,,xxjid88,4474085011653056,2026-06-09 15:18:16,92,2,0,0,False,False,"https://guba.eastmoney.com/news,002055,1723385510.html",2026-07-06 17:08:58
eastmoney_guba,002055,1723425057,痛啊，熬不住了,,我在情绪之外,9194047483250996,2026-06-09 16:53:29,65,4,0,0,False,False,"https://guba.eastmoney.com/news,002055,1723425057.html",2026-07-06 17:08:56
eastmoney_guba,002055,1723432883,不知道什么时候能回本,,股友7R7901D123,9920087276671304,2026-06-09 17:18:34,39,0,0,0,False,False,"https://guba.eastmoney.com/news,002055,1723432883.html",2026-07-06 17:08:58
eastmoney_guba,002055,1723435986,我发现公司似乎不喜欢股价上涨要不然干嘛发布没有英伟达华为业务,,加仓嘉措仓又嘉措,7957007302973034,2026-06-09 17:28:45,247,3,0,0,False,False,"https://guba.eastmoney.com/news,002055,1723435986.html",2026-07-06 17:08:58
eastmoney_guba,002055,1723454570,总不能是被狗装诈骗了吧,,我在情绪之外,9194047483250996,2026-06-09 18:35:51,44,0,0,0,False,False,"https://guba.eastmoney.com/news,002055,1723454570.html",2026-07-06 17:08:58
eastmoney_guba,002055,1723462174,6.61接的，套5个点，还好吧,,静之丶,1258366230453514,2026-06-09 19:09:25,56,0,0,0,False,False,"https://guba.eastmoney.com/news,002055,1723462174.html",2026-07-06 17:08:58
eastmoney_guba,002055,1723464748,啥时候开始涨呀,,汤圆团团梓,4449107580223568,2026-06-09 19:21:06,219,7,0,0,False,False,"https://guba.eastmoney.com/news,002055,1723464748.html",2026-07-06 17:08:58
eastmoney_guba,002055,1723467725,这是真狗啊,,股友WiEUfp,1634305847351510,2026-06-09 19:34:00,43,0,0,0,False,False,"https://guba.eastmoney.com/news,002055,1723467725.html",2026-07-06 17:08:58
eastmoney_guba,002055,1723477026,早就进入大数据、AI监管时代，还有人谈庄？？笑S人啊~,,周焱森,6617057116840664,2026-06-09 20:11:29,295,5,0,0,False,False,"https://guba.eastmoney.com/news,002055,1723477026.html",2026-07-06 17:08:58
eastmoney_guba,002055,1723498396,明天估计-3.51%,,反面教科书,8548094341034744,2026-06-09 21:33:35,43,0,0,0,False,False,"https://guba.eastmoney.com/news,002055,1723498396.html",2026-07-06 17:08:58
eastmoney_guba,002055,1723499730,7块多卖的。再下来要满仓了,,A哎呦喂A,9857037208343456,2026-06-09 21:37:33,55,2,0,0,False,False,"https://guba.eastmoney.com/news,002055,1723499730.html",2026-07-06 17:08:58
eastmoney_guba,002055,1723508678,六块以下买，买定离手，必有厚报，耐心一点等待,,神鞭老三,4348014779823690,2026-06-09 22:06:09,69,2,0,0,False,False,"https://guba.eastmoney.com/news,002055,1723508678.html",2026-07-06 17:08:58
eastmoney_guba,002055,1723517015,毕竟是亏损股，在业绩没明显好转之前也就这个价，京蓝不也不到6元吗？,,财富自选股,8904113740107672,2026-06-09 22:35:07,68,1,0,0,False,False,"https://guba.eastmoney.com/news,002055,1723517015.html",2026-07-06 17:08:58
eastmoney_guba,002055,1723585622,各位董事长早。今天没期望，不跌就行,,基民6f835o2589,5315346467032500,2026-06-10 08:46:04,36,0,0,0,False,False,"https://guba.eastmoney.com/news,002055,1723585622.html",2026-07-06 17:08:58
eastmoney_guba,002055,1723598891,今天就能看看六元给是底了,,云南小散nie,3561017753135412,2026-06-10 09:13:18,35,0,0,0,False,False,"https://guba.eastmoney.com/news,002055,1723598891.html",2026-07-06 17:08:58
eastmoney_guba,002055,1723602848,？,,kemorebi,6962077677845920,2026-06-10 09:18:10,35,0,0,0,False,False,"https://guba.eastmoney.com/news,002055,1723602848.html",2026-07-06 17:08:58
eastmoney_guba,002055,1723608636,去买300232,,后贝加尔斯克,7154013321195756,2026-06-10 09:24:14,38,1,1,0,False,False,"https://guba.eastmoney.com/news,002055,1723608636.html",2026-07-06 17:08:58
eastmoney_guba,002055,1723619783,哈哈哈一场梦,,得润两位数,3290024582242248,2026-06-10 09:26:47,28,0,0,0,False,False,"https://guba.eastmoney.com/news,002055,1723619783.html",2026-07-06 17:08:58
eastmoney_guba,002055,1723621088,一天没红过，牛逼,,股友7bGrRB,7556375694655340,2026-06-10 09:27:50,31,0,0,0,False,False,"https://guba.eastmoney.com/news,002055,1723621088.html",2026-07-06 17:08:58
eastmoney_guba,002055,1723631738,天天都有抄底的，天天都有被套的,,傲寒的秦岚,5793047755670376,2026-06-10 09:31:39,35,1,0,0,False,False,"https://guba.eastmoney.com/news,002055,1723631738.html",2026-07-06 17:08:58
eastmoney_guba,002055,1723632920,后面持续跌，亏了2-30个点了,,吉祥满斗得周芷若,3470385785802442,2026-06-10 09:32:01,72,3,0,0,False,False,"https://guba.eastmoney.com/news,002055,1723632920.html",2026-07-06 17:08:56
eastmoney_guba,002055,1723644263,又跌停了,,大虾118,4167315536396900,2026-06-10 09:35:17,33,0,0,0,False,False,"https://guba.eastmoney.com/news,002055,1723644263.html",2026-07-06 17:08:58
eastmoney_guba,002055,1723652638,好好的票，被庄家玩坏了。公司经营层也不做市值管理，一塌糊涂！,,财源积玉的夏雪宜,3668326059722494,2026-06-10 09:37:30,58,2,0,0,False,False,"https://guba.eastmoney.com/news,002055,1723652638.html",2026-07-06 17:08:56
eastmoney_guba,002055,1723656777,跌停接,,浙Y8X1X35080,4965014114606910,2026-06-10 09:38:34,27,0,0,0,False,False,"https://guba.eastmoney.com/news,002055,1723656777.html",2026-07-06 17:08:58
eastmoney_guba,002055,1723660182,七连跌了，我去,,团团梓,5110017567741384,2026-06-10 09:39:27,28,0,0,0,False,False,"https://guba.eastmoney.com/news,002055,1723660182.html",2026-07-06 17:08:58
eastmoney_guba,002055,1723662374,有意思,,基民30M8k6,6247305787051588,2026-06-10 09:40:03,39,1,0,0,False,False,"https://guba.eastmoney.com/news,002055,1723662374.html",2026-07-06 17:08:56
eastmoney_guba,002055,1723668419,只能天天扣款吗套在最山顶，涨停开囗进的当天跌停到现在,,股友8719n8381d,3946047745056792,2026-06-10 09:41:45,226,11,0,0,False,False,"https://guba.eastmoney.com/news,002055,1723668419.html",2026-07-06 17:08:54
eastmoney_guba,002055,1723708054,还叫不叫了，跌了25%以上了,,知足常乐对吧,9052386172588498,2026-06-10 09:53:07,31,0,0,0,False,False,"https://guba.eastmoney.com/news,002055,1723708054.html",2026-07-06 17:08:56
eastmoney_guba,002055,1723716691,分时小单砸大单买的，底部不会有人割肉了吧,,不动明王身,5574366336967740,2026-06-10 09:55:48,39,0,0,0,False,False,"https://guba.eastmoney.com/news,002055,1723716691.html",2026-07-06 17:08:56
eastmoney_guba,002055,1723731273,5块钱的预期不变，不到5块不开仓。,,首都九菲特,6181074920667870,2026-06-10 10:00:25,25,0,0,0,False,False,"https://guba.eastmoney.com/news,002055,1723731273.html",2026-07-06 17:08:56
eastmoney_guba,002055,1723736924,还好昨天跑得快，这fw玩意儿,,股友678558wc71,1861027369220640,2026-06-10 10:02:20,31,0,0,0,False,False,"https://guba.eastmoney.com/news,002055,1723736924.html",2026-07-06 17:08:56
eastmoney_guba,002055,1723747261,a杀好恐怖,,得润两位数,3290024582242248,2026-06-10 10:05:52,35,0,0,0,False,False,"https://guba.eastmoney.com/news,002055,1723747261.html",2026-07-06 17:08:56
eastmoney_guba,002055,1723749806,被a杀了，能咋办,,我在情绪之外,9194047483250996,2026-06-10 10:06:39,36,0,0,0,False,False,"https://guba.eastmoney.com/news,002055,1723749806.html",2026-07-06 17:08:56
eastmoney_guba,002055,1723750975,如果是A杀，可能击穿原启动价,,财富自选股,8904113740107672,2026-06-10 10:07:03,35,0,0,0,False,False,"https://guba.eastmoney.com/news,002055,1723750975.html",2026-07-06 17:08:56
eastmoney_guba,002055,1723753403,投一次见这种垃圾股，一次没红过,,风往哪儿吹呀,7065355660028540,2026-06-10 10:07:55,42,2,0,0,False,False,"https://guba.eastmoney.com/news,002055,1723753403.html",2026-07-06 17:08:56
eastmoney_guba,002055,1723756925,300232,,后贝加尔斯克,7154013321195756,2026-06-10 10:09:07,28,0,0,0,False,False,"https://guba.eastmoney.com/news,002055,1723756925.html",2026-07-06 17:08:56
eastmoney_guba,002055,1723775047,搞不懂啊，这么多卖的,,知足常乐对吧,9052386172588498,2026-06-10 10:15:27,34,0,0,0,False,False,"https://guba.eastmoney.com/news,002055,1723775047.html",2026-07-06 17:08:56
eastmoney_guba,002055,1723776165,真麻了,,新奇的钱心宇,1093216210662340,2026-06-10 10:15:49,33,0,0,0,False,False,"https://guba.eastmoney.com/news,002055,1723776165.html",2026-07-06 17:08:56
eastmoney_guba,002055,1723776968,A杀,,大风起大风起,9414013551105630,2026-06-10 10:16:04,31,0,0,0,False,False,"https://guba.eastmoney.com/news,002055,1723776968.html",2026-07-06 17:08:56
eastmoney_guba,002055,1723809407,买了就是10连抽,,静之丶,1258366230453514,2026-06-10 10:28:08,32,0,0,0,False,False,"https://guba.eastmoney.com/news,002055,1723809407.html",2026-07-06 17:08:56
eastmoney_guba,002055,1723811980,稳住哪，要脱売了，摘了,,金鹤联络苏药发财,1484197477212716,2026-06-10 10:29:08,28,0,0,0,False,False,"https://guba.eastmoney.com/news,002055,1723811980.html",2026-07-06 17:08:56
eastmoney_guba,002055,1723814840,得润要退市吗？跌的真的怕了,,蕙质兰心一飞冲天,6851346522528480,2026-06-10 10:30:11,32,0,0,0,False,False,"https://guba.eastmoney.com/news,002055,1723814840.html",2026-07-06 17:08:56
eastmoney_guba,002055,1723815790,拆单出货，暂时不要进场，等缩量企稳,,木瓜不是瓜,3338186071317586,2026-06-10 10:30:33,32,0,0,0,False,False,"https://guba.eastmoney.com/news,002055,1723815790.html",2026-07-06 17:08:56
eastmoney_guba,002055,1723821981,自从我买了得润以后，吃了7个跌停。。。庄家厉害。。佩服。。。,,股市小羔羊,3561396025664456,2026-06-10 10:33:01,60,2,0,0,False,False,"https://guba.eastmoney.com/news,002055,1723821981.html",2026-07-06 17:08:56
eastmoney_guba,002055,1723823730,散户能不能有点骨气啊，不早割肉超跌了还要割肉，分时一直小单卖大单买的，持股不动很,,不动明王身,5574366336967740,2026-06-10 10:33:41,247,12,0,0,False,False,"https://guba.eastmoney.com/news,002055,1723823730.html",2026-07-06 17:08:56
eastmoney_guba,002055,1723845007,看样子要破五块,,傲寒的秦岚,5793047755670376,2026-06-10 10:42:17,33,0,0,0,False,False,"https://guba.eastmoney.com/news,002055,1723845007.html",2026-07-06 17:08:56
eastmoney_guba,002055,1723856709,跟跌不跟涨，恶心，太恶心了,,股友7bGrRB,7556375694655340,2026-06-10 10:47:42,30,0,0,0,False,False,"https://guba.eastmoney.com/news,002055,1723856709.html",2026-07-06 17:08:56
eastmoney_guba,002055,1723858692,只有苦笑了,,被套就割,9679127793622906,2026-06-10 10:48:40,42,1,0,0,False,False,"https://guba.eastmoney.com/news,002055,1723858692.html",2026-07-06 17:08:56
eastmoney_guba,002055,1723858655,不到三元以下看都不用看,,股友579yv97129,8518077568525522,2026-06-10 10:48:40,54,3,0,0,False,False,"https://guba.eastmoney.com/news,002055,1723858655.html",2026-07-06 17:08:56
eastmoney_guba,002055,1723862289,好像退市的走势。主力拉一波请仓出货吗,,持仓观风云,4654067800325436,2026-06-10 10:50:24,43,1,0,0,False,False,"https://guba.eastmoney.com/news,002055,1723862289.html",2026-07-06 17:08:56
eastmoney_guba,002055,1723865549,别和趋势作对,,得润两位数,3290024582242248,2026-06-10 10:51:59,78,3,0,0,False,False,"https://guba.eastmoney.com/news,002055,1723865549.html",2026-07-06 17:08:56
eastmoney_guba,002055,1723870035,苦呀跌回拉涨停前啦,,汤圆团团梓,4449107580223568,2026-06-10 10:54:23,31,0,0,0,False,False,"https://guba.eastmoney.com/news,002055,1723870035.html",2026-07-06 17:08:56
eastmoney_guba,002055,1723886098,走了亏了1万多，恶心,,股友0P23y56811,5723057634283254,2026-06-10 11:02:16,38,1,0,0,False,False,"https://guba.eastmoney.com/news,002055,1723886098.html",2026-07-06 17:08:56
eastmoney_guba,002055,1723887611,还能说珍惜6以下的筹码吗,,得润两位数,3290024582242248,2026-06-10 11:03:02,34,0,0,0,False,False,"https://guba.eastmoney.com/news,002055,1723887611.html",2026-07-06 17:08:56
eastmoney_guba,002055,1723899916,拉萨军团是负成本的，卖多少就赚多少！卖到即赚到！,,诚恳的曾轶穗,7415094328733630,2026-06-10 11:09:13,46,1,0,0,False,False,"https://guba.eastmoney.com/news,002055,1723899916.html",2026-07-06 17:08:56
eastmoney_guba,002055,1723906111,一直熬到现在，老庄不走我不走。,,不开心的小人物,5223087277555088,2026-06-10 11:12:16,48,2,0,0,False,False,"https://guba.eastmoney.com/news,002055,1723906111.html",2026-07-06 17:08:56
eastmoney_guba,002055,1723907980,别和趋势做对,,股友pesMpc0627,2232385537831922,2026-06-10 11:13:09,33,0,1,0,False,False,"https://guba.eastmoney.com/news,002055,1723907980.html",2026-07-06 17:08:56
eastmoney_guba,002055,1723912132,真狠,,烂股收割机,4309365835407682,2026-06-10 11:15:09,31,0,0,0,False,False,"https://guba.eastmoney.com/news,002055,1723912132.html",2026-07-06 17:08:56
eastmoney_guba,002055,1723923356,跌停买一点,,埋伏ST,9272356136962600,2026-06-10 11:21:40,40,0,0,0,False,False,"https://guba.eastmoney.com/news,002055,1723923356.html",2026-07-06 17:08:56
eastmoney_guba,002055,1723925450,还得跌，一文不值,,有专注力123456,3877094317451952,2026-06-10 11:22:47,31,0,0,0,False,False,"https://guba.eastmoney.com/news,002055,1723925450.html",2026-07-06 17:08:56
eastmoney_guba,002055,1723927032,还好7.1出来了,,敢买就来财,4394375899465614,2026-06-10 11:23:40,35,0,0,0,False,False,"https://guba.eastmoney.com/news,002055,1723927032.html",2026-07-06 17:08:56
eastmoney_guba,002055,1723927395,去年的拍卖价格也是这个价位了！大家能熬的就熬吧！,,合纵资本,7304094472044104,2026-06-10 11:23:53,130,1,0,0,False,False,"https://guba.eastmoney.com/news,002055,1723927395.html",2026-07-06 17:08:56
eastmoney_guba,002055,1723930314,都是散户在接盘，主力撤退了，没戏了,,富有发财的雨秋,3887316231220598,2026-06-10 11:25:28,31,0,0,0,False,False,"https://guba.eastmoney.com/news,002055,1723930314.html",2026-07-06 17:08:56
eastmoney_guba,002055,1723931339,哪里来哪里去,,股友u8oq3N,1966265612154930,2026-06-10 11:26:04,30,0,0,0,False,False,"https://guba.eastmoney.com/news,002055,1723931339.html",2026-07-06 17:08:56
eastmoney_guba,002055,1723932576,画个图,,st大平头,3943305709821276,2026-06-10 11:26:49,485,6,0,0,True,False,"https://guba.eastmoney.com/news,002055,1723932576.html",2026-07-06 17:08:52
eastmoney_guba,002055,1723941156,庄家估计是放弃这种退市股了吧。,,持仓观风云,4654067800325436,2026-06-10 11:33:44,48,1,0,0,False,False,"https://guba.eastmoney.com/news,002055,1723941156.html",2026-07-06 17:08:56
eastmoney_guba,002055,1723945339,真疼,,股友Ri51325559,2973416635560782,2026-06-10 11:38:51,35,0,0,0,False,False,"https://guba.eastmoney.com/news,002055,1723945339.html",2026-07-06 17:08:56
eastmoney_guba,002055,1723948358,我能咋办，要是给我50个亿，我也拉20个涨停给兄弟们爽一爽,,我在情绪之外,9194047483250996,2026-06-10 11:43:20,67,2,0,0,False,False,"https://guba.eastmoney.com/news,002055,1723948358.html",2026-07-06 17:08:56
eastmoney_guba,002055,1723954700,好恶毒啊，好恶毒,,知足常乐对吧,9052386172588498,2026-06-10 11:54:53,43,0,0,0,False,False,"https://guba.eastmoney.com/news,002055,1723954700.html",2026-07-06 17:08:56
eastmoney_guba,002055,1723956488,卧,,ST老顽童,7231345692452742,2026-06-10 11:58:55,39,0,0,0,False,False,"https://guba.eastmoney.com/news,002055,1723956488.html",2026-07-06 17:08:56
eastmoney_guba,002055,1723957576,割了去了长城和京东,,舍得润,4484346120850282,2026-06-10 12:01:39,54,0,0,0,False,False,"https://guba.eastmoney.com/news,002055,1723957576.html",2026-07-06 17:08:56
eastmoney_guba,002055,1723958089,$ST得润(SZ002055)$,,基民6f835o2589,5315346467032500,2026-06-10 12:02:50,233,0,0,0,True,False,"https://guba.eastmoney.com/news,002055,1723958089.html",2026-07-06 17:08:56
eastmoney_guba,002055,1723965537,蹭存储芯片和高速连接器依然只有三十亿市值，真牛逼,,股友2g1686h586,6609117708977588,2026-06-10 12:23:02,48,0,0,0,False,False,"https://guba.eastmoney.com/news,002055,1723965537.html",2026-07-06 17:08:56
eastmoney_guba,002055,1723968345,跌倒一元都可以，就是不卖,,博学多才的小鱼,1190094345248964,2026-06-10 12:31:16,45,1,0,0,False,False,"https://guba.eastmoney.com/news,002055,1723968345.html",2026-07-06 17:08:56
eastmoney_guba,002055,1723971434,有三万股可以去工厂上班不？确实是没有办法。。,,大家好才是不好的,2103025032039206,2026-06-10 12:40:31,41,0,0,0,False,False,"https://guba.eastmoney.com/news,002055,1723971434.html",2026-07-06 17:08:56
eastmoney_guba,002055,1723974592,$ST得润(SZ002055)$,,掘金高歌,5238386190584350,2026-06-10 12:50:17,274,6,0,0,True,False,"https://guba.eastmoney.com/news,002055,1723974592.html",2026-07-06 17:08:56
eastmoney_guba,002055,1723983873,庄1+4了,,博学多才的小鱼,1190094345248964,2026-06-10 13:01:05,42,0,0,0,False,False,"https://guba.eastmoney.com/news,002055,1723983873.html",2026-07-06 17:08:56
eastmoney_guba,002055,1723984285,还有人抄底在股吧里唱多，一群无脑的人，我说的一时半会100%没戏,,傲寒的秦岚,5793047755670376,2026-06-10 13:01:28,46,0,0,0,False,False,"https://guba.eastmoney.com/news,002055,1723984285.html",2026-07-06 17:08:56
eastmoney_guba,002055,1723990318,封住！,,诚恳的曾轶穗,7415094328733630,2026-06-10 13:05:38,41,0,0,0,False,False,"https://guba.eastmoney.com/news,002055,1723990318.html",2026-07-06 17:08:56
eastmoney_guba,002055,1723991241,丛货，封不住！,,诚恳的曾轶穗,7415094328733630,2026-06-10 13:06:13,47,2,0,0,False,False,"https://guba.eastmoney.com/news,002055,1723991241.html",2026-07-06 17:08:56
eastmoney_guba,002055,1723992182,A杀,,开朗得令狐冲,7070326470982780,2026-06-10 13:06:49,56,2,0,0,False,False,"https://guba.eastmoney.com/news,002055,1723992182.html",2026-07-06 17:08:56
eastmoney_guba,002055,1723998081,还好走了，科技杂毛短期是没戏了。还有ST新规极大可能对ST板块整体来说是利空，因,,万事多谋地老夫子,1028386319694022,2026-06-10 13:10:33,81,0,0,0,False,False,"https://guba.eastmoney.com/news,002055,1723998081.html",2026-07-06 17:08:56
eastmoney_guba,002055,1724006439,拿不住就去厂里打螺丝,,海盗船长macd,4041306360146342,2026-06-10 13:15:13,38,2,0,0,False,False,"https://guba.eastmoney.com/news,002055,1724006439.html",2026-07-06 17:08:56
eastmoney_guba,002055,1724017800,真是坑货，A杀，,,豪爽大气的池韶华,9458325676963816,2026-06-10 13:21:42,43,0,0,0,False,False,"https://guba.eastmoney.com/news,002055,1724017800.html",2026-07-06 17:08:56
eastmoney_guba,002055,1724023958,这票现在涨停的都不重要了，得先做法驱鬼，我都看了两星期的鬼故事。,,我在情绪之外,9194047483250996,2026-06-10 13:25:18,59,1,0,0,False,False,"https://guba.eastmoney.com/news,002055,1724023958.html",2026-07-06 17:08:56
eastmoney_guba,002055,1724026403,这半年里，尤其是科技类个股盛行期间，传统板块个股的操作有个特点，就是极致洗杀。杀,,黄知夏,9813057259471400,2026-06-10 13:26:52,189,4,0,0,False,False,"https://guba.eastmoney.com/news,002055,1724026403.html",2026-07-06 17:08:54
eastmoney_guba,002055,1724036220,再跌也只是时间问题，准备拿个三五年，耗4你,,博学多才的小鱼,1190094345248964,2026-06-10 13:33:00,113,5,1,0,False,False,"https://guba.eastmoney.com/news,002055,1724036220.html",2026-07-06 17:08:56
eastmoney_guba,002055,1724037997,和京机一个庄家,,越过龙门的金龙鱼,5344094206919376,2026-06-10 13:34:06,30,0,0,0,False,False,"https://guba.eastmoney.com/news,002055,1724037997.html",2026-07-06 17:08:56
eastmoney_guba,002055,1724045069,割了，再也不看缺德玩意,,匆忙的越烁,9010395585157162,2026-06-10 13:38:15,37,0,0,0,False,False,"https://guba.eastmoney.com/news,002055,1724045069.html",2026-07-06 17:08:56
eastmoney_guba,002055,1724047360,抢筹码300232,,后贝加尔斯克,7154013321195756,2026-06-10 13:39:36,43,0,0,0,False,False,"https://guba.eastmoney.com/news,002055,1724047360.html",2026-07-06 17:08:56
eastmoney_guba,002055,1724051672,得润电子到底是哪儿出了问题？连续涨停，然后连续跌停基本面不是在好转吗？,,天书V股市,2840113618918770,2026-06-10 13:42:16,91,2,0,0,False,False,"https://guba.eastmoney.com/news,002055,1724051672.html",2026-07-06 17:08:56
eastmoney_guba,002055,1724051833,敢来的全部砸死,,得润两位数,3290024582242248,2026-06-10 13:42:23,27,0,0,0,False,False,"https://guba.eastmoney.com/news,002055,1724051833.html",2026-07-06 17:08:56
eastmoney_guba,002055,1724055754,垃圾股，被量化玩废了,,股友pesMpc0627,2232385537831922,2026-06-10 13:44:54,39,0,0,0,False,False,"https://guba.eastmoney.com/news,002055,1724055754.html",2026-07-06 17:08:56
eastmoney_guba,002055,1724063423,光通信板块大幅调整，金时科技等跌停,,金时科技资讯,6870005133449470,2026-06-10 13:49:40,15006,36,9,0,False,False,"https://guba.eastmoney.com/news,002055,1724063423.html",2026-07-06 17:08:40
eastmoney_guba,002055,1724067852,彻底走坏应出局，再画一条，应该是有散户不知道的利空,,st大平头,3943305709821276,2026-06-10 13:52:05,496,10,0,0,True,False,"https://guba.eastmoney.com/news,002055,1724067852.html",2026-07-06 17:08:54
eastmoney_guba,002055,1724068933,不敢买大v推荐的股,,越过龙门的金龙鱼,5344094206919376,2026-06-10 13:52:39,27,0,0,0,False,False,"https://guba.eastmoney.com/news,002055,1724068933.html",2026-07-06 17:08:56
eastmoney_guba,002055,1724073791,股东都套现完了，百分百退市，实控人才不到4%的股份,,五指山的食指,6764306186620308,2026-06-10 13:55:39,69,2,0,0,False,False,"https://guba.eastmoney.com/news,002055,1724073791.html",2026-07-06 17:08:56
eastmoney_guba,002055,1724084472,大盘都起来了，你是真的...,,股友7bGrRB,7556375694655340,2026-06-10 14:03:05,93,0,0,0,False,False,"https://guba.eastmoney.com/news,002055,1724084472.html",2026-07-06 17:08:56
eastmoney_guba,002055,1724089165,这股不行了，主力砸盘，散户跟风，割肉！,,越过龙门的金龙鱼,5344094206919376,2026-06-10 14:06:26,70,1,0,0,False,False,"https://guba.eastmoney.com/news,002055,1724089165.html",2026-07-06 17:08:56
eastmoney_guba,002055,1724089753,只跟跌不跟涨,,越过龙门的金龙鱼,5344094206919376,2026-06-10 14:06:52,25,0,0,0,False,False,"https://guba.eastmoney.com/news,002055,1724089753.html",2026-07-06 17:08:56
eastmoney_guba,002055,1724090257,买不完根本买不完，草！,,山外有三,2553335533082166,2026-06-10 14:07:13,59,2,0,0,False,False,"https://guba.eastmoney.com/news,002055,1724090257.html",2026-07-06 17:08:54
eastmoney_guba,002055,1724090894,跌过头也涨过头。可以加仓了。上午分批买入，共计五成仓位。,,股友36261Y5y25,5106047708852754,2026-06-10 14:07:40,99,4,0,0,False,False,"https://guba.eastmoney.com/news,002055,1724090894.html",2026-07-06 17:08:54
eastmoney_guba,002055,1724090940,立帖为证，京机二号,,越过龙门的金龙鱼,5344094206919376,2026-06-10 14:07:42,104,4,0,0,False,False,"https://guba.eastmoney.com/news,002055,1724090940.html",2026-07-06 17:08:56
eastmoney_guba,002055,1724091066,300232抢筹码,,后贝加尔斯克,7154013321195756,2026-06-10 14:07:48,39,1,0,0,False,False,"https://guba.eastmoney.com/news,002055,1724091066.html",2026-07-06 17:08:56
eastmoney_guba,002055,1724102234,罢了，割了，今年最大一笔亏损，腰斩,,我在情绪之外,9194047483250996,2026-06-10 14:15:35,56,2,0,0,False,False,"https://guba.eastmoney.com/news,002055,1724102234.html",2026-07-06 17:08:56
eastmoney_guba,002055,1724117658,主力来拉个地天，散户都套的很深了,,越过龙门的金龙鱼,5344094206919376,2026-06-10 14:26:16,49,2,0,0,False,False,"https://guba.eastmoney.com/news,002055,1724117658.html",2026-07-06 17:08:56
eastmoney_guba,002055,1724123799,遍地滴血的筹码,,越过龙门的金龙鱼,5344094206919376,2026-06-10 14:30:26,62,2,0,0,False,False,"https://guba.eastmoney.com/news,002055,1724123799.html",2026-07-06 17:08:54
eastmoney_guba,002055,1724129842,大家好，这周肯定跌,,反面教科书,8548094341034744,2026-06-10 14:34:24,41,1,0,0,False,False,"https://guba.eastmoney.com/news,002055,1724129842.html",2026-07-06 17:08:54
eastmoney_guba,002055,1724130821,主力跑完了，就剩散户在玩了，这股没戏了，套子套的牢牢的,,富有发财的雨秋,3887316231220598,2026-06-10 14:35:01,50,1,0,0,False,False,"https://guba.eastmoney.com/news,002055,1724130821.html",2026-07-06 17:08:54
eastmoney_guba,002055,1724132321,天天都是板，厉害了我滴哥,,细心的孟意10,6848007177199220,2026-06-10 14:35:59,45,1,0,0,False,False,"https://guba.eastmoney.com/news,002055,1724132321.html",2026-07-06 17:08:56
eastmoney_guba,002055,1724133106,恶庄！都不要买,,越过龙门的金龙鱼,5344094206919376,2026-06-10 14:36:31,24,0,0,0,False,False,"https://guba.eastmoney.com/news,002055,1724133106.html",2026-07-06 17:08:56
eastmoney_guba,002055,1724138808,不会真要退市了吧,,股友7bGrRB,7556375694655340,2026-06-10 14:40:19,49,1,0,0,False,False,"https://guba.eastmoney.com/news,002055,1724138808.html",2026-07-06 17:08:54
eastmoney_guba,002055,1724146384,看来这个英特尔认证含金量不高啊，真那么有用的话，别的连接器不都去认证了吗,,新鲜嫩韭菜吆,9048176158817748,2026-06-10 14:44:43,69,0,0,0,False,False,"https://guba.eastmoney.com/news,002055,1724146384.html",2026-07-06 17:08:54
eastmoney_guba,002055,1724149451,空仓看戏,,越过龙门的金龙鱼,5344094206919376,2026-06-10 14:46:35,38,0,0,0,False,False,"https://guba.eastmoney.com/news,002055,1724149451.html",2026-07-06 17:08:54
eastmoney_guba,002055,1724159239,大盘开始涨了这股继续按地板中牛逼,,得润两位数,3290024582242248,2026-06-10 14:52:17,40,0,0,0,False,False,"https://guba.eastmoney.com/news,002055,1724159239.html",2026-07-06 17:08:54
eastmoney_guba,002055,1724159433,我来撬个板,,皮卡柴,4668094562263826,2026-06-10 14:52:24,51,2,0,0,False,False,"https://guba.eastmoney.com/news,002055,1724159433.html",2026-07-06 17:08:54
eastmoney_guba,002055,1724162540,我决定改在明天买了，还可以便宜5%,,股友h87365d305,7989326526212328,2026-06-10 14:54:12,56,1,0,0,False,False,"https://guba.eastmoney.com/news,002055,1724162540.html",2026-07-06 17:08:54
eastmoney_guba,002055,1724172804,我决定在你们都不看好都不敢买的时候买,,持仓观风云,4654067800325436,2026-06-10 15:00:43,52,1,0,0,False,False,"https://guba.eastmoney.com/news,002055,1724172804.html",2026-07-06 17:08:54
eastmoney_guba,002055,1724183673,，连续几个跌停了？,,宏图发财地卜鹰,3933075127334942,2026-06-10 15:10:22,44,1,0,0,False,False,"https://guba.eastmoney.com/news,002055,1724183673.html",2026-07-06 17:08:54
eastmoney_guba,002055,1724184095,公司怎么做市值管理的。我已经吃了7个跌停，跌麻了。公司最近有没有利好消息可以发布,,股市小羔羊,3561396025664456,2026-06-10 15:11:00,62,1,0,0,False,False,"https://guba.eastmoney.com/news,002055,1724184095.html",2026-07-06 17:08:54
eastmoney_guba,002055,1724186453,$ST得润(SZ002055)$,,青岛小哥7777,1774094152563168,2026-06-10 15:14:28,216,2,0,0,True,False,"https://guba.eastmoney.com/news,002055,1724186453.html",2026-07-06 17:08:54
eastmoney_guba,002055,1724192862,6.61买的，10个点了，命苦,,静之丶,1258366230453514,2026-06-10 15:26:15,36,0,0,0,False,False,"https://guba.eastmoney.com/news,002055,1724192862.html",2026-07-06 17:08:54
eastmoney_guba,002055,1724193122,今天清仓了实在扛不住了,,月月最棒了,4939067429521262,2026-06-10 15:26:43,48,0,0,0,False,False,"https://guba.eastmoney.com/news,002055,1724193122.html",2026-07-06 17:08:54
eastmoney_guba,002055,1724210400,行不行呀明天割了去,,团团梓,5110017567741384,2026-06-10 16:04:20,39,0,0,0,False,False,"https://guba.eastmoney.com/news,002055,1724210400.html",2026-07-06 17:08:54
eastmoney_guba,002055,1724216396,今天看来不少人割了。前面连续涨停的时候全都是各种看多到几十块上百块。现在都是看空,,o痕迹o,4802306288363612,2026-06-10 16:22:17,175,4,0,0,False,False,"https://guba.eastmoney.com/news,002055,1724216396.html",2026-07-06 17:08:54
eastmoney_guba,002055,1724222370,年底上20,,只为赚999万,2439047277939938,2026-06-10 16:39:21,227,12,0,0,False,False,"https://guba.eastmoney.com/news,002055,1724222370.html",2026-07-06 17:08:54
eastmoney_guba,002055,1724224768,扛不住了，割肉了，今年又白搞了，有本事跌到5元再来,,k线背后,7688113823893366,2026-06-10 16:46:52,48,0,0,0,False,False,"https://guba.eastmoney.com/news,002055,1724224768.html",2026-07-06 17:08:54
eastmoney_guba,002055,1724227115,这里有831买的吗,,得润两位数,3290024582242248,2026-06-10 16:53:47,108,4,0,0,False,False,"https://guba.eastmoney.com/news,002055,1724227115.html",2026-07-06 17:08:54
eastmoney_guba,002055,1724234701,玩不过你，清仓走人。,,星落人间巷,3897375928740874,2026-06-10 17:16:16,349,4,0,0,True,False,"https://guba.eastmoney.com/news,002055,1724234701.html",2026-07-06 17:08:54
eastmoney_guba,002055,1724236171,真tm会玩，完完全全怎么上去的怎么下来,,Luther307,5988395574972942,2026-06-10 17:21:05,42,0,0,0,False,False,"https://guba.eastmoney.com/news,002055,1724236171.html",2026-07-06 17:08:54
eastmoney_guba,002055,1724236358,跌停建三层仓了，每跌五个点补一层仓位,,埋伏ST,9272356136962600,2026-06-10 17:21:39,47,0,0,0,False,False,"https://guba.eastmoney.com/news,002055,1724236358.html",2026-07-06 17:08:54
eastmoney_guba,002055,1724248093,这个股票太容易赚钱了，每次都是6块以下买，8块以上卖。已经赚了几十万了。,,江湖再现尼古拉斯,8183013401511276,2026-06-10 18:03:01,165,3,0,0,False,False,"https://guba.eastmoney.com/news,002055,1724248093.html",2026-07-06 17:08:54
eastmoney_guba,002055,1724248523,现在没人敢说利好点了吧,,得润两位数,3290024582242248,2026-06-10 18:04:42,41,0,0,0,False,False,"https://guba.eastmoney.com/news,002055,1724248523.html",2026-07-06 17:08:54
eastmoney_guba,002055,1724253204,美股今晚又是大跌，明天得润还是跌停,,人生巅峰进行曲,6778013800753264,2026-06-10 18:22:07,51,1,0,0,False,False,"https://guba.eastmoney.com/news,002055,1724253204.html",2026-07-06 17:08:54
eastmoney_guba,002055,1724253612,这会都不催了老实了？不是英伟达认证了，,,沈阳芭菲菜,1764326049115564,2026-06-10 18:23:22,65,2,0,0,False,False,"https://guba.eastmoney.com/news,002055,1724253612.html",2026-07-06 17:08:54
eastmoney_guba,002055,1724261988,今天全部割完，连续来个三个差不多了.害我亏这么多到时再来抄底,,拉萨第十军团,6141094080169066,2026-06-10 18:55:20,57,1,0,0,False,False,"https://guba.eastmoney.com/news,002055,1724261988.html",2026-07-06 17:08:54
eastmoney_guba,002055,1724267284,中国的股市涨的好的股票，涨到一定高度，股东就开始减持真不应该炒股,,团团梓,5110017567741384,2026-06-10 19:16:59,50,0,0,0,False,False,"https://guba.eastmoney.com/news,002055,1724267284.html",2026-07-06 17:08:54
eastmoney_guba,002055,1724267758,来吹一下，7月6日涨停到9月5日,,坐看武动乾坤,2800335518589370,2026-06-10 19:19:06,184,4,0,0,False,False,"https://guba.eastmoney.com/news,002055,1724267758.html",2026-07-06 17:08:54
eastmoney_guba,002055,1724271842,明天涨停，理由就是借口,,wjxhx,6560013752324024,2026-06-10 19:34:42,39,0,0,0,False,False,"https://guba.eastmoney.com/news,002055,1724271842.html",2026-07-06 17:08:54
eastmoney_guba,002055,1724278955,真恶心呀真恶心,,知足常乐对吧,9052386172588498,2026-06-10 20:03:25,35,0,0,0,False,False,"https://guba.eastmoney.com/news,002055,1724278955.html",2026-07-06 17:08:54
eastmoney_guba,002055,1724279203,没几个挣钱的了吧，太恶毒了,,知足常乐对吧,9052386172588498,2026-06-10 20:04:11,45,0,0,0,False,False,"https://guba.eastmoney.com/news,002055,1724279203.html",2026-07-06 17:08:54
eastmoney_guba,002055,1724280123,公司能否发点利好消息。安慰我等吃了几个跌停的小散,,股市小羔羊,3561396025664456,2026-06-10 20:07:54,103,3,0,0,False,False,"https://guba.eastmoney.com/news,002055,1724280123.html",2026-07-06 17:08:54
eastmoney_guba,002055,1724294688,拿到明年…,,股友1Q373661f9,9251047407774860,2026-06-10 21:00:02,42,0,0,0,False,False,"https://guba.eastmoney.com/news,002055,1724294688.html",2026-07-06 17:08:54
eastmoney_guba,002055,1724309467,每个礼拜加一手，玩不s你,,一手两手哥,5186036974408454,2026-06-10 21:51:34,36,0,0,0,False,False,"https://guba.eastmoney.com/news,002055,1724309467.html",2026-07-06 17:08:54
eastmoney_guba,002055,1724315233,股友在深圳现场探访得润电子的帖子。坚定了我的持股决心。,,股市小羔羊,3561396025664456,2026-06-10 22:11:29,903,10,0,0,True,False,"https://guba.eastmoney.com/news,002055,1724315233.html",2026-07-06 17:08:54
eastmoney_guba,002055,1724317692,破位了，今天跑了，亏了20个点明天估计也是跌停。,,心想的喻莉,7287117811012376,2026-06-10 22:20:45,50,1,0,0,False,False,"https://guba.eastmoney.com/news,002055,1724317692.html",2026-07-06 17:08:54
eastmoney_guba,002055,1724318258,已经破位了，今天我割了，亏了20个点，再也不见！,,心想的喻莉,7287117811012376,2026-06-10 22:22:57,38,0,0,0,False,False,"https://guba.eastmoney.com/news,002055,1724318258.html",2026-07-06 17:08:54
eastmoney_guba,002055,1724331070,明天再跌停就神了,,知足常乐对吧,9052386172588498,2026-06-10 23:18:53,59,1,0,0,False,False,"https://guba.eastmoney.com/news,002055,1724331070.html",2026-07-06 17:08:54
eastmoney_guba,002055,1724336875,隔壁美股那样，明天不跌停就是胜利,,被套就割,9679127793622906,2026-06-10 23:52:20,51,0,0,0,False,False,"https://guba.eastmoney.com/news,002055,1724336875.html",2026-07-06 17:08:54
eastmoney_guba,002055,1724370265,巴菲特说，如果不愿意持有一只股票十年，那你就不要持有一只股票十分钟。既然投资得润,,股市小羔羊,3561396025664456,2026-06-11 07:33:52,138,4,0,0,False,False,"https://guba.eastmoney.com/news,002055,1724370265.html",2026-07-06 17:08:54
eastmoney_guba,002055,1724373825,今天5.67开始分批建仓每个跌停加仓10%，做好跌破4元准备,,股友3966M3y561,4717087682060226,2026-06-11 07:51:42,30,0,0,0,False,False,"https://guba.eastmoney.com/news,002055,1724373825.html",2026-07-06 17:08:54
eastmoney_guba,002055,1724374287,这么狠就再来十个跌停板吧，我分批建仓熬死你,,股友3966M3y561,4717087682060226,2026-06-11 07:53:39,26,0,0,0,False,False,"https://guba.eastmoney.com/news,002055,1724374287.html",2026-07-06 17:08:54
eastmoney_guba,002055,1724374506,又是三个跌停板起步，破5元抄大底,,股友3966M3y561,4717087682060226,2026-06-11 07:54:35,36,0,0,0,False,False,"https://guba.eastmoney.com/news,002055,1724374506.html",2026-07-06 17:08:54
eastmoney_guba,002055,1724374859,这次肯定要跌破4.06历史大底的，管住手不破4元坚决不进,,股友3966M3y561,4717087682060226,2026-06-11 07:56:20,40,0,0,0,False,False,"https://guba.eastmoney.com/news,002055,1724374859.html",2026-07-06 17:08:54
eastmoney_guba,002055,1724377814,今天直接开盘跌停不要抄底，下周一再动手不迟,,股友3966M3y561,4717087682060226,2026-06-11 08:08:21,40,0,0,0,False,False,"https://guba.eastmoney.com/news,002055,1724377814.html",2026-07-06 17:08:54
eastmoney_guba,002055,1724380407,还有15个跌停，做好退市准备,,wjxhx,6560013752324024,2026-06-11 08:19:52,82,5,0,0,False,False,"https://guba.eastmoney.com/news,002055,1724380407.html",2026-07-06 17:08:52
eastmoney_guba,002055,1724384959,今天不是一字跌停也是大幅低开直接跌停，管住手不要抄底,,股友3966M3y561,4717087682060226,2026-06-11 08:39:24,37,0,0,0,False,False,"https://guba.eastmoney.com/news,002055,1724384959.html",2026-07-06 17:08:54
eastmoney_guba,002055,1724386243,太痛苦了,,蓟县佛系投资者,6909075087558588,2026-06-11 08:44:35,163,1,0,0,True,False,"https://guba.eastmoney.com/news,002055,1724386243.html",2026-07-06 17:08:54
eastmoney_guba,002055,1724390595,$ST得润(SZ002055)$,,合纵资本,7304094472044104,2026-06-11 08:58:57,215,0,0,0,True,False,"https://guba.eastmoney.com/news,002055,1724390595.html",2026-07-06 17:08:54
eastmoney_guba,002055,1724398342,应该可以建仓了,,傲寒的秦岚,5793047755670376,2026-06-11 09:14:08,58,4,0,0,False,False,"https://guba.eastmoney.com/news,002055,1724398342.html",2026-07-06 17:08:54
eastmoney_guba,002055,1724398946,今天低开震荡，高走,,掘金高歌,5238386190584350,2026-06-11 09:15:10,47,3,0,0,False,False,"https://guba.eastmoney.com/news,002055,1724398946.html",2026-07-06 17:08:54
eastmoney_guba,002055,1724401825,习惯了跌麻了,,得润两位数,3290024582242248,2026-06-11 09:18:20,29,0,0,0,False,False,"https://guba.eastmoney.com/news,002055,1724401825.html",2026-07-06 17:08:54
eastmoney_guba,002055,1724404213,又是跌停的一天,,大虾118,4167315536396900,2026-06-11 09:20:20,23,0,0,0,False,False,"https://guba.eastmoney.com/news,002055,1724404213.html",2026-07-06 17:08:54
eastmoney_guba,002055,1724406153,天天如此，基本要到下午才能轻仓试错。,,傲寒的秦岚,5793047755670376,2026-06-11 09:22:20,28,1,0,0,False,False,"https://guba.eastmoney.com/news,002055,1724406153.html",2026-07-06 17:08:54
eastmoney_guba,002055,1724408207,抄底的要做好被套的准备,,傲寒的秦岚,5793047755670376,2026-06-11 09:24:14,31,1,0,0,False,False,"https://guba.eastmoney.com/news,002055,1724408207.html",2026-07-06 17:08:54
eastmoney_guba,002055,1724429433,继续跌停吧,,反面教科书,8548094341034744,2026-06-11 09:31:25,30,0,0,0,False,False,"https://guba.eastmoney.com/news,002055,1724429433.html",2026-07-06 17:08:54
eastmoney_guba,002055,1724439156,结局又是喜提一跌停,,股涛凶涌呀,5556366245871228,2026-06-11 09:34:13,25,0,0,0,False,False,"https://guba.eastmoney.com/news,002055,1724439156.html",2026-07-06 17:08:54
eastmoney_guba,002055,1724440244,牛逼，拉红，拉涨停！,,越过龙门的金龙鱼,5344094206919376,2026-06-11 09:34:31,27,0,0,0,False,False,"https://guba.eastmoney.com/news,002055,1724440244.html",2026-07-06 17:08:54
eastmoney_guba,002055,1724444260,我7.90的成本，我就不卖。庄家请随意折腾。。。,,股市小羔羊,3561396025664456,2026-06-11 09:35:32,159,7,0,0,False,False,"https://guba.eastmoney.com/news,002055,1724444260.html",2026-07-06 17:08:54
eastmoney_guba,002055,1724450754,散户多如牛毛！危险‼,,易扬天下,2288084776459944,2026-06-11 09:37:14,33,1,0,0,False,False,"https://guba.eastmoney.com/news,002055,1724450754.html",2026-07-06 17:08:54
eastmoney_guba,002055,1724454949,所有的动作都是为了跌停,,博学多才的小鱼,1190094345248964,2026-06-11 09:38:18,71,2,0,0,False,False,"https://guba.eastmoney.com/news,002055,1724454949.html",2026-07-06 17:08:54
eastmoney_guba,002055,1724499322,无量诱多，小心下午跌停,,股友3966M3y561,4717087682060226,2026-06-11 09:51:04,79,3,0,0,False,False,"https://guba.eastmoney.com/news,002055,1724499322.html",2026-07-06 17:08:52
eastmoney_guba,002055,1724501381,上午又要套住一批抢反弹的人，悲哀呀,,股友3966M3y561,4717087682060226,2026-06-11 09:51:41,38,1,0,0,False,False,"https://guba.eastmoney.com/news,002055,1724501381.html",2026-07-06 17:08:54
eastmoney_guba,002055,1724507647,一个字所有得反弹都是为了套住散户，管住手吧,,股友3966M3y561,4717087682060226,2026-06-11 09:53:35,31,0,0,0,False,False,"https://guba.eastmoney.com/news,002055,1724507647.html",2026-07-06 17:08:54
eastmoney_guba,002055,1724558192,每天剧本一样的,,股友7bGrRB,7556375694655340,2026-06-11 10:10:38,27,0,0,0,False,False,"https://guba.eastmoney.com/news,002055,1724558192.html",2026-07-06 17:08:54
eastmoney_guba,002055,1724561074,你的底是0元吗,,股友5Q250c6957,1427166934896822,2026-06-11 10:11:41,31,0,0,0,False,False,"https://guba.eastmoney.com/news,002055,1724561074.html",2026-07-06 17:08:54
eastmoney_guba,002055,1724566618,那么多营收，利润也有，怎么还干不赢有问询函的，还干不赢亏损公司的，还干不赢退市股,,云南小散nie,3561017753135412,2026-06-11 10:13:39,33,0,0,0,False,False,"https://guba.eastmoney.com/news,002055,1724566618.html",2026-07-06 17:08:54
eastmoney_guba,002055,1724584879,别砸了别砸了这个价格也砸的下去啊,,股友26u01X0809,2058057670007872,2026-06-11 10:20:05,31,0,0,0,False,False,"https://guba.eastmoney.com/news,002055,1724584879.html",2026-07-06 17:08:54
eastmoney_guba,002055,1724590037,价格越低，股东人数越多,,股友9C213265L1,7977476633081770,2026-06-11 10:22:04,34,0,0,0,False,False,"https://guba.eastmoney.com/news,002055,1724590037.html",2026-07-06 17:08:54
eastmoney_guba,002055,1724598441,被资本运作了，神仙打架，小散遭殃,,云南小散nie,3561017753135412,2026-06-11 10:25:06,30,0,0,0,False,False,"https://guba.eastmoney.com/news,002055,1724598441.html",2026-07-06 17:08:54
eastmoney_guba,002055,1724604999,都亏麻了吧,,专注上涨趋势,1748095089831338,2026-06-11 10:27:43,25,0,0,0,False,False,"https://guba.eastmoney.com/news,002055,1724604999.html",2026-07-06 17:08:54
eastmoney_guba,002055,1724619858,目前千万别急进，下午还一泻千里,,我是风向标,7292015289809824,2026-06-11 10:33:46,34,0,0,0,False,False,"https://guba.eastmoney.com/news,002055,1724619858.html",2026-07-06 17:08:54
eastmoney_guba,002055,1724620126,5.9我回来了，希望可以赚钱啊,,股海无涯在东方,2033013745408808,2026-06-11 10:33:54,121,5,0,0,False,False,"https://guba.eastmoney.com/news,002055,1724620126.html",2026-07-06 17:08:40
eastmoney_guba,002055,1724633291,不停有大单砸，优秀,,玲珑剔透的柳飞文,3579085361120428,2026-06-11 10:39:34,25,0,0,0,False,False,"https://guba.eastmoney.com/news,002055,1724633291.html",2026-07-06 17:08:54
eastmoney_guba,002055,1724637841,早割早享受去哪里玩不好，在这守着个瘫子，指望他的脚还能站起来,,我在情绪之外,9194047483250996,2026-06-11 10:41:33,29,0,0,0,False,False,"https://guba.eastmoney.com/news,002055,1724637841.html",2026-07-06 17:08:54
eastmoney_guba,002055,1724643144,下午会跌停板,,后贝加尔斯克,7154013321195756,2026-06-11 10:43:39,38,1,0,0,False,False,"https://guba.eastmoney.com/news,002055,1724643144.html",2026-07-06 17:08:52
eastmoney_guba,002055,1724645753,你说这么反常的资金异动会没有故事，就是不知道是好事还是坏事,,灵动活泼的耿子轩,5127315531363670,2026-06-11 10:44:47,260,5,0,0,False,False,"https://guba.eastmoney.com/news,002055,1724645753.html",2026-07-06 17:08:52
eastmoney_guba,002055,1724646398,垃圾中战斗机，连跌七天啦,,团团梓,5110017567741384,2026-06-11 10:45:04,33,0,0,0,False,False,"https://guba.eastmoney.com/news,002055,1724646398.html",2026-07-06 17:08:52
eastmoney_guba,002055,1724665251,任他表演,,股友8719n8381d,3946047745056792,2026-06-11 10:53:30,28,0,0,0,False,False,"https://guba.eastmoney.com/news,002055,1724665251.html",2026-07-06 17:08:52
eastmoney_guba,002055,1724672735,下午又是个跌停啊,,烂股收割机,4309365835407682,2026-06-11 10:57:04,28,1,0,0,False,False,"https://guba.eastmoney.com/news,002055,1724672735.html",2026-07-06 17:08:52
eastmoney_guba,002055,1724683043,今天会收个微红，明天继续跌停,,股友678558wc71,1861027369220640,2026-06-11 11:02:30,49,2,0,0,False,False,"https://guba.eastmoney.com/news,002055,1724683043.html",2026-07-06 17:08:52
eastmoney_guba,002055,1724697981,割了也是出去换个股继续跌，躺平就行了,,不玩快赔钱,2774385962568886,2026-06-11 11:10:24,31,0,0,0,False,False,"https://guba.eastmoney.com/news,002055,1724697981.html",2026-07-06 17:08:52
eastmoney_guba,002055,1724708661,得润又回到启动前的8块位置,,涨停靠主力,8326376520785386,2026-06-11 11:15:47,97,3,0,0,False,False,"https://guba.eastmoney.com/news,002055,1724708661.html",2026-07-06 17:08:52
eastmoney_guba,002055,1724746828,耐住性子管住手，5块钱下方马上到了。,,首都九菲特,6181074920667870,2026-06-11 11:44:29,32,0,0,0,False,False,"https://guba.eastmoney.com/news,002055,1724746828.html",2026-07-06 17:08:52
eastmoney_guba,002055,1724749686,这波A杀，超大资金砸盘，操作上建仓或补仓都得等待止跌信号出现后再行动。,,大哥777外门弟子,9675065311399402,2026-06-11 11:49:23,189,3,0,0,False,False,"https://guba.eastmoney.com/news,002055,1724749686.html",2026-07-06 17:08:52
eastmoney_guba,002055,1724762725,只能割肉了，我扛不住了,,月月最棒了,4939067429521262,2026-06-11 12:18:25,32,0,0,0,False,False,"https://guba.eastmoney.com/news,002055,1724762725.html",2026-07-06 17:08:52
eastmoney_guba,002055,1724767146,美股大跌，不知道下一个风口在哪里。空仓看戏,,傲寒的秦岚,5793047755670376,2026-06-11 12:30:41,38,0,0,0,False,False,"https://guba.eastmoney.com/news,002055,1724767146.html",2026-07-06 17:08:52
eastmoney_guba,002055,1724767742,像不像？,,傲寒的秦岚,5793047755670376,2026-06-11 12:32:23,371,1,0,0,True,False,"https://guba.eastmoney.com/news,002055,1724767742.html",2026-07-06 17:08:52
eastmoney_guba,002055,1724793181,现在就是跟着消费电子板块走,,玲珑剔透的柳飞文,3579085361120428,2026-06-11 13:08:46,26,0,0,0,False,False,"https://guba.eastmoney.com/news,002055,1724793181.html",2026-07-06 17:08:52
eastmoney_guba,002055,1724821308,要红了,,股友75z0987O95,6980037570660246,2026-06-11 13:26:50,30,0,0,0,False,False,"https://guba.eastmoney.com/news,002055,1724821308.html",2026-07-06 17:08:52
eastmoney_guba,002055,1724825079,收盘跌停即将,,后贝加尔斯克,7154013321195756,2026-06-11 13:29:08,23,0,0,0,False,False,"https://guba.eastmoney.com/news,002055,1724825079.html",2026-07-06 17:08:52
eastmoney_guba,002055,1724825995,尾盘要跌停,,坚强的灰太羊,1607316304774148,2026-06-11 13:29:42,22,0,0,0,False,False,"https://guba.eastmoney.com/news,002055,1724825995.html",2026-07-06 17:08:52
eastmoney_guba,002055,1724831474,溜了，溜了，认栽……订了半天，就一个结论，不用反驳，只要是有资金进来抢一口，老资,,福祉安康,2015395616410208,2026-06-11 13:33:06,192,6,0,0,False,False,"https://guba.eastmoney.com/news,002055,1724831474.html",2026-07-06 17:08:52
eastmoney_guba,002055,1724836110,看样子是奔着四块去了,,勇敢的大黑牛,1433385948292358,2026-06-11 13:36:01,25,0,0,0,False,False,"https://guba.eastmoney.com/news,002055,1724836110.html",2026-07-06 17:08:52
eastmoney_guba,002055,1724838601,哈哈哈，上去一点都给你们按死，到底是谁在控盘呢,,我在情绪之外,9194047483250996,2026-06-11 13:37:31,50,1,0,0,False,False,"https://guba.eastmoney.com/news,002055,1724838601.html",2026-07-06 17:08:52
eastmoney_guba,002055,1724839250,这里资金是真的脏，一上就有人砸,,股友7bGrRB,7556375694655340,2026-06-11 13:37:56,68,3,0,0,False,False,"https://guba.eastmoney.com/news,002055,1724839250.html",2026-07-06 17:08:52
eastmoney_guba,002055,1724840395,主力用ai和你玩儿,,大股市小滑头,9539093970237088,2026-06-11 13:38:40,31,0,0,0,False,False,"https://guba.eastmoney.com/news,002055,1724840395.html",2026-07-06 17:08:52
eastmoney_guba,002055,1724842141,哪来那么多筹码天天砸,,玲珑剔透的柳飞文,3579085361120428,2026-06-11 13:39:48,118,4,0,0,False,False,"https://guba.eastmoney.com/news,002055,1724842141.html",2026-07-06 17:08:52
eastmoney_guba,002055,1724855171,没想到今天下午还能在5.92卖出，之前15%的利润没卖，这下反而差不多亏损15%,,股涛凶涌呀,5556366245871228,2026-06-11 13:48:12,81,3,0,0,False,False,"https://guba.eastmoney.com/news,002055,1724855171.html",2026-07-06 17:08:52
eastmoney_guba,002055,1724871439,今天还是跌停，一点出息都没有,,知足常乐对吧,9052386172588498,2026-06-11 13:58:44,24,0,0,0,False,False,"https://guba.eastmoney.com/news,002055,1724871439.html",2026-07-06 17:08:52
eastmoney_guba,002055,1724875026,好很有精神继续砸,,得润两位数,3290024582242248,2026-06-11 14:01:03,28,0,0,0,False,False,"https://guba.eastmoney.com/news,002055,1724875026.html",2026-07-06 17:08:52
eastmoney_guba,002055,1724877559,七块以上成本的还不赶紧跑,,知足常乐对吧,9052386172588498,2026-06-11 14:02:38,32,0,0,0,False,False,"https://guba.eastmoney.com/news,002055,1724877559.html",2026-07-06 17:08:52
eastmoney_guba,002055,1724878154,走出大A形,,糊涂莫莫,1895306128333518,2026-06-11 14:03:00,31,0,0,0,False,False,"https://guba.eastmoney.com/news,002055,1724878154.html",2026-07-06 17:08:52
eastmoney_guba,002055,1724888171,这深圳公司居然连公司都想卖给小散哦,,股友M8635297Y2,3747486690434306,2026-06-11 14:08:54,33,0,0,0,False,False,"https://guba.eastmoney.com/news,002055,1724888171.html",2026-07-06 17:08:52
eastmoney_guba,002055,1724890530,难道是在为拍卖压价？,,蓝金吉拉,3325086941576462,2026-06-11 14:10:18,190,4,0,0,False,False,"https://guba.eastmoney.com/news,002055,1724890530.html",2026-07-06 17:08:52
eastmoney_guba,002055,1724894494,$ST得润(SZ002055)$,,青岛小哥7777,1774094152563168,2026-06-11 14:12:23,121,0,0,0,True,False,"https://guba.eastmoney.com/news,002055,1724894494.html",2026-07-06 17:08:52
eastmoney_guba,002055,1724896240,妙啊,,我在情绪之外,9194047483250996,2026-06-11 14:13:20,36,1,0,0,False,False,"https://guba.eastmoney.com/news,002055,1724896240.html",2026-07-06 17:08:52
eastmoney_guba,002055,1724899166,不知道那位82万年薪的懂秘，现在满意不满意！,,垂钓梵河,1790094480175166,2026-06-11 14:14:57,43,1,0,0,False,False,"https://guba.eastmoney.com/news,002055,1724899166.html",2026-07-06 17:08:52
eastmoney_guba,002055,1724905460,不知不觉退市都不一定,,持仓观风云,4654067800325436,2026-06-11 14:18:35,32,0,0,0,False,False,"https://guba.eastmoney.com/news,002055,1724905460.html",2026-07-06 17:08:52
eastmoney_guba,002055,1724906602,几个涨停全跌回去了，真的是够垃圾了,,微笑lxy,3185094309910698,2026-06-11 14:19:15,33,0,0,0,False,False,"https://guba.eastmoney.com/news,002055,1724906602.html",2026-07-06 17:08:52
eastmoney_guba,002055,1724911716,正儿八经的A杀股啊,,梦想成真945,6933326091029750,2026-06-11 14:22:12,27,0,0,0,False,False,"https://guba.eastmoney.com/news,002055,1724911716.html",2026-07-06 17:08:52
eastmoney_guba,002055,1724914424,今天收盘5.83,,股友UTKUbW5501,5894075439809238,2026-06-11 14:23:54,31,0,0,0,False,False,"https://guba.eastmoney.com/news,002055,1724914424.html",2026-07-06 17:08:52
eastmoney_guba,002055,1724918651,明天接着跌,,持仓观风云,4654067800325436,2026-06-11 14:26:24,31,0,0,0,False,False,"https://guba.eastmoney.com/news,002055,1724918651.html",2026-07-06 17:08:52
eastmoney_guba,002055,1724920131,七块以下买的，你们要等了，等到7.6日就好了，一个涨停就回本了，7块以上的请等着,,知足常乐对吧,9052386172588498,2026-06-11 14:27:23,41,0,0,0,False,False,"https://guba.eastmoney.com/news,002055,1724920131.html",2026-07-06 17:08:52
eastmoney_guba,002055,1724926381,又跌停真硬啊,,沈阳芭菲菜,1764326049115564,2026-06-11 14:31:15,34,1,0,0,False,False,"https://guba.eastmoney.com/news,002055,1724926381.html",2026-07-06 17:08:52
eastmoney_guba,002055,1724932213,割肉了，你们玩吧，这股不能玩啊，进去套了25%了,,潘甜甜1,3603037267313506,2026-06-11 14:34:49,33,0,0,0,False,False,"https://guba.eastmoney.com/news,002055,1724932213.html",2026-07-06 17:08:52
eastmoney_guba,002055,1724934605,为啥不跌停啊,,烂股收割机,4309365835407682,2026-06-11 14:36:26,35,1,0,0,False,False,"https://guba.eastmoney.com/news,002055,1724934605.html",2026-07-06 17:08:52
eastmoney_guba,002055,1724942504,天堂到地狱的4周，，从畅想买车买房到进厂打螺丝，垃圾桶翻东西吃。,,我在情绪之外,9194047483250996,2026-06-11 14:41:06,81,1,0,0,False,False,"https://guba.eastmoney.com/news,002055,1724942504.html",2026-07-06 17:08:52
eastmoney_guba,002055,1724943025,高位进来的兄弟，你们要是高位不接盘，也不至于这么跌，真是接盘侠,,知足常乐对吧,9052386172588498,2026-06-11 14:41:26,73,1,0,0,False,False,"https://guba.eastmoney.com/news,002055,1724943025.html",2026-07-06 17:08:52
eastmoney_guba,002055,1724949458,每天上一档当当不一样哈哈,,沈阳芭菲菜,1764326049115564,2026-06-11 14:45:19,82,2,0,0,False,False,"https://guba.eastmoney.com/news,002055,1724949458.html",2026-07-06 17:08:52
eastmoney_guba,002055,1724970387,牛逼吧公司戴帽以来0个动作,,股友26u01X0809,2058057670007872,2026-06-11 14:57:29,73,1,0,0,False,False,"https://guba.eastmoney.com/news,002055,1724970387.html",2026-07-06 17:08:52
eastmoney_guba,002055,1724970792,当时启动前我6.08卖了全仓买入京蓝，看着得润一路涨到8块多以为京蓝一辈子都追不,,kemorebi,6962077677845920,2026-06-11 14:57:51,123,1,0,0,False,False,"https://guba.eastmoney.com/news,002055,1724970792.html",2026-07-06 17:08:52
eastmoney_guba,002055,1724972334,真的脏，看的很让人生气，不懂了,,股友7bGrRB,7556375694655340,2026-06-11 14:59:08,64,0,0,0,False,False,"https://guba.eastmoney.com/news,002055,1724972334.html",2026-07-06 17:08:52
eastmoney_guba,002055,1724974805,得润电子23年收责令改正决定，信披违规受损者可索赔,,静水流深_沪,6297067507552978,2026-06-11 15:00:31,106,0,0,0,False,False,"https://guba.eastmoney.com/news,002055,1724974805.html",2026-07-06 17:08:52
eastmoney_guba,002055,1724981368,这个要退市吗？问问你们,,杰宝的大哥,4599075039799200,2026-06-11 15:05:59,82,1,0,0,False,False,"https://guba.eastmoney.com/news,002055,1724981368.html",2026-07-06 17:08:52
eastmoney_guba,002055,1724982196,简单说几句吧，我是5.22抄的底，一直没动，从5快多涨到8快多，公司出了一条澄清,,老练的戚春燕,5647037201743930,2026-06-11 15:06:39,714,9,1,0,False,False,"https://guba.eastmoney.com/news,002055,1724982196.html",2026-07-06 17:08:52
eastmoney_guba,002055,1724984223,这图画的太好了，ST只能做多有收益，不能做空，里面的资金也会在低位疯狂打压吸筹，,,运气大于实力选手,2075145276554428,2026-06-11 15:08:56,535,5,0,0,True,False,"https://guba.eastmoney.com/news,002055,1724984223.html",2026-07-06 17:08:52
eastmoney_guba,002055,1724986431,明天不反弹就破位了,,Gallium186,4764346029237862,2026-06-11 15:11:43,65,0,0,0,False,False,"https://guba.eastmoney.com/news,002055,1724986431.html",2026-07-06 17:08:52
eastmoney_guba,002055,1724994752,大家发现没，这段时间ST板块好多股都走得很差，流动性越来越少。得润这个老六，陷入,,掘金高歌,5238386190584350,2026-06-11 15:25:34,380,6,3,0,False,False,"https://guba.eastmoney.com/news,002055,1724994752.html",2026-07-06 17:08:50
eastmoney_guba,002055,1724997743,股价也A杀到上涨前，成交量明天也要恢复到上涨前了，也就是说7块冲进来的那几个亿快,,诚实的易晗12,7896007249329266,2026-06-11 15:31:10,204,2,0,0,False,False,"https://guba.eastmoney.com/news,002055,1724997743.html",2026-07-06 17:08:52
eastmoney_guba,002055,1725004170,一群的分析师。一直在下跌的路上分析。如果能挣钱，他们会这么好，让和你们抄,,傲寒的秦岚,5793047755670376,2026-06-11 15:42:56,192,3,0,0,False,False,"https://guba.eastmoney.com/news,002055,1725004170.html",2026-07-06 17:08:52
eastmoney_guba,002055,1725008057,不要看它砸的这么狠，股东人数是在不断减少，砸归砸，筹码还是有专人接的，吧里明显比,,诚实的易晗12,7896007249329266,2026-06-11 15:51:56,341,4,0,0,True,False,"https://guba.eastmoney.com/news,002055,1725008057.html",2026-07-06 17:08:52
eastmoney_guba,002055,1725009563,这波会破5，股权被冻又不是带星退市，资金是否反应过头了！宜宾只不过不想邱家转移资,,这也行1234,8524085274279044,2026-06-11 15:55:47,100,0,0,0,False,False,"https://guba.eastmoney.com/news,002055,1725009563.html",2026-07-06 17:08:52
eastmoney_guba,002055,1725012683,彻底解脱清仓了，晚上再也不用担心明天扣费了,,股友3966M3y561,4717087682060226,2026-06-11 16:04:22,27,0,0,0,False,False,"https://guba.eastmoney.com/news,002055,1725012683.html",2026-07-06 17:08:52
eastmoney_guba,002055,1725012981,照这样砸法，不创历史新低我不是人,,股友3966M3y561,4717087682060226,2026-06-11 16:04:55,144,3,0,0,False,False,"https://guba.eastmoney.com/news,002055,1725012981.html",2026-07-06 17:08:52
eastmoney_guba,002055,1725013328,割肉了，割肉了。割肉了，哈哈哈！哈哈哈！哈哈哈！哈哈哈！,,股友3966M3y561,4717087682060226,2026-06-11 16:05:48,29,0,0,0,False,False,"https://guba.eastmoney.com/news,002055,1725013328.html",2026-07-06 17:08:52
eastmoney_guba,002055,1725013858,明天5.51元，下周二必须砸破5元，月底砸破4元,,股友3966M3y561,4717087682060226,2026-06-11 16:07:21,31,0,0,0,False,False,"https://guba.eastmoney.com/news,002055,1725013858.html",2026-07-06 17:08:52
eastmoney_guba,002055,1725014797,最的恶庄第一次碰上，割肉了随便砸吧,,股友3966M3y561,4717087682060226,2026-06-11 16:09:56,30,0,0,0,False,False,"https://guba.eastmoney.com/news,002055,1725014797.html",2026-07-06 17:08:52
eastmoney_guba,002055,1725015485,砸吧砸吧不是罪，把你们的筹码全部拿出来砸吧,,股友3966M3y561,4717087682060226,2026-06-11 16:11:49,58,0,0,0,False,False,"https://guba.eastmoney.com/news,002055,1725015485.html",2026-07-06 17:08:52
eastmoney_guba,002055,1725017444,五日十日线不走平放量站上千万不要接飞刀，会砸到你怀疑人生的,,股友3966M3y561,4717087682060226,2026-06-11 16:16:58,56,0,0,0,False,False,"https://guba.eastmoney.com/news,002055,1725017444.html",2026-07-06 17:08:52
eastmoney_guba,002055,1725025541,坚持到底，等待最好的抄底机会，现在坚决不要去买,,wjxhx,6560013752324024,2026-06-11 16:38:52,65,0,0,0,False,False,"https://guba.eastmoney.com/news,002055,1725025541.html",2026-07-06 17:08:52
eastmoney_guba,002055,1725029567,典型的A字小丑,,K线大师,3155034833576922,2026-06-11 16:51:22,276,0,0,0,True,False,"https://guba.eastmoney.com/news,002055,1725029567.html",2026-07-06 17:08:52
eastmoney_guba,002055,1725030595,确实是我炒股遇到的最恶的一个庄。其他股票好歹下跌途中还涨个两三天，这货天天恨不得,,股市小羔羊,3561396025664456,2026-06-11 16:54:38,69,0,0,0,False,False,"https://guba.eastmoney.com/news,002055,1725030595.html",2026-07-06 17:08:52
eastmoney_guba,002055,1725031375,邱大邱二重回地球看世界杯挺好的呀，本老登可以又回来,,他来自江湖88,8543212747580400,2026-06-11 16:57:00,83,0,0,0,False,False,"https://guba.eastmoney.com/news,002055,1725031375.html",2026-07-06 17:08:52
eastmoney_guba,002055,1725033561,这个是奔退市去了吗？,,桑榆的赵蘅,2289047689085386,2026-06-11 17:03:56,62,0,0,0,False,False,"https://guba.eastmoney.com/news,002055,1725033561.html",2026-07-06 17:08:52
eastmoney_guba,002055,1725039469,杂毛就是杂毛，看着就让人恶心,,梦想成真945,6933326091029750,2026-06-11 17:22:23,65,0,0,0,False,False,"https://guba.eastmoney.com/news,002055,1725039469.html",2026-07-06 17:08:52
eastmoney_guba,002055,1725055546,ST得润:关于担保事项涉及诉讼进展暨公司部分资产被查封、子公司股权被冻结增加的公告,,ST得润资讯,9481113638045702,2026-06-11 18:16:10,818,67,23,0,False,False,"https://guba.eastmoney.com/news,002055,1725055546.html",2026-07-06 17:08:33
eastmoney_guba,002055,1725055782,ST得润:关于为控股子公司融资提供担保的进展公告,,ST得润资讯,9481113638045702,2026-06-11 18:17:06,451,10,8,0,False,False,"https://guba.eastmoney.com/news,002055,1725055782.html",2026-07-06 17:08:33
eastmoney_guba,002055,1725059964,四川港荣集团加速促使得润电子拿出债务解决方案，是好事，总比一直拖着不解决强,,股市小羔羊,3561396025664456,2026-06-11 18:33:49,146,1,0,0,False,False,"https://guba.eastmoney.com/news,002055,1725059964.html",2026-07-06 17:08:52
eastmoney_guba,002055,1725061502,得润大厦刚刚好不容易解封，又被四川宜宾国资查封，哪有这么巧和傻，肯定都是商量好的,,股市小羔羊,3561396025664456,2026-06-11 18:40:03,288,4,0,0,False,False,"https://guba.eastmoney.com/news,002055,1725061502.html",2026-07-06 17:08:52
eastmoney_guba,002055,1725062478,往死里整，这样做，才能吃干抹净，绝对有高手,,大漠刀客3,9233094165408684,2026-06-11 18:44:19,44,0,0,0,False,False,"https://guba.eastmoney.com/news,002055,1725062478.html",2026-07-06 17:08:52
eastmoney_guba,002055,1725062999,利空消息没完没了，不知道有没有什么大雷还没有暴出来,,善解人意的顾哲禾,2050047394339812,2026-06-11 18:46:15,194,3,0,0,False,False,"https://guba.eastmoney.com/news,002055,1725062999.html",2026-07-06 17:08:52
eastmoney_guba,002055,1725064726,明天又是自动扣费模式,,云南小散nie,3561017753135412,2026-06-11 18:53:23,49,1,0,0,False,False,"https://guba.eastmoney.com/news,002055,1725064726.html",2026-07-06 17:08:52
eastmoney_guba,002055,1725067512,重整加速信号，挺好，明天买入五千股试试水,,wjxhx,6560013752324024,2026-06-11 19:04:30,59,2,0,0,False,False,"https://guba.eastmoney.com/news,002055,1725067512.html",2026-07-06 17:08:52
eastmoney_guba,002055,1725067717,干脆点直接出得润大夏，能卖个十亿就可以解决所有的问题,,大家好才是不好的,2103025032039206,2026-06-11 19:05:24,257,6,1,0,False,False,"https://guba.eastmoney.com/news,002055,1725067717.html",2026-07-06 17:08:50
eastmoney_guba,002055,1725070516,润子虐我千百遍，我待润子如初恋，润子你对得起我吗,,梦想成真945,6933326091029750,2026-06-11 19:16:56,36,0,0,0,False,False,"https://guba.eastmoney.com/news,002055,1725070516.html",2026-07-06 17:08:52
eastmoney_guba,002055,1725074123,雪上加霜明天开始最少三个跌停板，绞肉机行情看谁跑得快,,股友3966M3y561,4717087682060226,2026-06-11 19:31:30,90,3,0,0,False,False,"https://guba.eastmoney.com/news,002055,1725074123.html",2026-07-06 17:08:50
eastmoney_guba,002055,1725074759,明日要不一字跌停板我不是人,,股友3966M3y561,4717087682060226,2026-06-11 19:34:28,109,2,1,0,False,False,"https://guba.eastmoney.com/news,002055,1725074759.html",2026-07-06 17:08:48
eastmoney_guba,002055,1725075267,炒股最怕跟风恐慌，前面这波涨很明显就有人在带节奏，我也说了，没人听。,,股友8601207a1I,3862416881318376,2026-06-11 19:36:40,58,1,0,0,False,False,"https://guba.eastmoney.com/news,002055,1725075267.html",2026-07-06 17:08:50
eastmoney_guba,002055,1725075305,下个月必须见到4元是肯定的，7月底要破3元8月底破2元不要不相信,,股友3966M3y561,4717087682060226,2026-06-11 19:36:51,47,1,0,0,False,False,"https://guba.eastmoney.com/news,002055,1725075305.html",2026-07-06 17:08:50
eastmoney_guba,002055,1725075344,解封也是跌停，被封也是跌停，没啥区别其实,,股友7bGrRB,7556375694655340,2026-06-11 19:37:01,38,0,0,0,False,False,"https://guba.eastmoney.com/news,002055,1725075344.html",2026-07-06 17:08:50
eastmoney_guba,002055,1725075788,我说句公道话，增加冻结，无论如何短期都是利空，那些说加快重组进程的，就算你说的都,,不惑见惑不惑也,6874456736141174,2026-06-11 19:39:04,523,8,0,0,False,False,"https://guba.eastmoney.com/news,002055,1725075788.html",2026-07-06 17:08:50
eastmoney_guba,002055,1725076205,跌了这么多天的利空总算出来了，明天不管开盘什么价位开始建仓，验证下到底低位利空出,,人生巅峰进行曲,6778013800753264,2026-06-11 19:40:58,84,0,0,0,False,False,"https://guba.eastmoney.com/news,002055,1725076205.html",2026-07-06 17:08:50
eastmoney_guba,002055,1725079471,得润安全边际,,UF0168,8135094653678924,2026-06-11 19:54:29,108,3,0,0,False,False,"https://guba.eastmoney.com/news,002055,1725079471.html",2026-07-06 17:08:50
eastmoney_guba,002055,1725080076,咒自己说不是人的都有,,堆金如意de祖千秋,4773115361946276,2026-06-11 19:57:27,44,0,0,0,False,False,"https://guba.eastmoney.com/news,002055,1725080076.html",2026-07-06 17:08:50
eastmoney_guba,002055,1725080721,大哥大姐，我是大二学生，买了五千块钱的准备放一年，现在跌成这个样子，会不会退市呀,,柔情侠股,8027087373493102,2026-06-11 20:00:11,73,2,0,0,False,False,"https://guba.eastmoney.com/news,002055,1725080721.html",2026-07-06 17:08:50
eastmoney_guba,002055,1725080993,这个走势真难看，下跌趋势依然没变,,股友2g1686h586,6609117708977588,2026-06-11 20:01:25,226,2,0,0,True,False,"https://guba.eastmoney.com/news,002055,1725080993.html",2026-07-06 17:08:50
eastmoney_guba,002055,1725090055,一、这次公告到底偏什么性质-内容：得润大厦刚解封、又被宜宾中院冻结，叠加8家核心,,掘金高歌,5238386190584350,2026-06-11 20:37:15,784,5,1,0,False,False,"https://guba.eastmoney.com/news,002055,1725090055.html",2026-07-06 17:08:50
eastmoney_guba,002055,1725090496,得润实控人变更现在只有两个选项了。一、港荣债转股入主。二、白衣骑士救驾(顺德国资,,ST我的最爱,5271094411571008,2026-06-11 20:38:55,347,2,0,0,False,False,"https://guba.eastmoney.com/news,002055,1725090496.html",2026-07-06 17:08:50
eastmoney_guba,002055,1725090953,刚看到晚间公告，简单说下我的理解，这次资产冻结就是和国资那边打官司走的司法保全流,,有创造力的邱锐19,9726077192004222,2026-06-11 20:40:37,243,1,0,0,False,False,"https://guba.eastmoney.com/news,002055,1725090953.html",2026-07-06 17:08:50
eastmoney_guba,002055,1725095146,买定离手，不到百亿一股不卖，怕个毛科技公司营收50亿不值百亿白活了。,,OkOk回本就删,4348027458466604,2026-06-11 20:56:59,71,1,0,0,False,False,"https://guba.eastmoney.com/news,002055,1725095146.html",2026-07-06 17:08:50
eastmoney_guba,002055,1725098107,越来越好了，不错不错，越来越有趣了，等着吧！这个票有搞头,,wjxhx,6560013752324024,2026-06-11 21:08:27,60,0,0,0,False,False,"https://guba.eastmoney.com/news,002055,1725098107.html",2026-07-06 17:08:50
eastmoney_guba,002055,1725098106,这家伙，A回来就,,股海潜伏者007,5162085426368708,2026-06-11 21:08:27,43,0,0,0,False,False,"https://guba.eastmoney.com/news,002055,1725098106.html",2026-07-06 17:08:50
eastmoney_guba,002055,1725109085,这货最大的问题是有盈利能力，债权人不想打折重整，就耗着慢慢还债哎，啥时候是头,,高风亮节的L,1476306083680006,2026-06-11 21:45:48,210,3,0,0,False,False,"https://guba.eastmoney.com/news,002055,1725109085.html",2026-07-06 17:08:50
eastmoney_guba,002055,1725115929,明天又跌停,,Badboy5,9863375522860422,2026-06-11 22:06:29,55,2,0,0,False,False,"https://guba.eastmoney.com/news,002055,1725115929.html",2026-07-06 17:08:50
eastmoney_guba,002055,1725116431,这位置也不可能割了，事情解决，分分钟百亿市值,,股友2A250D3037,9500057605543654,2026-06-11 22:07:57,109,3,0,0,False,False,"https://guba.eastmoney.com/news,002055,1725116431.html",2026-07-06 17:08:50
eastmoney_guba,002055,1725116640,Inter总有点关系吧,,晨跑的第一,1974305532608424,2026-06-11 22:08:32,38,1,0,0,False,False,"https://guba.eastmoney.com/news,002055,1725116640.html",2026-07-06 17:08:50
eastmoney_guba,002055,1725117272,法院查封冻结，在破产重整过程中不能产生优先债权。因此，四川港荣集团这么大阵势，不,,股市小羔羊,3561396025664456,2026-06-11 22:10:22,192,2,0,0,False,False,"https://guba.eastmoney.com/news,002055,1725117272.html",2026-07-06 17:08:50
eastmoney_guba,002055,1725118225,深圳市得润电子股份有限公司关于担保事项涉及诉讼进展暨公司部分资产被查封、子公司股,,股友36261Y5y25,5106047708852754,2026-06-11 22:13:13,407,1,0,0,False,False,"https://guba.eastmoney.com/news,002055,1725118225.html",2026-07-06 17:08:50
eastmoney_guba,002055,1725118512,看着一路涨停以为错过了几倍大牛股，回头一看套住了不知道多少头牛,,东山再起如日中天,7882017315714118,2026-06-11 22:14:20,78,2,0,0,False,False,"https://guba.eastmoney.com/news,002055,1725118512.html",2026-07-06 17:08:50
eastmoney_guba,002055,1725121775,还有没有没冻的，都给他冻上，看谁着急,,Toby小魔王,4275356378919514,2026-06-11 22:25:55,54,1,0,0,False,False,"https://guba.eastmoney.com/news,002055,1725121775.html",2026-07-06 17:08:50
eastmoney_guba,002055,1725122571,……,,Badboy5,9863375522860422,2026-06-11 22:28:54,44,0,0,0,False,False,"https://guba.eastmoney.com/news,002055,1725122571.html",2026-07-06 17:08:50
eastmoney_guba,002055,1725124467,利空反复说，大家快跑，我要筹码，,,快暖暖,3648094473248958,2026-06-11 22:37:34,40,1,0,0,False,False,"https://guba.eastmoney.com/news,002055,1725124467.html",2026-07-06 17:08:50
eastmoney_guba,002055,1725127518,7.776.665.554.44........,,财富自选股,8904113740107672,2026-06-11 22:51:28,167,0,0,0,False,False,"https://guba.eastmoney.com/news,002055,1725127518.html",2026-07-06 17:08:50
eastmoney_guba,002055,1725127874,【ST稳稳的幸福】6月11日ST公告解读｜*ST威尔明日摘星复牌，ST美克涉1亿诉讼，ST南新重组+新药双利好,,ST稳稳的幸福,1858035386649196,2026-06-11 22:52:51,1271,3,1,0,False,False,"https://guba.eastmoney.com/news,002055,1725127874.html",2026-07-06 17:08:50
eastmoney_guba,002055,1725131201,大盘可能泥沙俱下，得润没赶上好时候。,,财富自选股,8904113740107672,2026-06-11 23:08:48,43,0,0,0,False,False,"https://guba.eastmoney.com/news,002055,1725131201.html",2026-07-06 17:08:50
eastmoney_guba,002055,1725132198,高位两连阴后两连阳一个涨停成功把我骗了进来，然后一路跌停下来，全是泪,,基民1L91502E39,8923376140863482,2026-06-11 23:14:23,153,4,0,0,False,False,"https://guba.eastmoney.com/news,002055,1725132198.html",2026-07-06 17:08:42
eastmoney_guba,002055,1725133596,我明天早盘集合竞价准备买一手，不知道会不会买崩,,楚楚动人的巧思,3668027346251792,2026-06-11 23:22:14,41,0,0,0,False,False,"https://guba.eastmoney.com/news,002055,1725133596.html",2026-07-06 17:08:50
eastmoney_guba,002055,1725135518,就是一个控制权之争，挺好的，有机会就咬一口，没机会就看戏，果子的行为确实让,,wjxhx,6560013752324024,2026-06-11 23:34:30,78,0,0,0,False,False,"https://guba.eastmoney.com/news,002055,1725135518.html",2026-07-06 17:08:50
eastmoney_guba,002055,1725136728,@妙想ST得润现在挂单量,,wjxhx,6560013752324024,2026-06-11 23:43:10,287,4,0,0,False,False,"https://guba.eastmoney.com/news,002055,1725136728.html",2026-07-06 17:08:50
eastmoney_guba,002055,1725144322,事到如今，唯有债务重组,,股友pesMpc0627,2232385537831922,2026-06-12 01:12:43,49,0,0,0,False,False,"https://guba.eastmoney.com/news,002055,1725144322.html",2026-07-06 17:08:50
eastmoney_guba,002055,1725152893,@妙想ST得润现在挂单量,,ohaha,7259155946251206,2026-06-12 04:46:44,158,1,0,0,False,False,"https://guba.eastmoney.com/news,002055,1725152893.html",2026-07-06 17:08:50
eastmoney_guba,002055,1725161723,销售收益45亿股价市值35亿到本天罡这种情况下还在随着主力资金继续砸盘卖出真是天,,n927413238409310,9274013238409310,2026-06-12 06:20:38,95,1,0,0,False,False,"https://guba.eastmoney.com/news,002055,1725161723.html",2026-07-06 17:08:50
eastmoney_guba,002055,1725171161,今天继续跌停板，跌到5元下创新低必须的赶紧调股逃命。抢筹码300232,,后贝加尔斯克,7154013321195756,2026-06-12 07:36:04,68,3,0,0,False,False,"https://guba.eastmoney.com/news,002055,1725171161.html",2026-07-06 17:08:50
eastmoney_guba,002055,1725172004,买300232,,后贝加尔斯克,7154013321195756,2026-06-12 07:40:07,31,1,0,0,False,False,"https://guba.eastmoney.com/news,002055,1725172004.html",2026-07-06 17:08:50
eastmoney_guba,002055,1725174901,全天封死5.51元，没有任何资金翘板，下周更危险了,,股友3966M3y561,4717087682060226,2026-06-12 07:54:00,47,1,0,0,False,False,"https://guba.eastmoney.com/news,002055,1725174901.html",2026-07-06 17:08:50
eastmoney_guba,002055,1725175391,月底破4元历史大底极有可能，主力现在不计成本疯狂了,,股友3966M3y561,4717087682060226,2026-06-12 07:56:13,85,1,0,0,False,False,"https://guba.eastmoney.com/news,002055,1725175391.html",2026-07-06 17:08:48
eastmoney_guba,002055,1725176483,今天集合竞价5.50元到收盘纹丝不动，没有资金敢来找死了,,股友3966M3y561,4717087682060226,2026-06-12 08:00:50,46,1,0,0,False,False,"https://guba.eastmoney.com/news,002055,1725176483.html",2026-07-06 17:08:50
eastmoney_guba,002055,1725178874,今天看空的散户不少，很多要挂跌停，那就是机会了，今天不会跌停拭目以待,,炒股养家挣钱,3301064606784256,2026-06-12 08:09:01,44,0,0,0,False,False,"https://guba.eastmoney.com/news,002055,1725178874.html",2026-07-06 17:08:50
eastmoney_guba,002055,1725179148,得润电子经营业绩在手！,,垂钓梵河,1790094480175166,2026-06-12 08:10:02,262,2,2,0,False,False,"https://guba.eastmoney.com/news,002055,1725179148.html",2026-07-06 17:08:50
eastmoney_guba,002055,1725179687,你们觉得邱家会想把价格压低然后低价增发吗？怎么可能，动动脑子吧，只能是债权人联合,,炒股养家挣钱,3301064606784256,2026-06-12 08:12:15,97,1,0,0,False,False,"https://guba.eastmoney.com/news,002055,1725179687.html",2026-07-06 17:08:50
eastmoney_guba,002055,1725181330,邱家现在就是个打工的，被踢出局只是时间问题。现在邱是在拿最后的话语权换利益，柏拉,,不惑见惑不惑也,6874456736141174,2026-06-12 08:19:07,518,7,2,0,False,False,"https://guba.eastmoney.com/news,002055,1725181330.html",2026-07-06 17:08:50
eastmoney_guba,002055,1725188369,散户比着连续涨停的时候少了好多，哈哈哈讨论都不激烈了,,炒股养家挣钱,3301064606784256,2026-06-12 08:41:55,38,0,0,0,False,False,"https://guba.eastmoney.com/news,002055,1725188369.html",2026-07-06 17:08:50
eastmoney_guba,002055,1725191386,负面新闻风险提示.*ST未名：近期经营情况无重大变化，不存在应披露未披露重大事项,,阿贵股市梦,5577114043351306,2026-06-12 08:51:21,103,0,0,0,False,False,"https://guba.eastmoney.com/news,002055,1725191386.html",2026-07-06 17:08:50
eastmoney_guba,002055,1725197614,越来越像重组的股票了，后面要翻好几倍,,江湖再现尼古拉斯,8183013401511276,2026-06-12 09:06:01,62,2,0,0,False,False,"https://guba.eastmoney.com/news,002055,1725197614.html",2026-07-06 17:08:50
eastmoney_guba,002055,1725204935,涨停？？？,,团团梓,5110017567741384,2026-06-12 09:17:31,32,0,0,0,False,False,"https://guba.eastmoney.com/news,002055,1725204935.html",2026-07-06 17:08:50
eastmoney_guba,002055,1725205246,重组对所有人都是有利的,,股友9C213265L1,7977476633081770,2026-06-12 09:17:47,40,0,0,0,False,False,"https://guba.eastmoney.com/news,002055,1725205246.html",2026-07-06 17:08:50
eastmoney_guba,002055,1725205334,假的，我不信昨天刚卖,,股友QAyNAb,6253395512357656,2026-06-12 09:17:51,32,0,0,0,False,False,"https://guba.eastmoney.com/news,002055,1725205334.html",2026-07-06 17:08:50
eastmoney_guba,002055,1725206538,今继续跌停板无商量无悬念002055,,后贝加尔斯克,7154013321195756,2026-06-12 09:18:53,67,2,0,0,False,False,"https://guba.eastmoney.com/news,002055,1725206538.html",2026-07-06 17:08:48
eastmoney_guba,002055,1725207145,昨天刚减仓，你就来这出,,活泼的杜琪淇,4843077517040168,2026-06-12 09:19:20,51,2,0,0,False,False,"https://guba.eastmoney.com/news,002055,1725207145.html",2026-07-06 17:08:50
eastmoney_guba,002055,1725208571,赶紧调仓300232,,后贝加尔斯克,7154013321195756,2026-06-12 09:20:23,44,1,0,0,False,False,"https://guba.eastmoney.com/news,002055,1725208571.html",2026-07-06 17:08:48
eastmoney_guba,002055,1725211859,昨天5块8买了一点，还你,,傲寒的秦岚,5793047755670376,2026-06-12 09:23:16,34,0,0,0,False,False,"https://guba.eastmoney.com/news,002055,1725211859.html",2026-07-06 17:08:50
eastmoney_guba,002055,1725235608,这票一定会下来的，剧本不变,,股友7bGrRB,7556375694655340,2026-06-12 09:31:32,30,0,0,0,False,False,"https://guba.eastmoney.com/news,002055,1725235608.html",2026-07-06 17:08:50
eastmoney_guba,002055,1725246727,5.75抄底果真让我大赚了。,,要听预言家,3583345918538592,2026-06-12 09:34:34,40,0,0,0,False,False,"https://guba.eastmoney.com/news,002055,1725246727.html",2026-07-06 17:08:50
eastmoney_guba,002055,1725248555,昨个卖的我去,,团团梓,5110017567741384,2026-06-12 09:35:04,40,1,0,0,False,False,"https://guba.eastmoney.com/news,002055,1725248555.html",2026-07-06 17:08:50
eastmoney_guba,002055,1725277755,300232,,后贝加尔斯克,7154013321195756,2026-06-12 09:42:37,33,1,0,0,False,False,"https://guba.eastmoney.com/news,002055,1725277755.html",2026-07-06 17:08:48
eastmoney_guba,002055,1725279221,又套住一批哈哈,,得润两位数,3290024582242248,2026-06-12 09:43:02,36,0,0,0,False,False,"https://guba.eastmoney.com/news,002055,1725279221.html",2026-07-06 17:08:50
eastmoney_guba,002055,1725280673,完全是跟消费电子板块在走。今天的公告完全没起作用的,,玲珑剔透的柳飞文,3579085361120428,2026-06-12 09:43:25,39,1,0,0,False,False,"https://guba.eastmoney.com/news,002055,1725280673.html",2026-07-06 17:08:50
eastmoney_guba,002055,1725292873,他砸盘下来他也是损失的。对于看好的，你就当长期投资，砸了就买一点，别想着拉升。长,,勇敢的爱斯基摩1,3438034636617736,2026-06-12 09:46:34,193,3,0,0,False,False,"https://guba.eastmoney.com/news,002055,1725292873.html",2026-07-06 17:08:50
eastmoney_guba,002055,1725303126,这家伙，当你认为它行了，猛加仓时发现被晾在山顶，一阵一阵的折磨……可当你认为它不,,黄知夏,9813057259471400,2026-06-12 09:49:15,259,7,0,0,False,False,"https://guba.eastmoney.com/news,002055,1725303126.html",2026-07-06 17:08:48
eastmoney_guba,002055,1725335946,这主力还是想打压吸筹，要不今天拉涨停，周一都会有好多人追。,,韮菜黄中皇,1386395667983028,2026-06-12 09:58:55,98,2,0,0,False,False,"https://guba.eastmoney.com/news,002055,1725335946.html",2026-07-06 17:08:50
eastmoney_guba,002055,1725363570,继续跌啊，搞的我亏不起一样,,海盗船长macd,4041306360146342,2026-06-12 10:08:45,51,2,0,0,False,False,"https://guba.eastmoney.com/news,002055,1725363570.html",2026-07-06 17:08:50
eastmoney_guba,002055,1725371546,真是可怜的家伙,,烂股收割机,4309365835407682,2026-06-12 10:11:51,39,0,0,0,False,False,"https://guba.eastmoney.com/news,002055,1725371546.html",2026-07-06 17:08:50
eastmoney_guba,002055,1725386463,5.75左右，购筑大双底？,,解牛2,3818305734316182,2026-06-12 10:17:43,76,2,0,0,False,False,"https://guba.eastmoney.com/news,002055,1725386463.html",2026-07-06 17:08:27
eastmoney_guba,002055,1725386493,这股每天早上冲一下，然后下午大跌，熟悉的味道。,,心想的喻莉,7287117811012376,2026-06-12 10:17:44,33,0,0,0,False,False,"https://guba.eastmoney.com/news,002055,1725386493.html",2026-07-06 17:08:50
eastmoney_guba,002055,1725402024,利好是利好，无奈今天是星期五，只能等下星期一了。,,好风长吟,4179386109771602,2026-06-12 10:24:10,48,0,0,0,False,False,"https://guba.eastmoney.com/news,002055,1725402024.html",2026-07-06 17:08:50
eastmoney_guba,002055,1725424114,赶紧跌下来让我补,,o痕迹o,4802306288363612,2026-06-12 10:33:40,70,1,0,0,False,False,"https://guba.eastmoney.com/news,002055,1725424114.html",2026-07-06 17:08:50
eastmoney_guba,002055,1725454659,5月15号的5.75和昨天的5.75难道是巧合吗？,,老练的戚春燕,5647037201743930,2026-06-12 10:48:30,57,2,0,0,False,False,"https://guba.eastmoney.com/news,002055,1725454659.html",2026-07-06 17:08:50
eastmoney_guba,002055,1725457761,倒也没必要过度放大这件事，打官司期间申请资产保全，是双方都会用到的常规操作，只是,,有创造力的邱锐19,9726077192004222,2026-06-12 10:50:03,65,0,0,0,False,False,"https://guba.eastmoney.com/news,002055,1725457761.html",2026-07-06 17:08:50
eastmoney_guba,002055,1725459902,这事吧，感觉和公司日常生产经营是两码事。提醒下各位，保全≠败诉。,,股友915K57H207,3920446881346282,2026-06-12 10:51:04,52,0,2,0,False,False,"https://guba.eastmoney.com/news,002055,1725459902.html",2026-07-06 17:08:50
eastmoney_guba,002055,1725464475,看样子是板块带动，今天不跌，周一也得跌,,股友9C213265L1,7977476633081770,2026-06-12 10:53:18,48,1,0,0,False,False,"https://guba.eastmoney.com/news,002055,1725464475.html",2026-07-06 17:08:50
eastmoney_guba,002055,1725555122,去肴300232,,后贝加尔斯克,7154013321195756,2026-06-12 12:02:24,38,1,0,0,False,False,"https://guba.eastmoney.com/news,002055,1725555122.html",2026-07-06 17:08:48
eastmoney_guba,002055,1725580487,开始了，估计又砸,,股友7bGrRB,7556375694655340,2026-06-12 13:01:00,36,2,0,0,False,False,"https://guba.eastmoney.com/news,002055,1725580487.html",2026-07-06 17:08:50
eastmoney_guba,002055,1725600364,昨天一个脱单都没有，今天开始又有脱单了,,每一步小心点,6604355536709004,2026-06-12 13:12:45,38,0,0,0,False,False,"https://guba.eastmoney.com/news,002055,1725600364.html",2026-07-06 17:08:50
eastmoney_guba,002055,1725609904,这货今天开始跟大盘了,,得润两位数,3290024582242248,2026-06-12 13:18:09,34,0,0,0,False,False,"https://guba.eastmoney.com/news,002055,1725609904.html",2026-07-06 17:08:50
eastmoney_guba,002055,1725614545,又要跳水了？那我下周再买吧,,o痕迹o,4802306288363612,2026-06-12 13:20:39,42,0,0,0,False,False,"https://guba.eastmoney.com/news,002055,1725614545.html",2026-07-06 17:08:50
eastmoney_guba,002055,1725626008,真好，每天剧本一样，就喜欢下午砸盘你牛,,股友7bGrRB,7556375694655340,2026-06-12 13:27:17,29,0,0,0,False,False,"https://guba.eastmoney.com/news,002055,1725626008.html",2026-07-06 17:08:50
eastmoney_guba,002055,1725631766,托盘必跌，这是千古不变的真理,,小金刚貔貅,5843065121361770,2026-06-12 13:30:32,42,0,0,0,False,False,"https://guba.eastmoney.com/news,002055,1725631766.html",2026-07-06 17:08:50
eastmoney_guba,002055,1725634821,又把人给套住了啊牛逼,,得润两位数,3290024582242248,2026-06-12 13:32:15,41,0,0,0,False,False,"https://guba.eastmoney.com/news,002055,1725634821.html",2026-07-06 17:08:50
eastmoney_guba,002055,1725641735,马上开砸,,博学多才的小鱼,1190094345248964,2026-06-12 13:35:59,28,0,0,0,False,False,"https://guba.eastmoney.com/news,002055,1725641735.html",2026-07-06 17:08:50
eastmoney_guba,002055,1725644635,说了都去买东尼！！！上次听我的都吃了10多个点了,,股友2CL1625298,6613037356124308,2026-06-12 13:37:29,42,0,0,0,False,False,"https://guba.eastmoney.com/news,002055,1725644635.html",2026-07-06 17:08:50
eastmoney_guba,002055,1725656429,我真的非常不理解，为什么大家都跌他也跌，大家都涨他也跌，明明利空出尽了。那是我学,,股友7bGrRB,7556375694655340,2026-06-12 13:44:05,110,1,0,0,False,False,"https://guba.eastmoney.com/news,002055,1725656429.html",2026-07-06 17:08:48
eastmoney_guba,002055,1725659455,300232抢筹码赶上来了必反超300232,,后贝加尔斯克,7154013321195756,2026-06-12 13:45:57,55,2,0,0,False,False,"https://guba.eastmoney.com/news,002055,1725659455.html",2026-07-06 17:08:48
eastmoney_guba,002055,1725675207,收盘还要绿吗？,,沈阳芭菲菜,1764326049115564,2026-06-12 13:55:34,39,2,0,0,False,False,"https://guba.eastmoney.com/news,002055,1725675207.html",2026-07-06 17:08:48
eastmoney_guba,002055,1725679284,上午8000多万拉上去下午2000多万就砸下来了习惯了,,得润两位数,3290024582242248,2026-06-12 13:57:37,53,0,0,0,False,False,"https://guba.eastmoney.com/news,002055,1725679284.html",2026-07-06 17:08:50
eastmoney_guba,002055,1725679698,这里面资金真脏，不能买,,人生巅峰进行曲,6778013800753264,2026-06-12 13:57:47,52,1,0,0,False,False,"https://guba.eastmoney.com/news,002055,1725679698.html",2026-07-06 17:08:48
eastmoney_guba,002055,1725690418,跑不赢指数,,云南小散nie,3561017753135412,2026-06-12 14:03:18,46,0,0,0,False,False,"https://guba.eastmoney.com/news,002055,1725690418.html",2026-07-06 17:08:48
eastmoney_guba,002055,1725696353,绿色才是你的颜色，红色你不配,,烂股收割机,4309365835407682,2026-06-12 14:06:55,43,0,0,0,False,False,"https://guba.eastmoney.com/news,002055,1725696353.html",2026-07-06 17:08:48
eastmoney_guba,002055,1725698818,服了吗？,,知足常乐对吧,9052386172588498,2026-06-12 14:08:18,44,0,0,0,False,False,"https://guba.eastmoney.com/news,002055,1725698818.html",2026-07-06 17:08:48
eastmoney_guba,002055,1725706958,我每天都在跌停板等你！不见不散！尽管钱不多，有些还是亏损票转过来的钱，但在5元之,,青山催人老,8526094525824030,2026-06-12 14:12:58,83,2,0,0,False,False,"https://guba.eastmoney.com/news,002055,1725706958.html",2026-07-06 17:08:48
eastmoney_guba,002055,1725712858,请的枪手果然厉害，估计工资不低于每天一万。从天地板开始，每天下午精准砸盘，一天都,,这也行1234,8524085274279044,2026-06-12 14:16:35,75,1,2,0,False,False,"https://guba.eastmoney.com/news,002055,1725712858.html",2026-07-06 17:08:48
eastmoney_guba,002055,1725714057,这个股将长期盘整。新规后，反而带*的股好做，因为他迫切。这个股债务问题没有那么容,,勇敢的爱斯基摩1,3438034636617736,2026-06-12 14:17:20,174,1,0,0,False,False,"https://guba.eastmoney.com/news,002055,1725714057.html",2026-07-06 17:08:48
eastmoney_guba,002055,1725727119,庄家最喜欢的颜色是什么？,,博学多才的小鱼,1190094345248964,2026-06-12 14:25:13,44,0,0,0,False,False,"https://guba.eastmoney.com/news,002055,1725727119.html",2026-07-06 17:08:48
eastmoney_guba,002055,1725729892,5.2见,,每一步小心点,6604355536709004,2026-06-12 14:26:54,48,0,0,0,False,False,"https://guba.eastmoney.com/news,002055,1725729892.html",2026-07-06 17:08:48
eastmoney_guba,002055,1725740678,哈哈哈哈，翻绿收盘，再套一批,,反面教科书,8548094341034744,2026-06-12 14:33:00,46,0,0,0,False,False,"https://guba.eastmoney.com/news,002055,1725740678.html",2026-07-06 17:08:48
eastmoney_guba,002055,1725745142,都是冲高回落，指数不跌，涨到苟身上去啦。,,韮菜黄中皇,1386395667983028,2026-06-12 14:35:26,41,0,0,0,False,False,"https://guba.eastmoney.com/news,002055,1725745142.html",2026-07-06 17:08:48
eastmoney_guba,002055,1725746277,太脏了，走了，走了,,富贵在心,1268316064360946,2026-06-12 14:36:01,41,0,0,0,False,False,"https://guba.eastmoney.com/news,002055,1725746277.html",2026-07-06 17:08:48
eastmoney_guba,002055,1725751779,优秀,,Gallium186,4764346029237862,2026-06-12 14:38:51,54,0,0,0,False,False,"https://guba.eastmoney.com/news,002055,1725751779.html",2026-07-06 17:08:48
eastmoney_guba,002055,1725753803,割了拜拜服了,,自在的章杰,8476147694935614,2026-06-12 14:39:59,39,0,0,0,False,False,"https://guba.eastmoney.com/news,002055,1725753803.html",2026-07-06 17:08:48
eastmoney_guba,002055,1725756331,真不懂，谁在赔钱卖,,海德零度7951,4704115500585950,2026-06-12 14:41:21,40,0,0,0,False,False,"https://guba.eastmoney.com/news,002055,1725756331.html",2026-07-06 17:08:48
eastmoney_guba,002055,1725757719,这图形一看都知道还要调整到5.5左右,,每一步小心点,6604355536709004,2026-06-12 14:42:03,49,0,0,0,False,False,"https://guba.eastmoney.com/news,002055,1725757719.html",2026-07-06 17:08:48
eastmoney_guba,002055,1725759553,股东太多，抬走。,,量子河流的渔翁,2401094972709556,2026-06-12 14:43:02,49,0,0,0,False,False,"https://guba.eastmoney.com/news,002055,1725759553.html",2026-07-06 17:08:48
eastmoney_guba,002055,1725759854,快涨停砸到绿了.你不是Cs你是什么,,张纵横,9944396220366482,2026-06-12 14:43:11,42,0,0,0,False,False,"https://guba.eastmoney.com/news,002055,1725759854.html",2026-07-06 17:08:48
eastmoney_guba,002055,1725760970,这能砸绿的，一个月没一天红，你可真是个人,,股友7bGrRB,7556375694655340,2026-06-12 14:43:41,53,0,0,0,False,False,"https://guba.eastmoney.com/news,002055,1725760970.html",2026-07-06 17:08:48
eastmoney_guba,002055,1725762051,快去买300232呀哈哈哈,,后贝加尔斯克,7154013321195756,2026-06-12 14:44:11,41,1,0,0,False,False,"https://guba.eastmoney.com/news,002055,1725762051.html",2026-07-06 17:08:48
eastmoney_guba,002055,1725766369,吃不消这样玩，撤了,,股友2H0789m786,4052087410504554,2026-06-12 14:46:15,41,0,0,0,False,False,"https://guba.eastmoney.com/news,002055,1725766369.html",2026-07-06 17:08:48
eastmoney_guba,002055,1725772582,标准出货形态,,拉萨虎虎虎虎虎,7129057352193428,2026-06-12 14:48:48,49,0,0,0,False,False,"https://guba.eastmoney.com/news,002055,1725772582.html",2026-07-06 17:08:48
eastmoney_guba,002055,1725772741,……,,博学多才的小鱼,1190094345248964,2026-06-12 14:48:52,38,0,0,0,False,False,"https://guba.eastmoney.com/news,002055,1725772741.html",2026-07-06 17:08:48
eastmoney_guba,002055,1725773165,……,,博学多才的小鱼,1190094345248964,2026-06-12 14:49:05,50,0,0,0,False,False,"https://guba.eastmoney.com/news,002055,1725773165.html",2026-07-06 17:08:48
eastmoney_guba,002055,1725774033,给东尼提鞋都不配,,吉祥满斗得周芷若,3470385785802442,2026-06-12 14:49:30,48,0,0,0,False,False,"https://guba.eastmoney.com/news,002055,1725774033.html",2026-07-06 17:08:48
eastmoney_guba,002055,1725776042,每一次上涨都是跑路,,吉祥满斗得周芷若,3470385785802442,2026-06-12 14:50:27,51,0,0,0,False,False,"https://guba.eastmoney.com/news,002055,1725776042.html",2026-07-06 17:08:48
eastmoney_guba,002055,1725783683,一天上一档，天天套散户,,沈阳芭菲菜,1764326049115564,2026-06-12 14:54:19,51,0,0,0,False,False,"https://guba.eastmoney.com/news,002055,1725783683.html",2026-07-06 17:08:48
eastmoney_guba,002055,1725791166,就问你服不服,,知足常乐对吧,9052386172588498,2026-06-12 14:58:33,51,1,0,0,False,False,"https://guba.eastmoney.com/news,002055,1725791166.html",2026-07-06 17:08:48
eastmoney_guba,002055,1725798231,模仿周二,,股友7bGrRB,7556375694655340,2026-06-12 15:02:13,50,0,0,0,False,False,"https://guba.eastmoney.com/news,002055,1725798231.html",2026-07-06 17:08:48
eastmoney_guba,002055,1725799187,今天收盘的意思就是别想挣走一分钱,,沈阳芭菲菜,1764326049115564,2026-06-12 15:02:46,58,1,0,0,False,False,"https://guba.eastmoney.com/news,002055,1725799187.html",2026-07-06 17:08:48
eastmoney_guba,002055,1725803587,特么一日游？,,黄知夏,9813057259471400,2026-06-12 15:05:28,46,0,0,0,False,False,"https://guba.eastmoney.com/news,002055,1725803587.html",2026-07-06 17:08:48
eastmoney_guba,002055,1725816568,狗子热的，终于狠心把你杀了,,匆忙的越烁,9010395585157162,2026-06-12 15:17:04,315,1,0,0,True,False,"https://guba.eastmoney.com/news,002055,1725816568.html",2026-07-06 17:08:48
eastmoney_guba,002055,1725822101,早上我就说了，这股的套路都是早上冲一下，下午大跌。,,心想的喻莉,7287117811012376,2026-06-12 15:25:55,55,1,0,0,False,False,"https://guba.eastmoney.com/news,002055,1725822101.html",2026-07-06 17:08:48
eastmoney_guba,002055,1725825604,高开跳水，涨停跳水，冲高跳水，总有一款适合你,,我在情绪之外,9194047483250996,2026-06-12 15:31:48,39,0,0,0,False,False,"https://guba.eastmoney.com/news,002055,1725825604.html",2026-07-06 17:08:48
eastmoney_guba,002055,1725828330,[图片],,云南小散nie,3561017753135412,2026-06-12 15:37:28,1290,6,0,0,True,False,"https://guba.eastmoney.com/news,002055,1725828330.html",2026-07-06 17:08:48
eastmoney_guba,002055,1725838673,润哥，低开低走，高开低走，主打就是忽悠我们，收割我们，还有不服的没？还英特尔认证,,沈阳芭菲菜,1764326049115564,2026-06-12 16:00:41,134,3,0,0,False,False,"https://guba.eastmoney.com/news,002055,1725838673.html",2026-07-06 17:08:48
eastmoney_guba,002055,1725871243,确实是问题公司,,更丙独狼,4636114088250072,2026-06-12 17:37:45,49,0,0,0,False,False,"https://guba.eastmoney.com/news,002055,1725871243.html",2026-07-06 17:08:48
eastmoney_guba,002055,1725874230,烂泥扶不上墙啊,,梦想成真945,6933326091029750,2026-06-12 17:47:56,55,2,0,0,False,False,"https://guba.eastmoney.com/news,002055,1725874230.html",2026-07-06 17:08:48
eastmoney_guba,002055,1725881652,连接器行业发展空间很大。。。,,股市小羔羊,3561396025664456,2026-06-12 18:16:47,390,3,0,0,True,False,"https://guba.eastmoney.com/news,002055,1725881652.html",2026-07-06 17:08:48
eastmoney_guba,002055,1725889000,好了知道了，尾盘跳水是你的标配。。。,,股友pesMpc0627,2232385537831922,2026-06-12 18:48:39,55,0,0,0,False,False,"https://guba.eastmoney.com/news,002055,1725889000.html",2026-07-06 17:08:48
eastmoney_guba,002055,1725900405,下周还有更大的暴跌，管住手不到5元千万只看不动,,股友3966M3y561,4717087682060226,2026-06-12 19:41:45,38,0,0,0,False,False,"https://guba.eastmoney.com/news,002055,1725900405.html",2026-07-06 17:08:48
eastmoney_guba,002055,1725900642,准备好子弹，5元开始分批建仓，每次跌停加仓10%只有这种办法了,,股友3966M3y561,4717087682060226,2026-06-12 19:42:48,46,0,0,0,False,False,"https://guba.eastmoney.com/news,002055,1725900642.html",2026-07-06 17:08:48
eastmoney_guba,002055,1725904193,接下去就是冻结账户咯！,,股友UTKUbW5501,5894075439809238,2026-06-12 19:59:48,91,2,0,0,False,False,"https://guba.eastmoney.com/news,002055,1725904193.html",2026-07-06 17:08:48
eastmoney_guba,002055,1725908303,早就告诉你们调仓300232,,后贝加尔斯克,7154013321195756,2026-06-12 20:19:40,76,1,0,0,False,False,"https://guba.eastmoney.com/news,002055,1725908303.html",2026-07-06 17:08:48
eastmoney_guba,002055,1725934928,接下来就是震荡筑低的过程，走势会很难受，但是对于得润这个落难的王子来说，我们应该,,掘金高歌,5238386190584350,2026-06-12 22:00:15,291,5,0,0,False,False,"https://guba.eastmoney.com/news,002055,1725934928.html",2026-07-06 17:08:48
eastmoney_guba,002055,1725949614,3966M3y561昨天说今天不跌停他不是人,,堆金如意de祖千秋,4773115361946276,2026-06-12 22:40:11,52,0,0,0,False,False,"https://guba.eastmoney.com/news,002055,1725949614.html",2026-07-06 17:08:48
eastmoney_guba,002055,1725952419,拉萨军团可能是1月9日抄底的资金，那天进了10个亿，5月27日天地板出了10个亿,,独立的凌翰5,4935345939513282,2026-06-12 22:49:23,188,0,0,0,False,False,"https://guba.eastmoney.com/news,002055,1725952419.html",2026-07-06 17:08:48
eastmoney_guba,002055,1725952986,建议得润电子发行股份收购顺益亚太持有的柏拉蒂公司45.63%股权。一方面顺益亚太,,股市小羔羊,3561396025664456,2026-06-12 22:52:09,342,2,0,0,False,False,"https://guba.eastmoney.com/news,002055,1725952986.html",2026-07-06 17:08:48
eastmoney_guba,002055,1725961040,里面就是短线客太多了，正平散户团结，没有踩踏，所以基本上主力不能猛砸，砸就丢筹码,,云南小散nie,3561017753135412,2026-06-12 23:30:48,143,4,0,0,False,False,"https://guba.eastmoney.com/news,002055,1725961040.html",2026-07-06 17:08:48
eastmoney_guba,002055,1725998974,6月25日解禁3500万股拍卖股，必须跌破5元让他们赔本割肉,,股友3966M3y561,4717087682060226,2026-06-13 07:45:09,234,5,0,0,False,False,"https://guba.eastmoney.com/news,002055,1725998974.html",2026-07-06 17:08:48
eastmoney_guba,002055,1726003486,散户都已经割肉在等新低最低点，就看主力让不让散户捡便宜了,,股友3966M3y561,4717087682060226,2026-06-13 08:25:55,86,2,0,0,False,False,"https://guba.eastmoney.com/news,002055,1726003486.html",2026-07-06 17:08:48
eastmoney_guba,002055,1726014912,3966M3y561说周五不跌停他就不是人。还有脸出来发帖。,,堆金如意de祖千秋,4773115361946276,2026-06-13 10:04:49,80,2,0,0,False,False,"https://guba.eastmoney.com/news,002055,1726014912.html",2026-07-06 17:08:48
eastmoney_guba,002055,1726026073,写个真实的案例给大家分享：几年前的st众泰（众泰汽车），我是1.5元买的。买入以,,股市小羔羊,3561396025664456,2026-06-13 11:34:25,1827,18,0,0,False,False,"https://guba.eastmoney.com/news,002055,1726026073.html",2026-07-06 17:08:45
eastmoney_guba,002055,1726050613,退市是港荣、顺德、邱家三输局面，港荣逼的那么紧，大概率邱家意向接盘方不是港荣，纯,,这也行1234,8524085274279044,2026-06-13 16:25:51,427,4,0,0,False,False,"https://guba.eastmoney.com/news,002055,1726050613.html",2026-07-06 17:08:48
eastmoney_guba,002055,1726058078,没有人信我，这股能涨5倍以上跟大家,,洒脱的齐睿桃,5102336000450090,2026-06-13 18:11:02,481,8,0,0,False,False,"https://guba.eastmoney.com/news,002055,1726058078.html",2026-07-06 17:08:48
eastmoney_guba,002055,1726059803,低开低走，高开低走，涨停低走。欢迎观临,,我在情绪之外,9194047483250996,2026-06-13 18:39:13,53,0,0,0,False,False,"https://guba.eastmoney.com/news,002055,1726059803.html",2026-07-06 17:08:48
eastmoney_guba,002055,1726067091,有的跌呢,,在等花开,8401326115653406,2026-06-13 20:36:36,55,0,0,0,False,False,"https://guba.eastmoney.com/news,002055,1726067091.html",2026-07-06 17:08:48
eastmoney_guba,002055,1726071383,游子薅过了，一地鸡毛,,多米的天空,8268004870663662,2026-06-13 21:42:06,64,1,0,0,False,False,"https://guba.eastmoney.com/news,002055,1726071383.html",2026-07-06 17:08:48
eastmoney_guba,002055,1726076803,st得润下半年棋盘推演（纯属猜测）。6月中旬至7月中旬，庄家利用股市大盘震荡期和,,股市小羔羊,3561396025664456,2026-06-13 23:08:23,1060,5,2,0,False,False,"https://guba.eastmoney.com/news,002055,1726076803.html",2026-07-06 17:08:48
eastmoney_guba,002055,1726076865,控股权争夺战，不成妖就满地鸡毛，风浪越高鱼越贵，好搏的可以搏一把大，,,长电粉丝,5222346026025312,2026-06-13 23:09:44,87,0,0,0,False,False,"https://guba.eastmoney.com/news,002055,1726076865.html",2026-07-06 17:08:48
eastmoney_guba,002055,1726083141,"看多ST得润。同时，请关注：ST赛为（SZ300044),十倍以上大黑马、大妖股",,巴菲特是我师兄,8128385883711244,2026-06-14 03:17:33,654,6,0,0,False,False,"https://guba.eastmoney.com/news,002055,1726083141.html",2026-07-06 17:08:35
eastmoney_guba,002055,1726086828,双鬼拍门还要下跌，主力资金出完货，边压边收筹码。,,更丙独狼,4636114088250072,2026-06-14 07:26:30,69,1,3,0,False,False,"https://guba.eastmoney.com/news,002055,1726086828.html",2026-07-06 17:08:48
eastmoney_guba,002055,1726086906,周一，大盘下跌，沪深上方压力山大。,,更丙独狼,4636114088250072,2026-06-14 07:28:49,48,0,0,0,False,False,"https://guba.eastmoney.com/news,002055,1726086906.html",2026-07-06 17:08:48
eastmoney_guba,002055,1726099947,柚子过境后剩下一地鸡毛？资不抵债了还是？得润电子剩余价值:,,安福盛,3594575223133282,2026-06-14 11:20:35,1333,10,2,0,True,False,"https://guba.eastmoney.com/news,002055,1726099947.html",2026-07-06 17:08:44
eastmoney_guba,002055,1726111174,复盘历史,,k线背后,7688113823893366,2026-06-14 14:35:15,915,2,1,0,False,False,"https://guba.eastmoney.com/news,002055,1726111174.html",2026-07-06 17:08:48
eastmoney_guba,002055,1726122839,什么时候开始主升浪第二波,,好风长吟,4179386109771602,2026-06-14 17:38:13,58,0,0,0,False,False,"https://guba.eastmoney.com/news,002055,1726122839.html",2026-07-06 17:08:48
eastmoney_guba,002055,1726135307,唱多不死，跌势不止,,多米的天空,8268004870663662,2026-06-14 20:33:08,40,0,0,0,False,False,"https://guba.eastmoney.com/news,002055,1726135307.html",2026-07-06 17:08:48
eastmoney_guba,002055,1726136762,又要到周一了，又要开始跌了，怎么会能买了你呢，真都怕开盘,,股友ne5LyT,3136355898948576,2026-06-14 20:51:39,53,0,0,0,False,False,"https://guba.eastmoney.com/news,002055,1726136762.html",2026-07-06 17:08:48
eastmoney_guba,002055,1726143656,这都带动不了一点吗,,银河纳百川,4516165648349016,2026-06-14 22:10:42,620,2,0,0,True,False,"https://guba.eastmoney.com/news,002055,1726143656.html",2026-07-06 17:08:45
eastmoney_guba,002055,1726148949,6.15日，继续下跌，接着舞,,股友K150658N28,4310017804650284,2026-06-14 23:13:07,35,0,0,0,False,False,"https://guba.eastmoney.com/news,002055,1726148949.html",2026-07-06 17:08:48
eastmoney_guba,002055,1726155549,请问，ST板块新周期龙头是ST大li还是哪个呢？二进三还是？有没预期？,,感性的林清平,8602446825817854,2026-06-15 02:49:27,205,1,0,0,True,False,"https://guba.eastmoney.com/news,002055,1726155549.html",2026-07-06 17:08:48
eastmoney_guba,002055,1726156127,今天不会跌停吧？,,湘D峡谷野王,4390365943034164,2026-06-15 04:04:30,57,1,0,0,False,False,"https://guba.eastmoney.com/news,002055,1726156127.html",2026-07-06 17:08:45
eastmoney_guba,002055,1726183549,今天可以建仓了,,不动明王身,5574366336967740,2026-06-15 09:10:40,62,1,0,0,False,False,"https://guba.eastmoney.com/news,002055,1726183549.html",2026-07-06 17:08:45
eastmoney_guba,002055,1726224424,停。,,股友100zG51075,9531346262250688,2026-06-15 09:32:41,39,0,0,0,False,False,"https://guba.eastmoney.com/news,002055,1726224424.html",2026-07-06 17:08:45
eastmoney_guba,002055,1726235910,快跑，又是冲高回落的把戏。,,谷满仓001,8959094371523892,2026-06-15 09:35:53,74,2,0,0,False,False,"https://guba.eastmoney.com/news,002055,1726235910.html",2026-07-06 17:08:44
eastmoney_guba,002055,1726239274,？搞什么，糙啊,,我在情绪之外,9194047483250996,2026-06-15 09:36:51,29,0,0,0,False,False,"https://guba.eastmoney.com/news,002055,1726239274.html",2026-07-06 17:08:45
eastmoney_guba,002055,1726241474,接着跌呀，你看我加不加仓就完了，反正不到30块一股不卖。,,OkOk回本就删,4348027458466604,2026-06-15 09:37:33,243,1,0,0,True,False,"https://guba.eastmoney.com/news,002055,1726241474.html",2026-07-06 17:08:45
eastmoney_guba,002055,1726241823,这什么啊，我割完了涨停？糙,,我在情绪之外,9194047483250996,2026-06-15 09:37:40,58,2,0,0,False,False,"https://guba.eastmoney.com/news,002055,1726241823.html",2026-07-06 17:08:45
eastmoney_guba,002055,1726242142,成交量有点少啊,,阳光阳光11,2165037721121700,2026-06-15 09:37:45,31,0,0,0,False,False,"https://guba.eastmoney.com/news,002055,1726242142.html",2026-07-06 17:08:45
eastmoney_guba,002055,1726245486,啊啊啊啊啊啊,,我在情绪之外,9194047483250996,2026-06-15 09:38:52,25,0,0,0,False,False,"https://guba.eastmoney.com/news,002055,1726245486.html",2026-07-06 17:08:45
eastmoney_guba,002055,1726246480,涨停就跑,,liuzhiv53918,9522044798958326,2026-06-15 09:39:13,37,0,0,0,False,False,"https://guba.eastmoney.com/news,002055,1726246480.html",2026-07-06 17:08:45
eastmoney_guba,002055,1726247718,今天水下不震荡下？我上周扯单了一部分准备今天全补进去的，可惜了,,o痕迹o,4802306288363612,2026-06-15 09:39:39,41,0,0,0,False,False,"https://guba.eastmoney.com/news,002055,1726247718.html",2026-07-06 17:08:45
eastmoney_guba,002055,1726254100,我糙，上周5.77割的，现在涨停啦,,团团梓,5110017567741384,2026-06-15 09:41:53,134,4,0,0,False,False,"https://guba.eastmoney.com/news,002055,1726254100.html",2026-07-06 17:08:45
eastmoney_guba,002055,1726255919,心态炸了糙,,我在情绪之外,9194047483250996,2026-06-15 09:42:31,46,0,0,0,False,False,"https://guba.eastmoney.com/news,002055,1726255919.html",2026-07-06 17:08:45
eastmoney_guba,002055,1726266366,第二部主升浪开始,,好风长吟,4179386109771602,2026-06-15 09:46:11,36,0,0,0,False,False,"https://guba.eastmoney.com/news,002055,1726266366.html",2026-07-06 17:08:45
eastmoney_guba,002055,1726266583,专坑我等散户，割完了等跌点再进。糙糙！,,富贵多谋地孙膑,7729356512103326,2026-06-15 09:46:16,39,0,0,0,False,False,"https://guba.eastmoney.com/news,002055,1726266583.html",2026-07-06 17:08:45
eastmoney_guba,002055,1726268494,你突然涨停让我挺难受的，我上周才建仓……,,城北花易落,6742396504614870,2026-06-15 09:46:55,48,0,0,0,False,False,"https://guba.eastmoney.com/news,002055,1726268494.html",2026-07-06 17:08:45
eastmoney_guba,002055,1726269537,这个位置很好吃饱,,投机市场,3827316057729008,2026-06-15 09:47:17,37,0,0,0,False,False,"https://guba.eastmoney.com/news,002055,1726269537.html",2026-07-06 17:08:45
eastmoney_guba,002055,1726278963,倒在黎明前，就杀我的三瓜两枣,,股友23t2768y71,9886027404523290,2026-06-15 09:50:24,41,0,0,0,False,False,"https://guba.eastmoney.com/news,002055,1726278963.html",2026-07-06 17:08:45
eastmoney_guba,002055,1726285416,早就劝大家别割肉，底部别做T。现在主力都是用的量化交易程序。先砸收集筹码再拉，都,,股市小羔羊,3561396025664456,2026-06-15 09:52:44,220,5,0,0,False,False,"https://guba.eastmoney.com/news,002055,1726285416.html",2026-07-06 17:08:45
eastmoney_guba,002055,1726297279,润子你这样有意思没有？上周五冲高卖了，今天你给我来这出？,,梦想成真945,6933326091029750,2026-06-15 09:56:44,79,2,0,0,False,False,"https://guba.eastmoney.com/news,002055,1726297279.html",2026-07-06 17:08:45
eastmoney_guba,002055,1726307956,一致性这么高吗？都不开板一下。,,股友6u0268O327,2559037085354874,2026-06-15 10:00:25,214,4,0,0,False,False,"https://guba.eastmoney.com/news,002055,1726307956.html",2026-07-06 17:08:45
eastmoney_guba,002055,1726316055,我8块加仓5块8卖，你这样让我看着像个傻瓜蛋,,我在情绪之外,9194047483250996,2026-06-15 10:03:18,40,0,0,0,False,False,"https://guba.eastmoney.com/news,002055,1726316055.html",2026-07-06 17:08:45
eastmoney_guba,002055,1726319708,周五买入，亏了1分钱。今天涨停，不明所以。,,阳光阳光11,2165037721121700,2026-06-15 10:04:50,46,1,0,0,False,False,"https://guba.eastmoney.com/news,002055,1726319708.html",2026-07-06 17:08:45
eastmoney_guba,002055,1726322560,真正给力的第二波主升浪开始！,,好风长吟,4179386109771602,2026-06-15 10:05:56,90,2,0,0,False,False,"https://guba.eastmoney.com/news,002055,1726322560.html",2026-07-06 17:08:45
eastmoney_guba,002055,1726362057,用最基本逻辑分析ST得润邱家、宜宾国资、顺益亚太三方利益诉求及渴望最佳结果,,大白8,7509005028420848,2026-06-15 10:22:28,947,5,6,0,False,False,"https://guba.eastmoney.com/news,002055,1726362057.html",2026-07-06 17:08:45
eastmoney_guba,002055,1726364165,又要连板了吗,,等待是一种投资,2023094515414032,2026-06-15 10:23:23,138,4,0,0,False,False,"https://guba.eastmoney.com/news,002055,1726364165.html",2026-07-06 17:08:45
eastmoney_guba,002055,1726372928,不是说会跌倒5元吗？害我割肉空仓等，,,博学多才的小鱼,1190094345248964,2026-06-15 10:27:06,164,6,0,0,False,False,"https://guba.eastmoney.com/news,002055,1726372928.html",2026-07-06 17:08:45
eastmoney_guba,002055,1726418021,这个公司是怎么经营的，连续六年亏损？看销售额也还可以啊？,,众林法则,6677396203095898,2026-06-15 10:49:46,150,4,0,0,False,False,"https://guba.eastmoney.com/news,002055,1726418021.html",2026-07-06 17:08:45
eastmoney_guba,002055,1726459815,咋不跌了，才补仓40%搞的我亏不起一样,,海盗船长macd,4041306360146342,2026-06-15 11:14:51,39,0,0,0,False,False,"https://guba.eastmoney.com/news,002055,1726459815.html",2026-07-06 17:08:45
eastmoney_guba,002055,1726485525,哈哈，这下稳了，发财啦,,K线大师,3155034833576922,2026-06-15 11:32:55,378,0,0,0,True,False,"https://guba.eastmoney.com/news,002055,1726485525.html",2026-07-06 17:08:45
eastmoney_guba,002055,1726501516,今天t飞了,,亏了八百万,3215144875948716,2026-06-15 12:05:56,42,0,0,0,False,False,"https://guba.eastmoney.com/news,002055,1726501516.html",2026-07-06 17:08:45
eastmoney_guba,002055,1726504990,$ST得润(SZ002055)$,,掘金高歌,5238386190584350,2026-06-15 12:16:09,499,4,0,0,True,False,"https://guba.eastmoney.com/news,002055,1726504990.html",2026-07-06 17:08:44
eastmoney_guba,002055,1726507515,持仓的股东们，不发评论，不发弹幕，闷声发大财，,,云南小散nie,3561017753135412,2026-06-15 12:24:21,37,0,0,0,False,False,"https://guba.eastmoney.com/news,002055,1726507515.html",2026-07-06 17:08:45
eastmoney_guba,002055,1726507856,又要开始了吗，蒙尘王子,,预瞄高手,3451077611993496,2026-06-15 12:25:18,48,0,0,0,False,False,"https://guba.eastmoney.com/news,002055,1726507856.html",2026-07-06 17:08:45
eastmoney_guba,002055,1726508310,连接器龙头，英特尔概念，目标价30,,江湖再现尼古拉斯,8183013401511276,2026-06-15 12:26:51,55,0,0,0,False,False,"https://guba.eastmoney.com/news,002055,1726508310.html",2026-07-06 17:08:45
eastmoney_guba,002055,1726510353,明天走一字,,再次拒绝邓紫棋,6315017273579684,2026-06-15 12:33:49,40,0,0,0,False,False,"https://guba.eastmoney.com/news,002055,1726510353.html",2026-07-06 17:08:45
eastmoney_guba,002055,1726550540,下午,,股友7bGrRB,7556375694655340,2026-06-15 13:19:12,41,0,0,0,False,False,"https://guba.eastmoney.com/news,002055,1726550540.html",2026-07-06 17:08:45
eastmoney_guba,002055,1726562418,不想在这里顶板，有没有什么好股推荐，还有40万的仓位不知道买啥了。,,o痕迹o,4802306288363612,2026-06-15 13:27:09,275,15,1,0,False,False,"https://guba.eastmoney.com/news,002055,1726562418.html",2026-07-06 17:08:45
eastmoney_guba,002055,1726570113,难得跟一下板块，不要意的太早了。说不定连明天都坚持不过。刚被A杀完。拉上去给解套,,资深股市消费者,4135037584452484,2026-06-15 13:32:12,253,0,0,0,True,False,"https://guba.eastmoney.com/news,002055,1726570113.html",2026-07-06 17:08:45
eastmoney_guba,002055,1726595394,通过黄金分割计算，这波上涨，第一目标位6.56，第二目标位7.33，看这周能否实,,掘金高歌,5238386190584350,2026-06-15 13:48:49,91,1,0,0,False,False,"https://guba.eastmoney.com/news,002055,1726595394.html",2026-07-06 17:08:45
eastmoney_guba,002055,1726598296,6月9号买的被套，明天是不是能解套赚钱了,,人生巅峰进行曲,6778013800753264,2026-06-15 13:50:46,63,1,0,0,False,False,"https://guba.eastmoney.com/news,002055,1726598296.html",2026-07-06 17:08:45
eastmoney_guba,002055,1726685836,走不走明天继续还是开跌,,自在的章杰,8476147694935614,2026-06-15 14:50:49,42,0,0,0,False,False,"https://guba.eastmoney.com/news,002055,1726685836.html",2026-07-06 17:08:45
eastmoney_guba,002055,1726731737,今天诱多？明天继续发套？,,专注上涨趋势,1748095089831338,2026-06-15 15:47:55,41,0,0,0,False,False,"https://guba.eastmoney.com/news,002055,1726731737.html",2026-07-06 17:08:45
eastmoney_guba,002055,1726732962,这股真没意思，不是跌停就涨停,,k线背后,7688113823893366,2026-06-15 15:50:52,42,0,0,0,False,False,"https://guba.eastmoney.com/news,002055,1726732962.html",2026-07-06 17:08:45
eastmoney_guba,002055,1726747852,极致的缩量涨停？,,NKStar,3943315599118462,2026-06-15 16:31:49,55,0,0,0,False,False,"https://guba.eastmoney.com/news,002055,1726747852.html",2026-07-06 17:08:45
eastmoney_guba,002055,1726749904,跌的时候一堆分析的，今天涨停倒还安静了……不知道啥情况，明天涨跌谁知道，神算子们,,福祉安康,2015395616410208,2026-06-15 16:38:15,106,2,0,0,False,False,"https://guba.eastmoney.com/news,002055,1726749904.html",2026-07-06 17:08:45
eastmoney_guba,002055,1726760531,再涨几个板开始a杀？,,股友26u01X0809,2058057670007872,2026-06-15 17:12:24,46,0,0,0,False,False,"https://guba.eastmoney.com/news,002055,1726760531.html",2026-07-06 17:08:45
eastmoney_guba,002055,1726761454,这个股票太容易赚钱了，每次6块以下买8块以上卖，已经快要财富自由了,,江湖再现尼古拉斯,8183013401511276,2026-06-15 17:15:43,62,0,0,0,False,False,"https://guba.eastmoney.com/news,002055,1726761454.html",2026-07-06 17:08:45
eastmoney_guba,002055,1726769478,ST得润:关于公司提起诉讼的进展公告,,ST得润资讯,9481113638045702,2026-06-15 17:44:09,638,20,11,0,False,False,"https://guba.eastmoney.com/news,002055,1726769478.html",2026-07-06 17:08:44
eastmoney_guba,002055,1726770964,这种A杀票。。不会N回去吧。。周5搞的。。明天继续卖就是。。,,xmxhzhxzh,1471014525154988,2026-06-15 17:49:16,308,0,0,0,True,False,"https://guba.eastmoney.com/news,002055,1726770964.html",2026-07-06 17:08:45
eastmoney_guba,002055,1726772404,这个走势有点难看啊，搞不懂了,,可怜的杨茜3,6524315871021212,2026-06-15 17:54:13,66,1,0,0,False,False,"https://guba.eastmoney.com/news,002055,1726772404.html",2026-07-06 17:08:45
eastmoney_guba,002055,1726777244,明天买不到了，宜宾国资即将入驻,,舍得润,4484346120850282,2026-06-15 18:12:56,669,4,2,0,True,False,"https://guba.eastmoney.com/news,002055,1726777244.html",2026-07-06 17:08:44
eastmoney_guba,002055,1726778496,买回来还得明天去顶板，好苦啊,,我在情绪之外,9194047483250996,2026-06-15 18:17:55,63,1,0,0,False,False,"https://guba.eastmoney.com/news,002055,1726778496.html",2026-07-06 17:08:45
eastmoney_guba,002055,1726780236,缩量涨停，强势，明天继续一字板,,奋起直追de卡尔文,5249395851472140,2026-06-15 18:24:15,63,1,0,0,False,False,"https://guba.eastmoney.com/news,002055,1726780236.html",2026-07-06 17:08:45
eastmoney_guba,002055,1726785140,得润电子不再起诉美特科技宜宾公司。看来宜宾国资也有可能入主啊。。。,,股市小羔羊,3561396025664456,2026-06-15 18:45:13,309,4,0,0,False,False,"https://guba.eastmoney.com/news,002055,1726785140.html",2026-07-06 17:08:45
eastmoney_guba,002055,1726791689,六块以下买8块以上卖.坑,,股友2506E6059H,5713087804908338,2026-06-15 19:15:10,37,0,0,0,False,False,"https://guba.eastmoney.com/news,002055,1726791689.html",2026-07-06 17:08:45
eastmoney_guba,002055,1726792934,英特尔概念这次应该能涨到15块,,江湖再现尼古拉斯,8183013401511276,2026-06-15 19:20:53,58,0,0,0,False,False,"https://guba.eastmoney.com/news,002055,1726792934.html",2026-07-06 17:08:45
eastmoney_guba,002055,1726794405,涨了一天评论区就又乐观的嗨暴了,,基民1L91502E39,8923376140863482,2026-06-15 19:26:59,65,2,0,0,False,False,"https://guba.eastmoney.com/news,002055,1726794405.html",2026-07-06 17:08:45
eastmoney_guba,002055,1726798245,我还是那句话拿不住就进厂打螺丝,,海盗船长macd,4041306360146342,2026-06-15 19:43:13,48,0,0,0,False,False,"https://guba.eastmoney.com/news,002055,1726798245.html",2026-07-06 17:08:45
eastmoney_guba,002055,1726801280,ST得润6.15诉讼进展公告与宜宾国资入主深度关联分析。好复杂!还好无量涨停，明天继续努力!,,安福盛,3594575223133282,2026-06-15 19:54:05,1981,8,5,0,True,False,"https://guba.eastmoney.com/news,002055,1726801280.html",2026-07-06 17:08:42
eastmoney_guba,002055,1726803814,连续涨停可以吗？,,人生巅峰进行曲,6778013800753264,2026-06-15 20:03:56,38,0,0,0,False,False,"https://guba.eastmoney.com/news,002055,1726803814.html",2026-07-06 17:08:45
eastmoney_guba,002055,1726806402,还有五个涨停,,江湖再现尼古拉斯,8183013401511276,2026-06-15 20:13:57,80,2,0,0,False,False,"https://guba.eastmoney.com/news,002055,1726806402.html",2026-07-06 17:08:45
eastmoney_guba,002055,1726822838,公告解读。得润电子、四川宜宾港荣集团、顺益亚太，正积极围绕意大利meta公司的C,,股市小羔羊,3561396025664456,2026-06-15 21:17:01,522,3,1,0,False,False,"https://guba.eastmoney.com/news,002055,1726822838.html",2026-07-06 17:08:45
eastmoney_guba,002055,1726827939,明天低开2个点，尾盘跌停。,,财富自选股,8904113740107672,2026-06-15 21:35:15,216,3,0,0,False,False,"https://guba.eastmoney.com/news,002055,1726827939.html",2026-07-06 17:08:45
eastmoney_guba,002055,1726840437,短期股价有反弹预期，未来7月15日前有可能披露2026半年度业绩（届时股价更难压,,股市小羔羊,3561396025664456,2026-06-15 22:16:23,453,0,1,0,True,False,"https://guba.eastmoney.com/news,002055,1726840437.html",2026-07-06 17:08:45
eastmoney_guba,002055,1726843344,近期公告反映的激烈交锋，股价大幅波动，明显就是资本运作大戏已经开始。大家拿好坐稳,,股友多晶硅,3105157575062942,2026-06-15 22:28:27,141,0,0,0,False,False,"https://guba.eastmoney.com/news,002055,1726843344.html",2026-07-06 17:08:45
eastmoney_guba,002055,1726867601,明天接着奏乐接着舞,,金铲铲爸爸,4701346269566602,2026-06-16 02:28:19,42,0,0,0,False,False,"https://guba.eastmoney.com/news,002055,1726867601.html",2026-07-06 17:08:45
eastmoney_guba,002055,1726886507,所处行业的高景气度不容置疑，各路资本为了低价拿控制权，各种措施打压股价的阴谋，必,,股市小羔羊,3561396025664456,2026-06-16 07:10:14,231,1,0,0,True,False,"https://guba.eastmoney.com/news,002055,1726886507.html",2026-07-06 17:08:45
eastmoney_guba,002055,1726889278,有没有股神预测一下这个票目标价格是多少？不能瞎说，得有理有据,,笑看风云飞,2591114904314400,2026-06-16 07:31:00,199,6,0,0,False,False,"https://guba.eastmoney.com/news,002055,1726889278.html",2026-07-06 17:08:44
eastmoney_guba,002055,1726891311,关于股价这个事，我也说两句。得润电子目前正处于困境反转，这里面邱家出了很多力，还,,股友多晶硅,3105157575062942,2026-06-16 07:44:10,774,6,0,0,False,False,"https://guba.eastmoney.com/news,002055,1726891311.html",2026-07-06 17:08:44
eastmoney_guba,002055,1726892689,周五下午跳水割肉的不在少数，都想低位补仓却没有机会了,,股友3966M3y561,4717087682060226,2026-06-16 07:51:24,49,0,0,0,False,False,"https://guba.eastmoney.com/news,002055,1726892689.html",2026-07-06 17:08:45
eastmoney_guba,002055,1726903834,退市是早晚的事，债务缠身,,珠穆朗玛峰山脉,9588094309834918,2026-06-16 08:48:55,163,7,0,0,False,False,"https://guba.eastmoney.com/news,002055,1726903834.html",2026-07-06 17:08:45
eastmoney_guba,002055,1726913957,又吃独食,,kemorebi,6962077677845920,2026-06-16 09:15:42,38,1,0,0,False,False,"https://guba.eastmoney.com/news,002055,1726913957.html",2026-07-06 17:08:45
eastmoney_guba,002055,1726921183,这次要来真的了，很多人想这次拉高一定要减仓，结果可能这次一去不回头了,,k线背后,7688113823893366,2026-06-16 09:23:40,120,3,1,0,False,False,"https://guba.eastmoney.com/news,002055,1726921183.html",2026-07-06 17:08:45
eastmoney_guba,002055,1726930535,快点回头。我还没上车。,,见好就收5859,3960047762213936,2026-06-16 09:26:07,40,1,0,0,False,False,"https://guba.eastmoney.com/news,002055,1726930535.html",2026-07-06 17:08:45
eastmoney_guba,002055,1726931097,这股神经又开始发作了,,得润两位数,3290024582242248,2026-06-16 09:26:43,30,0,0,0,False,False,"https://guba.eastmoney.com/news,002055,1726931097.html",2026-07-06 17:08:45
eastmoney_guba,002055,1726931325,这次预感会连板好几天，但是我前几天亏了六万加仓了哎现在只持仓两万了,,股友2372T3l790,5823077701892008,2026-06-16 09:26:57,46,0,0,0,False,False,"https://guba.eastmoney.com/news,002055,1726931325.html",2026-07-06 17:08:45
eastmoney_guba,002055,1726932362,不会又涨停吧？？奶奶个腿，卖啥啥涨,,团团梓,5110017567741384,2026-06-16 09:28:00,36,0,0,0,False,False,"https://guba.eastmoney.com/news,002055,1726932362.html",2026-07-06 17:08:45
eastmoney_guba,002055,1726932381,什么神仙，你真给我顶一字啊,,我在情绪之外,9194047483250996,2026-06-16 09:28:02,31,0,0,0,False,False,"https://guba.eastmoney.com/news,002055,1726932381.html",2026-07-06 17:08:45
eastmoney_guba,002055,1726933355,缩量跌倒6块就卖房子买德润,,江湖再现尼古拉斯,8183013401511276,2026-06-16 09:29:12,39,0,0,0,False,False,"https://guba.eastmoney.com/news,002055,1726933355.html",2026-07-06 17:08:45
eastmoney_guba,002055,1726938110,封板不强，肯定封不出。还会往下,,傲寒的秦岚,5793047755670376,2026-06-16 09:30:21,88,1,0,0,False,False,"https://guba.eastmoney.com/news,002055,1726938110.html",2026-07-06 17:08:44
eastmoney_guba,002055,1726945429,太弱了,,烂股收割机,4309365835407682,2026-06-16 09:32:28,34,0,0,0,False,False,"https://guba.eastmoney.com/news,002055,1726945429.html",2026-07-06 17:08:45
eastmoney_guba,002055,1726948890,下来吧，快点跌停,,傲寒的秦岚,5793047755670376,2026-06-16 09:33:26,28,0,0,0,False,False,"https://guba.eastmoney.com/news,002055,1726948890.html",2026-07-06 17:08:45
eastmoney_guba,002055,1726950492,冲不冲，感觉不冲买不进了啊,,我在情绪之外,9194047483250996,2026-06-16 09:33:51,108,4,0,0,False,False,"https://guba.eastmoney.com/news,002055,1726950492.html",2026-07-06 17:08:44
eastmoney_guba,002055,1726959570,又要开板跌停，卖了88,,liuzhiv53918,9522044798958326,2026-06-16 09:36:18,37,0,0,0,False,False,"https://guba.eastmoney.com/news,002055,1726959570.html",2026-07-06 17:08:45
eastmoney_guba,002055,1726962366,管你玩什么套路，6块以下就买,,傲寒的秦岚,5793047755670376,2026-06-16 09:37:02,31,0,0,0,False,False,"https://guba.eastmoney.com/news,002055,1726962366.html",2026-07-06 17:08:45
eastmoney_guba,002055,1726965218,今天洗盘封s，明天就是缩量一字板,,唔知改咩嗨名好,6010004900804760,2026-06-16 09:37:46,140,2,0,0,False,False,"https://guba.eastmoney.com/news,002055,1726965218.html",2026-07-06 17:08:44
eastmoney_guba,002055,1726975521,六元以下等你，经历了上次，主力有出逃的可能性,,傲寒的秦岚,5793047755670376,2026-06-16 09:40:39,174,8,0,0,False,False,"https://guba.eastmoney.com/news,002055,1726975521.html",2026-07-06 17:08:44
eastmoney_guba,002055,1726988228,干净了！,,糖小兵,8344466853669136,2026-06-16 09:44:30,57,2,0,0,False,False,"https://guba.eastmoney.com/news,002055,1726988228.html",2026-07-06 17:08:44
eastmoney_guba,002055,1726996886,二板定龙头，二波犹更强！,,好风长吟,4179386109771602,2026-06-16 09:47:11,88,3,0,0,False,False,"https://guba.eastmoney.com/news,002055,1726996886.html",2026-07-06 17:08:44
eastmoney_guba,002055,1727043024,实打实的几十亿营收，整个大A有多少家？，你管他谁当家做主，这种干实事的企业退市是,,韭菜茂盛欢迎收割,4552395874284664,2026-06-16 10:02:21,127,3,0,0,False,False,"https://guba.eastmoney.com/news,002055,1727043024.html",2026-07-06 17:08:44
eastmoney_guba,002055,1727049124,三安光电，大股东欠一屁股债，股权轮候冻结，跌下照涨不误。,,轻盈跳跃的八哥,5366315762063082,2026-06-16 10:04:43,47,0,0,0,False,False,"https://guba.eastmoney.com/news,002055,1727049124.html",2026-07-06 17:08:44
eastmoney_guba,002055,1727065554,龙头是ST金顶,,liuzhiv53918,9522044798958326,2026-06-16 10:11:13,34,0,0,0,False,False,"https://guba.eastmoney.com/news,002055,1727065554.html",2026-07-06 17:08:44
eastmoney_guba,002055,1727076248,脏东西都被洗出去了,,怕高别炒股,7200027179104992,2026-06-16 10:15:40,30,0,0,0,False,False,"https://guba.eastmoney.com/news,002055,1727076248.html",2026-07-06 17:08:44
eastmoney_guba,002055,1727103472,300232,,后贝加尔斯克,7154013321195756,2026-06-16 10:28:00,25,0,0,0,False,False,"https://guba.eastmoney.com/news,002055,1727103472.html",2026-07-06 17:08:44
eastmoney_guba,002055,1727108393,几十亿产值上市公司中能有几家,,股友r06997G166,6768007546239210,2026-06-16 10:30:20,81,1,0,0,False,False,"https://guba.eastmoney.com/news,002055,1727108393.html",2026-07-06 17:08:44
eastmoney_guba,002055,1727108527,得润处于估值修复阶段，估计明天不会开了,,不动明王身,5574366336967740,2026-06-16 10:30:24,96,2,1,0,False,False,"https://guba.eastmoney.com/news,002055,1727108527.html",2026-07-06 17:08:44
eastmoney_guba,002055,1727121300,背后穿刺是浙江国资+央企国资，决定了st百利不可能会退市，最终重整投资人大概率为,,炒股看人品,3046097199343006,2026-06-16 10:36:42,585,1,1,0,True,False,"https://guba.eastmoney.com/news,002055,1727121300.html",2026-07-06 17:08:44
eastmoney_guba,002055,1727121296,2是什么意思,,股友3M55615T56,2444037629506648,2026-06-16 10:36:42,47,0,0,0,False,False,"https://guba.eastmoney.com/news,002055,1727121296.html",2026-07-06 17:08:44
eastmoney_guba,002055,1727124016,3手哥砸完，2手哥接着砸盘,,K线大师,3155034833576922,2026-06-16 10:37:59,386,4,0,0,True,False,"https://guba.eastmoney.com/news,002055,1727124016.html",2026-07-06 17:08:44
eastmoney_guba,002055,1727142763,654321砸盘开板？,,专注上涨趋势,1748095089831338,2026-06-16 10:47:34,74,2,0,0,False,False,"https://guba.eastmoney.com/news,002055,1727142763.html",2026-07-06 17:08:44
eastmoney_guba,002055,1727171501,全是一手单，什么意思啊，,,我在情绪之外,9194047483250996,2026-06-16 11:03:41,44,0,0,0,False,False,"https://guba.eastmoney.com/news,002055,1727171501.html",2026-07-06 17:08:44
eastmoney_guba,002055,1727172170,一手一手的卖是啥意思？,,博学多才的小鱼,1190094345248964,2026-06-16 11:04:06,242,2,0,0,True,False,"https://guba.eastmoney.com/news,002055,1727172170.html",2026-07-06 17:08:44
eastmoney_guba,002055,1727189726,一手哥别砸了,,小瓜皮怪物,4517077786628280,2026-06-16 11:14:50,34,0,0,0,False,False,"https://guba.eastmoney.com/news,002055,1727189726.html",2026-07-06 17:08:44
eastmoney_guba,002055,1727191655,1手哥不要砸盘呀，再砸我也跟着砸了,,K线大师,3155034833576922,2026-06-16 11:16:01,480,7,0,0,True,False,"https://guba.eastmoney.com/news,002055,1727191655.html",2026-07-06 17:08:44
eastmoney_guba,002055,1727208298,这票都给我搞怕了。。,,基民671F1c7767,4257386192759908,2026-06-16 11:26:49,32,0,0,0,False,False,"https://guba.eastmoney.com/news,002055,1727208298.html",2026-07-06 17:08:44
eastmoney_guba,002055,1727214672,这种是不是可以举报了，玩量化就玩吧，没见过这么明目张胆的,,不惑见惑不惑也,6874456736141174,2026-06-16 11:31:48,149,3,0,0,False,False,"https://guba.eastmoney.com/news,002055,1727214672.html",2026-07-06 17:08:44
eastmoney_guba,002055,1727225219,谈谈股价,,股市小羔羊,3561396025664456,2026-06-16 11:47:52,469,1,0,0,False,False,"https://guba.eastmoney.com/news,002055,1727225219.html",2026-07-06 17:08:44
eastmoney_guba,002055,1727226717,盘口语言一直一字板,,多才的越晹,9581007305375122,2026-06-16 11:51:16,36,0,0,0,False,False,"https://guba.eastmoney.com/news,002055,1727226717.html",2026-07-06 17:08:44
eastmoney_guba,002055,1727231881,继续卖。。还有一半。。明天准时清仓。。,,xmxhzhxzh,1471014525154988,2026-06-16 12:04:52,281,0,0,0,True,False,"https://guba.eastmoney.com/news,002055,1727231881.html",2026-07-06 17:08:44
eastmoney_guba,002055,1727240495,向76元看齐，连续涨停,,人生巅峰进行曲,6778013800753264,2026-06-16 12:33:01,92,3,0,0,False,False,"https://guba.eastmoney.com/news,002055,1727240495.html",2026-07-06 17:08:44
eastmoney_guba,002055,1727241680,这一手一手的成交，是啥意思？,,股友pesMpc0627,2232385537831922,2026-06-16 12:37:00,57,1,0,0,False,False,"https://guba.eastmoney.com/news,002055,1727241680.html",2026-07-06 17:08:44
eastmoney_guba,002055,1727244084,一帮二,,后贝加尔斯克,7154013321195756,2026-06-16 12:45:22,65,3,0,0,False,False,"https://guba.eastmoney.com/news,002055,1727244084.html",2026-07-06 17:08:44
eastmoney_guba,002055,1727245049,连续多少个一字，就有多少个一字板？,,足智万贯得游坦之,4264045269771620,2026-06-16 12:48:51,46,1,0,0,False,False,"https://guba.eastmoney.com/news,002055,1727245049.html",2026-07-06 17:08:44
eastmoney_guba,002055,1727245553,每6秒1单谁的机器忘记关了,,梦境旅人,7694155947261958,2026-06-16 12:50:36,57,0,0,0,False,False,"https://guba.eastmoney.com/news,002055,1727245553.html",2026-07-06 17:08:44
eastmoney_guba,002055,1727263938,所以量化交易不需要手续费吗？这么挂1手单,,我在情绪之外,9194047483250996,2026-06-16 13:07:37,48,0,0,0,False,False,"https://guba.eastmoney.com/news,002055,1727263938.html",2026-07-06 17:08:44
eastmoney_guba,002055,1727266840,全部都是一手一手的买，啥意思？,,三贴丝亲,2868057167755638,2026-06-16 13:09:35,617,7,1,0,True,False,"https://guba.eastmoney.com/news,002055,1727266840.html",2026-07-06 17:08:44
eastmoney_guba,002055,1727275171,左手杯倒右手杯，一滴一滴倒,,银河纳百川,4516165648349016,2026-06-16 13:14:50,34,0,0,0,False,False,"https://guba.eastmoney.com/news,002055,1727275171.html",2026-07-06 17:08:44
eastmoney_guba,002055,1727282101,典型的因为公司老板道德品质有严重问题的公司啊，一把好牌硬是在黄金发展期前因老板的,,泥鳅别跑,9431013400673090,2026-06-16 13:18:46,172,1,0,0,False,False,"https://guba.eastmoney.com/news,002055,1727282101.html",2026-07-06 17:08:44
eastmoney_guba,002055,1727308279,一帮二愣子,,后贝加尔斯克,7154013321195756,2026-06-16 13:34:37,60,1,0,0,False,False,"https://guba.eastmoney.com/news,002055,1727308279.html",2026-07-06 17:08:44
eastmoney_guba,002055,1727325881,不会是一手一手出货吧,,Badboy5,9863375522860422,2026-06-16 13:44:47,54,1,0,0,False,False,"https://guba.eastmoney.com/news,002055,1727325881.html",2026-07-06 17:08:44
eastmoney_guba,002055,1727336830,量化机器真是肆无忌惮，6秒3秒，一手一手卖。,,资深股市消费者,4135037584452484,2026-06-16 13:51:51,121,2,0,0,False,False,"https://guba.eastmoney.com/news,002055,1727336830.html",2026-07-06 17:08:44
eastmoney_guba,002055,1727341358,二比们在玩啥呀马上天地板跌停板呀沙逼,,后贝加尔斯克,7154013321195756,2026-06-16 13:54:47,249,7,0,0,False,False,"https://guba.eastmoney.com/news,002055,1727341358.html",2026-07-06 17:08:37
eastmoney_guba,002055,1727366804,加仓都不给机会吗？估计成交不了，前面还有5000多手,,K线大师,3155034833576922,2026-06-16 14:11:04,486,2,0,0,True,False,"https://guba.eastmoney.com/news,002055,1727366804.html",2026-07-06 17:08:44
eastmoney_guba,002055,1727373212,一手一手的卖，不免五的话，手续费也不少钱,,自落果,7441013397604324,2026-06-16 14:15:21,150,3,0,0,False,False,"https://guba.eastmoney.com/news,002055,1727373212.html",2026-07-06 17:08:44
eastmoney_guba,002055,1727383877,300843二十厘米涨停。看看同行，再看看你。,,傲寒的秦岚,5793047755670376,2026-06-16 14:22:02,654,4,0,0,True,False,"https://guba.eastmoney.com/news,002055,1727383877.html",2026-07-06 17:08:44
eastmoney_guba,002055,1727397980,通知一下，明天开板,,持仓观风云,4654067800325436,2026-06-16 14:31:20,176,3,0,0,False,False,"https://guba.eastmoney.com/news,002055,1727397980.html",2026-07-06 17:08:44
eastmoney_guba,002055,1727462514,还要6个涨停解套,,股友8719n8381d,3946047745056792,2026-06-16 15:17:40,185,5,0,0,False,False,"https://guba.eastmoney.com/news,002055,1727462514.html",2026-07-06 17:08:44
eastmoney_guba,002055,1727463127,明天继续一字板，不要问为什么,,奋起直追de卡尔文,5249395851472140,2026-06-16 15:18:45,312,5,1,0,False,False,"https://guba.eastmoney.com/news,002055,1727463127.html",2026-07-06 17:08:44
eastmoney_guba,002055,1727465441,看一眼这个票都想龇牙咧嘴，这可恨的庄,,我在情绪之外,9194047483250996,2026-06-16 15:22:08,45,0,0,0,False,False,"https://guba.eastmoney.com/news,002055,1727465441.html",2026-07-06 17:08:44
eastmoney_guba,002055,1727481054,淡定淡定。很多东西我们不清楚。一路上↑下↓，肯定有很多朋友被彻底洗出去了。也不能,,安福盛,3594575223133282,2026-06-16 15:55:22,795,4,0,0,True,False,"https://guba.eastmoney.com/news,002055,1727481054.html",2026-07-06 17:08:44
eastmoney_guba,002055,1727489852,应该还没开始主升浪。目前得润最大的期待是债务重组，世运果子入主。没确定重组前股价,,笑逐颜开的龚艳,2079345942814724,2026-06-16 16:17:13,522,2,0,0,False,False,"https://guba.eastmoney.com/news,002055,1727489852.html",2026-07-06 17:08:44
eastmoney_guba,002055,1727498627,今天为什么有这么多一手单,,得润两位数,3290024582242248,2026-06-16 16:43:19,509,7,0,0,False,False,"https://guba.eastmoney.com/news,002055,1727498627.html",2026-07-06 17:08:44
eastmoney_guba,002055,1727519298,ST得润（002055）宜宾国资（港荣集团）入驻现状：尚未正式入驻，但入主逻辑很,,底牌真贵,4197094013566998,2026-06-16 17:48:44,759,3,1,0,False,False,"https://guba.eastmoney.com/news,002055,1727519298.html",2026-07-06 17:08:44
eastmoney_guba,002055,1727521785,珍惜处于底部且低价的科技股。得润电子2026年1月初的价格是6.40元。今年涨幅,,股市小羔羊,3561396025664456,2026-06-16 17:57:44,447,5,1,0,False,False,"https://guba.eastmoney.com/news,002055,1727521785.html",2026-07-06 17:08:44
eastmoney_guba,002055,1727524616,既然允许科技股报团，那么也允许散户报团，自愿锁仓，不到摘帽不卖。。。接龙。。。,,股友多晶硅,3105157575062942,2026-06-16 18:07:41,260,5,0,0,False,False,"https://guba.eastmoney.com/news,002055,1727524616.html",2026-07-06 17:08:44
eastmoney_guba,002055,1727526271,数据收集，注意甄别，谨慎参考：,,辻弌仙姑,5443355523836254,2026-06-16 18:14:17,2209,1,3,0,True,False,"https://guba.eastmoney.com/news,002055,1727526271.html",2026-07-06 17:08:44
eastmoney_guba,002055,1727533740,关键诉讼案败诉并放弃上诉 ST得润深陷海外投资“后遗症”,,ST得润资讯,9481113638045702,2026-06-16 18:44:21,2934,13,10,0,False,False,"https://guba.eastmoney.com/news,002055,1727533740.html",2026-07-06 17:08:44
eastmoney_guba,002055,1727553051,跟风吹票没有用的，涨跌你们说了不算，一跌停就说退市，一涨停就各种国资，涨停封死的,,不惑见惑不惑也,6874456736141174,2026-06-16 19:58:40,133,1,0,0,False,False,"https://guba.eastmoney.com/news,002055,1727553051.html",2026-07-06 17:08:44
eastmoney_guba,002055,1727577287,主升浪第三浪已经开始，起码是第一浪的1.618倍。,,好风长吟,4179386109771602,2026-06-16 21:26:31,101,1,0,0,False,False,"https://guba.eastmoney.com/news,002055,1727577287.html",2026-07-06 17:08:44
eastmoney_guba,002055,1727607312,今晚怎么这么安静，看样洗出去不少啊,,于顺事8624,6020115465574166,2026-06-16 23:17:06,54,0,0,0,False,False,"https://guba.eastmoney.com/news,002055,1727607312.html",2026-07-06 17:08:44
eastmoney_guba,002055,1727607331,连续涨15个板才能挣钱,,执着的乔南,6125047455185494,2026-06-16 23:17:12,62,0,0,0,False,False,"https://guba.eastmoney.com/news,002055,1727607331.html",2026-07-06 17:08:44
eastmoney_guba,002055,1727615318,我能怎么办，被洗了又不敢进，不然我也出来吹一吹我的20连板，狗装,,我在情绪之外,9194047483250996,2026-06-17 00:15:04,68,0,0,0,False,False,"https://guba.eastmoney.com/news,002055,1727615318.html",2026-07-06 17:08:44
eastmoney_guba,002055,1727637468,继续呼吁底部不割肉、底部不折腾（请等高位再做T）。你不卖，我不卖，大家一起游迪拜,,股市小羔羊,3561396025664456,2026-06-17 06:42:11,93,4,0,0,False,False,"https://guba.eastmoney.com/news,002055,1727637468.html",2026-07-06 17:08:44
eastmoney_guba,002055,1727639335,6个亿上诉费才多少？公司居然弃权不要了，除非傻了就是另有图谋,,股友3966M3y561,4717087682060226,2026-06-17 06:56:07,321,5,0,0,False,False,"https://guba.eastmoney.com/news,002055,1727639335.html",2026-07-06 17:08:44
eastmoney_guba,002055,1727641174,今天大盘砸是不是对sT板块友好？,,富贵多谋地孙膑,7729356512103326,2026-06-17 07:09:05,90,2,0,0,False,False,"https://guba.eastmoney.com/news,002055,1727641174.html",2026-07-06 17:08:42
eastmoney_guba,002055,1727646150,得润电子属于AI硬件产业链股票。处于底部，困境反转。值得关注,,股市小羔羊,3561396025664456,2026-06-17 07:47:14,499,3,1,0,True,False,"https://guba.eastmoney.com/news,002055,1727646150.html",2026-07-06 17:08:42
eastmoney_guba,002055,1727656968,今天跌停板要来了002055,,后贝加尔斯克,7154013321195756,2026-06-17 08:33:11,194,8,1,0,False,False,"https://guba.eastmoney.com/news,002055,1727656968.html",2026-07-06 17:08:42
eastmoney_guba,002055,1727672647,这货到底什么消息？,,Faustzf,5301094044393196,2026-06-17 09:17:47,44,0,0,0,False,False,"https://guba.eastmoney.com/news,002055,1727672647.html",2026-07-06 17:08:44
eastmoney_guba,002055,1727672777,下来吧你，别挣扎了,,我在情绪之外,9194047483250996,2026-06-17 09:17:56,28,0,0,0,False,False,"https://guba.eastmoney.com/news,002055,1727672777.html",2026-07-06 17:08:44
eastmoney_guba,002055,1727672867,赶紧跑路t出去,,得润两位数,3290024582242248,2026-06-17 09:18:02,35,0,0,0,False,False,"https://guba.eastmoney.com/news,002055,1727672867.html",2026-07-06 17:08:44
eastmoney_guba,002055,1727678395,被这装搞的都魔怔了，谁还敢去顶板,,我在情绪之外,9194047483250996,2026-06-17 09:23:17,36,0,0,0,False,False,"https://guba.eastmoney.com/news,002055,1727678395.html",2026-07-06 17:08:44
eastmoney_guba,002055,1727678964,sT得润十5.02%看少1干可行！系AI硬件，还可关注光华科技,,华山少主,5257326305644364,2026-06-17 09:23:58,61,0,0,0,False,False,"https://guba.eastmoney.com/news,002055,1727678964.html",2026-07-06 17:08:44
eastmoney_guba,002055,1727686574,马上跌停,,后贝加尔斯克,7154013321195756,2026-06-17 09:25:27,40,2,0,0,False,False,"https://guba.eastmoney.com/news,002055,1727686574.html",2026-07-06 17:08:44
eastmoney_guba,002055,1727688120,拿不住就进厂打螺丝,,海盗船长macd,4041306360146342,2026-06-17 09:25:43,43,1,0,0,False,False,"https://guba.eastmoney.com/news,002055,1727688120.html",2026-07-06 17:08:44
eastmoney_guba,002055,1727692391,闭上你们的坑,,雷厉风行的雷哥,6651077318042916,2026-06-17 09:29:07,35,0,0,0,False,False,"https://guba.eastmoney.com/news,002055,1727692391.html",2026-07-06 17:08:44
eastmoney_guba,002055,1727695405,今天可以跑了,,股友26u01X0809,2058057670007872,2026-06-17 09:30:09,37,0,0,0,False,False,"https://guba.eastmoney.com/news,002055,1727695405.html",2026-07-06 17:08:44
eastmoney_guba,002055,1727703144,靠，没有抛压？这次你们筹码全部都握的这么死，怎么回事啊。,,我在情绪之外,9194047483250996,2026-06-17 09:32:10,60,2,0,0,False,False,"https://guba.eastmoney.com/news,002055,1727703144.html",2026-07-06 17:08:44
eastmoney_guba,002055,1727705571,开板，往南边走,,傲寒的秦岚,5793047755670376,2026-06-17 09:32:51,32,0,0,0,False,False,"https://guba.eastmoney.com/news,002055,1727705571.html",2026-07-06 17:08:44
eastmoney_guba,002055,1727717754,冲吗？感觉筹码都锁死了,,我在情绪之外,9194047483250996,2026-06-17 09:36:16,40,1,0,0,False,False,"https://guba.eastmoney.com/news,002055,1727717754.html",2026-07-06 17:08:44
eastmoney_guba,002055,1727724507,疯狂，太疯狂了怎么回事，你们的砸盘筹码呢，怎么都没看到人卖,,我在情绪之外,9194047483250996,2026-06-17 09:38:11,30,0,0,0,False,False,"https://guba.eastmoney.com/news,002055,1727724507.html",2026-07-06 17:08:44
eastmoney_guba,002055,1727745374,诱多出货,,傲寒的秦岚,5793047755670376,2026-06-17 09:44:05,35,1,0,0,False,False,"https://guba.eastmoney.com/news,002055,1727745374.html",2026-07-06 17:08:42
eastmoney_guba,002055,1727754853,这次感觉真不一样，没有那种恐慌的胡乱砸盘筹码你们这次筹码怎么拿的这么稳？,,我在情绪之外,9194047483250996,2026-06-17 09:46:50,75,1,0,0,False,False,"https://guba.eastmoney.com/news,002055,1727754853.html",2026-07-06 17:08:42
eastmoney_guba,002055,1727767340,洗洗干净再来,,得润两位数,3290024582242248,2026-06-17 09:50:50,39,1,0,0,False,False,"https://guba.eastmoney.com/news,002055,1727767340.html",2026-07-06 17:08:42
eastmoney_guba,002055,1727770903,今天有异常公告吗,,自在的章杰,8476147694935614,2026-06-17 09:51:58,47,1,0,0,False,False,"https://guba.eastmoney.com/news,002055,1727770903.html",2026-07-06 17:08:42
eastmoney_guba,002055,1727772289,今天收盘跌停即将抢筹码300232,,后贝加尔斯克,7154013321195756,2026-06-17 09:52:24,37,2,0,0,False,False,"https://guba.eastmoney.com/news,002055,1727772289.html",2026-07-06 17:08:42
eastmoney_guba,002055,1727774534,昨天一手一手的卖，今天千手千手的卖,,基民QSQmxu,4568345728348674,2026-06-17 09:53:06,36,0,0,0,False,False,"https://guba.eastmoney.com/news,002055,1727774534.html",2026-07-06 17:08:42
eastmoney_guba,002055,1727774892,是不是要磨到8月哦,,股友8719n8381d,3946047745056792,2026-06-17 09:53:12,41,0,0,0,False,False,"https://guba.eastmoney.com/news,002055,1727774892.html",2026-07-06 17:08:42
eastmoney_guba,002055,1727786167,零轴挂半仓，剩下半仓等打板，看天意了润哥，我已经为你杀疯了,,我在情绪之外,9194047483250996,2026-06-17 09:56:47,48,1,0,0,False,False,"https://guba.eastmoney.com/news,002055,1727786167.html",2026-07-06 17:08:42
eastmoney_guba,002055,1727790650,还得停,,股友100zG51075,9531346262250688,2026-06-17 09:58:14,35,0,0,0,False,False,"https://guba.eastmoney.com/news,002055,1727790650.html",2026-07-06 17:08:42
eastmoney_guba,002055,1727804769,来喽，来喽,,财经博主王小雨,7870396119736356,2026-06-17 10:02:55,39,0,0,0,False,False,"https://guba.eastmoney.com/news,002055,1727804769.html",2026-07-06 17:08:42
eastmoney_guba,002055,1727814495,每天只能涨五个点，无语,,恩捷与弘元,6886366111474668,2026-06-17 10:06:14,122,5,0,0,False,False,"https://guba.eastmoney.com/news,002055,1727814495.html",2026-07-06 17:08:42
eastmoney_guba,002055,1727814659,呵呵，幸亏今天满仓，飞飞飞,,阿里君子,2776094365751976,2026-06-17 10:06:18,43,0,0,0,False,False,"https://guba.eastmoney.com/news,002055,1727814659.html",2026-07-06 17:08:42
eastmoney_guba,002055,1727819027,下午跌停，不用发异动,,傲寒的秦岚,5793047755670376,2026-06-17 10:08:00,46,1,0,0,False,False,"https://guba.eastmoney.com/news,002055,1727819027.html",2026-07-06 17:08:42
eastmoney_guba,002055,1727824794,算力硬件继续领涨。。大家坐好拿稳。。,,股市小羔羊,3561396025664456,2026-06-17 10:10:05,122,1,0,0,True,False,"https://guba.eastmoney.com/news,002055,1727824794.html",2026-07-06 17:08:42
eastmoney_guba,002055,1727826175,早上6.5元以下，给了大家半小时的机会窗口，但大部分人，不一定敢加仓或者建仓。不,,安福盛,3594575223133282,2026-06-17 10:10:38,941,18,0,0,True,False,"https://guba.eastmoney.com/news,002055,1727826175.html",2026-07-06 17:08:40
eastmoney_guba,002055,1727834634,涨停板都不摸一下,,涨停板入手,7578325512536212,2026-06-17 10:13:59,98,3,0,0,False,False,"https://guba.eastmoney.com/news,002055,1727834634.html",2026-07-06 17:08:42
eastmoney_guba,002055,1727852068,冲高回落,,见好就收5859,3960047762213936,2026-06-17 10:20:48,48,1,0,0,False,False,"https://guba.eastmoney.com/news,002055,1727852068.html",2026-07-06 17:08:42
eastmoney_guba,002055,1727897602,庄家又在玩天地板,,股友210228EI90,5347007523858986,2026-06-17 10:40:00,65,2,0,0,False,False,"https://guba.eastmoney.com/news,002055,1727897602.html",2026-07-06 17:08:42
eastmoney_guba,002055,1727899269,结束了,,degen韩塞尔,4990036907436792,2026-06-17 10:40:43,47,0,0,0,False,False,"https://guba.eastmoney.com/news,002055,1727899269.html",2026-07-06 17:08:42
eastmoney_guba,002055,1727913627,低买高卖。主力在降低持仓成本。我们也要低买高卖。做中t。,,见好就收5859,3960047762213936,2026-06-17 10:46:55,91,1,0,0,False,False,"https://guba.eastmoney.com/news,002055,1727913627.html",2026-07-06 17:08:42
eastmoney_guba,002055,1727954091,收盘跌停即将5元,,后贝加尔斯克,7154013321195756,2026-06-17 11:06:26,72,2,0,0,False,False,"https://guba.eastmoney.com/news,002055,1727954091.html",2026-07-06 17:08:42
eastmoney_guba,002055,1728001135,搞的我亏不起一样，跌停吧,,海盗船长macd,4041306360146342,2026-06-17 11:34:02,47,1,0,0,False,False,"https://guba.eastmoney.com/news,002055,1728001135.html",2026-07-06 17:08:42
eastmoney_guba,002055,1728007606,老子说今天清仓就今天清仓。。一拉就走。。那1毛钱不要了。。很快再见。。,,xmxhzhxzh,1471014525154988,2026-06-17 11:42:49,249,0,0,0,True,False,"https://guba.eastmoney.com/news,002055,1728007606.html",2026-07-06 17:08:42
eastmoney_guba,002055,1728031292,润爹，要不到零轴给我个入场机会，求求了,,我在情绪之外,9194047483250996,2026-06-17 12:43:18,46,1,0,0,False,False,"https://guba.eastmoney.com/news,002055,1728031292.html",2026-07-06 17:08:42
eastmoney_guba,002055,1728036018,清洗一下获利盘是为了更好地上涨，坚定持有。,,掘金高歌,5238386190584350,2026-06-17 12:58:21,62,1,0,0,False,False,"https://guba.eastmoney.com/news,002055,1728036018.html",2026-07-06 17:08:42
eastmoney_guba,002055,1728055157,都是托单，必破,,云南小散nie,3561017753135412,2026-06-17 13:08:46,51,0,0,0,False,False,"https://guba.eastmoney.com/news,002055,1728055157.html",2026-07-06 17:08:42
eastmoney_guba,002055,1728059429,基本面比得润差很远的维峰电子也100亿了，主板科技大牛市，得润真的是被忽视了，我,,OngMaNiBMH,5590112076628564,2026-06-17 13:11:13,481,6,0,0,True,False,"https://guba.eastmoney.com/news,002055,1728059429.html",2026-07-06 17:08:42
eastmoney_guba,002055,1728064196,继续南下。继续做T,,持仓观风云,4654067800325436,2026-06-17 13:14:11,48,0,0,0,False,False,"https://guba.eastmoney.com/news,002055,1728064196.html",2026-07-06 17:08:42
eastmoney_guba,002055,1728076176,6.6收盘就行,,恩捷与弘元,6886366111474668,2026-06-17 13:21:22,47,0,0,0,False,False,"https://guba.eastmoney.com/news,002055,1728076176.html",2026-07-06 17:08:42
eastmoney_guba,002055,1728106943,关于欠款应当马上就要消息了，解决好欠款，应当会上一个台阶。,,轻盈跳跃的八哥,5366315762063082,2026-06-17 13:39:43,217,4,0,0,False,False,"https://guba.eastmoney.com/news,002055,1728106943.html",2026-07-06 17:08:42
eastmoney_guba,002055,1728156596,今天应该是为了躲异动吧？,,博学多才的小鱼,1190094345248964,2026-06-17 14:08:36,185,4,0,0,False,False,"https://guba.eastmoney.com/news,002055,1728156596.html",2026-07-06 17:08:42
eastmoney_guba,002055,1728208437,股价比24年还低，cpugpu内存没了高速连接器等同废品，这算哪门子炒作蹭科技？,,银河纳百川,4516165648349016,2026-06-17 14:39:47,143,1,0,0,False,False,"https://guba.eastmoney.com/news,002055,1728208437.html",2026-07-06 17:08:42
eastmoney_guba,002055,1728218397,赶紧跌停板呀！我在跌停等你！必到5元,,后贝加尔斯克,7154013321195756,2026-06-17 14:45:14,97,3,0,0,False,False,"https://guba.eastmoney.com/news,002055,1728218397.html",2026-07-06 17:08:42
eastmoney_guba,002055,1728247331,牛呀精准控异动，,,股友M609795O66,9545087213179986,2026-06-17 15:01:53,473,13,0,0,False,False,"https://guba.eastmoney.com/news,002055,1728247331.html",2026-07-06 17:08:42
eastmoney_guba,002055,1728259041,今天控一下，免得董秘不识抬举,,舍得润,4484346120850282,2026-06-17 15:12:40,87,1,0,0,False,False,"https://guba.eastmoney.com/news,002055,1728259041.html",2026-07-06 17:08:42
eastmoney_guba,002055,1728270256,今年以来至今的股票投资收益率只有2%，主要是3月份很受伤。下半年重点操作得润电子,,股市小羔羊,3561396025664456,2026-06-17 15:31:20,287,3,1,0,False,False,"https://guba.eastmoney.com/news,002055,1728270256.html",2026-07-06 17:08:42
eastmoney_guba,002055,1728282842,建议继续坚定持股,,股友多晶硅,3105157575062942,2026-06-17 15:57:25,162,2,0,0,False,False,"https://guba.eastmoney.com/news,002055,1728282842.html",2026-07-06 17:08:42
eastmoney_guba,002055,1728288308,有实力,,再次拒绝邓紫棋,6315017273579684,2026-06-17 16:11:46,52,0,0,0,False,False,"https://guba.eastmoney.com/news,002055,1728288308.html",2026-07-06 17:08:42
eastmoney_guba,002055,1728291190,又来吹票了,,傲寒的秦岚,5793047755670376,2026-06-17 16:19:40,44,0,0,0,False,False,"https://guba.eastmoney.com/news,002055,1728291190.html",2026-07-06 17:08:42
eastmoney_guba,002055,1728300257,冲高回落，免费领套,,股友78l307167F,5365087570003302,2026-06-17 16:44:26,49,0,0,0,False,False,"https://guba.eastmoney.com/news,002055,1728300257.html",2026-07-06 17:08:42
eastmoney_guba,002055,1728303903,稍微长一点，都是吹票的。跌倒6块以下。又不敢买说要退市。追涨杀跌。情愿被套,,傲寒的秦岚,5793047755670376,2026-06-17 16:55:42,75,1,0,0,False,False,"https://guba.eastmoney.com/news,002055,1728303903.html",2026-07-06 17:08:42
eastmoney_guba,002055,1728330722,放量十字星没问题吧？,,科技笑话,3677446804926360,2026-06-17 18:26:32,88,1,0,0,False,False,"https://guba.eastmoney.com/news,002055,1728330722.html",2026-07-06 17:08:42
eastmoney_guba,002055,1728335226,明天涨停,,温文尔雅的哥亚特,2197047689062096,2026-06-17 18:44:10,73,1,0,0,False,False,"https://guba.eastmoney.com/news,002055,1728335226.html",2026-07-06 17:08:42
eastmoney_guba,002055,1728381174,得润电子股东倡议书各位得润电子股东同仁：我们因持有公司股份结成利益共同体，公司在,,A股割肉机,7523456815617590,2026-06-17 21:32:50,452,1,0,0,False,False,"https://guba.eastmoney.com/news,002055,1728381174.html",2026-07-06 17:08:42
eastmoney_guba,002055,1728381618,今天得润断板，温和放量，收红十字星，从盘口来看，主力精准控异动。目前第一目标位6,,掘金高歌,5238386190584350,2026-06-17 21:33:51,285,2,0,0,False,False,"https://guba.eastmoney.com/news,002055,1728381618.html",2026-07-06 17:08:42
eastmoney_guba,002055,1728402278,AI基础设施继续扩建，得润电子所处行业高景气度。,,股市小羔羊,3561396025664456,2026-06-17 22:45:17,330,0,1,0,True,False,"https://guba.eastmoney.com/news,002055,1728402278.html",2026-07-06 17:08:42
eastmoney_guba,002055,1728456717,三天超过12%不是就出异动吗？,,顺其自然ZF,4514034974222532,2026-06-18 08:10:44,140,3,0,0,False,False,"https://guba.eastmoney.com/news,002055,1728456717.html",2026-07-06 17:08:42
eastmoney_guba,002055,1728479576,给机会梭哈了,,我在情绪之外,9194047483250996,2026-06-18 09:17:31,36,0,0,0,False,False,"https://guba.eastmoney.com/news,002055,1728479576.html",2026-07-06 17:08:42
eastmoney_guba,002055,1728487327,还要慢慢磨,,股友8719n8381d,3946047745056792,2026-06-18 09:24:37,38,0,0,0,False,False,"https://guba.eastmoney.com/news,002055,1728487327.html",2026-07-06 17:08:42
eastmoney_guba,002055,1728487497,今天跌停必破5元抢筹码300232,,后贝加尔斯克,7154013321195756,2026-06-18 09:24:50,59,1,0,0,False,False,"https://guba.eastmoney.com/news,002055,1728487497.html",2026-07-06 17:08:42
eastmoney_guba,002055,1728498466,得润电子在连接器行业的技术实力和销售收入，还是很强的。继续坚守，不忘初心。,,股市小羔羊,3561396025664456,2026-06-18 09:28:16,249,5,0,0,True,False,"https://guba.eastmoney.com/news,002055,1728498466.html",2026-07-06 17:08:42
eastmoney_guba,002055,1728540561,每次变绿都是加仓时机,,股友2d5627y815,5134037415756320,2026-06-18 09:39:28,50,0,0,0,False,False,"https://guba.eastmoney.com/news,002055,1728540561.html",2026-07-06 17:08:42
eastmoney_guba,002055,1728551192,德润主力貂毛买了就砸，卖了就拉,,股友78l307167F,5365087570003302,2026-06-18 09:42:22,37,0,0,0,False,False,"https://guba.eastmoney.com/news,002055,1728551192.html",2026-07-06 17:08:42
eastmoney_guba,002055,1728558831,别涨了，求你了，不要我一卖你就涨好不好，这不是打我的脸嘛,,梦想成真945,6933326091029750,2026-06-18 09:44:31,48,0,0,0,False,False,"https://guba.eastmoney.com/news,002055,1728558831.html",2026-07-06 17:08:42
eastmoney_guba,002055,1728561265,昨日选择方向，今日继续高歌猛进！,,好风长吟,4179386109771602,2026-06-18 09:45:14,27,0,0,0,False,False,"https://guba.eastmoney.com/news,002055,1728561265.html",2026-07-06 17:08:42
eastmoney_guba,002055,1728569626,王者归来,,博学多才的小鱼,1190094345248964,2026-06-18 09:47:49,47,0,0,0,False,False,"https://guba.eastmoney.com/news,002055,1728569626.html",2026-07-06 17:08:42
eastmoney_guba,002055,1728579781,科研人员566人，牛逼！,,股友3zZ5130776,6541306196049068,2026-06-18 09:50:50,51,0,0,0,False,False,"https://guba.eastmoney.com/news,002055,1728579781.html",2026-07-06 17:08:42
eastmoney_guba,002055,1728581644,6元6角1分，13万股，全割了！拍断了大腿了，怎么这么浑！,,诚恳的曾轶穗,7415094328733630,2026-06-18 09:51:24,230,7,0,0,False,False,"https://guba.eastmoney.com/news,002055,1728581644.html",2026-07-06 17:08:40
eastmoney_guba,002055,1728582210,来了，搞点仓位,,每只股取一瓢,2199094200835908,2026-06-18 09:51:34,40,0,0,0,False,False,"https://guba.eastmoney.com/news,002055,1728582210.html",2026-07-06 17:08:42
eastmoney_guba,002055,1728602485,别吹，这股一吹就废,,股友pesMpc0627,2232385537831922,2026-06-18 09:57:43,38,0,0,0,False,False,"https://guba.eastmoney.com/news,002055,1728602485.html",2026-07-06 17:08:42
eastmoney_guba,002055,1728602876,昨天650被洗出去了,,得润两位数,3290024582242248,2026-06-18 09:57:50,106,4,0,0,False,False,"https://guba.eastmoney.com/news,002055,1728602876.html",2026-07-06 17:08:40
eastmoney_guba,002055,1728623962,早就劝大家底部不割肉，不乱动（底部不要做T）。我的成本7.90。我至今一股没有动,,股市小羔羊,3561396025664456,2026-06-18 10:04:36,79,0,0,0,False,False,"https://guba.eastmoney.com/news,002055,1728623962.html",2026-07-06 17:08:42
eastmoney_guba,002055,1728628163,能不能开板，再给一次机会,,degen韩塞尔,4990036907436792,2026-06-18 10:05:59,56,2,0,0,False,False,"https://guba.eastmoney.com/news,002055,1728628163.html",2026-07-06 17:08:42
eastmoney_guba,002055,1728633513,应该是控盘了,,基民671F1c7767,4257386192759908,2026-06-18 10:07:41,47,0,0,0,False,False,"https://guba.eastmoney.com/news,002055,1728633513.html",2026-07-06 17:08:42
eastmoney_guba,002055,1728634792,A股PCB概念继续走强，江南新材、英诺激光涨超8%,,格隆汇,9507112872296268,2026-06-18 10:08:07,1195,2,2,0,False,False,"https://guba.eastmoney.com/news,002055,1728634792.html",2026-07-06 17:08:40
eastmoney_guba,002055,1728662291,ST得润录得4天3板,,ST得润资讯,9481113638045702,2026-06-18 10:18:01,611,0,0,0,False,False,"https://guba.eastmoney.com/news,002055,1728662291.html",2026-07-06 17:08:42
eastmoney_guba,002055,1728684008,说了多少次了，拿不住就进厂打螺丝吧，玩这个送钱哦,,海盗船长macd,4041306360146342,2026-06-18 10:26:25,43,0,0,0,False,False,"https://guba.eastmoney.com/news,002055,1728684008.html",2026-07-06 17:08:42
eastmoney_guba,002055,1728692433,下午要开板咯,,degen韩塞尔,4990036907436792,2026-06-18 10:29:57,100,10,0,0,False,False,"https://guba.eastmoney.com/news,002055,1728692433.html",2026-07-06 17:08:40
eastmoney_guba,002055,1728708427,终于开始见到曙光了！还在的兄弟们有多少啊！今天水下还新开了st金顶！,,合纵资本,7304094472044104,2026-06-18 10:36:32,97,2,0,0,False,False,"https://guba.eastmoney.com/news,002055,1728708427.html",2026-07-06 17:08:42
eastmoney_guba,002055,1728714033,下午开板6.5接回！,,degen韩塞尔,4990036907436792,2026-06-18 10:38:49,35,2,0,0,False,False,"https://guba.eastmoney.com/news,002055,1728714033.html",2026-07-06 17:08:42
eastmoney_guba,002055,1728714411,估计要开，想上车的一会有机会,,持仓观风云,4654067800325436,2026-06-18 10:38:57,39,1,0,0,False,False,"https://guba.eastmoney.com/news,002055,1728714411.html",2026-07-06 17:08:42
eastmoney_guba,002055,1728724865,开,,持仓观风云,4654067800325436,2026-06-18 10:43:21,45,2,0,0,False,False,"https://guba.eastmoney.com/news,002055,1728724865.html",2026-07-06 17:08:42
eastmoney_guba,002055,1728725298,真热闹,,银河纳百川,4516165648349016,2026-06-18 10:43:31,262,0,0,0,True,False,"https://guba.eastmoney.com/news,002055,1728725298.html",2026-07-06 17:08:42
eastmoney_guba,002055,1728734545,又把我洗出去了,,入市小白泰山,1595007681872084,2026-06-18 10:47:37,55,1,0,0,False,False,"https://guba.eastmoney.com/news,002055,1728734545.html",2026-07-06 17:08:42
eastmoney_guba,002055,1728738630,主力祝愿大家端午安康,,独立的凌翰5,4935345939513282,2026-06-18 10:49:23,42,0,0,0,False,False,"https://guba.eastmoney.com/news,002055,1728738630.html",2026-07-06 17:08:42
eastmoney_guba,002055,1728761385,根据6月18日（今日）的公开数据，得润电子（现名ST得润，002055）今天的炸,,股友ne5LyT,3136355898948576,2026-06-18 10:59:17,943,15,1,0,False,False,"https://guba.eastmoney.com/news,002055,1728761385.html",2026-07-06 17:08:40
eastmoney_guba,002055,1728771446,开，想补的准备,,持仓观风云,4654067800325436,2026-06-18 11:03:49,46,1,0,0,False,False,"https://guba.eastmoney.com/news,002055,1728771446.html",2026-07-06 17:08:42
eastmoney_guba,002055,1728779267,想走的可以走了,,股友35hHbY,1624266022028354,2026-06-18 11:07:22,41,0,0,0,False,False,"https://guba.eastmoney.com/news,002055,1728779267.html",2026-07-06 17:08:42
eastmoney_guba,002055,1728780608,你有种！,,黄昌玺黄昌玺,3372087388144630,2026-06-18 11:08:01,51,1,0,0,False,False,"https://guba.eastmoney.com/news,002055,1728780608.html",2026-07-06 17:08:40
eastmoney_guba,002055,1728786665,多补点,,持仓观风云,4654067800325436,2026-06-18 11:10:55,39,0,0,0,False,False,"https://guba.eastmoney.com/news,002055,1728786665.html",2026-07-06 17:08:42
eastmoney_guba,002055,1728790344,今天收盘不能高于6.8，否则，又要上龙虎榜了。,,zhuch1,7677013499151220,2026-06-18 11:12:43,103,1,0,0,False,False,"https://guba.eastmoney.com/news,002055,1728790344.html",2026-07-06 17:08:35
eastmoney_guba,002055,1728793766,尽管洗，卧不动如山,,唔知改咩嗨名好,6010004900804760,2026-06-18 11:14:17,48,0,0,0,False,False,"https://guba.eastmoney.com/news,002055,1728793766.html",2026-07-06 17:08:40
eastmoney_guba,002055,1728797765,继续朝5块走,,degen韩塞尔,4990036907436792,2026-06-18 11:16:07,58,1,0,0,False,False,"https://guba.eastmoney.com/news,002055,1728797765.html",2026-07-06 17:08:40
eastmoney_guba,002055,1728800309,技术优势都是臆想来的，没有屁技术含量，内行人都知道，一群人天天拿个豆包在那问,,degen韩塞尔,4990036907436792,2026-06-18 11:17:23,339,16,0,0,False,False,"https://guba.eastmoney.com/news,002055,1728800309.html",2026-07-06 17:08:40
eastmoney_guba,002055,1728820104,劳动密集型企业，研发人员大部分都大专的，能搞出个啥,,degen韩塞尔,4990036907436792,2026-06-18 11:28:23,282,12,0,0,False,False,"https://guba.eastmoney.com/news,002055,1728820104.html",2026-07-06 17:08:40
eastmoney_guba,002055,1728820405,有人资金另有他用，大家不要慌,,好风长吟,4179386109771602,2026-06-18 11:28:35,54,0,0,0,False,False,"https://guba.eastmoney.com/news,002055,1728820405.html",2026-07-06 17:08:40
eastmoney_guba,002055,1728849794,没放量大胆进,,财富自选股,8904113740107672,2026-06-18 12:17:39,65,2,0,0,False,False,"https://guba.eastmoney.com/news,002055,1728849794.html",2026-07-06 17:08:40
eastmoney_guba,002055,1728868049,最恨封板了说不给机会，开板又不敢进，上涨怕追高，下跌又不敢抄底，不持股也在股吧乱,,云南小散nie,3561017753135412,2026-06-18 13:00:14,60,2,0,0,False,False,"https://guba.eastmoney.com/news,002055,1728868049.html",2026-07-06 17:08:40
eastmoney_guba,002055,1728896254,md有一群一天在吼天地，真天地，有胆接吗？兜里没有三个大子，一天在弹幕乱发,,云南小散nie,3561017753135412,2026-06-18 13:15:30,49,0,0,0,False,False,"https://guba.eastmoney.com/news,002055,1728896254.html",2026-07-06 17:08:40
eastmoney_guba,002055,1728897747,天地天地，大家一起喊，很有希望,,心花的褚缤,8198366255105992,2026-06-18 13:16:13,122,3,0,0,False,False,"https://guba.eastmoney.com/news,002055,1728897747.html",2026-07-06 17:08:40
eastmoney_guba,002055,1728940708,有阻力，顺势而为就好,,放牛玩,4495386013762494,2026-06-18 13:39:37,35,0,0,0,False,False,"https://guba.eastmoney.com/news,002055,1728940708.html",2026-07-06 17:08:40
eastmoney_guba,002055,1728945789,这垃圾喜欢下午砸盘！这难道是刻在骨子里操作方式！,,运气大于实力选手,2075145276554428,2026-06-18 13:42:18,36,0,0,0,False,False,"https://guba.eastmoney.com/news,002055,1728945789.html",2026-07-06 17:08:40
eastmoney_guba,002055,1728952317,最怕吹票的。默默无闻的买。相信自己就多买点。感觉高了就等。急什么重组还没开始,,持仓观风云,4654067800325436,2026-06-18 13:45:42,58,1,0,0,False,False,"https://guba.eastmoney.com/news,002055,1728952317.html",2026-07-06 17:08:40
eastmoney_guba,002055,1728954527,收盘跌停即将5元,,后贝加尔斯克,7154013321195756,2026-06-18 13:46:50,61,2,0,0,False,False,"https://guba.eastmoney.com/news,002055,1728954527.html",2026-07-06 17:08:40
eastmoney_guba,002055,1728964030,从心理学的角度讲，那些暴跳如雷骂人的，正好被人击中了软肋，故而大发雷霆。他们的心,,心花的褚缤,8198366255105992,2026-06-18 13:51:34,150,5,0,0,False,False,"https://guba.eastmoney.com/news,002055,1728964030.html",2026-07-06 17:08:40
eastmoney_guba,002055,1728968234,大家吹一下！,,黄昌玺黄昌玺,3372087388144630,2026-06-18 13:53:47,118,6,0,0,False,False,"https://guba.eastmoney.com/news,002055,1728968234.html",2026-07-06 17:08:40
eastmoney_guba,002055,1728975606,不停涨，涨不停！,,舍得润,4484346120850282,2026-06-18 13:57:57,161,4,0,0,False,False,"https://guba.eastmoney.com/news,002055,1728975606.html",2026-07-06 17:08:40
eastmoney_guba,002055,1729016059,不敢买就闭嘴，想等6块想屁吃,,银河纳百川,4516165648349016,2026-06-18 14:20:28,37,0,0,0,False,False,"https://guba.eastmoney.com/news,002055,1729016059.html",2026-07-06 17:08:40
eastmoney_guba,002055,1729024139,我又杀回来了，不看好的请离开,,可怜的杨茜3,6524315871021212,2026-06-18 14:24:56,47,0,0,0,False,False,"https://guba.eastmoney.com/news,002055,1729024139.html",2026-07-06 17:08:40
eastmoney_guba,002055,1729026478,太豌豆了,,黄昌玺黄昌玺,3372087388144630,2026-06-18 14:26:15,58,2,0,0,False,False,"https://guba.eastmoney.com/news,002055,1729026478.html",2026-07-06 17:08:40
eastmoney_guba,002055,1729052669,马上跌停,,后贝加尔斯克,7154013321195756,2026-06-18 14:40:28,56,1,0,0,False,False,"https://guba.eastmoney.com/news,002055,1729052669.html",2026-07-06 17:08:40
eastmoney_guba,002055,1729072935,第二个通鼎互联,,妖股大,2487013398550040,2026-06-18 14:51:31,165,3,0,0,False,False,"https://guba.eastmoney.com/news,002055,1729072935.html",2026-07-06 17:08:40
eastmoney_guba,002055,1729082421,我卖了，下周起飞,,恩捷与弘元,6886366111474668,2026-06-18 14:56:22,52,0,0,0,False,False,"https://guba.eastmoney.com/news,002055,1729082421.html",2026-07-06 17:08:40
eastmoney_guba,002055,1729082594,666,,否极的萧岑,4744117611191630,2026-06-18 14:56:27,45,0,0,0,False,False,"https://guba.eastmoney.com/news,002055,1729082594.html",2026-07-06 17:08:40
eastmoney_guba,002055,1729097938,所以666是啥意思,,股友0c0m016038,3405077800205498,2026-06-18 15:07:36,86,2,0,0,False,False,"https://guba.eastmoney.com/news,002055,1729097938.html",2026-07-06 17:08:40
eastmoney_guba,002055,1729102243,溜溜溜，大家快点溜！,,老衲永涨,3092386203983902,2026-06-18 15:11:41,45,0,0,0,False,False,"https://guba.eastmoney.com/news,002055,1729102243.html",2026-07-06 17:08:40
eastmoney_guba,002055,1729105731,被洗下车了，感觉,,恩捷与弘元,6886366111474668,2026-06-18 15:15:36,340,8,0,0,False,False,"https://guba.eastmoney.com/news,002055,1729105731.html",2026-07-06 17:08:40
eastmoney_guba,002055,1729111330,小长假资金分流，战节后更高一层！,,好风长吟,4179386109771602,2026-06-18 15:25:20,63,0,0,0,False,False,"https://guba.eastmoney.com/news,002055,1729111330.html",2026-07-06 17:08:40
eastmoney_guba,002055,1729133369,baozi顶，溜溜溜。,,谷满仓001,8959094371523892,2026-06-18 16:09:49,50,0,0,0,False,False,"https://guba.eastmoney.com/news,002055,1729133369.html",2026-07-06 17:08:40
eastmoney_guba,002055,1729136336,节后开盘666！,,好风长吟,4179386109771602,2026-06-18 16:17:59,63,1,0,0,False,False,"https://guba.eastmoney.com/news,002055,1729136336.html",2026-07-06 17:08:40
eastmoney_guba,002055,1729144682,反正我不会做T，我就一直拿着不动，上次到8．3没出，跌到5块多也没补仓，我就耗着,,cooloog,7973094481198418,2026-06-18 16:43:32,344,8,0,0,False,False,"https://guba.eastmoney.com/news,002055,1729144682.html",2026-07-06 17:08:40
eastmoney_guba,002055,1729168714,别六了，还差五个涨停回本,,雷厉风行的雷哥,6651077318042916,2026-06-18 18:07:41,157,4,0,0,False,False,"https://guba.eastmoney.com/news,002055,1729168714.html",2026-07-06 17:08:40
eastmoney_guba,002055,1729180155,投早投小投硬科技，技术链，产业链，这收盘利好在说哪些股，欢迎评论,,银河纳百川,4516165648349016,2026-06-18 19:00:23,858,6,0,0,True,False,"https://guba.eastmoney.com/news,002055,1729180155.html",2026-07-06 17:08:40
eastmoney_guba,002055,1729207905,对普通投资者参考意义：当前处于“重整预期”与“现实困境”的拉扯期：国资入主预期曾,,股友36261Y5y25,5106047708852754,2026-06-18 21:08:54,2102,6,1,0,True,False,"https://guba.eastmoney.com/news,002055,1729207905.html",2026-07-06 17:08:40
eastmoney_guba,002055,1729269031,祝股民朋友端午安康、节后账户长红。事实证明，得润电子的股性比较活跃，能够跟随大盘,,股市小羔羊,3561396025664456,2026-06-19 08:13:20,371,7,1,0,False,False,"https://guba.eastmoney.com/news,002055,1729269031.html",2026-07-06 17:08:40
eastmoney_guba,002055,1729269828,都把嘴闭上，想吹的滚，想买的就说卖，想卖的卖了走人就行，量化天天捕捉信息，看好的,,泰瑞尔的力量,7463077642407498,2026-06-19 08:22:00,133,4,0,0,False,False,"https://guba.eastmoney.com/news,002055,1729269828.html",2026-07-06 17:08:40
eastmoney_guba,002055,1729272689,得润股价两位数，只是时间问题。题材好、营业收入体量好、股性好（活络），困境反转可,,股友多晶硅,3105157575062942,2026-06-19 08:49:37,420,8,0,0,False,False,"https://guba.eastmoney.com/news,002055,1729272689.html",2026-07-06 17:08:40
eastmoney_guba,002055,1729289342,股票市场平均分红率百分之二左右，股票大周期底部至少几倍涨幅以上，绩优股大周期底部,,善良石像写生,9892047767516402,2026-06-19 11:37:36,1868,0,0,0,False,False,"https://guba.eastmoney.com/news,002055,1729289342.html",2026-07-06 17:08:40
eastmoney_guba,002055,1729302149,看好的别天天唱多默默捂着就行，该涨总会涨。看空的出门右转，唱空等低位进的省省力气,,银河纳百川,4516165648349016,2026-06-19 14:16:01,90,1,0,0,False,False,"https://guba.eastmoney.com/news,002055,1729302149.html",2026-07-06 17:08:40
eastmoney_guba,002055,1729324854,完全看不懂连续涨停然后放量连续下跌跌倒前期低点又涨停,,加仓嘉措仓又嘉措,7957007302973034,2026-06-19 19:27:32,119,1,0,0,False,False,"https://guba.eastmoney.com/news,002055,1729324854.html",2026-07-06 17:08:40
eastmoney_guba,002055,1729326290,英特尔疯狂拔升，似乎对这个票没产生任何影响,,我在情绪之外,9194047483250996,2026-06-19 19:49:38,70,0,0,0,False,False,"https://guba.eastmoney.com/news,002055,1729326290.html",2026-07-06 17:08:40
eastmoney_guba,002055,1729329950,电连技术市值都三四百亿了,,勇决7,8594355730470278,2026-06-19 20:44:20,172,2,0,0,False,False,"https://guba.eastmoney.com/news,002055,1729329950.html",2026-07-06 17:08:40
eastmoney_guba,002055,1729332986,我猜这次开板有不少人上车了,,股友821Ph80989,2868416613040716,2026-06-19 21:26:45,167,2,0,0,False,False,"https://guba.eastmoney.com/news,002055,1729332986.html",2026-07-06 17:08:40
eastmoney_guba,002055,1729353631,为何说摘帽和债务问题成功解决是一张明牌，大概率成功。理由如下：得润电子与四川港荣,,股市小羔羊,3561396025664456,2026-06-20 08:23:31,1726,8,4,0,False,False,"https://guba.eastmoney.com/news,002055,1729353631.html",2026-07-06 17:08:40
eastmoney_guba,002055,1729359322,不要过于解读板块最近跌废了7月之前别想企稳这货这几天跟这板块的板块4天大阳这货跟,,亏了八百万,3215144875948716,2026-06-20 10:03:33,484,6,2,0,False,False,"https://guba.eastmoney.com/news,002055,1729359322.html",2026-07-06 17:08:40
eastmoney_guba,002055,1729498285,$ST得润(SZ002055)$,,掘金高歌,5238386190584350,2026-06-22 08:37:27,379,4,0,0,True,False,"https://guba.eastmoney.com/news,002055,1729498285.html",2026-07-06 17:08:40
eastmoney_guba,002055,1729510100,再来个三连跌停,,degen韩塞尔,4990036907436792,2026-06-22 09:16:19,55,2,0,0,False,False,"https://guba.eastmoney.com/news,002055,1729510100.html",2026-07-06 17:08:40
eastmoney_guba,002055,1729510380,7月6日新规，ST将引爆市场,,小圣真君,9211215954668222,2026-06-22 09:16:37,114,2,2,0,False,False,"https://guba.eastmoney.com/news,002055,1729510380.html",2026-07-06 17:08:40
eastmoney_guba,002055,1729515612,赶紧跑路吧,,得润两位数,3290024582242248,2026-06-22 09:21:49,44,1,0,0,False,False,"https://guba.eastmoney.com/news,002055,1729515612.html",2026-07-06 17:08:40
eastmoney_guba,002055,1729517810,庄家格局真不行，参考东尼，这就是个p,,富有发财的雨秋,3887316231220598,2026-06-22 09:24:20,56,2,0,0,False,False,"https://guba.eastmoney.com/news,002055,1729517810.html",2026-07-06 17:08:40
eastmoney_guba,002055,1729529622,低开高走,,唔知改咩嗨名好,6010004900804760,2026-06-22 09:25:44,28,0,0,0,False,False,"https://guba.eastmoney.com/news,002055,1729529622.html",2026-07-06 17:08:40
eastmoney_guba,002055,1729529917,得润必然飞升的，这样的企业最少300亿市值,,小圣真君,9211215954668222,2026-06-22 09:25:45,194,4,0,0,False,False,"https://guba.eastmoney.com/news,002055,1729529917.html",2026-07-06 17:08:37
eastmoney_guba,002055,1729533485,两只股票，怎么没有选东尼，选了这垃圾,,吉祥满斗得周芷若,3470385785802442,2026-06-22 09:26:22,58,2,0,0,False,False,"https://guba.eastmoney.com/news,002055,1729533485.html",2026-07-06 17:08:40
eastmoney_guba,002055,1729570719,怎么回事,,涨停板入手,7578325512536212,2026-06-22 09:37:22,135,5,0,0,False,False,"https://guba.eastmoney.com/news,002055,1729570719.html",2026-07-06 17:08:40
eastmoney_guba,002055,1729602975,又崩了吗,,得润两位数,3290024582242248,2026-06-22 09:45:40,27,0,0,0,False,False,"https://guba.eastmoney.com/news,002055,1729602975.html",2026-07-06 17:08:40
eastmoney_guba,002055,1729603096,来，跟我一起喊“地天地天”，那几位麻烦别来了，你们看不懂市场。,,心花的褚缤,8198366255105992,2026-06-22 09:45:43,100,3,0,0,False,False,"https://guba.eastmoney.com/news,002055,1729603096.html",2026-07-06 17:08:37
eastmoney_guba,002055,1729609142,退市企业哈哈哈,,后贝加尔斯克,7154013321195756,2026-06-22 09:47:29,33,0,0,0,False,False,"https://guba.eastmoney.com/news,002055,1729609142.html",2026-07-06 17:08:40
eastmoney_guba,002055,1729631308,st股，7月变成10%交易？=关注7月6日，准备变盘。,,解牛2,3818305734316182,2026-06-22 09:54:15,464,8,0,0,False,False,"https://guba.eastmoney.com/news,002055,1729631308.html",2026-07-06 17:08:27
eastmoney_guba,002055,1729635393,算了算了，不好玩，试探的买了几手就马上吃地板，跟st无缘,,我在情绪之外,9194047483250996,2026-06-22 09:55:34,25,0,0,0,False,False,"https://guba.eastmoney.com/news,002055,1729635393.html",2026-07-06 17:08:40
eastmoney_guba,002055,1729636722,删除自选，不看为好,,我在情绪之外,9194047483250996,2026-06-22 09:55:58,22,0,0,0,False,False,"https://guba.eastmoney.com/news,002055,1729636722.html",2026-07-06 17:08:40
eastmoney_guba,002055,1729651593,应该是子公司又出什么问题了，谁有会员可以查看一下,,股友2CL1625298,6613037356124308,2026-06-22 10:00:29,172,3,0,0,False,False,"https://guba.eastmoney.com/news,002055,1729651593.html",2026-07-06 17:08:37
eastmoney_guba,002055,1729653961,坏消息是跌停了，好消息是只跌了五个点,,云南小散nie,3561017753135412,2026-06-22 10:01:08,29,0,0,0,False,False,"https://guba.eastmoney.com/news,002055,1729653961.html",2026-07-06 17:08:40
eastmoney_guba,002055,1729662603,看看跌停板块，全是st的票，真吓人,,我在情绪之外,9194047483250996,2026-06-22 10:03:33,37,0,0,0,False,False,"https://guba.eastmoney.com/news,002055,1729662603.html",2026-07-06 17:08:40
eastmoney_guba,002055,1729668870,7.6之后再无st，基本特色没了，还有谁玩？st的本质就是五个点好玩，上面让恢复,,奋发的康昭,7662094295370482,2026-06-22 10:05:35,83,0,0,0,False,False,"https://guba.eastmoney.com/news,002055,1729668870.html",2026-07-06 17:08:40
eastmoney_guba,002055,1729680791,ST板块发生了什么，无脑跌停,,掘金高歌,5238386190584350,2026-06-22 10:09:14,281,2,0,0,False,False,"https://guba.eastmoney.com/news,002055,1729680791.html",2026-07-06 17:08:37
eastmoney_guba,002055,1729685906,一会涨停一会跌停，肯定没人控盘你放心,,taste841020,8149315815825866,2026-06-22 10:10:58,59,2,0,0,False,False,"https://guba.eastmoney.com/news,002055,1729685906.html",2026-07-06 17:08:40
eastmoney_guba,002055,1729692073,st得润下午地天板。,,好风长吟,4179386109771602,2026-06-22 10:13:01,40,1,0,0,False,False,"https://guba.eastmoney.com/news,002055,1729692073.html",2026-07-06 17:08:40
eastmoney_guba,002055,1729718357,st板块看样子是以大面积清退为主，拿不住拿不住，烫手啊,,我在情绪之外,9194047483250996,2026-06-22 10:22:07,54,0,0,0,False,False,"https://guba.eastmoney.com/news,002055,1729718357.html",2026-07-06 17:08:40
eastmoney_guba,002055,1729721475,6块以下就买，上来差不多就卖，目前高位不要接，主力大有可能在做t。主力也是个资金,,持仓观风云,4654067800325436,2026-06-22 10:23:21,58,1,0,0,False,False,"https://guba.eastmoney.com/news,002055,1729721475.html",2026-07-06 17:08:40
eastmoney_guba,002055,1729739648,3年以后才会卖，助理，你随意涨跌,,快暖暖,3648094473248958,2026-06-22 10:30:17,153,2,0,0,False,False,"https://guba.eastmoney.com/news,002055,1729739648.html",2026-07-06 17:08:40
eastmoney_guba,002055,1729797087,st新规之前先跌一下，跌得差不多了再大涨,,好风长吟,4179386109771602,2026-06-22 10:55:02,66,2,0,0,False,False,"https://guba.eastmoney.com/news,002055,1729797087.html",2026-07-06 17:08:40
eastmoney_guba,002055,1729805908,其实我们散户就是看客，交易的都是庄家们在买进卖出,,刻苦钻研得爱丝魅,6829375874579462,2026-06-22 10:58:57,47,1,0,0,False,False,"https://guba.eastmoney.com/news,002055,1729805908.html",2026-07-06 17:08:40
eastmoney_guba,002055,1729813932,上周开板为什么都不跑？这波是流动性出问题了,,人生巅峰进行曲,6778013800753264,2026-06-22 11:03:02,40,1,0,0,False,False,"https://guba.eastmoney.com/news,002055,1729813932.html",2026-07-06 17:08:40
eastmoney_guba,002055,1729822568,好奇怪，也没涨，就跌停了,,股友7bGrRB,7556375694655340,2026-06-22 11:07:41,39,1,0,0,False,False,"https://guba.eastmoney.com/news,002055,1729822568.html",2026-07-06 17:08:40
eastmoney_guba,002055,1729829589,封单量这么小，一旦打开就是地天板,,基民Ydgvcp,2761075341680462,2026-06-22 11:11:26,50,1,0,0,False,False,"https://guba.eastmoney.com/news,002055,1729829589.html",2026-07-06 17:08:40
eastmoney_guba,002055,1729834699,后天可能又会6元以下，大家准备低吸高抛，轻仓,,持仓观风云,4654067800325436,2026-06-22 11:14:18,52,1,0,0,False,False,"https://guba.eastmoney.com/news,002055,1729834699.html",2026-07-06 17:08:37
eastmoney_guba,002055,1729842407,又到了散户朋友喊空时间了，我先来不到1元，一手不买,,被套就割,9679127793622906,2026-06-22 11:19:00,42,1,0,0,False,False,"https://guba.eastmoney.com/news,002055,1729842407.html",2026-07-06 17:08:40
eastmoney_guba,002055,1729855759,又咋啦……干嘛跌停,,小阿姨y,5761067789305064,2026-06-22 11:27:36,59,1,0,0,False,False,"https://guba.eastmoney.com/news,002055,1729855759.html",2026-07-06 17:08:37
eastmoney_guba,002055,1729867577,鹤山二期投产了没有？,,加仓嘉措仓又嘉措,7957007302973034,2026-06-22 11:40:54,47,0,0,0,False,False,"https://guba.eastmoney.com/news,002055,1729867577.html",2026-07-06 17:08:37
eastmoney_guba,002055,1729873402,继续持股不动，只要不退市，我锁仓三年。,,掘金高歌,5238386190584350,2026-06-22 11:51:34,35,0,0,0,False,False,"https://guba.eastmoney.com/news,002055,1729873402.html",2026-07-06 17:08:37
eastmoney_guba,002055,1729883364,虽然债务问题还没解决，但只是时间问题，一定会有国资背景参与进来。连续亏损多年，好,,o痕迹o,4802306288363612,2026-06-22 12:17:33,120,0,0,0,False,False,"https://guba.eastmoney.com/news,002055,1729883364.html",2026-07-06 17:08:37
eastmoney_guba,002055,1729885464,放心吧，最多跌到8块,,有专注力123456,3877094317451952,2026-06-22 12:23:29,41,0,0,0,False,False,"https://guba.eastmoney.com/news,002055,1729885464.html",2026-07-06 17:08:37
eastmoney_guba,002055,1729888459,开始建仓,,玺乐99999999,5179057102159172,2026-06-22 12:32:35,38,0,0,0,False,False,"https://guba.eastmoney.com/news,002055,1729888459.html",2026-07-06 17:08:37
eastmoney_guba,002055,1729895480,应该还要“二周调整”。=重新吸筹？,,解牛2,3818305734316182,2026-06-22 12:54:26,174,5,0,0,False,False,"https://guba.eastmoney.com/news,002055,1729895480.html",2026-07-06 17:08:27
eastmoney_guba,002055,1729921356,啥意思啊又砸地板,,得润两位数,3290024582242248,2026-06-22 13:13:09,34,0,0,0,False,False,"https://guba.eastmoney.com/news,002055,1729921356.html",2026-07-06 17:08:37
eastmoney_guba,002055,1729922763,大盘大红，你封单加剧？,,股友7bGrRB,7556375694655340,2026-06-22 13:14:07,36,0,0,0,False,False,"https://guba.eastmoney.com/news,002055,1729922763.html",2026-07-06 17:08:37
eastmoney_guba,002055,1729929071,这个股很难涨的，因为无论是涨停还是跌停，股吧基本都是唱多的，跌成狗还是一致看多，,,九紫离火运势,8086007117192924,2026-06-22 13:18:03,64,1,0,0,False,False,"https://guba.eastmoney.com/news,002055,1729929071.html",2026-07-06 17:08:37
eastmoney_guba,002055,1729930131,老登股起航，这些小鱼5虾套住了！！！,,更丙独狼,4636114088250072,2026-06-22 13:18:44,32,0,0,0,False,False,"https://guba.eastmoney.com/news,002055,1729930131.html",2026-07-06 17:08:37
eastmoney_guba,002055,1729930451,再来一波a杀？？,,得润两位数,3290024582242248,2026-06-22 13:18:55,35,0,0,0,False,False,"https://guba.eastmoney.com/news,002055,1729930451.html",2026-07-06 17:08:37
eastmoney_guba,002055,1729976007,哟吼，啥意思，又摁在地上了。呦吼，，，,,五指山的食指,6764306186620308,2026-06-22 13:46:19,31,0,0,0,False,False,"https://guba.eastmoney.com/news,002055,1729976007.html",2026-07-06 17:08:37
eastmoney_guba,002055,1730003414,这一波下杀估计，要跌到3元,,吉祥满斗得周芷若,3470385785802442,2026-06-22 14:04:06,50,1,0,0,False,False,"https://guba.eastmoney.com/news,002055,1730003414.html",2026-07-06 17:08:37
eastmoney_guba,002055,1730011159,最垃圾，板块都涨，这货自己跌，散户太多,,越过龙门的金龙鱼,5344094206919376,2026-06-22 14:08:54,30,1,0,0,False,False,"https://guba.eastmoney.com/news,002055,1730011159.html",2026-07-06 17:08:37
eastmoney_guba,002055,1730014934,不好，这狗要地天,,我在情绪之外,9194047483250996,2026-06-22 14:11:12,57,2,0,0,False,False,"https://guba.eastmoney.com/news,002055,1730014934.html",2026-07-06 17:08:37
eastmoney_guba,002055,1730023569,翘板了也不拉，翘板的意义在哪,,博学多才的小鱼,1190094345248964,2026-06-22 14:16:21,66,2,0,0,False,False,"https://guba.eastmoney.com/news,002055,1730023569.html",2026-07-06 17:08:37
eastmoney_guba,002055,1730032476,还有2个跌停板,,后贝加尔斯克,7154013321195756,2026-06-22 14:21:55,63,3,0,0,False,False,"https://guba.eastmoney.com/news,002055,1730032476.html",2026-07-06 17:08:37
eastmoney_guba,002055,1730034683,666叫你6你不6，吃面了吧,,gpl0398,2522335657621580,2026-06-22 14:23:18,32,0,0,0,False,False,"https://guba.eastmoney.com/news,002055,1730034683.html",2026-07-06 17:08:37
eastmoney_guba,002055,1730036713,拿不到摘帽的尽快卖出吧。这盘主力控的太好了，摘帽前重组概率低。别浪费了外面的大好,,笑逐颜开的龚艳,2079345942814724,2026-06-22 14:24:36,50,0,0,0,False,False,"https://guba.eastmoney.com/news,002055,1730036713.html",2026-07-06 17:08:37
eastmoney_guba,002055,1730041088,一直打开，涨啊。,,小阿姨y,5761067789305064,2026-06-22 14:27:17,31,0,0,0,False,False,"https://guba.eastmoney.com/news,002055,1730041088.html",2026-07-06 17:08:37
eastmoney_guba,002055,1730044936,赶紧调仓300232,,后贝加尔斯克,7154013321195756,2026-06-22 14:29:38,33,0,0,0,False,False,"https://guba.eastmoney.com/news,002055,1730044936.html",2026-07-06 17:08:37
eastmoney_guba,002055,1730045358,其中几次偶尔小幅开板、马上又回封，看来目前还是下跌动力占优。,,好风长吟,4179386109771602,2026-06-22 14:29:53,61,0,0,0,False,False,"https://guba.eastmoney.com/news,002055,1730045358.html",2026-07-06 17:08:37
eastmoney_guba,002055,1730048974,都来ST闻泰抄底好了,,老憨头1,5639067624204556,2026-06-22 14:32:06,50,0,0,0,False,False,"https://guba.eastmoney.com/news,002055,1730048974.html",2026-07-06 17:08:37
eastmoney_guba,002055,1730049511,这板非按不可吗,,银河纳百川,4516165648349016,2026-06-22 14:32:27,38,0,0,0,False,False,"https://guba.eastmoney.com/news,002055,1730049511.html",2026-07-06 17:08:37
eastmoney_guba,002055,1730049655,又把我骗进来了,,入市小白泰山,1595007681872084,2026-06-22 14:32:32,41,1,0,0,False,False,"https://guba.eastmoney.com/news,002055,1730049655.html",2026-07-06 17:08:37
eastmoney_guba,002055,1730052946,还跌停呢，板块都起飞了，多大点事，就跌停,,知足常乐对吧,9052386172588498,2026-06-22 14:34:28,43,0,0,0,False,False,"https://guba.eastmoney.com/news,002055,1730052946.html",2026-07-06 17:08:37
eastmoney_guba,002055,1730056305,又是前段时间的套路，连续跌停伺候,,梦想成真945,6933326091029750,2026-06-22 14:36:19,45,0,0,0,False,False,"https://guba.eastmoney.com/news,002055,1730056305.html",2026-07-06 17:08:37
eastmoney_guba,002055,1730056850,和推,,韭叶刀,6078385749010552,2026-06-22 14:36:41,38,0,0,0,False,False,"https://guba.eastmoney.com/news,002055,1730056850.html",2026-07-06 17:08:37
eastmoney_guba,002055,1730071854,股票的涨跌与大盘趋势大关系没有，要看筹码在哪。主力想拉就拉想跌就跌。,,见好就收5859,3960047762213936,2026-06-22 14:45:14,57,1,0,0,False,False,"https://guba.eastmoney.com/news,002055,1730071854.html",2026-07-06 17:08:37
eastmoney_guba,002055,1730086992,个人感觉。这只股已经走向僵局。以后不知道小波段好不好做了。,,见好就收5859,3960047762213936,2026-06-22 14:53:51,163,3,0,0,False,False,"https://guba.eastmoney.com/news,002055,1730086992.html",2026-07-06 17:08:37
eastmoney_guba,002055,1730094872,继续,,后贝加尔斯克,7154013321195756,2026-06-22 14:59:04,79,3,0,0,False,False,"https://guba.eastmoney.com/news,002055,1730094872.html",2026-07-06 17:08:37
eastmoney_guba,002055,1730099331,都在这里躲牛市,,坐看武动乾坤,2800335518589370,2026-06-22 15:01:51,54,1,0,0,False,False,"https://guba.eastmoney.com/news,002055,1730099331.html",2026-07-06 17:08:37
eastmoney_guba,002055,1730122958,相信前几天6块8追榜的人肯定有。6块以下5块8往下就可以……。抄底的人多不多呢？,,傲寒的秦岚,5793047755670376,2026-06-22 15:36:42,98,0,0,0,False,False,"https://guba.eastmoney.com/news,002055,1730122958.html",2026-07-06 17:08:37
eastmoney_guba,002055,1730140355,明天下探破6元又一跌停板,,后贝加尔斯克,7154013321195756,2026-06-22 16:06:17,176,5,0,0,False,False,"https://guba.eastmoney.com/news,002055,1730140355.html",2026-07-06 17:08:37
eastmoney_guba,002055,1730162304,这只股巅峰的时候70多现在的爹吗都不认了,,股友1177z0119Y,6926066908650232,2026-06-22 17:09:22,55,0,0,0,False,False,"https://guba.eastmoney.com/news,002055,1730162304.html",2026-07-06 17:08:37
eastmoney_guba,002055,1730162614,博士已建议得润电子收购安费诺。安费诺2025年收入231亿美元，受AI服务器高速,,半导体专业博士,7005513533592170,2026-06-22 17:10:22,629,4,0,0,False,False,"https://guba.eastmoney.com/news,002055,1730162614.html",2026-07-06 17:08:37
eastmoney_guba,002055,1730167937,邱家赶紧把债务解决吧，前段时间电子连接器新申请下来的专利也没任何公告。债务解决了,,o痕迹o,4802306288363612,2026-06-22 17:26:55,380,4,0,0,False,False,"https://guba.eastmoney.com/news,002055,1730167937.html",2026-07-06 17:08:37
eastmoney_guba,002055,1730176857,什么时候涨跌幅10%,,知行合一知良知,2487144882864902,2026-06-22 17:58:19,93,1,0,0,False,False,"https://guba.eastmoney.com/news,002055,1730176857.html",2026-07-06 17:08:37
eastmoney_guba,002055,1730201494,牛市赚了大钱的，建议撒点小钱在这，就当买张彩票，可能有意外惊喜,,神鞭老三,4348014779823690,2026-06-22 19:34:45,86,1,0,0,False,False,"https://guba.eastmoney.com/news,002055,1730201494.html",2026-07-06 17:08:37
eastmoney_guba,002055,1730209072,今晚有没有利空公告？没有，那么今天就是洗盘，如果是出货，主力不应该诱多一下，再砸,,掘金高歌,5238386190584350,2026-06-22 20:02:45,101,0,0,0,False,False,"https://guba.eastmoney.com/news,002055,1730209072.html",2026-07-06 17:08:37
eastmoney_guba,002055,1730235677,空中加油，明天继续涨停,,高风亮节的L,1476306083680006,2026-06-22 21:35:46,44,0,0,0,False,False,"https://guba.eastmoney.com/news,002055,1730235677.html",2026-07-06 17:08:37
eastmoney_guba,002055,1730235876,今天ST板块，已经超卖了，明天有补涨需求，得润也会被带起，准备好子弹，明天冲。,,掘金高歌,5238386190584350,2026-06-22 21:36:19,83,1,0,0,False,False,"https://guba.eastmoney.com/news,002055,1730235876.html",2026-07-06 17:08:37
eastmoney_guba,002055,1730236672,截止6月20日，股东人数，8.15万。上次公布的时间是，3月31日，5.35万。,,股友ne5LyT,3136355898948576,2026-06-22 21:38:34,1090,24,0,0,False,False,"https://guba.eastmoney.com/news,002055,1730236672.html",2026-07-06 17:08:37
eastmoney_guba,002055,1730343858,东尼太猛了,,得润两位数,3290024582242248,2026-06-23 09:28:16,31,0,0,0,False,False,"https://guba.eastmoney.com/news,002055,1730343858.html",2026-07-06 17:08:37
eastmoney_guba,002055,1730344158,跌停板破6元必须的,,后贝加尔斯克,7154013321195756,2026-06-23 09:28:34,32,2,0,0,False,False,"https://guba.eastmoney.com/news,002055,1730344158.html",2026-07-06 17:08:37
eastmoney_guba,002055,1730344847,快点跌吧，6元以下买点。,,傲寒的秦岚,5793047755670376,2026-06-23 09:29:19,41,2,0,0,False,False,"https://guba.eastmoney.com/news,002055,1730344847.html",2026-07-06 17:08:37
eastmoney_guba,002055,1730394765,不是涨停就是跌停，我去,,股友216Nl62325,7427057506411942,2026-06-23 09:43:01,29,1,0,0,False,False,"https://guba.eastmoney.com/news,002055,1730394765.html",2026-07-06 17:08:37
eastmoney_guba,002055,1730415786,明天卖货,,投资十风险,7546134851577522,2026-06-23 09:48:45,25,0,0,0,False,False,"https://guba.eastmoney.com/news,002055,1730415786.html",2026-07-06 17:08:37
eastmoney_guba,002055,1730428325,剧烈震荡，变盘在即，不要操作！,,老练的戚春燕,5647037201743930,2026-06-23 09:52:27,31,0,0,0,False,False,"https://guba.eastmoney.com/news,002055,1730428325.html",2026-07-06 17:08:37
eastmoney_guba,002055,1730455365,今天的多空双方好激烈,,被套就割,9679127793622906,2026-06-23 10:02:11,28,0,0,0,False,False,"https://guba.eastmoney.com/news,002055,1730455365.html",2026-07-06 17:08:37
eastmoney_guba,002055,1730458822,这个在风口的公司，还是盈利的，二期工厂已经开工生产，公司股份分散，怎么就没有人收,,股友9C213265L1,7977476633081770,2026-06-23 10:03:28,196,2,0,0,False,False,"https://guba.eastmoney.com/news,002055,1730458822.html",2026-07-06 17:08:37
eastmoney_guba,002055,1730474326,来来来都来这里躲牛市,,坐看武动乾坤,2800335518589370,2026-06-23 10:08:59,27,0,0,0,False,False,"https://guba.eastmoney.com/news,002055,1730474326.html",2026-07-06 17:08:37
eastmoney_guba,002055,1730478479,今天还绿吗,,得润两位数,3290024582242248,2026-06-23 10:10:28,22,0,0,0,False,False,"https://guba.eastmoney.com/news,002055,1730478479.html",2026-07-06 17:08:37
eastmoney_guba,002055,1730479029,最弱，没有之一,,股友7bGrRB,7556375694655340,2026-06-23 10:10:40,24,0,0,0,False,False,"https://guba.eastmoney.com/news,002055,1730479029.html",2026-07-06 17:08:37
eastmoney_guba,002055,1730482282,你不跟st吗！昨天你也是跌停啊！,,基民671F1c7767,4257386192759908,2026-06-23 10:11:55,31,0,0,0,False,False,"https://guba.eastmoney.com/news,002055,1730482282.html",2026-07-06 17:08:37
eastmoney_guba,002055,1730483348,最后剩的一点也清了，吃不了这碗饭，进去3次，亏3次的钱，真邪门,,我在情绪之外,9194047483250996,2026-06-23 10:12:20,45,1,0,0,False,False,"https://guba.eastmoney.com/news,002055,1730483348.html",2026-07-06 17:08:37
eastmoney_guba,002055,1730491328,跌停板马上调仓300232,,后贝加尔斯克,7154013321195756,2026-06-23 10:15:24,29,0,0,0,False,False,"https://guba.eastmoney.com/news,002055,1730491328.html",2026-07-06 17:08:37
eastmoney_guba,002055,1730510219,邱家还在这股好不了,,得润两位数,3290024582242248,2026-06-23 10:23:15,43,1,0,0,False,False,"https://guba.eastmoney.com/news,002055,1730510219.html",2026-07-06 17:08:37
eastmoney_guba,002055,1730512355,这个废了,,涨停板入手,7578325512536212,2026-06-23 10:24:13,37,0,0,0,False,False,"https://guba.eastmoney.com/news,002055,1730512355.html",2026-07-06 17:08:37
eastmoney_guba,002055,1730515977,8块多没走坚定持有没想到跌下来一蹶不振啊，最近半导体升天了，可可惜卖飞了，只能格,,埋伏ST,9272356136962600,2026-06-23 10:25:42,221,9,0,0,False,False,"https://guba.eastmoney.com/news,002055,1730515977.html",2026-07-06 17:08:37
eastmoney_guba,002055,1730520068,已绝望,,股友26u01X0809,2058057670007872,2026-06-23 10:27:29,34,0,0,0,False,False,"https://guba.eastmoney.com/news,002055,1730520068.html",2026-07-06 17:08:37
eastmoney_guba,002055,1730533317,天天躲牛市,,专注上涨趋势,1748095089831338,2026-06-23 10:33:15,41,1,0,0,False,False,"https://guba.eastmoney.com/news,002055,1730533317.html",2026-07-06 17:08:35
eastmoney_guba,002055,1730557465,牛逼,,得润两位数,3290024582242248,2026-06-23 10:44:36,32,0,0,0,False,False,"https://guba.eastmoney.com/news,002055,1730557465.html",2026-07-06 17:08:37
eastmoney_guba,002055,1730564488,冲高回落，明后天可以建仓做第三波。,,傲寒的秦岚,5793047755670376,2026-06-23 10:47:59,35,0,0,0,False,False,"https://guba.eastmoney.com/news,002055,1730564488.html",2026-07-06 17:08:37
eastmoney_guba,002055,1730570212,下跌了它就是ai连接器了,,量子河流的渔翁,2401094972709556,2026-06-23 10:50:56,36,0,0,0,False,False,"https://guba.eastmoney.com/news,002055,1730570212.html",2026-07-06 17:08:37
eastmoney_guba,002055,1730573884,这庄真，遭天煞的,,博学多才的小鱼,1190094345248964,2026-06-23 10:52:47,29,0,0,0,False,False,"https://guba.eastmoney.com/news,002055,1730573884.html",2026-07-06 17:08:37
eastmoney_guba,002055,1730574061,直接来几个跌停不就完了吗，磨磨唧唧,,股友77p20291n8,5206366256624360,2026-06-23 10:52:52,45,1,0,0,False,False,"https://guba.eastmoney.com/news,002055,1730574061.html",2026-07-06 17:08:37
eastmoney_guba,002055,1730575888,这股可以牛逼,,得润两位数,3290024582242248,2026-06-23 10:53:47,35,0,0,0,False,False,"https://guba.eastmoney.com/news,002055,1730575888.html",2026-07-06 17:08:37
eastmoney_guba,002055,1730578296,真牛逼，板块大涨，它还绿了,,股友pesMpc0627,2232385537831922,2026-06-23 10:55:03,43,1,0,0,False,False,"https://guba.eastmoney.com/news,002055,1730578296.html",2026-07-06 17:08:37
eastmoney_guba,002055,1730585346,得润的主力操盘手法凶残，洗了给你头皮发麻，最好的应对是不看盘面，任它折腾。,,掘金高歌,5238386190584350,2026-06-23 10:58:50,43,0,0,0,False,False,"https://guba.eastmoney.com/news,002055,1730585346.html",2026-07-06 17:08:37
eastmoney_guba,002055,1730597274,大概率收盘来个十字星,,埋伏ST,9272356136962600,2026-06-23 11:05:13,33,0,0,0,False,False,"https://guba.eastmoney.com/news,002055,1730597274.html",2026-07-06 17:08:37
eastmoney_guba,002055,1730638009,说到底就是没实力，几个涨停什么散户都卖光了，还不愁接盘的,,股友N8V5611388,1823017806407636,2026-06-23 11:29:06,39,0,0,0,False,False,"https://guba.eastmoney.com/news,002055,1730638009.html",2026-07-06 17:08:37
eastmoney_guba,002055,1730653881,下午跌停立帖为证002055,,后贝加尔斯克,7154013321195756,2026-06-23 11:53:34,92,3,0,0,False,False,"https://guba.eastmoney.com/news,002055,1730653881.html",2026-07-06 17:08:37
eastmoney_guba,002055,1730668731,买它不如直接买英特尔,,不合的牛肉干1,6687395894565002,2026-06-23 12:39:02,37,0,0,0,False,False,"https://guba.eastmoney.com/news,002055,1730668731.html",2026-07-06 17:08:37
eastmoney_guba,002055,1730673768,三个涨停，跌一点正常，下午涨停。,,高风亮节的L,1476306083680006,2026-06-23 12:56:30,49,1,0,0,False,False,"https://guba.eastmoney.com/news,002055,1730673768.html",2026-07-06 17:08:37
eastmoney_guba,002055,1730765472,马上跌停破6,,后贝加尔斯克,7154013321195756,2026-06-23 13:58:10,29,0,0,0,False,False,"https://guba.eastmoney.com/news,002055,1730765472.html",2026-07-06 17:08:35
eastmoney_guba,002055,1730774581,前期呐喊声去哪了？虽然我也想它涨，可惜它不争气，目前小亏中……,,黄知夏,9813057259471400,2026-06-23 14:03:40,35,0,0,0,False,False,"https://guba.eastmoney.com/news,002055,1730774581.html",2026-07-06 17:08:35
eastmoney_guba,002055,1730788078,天天板块倒数，没谁了,,股友7bGrRB,7556375694655340,2026-06-23 14:11:23,31,0,0,0,False,False,"https://guba.eastmoney.com/news,002055,1730788078.html",2026-07-06 17:08:35
eastmoney_guba,002055,1730788359,跟着韩国跌了吗,,得润两位数,3290024582242248,2026-06-23 14:11:34,32,0,0,0,False,False,"https://guba.eastmoney.com/news,002055,1730788359.html",2026-07-06 17:08:35
eastmoney_guba,002055,1730814032,今天指数单边下跌，个股泥沙俱下，得润没能幸免实属正常，主力也头大啊！慢慢来吧！该,,掘金高歌,5238386190584350,2026-06-23 14:26:05,117,3,0,0,False,False,"https://guba.eastmoney.com/news,002055,1730814032.html",2026-07-06 17:08:35
eastmoney_guba,002055,1730822123,又要跌停即将哈哈哈,,后贝加尔斯克,7154013321195756,2026-06-23 14:30:00,134,4,0,0,False,False,"https://guba.eastmoney.com/news,002055,1730822123.html",2026-07-06 17:08:35
eastmoney_guba,002055,1730829406,使劲跌，最好跌到5块5,,傲寒的秦岚,5793047755670376,2026-06-23 14:33:45,29,0,0,0,False,False,"https://guba.eastmoney.com/news,002055,1730829406.html",2026-07-06 17:08:35
eastmoney_guba,002055,1730834403,还得砸破6.0,,生财好运福满身,1811325596690408,2026-06-23 14:36:55,44,1,0,0,False,False,"https://guba.eastmoney.com/news,002055,1730834403.html",2026-07-06 17:08:35
eastmoney_guba,002055,1730850953,小波断股，没有大行情。,,傲寒的秦岚,5793047755670376,2026-06-23 14:46:43,40,1,0,0,False,False,"https://guba.eastmoney.com/news,002055,1730850953.html",2026-07-06 17:08:35
eastmoney_guba,002055,1730865383,这估计连老板都放弃了要一起送走了还买啊,,股友M8635297Y2,3747486690434306,2026-06-23 14:55:03,59,1,0,0,False,False,"https://guba.eastmoney.com/news,002055,1730865383.html",2026-07-06 17:08:35
eastmoney_guba,002055,1730867403,6.27收盘,,ST鑫多多,2926087684820038,2026-06-23 14:56:13,55,1,0,0,False,False,"https://guba.eastmoney.com/news,002055,1730867403.html",2026-07-06 17:08:35
eastmoney_guba,002055,1730877659,得润主力会砸下去把缺口补了。再等等，价格还能再便宜。,,ohaha,7259155946251206,2026-06-23 15:03:55,104,2,0,0,False,False,"https://guba.eastmoney.com/news,002055,1730877659.html",2026-07-06 17:08:35
eastmoney_guba,002055,1730902874,请问英特尔是否为公司客户？有无使用公司产品？,,ST得润股友,6448044951716208,2026-06-23 15:45:33,492,5,0,0,False,False,"https://guba.eastmoney.com/news,002055,1730902874.html",2026-07-06 17:08:35
eastmoney_guba,002055,1716604663,英特尔因AI抢占成熟制程产能，敦促PC厂商增加18A制程CPU采用比例，限制In,,垂钓梵河,1790094480175166,2026-06-23 15:45:33,718,6,3,0,False,False,"https://guba.eastmoney.com/news,002055,1716604663.html",2026-07-06 17:08:35
eastmoney_guba,002055,1730902889,请及时更新最新的股东人数及十大流通股东持仓情况,,ST得润股友,6448044951716208,2026-06-23 15:45:33,249,1,0,0,False,False,"https://guba.eastmoney.com/news,002055,1730902889.html",2026-07-06 17:08:35
eastmoney_guba,002055,1730902870,高速连接器产品，有没有打入，数据中心，算力中心？有没有进去英伟达，国内算力芯片的,,ST得润股友,6448044951716208,2026-06-23 15:45:33,500,1,0,0,False,False,"https://guba.eastmoney.com/news,002055,1730902870.html",2026-07-06 17:08:35
eastmoney_guba,002055,1730902896,公司5月26日公告称未与华为开展业务合作。请问：1）公司高速连接器产品在技术上是,,ST得润股友,6448044951716208,2026-06-23 15:45:33,285,0,0,0,False,False,"https://guba.eastmoney.com/news,002055,1730902896.html",2026-07-06 17:08:35
eastmoney_guba,002055,1730902887,请问董秘，目前公司现金流是否改善？,,ST得润股友,6448044951716208,2026-06-23 15:45:33,321,0,0,0,False,False,"https://guba.eastmoney.com/news,002055,1730902887.html",2026-07-06 17:08:35
eastmoney_guba,002055,1730902885,贵公司从2026年5月12日至5月18日名下主要公司的股权都被四川宜宾中院悉数冻,,ST得润股友,6448044951716208,2026-06-23 15:45:33,189,0,0,0,False,False,"https://guba.eastmoney.com/news,002055,1730902885.html",2026-07-06 17:08:35
eastmoney_guba,002055,1730902880,公司债务也不积极解，为什么不能把其他子公司卖掉，只保留精密连接器业务。这样大家共,,ST得润股友,6448044951716208,2026-06-23 15:45:33,153,0,0,0,False,False,"https://guba.eastmoney.com/news,002055,1730902880.html",2026-07-06 17:08:35
eastmoney_guba,002055,1730902878,针对“正交零背板/线缆背板模式”的AI服务器的未来发展趋势，得润电子目前是否有在,,ST得润股友,6448044951716208,2026-06-23 15:45:33,209,0,0,0,False,False,"https://guba.eastmoney.com/news,002055,1730902878.html",2026-07-06 17:08:35
eastmoney_guba,002055,1730909134,ST得润(002055.SZ)：公司目前未与华为开展业务合作,,格隆汇,9507112872296268,2026-06-23 16:00:50,716,3,0,0,False,False,"https://guba.eastmoney.com/news,002055,1730909134.html",2026-07-06 17:08:33
eastmoney_guba,002055,1730930276,根据董秘回答，公司不想让股票上涨,,有担当的橙子,8269316183912296,2026-06-23 16:58:55,154,2,0,0,False,False,"https://guba.eastmoney.com/news,002055,1730930276.html",2026-07-06 17:08:35
eastmoney_guba,002055,1730953335,ST得润:关于担保事项涉及诉讼的进展公告,,ST得润资讯,9481113638045702,2026-06-23 18:14:11,548,23,13,0,False,False,"https://guba.eastmoney.com/news,002055,1730953335.html",2026-07-06 17:08:35
eastmoney_guba,002055,1730960920,这些诉讼赶紧一桩桩解决，也别上诉了，反正早就计提过了。,,o痕迹o,4802306288363612,2026-06-23 18:43:28,82,2,0,0,False,False,"https://guba.eastmoney.com/news,002055,1730960920.html",2026-07-06 17:08:35
eastmoney_guba,002055,1730970309,明天拿麻袋装钱,,静之丶,1258366230453514,2026-06-23 19:20:43,54,0,0,0,False,False,"https://guba.eastmoney.com/news,002055,1730970309.html",2026-07-06 17:08:35
eastmoney_guba,002055,1730979620,百分之几不重要能控制着公司就好壁莲就怕涨起来，就是耗着慢慢拿工资就好了,,股友M8635297Y2,3747486690434306,2026-06-23 19:57:58,57,0,0,0,False,False,"https://guba.eastmoney.com/news,002055,1730979620.html",2026-07-06 17:08:35
eastmoney_guba,002055,1730988603,利空落地，还有哪些利空，快速爆出来吧,,看多看空一K间,2037336468950146,2026-06-23 20:32:34,102,2,0,0,False,False,"https://guba.eastmoney.com/news,002055,1730988603.html",2026-07-06 17:08:35
eastmoney_guba,002055,1730992102,“贵司控股股东顺益亚太原定 4 月 20 日司法股权拍卖被法院中止，截至目前已超,,ST得润股友,6448044951716208,2026-06-23 20:45:33,695,1,0,0,False,False,"https://guba.eastmoney.com/news,002055,1730992102.html",2026-07-06 17:08:35
eastmoney_guba,002055,1730992088,董秘你好，对港荣集团投资回购相关金额是否已在往年计提，若无且美达已经资不抵债，该,,ST得润股友,6448044951716208,2026-06-23 20:45:33,690,4,0,0,False,False,"https://guba.eastmoney.com/news,002055,1730992088.html",2026-07-06 17:08:35
eastmoney_guba,002055,1730992066,董秘您好，请问有没有与华为韬接触，开始商务合作沟通？谢谢,,ST得润股友,6448044951716208,2026-06-23 20:45:33,222,2,0,0,False,False,"https://guba.eastmoney.com/news,002055,1730992066.html",2026-07-06 17:08:35
eastmoney_guba,002055,1730992085,请问截止目前，股东人数是多少？,,ST得润股友,6448044951716208,2026-06-23 20:45:33,146,0,0,0,False,False,"https://guba.eastmoney.com/news,002055,1730992085.html",2026-07-06 17:08:35
eastmoney_guba,002055,1730992079,尊敬的董秘：请问截止到5月30号股东人数多少？,,ST得润股友,6448044951716208,2026-06-23 20:45:33,78,0,0,0,False,False,"https://guba.eastmoney.com/news,002055,1730992079.html",2026-07-06 17:08:35
eastmoney_guba,002055,1730992078,国际大厂基本都是 Intel + AMD 两边认证、两边都做；只有得润现在是 “,,ST得润股友,6448044951716208,2026-06-23 20:45:33,205,0,0,0,False,False,"https://guba.eastmoney.com/news,002055,1730992078.html",2026-07-06 17:08:35
eastmoney_guba,002055,1731002734,今天为什么被营销号刷屏了,,今天你最酷,7312395527002408,2026-06-23 21:28:35,55,0,0,0,False,False,"https://guba.eastmoney.com/news,002055,1731002734.html",2026-07-06 17:08:35
eastmoney_guba,002055,1731047914,董秘你好的订单那么多，ST什么时候解除,,长线狙击手,8306087736314304,2026-06-24 03:39:14,114,1,0,0,False,False,"https://guba.eastmoney.com/news,002055,1731047914.html",2026-07-06 17:08:35
eastmoney_guba,002055,1731080250,立方风控鸟·早报（6月24日）,,和众互联资讯,2576144720015354,2026-06-24 08:30:50,1539,0,0,0,False,False,"https://guba.eastmoney.com/news,002055,1731080250.html",2026-07-06 17:08:35
eastmoney_guba,002055,1731088800,今天开始又是三个跌停板,,股友3966M3y561,4717087682060226,2026-06-24 09:01:56,99,2,0,0,False,False,"https://guba.eastmoney.com/news,002055,1731088800.html",2026-07-06 17:08:35
eastmoney_guba,002055,1731114367,又要跌停即将赶紧调仓300232,,后贝加尔斯克,7154013321195756,2026-06-24 09:27:46,57,3,0,0,False,False,"https://guba.eastmoney.com/news,002055,1731114367.html",2026-07-06 17:08:35
eastmoney_guba,002055,1731150105,冲高回落，搞快点,,傲寒的秦岚,5793047755670376,2026-06-24 09:38:45,40,1,0,0,False,False,"https://guba.eastmoney.com/news,002055,1731150105.html",2026-07-06 17:08:35
eastmoney_guba,002055,1731181748,看能不能撑住,,st大平头,3943305709821276,2026-06-24 09:47:23,306,2,0,0,True,False,"https://guba.eastmoney.com/news,002055,1731181748.html",2026-07-06 17:08:35
eastmoney_guba,002055,1731264033,我说今天涨停，会不会太贪心,,唔知改咩嗨名好,6010004900804760,2026-06-24 10:14:38,41,1,0,0,False,False,"https://guba.eastmoney.com/news,002055,1731264033.html",2026-07-06 17:08:35
eastmoney_guba,002055,1731372572,"md,继续砸呀，快，不砸是cs！！！砸到6以下",,股友2CL1625298,6613037356124308,2026-06-24 10:56:11,36,0,0,0,False,False,"https://guba.eastmoney.com/news,002055,1731372572.html",2026-07-06 17:08:35
eastmoney_guba,002055,1731372775,又奔四元去了吧,,股友23qL7R,7639355961628220,2026-06-24 10:56:17,30,0,0,0,False,False,"https://guba.eastmoney.com/news,002055,1731372775.html",2026-07-06 17:08:35
eastmoney_guba,002055,1731378319,跌停板啦,,后贝加尔斯克,7154013321195756,2026-06-24 10:58:44,37,3,0,0,False,False,"https://guba.eastmoney.com/news,002055,1731378319.html",2026-07-06 17:08:35
eastmoney_guba,002055,1731381080,不要看了，今天的结果是跌停,,我是风向标,7292015289809824,2026-06-24 11:00:00,64,3,0,0,False,False,"https://guba.eastmoney.com/news,002055,1731381080.html",2026-07-06 17:08:35
eastmoney_guba,002055,1731383015,$ST得润(SZ002055)$,,掘金高歌,5238386190584350,2026-06-24 11:00:55,219,6,0,0,True,False,"https://guba.eastmoney.com/news,002055,1731383015.html",2026-07-06 17:08:35
eastmoney_guba,002055,1731391498,大事不好，敌军主力想逃跑，,,快暖暖,3648094473248958,2026-06-24 11:05:13,31,0,0,0,False,False,"https://guba.eastmoney.com/news,002055,1731391498.html",2026-07-06 17:08:35
eastmoney_guba,002055,1731396674,学学东尼吧，技术没你强，市值大一倍,,ST2118,5505024573903520,2026-06-24 11:07:48,77,2,0,0,False,False,"https://guba.eastmoney.com/news,002055,1731396674.html",2026-07-06 17:08:35
eastmoney_guba,002055,1731399998,$ST得润(SZ002055)$,,掘金高歌,5238386190584350,2026-06-24 11:09:38,340,5,0,0,True,False,"https://guba.eastmoney.com/news,002055,1731399998.html",2026-07-06 17:08:35
eastmoney_guba,002055,1731432031,实控人的占股太少了，债务没有办法解决,,xxjid88,4474085011653056,2026-06-24 11:28:07,216,5,0,0,False,False,"https://guba.eastmoney.com/news,002055,1731432031.html",2026-07-06 17:08:35
eastmoney_guba,002055,1731442141,新规之前估计都没啥行情了，坐等新规落地涨得顺顺利利,,埋伏ST,9272356136962600,2026-06-24 11:38:41,42,0,0,0,False,False,"https://guba.eastmoney.com/news,002055,1731442141.html",2026-07-06 17:08:35
eastmoney_guba,002055,1731469105,下午涨停，珍惜手中筹码,,九阳神功刘哥,9539496835472418,2026-06-24 12:43:47,61,2,0,0,False,False,"https://guba.eastmoney.com/news,002055,1731469105.html",2026-07-06 17:08:35
eastmoney_guba,002055,1731502770,虽然已经下车了，不过心情不好我就会过来骂两句,,我在情绪之外,9194047483250996,2026-06-24 13:14:45,45,0,0,0,False,False,"https://guba.eastmoney.com/news,002055,1731502770.html",2026-07-06 17:08:35
eastmoney_guba,002055,1731503236,好想买啊真的一滴也挤不出来了,,股神童偲琪,3821326312495582,2026-06-24 13:15:02,63,2,0,0,False,False,"https://guba.eastmoney.com/news,002055,1731503236.html",2026-07-06 17:08:35
eastmoney_guba,002055,1731543154,别涨，你继续砸！！！不是挺能砸？拉红干嘛，你个缺d货,,股友2CL1625298,6613037356124308,2026-06-24 13:36:50,44,0,0,0,False,False,"https://guba.eastmoney.com/news,002055,1731543154.html",2026-07-06 17:08:35
eastmoney_guba,002055,1731550424,装今天不砸到6.06以下，你就是没种的货,,股友2CL1625298,6613037356124308,2026-06-24 13:40:30,132,4,0,0,False,False,"https://guba.eastmoney.com/news,002055,1731550424.html",2026-07-06 17:08:35
eastmoney_guba,002055,1731574976,等下月st涨跌幅改为10%，只要st股不触发退市，基本面在改善的话，其实短时间能,,o痕迹o,4802306288363612,2026-06-24 13:54:03,140,0,0,0,False,False,"https://guba.eastmoney.com/news,002055,1731574976.html",2026-07-06 17:08:35
eastmoney_guba,002055,1731622792,拉高让明天好跌,,傲寒的秦岚,5793047755670376,2026-06-24 14:22:26,38,0,0,0,False,False,"https://guba.eastmoney.com/news,002055,1731622792.html",2026-07-06 17:08:35
eastmoney_guba,002055,1731646507,今天下午私募和外资扫货，没理由看空。,,掘金高歌,5238386190584350,2026-06-24 14:35:50,440,15,0,0,False,False,"https://guba.eastmoney.com/news,002055,1731646507.html",2026-07-06 17:08:31
eastmoney_guba,002055,1731661628,$ST得润(SZ002055)$,,鲲鹏展翼,1713396517650346,2026-06-24 14:44:09,472,1,0,0,True,False,"https://guba.eastmoney.com/news,002055,1731661628.html",2026-07-06 17:08:35
eastmoney_guba,002055,1731724090,正宗的存储cpu概念,,米虫9999,6313112270443154,2026-06-24 15:42:27,736,2,0,0,True,False,"https://guba.eastmoney.com/news,002055,1731724090.html",2026-07-06 17:08:35
eastmoney_guba,002055,1731732126,今天无量反弹又套住一批抢反弹的散户，明天低开低走跌停板,,股友3966M3y561,4717087682060226,2026-06-24 15:58:55,251,7,0,0,False,False,"https://guba.eastmoney.com/news,002055,1731732126.html",2026-07-06 17:08:35
eastmoney_guba,002055,1731802567,明天补跌,,在等花开,8401326115653406,2026-06-24 19:40:33,123,5,0,0,False,False,"https://guba.eastmoney.com/news,002055,1731802567.html",2026-07-06 17:08:35
eastmoney_guba,002055,1731810561,好股，哥明天进,,嗨T哥,7487446659836790,2026-06-24 20:08:34,275,3,0,0,False,False,"https://guba.eastmoney.com/news,002055,1731810561.html",2026-07-06 17:08:35
eastmoney_guba,002055,1731855677,能进了吗？,,M鹿M3,4487166080414260,2026-06-24 22:31:17,278,0,0,0,True,False,"https://guba.eastmoney.com/news,002055,1731855677.html",2026-07-06 17:08:35
eastmoney_guba,002055,1731860031,今天是因为啥拉起来的,,股友pesMpc0627,2232385537831922,2026-06-24 22:47:41,79,1,0,0,False,False,"https://guba.eastmoney.com/news,002055,1731860031.html",2026-07-06 17:08:35
eastmoney_guba,002055,1731911297,st板块罕见大暴跌，所有ST都已经创历史新低，看你还能撑多久,,股友3966M3y561,4717087682060226,2026-06-25 07:53:35,201,4,0,0,False,False,"https://guba.eastmoney.com/news,002055,1731911297.html",2026-07-06 17:08:35
eastmoney_guba,002055,1731923363,$ST得润(SZ002055)$,,堆金如意de祖千秋,4773115361946276,2026-06-25 08:42:11,457,2,0,0,True,False,"https://guba.eastmoney.com/news,002055,1731923363.html",2026-07-06 17:08:35
eastmoney_guba,002055,1732011679,$ST得润(SZ002055)$,,专业薅龙大羊毛,3804047346586666,2026-06-25 09:42:11,164,0,0,0,True,False,"https://guba.eastmoney.com/news,002055,1732011679.html",2026-07-06 17:08:35
eastmoney_guba,002055,1732013005,早上清仓了,,专业薅龙大羊毛,3804047346586666,2026-06-25 09:42:32,39,1,0,0,False,False,"https://guba.eastmoney.com/news,002055,1732013005.html",2026-07-06 17:08:35
eastmoney_guba,002055,1732017607,坚持住，我们能赢，等我下个月工资,,大漠刀客3,9233094165408684,2026-06-25 09:43:46,40,0,0,0,False,False,"https://guba.eastmoney.com/news,002055,1732017607.html",2026-07-06 17:08:35
eastmoney_guba,002055,1732032758,拉机又要回6元以下,,专注上涨趋势,1748095089831338,2026-06-25 09:47:51,92,3,0,0,False,False,"https://guba.eastmoney.com/news,002055,1732032758.html",2026-07-06 17:08:33
eastmoney_guba,002055,1732046580,很少见到这种一点碧脸不要的票,,我在情绪之外,9194047483250996,2026-06-25 09:51:35,28,0,0,0,False,False,"https://guba.eastmoney.com/news,002055,1732046580.html",2026-07-06 17:08:35
eastmoney_guba,002055,1732050788,真垃圾，,,吉祥满斗得周芷若,3470385785802442,2026-06-25 09:52:41,20,0,0,0,False,False,"https://guba.eastmoney.com/news,002055,1732050788.html",2026-07-06 17:08:35
eastmoney_guba,002055,1732053027,抢筹码300232,,后贝加尔斯克,7154013321195756,2026-06-25 09:53:16,28,0,0,0,False,False,"https://guba.eastmoney.com/news,002055,1732053027.html",2026-07-06 17:08:35
eastmoney_guba,002055,1732056931,都是算好的昨天最低6.06今天砸跌停，昨天骗进来的人一个也别想走,,我在情绪之外,9194047483250996,2026-06-25 09:54:20,40,0,0,0,False,False,"https://guba.eastmoney.com/news,002055,1732056931.html",2026-07-06 17:08:35
eastmoney_guba,002055,1732063535,这垃圾又怎么了？这么个跌？,,股友23qL7R,7639355961628220,2026-06-25 09:56:05,41,1,0,0,False,False,"https://guba.eastmoney.com/news,002055,1732063535.html",2026-07-06 17:08:33
eastmoney_guba,002055,1732064534,完了，愿赌服输，走了,,股友S6gY4Y,8313365527437642,2026-06-25 09:56:20,29,0,0,0,False,False,"https://guba.eastmoney.com/news,002055,1732064534.html",2026-07-06 17:08:35
eastmoney_guba,002055,1732070128,套这么久啊猪力,,股友8719n8381d,3946047745056792,2026-06-25 09:57:52,24,0,0,0,False,False,"https://guba.eastmoney.com/news,002055,1732070128.html",2026-07-06 17:08:35
eastmoney_guba,002055,1732082402,真的是搞笑，昨天逆境拉升，看上去好像很强的样子，今天转手一个跌停送给你们。,,你好ST璀璨星光,9813057092682146,2026-06-25 10:01:21,78,2,0,0,False,False,"https://guba.eastmoney.com/news,002055,1732082402.html",2026-07-06 17:08:33
eastmoney_guba,002055,1732111525,怎么跟东尼差距这么大,,涨停板入手,7578325512536212,2026-06-25 10:09:30,54,2,0,0,False,False,"https://guba.eastmoney.com/news,002055,1732111525.html",2026-07-06 17:08:33
eastmoney_guba,002055,1732111705,5块都贵，6块铁停很正常，别大惊小怪,,玺乐99999999,5179057102159172,2026-06-25 10:09:34,40,0,0,0,False,False,"https://guba.eastmoney.com/news,002055,1732111705.html",2026-07-06 17:08:35
eastmoney_guba,002055,1732123734,太难了,,基民30M8k6,6247305787051588,2026-06-25 10:12:54,36,0,0,0,False,False,"https://guba.eastmoney.com/news,002055,1732123734.html",2026-07-06 17:08:33
eastmoney_guba,002055,1732125839,本来挂跌停板买的，操作失误直接多挂4分，太惨了,,运气大于实力选手,2075145276554428,2026-06-25 10:13:31,260,4,0,0,True,False,"https://guba.eastmoney.com/news,002055,1732125839.html",2026-07-06 17:08:33
eastmoney_guba,002055,1732135829,只要沾上st两个字就跟犯了天条没区别无差别乱杀,,我在情绪之外,9194047483250996,2026-06-25 10:16:32,46,1,0,0,False,False,"https://guba.eastmoney.com/news,002055,1732135829.html",2026-07-06 17:08:33
eastmoney_guba,002055,1732140995,从东尼卖了，到这里吃面气死我了,,会卖才是师傅66,7876034895419400,2026-06-25 10:18:08,83,4,0,0,False,False,"https://guba.eastmoney.com/news,002055,1732140995.html",2026-07-06 17:08:33
eastmoney_guba,002055,1732147402,半导体的掌上明珠,,ST2118,5505024573903520,2026-06-25 10:20:11,31,0,0,0,False,False,"https://guba.eastmoney.com/news,002055,1732147402.html",2026-07-06 17:08:33
eastmoney_guba,002055,1732149806,刚买就跌停，我的,,人间尘土,6599306146630362,2026-06-25 10:20:55,35,0,0,0,False,False,"https://guba.eastmoney.com/news,002055,1732149806.html",2026-07-06 17:08:33
eastmoney_guba,002055,1732153754,服了直接按跌停,,得润两位数,3290024582242248,2026-06-25 10:22:06,49,1,0,0,False,False,"https://guba.eastmoney.com/news,002055,1732153754.html",2026-07-06 17:08:33
eastmoney_guba,002055,1732169398,人心都一样，涨的时候追高包括自己也一样，跌时恐惧。st股建议轻仓没压力。铁律：筹,,见好就收5859,3960047762213936,2026-06-25 10:27:14,46,0,0,0,False,False,"https://guba.eastmoney.com/news,002055,1732169398.html",2026-07-06 17:08:33
eastmoney_guba,002055,1732203103,过于垃圾了，天天跌停,,股友7bGrRB,7556375694655340,2026-06-25 10:39:35,28,0,0,0,False,False,"https://guba.eastmoney.com/news,002055,1732203103.html",2026-07-06 17:08:33
eastmoney_guba,002055,1732215107,还有其他利空吗？,,自在的章杰,8476147694935614,2026-06-25 10:43:57,56,1,0,0,False,False,"https://guba.eastmoney.com/news,002055,1732215107.html",2026-07-06 17:08:33
eastmoney_guba,002055,1732218995,抢筹码300232,,后贝加尔斯克,7154013321195756,2026-06-25 10:45:38,36,0,0,0,False,False,"https://guba.eastmoney.com/news,002055,1732218995.html",2026-07-06 17:08:33
eastmoney_guba,002055,1732233045,这是要退市吗？,,烂股收割机,4309365835407682,2026-06-25 10:51:43,38,1,0,0,False,False,"https://guba.eastmoney.com/news,002055,1732233045.html",2026-07-06 17:08:33
eastmoney_guba,002055,1732281143,还有三个交易日才到七月份，估计至少还要跌三天，到时候错杀的st一定会起飞，是牛是,,埋伏ST,9272356136962600,2026-06-25 11:14:23,88,1,0,0,False,False,"https://guba.eastmoney.com/news,002055,1732281143.html",2026-07-06 17:08:33
eastmoney_guba,002055,1732281708,$ST得润(SZ002055)$,,专业薅龙大羊毛,3804047346586666,2026-06-25 11:14:38,202,2,0,0,True,False,"https://guba.eastmoney.com/news,002055,1732281708.html",2026-07-06 17:08:33
eastmoney_guba,002055,1732282995,今天一早就卖了，我是不是来个底仓,,专业薅龙大羊毛,3804047346586666,2026-06-25 11:15:15,42,1,0,0,False,False,"https://guba.eastmoney.com/news,002055,1732282995.html",2026-07-06 17:08:33
eastmoney_guba,002055,1732315991,横起来有多长，竖起来就有多高,,好风长吟,4179386109771602,2026-06-25 11:33:50,32,0,0,0,False,False,"https://guba.eastmoney.com/news,002055,1732315991.html",2026-07-06 17:08:33
eastmoney_guba,002055,1732320923,上涨贪婪，下跌恐惧。庄家利用人性的弱点，把股市收割得明明白白。今天早上两笔100,,掘金高歌,5238386190584350,2026-06-25 11:38:52,154,2,0,0,False,False,"https://guba.eastmoney.com/news,002055,1732320923.html",2026-07-06 17:08:33
eastmoney_guba,002055,1732325090,也不知道这砸中朱到底有多少货？？？每天不断吸又不断砸跌停？？？,,股友2CL1625298,6613037356124308,2026-06-25 11:44:25,61,0,0,0,False,False,"https://guba.eastmoney.com/news,002055,1732325090.html",2026-07-06 17:08:33
eastmoney_guba,002055,1732326150,请问公司与英特尔有无业务来往？,,ST得润股友,6448044951716208,2026-06-25 11:45:33,164,1,0,0,False,False,"https://guba.eastmoney.com/news,002055,1732326150.html",2026-07-06 17:08:33
eastmoney_guba,002055,1732326160,请问董秘，今年上半年是否有机构到贵公司调研或者电话视频等方式调研？,,ST得润股友,6448044951716208,2026-06-25 11:45:33,215,0,1,0,False,False,"https://guba.eastmoney.com/news,002055,1732326160.html",2026-07-06 17:08:33
eastmoney_guba,002055,1732326156,董秘你好，请问一下贵公司在aipc领域有没有什么业务探索，希望能够解答一下。,,ST得润股友,6448044951716208,2026-06-25 11:45:33,196,0,0,0,False,False,"https://guba.eastmoney.com/news,002055,1732326156.html",2026-07-06 17:08:33
eastmoney_guba,002055,1732326153,请问联想是否为公司客户？有无使用公司产品？,,ST得润股友,6448044951716208,2026-06-25 11:45:33,143,0,0,0,False,False,"https://guba.eastmoney.com/news,002055,1732326153.html",2026-07-06 17:08:33
eastmoney_guba,002055,1732326151,请问公司与联想有无业务往来？,,ST得润股友,6448044951716208,2026-06-25 11:45:33,60,0,0,0,False,False,"https://guba.eastmoney.com/news,002055,1732326151.html",2026-07-06 17:08:33
eastmoney_guba,002055,1732326137,结合公司现有产品，请问高速连接器能否适配华为相关算力硬件？目前是否有对接测试？,,ST得润股友,6448044951716208,2026-06-25 11:45:33,79,0,0,0,False,False,"https://guba.eastmoney.com/news,002055,1732326137.html",2026-07-06 17:08:33
eastmoney_guba,002055,1732326132,董秘您好：公司5月27日公告称“未与华为开展业务合作”，请问：在高速连接器、CP,,ST得润股友,6448044951716208,2026-06-25 11:45:33,75,0,0,0,False,False,"https://guba.eastmoney.com/news,002055,1732326132.html",2026-07-06 17:08:33
eastmoney_guba,002055,1732326130,贵公司针对英特尔的LGA 1851和 LGA7529  的产品，是否已经完成小批,,ST得润股友,6448044951716208,2026-06-25 11:45:33,70,0,0,0,False,False,"https://guba.eastmoney.com/news,002055,1732326130.html",2026-07-06 17:08:33
eastmoney_guba,002055,1732326127,贵公司的产品针对英特尔的LGA 1851和 LGA7529  是否有进行直接或者,,ST得润股友,6448044951716208,2026-06-25 11:45:33,56,0,0,0,False,False,"https://guba.eastmoney.com/news,002055,1732326127.html",2026-07-06 17:08:33
eastmoney_guba,002055,1732326118,请问，目前光纤替代铜缆预计将成为未来主流趋势，公司在光纤方面是否有技术储备？是否,,ST得润股友,6448044951716208,2026-06-25 11:45:33,68,0,0,0,False,False,"https://guba.eastmoney.com/news,002055,1732326118.html",2026-07-06 17:08:33
eastmoney_guba,002055,1711227976,英特尔因AI抢占成熟制程产能，敦促PC厂商增加18A制程CPU采用比例，限制In,,垂钓梵河,1790094480175166,2026-06-25 11:45:33,177,0,0,0,False,False,"https://guba.eastmoney.com/news,002055,1711227976.html",2026-07-06 17:08:33
eastmoney_guba,002055,1732352184,下跌到位！开始抄庄家底！,,新新人类,1170013722881004,2026-06-25 12:45:50,48,1,0,0,False,False,"https://guba.eastmoney.com/news,002055,1732352184.html",2026-07-06 17:08:33
eastmoney_guba,002055,1732377755,举报里面的脏东西高买低卖故意压跌停价，几千手吃完又压几千手,,银河纳百川,4516165648349016,2026-06-25 13:09:15,42,0,0,0,False,False,"https://guba.eastmoney.com/news,002055,1732377755.html",2026-07-06 17:08:33
eastmoney_guba,002055,1732384145,每次跌停都是莫名其妙的跌停,,知足常乐对吧,9052386172588498,2026-06-25 13:12:58,48,1,0,0,False,False,"https://guba.eastmoney.com/news,002055,1732384145.html",2026-07-06 17:08:33
eastmoney_guba,002055,1732392047,这股没的玩了，就是一个虫，看看东尼飞上天了。,,他踩着祥云过来了,3648137127725092,2026-06-25 13:17:20,56,1,0,0,False,False,"https://guba.eastmoney.com/news,002055,1732392047.html",2026-07-06 17:08:33
eastmoney_guba,002055,1732412335,地天出来,,唔知改咩嗨名好,6010004900804760,2026-06-25 13:28:27,43,1,0,0,False,False,"https://guba.eastmoney.com/news,002055,1732412335.html",2026-07-06 17:08:33
eastmoney_guba,002055,1732423212,坐好了，半小时后我要开始拉起来了,,俊朗的邴瑫,3350336506093186,2026-06-25 13:34:09,57,2,0,0,False,False,"https://guba.eastmoney.com/news,002055,1732423212.html",2026-07-06 17:08:33
eastmoney_guba,002055,1732437744,感觉故意挑逗，让你觉得第二天会有惊喜，在跌停板慢慢出货，大家一定要忍住。,,简简单单不好吗,8271305961610802,2026-06-25 13:41:23,70,1,0,0,False,False,"https://guba.eastmoney.com/news,002055,1732437744.html",2026-07-06 17:08:33
eastmoney_guba,002055,1732458792,这股很难起来了，无论几个跌停，吧里还是一致看多，在五千多只股里面实属奇葩,,不惑见惑不惑也,6874456736141174,2026-06-25 13:52:18,199,5,0,0,False,False,"https://guba.eastmoney.com/news,002055,1732458792.html",2026-07-06 17:08:33
eastmoney_guba,002055,1732466900,僵局,,傲寒的秦岚,5793047755670376,2026-06-25 13:56:26,36,0,0,0,False,False,"https://guba.eastmoney.com/news,002055,1732466900.html",2026-07-06 17:08:33
eastmoney_guba,002055,1732490807,涨停的时候是烂板，跌停的时候也是烂板，没有主力，几个大户实力也不强哦，很难真正起,,诚实的易晗12,7896007249329266,2026-06-25 14:08:53,107,3,0,0,False,False,"https://guba.eastmoney.com/news,002055,1732490807.html",2026-07-06 17:08:33
eastmoney_guba,002055,1732525158,这董秘真好当直接复制粘贴就好了,,股友26u01X0809,2058057670007872,2026-06-25 14:27:22,54,0,0,0,False,False,"https://guba.eastmoney.com/news,002055,1732525158.html",2026-07-06 17:08:33
eastmoney_guba,002055,1732543339,我去，被关里面了,,玺乐99999999,5179057102159172,2026-06-25 14:37:16,76,2,0,0,False,False,"https://guba.eastmoney.com/news,002055,1732543339.html",2026-07-06 17:08:33
eastmoney_guba,002055,1732576551,st板块实际上是流动性危机，7.6马上来了，都一样10%涨跌幅谁还玩st，跑的快,,不惑见惑不惑也,6874456736141174,2026-06-25 14:54:17,483,16,0,0,False,False,"https://guba.eastmoney.com/news,002055,1732576551.html",2026-07-06 17:08:33
eastmoney_guba,002055,1732647818,就因为他是St，起码中报业绩披露完再看，这段时间不会有行情！St少去赌，成功概率,,金牛望天,6282346115523280,2026-06-25 16:39:07,54,1,0,0,False,False,"https://guba.eastmoney.com/news,002055,1732647818.html",2026-07-06 17:08:33
eastmoney_guba,002055,1732649085,看样子7月6号新规对st来说是重大利空，今天90%都在下跌，35%跌停，几乎全军覆没。不是不能玩ST了，而是近期玩的话就要慎重。,,直到遇见你,5038395572077414,2026-06-25 16:42:20,2114,18,0,0,False,False,"https://guba.eastmoney.com/news,002055,1732649085.html",2026-07-06 17:08:33
eastmoney_guba,002055,1732652348,会不会有人知道中报业绩不急预期，资金提前跑了？,,股友31Q2555k21,7963336132264920,2026-06-25 16:51:08,203,4,0,0,False,False,"https://guba.eastmoney.com/news,002055,1732652348.html",2026-07-06 17:08:33
eastmoney_guba,002055,1732688325,实控人股份太少，又不可能减持，所以股价涨跌对他一点关系都没有,,加仓嘉措仓又嘉措,7957007302973034,2026-06-25 18:40:49,41,0,0,0,False,False,"https://guba.eastmoney.com/news,002055,1732688325.html",2026-07-06 17:08:33
eastmoney_guba,002055,1732703577,ST得润:关于增加2026年度日常关联交易预计的公告,,ST得润资讯,9481113638045702,2026-06-25 19:35:05,381,12,4,0,False,False,"https://guba.eastmoney.com/news,002055,1732703577.html",2026-07-06 17:08:31
eastmoney_guba,002055,1732703602,ST得润:第八届董事会第二十三次会议决议公告,,ST得润资讯,9481113638045702,2026-06-25 19:35:09,245,3,1,0,False,False,"https://guba.eastmoney.com/news,002055,1732703602.html",2026-07-06 17:08:31
eastmoney_guba,002055,1732703597,ST得润:关于提供资产抵押担保的公告,,ST得润资讯,9481113638045702,2026-06-25 19:35:09,643,28,15,0,False,False,"https://guba.eastmoney.com/news,002055,1732703597.html",2026-07-06 17:08:31
eastmoney_guba,002055,1732706588,抵押不动产来解决债务，看来公司更倾向于自己搞定债务，借新还旧，感觉是公司对未来业,,o痕迹o,4802306288363612,2026-06-25 19:45:37,305,3,1,0,False,False,"https://guba.eastmoney.com/news,002055,1732706588.html",2026-07-06 17:08:33
eastmoney_guba,002055,1732708332,看不懂,,我在情绪之外,9194047483250996,2026-06-25 19:51:26,37,0,0,0,False,False,"https://guba.eastmoney.com/news,002055,1732708332.html",2026-07-06 17:08:33
eastmoney_guba,002055,1732709055,你们说这玩意是利好，可是今天是跌停,,我在情绪之外,9194047483250996,2026-06-25 19:53:52,80,1,0,0,False,False,"https://guba.eastmoney.com/news,002055,1732709055.html",2026-07-06 17:08:33
eastmoney_guba,002055,1732710433,这下能够止跌企稳了吧,,多米的天空,8268004870663662,2026-06-25 19:58:28,236,5,0,0,False,False,"https://guba.eastmoney.com/news,002055,1732710433.html",2026-07-06 17:08:33
eastmoney_guba,002055,1732713962,如果抵押房产，每年按照8%的利息要给港荣，相当于要少5000万的利润，这算利好吗,,人生巅峰进行曲,6778013800753264,2026-06-25 20:10:03,329,7,0,0,False,False,"https://guba.eastmoney.com/news,002055,1732713962.html",2026-07-06 17:08:33
eastmoney_guba,002055,1732719219,至少有个态度了,,高风亮节的L,1476306083680006,2026-06-25 20:27:14,309,6,0,0,False,False,"https://guba.eastmoney.com/news,002055,1732719219.html",2026-07-06 17:08:33
eastmoney_guba,002055,1732729248,真够拉的,,股友26u01X0809,2058057670007872,2026-06-25 20:58:05,165,10,0,0,False,False,"https://guba.eastmoney.com/news,002055,1732729248.html",2026-07-06 17:08:33
eastmoney_guba,002055,1732730963,重整有什么好的股份得稀释一半,,股友26u01X0809,2058057670007872,2026-06-25 21:03:41,145,4,0,0,False,False,"https://guba.eastmoney.com/news,002055,1732730963.html",2026-07-06 17:08:33
eastmoney_guba,002055,1732737515,就看7月6号后能利好不断了,,堆金如意de祖千秋,4773115361946276,2026-06-25 21:24:40,54,0,0,0,False,False,"https://guba.eastmoney.com/news,002055,1732737515.html",2026-07-06 17:08:33
eastmoney_guba,002055,1732738494,怎么有好多人说今天公告是利空,,股友pesMpc0627,2232385537831922,2026-06-25 21:27:38,44,0,0,0,False,False,"https://guba.eastmoney.com/news,002055,1732738494.html",2026-07-06 17:08:33
eastmoney_guba,002055,1732739097,早就是说债务在解决，现在问题解决了，该前行了。,,轻盈跳跃的八哥,5366315762063082,2026-06-25 21:29:33,83,2,0,0,False,False,"https://guba.eastmoney.com/news,002055,1732739097.html",2026-07-06 17:08:33
eastmoney_guba,002055,1732740062,质疑我的说法是吧，那我再跟你们说一个论据，顺益入主柏拉蒂之后，占比45.6%是第,,不惑见惑不惑也,6874456736141174,2026-06-25 21:32:18,1572,53,5,0,False,False,"https://guba.eastmoney.com/news,002055,1732740062.html",2026-07-06 17:08:31
eastmoney_guba,002055,1732748591,一个办公大楼办理抵押就是转移优质资产了？这个是生产企业、不是物业公司、最好把大厦,,合纵资本,7304094472044104,2026-06-25 21:51:57,349,13,0,0,False,False,"https://guba.eastmoney.com/news,002055,1732748591.html",2026-07-06 17:08:33
eastmoney_guba,002055,1732749734,终局很明朗了！港荣的债务在不影响公司流动性和正常的经营下基本解决了。邱家配合畲顺,,生涯小僧,2798355781496320,2026-06-25 21:54:46,341,2,0,0,False,False,"https://guba.eastmoney.com/news,002055,1732749734.html",2026-07-06 17:08:33
eastmoney_guba,002055,1732753926,看到很多人说抵押房产还债，每年要给8%的利息5000万，我怎么在公告上没找到，有,,陈天展,8179094921600070,2026-06-25 22:04:22,355,6,0,0,False,False,"https://guba.eastmoney.com/news,002055,1732753926.html",2026-07-06 17:08:33
eastmoney_guba,002055,1732759755,得润核心资产是鹤山得润，做高端产品都在这里，柏拉蒂只是一个做车载线束的普通业务。,,轻盈跳跃的八哥,5366315762063082,2026-06-25 22:19:43,377,4,0,0,False,False,"https://guba.eastmoney.com/news,002055,1732759755.html",2026-07-06 17:08:31
eastmoney_guba,002055,1732764460,我觉得是利好，债务解决又进了一步，下一步就是签债务和解协议或者债转股协议啦,,cooloog,7973094481198418,2026-06-25 22:35:00,211,2,0,0,False,False,"https://guba.eastmoney.com/news,002055,1732764460.html",2026-07-06 17:08:33
eastmoney_guba,002055,1732768156,得润的老板㡴该,,股友210228EI90,5347007523858986,2026-06-25 22:47:54,55,0,0,0,False,False,"https://guba.eastmoney.com/news,002055,1732768156.html",2026-07-06 17:08:33
eastmoney_guba,002055,1732773929,卖了就说空，买了就说多，争论没用，明天市场会给出答案,,股友6831Z97A95,4050325822966034,2026-06-25 23:11:58,59,1,0,0,False,False,"https://guba.eastmoney.com/news,002055,1732773929.html",2026-07-06 17:08:33
eastmoney_guba,002055,1732779208,别想着明天了，今天已经给出反应了,,股友821Ph80989,2868416613040716,2026-06-25 23:40:30,50,0,0,0,False,False,"https://guba.eastmoney.com/news,002055,1732779208.html",2026-07-06 17:08:33
eastmoney_guba,002055,1732819732,这公司完了，连最后的裤衩子都抵押出去了。等今年亏损财报出来，退市板上钉钉,,股友Av6jkZ,9083094037839442,2026-06-26 07:58:00,161,2,0,0,False,False,"https://guba.eastmoney.com/news,002055,1732819732.html",2026-07-06 17:08:31
eastmoney_guba,002055,1732824347,今天开盘不会创前低5.79元，下午可能跌停5.76元,,股友3966M3y561,4717087682060226,2026-06-26 08:18:12,101,3,0,0,False,False,"https://guba.eastmoney.com/news,002055,1732824347.html",2026-07-06 17:08:33
eastmoney_guba,002055,1732825411,滚动利空 ST得润 关于提供资产抵押担保的公告,,joyDNA,8319037064260262,2026-06-26 08:22:22,633,2,1,0,False,False,"https://guba.eastmoney.com/news,002055,1732825411.html",2026-07-06 17:08:31
eastmoney_guba,002055,1732831169,要债务重组了,,st大平头,3943305709821276,2026-06-26 08:45:14,575,1,1,0,True,False,"https://guba.eastmoney.com/news,002055,1732831169.html",2026-07-06 17:08:33
eastmoney_guba,002055,1732893241,W底,,股友23t2768y71,9886027404523290,2026-06-26 09:34:56,31,0,0,0,False,False,"https://guba.eastmoney.com/news,002055,1732893241.html",2026-07-06 17:08:33
eastmoney_guba,002055,1732896137,如果我是庄我也会利用板块下跌砸盘，带血的筹码才是香馍馍,,埋伏ST,9272356136962600,2026-06-26 09:35:40,44,0,0,0,False,False,"https://guba.eastmoney.com/news,002055,1732896137.html",2026-07-06 17:08:33
eastmoney_guba,002055,1732912214,看主力坑能砸什么价位，5.5左右。不知道主力现在的成本降了多少？,,傲寒的秦岚,5793047755670376,2026-06-26 09:39:32,31,0,0,0,False,False,"https://guba.eastmoney.com/news,002055,1732912214.html",2026-07-06 17:08:33
eastmoney_guba,002055,1732915295,轻仓没压力,,傲寒的秦岚,5793047755670376,2026-06-26 09:40:15,29,1,0,0,False,False,"https://guba.eastmoney.com/news,002055,1732915295.html",2026-07-06 17:08:33
eastmoney_guba,002055,1732943994,相比债转股或者稀释股权来还债，如果能靠经营业绩来慢慢还，保住股本不稀释，其实是最,,反对增发方案1949,3089094333834454,2026-06-26 09:47:16,67,0,0,0,False,False,"https://guba.eastmoney.com/news,002055,1732943994.html",2026-07-06 17:08:33
eastmoney_guba,002055,1732949380,楚笙股,,博学多才的小鱼,1190094345248964,2026-06-26 09:48:38,28,0,0,0,False,False,"https://guba.eastmoney.com/news,002055,1732949380.html",2026-07-06 17:08:33
eastmoney_guba,002055,1732955220,勾笔东西，卖了就拉了,,梦想成真945,6933326091029750,2026-06-26 09:50:11,33,0,0,0,False,False,"https://guba.eastmoney.com/news,002055,1732955220.html",2026-07-06 17:08:31
eastmoney_guba,002055,1732966518,下来我还没吃够呢,,涨停板入手,7578325512536212,2026-06-26 09:53:04,66,3,0,0,False,False,"https://guba.eastmoney.com/news,002055,1732966518.html",2026-07-06 17:08:31
eastmoney_guba,002055,1733008657,几年没看了，这是得润电子吗？,,贪财求色,5528416677985358,2026-06-26 10:04:16,33,0,0,0,False,False,"https://guba.eastmoney.com/news,002055,1733008657.html",2026-07-06 17:08:31
eastmoney_guba,002055,1733016446,这个位置一股不卖,,股友26u01X0809,2058057670007872,2026-06-26 10:06:39,38,0,0,0,False,False,"https://guba.eastmoney.com/news,002055,1733016446.html",2026-07-06 17:08:31
eastmoney_guba,002055,1733021970,搞不懂主力在干嘛，该砸不砸，该涨不涨。股东人数不知道是增加还是减少。,,傲寒的秦岚,5793047755670376,2026-06-26 10:08:21,84,3,0,0,False,False,"https://guba.eastmoney.com/news,002055,1733021970.html",2026-07-06 17:08:31
eastmoney_guba,002055,1733041328,开始慢慢加仓,,生钱宝,8519395724600952,2026-06-26 10:14:38,28,0,0,0,False,False,"https://guba.eastmoney.com/news,002055,1733041328.html",2026-07-06 17:08:31
eastmoney_guba,002055,1733097487,买在5.85元！牛不牛！,,新新人类,1170013722881004,2026-06-26 10:35:09,124,2,0,0,False,False,"https://guba.eastmoney.com/news,002055,1733097487.html",2026-07-06 17:08:31
eastmoney_guba,002055,1733144561,今天有点起色翻红了，大盘又下跌，NN的.,,兰州雨轩,1930396480838492,2026-06-26 10:53:08,34,1,0,0,False,False,"https://guba.eastmoney.com/news,002055,1733144561.html",2026-07-06 17:08:31
eastmoney_guba,002055,1733177253,今天科技股大跌，刚刚中天科技买了点。不知道套不套人,,傲寒的秦岚,5793047755670376,2026-06-26 11:05:28,102,3,0,0,False,False,"https://guba.eastmoney.com/news,002055,1733177253.html",2026-07-06 17:08:31
eastmoney_guba,002055,1733185582,该板了，洗了那么多天,,唔知改咩嗨名好,6010004900804760,2026-06-26 11:09:26,42,1,0,0,False,False,"https://guba.eastmoney.com/news,002055,1733185582.html",2026-07-06 17:08:31
eastmoney_guba,002055,1733215599,是真垃圾，不管大盘怎么样，都跌,,股友7bGrRB,7556375694655340,2026-06-26 11:23:43,29,0,0,0,False,False,"https://guba.eastmoney.com/news,002055,1733215599.html",2026-07-06 17:08:31
eastmoney_guba,002055,1733217589,要跌就狠点，5.5等低吸,,傲寒的秦岚,5793047755670376,2026-06-26 11:24:40,29,0,0,0,False,False,"https://guba.eastmoney.com/news,002055,1733217589.html",2026-07-06 17:08:31
eastmoney_guba,002055,1733230929,坐等新规落地，到时是骡是马拉出来溜溜,,埋伏ST,9272356136962600,2026-06-26 11:32:20,48,0,0,0,False,False,"https://guba.eastmoney.com/news,002055,1733230929.html",2026-07-06 17:08:31
eastmoney_guba,002055,1733250766,昨天还说利好涨停的勾拓呢？？？出来走两步,,股友2CL1625298,6613037356124308,2026-06-26 12:00:26,40,0,0,0,False,False,"https://guba.eastmoney.com/news,002055,1733250766.html",2026-07-06 17:08:31
eastmoney_guba,002055,1733253754,债务最终还是会债转股了，还是要广大股民来承担消化这个债了,,k线背后,7688113823893366,2026-06-26 12:06:55,49,0,0,0,False,False,"https://guba.eastmoney.com/news,002055,1733253754.html",2026-07-06 17:08:31
eastmoney_guba,002055,1733260639,大盘下杀，st的情绪要来了？,,股友77p20291n8,5206366256624360,2026-06-26 12:22:54,52,1,0,0,False,False,"https://guba.eastmoney.com/news,002055,1733260639.html",2026-07-06 17:08:31
eastmoney_guba,002055,1733314141,去年拍卖的5块8毛多，应该今天解封，可以卖了,,傲寒的秦岚,5793047755670376,2026-06-26 13:21:43,146,3,0,0,False,False,"https://guba.eastmoney.com/news,002055,1733314141.html",2026-07-06 17:08:31
eastmoney_guba,002055,1733344503,大盘上他也不上，就故意,,股友7bGrRB,7556375694655340,2026-06-26 13:38:42,42,1,0,0,False,False,"https://guba.eastmoney.com/news,002055,1733344503.html",2026-07-06 17:08:31
eastmoney_guba,002055,1733350093,602谁压的？,,得润两位数,3290024582242248,2026-06-26 13:41:43,55,1,0,0,False,False,"https://guba.eastmoney.com/news,002055,1733350093.html",2026-07-06 17:08:31
eastmoney_guba,002055,1733368736,今天涨停的股，东家明显有实力,,傲寒的秦岚,5793047755670376,2026-06-26 13:52:10,93,1,0,0,False,False,"https://guba.eastmoney.com/news,002055,1733368736.html",2026-07-06 17:08:31
eastmoney_guba,002055,1733433953,为什么每次一拉就有人砸，量化吗,,股友7bGrRB,7556375694655340,2026-06-26 14:26:38,65,1,0,0,False,False,"https://guba.eastmoney.com/news,002055,1733433953.html",2026-07-06 17:08:31
eastmoney_guba,002055,1733437962,会不会有资金举牌，把邱老板与果子全部剔除去,,股友9C213265L1,7977476633081770,2026-06-26 14:28:57,197,2,0,0,False,False,"https://guba.eastmoney.com/news,002055,1733437962.html",2026-07-06 17:08:31
eastmoney_guba,002055,1733448606,这个不行还得是准油,,涨停板入手,7578325512536212,2026-06-26 14:34:44,34,0,0,0,False,False,"https://guba.eastmoney.com/news,002055,1733448606.html",2026-07-06 17:08:31
eastmoney_guba,002055,1733460351,现在不买，抵押合同一签，再来个债务和解，还进的去吗？邱家肯谈，宜宾也愿意接受抵押,,舍得润,4484346120850282,2026-06-26 14:41:24,541,3,0,0,True,False,"https://guba.eastmoney.com/news,002055,1733460351.html",2026-07-06 17:08:31
eastmoney_guba,002055,1733464653,5910手吓唬谁呢,,基民fyIIKm,3209355947371536,2026-06-26 14:44:01,39,0,0,0,False,False,"https://guba.eastmoney.com/news,002055,1733464653.html",2026-07-06 17:08:31
eastmoney_guba,002055,1733465251,科技涨的时候跟st，跌的时候跟科技，这种垃圾,,越过龙门的金龙鱼,5344094206919376,2026-06-26 14:44:23,32,0,0,0,False,False,"https://guba.eastmoney.com/news,002055,1733465251.html",2026-07-06 17:08:31
eastmoney_guba,002055,1733466612,5000多手的脏东西又出来压盘了,,银河纳百川,4516165648349016,2026-06-26 14:45:10,42,0,0,0,False,False,"https://guba.eastmoney.com/news,002055,1733466612.html",2026-07-06 17:08:31
eastmoney_guba,002055,1733468348,直接把压单吃了就牛逼了,,得润两位数,3290024582242248,2026-06-26 14:46:10,47,0,0,0,False,False,"https://guba.eastmoney.com/news,002055,1733468348.html",2026-07-06 17:08:31
eastmoney_guba,002055,1733511502,买的时候没有好好查，这公司问题真多,,知足常乐对吧,9052386172588498,2026-06-26 15:09:58,211,4,0,0,False,False,"https://guba.eastmoney.com/news,002055,1733511502.html",2026-07-06 17:08:31
eastmoney_guba,002055,1733574048,预感要来大利好，准备收金,,绝对反击2026,5532113599128316,2026-06-26 17:12:53,503,6,0,0,False,False,"https://guba.eastmoney.com/news,002055,1733574048.html",2026-07-06 17:08:31
eastmoney_guba,002055,1733641116,别胡思乱想什么地方国资减持“世运电路”股票来化解得润的债务了，减持“世运电路”的,,独立的凌翰5,4935345939513282,2026-06-26 21:13:19,542,0,0,0,True,False,"https://guba.eastmoney.com/news,002055,1733641116.html",2026-07-06 17:08:31
eastmoney_guba,002055,1733646115,AI连接器和国外的安费诺、泰科、莫氏有代差，国内的又被立讯碾压，否则机构早就拉上,,周焱森,6617057116840664,2026-06-26 21:34:13,313,2,0,0,False,False,"https://guba.eastmoney.com/news,002055,1733646115.html",2026-07-06 17:08:31
eastmoney_guba,002055,1733654607,不要急不要燥，得润电子迟早上70元的,,得润电子70元,7488037295078996,2026-06-26 22:04:53,174,3,0,0,False,False,"https://guba.eastmoney.com/news,002055,1733654607.html",2026-07-06 17:08:31
eastmoney_guba,002055,1733697273,本地人才知道鹤山得润工业园是多大。不是小上市公司能比的，都是固定资产,,唔知改咩嗨名好,6010004900804760,2026-06-27 07:14:05,404,5,0,0,False,False,"https://guba.eastmoney.com/news,002055,1733697273.html",2026-07-06 17:08:31
eastmoney_guba,002055,1733704987,从周五的盘面来看，开盘快速下跌的原因是部分人觉得国资入主的预期落空，选择资金出逃,,掘金高歌,5238386190584350,2026-06-27 08:23:29,1386,13,1,0,True,False,"https://guba.eastmoney.com/news,002055,1733704987.html",2026-07-06 17:08:31
eastmoney_guba,002055,1733728612,英特尔都官宣了，得润为其AIPC连接器供应商,,OngMaNiBMH,5590112076628564,2026-06-27 11:40:55,2960,25,1,0,True,False,"https://guba.eastmoney.com/news,002055,1733728612.html",2026-07-06 17:08:29
eastmoney_guba,002055,1733776694,奔着破5去，什么时候有向下跳空缺口，什么时候才有触底可能,,缠中有禅,3527094184941918,2026-06-27 21:30:51,51,0,0,0,False,False,"https://guba.eastmoney.com/news,002055,1733776694.html",2026-07-06 17:08:31
eastmoney_guba,002055,1733787948,老登股,,即逝的灵感,9400094314939224,2026-06-28 00:23:51,33,0,0,0,False,False,"https://guba.eastmoney.com/news,002055,1733787948.html",2026-07-06 17:08:31
eastmoney_guba,002055,1733802101,源于豆包，各位可信吗,,细心的孟意10,6848007177199220,2026-06-28 09:06:57,884,12,0,0,True,False,"https://guba.eastmoney.com/news,002055,1733802101.html",2026-07-06 17:08:31
eastmoney_guba,002055,1733809663,鹤山得润才是电子连接器每年毛利30%+的主体。那些说柏拉蒂是核心资产的都是问豆包,,股友2125i0171o,4668117804450306,2026-06-28 10:46:22,327,2,0,0,True,False,"https://guba.eastmoney.com/news,002055,1733809663.html",2026-07-06 17:08:31
eastmoney_guba,002055,1733809888,主力已跑，阴跌开始！1月9日、12日的抄底资金两天成交15亿，5月27、28日拉,,独立的凌翰5,4935345939513282,2026-06-28 10:49:09,253,2,0,0,True,False,"https://guba.eastmoney.com/news,002055,1733809888.html",2026-07-06 17:08:31
eastmoney_guba,002055,1733817032,鹤山市得润电子科技有限公司成立于2015年3月10日，是深圳市得润电子股份有限公,,LF冷锋,1521335508364128,2026-06-28 12:17:20,578,1,0,0,False,False,"https://guba.eastmoney.com/news,002055,1733817032.html",2026-07-06 17:08:31
eastmoney_guba,002055,1733820401,概念都挺好，摘帽预期也好。主要就是没有实际控制人，实控人股票都快减持完了。前十大,,倾国倾城的林泰成,6425096965560226,2026-06-28 13:06:24,144,1,0,0,False,False,"https://guba.eastmoney.com/news,002055,1733820401.html",2026-07-06 17:08:31
eastmoney_guba,002055,1733846914,再画一条线,,st大平头,3943305709821276,2026-06-28 18:46:40,512,1,0,0,True,False,"https://guba.eastmoney.com/news,002055,1733846914.html",2026-07-06 17:08:31
eastmoney_guba,002055,1733858676,明天大盘低开反弹，得润也会跟随大盘反弹一波，最早明天，最迟后天，得润必大涨。,,掘金高歌,5238386190584350,2026-06-28 20:52:19,210,4,0,0,False,False,"https://guba.eastmoney.com/news,002055,1733858676.html",2026-07-06 17:08:31
eastmoney_guba,002055,1733890976,怎么没人说话。就我买这个股票？,,尽职的武曦蕊,4264047480119646,2026-06-29 07:55:02,163,6,1,0,False,False,"https://guba.eastmoney.com/news,002055,1733890976.html",2026-07-06 17:08:31
eastmoney_guba,002055,1733950376,老配方了，下午跳水,,股友8719n8381d,3946047745056792,2026-06-29 09:33:07,80,4,0,0,False,False,"https://guba.eastmoney.com/news,002055,1733950376.html",2026-07-06 17:08:31
eastmoney_guba,002055,1734086743,背离了，要反转,,唔知改咩嗨名好,6010004900804760,2026-06-29 10:10:48,33,0,0,0,False,False,"https://guba.eastmoney.com/news,002055,1734086743.html",2026-07-06 17:08:31
eastmoney_guba,002055,1734097048,看今天能不能跌停买入,,股友5338d16z51,3074057303565748,2026-06-29 10:14:04,48,1,0,0,False,False,"https://guba.eastmoney.com/news,002055,1734097048.html",2026-07-06 17:08:31
eastmoney_guba,002055,1734139405,拾筹码300296,,后贝加尔斯克,7154013321195756,2026-06-29 10:29:01,31,0,0,0,False,False,"https://guba.eastmoney.com/news,002055,1734139405.html",2026-07-06 17:08:31
eastmoney_guba,002055,1734170100,科技股暴跌，快下来到5.5,,st大平头,3943305709821276,2026-06-29 10:41:11,35,0,0,0,False,False,"https://guba.eastmoney.com/news,002055,1734170100.html",2026-07-06 17:08:31
eastmoney_guba,002055,1734252306,下午跌停,,后贝加尔斯克,7154013321195756,2026-06-29 11:26:07,42,1,0,0,False,False,"https://guba.eastmoney.com/news,002055,1734252306.html",2026-07-06 17:08:31
eastmoney_guba,002055,1734272418,欧洲空调卖爆了，得润工厂24小时加班加点了吧,,绝对反击2026,5532113599128316,2026-06-29 11:49:26,251,3,0,0,False,False,"https://guba.eastmoney.com/news,002055,1734272418.html",2026-07-06 17:08:31
eastmoney_guba,002055,1734294940,科技股上涨没你，下跌肯定有你,,st大平头,3943305709821276,2026-06-29 12:52:08,40,0,0,0,False,False,"https://guba.eastmoney.com/news,002055,1734294940.html",2026-07-06 17:08:31
eastmoney_guba,002055,1734343556,产品也是算力基建的一部分，估值对比同行业处于低位，有什么好跌的，,,快暖暖,3648094473248958,2026-06-29 13:28:07,83,0,0,0,False,False,"https://guba.eastmoney.com/news,002055,1734343556.html",2026-07-06 17:08:31
eastmoney_guba,002055,1734362337,2026.06.26小邱总去宜宾了，图片发不出来，只能文字转述,,OngMaNiBMH,5590112076628564,2026-06-29 13:40:21,530,6,0,0,False,False,"https://guba.eastmoney.com/news,002055,1734362337.html",2026-07-06 17:08:31
eastmoney_guba,002055,1734408406,6月26日，三江新区党工委书记陈永生会见得润电子董事长邱扬一行。同日，研究三江新,,垂钓梵河,1790094480175166,2026-06-29 14:09:39,970,6,1,0,False,False,"https://guba.eastmoney.com/news,002055,1734408406.html",2026-07-06 17:08:31
eastmoney_guba,002055,1734454244,故意挂一千多手单砸盘？看到几次了,,玲珑剔透的柳飞文,3579085361120428,2026-06-29 14:40:46,52,0,0,0,False,False,"https://guba.eastmoney.com/news,002055,1734454244.html",2026-07-06 17:08:31
eastmoney_guba,002055,1734465164,有没有发现，这两天ST板块不暴跌了,,银河纳百川,4516165648349016,2026-06-29 14:47:18,50,0,0,0,False,False,"https://guba.eastmoney.com/news,002055,1734465164.html",2026-07-06 17:08:31
eastmoney_guba,002055,1734481425,总有人压单,,股友7bGrRB,7556375694655340,2026-06-29 14:56:26,40,0,0,0,False,False,"https://guba.eastmoney.com/news,002055,1734481425.html",2026-07-06 17:08:31
eastmoney_guba,002055,1734510693,同花顺加概念了,,柔情侠股,8027087373493102,2026-06-29 15:24:27,442,5,0,0,False,False,"https://guba.eastmoney.com/news,002055,1734510693.html",2026-07-06 17:08:29
eastmoney_guba,002055,1734530453,现在这个情况不用挖了，因为没有挖的意义了，筹码沉淀慢慢等待就行，整天挖个没完显得,,涨升启赐,8694094332812816,2026-06-29 16:03:47,175,1,0,0,False,False,"https://guba.eastmoney.com/news,002055,1734530453.html",2026-07-06 17:08:31
eastmoney_guba,002055,1734543776,一季度两家QFII进入,,jqkjqk,8705094462601112,2026-06-29 16:39:24,174,1,0,0,False,False,"https://guba.eastmoney.com/news,002055,1734543776.html",2026-07-06 17:08:31
eastmoney_guba,002055,1734737883,得润：买得润得天下之《光》,,时光生金,6941067680893968,2026-06-30 09:27:10,579,1,3,0,True,False,"https://guba.eastmoney.com/news,002055,1734737883.html",2026-07-06 17:08:27
eastmoney_guba,002055,1734788442,你好像也不跟st板块，你在跟啥,,股友7bGrRB,7556375694655340,2026-06-30 09:42:44,40,1,0,0,False,False,"https://guba.eastmoney.com/news,002055,1734788442.html",2026-07-06 17:08:31
eastmoney_guba,002055,1734790445,在这里瞎发表言论,,有远见的若梦烟0,9868355977065038,2026-06-30 09:43:25,29,0,0,0,False,False,"https://guba.eastmoney.com/news,002055,1734790445.html",2026-07-06 17:08:31
eastmoney_guba,002055,1734894732,快买,,投机市场,3827316057729008,2026-06-30 10:21:30,28,0,0,0,False,False,"https://guba.eastmoney.com/news,002055,1734894732.html",2026-07-06 17:08:31
eastmoney_guba,002055,1734914536,皇庭龙一,,涨停板入手,7578325512536212,2026-06-30 10:30:27,36,0,0,0,False,False,"https://guba.eastmoney.com/news,002055,1734914536.html",2026-07-06 17:08:31
eastmoney_guba,002055,1734917207,$ST得润(SZ002055)$,,掘金高歌,5238386190584350,2026-06-30 10:31:39,175,3,0,0,True,False,"https://guba.eastmoney.com/news,002055,1734917207.html",2026-07-06 17:08:29
eastmoney_guba,002055,1734919190,√东西，再也不见,,梦想成真945,6933326091029750,2026-06-30 10:32:26,237,2,0,0,True,False,"https://guba.eastmoney.com/news,002055,1734919190.html",2026-07-06 17:08:29
eastmoney_guba,002055,1734921197,电子，pcb板，这要不是有st这个帽子，这货能上天,,价值投资z,4201395627256034,2026-06-30 10:33:19,234,3,0,0,False,False,"https://guba.eastmoney.com/news,002055,1734921197.html",2026-07-06 17:08:29
eastmoney_guba,002055,1734921427,守的云开见月明,,巧克力不吐槽,1170356315018022,2026-06-30 10:33:25,34,0,0,0,False,False,"https://guba.eastmoney.com/news,002055,1734921427.html",2026-07-06 17:08:31
eastmoney_guba,002055,1734923259,能让回本吗？,,青岛小哥7777,1774094152563168,2026-06-30 10:34:15,376,3,0,0,True,False,"https://guba.eastmoney.com/news,002055,1734923259.html",2026-07-06 17:08:29
eastmoney_guba,002055,1734934082,哦哦哦守住了,,四川巴菲特hug,5259056912354194,2026-06-30 10:39:08,26,0,0,0,False,False,"https://guba.eastmoney.com/news,002055,1734934082.html",2026-07-06 17:08:31
eastmoney_guba,002055,1734935319,6月30日，股价6.30元。,,专注上涨趋势,1748095089831338,2026-06-30 10:39:44,46,1,0,0,False,False,"https://guba.eastmoney.com/news,002055,1734935319.html",2026-07-06 17:08:29
eastmoney_guba,002055,1734936556,打开赶紧调仓300296,,后贝加尔斯克,7154013321195756,2026-06-30 10:40:21,49,2,0,0,False,False,"https://guba.eastmoney.com/news,002055,1734936556.html",2026-07-06 17:08:29
eastmoney_guba,002055,1734939206,你涨停或跌停我已波澜不惊，阁下请随意,,博学多才的小鱼,1190094345248964,2026-06-30 10:41:33,36,0,0,0,False,False,"https://guba.eastmoney.com/news,002055,1734939206.html",2026-07-06 17:08:31
eastmoney_guba,002055,1734939846,玩花活,,zhuch1,7677013499151220,2026-06-30 10:41:50,30,0,0,0,False,False,"https://guba.eastmoney.com/news,002055,1734939846.html",2026-07-06 17:08:31
eastmoney_guba,002055,1734957798,抢筹码300296,,后贝加尔斯克,7154013321195756,2026-06-30 10:51:15,34,1,0,0,False,False,"https://guba.eastmoney.com/news,002055,1734957798.html",2026-07-06 17:08:29
eastmoney_guba,002055,1734958295,什么心态？硬要砸开,,富贵在心,1268316064360946,2026-06-30 10:51:30,29,0,0,0,False,False,"https://guba.eastmoney.com/news,002055,1734958295.html",2026-07-06 17:08:31
eastmoney_guba,002055,1734963218,这个价格你涨停打开也没多少成交，全都套着呢，涨回8块再说吧。,,o痕迹o,4802306288363612,2026-06-30 10:54:06,37,0,0,0,False,False,"https://guba.eastmoney.com/news,002055,1734963218.html",2026-07-06 17:08:31
eastmoney_guba,002055,1734963694,老板去了宜宾，希望能把价格谈好，宜宾国资赶紧控股吧,,四只羊十2,2142356529765010,2026-06-30 10:54:20,57,0,0,0,False,False,"https://guba.eastmoney.com/news,002055,1734963694.html",2026-07-06 17:08:29
eastmoney_guba,002055,1734967871,左右互倒收割韭菜,,股友5338d16z51,3074057303565748,2026-06-30 10:56:28,47,1,0,0,False,False,"https://guba.eastmoney.com/news,002055,1734967871.html",2026-07-06 17:08:29
eastmoney_guba,002055,1734973006,盐城得润华麟电子科技有限公司（工商标准名：盐城华麟电子科技有限公司）俗称“得润华,,底牌真贵,4197094013566998,2026-06-30 10:59:18,529,2,0,0,False,False,"https://guba.eastmoney.com/news,002055,1734973006.html",2026-07-06 17:08:29
eastmoney_guba,002055,1734982829,刚好经过鹤山得润工业园,,唔知改咩嗨名好,6010004900804760,2026-06-30 11:04:37,729,4,1,0,True,False,"https://guba.eastmoney.com/news,002055,1734982829.html",2026-07-06 17:08:29
eastmoney_guba,002055,1735041119,还不赶紧抢筹码300296,,后贝加尔斯克,7154013321195756,2026-06-30 11:49:14,56,1,0,0,False,False,"https://guba.eastmoney.com/news,002055,1735041119.html",2026-07-06 17:08:29
eastmoney_guba,002055,1735043700,$ST得润(SZ002055)$,,唯一1981,3901074779115158,2026-06-30 11:54:23,364,1,1,0,True,False,"https://guba.eastmoney.com/news,002055,1735043700.html",2026-07-06 17:08:29
eastmoney_guba,002055,1735056201,如图，英特尔已经官宣得润“AI高速连接器”的身份，这就是硬科技,,ST顶板大哥,4333315873859494,2026-06-30 12:25:51,638,1,0,0,True,False,"https://guba.eastmoney.com/news,002055,1735056201.html",2026-07-06 17:08:29
eastmoney_guba,002055,1735074234,科技继续吸血咯,,股友7bGrRB,7556375694655340,2026-06-30 13:01:17,28,0,0,0,False,False,"https://guba.eastmoney.com/news,002055,1735074234.html",2026-07-06 17:08:29
eastmoney_guba,002055,1735085246,怎么外面有这么多筹码,,富贵在心,1268316064360946,2026-06-30 13:08:33,43,1,0,0,False,False,"https://guba.eastmoney.com/news,002055,1735085246.html",2026-07-06 17:08:29
eastmoney_guba,002055,1735091828,7月6号开始，主板市场的ST股实行10%涨跌幅，中间不设过度期。,,老夫诸葛迟迟,8283315989299300,2026-06-30 13:12:19,110,2,0,0,False,False,"https://guba.eastmoney.com/news,002055,1735091828.html",2026-07-06 17:08:29
eastmoney_guba,002055,1735097872,好玩呀，开开合合的,,谦逊的西门芸菲,5237635252755468,2026-06-30 13:15:59,123,3,0,0,False,False,"https://guba.eastmoney.com/news,002055,1735097872.html",2026-07-06 17:08:29
eastmoney_guba,002055,1735129565,果然没看错你,,涨停板入手,7578325512536212,2026-06-30 13:34:22,34,0,0,0,False,False,"https://guba.eastmoney.com/news,002055,1735129565.html",2026-07-06 17:08:29
eastmoney_guba,002055,1735146734,这支股可是正宗的科技股乍就没被发现呢比东尼强的不止一点点,,st芝麻开门小仙女,6361104680611098,2026-06-30 13:44:05,80,1,0,0,False,False,"https://guba.eastmoney.com/news,002055,1735146734.html",2026-07-06 17:08:29
eastmoney_guba,002055,1735148244,$ST得润(SZ002055)$,,嗨T哥,7487446659836790,2026-06-30 13:44:55,31,0,0,0,False,False,"https://guba.eastmoney.com/news,002055,1735148244.html",2026-07-06 17:08:29
eastmoney_guba,002055,1735154153,调300296,,后贝加尔斯克,7154013321195756,2026-06-30 13:48:31,35,0,0,0,False,False,"https://guba.eastmoney.com/news,002055,1735154153.html",2026-07-06 17:08:29
eastmoney_guba,002055,1735169686,封板那么不干脆，林北还是先走为上，等下6再进来,,ST老顽童,7231345692452742,2026-06-30 13:57:47,122,3,0,0,False,False,"https://guba.eastmoney.com/news,002055,1735169686.html",2026-07-06 17:08:29
eastmoney_guba,002055,1735176029,张宇，砸2000手吧，让我进去,,努力赚钱养乐队,5005137612925940,2026-06-30 14:01:32,39,0,0,0,False,False,"https://guba.eastmoney.com/news,002055,1735176029.html",2026-07-06 17:08:29
eastmoney_guba,002055,1735197524,是不是可以数板板了,,玺乐99999999,5179057102159172,2026-06-30 14:14:06,212,3,0,0,False,False,"https://guba.eastmoney.com/news,002055,1735197524.html",2026-07-06 17:08:29
eastmoney_guba,002055,1735203217,全市场最便宜的CPO，被埋没太久了,,神鞭老三,4348014779823690,2026-06-30 14:17:42,159,2,1,0,False,False,"https://guba.eastmoney.com/news,002055,1735203217.html",2026-07-06 17:08:29
eastmoney_guba,002055,1735212776,笑死哦？？？股东人数那么分散，这个时候封板那么弱，明天低开节奏,,ST老顽童,7231345692452742,2026-06-30 14:23:58,105,2,0,0,False,False,"https://guba.eastmoney.com/news,002055,1735212776.html",2026-07-06 17:08:29
eastmoney_guba,002055,1735238765,明天是不是直接核按钮？？今天封板如此，500万人民币就能封住？！这是在羞辱谁,,可靠的温菡,9177025119482182,2026-06-30 14:39:48,141,1,0,0,False,False,"https://guba.eastmoney.com/news,002055,1735238765.html",2026-07-06 17:08:29
eastmoney_guba,002055,1735244899,空头砸了至少3万多手全被接住还是封上了，为啥最后8千-1万手就能封整个下午，因为,,银河纳百川,4516165648349016,2026-06-30 14:43:19,373,5,0,0,False,False,"https://guba.eastmoney.com/news,002055,1735244899.html",2026-07-06 17:08:29
eastmoney_guba,002055,1735274617,要卖的都早卖了，在里面的都是钢铁侠,,我是风向标,7292015289809824,2026-06-30 15:00:52,67,2,0,0,False,False,"https://guba.eastmoney.com/news,002055,1735274617.html",2026-07-06 17:08:29
eastmoney_guba,002055,1735383463,目前主板主流，就是科技，科技，再科技。这个能涨到啥时候，很简单，看看美股啥样我们,,泰瑞尔的力量,7463077642407498,2026-06-30 19:40:34,285,0,0,0,False,False,"https://guba.eastmoney.com/news,002055,1735383463.html",2026-07-06 17:08:29
eastmoney_guba,002055,1735392392,ST7月6号恢复10%交易，是真的吗？,,一枣红,5556113248314462,2026-06-30 20:10:46,642,5,3,0,True,False,"https://guba.eastmoney.com/news,002055,1735392392.html",2026-07-06 17:08:29
eastmoney_guba,002055,1735396023,得润中报可能仍会低于预期。1.就汇率走势看：欧元二季度持续贬值欧元兑人民币从4月,,舍得润,4484346120850282,2026-06-30 20:23:06,681,2,2,0,False,False,"https://guba.eastmoney.com/news,002055,1735396023.html",2026-07-06 17:08:25
eastmoney_guba,002055,1735400336,第一步首先涨到7.3,,见龙飞天,5509013727486004,2026-06-30 20:37:44,90,1,0,0,False,False,"https://guba.eastmoney.com/news,002055,1735400336.html",2026-07-06 17:08:29
eastmoney_guba,002055,1735408603,【得润所在的连接器赛道实在太性感了】不说华丰科技，今天就复盘三家位于广东·东莞的,,OngMaNiBMH,5590112076628564,2026-06-30 21:05:37,817,1,0,0,True,False,"https://guba.eastmoney.com/news,002055,1735408603.html",2026-07-06 17:08:29
eastmoney_guba,002055,1735412690,板块数据收集,,索啰思,3058335657858304,2026-06-30 21:19:42,532,1,0,0,True,False,"https://guba.eastmoney.com/news,002055,1735412690.html",2026-07-06 17:08:29
eastmoney_guba,002055,1735445805,SST高频功率连接器,,billding,2974013765735040,2026-06-30 23:29:37,53,0,0,0,False,False,"https://guba.eastmoney.com/news,002055,1735445805.html",2026-07-06 17:08:29
eastmoney_guba,002055,1735455232,图片太详细啦，晚上复习。最牛的还得是早上的文章。事件3：存储芯片超级周期——全球,,旎旎宝贝aa,8208027782244360,2026-07-01 00:58:28,1289,1,0,0,True,False,"https://guba.eastmoney.com/news,002055,1735455232.html",2026-07-06 17:08:29
eastmoney_guba,002055,1735457873,明天吃肉,,努力回本的小张,6828365675796256,2026-07-01 01:59:13,499,2,2,0,True,False,"https://guba.eastmoney.com/news,002055,1735457873.html",2026-07-06 17:08:29
eastmoney_guba,002055,1735472795,y@妙想太空算力基础设施，中国星网核心太空AI算力供货–国家工任命太空算力组长–,,笔力的经珺,2007027718209800,2026-07-01 06:55:45,610,0,1,0,True,False,"https://guba.eastmoney.com/news,002055,1735472795.html",2026-07-06 17:08:29
eastmoney_guba,002055,1735483692,宜宾国资动作快点吧，再谈不好就错过窗口期了！对企业的发展也不好啊！,,烂股收割机,4309365835407682,2026-07-01 08:09:08,56,0,0,0,False,False,"https://guba.eastmoney.com/news,002055,1735483692.html",2026-07-06 17:08:29
eastmoney_guba,002055,1735559386,抛100万股，没咋地,,股友100zG51075,9531346262250688,2026-07-01 09:39:12,44,1,0,0,False,False,"https://guba.eastmoney.com/news,002055,1735559386.html",2026-07-06 17:08:29
eastmoney_guba,002055,1735571980,能不能学学东尼啊看看别人,,得润两位数,3290024582242248,2026-07-01 09:43:04,28,0,0,0,False,False,"https://guba.eastmoney.com/news,002055,1735571980.html",2026-07-06 17:08:29
eastmoney_guba,002055,1735576851,哪个智能体不用连接线，连接线更牛逼啊，玻璃基板不用连接托底吗,,绝对反击2026,5532113599128316,2026-07-01 09:44:39,44,1,0,0,False,False,"https://guba.eastmoney.com/news,002055,1735576851.html",2026-07-06 17:08:29
eastmoney_guba,002055,1735577499,几十亿的公司，感觉外面的筹码有万亿,,富贵在心,1268316064360946,2026-07-01 09:44:52,33,0,0,0,False,False,"https://guba.eastmoney.com/news,002055,1735577499.html",2026-07-06 17:08:29
eastmoney_guba,002055,1735587954,板块大红，你..,,股友7bGrRB,7556375694655340,2026-07-01 09:48:07,28,0,0,0,False,False,"https://guba.eastmoney.com/news,002055,1735587954.html",2026-07-06 17:08:29
eastmoney_guba,002055,1735589022,别卖啦。现在卖会后悔的,,股友dHL5nP,1639335554165606,2026-07-01 09:48:27,25,0,0,0,False,False,"https://guba.eastmoney.com/news,002055,1735589022.html",2026-07-06 17:08:29
eastmoney_guba,002055,1735602959,5264，一嘴吃？,,吃亏攒经验,6333005399203072,2026-07-01 09:52:38,30,0,0,0,False,False,"https://guba.eastmoney.com/news,002055,1735602959.html",2026-07-06 17:08:29
eastmoney_guba,002055,1735623621,玛德昨天不小心把底仓清了无语了跌回来的让我把底仓拿回来,,股友30R556p998,9383406753050938,2026-07-01 09:59:38,36,0,0,0,False,False,"https://guba.eastmoney.com/news,002055,1735623621.html",2026-07-06 17:08:29
eastmoney_guba,002055,1735643681,不用着急，底部应该充分换手，想买想卖的越多越好，不用纠结涨跌,,o痕迹o,4802306288363612,2026-07-01 10:06:26,28,0,0,0,False,False,"https://guba.eastmoney.com/news,002055,1735643681.html",2026-07-06 17:08:29
eastmoney_guba,002055,1735651894,板块涨不过的大拉圾,,st芝麻开门小仙女,6361104680611098,2026-07-01 10:09:16,27,0,0,0,False,False,"https://guba.eastmoney.com/news,002055,1735651894.html",2026-07-06 17:08:29
eastmoney_guba,002055,1735658488,太弱了,,涨停板入手,7578325512536212,2026-07-01 10:11:36,26,0,0,0,False,False,"https://guba.eastmoney.com/news,002055,1735658488.html",2026-07-06 17:08:29
eastmoney_guba,002055,1735671331,涨停才能补缺口，震荡一下挺好,,埋伏ST,9272356136962600,2026-07-01 10:16:17,31,0,0,0,False,False,"https://guba.eastmoney.com/news,002055,1735671331.html",2026-07-06 17:08:29
eastmoney_guba,002055,1735678588,7.6号发公告，10个点上涨,,绿绿有点狠,9252097283576968,2026-07-01 10:18:51,36,0,0,0,False,False,"https://guba.eastmoney.com/news,002055,1735678588.html",2026-07-06 17:08:29
eastmoney_guba,002055,1735688847,太，票是好票，主力不进没用，我闪人了,,绿绿有点狠,9252097283576968,2026-07-01 10:23:05,23,0,0,0,False,False,"https://guba.eastmoney.com/news,002055,1735688847.html",2026-07-06 17:08:29
eastmoney_guba,002055,1735701921,我朋友说这票要发公告了,,绿绿有点狠,9252097283576968,2026-07-01 10:28:10,93,2,0,0,False,False,"https://guba.eastmoney.com/news,002055,1735701921.html",2026-07-06 17:08:29
eastmoney_guba,002055,1735702843,要我们冲就对了，概念又好，就是主力不行,,绿绿有点狠,9252097283576968,2026-07-01 10:28:29,25,0,0,0,False,False,"https://guba.eastmoney.com/news,002055,1735702843.html",2026-07-06 17:08:29
eastmoney_guba,002055,1735710345,st0多家涨停，一个30CM，两个20CM，两个10CM，30多5CM，反转火爆,,股友9C213265L1,7977476633081770,2026-07-01 10:31:33,47,0,0,0,False,False,"https://guba.eastmoney.com/news,002055,1735710345.html",2026-07-06 17:08:29
eastmoney_guba,002055,1735727002,没劲，好多st涨停了，这票不行,,绿绿有点狠,9252097283576968,2026-07-01 10:37:57,25,0,0,0,False,False,"https://guba.eastmoney.com/news,002055,1735727002.html",2026-07-06 17:08:29
eastmoney_guba,002055,1735731058,假ST，比的是耐心，价值总会回归的，慢就是快，不急就是稳。,,在艾股挣它一个亿,5041395633957050,2026-07-01 10:39:17,60,1,0,0,False,False,"https://guba.eastmoney.com/news,002055,1735731058.html",2026-07-06 17:08:29
eastmoney_guba,002055,1735734812,ST集体涨停主力出完了,,先保证活下来,8794007608530790,2026-07-01 10:40:43,48,1,1,0,False,False,"https://guba.eastmoney.com/news,002055,1735734812.html",2026-07-06 17:08:29
eastmoney_guba,002055,1735735788,就昨天涨了5个点，今天就了？,,韮菜黄中皇,1386395667983028,2026-07-01 10:41:05,160,5,0,0,False,False,"https://guba.eastmoney.com/news,002055,1735735788.html",2026-07-06 17:08:29
eastmoney_guba,002055,1735804825,st起飞了,,专注上涨趋势,1748095089831338,2026-07-01 11:13:21,32,0,0,0,False,False,"https://guba.eastmoney.com/news,002055,1735804825.html",2026-07-06 17:08:29
eastmoney_guba,002055,1735814880,太没劲，我跑了,,绿绿有点狠,9252097283576968,2026-07-01 11:18:46,30,0,0,0,False,False,"https://guba.eastmoney.com/news,002055,1735814880.html",2026-07-06 17:08:29
eastmoney_guba,002055,1735834760,洗洗更健康！,,兰州雨轩,1930396480838492,2026-07-01 11:30:21,39,0,0,0,False,False,"https://guba.eastmoney.com/news,002055,1735834760.html",2026-07-06 17:08:29
eastmoney_guba,002055,1735898539,还得是东尼，你这在干嘛呢？,,努力赚钱养乐队,5005137612925940,2026-07-01 13:11:06,36,0,0,0,False,False,"https://guba.eastmoney.com/news,002055,1735898539.html",2026-07-06 17:08:29
eastmoney_guba,002055,1735903545,60多家涨停的，这还在晃悠呢,,股友9C213265L1,7977476633081770,2026-07-01 13:13:43,39,0,0,0,False,False,"https://guba.eastmoney.com/news,002055,1735903545.html",2026-07-06 17:08:29
eastmoney_guba,002055,1735933358,别砸盘了好不好,,得润两位数,3290024582242248,2026-07-01 13:30:48,50,1,0,0,False,False,"https://guba.eastmoney.com/news,002055,1735933358.html",2026-07-06 17:08:29
eastmoney_guba,002055,1735983137,太水了，一点也不强,,绿绿有点狠,9252097283576968,2026-07-01 13:58:18,41,0,0,0,False,False,"https://guba.eastmoney.com/news,002055,1735983137.html",2026-07-06 17:08:29
eastmoney_guba,002055,1735993935,$ST得润(SZ002055)$,,猫不乖,2210366252542254,2026-07-01 14:05:26,1001,7,3,0,True,False,"https://guba.eastmoney.com/news,002055,1735993935.html",2026-07-06 17:08:29
eastmoney_guba,002055,1736027311,就是这么阳，伟,,绿绿有点狠,9252097283576968,2026-07-01 14:27:55,36,0,0,0,False,False,"https://guba.eastmoney.com/news,002055,1736027311.html",2026-07-06 17:08:29
eastmoney_guba,002055,1736028430,太差劲了，st板块全是涨停，今天还这么垃圾,,四只羊十2,2142356529765010,2026-07-01 14:28:32,45,0,0,0,False,False,"https://guba.eastmoney.com/news,002055,1736028430.html",2026-07-06 17:08:29
eastmoney_guba,002055,1736039620,这个太LJ了，明天清仓不玩了，换一个,,吉祥满斗得周芷若,3470385785802442,2026-07-01 14:35:26,87,2,0,0,False,False,"https://guba.eastmoney.com/news,002055,1736039620.html",2026-07-06 17:08:27
eastmoney_guba,002055,1736039690,最近仓位不在你这里，好久没来这里骂两句了,,基民671F1c7767,4257386192759908,2026-07-01 14:35:29,45,0,0,0,False,False,"https://guba.eastmoney.com/news,002055,1736039690.html",2026-07-06 17:08:29
eastmoney_guba,002055,1736080129,这些AI连接器一看就很高端，得润的砸盘空勾真的是作孽啊。,,OngMaNiBMH,5590112076628564,2026-07-01 14:58:58,867,0,0,0,True,False,"https://guba.eastmoney.com/news,002055,1736080129.html",2026-07-06 17:08:29
eastmoney_guba,002055,1736084166,这主力准备大干吗？,,股友77p20291n8,5206366256624360,2026-07-01 15:01:22,45,0,0,0,False,False,"https://guba.eastmoney.com/news,002055,1736084166.html",2026-07-06 17:08:29
eastmoney_guba,002055,1736111378,给大家来点猛料，有识货的吗？,,OngMaNiBMH,5590112076628564,2026-07-01 15:38:07,1522,9,0,0,True,False,"https://guba.eastmoney.com/news,002055,1736111378.html",2026-07-06 17:08:27
eastmoney_guba,002055,1736141542,不就是个做插线板的吗，搞得跟高科技似的,,有礼貌的剑心好4,1506365960377706,2026-07-01 17:03:54,87,1,0,0,False,False,"https://guba.eastmoney.com/news,002055,1736141542.html",2026-07-06 17:08:29
eastmoney_guba,002055,1736152017,ST得润:关于担保事项涉及诉讼的进展公告,,ST得润资讯,9481113638045702,2026-07-01 17:40:08,445,20,10,0,False,False,"https://guba.eastmoney.com/news,002055,1736152017.html",2026-07-06 17:08:27
eastmoney_guba,002055,1736158990,为担保“买单”：ST得润被划扣5897万元，多次催告重庆美达仍未还款,,ST得润资讯,9481113638045702,2026-07-01 18:04:00,1262,3,1,0,False,False,"https://guba.eastmoney.com/news,002055,1736158990.html",2026-07-06 17:08:27
eastmoney_guba,002055,1736169947,明天百分百跌停，这股潜在利空太多了，,,在A股赚彩礼,2227067549591522,2026-07-01 18:45:58,86,2,0,0,False,False,"https://guba.eastmoney.com/news,002055,1736169947.html",2026-07-06 17:08:29
eastmoney_guba,002055,1736171432,【公告解读：利空终于落地，可以重新出发了】陈芝麻烂谷子的破事念叨了一遍又一遍，这,,OngMaNiBMH,5590112076628564,2026-07-01 18:52:27,327,1,0,0,False,False,"https://guba.eastmoney.com/news,002055,1736171432.html",2026-07-06 17:08:29
eastmoney_guba,002055,1736174280,10多亿慢慢扣，最好扣上几年，股价盘整几年，哈哈,,在A股赚彩礼,2227067549591522,2026-07-01 19:04:17,46,0,0,0,False,False,"https://guba.eastmoney.com/news,002055,1736174280.html",2026-07-06 17:08:27
eastmoney_guba,002055,1736184651,多次催告后重庆美达仍未还款，ST得润为担保“买单”：公司账户被强制划扣5897万元,,ST得润资讯,9481113638045702,2026-07-01 19:46:00,1538,5,3,0,False,False,"https://guba.eastmoney.com/news,002055,1736184651.html",2026-07-06 17:08:27
eastmoney_guba,002055,1736188675,利空！明天又要跌停即将,,后贝加尔斯克,7154013321195756,2026-07-01 20:02:20,260,5,0,0,False,False,"https://guba.eastmoney.com/news,002055,1736188675.html",2026-07-06 17:08:27
eastmoney_guba,002055,1736196448,公告解读：之前的担保，重庆美达已事实上破产了，2024年计提了6675w，实际代,,基民Ve1b0u,5916335710613194,2026-07-01 20:31:31,553,6,0,0,False,False,"https://guba.eastmoney.com/news,002055,1736196448.html",2026-07-06 17:08:27
eastmoney_guba,002055,1736200126,昨天出开仓信号，今天有私募和外资进场，这是明显的做多信号。今天在ST板块大涨的情,,掘金高歌,5238386190584350,2026-07-01 20:45:45,1202,4,0,0,True,False,"https://guba.eastmoney.com/news,002055,1736200126.html",2026-07-06 17:08:27
eastmoney_guba,002055,1736237243,还有17亿逾期未还，知道得润为什么拉垮了吧,,在A股赚彩礼,2227067549591522,2026-07-01 23:01:45,851,9,0,0,True,False,"https://guba.eastmoney.com/news,002055,1736237243.html",2026-07-06 17:08:27
eastmoney_guba,002055,1736274471,在ST皇庭吃了块大肉，看能翻多少倍,,股友3966M3y561,4717087682060226,2026-07-02 07:54:02,35,0,0,0,False,False,"https://guba.eastmoney.com/news,002055,1736274471.html",2026-07-06 17:08:27
eastmoney_guba,002055,1736274729,错过东尼，千万不要再错过美芝艾艾第二波暴力翻倍,,股友3966M3y561,4717087682060226,2026-07-02 07:55:30,214,12,1,0,False,False,"https://guba.eastmoney.com/news,002055,1736274729.html",2026-07-06 17:08:27
eastmoney_guba,002055,1736274913,小润子，一堆昨天卖了的空g抬着杆在等你回调做t，你可悠着点啊,,银河纳百川,4516165648349016,2026-07-02 07:56:18,40,0,0,0,False,False,"https://guba.eastmoney.com/news,002055,1736274913.html",2026-07-06 17:08:27
eastmoney_guba,002055,1736276742,昨天6.52元清仓，今天跌停板不抢，再补回来,,股友3966M3y561,4717087682060226,2026-07-02 08:05:33,50,1,0,0,False,False,"https://guba.eastmoney.com/news,002055,1736276742.html",2026-07-06 17:08:27
eastmoney_guba,002055,1736278935,啊，怎么又发利空了，我全仓呢，怎么办？,,股友31Q2555k21,7963336132264920,2026-07-02 08:14:15,43,1,0,0,False,False,"https://guba.eastmoney.com/news,002055,1736278935.html",2026-07-06 17:08:27
eastmoney_guba,002055,1736289196,st龙大，快来，无限涨停开启,,在A股赚彩礼,2227067549591522,2026-07-02 08:53:35,90,0,0,0,False,False,"https://guba.eastmoney.com/news,002055,1736289196.html",2026-07-06 17:08:27
eastmoney_guba,002055,1736301978,马上跌停5元见,,后贝加尔斯克,7154013321195756,2026-07-02 09:18:48,40,1,0,0,False,False,"https://guba.eastmoney.com/news,002055,1736301978.html",2026-07-06 17:08:27
eastmoney_guba,002055,1736302085,又要跌停又要跌停,,吉祥满斗得周芷若,3470385785802442,2026-07-02 09:18:53,25,0,0,0,False,False,"https://guba.eastmoney.com/news,002055,1736302085.html",2026-07-06 17:08:27
eastmoney_guba,002055,1736302199,赶紧调仓300296,,后贝加尔斯克,7154013321195756,2026-07-02 09:19:00,26,0,0,0,False,False,"https://guba.eastmoney.com/news,002055,1736302199.html",2026-07-06 17:08:27
eastmoney_guba,002055,1736302821,海外空调卖爆了,,绝对反击2026,5532113599128316,2026-07-02 09:19:36,52,3,0,0,False,False,"https://guba.eastmoney.com/news,002055,1736302821.html",2026-07-06 17:08:27
eastmoney_guba,002055,1736305138,跌停板了哈哈必破5元退市企业,,后贝加尔斯克,7154013321195756,2026-07-02 09:22:01,65,1,0,0,False,False,"https://guba.eastmoney.com/news,002055,1736305138.html",2026-07-06 17:08:27
eastmoney_guba,002055,1736305485,板块涨你也不涨，跌你继续跟跌，无敌了,,股友7bGrRB,7556375694655340,2026-07-02 09:22:22,34,1,0,0,False,False,"https://guba.eastmoney.com/news,002055,1736305485.html",2026-07-06 17:08:27
eastmoney_guba,002055,1736308760,跌停了,,拉萨虎虎虎虎虎,7129057352193428,2026-07-02 09:25:03,25,0,0,0,False,False,"https://guba.eastmoney.com/news,002055,1736308760.html",2026-07-06 17:08:27
eastmoney_guba,002055,1736321475,高就抛低就吸。不要研究新闻。也没什么风险。,,傲寒的秦岚,5793047755670376,2026-07-02 09:28:54,41,1,0,0,False,False,"https://guba.eastmoney.com/news,002055,1736321475.html",2026-07-06 17:08:27
eastmoney_guba,002055,1736352618,一堆人又t飞了吧,,得润两位数,3290024582242248,2026-07-02 09:37:39,34,1,0,0,False,False,"https://guba.eastmoney.com/news,002055,1736352618.html",2026-07-06 17:08:27
eastmoney_guba,002055,1736360853,/,,john19879,7138094114301514,2026-07-02 09:40:02,37,1,0,0,False,False,"https://guba.eastmoney.com/news,002055,1736360853.html",2026-07-06 17:08:27
eastmoney_guba,002055,1736377110,板块疯狂起飞，你疯狂向下，我真的被无语到了,,股友7bGrRB,7556375694655340,2026-07-02 09:44:52,34,0,0,0,False,False,"https://guba.eastmoney.com/news,002055,1736377110.html",2026-07-06 17:08:27
eastmoney_guba,002055,1736394204,太弱了这个,,涨停板入手,7578325512536212,2026-07-02 09:49:59,31,0,0,0,False,False,"https://guba.eastmoney.com/news,002055,1736394204.html",2026-07-06 17:08:27
eastmoney_guba,002055,1736398599,ST股又不跟服了,,先保证活下来,8794007608530790,2026-07-02 09:51:20,28,0,0,0,False,False,"https://guba.eastmoney.com/news,002055,1736398599.html",2026-07-06 17:08:27
eastmoney_guba,002055,1736406140,龙大全部涨停，无限连板开启,,在A股赚彩礼,2227067549591522,2026-07-02 09:53:48,299,4,0,0,False,False,"https://guba.eastmoney.com/news,002055,1736406140.html",2026-07-06 17:08:27
eastmoney_guba,002055,1736408935,哈哈，外面在狂欢，吹的那位也不吹了,,股友9C213265L1,7977476633081770,2026-07-02 09:54:42,35,0,0,0,False,False,"https://guba.eastmoney.com/news,002055,1736408935.html",2026-07-06 17:08:27
eastmoney_guba,002055,1736431232,跟咱们这里老师反着做.成功概率在百分之70以上.不理解,,n358913706140858,3589013706140858,2026-07-02 10:02:24,41,0,0,0,False,False,"https://guba.eastmoney.com/news,002055,1736431232.html",2026-07-06 17:08:27
eastmoney_guba,002055,1736442115,几年不看得润，没想到股价这么低了，曾经12元买过，幸好早卖了,,理性的百吃,7503135449542650,2026-07-02 10:06:21,39,0,0,0,False,False,"https://guba.eastmoney.com/news,002055,1736442115.html",2026-07-06 17:08:27
eastmoney_guba,002055,1736443080,昨天6.57清仓，几天6.3接回，爽,,快暖暖,3648094473248958,2026-07-02 10:06:43,44,1,0,0,False,False,"https://guba.eastmoney.com/news,002055,1736443080.html",2026-07-06 17:08:27
eastmoney_guba,002055,1736453752,中登回调，小登登场。,,大展鸿图de狄仁杰,4656306481288674,2026-07-02 10:11:03,33,0,0,0,False,False,"https://guba.eastmoney.com/news,002055,1736453752.html",2026-07-06 17:08:27
eastmoney_guba,002055,1736478865,成功买在了在山顶,,王太阳的小月亮,5008017494647944,2026-07-02 10:21:11,70,2,0,0,False,False,"https://guba.eastmoney.com/news,002055,1736478865.html",2026-07-06 17:08:27
eastmoney_guba,002055,1736479839,好股！来个天/地/板！就最牛！,,之足常乐,4862023859087802,2026-07-02 10:21:36,32,0,0,0,False,False,"https://guba.eastmoney.com/news,002055,1736479839.html",2026-07-06 17:08:27
eastmoney_guba,002055,1736480847,差点没忍住,,股友216Nl62325,7427057506411942,2026-07-02 10:21:58,31,0,0,0,False,False,"https://guba.eastmoney.com/news,002055,1736480847.html",2026-07-06 17:08:27
eastmoney_guba,002055,1736516835,拿住，7.6号后有退市风险的st该跌还得跌，5%连续连板将成为历史，谁都不敢随便,,银河纳百川,4516165648349016,2026-07-02 10:37:30,194,0,1,0,False,False,"https://guba.eastmoney.com/news,002055,1736516835.html",2026-07-06 17:08:27
eastmoney_guba,002055,1736520268,看着他涨得好艰难,,富贵在心,1268316064360946,2026-07-02 10:39:08,44,1,1,0,False,False,"https://guba.eastmoney.com/news,002055,1736520268.html",2026-07-06 17:08:27
eastmoney_guba,002055,1736541580,下周开始st股涨跌放宽到10%确实对业绩还行的st股是一波利好，这两天st股板块,,诚实的易晗12,7896007249329266,2026-07-02 10:49:05,122,0,0,0,False,False,"https://guba.eastmoney.com/news,002055,1736541580.html",2026-07-06 17:08:27
eastmoney_guba,002055,1736585456,大盘难受的紧，本板块大跌，早盘6.60追进来的今天会不会吃面？,,祥云的计琛,8337177789769206,2026-07-02 11:13:22,41,0,0,0,False,False,"https://guba.eastmoney.com/news,002055,1736585456.html",2026-07-06 17:08:27
eastmoney_guba,002055,1736591324,这股前面套牢盘太多了好难涨,,得润两位数,3290024582242248,2026-07-02 11:16:58,43,1,0,0,False,False,"https://guba.eastmoney.com/news,002055,1736591324.html",2026-07-06 17:08:27
eastmoney_guba,002055,1736631232,得润下午板了，开启无限连板,,在A股赚彩礼,2227067549591522,2026-07-02 12:02:44,149,5,1,0,False,False,"https://guba.eastmoney.com/news,002055,1736631232.html",2026-07-06 17:08:27
eastmoney_guba,002055,1736641064,8.21中报预披露，优等生啊，那么早,,不惑见惑不惑也,6874456736141174,2026-07-02 12:30:05,116,2,0,0,False,False,"https://guba.eastmoney.com/news,002055,1736641064.html",2026-07-06 17:08:27
eastmoney_guba,002055,1736647316,跟昨晚的预判一样，低开就是加仓机会。这段时间私募都在进场，黄花可以看到进场记录，,,掘金高歌,5238386190584350,2026-07-02 12:48:19,790,4,2,0,True,False,"https://guba.eastmoney.com/news,002055,1736647316.html",2026-07-06 17:08:27
eastmoney_guba,002055,1736718243,大家小心去年拍卖的牛散在出货。他的本钱是5块8毛多,,傲寒的秦岚,5793047755670376,2026-07-02 13:38:45,249,8,0,0,False,False,"https://guba.eastmoney.com/news,002055,1736718243.html",2026-07-06 17:08:27
eastmoney_guba,002055,1736723283,别的在开板，回调，这个今天很强啊，会不会有消息了,,股友9C213265L1,7977476633081770,2026-07-02 13:41:32,55,0,0,0,False,False,"https://guba.eastmoney.com/news,002055,1736723283.html",2026-07-06 17:08:27
eastmoney_guba,002055,1736789735,大概率收在6.63,,垚鑫2026,5788094184019746,2026-07-02 14:20:10,351,5,0,0,False,False,"https://guba.eastmoney.com/news,002055,1736789735.html",2026-07-06 17:08:27
eastmoney_guba,002055,1736854094,收盘，666,,顺其自然ZF,4514034974222532,2026-07-02 14:54:46,36,0,0,0,False,False,"https://guba.eastmoney.com/news,002055,1736854094.html",2026-07-06 17:08:27
eastmoney_guba,002055,1736923971,今天为了控异动么？,,微澜ST路,7762177288879810,2026-07-02 16:52:06,40,0,0,0,False,False,"https://guba.eastmoney.com/news,002055,1736923971.html",2026-07-06 17:08:27
eastmoney_guba,002055,1736926742,明天低开，高走，震荡，涨停，接下来连续三天一字板！,,韭泉之下,1551356328730800,2026-07-02 17:00:38,49,0,0,0,False,False,"https://guba.eastmoney.com/news,002055,1736926742.html",2026-07-06 17:08:27
eastmoney_guba,002055,1736929162,8亿多官司，如果输了是个啥效果？,,股友7M3o587671,5998027317567482,2026-07-02 17:08:31,85,1,0,0,False,False,"https://guba.eastmoney.com/news,002055,1736929162.html",2026-07-06 17:08:27
eastmoney_guba,002055,1736933540,明天是最后一个涨跌幅5%，庄稼要不来个涨停最后纪念一下？,,o痕迹o,4802306288363612,2026-07-02 17:22:45,56,0,0,0,False,False,"https://guba.eastmoney.com/news,002055,1736933540.html",2026-07-06 17:08:27
eastmoney_guba,002055,1736933792,主力大哥加油啊，我可是低位割了星农买了你,,嗨T哥,7487446659836790,2026-07-02 17:23:20,38,0,0,0,False,False,"https://guba.eastmoney.com/news,002055,1736933792.html",2026-07-06 17:08:27
eastmoney_guba,002055,1736934837,明天估计要回撤了,,傲寒的秦岚,5793047755670376,2026-07-02 17:27:00,42,0,0,0,False,False,"https://guba.eastmoney.com/news,002055,1736934837.html",2026-07-06 17:08:27
eastmoney_guba,002055,1736936273,6.75今天没有封住涨停，又一轮回调开始，6元接回来,,股友3966M3y561,4717087682060226,2026-07-02 17:32:18,54,0,0,0,False,False,"https://guba.eastmoney.com/news,002055,1736936273.html",2026-07-06 17:08:27
eastmoney_guba,002055,1736936716,这个股票5.75元铁底，6.75元铁锭，跟住主力做T挣一元差价,,股友3966M3y561,4717087682060226,2026-07-02 17:33:48,161,3,0,0,False,False,"https://guba.eastmoney.com/news,002055,1736936716.html",2026-07-06 17:08:27
eastmoney_guba,002055,1736946505,拉到8块震荡下，绝大多数散户也就洗干净了,,笑逐颜开的龚艳,2079345942814724,2026-07-02 18:09:33,254,3,0,0,False,False,"https://guba.eastmoney.com/news,002055,1736946505.html",2026-07-06 17:08:27
eastmoney_guba,002055,1736961689,今天ST板块儿都拉不动你，韭菜还以为有什么鸟主力！笑S,,周焱森,6617057116840664,2026-07-02 19:14:50,59,0,0,0,False,False,"https://guba.eastmoney.com/news,002055,1736961689.html",2026-07-06 17:08:27
eastmoney_guba,002055,1736963518,ST得润这票出利弗莫尔底部确认信号了！据碧湾App数据监测，该票次级回升在关键点,,深渊巨蟒,7766087805545272,2026-07-02 19:23:00,604,0,0,0,True,False,"https://guba.eastmoney.com/news,002055,1736963518.html",2026-07-06 17:08:27
eastmoney_guba,002055,1736971927,买得润的逻辑是什么？得润的预期是AI智能体大发展，带动CPU的几倍市场空间，CP,,OngMaNiBMH,5590112076628564,2026-07-02 19:56:45,1025,1,8,0,True,False,"https://guba.eastmoney.com/news,002055,1736971927.html",2026-07-06 17:08:27
eastmoney_guba,002055,1737067606,得润电子（002055）凡在2020年8月27日至2023年12月30日之间买入,,股索赔,9831087816059986,2026-07-03 07:20:10,169,3,0,0,False,False,"https://guba.eastmoney.com/news,002055,1737067606.html",2026-07-06 17:08:25
eastmoney_guba,002055,1737197262,得润电子鹤山二期60亿的高端产品今年全部投产,,轻盈跳跃的八哥,5366315762063082,2026-07-03 09:53:12,224,3,0,0,False,False,"https://guba.eastmoney.com/news,002055,1737197262.html",2026-07-06 17:08:27
eastmoney_guba,002055,1737257375,得润今天的走势，可能要奔着突破6.83前高去的，最迟下午。,,掘金高歌,5238386190584350,2026-07-03 10:14:39,198,10,0,0,False,False,"https://guba.eastmoney.com/news,002055,1737257375.html",2026-07-06 17:08:25
eastmoney_guba,002055,1737273122,星期一正好跌百分之十6元左右,,持仓观风云,4654067800325436,2026-07-03 10:21:16,121,5,0,0,False,False,"https://guba.eastmoney.com/news,002055,1737273122.html",2026-07-06 17:08:27
eastmoney_guba,002055,1737325860,今天如果收在6.8以上，下周必能好好表现，加油,,垚鑫2026,5788094184019746,2026-07-03 10:45:23,30,0,0,0,False,False,"https://guba.eastmoney.com/news,002055,1737325860.html",2026-07-06 17:08:27
eastmoney_guba,002055,1737362548,连接器其他股都在涨，别磨了行吗,,银河纳百川,4516165648349016,2026-07-03 11:02:35,51,2,0,0,False,False,"https://guba.eastmoney.com/news,002055,1737362548.html",2026-07-06 17:08:27
eastmoney_guba,002055,1737388505,大单猛砸啊,,得润两位数,3290024582242248,2026-07-03 11:17:03,29,0,0,0,False,False,"https://guba.eastmoney.com/news,002055,1737388505.html",2026-07-06 17:08:27
eastmoney_guba,002055,1737388704,不理解,,股友7bGrRB,7556375694655340,2026-07-03 11:17:10,27,0,0,0,False,False,"https://guba.eastmoney.com/news,002055,1737388704.html",2026-07-06 17:08:27
eastmoney_guba,002055,1737390176,上一次6.83打下来这一次也是6.83打下来有啥寓意,,股友7133c657C0,5352127784688630,2026-07-03 11:17:58,36,1,0,0,False,False,"https://guba.eastmoney.com/news,002055,1737390176.html",2026-07-06 17:08:27
eastmoney_guba,002055,1737407691,双头怪，跑,,在A股赚彩礼,2227067549591522,2026-07-03 11:28:15,105,2,1,0,False,False,"https://guba.eastmoney.com/news,002055,1737407691.html",2026-07-06 17:08:27
eastmoney_guba,002055,1737412109,6元以下再回来，就用几千块万把块，每个月搞点烟钱咖啡钱还是没问题的。,,正红红,4654365965100132,2026-07-03 11:31:42,48,1,0,0,False,False,"https://guba.eastmoney.com/news,002055,1737412109.html",2026-07-06 17:08:27
eastmoney_guba,002055,1737415240,下午极有可能会来一个深蹲。,,祥云的计琛,8337177789769206,2026-07-03 11:35:53,46,1,0,0,False,False,"https://guba.eastmoney.com/news,002055,1737415240.html",2026-07-06 17:08:25
eastmoney_guba,002055,1737435652,"历史第一呆bi,被lei",,在A股赚彩礼,2227067549591522,2026-07-03 12:23:42,288,5,0,0,True,False,"https://guba.eastmoney.com/news,002055,1737435652.html",2026-07-06 17:08:27
eastmoney_guba,002055,1737451759,拉黑这个极端货，心态这么差，就别来股市玩了，血汗钱你亏的起吗,,在A股赚彩礼,2227067549591522,2026-07-03 12:58:20,401,2,0,0,True,False,"https://guba.eastmoney.com/news,002055,1737451759.html",2026-07-06 17:08:27
eastmoney_guba,002055,1737478890,减了仓，好怕周一给个下马威,,股友9C213265L1,7977476633081770,2026-07-03 13:13:31,37,0,0,0,False,False,"https://guba.eastmoney.com/news,002055,1737478890.html",2026-07-06 17:08:25
eastmoney_guba,002055,1737510970,板块涨，你还在..,,股友7bGrRB,7556375694655340,2026-07-03 13:30:01,28,0,0,0,False,False,"https://guba.eastmoney.com/news,002055,1737510970.html",2026-07-06 17:08:25
eastmoney_guba,002055,1737517238,太弱了清仓了你随便涨,,涨停板入手,7578325512536212,2026-07-03 13:33:33,25,0,0,0,False,False,"https://guba.eastmoney.com/news,002055,1737517238.html",2026-07-06 17:08:25
eastmoney_guba,002055,1737524340,中报一出想买就没机会了,,烂股收割机,4309365835407682,2026-07-03 13:37:47,60,1,0,0,False,False,"https://guba.eastmoney.com/news,002055,1737524340.html",2026-07-06 17:08:25
eastmoney_guba,002055,1737538838,这走势不错，不要像那些st一板一板的，马上就被打回原形,,股友77p20291n8,5206366256624360,2026-07-03 13:45:41,40,0,0,0,False,False,"https://guba.eastmoney.com/news,002055,1737538838.html",2026-07-06 17:08:25
eastmoney_guba,002055,1737551047,周一回调再接回,,持仓观风云,4654067800325436,2026-07-03 13:52:18,53,2,0,0,False,False,"https://guba.eastmoney.com/news,002055,1737551047.html",2026-07-06 17:08:25
eastmoney_guba,002055,1737593802,哎！今天又是陪跑的一天。,,祥云的计琛,8337177789769206,2026-07-03 14:15:38,34,0,0,0,False,False,"https://guba.eastmoney.com/news,002055,1737593802.html",2026-07-06 17:08:25
eastmoney_guba,002055,1737597326,故意往下压价格，这主力还没吃够吗根本洗不掉人了,,股友1rg9805169,8467087587808552,2026-07-03 14:17:26,56,0,0,0,False,False,"https://guba.eastmoney.com/news,002055,1737597326.html",2026-07-06 17:08:25
eastmoney_guba,002055,1737599348,给我砸，收盘跌停,,在A股赚彩礼,2227067549591522,2026-07-03 14:18:31,54,2,0,0,False,False,"https://guba.eastmoney.com/news,002055,1737599348.html",2026-07-06 17:08:27
eastmoney_guba,002055,1737600810,胜周一回调接回，卖了先,,股友A0163w7151,3285097659569850,2026-07-03 14:19:15,35,0,0,0,False,False,"https://guba.eastmoney.com/news,002055,1737600810.html",2026-07-06 17:08:25
eastmoney_guba,002055,1737602517,请了，买别的去,,股友A0163w7151,3285097659569850,2026-07-03 14:20:13,29,0,0,0,False,False,"https://guba.eastmoney.com/news,002055,1737602517.html",2026-07-06 17:08:25
eastmoney_guba,002055,1737663734,下周6元左右接回,,持仓观风云,4654067800325436,2026-07-03 14:52:27,125,5,0,0,False,False,"https://guba.eastmoney.com/news,002055,1737663734.html",2026-07-06 17:08:25
eastmoney_guba,002055,1737704446,下周一十个点了,,等待是一种投资,2023094515414032,2026-07-03 15:35:56,48,0,0,0,False,False,"https://guba.eastmoney.com/news,002055,1737704446.html",2026-07-06 17:08:25
eastmoney_guba,002055,1737712022,感恩+5cm，迎接新时代！,,OngMaNiBMH,5590112076628564,2026-07-03 15:55:51,515,2,0,0,True,False,"https://guba.eastmoney.com/news,002055,1737712022.html",2026-07-06 17:08:25
eastmoney_guba,002055,1737712503,看到大家都在骂说明下周一要涨了,,跑步进场然后站岗,1239335947237660,2026-07-03 15:57:19,61,0,0,0,False,False,"https://guba.eastmoney.com/news,002055,1737712503.html",2026-07-06 17:08:25
eastmoney_guba,002055,1737721340,宜宾得康电子：天然的沟通纽带，具备债务协商桥梁的基础1.股权结构决定其为双方核心,,舍得润,4484346120850282,2026-07-03 16:25:42,911,1,1,0,False,False,"https://guba.eastmoney.com/news,002055,1737721340.html",2026-07-06 17:08:25
eastmoney_guba,002055,1737739664,1.畲英杰入主柏拉蒂，以1.2亿元拿下XX子公司柏拉蒂的控制权2.畲英杰公告减持,,佳鸿佳年,5706016907989852,2026-07-03 17:31:07,1238,6,2,0,False,False,"https://guba.eastmoney.com/news,002055,1737739664.html",2026-07-06 17:08:25
eastmoney_guba,002055,1737740833,简单点，ST就是消息驱动，好消息就涨，坏消息就跌,,多米的天空,8268004870663662,2026-07-03 17:36:08,94,2,0,0,False,False,"https://guba.eastmoney.com/news,002055,1737740833.html",2026-07-06 17:08:25
eastmoney_guba,002055,1737770622,公司应加强市值管理。莫让明珠蒙尘，要让明珠发光，永续发光！,,n1417601697a75df,4692094176016970,2026-07-03 19:49:59,76,1,0,0,False,False,"https://guba.eastmoney.com/news,002055,1737770622.html",2026-07-06 17:08:25
eastmoney_guba,002055,1737804489,做连接器的就你股价最低,,加仓嘉措仓又嘉措,7957007302973034,2026-07-03 22:48:23,229,4,0,0,False,False,"https://guba.eastmoney.com/news,002055,1737804489.html",2026-07-06 17:08:25
eastmoney_guba,002055,1737833569,惊天利好，再融资新政对得润简直是天大的利好，下周一字板了,,在A股赚彩礼,2227067549591522,2026-07-04 08:59:40,163,1,0,0,False,False,"https://guba.eastmoney.com/news,002055,1737833569.html",2026-07-06 17:08:25
eastmoney_guba,002055,1737834011,中小困难企业再融资额度大大提高，程序大大简化，简直为得润电子量身定制的，得润电子,,在A股赚彩礼,2227067549591522,2026-07-04 09:04:55,265,4,0,0,False,False,"https://guba.eastmoney.com/news,002055,1737834011.html",2026-07-06 17:08:27
eastmoney_guba,002055,1737854404,下周一涨跌幅10个点，明天开盘不会直接地板吧,,快看张婷来了,5198396357358294,2026-07-04 12:45:53,114,2,0,0,False,False,"https://guba.eastmoney.com/news,002055,1737854404.html",2026-07-06 17:08:25
eastmoney_guba,002055,1737867463,现在是越困难越好，越困难预重整概率就越大。这个公司是好公司，只是被债务拖累。市场,,农民财阀,7004315809965914,2026-07-04 16:11:44,67,0,0,0,False,False,"https://guba.eastmoney.com/news,002055,1737867463.html",2026-07-06 17:08:25
eastmoney_guba,002055,1737867539,这么好的公司，如果给安徽国资委，又将盘活成一大经典案例！现在是越困难越好，越困难,,农民财阀,7004315809965914,2026-07-04 16:12:58,249,0,1,0,False,False,"https://guba.eastmoney.com/news,002055,1737867539.html",2026-07-06 17:08:25
eastmoney_guba,002055,1737868037,这是一个完全有可能野鸡变凤凰的股！就差宜宾国资一把火。对于广大散户，你这一辈子能,,农民财阀,7004315809965914,2026-07-04 16:20:42,368,3,0,0,False,False,"https://guba.eastmoney.com/news,002055,1737868037.html",2026-07-06 17:08:25
eastmoney_guba,002055,1737870273,觉得好的就多买点，不要那么啰嗦，嘴上说多好多好，其实心里害怕，群里在喊就是不自信,,我是风向标,7292015289809824,2026-07-04 16:52:57,62,0,0,0,False,False,"https://guba.eastmoney.com/news,002055,1737870273.html",2026-07-06 17:08:25
eastmoney_guba,002055,1737872818,大家别被想赚彩礼那个大沙子阴阳人误导了，得润真正逾期的债务是港荣（8.77）和江,,OngMaNiBMH,5590112076628564,2026-07-04 17:28:13,166,1,0,0,False,False,"https://guba.eastmoney.com/news,002055,1737872818.html",2026-07-06 17:08:25
eastmoney_guba,002055,1737878669,光有英特尔认证没有订单也不行啊,,加仓嘉措仓又嘉措,7957007302973034,2026-07-04 18:59:20,1261,3,1,0,False,False,"https://guba.eastmoney.com/news,002055,1737878669.html",2026-07-06 17:08:25
eastmoney_guba,002055,1737895391,那种天天唱多的，每天都要发几条帖子的，都是些什么人呢，没正事干的吗？,,多米的天空,8268004870663662,2026-07-04 23:26:11,78,1,0,0,False,False,"https://guba.eastmoney.com/news,002055,1737895391.html",2026-07-06 17:08:25
eastmoney_guba,002055,1737905665,拉尾盘，非奸即盗。,,祥云的计琛,8337177789769206,2026-07-05 07:00:04,69,1,0,0,False,False,"https://guba.eastmoney.com/news,002055,1737905665.html",2026-07-06 17:08:25
eastmoney_guba,002055,1737911569,$ST得润(SZ002055)$,,葱一根,3237375811708574,2026-07-05 08:53:17,824,1,1,0,True,False,"https://guba.eastmoney.com/news,002055,1737911569.html",2026-07-06 17:08:25
eastmoney_guba,002055,1737925787,想当年开着奔驰宝马，如今炒股亏到开摩托车补仓,,尽职的武曦蕊,4264047480119646,2026-07-05 11:54:42,278,1,0,0,True,False,"https://guba.eastmoney.com/news,002055,1737925787.html",2026-07-06 17:08:25
eastmoney_guba,002055,1737927027,家人们，那边发福利了,,笑逐颜开的龚艳,2079345942814724,2026-07-05 12:11:16,1470,6,2,0,False,False,"https://guba.eastmoney.com/news,002055,1737927027.html",2026-07-06 17:08:25
eastmoney_guba,002055,1737927399,储存芯片涨价这个也有储存芯片板块,,股友7133c657C0,5352127784688630,2026-07-05 12:16:20,76,0,0,0,False,False,"https://guba.eastmoney.com/news,002055,1737927399.html",2026-07-06 17:08:25
eastmoney_guba,002055,1737960455,问下，最早几月几号可以申请摘帽？,,Joshchan,2186013213277766,2026-07-05 18:42:43,401,6,0,0,False,False,"https://guba.eastmoney.com/news,002055,1737960455.html",2026-07-06 17:08:25
eastmoney_guba,002055,1737962350,兄弟们，明天就是见证奇迹的时刻啦。,,西北游资998,1651385657450636,2026-07-05 19:02:37,86,0,0,0,False,False,"https://guba.eastmoney.com/news,002055,1737962350.html",2026-07-06 17:08:25
eastmoney_guba,002055,1737984072,明天十厘米了，会不会跌停？,,专注上涨趋势,1748095089831338,2026-07-05 22:24:45,107,2,0,0,False,False,"https://guba.eastmoney.com/news,002055,1737984072.html",2026-07-06 17:08:25
eastmoney_guba,002055,1737985108,大家都在等和四川港荣集团的债务和解,,轻盈跳跃的八哥,5366315762063082,2026-07-05 22:34:32,112,1,0,0,False,False,"https://guba.eastmoney.com/news,002055,1737985108.html",2026-07-06 17:08:25
eastmoney_guba,002055,1738022206,今天怎么说？,,玲珑剔透的柳飞文,3579085361120428,2026-07-06 09:13:09,36,0,0,0,False,False,"https://guba.eastmoney.com/news,002055,1738022206.html",2026-07-06 17:08:25
eastmoney_guba,002055,1738026915,今天十个点,,等待是一种投资,2023094515414032,2026-07-06 09:20:34,48,1,0,0,False,False,"https://guba.eastmoney.com/news,002055,1738026915.html",2026-07-06 17:08:25
eastmoney_guba,002055,1738027007,ST涨跌幅新规后有价值的涨没价值的跌,,Tsm69,8496024853133832,2026-07-06 09:20:41,58,0,0,0,False,False,"https://guba.eastmoney.com/news,002055,1738027007.html",2026-07-06 17:08:25
eastmoney_guba,002055,1738089939,这么多套牢盘还能涨,,得润两位数,3290024582242248,2026-07-06 09:41:14,57,1,0,0,False,False,"https://guba.eastmoney.com/news,002055,1738089939.html",2026-07-06 17:08:25
eastmoney_guba,002055,1738103250,主板的价值洼地！冲啊,,陈生生生生,5592094749013160,2026-07-06 09:45:39,34,0,0,0,False,False,"https://guba.eastmoney.com/news,002055,1738103250.html",2026-07-06 17:08:25
eastmoney_guba,002055,1738120359,今天能不能来一个板,,o痕迹o,4802306288363612,2026-07-06 09:51:52,39,1,0,0,False,False,"https://guba.eastmoney.com/news,002055,1738120359.html",2026-07-06 17:08:25
eastmoney_guba,002055,1738141778,这走势很稳健，今天挺争气,,天神下凡如沐春风,8694057648620638,2026-07-06 09:59:45,34,0,0,0,False,False,"https://guba.eastmoney.com/news,002055,1738141778.html",2026-07-06 17:08:25
eastmoney_guba,002055,1738143743,预测市值800亿左右，债务根本不值一提，慢慢等就行！,,老练的戚春燕,5647037201743930,2026-07-06 10:00:26,257,10,0,0,False,False,"https://guba.eastmoney.com/news,002055,1738143743.html",2026-07-06 17:08:25
eastmoney_guba,002055,1738174940,宁愿在ST中捡宝贝也不要去外面买拉几，今天起有价值有摘帽预期的ST股会一路修复价,,银河纳百川,4516165648349016,2026-07-06 10:12:01,61,0,0,0,False,False,"https://guba.eastmoney.com/news,002055,1738174940.html",2026-07-06 17:08:25
eastmoney_guba,002055,1738176942,好股，特别好操作，稳稳的。,,心中有山海2026,4970094369389160,2026-07-06 10:12:49,41,0,0,0,False,False,"https://guba.eastmoney.com/news,002055,1738176942.html",2026-07-06 17:08:25
eastmoney_guba,002055,1738178091,不蒸馒头，争口气，加油，你才是真龙！,,嗨T哥,7487446659836790,2026-07-06 10:13:15,36,0,0,0,False,False,"https://guba.eastmoney.com/news,002055,1738178091.html",2026-07-06 17:08:25
eastmoney_guba,002055,1738179798,从75元跌到现在你真牛逼,,股友7133c657C0,5352127784688630,2026-07-06 10:13:51,54,1,0,0,False,False,"https://guba.eastmoney.com/news,002055,1738179798.html",2026-07-06 17:08:25
eastmoney_guba,002055,1738196929,666全是散户在跑,,股友868P192g93,7695047695690694,2026-07-06 10:19:48,35,0,0,0,False,False,"https://guba.eastmoney.com/news,002055,1738196929.html",2026-07-06 17:08:25
eastmoney_guba,002055,1738197137,既然来了就安心等着退市吧！,,智驾风云,8056513377779574,2026-07-06 10:19:52,65,1,0,0,False,False,"https://guba.eastmoney.com/news,002055,1738197137.html",2026-07-06 17:08:25
eastmoney_guba,002055,1738201647,这压盘动作也太明显了，都是大单低几个价位硬按,,我在情绪之外,9194047483250996,2026-07-06 10:21:30,48,0,0,0,False,False,"https://guba.eastmoney.com/news,002055,1738201647.html",2026-07-06 17:08:25
eastmoney_guba,002055,1738212392,今天涨停了,,机智地丁香,1314346394761656,2026-07-06 10:25:23,34,0,0,0,False,False,"https://guba.eastmoney.com/news,002055,1738212392.html",2026-07-06 17:08:25
eastmoney_guba,002055,1738217395,今天完全靠你在撑场面，太惨了,,曹风徐来,9348396264114244,2026-07-06 10:27:18,48,0,1,0,False,False,"https://guba.eastmoney.com/news,002055,1738217395.html",2026-07-06 17:08:25
eastmoney_guba,002055,1738227805,今日涨停，立贴为证,,我是风向标,7292015289809824,2026-07-06 10:31:27,70,1,0,0,False,False,"https://guba.eastmoney.com/news,002055,1738227805.html",2026-07-06 17:08:25
eastmoney_guba,002055,1738232488,这周两大预期看点：1:中报预披露2:抵押撤查封,,笑逐颜开的龚艳,2079345942814724,2026-07-06 10:33:13,165,2,0,0,False,False,"https://guba.eastmoney.com/news,002055,1738232488.html",2026-07-06 17:08:25
eastmoney_guba,002055,1738272649,大盘蹦着3000点去了，牛市结束了。,,自强不息de小柿子,1238325856155860,2026-07-06 10:49:21,38,0,0,0,False,False,"https://guba.eastmoney.com/news,002055,1738272649.html",2026-07-06 17:08:25
eastmoney_guba,002055,1738272834,中报预增快出来了？中报业绩应该在一亿上下之间？,,n1417601697a75df,4692094176016970,2026-07-06 10:49:25,128,2,0,0,False,False,"https://guba.eastmoney.com/news,002055,1738272834.html",2026-07-06 17:08:25
eastmoney_guba,002055,1738300231,今天又套了一波,,得润两位数,3290024582242248,2026-07-06 11:02:07,34,0,0,0,False,False,"https://guba.eastmoney.com/news,002055,1738300231.html",2026-07-06 17:08:25
eastmoney_guba,002055,1738302776,今天机构调仓，指数波动巨大，得润也被指数带下来，但承接可以，不必恐慌。,,掘金高歌,5238386190584350,2026-07-06 11:03:39,139,1,0,0,False,False,"https://guba.eastmoney.com/news,002055,1738302776.html",2026-07-06 17:08:25
eastmoney_guba,002055,1738325070,连接器龙头华丰科技大涨，市值已经快1000亿了得润你要加油吧。,,OngMaNiBMH,5590112076628564,2026-07-06 11:16:36,396,0,0,0,True,False,"https://guba.eastmoney.com/news,002055,1738325070.html",2026-07-06 17:08:25
eastmoney_guba,002055,1738332494,我卖了就爆涨真可以啊,,涨停板入手,7578325512536212,2026-07-06 11:21:26,37,0,0,0,False,False,"https://guba.eastmoney.com/news,002055,1738332494.html",2026-07-06 17:08:25
eastmoney_guba,002055,1738419005,ST股短期无望，得润清仓，愿继续坚守得润的兄弟们拿到20,,大内捕快,6748112735109374,2026-07-06 13:16:44,82,0,0,0,True,False,"https://guba.eastmoney.com/news,002055,1738419005.html",2026-07-06 17:08:25
eastmoney_guba,002055,1738433081,今天套了好多人啊,,得润两位数,3290024582242248,2026-07-06 13:24:32,46,0,0,0,False,False,"https://guba.eastmoney.com/news,002055,1738433081.html",2026-07-06 17:08:25
eastmoney_guba,002055,1738438906,10%跌停，等着抄底,,傲寒的秦岚,5793047755670376,2026-07-06 13:28:25,70,1,0,0,False,False,"https://guba.eastmoney.com/news,002055,1738438906.html",2026-07-06 17:08:25
eastmoney_guba,002055,1738439905,走成这样，是真垃几,,在A股赚彩礼,2227067549591522,2026-07-06 13:29:10,54,0,0,0,False,False,"https://guba.eastmoney.com/news,002055,1738439905.html",2026-07-06 17:08:25
eastmoney_guba,002055,1738573780,走的真难看，先撤了，祝兄弟们发财,,股友39H3F82756,1110216210911782,2026-07-06 14:56:28,83,1,0,0,False,False,"https://guba.eastmoney.com/news,002055,1738573780.html",2026-07-06 17:08:25
eastmoney_guba,002055,1738591019,早上4.86买入，收盘还是4.86。T+0就是让你呆一天挨套的。,,股友账户,7958035046985054,2026-07-06 15:11:43,44,0,0,0,False,False,"https://guba.eastmoney.com/news,002055,1738591019.html",2026-07-06 17:08:25
eastmoney_guba,002055,1738600361,7.2元全部清仓，已到达上轨，等下跌到6.5元观察,,股友3966M3y561,4717087682060226,2026-07-06 15:23:22,58,0,0,0,False,False,"https://guba.eastmoney.com/news,002055,1738600361.html",2026-07-06 17:08:25
eastmoney_guba,002055,1738602823,今天形态非常难看，高位黄昏十字星，明后天很大概率暴跌,,股友3966M3y561,4717087682060226,2026-07-06 15:27:15,136,2,0,0,False,False,"https://guba.eastmoney.com/news,002055,1738602823.html",2026-07-06 17:08:25
eastmoney_guba,002055,1738633419,华为韬定律,,轻盈跳跃的八哥,5366315762063082,2026-07-06 16:33:24,50,0,0,0,False,False,"https://guba.eastmoney.com/news,002055,1738633419.html",2026-07-06 17:08:25
eastmoney_guba,002055,1738639790,九阴九阳，这才6个阳，继续格局,,在A股赚彩礼,2227067549591522,2026-07-06 16:49:38,101,2,0,0,False,False,"https://guba.eastmoney.com/news,002055,1738639790.html",2026-07-06 17:08:25
eastmoney_guba,002055,1738658661,差不多了,,沙鼎锅,3103315999644078,2026-07-06 17:44:44,47,0,0,0,False,False,"https://guba.eastmoney.com/news,002055,1738658661.html",2026-07-06 17:08:25
eastmoney_guba,002055,1738679207,本来也是进来博st新规的，以为能有个涨停，居然是一两块超低价的st股涨的好，利润,,n1439440630a646d,5521094394406308,2026-07-06 19:04:33,149,0,0,0,False,False,"https://guba.eastmoney.com/news,002055,1738679207.html",2026-07-06 17:08:25
eastmoney_guba,002055,1738725890,问一下这票跟英特尔吗？,,st登神,7607007455042418,2026-07-06 21:35:05,58,2,0,0,False,False,"https://guba.eastmoney.com/news,002055,1738725890.html",2026-07-06 17:08:25
