platform,stock_code,post_id,title,content,author,author_id,publish_time,read_count,comment_count,forward_count,bullish_bearish,has_pic,has_video,url,crawl_time
eastmoney_guba,688076,1568937535,A股限售股解禁一览：5.23亿元市值限售股今日解禁,,中国宝安资讯,1943113638012590,2025-07-09 08:12:49,5772,16,1,0,False,False,"https://guba.eastmoney.com/news,688076,1568937535.html",2026-07-06 17:07:00
eastmoney_guba,688076,1573091659,诺泰生物:关于收到《行政处罚事先告知书》的公告,,ST诺泰资讯,9038395923854884,2025-07-18 20:35:29,2781,118,275,0,False,False,"https://guba.eastmoney.com/news,688076,1573091659.html",2026-07-06 17:07:15
eastmoney_guba,688076,1573160879,要带帽了，各路浑水摸鱼的都来了，诺泰生物有社保和招商基金重仓持股，这里说点正事:,,秦砖汉瓦无言,8422013749143902,2025-07-19 15:10:17,1675,30,3,0,False,False,"https://guba.eastmoney.com/news,688076,1573160879.html",2026-07-06 17:07:04
eastmoney_guba,688076,1573165008,看到6块,,运城仰天长啸,3166094326072358,2025-07-19 16:21:30,519,6,1,0,False,False,"https://guba.eastmoney.com/news,688076,1573165008.html",2026-07-06 17:07:19
eastmoney_guba,688076,1573179888,索赔条件:2022年4月28日-2024年10月23日，期间有买入，2024年1,,旷真星火索赔,8869017182439414,2025-07-19 19:35:34,2037,75,3,0,False,False,"https://guba.eastmoney.com/news,688076,1573179888.html",2026-07-06 17:06:50
eastmoney_guba,688076,1573225553,如果今年没造假，业绩是真的，周二开盘最大的可能是低开高走，低开至37.78元左右,,会添富msg,9912094385910038,2025-07-20 13:42:03,377,4,0,0,False,False,"https://guba.eastmoney.com/news,688076,1573225553.html",2026-07-06 17:07:19
eastmoney_guba,688076,1573238344,说说诺泰被ST后我的操作计划,,咱只做高抛低吸,5846086959767594,2025-07-20 16:16:41,7682,157,35,0,True,False,"https://guba.eastmoney.com/news,688076,1573238344.html",2026-07-06 17:07:32
eastmoney_guba,688076,1573886619,科创板新股ST诺泰“重新上市”，今年不亏损，2026年增长60%，利润上5亿，合,,珍宝王国,8868345941839286,2025-07-22 09:49:30,777,19,0,0,False,False,"https://guba.eastmoney.com/news,688076,1573886619.html",2026-07-06 17:07:36
eastmoney_guba,688076,1576388267,诺泰生物上市首年即财务造假，南京证券再陷“看门人”失职漩涡,,ST诺泰资讯,9038395923854884,2025-07-28 10:33:20,3789,19,11,0,False,False,"https://guba.eastmoney.com/news,688076,1576388267.html",2026-07-06 17:07:27
eastmoney_guba,688076,1577186179,2025年7月18日，诺泰生物收到证监会的《行政处罚事先告知书》。索赔基准日为2,,兰迪投资者保护法律部,7353007512766184,2025-07-29 16:23:21,463,16,0,0,False,False,"https://guba.eastmoney.com/news,688076,1577186179.html",2026-07-06 17:07:25
eastmoney_guba,688076,1577911666,高级公司在业绩交流会上表示：在积极寻找优质资产，推动业务转型，同时也考虑转让控制,,账户已注销,9940316477762598,2025-07-31 09:39:52,282,3,0,0,False,False,"https://guba.eastmoney.com/news,688076,1577911666.html",2026-07-06 17:07:38
eastmoney_guba,688076,1578555337,夯实了50自然会继续北上。百元股俱乐部应该会进，社保甄选，价值重估。,,梵高特高,5806093969395102,2025-08-01 10:14:24,444,8,0,0,False,False,"https://guba.eastmoney.com/news,688076,1578555337.html",2026-07-06 17:07:36
eastmoney_guba,688076,1578682511,60元以下是机会，还没有填满权。,,燕京资本688,7800005105383880,2025-08-01 12:35:36,393,12,0,0,False,False,"https://guba.eastmoney.com/news,688076,1578682511.html",2026-07-06 17:07:38
eastmoney_guba,688076,1578957739,有人拿减肥药去跟易中天这种股去比，真可笑。易中天的技术门槛摆在那了，5年了国内同,,幸运刺猬,5100535183516786,2025-08-02 09:20:07,797,15,2,0,False,False,"https://guba.eastmoney.com/news,688076,1578957739.html",2026-07-06 17:07:34
eastmoney_guba,688076,1578995212,即使专利到期，能够通过欧盟和美国FDA检查的原料药生产更少，诺泰具备成本优势。公,,燕京资本688,7800005105383880,2025-08-02 19:27:38,401,1,0,0,False,False,"https://guba.eastmoney.com/news,688076,1578995212.html",2026-07-06 17:07:38
eastmoney_guba,688076,1579024777,深度分析：特朗普的药品降价要求将对减肥原料药出口企业影响如何？特朗普要求全球制药,,佛山隐士,5331047298658940,2025-08-03 10:58:11,1992,35,5,0,False,False,"https://guba.eastmoney.com/news,688076,1579024777.html",2026-07-06 17:07:38
eastmoney_guba,688076,1579195104,跌得还不够痛，跌痛了再来吧,,还康得新正义,4313075457881082,2025-08-04 10:09:17,99,2,0,0,False,False,"https://guba.eastmoney.com/news,688076,1579195104.html",2026-07-06 17:07:38
eastmoney_guba,688076,1579238888,老美即将对医药实施集采，超级大利空！！！,,风物长宜929,5243035143446006,2025-08-04 10:42:44,141,2,0,0,False,False,"https://guba.eastmoney.com/news,688076,1579238888.html",2026-07-06 17:07:38
eastmoney_guba,688076,1579245158,148只个股连续5日或5日以上获主力资金净买入,,聚和材料资讯,9210326249657066,2025-08-04 10:48:30,4429,21,1,0,False,False,"https://guba.eastmoney.com/news,688076,1579245158.html",2026-07-06 17:07:36
eastmoney_guba,688076,1579264672,医药和减肥药板块都有短期头部特征，谨慎一点,,水木哥不赌为赢,6068645184249638,2025-08-04 11:06:30,145,5,0,0,False,False,"https://guba.eastmoney.com/news,688076,1579264672.html",2026-07-06 17:07:38
eastmoney_guba,688076,1579270849,连续下跌，确实还是挺失望的啊,,飞天股票小仙女,1503094384634500,2025-08-04 11:12:40,89,1,0,0,False,False,"https://guba.eastmoney.com/news,688076,1579270849.html",2026-07-06 17:07:38
eastmoney_guba,688076,1579291489,ST诺泰放量大跌，释放什么信号？,,沃伦芭菲特,9735074858808002,2025-08-04 11:39:45,258,6,0,0,False,False,"https://guba.eastmoney.com/news,688076,1579291489.html",2026-07-06 17:07:38
eastmoney_guba,688076,1579295207,耐心等待40,,尘埃时代,4111035011442624,2025-08-04 11:51:34,145,4,0,0,False,False,"https://guba.eastmoney.com/news,688076,1579295207.html",2026-07-06 17:07:38
eastmoney_guba,688076,1579301715,耐心等待38元，大家不要急，到时我会发帖。,,大气的宋思明,4136007409885006,2025-08-04 12:20:04,139,3,0,0,False,False,"https://guba.eastmoney.com/news,688076,1579301715.html",2026-07-06 17:07:38
eastmoney_guba,688076,1579303165,时刻关注财务造假索赔进展，ST股票风险极大！！！,,牛气冲天的巴非特,4178007409902686,2025-08-04 12:27:50,106,0,0,0,False,False,"https://guba.eastmoney.com/news,688076,1579303165.html",2026-07-06 17:07:38
eastmoney_guba,688076,1579313661,那个翰宇药业，拔地而起！你差啥？,,遥远的塞纳河888,9037094342652420,2025-08-04 13:02:18,172,3,0,0,False,False,"https://guba.eastmoney.com/news,688076,1579313661.html",2026-07-06 17:07:38
eastmoney_guba,688076,1579315884,早上开盘买了翰宇药业,,忠与叶,1181054527685094,2025-08-04 13:05:05,90,1,0,0,False,False,"https://guba.eastmoney.com/news,688076,1579315884.html",2026-07-06 17:07:38
eastmoney_guba,688076,1579316860,感谢瀚宇吧。不然还在地板呢,,屯老二才买A股,8960346358579732,2025-08-04 13:06:12,90,0,0,0,False,False,"https://guba.eastmoney.com/news,688076,1579316860.html",2026-07-06 17:07:38
eastmoney_guba,688076,1579318417,看好瀚宇和博瑞合作,,忠与叶,1181054527685094,2025-08-04 13:08:02,84,0,0,0,False,False,"https://guba.eastmoney.com/news,688076,1579318417.html",2026-07-06 17:07:38
eastmoney_guba,688076,1579319172,诺泰趁热点的能力太差了，趁热点的能力真的比翰宇药业真的差远了。,,中国股市投资巨头,3556366205011162,2025-08-04 13:08:51,112,2,0,0,False,False,"https://guba.eastmoney.com/news,688076,1579319172.html",2026-07-06 17:07:38
eastmoney_guba,688076,1579325186,翰宇200e了诺泰这点市值，慢慢来吧,,郭平安,1013206053264178,2025-08-04 13:15:05,101,1,0,0,False,False,"https://guba.eastmoney.com/news,688076,1579325186.html",2026-07-06 17:07:38
eastmoney_guba,688076,1579326311,跌就跌别去跟隔壁那乱七八糟的票,,萤火之约,4903065278637186,2025-08-04 13:16:14,96,2,0,0,False,False,"https://guba.eastmoney.com/news,688076,1579326311.html",2026-07-06 17:07:38
eastmoney_guba,688076,1579329497,垃圾，带都带不动？,,支持小米京东华为强国,9232355542602340,2025-08-04 13:19:33,77,1,0,0,False,False,"https://guba.eastmoney.com/news,688076,1579329497.html",2026-07-06 17:07:38
eastmoney_guba,688076,1579338031,翰羽板了,,忠与叶,1181054527685094,2025-08-04 13:28:03,83,0,0,0,False,False,"https://guba.eastmoney.com/news,688076,1579338031.html",2026-07-06 17:07:38
eastmoney_guba,688076,1579341200,20厘米涨停都带不动它,,还康得新正义,4313075457881082,2025-08-04 13:31:04,80,0,0,0,False,False,"https://guba.eastmoney.com/news,688076,1579341200.html",2026-07-06 17:07:38
eastmoney_guba,688076,1579349815,三季报预告出来，是这股开始发疯的时候，耐心持股,,基民DnTQ8W,8267395989298106,2025-08-04 13:39:55,108,0,0,0,False,False,"https://guba.eastmoney.com/news,688076,1579349815.html",2026-07-06 17:07:38
eastmoney_guba,688076,1579352102,要20个点涨停了。。。,,weka,4923235732188266,2025-08-04 13:42:11,100,0,0,0,False,False,"https://guba.eastmoney.com/news,688076,1579352102.html",2026-07-06 17:07:38
eastmoney_guba,688076,1579353098,同志，我错了吗？我真的错了？他都st了，我不买你不买，难道让他退市？,,屯老二才买A股,8960346358579732,2025-08-04 13:43:13,97,1,0,0,False,False,"https://guba.eastmoney.com/news,688076,1579353098.html",2026-07-06 17:07:38
eastmoney_guba,688076,1579356288,真看不懂，减肥药进医保，本来是大利好，大A直接理解为利空,,郭平安,1013206053264178,2025-08-04 13:46:30,157,4,0,0,False,False,"https://guba.eastmoney.com/news,688076,1579356288.html",2026-07-06 17:07:38
eastmoney_guba,688076,1579368914,买盘几乎已经枯竭了,,中国芒恪,3628094076399488,2025-08-04 13:59:04,242,12,0,0,False,False,"https://guba.eastmoney.com/news,688076,1579368914.html",2026-07-06 17:07:38
eastmoney_guba,688076,1579375841,炒股最痛苦的是赔钱比赔钱还痛苦的是踏空比踏空还痛苦的是赔钱+踏空同时实现了,,屯老二才买A股,8960346358579732,2025-08-04 14:06:01,119,2,0,0,False,False,"https://guba.eastmoney.com/news,688076,1579375841.html",2026-07-06 17:07:38
eastmoney_guba,688076,1579378307,主力调整节奏被打乱，调整时间会拉长。短线T出。,,股友RH7QI0,3152395770984070,2025-08-04 14:08:30,91,0,0,0,False,False,"https://guba.eastmoney.com/news,688076,1579378307.html",2026-07-06 17:07:38
eastmoney_guba,688076,1579381797,我卖了你可以拉了一般我卖了的就涨,,万花镜写轮眼,1399145319247286,2025-08-04 14:11:56,85,0,0,0,False,False,"https://guba.eastmoney.com/news,688076,1579381797.html",2026-07-06 17:07:38
eastmoney_guba,688076,1579402572,与翰宇药业相比，诺泰低估太多。300199涨得好，诺泰自然涨得好，耐心持有。,,燕京资本688,7800005105383880,2025-08-04 14:31:13,367,11,0,0,False,False,"https://guba.eastmoney.com/news,688076,1579402572.html",2026-07-06 17:07:36
eastmoney_guba,688076,1579425947,，尾盘还砸盘,,梦想有多远,8349426606204228,2025-08-04 14:51:42,115,2,0,0,False,False,"https://guba.eastmoney.com/news,688076,1579425947.html",2026-07-06 17:07:38
eastmoney_guba,688076,1579426790,神经病发作了！,,雨后池塘2,6512093932053344,2025-08-04 14:52:22,91,1,0,0,False,False,"https://guba.eastmoney.com/news,688076,1579426790.html",2026-07-06 17:07:38
eastmoney_guba,688076,1579432430,现在卖就亏大发了，还没有填满权，至少到60才合理。,,燕京资本688,7800005105383880,2025-08-04 14:56:40,137,3,0,0,False,False,"https://guba.eastmoney.com/news,688076,1579432430.html",2026-07-06 17:07:38
eastmoney_guba,688076,1579442344,ST诺泰大跌，形势堪忧，建议卖出。今日股市中，ST诺泰走势令人大跌眼镜，与市场整,,沃伦芭菲特,9735074858808002,2025-08-04 15:09:00,573,21,0,0,False,False,"https://guba.eastmoney.com/news,688076,1579442344.html",2026-07-06 17:07:34
eastmoney_guba,688076,1579444658,一个创新药，一个仿制药，不要去跟瀚宇比了，比不过的？仿制药估值跟化工靠近！,,幸运刺猬,5100535183516786,2025-08-04 15:13:55,257,1,0,0,False,False,"https://guba.eastmoney.com/news,688076,1579444658.html",2026-07-06 17:07:38
eastmoney_guba,688076,1579446120,主力完全控盘，短期来看还没调到位，今天大盘和板块这么强，翰羽涨停，圣诺涨4.13,,梦想有多远,8349426606204228,2025-08-04 15:17:05,342,6,0,0,False,False,"https://guba.eastmoney.com/news,688076,1579446120.html",2026-07-06 17:07:38
eastmoney_guba,688076,1579449869,唱空很成功，连跌两天，两天大跌，吓死人了,,股友mM68oB,1159054932808956,2025-08-04 15:27:32,130,2,0,0,False,False,"https://guba.eastmoney.com/news,688076,1579449869.html",2026-07-06 17:07:38
eastmoney_guba,688076,1579457454,股票投资太难了，最低点卖了20手,,LeonDady,9515365865096050,2025-08-04 15:51:33,226,4,0,0,False,False,"https://guba.eastmoney.com/news,688076,1579457454.html",2026-07-06 17:07:38
eastmoney_guba,688076,1579496902,翰宇药业涨停，诺泰生物不妨学学翰宇药业探索稳定币路径。翰宇药业近期与数字资产平台,,中国股市投资巨头,3556366205011162,2025-08-04 18:48:19,520,5,0,0,False,False,"https://guba.eastmoney.com/news,688076,1579496902.html",2026-07-06 17:07:38
eastmoney_guba,688076,1579498255,拿好就是了，近期回调，也是正常的,,石头小叮当,2519345662868604,2025-08-04 18:55:00,130,0,0,0,False,False,"https://guba.eastmoney.com/news,688076,1579498255.html",2026-07-06 17:07:38
eastmoney_guba,688076,1579502107,年底应该是可以到100,,坚定的杨寄琴,6956077056276364,2025-08-04 19:16:03,140,2,0,0,False,False,"https://guba.eastmoney.com/news,688076,1579502107.html",2026-07-06 17:07:38
eastmoney_guba,688076,1579503781,该说不说今天走的确实不好看，早上起来大笔资金就是砸，要不是后来瀚宇带动，下午都不,,屯老二才买A股,8960346358579732,2025-08-04 19:26:33,255,3,0,0,False,False,"https://guba.eastmoney.com/news,688076,1579503781.html",2026-07-06 17:07:38
eastmoney_guba,688076,1579503846,万花镜写轮眼说：st诺泰这支造假的票一直涨？？？@大众证券报@证券之星@北京商报,,基民0767p8y739,7825326167358300,2025-08-04 19:26:58,258,10,0,0,False,False,"https://guba.eastmoney.com/news,688076,1579503846.html",2026-07-06 17:07:38
eastmoney_guba,688076,1579505196,市场是称重机，好公司迟早会价值回归的。诺泰的质地优良，业绩高增长。,,燕京资本688,7800005105383880,2025-08-04 19:34:14,196,3,0,0,False,False,"https://guba.eastmoney.com/news,688076,1579505196.html",2026-07-06 17:07:38
eastmoney_guba,688076,1579517330,大家放心，诺泰8月4日隐士一股都没有减，只是早盘加了一点儿，尾盘前T掉了早盘加的,,佛山隐士,5331047298658940,2025-08-04 20:41:54,1752,34,1,0,False,False,"https://guba.eastmoney.com/news,688076,1579517330.html",2026-07-06 17:07:38
eastmoney_guba,688076,1579524055,抄底，上车！,,笔下山河秋,8246396260049066,2025-08-04 21:18:30,588,0,0,0,True,False,"https://guba.eastmoney.com/news,688076,1579524055.html",2026-07-06 17:07:38
eastmoney_guba,688076,1579529754,不多解释一年后的今天300亿估值是要到的,,九转还阳金丹,1673336271826970,2025-08-04 21:49:32,262,5,0,0,False,False,"https://guba.eastmoney.com/news,688076,1579529754.html",2026-07-06 17:07:38
eastmoney_guba,688076,1579537714,诺泰生物业绩迎来反转，下半年业绩有望增长10倍订单排单2027年,,小散老彭,8446014908516754,2025-08-04 22:34:20,1156,4,2,0,False,False,"https://guba.eastmoney.com/news,688076,1579537714.html",2026-07-06 17:07:38
eastmoney_guba,688076,1579548113,股吧里部分吧友的思维上涨的日子说是主力拉高出货下跌的日子说是步入下跌趋势放量的日,,萤火之约,4903065278637186,2025-08-05 00:04:51,223,0,0,0,False,False,"https://guba.eastmoney.com/news,688076,1579548113.html",2026-07-06 17:07:38
eastmoney_guba,688076,1579567638,此股三个月内不可碰,,基民WDSrmG,8801085325183960,2025-08-05 08:21:03,81,0,0,0,False,False,"https://guba.eastmoney.com/news,688076,1579567638.html",2026-07-06 17:07:38
eastmoney_guba,688076,1579598628,休整完毕，继续加油,,皨_曐,3927094178701568,2025-08-05 09:32:02,77,1,0,0,False,False,"https://guba.eastmoney.com/news,688076,1579598628.html",2026-07-06 17:07:38
eastmoney_guba,688076,1579623478,又要20cm了,,weka,4923235732188266,2025-08-05 09:42:41,160,2,0,0,False,False,"https://guba.eastmoney.com/news,688076,1579623478.html",2026-07-06 17:07:38
eastmoney_guba,688076,1579694090,诺泰生物太low了，主力刻意压盘，真没劲,,谦虚的君清雪,5212585183198414,2025-08-05 10:19:28,180,6,0,0,False,False,"https://guba.eastmoney.com/news,688076,1579694090.html",2026-07-06 17:07:38
eastmoney_guba,688076,1579748936,冲，洗好了！,,股友A197669V05,8030376544910926,2025-08-05 10:58:35,73,0,0,0,False,False,"https://guba.eastmoney.com/news,688076,1579748936.html",2026-07-06 17:07:38
eastmoney_guba,688076,1579753700,这股只有让卖出的买不回来，才能止跌,,还康得新正义,4313075457881082,2025-08-05 11:02:38,220,2,1,0,False,False,"https://guba.eastmoney.com/news,688076,1579753700.html",2026-07-06 17:07:38
eastmoney_guba,688076,1579754536,当前，主力筹码完全不足，4950上方坚定T出做短线。,,股友RH7QI0,3152395770984070,2025-08-05 11:03:21,92,0,0,0,False,False,"https://guba.eastmoney.com/news,688076,1579754536.html",2026-07-06 17:07:38
eastmoney_guba,688076,1579760208,没有只涨不跌的股，都在底部买入，等主力抬轿子？现在都没有交易量了。,,万花镜写轮眼,1399145319247286,2025-08-05 11:08:14,123,2,0,0,False,False,"https://guba.eastmoney.com/news,688076,1579760208.html",2026-07-06 17:07:38
eastmoney_guba,688076,1579787211,诺泰缩量上涨，量能萎缩，严重缺乏增量资金，后市上涨难以为继。,,沃伦芭菲特,9735074858808002,2025-08-05 11:36:26,443,17,0,0,False,False,"https://guba.eastmoney.com/news,688076,1579787211.html",2026-07-06 17:07:38
eastmoney_guba,688076,1579824742,不错的股票，但是短期内很难大涨可以先去别的地方过段时间再回来吧,,萤火之约,4903065278637186,2025-08-05 13:15:11,96,0,0,0,False,False,"https://guba.eastmoney.com/news,688076,1579824742.html",2026-07-06 17:07:38
eastmoney_guba,688076,1579830252,成交清淡，没有买卖，就没有伤害。,,飞天股票小仙女,1503094384634500,2025-08-05 13:20:09,88,0,0,0,False,False,"https://guba.eastmoney.com/news,688076,1579830252.html",2026-07-06 17:07:38
eastmoney_guba,688076,1579840136,极致的缩量带来极致的行情，期待明天的走势,,屯老二才买A股,8960346358579732,2025-08-05 13:28:49,105,1,0,0,False,False,"https://guba.eastmoney.com/news,688076,1579840136.html",2026-07-06 17:07:38
eastmoney_guba,688076,1579843414,完了完了完了，这个股票成交太少了，半小时换手才0.11%，这是要成为僵尸股的节奏,,中国股市投资巨头,3556366205011162,2025-08-05 13:31:35,100,0,0,0,False,False,"https://guba.eastmoney.com/news,688076,1579843414.html",2026-07-06 17:07:38
eastmoney_guba,688076,1579871912,缩量厉害，都躺平了,,古越新安,4541336174369464,2025-08-05 13:56:32,112,2,0,0,False,False,"https://guba.eastmoney.com/news,688076,1579871912.html",2026-07-06 17:07:38
eastmoney_guba,688076,1579942607,看来有的磨了！,,A369556515,1503094285725316,2025-08-05 14:55:37,86,0,0,0,False,False,"https://guba.eastmoney.com/news,688076,1579942607.html",2026-07-06 17:07:38
eastmoney_guba,688076,1579961984,2025年8月5日，ST诺泰新增“辅助生殖”概念。江苏诺泰澳赛诺生物制药股份有限,,中国股市投资巨头,3556366205011162,2025-08-05 15:24:00,202,1,0,0,False,False,"https://guba.eastmoney.com/news,688076,1579961984.html",2026-07-06 17:07:38
eastmoney_guba,688076,1579975420,ST诺泰8月5日收评：昨日收评中曾预测诺泰没有理由连续下跌，今日果然应验。诺泰早,,佛山隐士,5331047298658940,2025-08-05 16:05:38,1501,33,0,0,False,False,"https://guba.eastmoney.com/news,688076,1579975420.html",2026-07-06 17:07:29
eastmoney_guba,688076,1579975646,所有人都知道722是st的日子，但是很多人不知道的是，主力在5月低6月初就为这次,,屯老二才买A股,8960346358579732,2025-08-05 16:06:22,198,1,0,0,False,False,"https://guba.eastmoney.com/news,688076,1579975646.html",2026-07-06 17:07:38
eastmoney_guba,688076,1579978638,ST诺泰:关于自愿披露通过药品cGMP现场检查的公告,,ST诺泰资讯,9038395923854884,2025-08-05 16:17:19,430,12,13,0,False,False,"https://guba.eastmoney.com/news,688076,1579978638.html",2026-07-06 17:07:38
eastmoney_guba,688076,1579981512,ST诺泰：通过药品cGMP现场检查,,ST诺泰资讯,9038395923854884,2025-08-05 16:29:00,909,1,0,0,False,False,"https://guba.eastmoney.com/news,688076,1579981512.html",2026-07-06 17:07:36
eastmoney_guba,688076,1579981528,ST诺泰(688076.SH)通过药品cGMP现场检查,,智通财经,1229034599342114,2025-08-05 16:29:04,643,3,2,0,False,False,"https://guba.eastmoney.com/news,688076,1579981528.html",2026-07-06 17:07:38
eastmoney_guba,688076,1579981603,ST诺泰：公司原料药生产线通过巴西卫生监督局cGMP现场检查,,ST诺泰资讯,9038395923854884,2025-08-05 16:29:20,1051,1,2,0,False,False,"https://guba.eastmoney.com/news,688076,1579981603.html",2026-07-06 17:07:36
eastmoney_guba,688076,1579982419,ST诺泰获巴西颁发CBPF-GMP证书,,ST诺泰资讯,9038395923854884,2025-08-05 16:32:30,1124,6,1,0,False,False,"https://guba.eastmoney.com/news,688076,1579982419.html",2026-07-06 17:07:38
eastmoney_guba,688076,1579985723,Sandoz拟推出仿制版减肥药 有望比原研药降价六到七成,,水木哥不赌为赢,6068645184249638,2025-08-05 16:44:05,312,2,0,0,False,False,"https://guba.eastmoney.com/news,688076,1579985723.html",2026-07-06 17:07:38
eastmoney_guba,688076,1579988711,原料药生产通过海外合规检查，诺泰的产品质量达到国际标准，将有助于提升诺泰在全球市,,燕京资本688,7800005105383880,2025-08-05 16:55:14,162,1,0,0,False,False,"https://guba.eastmoney.com/news,688076,1579988711.html",2026-07-06 17:07:36
eastmoney_guba,688076,1579995681,各位，巴西除了足球的贝利和罗纳尔多，还有什么呢？,,沃伦芭菲特,9735074858808002,2025-08-05 17:21:44,189,4,0,0,False,False,"https://guba.eastmoney.com/news,688076,1579995681.html",2026-07-06 17:07:38
eastmoney_guba,688076,1579995827,中证1000指数样本临时调整，调入万和电气、特发服务等,,*ST未名资讯,1972113638360786,2025-08-05 17:22:29,7359,29,5,0,False,False,"https://guba.eastmoney.com/news,688076,1579995827.html",2026-07-06 17:07:36
eastmoney_guba,688076,1579996536,突发，重大利空！ST诺泰被调出中证1000指数！8月5日，据中证指数有限公司网站,,大气的宋思明,4136007409885006,2025-08-05 17:25:40,542,26,1,0,False,False,"https://guba.eastmoney.com/news,688076,1579996536.html",2026-07-06 17:07:38
eastmoney_guba,688076,1580005445,有说利好的有说利空的，特意查了一下，短期利空不用说了，明后天该指数基金都要跑路，,,万花镜写轮眼,1399145319247286,2025-08-05 18:05:01,1661,17,1,0,True,False,"https://guba.eastmoney.com/news,688076,1580005445.html",2026-07-06 17:07:32
eastmoney_guba,688076,1580012052,该卖的都卖了也就能涨了,,从容的金融小单车,6212094526840066,2025-08-05 18:37:11,101,0,0,0,False,False,"https://guba.eastmoney.com/news,688076,1580012052.html",2026-07-06 17:07:38
eastmoney_guba,688076,1580028557,现在的主力真是什么都做得出来，为了骗筹码特意雇了巴菲特、宋某某等人天天发利空消息,,陈扶摇,2707385668627232,2025-08-05 20:05:32,122,0,0,0,False,False,"https://guba.eastmoney.com/news,688076,1580028557.html",2026-07-06 17:07:38
eastmoney_guba,688076,1580033177,st，调出中证1000，美国降价政策威胁等，都仅仅是事件。左右其价格的还是价值。,,独守花自开,3447335569687896,2025-08-05 20:29:01,439,3,2,0,False,False,"https://guba.eastmoney.com/news,688076,1580033177.html",2026-07-06 17:07:38
eastmoney_guba,688076,1580035493,明天如何走？,,猫着VwVw,8242513640260012,2025-08-05 20:40:24,449,0,0,0,True,False,"https://guba.eastmoney.com/news,688076,1580035493.html",2026-07-06 17:07:38
eastmoney_guba,688076,1580038290,8月6日st公告汇总,,ST六点半,6726346221702876,2025-08-05 20:53:23,1763,1,1,0,False,False,"https://guba.eastmoney.com/news,688076,1580038290.html",2026-07-06 17:07:38
eastmoney_guba,688076,1580043739,还能被戴帽利空吗,,股友10kj63,3152395939156424,2025-08-05 21:19:36,112,0,0,0,False,False,"https://guba.eastmoney.com/news,688076,1580043739.html",2026-07-06 17:07:38
eastmoney_guba,688076,1580052855,今天诺泰最大看点是下午成交量急降。,,十年一梦雅砻江,3174034876009594,2025-08-05 22:02:19,356,8,0,0,False,False,"https://guba.eastmoney.com/news,688076,1580052855.html",2026-07-06 17:07:36
eastmoney_guba,688076,1580056205,诺泰生产规模强，储备充足，战略路线清晰，应该是我们这3年内应该重点关注的企业。一,,屯老二才买A股,8960346358579732,2025-08-05 22:19:45,336,3,1,0,True,False,"https://guba.eastmoney.com/news,688076,1580056205.html",2026-07-06 17:07:38
eastmoney_guba,688076,1580056999,被调出中证1000确实是利空，两天起码被动减持6000万,,tpg168,9545085470151934,2025-08-05 22:23:58,1028,24,3,0,False,False,"https://guba.eastmoney.com/news,688076,1580056999.html",2026-07-06 17:07:36
eastmoney_guba,688076,1580057246,特朗普药品关税最高可达250%，短期也将冲击药品生产企业，属于大利空。,,万花镜写轮眼,1399145319247286,2025-08-05 22:25:15,381,12,0,0,False,False,"https://guba.eastmoney.com/news,688076,1580057246.html",2026-07-06 17:07:36
eastmoney_guba,688076,1580059333,这也太吓人了，明天跑的出去吗？,,万花镜写轮眼,1399145319247286,2025-08-05 22:37:39,292,4,0,0,False,False,"https://guba.eastmoney.com/news,688076,1580059333.html",2026-07-06 17:07:36
eastmoney_guba,688076,1580059462,美洲国家，喝可乐的程度不可想象，要知道国人年均碳酸，是碳酸，才10-12升。而美,,屯老二才买A股,8960346358579732,2025-08-05 22:38:29,359,2,0,0,True,False,"https://guba.eastmoney.com/news,688076,1580059462.html",2026-07-06 17:07:38
eastmoney_guba,688076,1580059509,经过我们的初步测算，明天10个点起步，大家要冷静，千万要冷静。顺祝大家今天晚上睡,,沃伦芭菲特,9735074858808002,2025-08-05 22:38:42,324,6,0,0,False,False,"https://guba.eastmoney.com/news,688076,1580059509.html",2026-07-06 17:07:36
eastmoney_guba,688076,1580061350,不仅仅是巴西，更包括全球50多个国家。巴西ANVISA是国际PIC/S组织成员，,,中国股市投资巨头,3556366205011162,2025-08-05 22:50:02,211,1,0,0,False,False,"https://guba.eastmoney.com/news,688076,1580061350.html",2026-07-06 17:07:38
eastmoney_guba,688076,1580063334,看空的战友们越来越多了，这说明大家的意见越来越一致了。,,沃伦芭菲特,9735074858808002,2025-08-05 23:03:23,208,2,0,0,False,False,"https://guba.eastmoney.com/news,688076,1580063334.html",2026-07-06 17:07:36
eastmoney_guba,688076,1580067179,我41的本，最好跌回40元以下，我好重仓买入，可惜啊，现在仓位太轻了。,,努力的祝靖娴,3750346057809482,2025-08-05 23:38:00,173,0,0,0,False,False,"https://guba.eastmoney.com/news,688076,1580067179.html",2026-07-06 17:07:36
eastmoney_guba,688076,1580068687,咋咋呼呼的，是利空，但是影响多大？很多ETF基金持仓组合公告都很及时，用F10就,,仙人指路21,9363055096909586,2025-08-05 23:54:24,449,4,1,0,False,False,"https://guba.eastmoney.com/news,688076,1580068687.html",2026-07-06 17:07:36
eastmoney_guba,688076,1580075513,第一天被St都扛住才-6，一个小小的中证1000还怕个啥，他们能跑早就跑完了,,股友20132u5K95,4419386438207120,2025-08-06 03:57:02,192,3,0,0,False,False,"https://guba.eastmoney.com/news,688076,1580075513.html",2026-07-06 17:07:36
eastmoney_guba,688076,1580079154,这个群里有一堆人天天叭叭的这样看空那样看空，就是不跌，你说气人不！都是一群想搞筹,,肉肉的柠萌,2086336230742216,2025-08-06 06:10:03,122,1,0,0,False,False,"https://guba.eastmoney.com/news,688076,1580079154.html",2026-07-06 17:07:36
eastmoney_guba,688076,1580090716,想想前几天说ST会连续跌停的人就好笑，这不，又有说调出指数就会大跌的人了……,,皨_曐,3927094178701568,2025-08-06 08:28:04,87,1,0,0,False,False,"https://guba.eastmoney.com/news,688076,1580090716.html",2026-07-06 17:07:36
eastmoney_guba,688076,1580092927,调出中证1000指数，你们以为:这就是减持，各方抢跑，一定跌停实际情况:被动et,,屯老二才买A股,8960346358579732,2025-08-06 08:46:18,162,2,0,0,False,False,"https://guba.eastmoney.com/news,688076,1580092927.html",2026-07-06 17:07:36
eastmoney_guba,688076,1580098775,是不是有个新药属于辅助生殖？,,仙人指路21,9363055096909586,2025-08-06 09:10:43,48,0,0,0,False,False,"https://guba.eastmoney.com/news,688076,1580098775.html",2026-07-06 17:07:36
eastmoney_guba,688076,1580113505,入套了，不唱了。,,万花镜写轮眼,1399145319247286,2025-08-06 09:28:55,44,0,0,0,False,False,"https://guba.eastmoney.com/news,688076,1580113505.html",2026-07-06 17:07:36
eastmoney_guba,688076,1580118347,明明集合竞价就大跌，居然有人喊大涨。明明被调出指数是利空，有人却认为是利好。如此,,沃伦芭菲特,9735074858808002,2025-08-06 09:30:44,237,16,0,0,False,False,"https://guba.eastmoney.com/news,688076,1580118347.html",2026-07-06 17:07:27
eastmoney_guba,688076,1580143821,今天还适合买入么？,,梦想有多远,8349426606204228,2025-08-06 09:41:18,67,1,0,0,False,False,"https://guba.eastmoney.com/news,688076,1580143821.html",2026-07-06 17:07:36
eastmoney_guba,688076,1580155210,站上时代的风口相应国家的号召，为辅助生殖尽一份绵薄之力,,一茬韭菜Y,2469375532732852,2025-08-06 09:46:19,233,1,0,0,True,False,"https://guba.eastmoney.com/news,688076,1580155210.html",2026-07-06 17:07:36
eastmoney_guba,688076,1580176725,事实胜于雄辩，喊大涨的人看一看，今天早上是不是大跌了,,沃伦芭菲特,9735074858808002,2025-08-06 09:56:20,197,8,0,0,False,False,"https://guba.eastmoney.com/news,688076,1580176725.html",2026-07-06 17:07:36
eastmoney_guba,688076,1580183792,人家20厘米大长腿也没见你跟啊，人家跌你倒是跟着走了,,weka,4923235732188266,2025-08-06 09:59:51,73,0,0,0,False,False,"https://guba.eastmoney.com/news,688076,1580183792.html",2026-07-06 17:07:36
eastmoney_guba,688076,1580194734,指数基金如期清仓，但是影响有限，加仓的好机会,,tpg168,9545085470151934,2025-08-06 10:05:30,109,1,0,0,False,False,"https://guba.eastmoney.com/news,688076,1580194734.html",2026-07-06 17:07:36
eastmoney_guba,688076,1580205790,7/22还操作了诺泰的基金成本不超过42，所以这个局面是必然的,,哈士基,8105087494478586,2025-08-06 10:11:33,66,0,1,0,False,False,"https://guba.eastmoney.com/news,688076,1580205790.html",2026-07-06 17:07:36
eastmoney_guba,688076,1580209358,成交量只要不放大就可以了,,古越新安,4541336174369464,2025-08-06 10:13:33,97,3,0,0,False,False,"https://guba.eastmoney.com/news,688076,1580209358.html",2026-07-06 17:07:36
eastmoney_guba,688076,1580220641,昨天一直在打鸡血的那群人，今天是不是都抢跑了？昨天让大家不要卖，你们今天是不是都,,霸王龙0602,9217094304365474,2025-08-06 10:19:47,105,1,0,0,False,False,"https://guba.eastmoney.com/news,688076,1580220641.html",2026-07-06 17:07:36
eastmoney_guba,688076,1580220780,1浪主升小甜甜2浪横盘调整牛夫人，都不要，那就低吸些等3浪主升,,梵高特高,5806093969395102,2025-08-06 10:19:52,689,19,1,0,False,False,"https://guba.eastmoney.com/news,688076,1580220780.html",2026-07-06 17:07:34
eastmoney_guba,688076,1580223059,看着流哈利子了……,,万花镜写轮眼,1399145319247286,2025-08-06 10:21:12,92,2,0,0,False,False,"https://guba.eastmoney.com/news,688076,1580223059.html",2026-07-06 17:07:36
eastmoney_guba,688076,1580242511,早上先抛了，待45再来，现st创兴喝汤,,东财网友3570513351338102,3570513351338102,2025-08-06 10:32:58,83,1,0,0,False,False,"https://guba.eastmoney.com/news,688076,1580242511.html",2026-07-06 17:07:36
eastmoney_guba,688076,1580258261,我锁仓了忽略短期波动，懒得看了有本事就砸10个点下来,,梦想有多远,8349426606204228,2025-08-06 10:43:33,109,1,0,0,False,False,"https://guba.eastmoney.com/news,688076,1580258261.html",2026-07-06 17:07:36
eastmoney_guba,688076,1580279109,隐士不走，此股难涨。只要他唱过的股，大部分就在顶部，而后开始下跌。此人一到，寸草,,有同情心的韩弘,6593114807730644,2025-08-06 10:58:46,436,19,1,0,False,False,"https://guba.eastmoney.com/news,688076,1580279109.html",2026-07-06 17:07:23
eastmoney_guba,688076,1580295480,每次回调都是老天爷给你的机会，小跃小买，大跌丈买！业绩是王道，什么都不要信。,,沪13134407508076,2115023763703242,2025-08-06 11:11:26,86,1,0,0,False,False,"https://guba.eastmoney.com/news,688076,1580295480.html",2026-07-06 17:07:36
eastmoney_guba,688076,1580307568,我一抛就涨，主力太鸡贼,,股友86pt611905,2931316098174320,2025-08-06 11:21:26,95,2,0,0,False,False,"https://guba.eastmoney.com/news,688076,1580307568.html",2026-07-06 17:07:36
eastmoney_guba,688076,1580310345,被踢出中证1000，现在中证1000etf基金应该出完了,,吖啶锕,4227396211232666,2025-08-06 11:23:49,82,0,0,0,False,False,"https://guba.eastmoney.com/news,688076,1580310345.html",2026-07-06 17:07:36
eastmoney_guba,688076,1580310382,早上又抛了不少吧,,股友mM68oB,1159054932808956,2025-08-06 11:23:51,75,1,0,0,False,False,"https://guba.eastmoney.com/news,688076,1580310382.html",2026-07-06 17:07:36
eastmoney_guba,688076,1580312873,洗干净是好事，别在意一时的涨跌，坚定拿住，让投机取巧远离才能走的更好,,沪13134407508076,2115023763703242,2025-08-06 11:26:00,83,1,0,0,False,False,"https://guba.eastmoney.com/news,688076,1580312873.html",2026-07-06 17:07:36
eastmoney_guba,688076,1580313036,跌下来就买，生死看淡，不服就干！,,晚上的清秋,3598396081954208,2025-08-06 11:26:08,75,1,0,0,False,False,"https://guba.eastmoney.com/news,688076,1580313036.html",2026-07-06 17:07:36
eastmoney_guba,688076,1580317995,ST诺泰大跌 未来形势如何？,,萤火之约,4903065278637186,2025-08-06 11:30:34,682,15,0,0,False,False,"https://guba.eastmoney.com/news,688076,1580317995.html",2026-07-06 17:07:36
eastmoney_guba,688076,1580319177,淦47.15没买上,,追高是狗啊喂,3564336099451880,2025-08-06 11:32:06,72,0,0,0,False,False,"https://guba.eastmoney.com/news,688076,1580319177.html",2026-07-06 17:07:36
eastmoney_guba,688076,1580320853,诺泰高位放量暴跌，后市形势严峻，建议尽快卖出,,沃伦芭菲特,9735074858808002,2025-08-06 11:34:48,268,5,0,0,False,False,"https://guba.eastmoney.com/news,688076,1580320853.html",2026-07-06 17:07:36
eastmoney_guba,688076,1580320963,芭菲特到这绝对裤衩都不剩的,,股友mM68oB,1159054932808956,2025-08-06 11:35:01,81,0,0,0,False,False,"https://guba.eastmoney.com/news,688076,1580320963.html",2026-07-06 17:07:36
eastmoney_guba,688076,1580321425,掐指一算。8月8日适合建仓,,梦想有多远,8349426606204228,2025-08-06 11:35:51,79,0,0,0,False,False,"https://guba.eastmoney.com/news,688076,1580321425.html",2026-07-06 17:07:36
eastmoney_guba,688076,1580326870,龙头就是龙头,,冷透了心,7720315844576538,2025-08-06 11:48:04,76,0,0,0,False,False,"https://guba.eastmoney.com/news,688076,1580326870.html",2026-07-06 17:07:36
eastmoney_guba,688076,1580333695,日线级别的放量下跌缩量反弹，庄用这么恶心的控盘方式。两亿抛售，两千万拉上来。可怜,,STW5555,2262376395333000,2025-08-06 12:09:23,116,0,0,0,False,False,"https://guba.eastmoney.com/news,688076,1580333695.html",2026-07-06 17:07:36
eastmoney_guba,688076,1580338083,优秀的企业不要太在意短期波动，往长了看,,从容的金融小单车,6212094526840066,2025-08-06 12:27:59,76,0,0,0,False,False,"https://guba.eastmoney.com/news,688076,1580338083.html",2026-07-06 17:07:36
eastmoney_guba,688076,1580341029,股吧最应该打击的应该是稳土这种圈粉赚钱的，确实太坏了,,中国股市投资巨头,3556366205011162,2025-08-06 12:41:27,86,0,0,0,False,False,"https://guba.eastmoney.com/news,688076,1580341029.html",2026-07-06 17:07:36
eastmoney_guba,688076,1580343949,等吧，40再接回来,,尘埃时代,4111035011442624,2025-08-06 12:53:57,96,2,0,0,False,False,"https://guba.eastmoney.com/news,688076,1580343949.html",2026-07-06 17:07:34
eastmoney_guba,688076,1580344607,今天本来想水下买一点等涨了t一下，没想到两个点买的还能再跌两个点，虽然收上来了，,,是林在啊,4540094647058894,2025-08-06 12:56:45,102,0,0,0,False,False,"https://guba.eastmoney.com/news,688076,1580344607.html",2026-07-06 17:07:36
eastmoney_guba,688076,1580353805,大家可以再多等一等，跌到30可以买。,,沃伦芭菲特,9735074858808002,2025-08-06 13:04:49,103,2,0,0,False,False,"https://guba.eastmoney.com/news,688076,1580353805.html",2026-07-06 17:07:36
eastmoney_guba,688076,1580371804,不要过度看空，调整到38元附近可以买了,,大气的宋思明,4136007409885006,2025-08-06 13:20:03,86,0,0,0,False,False,"https://guba.eastmoney.com/news,688076,1580371804.html",2026-07-06 17:07:36
eastmoney_guba,688076,1580383191,下面就不大篇幅评论了，后市先跌到30元，再跌到20元，极端情况可能跌到10元以下,,沃伦芭菲特,9735074858808002,2025-08-06 13:29:00,265,7,0,0,False,False,"https://guba.eastmoney.com/news,688076,1580383191.html",2026-07-06 17:07:36
eastmoney_guba,688076,1580391597,还不跑待何时啊，45再接啊,,东财网友3570513351338102,3570513351338102,2025-08-06 13:35:47,82,0,0,0,False,False,"https://guba.eastmoney.com/news,688076,1580391597.html",2026-07-06 17:07:36
eastmoney_guba,688076,1580392696,还得瑟不,,还康得新正义,4313075457881082,2025-08-06 13:36:42,94,1,0,0,False,False,"https://guba.eastmoney.com/news,688076,1580392696.html",2026-07-06 17:07:36
eastmoney_guba,688076,1580402728,下边全是主力的筹码，上边全是散户的筹码，就这，人家还震你，洗你，涮你。他们是有多,,屯老二才买A股,8960346358579732,2025-08-06 13:44:59,136,0,0,0,False,False,"https://guba.eastmoney.com/news,688076,1580402728.html",2026-07-06 17:07:36
eastmoney_guba,688076,1580408618,接人上车,,燕京资本688,7800005105383880,2025-08-06 13:49:40,80,0,0,0,False,False,"https://guba.eastmoney.com/news,688076,1580408618.html",2026-07-06 17:07:36
eastmoney_guba,688076,1580433565,利用创新药板块＋调出中证1000指数来洗盘，握紧筹码。,,燕京资本688,7800005105383880,2025-08-06 14:10:05,391,12,0,0,False,False,"https://guba.eastmoney.com/news,688076,1580433565.html",2026-07-06 17:07:36
eastmoney_guba,688076,1580458140,跟着龙头韩宇一起调调更健康，韩宇回到19，这个回到40，杀掉浮筹再启航,,霸王龙0602,9217094304365474,2025-08-06 14:30:12,97,0,0,0,False,False,"https://guba.eastmoney.com/news,688076,1580458140.html",2026-07-06 17:07:36
eastmoney_guba,688076,1580458695,中证1000指数320几亿，st诺泰占比0.12%，今天应该出完了吧,,从容的金融小单车,6212094526840066,2025-08-06 14:30:39,148,1,0,0,False,False,"https://guba.eastmoney.com/news,688076,1580458695.html",2026-07-06 17:07:36
eastmoney_guba,688076,1580478083,哎，你有什么资格调整。,,只看最本质,7139144735501360,2025-08-06 14:45:29,81,0,0,0,False,False,"https://guba.eastmoney.com/news,688076,1580478083.html",2026-07-06 17:07:36
eastmoney_guba,688076,1580479045,今天成交量是昨天两倍多，应该是调整完毕了,,古越新安,4541336174369464,2025-08-06 14:46:15,103,1,0,0,False,False,"https://guba.eastmoney.com/news,688076,1580479045.html",2026-07-06 17:07:36
eastmoney_guba,688076,1580480566,这个赛道确实是长长的坡，厚厚的雪。,,燕京资本688,7800005105383880,2025-08-06 14:47:26,169,3,0,0,False,False,"https://guba.eastmoney.com/news,688076,1580480566.html",2026-07-06 17:07:34
eastmoney_guba,688076,1580497159,真正的暴跌，才刚刚开始。明天，40见。,,沃伦芭菲特,9735074858808002,2025-08-06 14:59:51,217,7,0,0,False,False,"https://guba.eastmoney.com/news,688076,1580497159.html",2026-07-06 17:07:34
eastmoney_guba,688076,1580510102,一点下跌，怎么那么多人组团看空，我反而放心了,,古越新安,4541336174369464,2025-08-06 15:17:51,96,0,0,0,False,False,"https://guba.eastmoney.com/news,688076,1580510102.html",2026-07-06 17:07:36
eastmoney_guba,688076,1580511292,今天大盘涨得好，这股为什么跌这么多？难道有啥子利空吗？,,憨态可掬的黎亦游,6049027399543414,2025-08-06 15:20:22,327,7,0,0,False,False,"https://guba.eastmoney.com/news,688076,1580511292.html",2026-07-06 17:07:36
eastmoney_guba,688076,1580528208,覆巢之下，焉有完，行业板块大幅回调，又有调出中证1000指数的利空，招商基金被,,梦想有多远,8349426606204228,2025-08-06 16:10:13,150,0,0,0,False,False,"https://guba.eastmoney.com/news,688076,1580528208.html",2026-07-06 17:07:36
eastmoney_guba,688076,1580529090,涨了20多个点了，才回调5个点，就一致看空了，都这么没定力吗？,,欧润吉,7790037316263342,2025-08-06 16:13:49,109,0,0,0,False,False,"https://guba.eastmoney.com/news,688076,1580529090.html",2026-07-06 17:07:36
eastmoney_guba,688076,1580529310,记ST诺泰在8.6的一个超预期大跌诺泰今天走出来一个超级难看的实体大阴线，有些想,,谦虚的君清雪,5212585183198414,2025-08-06 16:14:35,793,15,0,0,False,False,"https://guba.eastmoney.com/news,688076,1580529310.html",2026-07-06 17:07:34
eastmoney_guba,688076,1580534490,跌破了10日线，明天看能不能守住20日线了吧。最近这股利空太多，是该规避一下。,,飞天股票小仙女,1503094384634500,2025-08-06 16:33:53,124,0,0,0,False,False,"https://guba.eastmoney.com/news,688076,1580534490.html",2026-07-06 17:07:36
eastmoney_guba,688076,1580537598,今日继续格局诺泰，上午跌破4个点的时候做了第一次加仓，午后跌破5个点后，又两次加,,佛山隐士,5331047298658940,2025-08-06 16:45:21,1810,43,5,0,False,False,"https://guba.eastmoney.com/news,688076,1580537598.html",2026-07-06 17:07:34
eastmoney_guba,688076,1580538257,这几天有人在猛吹，现在看来是在配合主力出货的。,,中国股市投资巨头,3556366205011162,2025-08-06 16:47:35,106,0,0,0,False,False,"https://guba.eastmoney.com/news,688076,1580538257.html",2026-07-06 17:07:36
eastmoney_guba,688076,1580538369,前几天主力没跑，今天浑水摸鱼假装etf全跑了，跑的干干净的,,屯老二才买A股,8960346358579732,2025-08-06 16:48:02,107,0,0,0,False,False,"https://guba.eastmoney.com/news,688076,1580538369.html",2026-07-06 17:07:36
eastmoney_guba,688076,1580539563,美国对药品加关税，被调出中证1000指数，处罚决定迟迟下不来，今天又放量大跌，利,,沃伦芭菲特,9735074858808002,2025-08-06 16:52:22,275,3,0,0,False,False,"https://guba.eastmoney.com/news,688076,1580539563.html",2026-07-06 17:07:36
eastmoney_guba,688076,1580540398,今天量太大了，8个多亿仅次于st后第二天的量。明天不反弹，这轮行情就结束了，40,,幸运刺猬,5100535183516786,2025-08-06 16:55:49,211,3,0,0,False,False,"https://guba.eastmoney.com/news,688076,1580540398.html",2026-07-06 17:07:36
eastmoney_guba,688076,1580541099,想到了会跌，没想到这么狠，说明一点，那就是没人主动接盘,,屯老二才买A股,8960346358579732,2025-08-06 16:58:40,197,4,1,0,False,False,"https://guba.eastmoney.com/news,688076,1580541099.html",2026-07-06 17:07:36
eastmoney_guba,688076,1580543539,老账新帐一起算！！今天你玩机构，机构会让你退市。万劫不复！！,,九二加满888,1374113052408858,2025-08-06 17:07:13,111,0,0,0,False,False,"https://guba.eastmoney.com/news,688076,1580543539.html",2026-07-06 17:07:36
eastmoney_guba,688076,1580550905,哎，放量下跌！,,十八岁女大学生,2041386070087928,2025-08-06 17:37:06,99,0,0,0,False,False,"https://guba.eastmoney.com/news,688076,1580550905.html",2026-07-06 17:07:36
eastmoney_guba,688076,1580559283,当初诺泰生物和博瑞医药一样的巿值时，却买的业绩好的诺泰,,没翻倍不算赚,5013023721672056,2025-08-06 18:13:39,144,0,0,0,False,False,"https://guba.eastmoney.com/news,688076,1580559283.html",2026-07-06 17:07:36
eastmoney_guba,688076,1580560750,没有清仓的都亏大了，明天还得暴跌,,牛气冲天的巴非特,4178007409902686,2025-08-06 18:19:33,145,3,1,0,False,False,"https://guba.eastmoney.com/news,688076,1580560750.html",2026-07-06 17:07:34
eastmoney_guba,688076,1580563301,一涨就看多，一跌就看空，票还是这只票，基本面没有变化，坚信者则继续持有，看空卖掉,,傲气的佛觅儿,5598486666742320,2025-08-06 18:32:06,227,3,0,0,False,False,"https://guba.eastmoney.com/news,688076,1580563301.html",2026-07-06 17:07:36
eastmoney_guba,688076,1580565055,诺泰生物减肥原料药的市场竞争力体现在以下方面：-技术优势：公司是全球首家完成替尔,,股友A197669V05,8030376544910926,2025-08-06 18:41:54,303,0,1,0,False,False,"https://guba.eastmoney.com/news,688076,1580565055.html",2026-07-06 17:07:36
eastmoney_guba,688076,1580566654,好几个利空同时出现，估计要跌几天了。,,炒股亏了,1337157536211834,2025-08-06 18:50:13,111,0,0,0,False,False,"https://guba.eastmoney.com/news,688076,1580566654.html",2026-07-06 17:07:36
eastmoney_guba,688076,1580569117,大a两融突破2.4万亿，一旦这些大空单释放，st股将成为避风港,,屯老二才买A股,8960346358579732,2025-08-06 19:03:43,110,0,0,0,False,False,"https://guba.eastmoney.com/news,688076,1580569117.html",2026-07-06 17:07:36
eastmoney_guba,688076,1580571407,大家注意佛山隐士，这个人在别的吧被人骂的不敢去，现在跑到诺泰吧里来了，豪能股份叫,,忠与叶,1181054527685094,2025-08-06 19:14:50,169,2,0,0,False,False,"https://guba.eastmoney.com/news,688076,1580571407.html",2026-07-06 17:07:34
eastmoney_guba,688076,1580571603,有佛山隐士在吧里评论，这个股就走不好,,忠与叶,1181054527685094,2025-08-06 19:15:40,119,1,0,0,False,False,"https://guba.eastmoney.com/news,688076,1580571603.html",2026-07-06 17:07:34
eastmoney_guba,688076,1580572359,让你们天天吹，还吹不吹？,,万花镜写轮眼,1399145319247286,2025-08-06 19:20:07,102,0,0,0,False,False,"https://guba.eastmoney.com/news,688076,1580572359.html",2026-07-06 17:07:34
eastmoney_guba,688076,1580573708,吹票多的基本都跌了，这是规律,,飞天股票小仙女,1503094384634500,2025-08-06 19:27:19,92,0,0,0,False,False,"https://guba.eastmoney.com/news,688076,1580573708.html",2026-07-06 17:07:36
eastmoney_guba,688076,1580574879,今天不够果断，只出来了一半！这个架势，不知道要跌到哪里？,,高贵典雅的钱昊祥,2289084918147260,2025-08-06 19:33:20,131,1,0,0,False,False,"https://guba.eastmoney.com/news,688076,1580574879.html",2026-07-06 17:07:36
eastmoney_guba,688076,1580581207,我本来出来了的，又冲进去了。哭死。不知道明天能不能反弹一点。,,红茶11114695,2674094316599126,2025-08-06 20:07:13,194,3,0,0,False,False,"https://guba.eastmoney.com/news,688076,1580581207.html",2026-07-06 17:07:34
eastmoney_guba,688076,1580589981,喜忧参半了现在，明天十字星。明天看多的多，周五再杀一波。,,STW5555,2262376395333000,2025-08-06 20:53:29,106,0,0,0,False,False,"https://guba.eastmoney.com/news,688076,1580589981.html",2026-07-06 17:07:34
eastmoney_guba,688076,1580590899,没有票的不要进了，最近利空真的太多了，看样子是顶不住了。,,中国股市投资巨头,3556366205011162,2025-08-06 20:58:40,113,0,0,0,False,False,"https://guba.eastmoney.com/news,688076,1580590899.html",2026-07-06 17:07:34
eastmoney_guba,688076,1580598757,明天再跌一下准备进了，不跌不进。,,万花镜写轮眼,1399145319247286,2025-08-06 21:36:18,131,1,0,0,False,False,"https://guba.eastmoney.com/news,688076,1580598757.html",2026-07-06 17:07:34
eastmoney_guba,688076,1580600993,莫慌，持股五年。,,原菏泽老徐3516,4309054884528074,2025-08-06 21:46:57,136,0,0,0,False,False,"https://guba.eastmoney.com/news,688076,1580600993.html",2026-07-06 17:07:34
eastmoney_guba,688076,1580601428,据传，下星期要宣布医药关税，这是今天医药股跌的主要原因。,,弱有效市场,9162114828087000,2025-08-06 21:48:44,168,0,0,0,False,False,"https://guba.eastmoney.com/news,688076,1580601428.html",2026-07-06 17:07:34
eastmoney_guba,688076,1580601997,去年9月30日至今年8月6日，ST宇顺（002289）最出乎意料每天涨幅限制5%,,燕京资本688,7800005105383880,2025-08-06 21:51:06,214,0,0,0,False,False,"https://guba.eastmoney.com/news,688076,1580601997.html",2026-07-06 17:07:34
eastmoney_guba,688076,1580616558,看多的太多了，托也太多了，还得跌一段时间了,,飞天股票小仙女,1503094384634500,2025-08-06 23:16:36,170,0,0,0,False,False,"https://guba.eastmoney.com/news,688076,1580616558.html",2026-07-06 17:07:34
eastmoney_guba,688076,1580620161,后司美格鲁肽时代。,,十年一梦雅砻江,3174034876009594,2025-08-06 23:48:40,410,5,0,0,False,False,"https://guba.eastmoney.com/news,688076,1580620161.html",2026-07-06 17:07:34
eastmoney_guba,688076,1580624293,如何理解这家企业，换个角度试下。假如你是这家企业的负责人，而明年开始会有大量减肥,,屯老二才买A股,8960346358579732,2025-08-07 00:40:56,458,7,0,0,False,False,"https://guba.eastmoney.com/news,688076,1580624293.html",2026-07-06 17:07:34
eastmoney_guba,688076,1580625861,诺和诺德股价越跌，越证明诺泰的价值诺和诺德业绩只是放缓，估值本身不高，股价却跌跌,,屯老二才买A股,8960346358579732,2025-08-07 01:15:03,353,2,0,0,False,False,"https://guba.eastmoney.com/news,688076,1580625861.html",2026-07-06 17:07:34
eastmoney_guba,688076,1580627048,对于减肥原料药和创新药，未来最可能最先兑现价值，收益爆发的思考。就懒得摘录了，大,,屯老二才买A股,8960346358579732,2025-08-07 01:54:35,628,18,0,0,True,False,"https://guba.eastmoney.com/news,688076,1580627048.html",2026-07-06 17:07:34
eastmoney_guba,688076,1580632788,请教大家：这消息对创新药会产生怎样的影响？,,股友z552O01192,2132366293411674,2025-08-07 05:56:49,615,8,0,0,True,False,"https://guba.eastmoney.com/news,688076,1580632788.html",2026-07-06 17:07:34
eastmoney_guba,688076,1580633009,一口气跌破10日线，感觉是刻意而为的空头陷阱，今日能否反包？,,只看最本质,7139144735501360,2025-08-07 06:02:56,123,1,0,0,False,False,"https://guba.eastmoney.com/news,688076,1580633009.html",2026-07-06 17:07:34
eastmoney_guba,688076,1580636126,减肥药降价将促使销量大幅提升，有利于若泰生物等原料药生产企业，诺泰生物原料药成本,,股友A197669V05,8030376544910926,2025-08-07 07:02:15,132,1,0,0,False,False,"https://guba.eastmoney.com/news,688076,1580636126.html",2026-07-06 17:07:34
eastmoney_guba,688076,1580642229,药品关税要来了，准备迎接第二轮暴击，坐稳扶好！,,幸运刺猬,5100535183516786,2025-08-07 07:55:36,114,1,0,0,False,False,"https://guba.eastmoney.com/news,688076,1580642229.html",2026-07-06 17:07:34
eastmoney_guba,688076,1580643984,诺泰生物有创新药，其创新药SPN0103-009注射液是一种新型、长效的GLP-,,股友A197669V05,8030376544910926,2025-08-07 08:12:22,285,4,0,0,False,False,"https://guba.eastmoney.com/news,688076,1580643984.html",2026-07-06 17:07:34
eastmoney_guba,688076,1580649216,无需担心！,,遥远的塞纳河888,9037094342652420,2025-08-07 08:47:01,490,5,0,0,False,False,"https://guba.eastmoney.com/news,688076,1580649216.html",2026-07-06 17:07:34
eastmoney_guba,688076,1580685475,可惜了，昨天卖了。,,股友KviWqO,6592385937564812,2025-08-07 09:34:31,48,1,0,0,False,False,"https://guba.eastmoney.com/news,688076,1580685475.html",2026-07-06 17:07:34
eastmoney_guba,688076,1580691634,多头选择死叉调整，短线就要看空对待。反抽T出。,,股友RH7QI0,3152395770984070,2025-08-07 09:36:56,51,0,0,0,False,False,"https://guba.eastmoney.com/news,688076,1580691634.html",2026-07-06 17:07:34
eastmoney_guba,688076,1580705869,破10日线了，有的跌,,夜雨孤灯,6972325994606370,2025-08-07 09:42:43,48,0,0,0,False,False,"https://guba.eastmoney.com/news,688076,1580705869.html",2026-07-06 17:07:34
eastmoney_guba,688076,1580744117,高位加仓，一把亏光,,追高是狗啊喂,3564336099451880,2025-08-07 09:59:49,120,5,0,0,False,False,"https://guba.eastmoney.com/news,688076,1580744117.html",2026-07-06 17:07:34
eastmoney_guba,688076,1580749732,今天再来五个点我就打半仓进去，看看主力给力不,,霸王龙0602,9217094304365474,2025-08-07 10:02:32,67,1,0,0,False,False,"https://guba.eastmoney.com/news,688076,1580749732.html",2026-07-06 17:07:34
eastmoney_guba,688076,1580758880,第一目标价65。按照65对应的pe和同行业差不多。第二，考虑到它又是行业龙头，至,,狙击手波波,9463013320243196,2025-08-07 10:06:59,174,0,0,0,False,False,"https://guba.eastmoney.com/news,688076,1580758880.html",2026-07-06 17:07:34
eastmoney_guba,688076,1580806875,自从给查出造假ST以来一直高飙，早应该ST啦,,冷透了心,7720315844576538,2025-08-07 10:32:42,83,1,0,0,False,False,"https://guba.eastmoney.com/news,688076,1580806875.html",2026-07-06 17:07:34
eastmoney_guba,688076,1580826381,按早盘计划清仓了木棒，留了一万做个纪念！下次再介入木棒我会提前告知的！！第一个时,,西溪且留下西湖,6250013311827852,2025-08-07 10:46:08,742,1,0,0,True,False,"https://guba.eastmoney.com/news,688076,1580826381.html",2026-07-06 17:07:29
eastmoney_guba,688076,1580830259,寡核苷酸每公斤，PMO每公斤，PEG偶联环肽每公斤。最新市场报价分别是多少？请问,,奋斗的亲1888,7353013686959642,2025-08-07 10:48:57,110,0,0,0,False,False,"https://guba.eastmoney.com/news,688076,1580830259.html",2026-07-06 17:07:34
eastmoney_guba,688076,1580831459,一根大阳包阴,,坚持到开花的老韭菜,7486094089520692,2025-08-07 10:49:48,73,0,0,0,False,False,"https://guba.eastmoney.com/news,688076,1580831459.html",2026-07-06 17:07:34
eastmoney_guba,688076,1580838398,诺泰这波才刚刚涨了一点点，无论从基本面和业绩方面看都还要大涨！上个月初苑东生物价,,sapphirine,8780112179410600,2025-08-07 10:54:49,383,3,0,0,False,False,"https://guba.eastmoney.com/news,688076,1580838398.html",2026-07-06 17:07:29
eastmoney_guba,688076,1580838957,今天跌停都不能抄底的,,沃伦芭菲特,9735074858808002,2025-08-07 10:55:13,92,1,0,0,False,False,"https://guba.eastmoney.com/news,688076,1580838957.html",2026-07-06 17:07:34
eastmoney_guba,688076,1580869775,耐心等待指数基金出清，底部区域筹码交换，中长线好股,,燕京资本688,7800005105383880,2025-08-07 11:18:51,85,0,0,0,False,False,"https://guba.eastmoney.com/news,688076,1580869775.html",2026-07-06 17:07:34
eastmoney_guba,688076,1580881579,关税来了，大家快跑,,还康得新正义,4313075457881082,2025-08-07 11:29:16,83,1,0,0,False,False,"https://guba.eastmoney.com/news,688076,1580881579.html",2026-07-06 17:07:34
eastmoney_guba,688076,1580896453,被ST没几天，就赶上医药股回调，生不逢时啊！,,股友SJL2ut,6142315783554678,2025-08-07 12:04:25,82,0,0,0,False,False,"https://guba.eastmoney.com/news,688076,1580896453.html",2026-07-06 17:07:34
eastmoney_guba,688076,1580897392,好公司为什么也要做假？是环境制度因素？还是企业管理问题？研究一只蟑螂的前世今生，能否避免踩到更多的蟑螂？欢迎大家交流学习，一起进步！#ST诺泰#财务造假,,大概率阳光私募,7719336572461134,2025-08-07 12:08:08,8942,1,1,0,False,False,"https://guba.eastmoney.com/news,688076,1580897392.html",2026-07-06 17:07:34
eastmoney_guba,688076,1580928200,下跌趋势已先，dpsk与我的判断一致。等重拾上升趋势再来顺势而为，我先撤了,,谦虚的君清雪,5212585183198414,2025-08-07 13:14:54,233,0,0,0,True,False,"https://guba.eastmoney.com/news,688076,1580928200.html",2026-07-06 17:07:34
eastmoney_guba,688076,1580931130,明显的下跌趋势，我先撤退了,,飞天股票小仙女,1503094384634500,2025-08-07 13:17:19,74,0,0,0,False,False,"https://guba.eastmoney.com/news,688076,1580931130.html",2026-07-06 17:07:34
eastmoney_guba,688076,1580956114,诺泰生物的药我吃过，是磷酸奥司他韦，感觉很管用，别的厂家的差点，因为我爱感冒，我,,GooG,1820094373032362,2025-08-07 13:38:07,384,0,0,0,False,False,"https://guba.eastmoney.com/news,688076,1580956114.html",2026-07-06 17:07:34
eastmoney_guba,688076,1580971679,算了，保本出了，大肉变0,,追高是狗啊喂,3564336099451880,2025-08-07 13:51:33,68,0,0,0,False,False,"https://guba.eastmoney.com/news,688076,1580971679.html",2026-07-06 17:07:34
eastmoney_guba,688076,1580973036,早上进来亏麻了。,,万花镜写轮眼,1399145319247286,2025-08-07 13:52:41,73,0,0,0,False,False,"https://guba.eastmoney.com/news,688076,1580973036.html",2026-07-06 17:07:34
eastmoney_guba,688076,1580978624,说了最低价收盘,,幸运刺猬,5100535183516786,2025-08-07 13:57:10,76,0,0,0,False,False,"https://guba.eastmoney.com/news,688076,1580978624.html",2026-07-06 17:07:34
eastmoney_guba,688076,1580978953,买个医药天天出利空，流年不利，今天诺和诺德不行了，明天基金坚持，后天加关税，大后,,屯老二才买A股,8960346358579732,2025-08-07 13:57:24,96,0,0,0,False,False,"https://guba.eastmoney.com/news,688076,1580978953.html",2026-07-06 17:07:34
eastmoney_guba,688076,1580983357,奶奶的，今天看到拉红以为会涨，明天又得割肉。,,万花镜写轮眼,1399145319247286,2025-08-07 14:01:00,94,2,0,0,False,False,"https://guba.eastmoney.com/news,688076,1580983357.html",2026-07-06 17:07:34
eastmoney_guba,688076,1580988171,这支股的庄家很恶，小散们择机离开，别和这样的庄家玩！,,最多只买五层仓,5873067146183416,2025-08-07 14:05:10,73,0,0,0,False,False,"https://guba.eastmoney.com/news,688076,1580988171.html",2026-07-06 17:07:34
eastmoney_guba,688076,1580988541,本吧只有巴菲特一个是高手，其他人通通看错。全部人员出来，向巴菲特大佬致敬！,,谦虚谨慎的邱公子,1250093940174024,2025-08-07 14:05:27,115,2,0,0,False,False,"https://guba.eastmoney.com/news,688076,1580988541.html",2026-07-06 17:07:34
eastmoney_guba,688076,1580990480,从今儿开始，谁也别惹我，因为我不开心了，我需要发泄,,屯老二才买A股,8960346358579732,2025-08-07 14:07:07,78,0,0,0,False,False,"https://guba.eastmoney.com/news,688076,1580990480.html",2026-07-06 17:07:34
eastmoney_guba,688076,1580990834,佛山那条老gou不知道坑了多少人,,谦虚的君清雪,5212585183198414,2025-08-07 14:07:27,210,1,0,0,True,False,"https://guba.eastmoney.com/news,688076,1580990834.html",2026-07-06 17:07:34
eastmoney_guba,688076,1580993294,今日收盘价，45.31。明日8.8收盘价42.12,,谦虚的君清雪,5212585183198414,2025-08-07 14:09:36,100,1,0,0,False,False,"https://guba.eastmoney.com/news,688076,1580993294.html",2026-07-06 17:07:34
eastmoney_guba,688076,1580994474,走势越来越难看？准备跑另一半,,高贵典雅的钱昊祥,2289084918147260,2025-08-07 14:10:38,87,1,0,0,False,False,"https://guba.eastmoney.com/news,688076,1580994474.html",2026-07-06 17:07:34
eastmoney_guba,688076,1580998379,4600以下试错买入，大胆！,,股友RH7QI0,3152395770984070,2025-08-07 14:14:06,91,2,0,0,False,False,"https://guba.eastmoney.com/news,688076,1580998379.html",2026-07-06 17:07:34
eastmoney_guba,688076,1581003509,A股真拉基，各种造假、利空、暗箱操作，抄底港股和黄医药去了,,谦虚的君清雪,5212585183198414,2025-08-07 14:18:14,101,3,0,0,False,False,"https://guba.eastmoney.com/news,688076,1581003509.html",2026-07-06 17:07:32
eastmoney_guba,688076,1581004095,明天还得杀明天尾盘有指数清盘,,郭平安,1013206053264178,2025-08-07 14:18:46,76,0,0,0,False,False,"https://guba.eastmoney.com/news,688076,1581004095.html",2026-07-06 17:07:34
eastmoney_guba,688076,1581009228,没被套，我是趋势投资，被套了，我是长期投资。,,屯老二才买A股,8960346358579732,2025-08-07 14:23:39,71,0,0,0,False,False,"https://guba.eastmoney.com/news,688076,1581009228.html",2026-07-06 17:07:34
eastmoney_guba,688076,1581009719,跟昨天一模一样的走势。。。。,,weka,4923235732188266,2025-08-07 14:24:09,74,0,0,0,False,False,"https://guba.eastmoney.com/news,688076,1581009719.html",2026-07-06 17:07:34
eastmoney_guba,688076,1581010485,感觉每天都有个要砸到的目标价位，还挺好玩,,哈士基,8105087494478586,2025-08-07 14:24:54,67,0,0,0,False,False,"https://guba.eastmoney.com/news,688076,1581010485.html",2026-07-06 17:07:34
eastmoney_guba,688076,1581011865,毫无抵抗力，撤退吧,,古越新安,4541336174369464,2025-08-07 14:26:14,70,0,0,0,False,False,"https://guba.eastmoney.com/news,688076,1581011865.html",2026-07-06 17:07:34
eastmoney_guba,688076,1581013303,致敬巴菲特，他才是真大佬,,古越新安,4541336174369464,2025-08-07 14:27:27,137,3,0,0,False,False,"https://guba.eastmoney.com/news,688076,1581013303.html",2026-07-06 17:07:32
eastmoney_guba,688076,1581013377,我承认我被套了。,,万花镜写轮眼,1399145319247286,2025-08-07 14:27:31,77,0,0,0,False,False,"https://guba.eastmoney.com/news,688076,1581013377.html",2026-07-06 17:07:34
eastmoney_guba,688076,1581017924,清仓走人，这股太差了,,中国股市投资巨头,3556366205011162,2025-08-07 14:31:44,72,0,0,0,False,False,"https://guba.eastmoney.com/news,688076,1581017924.html",2026-07-06 17:07:34
eastmoney_guba,688076,1581022790,认输，走人,,夜雨孤灯,6972325994606370,2025-08-07 14:35:49,69,0,0,0,False,False,"https://guba.eastmoney.com/news,688076,1581022790.html",2026-07-06 17:07:34
eastmoney_guba,688076,1581023274,清仓了就不用看了，这股票涨不起来了,,飞天股票小仙女,1503094384634500,2025-08-07 14:36:12,72,0,0,0,False,False,"https://guba.eastmoney.com/news,688076,1581023274.html",2026-07-06 17:07:34
eastmoney_guba,688076,1581023444,明天老特再来句话，岂不是就40见了？,,哈士基,8105087494478586,2025-08-07 14:36:21,71,0,0,0,False,False,"https://guba.eastmoney.com/news,688076,1581023444.html",2026-07-06 17:07:34
eastmoney_guba,688076,1581024137,趋势坏了，我也走了，现在走还有些利润，再不走银子就化成水了。,,憨态可掬的黎亦游,6049027399543414,2025-08-07 14:36:56,76,0,0,0,False,False,"https://guba.eastmoney.com/news,688076,1581024137.html",2026-07-06 17:07:34
eastmoney_guba,688076,1581025117,今儿休息不加，明儿继续加，就是上涨中的洗盘,,晚上的清秋,3598396081954208,2025-08-07 14:37:43,129,3,0,0,False,False,"https://guba.eastmoney.com/news,688076,1581025117.html",2026-07-06 17:07:34
eastmoney_guba,688076,1581035201,今天ETF能走完吗？,,weka,4923235732188266,2025-08-07 14:45:41,76,0,0,0,False,False,"https://guba.eastmoney.com/news,688076,1581035201.html",2026-07-06 17:07:34
eastmoney_guba,688076,1581035260,走了，我也走了，认输,,忠与叶,1181054527685094,2025-08-07 14:45:44,69,0,0,0,False,False,"https://guba.eastmoney.com/news,688076,1581035260.html",2026-07-06 17:07:34
eastmoney_guba,688076,1581036582,虽然认可你是好票但是这两天确实不该加仓了……等过几天稳下来再补才合适,,萤火之约,4903065278637186,2025-08-07 14:46:47,96,1,0,0,False,False,"https://guba.eastmoney.com/news,688076,1581036582.html",2026-07-06 17:07:34
eastmoney_guba,688076,1581037200,这个股吧里咋回事？怎么拿半个月前的消息反复来唱衰？是捣乱还是吓人？,,坚持到开花的老韭菜,7486094089520692,2025-08-07 14:47:16,83,0,0,0,False,False,"https://guba.eastmoney.com/news,688076,1581037200.html",2026-07-06 17:07:34
eastmoney_guba,688076,1581039005,板块大跌+基金清仓+前期涨幅也不小了昨天47左右补仓确实很不明智真感觉得到40左,,萤火之约,4903065278637186,2025-08-07 14:48:40,153,0,0,0,False,False,"https://guba.eastmoney.com/news,688076,1581039005.html",2026-07-06 17:07:34
eastmoney_guba,688076,1581040084,打脸那些用嘴炒股的,,tianshi3174540,9016094333370094,2025-08-07 14:49:33,76,0,0,0,False,False,"https://guba.eastmoney.com/news,688076,1581040084.html",2026-07-06 17:07:34
eastmoney_guba,688076,1581040384,几天的时间从最低点涨了40几个点，这才调了十个点就开始鬼叫了？,,天玑瑶光,4013094063748706,2025-08-07 14:49:48,137,2,0,0,False,False,"https://guba.eastmoney.com/news,688076,1581040384.html",2026-07-06 17:07:34
eastmoney_guba,688076,1581048041,还是研究少了，公告发布的时候应该果断卖出的，结束了再买回来的,,从容的金融小单车,6212094526840066,2025-08-07 14:55:29,378,1,0,0,True,False,"https://guba.eastmoney.com/news,688076,1581048041.html",2026-07-06 17:07:34
eastmoney_guba,688076,1581054978,指数调仓结束了，吓死人了，以为直奔40去了。,,古越新安,4541336174369464,2025-08-07 15:01:34,100,2,0,0,False,False,"https://guba.eastmoney.com/news,688076,1581054978.html",2026-07-06 17:07:32
eastmoney_guba,688076,1581055747,我们是普通散户，没有左右股价的能力，只有跟风中途上车，为了保住利润，一旦趋势走坏,,憨态可掬的黎亦游,6049027399543414,2025-08-07 15:02:23,116,0,0,0,False,False,"https://guba.eastmoney.com/news,688076,1581055747.html",2026-07-06 17:07:34
eastmoney_guba,688076,1581057374,运气不好，刚进来就碰到医药回调和调出指数。,,万花镜写轮眼,1399145319247286,2025-08-07 15:04:14,77,0,0,0,False,False,"https://guba.eastmoney.com/news,688076,1581057374.html",2026-07-06 17:07:32
eastmoney_guba,688076,1581057645,空头马仔不断煽动成功带动了散户的情绪，没办法，A股什么时候看业绩了，情绪为王。不,,仙人指路21,9363055096909586,2025-08-07 15:04:35,170,0,0,0,False,False,"https://guba.eastmoney.com/news,688076,1581057645.html",2026-07-06 17:07:32
eastmoney_guba,688076,1581058393,幸好今天走了，要不然亏的更惨了,,飞天股票小仙女,1503094384634500,2025-08-07 15:05:37,95,1,0,0,False,False,"https://guba.eastmoney.com/news,688076,1581058393.html",2026-07-06 17:07:32
eastmoney_guba,688076,1581061915,虽然我已经卖光了，但我也想看看这神棍的表演。,,忠与叶,1181054527685094,2025-08-07 15:10:54,87,0,0,0,False,False,"https://guba.eastmoney.com/news,688076,1581061915.html",2026-07-06 17:07:32
eastmoney_guba,688076,1581064139,20天线能止跌反弹吗？,,股友SJL2ut,6142315783554678,2025-08-07 15:14:53,77,0,0,0,False,False,"https://guba.eastmoney.com/news,688076,1581064139.html",2026-07-06 17:07:32
eastmoney_guba,688076,1581067661,明天利空出尽，最后一跌，可以抄底了,,梦想有多远,8349426606204228,2025-08-07 15:22:19,197,6,0,0,False,False,"https://guba.eastmoney.com/news,688076,1581067661.html",2026-07-06 17:07:32
eastmoney_guba,688076,1581071963,诺和诺德半年买司美格鲁肽166亿美元，明天坚决抄底,,股友86pt611905,2931316098174320,2025-08-07 15:31:19,126,0,0,0,False,False,"https://guba.eastmoney.com/news,688076,1581071963.html",2026-07-06 17:07:32
eastmoney_guba,688076,1581072862,这个庄家已经很友善了，尾盘上车的，第二日都给你获利走人的机会，只要你不贪，他就不,,梦想有多远,8349426606204228,2025-08-07 15:33:16,101,0,0,0,False,False,"https://guba.eastmoney.com/news,688076,1581072862.html",2026-07-06 17:07:32
eastmoney_guba,688076,1581077585,解读：ST诺泰为何两日大跌？ST诺泰将于明天8月8日收市后被调出中证1000指数,,佛山隐士,5331047298658940,2025-08-07 15:46:43,2002,21,1,0,True,False,"https://guba.eastmoney.com/news,688076,1581077585.html",2026-07-06 17:07:29
eastmoney_guba,688076,1581080114,牛市的每次回调、跳水，都是送钱。,,燕京资本688,7800005105383880,2025-08-07 15:54:38,111,2,0,0,False,False,"https://guba.eastmoney.com/news,688076,1581080114.html",2026-07-06 17:07:32
eastmoney_guba,688076,1581080174,稳坐“药王”宝座！司美格鲁肽上半年狂揽166亿美元。诺泰，继续看你表演。,,只看最本质,7139144735501360,2025-08-07 15:54:48,106,0,0,0,False,False,"https://guba.eastmoney.com/news,688076,1581080174.html",2026-07-06 17:07:32
eastmoney_guba,688076,1581085157,今天亏麻了，47进来最多时亏了2块钱，在纠结明天要不要割肉跑，创新药和减肥药也在,,万花镜写轮眼,1399145319247286,2025-08-07 16:11:09,408,9,1,0,False,False,"https://guba.eastmoney.com/news,688076,1581085157.html",2026-07-06 17:07:32
eastmoney_guba,688076,1581094727,扛住，关税马上来了,,还康得新正义,4313075457881082,2025-08-07 16:47:19,91,0,0,0,False,False,"https://guba.eastmoney.com/news,688076,1581094727.html",2026-07-06 17:07:32
eastmoney_guba,688076,1581100091,机构和大户都走了，只剩下散户在苦苦支撑，明天又得大跌了,,中国股市投资巨头,3556366205011162,2025-08-07 17:08:14,94,0,0,0,False,False,"https://guba.eastmoney.com/news,688076,1581100091.html",2026-07-06 17:07:32
eastmoney_guba,688076,1581100104,今夜诺德、礼来大反弹，诺泰明天继续砸吧,,只看最本质,7139144735501360,2025-08-07 17:08:16,108,0,0,0,False,False,"https://guba.eastmoney.com/news,688076,1581100104.html",2026-07-06 17:07:32
eastmoney_guba,688076,1581101316,提醒一下，明天调仓最后一天，估计又是暴跌的一天，跌幅不小于昨天。,,炒A股十八年,8067037417052586,2025-08-07 17:13:11,118,0,0,0,False,False,"https://guba.eastmoney.com/news,688076,1581101316.html",2026-07-06 17:07:32
eastmoney_guba,688076,1581103067,看了走势图，明显的出货迹象，看30日线或者60日线能否止跌,,大气的宋思明,4136007409885006,2025-08-07 17:20:11,98,0,0,0,False,False,"https://guba.eastmoney.com/news,688076,1581103067.html",2026-07-06 17:07:32
eastmoney_guba,688076,1581103838,主力已经拉高出货走干净了，基本没有上涨的动力和希望了,,炒股亏了,1337157536211834,2025-08-07 17:23:11,104,0,0,0,False,False,"https://guba.eastmoney.com/news,688076,1581103838.html",2026-07-06 17:07:32
eastmoney_guba,688076,1581104499,应该止跌了啊，今天基金都出完了吧。,,万花镜写轮眼,1399145319247286,2025-08-07 17:25:37,108,1,0,0,False,False,"https://guba.eastmoney.com/news,688076,1581104499.html",2026-07-06 17:07:32
eastmoney_guba,688076,1581108453,诺泰已经开始连续大跌，初步预测会连续跌18天。,,沃伦芭菲特,9735074858808002,2025-08-07 17:41:47,165,4,0,0,False,False,"https://guba.eastmoney.com/news,688076,1581108453.html",2026-07-06 17:07:32
eastmoney_guba,688076,1581109459,这几天回调主要原因是大美丽特先生威胁对药品加增关税，1年半内逐步至150%药品关,,浙江博傻,2342013692707028,2025-08-07 17:45:41,248,2,0,0,False,False,"https://guba.eastmoney.com/news,688076,1581109459.html",2026-07-06 17:07:32
eastmoney_guba,688076,1581111772,告诉你们一个神奇发现，目前国内申报司美格上市企业几乎都没司美格原料药注册。,,十年一梦雅砻江,3174034876009594,2025-08-07 17:55:33,1013,17,2,0,False,False,"https://guba.eastmoney.com/news,688076,1581111772.html",2026-07-06 17:07:29
eastmoney_guba,688076,1581120740,减肥药明天又要承压？,,水木哥不赌为赢,6068645184249638,2025-08-07 18:39:16,544,4,1,0,True,False,"https://guba.eastmoney.com/news,688076,1581120740.html",2026-07-06 17:07:32
eastmoney_guba,688076,1581123150,礼来盘前暴跌12%，明天诺泰估计也得跌12%,,沃伦芭菲特,9735074858808002,2025-08-07 18:52:05,414,6,0,0,False,False,"https://guba.eastmoney.com/news,688076,1581123150.html",2026-07-06 17:07:32
eastmoney_guba,688076,1581129076,请记住拉高不卖就必亏,,小韭菜苗,5856094346840704,2025-08-07 19:21:55,215,0,0,0,True,False,"https://guba.eastmoney.com/news,688076,1581129076.html",2026-07-06 17:07:32
eastmoney_guba,688076,1581131287,各位都评论一下，明天估计诺泰会怎么走？,,万花镜写轮眼,1399145319247286,2025-08-07 19:33:34,219,4,0,0,False,False,"https://guba.eastmoney.com/news,688076,1581131287.html",2026-07-06 17:07:32
eastmoney_guba,688076,1581131871,不管特怎么加关税诺泰都受益礼来在中国有制造药厂国内提供不受税影响,,股友A182h81101,7423067129857366,2025-08-07 19:37:00,157,0,0,0,False,False,"https://guba.eastmoney.com/news,688076,1581131871.html",2026-07-06 17:07:32
eastmoney_guba,688076,1581132909,晕了，有说明天涨的，涨是因为诺德涨，有说明天暴跌的，跌是因为礼来暴跌，哎，炒股太,,万花镜写轮眼,1399145319247286,2025-08-07 19:42:34,328,4,0,0,False,False,"https://guba.eastmoney.com/news,688076,1581132909.html",2026-07-06 17:07:32
eastmoney_guba,688076,1581165913,诺泰自己研制的降糖与减重注射剂spn0103-009三期临床估计大约今年11月结,,忠与叶,1181054527685094,2025-08-07 22:32:31,497,4,0,0,False,False,"https://guba.eastmoney.com/news,688076,1581165913.html",2026-07-06 17:07:32
eastmoney_guba,688076,1581166985,明年诺泰将和博瑞，翰宇，常山等决一天下，不过诺泰不会输的，如果参加集采，200一,,忠与叶,1181054527685094,2025-08-07 22:39:25,228,1,1,0,False,False,"https://guba.eastmoney.com/news,688076,1581166985.html",2026-07-06 17:07:32
eastmoney_guba,688076,1581168962,今天47进来的，看到外面礼来跌，诺德高开低走，一晚上睡不着觉。,,万花镜写轮眼,1399145319247286,2025-08-07 22:51:54,237,2,0,0,False,False,"https://guba.eastmoney.com/news,688076,1581168962.html",2026-07-06 17:07:32
eastmoney_guba,688076,1581171014,美股诺和诺德大涨，对A股涉及GLP-1药物研发、生产与服务，以及相关原料药供应的,,人股至简,5754094509443442,2025-08-07 23:06:30,389,1,0,0,False,False,"https://guba.eastmoney.com/news,688076,1581171014.html",2026-07-06 17:07:32
eastmoney_guba,688076,1581171964,深度解析：指数基金必须在8月8日前抛出ST诺泰股票吗？8月8日当天抛售的可能性多,,佛山隐士,5331047298658940,2025-08-07 23:14:20,1454,13,3,0,False,False,"https://guba.eastmoney.com/news,688076,1581171964.html",2026-07-06 17:07:27
eastmoney_guba,688076,1581173345,真的活久见，礼来一晚上市值跌去7000亿人民币，也就是跌去了48个多诺泰生物市值,,万花镜写轮眼,1399145319247286,2025-08-07 23:25:56,254,2,0,0,False,False,"https://guba.eastmoney.com/news,688076,1581173345.html",2026-07-06 17:07:32
eastmoney_guba,688076,1581177650,明天开始加大仓位,,忠与叶,1181054527685094,2025-08-08 00:09:59,141,0,0,0,False,False,"https://guba.eastmoney.com/news,688076,1581177650.html",2026-07-06 17:07:32
eastmoney_guba,688076,1581177672,买,,忠与叶,1181054527685094,2025-08-08 00:10:13,145,0,0,0,False,False,"https://guba.eastmoney.com/news,688076,1581177672.html",2026-07-06 17:07:32
eastmoney_guba,688076,1581177728,诺泰,,忠与叶,1181054527685094,2025-08-08 00:10:52,172,0,0,0,False,False,"https://guba.eastmoney.com/news,688076,1581177728.html",2026-07-06 17:07:32
eastmoney_guba,688076,1581177918,大家有空去问一下懂秘，诺泰的三期临床什么时候完成。,,忠与叶,1181054527685094,2025-08-08 00:13:13,162,0,0,0,False,False,"https://guba.eastmoney.com/news,688076,1581177918.html",2026-07-06 17:07:32
eastmoney_guba,688076,1581179714,科普解读：今晚礼来股价暴跌的原因是它的口服减肥药Orforglipron临床结果,,佛山隐士,5331047298658940,2025-08-08 00:39:20,1385,13,6,0,False,False,"https://guba.eastmoney.com/news,688076,1581179714.html",2026-07-06 17:07:29
eastmoney_guba,688076,1581180878,今天就给你们阐述一下:为什么我说＊ST金科是另外一个大集。第一点:利好打压。大集,,ST大飛,7547416848193674,2025-08-08 01:03:25,459,1,0,0,False,False,"https://guba.eastmoney.com/news,688076,1581180878.html",2026-07-06 17:07:29
eastmoney_guba,688076,1581187253,。一定注意这样股票说退市就退市，跌起来卖都卖不出去，sT还能这样高的价格吗？可以,,股友SvwnGJ,1761064587920992,2025-08-08 04:53:45,136,0,0,0,False,False,"https://guba.eastmoney.com/news,688076,1581187253.html",2026-07-06 17:07:32
eastmoney_guba,688076,1581197984,仔细的看过了。礼来的解释是口服减肥药效果不及预期。而目前主流都是注射型的。所以注,,狙击手波波,9463013320243196,2025-08-08 08:00:52,317,2,0,0,True,False,"https://guba.eastmoney.com/news,688076,1581197984.html",2026-07-06 17:07:32
eastmoney_guba,688076,1581203212,从中长线看，目前肯定是空头陷阱。拿不住好股票，如何赚钱？,,燕京资本688,7800005105383880,2025-08-08 08:35:00,211,4,0,0,False,False,"https://guba.eastmoney.com/news,688076,1581203212.html",2026-07-06 17:07:29
eastmoney_guba,688076,1581213612,可以买了,,忠与叶,1181054527685094,2025-08-08 09:16:11,58,1,0,0,False,False,"https://guba.eastmoney.com/news,688076,1581213612.html",2026-07-06 17:07:32
eastmoney_guba,688076,1581218521,中证1000指数基金今天出清，买入良机。,,静待山花开,6803013291362740,2025-08-08 09:23:45,83,1,0,0,False,False,"https://guba.eastmoney.com/news,688076,1581218521.html",2026-07-06 17:07:32
eastmoney_guba,688076,1581219020,一晚上没睡着，跑还是留？,,万花镜写轮眼,1399145319247286,2025-08-08 09:24:33,106,5,0,0,False,False,"https://guba.eastmoney.com/news,688076,1581219020.html",2026-07-06 17:07:32
eastmoney_guba,688076,1581219190,涛声依旧，开盘先拉高1个点左右，再一路砸下去，今天就见42,,谦虚的君清雪,5212585183198414,2025-08-08 09:24:50,56,0,0,0,False,False,"https://guba.eastmoney.com/news,688076,1581219190.html",2026-07-06 17:07:32
eastmoney_guba,688076,1581223122,可以买了,,忠与叶,1181054527685094,2025-08-08 09:25:13,53,0,0,0,False,False,"https://guba.eastmoney.com/news,688076,1581223122.html",2026-07-06 17:07:32
eastmoney_guba,688076,1581223618,高点跑，收盘时接回来,,哈士基,8105087494478586,2025-08-08 09:25:15,59,0,0,0,False,False,"https://guba.eastmoney.com/news,688076,1581223618.html",2026-07-06 17:07:32
eastmoney_guba,688076,1581225701,基本面在这，涨跌一切都是资金说了算。,,股友RH7QI0,3152395770984070,2025-08-08 09:25:58,55,0,0,0,False,False,"https://guba.eastmoney.com/news,688076,1581225701.html",2026-07-06 17:07:32
eastmoney_guba,688076,1581228160,今天十字星？,,股友SJL2ut,6142315783554678,2025-08-08 09:29:27,67,0,0,0,False,False,"https://guba.eastmoney.com/news,688076,1581228160.html",2026-07-06 17:07:32
eastmoney_guba,688076,1581239376,淦守了好多天都没有反包动作，今天有呗？,,追高是狗啊喂,3564336099451880,2025-08-08 09:33:04,65,0,0,0,False,False,"https://guba.eastmoney.com/news,688076,1581239376.html",2026-07-06 17:07:32
eastmoney_guba,688076,1581246769,9点40-50之间高点跑，收盘时接回来。每天的规律就是这样。,,中国股市投资巨头,3556366205011162,2025-08-08 09:35:54,59,0,0,0,False,False,"https://guba.eastmoney.com/news,688076,1581246769.html",2026-07-06 17:07:32
eastmoney_guba,688076,1581247639,再不买，后面追高不要拍大腿,,淡定的池光耀1,3566036947369622,2025-08-08 09:36:13,80,2,0,0,False,False,"https://guba.eastmoney.com/news,688076,1581247639.html",2026-07-06 17:07:32
eastmoney_guba,688076,1581251812,拉高结束，42见，清仓了,,谦虚的君清雪,5212585183198414,2025-08-08 09:37:55,174,0,0,0,True,False,"https://guba.eastmoney.com/news,688076,1581251812.html",2026-07-06 17:07:32
eastmoney_guba,688076,1581252886,卖出了，等收盘绿了买回来！！！,,幸运刺猬,5100535183516786,2025-08-08 09:38:19,119,3,0,0,False,False,"https://guba.eastmoney.com/news,688076,1581252886.html",2026-07-06 17:07:32
eastmoney_guba,688076,1581257401,按照这几天的规律，今天早上是诱多，一会儿又要出货了。,,飞天股票小仙女,1503094384634500,2025-08-08 09:40:11,182,7,0,0,False,False,"https://guba.eastmoney.com/news,688076,1581257401.html",2026-07-06 17:07:32
eastmoney_guba,688076,1581273003,全是主力的表演，哪有基金什么事？哪有那么多被动基金,,屯老二才买A股,8960346358579732,2025-08-08 09:46:19,58,0,0,0,False,False,"https://guba.eastmoney.com/news,688076,1581273003.html",2026-07-06 17:07:32
eastmoney_guba,688076,1581337202,完蛋了，买不会来了,,忠与叶,1181054527685094,2025-08-08 10:17:32,85,0,0,0,False,False,"https://guba.eastmoney.com/news,688076,1581337202.html",2026-07-06 17:07:32
eastmoney_guba,688076,1581338591,被空头忽悠死，早上卖出去的，现在收不回来了,,古越新安,4541336174369464,2025-08-08 10:18:21,143,3,0,0,False,False,"https://guba.eastmoney.com/news,688076,1581338591.html",2026-07-06 17:07:32
eastmoney_guba,688076,1581347880,还是的弹性大，都搞一点。。。。,,weka,4923235732188266,2025-08-08 10:23:48,101,0,0,0,False,False,"https://guba.eastmoney.com/news,688076,1581347880.html",2026-07-06 17:07:32
eastmoney_guba,688076,1581355700,这个股在同花顺和东方股吧每天都有人特别是一些基金经理在发造假处罚和索赔消息，有句,,肉肉的柠萌,2086336230742216,2025-08-08 10:28:54,176,1,0,0,False,False,"https://guba.eastmoney.com/news,688076,1581355700.html",2026-07-06 17:07:32
eastmoney_guba,688076,1581360332,拉板！,,盆满亨通地蝶舞YF,9994336114950612,2025-08-08 10:31:50,92,2,0,0,False,False,"https://guba.eastmoney.com/news,688076,1581360332.html",2026-07-06 17:07:32
eastmoney_guba,688076,1581366432,一些散户被洗出来了，好玩,,股友gfC0OB,2037385833052840,2025-08-08 10:35:54,165,4,0,0,False,False,"https://guba.eastmoney.com/news,688076,1581366432.html",2026-07-06 17:07:32
eastmoney_guba,688076,1581375495,如果没有自己的逻辑，不建议看股吧炒股，容易被别人遛来遛去的,,富有斗金的卡卡西,1064306354941122,2025-08-08 10:42:02,103,0,0,0,False,False,"https://guba.eastmoney.com/news,688076,1581375495.html",2026-07-06 17:07:32
eastmoney_guba,688076,1581377016,韭菜，涨两个点就高潮了,,还康得新正义,4313075457881082,2025-08-08 10:43:03,125,1,0,0,False,False,"https://guba.eastmoney.com/news,688076,1581377016.html",2026-07-06 17:07:32
eastmoney_guba,688076,1581396401,诺泰你啥时候也签个10亿美元合同回来，让大家激动激动！,,股友SJL2ut,6142315783554678,2025-08-08 10:57:08,112,0,0,0,False,False,"https://guba.eastmoney.com/news,688076,1581396401.html",2026-07-06 17:07:32
eastmoney_guba,688076,1581398170,所以说用嘴炒股的人不是笨就是坏,,tianshi3174540,9016094333370094,2025-08-08 10:58:26,118,0,0,0,False,False,"https://guba.eastmoney.com/news,688076,1581398170.html",2026-07-06 17:07:32
eastmoney_guba,688076,1581417156,子龙也起来了。诺泰生物产量最大，质量最好，股价最垃圾。。。。,,weka,4923235732188266,2025-08-08 11:12:35,169,0,0,0,False,False,"https://guba.eastmoney.com/news,688076,1581417156.html",2026-07-06 17:07:32
eastmoney_guba,688076,1581427506,大利空美国又要对进口创新药征关税250%，,,笑逐颜开的祝溪芙,7423054915448932,2025-08-08 11:21:04,153,0,0,0,False,False,"https://guba.eastmoney.com/news,688076,1581427506.html",2026-07-06 17:07:32
eastmoney_guba,688076,1581428764,今天可以睡好觉了，下午别砸就行，感谢,,万花镜写轮眼,1399145319247286,2025-08-08 11:22:06,153,1,0,0,False,False,"https://guba.eastmoney.com/news,688076,1581428764.html",2026-07-06 17:07:32
eastmoney_guba,688076,1581435186,这几天给我跌怕了，总觉得下一秒要砸下来,,屯老二才买A股,8960346358579732,2025-08-08 11:27:51,188,4,0,0,False,False,"https://guba.eastmoney.com/news,688076,1581435186.html",2026-07-06 17:07:32
eastmoney_guba,688076,1581452078,追了回来，看会不会被我买跌。,,飞天股票小仙女,1503094384634500,2025-08-08 12:07:00,136,0,0,0,False,False,"https://guba.eastmoney.com/news,688076,1581452078.html",2026-07-06 17:07:32
eastmoney_guba,688076,1581456732,来诺泰一个月了吧！还没有看见过20cm的大长腿！主力，哪天给表演一个呗！,,遥远的塞纳河888,9037094342652420,2025-08-08 12:27:17,158,0,0,0,False,False,"https://guba.eastmoney.com/news,688076,1581456732.html",2026-07-06 17:07:32
eastmoney_guba,688076,1581458687,君子不立危墙之下，冷静！冷静！,,沃伦芭菲特,9735074858808002,2025-08-08 12:36:42,180,2,0,0,False,False,"https://guba.eastmoney.com/news,688076,1581458687.html",2026-07-06 17:07:32
eastmoney_guba,688076,1581468989,牛股还是那几个老面孔，所以买股是不是坚持买龙头,,没翻倍不算赚,5013023721672056,2025-08-08 13:02:42,157,0,0,0,False,False,"https://guba.eastmoney.com/news,688076,1581468989.html",2026-07-06 17:07:32
eastmoney_guba,688076,1581470963,诺泰向下，瀚宇向上,,屯老二才买A股,8960346358579732,2025-08-08 13:04:47,158,0,0,0,False,False,"https://guba.eastmoney.com/news,688076,1581470963.html",2026-07-06 17:07:32
eastmoney_guba,688076,1581473152,速买龙头翰宇药业，卖掉诺泰。,,飞天股票小仙女,1503094384634500,2025-08-08 13:06:58,243,4,0,0,False,False,"https://guba.eastmoney.com/news,688076,1581473152.html",2026-07-06 17:07:29
eastmoney_guba,688076,1581485799,主力加把油，拿点气势出来，不要让别人小瞧了你。,,憨态可掬的黎亦游,6049027399543414,2025-08-08 13:17:56,156,0,0,0,False,False,"https://guba.eastmoney.com/news,688076,1581485799.html",2026-07-06 17:07:32
eastmoney_guba,688076,1581494053,刚给你希望，马上让你失望。大家远离这种股,,还康得新正义,4313075457881082,2025-08-08 13:24:37,179,1,0,0,False,False,"https://guba.eastmoney.com/news,688076,1581494053.html",2026-07-06 17:07:32
eastmoney_guba,688076,1581525841,吗的，格局一下，下午又要砸了。,,万花镜写轮眼,1399145319247286,2025-08-08 13:50:50,144,0,0,0,False,False,"https://guba.eastmoney.com/news,688076,1581525841.html",2026-07-06 17:07:32
eastmoney_guba,688076,1581541254,不就是没有买盘吗？周末我去想想办法，弄点小额贷，下周给大家拉拉，谁让咱们是丐窝呢,,屯老二才买A股,8960346358579732,2025-08-08 14:03:32,156,0,0,0,False,False,"https://guba.eastmoney.com/news,688076,1581541254.html",2026-07-06 17:07:32
eastmoney_guba,688076,1581543204,尾盘3分钟还会砸一下吗？,,股友SJL2ut,6142315783554678,2025-08-08 14:05:20,169,0,0,0,False,False,"https://guba.eastmoney.com/news,688076,1581543204.html",2026-07-06 17:07:29
eastmoney_guba,688076,1581559457,2025年7月18日，诺泰生物（688076）因信披违规收到中国证监会《行政处罚,,兰迪投资者保护法律部,7353007512766184,2025-08-08 14:19:38,325,6,0,0,False,False,"https://guba.eastmoney.com/news,688076,1581559457.html",2026-07-06 17:07:25
eastmoney_guba,688076,1581614064,被洗出去了半仓，下周一给我跌回来，我要补仓,,独守花自开,3447335569687896,2025-08-08 15:03:35,327,6,0,0,False,False,"https://guba.eastmoney.com/news,688076,1581614064.html",2026-07-06 17:07:29
eastmoney_guba,688076,1581617580,明年这个时候应能到120元！,,有决策力的H,4980036948211474,2025-08-08 15:08:19,194,1,0,0,False,False,"https://guba.eastmoney.com/news,688076,1581617580.html",2026-07-06 17:07:29
eastmoney_guba,688076,1581620625,45以下卖了的，没有机会买回。下周继续填权至60。,,燕京资本688,7800005105383880,2025-08-08 15:13:30,300,5,0,0,False,False,"https://guba.eastmoney.com/news,688076,1581620625.html",2026-07-06 17:07:29
eastmoney_guba,688076,1581635138,8月8日ST诺泰尾盘现激烈抢筹！终于抛售结束了！ST诺泰将于今日收盘后正式调出样,,佛山隐士,5331047298658940,2025-08-08 15:51:47,2142,23,4,0,False,False,"https://guba.eastmoney.com/news,688076,1581635138.html",2026-07-06 17:07:29
eastmoney_guba,688076,1581652009,ST诺泰24年立案调查中，受损投资者可抓紧索赔,,股事心声,9066047349400580,2025-08-08 16:57:20,249,1,0,0,False,False,"https://guba.eastmoney.com/news,688076,1581652009.html",2026-07-06 17:07:29
eastmoney_guba,688076,1581655398,炒股还是要看基本面，预测2030年诺泰股价86元。预测明年诺泰的年利润5亿元，3,,飞天股票小仙女,1503094384634500,2025-08-08 17:11:42,788,11,0,0,False,False,"https://guba.eastmoney.com/news,688076,1581655398.html",2026-07-06 17:07:29
eastmoney_guba,688076,1581679975,现在的关键是诺泰的10吨多肽明年销量如何？能不能卖得出去？多肽明年的价格能不能保,,中国股市投资巨头,3556366205011162,2025-08-08 19:17:03,794,18,0,0,False,False,"https://guba.eastmoney.com/news,688076,1581679975.html",2026-07-06 17:07:29
eastmoney_guba,688076,1581692204,在网吧里面，争论最激烈的就是诺和诺德和礼来是不是诺泰的客户？目前还没有定论。这就,,中国股市投资巨头,3556366205011162,2025-08-08 20:30:20,264,0,0,0,False,False,"https://guba.eastmoney.com/news,688076,1581692204.html",2026-07-06 17:07:29
eastmoney_guba,688076,1581697628,诺泰生物不断扩产的产品有望消化，主要基于以下几方面原因：-市场需求旺盛：GLP-,,股友A197669V05,8030376544910926,2025-08-08 21:02:23,315,0,0,0,False,False,"https://guba.eastmoney.com/news,688076,1581697628.html",2026-07-06 17:07:29
eastmoney_guba,688076,1581698273,GLP-1靶点药物销售前景广阔，以下是相关预测情况：-全球市场：2024年全球已,,股友A197669V05,8030376544910926,2025-08-08 21:05:35,364,1,0,0,False,False,"https://guba.eastmoney.com/news,688076,1581698273.html",2026-07-06 17:07:29
eastmoney_guba,688076,1581698541,告诉你们一个神奇的发现，诺泰的司美格原料药不知道卖给谁了？卖给礼来和诺和诺德了吗,,中国股市投资巨头,3556366205011162,2025-08-08 21:06:56,383,0,0,0,False,False,"https://guba.eastmoney.com/news,688076,1581698541.html",2026-07-06 17:07:29
eastmoney_guba,688076,1581702628,减肥双雄今晚躁动，下周你动不动，诺泰。,,只看最本质,7139144735501360,2025-08-08 21:33:34,304,0,0,0,False,False,"https://guba.eastmoney.com/news,688076,1581702628.html",2026-07-06 17:07:29
eastmoney_guba,688076,1581707342,安静了许多，很多人挥了挥手，轻轻地走了,,只看最本质,7139144735501360,2025-08-08 22:02:59,309,1,0,0,False,False,"https://guba.eastmoney.com/news,688076,1581707342.html",2026-07-06 17:07:29
eastmoney_guba,688076,1581726185,谁能搞清楚诺泰减肥药研发进展：deepseek和豆包回答不一样，一个说法是诺泰有,,没翻倍不算赚,5013023721672056,2025-08-09 02:37:45,560,0,0,0,False,False,"https://guba.eastmoney.com/news,688076,1581726185.html",2026-07-06 17:07:29
eastmoney_guba,688076,1581743441,诺泰生物全球订单深度研究：多肽原料药龙头的国际化战略与订单布局分析投资要点诺泰生,,李大光,3670385569758982,2025-08-09 09:38:26,1288,5,14,0,False,False,"https://guba.eastmoney.com/news,688076,1581743441.html",2026-07-06 17:07:29
eastmoney_guba,688076,1581753196,散户看涨必跌，大V看涨必跌。因散户踊跃看涨，持仓待涨，诺泰要先震荡向下盘整1个月,,看涨必跌,4016094080719814,2025-08-09 11:39:48,353,2,0,0,False,False,"https://guba.eastmoney.com/news,688076,1581753196.html",2026-07-06 17:07:23
eastmoney_guba,688076,1581755762,近期节点：1.行政处罚决定书下达2.中报发布3.重要车间投产4.WHO减肥指南发,,ST观察,8396325736948510,2025-08-09 12:15:15,680,4,3,0,False,False,"https://guba.eastmoney.com/news,688076,1581755762.html",2026-07-06 17:07:29
eastmoney_guba,688076,1581831846,诺泰生物2024-2025年合作签约情况如下：-2024年：-与欧洲多家头部仿制,,李大光,3670385569758982,2025-08-10 16:14:22,598,2,2,0,False,False,"https://guba.eastmoney.com/news,688076,1581831846.html",2026-07-06 17:07:29
eastmoney_guba,688076,1581838658,上次一片看多的时候是五十元股价,,STW5555,2262376395333000,2025-08-10 18:12:56,253,2,0,0,False,False,"https://guba.eastmoney.com/news,688076,1581838658.html",2026-07-06 17:07:29
eastmoney_guba,688076,1581842923,三大超级赛道，迎利好；特朗普即将与普京会晤；美联储，降息大消息；农业农村部将引导调减百万头能繁母猪……重要消息还有这些,,万和电气资讯,3101113638337974,2025-08-10 19:29:10,11850,14,5,0,False,False,"https://guba.eastmoney.com/news,688076,1581842923.html",2026-07-06 17:07:29
eastmoney_guba,688076,1581856506,看你们聊来聊去都没聊到正题上，我给你们讲讲诺泰。,,十年一梦雅砻江,3174034876009594,2025-08-10 22:34:08,1051,5,1,0,False,False,"https://guba.eastmoney.com/news,688076,1581856506.html",2026-07-06 17:07:29
eastmoney_guba,688076,1581910060,老多的人太多了，怎么涨,,还康得新正义,4313075457881082,2025-08-11 09:31:57,70,0,0,0,False,False,"https://guba.eastmoney.com/news,688076,1581910060.html",2026-07-06 17:07:29
eastmoney_guba,688076,1581931640,站稳5日线，重启升势，加油。,,皨_曐,3927094178701568,2025-08-11 09:40:54,70,0,0,0,False,False,"https://guba.eastmoney.com/news,688076,1581931640.html",2026-07-06 17:07:29
eastmoney_guba,688076,1582047547,速度绿吧，别抻着了,,幸运刺猬,5100535183516786,2025-08-11 10:50:15,83,0,0,0,False,False,"https://guba.eastmoney.com/news,688076,1582047547.html",2026-07-06 17:07:29
eastmoney_guba,688076,1582068385,就这样就行，别涨太快，等我其他股票腾过来资金加仓,,肉肉的柠萌,2086336230742216,2025-08-11 11:06:57,92,0,0,0,False,False,"https://guba.eastmoney.com/news,688076,1582068385.html",2026-07-06 17:07:29
eastmoney_guba,688076,1582082102,换到和，基本面好没啥用，人家涨。。。。,,weka,4923235732188266,2025-08-11 11:18:45,326,2,0,0,False,False,"https://guba.eastmoney.com/news,688076,1582082102.html",2026-07-06 17:07:29
eastmoney_guba,688076,1582099580,诺泰生物未来五年盈利与估值综合分析结合多肽原料药市场的高景气度（需求成倍增长、专,,李大光,3670385569758982,2025-08-11 11:37:42,751,4,1,0,False,False,"https://guba.eastmoney.com/news,688076,1582099580.html",2026-07-06 17:07:29
eastmoney_guba,688076,1582117867,垃圾，看来科技才是主线，这个股出来就遇到医药板块回调，得换股了，清仓！,,股友SJL2ut,6142315783554678,2025-08-11 12:44:12,88,1,1,0,False,False,"https://guba.eastmoney.com/news,688076,1582117867.html",2026-07-06 17:07:29
eastmoney_guba,688076,1582119586,戴帽当天进的，一直没动，今天留点纪念股走了，挣得虽不多，还是挺感谢的，祝大家发财,,万花镜写轮眼,1399145319247286,2025-08-11 12:52:42,133,0,0,0,True,False,"https://guba.eastmoney.com/news,688076,1582119586.html",2026-07-06 17:07:29
eastmoney_guba,688076,1582137959,意象中的补涨呢？跑了？,,股友SJL2ut,6142315783554678,2025-08-11 13:12:24,84,0,0,0,False,False,"https://guba.eastmoney.com/news,688076,1582137959.html",2026-07-06 17:07:29
eastmoney_guba,688076,1582141298,千万别涨，你看我卖一股吗？下半年只要给我涨30%就够了。这就是我的目标位，主力还,,屯老二才买A股,8960346358579732,2025-08-11 13:15:07,231,5,0,0,False,False,"https://guba.eastmoney.com/news,688076,1582141298.html",2026-07-06 17:07:29
eastmoney_guba,688076,1582142314,给翰宇提鞋都不配，拉基，,,谦虚的君清雪,5212585183198414,2025-08-11 13:15:56,113,1,0,0,False,False,"https://guba.eastmoney.com/news,688076,1582142314.html",2026-07-06 17:07:29
eastmoney_guba,688076,1582159099,有一种洗盘就是在所有都涨的时候，他故意表现得冷淡，其实大家大可不必，那些今天大涨,,屯老二才买A股,8960346358579732,2025-08-11 13:30:28,151,2,0,0,False,False,"https://guba.eastmoney.com/news,688076,1582159099.html",2026-07-06 17:07:29
eastmoney_guba,688076,1582165181,表现一般远不及圣诺&翰宇多少有点可怜,,萤火之约,4903065278637186,2025-08-11 13:35:54,92,0,0,0,False,False,"https://guba.eastmoney.com/news,688076,1582165181.html",2026-07-06 17:07:29
eastmoney_guba,688076,1582166712,炒股，要像猎豹一样，咬住就不要松口，别看旁边吃肉放走自己的猎物。情绪不好，可以发,,屯老二才买A股,8960346358579732,2025-08-11 13:37:12,137,1,0,0,False,False,"https://guba.eastmoney.com/news,688076,1582166712.html",2026-07-06 17:07:29
eastmoney_guba,688076,1582198599,泰哥牛b尊敬的董秘：公司计划通过并购重组加快布局战略性新兴产业，目前在寻找并购标,,abcdefghijkmnopq,5097094187774654,2025-08-11 14:05:26,316,0,0,0,False,False,"https://guba.eastmoney.com/news,688076,1582198599.html",2026-07-06 17:07:29
eastmoney_guba,688076,1582265747,收十字星，明天大涨,,十八岁女大学生,2041386070087928,2025-08-11 15:05:38,143,2,0,0,False,False,"https://guba.eastmoney.com/news,688076,1582265747.html",2026-07-06 17:07:29
eastmoney_guba,688076,1582269342,哪怕涨一分钱，都会有一堆小散觉得起飞。这怎么涨,,还康得新正义,4313075457881082,2025-08-11 15:12:09,98,0,0,0,False,False,"https://guba.eastmoney.com/news,688076,1582269342.html",2026-07-06 17:07:29
eastmoney_guba,688076,1582274438,看样子要磨一段时间了,,股友SJL2ut,6142315783554678,2025-08-11 15:24:00,97,0,0,0,False,False,"https://guba.eastmoney.com/news,688076,1582274438.html",2026-07-06 17:07:29
eastmoney_guba,688076,1582277420,50.30卖的，现在回来看看，果然如同预料之中的那样，40再买吧,,尘埃时代,4111035011442624,2025-08-11 15:32:05,114,0,0,0,False,False,"https://guba.eastmoney.com/news,688076,1582277420.html",2026-07-06 17:07:29
eastmoney_guba,688076,1582289628,都走了，隐士也走了吗,,只看最本质,7139144735501360,2025-08-11 16:10:45,182,2,0,0,False,False,"https://guba.eastmoney.com/news,688076,1582289628.html",2026-07-06 17:07:29
eastmoney_guba,688076,1582289955,涨不过大盘指数，也涨不过板块指数，为什么这么垃圾呢？,,股友SJL2ut,6142315783554678,2025-08-11 16:12:07,102,0,0,0,False,False,"https://guba.eastmoney.com/news,688076,1582289955.html",2026-07-06 17:07:29
eastmoney_guba,688076,1582318570,“技术领先、时间领先”，难道每股最高就值个50块钱？缩量厉害,,高贵典雅的钱昊祥,2289084918147260,2025-08-11 18:06:20,220,3,0,0,False,False,"https://guba.eastmoney.com/news,688076,1582318570.html",2026-07-06 17:07:27
eastmoney_guba,688076,1582340840,看着外边热火朝天的炫富，多少有点忧伤，不用猜，这周大概是这种走势，没人接盘,,屯老二才买A股,8960346358579732,2025-08-11 20:03:45,279,4,0,0,False,False,"https://guba.eastmoney.com/news,688076,1582340840.html",2026-07-06 17:07:29
eastmoney_guba,688076,1582352084,炒股票，就是一个原则：逻辑！拿着诺泰生物的逻辑就是：同行的平均PE45！而诺泰生,,遥远的塞纳河888,9037094342652420,2025-08-11 21:00:49,705,16,0,0,False,False,"https://guba.eastmoney.com/news,688076,1582352084.html",2026-07-06 17:07:29
eastmoney_guba,688076,1582378456,同心传动（833454）中标比亚迪、吉利数亿元订单+半年报扣非净利润大增70.3,,豪迈奔放的车寄琴,2924037539726838,2025-08-11 23:36:53,468,0,0,0,False,False,"https://guba.eastmoney.com/news,688076,1582378456.html",2026-07-06 17:07:29
eastmoney_guba,688076,1582392704,指数基金走完了，诺泰开始价值回归，继续填权,,燕京资本688,7800005105383880,2025-08-12 07:09:31,119,2,0,0,False,False,"https://guba.eastmoney.com/news,688076,1582392704.html",2026-07-06 17:07:29
eastmoney_guba,688076,1582398145,中美双方同意于2025年8月12日前，各自再次暂停对对方商品加征24%关税90天,,股友A197669V05,8030376544910926,2025-08-12 08:14:04,129,0,0,0,False,False,"https://guba.eastmoney.com/news,688076,1582398145.html",2026-07-06 17:07:29
eastmoney_guba,688076,1582433938,今天走法不一样了，先跌后升,,古越新安,4541336174369464,2025-08-12 09:32:36,123,3,0,0,False,False,"https://guba.eastmoney.com/news,688076,1582433938.html",2026-07-06 17:07:29
eastmoney_guba,688076,1582465654,什么时候才能闭嘴啊,,还康得新正义,4313075457881082,2025-08-12 09:45:08,63,0,0,0,False,False,"https://guba.eastmoney.com/news,688076,1582465654.html",2026-07-06 17:07:29
eastmoney_guba,688076,1582511675,跌的好，跌的妙呀,,幸运刺猬,5100535183516786,2025-08-12 10:06:36,60,0,0,0,False,False,"https://guba.eastmoney.com/news,688076,1582511675.html",2026-07-06 17:07:29
eastmoney_guba,688076,1582518815,日哦，医药板块涨的时候你闭关，出来没几天遇到板块调整，吃肉没有赶上，挨打没拉下！,,股友SJL2ut,6142315783554678,2025-08-12 10:10:03,137,2,0,0,False,False,"https://guba.eastmoney.com/news,688076,1582518815.html",2026-07-06 17:07:29
eastmoney_guba,688076,1582550288,跌5毛就加仓1000股,,肉肉的柠萌,2086336230742216,2025-08-12 10:26:49,66,0,0,0,False,False,"https://guba.eastmoney.com/news,688076,1582550288.html",2026-07-06 17:07:29
eastmoney_guba,688076,1582551496,跟跌不跟涨啊，这么弱么,,股友I5t7xU,3481375639382760,2025-08-12 10:27:32,82,0,0,0,False,False,"https://guba.eastmoney.com/news,688076,1582551496.html",2026-07-06 17:07:29
eastmoney_guba,688076,1582620973,垃圾啊，清仓吧，现在是科技和大蓝筹涨，医药短期没戏了,,股友SJL2ut,6142315783554678,2025-08-12 11:14:30,83,0,0,0,False,False,"https://guba.eastmoney.com/news,688076,1582620973.html",2026-07-06 17:07:29
eastmoney_guba,688076,1582676496,不是一般的垃圾,,高效的冉芝菲,1560396236443942,2025-08-12 13:08:36,75,0,0,0,False,False,"https://guba.eastmoney.com/news,688076,1582676496.html",2026-07-06 17:07:29
eastmoney_guba,688076,1582707767,什么几把股，大盘涨到天上去，他还只顾跌！,,股友SJL2ut,6142315783554678,2025-08-12 13:32:33,97,1,0,0,False,False,"https://guba.eastmoney.com/news,688076,1582707767.html",2026-07-06 17:07:29
eastmoney_guba,688076,1582721975,洗盘整理,,燕京资本688,7800005105383880,2025-08-12 13:43:41,117,1,0,0,False,False,"https://guba.eastmoney.com/news,688076,1582721975.html",2026-07-06 17:07:29
eastmoney_guba,688076,1582735619,你可真是万绿丛中一点红啊,,股友1938,5244376205709076,2025-08-12 13:55:00,78,0,0,0,False,False,"https://guba.eastmoney.com/news,688076,1582735619.html",2026-07-06 17:07:29
eastmoney_guba,688076,1582832121,价值投资，就是投寒武纪，业绩再好能搞到1万亿的市值？,,屯老二才买A股,8960346358579732,2025-08-12 15:32:21,276,4,0,0,False,False,"https://guba.eastmoney.com/news,688076,1582832121.html",2026-07-06 17:07:29
eastmoney_guba,688076,1582877561,初步测算明天大跌18个点，速度挂单。,,沃伦芭菲特,9735074858808002,2025-08-12 18:27:01,306,7,0,0,False,False,"https://guba.eastmoney.com/news,688076,1582877561.html",2026-07-06 17:07:29
eastmoney_guba,688076,1582914744,成交量小且拉尾盘的股票，后续走势往往偏谨慎，大概率呈现以下特征：短期难持续上涨：,,飞天股票小仙女,1503094384634500,2025-08-12 21:29:21,279,2,0,0,False,False,"https://guba.eastmoney.com/news,688076,1582914744.html",2026-07-06 17:07:29
eastmoney_guba,688076,1582934501,司美格鲁肽还在专利期内明年三月份才能公开大批量卖，那么诺泰今年和明年一季度生产的,,中国股市投资巨头,3556366205011162,2025-08-12 23:18:13,402,11,2,0,False,False,"https://guba.eastmoney.com/news,688076,1582934501.html",2026-07-06 17:07:29
eastmoney_guba,688076,1582934648,基于2025年7月诺泰生物被实施ST后的公开信息综合分析，该公司仍面临以下潜在利,,盆满善贾地任我行,5316034866968140,2025-08-12 23:19:18,422,2,2,0,False,False,"https://guba.eastmoney.com/news,688076,1582934648.html",2026-07-06 17:07:29
eastmoney_guba,688076,1582936730,ST诺泰真正的风险还没爆发出来,,盆满善贾地任我行,5316034866968140,2025-08-12 23:36:38,684,5,1,0,False,False,"https://guba.eastmoney.com/news,688076,1582936730.html",2026-07-06 17:07:29
eastmoney_guba,688076,1583028312,好冷清,,萤火之约,4903065278637186,2025-08-13 09:45:52,144,3,0,0,False,False,"https://guba.eastmoney.com/news,688076,1583028312.html",2026-07-06 17:07:29
eastmoney_guba,688076,1583071661,一帮傻缺，还在这做翻倍的白日梦呢，要是看基本面有用，就不会有人赔钱了,,盆满善贾地任我行,5316034866968140,2025-08-13 10:03:26,176,7,0,0,False,False,"https://guba.eastmoney.com/news,688076,1583071661.html",2026-07-06 17:07:29
eastmoney_guba,688076,1583110937,接着加仓,,肉肉的柠萌,2086336230742216,2025-08-13 10:22:50,67,1,0,0,False,False,"https://guba.eastmoney.com/news,688076,1583110937.html",2026-07-06 17:07:29
eastmoney_guba,688076,1583121550,拜拜了，诺泰，一个只存在于基本面里的拉基股,,盆满善贾地任我行,5316034866968140,2025-08-13 10:28:54,421,8,0,0,True,False,"https://guba.eastmoney.com/news,688076,1583121550.html",2026-07-06 17:07:27
eastmoney_guba,688076,1583155299,，必须得拜拜了！,,股友SJL2ut,6142315783554678,2025-08-13 10:48:39,105,3,0,0,False,False,"https://guba.eastmoney.com/news,688076,1583155299.html",2026-07-06 17:07:29
eastmoney_guba,688076,1583180928,洗盘结束,,燕京资本688,7800005105383880,2025-08-13 11:04:36,147,5,0,0,False,False,"https://guba.eastmoney.com/news,688076,1583180928.html",2026-07-06 17:07:29
eastmoney_guba,688076,1583189813,跌十个点叫洗盘，涨一个点叫起飞,,还康得新正义,4313075457881082,2025-08-13 11:10:43,68,0,0,0,False,False,"https://guba.eastmoney.com/news,688076,1583189813.html",2026-07-06 17:07:29
eastmoney_guba,688076,1583197890,做st的资金把够，量化大佬也有买入限制。还是需要买个正经一点的创新药。。。。,,weka,4923235732188266,2025-08-13 11:16:14,96,0,0,0,False,False,"https://guba.eastmoney.com/news,688076,1583197890.html",2026-07-06 17:07:29
eastmoney_guba,688076,1583229563,司美格鲁肽已经过时了,,要活在光里,5864466673723598,2025-08-13 11:52:48,91,1,0,0,False,False,"https://guba.eastmoney.com/news,688076,1583229563.html",2026-07-06 17:07:27
eastmoney_guba,688076,1583242536,卖了一半，去了美诺华，glp1保健品减肥，没听过吗？,,没翻倍不算赚,5013023721672056,2025-08-13 12:35:29,124,1,0,0,False,False,"https://guba.eastmoney.com/news,688076,1583242536.html",2026-07-06 17:07:27
eastmoney_guba,688076,1583243370,今天在医药大涨的背景下，诺泰资金大幅流出，非常不正常，还是先出来看看再说吧,,股友SJL2ut,6142315783554678,2025-08-13 12:38:43,155,2,0,0,False,False,"https://guba.eastmoney.com/news,688076,1583243370.html",2026-07-06 17:07:27
eastmoney_guba,688076,1583266689,先不要给我涨，等我在迈威生物和翰宇药业里面资金翻倍了再来玩你,,霸王龙0602,9217094304365474,2025-08-13 13:11:16,113,2,1,0,False,False,"https://guba.eastmoney.com/news,688076,1583266689.html",2026-07-06 17:07:27
eastmoney_guba,688076,1583300914,都不肯出来，就要狠狠洗了。今日有大资金减仓了,,股友mM68oB,1159054932808956,2025-08-13 13:34:02,70,0,0,0,False,False,"https://guba.eastmoney.com/news,688076,1583300914.html",2026-07-06 17:07:27
eastmoney_guba,688076,1583305805,别硬撑了，赶紧给我绿绿绿绿绿绿绿绿绿绿绿绿绿,,盆满善贾地任我行,5316034866968140,2025-08-13 13:37:33,63,0,0,0,False,False,"https://guba.eastmoney.com/news,688076,1583305805.html",2026-07-06 17:07:27
eastmoney_guba,688076,1583308691,林奇说，要买在无人问津处，如果你还没买大可以等等，或者买外边的那些热门股。如果你,,屯老二才买A股,8960346358579732,2025-08-13 13:39:40,106,0,0,0,False,False,"https://guba.eastmoney.com/news,688076,1583308691.html",2026-07-06 17:07:27
eastmoney_guba,688076,1583314252,股。磨磨唧唧不玩了。,,独具慧眼的陈怡萱,8885386005614760,2025-08-13 13:43:42,69,0,0,0,False,False,"https://guba.eastmoney.com/news,688076,1583314252.html",2026-07-06 17:07:27
eastmoney_guba,688076,1583317551,巴子（巴菲特）反问他的徒弟:为什么要有复利的概念？都知道钱越挣越多，之所以提,,屯老二才买A股,8960346358579732,2025-08-13 13:46:00,104,0,0,0,False,False,"https://guba.eastmoney.com/news,688076,1583317551.html",2026-07-06 17:07:27
eastmoney_guba,688076,1583335000,这抛压，主力借大盘涨卸卸货,,STW5555,2262376395333000,2025-08-13 13:58:59,99,1,0,0,False,False,"https://guba.eastmoney.com/news,688076,1583335000.html",2026-07-06 17:07:27
eastmoney_guba,688076,1583345209,什么时候摘帽ST？,,我滴个乖乖啊,8386094309231136,2025-08-13 14:06:28,105,2,0,0,False,False,"https://guba.eastmoney.com/news,688076,1583345209.html",2026-07-06 17:07:27
eastmoney_guba,688076,1583351604,礼来的替尔泊肽注射液转本地化生产且医保通过初步形式审查，对诺泰生物利好。原料订单,,中国股市投资巨头,3556366205011162,2025-08-13 14:11:03,707,8,0,0,True,False,"https://guba.eastmoney.com/news,688076,1583351604.html",2026-07-06 17:07:27
eastmoney_guba,688076,1583384862,今天确实走出了sST该有的样子,,luotuoxzx,6756094607583200,2025-08-13 14:33:14,70,0,0,0,False,False,"https://guba.eastmoney.com/news,688076,1583384862.html",2026-07-06 17:07:27
eastmoney_guba,688076,1583398284,我都卖了，还不张，让我再追呀！,,wo要发啦,2920084918719670,2025-08-13 14:42:59,82,1,0,0,False,False,"https://guba.eastmoney.com/news,688076,1583398284.html",2026-07-06 17:07:27
eastmoney_guba,688076,1583409325,从头到尾都在出货，点个赞！！,,幸运刺猬,5100535183516786,2025-08-13 14:50:42,68,0,0,0,False,False,"https://guba.eastmoney.com/news,688076,1583409325.html",2026-07-06 17:07:27
eastmoney_guba,688076,1583413257,静等基金社保港股通出清后将迎来主升浪。,,雨后池塘2,6512093932053344,2025-08-13 14:53:20,78,0,0,0,False,False,"https://guba.eastmoney.com/news,688076,1583413257.html",2026-07-06 17:07:27
eastmoney_guba,688076,1583420245,今天CRO可以开仓试错，无奈满仓了，手里持有的都有逻辑没法卖，要不现在绝对抄你一,,心有猛虎8888,2404365808864416,2025-08-13 14:58:41,110,0,0,0,False,False,"https://guba.eastmoney.com/news,688076,1583420245.html",2026-07-06 17:07:27
eastmoney_guba,688076,1583436325,卖诺泰，换博瑞，不跟这个拉基耗了，带着st的帽子一时半会起不来,,盆满善贾地任我行,5316034866968140,2025-08-13 15:18:14,253,0,0,0,True,False,"https://guba.eastmoney.com/news,688076,1583436325.html",2026-07-06 17:07:27
eastmoney_guba,688076,1583448636,没有悬念，今天大盘大涨的情况下大跌。预测没有大跌18个点。,,沃伦芭菲特,9735074858808002,2025-08-13 15:46:51,113,2,0,0,False,False,"https://guba.eastmoney.com/news,688076,1583448636.html",2026-07-06 17:07:27
eastmoney_guba,688076,1583455812,是公募基金在清仓吗？若真是如此，估计要整理一段时间，如果大盘强势上涨，时间可能缩,,股友E07m565796,4392446662730256,2025-08-13 16:08:53,94,0,0,0,False,False,"https://guba.eastmoney.com/news,688076,1583455812.html",2026-07-06 17:07:27
eastmoney_guba,688076,1583469406,磨磨唧唧、装神弄鬼的，能不能一下砸穿20日线。,,只看最本质,7139144735501360,2025-08-13 16:51:16,77,0,0,0,False,False,"https://guba.eastmoney.com/news,688076,1583469406.html",2026-07-06 17:07:27
eastmoney_guba,688076,1583472593,中报有没有可能亏损？对应疲软的走势，有没有这种可能呢？,,大气的宋思明,4136007409885006,2025-08-13 17:01:29,342,15,0,0,False,False,"https://guba.eastmoney.com/news,688076,1583472593.html",2026-07-06 17:07:27
eastmoney_guba,688076,1583484971,极度糟糕！,,萤火之约,4903065278637186,2025-08-13 17:46:30,103,1,0,0,False,False,"https://guba.eastmoney.com/news,688076,1583484971.html",2026-07-06 17:07:27
eastmoney_guba,688076,1583492951,看这架势，主力是在坚决的清仓，是有什么大利空吗？,,飞天股票小仙女,1503094384634500,2025-08-13 18:16:51,113,1,0,0,False,False,"https://guba.eastmoney.com/news,688076,1583492951.html",2026-07-06 17:07:27
eastmoney_guba,688076,1583498750,通过我的研究，诺泰主力不计成本的清仓的原因可能是有不为人知的巨大的利空。,,沃伦芭菲特,9735074858808002,2025-08-13 18:42:30,399,12,1,0,False,False,"https://guba.eastmoney.com/news,688076,1583498750.html",2026-07-06 17:07:27
eastmoney_guba,688076,1583499198,牛市远离st,,幸运刺猬,5100535183516786,2025-08-13 18:44:19,85,0,0,0,False,False,"https://guba.eastmoney.com/news,688076,1583499198.html",2026-07-06 17:07:27
eastmoney_guba,688076,1583523645,建议诺泰换为翰宇和圣诺。最近市场非常好，完全没有必要耗在这只差劲的票上，同类型的,,中国股市投资巨头,3556366205011162,2025-08-13 20:30:48,194,3,0,0,False,False,"https://guba.eastmoney.com/news,688076,1583523645.html",2026-07-06 17:07:27
eastmoney_guba,688076,1583530831,印度人口最多，糖尿病患者加肥胖7000万人，礼来的替尔泊肽印度4个月前已仿制上市,,忠与叶,1181054527685094,2025-08-13 21:00:29,251,0,0,0,False,False,"https://guba.eastmoney.com/news,688076,1583530831.html",2026-07-06 17:07:27
eastmoney_guba,688076,1583532744,st以后会退市吗？这个,,医药不值得投资,5383084759787052,2025-08-13 21:08:21,154,3,0,0,False,False,"https://guba.eastmoney.com/news,688076,1583532744.html",2026-07-06 17:07:27
eastmoney_guba,688076,1583535048,股票涨不涨庄家说了算，利好再多，也没用，明天清仓走人。,,忠与叶,1181054527685094,2025-08-13 21:18:17,193,4,0,0,False,False,"https://guba.eastmoney.com/news,688076,1583535048.html",2026-07-06 17:07:27
eastmoney_guba,688076,1583538916,明天一根大阴线惊诧众人，开盘45，冲高至45.5，上午收盘44，下午收盘43。,,飞天股票小仙女,1503094384634500,2025-08-13 21:34:26,287,3,0,0,False,False,"https://guba.eastmoney.com/news,688076,1583538916.html",2026-07-06 17:07:27
eastmoney_guba,688076,1583555671,不必太急，多肽三剑客中，两个涨得都很好，基本面最好的诺泰没有理由长时下跌。近两天,,佛山隐士,5331047298658940,2025-08-13 22:53:56,1492,16,0,0,False,False,"https://guba.eastmoney.com/news,688076,1583555671.html",2026-07-06 17:07:25
eastmoney_guba,688076,1583562980,这个拉基，大盘涨的时候下跌，等大盘回调，跌的更快了，明天清仓走人,,盆满善贾地任我行,5316034866968140,2025-08-13 23:45:48,160,0,0,0,False,False,"https://guba.eastmoney.com/news,688076,1583562980.html",2026-07-06 17:07:27
eastmoney_guba,688076,1583589111,随着基金减持退出，诺泰企稳向上。,,燕京资本688,7800005105383880,2025-08-14 08:22:44,108,2,0,0,False,False,"https://guba.eastmoney.com/news,688076,1583589111.html",2026-07-06 17:07:27
eastmoney_guba,688076,1583636207,已经形成多杀多的死亡螺旋，在这个市场就要认可这个生态。先跑为敬,,还康得新正义,4313075457881082,2025-08-14 09:35:45,67,0,0,0,False,False,"https://guba.eastmoney.com/news,688076,1583636207.html",2026-07-06 17:07:27
eastmoney_guba,688076,1583647150,一帮韭菜整天yy，以为能翻倍，所以每天跌给你们看,,盆满善贾地任我行,5316034866968140,2025-08-14 09:39:19,51,0,0,0,False,False,"https://guba.eastmoney.com/news,688076,1583647150.html",2026-07-06 17:07:27
eastmoney_guba,688076,1583649298,拿着翰宇药业体验z真好。。。。,,weka,4923235732188266,2025-08-14 09:40:05,101,2,0,0,False,False,"https://guba.eastmoney.com/news,688076,1583649298.html",2026-07-06 17:07:27
eastmoney_guba,688076,1583722548,放量下跌还会跌，缩量上涨还会涨,,盆满善贾地任我行,5316034866968140,2025-08-14 10:08:01,50,0,0,0,False,False,"https://guba.eastmoney.com/news,688076,1583722548.html",2026-07-06 17:07:27
eastmoney_guba,688076,1583726064,目测社保哥出货了，接回来。。。。,,weka,4923235732188266,2025-08-14 10:09:34,53,0,0,0,False,False,"https://guba.eastmoney.com/news,688076,1583726064.html",2026-07-06 17:07:27
eastmoney_guba,688076,1583729728,St？天天让人揪心，大盘涨他跌跌不休,,股友922h8X6591,6699256662728486,2025-08-14 10:11:12,49,0,0,0,False,False,"https://guba.eastmoney.com/news,688076,1583729728.html",2026-07-06 17:07:27
eastmoney_guba,688076,1583733331,中短期均线已破，空头排列，趋势走坏,,lm3859102,3766094563074992,2025-08-14 10:12:54,46,0,0,0,False,False,"https://guba.eastmoney.com/news,688076,1583733331.html",2026-07-06 17:07:27
eastmoney_guba,688076,1583737638,主力出货如此坚决。清仓了,,股友SJL2ut,6142315783554678,2025-08-14 10:14:53,54,0,0,0,False,False,"https://guba.eastmoney.com/news,688076,1583737638.html",2026-07-06 17:07:27
eastmoney_guba,688076,1583755515,ST诺泰24年立案告知书发布，符合条件投资者可报名索赔,,知股微声,6820335832347056,2025-08-14 10:23:39,173,0,1,0,False,False,"https://guba.eastmoney.com/news,688076,1583755515.html",2026-07-06 17:07:27
eastmoney_guba,688076,1583796843,空头尽情的砸吧。因为外面赚钱效应很好想跑出去买更好的东西。这个可以理解。卖完了不,,狙击手波波,9463013320243196,2025-08-14 10:45:24,179,2,0,0,False,False,"https://guba.eastmoney.com/news,688076,1583796843.html",2026-07-06 17:07:27
eastmoney_guba,688076,1583841422,建仓st诺泰！大幅减仓汇科和华铭！,,俄罗斯st牛哥,1604355966049892,2025-08-14 11:12:54,1269,8,1,0,True,False,"https://guba.eastmoney.com/news,688076,1583841422.html",2026-07-06 17:07:27
eastmoney_guba,688076,1583844476,多肽三剑客，今年刚开始涨的最好的是圣诺生物，现在翰宇药业也接上来了，最后也该轮到,,傲气的佛觅儿,5598486666742320,2025-08-14 11:14:56,365,4,0,0,False,False,"https://guba.eastmoney.com/news,688076,1583844476.html",2026-07-06 17:07:25
eastmoney_guba,688076,1583852437,反抽20日线是短线逃命机会,,股友RH7QI0,3152395770984070,2025-08-14 11:20:32,75,0,0,0,False,False,"https://guba.eastmoney.com/news,688076,1583852437.html",2026-07-06 17:07:27
eastmoney_guba,688076,1583854129,好，深V。回来了,,古越新安,4541336174369464,2025-08-14 11:21:50,96,2,0,0,False,False,"https://guba.eastmoney.com/news,688076,1583854129.html",2026-07-06 17:07:27
eastmoney_guba,688076,1583883184,44.5清仓诺泰，这波预计会跌到35左右。,,炒A股十八年,8067037417052586,2025-08-14 12:06:37,141,3,0,0,False,False,"https://guba.eastmoney.com/news,688076,1583883184.html",2026-07-06 17:07:27
eastmoney_guba,688076,1583916588,难道要回踩60天线或年线吗,,股友mM68oB,1159054932808956,2025-08-14 13:11:37,89,2,0,0,False,False,"https://guba.eastmoney.com/news,688076,1583916588.html",2026-07-06 17:07:27
eastmoney_guba,688076,1583943370,你命不好，碰到大盘调整。,,万花镜写轮眼,1399145319247286,2025-08-14 13:27:01,66,0,0,0,False,False,"https://guba.eastmoney.com/news,688076,1583943370.html",2026-07-06 17:07:27
eastmoney_guba,688076,1583952879,趁着跳水，加仓诺泰+京蓝+应急,,俄罗斯st牛哥,1604355966049892,2025-08-14 13:33:18,2054,8,1,0,True,False,"https://guba.eastmoney.com/news,688076,1583952879.html",2026-07-06 17:07:27
eastmoney_guba,688076,1583966150,完了，有大V打个粉丝来了，赶紧跑。,,万花镜写轮眼,1399145319247286,2025-08-14 13:43:36,104,1,0,0,False,False,"https://guba.eastmoney.com/news,688076,1583966150.html",2026-07-06 17:07:27
eastmoney_guba,688076,1584002742,拉上去，给你糖吃。,,燕京资本688,7800005105383880,2025-08-14 14:12:04,68,0,0,0,False,False,"https://guba.eastmoney.com/news,688076,1584002742.html",2026-07-06 17:07:27
eastmoney_guba,688076,1584004995,回到40吧60日线慢慢走然后慢慢买,,LeonDady,9515365865096050,2025-08-14 14:13:56,114,3,0,0,False,False,"https://guba.eastmoney.com/news,688076,1584004995.html",2026-07-06 17:07:27
eastmoney_guba,688076,1584108875,都看涨，就要跌，跌多少主力说了算，跌倒没人看涨就见底了。,,看涨必跌,4016094080719814,2025-08-14 16:26:20,99,0,0,0,False,False,"https://guba.eastmoney.com/news,688076,1584108875.html",2026-07-06 17:07:27
eastmoney_guba,688076,1584115473,还是那句话，等待40再买,,尘埃时代,4111035011442624,2025-08-14 16:46:44,152,4,0,0,False,False,"https://guba.eastmoney.com/news,688076,1584115473.html",2026-07-06 17:07:27
eastmoney_guba,688076,1584134749,市场可能在担心诺泰每年生产的10几顿多肽卖不出去，那就亏损大了。,,飞天股票小仙女,1503094384634500,2025-08-14 17:54:58,292,4,0,0,False,False,"https://guba.eastmoney.com/news,688076,1584134749.html",2026-07-06 17:07:27
eastmoney_guba,688076,1584144655,这怎么有人敢买，ST啊，太可怕了,,骄米强,4234094334705100,2025-08-14 18:37:18,103,0,0,0,False,False,"https://guba.eastmoney.com/news,688076,1584144655.html",2026-07-06 17:07:27
eastmoney_guba,688076,1584158675,大家觉得诺泰股价有没有可能跌到1元左右？,,中国芒恪,3628094076399488,2025-08-14 19:41:59,176,8,0,0,False,False,"https://guba.eastmoney.com/news,688076,1584158675.html",2026-07-06 17:07:25
eastmoney_guba,688076,1584163989,希望你能找一个比诺泰更强的,,校友957,4202212735871546,2025-08-14 20:04:37,1063,19,2,0,False,False,"https://guba.eastmoney.com/news,688076,1584163989.html",2026-07-06 17:07:25
eastmoney_guba,688076,1584174704,都看不到巴菲特了原来跌倒一定程度也能消灭唱空的,,屯老二才买A股,8960346358579732,2025-08-14 20:50:36,188,4,0,0,False,False,"https://guba.eastmoney.com/news,688076,1584174704.html",2026-07-06 17:07:27
eastmoney_guba,688076,1584192143,还没跌到位。,,韭黄见光,2346067193268134,2025-08-14 22:05:56,165,0,0,0,False,False,"https://guba.eastmoney.com/news,688076,1584192143.html",2026-07-06 17:07:27
eastmoney_guba,688076,1584204098,真是看不懂，同比翰宇药业，营收产品结构相近。从半年报预告来看，无论从利润3.1亿,,沃伦大拿,8705565220736134,2025-08-14 23:14:39,272,0,0,0,False,False,"https://guba.eastmoney.com/news,688076,1584204098.html",2026-07-06 17:07:27
eastmoney_guba,688076,1584206310,股价暴跌背后：十吨多肽产能消化成疑？股价近期的大幅下跌，让市场将目光聚焦在其每年,,沃伦芭菲特,9735074858808002,2025-08-14 23:33:03,376,4,3,0,False,False,"https://guba.eastmoney.com/news,688076,1584206310.html",2026-07-06 17:07:27
eastmoney_guba,688076,1584208667,看看博瑞医药，看看美迪西，基本面比诺泰差多了，连dpsk都说价值高估，阶段性回调,,盆满善贾地任我行,5316034866968140,2025-08-14 23:56:30,241,1,0,0,False,False,"https://guba.eastmoney.com/news,688076,1584208667.html",2026-07-06 17:07:27
eastmoney_guba,688076,1584222765,有源源不断看涨的散户，主力砸盘下跌就可以赚钱，不被散户看好的股票主力才会拉升赚钱,,看涨必跌,4016094080719814,2025-08-15 06:28:41,120,0,1,0,False,False,"https://guba.eastmoney.com/news,688076,1584222765.html",2026-07-06 17:07:27
eastmoney_guba,688076,1584230808,底部区域,,燕京资本688,7800005105383880,2025-08-15 07:55:38,184,5,0,0,False,False,"https://guba.eastmoney.com/news,688076,1584230808.html",2026-07-06 17:07:25
eastmoney_guba,688076,1584234632,8月15日，港股市场又将迎来一只新股——“减肥药新贵”银诺医药。,,股友5C388e0080,1407024990732070,2025-08-15 08:22:42,173,4,0,0,False,False,"https://guba.eastmoney.com/news,688076,1584234632.html",2026-07-06 17:07:27
eastmoney_guba,688076,1584237518,诺泰千万别跟2018年的长某生物一样啊，开始感觉问题不大，经过媒体越吵事越大，最,,马出牛力,1631013768184614,2025-08-15 08:41:18,183,0,0,0,False,False,"https://guba.eastmoney.com/news,688076,1584237518.html",2026-07-06 17:07:27
eastmoney_guba,688076,1584238955,牛市，增量市场，钱不是稀缺品，有好逻辑的股票才是稀缺品。,,燕京资本688,7800005105383880,2025-08-15 08:49:50,85,0,0,0,False,False,"https://guba.eastmoney.com/news,688076,1584238955.html",2026-07-06 17:07:27
eastmoney_guba,688076,1584245291,指数基金不能买ST股，主动基金可以买，如ST松发，ST华通等。,,燕京资本688,7800005105383880,2025-08-15 09:13:57,216,7,0,0,False,False,"https://guba.eastmoney.com/news,688076,1584245291.html",2026-07-06 17:07:25
eastmoney_guba,688076,1584306181,又废了一天,,古越新安,4541336174369464,2025-08-15 09:46:14,65,1,0,0,False,False,"https://guba.eastmoney.com/news,688076,1584306181.html",2026-07-06 17:07:27
eastmoney_guba,688076,1584337465,这把跌的倒是跟步调一致,,weka,4923235732188266,2025-08-15 09:59:32,69,0,0,0,False,False,"https://guba.eastmoney.com/news,688076,1584337465.html",2026-07-06 17:07:27
eastmoney_guba,688076,1584337956,ST的味道越来越浓了,,luotuoxzx,6756094607583200,2025-08-15 09:59:45,51,0,0,0,False,False,"https://guba.eastmoney.com/news,688076,1584337956.html",2026-07-06 17:07:27
eastmoney_guba,688076,1584341810,老套路了，高开低走，收盘最低点,,盆满善贾地任我行,5316034866968140,2025-08-15 10:01:28,57,0,0,0,False,False,"https://guba.eastmoney.com/news,688076,1584341810.html",2026-07-06 17:07:27
eastmoney_guba,688076,1584369722,已跌了几天，争气了给看好你的家人们希望,,股友922h8X6591,6699256662728486,2025-08-15 10:14:48,69,1,0,0,False,False,"https://guba.eastmoney.com/news,688076,1584369722.html",2026-07-06 17:07:27
eastmoney_guba,688076,1584391841,再战诺泰，低位筹码抢起来,,股友86pt611905,2931316098174320,2025-08-15 10:26:40,57,0,0,0,False,False,"https://guba.eastmoney.com/news,688076,1584391841.html",2026-07-06 17:07:27
eastmoney_guba,688076,1584403165,三剑客中这货是最垃的，圣诺涨的没他好是因为人家是从-5开始拉的,,还康得新正义,4313075457881082,2025-08-15 10:33:01,83,0,0,0,False,False,"https://guba.eastmoney.com/news,688076,1584403165.html",2026-07-06 17:07:27
eastmoney_guba,688076,1584426925,没有啥量,,淡定的池光耀1,3566036947369622,2025-08-15 10:47:00,61,0,0,0,False,False,"https://guba.eastmoney.com/news,688076,1584426925.html",2026-07-06 17:07:27
eastmoney_guba,688076,1584432520,各路基金已出清，该跑路的也跑路了，欢迎新主力入驻,,股友86pt611905,2931316098174320,2025-08-15 10:50:25,85,0,0,0,False,False,"https://guba.eastmoney.com/news,688076,1584432520.html",2026-07-06 17:07:27
eastmoney_guba,688076,1584465624,弱的离谱，20日线就只碰了一下。。。。,,weka,4923235732188266,2025-08-15 11:11:24,99,1,0,0,False,False,"https://guba.eastmoney.com/news,688076,1584465624.html",2026-07-06 17:07:25
eastmoney_guba,688076,1584479250,我感觉不久就会来个大长推,,从容的金融小单车,6212094526840066,2025-08-15 11:20:56,96,0,2,0,False,False,"https://guba.eastmoney.com/news,688076,1584479250.html",2026-07-06 17:07:25
eastmoney_guba,688076,1584512107,走了，不熟悉的票，指标超跌，小博一把，赚了几天的菜金。,,韭黄见光,2346067193268134,2025-08-15 12:14:20,97,0,0,0,False,False,"https://guba.eastmoney.com/news,688076,1584512107.html",2026-07-06 17:07:25
eastmoney_guba,688076,1584523315,知道他为什么上涨吗？因为今天是周五了，让你们安心过周末，期待下周反转，可是左等右,,屯老二才买A股,8960346358579732,2025-08-15 12:56:45,188,2,0,0,False,False,"https://guba.eastmoney.com/news,688076,1584523315.html",2026-07-06 17:07:25
eastmoney_guba,688076,1584530036,主力又在借大盘拉伸出货了，看到42,,幸运刺猬,5100535183516786,2025-08-15 13:01:49,124,1,1,0,False,False,"https://guba.eastmoney.com/news,688076,1584530036.html",2026-07-06 17:07:25
eastmoney_guba,688076,1584575520,有的人睁眼说瞎话，下跌出货，上涨出货，什么时候不出货？目前看，诺泰正在修复中,,古越新安,4541336174369464,2025-08-15 13:32:35,204,3,0,0,False,False,"https://guba.eastmoney.com/news,688076,1584575520.html",2026-07-06 17:07:25
eastmoney_guba,688076,1584612086,依旧出货中。。。。没有主动性买盘,,医药不值得投资,5383084759787052,2025-08-15 13:55:56,234,4,0,0,False,False,"https://guba.eastmoney.com/news,688076,1584612086.html",2026-07-06 17:07:25
eastmoney_guba,688076,1584636108,收盘估计又得绿了吧,,飞天股票小仙女,1503094384634500,2025-08-15 14:11:33,141,0,0,0,False,False,"https://guba.eastmoney.com/news,688076,1584636108.html",2026-07-06 17:07:25
eastmoney_guba,688076,1584648101,真不如其他两家强，我承认选择性错误了,,傲气的佛觅儿,5598486666742320,2025-08-15 14:19:41,169,0,0,0,False,False,"https://guba.eastmoney.com/news,688076,1584648101.html",2026-07-06 17:07:25
eastmoney_guba,688076,1584657052,大家猜一猜，收盘会不会跌到45以下,,飞天股票小仙女,1503094384634500,2025-08-15 14:25:42,148,0,0,0,False,False,"https://guba.eastmoney.com/news,688076,1584657052.html",2026-07-06 17:07:25
eastmoney_guba,688076,1584664682,看看别人真羡慕,,医药不值得投资,5383084759787052,2025-08-15 14:30:38,178,0,0,0,False,False,"https://guba.eastmoney.com/news,688076,1584664682.html",2026-07-06 17:07:25
eastmoney_guba,688076,1584731526,别怕接下来立案调察之后就是退诺泰了，赶紧切换到圣诺生物，平台突破要冲击100亿市,,低吸潜力无限,6194044920704158,2025-08-15 15:44:26,371,12,0,0,False,False,"https://guba.eastmoney.com/news,688076,1584731526.html",2026-07-06 17:07:25
eastmoney_guba,688076,1584736991,ST诺泰、诺唯赞等成立生物制药新公司,,ST诺泰资讯,9038395923854884,2025-08-15 16:00:41,2655,9,4,0,False,False,"https://guba.eastmoney.com/news,688076,1584736991.html",2026-07-06 17:07:25
eastmoney_guba,688076,1584752631,我被诺泰的3亿瓶司美格鲁肽注射液年产能给吓到了。生产这么多就不怕卖不出去吗？有人,,中国股市投资巨头,3556366205011162,2025-08-15 16:52:27,405,3,0,0,False,False,"https://guba.eastmoney.com/news,688076,1584752631.html",2026-07-06 17:07:25
eastmoney_guba,688076,1584796396,大家问问诺泰的司美格鲁肽注射液什么时候能够上市？,,中国股市投资巨头,3556366205011162,2025-08-15 20:05:36,252,2,0,0,False,False,"https://guba.eastmoney.com/news,688076,1584796396.html",2026-07-06 17:07:25
eastmoney_guba,688076,1584805632,从司美格鲁肽仿制药临床三期的高速推进，可以看出诺泰生物确实是一家雷厉风行的企业。,,中国股市投资巨头,3556366205011162,2025-08-15 20:48:12,559,2,1,0,False,False,"https://guba.eastmoney.com/news,688076,1584805632.html",2026-07-06 17:07:25
eastmoney_guba,688076,1584810028,当前手握诺泰的股友没什么好怕的！近期圣诺生物和翰宇药业的大幅上涨，说明市场对多肽,,佛山隐士,5331047298658940,2025-08-15 21:08:50,1481,16,4,0,False,False,"https://guba.eastmoney.com/news,688076,1584810028.html",2026-07-06 17:07:25
eastmoney_guba,688076,1584816731,回调完成，目标100元，谁见过100元的ST股票,,修身养性的老天才,5406035154204304,2025-08-15 21:42:30,429,6,0,0,False,False,"https://guba.eastmoney.com/news,688076,1584816731.html",2026-07-06 17:07:25
eastmoney_guba,688076,1584825785,正式处罚一直不出来，没得玩啊。,,万花镜写轮眼,1399145319247286,2025-08-15 22:31:21,353,3,0,0,False,False,"https://guba.eastmoney.com/news,688076,1584825785.html",2026-07-06 17:07:25
eastmoney_guba,688076,1584834297,终于知道为什么诺泰不涨了，我对诺泰的理解有偏执。诺泰根本没有纳入创新药范畴，诺泰,,江枫丨渔火,3125395530799198,2025-08-15 23:44:03,1063,16,0,0,False,False,"https://guba.eastmoney.com/news,688076,1584834297.html",2026-07-06 17:07:25
eastmoney_guba,688076,1584835925,谁能解释下ST泰诺为什么没有被纳入创新药板块，还是这家企业是纯纯的代工原料药的制,,江枫丨渔火,3125395530799198,2025-08-16 00:02:20,383,1,0,0,False,False,"https://guba.eastmoney.com/news,688076,1584835925.html",2026-07-06 17:07:25
eastmoney_guba,688076,1584836880,以后请不要把圣诺和瀚宇跟诺泰相提并论，我们都被燕京资本和佛山隐士忽悠了！！圣诺和,,江枫丨渔火,3125395530799198,2025-08-16 00:15:51,548,8,0,0,False,False,"https://guba.eastmoney.com/news,688076,1584836880.html",2026-07-06 17:07:25
eastmoney_guba,688076,1584845345,突然发现一个神奇的情况，去年到现在这个董秘真够懒得，竟然没回答过一个提问，是故意,,低吸潜力无限,6194044920704158,2025-08-16 06:12:36,344,0,0,0,False,False,"https://guba.eastmoney.com/news,688076,1584845345.html",2026-07-06 17:07:25
eastmoney_guba,688076,1584849604,这轮牛市，我最大的失误就是买了你这个st，完美错过一场大牛市。到处都是连续上涨的,,憨态可掬的黎亦游,6049027399543414,2025-08-16 07:41:55,237,0,0,0,False,False,"https://guba.eastmoney.com/news,688076,1584849604.html",2026-07-06 17:07:25
eastmoney_guba,688076,1584861818,礼来股价重新站回700大关,,古越新安,4541336174369464,2025-08-16 09:50:54,442,0,0,0,True,False,"https://guba.eastmoney.com/news,688076,1584861818.html",2026-07-06 17:07:25
eastmoney_guba,688076,1584874745,【湖南慧泽生物价值几何？】据相关报道，2022年慧泽生物业绩达到2亿元，那么今年,,ST妖师,9449156110421786,2025-08-16 12:25:47,9369,89,11,0,True,False,"https://guba.eastmoney.com/news,688076,1584874745.html",2026-07-06 17:07:06
eastmoney_guba,688076,1584881712,$ST诺泰(SH688076)$,,人股至简,5754094509443442,2025-08-16 14:14:51,749,1,1,0,True,False,"https://guba.eastmoney.com/news,688076,1584881712.html",2026-07-06 17:07:25
eastmoney_guba,688076,1584886567,给大家说声抱歉，之前没研究透，周一清仓走人,,江枫丨渔火,3125395530799198,2025-08-16 15:33:24,1070,13,1,0,False,False,"https://guba.eastmoney.com/news,688076,1584886567.html",2026-07-06 17:07:25
eastmoney_guba,688076,1584900604,司美格鲁肽被批准治疗脂肪肝，替尔伯肽也在临床二期试验之中。不用怀疑，司美格鲁肽和,,中国股市投资巨头,3556366205011162,2025-08-16 19:08:35,378,0,0,0,False,False,"https://guba.eastmoney.com/news,688076,1584900604.html",2026-07-06 17:07:25
eastmoney_guba,688076,1584900746,诺泰的10吨多肽年产量终于不用再愁销售了！！！,,中国股市投资巨头,3556366205011162,2025-08-16 19:11:16,611,2,0,0,False,False,"https://guba.eastmoney.com/news,688076,1584900746.html",2026-07-06 17:07:25
eastmoney_guba,688076,1584922592,看看圣诺生物、翰宇药业这些天的表现，你需知耻而后勇,,遥远的塞纳河888,9037094342652420,2025-08-17 06:25:10,382,6,0,0,False,False,"https://guba.eastmoney.com/news,688076,1584922592.html",2026-07-06 17:07:25
eastmoney_guba,688076,1584929014,$ST诺泰(SH688076)$,,人股至简,5754094509443442,2025-08-17 09:16:35,680,1,0,0,True,False,"https://guba.eastmoney.com/news,688076,1584929014.html",2026-07-06 17:07:25
eastmoney_guba,688076,1584945420,能不能抢占市场先机？,,股友922h8X6591,6699256662728486,2025-08-17 12:40:14,164,0,0,0,False,False,"https://guba.eastmoney.com/news,688076,1584945420.html",2026-07-06 17:07:25
eastmoney_guba,688076,1584970110,诺泰公司的创新药SPN0103-009注射液是一种新型、长效的GLP-1肽类似物,,燕京资本688,7800005105383880,2025-08-17 18:26:30,596,8,0,0,False,False,"https://guba.eastmoney.com/news,688076,1584970110.html",2026-07-06 17:07:25
eastmoney_guba,688076,1584971442,股价上涨或下跌，与唱鸩与唱空关系不大，与公司的基本面变化、市场资金与情绪有关。无,,燕京资本688,7800005105383880,2025-08-17 18:45:51,218,1,0,0,False,False,"https://guba.eastmoney.com/news,688076,1584971442.html",2026-07-06 17:07:25
eastmoney_guba,688076,1584972103,赵氏兄弟一时糊涂干坏事，理应处罚。但不影响公司的正常经营生产，新的管理团队更专业,,燕京资本688,7800005105383880,2025-08-17 18:56:23,215,0,0,0,False,False,"https://guba.eastmoney.com/news,688076,1584972103.html",2026-07-06 17:07:25
eastmoney_guba,688076,1584973181,诺泰的人气非常的差，贴子都很少，讨论的人也很少。众所周知，没有人气的股票很难上涨,,飞天股票小仙女,1503094384634500,2025-08-17 19:12:03,276,1,0,0,False,False,"https://guba.eastmoney.com/news,688076,1584973181.html",2026-07-06 17:07:25
eastmoney_guba,688076,1584980991,好股票，可资金受限，还得回到40以下，明年再说了,,足智高升的司徒笑,1298095136023114,2025-08-17 20:59:48,201,0,0,0,False,False,"https://guba.eastmoney.com/news,688076,1584980991.html",2026-07-06 17:07:25
eastmoney_guba,688076,1584985725,诺泰生物进入临床试验的减肥创新药SPN0103-009注射液，2022年开始临床,,中国股市投资巨头,3556366205011162,2025-08-17 21:54:07,260,0,0,0,False,False,"https://guba.eastmoney.com/news,688076,1584985725.html",2026-07-06 17:07:25
eastmoney_guba,688076,1584992542,$ST诺泰(SH688076)$,,忠与叶,1181054527685094,2025-08-17 23:19:21,645,3,0,0,True,False,"https://guba.eastmoney.com/news,688076,1584992542.html",2026-07-06 17:07:25
eastmoney_guba,688076,1584998729,美国FDA：批准司美格鲁肽用于治疗脂肪肝！,,股友h7582G0518,3677396111177948,2025-08-18 04:01:32,154,0,0,0,False,False,"https://guba.eastmoney.com/news,688076,1584998729.html",2026-07-06 17:07:25
eastmoney_guba,688076,1585048159,又是冲高回落,,古越新安,4541336174369464,2025-08-18 09:32:59,45,0,0,0,False,False,"https://guba.eastmoney.com/news,688076,1585048159.html",2026-07-06 17:07:25
eastmoney_guba,688076,1585051699,翰宇药业要10个点了,,weka,4923235732188266,2025-08-18 09:33:51,67,1,0,0,False,False,"https://guba.eastmoney.com/news,688076,1585051699.html",2026-07-06 17:07:25
eastmoney_guba,688076,1585061102,一点也不强，被瀚宇带着走的,,还康得新正义,4313075457881082,2025-08-18 09:37:08,73,1,0,0,False,False,"https://guba.eastmoney.com/news,688076,1585061102.html",2026-07-06 17:07:25
eastmoney_guba,688076,1585073806,往上拉升，今天成交量放大估计是明显，如果庄家能顶位，后续就没问题了,,古越新安,4541336174369464,2025-08-18 09:41:50,145,4,0,0,False,False,"https://guba.eastmoney.com/news,688076,1585073806.html",2026-07-06 17:07:25
eastmoney_guba,688076,1585102020,诺泰：两位大哥别涨了，我一心求跌,,还康得新正义,4313075457881082,2025-08-18 09:53:38,66,0,0,0,False,False,"https://guba.eastmoney.com/news,688076,1585102020.html",2026-07-06 17:07:25
eastmoney_guba,688076,1585156773,减肥药概念持续走强，百花医药涨停,,百花医药资讯,9316113638372766,2025-08-18 10:18:40,4850,0,5,0,False,False,"https://guba.eastmoney.com/news,688076,1585156773.html",2026-07-06 17:07:25
eastmoney_guba,688076,1585166256,担心总是冲高回落,,股友922h8X6591,6699256662728486,2025-08-18 10:23:29,68,1,0,0,False,False,"https://guba.eastmoney.com/news,688076,1585166256.html",2026-07-06 17:07:25
eastmoney_guba,688076,1585181615,今天的缺口不知回补不？,,修身养性的老天才,5406035154204304,2025-08-18 10:31:41,174,5,0,0,False,False,"https://guba.eastmoney.com/news,688076,1585181615.html",2026-07-06 17:07:23
eastmoney_guba,688076,1585271921,的，昨天卖了500股，今天卖了1000股。实在受不了，去其他地方买套了,,财富他老跌,6468094269128590,2025-08-18 11:25:26,75,0,0,0,False,False,"https://guba.eastmoney.com/news,688076,1585271921.html",2026-07-06 17:07:25
eastmoney_guba,688076,1585327263,这么弱的吗？!,,weka,4923235732188266,2025-08-18 13:06:10,81,1,0,0,False,False,"https://guba.eastmoney.com/news,688076,1585327263.html",2026-07-06 17:07:25
eastmoney_guba,688076,1585350708,为什么涨不过瀚宇,,股海艺人,3478093953718226,2025-08-18 13:20:47,321,1,0,0,False,False,"https://guba.eastmoney.com/news,688076,1585350708.html",2026-07-06 17:07:25
eastmoney_guba,688076,1585352610,翰宇药业现在的动态市盈率是诺泰生物的将近4倍！真有点让人啼笑皆非！,,遥远的塞纳河888,9037094342652420,2025-08-18 13:22:00,109,0,0,0,False,False,"https://guba.eastmoney.com/news,688076,1585352610.html",2026-07-06 17:07:25
eastmoney_guba,688076,1585354341,翰宇太强了，果然还是要买龙头的,,LeonDady,9515365865096050,2025-08-18 13:22:57,73,0,0,0,False,False,"https://guba.eastmoney.com/news,688076,1585354341.html",2026-07-06 17:07:25
eastmoney_guba,688076,1585378124,等处罚通知书吧还有啥办法,,郭平安,1013206053264178,2025-08-18 13:38:22,206,5,0,0,False,False,"https://guba.eastmoney.com/news,688076,1585378124.html",2026-07-06 17:07:25
eastmoney_guba,688076,1585386383,涨不动，跳水倒是第一名。,,万花镜写轮眼,1399145319247286,2025-08-18 13:44:03,73,0,0,0,False,False,"https://guba.eastmoney.com/news,688076,1585386383.html",2026-07-06 17:07:25
eastmoney_guba,688076,1585411889,坐等公布大利空！！！资金是不会骗人的,,幸运刺猬,5100535183516786,2025-08-18 14:01:06,77,0,0,0,False,False,"https://guba.eastmoney.com/news,688076,1585411889.html",2026-07-06 17:07:25
eastmoney_guba,688076,1585470990,请收下我的膝盖,,weka,4923235732188266,2025-08-18 14:42:54,90,0,0,0,False,False,"https://guba.eastmoney.com/news,688076,1585470990.html",2026-07-06 17:07:25
eastmoney_guba,688076,1585491700,就这么说吧，彼得林奇和李佛摩尔也有理解不了的时候。没关系，不重要，无所谓,,屯老二才买A股,8960346358579732,2025-08-18 14:56:38,87,0,0,0,False,False,"https://guba.eastmoney.com/news,688076,1585491700.html",2026-07-06 17:07:25
eastmoney_guba,688076,1585497531,为什么居然涨了两个点，原来是他小弟涨了15个点。。。。。,,还康得新正义,4313075457881082,2025-08-18 15:01:50,95,0,0,0,False,False,"https://guba.eastmoney.com/news,688076,1585497531.html",2026-07-06 17:07:25
eastmoney_guba,688076,1585504278,日落西山你不陪，东山再起你是谁？买在无人问津时，卖在人生鼎沸处,,梦想有多远,8349426606204228,2025-08-18 15:09:56,121,0,0,0,False,False,"https://guba.eastmoney.com/news,688076,1585504278.html",2026-07-06 17:07:25
eastmoney_guba,688076,1585505155,有一路或者多路资金很着急出货，又不忍砸盘出。看来还有利空没爆。,,STW5555,2262376395333000,2025-08-18 15:11:24,167,1,0,0,False,False,"https://guba.eastmoney.com/news,688076,1585505155.html",2026-07-06 17:07:25
eastmoney_guba,688076,1585542192,诺泰生物可向赵德忠等高管行使追偿权-高管存在明显过错：根据证监会查明情况，赵德忠,,股友A197669V05,8030376544910926,2025-08-18 16:42:44,232,3,0,0,False,False,"https://guba.eastmoney.com/news,688076,1585542192.html",2026-07-06 17:07:25
eastmoney_guba,688076,1585544068,追偿通知书致赵德忠先生：根据中国证券监督管理委员会（以下简称“证监会”）出具的《,,股友A197669V05,8030376544910926,2025-08-18 16:48:25,283,0,0,0,False,False,"https://guba.eastmoney.com/news,688076,1585544068.html",2026-07-06 17:07:25
eastmoney_guba,688076,1585545521,大智慧公司诉张某虹等：因2013年年报存在虚增利润等信息披露违法行为，大智慧公司,,股友A197669V05,8030376544910926,2025-08-18 16:52:23,246,1,0,0,False,False,"https://guba.eastmoney.com/news,688076,1585545521.html",2026-07-06 17:07:25
eastmoney_guba,688076,1585557467,牛市远离st,,幸运刺猬,5100535183516786,2025-08-18 17:31:07,94,0,0,0,False,False,"https://guba.eastmoney.com/news,688076,1585557467.html",2026-07-06 17:07:25
eastmoney_guba,688076,1585561606,8月20号也就是后天晚上诺泰发布中报，如果中报大幅不及预期导致股价大跌甚至跌停，,,飞天股票小仙女,1503094384634500,2025-08-18 17:45:34,388,5,0,0,False,False,"https://guba.eastmoney.com/news,688076,1585561606.html",2026-07-06 17:07:25
eastmoney_guba,688076,1585575873,牛市远离ST。牛市远离ST。牛市远离ST。,,沃伦芭菲特,9735074858808002,2025-08-18 18:40:58,133,1,0,0,False,False,"https://guba.eastmoney.com/news,688076,1585575873.html",2026-07-06 17:07:25
eastmoney_guba,688076,1585584462,通过我们精密的分析，我们预计8月底9月初，正式的行政处罚应该会落地。,,中国股市投资巨头,3556366205011162,2025-08-18 19:16:29,350,5,0,0,False,False,"https://guba.eastmoney.com/news,688076,1585584462.html",2026-07-06 17:07:25
eastmoney_guba,688076,1585586415,这个股票我估计公司自己请人做的庄，目的不想让股票涨，不想涨的目的令人深思，,,忠与叶,1181054527685094,2025-08-18 19:24:13,109,0,0,0,False,False,"https://guba.eastmoney.com/news,688076,1585586415.html",2026-07-06 17:07:25
eastmoney_guba,688076,1585612590,今天傍晚已回到广州，明日计划满仓诺泰！看了一下盘面，明天必须满仓加仓诺泰这个票，,,佛山隐士,5331047298658940,2025-08-18 21:07:31,1453,22,3,0,False,False,"https://guba.eastmoney.com/news,688076,1585612590.html",2026-07-06 17:07:23
eastmoney_guba,688076,1585625258,近期表现如此低迷，远远落后于大盘、板块的涨幅主要有以下原因：1.市场情绪持续高涨,,萤火之约,4903065278637186,2025-08-18 21:56:26,413,1,0,0,False,False,"https://guba.eastmoney.com/news,688076,1585625258.html",2026-07-06 17:07:25
eastmoney_guba,688076,1585626239,资金都在等正式的处罚落地，只要正式处罚不超预通知太多，懂得都懂。时间估计也就两周,,大混沌789,2636365924839354,2025-08-18 22:00:15,570,8,0,0,False,False,"https://guba.eastmoney.com/news,688076,1585626239.html",2026-07-06 17:07:23
eastmoney_guba,688076,1585660311,这么压价，很可能即将要定向增发。,,还康得新正义,4313075457881082,2025-08-19 07:11:28,122,2,0,0,False,False,"https://guba.eastmoney.com/news,688076,1585660311.html",2026-07-06 17:07:25
eastmoney_guba,688076,1585660648,A股减肥药概念股集体上涨；智飞生物上半年净利润亏损约6亿元丨医药早参,,翰宇药业资讯,4965113638761060,2025-08-19 07:15:50,10016,6,7,0,False,False,"https://guba.eastmoney.com/news,688076,1585660648.html",2026-07-06 17:07:23
eastmoney_guba,688076,1585670097,该涨不涨还得跌啊,,股友SJL2ut,6142315783554678,2025-08-19 08:22:23,55,0,0,0,False,False,"https://guba.eastmoney.com/news,688076,1585670097.html",2026-07-06 17:07:25
eastmoney_guba,688076,1585724617,上不去下不来，纠结,,股友922h8X6591,6699256662728486,2025-08-19 09:37:33,50,0,0,0,False,False,"https://guba.eastmoney.com/news,688076,1585724617.html",2026-07-06 17:07:25
eastmoney_guba,688076,1585737475,不知道还有多少基金的货没出完,,幸运刺猬,5100535183516786,2025-08-19 09:42:04,54,0,0,0,False,False,"https://guba.eastmoney.com/news,688076,1585737475.html",2026-07-06 17:07:23
eastmoney_guba,688076,1585749601,希望今天稳稳48元,,古越新安,4541336174369464,2025-08-19 09:46:31,47,0,0,0,False,False,"https://guba.eastmoney.com/news,688076,1585749601.html",2026-07-06 17:07:23
eastmoney_guba,688076,1585759431,哪里来那么大的抛压,,梦想有多远,8349426606204228,2025-08-19 09:50:11,75,2,0,0,False,False,"https://guba.eastmoney.com/news,688076,1585759431.html",2026-07-06 17:07:23
eastmoney_guba,688076,1585761897,不能融资，机构不买，所以很难起来，缺乏爆发力啊,,淡定的池光耀1,3566036947369622,2025-08-19 09:51:08,112,4,0,0,False,False,"https://guba.eastmoney.com/news,688076,1585761897.html",2026-07-06 17:07:23
eastmoney_guba,688076,1585774363,埋下种子，等待发芽长成大树,,满仓赌徒哥,1189024587350254,2025-08-19 09:56:13,57,0,0,0,False,False,"https://guba.eastmoney.com/news,688076,1585774363.html",2026-07-06 17:07:23
eastmoney_guba,688076,1585787342,心累，买你还不如买茅台,,屯老二才买A股,8960346358579732,2025-08-19 10:01:24,55,1,0,0,False,False,"https://guba.eastmoney.com/news,688076,1585787342.html",2026-07-06 17:07:23
eastmoney_guba,688076,1585789091,玛,,股友7DSLG0,9486366056890900,2025-08-19 10:02:03,47,0,0,0,False,False,"https://guba.eastmoney.com/news,688076,1585789091.html",2026-07-06 17:07:23
eastmoney_guba,688076,1585844344,公司基本面不知道比圣诺好多少，自己作死,,方宇彬,7629385961635142,2025-08-19 10:27:17,74,1,0,0,False,False,"https://guba.eastmoney.com/news,688076,1585844344.html",2026-07-06 17:07:23
eastmoney_guba,688076,1585849509,主力大哥，你不涨也行，但至少别绿啊,,梦想有多远,8349426606204228,2025-08-19 10:30:09,60,0,0,0,False,False,"https://guba.eastmoney.com/news,688076,1585849509.html",2026-07-06 17:07:23
eastmoney_guba,688076,1585851506,有董技术的吗？今天如果不收阳线，是不是要继续下探，（光从技术层面，不涉及股票基本,,沃伦大拿,8705565220736134,2025-08-19 10:31:21,140,3,0,0,False,False,"https://guba.eastmoney.com/news,688076,1585851506.html",2026-07-06 17:07:23
eastmoney_guba,688076,1585867175,既不往上长，也不补缺口！,,修身养性的老天才,5406035154204304,2025-08-19 10:40:40,83,1,0,0,False,False,"https://guba.eastmoney.com/news,688076,1585867175.html",2026-07-06 17:07:23
eastmoney_guba,688076,1585871824,关于有人说最近抛压的问题。早晨路过股吧，看到有人在说为什么抛压这么重？通过软件看,,狙击手波波,9463013320243196,2025-08-19 10:43:24,504,5,1,0,False,False,"https://guba.eastmoney.com/news,688076,1585871824.html",2026-07-06 17:07:23
eastmoney_guba,688076,1585893716,只要很少的资金，股价就能拉上天，不晓得主力为啥不拉,,梦想有多远,8349426606204228,2025-08-19 10:57:13,230,5,0,0,False,False,"https://guba.eastmoney.com/news,688076,1585893716.html",2026-07-06 17:07:23
eastmoney_guba,688076,1585942978,不知道ST有这么多的问题，真是悔乞,,symxiao,1159013770929520,2025-08-19 11:32:57,74,0,0,0,False,False,"https://guba.eastmoney.com/news,688076,1585942978.html",2026-07-06 17:07:23
eastmoney_guba,688076,1586009185,隐士满仓没？,,只看最本质,7139144735501360,2025-08-19 13:23:09,247,7,0,0,False,False,"https://guba.eastmoney.com/news,688076,1586009185.html",2026-07-06 17:07:23
eastmoney_guba,688076,1586015408,打也打了，罚也罚了，倒霉的还是股民！,,华远股东,3047426769600740,2025-08-19 13:27:15,70,0,0,0,False,False,"https://guba.eastmoney.com/news,688076,1586015408.html",2026-07-06 17:07:23
eastmoney_guba,688076,1586043016,这个股不长是有深场次的原因，不是基金卖出等造成的，是公司要求不能涨。,,忠与叶,1181054527685094,2025-08-19 13:46:40,158,1,0,0,False,False,"https://guba.eastmoney.com/news,688076,1586043016.html",2026-07-06 17:07:23
eastmoney_guba,688076,1586064172,符合条件的抓紧去索赔吧,,幸运刺猬,5100535183516786,2025-08-19 14:01:43,75,0,0,0,False,False,"https://guba.eastmoney.com/news,688076,1586064172.html",2026-07-06 17:07:23
eastmoney_guba,688076,1586075596,马，天天跌,,股友7DSLG0,9486366056890900,2025-08-19 14:11:17,70,0,0,0,False,False,"https://guba.eastmoney.com/news,688076,1586075596.html",2026-07-06 17:07:23
eastmoney_guba,688076,1586078586,回踩加仓001270和诺泰，股价对标松发,,俄罗斯st牛哥,1604355966049892,2025-08-19 14:13:48,2615,8,2,0,True,False,"https://guba.eastmoney.com/news,688076,1586078586.html",2026-07-06 17:07:23
eastmoney_guba,688076,1586079917,太坏了，压着诺泰吃圣诺、翰宇，吃完那两家再来吃诺泰,,只看最本质,7139144735501360,2025-08-19 14:14:51,87,0,0,0,False,False,"https://guba.eastmoney.com/news,688076,1586079917.html",2026-07-06 17:07:23
eastmoney_guba,688076,1586090444,这个隐士没有一次说对的，冒充大V，真的让人难以理解。,,飞天股票小仙女,1503094384634500,2025-08-19 14:23:14,190,3,0,0,False,False,"https://guba.eastmoney.com/news,688076,1586090444.html",2026-07-06 17:07:23
eastmoney_guba,688076,1586143653,20日线以下不做多，20日线以上不看空，诺泰生物基本面好，赛道好，多肽原料药供不,,梦想有多远,8349426606204228,2025-08-19 15:03:06,219,1,1,0,False,False,"https://guba.eastmoney.com/news,688076,1586143653.html",2026-07-06 17:07:23
eastmoney_guba,688076,1586192915,明天发中报，诺泰每10股会分红1元还是2元？去年中报分了1元，今年效益更好了，怎,,飞天股票小仙女,1503094384634500,2025-08-19 17:03:56,185,0,1,0,False,False,"https://guba.eastmoney.com/news,688076,1586192915.html",2026-07-06 17:07:23
eastmoney_guba,688076,1586204289,明天晚上公告业绩还是后天收盘后公告业绩呢？不懂就问,,股友68019vX173,3884376498038826,2025-08-19 17:44:09,199,2,0,0,False,False,"https://guba.eastmoney.com/news,688076,1586204289.html",2026-07-06 17:07:23
eastmoney_guba,688076,1586207418,诺泰8月19日点评：早盘以46.26元绿盘开盘，后振荡下行，15分钟后股价来到全,,佛山隐士,5331047298658940,2025-08-19 17:56:21,1531,31,2,0,False,False,"https://guba.eastmoney.com/news,688076,1586207418.html",2026-07-06 17:07:21
eastmoney_guba,688076,1586266034,诺和诺德和礼来很讨厌，又涨了，Viking公司的口服减肥药也效果不及预期，又利好,,只看最本质,7139144735501360,2025-08-19 21:46:06,184,0,0,0,False,False,"https://guba.eastmoney.com/news,688076,1586266034.html",2026-07-06 17:07:23
eastmoney_guba,688076,1586285302,诺泰主力辛苦了！,,透过现象看本质88,9355013343742192,2025-08-19 23:19:31,184,1,0,0,False,False,"https://guba.eastmoney.com/news,688076,1586285302.html",2026-07-06 17:07:23
eastmoney_guba,688076,1586291627,确实是重磅消息。其实我也期待这一新适应症，早点到来。,,校友957,4202212735871546,2025-08-20 00:13:55,1009,2,0,0,True,False,"https://guba.eastmoney.com/news,688076,1586291627.html",2026-07-06 17:07:23
eastmoney_guba,688076,1586311925,震荡修复均线，积累反弹动能,,燕京资本688,7800005105383880,2025-08-20 07:51:42,103,3,0,0,False,False,"https://guba.eastmoney.com/news,688076,1586311925.html",2026-07-06 17:07:23
eastmoney_guba,688076,1586327667,吹什么牛逼呢，人家诺和诺德为啥选择瀚宇不选择诺泰呢？,,还康得新正义,4313075457881082,2025-08-20 09:12:39,72,0,0,0,False,False,"https://guba.eastmoney.com/news,688076,1586327667.html",2026-07-06 17:07:23
eastmoney_guba,688076,1586346002,又是踩踏的一天，只要散户多，多杀多非常常见，散户相互踩踏就是最好的洗盘方式,,还康得新正义,4313075457881082,2025-08-20 09:30:00,66,0,0,0,False,False,"https://guba.eastmoney.com/news,688076,1586346002.html",2026-07-06 17:07:23
eastmoney_guba,688076,1586376703,明天出中报，看看有么有动作,,淡定的池光耀1,3566036947369622,2025-08-20 09:40:05,65,1,0,0,False,False,"https://guba.eastmoney.com/news,688076,1586376703.html",2026-07-06 17:07:23
eastmoney_guba,688076,1586426148,急不可耐，今晚有雷？,,只看最本质,7139144735501360,2025-08-20 10:00:19,55,0,0,0,False,False,"https://guba.eastmoney.com/news,688076,1586426148.html",2026-07-06 17:07:23
eastmoney_guba,688076,1586449743,等着放量吧，没量牛转不了,,屯老二才买A股,8960346358579732,2025-08-20 10:10:52,53,0,0,0,False,False,"https://guba.eastmoney.com/news,688076,1586449743.html",2026-07-06 17:07:23
eastmoney_guba,688076,1586468007,45.7-45.99居然没有卖单，明显有机构打压,,股友A197669V05,8030376544910926,2025-08-20 10:19:48,60,0,0,0,False,False,"https://guba.eastmoney.com/news,688076,1586468007.html",2026-07-06 17:07:23
eastmoney_guba,688076,1586479002,45.46-45.78卖单基本空档，为什么？,,股友A197669V05,8030376544910926,2025-08-20 10:25:32,74,1,0,0,False,False,"https://guba.eastmoney.com/news,688076,1586479002.html",2026-07-06 17:07:23
eastmoney_guba,688076,1586486598,不用急，ST，一是看明天半年报，二是看正式处罚书。全部定了，就会走上扬线。,,古越新安,4541336174369464,2025-08-20 10:29:39,256,4,0,0,False,False,"https://guba.eastmoney.com/news,688076,1586486598.html",2026-07-06 17:07:23
eastmoney_guba,688076,1586572760,该你表演了要么上48，要么下45,,聪颖的祝虔,4087037520577616,2025-08-20 11:24:07,100,3,0,0,False,False,"https://guba.eastmoney.com/news,688076,1586572760.html",2026-07-06 17:07:23
eastmoney_guba,688076,1586578492,弱股特质:吃肉轮不上，挨打肯定有。,,股友326899Ku82,1337185539721342,2025-08-20 11:27:28,100,2,1,0,False,False,"https://guba.eastmoney.com/news,688076,1586578492.html",2026-07-06 17:07:23
eastmoney_guba,688076,1586630542,大王，快来抓我呀,,xiyangyang137,5786094128258044,2025-08-20 13:08:24,69,0,0,0,False,False,"https://guba.eastmoney.com/news,688076,1586630542.html",2026-07-06 17:07:23
eastmoney_guba,688076,1586642610,今晚中报，明天有两种可能，一是大涨，二是大跌，各有百分之五十可能性。,,中国股市投资巨头,3556366205011162,2025-08-20 13:17:38,220,5,0,0,False,False,"https://guba.eastmoney.com/news,688076,1586642610.html",2026-07-06 17:07:23
eastmoney_guba,688076,1586647520,巴菲特呢？被套牢不说话了？,,屯老二才买A股,8960346358579732,2025-08-20 13:21:25,200,9,0,0,False,False,"https://guba.eastmoney.com/news,688076,1586647520.html",2026-07-06 17:07:23
eastmoney_guba,688076,1586676962,48有望，就在今天！,,聪颖的祝虔,4087037520577616,2025-08-20 13:42:53,72,0,0,0,False,False,"https://guba.eastmoney.com/news,688076,1586676962.html",2026-07-06 17:07:23
eastmoney_guba,688076,1586685063,没有成交量，没有人气，没有希望，犹如垂暮的老者。,,沃伦芭菲特,9735074858808002,2025-08-20 13:49:00,130,2,0,0,False,False,"https://guba.eastmoney.com/news,688076,1586685063.html",2026-07-06 17:07:23
eastmoney_guba,688076,1586710652,上面大单压盘果断买，保证赚钱，反之也是一样。,,股友mM68oB,1159054932808956,2025-08-20 14:07:34,369,16,0,0,False,False,"https://guba.eastmoney.com/news,688076,1586710652.html",2026-07-06 17:07:21
eastmoney_guba,688076,1586742828,今天终于反弹了，看样中报应该还不错啊,,kc11,4126094335201726,2025-08-20 14:29:34,82,0,0,0,False,False,"https://guba.eastmoney.com/news,688076,1586742828.html",2026-07-06 17:07:23
eastmoney_guba,688076,1586754175,45.95看起来压力很大啊,,股友SJL2ut,6142315783554678,2025-08-20 14:36:54,70,0,0,0,False,False,"https://guba.eastmoney.com/news,688076,1586754175.html",2026-07-06 17:07:23
eastmoney_guba,688076,1586772572,你们看看科创板吧，几个大拉计，拉着指数跑，又回到乱炒的时代了,,屯老二才买A股,8960346358579732,2025-08-20 14:48:51,98,1,0,0,False,False,"https://guba.eastmoney.com/news,688076,1586772572.html",2026-07-06 17:07:23
eastmoney_guba,688076,1586797229,中报预测：收入12.21亿元，利润3.18亿元。,,中国股市投资巨头,3556366205011162,2025-08-20 15:06:29,156,1,0,0,False,False,"https://guba.eastmoney.com/news,688076,1586797229.html",2026-07-06 17:07:23
eastmoney_guba,688076,1586820910,美中不足的是量能有点小,,luotuoxzx,6756094607583200,2025-08-20 15:47:36,82,1,0,0,False,False,"https://guba.eastmoney.com/news,688076,1586820910.html",2026-07-06 17:07:23
eastmoney_guba,688076,1586827760,今日业绩或超过预期明日可能出现明显反弹！,,萤火之约,4903065278637186,2025-08-20 16:05:12,198,1,0,0,False,False,"https://guba.eastmoney.com/news,688076,1586827760.html",2026-07-06 17:07:23
eastmoney_guba,688076,1586829648,诺泰生物的司美格鲁肽注射液研发进展如下：-Ⅲ期临床试验启动：2024年11月，诺,,股友A197669V05,8030376544910926,2025-08-20 16:10:16,497,5,0,0,False,False,"https://guba.eastmoney.com/news,688076,1586829648.html",2026-07-06 17:07:21
eastmoney_guba,688076,1586830588,诺泰8月20日收评：早盘低开1.35%，但仅3分钟即翻红，其后始终在昨日收评中所,,佛山隐士,5331047298658940,2025-08-20 16:12:39,1024,22,6,0,False,False,"https://guba.eastmoney.com/news,688076,1586830588.html",2026-07-06 17:07:21
eastmoney_guba,688076,1586832075,诺泰生物的司美格鲁肽注射液研发进展如下：-Ⅲ期临床试验启动：2024年11月，诺,,股友A197669V05,8030376544910926,2025-08-20 16:16:48,493,4,0,0,False,False,"https://guba.eastmoney.com/news,688076,1586832075.html",2026-07-06 17:07:21
eastmoney_guba,688076,1586839577,明天主力有两种走法，现征求大家意见：1、收盘破50元，2，收盘破40元。,,中国股市投资巨头,3556366205011162,2025-08-20 16:37:18,208,4,0,0,False,False,"https://guba.eastmoney.com/news,688076,1586839577.html",2026-07-06 17:07:23
eastmoney_guba,688076,1586849036,诺泰生物多肽产能从2024年不足吨级，到2025年低将达11.6吨，随着设备调试,,股友A197669V05,8030376544910926,2025-08-20 17:04:00,362,6,0,0,False,False,"https://guba.eastmoney.com/news,688076,1586849036.html",2026-07-06 17:07:23
eastmoney_guba,688076,1586860701,今天晚上的半年报,,遥远的塞纳河888,9037094342652420,2025-08-20 17:39:07,94,0,0,0,False,False,"https://guba.eastmoney.com/news,688076,1586860701.html",2026-07-06 17:07:23
eastmoney_guba,688076,1586865559,估值低估了,,股友UIe96s0404,5880055159857842,2025-08-20 17:55:30,80,0,0,0,False,False,"https://guba.eastmoney.com/news,688076,1586865559.html",2026-07-06 17:07:23
eastmoney_guba,688076,1586866727,ST诺泰:江苏诺泰澳赛诺生物制药股份有限公司募集资金管理制度,,ST诺泰资讯,9038395923854884,2025-08-20 17:59:30,78,0,0,0,False,False,"https://guba.eastmoney.com/news,688076,1586866727.html",2026-07-06 17:07:23
eastmoney_guba,688076,1586866723,ST诺泰:江苏诺泰澳赛诺生物制药股份有限公司股东会议事规则,,ST诺泰资讯,9038395923854884,2025-08-20 17:59:30,84,0,1,0,False,False,"https://guba.eastmoney.com/news,688076,1586866723.html",2026-07-06 17:07:23
eastmoney_guba,688076,1586866717,ST诺泰:第四届监事会第三次会议决议公告,,ST诺泰资讯,9038395923854884,2025-08-20 17:59:30,81,0,0,0,False,False,"https://guba.eastmoney.com/news,688076,1586866717.html",2026-07-06 17:07:23
eastmoney_guba,688076,1586866716,ST诺泰:江苏诺泰澳赛诺生物制药股份有限公司累积投票制实施细则,,ST诺泰资讯,9038395923854884,2025-08-20 17:59:30,85,0,0,0,False,False,"https://guba.eastmoney.com/news,688076,1586866716.html",2026-07-06 17:07:23
eastmoney_guba,688076,1586866722,ST诺泰:江苏诺泰澳赛诺生物制药股份有限公司年报信息披露重大差错责任追究制度,,ST诺泰资讯,9038395923854884,2025-08-20 17:59:31,187,1,2,0,False,False,"https://guba.eastmoney.com/news,688076,1586866722.html",2026-07-06 17:07:02
eastmoney_guba,688076,1586866738,ST诺泰:2025年半年度报告,,ST诺泰资讯,9038395923854884,2025-08-20 17:59:31,1022,17,22,0,False,False,"https://guba.eastmoney.com/news,688076,1586866738.html",2026-07-06 17:07:13
eastmoney_guba,688076,1586866721,ST诺泰:2025年半年度报告摘要,,ST诺泰资讯,9038395923854884,2025-08-20 17:59:31,752,23,5,0,False,False,"https://guba.eastmoney.com/news,688076,1586866721.html",2026-07-06 17:07:21
eastmoney_guba,688076,1586866744,ST诺泰:江苏诺泰澳赛诺生物制药股份有限公司薪酬与考核委员会工作细则,,ST诺泰资讯,9038395923854884,2025-08-20 17:59:31,112,0,0,0,False,False,"https://guba.eastmoney.com/news,688076,1586866744.html",2026-07-06 17:07:23
eastmoney_guba,688076,1586866739,ST诺泰:关于变更会计师事务所的公告,,ST诺泰资讯,9038395923854884,2025-08-20 17:59:31,137,0,2,0,False,False,"https://guba.eastmoney.com/news,688076,1586866739.html",2026-07-06 17:07:23
eastmoney_guba,688076,1586866737,ST诺泰:江苏诺泰澳赛诺生物制药股份有限公司关联交易管理制度,,ST诺泰资讯,9038395923854884,2025-08-20 17:59:31,99,0,0,0,False,False,"https://guba.eastmoney.com/news,688076,1586866737.html",2026-07-06 17:07:23
eastmoney_guba,688076,1586866736,ST诺泰:2025年半年度募集资金存放与实际使用情况的专项报告,,ST诺泰资讯,9038395923854884,2025-08-20 17:59:31,94,0,0,0,False,False,"https://guba.eastmoney.com/news,688076,1586866736.html",2026-07-06 17:07:23
eastmoney_guba,688076,1586866734,ST诺泰:江苏诺泰澳赛诺生物制药股份有限公司公司章程,,ST诺泰资讯,9038395923854884,2025-08-20 17:59:31,87,0,0,0,False,False,"https://guba.eastmoney.com/news,688076,1586866734.html",2026-07-06 17:07:23
eastmoney_guba,688076,1586866733,ST诺泰:江苏诺泰澳赛诺生物制药股份有限公司董事、高级管理人员薪酬管理制度,,ST诺泰资讯,9038395923854884,2025-08-20 17:59:31,104,0,0,0,False,False,"https://guba.eastmoney.com/news,688076,1586866733.html",2026-07-06 17:07:23
eastmoney_guba,688076,1586866732,ST诺泰:关于召开2025年第一次临时股东会的通知,,ST诺泰资讯,9038395923854884,2025-08-20 17:59:31,80,0,0,0,False,False,"https://guba.eastmoney.com/news,688076,1586866732.html",2026-07-06 17:07:23
eastmoney_guba,688076,1586866731,ST诺泰:关于召开2025年半年度业绩说明会的公告,,ST诺泰资讯,9038395923854884,2025-08-20 17:59:31,133,0,1,0,False,False,"https://guba.eastmoney.com/news,688076,1586866731.html",2026-07-06 17:07:23
eastmoney_guba,688076,1586866726,ST诺泰:关于取消监事会、修订《公司章程》及制定、修订部分公司治理制度的公告,,ST诺泰资讯,9038395923854884,2025-08-20 17:59:31,95,0,0,0,False,False,"https://guba.eastmoney.com/news,688076,1586866726.html",2026-07-06 17:07:23
eastmoney_guba,688076,1586866725,ST诺泰:江苏诺泰澳赛诺生物制药股份有限公司董事会议事规则,,ST诺泰资讯,9038395923854884,2025-08-20 17:59:31,88,0,0,0,False,False,"https://guba.eastmoney.com/news,688076,1586866725.html",2026-07-06 17:07:23
eastmoney_guba,688076,1586866720,ST诺泰:江苏诺泰澳赛诺生物制药股份有限公司战略委员会工作细则,,ST诺泰资讯,9038395923854884,2025-08-20 17:59:31,100,0,0,0,False,False,"https://guba.eastmoney.com/news,688076,1586866720.html",2026-07-06 17:07:23
eastmoney_guba,688076,1586866719,ST诺泰:江苏诺泰澳赛诺生物制药股份有限公司对外担保管理制度,,ST诺泰资讯,9038395923854884,2025-08-20 17:59:31,90,0,0,0,False,False,"https://guba.eastmoney.com/news,688076,1586866719.html",2026-07-06 17:07:23
eastmoney_guba,688076,1586866718,ST诺泰:关于2025年度“提质增效重回报”专项行动方案的半年度评估报告,,ST诺泰资讯,9038395923854884,2025-08-20 17:59:31,116,0,0,0,False,False,"https://guba.eastmoney.com/news,688076,1586866718.html",2026-07-06 17:07:23
eastmoney_guba,688076,1586866715,ST诺泰:江苏诺泰澳赛诺生物制药股份有限公司关于防范控股股东、实际控制人及其他关联方资金占用管理制度,,ST诺泰资讯,9038395923854884,2025-08-20 17:59:31,77,0,0,0,False,False,"https://guba.eastmoney.com/news,688076,1586866715.html",2026-07-06 17:07:23
eastmoney_guba,688076,1586866714,ST诺泰:江苏诺泰澳赛诺生物制药股份有限公司审计委员会工作细则,,ST诺泰资讯,9038395923854884,2025-08-20 17:59:31,131,0,0,0,False,False,"https://guba.eastmoney.com/news,688076,1586866714.html",2026-07-06 17:07:23
eastmoney_guba,688076,1586866750,ST诺泰:江苏诺泰澳赛诺生物制药股份有限公司提名委员会工作细则,,ST诺泰资讯,9038395923854884,2025-08-20 17:59:32,131,0,0,0,False,False,"https://guba.eastmoney.com/news,688076,1586866750.html",2026-07-06 17:07:23
eastmoney_guba,688076,1586868280,ST诺泰(688076.SH)：上半年净利润3.1亿元，同比增长36.49%,,格隆汇,9507112872296268,2025-08-20 18:04:42,825,6,7,0,False,False,"https://guba.eastmoney.com/news,688076,1586868280.html",2026-07-06 17:07:21
eastmoney_guba,688076,1586868791,完了，远低于股民预期,,STW5555,2262376395333000,2025-08-20 18:06:14,181,3,0,0,False,False,"https://guba.eastmoney.com/news,688076,1586868791.html",2026-07-06 17:07:21
eastmoney_guba,688076,1586869611,社保明知道被立案半年报逆势加仓170万股，诺泰业绩杠杠的！,,俄罗斯st牛哥,1604355966049892,2025-08-20 18:09:05,1288,9,5,0,True,False,"https://guba.eastmoney.com/news,688076,1586869611.html",2026-07-06 17:07:21
eastmoney_guba,688076,1586869658,这么好的业绩，明天涨停！,,坚定的起飞888,9428094500891484,2025-08-20 18:09:10,93,0,0,0,False,False,"https://guba.eastmoney.com/news,688076,1586869658.html",2026-07-06 17:07:21
eastmoney_guba,688076,1586869903,这业绩是真的差啊，第二季度收入下降，这是爆雷了啊,,中国股市投资巨头,3556366205011162,2025-08-20 18:10:01,314,7,0,0,False,False,"https://guba.eastmoney.com/news,688076,1586869903.html",2026-07-06 17:07:21
eastmoney_guba,688076,1586870299,说实话营收增长有点低于预期了！,,幸运刺猬,5100535183516786,2025-08-20 18:11:16,201,1,0,0,False,False,"https://guba.eastmoney.com/news,688076,1586870299.html",2026-07-06 17:07:21
eastmoney_guba,688076,1586872845,踏空了吧？明天开盘就50！,,聪颖的祝虔,4087037520577616,2025-08-20 18:19:45,92,0,0,0,False,False,"https://guba.eastmoney.com/news,688076,1586872845.html",2026-07-06 17:07:21
eastmoney_guba,688076,1586873387,现在没有什么顾虑了，朝60进发吧,,只看最本质,7139144735501360,2025-08-20 18:21:47,81,0,0,0,False,False,"https://guba.eastmoney.com/news,688076,1586873387.html",2026-07-06 17:07:21
eastmoney_guba,688076,1586874670,符合预期，一季度比二季度好就是行业特点，干药的多数这样，看圣诺那边一样的,,发帖字多的多是托,7743316266328082,2025-08-20 18:26:15,193,2,0,0,False,False,"https://guba.eastmoney.com/news,688076,1586874670.html",2026-07-06 17:07:21
eastmoney_guba,688076,1586876340,这怎么能买啊，ST业绩还停滞，不能买啊不能买,,骄米强,4234094334705100,2025-08-20 18:32:18,107,2,0,0,False,False,"https://guba.eastmoney.com/news,688076,1586876340.html",2026-07-06 17:07:21
eastmoney_guba,688076,1586876408,明天高开高走了。。。研发多了100多人,,医药不值得投资,5383084759787052,2025-08-20 18:32:30,94,0,0,0,False,False,"https://guba.eastmoney.com/news,688076,1586876408.html",2026-07-06 17:07:21
eastmoney_guba,688076,1586877973,这个业绩，多肽还没放量的业绩，下半年12月司美格要放量了，想一想放量后诺泰的利润,,忠与叶,1181054527685094,2025-08-20 18:38:12,125,0,0,0,False,False,"https://guba.eastmoney.com/news,688076,1586877973.html",2026-07-06 17:07:21
eastmoney_guba,688076,1586878087,ST诺泰(688076.SH)发布上半年业绩，归母净利润3.1亿元，增长36.49%,,智通财经,1229034599342114,2025-08-20 18:38:39,679,1,6,0,False,False,"https://guba.eastmoney.com/news,688076,1586878087.html",2026-07-06 17:07:21
eastmoney_guba,688076,1586878407,我非常生气，诺泰的研发投入比翰宇药业和圣诺多那么多，结果研发出了什么玩意？太气愤,,沃伦芭菲特,9735074858808002,2025-08-20 18:39:58,402,7,0,0,False,False,"https://guba.eastmoney.com/news,688076,1586878407.html",2026-07-06 17:07:21
eastmoney_guba,688076,1586878454,ST诺泰：2025年半年度净利润约3.1亿元，同比增加36.49%,,ST诺泰资讯,9038395923854884,2025-08-20 18:40:10,732,1,2,0,False,False,"https://guba.eastmoney.com/news,688076,1586878454.html",2026-07-06 17:07:21
eastmoney_guba,688076,1586878640,ST诺泰2025年半年报：归母净利润3.1亿元，同比上升36.5%,,ST诺泰资讯,9038395923854884,2025-08-20 18:40:50,542,0,2,0,False,False,"https://guba.eastmoney.com/news,688076,1586878640.html",2026-07-06 17:07:21
eastmoney_guba,688076,1586881850,ST诺泰：2025上半年净利润同比增长36.49%,,一句话财报,2491125312925070,2025-08-20 18:51:53,164,0,0,0,False,False,"https://guba.eastmoney.com/news,688076,1586881850.html",2026-07-06 17:07:21
eastmoney_guba,688076,1586882722,看半年报简报，有四大亮点：1.首先是净利润增长在预期的范围内，没有出什么幺蛾子。,,校友957,4202212735871546,2025-08-20 18:55:03,907,20,6,0,False,False,"https://guba.eastmoney.com/news,688076,1586882722.html",2026-07-06 17:07:21
eastmoney_guba,688076,1586889055,尘埃落定，下跌就加仓，不到70不走,,股友jykiLS,1715095161176580,2025-08-20 19:18:52,443,4,0,0,True,False,"https://guba.eastmoney.com/news,688076,1586889055.html",2026-07-06 17:07:21
eastmoney_guba,688076,1586891148,第二季度同比和环比都是营收下降确实是一个大问题，形势很严峻啊！明天不容乐观啊！！,,中国股市投资巨头,3556366205011162,2025-08-20 19:26:17,325,4,0,0,False,False,"https://guba.eastmoney.com/news,688076,1586891148.html",2026-07-06 17:07:21
eastmoney_guba,688076,1586892591,诺泰生物半年报重要信息内容节选1、在自主选择业务方面，在降糖减重、抗病毒、降血脂,,佛山隐士,5331047298658940,2025-08-20 19:31:42,1989,32,2,0,False,False,"https://guba.eastmoney.com/news,688076,1586892591.html",2026-07-06 17:07:19
eastmoney_guba,688076,1586896295,CXO回暖的背后,,校友957,4202212735871546,2025-08-20 19:44:58,254,0,0,0,False,False,"https://guba.eastmoney.com/news,688076,1586896295.html",2026-07-06 17:07:21
eastmoney_guba,688076,1586899324,怎么说呢，虽然业绩提前知道了，但感觉明天会有个15cm以上红盘,,高效的冉芝菲,1560396236443942,2025-08-20 19:55:40,114,0,0,0,False,False,"https://guba.eastmoney.com/news,688076,1586899324.html",2026-07-06 17:07:21
eastmoney_guba,688076,1586902101,诺泰半年报，有三个利好，两个利空，分别是：利好：1、现金流大增2、研发投入大增3,,中国股市投资巨头,3556366205011162,2025-08-20 20:05:50,619,6,3,0,False,False,"https://guba.eastmoney.com/news,688076,1586902101.html",2026-07-06 17:07:21
eastmoney_guba,688076,1586905760,来诺泰几个月了，还没有看见20cm的大长腿！,,遥远的塞纳河888,9037094342652420,2025-08-20 20:17:43,341,6,0,0,False,False,"https://guba.eastmoney.com/news,688076,1586905760.html",2026-07-06 17:07:19
eastmoney_guba,688076,1586909840,半年报还是不错的递延收益多了一个亿，最少少计了3000万利润，管理费用和研发费用,,股友o7SDrX,9992005358788788,2025-08-20 20:32:33,339,1,1,0,False,False,"https://guba.eastmoney.com/news,688076,1586909840.html",2026-07-06 17:07:21
eastmoney_guba,688076,1586909913,ST诺泰：2025年上半年净利润3.1亿元 同比增长36.49%,,ST诺泰资讯,9038395923854884,2025-08-20 20:32:49,832,0,7,0,False,False,"https://guba.eastmoney.com/news,688076,1586909913.html",2026-07-06 17:07:21
eastmoney_guba,688076,1586913630,300亿不远了，等处罚决议出来，一骑绝尘！,,管住手机会永远有,1505346236358364,2025-08-20 20:46:03,590,1,0,0,True,False,"https://guba.eastmoney.com/news,688076,1586913630.html",2026-07-06 17:07:21
eastmoney_guba,688076,1586917462,一家企业，上半年10亿营收，有3.6亿经营活动产生的现金流，这个现金流怎么样？从,,中国股市投资巨头,3556366205011162,2025-08-20 20:59:11,385,1,0,0,False,False,"https://guba.eastmoney.com/news,688076,1586917462.html",2026-07-06 17:07:21
eastmoney_guba,688076,1586917759,最近很多业绩好的股票发布中报后就跌,,股友5668Fr1862,1517067195417232,2025-08-20 21:00:12,116,1,0,0,False,False,"https://guba.eastmoney.com/news,688076,1586917759.html",2026-07-06 17:07:21
eastmoney_guba,688076,1586919985,一分钟看懂ST诺泰2025半年度报告,,财报直击,7800476752446500,2025-08-20 21:07:59,1514,0,2,0,False,False,"https://guba.eastmoney.com/news,688076,1586919985.html",2026-07-06 17:07:21
eastmoney_guba,688076,1586925926,诺泰的中报，有说利好的，有说利空的。主力跟大家征求意见：明天是大涨收盘突破50呢,,中国股市投资巨头,3556366205011162,2025-08-20 21:31:49,271,3,0,0,False,False,"https://guba.eastmoney.com/news,688076,1586925926.html",2026-07-06 17:07:21
eastmoney_guba,688076,1586928361,业绩看着还行，但是不是大增没亮点，比那两个差点,,股友XYTYdQ,7041125368922208,2025-08-20 21:41:12,199,2,0,0,False,False,"https://guba.eastmoney.com/news,688076,1586928361.html",2026-07-06 17:07:21
eastmoney_guba,688076,1586938870,诺泰生物上半年研发支出2亿元，占收入的比重达到了惊人的20%，这说明多肽业务特别,,凯旋归来英雄,5936014366284868,2025-08-20 22:22:05,734,1,0,0,False,False,"https://guba.eastmoney.com/news,688076,1586938870.html",2026-07-06 17:07:21
eastmoney_guba,688076,1586940977,仅凭毛利率、净资产收益率、现金流这三项，就吊打大A90%的个股。,,luotuoxzx,6756094607583200,2025-08-20 22:31:18,346,4,0,0,False,False,"https://guba.eastmoney.com/news,688076,1586940977.html",2026-07-06 17:07:21
eastmoney_guba,688076,1586951514,ST诺泰(688076.SH)：上半年净利润3.1亿元，同比增长36.49%,,格隆汇,9507112872296268,2025-08-20 23:22:47,386,0,0,0,False,False,"https://guba.eastmoney.com/news,688076,1586951514.html",2026-07-06 17:07:21
eastmoney_guba,688076,1586971612,诺泰生物因2021年财务造假支付的罚款和赔偿金，可向有责任的控股股东、实际控制人、高管等索赔,,股友A197669V05,8030376544910926,2025-08-21 04:56:01,157,0,0,0,False,False,"https://guba.eastmoney.com/news,688076,1586971612.html",2026-07-06 17:07:21
eastmoney_guba,688076,1586971847,泰生物二季度收入下降，是因为年初中美贸易战，为了回避可能提高关税的影响，企业存在,,股友A197669V05,8030376544910926,2025-08-21 05:02:30,179,1,0,0,False,False,"https://guba.eastmoney.com/news,688076,1586971847.html",2026-07-06 17:07:21
eastmoney_guba,688076,1586986338,诺泰的司美格鲁肽原料药11月以后国内开始放量，想一想放量后的利润。,,忠与叶,1181054527685094,2025-08-21 08:09:28,99,0,0,0,False,False,"https://guba.eastmoney.com/news,688076,1586986338.html",2026-07-06 17:07:21
eastmoney_guba,688076,1586989002,名字前多了两个字母，大资金就不会看了。哪天要是摘帽了，人家大资金拉个涨停板，然后,,九二加满888,1374113052408858,2025-08-21 08:25:26,144,1,0,0,False,False,"https://guba.eastmoney.com/news,688076,1586989002.html",2026-07-06 17:07:19
eastmoney_guba,688076,1587005298,社保基金加仓，并成为第九大流通股东,,智慧晶晨,8166113231626094,2025-08-21 09:19:44,126,2,0,0,False,False,"https://guba.eastmoney.com/news,688076,1587005298.html",2026-07-06 17:07:21
eastmoney_guba,688076,1587482946,你好！请问贵司目前多肽原料药的总产能是多少吨？还有602车间是否已经开始投产了？,,ST诺泰股友,3640366193403336,2025-08-21 09:23:00,256,1,0,0,False,False,"https://guba.eastmoney.com/news,688076,1587482946.html",2026-07-06 17:07:17
eastmoney_guba,688076,1587482939,尊敬的董秘，请问公司最新股东户数多少，谢谢！,,ST诺泰股友,3640366193403336,2025-08-21 09:23:00,56,0,0,0,False,False,"https://guba.eastmoney.com/news,688076,1587482939.html",2026-07-06 17:07:21
eastmoney_guba,688076,1587482937,问题是大股东造成的，为了避免股票连续跌停，大股东是不是应该回购？,,ST诺泰股友,3640366193403336,2025-08-21 09:23:00,95,0,0,0,False,False,"https://guba.eastmoney.com/news,688076,1587482937.html",2026-07-06 17:07:21
eastmoney_guba,688076,1587482930,据消息，8月4日，翰宇药业与数字资产平台Ku Coin正式签署战略合作意向书，双,,ST诺泰股友,3640366193403336,2025-08-21 09:23:00,111,0,0,0,False,False,"https://guba.eastmoney.com/news,688076,1587482930.html",2026-07-06 17:07:21
eastmoney_guba,688076,1587482935,打公司电话怎么一直无人接听，投资者提问也不回，公司这是要玩消失吗？,,ST诺泰股友,3640366193403336,2025-08-21 09:26:00,103,0,0,0,False,False,"https://guba.eastmoney.com/news,688076,1587482935.html",2026-07-06 17:07:21
eastmoney_guba,688076,1587482921,公司出现财务问题，公司领导层有没有集体增持股票计划吗？如果公司领导层还看好公司发,,ST诺泰股友,3640366193403336,2025-08-21 09:26:00,119,0,0,0,False,False,"https://guba.eastmoney.com/news,688076,1587482921.html",2026-07-06 17:07:21
eastmoney_guba,688076,1587482920,尊敬的公司领导您好：公司出现重大财务危机，公司管理层和大股东是否看好公司未来发展,,ST诺泰股友,3640366193403336,2025-08-21 09:26:00,114,0,0,0,False,False,"https://guba.eastmoney.com/news,688076,1587482920.html",2026-07-06 17:07:21
eastmoney_guba,688076,1587016939,一顿分析猛如虎，一看结果250，就是说的群里人,,晚上的清秋,3598396081954208,2025-08-21 09:26:49,70,0,0,0,False,False,"https://guba.eastmoney.com/news,688076,1587016939.html",2026-07-06 17:07:21
eastmoney_guba,688076,1587031541,没有量化哥，没有土豪，这票废了。。,,weka,4923235732188266,2025-08-21 09:32:55,63,1,0,0,False,False,"https://guba.eastmoney.com/news,688076,1587031541.html",2026-07-06 17:07:21
eastmoney_guba,688076,1587482963,互动平台问题公司不回答，打公司电话没有人接，请问公司是想和投资者彻底隔离吗？,,ST诺泰股友,3640366193403336,2025-08-21 09:40:00,156,0,0,0,False,False,"https://guba.eastmoney.com/news,688076,1587482963.html",2026-07-06 17:07:21
eastmoney_guba,688076,1587482945,你好！现在多肽原料药厂都在扩大产能，请问贵司担不担心明年或后年全球多肽原料药产能,,ST诺泰股友,3640366193403336,2025-08-21 09:40:00,508,0,0,0,False,False,"https://guba.eastmoney.com/news,688076,1587482945.html",2026-07-06 17:07:21
eastmoney_guba,688076,1587482943,尊敬的公司领导您好：2020年至2022年上半年，ST任子行虚增营业收入3695,,ST诺泰股友,3640366193403336,2025-08-21 09:40:00,590,0,0,0,False,False,"https://guba.eastmoney.com/news,688076,1587482943.html",2026-07-06 17:07:21
eastmoney_guba,688076,1587482923,贵公司7月17日被st通知，前期有投资者对此事曾询问，公司未正面回答，自2024,,ST诺泰股友,3640366193403336,2025-08-21 09:40:00,152,0,0,0,False,False,"https://guba.eastmoney.com/news,688076,1587482923.html",2026-07-06 17:07:21
eastmoney_guba,688076,1587065072,在主力面前，什么大V、股神，P都不是，一天天分析分析去的,,只看最本质,7139144735501360,2025-08-21 09:44:34,101,1,0,0,False,False,"https://guba.eastmoney.com/news,688076,1587065072.html",2026-07-06 17:07:21
eastmoney_guba,688076,1587070788,看看股东人数增加幅度就不敢玩了,,这股的预期是什么,6492094712751706,2025-08-21 09:46:38,59,0,0,0,False,False,"https://guba.eastmoney.com/news,688076,1587070788.html",2026-07-06 17:07:21
eastmoney_guba,688076,1587083221,牛市远离st,,幸运刺猬,5100535183516786,2025-08-21 09:51:21,53,0,0,0,False,False,"https://guba.eastmoney.com/news,688076,1587083221.html",2026-07-06 17:07:21
eastmoney_guba,688076,1587091243,诺泰平盘减仓6成，股东户数大幅增加！诺泰仓位平移给001270,,俄罗斯st牛哥,1604355966049892,2025-08-21 09:54:20,636,7,1,0,True,False,"https://guba.eastmoney.com/news,688076,1587091243.html",2026-07-06 17:07:21
eastmoney_guba,688076,1587100185,马哦,,股友7DSLG0,9486366056890900,2025-08-21 09:57:44,41,0,0,0,False,False,"https://guba.eastmoney.com/news,688076,1587100185.html",2026-07-06 17:07:21
eastmoney_guba,688076,1587111091,ST诺泰上半年净利润增长36.49% 研发、销售、生产齐头并进,,ST诺泰资讯,9038395923854884,2025-08-21 10:02:10,1328,0,1,0,False,False,"https://guba.eastmoney.com/news,688076,1587111091.html",2026-07-06 17:07:21
eastmoney_guba,688076,1587126692,见光死，还是基金继续出货？,,niu146,1463013340527168,2025-08-21 10:08:57,159,4,0,0,False,False,"https://guba.eastmoney.com/news,688076,1587126692.html",2026-07-06 17:07:21
eastmoney_guba,688076,1587128529,ST诺泰：上半年归母净利润增长36.49%，合作加码合成生物与AI前沿探索,,ST诺泰资讯,9038395923854884,2025-08-21 10:09:50,1711,3,9,0,False,False,"https://guba.eastmoney.com/news,688076,1587128529.html",2026-07-06 17:07:19
eastmoney_guba,688076,1587181422,短命,,tianshi3174540,9016094333370094,2025-08-21 10:37:17,49,0,0,0,False,False,"https://guba.eastmoney.com/news,688076,1587181422.html",2026-07-06 17:07:21
eastmoney_guba,688076,1587184473,战斗机,,xiyangyang137,5786094128258044,2025-08-21 10:38:59,63,0,0,0,False,False,"https://guba.eastmoney.com/news,688076,1587184473.html",2026-07-06 17:07:21
eastmoney_guba,688076,1587186546,有的人，好为人师的毛病是难改了。心里满足比什么都重要。,,看涨必跌,4016094080719814,2025-08-21 10:40:09,101,1,0,0,False,False,"https://guba.eastmoney.com/news,688076,1587186546.html",2026-07-06 17:07:21
eastmoney_guba,688076,1587190786,业绩越好，跌的越惨,,基民3pGAfP,7650325655688880,2025-08-21 10:42:34,57,0,0,0,False,False,"https://guba.eastmoney.com/news,688076,1587190786.html",2026-07-06 17:07:21
eastmoney_guba,688076,1587200828,倒霉票,,tianshi3174540,9016094333370094,2025-08-21 10:48:36,52,0,0,0,False,False,"https://guba.eastmoney.com/news,688076,1587200828.html",2026-07-06 17:07:21
eastmoney_guba,688076,1587202494,幻想一下，这股ST以后机构被迫出逃，没有了机构…游资会不会盯上它？,,天玑瑶光,4013094063748706,2025-08-21 10:49:38,152,4,0,0,False,False,"https://guba.eastmoney.com/news,688076,1587202494.html",2026-07-06 17:07:21
eastmoney_guba,688076,1587219092,有机构再跑，不停的出货，要调整几天了。,,买熟悉的,6787356122784764,2025-08-21 11:00:02,65,0,0,0,False,False,"https://guba.eastmoney.com/news,688076,1587219092.html",2026-07-06 17:07:21
eastmoney_guba,688076,1587230578,整天嚷嚷的，投机倒把的居多，我自己也是,,还康得新正义,4313075457881082,2025-08-21 11:07:34,77,0,0,0,False,False,"https://guba.eastmoney.com/news,688076,1587230578.html",2026-07-06 17:07:21
eastmoney_guba,688076,1587230739,让你们幻想，看个财报就沸腾了，财报本身没亮点，我们买的是仿制药放量，外加和其他家,,屯老二才买A股,8960346358579732,2025-08-21 11:07:41,174,3,0,0,False,False,"https://guba.eastmoney.com/news,688076,1587230739.html",2026-07-06 17:07:21
eastmoney_guba,688076,1587257697,看不懂想不通业绩发展都正常为什么跌不休,,股友922h8X6591,6699256662728486,2025-08-21 11:26:10,108,1,0,0,False,False,"https://guba.eastmoney.com/news,688076,1587257697.html",2026-07-06 17:07:21
eastmoney_guba,688076,1587266034,我整理了一下业债说明会想问的问题，由于可能无法上网（如开会、断网），清有同样疑问的人帮忙问一下，谢谢！,,股友A197669V05,8030376544910926,2025-08-21 11:34:56,277,3,0,0,False,False,"https://guba.eastmoney.com/news,688076,1587266034.html",2026-07-06 17:07:21
eastmoney_guba,688076,1587278232,财报虽然不好看，但是不妨碍后边估值回归。各位坐稳扶好，不要跑到别处给别人接盘去，,,屯老二才买A股,8960346358579732,2025-08-21 12:00:55,110,0,0,0,False,False,"https://guba.eastmoney.com/news,688076,1587278232.html",2026-07-06 17:07:21
eastmoney_guba,688076,1587283844,为了维护自身利益，投资者应积参加业绩说明会,,股友A197669V05,8030376544910926,2025-08-21 12:19:05,220,3,0,0,False,False,"https://guba.eastmoney.com/news,688076,1587283844.html",2026-07-06 17:07:19
eastmoney_guba,688076,1587286627,为了谁护自身利益，请大家积极参与业绩说明会并提出自己关心和不明白的问领。,,股友A197669V05,8030376544910926,2025-08-21 12:29:29,123,0,0,0,False,False,"https://guba.eastmoney.com/news,688076,1587286627.html",2026-07-06 17:07:21
eastmoney_guba,688076,1587302171,财报不好看？,,股友922h8X6591,6699256662728486,2025-08-21 13:03:22,95,1,0,0,False,False,"https://guba.eastmoney.com/news,688076,1587302171.html",2026-07-06 17:07:21
eastmoney_guba,688076,1587328387,砸盘出逃吧,,股友SJL2ut,6142315783554678,2025-08-21 13:24:35,71,0,0,0,False,False,"https://guba.eastmoney.com/news,688076,1587328387.html",2026-07-06 17:07:21
eastmoney_guba,688076,1587386313,慢牛要加速,,耶律阿保机,8185023859942130,2025-08-21 14:07:27,73,0,0,0,False,False,"https://guba.eastmoney.com/news,688076,1587386313.html",2026-07-06 17:07:21
eastmoney_guba,688076,1587391698,下午成交极度萎靡，该卖的都卖了吧，就剩死多头了。,,晚上的清秋,3598396081954208,2025-08-21 14:11:40,76,0,0,0,False,False,"https://guba.eastmoney.com/news,688076,1587391698.html",2026-07-06 17:07:21
eastmoney_guba,688076,1587433683,大盘涨不跟，大盘跌带头跌。你是大a绊脚石吗？诺子你要四吗,,屯老二才买A股,8960346358579732,2025-08-21 14:40:05,162,5,0,0,False,False,"https://guba.eastmoney.com/news,688076,1587433683.html",2026-07-06 17:07:19
eastmoney_guba,688076,1587435010,诺泰生物（688076）索赔登记，凡是2022年4月28日至2024年10月24,,股东515,1563345991894970,2025-08-21 14:40:53,1133,163,0,0,False,False,"https://guba.eastmoney.com/news,688076,1587435010.html",2026-07-06 17:06:37
eastmoney_guba,688076,1587461948,一个阴谋论的猜测就是st那波拉伸是给社保基金跑路的。跑完回归正常！,,幸运刺猬,5100535183516786,2025-08-21 14:59:44,265,8,0,0,False,False,"https://guba.eastmoney.com/news,688076,1587461948.html",2026-07-06 17:07:19
eastmoney_guba,688076,1587471153,真因为被ST，这股彻底没戏了？,,股友SJL2ut,6142315783554678,2025-08-21 15:09:03,77,0,0,0,False,False,"https://guba.eastmoney.com/news,688076,1587471153.html",2026-07-06 17:07:19
eastmoney_guba,688076,1587479861,来个讨论帖，这玩意一直砸盘压股价是为了啥，要说出货的话拉高再出不是更合适啊,,发帖字多的多是托,7743316266328082,2025-08-21 15:23:56,130,4,0,0,False,False,"https://guba.eastmoney.com/news,688076,1587479861.html",2026-07-06 17:07:19
eastmoney_guba,688076,1587480622,继续加仓,,股友jykiLS,1715095161176580,2025-08-21 15:25:31,318,1,0,0,True,False,"https://guba.eastmoney.com/news,688076,1587480622.html",2026-07-06 17:07:19
eastmoney_guba,688076,1587481857,今天股价又大跌，大家讨论一下，有没有可能像普利制药一样退市？,,中国芒恪,3628094076399488,2025-08-21 15:28:11,236,5,0,0,False,False,"https://guba.eastmoney.com/news,688076,1587481857.html",2026-07-06 17:07:19
eastmoney_guba,688076,1587501392,30天线能支撑住吗？,,股友SJL2ut,6142315783554678,2025-08-21 16:16:54,82,0,0,0,False,False,"https://guba.eastmoney.com/news,688076,1587501392.html",2026-07-06 17:07:19
eastmoney_guba,688076,1587514994,市场价格的扭曲终归是要自我修正的！今日ST诺泰下跌2.62%，有6600万资金流,,佛山隐士,5331047298658940,2025-08-21 16:55:18,1573,34,3,0,False,False,"https://guba.eastmoney.com/news,688076,1587514994.html",2026-07-06 17:07:15
eastmoney_guba,688076,1587520404,有用吗？,,股友SJL2ut,6142315783554678,2025-08-21 17:11:30,88,0,0,0,False,False,"https://guba.eastmoney.com/news,688076,1587520404.html",2026-07-06 17:07:19
eastmoney_guba,688076,1587520704,国务院原则同意《中国（江苏）自由贸易试验区生物医药全产业链开放创新发展方案》,,只看最本质,7139144735501360,2025-08-21 17:12:24,158,0,0,0,False,False,"https://guba.eastmoney.com/news,688076,1587520704.html",2026-07-06 17:07:19
eastmoney_guba,688076,1587528722,翰宇药业上半年的研发投入才5300万，诺泰2个多亿的研发投入不知道干什么了！,,中国股市投资巨头,3556366205011162,2025-08-21 17:38:41,206,4,0,0,False,False,"https://guba.eastmoney.com/news,688076,1587528722.html",2026-07-06 17:07:19
eastmoney_guba,688076,1587545112,瀚宇本月涨了50%/圣诺也10多个点，诺泰反向10多个点。这就是差别,,屯老二才买A股,8960346358579732,2025-08-21 18:35:57,135,1,0,0,False,False,"https://guba.eastmoney.com/news,688076,1587545112.html",2026-07-06 17:07:19
eastmoney_guba,688076,1587554208,诺泰二季度销量下跌之后，瀚宇的二季度销量也没超过1季度，结合之前诺和诺德业绩下调,,屯老二才买A股,8960346358579732,2025-08-21 19:08:52,319,3,0,0,False,False,"https://guba.eastmoney.com/news,688076,1587554208.html",2026-07-06 17:07:19
eastmoney_guba,688076,1587564565,就产品力而言，翰宇给诺泰提鞋都不配。就是能到处趁热点，有资金关注，包括穿了马甲的北向资金。广东药企，玩得比较专业，大家都懂。,,透过现象看本质88,9355013343742192,2025-08-21 19:48:03,489,4,0,0,False,False,"https://guba.eastmoney.com/news,688076,1587564565.html",2026-07-06 17:07:19
eastmoney_guba,688076,1587565033,尽管最近诺泰表现低迷，但是我还相信它能够迎来一波大行情。是金子总会发光，优秀的股,,萤火之约,4903065278637186,2025-08-21 19:49:38,403,5,0,0,False,False,"https://guba.eastmoney.com/news,688076,1587565033.html",2026-07-06 17:07:19
eastmoney_guba,688076,1587583509,雪q上有个大V，知行合一的一个水平相当高的股友，他提出了一个明确的观点：创新药加,,遥远的塞纳河888,9037094342652420,2025-08-21 21:01:10,429,0,0,0,True,False,"https://guba.eastmoney.com/news,688076,1587583509.html",2026-07-06 17:07:19
eastmoney_guba,688076,1587589202,股价持续暴跌，依然有人在组团唱多，不知道是什么缘故？,,中国股市投资巨头,3556366205011162,2025-08-21 21:24:06,196,5,0,0,False,False,"https://guba.eastmoney.com/news,688076,1587589202.html",2026-07-06 17:07:19
eastmoney_guba,688076,1587597710,爱信不信，从明天开始上涨，涨到70块才停止。记住2025.08.22号,,屯老二才买A股,8960346358579732,2025-08-21 21:55:32,123,0,0,0,False,False,"https://guba.eastmoney.com/news,688076,1587597710.html",2026-07-06 17:07:19
eastmoney_guba,688076,1587601042,两大不确定因素制约诺泰的走势，一是证监会的正式处罚，二是美国对药品课以多少关税。,,弱有效市场,9162114828087000,2025-08-21 22:09:37,213,2,0,0,False,False,"https://guba.eastmoney.com/news,688076,1587601042.html",2026-07-06 17:07:19
eastmoney_guba,688076,1587612329,我给诺泰支几招，首先是要搞AI制药，然后可以搞稳定币，再与中科院签约，另外尽量多,,飞天股票小仙女,1503094384634500,2025-08-21 23:03:36,386,1,1,0,False,False,"https://guba.eastmoney.com/news,688076,1587612329.html",2026-07-06 17:07:19
eastmoney_guba,688076,1587620108,坚持不下去的时候看看茅台，牛市来了屹然不动,,屯老二才买A股,8960346358579732,2025-08-21 23:56:22,169,2,0,0,False,False,"https://guba.eastmoney.com/news,688076,1587620108.html",2026-07-06 17:07:19
eastmoney_guba,688076,1587621908,江苏生物医药利好，难道诺泰生物不是江苏的吗,,独上西楼88,5775013744785474,2025-08-22 00:13:11,173,0,0,0,False,False,"https://guba.eastmoney.com/news,688076,1587621908.html",2026-07-06 17:07:19
eastmoney_guba,688076,1587622184,稍微看了下隔壁翰宇的业绩报告，发现大部分数据也处于预告的下边界，同时Q2的单季度,,萤火之约,4903065278637186,2025-08-22 00:16:12,469,2,0,0,False,False,"https://guba.eastmoney.com/news,688076,1587622184.html",2026-07-06 17:07:19
eastmoney_guba,688076,1587643080,今天如果不涨我就跑！,,股友555292An96,7486166256355604,2025-08-22 06:58:42,91,0,0,0,False,False,"https://guba.eastmoney.com/news,688076,1587643080.html",2026-07-06 17:07:19
eastmoney_guba,688076,1587646272,大家信不信翰宇药业会成为百元股，1开发三靶点注射剂，2与博瑞医药签订原料药公应，,,忠与叶,1181054527685094,2025-08-22 07:30:05,211,3,0,0,False,False,"https://guba.eastmoney.com/news,688076,1587646272.html",2026-07-06 17:07:19
eastmoney_guba,688076,1587653136,翰宇药业研发费用是诺泰生物的1/4，销售收入和利润是诺泰生物的1/2，但市值却是,,股友A197669V05,8030376544910926,2025-08-22 08:11:41,284,5,0,0,False,False,"https://guba.eastmoney.com/news,688076,1587653136.html",2026-07-06 17:07:19
eastmoney_guba,688076,1587655196,那些拿瀚宇去诺泰的，好好做做功课好么，瀚宇有创新药和原料药，诺泰目前只有原料药，,,幸运刺猬,5100535183516786,2025-08-22 08:23:14,113,0,0,0,False,False,"https://guba.eastmoney.com/news,688076,1587655196.html",2026-07-06 17:07:19
eastmoney_guba,688076,1587661630,ST诺泰因为啥ST?有人知道吗,,小牛弄潮,6234067116799408,2025-08-22 08:54:09,160,6,0,0,False,False,"https://guba.eastmoney.com/news,688076,1587661630.html",2026-07-06 17:07:19
eastmoney_guba,688076,1587719646,社保基金持有18只科创板股：新进5股 增持6股,,道通科技资讯,5921014474528772,2025-08-22 09:41:40,15821,11,46,0,False,False,"https://guba.eastmoney.com/news,688076,1587719646.html",2026-07-06 17:07:19
eastmoney_guba,688076,1587739454,抄底翰宇。。。,,weka,4923235732188266,2025-08-22 09:49:22,55,0,0,0,False,False,"https://guba.eastmoney.com/news,688076,1587739454.html",2026-07-06 17:07:19
eastmoney_guba,688076,1587743908,这股彻底无人问津了,,股友SJL2ut,6142315783554678,2025-08-22 09:51:13,50,0,0,0,False,False,"https://guba.eastmoney.com/news,688076,1587743908.html",2026-07-06 17:07:19
eastmoney_guba,688076,1587767671,从今天开始，吧里可能理智安静一点，因为今天翰宇今天大出货，原先这批诈骗犯可能从今,,古越新安,4541336174369464,2025-08-22 10:00:55,90,0,0,0,False,False,"https://guba.eastmoney.com/news,688076,1587767671.html",2026-07-06 17:07:19
eastmoney_guba,688076,1587802861,医药没戏了,,股友SJL2ut,6142315783554678,2025-08-22 10:16:19,49,0,0,0,False,False,"https://guba.eastmoney.com/news,688076,1587802861.html",2026-07-06 17:07:19
eastmoney_guba,688076,1587825625,由于公司说：对投资者普遍关心的问题进行回复，所以请大家把自己关注的问题向公司提问,,股友A197669V05,8030376544910926,2025-08-22 10:27:23,122,0,0,0,False,False,"https://guba.eastmoney.com/news,688076,1587825625.html",2026-07-06 17:07:19
eastmoney_guba,688076,1587836139,隐士的剧本己写好，又是机构啥啥的跑路了,,只看最本质,7139144735501360,2025-08-22 10:32:44,277,9,0,0,False,False,"https://guba.eastmoney.com/news,688076,1587836139.html",2026-07-06 17:07:19
eastmoney_guba,688076,1587848055,各路大神别说利好了，说说为什么不涨啊,,STW5555,2262376395333000,2025-08-22 10:39:12,104,3,0,0,False,False,"https://guba.eastmoney.com/news,688076,1587848055.html",2026-07-06 17:07:19
eastmoney_guba,688076,1587856454,狂热看涨的结果就是阴跌不止。,,看涨必跌,4016094080719814,2025-08-22 10:44:02,54,0,0,0,False,False,"https://guba.eastmoney.com/news,688076,1587856454.html",2026-07-06 17:07:19
eastmoney_guba,688076,1587872244,你不是科创板？属什么板块？窝火窝心St,,股友922h8X6591,6699256662728486,2025-08-22 10:53:25,72,2,0,0,False,False,"https://guba.eastmoney.com/news,688076,1587872244.html",2026-07-06 17:07:19
eastmoney_guba,688076,1587916885,初步看先跌到30，反弹至35，再跌到20，反弹至25，再跌到10元，最后跌到1元,,中国芒恪,3628094076399488,2025-08-22 11:20:36,101,2,0,0,False,False,"https://guba.eastmoney.com/news,688076,1587916885.html",2026-07-06 17:07:19
eastmoney_guba,688076,1587932075,筹码要拿不住了,,tom奥斯卡,1080395837325526,2025-08-22 11:31:13,59,0,0,0,False,False,"https://guba.eastmoney.com/news,688076,1587932075.html",2026-07-06 17:07:19
eastmoney_guba,688076,1587940044,兄弟们，回来看看你们，周二的时候一键清仓，去拥抱科技和芯片了，大盘马上站上380,,江枫丨渔火,3125395530799198,2025-08-22 11:42:50,384,6,0,0,False,False,"https://guba.eastmoney.com/news,688076,1587940044.html",2026-07-06 17:07:19
eastmoney_guba,688076,1587963849,承接还是很强的，隐士天团应该扩大战场，每人负责十个股吧宣传，招来滚滚流量，扫光机,,只看最本质,7139144735501360,2025-08-22 12:49:23,141,2,0,0,False,False,"https://guba.eastmoney.com/news,688076,1587963849.html",2026-07-06 17:07:17
eastmoney_guba,688076,1587965465,刺激，涨得疯长，跌的止不住的跌,,屯老二才买A股,8960346358579732,2025-08-22 12:54:31,76,0,0,0,False,False,"https://guba.eastmoney.com/news,688076,1587965465.html",2026-07-06 17:07:19
eastmoney_guba,688076,1587976693,最近投资不顺，清仓了。冷静一段时间,,屯老二才买A股,8960346358579732,2025-08-22 13:04:40,88,1,0,0,False,False,"https://guba.eastmoney.com/news,688076,1587976693.html",2026-07-06 17:07:17
eastmoney_guba,688076,1587979544,45割肉，一股不留,,屯老二才买A股,8960346358579732,2025-08-22 13:06:48,219,7,0,0,False,False,"https://guba.eastmoney.com/news,688076,1587979544.html",2026-07-06 17:07:19
eastmoney_guba,688076,1587992385,罚款1个多亿，赔偿还不知道，真是好ST股！,,华远股东,3047426769600740,2025-08-22 13:14:43,85,0,0,0,False,False,"https://guba.eastmoney.com/news,688076,1587992385.html",2026-07-06 17:07:19
eastmoney_guba,688076,1587993480,多杀多，投机客杀长线投资者。,,还康得新正义,4313075457881082,2025-08-22 13:15:21,80,0,0,0,False,False,"https://guba.eastmoney.com/news,688076,1587993480.html",2026-07-06 17:07:19
eastmoney_guba,688076,1588008261,这市场还有什么理性可言，我想起了翻了几十倍的乐视，43个板的暴风影音。这么多年，,,晚上的清秋,3598396081954208,2025-08-22 13:23:28,122,1,0,0,False,False,"https://guba.eastmoney.com/news,688076,1588008261.html",2026-07-06 17:07:19
eastmoney_guba,688076,1588023973,今天都是唱空的，可以买了,,股市处处坑,2759346010018966,2025-08-22 13:33:24,100,1,0,0,False,False,"https://guba.eastmoney.com/news,688076,1588023973.html",2026-07-06 17:07:19
eastmoney_guba,688076,1588025823,大盘3800,,股友555292An96,7486166256355604,2025-08-22 13:34:33,81,0,0,0,False,False,"https://guba.eastmoney.com/news,688076,1588025823.html",2026-07-06 17:07:19
eastmoney_guba,688076,1588034038,45割肉，一股不留,,飞天股票小仙女,1503094384634500,2025-08-22 13:39:39,163,6,0,0,False,False,"https://guba.eastmoney.com/news,688076,1588034038.html",2026-07-06 17:07:19
eastmoney_guba,688076,1588059539,等你大涨。一点不卖,,萤火之约,4903065278637186,2025-08-22 13:55:02,144,4,0,0,False,False,"https://guba.eastmoney.com/news,688076,1588059539.html",2026-07-06 17:07:19
eastmoney_guba,688076,1588079124,，医药近期没戏，卖出了，买小鹏汽车去,,股友SJL2ut,6142315783554678,2025-08-22 14:07:21,114,0,0,0,False,False,"https://guba.eastmoney.com/news,688076,1588079124.html",2026-07-06 17:07:19
eastmoney_guba,688076,1588079133,感觉今天得卖出一个亿，机构一致出逃了，st那会应该没走干净。,,买熟悉的,6787356122784764,2025-08-22 14:07:22,158,1,0,0,False,False,"https://guba.eastmoney.com/news,688076,1588079133.html",2026-07-06 17:07:19
eastmoney_guba,688076,1588112878,机构一致出逃，后市必然暴跌,,中国芒恪,3628094076399488,2025-08-22 14:28:09,125,0,0,0,False,False,"https://guba.eastmoney.com/news,688076,1588112878.html",2026-07-06 17:07:19
eastmoney_guba,688076,1588121272,兄弟们，主力盘口打出250手时，这个盘口语言这是对隐士及至所有散户的羞辱，入手，,,只看最本质,7139144735501360,2025-08-22 14:33:18,211,2,2,0,False,False,"https://guba.eastmoney.com/news,688076,1588121272.html",2026-07-06 17:07:19
eastmoney_guba,688076,1588123013,痛快格肉，一身轻松！,,xiyangyang137,5786094128258044,2025-08-22 14:34:24,132,1,0,0,False,False,"https://guba.eastmoney.com/news,688076,1588123013.html",2026-07-06 17:07:19
eastmoney_guba,688076,1588123054,难道大家没有觉得这有些像震仓。,,股友L7E5567193,6881326576753498,2025-08-22 14:34:25,205,3,0,0,False,False,"https://guba.eastmoney.com/news,688076,1588123054.html",2026-07-06 17:07:19
eastmoney_guba,688076,1588150928,终于割肉了，你放心的跌吧,,中国芒恪,3628094076399488,2025-08-22 14:50:34,134,0,0,0,False,False,"https://guba.eastmoney.com/news,688076,1588150928.html",2026-07-06 17:07:19
eastmoney_guba,688076,1588170157,我们一起在ST诺泰躲牛市！,,A369556515,1503094285725316,2025-08-22 15:02:23,157,1,0,0,False,False,"https://guba.eastmoney.com/news,688076,1588170157.html",2026-07-06 17:07:19
eastmoney_guba,688076,1588176164,ST诺泰收盘点评收盘价44.78元下跌1.91%。很显然，今天的表现比大家预计的,,萤火之约,4903065278637186,2025-08-22 15:08:44,379,1,0,0,False,False,"https://guba.eastmoney.com/news,688076,1588176164.html",2026-07-06 17:07:19
eastmoney_guba,688076,1588179064,有跟进的吗？,,校友957,4202212735871546,2025-08-22 15:12:46,248,4,0,0,False,False,"https://guba.eastmoney.com/news,688076,1588179064.html",2026-07-06 17:07:19
eastmoney_guba,688076,1588186052,还好早上卖了，转到昆仑万维，还拿了8个点。,,一年又一年王少,4126356025745322,2025-08-22 15:23:54,157,0,0,0,False,False,"https://guba.eastmoney.com/news,688076,1588186052.html",2026-07-06 17:07:19
eastmoney_guba,688076,1588187380,430天线没有支撑住，那就看60天线了,,股友SJL2ut,6142315783554678,2025-08-22 15:26:20,160,0,0,0,False,False,"https://guba.eastmoney.com/news,688076,1588187380.html",2026-07-06 17:07:19
eastmoney_guba,688076,1588188965,本人看好诺泰，长期持有,,老高盈利并不难,1944111678218282,2025-08-22 15:29:42,348,7,0,0,False,False,"https://guba.eastmoney.com/news,688076,1588188965.html",2026-07-06 17:07:19
eastmoney_guba,688076,1588193966,止盈一半，一年后再见,,猎庄者5472,2710376185239608,2025-08-22 15:35:42,152,0,0,0,False,False,"https://guba.eastmoney.com/news,688076,1588193966.html",2026-07-06 17:07:19
eastmoney_guba,688076,1588211029,鉴于隐士孜孜不倦唱多，散户踊跃买入，送到主力嘴边的肉源源不断，主力只需向下盘跌即,,看涨必跌,4016094080719814,2025-08-22 16:17:14,279,1,0,0,False,False,"https://guba.eastmoney.com/news,688076,1588211029.html",2026-07-06 17:07:19
eastmoney_guba,688076,1588212842,长期看好，坚定持有,,从容的金融小单车,6212094526840066,2025-08-22 16:21:50,161,0,0,0,False,False,"https://guba.eastmoney.com/news,688076,1588212842.html",2026-07-06 17:07:19
eastmoney_guba,688076,1588221147,今天对股友们应该是最严峻的考验了，流出资金9800万，其中6700万为超大资金，,,佛山隐士,5331047298658940,2025-08-22 16:43:58,1779,41,0,0,False,False,"https://guba.eastmoney.com/news,688076,1588221147.html",2026-07-06 17:07:17
eastmoney_guba,688076,1588243552,今天继续加点诺泰看看下周表现如何,,萤火之约,4903065278637186,2025-08-22 17:49:04,168,0,0,0,False,False,"https://guba.eastmoney.com/news,688076,1588243552.html",2026-07-06 17:07:19
eastmoney_guba,688076,1588263503,这里有隐士之流在，永远别想涨,,敢作敢当的陆溪白,5961117556123996,2025-08-22 18:55:17,159,0,0,0,False,False,"https://guba.eastmoney.com/news,688076,1588263503.html",2026-07-06 17:07:19
eastmoney_guba,688076,1588263949,隐士代表了散户思维，主力最喜欢这种唱多的,,敢作敢当的陆溪白,5961117556123996,2025-08-22 18:57:00,163,0,0,0,False,False,"https://guba.eastmoney.com/news,688076,1588263949.html",2026-07-06 17:07:19
eastmoney_guba,688076,1588264778,隐士越唱多，散户越买的多，主力拿不到低价筹码，只会左手倒右手压盘，直到散户受不了,,敢作敢当的陆溪白,5961117556123996,2025-08-22 18:59:37,296,4,0,0,False,False,"https://guba.eastmoney.com/news,688076,1588264778.html",2026-07-06 17:07:19
eastmoney_guba,688076,1588265370,股价不断下跌，用户数越来越多，拜隐士之流的功劳,,敢作敢当的陆溪白,5961117556123996,2025-08-22 19:01:40,169,0,0,0,False,False,"https://guba.eastmoney.com/news,688076,1588265370.html",2026-07-06 17:07:19
eastmoney_guba,688076,1588265887,周一来一次暴力下跌，把隐士之流的脸打肿，哈哈,,敢作敢当的陆溪白,5961117556123996,2025-08-22 19:03:28,496,16,0,0,False,False,"https://guba.eastmoney.com/news,688076,1588265887.html",2026-07-06 17:07:17
eastmoney_guba,688076,1588302619,趁周末，随便评价几句。诺泰股吧我几乎每条消息都看过，也很熟悉大家的发言。我想说，,,萤火之约,4903065278637186,2025-08-22 21:09:20,888,10,0,0,False,False,"https://guba.eastmoney.com/news,688076,1588302619.html",2026-07-06 17:07:17
eastmoney_guba,688076,1588323327,ST华通预处罚到正式处罚用了7个月,,江枫丨渔火,3125395530799198,2025-08-22 22:28:36,658,3,2,0,False,False,"https://guba.eastmoney.com/news,688076,1588323327.html",2026-07-06 17:07:19
eastmoney_guba,688076,1588346246,是离开的时候了，就是一个肽类原料药的，没有创新药。业绩虽好参考以前的普洛。,,小户巨亏,2616065001225224,2025-08-23 01:10:11,342,2,0,0,False,False,"https://guba.eastmoney.com/news,688076,1588346246.html",2026-07-06 17:07:19
eastmoney_guba,688076,1588388361,做好人，别当垃圾，多学习知识，必有回报，不要做泄愤的韭菜,,老高盈利并不难,1944111678218282,2025-08-23 10:47:01,239,2,0,0,False,False,"https://guba.eastmoney.com/news,688076,1588388361.html",2026-07-06 17:07:17
eastmoney_guba,688076,1588388830,根据帖子判断佛山隐士应该是股市赢家，为他点赞。但股价走势有时会出乎预料,,老高盈利并不难,1944111678218282,2025-08-23 10:50:29,318,4,0,0,False,False,"https://guba.eastmoney.com/news,688076,1588388830.html",2026-07-06 17:07:17
eastmoney_guba,688076,1588394621,1.不要急，这才哪跟哪，科创板指数未来至少涨5-8倍。大家可参考15年那波牛市创,,独守花自开,3447335569687896,2025-08-23 11:39:27,383,2,0,0,False,False,"https://guba.eastmoney.com/news,688076,1588394621.html",2026-07-06 17:07:19
eastmoney_guba,688076,1588401738,这样的公司，值得有耐心的人、值得有涵养的股友，持有,,遥远的塞纳河888,9037094342652420,2025-08-23 12:48:17,565,2,0,0,True,False,"https://guba.eastmoney.com/news,688076,1588401738.html",2026-07-06 17:07:17
eastmoney_guba,688076,1588428005,天天在分析唱多，以专家专业自居者，一个专家天天那来的时间来这里折腾，不是骗子就是,,独孤燕,2128027197149058,2025-08-23 17:34:26,427,8,1,0,False,False,"https://guba.eastmoney.com/news,688076,1588428005.html",2026-07-06 17:07:17
eastmoney_guba,688076,1588442968,帮主力快速出货吧还是，这个消息也不发酵，怎么出货啊主力还,,STW5555,2262376395333000,2025-08-23 20:37:38,936,5,0,0,True,False,"https://guba.eastmoney.com/news,688076,1588442968.html",2026-07-06 17:07:17
eastmoney_guba,688076,1588453547,川普医药关税随时发布落地，这是川普在7月底说的。已经3周了，这根悬着的重大利空一,,江枫丨渔火,3125395530799198,2025-08-23 23:09:01,412,6,0,0,False,False,"https://guba.eastmoney.com/news,688076,1588453547.html",2026-07-06 17:07:17
eastmoney_guba,688076,1588460362,恐怕套住了主力,,n235313675950020,2353013675950020,2025-08-24 02:48:33,212,0,0,0,False,False,"https://guba.eastmoney.com/news,688076,1588460362.html",2026-07-06 17:07:17
eastmoney_guba,688076,1588466644,药关税未落地，正式处罚不知何年马月，现趋势也破了，拖久了怕是牛都走了，难搞啊。,,万花镜写轮眼,1399145319247286,2025-08-24 08:02:07,256,2,0,0,False,False,"https://guba.eastmoney.com/news,688076,1588466644.html",2026-07-06 17:07:17
eastmoney_guba,688076,1588476847,中报显示社保101和招商基金持仓没变，有的还加仓了,,g9gg9g,6150094402013812,2025-08-24 10:36:45,264,2,0,0,False,False,"https://guba.eastmoney.com/news,688076,1588476847.html",2026-07-06 17:07:17
eastmoney_guba,688076,1588534025,诺泰我会回来的，但是不是现在，因为诺泰是我第一次买过的科创板的股票，我觉得股吧里,,江枫丨渔火,3125395530799198,2025-08-24 21:37:23,612,5,1,0,False,False,"https://guba.eastmoney.com/news,688076,1588534025.html",2026-07-06 17:07:17
eastmoney_guba,688076,1588540955,ST了还上涨也是神奇,,股友5r8u719296,6785356372967548,2025-08-24 22:42:27,183,1,0,0,False,False,"https://guba.eastmoney.com/news,688076,1588540955.html",2026-07-06 17:07:17
eastmoney_guba,688076,1588552047,17号减持，19号ST。明显内部人知道消息。,,刚正不阿的魏菡,6137044927003068,2025-08-25 03:28:26,154,0,0,0,False,False,"https://guba.eastmoney.com/news,688076,1588552047.html",2026-07-06 17:07:17
eastmoney_guba,688076,1588610678,今天是最严竣的考验,,古越新安,4541336174369464,2025-08-25 09:34:21,73,1,0,0,False,False,"https://guba.eastmoney.com/news,688076,1588610678.html",2026-07-06 17:07:17
eastmoney_guba,688076,1588625842,是吗？今天能给点希望不要再让人失望？,,股友922h8X6591,6699256662728486,2025-08-25 09:38:56,48,0,0,0,False,False,"https://guba.eastmoney.com/news,688076,1588625842.html",2026-07-06 17:07:17
eastmoney_guba,688076,1588636976,哈哈哈哈，一群虔诚的信徒，还尊称佛山隐士为老师，有这种水平低下的老师吗？看了佛山,,江枫丨渔火,3125395530799198,2025-08-25 09:42:51,168,2,0,0,False,False,"https://guba.eastmoney.com/news,688076,1588636976.html",2026-07-06 17:07:17
eastmoney_guba,688076,1588640164,诺和诺德15倍，你能高到哪里去？,,这股的预期是什么,6492094712751706,2025-08-25 09:44:04,74,0,0,0,False,False,"https://guba.eastmoney.com/news,688076,1588640164.html",2026-07-06 17:07:17
eastmoney_guba,688076,1588643456,社保基金现身29只科创板股前十大流通股东榜,,道通科技资讯,5921014474528772,2025-08-25 09:45:11,4334,3,23,0,False,False,"https://guba.eastmoney.com/news,688076,1588643456.html",2026-07-06 17:07:00
eastmoney_guba,688076,1588661211,今天这一跌，把量跌出来了，估计才差不多了。隐士上周老是说基金没有清仓是不对的。今,,古越新安,4541336174369464,2025-08-25 09:51:34,83,0,0,0,False,False,"https://guba.eastmoney.com/news,688076,1588661211.html",2026-07-06 17:07:17
eastmoney_guba,688076,1588665506,佛山老师，快出来看看这是怎么肥事，你喊大家买入的时候到现在，已经跌了10%了。你,,江枫丨渔火,3125395530799198,2025-08-25 09:53:15,223,9,0,0,False,False,"https://guba.eastmoney.com/news,688076,1588665506.html",2026-07-06 17:07:17
eastmoney_guba,688076,1588669811,简直浪费行情,,奋发的吴芝蔓,1543017434617876,2025-08-25 09:55:02,54,0,0,0,False,False,"https://guba.eastmoney.com/news,688076,1588669811.html",2026-07-06 17:07:17
eastmoney_guba,688076,1588677951,为什么一般有大V深度分析看好的股吧，股价都会跌？因为股票短期本质就是筹码交换，散,,晚上的清秋,3598396081954208,2025-08-25 09:58:30,216,4,0,0,False,False,"https://guba.eastmoney.com/news,688076,1588677951.html",2026-07-06 17:07:17
eastmoney_guba,688076,1588695430,向下破位了，加之大盘后面的调整开始估计要跌到40附近,,主力跟着我跑,2971325821545056,2025-08-25 10:06:11,112,2,0,0,False,False,"https://guba.eastmoney.com/news,688076,1588695430.html",2026-07-06 17:07:02
eastmoney_guba,688076,1588714406,抗住了，深V，下跌估计今天结束了，开始走上涨趋势了。,,古越新安,4541336174369464,2025-08-25 10:14:47,60,0,0,0,False,False,"https://guba.eastmoney.com/news,688076,1588714406.html",2026-07-06 17:07:17
eastmoney_guba,688076,1588720483,做好接盘，别筹码被别的机构低价抢走了！,,上海的中心,1836446835971762,2025-08-25 10:17:35,51,0,0,0,False,False,"https://guba.eastmoney.com/news,688076,1588720483.html",2026-07-06 17:07:17
eastmoney_guba,688076,1588727420,刚打了诺泰生物证券部电话，咨询了正式处罚书下达时间，回复是让我等，应该很快下来了,,傲气的佛觅儿,5598486666742320,2025-08-25 10:20:47,671,13,0,0,False,False,"https://guba.eastmoney.com/news,688076,1588727420.html",2026-07-06 17:07:17
eastmoney_guba,688076,1588760601,公司高层违法，股民跟着吃瓜烙，没有公平可言，公司这个窟窿还要股民补嘛？？？,,华远股东,3047426769600740,2025-08-25 10:36:55,63,0,0,0,False,False,"https://guba.eastmoney.com/news,688076,1588760601.html",2026-07-06 17:07:17
eastmoney_guba,688076,1588775576,黄克忠:这些大股东从一季度到二季度增持难道不如散户吗，少说别人多自省好吗，成败休,,账户已注销,9537087560898652,2025-08-25 10:44:35,200,2,0,0,False,False,"https://guba.eastmoney.com/news,688076,1588775576.html",2026-07-06 17:07:17
eastmoney_guba,688076,1588783043,走势说明了一切，不用幻想了破位了。,,买熟悉的,6787356122784764,2025-08-25 10:48:39,124,4,0,0,False,False,"https://guba.eastmoney.com/news,688076,1588783043.html",2026-07-06 17:07:17
eastmoney_guba,688076,1588788056,老鼠过街，人人喊打,,只看最本质,7139144735501360,2025-08-25 10:51:24,47,0,0,0,False,False,"https://guba.eastmoney.com/news,688076,1588788056.html",2026-07-06 17:07:17
eastmoney_guba,688076,1588788920,佛山隐士不bb了，那就买一点吧！,,卡巴拉,2028023787975112,2025-08-25 10:51:54,132,3,0,0,False,False,"https://guba.eastmoney.com/news,688076,1588788920.html",2026-07-06 17:07:13
eastmoney_guba,688076,1588812645,ST诺泰 4000 字深度研报,,口袋分析,6345077481825968,2025-08-25 11:04:50,694,2,1,0,True,False,"https://guba.eastmoney.com/news,688076,1588812645.html",2026-07-06 17:07:17
eastmoney_guba,688076,1588821306,短线防风险 14只个股短期均线现死叉,,西藏天路资讯,9513113638167520,2025-08-25 11:09:40,4242,6,6,0,False,False,"https://guba.eastmoney.com/news,688076,1588821306.html",2026-07-06 17:07:17
eastmoney_guba,688076,1588832179,天天跌，大家该走就走吧，没有什么希望了,,中国股市投资巨头,3556366205011162,2025-08-25 11:15:35,80,2,0,0,False,False,"https://guba.eastmoney.com/news,688076,1588832179.html",2026-07-06 17:07:17
eastmoney_guba,688076,1588833644,炒股最难过的是你研究来研究去，极度看好一只票，然后它跌跌不休，你的逻辑崩溃了，信,,晚上的清秋,3598396081954208,2025-08-25 11:16:27,119,1,0,0,False,False,"https://guba.eastmoney.com/news,688076,1588833644.html",2026-07-06 17:07:17
eastmoney_guba,688076,1588868266,40左右应该能到,,股友SJL2ut,6142315783554678,2025-08-25 11:43:56,128,4,1,0,False,False,"https://guba.eastmoney.com/news,688076,1588868266.html",2026-07-06 17:07:15
eastmoney_guba,688076,1588873611,这么好的行情，隐士一天ST带粉炒成这样，还一天自己专业的，专家，低位割走的机器人,,独孤燕,2128027197149058,2025-08-25 11:54:28,776,50,0,0,False,False,"https://guba.eastmoney.com/news,688076,1588873611.html",2026-07-06 17:07:09
eastmoney_guba,688076,1588877044,这票无法再看。割了走了。,,股友v6JV1J,3353325947671484,2025-08-25 12:02:09,65,0,1,0,False,False,"https://guba.eastmoney.com/news,688076,1588877044.html",2026-07-06 17:07:17
eastmoney_guba,688076,1588878472,本周大概率会有判决书出来。不会等太久了。,,管住手机会永远有,1505346236358364,2025-08-25 12:05:46,165,1,0,0,False,False,"https://guba.eastmoney.com/news,688076,1588878472.html",2026-07-06 17:07:17
eastmoney_guba,688076,1588882735,底部进来48/45走了，45.6又进第二天亏几百换进和而泰。,,小户巨亏,2616065001225224,2025-08-25 12:18:21,75,0,0,0,False,False,"https://guba.eastmoney.com/news,688076,1588882735.html",2026-07-06 17:07:17
eastmoney_guba,688076,1588885526,跟你们说了今天开始暴跌，总有些死多头不死心，脸打肿了吧。这次调整到40以下，开始,,敢作敢当的陆溪白,5961117556123996,2025-08-25 12:26:54,101,0,0,0,False,False,"https://guba.eastmoney.com/news,688076,1588885526.html",2026-07-06 17:07:17
eastmoney_guba,688076,1588885757,啧啧啧，涨的时候骂看空的说人家踏空了，跌的时候骂看多的说人居心叵测。贪婪又丑恶的,,STW5555,2262376395333000,2025-08-25 12:27:38,130,1,0,0,False,False,"https://guba.eastmoney.com/news,688076,1588885757.html",2026-07-06 17:07:17
eastmoney_guba,688076,1588895479,跳空大跌啊。。。这走势35都稳不住,,医药不值得投资,5383084759787052,2025-08-25 12:58:46,81,0,0,0,False,False,"https://guba.eastmoney.com/news,688076,1588895479.html",2026-07-06 17:07:17
eastmoney_guba,688076,1588927378,板块倒数第一,,我滴个乖乖啊,8386094309231136,2025-08-25 13:18:02,75,0,0,0,False,False,"https://guba.eastmoney.com/news,688076,1588927378.html",2026-07-06 17:07:17
eastmoney_guba,688076,1588942401,主力加油，我在哪儿等你。,,财富他老跌,6468094269128590,2025-08-25 13:27:15,70,0,0,0,False,False,"https://guba.eastmoney.com/news,688076,1588942401.html",2026-07-06 17:07:17
eastmoney_guba,688076,1588966406,今天下午是短期进场机会,,股友gfC0OB,2037385833052840,2025-08-25 13:42:52,101,0,0,0,False,False,"https://guba.eastmoney.com/news,688076,1588966406.html",2026-07-06 17:07:17
eastmoney_guba,688076,1588966548,这么背啊，星期五下午快收市进去的，没想到这样，真见鬼了,,股友0i62722t28,7075316061131982,2025-08-25 13:42:58,135,1,0,0,False,False,"https://guba.eastmoney.com/news,688076,1588966548.html",2026-07-06 17:07:17
eastmoney_guba,688076,1588995359,就看几点。1股东人数暴涨2龙头诺和诺德15pe3处罚还没正式落地，赔偿怎么说。另,,这股的预期是什么,6492094712751706,2025-08-25 14:04:46,130,0,0,0,False,False,"https://guba.eastmoney.com/news,688076,1588995359.html",2026-07-06 17:07:17
eastmoney_guba,688076,1588998610,图形上已经破位了（撇开基本面）。一直有个疑惑，该公司毛利率近70%，高的吓人，例,,沃伦大拿,8705565220736134,2025-08-25 14:07:24,501,5,0,0,False,False,"https://guba.eastmoney.com/news,688076,1588998610.html",2026-07-06 17:07:17
eastmoney_guba,688076,1589004426,不懂就问，不是已经出国公告了吗？正式处罚书还有变数吗？怎么还大跌,,tom奥斯卡,1080395837325526,2025-08-25 14:12:00,336,5,0,0,False,False,"https://guba.eastmoney.com/news,688076,1589004426.html",2026-07-06 17:07:17
eastmoney_guba,688076,1589014438,公司业绩这么好，脱帽是必然的事情。就是因为目前这个不合规的事项导致价值严重低估，,,豪放不羁的皮卡丘,4980355748203668,2025-08-25 14:19:58,128,0,0,0,False,False,"https://guba.eastmoney.com/news,688076,1589014438.html",2026-07-06 17:07:17
eastmoney_guba,688076,1589040274,这才像ST的样子,,luotuoxzx,6756094607583200,2025-08-25 14:38:59,67,0,0,0,False,False,"https://guba.eastmoney.com/news,688076,1589040274.html",2026-07-06 17:07:17
eastmoney_guba,688076,1589059132,在这里完美的躲过了牛市，555555,,股友tcoluc0226,3500094558052162,2025-08-25 14:51:44,86,2,0,0,False,False,"https://guba.eastmoney.com/news,688076,1589059132.html",2026-07-06 17:07:17
eastmoney_guba,688076,1589084076,隐士收盘点评马上就到，机构被动减持还没减完，算算时间，快减持完了。粉丝们不要惧怕,,看涨必跌,4016094080719814,2025-08-25 15:15:34,208,2,0,0,False,False,"https://guba.eastmoney.com/news,688076,1589084076.html",2026-07-06 17:07:17
eastmoney_guba,688076,1589084178,好股被祸祸了，几个无脑的害了公司害了股民，让他们接受惩发,,股友922h8X6591,6699256662728486,2025-08-25 15:15:42,96,1,0,0,False,False,"https://guba.eastmoney.com/news,688076,1589084178.html",2026-07-06 17:07:17
eastmoney_guba,688076,1589087520,破位了，估计要到40左右,,最多只买五层仓,5873067146183416,2025-08-25 15:20:44,65,0,0,0,False,False,"https://guba.eastmoney.com/news,688076,1589087520.html",2026-07-06 17:07:17
eastmoney_guba,688076,1589089236,摘帽前会一直下探，20,,股友7o872z6913,6421345664837696,2025-08-25 15:23:45,74,0,0,0,False,False,"https://guba.eastmoney.com/news,688076,1589089236.html",2026-07-06 17:07:17
eastmoney_guba,688076,1589091187,这波估计要跌到20左右了,,炒A股十八年,8067037417052586,2025-08-25 15:27:39,118,2,0,0,False,False,"https://guba.eastmoney.com/news,688076,1589091187.html",2026-07-06 17:07:17
eastmoney_guba,688076,1589102511,我告诉你们今天开始暴跌，还被人喷，真是不识好人心。,,敢作敢当的陆溪白,5961117556123996,2025-08-25 15:47:41,120,2,0,0,False,False,"https://guba.eastmoney.com/news,688076,1589102511.html",2026-07-06 17:07:17
eastmoney_guba,688076,1589104174,隐士之流就是来坏事的，没他整天叽叽歪歪，主力还不会调这么深，现在好了，至少半年起,,敢作敢当的陆溪白,5961117556123996,2025-08-25 15:51:15,230,6,0,0,False,False,"https://guba.eastmoney.com/news,688076,1589104174.html",2026-07-06 17:07:17
eastmoney_guba,688076,1589105040,跌到18,,c8452271429699431,7201094296706394,2025-08-25 15:53:19,74,0,0,0,False,False,"https://guba.eastmoney.com/news,688076,1589105040.html",2026-07-06 17:07:17
eastmoney_guba,688076,1589105461,ST诺泰8.25点评,,萤火之约,4903065278637186,2025-08-25 15:54:18,959,5,0,0,True,False,"https://guba.eastmoney.com/news,688076,1589105461.html",2026-07-06 17:07:17
eastmoney_guba,688076,1589108307,明天有低点，会有一波反弹,,股友32y667826O,6483037545519160,2025-08-25 16:01:28,86,0,0,0,False,False,"https://guba.eastmoney.com/news,688076,1589108307.html",2026-07-06 17:07:17
eastmoney_guba,688076,1589115265,这只股最大的利空就是被ST之后不能融资买入，大牛市行情，短线资金不会来的，长线资,,梦想有多远,8349426606204228,2025-08-25 16:19:18,353,2,0,0,False,False,"https://guba.eastmoney.com/news,688076,1589115265.html",2026-07-06 17:07:17
eastmoney_guba,688076,1589123654,想想很可笑，大盘跳空上涨，它跳空下砸。机构真是出货，这行情装模作样拉两下，至少能,,只看最本质,7139144735501360,2025-08-25 16:40:45,340,8,0,0,False,False,"https://guba.eastmoney.com/news,688076,1589123654.html",2026-07-06 17:07:17
eastmoney_guba,688076,1589138165,短线防风险 19只个股短期均线现死叉,,西藏天路资讯,9513113638167520,2025-08-25 17:21:30,1946,10,2,0,False,False,"https://guba.eastmoney.com/news,688076,1589138165.html",2026-07-06 17:07:17
eastmoney_guba,688076,1589140493,短线防风险 13只个股短期均线现死叉,,西藏天路资讯,9513113638167520,2025-08-25 17:28:30,4306,6,8,0,False,False,"https://guba.eastmoney.com/news,688076,1589140493.html",2026-07-06 17:07:13
eastmoney_guba,688076,1589146072,废了,,灵活的韭韭韭韭菜,2649306587386156,2025-08-25 17:45:15,77,1,0,0,False,False,"https://guba.eastmoney.com/news,688076,1589146072.html",2026-07-06 17:07:17
eastmoney_guba,688076,1589158030,跟着一起砸，砸了一部分仓位，过两天接点回来。反正是分仓，还有些子弹，来吧。还没上,,独守花自开,3447335569687896,2025-08-25 18:21:07,105,0,0,0,False,False,"https://guba.eastmoney.com/news,688076,1589158030.html",2026-07-06 17:07:17
eastmoney_guba,688076,1589165325,1年利润6-7亿，动态市盈率21，净资产收益率11%！这样一个公司，在现在这个牛,,遥远的塞纳河888,9037094342652420,2025-08-25 18:43:41,493,5,0,0,False,False,"https://guba.eastmoney.com/news,688076,1589165325.html",2026-07-06 17:07:17
eastmoney_guba,688076,1589168219,怎么这么跌啊？要命。,,万花镜写轮眼,1399145319247286,2025-08-25 18:53:00,84,0,0,0,False,False,"https://guba.eastmoney.com/news,688076,1589168219.html",2026-07-06 17:07:17
eastmoney_guba,688076,1589172617,到了止损位，就该出局,,校友957,4202212735871546,2025-08-25 19:05:54,1190,15,1,0,True,False,"https://guba.eastmoney.com/news,688076,1589172617.html",2026-07-06 17:07:15
eastmoney_guba,688076,1589194628,我也出清了，这庄用熊市的思维在玩，还在不停打压，逼散户出清，太小气，没实力，这波,,上海的中心,1836446835971762,2025-08-25 20:03:41,340,3,0,0,False,False,"https://guba.eastmoney.com/news,688076,1589194628.html",2026-07-06 17:07:17
eastmoney_guba,688076,1589216785,8-20还在诺泰唱多，过了一个周末就转空了，你认知高，你格局大，本来不想搭理你的,,管住手等机会,1654395875984718,2025-08-25 21:06:14,168,0,0,0,False,False,"https://guba.eastmoney.com/news,688076,1589216785.html",2026-07-06 17:07:17
eastmoney_guba,688076,1589229092,明天还要暴跌哦！死叉啊！这种前面拉一波资金跑了啊！,,保持盈利之心,4613376587651910,2025-08-25 21:42:18,112,1,0,0,False,False,"https://guba.eastmoney.com/news,688076,1589229092.html",2026-07-06 17:07:17
eastmoney_guba,688076,1589229649,高点下来才跌15个点，你们就受不了吗？,,万花镜写轮眼,1399145319247286,2025-08-25 21:44:03,110,1,0,0,False,False,"https://guba.eastmoney.com/news,688076,1589229649.html",2026-07-06 17:07:17
eastmoney_guba,688076,1589243641,隐士把我拉黑了他还在股吧唱多吗？我看不到了,,傲气的佛觅儿,5598486666742320,2025-08-25 22:31:25,368,5,0,0,True,False,"https://guba.eastmoney.com/news,688076,1589243641.html",2026-07-06 17:07:17
eastmoney_guba,688076,1589262206,他们傻不拉几唱多，我能跟着卖单。恶心啊,,还康得新正义,4313075457881082,2025-08-26 00:10:46,154,0,0,0,False,False,"https://guba.eastmoney.com/news,688076,1589262206.html",2026-07-06 17:07:17
eastmoney_guba,688076,1589268709,$ST诺泰(SH688076)$,,独孤燕,2128027197149058,2025-08-26 01:34:39,891,8,0,0,True,False,"https://guba.eastmoney.com/news,688076,1589268709.html",2026-07-06 17:07:15
eastmoney_guba,688076,1589269193,你命不好，不是调整就是利空。,,万花镜写轮眼,1399145319247286,2025-08-26 01:44:05,458,0,0,0,True,False,"https://guba.eastmoney.com/news,688076,1589269193.html",2026-07-06 17:07:17
eastmoney_guba,688076,1589284095,隐土老师，清者自清，浊者自浊，我想这点杂音对您算不了什么，让时间证明是非曲直吧！,,账户已注销,9537087560898652,2025-08-26 06:41:28,172,2,0,0,False,False,"https://guba.eastmoney.com/news,688076,1589284095.html",2026-07-06 17:07:15
eastmoney_guba,688076,1589286032,现在所有的指标都显示诺泰处于空头趋势，被ST后一些融资限制的后遗症会慢慢出现，要,,南寒的都灵人,1431087104865032,2025-08-26 07:02:42,217,2,0,0,False,False,"https://guba.eastmoney.com/news,688076,1589286032.html",2026-07-06 17:07:17
eastmoney_guba,688076,1589286267,若诺泰没有被ST，就目前诺泰的基本面及股市情绪面来看，股价要远比现价高。,,股友582771F8A5,3880047424683960,2025-08-26 07:05:05,185,3,0,0,False,False,"https://guba.eastmoney.com/news,688076,1589286267.html",2026-07-06 17:07:17
eastmoney_guba,688076,1589291699,你真的是时运不济。,,万花镜写轮眼,1399145319247286,2025-08-26 07:42:13,358,2,0,0,True,False,"https://guba.eastmoney.com/news,688076,1589291699.html",2026-07-06 17:07:15
eastmoney_guba,688076,1589292404,隐士号列车开始转向偏空，贴子明显底气不足，估计减仓或清仓了，小泰估计开始筑底了,,只看最本质,7139144735501360,2025-08-26 07:45:45,129,1,0,0,False,False,"https://guba.eastmoney.com/news,688076,1589292404.html",2026-07-06 17:07:15
eastmoney_guba,688076,1589296746,证监会对诺泰的罚款，诺泰的财务报表上怎么没有体现？,,基民LVRWPt,6448375951468706,2025-08-26 08:11:35,482,4,0,0,False,False,"https://guba.eastmoney.com/news,688076,1589296746.html",2026-07-06 17:07:15
eastmoney_guba,688076,1589331723,今天看42.09，谁赞成，谁反对？,,南寒的都灵人,1431087104865032,2025-08-26 09:29:59,90,2,0,0,False,False,"https://guba.eastmoney.com/news,688076,1589331723.html",2026-07-06 17:07:17
eastmoney_guba,688076,1589404074,人弃我取反人性操作，诺泰开始重新布局！,,俄罗斯st牛哥,1604355966049892,2025-08-26 09:55:40,170,0,0,0,True,False,"https://guba.eastmoney.com/news,688076,1589404074.html",2026-07-06 17:07:15
eastmoney_guba,688076,1589472607,跌吧已麻木,,股友922h8X6591,6699256662728486,2025-08-26 10:28:50,51,0,0,0,False,False,"https://guba.eastmoney.com/news,688076,1589472607.html",2026-07-06 17:07:15
eastmoney_guba,688076,1589492414,牛市是散户亏损的根本原因，但是散户都盼望牛市。,,卡巴拉,2028023787975112,2025-08-26 10:39:55,168,17,0,0,False,False,"https://guba.eastmoney.com/news,688076,1589492414.html",2026-07-06 17:07:15
eastmoney_guba,688076,1589501245,还好，早上果断出来，亏了1万。换成盛美上海。,,股友0i62722t28,7075316061131982,2025-08-26 10:45:09,92,1,0,0,False,False,"https://guba.eastmoney.com/news,688076,1589501245.html",2026-07-06 17:07:15
eastmoney_guba,688076,1589571132,从上午情况，成交量2个亿，股价往上走。应该说，昨天就是大底了,,古越新安,4541336174369464,2025-08-26 11:35:12,133,2,0,0,False,False,"https://guba.eastmoney.com/news,688076,1589571132.html",2026-07-06 17:07:15
eastmoney_guba,688076,1589586475,1去年立案最低332贸易战293今年st40往上收集筹码三利空铸成底部向下40很,,希夏邦马,9993094331262574,2025-08-26 12:10:20,226,1,0,0,False,False,"https://guba.eastmoney.com/news,688076,1589586475.html",2026-07-06 17:07:15
eastmoney_guba,688076,1589654964,弱！弱！弱！,,股友922h8X6591,6699256662728486,2025-08-26 13:37:45,72,0,0,0,False,False,"https://guba.eastmoney.com/news,688076,1589654964.html",2026-07-06 17:07:15
eastmoney_guba,688076,1589656594,翰宇落，诺泰起，这是规律,,只看最本质,7139144735501360,2025-08-26 13:38:56,130,2,0,0,False,False,"https://guba.eastmoney.com/news,688076,1589656594.html",2026-07-06 17:07:15
eastmoney_guba,688076,1589714092,好，漂亮，跌的好。,,忠与叶,1181054527685094,2025-08-26 14:21:25,83,0,0,0,False,False,"https://guba.eastmoney.com/news,688076,1589714092.html",2026-07-06 17:07:15
eastmoney_guba,688076,1589774479,啥时候才止跌哇，实在有点弱了,,萤火之约,4903065278637186,2025-08-26 15:02:23,81,1,0,0,False,False,"https://guba.eastmoney.com/news,688076,1589774479.html",2026-07-06 17:07:15
eastmoney_guba,688076,1589775550,康希诺上半年亏损同比收窄94%；5连板济民健康上半年亏损5270万元丨医药早参,,济民健康资讯,2659014228350724,2025-08-26 15:03:30,5781,7,2,0,False,False,"https://guba.eastmoney.com/news,688076,1589775550.html",2026-07-06 17:07:13
eastmoney_guba,688076,1589776813,今天收盘压的有点崩溃。就这点成交量有必要吗？现在有点相信两个庄家有可能斗起来了。,,古越新安,4541336174369464,2025-08-26 15:04:50,101,0,0,0,False,False,"https://guba.eastmoney.com/news,688076,1589776813.html",2026-07-06 17:07:15
eastmoney_guba,688076,1589777528,哈哈哈哈哈哈，真好，上午出了换盛美上海，15个点啊。哈哈哈,,股友0i62722t28,7075316061131982,2025-08-26 15:05:36,125,4,0,0,False,False,"https://guba.eastmoney.com/news,688076,1589777528.html",2026-07-06 17:07:15
eastmoney_guba,688076,1589778628,好辣寄，天天套人。,,万花镜写轮眼,1399145319247286,2025-08-26 15:06:55,80,0,0,0,False,False,"https://guba.eastmoney.com/news,688076,1589778628.html",2026-07-06 17:07:15
eastmoney_guba,688076,1589780525,8.26st诺泰收盘点评,,萤火之约,4903065278637186,2025-08-26 15:09:26,415,6,0,0,True,False,"https://guba.eastmoney.com/news,688076,1589780525.html",2026-07-06 17:07:15
eastmoney_guba,688076,1589804868,诺泰不是礼来的供应商！！！！！,,股友8H7c712225,5746177219770028,2025-08-26 15:53:06,177,3,0,0,False,False,"https://guba.eastmoney.com/news,688076,1589804868.html",2026-07-06 17:07:15
eastmoney_guba,688076,1589815142,刚又打了诺泰生物证券部电话，问询相关情况，接线员也表示这几天打电话过去的投资者比,,傲气的佛觅儿,5598486666742320,2025-08-26 16:19:56,1058,20,0,0,True,False,"https://guba.eastmoney.com/news,688076,1589815142.html",2026-07-06 17:07:00
eastmoney_guba,688076,1589815966,佛山隐士今天还逼吗？,,卡巴拉,2028023787975112,2025-08-26 16:22:13,409,19,0,0,False,False,"https://guba.eastmoney.com/news,688076,1589815966.html",2026-07-06 17:07:15
eastmoney_guba,688076,1589824921,公司还拿了2个亿进行私募股权投资投资，太不聚焦了，而且投资还亏了。,,股友8H7c712225,5746177219770028,2025-08-26 16:45:05,106,0,0,0,False,False,"https://guba.eastmoney.com/news,688076,1589824921.html",2026-07-06 17:07:15
eastmoney_guba,688076,1589828582,要是不申诉，这个周五就会出处罚书，熬到周五再说,,生财满堂的叶孤城,4717325948839376,2025-08-26 16:54:22,106,0,0,0,False,False,"https://guba.eastmoney.com/news,688076,1589828582.html",2026-07-06 17:07:15
eastmoney_guba,688076,1589829438,我也打了电话了，问申诉了没有，他说他也不知道。让散户等公司公告，唉,,幸运刺猬,5100535183516786,2025-08-26 16:56:42,113,1,0,0,False,False,"https://guba.eastmoney.com/news,688076,1589829438.html",2026-07-06 17:07:15
eastmoney_guba,688076,1589833549,今天资金开始流向药和化工了，马上要看到曙光了，诺泰要起来估计也是一根大红柱,,量天尺Q,3908395965025922,2025-08-26 17:08:12,126,2,0,0,False,False,"https://guba.eastmoney.com/news,688076,1589833549.html",2026-07-06 17:07:15
eastmoney_guba,688076,1589834029,向60天线进发,,股友SJL2ut,6142315783554678,2025-08-26 17:09:23,93,0,0,0,False,False,"https://guba.eastmoney.com/news,688076,1589834029.html",2026-07-06 17:07:15
eastmoney_guba,688076,1589842302,诺泰被处罚的那几个管理层+公司，100%申请了申辩加现场听证的。你们别打客服电话,,江枫丨渔火,3125395530799198,2025-08-26 17:30:40,570,8,0,0,False,False,"https://guba.eastmoney.com/news,688076,1589842302.html",2026-07-06 17:07:15
eastmoney_guba,688076,1589853466,以为有几个粉丝，就敢明牌做主力的对手盘，简直就是不自量力。,,看涨必跌,4016094080719814,2025-08-26 18:01:46,114,1,0,0,False,False,"https://guba.eastmoney.com/news,688076,1589853466.html",2026-07-06 17:07:15
eastmoney_guba,688076,1589854447,企业可以以这些理由申请行政复议吗？,,股友A197669V05,8030376544910926,2025-08-26 18:04:48,419,6,0,0,False,False,"https://guba.eastmoney.com/news,688076,1589854447.html",2026-07-06 17:07:15
eastmoney_guba,688076,1589866511,大资金最怕什么？,,卡巴拉,2028023787975112,2025-08-26 18:40:49,218,12,0,0,False,False,"https://guba.eastmoney.com/news,688076,1589866511.html",2026-07-06 17:07:15
eastmoney_guba,688076,1589890786,社保基金还加仓了，怕什么？,,静待山花开,6803013291362740,2025-08-26 19:49:06,161,2,0,0,False,False,"https://guba.eastmoney.com/news,688076,1589890786.html",2026-07-06 17:07:15
eastmoney_guba,688076,1589894023,今天本周第二天收跌，那些不爱听大实话，还把我拉黑的人还好吗？长夜漫漫，离日出还早,,敢作敢当的陆溪白,5961117556123996,2025-08-26 19:57:59,94,0,0,0,False,False,"https://guba.eastmoney.com/news,688076,1589894023.html",2026-07-06 17:07:15
eastmoney_guba,688076,1589903401,不怕急跌，就怕阴跌，现在就是这样，哎……,,万花镜写轮眼,1399145319247286,2025-08-26 20:24:06,100,0,0,0,False,False,"https://guba.eastmoney.com/news,688076,1589903401.html",2026-07-06 17:07:15
eastmoney_guba,688076,1589906782,我每天来看看我就留了一股做纪念，等什么时候企稳再接回来，35怎么都会稳的,,梦想有多远,8349426606204228,2025-08-26 20:33:30,92,0,0,0,False,False,"https://guba.eastmoney.com/news,688076,1589906782.html",2026-07-06 17:07:15
eastmoney_guba,688076,1589928079,苍天饶过谁？造假被罚，大涨特涨？？庄家已经把资金抽出来了，以后就是跌！弄退市是最,,九二加满888,1374113052408858,2025-08-26 21:33:01,132,1,0,0,False,False,"https://guba.eastmoney.com/news,688076,1589928079.html",2026-07-06 17:07:15
eastmoney_guba,688076,1589930556,$ST诺泰(SH688076)$,,股友A197669V05,8030376544910926,2025-08-26 21:40:42,405,2,0,0,True,False,"https://guba.eastmoney.com/news,688076,1589930556.html",2026-07-06 17:07:15
eastmoney_guba,688076,1589933620,聚焦肥胖合并糖尿病患者 礼来口服新药探索体重管理新路径,,股友A197669V05,8030376544910926,2025-08-26 21:49:50,162,1,0,0,False,False,"https://guba.eastmoney.com/news,688076,1589933620.html",2026-07-06 17:07:15
eastmoney_guba,688076,1589934664,全球上市进入倒计时！礼来口服减肥药Orforglipron后期试验达到目标，该药物年销售额有望在2033年达到400亿美元,,股友A197669V05,8030376544910926,2025-08-26 21:53:15,299,1,1,0,False,False,"https://guba.eastmoney.com/news,688076,1589934664.html",2026-07-06 17:07:15
eastmoney_guba,688076,1589935089,礼来制药口服GLP-1药物Orforglipron在第三期试验中取得积极结果，将,,股友A197669V05,8030376544910926,2025-08-26 21:54:49,131,0,0,0,False,False,"https://guba.eastmoney.com/news,688076,1589935089.html",2026-07-06 17:07:15
eastmoney_guba,688076,1589935815,上半年司美格鲁肽问鼎“药王”,,股友A197669V05,8030376544910926,2025-08-26 21:57:03,271,0,1,0,False,False,"https://guba.eastmoney.com/news,688076,1589935815.html",2026-07-06 17:07:15
eastmoney_guba,688076,1589945725,减肥药巨头礼来和诺和诺德剧情反转了！！礼来制药口服GLP-1药物Orforgli,,风物长宜929,5243035143446006,2025-08-26 22:32:19,286,0,0,0,False,False,"https://guba.eastmoney.com/news,688076,1589945725.html",2026-07-06 17:07:15
eastmoney_guba,688076,1589952018,唱空的声音多一倍，伊的资金斩一半，如此循环，伊就会闭嘴了！,,独孤的百灵,7090147389391010,2025-08-26 22:59:42,224,1,0,0,False,False,"https://guba.eastmoney.com/news,688076,1589952018.html",2026-07-06 17:07:15
eastmoney_guba,688076,1589958809,礼来口服减肥药三期试验结果积极，年内提交上市申请,,请叫苏狮兄,3474306109870900,2025-08-26 23:38:11,595,1,0,0,True,False,"https://guba.eastmoney.com/news,688076,1589958809.html",2026-07-06 17:07:15
eastmoney_guba,688076,1589965105,看多就拿着，看空就卖出，那些故意唱多唱空的玩意们真闲得慌，谁还看着股吧炒股啊,,发帖字多的多是托,7743316266328082,2025-08-27 00:27:32,164,0,0,0,False,False,"https://guba.eastmoney.com/news,688076,1589965105.html",2026-07-06 17:07:15
eastmoney_guba,688076,1589970443,八月份马上结束，这波行情如此之好，万幸没跟隐士上这次药票，月初说的稀土，机器人长,,独孤燕,2128027197149058,2025-08-27 01:39:41,847,43,0,0,False,False,"https://guba.eastmoney.com/news,688076,1589970443.html",2026-07-06 17:07:06
eastmoney_guba,688076,1590011643,跟礼来是竞争关系，不是供应商合作关系！！！某隐士，不要再误导人。,,股友8H7c712225,5746177219770028,2025-08-27 09:04:20,216,7,0,0,False,False,"https://guba.eastmoney.com/news,688076,1590011643.html",2026-07-06 17:07:15
eastmoney_guba,688076,1590107032,上午还是冲，看下午能否稳位,,古越新安,4541336174369464,2025-08-27 09:55:19,52,0,0,0,False,False,"https://guba.eastmoney.com/news,688076,1590107032.html",2026-07-06 17:07:15
eastmoney_guba,688076,1590175732,St害死个人，大好时光却被浪费，希望今天能争点气向上突破,,股友922h8X6591,6699256662728486,2025-08-27 10:25:21,53,0,0,0,False,False,"https://guba.eastmoney.com/news,688076,1590175732.html",2026-07-06 17:07:15
eastmoney_guba,688076,1590205844,为什么隐士要用AI的假数据来忽悠股吧里面的人,,江枫丨渔火,3125395530799198,2025-08-27 10:39:37,684,46,0,0,False,False,"https://guba.eastmoney.com/news,688076,1590205844.html",2026-07-06 17:07:11
eastmoney_guba,688076,1590225312,任何股票，没有主力就是下跌的。炒股的人都是有时间成本的，没人拉就会跌。某些人的行,,还康得新正义,4313075457881082,2025-08-27 10:50:00,128,1,0,0,False,False,"https://guba.eastmoney.com/news,688076,1590225312.html",2026-07-06 17:07:15
eastmoney_guba,688076,1590237679,惹不起还躲不起？把你在目录里删掉，体现一把阿Q精神,,遥远的塞纳河888,9037094342652420,2025-08-27 10:57:18,55,0,0,0,False,False,"https://guba.eastmoney.com/news,688076,1590237679.html",2026-07-06 17:07:15
eastmoney_guba,688076,1590305910,万事俱备，只欠东风，只要在行业中有成本优势，就不怕没有客户，说不定什么时候就又签,,静待山花开,6803013291362740,2025-08-27 11:57:07,69,0,0,0,False,False,"https://guba.eastmoney.com/news,688076,1590305910.html",2026-07-06 17:07:15
eastmoney_guba,688076,1590307726,买股票就要当作买公司一样，不要受短期业绩波动干扰，况且公司已经有十来个大客户了，,,静待山花开,6803013291362740,2025-08-27 12:01:03,109,0,0,0,False,False,"https://guba.eastmoney.com/news,688076,1590307726.html",2026-07-06 17:07:15
eastmoney_guba,688076,1590311098,社保基金二季度还加仓170万股，难道他不知道要处罚要ST吗？我倒觉得他要在ST前,,静待山花开,6803013291362740,2025-08-27 12:09:24,103,1,0,0,False,False,"https://guba.eastmoney.com/news,688076,1590311098.html",2026-07-06 17:07:15
eastmoney_guba,688076,1590317804,诺泰持续的下跌的确是让人很难受。作为一个老韭菜的我也是很不舒服的，毕竟利润都回吐,,狙击手波波,9463013320243196,2025-08-27 12:27:37,497,2,0,0,True,False,"https://guba.eastmoney.com/news,688076,1590317804.html",2026-07-06 17:07:15
eastmoney_guba,688076,1590338596,又掉掉了，心慌怕怕,,股友922h8X6591,6699256662728486,2025-08-27 13:04:00,91,3,0,0,False,False,"https://guba.eastmoney.com/news,688076,1590338596.html",2026-07-06 17:07:15
eastmoney_guba,688076,1590346324,拿这个股平常心，股吧那些唱空唱多的都是站自己立场上，外面科技涨疯了，现在出去接盘,,发帖字多的多是托,7743316266328082,2025-08-27 13:09:09,64,0,0,0,False,False,"https://guba.eastmoney.com/news,688076,1590346324.html",2026-07-06 17:07:15
eastmoney_guba,688076,1590375654,300199翰宇药业：对表常山药业，该补9个20厘米。,,n1417989175c0070,3725094179891754,2025-08-27 13:27:19,81,0,0,0,False,False,"https://guba.eastmoney.com/news,688076,1590375654.html",2026-07-06 17:07:15
eastmoney_guba,688076,1590432260,发生了什么？一亇要上拉，一个下砸，斗争很激烈,,古越新安,4541336174369464,2025-08-27 13:58:55,123,2,0,0,False,False,"https://guba.eastmoney.com/news,688076,1590432260.html",2026-07-06 17:07:15
eastmoney_guba,688076,1590482452,又又失望的一天郁闷,,股友922h8X6591,6699256662728486,2025-08-27 14:27:43,72,0,0,0,False,False,"https://guba.eastmoney.com/news,688076,1590482452.html",2026-07-06 17:07:15
eastmoney_guba,688076,1590486948,不放量拉升过5日线真不敢补仓啊，今天进来搏反弹的祝你们好运，你好我好大家好,,STW5555,2262376395333000,2025-08-27 14:29:44,81,0,0,0,False,False,"https://guba.eastmoney.com/news,688076,1590486948.html",2026-07-06 17:07:15
eastmoney_guba,688076,1590521729,今天又套一批。,,万花镜写轮眼,1399145319247286,2025-08-27 14:47:22,184,4,0,0,False,False,"https://guba.eastmoney.com/news,688076,1590521729.html",2026-07-06 17:07:15
eastmoney_guba,688076,1590551688,被人唾弃！天天这熊样,,股友922h8X6591,6699256662728486,2025-08-27 15:01:24,70,0,0,0,False,False,"https://guba.eastmoney.com/news,688076,1590551688.html",2026-07-06 17:07:15
eastmoney_guba,688076,1590600234,大盘回补缺口很正常，给新人们一个入场机会，他们正在跑步入场，4000点可以超越！,,华远股东,3047426769600740,2025-08-27 16:12:20,107,0,0,0,False,False,"https://guba.eastmoney.com/news,688076,1590600234.html",2026-07-06 17:07:15
eastmoney_guba,688076,1590602724,8月27日创新药板块大幅回调，多肽三剑客的翰宇和圣诺跌幅超过4个点，ST诺泰收盘,,佛山隐士,5331047298658940,2025-08-27 16:17:52,896,13,1,0,False,False,"https://guba.eastmoney.com/news,688076,1590602724.html",2026-07-06 17:07:15
eastmoney_guba,688076,1590627908,ST诺泰:南京证券股份有限公司关于江苏诺泰澳赛诺生物制药股份有限公司2025年半年度持续督导跟踪报告,,ST诺泰资讯,9038395923854884,2025-08-27 17:15:22,372,6,7,0,False,False,"https://guba.eastmoney.com/news,688076,1590627908.html",2026-07-06 17:07:13
eastmoney_guba,688076,1590649126,17:57【商务部、江苏省：在大分子生物药、细胞和基因治疗、创新医疗器械等重点领,,风物长宜929,5243035143446006,2025-08-27 18:08:21,175,0,0,0,False,False,"https://guba.eastmoney.com/news,688076,1590649126.html",2026-07-06 17:07:15
eastmoney_guba,688076,1590650298,17:59【商务部、江苏省：着力突破创新药、高端医疗器械关键核心技术】财联社8月,,风物长宜929,5243035143446006,2025-08-27 18:11:35,307,1,0,0,False,False,"https://guba.eastmoney.com/news,688076,1590650298.html",2026-07-06 17:07:15
eastmoney_guba,688076,1590658602,跟你有关吗？,,股友922h8X6591,6699256662728486,2025-08-27 18:36:22,81,0,0,0,False,False,"https://guba.eastmoney.com/news,688076,1590658602.html",2026-07-06 17:07:15
eastmoney_guba,688076,1590727031,江枫隐士对持续督导报告分析，综合来看，本次督导报告的内容更偏向于“利好”。判断依,,江枫丨渔火,3125395530799198,2025-08-27 21:39:30,313,3,0,0,False,False,"https://guba.eastmoney.com/news,688076,1590727031.html",2026-07-06 17:07:15
eastmoney_guba,688076,1590729159,ST诺泰司美格鲁肽原料药产能释放时间分析,,股友A197669V05,8030376544910926,2025-08-27 21:45:03,799,10,1,0,False,False,"https://guba.eastmoney.com/news,688076,1590729159.html",2026-07-06 17:07:13
eastmoney_guba,688076,1590753650,这里有个奇怪的现象，股价越跌，维稳和按摩的就越多。,,万花镜写轮眼,1399145319247286,2025-08-27 23:09:17,171,1,0,0,False,False,"https://guba.eastmoney.com/news,688076,1590753650.html",2026-07-06 17:07:15
eastmoney_guba,688076,1590761950,批评他人可以，但至少要能够拿出比别人水平更高的东西,,孟李木子,2184105268120578,2025-08-28 00:01:11,194,1,0,0,False,False,"https://guba.eastmoney.com/news,688076,1590761950.html",2026-07-06 17:07:15
eastmoney_guba,688076,1590769454,详细解读：诺泰生物的创新药内容都有哪些？诺泰生物的创新药业务聚焦多肽药物、寡核苷,,佛山隐士,5331047298658940,2025-08-28 01:13:21,931,17,3,0,False,False,"https://guba.eastmoney.com/news,688076,1590769454.html",2026-07-06 17:07:13
eastmoney_guba,688076,1590826716,42元可以试错买入部分。,,股友RH7QI0,3152395770984070,2025-08-28 09:24:32,66,1,1,0,False,False,"https://guba.eastmoney.com/news,688076,1590826716.html",2026-07-06 17:07:15
eastmoney_guba,688076,1590845062,决定股价的是下一笔成交金额，即短线投资者决定。佛山的操作，别人以为搁那儿找接盘侠,,还康得新正义,4313075457881082,2025-08-28 09:31:46,53,0,0,0,False,False,"https://guba.eastmoney.com/news,688076,1590845062.html",2026-07-06 17:07:15
eastmoney_guba,688076,1590860840,股吧的意义,,卡巴拉,2028023787975112,2025-08-28 09:37:54,153,10,0,0,False,False,"https://guba.eastmoney.com/news,688076,1590860840.html",2026-07-06 17:07:13
eastmoney_guba,688076,1590871810,寒武纪股吧一片唱空，却屡创新高。诺泰一片唱多，却在牛市跑输行业30%，是有道理的,,还康得新正义,4313075457881082,2025-08-28 09:41:39,63,0,0,0,False,False,"https://guba.eastmoney.com/news,688076,1590871810.html",2026-07-06 17:07:15
eastmoney_guba,688076,1590880927,逃命去吧！！！,,股友33Ld396332,4396006987210858,2025-08-28 09:45:05,53,0,0,0,False,False,"https://guba.eastmoney.com/news,688076,1590880927.html",2026-07-06 17:07:15
eastmoney_guba,688076,1590882199,今天有点不一样，先跌后拉，手法变了,,古越新安,4541336174369464,2025-08-28 09:45:34,45,0,0,0,False,False,"https://guba.eastmoney.com/news,688076,1590882199.html",2026-07-06 17:07:15
eastmoney_guba,688076,1590882230,其实诺泰的问题不是ST。是得不到资金的认可，不少ST股照样涨很好！,,上海的中心,1836446835971762,2025-08-28 09:45:35,95,2,0,0,False,False,"https://guba.eastmoney.com/news,688076,1590882230.html",2026-07-06 17:07:13
eastmoney_guba,688076,1590884318,短期目标不变。继续向带帽当天36元附近迈进。。。。。。,,江枫丨渔火,3125395530799198,2025-08-28 09:46:21,52,0,0,0,False,False,"https://guba.eastmoney.com/news,688076,1590884318.html",2026-07-06 17:07:15
eastmoney_guba,688076,1590890309,就算产能100顿又怎么样，东西卖不出去。找不到大订单只会成为库存，抖音上面一个博,,江枫丨渔火,3125395530799198,2025-08-28 09:48:48,171,2,1,0,False,False,"https://guba.eastmoney.com/news,688076,1590890309.html",2026-07-06 17:07:13
eastmoney_guba,688076,1590892301,说的对,,股友922h8X6591,6699256662728486,2025-08-28 09:49:38,46,0,0,0,False,False,"https://guba.eastmoney.com/news,688076,1590892301.html",2026-07-06 17:07:15
eastmoney_guba,688076,1590894779,游资进场第一考虑因素是对手盘，佛山这么明目张胆暴露自己是对手盘的是真蠢啊,,还康得新正义,4313075457881082,2025-08-28 09:50:37,123,2,0,0,False,False,"https://guba.eastmoney.com/news,688076,1590894779.html",2026-07-06 17:07:13
eastmoney_guba,688076,1590902317,今天成交量可能会干到7，8亿左右,,古越新安,4541336174369464,2025-08-28 09:53:32,65,0,0,0,False,False,"https://guba.eastmoney.com/news,688076,1590902317.html",2026-07-06 17:07:13
eastmoney_guba,688076,1590955918,股吧最重要的功能,,卡巴拉,2028023787975112,2025-08-28 10:15:32,128,4,0,0,False,False,"https://guba.eastmoney.com/news,688076,1590955918.html",2026-07-06 17:07:13
eastmoney_guba,688076,1590960997,说实话，20倍的市盈率，36%利润增长率，百亿元小股，科创板，你们怕什么？磨的越,,上海的中心,1836446835971762,2025-08-28 10:17:53,139,2,0,0,False,False,"https://guba.eastmoney.com/news,688076,1590960997.html",2026-07-06 17:07:13
eastmoney_guba,688076,1590968732,这里的隐士和雪球的策略，无脑吹头，拼命鼓动别人接盘，自己却晒不出自己的股票。有这,,古越新安,4541336174369464,2025-08-28 10:21:14,223,8,0,0,False,False,"https://guba.eastmoney.com/news,688076,1590968732.html",2026-07-06 17:07:13
eastmoney_guba,688076,1590971916,基本上应该见底了吧，明天开启反弹之旅！！,,萤火之约,4903065278637186,2025-08-28 10:22:36,158,7,0,0,False,False,"https://guba.eastmoney.com/news,688076,1590971916.html",2026-07-06 17:07:13
eastmoney_guba,688076,1590997474,看今天能否站稳43以上,,古越新安,4541336174369464,2025-08-28 10:35:26,53,0,0,0,False,False,"https://guba.eastmoney.com/news,688076,1590997474.html",2026-07-06 17:07:13
eastmoney_guba,688076,1591022797,很少看见注明牛散，和游资大佬来股吧瞎，但他们很会赚钱，把心思用在了研究公司上,,老高盈利并不难,1944111678218282,2025-08-28 10:48:36,100,1,0,0,False,False,"https://guba.eastmoney.com/news,688076,1591022797.html",2026-07-06 17:07:13
eastmoney_guba,688076,1591045386,ST诺泰24年被立案调查，信披违规受损投资者可索赔,,知股微声,6820335832347056,2025-08-28 11:00:28,138,2,0,0,False,False,"https://guba.eastmoney.com/news,688076,1591045386.html",2026-07-06 17:07:13
eastmoney_guba,688076,1591085701,医药板块坚定跳水,,江枫丨渔火,3125395530799198,2025-08-28 11:21:40,234,4,1,0,False,False,"https://guba.eastmoney.com/news,688076,1591085701.html",2026-07-06 17:07:13
eastmoney_guba,688076,1591105107,大佬已经把这周五连阴的剧本写好了，头铁的小散还继续网里面冲，说啥好呢,,敢作敢当的陆溪白,5961117556123996,2025-08-28 11:31:53,73,0,0,0,False,False,"https://guba.eastmoney.com/news,688076,1591105107.html",2026-07-06 17:07:13
eastmoney_guba,688076,1591117639,只能说，股市研究你的对手盘比研究公司的基本面更重要。,,还康得新正义,4313075457881082,2025-08-28 11:48:06,68,0,0,0,False,False,"https://guba.eastmoney.com/news,688076,1591117639.html",2026-07-06 17:07:13
eastmoney_guba,688076,1591198663,9连阴的走法,,股友tcoluc0226,3500094558052162,2025-08-28 13:28:31,97,1,0,0,False,False,"https://guba.eastmoney.com/news,688076,1591198663.html",2026-07-06 17:07:13
eastmoney_guba,688076,1591210371,本月居然连续跌，跌15点,,股友I5t7xU,3481375639382760,2025-08-28 13:33:54,76,0,0,0,False,False,"https://guba.eastmoney.com/news,688076,1591210371.html",2026-07-06 17:07:13
eastmoney_guba,688076,1591241462,六连阴，壮哉,,LeonDady,9515365865096050,2025-08-28 13:51:34,87,1,0,0,False,False,"https://guba.eastmoney.com/news,688076,1591241462.html",2026-07-06 17:07:13
eastmoney_guba,688076,1591290056,已无力吐槽麻木啦,,股友922h8X6591,6699256662728486,2025-08-28 14:25:39,66,0,0,0,False,False,"https://guba.eastmoney.com/news,688076,1591290056.html",2026-07-06 17:07:13
eastmoney_guba,688076,1591322334,逗死了，大盘倒车接人。你也倒车接人吗,,STW5555,2262376395333000,2025-08-28 14:46:26,86,1,0,0,False,False,"https://guba.eastmoney.com/news,688076,1591322334.html",2026-07-06 17:07:13
eastmoney_guba,688076,1591337958,大盘，这不是耍lm吗？呵呵！没有点定力的都甩下去了！,,遥远的塞纳河888,9037094342652420,2025-08-28 14:55:11,83,0,0,0,False,False,"https://guba.eastmoney.com/news,688076,1591337958.html",2026-07-06 17:07:13
eastmoney_guba,688076,1591349041,排除杂音，继续加仓,,股友jykiLS,1715095161176580,2025-08-28 15:02:34,274,0,0,0,True,False,"https://guba.eastmoney.com/news,688076,1591349041.html",2026-07-06 17:07:13
eastmoney_guba,688076,1591365844,2025年上半年，全球制药行业各大跨国药企陆续发布中期财报，GLP-1减肥药、肿,,股友A197669V05,8030376544910926,2025-08-28 15:23:18,183,0,0,0,False,False,"https://guba.eastmoney.com/news,688076,1591365844.html",2026-07-06 17:07:13
eastmoney_guba,688076,1591387228,卖了一半，买了韩宇药业，不能死守了，我估计就算反弹也是韩语药业反弹的更多一些,,生财满堂的叶孤城,4717325948839376,2025-08-28 16:03:46,231,6,0,0,False,False,"https://guba.eastmoney.com/news,688076,1591387228.html",2026-07-06 17:07:13
eastmoney_guba,688076,1591390326,ST诺泰:2025年第一次临时股东会会议议资料,,ST诺泰资讯,9038395923854884,2025-08-28 16:10:54,252,1,2,0,False,False,"https://guba.eastmoney.com/news,688076,1591390326.html",2026-07-06 17:07:13
eastmoney_guba,688076,1591409242,这票是大牛，但是还不到启动时间，还得磨几个月。,,虚者心斋也,1708124776257104,2025-08-28 16:57:38,141,2,0,0,False,False,"https://guba.eastmoney.com/news,688076,1591409242.html",2026-07-06 17:07:13
eastmoney_guba,688076,1591424990,8.28诺泰点评,,萤火之约,4903065278637186,2025-08-28 17:35:47,476,6,0,0,False,False,"https://guba.eastmoney.com/news,688076,1591424990.html",2026-07-06 17:07:13
eastmoney_guba,688076,1591425764,树倒猢狲散，墙倒众人推，下跌趋势中，不言底，什么时候一阳穿三线，就是趋势改变的时,,梦想有多远,8349426606204228,2025-08-28 17:37:39,121,0,0,0,False,False,"https://guba.eastmoney.com/news,688076,1591425764.html",2026-07-06 17:07:13
eastmoney_guba,688076,1591521597,关于诺泰生物的司美格鲁肽等原料药的分析,,剑是什么样的剑,3287335915781350,2025-08-28 21:41:54,2331,24,12,0,True,False,"https://guba.eastmoney.com/news,688076,1591521597.html",2026-07-06 17:07:02
eastmoney_guba,688076,1591526164,ST诺泰目前正是多空双方相互试探、较劲的时候，让我们耐心坚持，等待一根大阳线，一,,佛山隐士,5331047298658940,2025-08-28 21:54:07,1263,28,0,0,False,False,"https://guba.eastmoney.com/news,688076,1591526164.html",2026-07-06 17:07:13
eastmoney_guba,688076,1591604846,最大的问题还是医药关税。,,万花镜写轮眼,1399145319247286,2025-08-29 08:47:06,94,2,0,0,False,False,"https://guba.eastmoney.com/news,688076,1591604846.html",2026-07-06 17:07:13
eastmoney_guba,688076,1591621574,有个规律，被骗者被警方提示的时候，都觉得自己没被骗，觉得别人是在阻碍自己发财，依,,还康得新正义,4313075457881082,2025-08-29 09:24:27,69,0,0,0,False,False,"https://guba.eastmoney.com/news,688076,1591621574.html",2026-07-06 17:07:13
eastmoney_guba,688076,1591653682,在牛市里连亏7天了，哈哈,,股友tcoluc0226,3500094558052162,2025-08-29 09:35:48,84,2,0,0,False,False,"https://guba.eastmoney.com/news,688076,1591653682.html",2026-07-06 17:07:13
eastmoney_guba,688076,1591691205,不愧ST称号，愣是在疯牛的大盘里，走出蔫熊的势头,,luotuoxzx,6756094607583200,2025-08-29 09:48:02,57,0,0,0,False,False,"https://guba.eastmoney.com/news,688076,1591691205.html",2026-07-06 17:07:13
eastmoney_guba,688076,1591695539,这波牛市因为买了你完美错过,,股友922h8X6591,6699256662728486,2025-08-29 09:49:39,50,0,0,0,False,False,"https://guba.eastmoney.com/news,688076,1591695539.html",2026-07-06 17:07:13
eastmoney_guba,688076,1591699916,因为有你完美错过这波行情,,股友922h8X6591,6699256662728486,2025-08-29 09:51:14,56,0,0,0,False,False,"https://guba.eastmoney.com/news,688076,1591699916.html",2026-07-06 17:07:13
eastmoney_guba,688076,1591701638,大盘今天要是还跳水，诺泰要大幅度下沙。,,买熟悉的,6787356122784764,2025-08-29 09:51:54,118,4,1,0,False,False,"https://guba.eastmoney.com/news,688076,1591701638.html",2026-07-06 17:07:13
eastmoney_guba,688076,1591757842,没有大资金来承接，出货，只是慢慢接，减肥药行情开始跟着大盘，慢慢往下走了，注意控,,买熟悉的,6787356122784764,2025-08-29 10:13:59,100,0,0,0,False,False,"https://guba.eastmoney.com/news,688076,1591757842.html",2026-07-06 17:07:13
eastmoney_guba,688076,1591805696,过43元，上攻！,,古越新安,4541336174369464,2025-08-29 10:36:44,61,0,0,0,False,False,"https://guba.eastmoney.com/news,688076,1591805696.html",2026-07-06 17:07:13
eastmoney_guba,688076,1591884521,没量就是白扯,,luotuoxzx,6756094607583200,2025-08-29 11:19:43,62,0,0,0,False,False,"https://guba.eastmoney.com/news,688076,1591884521.html",2026-07-06 17:07:13
eastmoney_guba,688076,1591912475,佛山带你们在8月亏15%，同期科创板至少涨了20%。一来一回差35%，的确很有水,,还康得新正义,4313075457881082,2025-08-29 11:49:11,419,28,0,0,False,False,"https://guba.eastmoney.com/news,688076,1591912475.html",2026-07-06 17:07:06
eastmoney_guba,688076,1591932639,下午两点业绩说明会，一旦异动记得清仓或者补仓各位,,STW5555,2262376395333000,2025-08-29 12:43:25,280,8,0,0,False,False,"https://guba.eastmoney.com/news,688076,1591932639.html",2026-07-06 17:07:13
eastmoney_guba,688076,1591956958,别的创新药开始涨第二波了。。,,医药不值得投资,5383084759787052,2025-08-29 13:12:13,85,0,0,0,False,False,"https://guba.eastmoney.com/news,688076,1591956958.html",2026-07-06 17:07:13
eastmoney_guba,688076,1591967938,还是偏弱，其他医药都飞上天了,,萤火之约,4903065278637186,2025-08-29 13:19:23,93,2,0,0,False,False,"https://guba.eastmoney.com/news,688076,1591967938.html",2026-07-06 17:07:13
eastmoney_guba,688076,1592030363,没几个想卖的散户了，主力差不多得了，该涨就涨吧，懂点事儿！,,luotuoxzx,6756094607583200,2025-08-29 14:02:35,133,1,0,0,False,False,"https://guba.eastmoney.com/news,688076,1592030363.html",2026-07-06 17:07:13
eastmoney_guba,688076,1592036637,我现在看。好像是被量化了，忽上忽下的。哪亇技术高手说一下,,古越新安,4541336174369464,2025-08-29 14:07:06,109,0,0,0,False,False,"https://guba.eastmoney.com/news,688076,1592036637.html",2026-07-06 17:07:13
eastmoney_guba,688076,1592040771,我提的问题都在业绩说明会上显示出来了，请大家点击加号，增加提问的人数这样他们就不,,股友A197669V05,8030376544910926,2025-08-29 14:10:02,170,1,0,0,False,False,"https://guba.eastmoney.com/news,688076,1592040771.html",2026-07-06 17:07:13
eastmoney_guba,688076,1592046403,公司多肽产能从2024年底不足1吨，快速扩张到2025年底的11.6吨，产能扩张,,股友A197669V05,8030376544910926,2025-08-29 14:13:57,345,2,0,0,False,False,"https://guba.eastmoney.com/news,688076,1592046403.html",2026-07-06 17:07:13
eastmoney_guba,688076,1592058399,绿了吧，费劲巴拉的,,晚上的清秋,3598396081954208,2025-08-29 14:22:00,104,0,0,0,False,False,"https://guba.eastmoney.com/news,688076,1592058399.html",2026-07-06 17:07:13
eastmoney_guba,688076,1592061015,这走势真让人失望。,,gugg12472625,7587094851546694,2025-08-29 14:23:41,108,0,0,0,False,False,"https://guba.eastmoney.com/news,688076,1592061015.html",2026-07-06 17:07:13
eastmoney_guba,688076,1592074599,我就担心，下午开始砸，又来了，TM,,古越新安,4541336174369464,2025-08-29 14:32:30,113,0,0,0,False,False,"https://guba.eastmoney.com/news,688076,1592074599.html",2026-07-06 17:07:13
eastmoney_guba,688076,1592088359,明显出货,,股友18265l86t2,6276306387112860,2025-08-29 14:41:44,121,0,0,0,False,False,"https://guba.eastmoney.com/news,688076,1592088359.html",2026-07-06 17:07:13
eastmoney_guba,688076,1592088438,看了那个啥投资者交流活动，发现真就是什么也没说。诺泰的董事长总裁，不愿意回答的问,,萤火之约,4903065278637186,2025-08-29 14:41:46,389,7,0,0,False,False,"https://guba.eastmoney.com/news,688076,1592088438.html",2026-07-06 17:07:13
eastmoney_guba,688076,1592115554,月底了，不得不说一句，因为你错过了大牛市,,屯老二才买A股,8960346358579732,2025-08-29 14:58:14,133,0,0,0,False,False,"https://guba.eastmoney.com/news,688076,1592115554.html",2026-07-06 17:07:13
eastmoney_guba,688076,1592127459,走的很弱势，费这么大劲就为了回填40.68的缺口吗？周线已经破位了，有资金的完全,,华南虎回来了,6488037284422090,2025-08-29 15:08:18,206,2,0,0,False,False,"https://guba.eastmoney.com/news,688076,1592127459.html",2026-07-06 17:07:13
eastmoney_guba,688076,1592137863,29日业绩交流会问答合集,,sun8880806,1831047511329030,2025-08-29 15:23:35,1012,13,2,0,False,False,"https://guba.eastmoney.com/news,688076,1592137863.html",2026-07-06 17:07:13
eastmoney_guba,688076,1592176263,诺泰生物中报业绩说明会的两大看点,,股友A197669V05,8030376544910926,2025-08-29 16:47:47,855,13,0,0,False,False,"https://guba.eastmoney.com/news,688076,1592176263.html",2026-07-06 17:07:13
eastmoney_guba,688076,1592176666,ST诺泰:江苏诺泰澳赛诺生物制药股份有限公司投资者关系活动记录表(2025-003),,ST诺泰资讯,9038395923854884,2025-08-29 16:48:36,719,3,9,0,False,False,"https://guba.eastmoney.com/news,688076,1592176666.html",2026-07-06 17:07:02
eastmoney_guba,688076,1592261934,充分发挥公司多肽产能优势和成本优势，要到2026年3月司美格鲁肽专利到期以后。在,,股友A197669V05,8030376544910926,2025-08-29 20:49:34,299,0,0,0,False,False,"https://guba.eastmoney.com/news,688076,1592261934.html",2026-07-06 17:07:13
eastmoney_guba,688076,1592265279,诺泰生物中报业绩说明会的两大看点看点一:企业具有成本优势，产品收率、合成效率和质,,股友A197669V05,8030376544910926,2025-08-29 20:59:21,615,5,1,0,False,False,"https://guba.eastmoney.com/news,688076,1592265279.html",2026-07-06 17:07:13
eastmoney_guba,688076,1592268905,14只科创板个股主力资金净流入超亿元,,百济神州资讯,3190067358082454,2025-08-29 21:09:20,5804,1,28,0,False,False,"https://guba.eastmoney.com/news,688076,1592268905.html",2026-07-06 17:07:11
eastmoney_guba,688076,1592293077,这货要去申诉的话就是-20%，怪的得跌那么惨,,这股的预期是什么,6492094712751706,2025-08-29 22:28:56,250,0,0,0,False,False,"https://guba.eastmoney.com/news,688076,1592293077.html",2026-07-06 17:07:13
eastmoney_guba,688076,1592297346,14条，回答存在侥幸心理，应该是我们认错，洗心革面做人，股价上涨一倍，啥都有了，,,屯老二才买A股,8960346358579732,2025-08-29 22:43:43,288,0,0,0,False,False,"https://guba.eastmoney.com/news,688076,1592297346.html",2026-07-06 17:07:13
eastmoney_guba,688076,1592353442,不仅一些老朋友，老粉丝关心隐士近期的持股动向，就连一些不怀好意被我拉黑的人，也在,,佛山隐士,5331047298658940,2025-08-30 09:20:10,1329,31,0,0,False,False,"https://guba.eastmoney.com/news,688076,1592353442.html",2026-07-06 17:07:11
eastmoney_guba,688076,1592377268,诺泰的8月总结和9月展望,,萤火之约,4903065278637186,2025-08-30 11:55:43,922,4,0,0,False,False,"https://guba.eastmoney.com/news,688076,1592377268.html",2026-07-06 17:07:13
eastmoney_guba,688076,1592399290,炒股各有各的炒法，不能评论别人对与错，管好自己少犯错就ok了，短期赔赚说明不了什,,老高盈利并不难,1944111678218282,2025-08-30 15:20:14,254,4,0,0,False,False,"https://guba.eastmoney.com/news,688076,1592399290.html",2026-07-06 17:07:13
eastmoney_guba,688076,1592452726,多肽减肥药：一场席卷全球的美丽革命与财富浪潮（佛山隐士原作）我们正站在一个时代的,,佛山隐士,5331047298658940,2025-08-31 00:48:50,2405,63,10,0,False,False,"https://guba.eastmoney.com/news,688076,1592452726.html",2026-07-06 17:07:04
eastmoney_guba,688076,1592487981,经历过的都知道，康得新当年也不乏佛山这类人一直唱多。更有央视，二哥背书，结果咋样,,股友195o25077c,3526047535413716,2025-08-31 11:34:05,390,4,0,0,False,False,"https://guba.eastmoney.com/news,688076,1592487981.html",2026-07-06 17:07:13
eastmoney_guba,688076,1592538696,请教一下这种因公司造假让投资者受到损失怎么处理,,燕小2523,1896094407594860,2025-08-31 19:56:22,139,1,0,0,False,False,"https://guba.eastmoney.com/news,688076,1592538696.html",2026-07-06 17:07:13
eastmoney_guba,688076,1592562099,周一看涨！,,萤火之约,4903065278637186,2025-08-31 23:15:25,211,2,0,0,False,False,"https://guba.eastmoney.com/news,688076,1592562099.html",2026-07-06 17:07:13
eastmoney_guba,688076,1592593346,信达减肥药卖疯了,,古越新安,4541336174369464,2025-09-01 08:34:48,301,2,0,0,True,False,"https://guba.eastmoney.com/news,688076,1592593346.html",2026-07-06 17:07:13
eastmoney_guba,688076,1592634535,上午砸，下午拉，今天会站稳43以上？,,古越新安,4541336174369464,2025-09-01 09:32:01,60,0,0,0,False,False,"https://guba.eastmoney.com/news,688076,1592634535.html",2026-07-06 17:07:13
eastmoney_guba,688076,1592644741,缺口不补，永不补仓！！！！,,股友JFiRTW,2816094180097482,2025-09-01 09:35:22,65,1,0,0,False,False,"https://guba.eastmoney.com/news,688076,1592644741.html",2026-07-06 17:07:13
eastmoney_guba,688076,1592725153,对头，拉升一下，小散户就交仓了。拼命下跌，人家亏损了，就死捂股了,,古越新安,4541336174369464,2025-09-01 10:07:03,62,0,0,0,False,False,"https://guba.eastmoney.com/news,688076,1592725153.html",2026-07-06 17:07:13
eastmoney_guba,688076,1592726698,今天走的还算硬气,,陈扶摇,2707385668627232,2025-09-01 10:07:46,68,2,0,0,False,False,"https://guba.eastmoney.com/news,688076,1592726698.html",2026-07-06 17:07:13
eastmoney_guba,688076,1592777089,只要买一还有就会被砸掉，看来机构依旧出逃中，,,niu146,1463013340527168,2025-09-01 10:34:02,58,0,0,0,False,False,"https://guba.eastmoney.com/news,688076,1592777089.html",2026-07-06 17:07:13
eastmoney_guba,688076,1592801110,上涨迟疑,,股友SDIPLp4274,4160085463132982,2025-09-01 10:48:11,66,1,0,0,False,False,"https://guba.eastmoney.com/news,688076,1592801110.html",2026-07-06 17:07:13
eastmoney_guba,688076,1592804680,事到如今，终于理解王健林说的那句话，我不爱钱，我喜欢的是追逐的快感，好刺激啊，炒,,屯老二才买A股,8960346358579732,2025-09-01 10:50:30,81,0,1,0,False,False,"https://guba.eastmoney.com/news,688076,1592804680.html",2026-07-06 17:07:13
eastmoney_guba,688076,1592835336,你是真的，我都不想说啥了，气晕，医药今天都飞上天了，你还在这里呆着,,萤火之约,4903065278637186,2025-09-01 11:11:12,73,0,0,0,False,False,"https://guba.eastmoney.com/news,688076,1592835336.html",2026-07-06 17:07:13
eastmoney_guba,688076,1592849004,硬气吗？真希望你争气硬起来走起来！,,股友922h8X6591,6699256662728486,2025-09-01 11:20:36,77,0,0,0,False,False,"https://guba.eastmoney.com/news,688076,1592849004.html",2026-07-06 17:07:11
eastmoney_guba,688076,1592917290,阴阳怪气的票无语,,萤火之约,4903065278637186,2025-09-01 13:13:11,91,1,0,0,False,False,"https://guba.eastmoney.com/news,688076,1592917290.html",2026-07-06 17:07:11
eastmoney_guba,688076,1592925118,st股，资金进不来，要不，今天这个概念早起飞了,,股友tcoluc0226,3500094558052162,2025-09-01 13:18:55,253,7,0,0,False,False,"https://guba.eastmoney.com/news,688076,1592925118.html",2026-07-06 17:07:11
eastmoney_guba,688076,1592967977,还有人说ST票公募和机构职能卖不能买,,江枫丨渔火,3125395530799198,2025-09-01 13:49:03,211,1,0,0,False,False,"https://guba.eastmoney.com/news,688076,1592967977.html",2026-07-06 17:07:11
eastmoney_guba,688076,1592971235,还不拉起来吗，大哥,,我滴个乖乖啊,8386094309231136,2025-09-01 13:51:28,85,0,0,0,False,False,"https://guba.eastmoney.com/news,688076,1592971235.html",2026-07-06 17:07:11
eastmoney_guba,688076,1592997958,以为9月要好点，今天情况看9月依然是大幅度跑输板块的一个月，有得熬了,,还康得新正义,4313075457881082,2025-09-01 14:11:39,89,0,0,0,False,False,"https://guba.eastmoney.com/news,688076,1592997958.html",2026-07-06 17:07:11
eastmoney_guba,688076,1593018658,无量天蹲,,luotuoxzx,6756094607583200,2025-09-01 14:26:13,77,0,0,0,False,False,"https://guba.eastmoney.com/news,688076,1593018658.html",2026-07-06 17:07:11
eastmoney_guba,688076,1593045614,真正的st股大涨的疯涨的也不是没有，为什么你还有业绩还有行业前景就是叭在坑里,,股友922h8X6591,6699256662728486,2025-09-01 14:45:11,161,2,0,0,False,False,"https://guba.eastmoney.com/news,688076,1593045614.html",2026-07-06 17:07:11
eastmoney_guba,688076,1593092439,科技巨头狂欢背后，隐藏着怎样的交易密码？,,不寐倦长更,5671087325086814,2025-09-01 15:40:41,298,0,0,0,True,False,"https://guba.eastmoney.com/news,688076,1593092439.html",2026-07-06 17:07:11
eastmoney_guba,688076,1593098508,今天诺泰仅上涨1.40%，显然走的不尽人意，在多肽三剑客中暂时最弱，但可喜的是经,,佛山隐士,5331047298658940,2025-09-01 15:56:46,1130,29,2,0,False,False,"https://guba.eastmoney.com/news,688076,1593098508.html",2026-07-06 17:07:11
eastmoney_guba,688076,1593144235,隐士不隐，这人很阴险，不是蠢就是坏,,股友l2835902H3,3184386264913326,2025-09-01 18:15:16,150,3,0,0,False,False,"https://guba.eastmoney.com/news,688076,1593144235.html",2026-07-06 17:07:11
eastmoney_guba,688076,1593156234,隐士别动嘴，赶紧拉啊,,只看最本质,7139144735501360,2025-09-01 19:02:21,114,0,0,0,False,False,"https://guba.eastmoney.com/news,688076,1593156234.html",2026-07-06 17:07:11
eastmoney_guba,688076,1593158126,抛压轻了点。。。机构基金估计没多少抛压了,,医药不值得投资,5383084759787052,2025-09-01 19:10:06,114,0,0,0,False,False,"https://guba.eastmoney.com/news,688076,1593158126.html",2026-07-06 17:07:11
eastmoney_guba,688076,1593178154,没量，没戏，拿着两年吧，明年摘帽应该没问题,,股友tcoluc0226,3500094558052162,2025-09-01 20:27:17,139,2,0,0,False,False,"https://guba.eastmoney.com/news,688076,1593178154.html",2026-07-06 17:07:11
eastmoney_guba,688076,1593201520,应该是企稳了,,十八岁女大学生,2041386070087928,2025-09-01 21:57:40,111,0,0,0,False,False,"https://guba.eastmoney.com/news,688076,1593201520.html",2026-07-06 17:07:11
eastmoney_guba,688076,1593236262,在没有摘帽之前，调整一下，股价还会下探！,,华远股东,3047426769600740,2025-09-02 04:16:44,135,0,0,0,False,False,"https://guba.eastmoney.com/news,688076,1593236262.html",2026-07-06 17:07:11
eastmoney_guba,688076,1593239842,利润蛮好，怎么变ST的？我刚进来，谢谢大家！,,股友mr02715717,8740356533000052,2025-09-02 05:37:42,225,3,0,0,False,False,"https://guba.eastmoney.com/news,688076,1593239842.html",2026-07-06 17:07:11
eastmoney_guba,688076,1593266220,排名提升这么多，为啥呢,,A369556515,1503094285725316,2025-09-02 09:07:54,92,1,0,0,False,False,"https://guba.eastmoney.com/news,688076,1593266220.html",2026-07-06 17:07:11
eastmoney_guba,688076,1593266343,这人气飙升，哪里的大V推荐了吧你们是今天放量的主力军,,STW5555,2262376395333000,2025-09-02 09:08:16,82,0,0,0,False,False,"https://guba.eastmoney.com/news,688076,1593266343.html",2026-07-06 17:07:11
eastmoney_guba,688076,1593274853,佛山隐士，说是隐士，其实一点也不隐。天天唱多，虚伪,,还康得新正义,4313075457881082,2025-09-02 09:24:06,62,0,0,0,False,False,"https://guba.eastmoney.com/news,688076,1593274853.html",2026-07-06 17:07:11
eastmoney_guba,688076,1593297759,看今天能否站上44？,,古越新安,4541336174369464,2025-09-02 09:32:50,111,4,0,0,False,False,"https://guba.eastmoney.com/news,688076,1593297759.html",2026-07-06 17:07:11
eastmoney_guba,688076,1593348975,宝宝，你这是干嘛！,,遥远的塞纳河888,9037094342652420,2025-09-02 09:49:47,53,0,0,0,False,False,"https://guba.eastmoney.com/news,688076,1593348975.html",2026-07-06 17:07:11
eastmoney_guba,688076,1593367532,佐力药业的乌灵胶囊治疗失眠抑郁焦虑类精神病，有精神病的可以买些治疗一下，总发神经,,老高盈利并不难,1944111678218282,2025-09-02 09:56:00,124,2,0,0,False,False,"https://guba.eastmoney.com/news,688076,1593367532.html",2026-07-06 17:07:11
eastmoney_guba,688076,1593381846,这是准备把进来抄底的大军埋了吗？不晓得土豪手里筹码够不够，账号够不够,,weka,4923235732188266,2025-09-02 10:01:12,62,0,0,0,False,False,"https://guba.eastmoney.com/news,688076,1593381846.html",2026-07-06 17:07:11
eastmoney_guba,688076,1593384277,又心慌慌,,股友922h8X6591,6699256662728486,2025-09-02 10:02:00,49,0,0,0,False,False,"https://guba.eastmoney.com/news,688076,1593384277.html",2026-07-06 17:07:11
eastmoney_guba,688076,1593464836,拉高出货的把戏，,,niu146,1463013340527168,2025-09-02 10:38:35,61,1,0,0,False,False,"https://guba.eastmoney.com/news,688076,1593464836.html",2026-07-06 17:07:11
eastmoney_guba,688076,1593544768,主力大哥努力拉一拉吧，我最看好你了，44.52追的，你怎么能让我失望,,梦想有多远,8349426606204228,2025-09-02 11:22:40,144,5,0,0,False,False,"https://guba.eastmoney.com/news,688076,1593544768.html",2026-07-06 17:07:11
eastmoney_guba,688076,1593550305,反弹有力,,古越新安,4541336174369464,2025-09-02 11:26:47,76,1,0,0,False,False,"https://guba.eastmoney.com/news,688076,1593550305.html",2026-07-06 17:07:11
eastmoney_guba,688076,1593680561,创新药大回调。,,万花镜写轮眼,1399145319247286,2025-09-02 13:56:51,65,0,0,0,False,False,"https://guba.eastmoney.com/news,688076,1593680561.html",2026-07-06 17:07:11
eastmoney_guba,688076,1593690855,无力感！,,股友922h8X6591,6699256662728486,2025-09-02 14:05:06,70,0,0,0,False,False,"https://guba.eastmoney.com/news,688076,1593690855.html",2026-07-06 17:07:11
eastmoney_guba,688076,1593714750,完了,,梦想有多远,8349426606204228,2025-09-02 14:23:46,68,0,0,0,False,False,"https://guba.eastmoney.com/news,688076,1593714750.html",2026-07-06 17:07:11
eastmoney_guba,688076,1593714794,隐士看涨，散户进场，冲高回落，全部被埋。妥妥地给主力喂肉，敢明牌做主力对手盘，主,,看涨必跌,4016094080719814,2025-09-02 14:23:49,128,1,0,0,False,False,"https://guba.eastmoney.com/news,688076,1593714794.html",2026-07-06 17:07:11
eastmoney_guba,688076,1593729609,诺泰真的很弱,,股友IxhCKB9844,2670094423807538,2025-09-02 14:35:11,65,0,0,0,False,False,"https://guba.eastmoney.com/news,688076,1593729609.html",2026-07-06 17:07:11
eastmoney_guba,688076,1593731948,ST诺泰年内目标价预测,,江枫丨渔火,3125395530799198,2025-09-02 14:36:55,594,7,0,0,False,False,"https://guba.eastmoney.com/news,688076,1593731948.html",2026-07-06 17:07:11
eastmoney_guba,688076,1593732151,哪些sb在这位置还不停一手两手的卖！,,坚定的起飞888,9428094500891484,2025-09-02 14:37:05,74,0,0,0,False,False,"https://guba.eastmoney.com/news,688076,1593732151.html",2026-07-06 17:07:11
eastmoney_guba,688076,1593736401,又是资金出逃的一天。。。没大户接力只有这样慢慢等机构出完了,,医药不值得投资,5383084759787052,2025-09-02 14:40:18,71,0,0,0,False,False,"https://guba.eastmoney.com/news,688076,1593736401.html",2026-07-06 17:07:11
eastmoney_guba,688076,1593768414,真心搞不懂，为啥跌跌不休，这个价位出货，主力能赚钱么，格局大点吧挂架拉上去，然后,,梦想有多远,8349426606204228,2025-09-02 15:04:29,89,0,0,0,False,False,"https://guba.eastmoney.com/news,688076,1593768414.html",2026-07-06 17:07:11
eastmoney_guba,688076,1593772797,这个股，现在就靠几个钉子户在撑，散户现在就是主力。,,其介如石,3770075137536602,2025-09-02 15:10:01,69,0,0,0,False,False,"https://guba.eastmoney.com/news,688076,1593772797.html",2026-07-06 17:07:11
eastmoney_guba,688076,1593784954,隐士老湿，又完成上面安排的套人任务了吧,,只看最本质,7139144735501360,2025-09-02 15:31:40,156,4,0,0,False,False,"https://guba.eastmoney.com/news,688076,1593784954.html",2026-07-06 17:07:11
eastmoney_guba,688076,1593797949,可以做T，但仓位不降。坚定持有，静待花开,,股友jykiLS,1715095161176580,2025-09-02 16:06:47,373,5,0,0,True,False,"https://guba.eastmoney.com/news,688076,1593797949.html",2026-07-06 17:07:09
eastmoney_guba,688076,1593798618,早上涨势那么好，我还加仓了。想不到哪,,十八岁女大学生,2041386070087928,2025-09-02 16:08:41,168,3,1,0,False,False,"https://guba.eastmoney.com/news,688076,1593798618.html",2026-07-06 17:07:11
eastmoney_guba,688076,1593801748,9月2日四大指数全部大跌，双创指数跌超2个点，在如此恶劣的环境下，诺泰收盘仅跌0,,佛山隐士,5331047298658940,2025-09-02 16:18:26,1151,30,1,0,False,False,"https://guba.eastmoney.com/news,688076,1593801748.html",2026-07-06 17:07:11
eastmoney_guba,688076,1593861430,博济医药与诺泰生物合作进入随访阶段的产品为：司美格鲁肽注射液（化药2类），适应症,,股友A197669V05,8030376544910926,2025-09-02 19:48:49,316,3,0,0,False,False,"https://guba.eastmoney.com/news,688076,1593861430.html",2026-07-06 17:07:11
eastmoney_guba,688076,1593862291,博济医药与诺泰生物合作进入随访阶段的产品为：司美格鲁肽注射液（化药2类），适应症,,股友A197669V05,8030376544910926,2025-09-02 19:52:18,296,2,0,0,False,False,"https://guba.eastmoney.com/news,688076,1593862291.html",2026-07-06 17:07:11
eastmoney_guba,688076,1593878709,也太低调了，换做是翰宇，公司早就宣扬满天知了……拿稳了，后市可期博济医药与诺泰生,,听海的枫,9501094056680964,2025-09-02 20:50:41,724,6,0,0,False,False,"https://guba.eastmoney.com/news,688076,1593878709.html",2026-07-06 17:07:11
eastmoney_guba,688076,1593881959,国内原料药司美格鲁肽的龙头公司，推出自己的司美格鲁肽降糖减肥药，低于其他原药公司,,听海的枫,9501094056680964,2025-09-02 21:02:27,631,13,0,0,False,False,"https://guba.eastmoney.com/news,688076,1593881959.html",2026-07-06 17:07:11
eastmoney_guba,688076,1593896503,博济医药与诺泰生物合作进入随访阶段的产品为司美格鲁肽注射液（化药2类），适应症为,,管住手等机会,1654395875984718,2025-09-02 21:53:41,402,1,0,0,False,False,"https://guba.eastmoney.com/news,688076,1593896503.html",2026-07-06 17:07:11
eastmoney_guba,688076,1593896718,跌了亏钱，必须看涨,,管住手等机会,1654395875984718,2025-09-02 21:54:24,93,0,0,0,False,False,"https://guba.eastmoney.com/news,688076,1593896718.html",2026-07-06 17:07:11
eastmoney_guba,688076,1593908407,惊爆！司美格鲁肽进入心血管赛道，使心血管死亡风险降低29%,,听海的枫,9501094056680964,2025-09-02 22:41:10,425,2,0,0,False,False,"https://guba.eastmoney.com/news,688076,1593908407.html",2026-07-06 17:07:11
eastmoney_guba,688076,1593910179,2025年8月27日，博济医药在投资者电话交流会上明确表示，司美格鲁肽注射液的两,,佛山隐士,5331047298658940,2025-09-02 22:50:05,1225,10,1,0,False,False,"https://guba.eastmoney.com/news,688076,1593910179.html",2026-07-06 17:07:04
eastmoney_guba,688076,1593923975,跟着佛山隐士的一群无脑粉，让隐士忽悠卖了，还一天老师长老师短的替人家数钱呢！从来,,独孤燕,2128027197149058,2025-09-03 00:19:53,539,12,1,0,False,False,"https://guba.eastmoney.com/news,688076,1593923975.html",2026-07-06 17:07:09
eastmoney_guba,688076,1594037754,……,,坚定的起飞888,9428094500891484,2025-09-03 09:46:04,44,0,0,0,False,False,"https://guba.eastmoney.com/news,688076,1594037754.html",2026-07-06 17:07:11
eastmoney_guba,688076,1594038795,先砸后拉,,古越新安,4541336174369464,2025-09-03 09:46:28,51,0,0,0,False,False,"https://guba.eastmoney.com/news,688076,1594038795.html",2026-07-06 17:07:11
eastmoney_guba,688076,1594060544,但愿如此,,股友922h8X6591,6699256662728486,2025-09-03 09:54:36,49,0,0,0,False,False,"https://guba.eastmoney.com/news,688076,1594060544.html",2026-07-06 17:07:11
eastmoney_guba,688076,1594116866,[图片],,股友A197669V05,8030376544910926,2025-09-03 10:17:13,561,4,0,0,True,False,"https://guba.eastmoney.com/news,688076,1594116866.html",2026-07-06 17:07:11
eastmoney_guba,688076,1594131020,玩这个别看盘，放着就行,,发帖字多的多是托,7743316266328082,2025-09-03 10:24:12,48,0,0,0,False,False,"https://guba.eastmoney.com/news,688076,1594131020.html",2026-07-06 17:07:11
eastmoney_guba,688076,1594195312,Ⅲ期临床试验启动：2024年11月，诺泰生物与博济医药共同组织的司美格鲁肽注射液,,老高盈利并不难,1944111678218282,2025-09-03 10:51:37,658,5,2,0,False,False,"https://guba.eastmoney.com/news,688076,1594195312.html",2026-07-06 17:07:11
eastmoney_guba,688076,1594199614,诺泰生物计划在2025年9月5-6日成都多肽与减重药物开发者峰会,,股友5C388e0080,1407024990732070,2025-09-03 10:53:47,266,2,0,0,False,False,"https://guba.eastmoney.com/news,688076,1594199614.html",2026-07-06 17:07:11
eastmoney_guba,688076,1594255907,此股业绩好却不涨的原因是没有强庄,,红茶11114695,2674094316599126,2025-09-03 11:25:32,85,1,0,0,False,False,"https://guba.eastmoney.com/news,688076,1594255907.html",2026-07-06 17:07:11
eastmoney_guba,688076,1594264468,看了心凉凉心慌慌,,股友922h8X6591,6699256662728486,2025-09-03 11:30:34,63,0,0,0,False,False,"https://guba.eastmoney.com/news,688076,1594264468.html",2026-07-06 17:07:11
eastmoney_guba,688076,1594270158,多肽与减重药物开发者峰会，2025年9月5日-9月6日在成都举行，关注GLP研发,,萤火之约,4903065278637186,2025-09-03 11:36:11,864,4,1,0,True,False,"https://guba.eastmoney.com/news,688076,1594270158.html",2026-07-06 17:07:11
eastmoney_guba,688076,1594292276,主要是正式处罚没出，主力也不敢玩，处罚出来了主力才敢买。,,万花镜写轮眼,1399145319247286,2025-09-03 12:21:14,334,8,0,0,False,False,"https://guba.eastmoney.com/news,688076,1594292276.html",2026-07-06 17:07:11
eastmoney_guba,688076,1594344664,稳住阵脚了！就看何时反攻！,,遥远的塞纳河888,9037094342652420,2025-09-03 13:27:01,101,2,0,0,False,False,"https://guba.eastmoney.com/news,688076,1594344664.html",2026-07-06 17:07:11
eastmoney_guba,688076,1594502354,能反攻？天天这熊样已麻木了,,股友922h8X6591,6699256662728486,2025-09-03 15:00:49,63,0,0,0,False,False,"https://guba.eastmoney.com/news,688076,1594502354.html",2026-07-06 17:07:11
eastmoney_guba,688076,1594521632,缩量缩的太厉害了，往下走，基本上没人卖。,,古越新安,4541336174369464,2025-09-03 15:20:53,81,0,0,0,False,False,"https://guba.eastmoney.com/news,688076,1594521632.html",2026-07-06 17:07:11
eastmoney_guba,688076,1594539207,终于市场迎来了自我修正，今日芯片、机器人、稳定币等板块大跌，而创新药板块涨跌互见,,佛山隐士,5331047298658940,2025-09-03 15:54:01,1742,34,0,0,False,False,"https://guba.eastmoney.com/news,688076,1594539207.html",2026-07-06 17:07:09
eastmoney_guba,688076,1594595917,真想不明白，这股又不是业绩不好，为什么还要财务造假,,红茶11114695,2674094316599126,2025-09-03 18:53:43,125,1,0,0,False,False,"https://guba.eastmoney.com/news,688076,1594595917.html",2026-07-06 17:07:11
eastmoney_guba,688076,1594645054,未来有没有可能成为行业翘楚,,亨通888,1463013691001356,2025-09-03 22:15:26,413,1,18,0,False,False,"https://guba.eastmoney.com/news,688076,1594645054.html",2026-07-06 17:07:11
eastmoney_guba,688076,1594652798,乐创技术（430425）进入特斯拉Optimus原型机供应链！一、人形机器人概念,,豪迈奔放的车寄琴,2924037539726838,2025-09-03 22:52:34,910,0,0,0,False,False,"https://guba.eastmoney.com/news,688076,1594652798.html",2026-07-06 17:07:11
eastmoney_guba,688076,1594732572,自食恶果害人害己，希望新的管理层遵纪守法开拓创新尽快走出目前的困境,,股友922h8X6591,6699256662728486,2025-09-04 09:31:32,53,0,0,0,False,False,"https://guba.eastmoney.com/news,688076,1594732572.html",2026-07-06 17:07:11
eastmoney_guba,688076,1594785046,成交量杀出来了,,古越新安,4541336174369464,2025-09-04 09:51:29,51,0,0,0,False,False,"https://guba.eastmoney.com/news,688076,1594785046.html",2026-07-06 17:07:11
eastmoney_guba,688076,1594813831,今天3000多家上涨，不知道有些人是不是说比较抗跌…，别分析了，都是错的,,晚上的清秋,3598396081954208,2025-09-04 10:03:47,54,0,0,0,False,False,"https://guba.eastmoney.com/news,688076,1594813831.html",2026-07-06 17:07:11
eastmoney_guba,688076,1594890205,今天很担心，会不会破42？,,古越新安,4541336174369464,2025-09-04 10:41:59,58,0,0,0,False,False,"https://guba.eastmoney.com/news,688076,1594890205.html",2026-07-06 17:07:11
eastmoney_guba,688076,1594918884,既然隐士及一众粉丝看好诺泰，耗在诺泰，和主力比耐心，那就再向下一个台阶再横盘3个,,看涨必跌,4016094080719814,2025-09-04 10:57:29,187,5,0,0,False,False,"https://guba.eastmoney.com/news,688076,1594918884.html",2026-07-06 17:07:11
eastmoney_guba,688076,1594990519,像佛山隐士说白了就是一个半瓶水，人家机器人AI稀土算力几波都已经赚完了，,,独孤燕,2128027197149058,2025-09-04 12:20:43,324,4,0,0,False,False,"https://guba.eastmoney.com/news,688076,1594990519.html",2026-07-06 17:07:11
eastmoney_guba,688076,1595000340,感觉还要下一个阶段,,咋又大跌啊,3322037090460608,2025-09-04 12:52:44,71,0,0,0,False,False,"https://guba.eastmoney.com/news,688076,1595000340.html",2026-07-06 17:07:11
eastmoney_guba,688076,1595024462,隐士老湿，60日会破吗？,,只看最本质,7139144735501360,2025-09-04 13:15:42,127,3,0,0,False,False,"https://guba.eastmoney.com/news,688076,1595024462.html",2026-07-06 17:07:11
eastmoney_guba,688076,1595093074,八月跌了一个月，九月继续跌吧,,股友I5t7xU,3481375639382760,2025-09-04 14:05:06,67,0,0,0,False,False,"https://guba.eastmoney.com/news,688076,1595093074.html",2026-07-06 17:07:11
eastmoney_guba,688076,1595097159,真的破42元，庄家狠,,古越新安,4541336174369464,2025-09-04 14:08:00,71,0,0,0,False,False,"https://guba.eastmoney.com/news,688076,1595097159.html",2026-07-06 17:07:11
eastmoney_guba,688076,1595111184,有人唱多的票不要进,,还康得新正义,4313075457881082,2025-09-04 14:16:10,92,1,0,0,False,False,"https://guba.eastmoney.com/news,688076,1595111184.html",2026-07-06 17:07:11
eastmoney_guba,688076,1595163747,隐士老师不错！,,卡巴拉,2028023787975112,2025-09-04 14:44:24,239,11,0,0,False,False,"https://guba.eastmoney.com/news,688076,1595163747.html",2026-07-06 17:07:09
eastmoney_guba,688076,1595205242,隐士还是用功收了一些信息，但这远远不够，他对盘面的理解，对主力心理市场心理毫无所,,股友l2835902H3,3184386264913326,2025-09-04 15:28:46,106,0,0,0,False,False,"https://guba.eastmoney.com/news,688076,1595205242.html",2026-07-06 17:07:11
eastmoney_guba,688076,1595207643,隐士呢？出来分析分析！,,股友peUjj6,5855024806540832,2025-09-04 15:33:26,147,3,0,0,False,False,"https://guba.eastmoney.com/news,688076,1595207643.html",2026-07-06 17:07:09
eastmoney_guba,688076,1595215943,等着吧，明天反弹一点你们要的隐士就出来了,,江枫丨渔火,3125395530799198,2025-09-04 15:53:40,192,1,0,0,False,False,"https://guba.eastmoney.com/news,688076,1595215943.html",2026-07-06 17:07:09
eastmoney_guba,688076,1595219449,ST诺泰：将于2025年09月05日召开2025年第一次临时股东大会,,ST诺泰资讯,9038395923854884,2025-09-04 16:02:41,809,1,1,0,False,False,"https://guba.eastmoney.com/news,688076,1595219449.html",2026-07-06 17:07:09
eastmoney_guba,688076,1595219454,别被傻多带偏，也不能被坏空带偏,,股友l2835902H3,3184386264913326,2025-09-04 16:02:41,88,0,0,0,False,False,"https://guba.eastmoney.com/news,688076,1595219454.html",2026-07-06 17:07:09
eastmoney_guba,688076,1595264011,@佛山隐士@江疯渔火@独孤雁你们都别BB了，我已经割肉了，谁对谁错又有何妨，,,管住手等机会,1654395875984718,2025-09-04 18:29:53,214,4,1,0,False,False,"https://guba.eastmoney.com/news,688076,1595264011.html",2026-07-06 17:07:09
eastmoney_guba,688076,1595279576,诺泰明天涨停！,,卡巴拉,2028023787975112,2025-09-04 19:37:34,309,4,1,0,False,False,"https://guba.eastmoney.com/news,688076,1595279576.html",2026-07-06 17:07:09
eastmoney_guba,688076,1595297009,好像还有利润呀，嘴巴积点德吧！,,股友gmRY6v,8028356001508222,2025-09-04 20:51:36,99,0,0,0,False,False,"https://guba.eastmoney.com/news,688076,1595297009.html",2026-07-06 17:07:09
eastmoney_guba,688076,1595313533,今日又发现诺泰的一个雷点,,江枫丨渔火,3125395530799198,2025-09-04 21:57:09,426,3,0,0,False,False,"https://guba.eastmoney.com/news,688076,1595313533.html",2026-07-06 17:07:09
eastmoney_guba,688076,1595329968,真是不得不说一下了，否则更困惑诺泰股友。最近几天吧中突然多了个独孤燕，看头像是美,,佛山隐士,5331047298658940,2025-09-04 23:21:47,2166,65,1,0,False,False,"https://guba.eastmoney.com/news,688076,1595329968.html",2026-07-06 17:07:00
eastmoney_guba,688076,1595335993,10元以下等你,,萨克马爱迪克,9948027252537598,2025-09-05 00:15:28,156,0,0,0,False,False,"https://guba.eastmoney.com/news,688076,1595335993.html",2026-07-06 17:07:09
eastmoney_guba,688076,1595431459,杀的嘎嘎叫，但是估计量还是不大，剩下的都是硬夹头了。,,古越新安,4541336174369464,2025-09-05 09:40:53,47,0,0,0,False,False,"https://guba.eastmoney.com/news,688076,1595431459.html",2026-07-06 17:07:09
eastmoney_guba,688076,1595436008,恭喜隐士老湿的诺泰大涨,,陈滔滔nb,1336094375412784,2025-09-05 09:42:34,53,0,0,0,False,False,"https://guba.eastmoney.com/news,688076,1595436008.html",2026-07-06 17:07:09
eastmoney_guba,688076,1595439594,不会破41吧,,古越新安,4541336174369464,2025-09-05 09:43:55,44,0,0,0,False,False,"https://guba.eastmoney.com/news,688076,1595439594.html",2026-07-06 17:07:09
eastmoney_guba,688076,1595446510,听说隐士水平很高！,,卡巴拉,2028023787975112,2025-09-05 09:46:30,91,4,0,0,False,False,"https://guba.eastmoney.com/news,688076,1595446510.html",2026-07-06 17:07:09
eastmoney_guba,688076,1595456130,隐什么时候清仓不叫了，我们就什么时候进，哈哈,,金蟾聚,3202395863936896,2025-09-05 09:50:20,72,3,0,0,False,False,"https://guba.eastmoney.com/news,688076,1595456130.html",2026-07-06 17:07:09
eastmoney_guba,688076,1595465931,这个位置了，持有的散户没有必要割肉了。,,股友2K53K79560,4882047187217266,2025-09-05 09:54:24,79,3,0,0,False,False,"https://guba.eastmoney.com/news,688076,1595465931.html",2026-07-06 17:07:09
eastmoney_guba,688076,1595474296,诺泰今天涨停！,,卡巴拉,2028023787975112,2025-09-05 09:58:19,49,1,0,0,False,False,"https://guba.eastmoney.com/news,688076,1595474296.html",2026-07-06 17:07:09
eastmoney_guba,688076,1595476902,事实证明st影响很大,,淡定的池光耀1,3566036947369622,2025-09-05 09:59:33,80,1,0,0,False,False,"https://guba.eastmoney.com/news,688076,1595476902.html",2026-07-06 17:07:09
eastmoney_guba,688076,1595481174,下午估计是往上拉回去,,古越新安,4541336174369464,2025-09-05 10:01:37,38,0,0,0,False,False,"https://guba.eastmoney.com/news,688076,1595481174.html",2026-07-06 17:07:09
eastmoney_guba,688076,1595484550,拿住了，诺泰要涨到300块！,,卡巴拉,2028023787975112,2025-09-05 10:03:18,56,0,0,0,False,False,"https://guba.eastmoney.com/news,688076,1595484550.html",2026-07-06 17:07:09
eastmoney_guba,688076,1595486639,大家不要卖！支持隐士！股价超越茅台！,,卡巴拉,2028023787975112,2025-09-05 10:04:18,50,1,0,0,False,False,"https://guba.eastmoney.com/news,688076,1595486639.html",2026-07-06 17:07:09
eastmoney_guba,688076,1595487095,垃圾，大牛市在你身上了亏了20多点,,坚定的起飞888,9428094500891484,2025-09-05 10:04:32,40,0,0,0,False,False,"https://guba.eastmoney.com/news,688076,1595487095.html",2026-07-06 17:07:09
eastmoney_guba,688076,1595490671,大家把存款拿出来买泰诺！,,卡巴拉,2028023787975112,2025-09-05 10:06:14,38,0,0,0,False,False,"https://guba.eastmoney.com/news,688076,1595490671.html",2026-07-06 17:07:09
eastmoney_guba,688076,1595491478,抓紧啊，不能让隐士一个人发财！,,卡巴拉,2028023787975112,2025-09-05 10:06:38,75,2,0,0,False,False,"https://guba.eastmoney.com/news,688076,1595491478.html",2026-07-06 17:07:06
eastmoney_guba,688076,1595492559,大家网络投票反对呀，鸟股！,,盆满锅不满,7202306313611568,2025-09-05 10:07:08,51,1,0,0,False,False,"https://guba.eastmoney.com/news,688076,1595492559.html",2026-07-06 17:07:09
eastmoney_guba,688076,1595499976,天上掉馅饼了！抓紧买啊！跟着隐士老师一起发财！,,卡巴拉,2028023787975112,2025-09-05 10:10:50,117,5,0,0,False,False,"https://guba.eastmoney.com/news,688076,1595499976.html",2026-07-06 17:07:06
eastmoney_guba,688076,1595503921,隐士就是巴菲特，大家支持他！该转账的转账！抓紧买，赶紧买！,,卡巴拉,2028023787975112,2025-09-05 10:12:55,74,3,0,0,False,False,"https://guba.eastmoney.com/news,688076,1595503921.html",2026-07-06 17:07:09
eastmoney_guba,688076,1595533450,大家有没有发现这个股的t是真的难做，一卖绝对爆拉,,还康得新正义,4313075457881082,2025-09-05 10:29:43,141,0,0,0,True,False,"https://guba.eastmoney.com/news,688076,1595533450.html",2026-07-06 17:07:09
eastmoney_guba,688076,1595558797,佛山隐士现在是牛市吹了一个多月，骑虎难下，只能硬着头皮拿粉赌，至于他说的他还重仓,,独孤燕,2128027197149058,2025-09-05 10:44:56,352,13,1,0,False,False,"https://guba.eastmoney.com/news,688076,1595558797.html",2026-07-06 17:07:06
eastmoney_guba,688076,1595561528,不排除礼来有可能收购诺泰！,,卡巴拉,2028023787975112,2025-09-05 10:46:33,95,3,0,0,False,False,"https://guba.eastmoney.com/news,688076,1595561528.html",2026-07-06 17:07:09
eastmoney_guba,688076,1595565633,等待,,大发牛,1478575247851680,2025-09-05 10:48:51,58,0,0,0,False,False,"https://guba.eastmoney.com/news,688076,1595565633.html",2026-07-06 17:07:09
eastmoney_guba,688076,1595582842,大家来一起唱多！股价自然就上去了！,,卡巴拉,2028023787975112,2025-09-05 10:59:00,106,4,0,0,False,False,"https://guba.eastmoney.com/news,688076,1595582842.html",2026-07-06 17:07:09
eastmoney_guba,688076,1595585626,下个交易日破40可以买,,大发牛,1478575247851680,2025-09-05 11:00:37,52,0,0,0,False,False,"https://guba.eastmoney.com/news,688076,1595585626.html",2026-07-06 17:07:09
eastmoney_guba,688076,1595588410,买完，就没红过，绝对垃圾！,,股友X51623520W,9144046909573236,2025-09-05 11:02:21,69,2,0,0,False,False,"https://guba.eastmoney.com/news,688076,1595588410.html",2026-07-06 17:07:09
eastmoney_guba,688076,1595598150,血的教训，理解透彻少走很多弯路,,梦想有多远,8349426606204228,2025-09-05 11:08:50,108,0,0,0,False,False,"https://guba.eastmoney.com/news,688076,1595598150.html",2026-07-06 17:07:09
eastmoney_guba,688076,1595598969,大盘大涨他跌大盘大跌他还是跌然后就说大盘大跌他只跌一点好股真服了大跌大家都跑了现,,信用推广,1829336339500868,2025-09-05 11:09:23,68,0,0,0,False,False,"https://guba.eastmoney.com/news,688076,1595598969.html",2026-07-06 17:07:09
eastmoney_guba,688076,1595599735,主力在打压吸筹阶段，等3个月后进来。,,股友k210F85290,4697047054688334,2025-09-05 11:09:56,60,0,0,0,False,False,"https://guba.eastmoney.com/news,688076,1595599735.html",2026-07-06 17:07:09
eastmoney_guba,688076,1595603140,你难道不是CRO板块的？,,股友5u17386U08,1052416826088336,2025-09-05 11:12:12,65,0,0,0,False,False,"https://guba.eastmoney.com/news,688076,1595603140.html",2026-07-06 17:07:09
eastmoney_guba,688076,1595605555,等回落到40左右再看,,扬尘220,9605025022548662,2025-09-05 11:13:49,76,1,0,0,False,False,"https://guba.eastmoney.com/news,688076,1595605555.html",2026-07-06 17:07:09
eastmoney_guba,688076,1595607127,今天至少流出5000万，破40,,悠然自得老秦人,1242013197007768,2025-09-05 11:14:53,73,0,0,0,False,False,"https://guba.eastmoney.com/news,688076,1595607127.html",2026-07-06 17:07:09
eastmoney_guba,688076,1595618773,真的会退市吗？,,股友gimltT,3204315520405596,2025-09-05 11:23:12,109,1,0,0,False,False,"https://guba.eastmoney.com/news,688076,1595618773.html",2026-07-06 17:07:09
eastmoney_guba,688076,1595621931,问题股不涨是有原因的,,顺其自然AH,3505035033272542,2025-09-05 11:25:35,111,1,0,0,False,False,"https://guba.eastmoney.com/news,688076,1595621931.html",2026-07-06 17:07:06
eastmoney_guba,688076,1595626386,主力对隐士之流破坏操盘节奏的行为非常生气，决定把股价打到35左右再横盘,,敢作敢当的陆溪白,5961117556123996,2025-09-05 11:29:01,233,8,0,0,False,False,"https://guba.eastmoney.com/news,688076,1595626386.html",2026-07-06 17:07:09
eastmoney_guba,688076,1595630964,真啊，完美错过牛市还遭一顿打,,股友32125Mr783,5728087180680568,2025-09-05 11:34:01,75,0,0,0,False,False,"https://guba.eastmoney.com/news,688076,1595630964.html",2026-07-06 17:07:09
eastmoney_guba,688076,1595633470,这票必破年线。是个好票，可是根本没有资金进入，等处罚结果和三季报出来再说吧。哎，,,其介如石,3770075137536602,2025-09-05 11:37:50,93,0,0,0,False,False,"https://guba.eastmoney.com/news,688076,1595633470.html",2026-07-06 17:07:09
eastmoney_guba,688076,1595636791,明年摘掉ST是确定性的事件，由于ST导致机构出清，后续肯定会抢筹，现在埋伏，胜率,,豪放不羁的皮卡丘,4980355748203668,2025-09-05 11:44:03,161,2,0,0,False,False,"https://guba.eastmoney.com/news,688076,1595636791.html",2026-07-06 17:07:09
eastmoney_guba,688076,1595636800,大单就在卖2、卖3、卖4挂着，看他长吧，马上就有砸，说他不长吧，低处就有接单，你,,股友0516502a3i,8453097532827004,2025-09-05 11:44:03,105,0,0,0,False,False,"https://guba.eastmoney.com/news,688076,1595636800.html",2026-07-06 17:07:09
eastmoney_guba,688076,1595641433,太搞心态了，这个股,,股友tcoluc0226,3500094558052162,2025-09-05 11:54:33,78,0,0,0,False,False,"https://guba.eastmoney.com/news,688076,1595641433.html",2026-07-06 17:07:09
eastmoney_guba,688076,1595647855,估计要跌到37左右了？,,最多只买五层仓,5873067146183416,2025-09-05 12:14:38,79,0,0,0,False,False,"https://guba.eastmoney.com/news,688076,1595647855.html",2026-07-06 17:07:09
eastmoney_guba,688076,1595648558,买入等你摘帽时，就当去银行储蓄了，总不至于低于银行的利息吧！,,牛股模型,6141085380445798,2025-09-05 12:16:59,90,0,0,0,False,False,"https://guba.eastmoney.com/news,688076,1595648558.html",2026-07-06 17:07:09
eastmoney_guba,688076,1595659040,不是，你是要真回40了吧，我都要没耐心陪你耗了………,,萤火之约,4903065278637186,2025-09-05 12:57:01,112,1,0,0,False,False,"https://guba.eastmoney.com/news,688076,1595659040.html",2026-07-06 17:07:09
eastmoney_guba,688076,1595672522,看来怎么都不能拯救你啦,,股友922h8X6591,6699256662728486,2025-09-05 13:07:52,91,0,0,0,False,False,"https://guba.eastmoney.com/news,688076,1595672522.html",2026-07-06 17:07:09
eastmoney_guba,688076,1595689663,大神太多了，没有一个像样的反弹。,,森林158155,7736074576143618,2025-09-05 13:20:24,89,0,0,0,False,False,"https://guba.eastmoney.com/news,688076,1595689663.html",2026-07-06 17:07:09
eastmoney_guba,688076,1595695443,全是套牢盘。。。。没有大事件或者大资金就只能一直阴跌了,,医药不值得投资,5383084759787052,2025-09-05 13:24:37,100,0,0,0,False,False,"https://guba.eastmoney.com/news,688076,1595695443.html",2026-07-06 17:07:09
eastmoney_guba,688076,1595696992,ST帽子后，被机构贱卖，主力出逃超2亿！,,华远股东,3047426769600740,2025-09-05 13:25:46,122,1,0,0,False,False,"https://guba.eastmoney.com/news,688076,1595696992.html",2026-07-06 17:07:09
eastmoney_guba,688076,1595701424,补缺完毕！！,,管住手机会永远有,1505346236358364,2025-09-05 13:29:09,133,2,0,0,False,False,"https://guba.eastmoney.com/news,688076,1595701424.html",2026-07-06 17:07:09
eastmoney_guba,688076,1595706560,缺口填了，把握机会,,华南虎回来了,6488037284422090,2025-09-05 13:33:04,126,1,0,0,False,False,"https://guba.eastmoney.com/news,688076,1595706560.html",2026-07-06 17:07:09
eastmoney_guba,688076,1595715891,人心中的成见是一座大山，有了前科，只要不摘帽，估值永远比同行业低一些，希望到最后,,币锭拿下,6046346014730666,2025-09-05 13:40:17,127,0,0,0,False,False,"https://guba.eastmoney.com/news,688076,1595715891.html",2026-07-06 17:07:09
eastmoney_guba,688076,1595720622,托一下，砸一下，出货一下,,悠然自得老秦人,1242013197007768,2025-09-05 13:43:40,118,0,0,0,False,False,"https://guba.eastmoney.com/news,688076,1595720622.html",2026-07-06 17:07:09
eastmoney_guba,688076,1595721354,前几天喊着抗跌抗跌，底部已现。这几天，不知道又要说什么了，这分析的太扯蛋了,,晚上的清秋,3598396081954208,2025-09-05 13:44:11,238,5,0,0,False,False,"https://guba.eastmoney.com/news,688076,1595721354.html",2026-07-06 17:07:09
eastmoney_guba,688076,1595745546,可以抄底了，动手,,悠然自得老秦人,1242013197007768,2025-09-05 14:00:54,122,0,0,0,False,False,"https://guba.eastmoney.com/news,688076,1595745546.html",2026-07-06 17:07:09
eastmoney_guba,688076,1595747489,这个票已无可救药，都是套牢盘，出不完的货，还有半小时开股东大会，有去现场的把那帮,,傲气的佛觅儿,5598486666742320,2025-09-05 14:02:11,161,1,0,0,False,False,"https://guba.eastmoney.com/news,688076,1595747489.html",2026-07-06 17:07:09
eastmoney_guba,688076,1595750513,这票要跌到什么时候啊？一个多月一次反弹都没有，散户们也都走的差不多了吧,,日进满堂de千仞雪,7656396467936408,2025-09-05 14:04:08,198,5,0,0,False,False,"https://guba.eastmoney.com/news,688076,1595750513.html",2026-07-06 17:07:06
eastmoney_guba,688076,1595752951,怎么会这样，难道又查出问题了？,,股友mM68oB,1159054932808956,2025-09-05 14:05:39,116,0,0,0,False,False,"https://guba.eastmoney.com/news,688076,1595752951.html",2026-07-06 17:07:09
eastmoney_guba,688076,1595769013,完美错过牛市，只跟跌，不跟涨。,,股友A197669V05,8030376544910926,2025-09-05 14:15:17,127,1,0,0,False,False,"https://guba.eastmoney.com/news,688076,1595769013.html",2026-07-06 17:07:09
eastmoney_guba,688076,1595769209,诺泰什么时候止跌,,卡巴拉,2028023787975112,2025-09-05 14:15:24,384,16,0,0,False,False,"https://guba.eastmoney.com/news,688076,1595769209.html",2026-07-06 17:07:06
eastmoney_guba,688076,1595770645,砸盘的主，今天晚上必遭车或（让他半死不活的那种）,,遥远的塞纳河888,9037094342652420,2025-09-05 14:16:18,224,16,0,0,False,False,"https://guba.eastmoney.com/news,688076,1595770645.html",2026-07-06 17:07:06
eastmoney_guba,688076,1595782268,之前就说过炒股不要看股吧，要有自己的逻辑，不然就算是侥幸赚了也总会亏回去，我在4,,富有斗金的卡卡西,1064306354941122,2025-09-05 14:23:16,138,0,0,0,False,False,"https://guba.eastmoney.com/news,688076,1595782268.html",2026-07-06 17:07:09
eastmoney_guba,688076,1595783331,只要股吧里有人长期BB和票，肯定不会涨的！,,管住手等机会,1654395875984718,2025-09-05 14:23:53,130,0,0,0,False,False,"https://guba.eastmoney.com/news,688076,1595783331.html",2026-07-06 17:07:09
eastmoney_guba,688076,1595787685,从最高价格到今天，已经跌25%，压力释放完了,,悠然自得老秦人,1242013197007768,2025-09-05 14:26:23,147,0,0,0,False,False,"https://guba.eastmoney.com/news,688076,1595787685.html",2026-07-06 17:07:09
eastmoney_guba,688076,1595791258,这公司是不是出什么问题了？,,股友5u17386U08,1052416826088336,2025-09-05 14:28:25,137,0,0,0,False,False,"https://guba.eastmoney.com/news,688076,1595791258.html",2026-07-06 17:07:09
eastmoney_guba,688076,1595791584,丢人现眼啊，全仓12个就你是绿的。,,我滴个乖乖啊,8386094309231136,2025-09-05 14:28:36,161,2,0,0,False,False,"https://guba.eastmoney.com/news,688076,1595791584.html",2026-07-06 17:07:09
eastmoney_guba,688076,1595798356,还在刷底线呢,,luotuoxzx,6756094607583200,2025-09-05 14:32:35,134,0,0,0,False,False,"https://guba.eastmoney.com/news,688076,1595798356.html",2026-07-06 17:07:09
eastmoney_guba,688076,1595800513,有票的股友们，晚上给砸盘的主，烧点zhi！不然这货在那里不消停,,遥远的塞纳河888,9037094342652420,2025-09-05 14:33:47,146,0,0,0,False,False,"https://guba.eastmoney.com/news,688076,1595800513.html",2026-07-06 17:07:09
eastmoney_guba,688076,1595802909,1.这就是被ST后的惩罚，各类资金通常通过ETF入市，剔除出指数宽基或者行业概念,,独守花自开,3447335569687896,2025-09-05 14:35:08,239,1,0,0,False,False,"https://guba.eastmoney.com/news,688076,1595802909.html",2026-07-06 17:07:06
eastmoney_guba,688076,1595822823,感谢猪力，让我检到便宜了！,,股友7186d92W66,4067087346650862,2025-09-05 14:47:19,144,0,0,0,False,False,"https://guba.eastmoney.com/news,688076,1595822823.html",2026-07-06 17:07:09
eastmoney_guba,688076,1595824665,诺泰生物被ST，在科创班也算是风险比较大的了，所以基金比较慎重，我认为保留个底仓,,李大光,3670385569758982,2025-09-05 14:48:27,191,0,0,0,False,False,"https://guba.eastmoney.com/news,688076,1595824665.html",2026-07-06 17:07:09
eastmoney_guba,688076,1595827253,无限唏嘘，如果没有隐士，诺泰应该是在48附近震荡蓄势,,只看最本质,7139144735501360,2025-09-05 14:49:58,188,1,0,0,False,False,"https://guba.eastmoney.com/news,688076,1595827253.html",2026-07-06 17:07:09
eastmoney_guba,688076,1595827357,捡到便宜货了！,,股友7186d92W66,4067087346650862,2025-09-05 14:50:02,138,0,0,0,False,False,"https://guba.eastmoney.com/news,688076,1595827357.html",2026-07-06 17:07:09
eastmoney_guba,688076,1595830436,科创板跌幅前五,,股友gimltT,3204315520405596,2025-09-05 14:51:49,159,0,0,0,False,False,"https://guba.eastmoney.com/news,688076,1595830436.html",2026-07-06 17:07:09
eastmoney_guba,688076,1595843907,外面涨疯了，你为什么不涨？,,最多只买五层仓,5873067146183416,2025-09-05 15:00:44,142,0,0,0,False,False,"https://guba.eastmoney.com/news,688076,1595843907.html",2026-07-06 17:07:09
eastmoney_guba,688076,1595844115,下周一要是再这样，就清仓诺泰不玩了，烦人！,,萤火之约,4903065278637186,2025-09-05 15:00:55,247,12,0,0,False,False,"https://guba.eastmoney.com/news,688076,1595844115.html",2026-07-06 17:07:06
eastmoney_guba,688076,1595848439,今天资金放量，一通多杀多之后，估计差不多了，看下周能否稳步向上。,,古越新安,4541336174369464,2025-09-05 15:05:24,164,0,0,0,False,False,"https://guba.eastmoney.com/news,688076,1595848439.html",2026-07-06 17:07:09
eastmoney_guba,688076,1595853804,为什么不涨，一只股票要上涨的话，一定会把臭鱼烂虾洗出去。所谓臭鱼烂虾，就是没有脑,,还康得新正义,4313075457881082,2025-09-05 15:13:15,150,0,0,0,False,False,"https://guba.eastmoney.com/news,688076,1595853804.html",2026-07-06 17:07:09
eastmoney_guba,688076,1595857784,戴了ST帽子的票最好不要碰，随时退市,,八方来宝贝,6340067344263662,2025-09-05 15:20:17,255,4,0,0,False,False,"https://guba.eastmoney.com/news,688076,1595857784.html",2026-07-06 17:07:06
eastmoney_guba,688076,1595858184,隐士有他的道理，但是他忽略了ST风险，创业板对于ST股票退市非常严格，只要是发生,,李大光,3670385569758982,2025-09-05 15:21:01,821,11,0,0,False,False,"https://guba.eastmoney.com/news,688076,1595858184.html",2026-07-06 17:07:06
eastmoney_guba,688076,1595866650,取名“隐”，必然是安静肃穆，却天天闹腾显摆，大家说说他有什么不可告人的目的？,,只看最本质,7139144735501360,2025-09-05 15:37:03,182,1,0,0,False,False,"https://guba.eastmoney.com/news,688076,1595866650.html",2026-07-06 17:07:09
eastmoney_guba,688076,1595873394,隐士掐指一算，机构被动减持诺泰还没完，还需要几天，再跌几天就差不多了。粉丝们再忍,,看涨必跌,4016094080719814,2025-09-05 15:54:13,178,0,0,0,False,False,"https://guba.eastmoney.com/news,688076,1595873394.html",2026-07-06 17:07:06
eastmoney_guba,688076,1595873971,整个ST板块今天主力净流出6678万，诺泰贡献1个小目标,,币锭拿下,6046346014730666,2025-09-05 15:55:43,387,0,0,0,True,False,"https://guba.eastmoney.com/news,688076,1595873971.html",2026-07-06 17:07:06
eastmoney_guba,688076,1595883050,兄弟要不要下来作伴！都这样了我还不走！你再来两年呗,,股友97103io951,5837117453075450,2025-09-05 16:21:10,400,0,0,0,True,False,"https://guba.eastmoney.com/news,688076,1595883050.html",2026-07-06 17:07:06
eastmoney_guba,688076,1595889806,今天竟然还是绿的，真牛啊,,股友B8UXUh,4629385848436686,2025-09-05 16:42:35,158,0,0,0,False,False,"https://guba.eastmoney.com/news,688076,1595889806.html",2026-07-06 17:07:06
eastmoney_guba,688076,1595914938,ST诺泰:国浩律师(杭州)事务所关于江苏诺泰澳赛诺生物制药股份有限公司2025年第一次临时股东会法律意见书,,ST诺泰资讯,9038395923854884,2025-09-05 18:14:24,286,0,2,0,False,False,"https://guba.eastmoney.com/news,688076,1595914938.html",2026-07-06 17:07:06
eastmoney_guba,688076,1595914936,ST诺泰:2025年第一次临时股东会决议公告,,ST诺泰资讯,9038395923854884,2025-09-05 18:14:24,301,0,0,0,False,False,"https://guba.eastmoney.com/news,688076,1595914936.html",2026-07-06 17:07:06
eastmoney_guba,688076,1595918272,会计师事务所没有审查出来？是否有责任？,,股仙谈股,9302094487957470,2025-09-05 18:29:51,180,0,0,0,False,False,"https://guba.eastmoney.com/news,688076,1595918272.html",2026-07-06 17:07:06
eastmoney_guba,688076,1595919721,竟然无法融资购买，只能用自己现金扫货,,上海的中心,1836446835971762,2025-09-05 18:36:34,211,1,0,0,False,False,"https://guba.eastmoney.com/news,688076,1595919721.html",2026-07-06 17:07:06
eastmoney_guba,688076,1595959896,一切都在计划中进行，诺泰企稳价格分析,,江枫丨渔火,3125395530799198,2025-09-05 21:47:34,739,16,2,0,False,False,"https://guba.eastmoney.com/news,688076,1595959896.html",2026-07-06 17:07:06
eastmoney_guba,688076,1595965745,隐士这一个月如果重仓诺泰可没发财，不说以后他能不能在诺泰上发财，至少这一个月在固,,李大光,3670385569758982,2025-09-05 22:15:08,472,7,0,0,False,False,"https://guba.eastmoney.com/news,688076,1595965745.html",2026-07-06 17:07:06
eastmoney_guba,688076,1595967267,惨痛的教训，如再出差错出问题你怎么对得起持有你的股民。,,股友922h8X6591,6699256662728486,2025-09-05 22:21:56,253,2,0,0,False,False,"https://guba.eastmoney.com/news,688076,1595967267.html",2026-07-06 17:07:06
eastmoney_guba,688076,1595971230,观察了好几天，比较了好几只st，终于在早上开盘没多久后选择了诺泰……账户下跌了好,,st会更好,2230094161317678,2025-09-05 22:42:01,342,0,0,0,False,False,"https://guba.eastmoney.com/news,688076,1595971230.html",2026-07-06 17:07:06
eastmoney_guba,688076,1595977147,根据隐士的唱多时间节点分析被套人员,,江枫丨渔火,3125395530799198,2025-09-05 23:15:54,521,4,0,0,False,False,"https://guba.eastmoney.com/news,688076,1595977147.html",2026-07-06 17:07:06
eastmoney_guba,688076,1595981321,一个多月时间事实已证明神棍骗子---佛山隐士带粉做的ST诺泰终究是没有上去，白白,,独孤燕,2128027197149058,2025-09-05 23:44:31,943,4,2,0,False,False,"https://guba.eastmoney.com/news,688076,1595981321.html",2026-07-06 17:07:06
eastmoney_guba,688076,1595985377,诺泰还有得跌，具体原因如下,,江枫丨渔火,3125395530799198,2025-09-06 00:18:52,867,5,0,0,False,False,"https://guba.eastmoney.com/news,688076,1595985377.html",2026-07-06 17:07:04
eastmoney_guba,688076,1596006229,我捡到便宜货了，谢谢！,,股友7186d92W66,4067087346650862,2025-09-06 07:11:40,216,0,0,0,False,False,"https://guba.eastmoney.com/news,688076,1596006229.html",2026-07-06 17:07:06
eastmoney_guba,688076,1596011502,诺泰为何错过大牛？要解释诺泰为什么错过大牛，关键是要搞懂a股是资金博弈的围猎游戏,,卡巴拉,2028023787975112,2025-09-06 08:10:04,1107,26,4,0,False,False,"https://guba.eastmoney.com/news,688076,1596011502.html",2026-07-06 17:07:02
eastmoney_guba,688076,1596017003,这股完蛋了,,moon小超人,4909375766462060,2025-09-06 09:24:51,183,0,0,0,False,False,"https://guba.eastmoney.com/news,688076,1596017003.html",2026-07-06 17:07:06
eastmoney_guba,688076,1596018062,当地时间2025年9月5日，世界卫生组织（WHO）宣布将GLP-1类药物纳入其基,,佛山隐士,5331047298658940,2025-09-06 09:38:20,2138,21,6,0,False,False,"https://guba.eastmoney.com/news,688076,1596018062.html",2026-07-06 17:07:06
eastmoney_guba,688076,1596018080,已经连跌5周了，难道还能再跌5周？诺泰基本面还没差到只跌不涨的地步吧？顶多是“S,,股友SDIPLp4274,4160085463132982,2025-09-06 09:38:40,371,1,0,0,False,False,"https://guba.eastmoney.com/news,688076,1596018080.html",2026-07-06 17:07:06
eastmoney_guba,688076,1596059214,百度豆包AI等各大软件目前基本都确定佛山隐士就是一个托，大家可以自己去查查，如果,,独孤燕,2128027197149058,2025-09-06 17:27:15,288,2,0,0,False,False,"https://guba.eastmoney.com/news,688076,1596059214.html",2026-07-06 17:07:06
eastmoney_guba,688076,1596073607,说实话也是，幸亏这次诺泰生物违规没有触发退市，否则很多小散就损失太大了。其实现在,,李大光,3670385569758982,2025-09-06 20:08:22,470,0,1,0,False,False,"https://guba.eastmoney.com/news,688076,1596073607.html",2026-07-06 17:07:06
eastmoney_guba,688076,1596085505,ST紫天周末正式宣布退市,,江枫丨渔火,3125395530799198,2025-09-06 22:15:25,461,14,0,0,False,False,"https://guba.eastmoney.com/news,688076,1596085505.html",2026-07-06 17:07:06
eastmoney_guba,688076,1596106912,现在股吧里的纷争都来自佛山隐士，其实要解决纷争非常简单，只要隐士晒出真实交割单就,,深谋远虑的钱翔云,8210094435390506,2025-09-07 08:30:37,384,8,0,0,False,False,"https://guba.eastmoney.com/news,688076,1596106912.html",2026-07-06 17:07:06
eastmoney_guba,688076,1596110852,ST诺泰的重大隐忧,,股友1c690Y1093,7225017571228018,2025-09-07 09:38:40,508,1,0,0,False,False,"https://guba.eastmoney.com/news,688076,1596110852.html",2026-07-06 17:07:06
eastmoney_guba,688076,1596111401,这个佛山XX无脑唱多有问题，有它在，不能重仓玩这个，鉴定完毕。,,股友B8UXUh,4629385848436686,2025-09-07 09:47:28,155,0,0,0,False,False,"https://guba.eastmoney.com/news,688076,1596111401.html",2026-07-06 17:07:06
eastmoney_guba,688076,1596114321,热度上来了,,基民FRFPOk,2564365543330218,2025-09-07 10:28:58,166,0,0,0,False,False,"https://guba.eastmoney.com/news,688076,1596114321.html",2026-07-06 17:07:06
eastmoney_guba,688076,1596119235,诺泰被ST的定性疑点讨论：2025年7月18日，诺泰生物公告收到证监会《行政处罚,,佛山隐士,5331047298658940,2025-09-07 11:35:53,1985,51,2,0,False,False,"https://guba.eastmoney.com/news,688076,1596119235.html",2026-07-06 17:07:04
eastmoney_guba,688076,1596121440,周一五个点起步,,大混沌789,2636365924839354,2025-09-07 12:12:08,192,2,1,0,False,False,"https://guba.eastmoney.com/news,688076,1596121440.html",2026-07-06 17:07:06
eastmoney_guba,688076,1596124010,这个吧里，现在是乌烟瘴气的！什么这托、那空的！都是千年的狐狸，你看股吧炒股票啊！,,遥远的塞纳河888,9037094342652420,2025-09-07 12:56:17,310,11,0,0,False,False,"https://guba.eastmoney.com/news,688076,1596124010.html",2026-07-06 17:07:06
eastmoney_guba,688076,1596124439,做股票要是看股吧里的贴子进行操作不会成大器，赚不了大钱，这些人大部分是韭菜。,,老高盈利并不难,1944111678218282,2025-09-07 13:03:39,223,6,0,0,False,False,"https://guba.eastmoney.com/news,688076,1596124439.html",2026-07-06 17:07:06
eastmoney_guba,688076,1596124494,隐士太坏了，又在发帖质疑调查结果了,,江枫丨渔火,3125395530799198,2025-09-07 13:04:40,536,21,2,0,False,False,"https://guba.eastmoney.com/news,688076,1596124494.html",2026-07-06 17:07:06
eastmoney_guba,688076,1596141918,无脑唱多的一群sb，一直唱空的也是群傻雕，我就按自个的意愿操作，你们随便在那叫。,,发帖字多的多是托,7743316266328082,2025-09-07 16:41:06,150,0,0,0,False,False,"https://guba.eastmoney.com/news,688076,1596141918.html",2026-07-06 17:07:06
eastmoney_guba,688076,1596145786,个人认人为证监会对诺泰生物的处罚依据欠妥,,股友A197669V05,8030376544910926,2025-09-07 17:23:21,645,32,0,0,False,False,"https://guba.eastmoney.com/news,688076,1596145786.html",2026-07-06 17:07:06
eastmoney_guba,688076,1596162518,诺泰生物向浙江华贝转让技术，中国证监会进行调查后认为浙江华贝不具备支付技术转让款,,股友A197669V05,8030376544910926,2025-09-07 20:26:52,179,0,0,0,False,False,"https://guba.eastmoney.com/news,688076,1596162518.html",2026-07-06 17:07:06
eastmoney_guba,688076,1596162772,诺泰生物向浙江华贝转让技术，中国证监会进行调查后认为浙江华贝不具备支付技术转让款,,股友A197669V05,8030376544910926,2025-09-07 20:28:56,305,0,0,0,False,False,"https://guba.eastmoney.com/news,688076,1596162772.html",2026-07-06 17:07:06
eastmoney_guba,688076,1596169371,一直在发帖说诺泰冤枉，这个也太不合适了。诺泰这个事我有个疑问，就是你这一个浙江华,,李大光,3670385569758982,2025-09-07 21:34:16,412,6,0,0,False,False,"https://guba.eastmoney.com/news,688076,1596169371.html",2026-07-06 17:07:06
eastmoney_guba,688076,1596169882,这个股吧已经乌烟瘴气了,,江枫丨渔火,3125395530799198,2025-09-07 21:39:57,368,7,0,0,False,False,"https://guba.eastmoney.com/news,688076,1596169882.html",2026-07-06 17:07:06
eastmoney_guba,688076,1596189228,公司申请行政申诉有不对吗，你们那些反对的脑子有问题要去挂个脑科看一看。,,忠与叶,1181054527685094,2025-09-08 06:55:40,103,1,0,0,False,False,"https://guba.eastmoney.com/news,688076,1596189228.html",2026-07-06 17:07:06
eastmoney_guba,688076,1596191094,一群乌合之众不是唱空就是反对,,忠与叶,1181054527685094,2025-09-08 07:28:13,75,0,0,0,False,False,"https://guba.eastmoney.com/news,688076,1596191094.html",2026-07-06 17:07:06
eastmoney_guba,688076,1596191328,做事能不能阳光一点,,忠与叶,1181054527685094,2025-09-08 07:31:08,77,0,0,0,False,False,"https://guba.eastmoney.com/news,688076,1596191328.html",2026-07-06 17:07:06
eastmoney_guba,688076,1596197085,诺泰生物9月8日最新消息分析,,江枫丨渔火,3125395530799198,2025-09-08 08:31:57,366,0,1,0,False,False,"https://guba.eastmoney.com/news,688076,1596197085.html",2026-07-06 17:07:06
eastmoney_guba,688076,1596201534,我觉得诺泰管理层如果聪明的话应该面对现实,,江枫丨渔火,3125395530799198,2025-09-08 08:59:05,142,0,0,0,False,False,"https://guba.eastmoney.com/news,688076,1596201534.html",2026-07-06 17:07:06
eastmoney_guba,688076,1596202682,其实想想也很简单，谁会没有这个票天天来这个吧里唱空？老是拿退市这个巨雷吓人，拿造,,A八风吹不动,3031144875799168,2025-09-08 09:03:44,404,6,1,0,False,False,"https://guba.eastmoney.com/news,688076,1596202682.html",2026-07-06 17:07:04
eastmoney_guba,688076,1596211984,已跌到处罚之前的平台了，也无所谓了，利空都已出完了。只要有金钢钻，不怕揽不到瓷器,,静待山花开,6803013291362740,2025-09-08 09:24:22,68,1,0,0,False,False,"https://guba.eastmoney.com/news,688076,1596211984.html",2026-07-06 17:07:06
eastmoney_guba,688076,1596236955,一堆没脑子的，割了又心有不甘。只能期望不要大跌了，某些人能不能消停点。,,还康得新正义,4313075457881082,2025-09-08 09:32:18,65,1,0,0,False,False,"https://guba.eastmoney.com/news,688076,1596236955.html",2026-07-06 17:07:06
eastmoney_guba,688076,1596257303,这个票、那个人，就是个大笑话,,只看最本质,7139144735501360,2025-09-08 09:40:21,34,0,0,0,False,False,"https://guba.eastmoney.com/news,688076,1596257303.html",2026-07-06 17:07:06
eastmoney_guba,688076,1596259081,不仅在这里躲牛市，还在牛市里被套了,,股友tcoluc0226,3500094558052162,2025-09-08 09:41:01,70,2,0,0,False,False,"https://guba.eastmoney.com/news,688076,1596259081.html",2026-07-06 17:07:06
eastmoney_guba,688076,1596260063,可笑的是从50唱多到40还受到热捧，都已经被割掉了还不知道。巴菲特说：「如果你打,,卡巴拉,2028023787975112,2025-09-08 09:41:26,166,2,0,0,False,False,"https://guba.eastmoney.com/news,688076,1596260063.html",2026-07-06 17:07:06
eastmoney_guba,688076,1596267972,早上把量杀出来了,,古越新安,4541336174369464,2025-09-08 09:44:34,127,3,0,0,False,False,"https://guba.eastmoney.com/news,688076,1596267972.html",2026-07-06 17:07:06
eastmoney_guba,688076,1596271877,我建议，隐士大哥最近还是少诺泰发表过多言论，毕竟社区对你的评论不是太正面，特别希,,石头小叮当,2519345662868604,2025-09-08 09:46:14,183,1,0,0,False,False,"https://guba.eastmoney.com/news,688076,1596271877.html",2026-07-06 17:07:04
eastmoney_guba,688076,1596278480,想清仓不玩了,,萤火之约,4903065278637186,2025-09-08 09:49:00,184,7,0,0,False,False,"https://guba.eastmoney.com/news,688076,1596278480.html",2026-07-06 17:07:04
eastmoney_guba,688076,1596322818,所以说这个市场9亏1赚是真的有道理的,,江枫丨渔火,3125395530799198,2025-09-08 10:09:49,176,1,0,0,False,False,"https://guba.eastmoney.com/news,688076,1596322818.html",2026-07-06 17:07:06
eastmoney_guba,688076,1596332742,继续把佛山隐士的脸给打的啪啪啪,,独孤燕,2128027197149058,2025-09-08 10:15:15,85,2,0,0,False,False,"https://guba.eastmoney.com/news,688076,1596332742.html",2026-07-06 17:07:06
eastmoney_guba,688076,1596333301,主力不懂怎么想的，散户越洗越多,,股友33c0362p29,4239486824803162,2025-09-08 10:15:33,53,0,0,0,False,False,"https://guba.eastmoney.com/news,688076,1596333301.html",2026-07-06 17:07:06
eastmoney_guba,688076,1596333997,我敢打包票隐士现在一股都没有,,江枫丨渔火,3125395530799198,2025-09-08 10:15:55,76,1,0,0,False,False,"https://guba.eastmoney.com/news,688076,1596333997.html",2026-07-06 17:07:06
eastmoney_guba,688076,1596346321,就因为st了你可以买便宜的股价，这票不受处罚会是什么价，买了放着与公司一起成长,,老高盈利并不难,1944111678218282,2025-09-08 10:22:33,149,3,0,0,False,False,"https://guba.eastmoney.com/news,688076,1596346321.html",2026-07-06 17:07:06
eastmoney_guba,688076,1596358450,弗山隐土先生越来越离谱了。对此股的判断越来越离谱。现在竟然叫板官方结论，显然是为,,原菏泽老徐3516,4309054884528074,2025-09-08 10:29:50,113,2,0,0,False,False,"https://guba.eastmoney.com/news,688076,1596358450.html",2026-07-06 17:07:06
eastmoney_guba,688076,1596359788,已经探明底部，可以进场低吸,,胡子1972,4151013566038230,2025-09-08 10:30:39,68,0,0,0,False,False,"https://guba.eastmoney.com/news,688076,1596359788.html",2026-07-06 17:07:06
eastmoney_guba,688076,1596363565,佛山隐士口口声声说没骗大家，此时他说自己重仓，大家可以去找他要看他的仓位截图，他,,独孤燕,2128027197149058,2025-09-08 10:32:59,381,9,0,0,True,False,"https://guba.eastmoney.com/news,688076,1596363565.html",2026-07-06 17:07:06
eastmoney_guba,688076,1596377130,回看一些人以前的分析，真是离了大谱～如果享受了好为人师的快乐，那接受挨骂也是应该,,晚上的清秋,3598396081954208,2025-09-08 10:41:07,101,1,0,0,False,False,"https://guba.eastmoney.com/news,688076,1596377130.html",2026-07-06 17:07:06
eastmoney_guba,688076,1596387814,外面随便涨25%，这里跌25%。一来一回50%了，估计金额都偏高，你账户有几个5,,还康得新正义,4313075457881082,2025-09-08 10:47:33,78,0,0,0,False,False,"https://guba.eastmoney.com/news,688076,1596387814.html",2026-07-06 17:07:06
eastmoney_guba,688076,1596414741,佛山隐士说要持股十年诺泰肯定可以赚大钱,,陈滔滔nb,1336094375412784,2025-09-08 11:05:32,155,5,0,0,False,False,"https://guba.eastmoney.com/news,688076,1596414741.html",2026-07-06 17:07:04
eastmoney_guba,688076,1596420152,诺泰这个票废了，20个交易日，一次像样的红盘都没有，所以有问题有案底的公司真的不,,神机的蓝岷,2834113661101498,2025-09-08 11:09:36,89,0,0,0,False,False,"https://guba.eastmoney.com/news,688076,1596420152.html",2026-07-06 17:07:06
eastmoney_guba,688076,1596433416,砸呀，可劲砸，虽然我买了。,,股友7186d92W66,4067087346650862,2025-09-08 11:20:30,94,0,0,0,False,False,"https://guba.eastmoney.com/news,688076,1596433416.html",2026-07-06 17:07:06
eastmoney_guba,688076,1596470505,$ST诺泰(SH688076)$,,独孤燕,2128027197149058,2025-09-08 12:48:45,702,9,0,0,True,False,"https://guba.eastmoney.com/news,688076,1596470505.html",2026-07-06 17:07:04
eastmoney_guba,688076,1596501556,今天如果红盘，哪个道士又该出来说几句了！,,股友peUjj6,5855024806540832,2025-09-08 13:21:21,75,0,0,0,False,False,"https://guba.eastmoney.com/news,688076,1596501556.html",2026-07-06 17:07:06
eastmoney_guba,688076,1596502227,Ca0，反转了，本周会出正式处罚书？,,古越新安,4541336174369464,2025-09-08 13:21:54,97,0,0,0,False,False,"https://guba.eastmoney.com/news,688076,1596502227.html",2026-07-06 17:07:06
eastmoney_guba,688076,1596505181,希望今天佛山不要出来,,还康得新正义,4313075457881082,2025-09-08 13:24:25,113,3,0,0,False,False,"https://guba.eastmoney.com/news,688076,1596505181.html",2026-07-06 17:07:06
eastmoney_guba,688076,1596507146,赶紧抢筹，先搞一点,,独守花自开,3447335569687896,2025-09-08 13:26:08,74,0,0,0,False,False,"https://guba.eastmoney.com/news,688076,1596507146.html",2026-07-06 17:07:06
eastmoney_guba,688076,1596512320,诺泰最近走得弱的原因看股吧中大家吵来吵去的，像隐士这样也没说到点子上。涨不涨最终,,股友mM68oB,1159054932808956,2025-09-08 13:30:43,752,22,1,0,False,False,"https://guba.eastmoney.com/news,688076,1596512320.html",2026-07-06 17:07:04
eastmoney_guba,688076,1596532834,那位今夜又会继续吹水、继续嗨,,只看最本质,7139144735501360,2025-09-08 13:49:19,86,1,0,0,False,False,"https://guba.eastmoney.com/news,688076,1596532834.html",2026-07-06 17:07:06
eastmoney_guba,688076,1596541680,无惧调整，坚定持有,,股友jykiLS,1715095161176580,2025-09-08 13:57:14,581,6,0,0,True,False,"https://guba.eastmoney.com/news,688076,1596541680.html",2026-07-06 17:07:04
eastmoney_guba,688076,1596550195,现在是各位看空的最后的卖出时机，过了这村没这店,,别听他们忽悠,3124396168972760,2025-09-08 14:04:53,84,0,0,0,False,False,"https://guba.eastmoney.com/news,688076,1596550195.html",2026-07-06 17:07:06
eastmoney_guba,688076,1596555557,那天发帖子说企稳了！操盘的上来就是一个电炮！真打脸啊！今天这又是啥情况？,,遥远的塞纳河888,9037094342652420,2025-09-08 14:09:28,100,0,0,0,False,False,"https://guba.eastmoney.com/news,688076,1596555557.html",2026-07-06 17:07:06
eastmoney_guba,688076,1596574137,你看那支股涨跌还不都是博弈的结果，少说话,,GooG,1820094373032362,2025-09-08 14:25:00,78,0,0,0,False,False,"https://guba.eastmoney.com/news,688076,1596574137.html",2026-07-06 17:07:06
eastmoney_guba,688076,1596584726,见底了，买入吧，很好的创新药,,愉快的喝水,8726025071095276,2025-09-08 14:33:14,158,2,0,0,False,False,"https://guba.eastmoney.com/news,688076,1596584726.html",2026-07-06 17:07:00
eastmoney_guba,688076,1596589393,资金还是流出,,医药不值得投资,5383084759787052,2025-09-08 14:36:54,131,2,0,0,False,False,"https://guba.eastmoney.com/news,688076,1596589393.html",2026-07-06 17:07:04
eastmoney_guba,688076,1596669253,诺泰生物9月8日走势分析,,江枫丨渔火,3125395530799198,2025-09-08 17:09:09,517,8,0,0,False,False,"https://guba.eastmoney.com/news,688076,1596669253.html",2026-07-06 17:07:04
eastmoney_guba,688076,1596675916,求求董事长发个利好吧，两个月没见过钱了，就当给股东一点安抚，好不好拉，减肥药我们,,屯老二才买A股,8960346358579732,2025-09-08 17:32:26,137,1,0,0,False,False,"https://guba.eastmoney.com/news,688076,1596675916.html",2026-07-06 17:07:04
eastmoney_guba,688076,1596677761,佛山隐士老杂毛来了票就好不了，这货就是一个扫，把，星，走到那里祸害到那里……,,独孤燕,2128027197149058,2025-09-08 17:39:15,375,13,0,0,False,False,"https://guba.eastmoney.com/news,688076,1596677761.html",2026-07-06 17:07:00
eastmoney_guba,688076,1596711574,两亇一男一女的衰神鬼，又出来了，好好的吧被弄成什么样,,古越新安,4541336174369464,2025-09-08 19:54:59,358,16,0,0,False,False,"https://guba.eastmoney.com/news,688076,1596711574.html",2026-07-06 17:07:02
eastmoney_guba,688076,1596718517,奉劝那些想替佛老道出头抱打不平的无脑粉，脑，惨，粉，你们亏了也套了，你们跟佛老道,,独孤燕,2128027197149058,2025-09-08 20:25:12,178,3,0,0,False,False,"https://guba.eastmoney.com/news,688076,1596718517.html",2026-07-06 17:07:02
eastmoney_guba,688076,1596720217,尽管被股价频频打脸，这个弗山隐土还是不肯服输。动用了各种手段来为自己力争。现实是,,原菏泽老徐3516,4309054884528074,2025-09-08 20:32:37,139,1,0,0,False,False,"https://guba.eastmoney.com/news,688076,1596720217.html",2026-07-06 17:07:04
eastmoney_guba,688076,1596727757,明天买入，该起来了,,股友c916k32077,3204486733325336,2025-09-08 21:04:10,103,0,0,0,False,False,"https://guba.eastmoney.com/news,688076,1596727757.html",2026-07-06 17:07:04
eastmoney_guba,688076,1596759936,今天红了点,,股友922h8X6591,6699256662728486,2025-09-08 23:29:22,177,1,0,0,False,False,"https://guba.eastmoney.com/news,688076,1596759936.html",2026-07-06 17:07:04
eastmoney_guba,688076,1596763037,截止今天到现在，佛山隐士对st诺泰持仓无任何证明，只是嘴上说说，做为对粉的一种空,,独孤燕,2128027197149058,2025-09-08 23:48:22,256,1,0,0,False,False,"https://guba.eastmoney.com/news,688076,1596763037.html",2026-07-06 17:07:04
eastmoney_guba,688076,1596795117,我福达呆着看下评论也是两个刷屏。。豪能也是他们，看半天才知道原来是这个股票的问题,,路过爱画画,1654007453077344,2025-09-09 08:15:33,185,4,0,0,False,False,"https://guba.eastmoney.com/news,688076,1596795117.html",2026-07-06 17:07:04
eastmoney_guba,688076,1596796790,诺泰生物9月9日走势不容乐观,,江枫丨渔火,3125395530799198,2025-09-09 08:26:27,322,10,0,0,False,False,"https://guba.eastmoney.com/news,688076,1596796790.html",2026-07-06 17:07:04
eastmoney_guba,688076,1596805750,米国要降药价，创新药变天！估值体系发生变化了。,,这股的预期是什么,6492094712751706,2025-09-09 09:07:49,81,0,0,0,False,False,"https://guba.eastmoney.com/news,688076,1596805750.html",2026-07-06 17:07:04
eastmoney_guba,688076,1596835983,看看今天成色如何,,古越新安,4541336174369464,2025-09-09 09:33:06,54,1,0,0,False,False,"https://guba.eastmoney.com/news,688076,1596835983.html",2026-07-06 17:07:04
eastmoney_guba,688076,1596868178,不要冲高回落呀,,古越新安,4541336174369464,2025-09-09 09:46:02,66,1,0,0,False,False,"https://guba.eastmoney.com/news,688076,1596868178.html",2026-07-06 17:07:04
eastmoney_guba,688076,1596920720,还是不给力,,股友922h8X6591,6699256662728486,2025-09-09 10:11:14,70,1,0,0,False,False,"https://guba.eastmoney.com/news,688076,1596920720.html",2026-07-06 17:07:04
eastmoney_guba,688076,1596938959,资金继续流出,,医药不值得投资,5383084759787052,2025-09-09 10:21:58,63,0,0,0,False,False,"https://guba.eastmoney.com/news,688076,1596938959.html",2026-07-06 17:07:04
eastmoney_guba,688076,1596940639,今日走势和我预测的一模一样,,江枫丨渔火,3125395530799198,2025-09-09 10:22:58,79,1,0,0,False,False,"https://guba.eastmoney.com/news,688076,1596940639.html",2026-07-06 17:07:04
eastmoney_guba,688076,1596953590,没资金关注，暂时没戏,,股友c916k32077,3204486733325336,2025-09-09 10:31:04,66,0,0,0,False,False,"https://guba.eastmoney.com/news,688076,1596953590.html",2026-07-06 17:07:04
eastmoney_guba,688076,1596974203,这个如果能拿到明年.翻倍,,股友D0s5Qb,7320395705930772,2025-09-09 10:44:24,83,0,0,0,False,False,"https://guba.eastmoney.com/news,688076,1596974203.html",2026-07-06 17:07:04
eastmoney_guba,688076,1596978955,隐湿早已割肉，当然嘴上永不割,,只看最本质,7139144735501360,2025-09-09 10:47:44,83,1,0,0,False,False,"https://guba.eastmoney.com/news,688076,1596978955.html",2026-07-06 17:07:04
eastmoney_guba,688076,1597011453,隐士确实有点坏,,江枫丨渔火,3125395530799198,2025-09-09 11:11:06,195,8,1,0,False,False,"https://guba.eastmoney.com/news,688076,1597011453.html",2026-07-06 17:07:04
eastmoney_guba,688076,1597012735,世卫组织将GLP-1类减肥药纳入基本药物目录,,股友A197669V05,8030376544910926,2025-09-09 11:12:05,228,2,3,0,False,False,"https://guba.eastmoney.com/news,688076,1597012735.html",2026-07-06 17:07:04
eastmoney_guba,688076,1597031958,诺泰生物9月9日盘中分析,,江枫丨渔火,3125395530799198,2025-09-09 11:27:02,511,12,1,0,False,False,"https://guba.eastmoney.com/news,688076,1597031958.html",2026-07-06 17:07:04
eastmoney_guba,688076,1597037626,这个隐士养了这么多苟么,,独具慧眼的陈怡萱,8885386005614760,2025-09-09 11:32:17,75,0,0,0,False,False,"https://guba.eastmoney.com/news,688076,1597037626.html",2026-07-06 17:07:04
eastmoney_guba,688076,1597038820,目前佛山隐士拿不出仓位证明消失了，我来给他再编一个剧本，此票如果继续探下去，他会,,独孤燕,2128027197149058,2025-09-09 11:34:05,629,42,1,0,False,False,"https://guba.eastmoney.com/news,688076,1597038820.html",2026-07-06 17:07:02
eastmoney_guba,688076,1597045260,还在这里玩呢？,,萤火之约,4903065278637186,2025-09-09 11:46:28,77,0,0,0,False,False,"https://guba.eastmoney.com/news,688076,1597045260.html",2026-07-06 17:07:04
eastmoney_guba,688076,1597071070,嘛的，下跌中继。,,万花镜写轮眼,1399145319247286,2025-09-09 13:02:52,82,1,0,0,False,False,"https://guba.eastmoney.com/news,688076,1597071070.html",2026-07-06 17:07:04
eastmoney_guba,688076,1597081643,感谢猪力，让我捡到便宜了，舒服。,,股友7186d92W66,4067087346650862,2025-09-09 13:13:04,91,1,0,0,False,False,"https://guba.eastmoney.com/news,688076,1597081643.html",2026-07-06 17:07:04
eastmoney_guba,688076,1597170102,今天开始本大小姐开心离开此贴，终于看着跟佛山隐士的几个小丑给套里面了，这几个跳梁,,独孤燕,2128027197149058,2025-09-09 14:24:13,647,35,0,0,False,False,"https://guba.eastmoney.com/news,688076,1597170102.html",2026-07-06 17:07:04
eastmoney_guba,688076,1597172045,没有一点反抗，一天向下。,,韭菜比葱好,4540124560750728,2025-09-09 14:25:54,75,0,0,0,False,False,"https://guba.eastmoney.com/news,688076,1597172045.html",2026-07-06 17:07:04
eastmoney_guba,688076,1597206501,好狠～,,万花镜写轮眼,1399145319247286,2025-09-09 14:53:51,72,0,0,0,False,False,"https://guba.eastmoney.com/news,688076,1597206501.html",2026-07-06 17:07:04
eastmoney_guba,688076,1597206786,钝刀子慢慢割,,万花镜写轮眼,1399145319247286,2025-09-09 14:54:05,67,0,1,0,False,False,"https://guba.eastmoney.com/news,688076,1597206786.html",2026-07-06 17:07:04
eastmoney_guba,688076,1597207680,已经心凉凉的，不知怎么办,,股友922h8X6591,6699256662728486,2025-09-09 14:54:47,115,3,0,0,False,False,"https://guba.eastmoney.com/news,688076,1597207680.html",2026-07-06 17:07:04
eastmoney_guba,688076,1597216946,服了服了不服都不行,,股友922h8X6591,6699256662728486,2025-09-09 15:03:04,78,0,0,0,False,False,"https://guba.eastmoney.com/news,688076,1597216946.html",2026-07-06 17:07:04
eastmoney_guba,688076,1597222998,市场永远在打预期差。刚被st的时候，大家不看好，他刘涨给你看。边拉边撤，等里面的,,永远半仓心中不慌,2880245979204978,2025-09-09 15:11:22,459,4,0,0,False,False,"https://guba.eastmoney.com/news,688076,1597222998.html",2026-07-06 17:07:04
eastmoney_guba,688076,1597236143,深套其中，下不了手割肉，躺平了。冒似它的业绩是假的。,,修身养性bqg,4704094238319982,2025-09-09 15:40:32,102,0,0,0,False,False,"https://guba.eastmoney.com/news,688076,1597236143.html",2026-07-06 17:07:04
eastmoney_guba,688076,1597243464,缩量缩量无换手，股神来了都摇头,,江枫丨渔火,3125395530799198,2025-09-09 16:02:44,311,1,1,0,False,False,"https://guba.eastmoney.com/news,688076,1597243464.html",2026-07-06 17:07:04
eastmoney_guba,688076,1597247855,对于诺泰目前来说，三季度报太重要了,,江枫丨渔火,3125395530799198,2025-09-09 16:16:48,549,2,0,0,False,False,"https://guba.eastmoney.com/news,688076,1597247855.html",2026-07-06 17:07:04
eastmoney_guba,688076,1597259394,之前根据强转弱逃掉了。分享一下图共同研究探讨。说他强是因为利空洗盘很彻底了，拉升,,股友mM68oB,1159054932808956,2025-09-09 16:54:32,591,5,1,0,True,False,"https://guba.eastmoney.com/news,688076,1597259394.html",2026-07-06 17:07:04
eastmoney_guba,688076,1597280079,全体封帖，两周内见底。继续看涨，鼓动散户进场，则继续下台阶。,,看涨必跌,4016094080719814,2025-09-09 18:07:47,134,2,0,0,False,False,"https://guba.eastmoney.com/news,688076,1597280079.html",2026-07-06 17:07:04
eastmoney_guba,688076,1597300173,诺泰目前应该不是底，大盘和板块稍微不好一点就开始向下跳水，跌幅远远大于板块和同行,,神机的蓝岷,2834113661101498,2025-09-09 19:40:40,171,2,0,0,False,False,"https://guba.eastmoney.com/news,688076,1597300173.html",2026-07-06 17:07:04
eastmoney_guba,688076,1597305258,压盘资金在吸筹，大家握紧筹码，坚决不要给它们。,,忠与叶,1181054527685094,2025-09-09 20:04:22,145,1,0,0,False,False,"https://guba.eastmoney.com/news,688076,1597305258.html",2026-07-06 17:07:04
eastmoney_guba,688076,1597324441,炒股的人最忌讳的就是情绪化，如果这样，即使佛祖也渡不了你。一旦乱了阵脚，破了定力,,佛山隐士,5331047298658940,2025-09-09 21:27:15,2121,60,3,0,False,False,"https://guba.eastmoney.com/news,688076,1597324441.html",2026-07-06 17:07:02
eastmoney_guba,688076,1597326279,佩服佛山啊，几句话就让那个女人如痴如醉一辈子忘不了他，但佛山不喜欢粗俗，把她拉黑,,独孤的百灵,7090147389391010,2025-09-09 21:34:54,613,6,1,0,False,False,"https://guba.eastmoney.com/news,688076,1597326279.html",2026-07-06 17:06:56
eastmoney_guba,688076,1597334974,单针探底，双针探底，三针探底，单针探底，双……，无限循环，一直循环这叫熊市，一个,,屯老二才买A股,8960346358579732,2025-09-09 22:09:37,167,0,0,0,False,False,"https://guba.eastmoney.com/news,688076,1597334974.html",2026-07-06 17:07:04
eastmoney_guba,688076,1597509689,什么时候都闭嘴了股价就要上了,,股友c916k32077,3204486733325336,2025-09-10 10:13:11,55,0,0,0,False,False,"https://guba.eastmoney.com/news,688076,1597509689.html",2026-07-06 17:07:04
eastmoney_guba,688076,1597530739,没量，没换手，主力再怎么砸，都砸不出坑来了，缩量下跌，还要下跌啊。。,,稳健老师,4617395870494756,2025-09-10 10:23:58,107,2,1,0,False,False,"https://guba.eastmoney.com/news,688076,1597530739.html",2026-07-06 17:07:04
eastmoney_guba,688076,1597825920,您好！请问截至8月底公司股东人数是多少，谢谢！,,ST诺泰股友,3640366193403336,2025-09-10 10:33:00,696,7,0,0,False,False,"https://guba.eastmoney.com/news,688076,1597825920.html",2026-07-06 17:06:39
eastmoney_guba,688076,1597576822,牛市怕缩量，熊市放量,,屯老二才买A股,8960346358579732,2025-09-10 10:50:51,70,0,0,0,False,False,"https://guba.eastmoney.com/news,688076,1597576822.html",2026-07-06 17:07:04
eastmoney_guba,688076,1597578239,1.差不多了，跌了5个星期了。前天下杀明显有资金流入抄底快速拉升，这两天来回磨，,,独守花自开,3447335569687896,2025-09-10 10:51:54,115,0,0,0,False,False,"https://guba.eastmoney.com/news,688076,1597578239.html",2026-07-06 17:07:04
eastmoney_guba,688076,1597626777,跌跌不休啊！没有比人坏的物种了，难道还有雷没爆？,,财富他老跌,6468094269128590,2025-09-10 11:29:27,75,0,0,0,False,False,"https://guba.eastmoney.com/news,688076,1597626777.html",2026-07-06 17:07:04
eastmoney_guba,688076,1597631543,陈小群都被机构收割在胜宏，更何况隐士这点粉丝。,,看涨必跌,4016094080719814,2025-09-10 11:36:02,110,1,0,0,False,False,"https://guba.eastmoney.com/news,688076,1597631543.html",2026-07-06 17:07:04
eastmoney_guba,688076,1597640811,三季度诺泰生物收入7亿左右，扣非净利润2.15亿左右。业绩预测是出力不讨好，本不,,生财满堂的叶孤城,4717325948839376,2025-09-10 11:56:47,888,9,0,0,False,False,"https://guba.eastmoney.com/news,688076,1597640811.html",2026-07-06 17:07:04
eastmoney_guba,688076,1597653132,为什么不跌了，继续跌啊，,,忠与叶,1181054527685094,2025-09-10 12:42:57,76,0,0,0,False,False,"https://guba.eastmoney.com/news,688076,1597653132.html",2026-07-06 17:07:04
eastmoney_guba,688076,1597670129,哮喘式上涨,,股友922h8X6591,6699256662728486,2025-09-10 13:09:03,73,0,0,0,False,False,"https://guba.eastmoney.com/news,688076,1597670129.html",2026-07-06 17:07:04
eastmoney_guba,688076,1597685887,谢谢老师，那我就等16块抄底诺泰,,陈滔滔nb,1336094375412784,2025-09-10 13:21:38,500,5,0,0,True,False,"https://guba.eastmoney.com/news,688076,1597685887.html",2026-07-06 17:07:04
eastmoney_guba,688076,1597695673,ST诺泰24年立案调查中，信披违规受损投资者可索赔,,股事心声,9066047349400580,2025-09-10 13:29:26,172,3,0,0,False,False,"https://guba.eastmoney.com/news,688076,1597695673.html",2026-07-06 17:07:04
eastmoney_guba,688076,1597723401,何时结案？第三季度报业绩？2025年年报？2026年摘帽？一系列预期走成这样子，,,婉约的贲晹,7489013790558352,2025-09-10 13:51:40,187,1,0,0,False,False,"https://guba.eastmoney.com/news,688076,1597723401.html",2026-07-06 17:07:04
eastmoney_guba,688076,1597794900,换手0.87%，缩量到极致了，明天在绿就进点货玩玩。,,谷满仓001,8959094371523892,2025-09-10 14:49:45,153,2,0,0,False,False,"https://guba.eastmoney.com/news,688076,1597794900.html",2026-07-06 17:07:04
eastmoney_guba,688076,1597867570,st华扬，8月22日收到的处罚事先告知书，今天9月10日收到的正式处罚告知书。诺,,神机的蓝岷,2834113661101498,2025-09-10 17:48:39,438,6,0,0,False,False,"https://guba.eastmoney.com/news,688076,1597867570.html",2026-07-06 17:07:04
eastmoney_guba,688076,1597900279,听我说，明天涨到45,,股友aUcNrk,3580315964816674,2025-09-10 20:03:23,117,1,0,0,False,False,"https://guba.eastmoney.com/news,688076,1597900279.html",2026-07-06 17:07:04
eastmoney_guba,688076,1597916239,现在的诺泰就需要一个利空消息，把股价砸个大坑，消息越大越好。或者干脆来个利好也行,,屯老二才买A股,8960346358579732,2025-09-10 21:07:25,213,4,0,0,False,False,"https://guba.eastmoney.com/news,688076,1597916239.html",2026-07-06 17:07:04
eastmoney_guba,688076,1597921143,破位的该走就得走啊，回头看跌了好多，当初硬抗几天，大肉变肉沫，好生可惜,,追高是狗啊喂,3564336099451880,2025-09-10 21:27:36,111,0,0,0,False,False,"https://guba.eastmoney.com/news,688076,1597921143.html",2026-07-06 17:07:04
eastmoney_guba,688076,1597988533,三季度扣非后净利润2.15亿,,遥远的塞纳河888,9037094342652420,2025-09-11 08:43:10,491,7,0,0,False,False,"https://guba.eastmoney.com/news,688076,1597988533.html",2026-07-06 17:07:04
eastmoney_guba,688076,1598039242,今天能到39.5吗,,QJHY22302,5702013601648246,2025-09-11 09:37:14,63,1,0,0,False,False,"https://guba.eastmoney.com/news,688076,1598039242.html",2026-07-06 17:07:02
eastmoney_guba,688076,1598040968,上午砸，下午拉，看看有无量,,古越新安,4541336174369464,2025-09-11 09:37:52,69,1,0,0,False,False,"https://guba.eastmoney.com/news,688076,1598040968.html",2026-07-06 17:07:04
eastmoney_guba,688076,1598056647,又咋地了？涨一点点，跌成狗？,,股友922h8X6591,6699256662728486,2025-09-11 09:43:34,155,2,0,0,False,False,"https://guba.eastmoney.com/news,688076,1598056647.html",2026-07-06 17:07:04
eastmoney_guba,688076,1598057895,40这个门槛反复,,随便聊聊00,8440386164089148,2025-09-11 09:44:04,53,0,0,0,False,False,"https://guba.eastmoney.com/news,688076,1598057895.html",2026-07-06 17:07:04
eastmoney_guba,688076,1598121275,特朗普的药品管制审批政策，不涉及原料药。,,古越新安,4541336174369464,2025-09-11 10:12:54,231,6,0,0,False,False,"https://guba.eastmoney.com/news,688076,1598121275.html",2026-07-06 17:07:02
eastmoney_guba,688076,1598161804,可劲砸，我全仓了，准备当股东了。,,股友7186d92W66,4067087346650862,2025-09-11 10:34:20,74,2,0,0,False,False,"https://guba.eastmoney.com/news,688076,1598161804.html",2026-07-06 17:07:04
eastmoney_guba,688076,1598190631,那个人害了多少人，在出现调整信号大部分人想撤时，它说基金出货马上结束，后来想割时,,只看最本质,7139144735501360,2025-09-11 10:51:23,150,4,0,0,False,False,"https://guba.eastmoney.com/news,688076,1598190631.html",2026-07-06 17:07:02
eastmoney_guba,688076,1598197082,快点下来吧，我准备38建仓啊。,,跟一手了,8827094505040840,2025-09-11 10:55:08,81,2,0,0,False,False,"https://guba.eastmoney.com/news,688076,1598197082.html",2026-07-06 17:07:04
eastmoney_guba,688076,1598212229,又躲牛市了,,屯老二才买A股,8960346358579732,2025-09-11 11:04:00,49,0,0,0,False,False,"https://guba.eastmoney.com/news,688076,1598212229.html",2026-07-06 17:07:04
eastmoney_guba,688076,1598220775,根本没人买，偶尔的一两百手都是散户,,屯老二才买A股,8960346358579732,2025-09-11 11:08:56,53,0,0,0,False,False,"https://guba.eastmoney.com/news,688076,1598220775.html",2026-07-06 17:07:04
eastmoney_guba,688076,1598248357,宝子们，是不是都气疯了，不想换股的，就不要看盘了，身心健康最重要。,,luotuoxzx,6756094607583200,2025-09-11 11:26:22,87,1,0,0,False,False,"https://guba.eastmoney.com/news,688076,1598248357.html",2026-07-06 17:07:02
eastmoney_guba,688076,1598249061,ai解释的还是有说服力，管住手，别急着买，让主力先买,,屯老二才买A股,8960346358579732,2025-09-11 11:26:51,423,2,0,0,True,False,"https://guba.eastmoney.com/news,688076,1598249061.html",2026-07-06 17:07:02
eastmoney_guba,688076,1598260146,不要着急明天就有可能最底在38.00--37.50元之间，这可能是真实的基本面情,,QJHY22302,5702013601648246,2025-09-11 11:37:10,88,0,0,0,False,False,"https://guba.eastmoney.com/news,688076,1598260146.html",2026-07-06 17:07:04
eastmoney_guba,688076,1598264951,华通接到通知跌了半年才企稳反弹，这个还早,,时刻落袋为安,2205004714926754,2025-09-11 11:44:52,84,0,0,0,False,False,"https://guba.eastmoney.com/news,688076,1598264951.html",2026-07-06 17:07:04
eastmoney_guba,688076,1598269873,科创板最拉胯的公司,,股友c916k32077,3204486733325336,2025-09-11 11:54:09,75,0,0,0,False,False,"https://guba.eastmoney.com/news,688076,1598269873.html",2026-07-06 17:07:04
eastmoney_guba,688076,1598273100,这个公司老板娘是不是被偷了，妈的天天头上带绿,,盆满锅不满,7202306313611568,2025-09-11 12:02:15,173,3,0,0,False,False,"https://guba.eastmoney.com/news,688076,1598273100.html",2026-07-06 17:07:02
eastmoney_guba,688076,1598283832,说实话这票开始7月底某人做，我开始说的很明白，此票我不跟也不看好，我开始布局机器,,独孤燕,2128027197149058,2025-09-11 12:35:47,896,59,0,0,False,False,"https://guba.eastmoney.com/news,688076,1598283832.html",2026-07-06 17:07:00
eastmoney_guba,688076,1598301680,我实在看不下去了，我要揭穿隐士的谎言。机构包团可不只会抱正股，ST股也可以抱团，,,神机的蓝岷,2834113661101498,2025-09-11 13:05:14,568,13,0,0,False,False,"https://guba.eastmoney.com/news,688076,1598301680.html",2026-07-06 17:07:02
eastmoney_guba,688076,1598315998,彻底废了，隐士怎么不出来了，头头是道的说辞呢？,,股友922h8X6591,6699256662728486,2025-09-11 13:15:01,100,2,0,0,False,False,"https://guba.eastmoney.com/news,688076,1598315998.html",2026-07-06 17:07:02
eastmoney_guba,688076,1598326186,向董秘能不能说一下该公司目前的状况？,,股友922h8X6591,6699256662728486,2025-09-11 13:21:56,83,1,0,0,False,False,"https://guba.eastmoney.com/news,688076,1598326186.html",2026-07-06 17:07:02
eastmoney_guba,688076,1598326996,能够在坚守诺泰一年期的股友感觉勇气可嘉，可是坚持的逻辑是什么呢？,,李大光,3670385569758982,2025-09-11 13:22:32,185,3,0,0,False,False,"https://guba.eastmoney.com/news,688076,1598326996.html",2026-07-06 17:07:02
eastmoney_guba,688076,1598341544,我今天进了，短期我不知道跌不跌，长期我看好，毕竟70%的毛利率，30%的净利率，,,酆都故人,9679114871701158,2025-09-11 13:32:35,1496,16,1,0,False,False,"https://guba.eastmoney.com/news,688076,1598341544.html",2026-07-06 17:06:39
eastmoney_guba,688076,1598343306,ST票的买卖，公募基金、私募基金、机构、券商自营盘，不受任何约束和限制，我为我说,,江枫丨渔火,3125395530799198,2025-09-11 13:33:47,321,3,0,0,False,False,"https://guba.eastmoney.com/news,688076,1598343306.html",2026-07-06 17:07:02
eastmoney_guba,688076,1598344679,怎么不跌了,,忠与叶,1181054527685094,2025-09-11 13:34:42,73,0,0,0,False,False,"https://guba.eastmoney.com/news,688076,1598344679.html",2026-07-06 17:07:02
eastmoney_guba,688076,1598345544,有本事在跌,,忠与叶,1181054527685094,2025-09-11 13:35:17,76,0,0,0,False,False,"https://guba.eastmoney.com/news,688076,1598345544.html",2026-07-06 17:07:02
eastmoney_guba,688076,1598361878,唉，46的本钱，三分之一仓位，准备赌到10月底！！,,高贵典雅的钱昊祥,2289084918147260,2025-09-11 13:46:34,109,1,0,0,False,False,"https://guba.eastmoney.com/news,688076,1598361878.html",2026-07-06 17:07:02
eastmoney_guba,688076,1598373386,重仓被套，除了割肉，无法盈利出局。,,股友SDIPLp4274,4160085463132982,2025-09-11 13:54:53,99,1,0,0,False,False,"https://guba.eastmoney.com/news,688076,1598373386.html",2026-07-06 17:07:02
eastmoney_guba,688076,1598413972,下跌还需自身弱,,主力跟着我跑,2971325821545056,2025-09-11 14:23:50,92,0,0,0,False,False,"https://guba.eastmoney.com/news,688076,1598413972.html",2026-07-06 17:07:02
eastmoney_guba,688076,1598415358,晚上出正式处罚决定书？,,金蟾聚,3202395863936896,2025-09-11 14:24:46,90,0,0,0,False,False,"https://guba.eastmoney.com/news,688076,1598415358.html",2026-07-06 17:07:02
eastmoney_guba,688076,1598429763,这家公司问题到底有多严重,,股友c916k32077,3204486733325336,2025-09-11 14:34:29,223,3,0,0,False,False,"https://guba.eastmoney.com/news,688076,1598429763.html",2026-07-06 17:07:02
eastmoney_guba,688076,1598444607,这场景我见过，长线资金压盘建仓，没人收筹码的话，会一直压的。,,还康得新正义,4313075457881082,2025-09-11 14:43:48,329,4,0,0,False,False,"https://guba.eastmoney.com/news,688076,1598444607.html",2026-07-06 17:07:02
eastmoney_guba,688076,1598477476,听一句劝，到35以下买，现在绝对不是买点,,敢作敢当的陆溪白,5961117556123996,2025-09-11 15:04:53,76,0,0,0,False,False,"https://guba.eastmoney.com/news,688076,1598477476.html",2026-07-06 17:07:02
eastmoney_guba,688076,1598484114,是真的吗？晚上能发处罚决定书？,,股友922h8X6591,6699256662728486,2025-09-11 15:13:48,142,1,0,0,False,False,"https://guba.eastmoney.com/news,688076,1598484114.html",2026-07-06 17:07:02
eastmoney_guba,688076,1598484698,我满仓了，我觉得便宜。不看好的可以卖了。,,股友7186d92W66,4067087346650862,2025-09-11 15:14:41,92,0,0,0,False,False,"https://guba.eastmoney.com/news,688076,1598484698.html",2026-07-06 17:07:02
eastmoney_guba,688076,1598490508,明天再跌就出来。在诺泰躲牛市，真服了,,股友326899Ku82,1337185539721342,2025-09-11 15:25:02,116,1,0,0,False,False,"https://guba.eastmoney.com/news,688076,1598490508.html",2026-07-06 17:07:02
eastmoney_guba,688076,1598521511,处罚决定书落地那就要启动了,,车公庄大街,5432005148950946,2025-09-11 16:49:04,205,2,0,0,False,False,"https://guba.eastmoney.com/news,688076,1598521511.html",2026-07-06 17:07:02
eastmoney_guba,688076,1598523811,回来看看，当初50.3卖的，看来是对的。处罚书出来后，资金借大盘拉高出货了，至少,,尘埃时代,4111035011442624,2025-09-11 16:56:20,280,3,0,0,False,False,"https://guba.eastmoney.com/news,688076,1598523811.html",2026-07-06 17:07:02
eastmoney_guba,688076,1598532644,大家拿紧筹码，千万不要卖出，外面的股票已经涨的太高了，不要去接盘。,,忠与叶,1181054527685094,2025-09-11 17:25:39,148,2,0,0,False,False,"https://guba.eastmoney.com/news,688076,1598532644.html",2026-07-06 17:07:02
eastmoney_guba,688076,1598534861,别怕，明天会涨到45,,股友aUcNrk,3580315964816674,2025-09-11 17:33:13,129,2,0,0,False,False,"https://guba.eastmoney.com/news,688076,1598534861.html",2026-07-06 17:07:02
eastmoney_guba,688076,1598536060,有没老铁打公司证券部电话，问问处罚回执单提交情况，顺便问问处罚听证会大概什么时候,,江枫丨渔火,3125395530799198,2025-09-11 17:37:31,157,0,0,0,False,False,"https://guba.eastmoney.com/news,688076,1598536060.html",2026-07-06 17:07:02
eastmoney_guba,688076,1598539966,在牛市里吃面，香菇蛮瘦,,股友tcoluc0226,3500094558052162,2025-09-11 17:51:57,111,0,0,0,False,False,"https://guba.eastmoney.com/news,688076,1598539966.html",2026-07-06 17:07:02
eastmoney_guba,688076,1598542617,今天是第二个跳空缺口了目测还有个,,医药不值得投资,5383084759787052,2025-09-11 18:02:38,121,0,0,0,False,False,"https://guba.eastmoney.com/news,688076,1598542617.html",2026-07-06 17:07:02
eastmoney_guba,688076,1598552816,短期不会走强，主要是不确定因素太多，正式处罚，亏损者索赔，其他公司原料药产能增加,,老高盈利并不难,1944111678218282,2025-09-11 18:42:49,365,4,0,0,False,False,"https://guba.eastmoney.com/news,688076,1598552816.html",2026-07-06 17:07:02
eastmoney_guba,688076,1598580857,诺泰公司也是相当配合，一个公告都没有，相比而言，st华扬就好很多，管理层是相当积,,只看最本质,7139144735501360,2025-09-11 20:30:28,185,0,0,0,False,False,"https://guba.eastmoney.com/news,688076,1598580857.html",2026-07-06 17:07:02
eastmoney_guba,688076,1598592110,天下嚷嚷，皆为利往，免费的午餐吗,,xiyangyang137,5786094128258044,2025-09-11 21:11:33,109,0,0,0,False,False,"https://guba.eastmoney.com/news,688076,1598592110.html",2026-07-06 17:07:02
eastmoney_guba,688076,1598603748,明天应该所有创新药都会修复,,古越新安,4541336174369464,2025-09-11 21:56:33,138,0,0,0,False,False,"https://guba.eastmoney.com/news,688076,1598603748.html",2026-07-06 17:07:02
eastmoney_guba,688076,1598777066,你特么要砸就好好的砸！怎么又拉升了？,,遥远的塞纳河888,9037094342652420,2025-09-12 10:00:28,137,3,0,0,False,False,"https://guba.eastmoney.com/news,688076,1598777066.html",2026-07-06 17:07:02
eastmoney_guba,688076,1598801665,本轮行情大赢家是量化，现在是基金和量化博弈，你我啥也不是，能跟就跟看看不行就一键,,陈扶摇,2707385668627232,2025-09-12 10:11:02,80,1,0,0,False,False,"https://guba.eastmoney.com/news,688076,1598801665.html",2026-07-06 17:07:02
eastmoney_guba,688076,1598805563,这走势看着真费劲，量能也起不来。,,gugg12472625,7587094851546694,2025-09-12 10:12:47,88,1,0,0,False,False,"https://guba.eastmoney.com/news,688076,1598805563.html",2026-07-06 17:07:02
eastmoney_guba,688076,1598834336,昨天重仓诺泰，有不服的吗？,,股友7186d92W66,4067087346650862,2025-09-12 10:26:55,216,5,0,0,False,False,"https://guba.eastmoney.com/news,688076,1598834336.html",2026-07-06 17:07:02
eastmoney_guba,688076,1598892748,这个蜡寄，跳水是常态。,,万花镜写轮眼,1399145319247286,2025-09-12 10:58:25,101,0,0,0,False,False,"https://guba.eastmoney.com/news,688076,1598892748.html",2026-07-06 17:07:02
eastmoney_guba,688076,1598964568,1.45以下都是大盘3550的位置，现在大盘都3900，还卖啥，现在说要跌回35,,独守花自开,3447335569687896,2025-09-12 12:22:31,166,1,0,0,False,False,"https://guba.eastmoney.com/news,688076,1598964568.html",2026-07-06 17:07:02
eastmoney_guba,688076,1598967902,1.千万不要抱着长线思维玩，隐士在高位忽悠接盘坑死小散，还有人忽悠要跌的35让你,,独守花自开,3447335569687896,2025-09-12 12:34:29,210,0,0,0,False,False,"https://guba.eastmoney.com/news,688076,1598967902.html",2026-07-06 17:07:02
eastmoney_guba,688076,1598984409,孤独雁不是说退出诺泰股吧吗，怎么又来了，感觉孤独吗?,,老高盈利并不难,1944111678218282,2025-09-12 13:05:08,396,10,0,0,False,False,"https://guba.eastmoney.com/news,688076,1598984409.html",2026-07-06 17:07:02
eastmoney_guba,688076,1599033958,加自选观察一下，趋势反转了再说,,富有斗金的卡卡西,1064306354941122,2025-09-12 13:41:23,140,0,0,0,False,False,"https://guba.eastmoney.com/news,688076,1599033958.html",2026-07-06 17:07:02
eastmoney_guba,688076,1599045726,加油哦站起来立起来,,股友922h8X6591,6699256662728486,2025-09-12 13:49:31,148,0,0,0,False,False,"https://guba.eastmoney.com/news,688076,1599045726.html",2026-07-06 17:07:02
eastmoney_guba,688076,1599123905,没有量，要大涨或者大跌把成交量放出来才有的搞,,陈扶摇,2707385668627232,2025-09-12 14:46:54,182,0,0,0,False,False,"https://guba.eastmoney.com/news,688076,1599123905.html",2026-07-06 17:07:02
eastmoney_guba,688076,1599138003,ST诺泰24年立案调查中，信披违规受损投资者可索赔,,股民索赔宝,2093306079314580,2025-09-12 14:56:38,250,0,0,0,False,False,"https://guba.eastmoney.com/news,688076,1599138003.html",2026-07-06 17:07:02
eastmoney_guba,688076,1599149685,本月决定书应该要出来了吧,,股友tcoluc0226,3500094558052162,2025-09-12 15:08:34,339,4,0,0,False,False,"https://guba.eastmoney.com/news,688076,1599149685.html",2026-07-06 17:07:02
eastmoney_guba,688076,1599165132,可以加仓了，我说的！,,十八岁女大学生,2041386070087928,2025-09-12 15:39:07,288,8,0,0,False,False,"https://guba.eastmoney.com/news,688076,1599165132.html",2026-07-06 17:07:02
eastmoney_guba,688076,1599170956,加油诺泰，奥利给,,股友096i3D3263,7569346148251556,2025-09-12 15:55:15,175,1,0,0,False,False,"https://guba.eastmoney.com/news,688076,1599170956.html",2026-07-06 17:07:02
eastmoney_guba,688076,1599178295,操，下午不给买回做T的机会，等周一41.2左右补一层,,独守花自开,3447335569687896,2025-09-12 16:16:38,200,1,0,0,False,False,"https://guba.eastmoney.com/news,688076,1599178295.html",2026-07-06 17:07:02
eastmoney_guba,688076,1599240487,那个独孤婆天天在这里发一些不相关的东西干扰诺泰股友，真TM讨厌至极！建议那几个捧,,股友7797c3010p,4938037378689346,2025-09-12 20:35:52,340,5,0,0,False,False,"https://guba.eastmoney.com/news,688076,1599240487.html",2026-07-06 17:07:02
eastmoney_guba,688076,1599267666,本小姐说离开彼离开非彼离开，顺便斗斗这些无脑人，果然是小学没毕业水平，看来股票亏,,独孤燕,2128027197149058,2025-09-12 22:40:52,879,47,0,0,True,False,"https://guba.eastmoney.com/news,688076,1599267666.html",2026-07-06 17:07:00
eastmoney_guba,688076,1599271748,下周还会继续调整,,江枫丨渔火,3125395530799198,2025-09-12 23:05:36,463,2,0,0,False,False,"https://guba.eastmoney.com/news,688076,1599271748.html",2026-07-06 17:07:02
eastmoney_guba,688076,1599294985,$ST诺泰(SH688076)$,,股友79K59802O5,7601026949971310,2025-09-13 07:13:58,564,1,0,0,True,False,"https://guba.eastmoney.com/news,688076,1599294985.html",2026-07-06 17:07:02
eastmoney_guba,688076,1599295113,$ST诺泰(SH688076)$,,股友79K59802O5,7601026949971310,2025-09-13 07:16:55,660,3,0,0,True,False,"https://guba.eastmoney.com/news,688076,1599295113.html",2026-07-06 17:07:02
eastmoney_guba,688076,1599325544,目前满仓。st牛多肽单个仓位小四成，其他所有股加起来六成多一点。牛太尉未减仓前也,,生财满堂的叶孤城,4717325948839376,2025-09-13 13:50:20,745,10,2,0,False,False,"https://guba.eastmoney.com/news,688076,1599325544.html",2026-07-06 17:07:02
eastmoney_guba,688076,1599330051,这就是个假ST，而且是机构不能买的ST,,AT8号,2499057297282732,2025-09-13 15:02:51,513,4,0,0,False,False,"https://guba.eastmoney.com/news,688076,1599330051.html",2026-07-06 17:07:00
eastmoney_guba,688076,1599336493,被ST标签错杀的技术寡头，产能释放+GLP-1管线兑现驱动高增长ST诺泰,,江枫丨渔火,3125395530799198,2025-09-13 16:37:54,1247,5,8,0,False,False,"https://guba.eastmoney.com/news,688076,1599336493.html",2026-07-06 17:07:02
eastmoney_guba,688076,1599394846,三季度报还是下滑我就走人，产量不代表订单量，现在诺泰最大的问题是产量起来了，订单,,神机的蓝岷,2834113661101498,2025-09-14 11:51:53,398,1,0,0,False,False,"https://guba.eastmoney.com/news,688076,1599394846.html",2026-07-06 17:07:02
eastmoney_guba,688076,1599411907,质疑了一下饮，问它为什么能融资买ST股票，它把我拉黑了,,腼腆羞涩的钱兰芳,7068385883064042,2025-09-14 15:47:05,312,5,0,0,False,False,"https://guba.eastmoney.com/news,688076,1599411907.html",2026-07-06 17:07:02
eastmoney_guba,688076,1599412468,《笑孤独》（9.14于穗）昔捧隐士口生莲，今变毒舌诽前贤。情恨蚀心似夜叉，妒火焚,,佛山隐士,5331047298658940,2025-09-14 15:54:53,1161,40,1,0,False,False,"https://guba.eastmoney.com/news,688076,1599412468.html",2026-07-06 17:07:00
eastmoney_guba,688076,1599440760,多肽减肥药引爆百亿市场！诺泰以时间和产能双领先抢占制高点（2025.9.14）世,,佛山隐士,5331047298658940,2025-09-14 22:02:46,1741,56,9,0,False,False,"https://guba.eastmoney.com/news,688076,1599440760.html",2026-07-06 17:07:00
eastmoney_guba,688076,1599444203,机会,,恒邦黄金2009,6267112497723944,2025-09-14 22:45:43,183,0,0,0,False,False,"https://guba.eastmoney.com/news,688076,1599444203.html",2026-07-06 17:07:02
eastmoney_guba,688076,1599444377,怎么那么多人喜欢阴谋论呢,,江枫丨渔火,3125395530799198,2025-09-14 22:48:03,220,2,0,0,False,False,"https://guba.eastmoney.com/news,688076,1599444377.html",2026-07-06 17:07:02
eastmoney_guba,688076,1599446977,46不让抛，现在41了。还写湿骂别人，内心阴暗。666,,股友79K59802O5,7601026949971310,2025-09-14 23:27:05,494,4,0,0,True,False,"https://guba.eastmoney.com/news,688076,1599446977.html",2026-07-06 17:07:02
eastmoney_guba,688076,1599453813,致佛山隐士尔辈：佛山无佛也无神，盲目自信动歪脑。开始牛气吹破天，打脸来的啪啪啪！,,独孤燕,2128027197149058,2025-09-15 03:50:40,221,1,0,0,False,False,"https://guba.eastmoney.com/news,688076,1599453813.html",2026-07-06 17:07:02
eastmoney_guba,688076,1599466227,FDA官网的新闻，诺泰的大部分都是API吧，客户是不是都是大户？,,南寒的都灵人,1431087104865032,2025-09-15 08:35:48,514,3,0,0,True,False,"https://guba.eastmoney.com/news,688076,1599466227.html",2026-07-06 17:07:02
eastmoney_guba,688076,1599592365,目前5层仓，月底到账100个，希望再下来点给买点,,江枫丨渔火,3125395530799198,2025-09-15 10:06:30,195,5,0,0,False,False,"https://guba.eastmoney.com/news,688076,1599592365.html",2026-07-06 17:07:02
eastmoney_guba,688076,1599651866,是反弹，就要减仓，反转还要看量。50.85跌到39.85，成交量不足3亿，没有反,,华远股东,3047426769600740,2025-09-15 10:38:53,141,3,0,0,False,False,"https://guba.eastmoney.com/news,688076,1599651866.html",2026-07-06 17:07:02
eastmoney_guba,688076,1599666067,我不装了，我摊牌了，之前唱空是想把不坚定的散户请出去，我是坚定看好诺泰的，只有尽,,江枫丨渔火,3125395530799198,2025-09-15 10:48:06,328,15,0,0,False,False,"https://guba.eastmoney.com/news,688076,1599666067.html",2026-07-06 17:07:00
eastmoney_guba,688076,1599700222,落后cro板块太多了,,医药不值得投资,5383084759787052,2025-09-15 11:12:00,173,1,0,0,False,False,"https://guba.eastmoney.com/news,688076,1599700222.html",2026-07-06 17:07:02
eastmoney_guba,688076,1599710418,处罚决定书不出来，不会大涨的,,有激情的晴月清8,1565074990940936,2025-09-15 11:19:20,112,2,0,0,False,False,"https://guba.eastmoney.com/news,688076,1599710418.html",2026-07-06 17:07:02
eastmoney_guba,688076,1599712358,40块的中期底已经确定了，赶紧上仓位，不要犹豫。回调到42左右就加仓，不回调就不,,独守花自开,3447335569687896,2025-09-15 11:20:46,146,3,0,0,False,False,"https://guba.eastmoney.com/news,688076,1599712358.html",2026-07-06 17:07:00
eastmoney_guba,688076,1599717135,洗出来了,,北京鸿程2收车,1823094613289884,2025-09-15 11:24:33,88,0,0,0,False,False,"https://guba.eastmoney.com/news,688076,1599717135.html",2026-07-06 17:07:02
eastmoney_guba,688076,1599719790,离46左右的超级套牢盘还有7个点左右，怕啥。赶紧抢筹，妈的，别人从其他板块挣了大,,独守花自开,3447335569687896,2025-09-15 11:26:38,92,0,0,0,False,False,"https://guba.eastmoney.com/news,688076,1599719790.html",2026-07-06 17:07:02
eastmoney_guba,688076,1599729197,我最喜欢诺泰的股吧兄弟们,,江枫丨渔火,3125395530799198,2025-09-15 11:38:05,267,3,0,0,False,False,"https://guba.eastmoney.com/news,688076,1599729197.html",2026-07-06 17:07:00
eastmoney_guba,688076,1599732970,1.拜托大家看看昭衍，康龙，美迪西，虽然买了诺泰这个，没办法。但是大势所趋,,独守花自开,3447335569687896,2025-09-15 11:45:17,420,7,0,0,False,False,"https://guba.eastmoney.com/news,688076,1599732970.html",2026-07-06 17:07:00
eastmoney_guba,688076,1599740834,都是杂毛，我去买百利天恒,,十八岁女大学生,2041386070087928,2025-09-15 12:04:48,84,0,0,0,False,False,"https://guba.eastmoney.com/news,688076,1599740834.html",2026-07-06 17:07:02
eastmoney_guba,688076,1599750893,这几天股价涨了一点点，几个又出来瞎比比了.过几天打脸.又不见人影了,,symxiao,1159013770929520,2025-09-15 12:41:31,96,0,0,0,False,False,"https://guba.eastmoney.com/news,688076,1599750893.html",2026-07-06 17:07:02
eastmoney_guba,688076,1599764510,几个意思？开始拉升了？,,遥远的塞纳河888,9037094342652420,2025-09-15 13:04:36,318,9,0,0,False,False,"https://guba.eastmoney.com/news,688076,1599764510.html",2026-07-06 17:07:00
eastmoney_guba,688076,1599795864,差不多可以进了。,,李大光,3670385569758982,2025-09-15 13:29:32,93,0,0,0,False,False,"https://guba.eastmoney.com/news,688076,1599795864.html",2026-07-06 17:07:00
eastmoney_guba,688076,1599798847,有公告出利好？,,股友SJL2ut,6142315783554678,2025-09-15 13:31:57,93,0,0,0,False,False,"https://guba.eastmoney.com/news,688076,1599798847.html",2026-07-06 17:07:00
eastmoney_guba,688076,1599809444,才割掉就反转？,,股友1v775R5522,4010436681346564,2025-09-15 13:40:26,304,13,0,0,False,False,"https://guba.eastmoney.com/news,688076,1599809444.html",2026-07-06 17:07:00
eastmoney_guba,688076,1599813549,弗山隐土可以扬眉吐气了。,,原菏泽老徐3516,4309054884528074,2025-09-15 13:43:54,131,1,0,0,False,False,"https://guba.eastmoney.com/news,688076,1599813549.html",2026-07-06 17:07:00
eastmoney_guba,688076,1599827719,今天应该是庄家轻拉一下，看看抛盘大不大，总体上还好，到50元压力不会太大,,古越新安,4541336174369464,2025-09-15 13:55:44,292,7,0,0,False,False,"https://guba.eastmoney.com/news,688076,1599827719.html",2026-07-06 17:07:00
eastmoney_guba,688076,1599841233,有点冲高回落，要稳住！,,古越新安,4541336174369464,2025-09-15 14:06:54,82,0,0,0,False,False,"https://guba.eastmoney.com/news,688076,1599841233.html",2026-07-06 17:07:00
eastmoney_guba,688076,1599866851,回落这么多,,榴莲哥,6014094256309422,2025-09-15 14:28:00,110,1,0,0,False,False,"https://guba.eastmoney.com/news,688076,1599866851.html",2026-07-06 17:07:00
eastmoney_guba,688076,1599874469,缓跌急涨，必定是要甩一部分人下车的，人性使然，大部分人卖了以后，都想低位买回，然,,币锭拿下,6046346014730666,2025-09-15 14:34:02,141,0,0,0,False,False,"https://guba.eastmoney.com/news,688076,1599874469.html",2026-07-06 17:07:00
eastmoney_guba,688076,1599914469,尾盘跑了，明天低开再来接，,,驷马股弈镜像行,8911055014992550,2025-09-15 15:06:30,113,1,0,0,False,False,"https://guba.eastmoney.com/news,688076,1599914469.html",2026-07-06 17:07:00
eastmoney_guba,688076,1599924868,控盘太好了，尾皇43.99元，这是什么暗号？,,古越新安,4541336174369464,2025-09-15 15:25:38,179,2,0,0,False,False,"https://guba.eastmoney.com/news,688076,1599924868.html",2026-07-06 17:07:00
eastmoney_guba,688076,1599956531,诺泰半年业绩简单测算未来,,江枫丨渔火,3125395530799198,2025-09-15 16:56:15,1433,23,1,0,False,False,"https://guba.eastmoney.com/news,688076,1599956531.html",2026-07-06 17:07:00
eastmoney_guba,688076,1600004985,佛山害人精.你认为诺泰好就持有为何要费心费力招骂呢。这就使怀疑了.特别是在股价下,,symxiao,1159013770929520,2025-09-15 20:10:18,383,8,0,0,False,False,"https://guba.eastmoney.com/news,688076,1600004985.html",2026-07-06 17:07:00
eastmoney_guba,688076,1600007309,这个吧里好奇怪！某些人攻击这个，贬低那个！你铽么的看股吧帖子炒股票啊！都是千年的,,遥远的塞纳河888,9037094342652420,2025-09-15 20:19:49,147,2,0,0,False,False,"https://guba.eastmoney.com/news,688076,1600007309.html",2026-07-06 17:07:00
eastmoney_guba,688076,1600017951,你们预测就不要搞了，一点准头都没有，我预测十个月后解除ST，必然波拉升。你们这些,,十八岁女大学生,2041386070087928,2025-09-15 21:03:57,134,0,0,0,False,False,"https://guba.eastmoney.com/news,688076,1600017951.html",2026-07-06 17:07:00
eastmoney_guba,688076,1600024976,佛山这条沙gou又高潮了，只要这13在，诺泰就还得跌回去,,谦虚的君清雪,5212585183198414,2025-09-15 21:32:27,133,0,0,0,False,False,"https://guba.eastmoney.com/news,688076,1600024976.html",2026-07-06 17:07:00
eastmoney_guba,688076,1600036362,佛山无隐也无士，跳梁小丑佛隐士。开始牛皮吹上天，现实骨感又打脸。八月唱多害粉亏，,,独孤燕,2128027197149058,2025-09-15 22:16:32,304,4,0,0,False,False,"https://guba.eastmoney.com/news,688076,1600036362.html",2026-07-06 17:07:00
eastmoney_guba,688076,1600057456,关于ST诺泰9月15日股价大涨的原因，大概率与美国FDA公布的原料药进口“绿名单,,佛山隐士,5331047298658940,2025-09-16 00:56:31,1298,16,2,0,False,False,"https://guba.eastmoney.com/news,688076,1600057456.html",2026-07-06 17:07:00
eastmoney_guba,688076,1600082500,司美格鲁肽又一重磅好消息。,,古越新安,4541336174369464,2025-09-16 08:37:45,426,1,2,0,True,False,"https://guba.eastmoney.com/news,688076,1600082500.html",2026-07-06 17:07:00
eastmoney_guba,688076,1600144868,44小赚出,,榴莲哥,6014094256309422,2025-09-16 09:42:04,76,1,0,0,False,False,"https://guba.eastmoney.com/news,688076,1600144868.html",2026-07-06 17:07:00
eastmoney_guba,688076,1600147802,幸亏开盘就跑了,,别听他们忽悠,3124396168972760,2025-09-16 09:43:09,73,1,0,0,False,False,"https://guba.eastmoney.com/news,688076,1600147802.html",2026-07-06 17:07:00
eastmoney_guba,688076,1600149853,这么明显的拉高,,别听他们忽悠,3124396168972760,2025-09-16 09:43:54,61,0,0,0,False,False,"https://guba.eastmoney.com/news,688076,1600149853.html",2026-07-06 17:07:00
eastmoney_guba,688076,1600265052,走势乱成一匹，难道有新庄家进入？,,古越新安,4541336174369464,2025-09-16 10:36:17,210,3,0,0,False,False,"https://guba.eastmoney.com/news,688076,1600265052.html",2026-07-06 17:07:00
eastmoney_guba,688076,1600296642,科创板cro基本都新高了。。。落后太多了,,医药不值得投资,5383084759787052,2025-09-16 10:54:41,175,0,0,0,False,False,"https://guba.eastmoney.com/news,688076,1600296642.html",2026-07-06 17:07:00
eastmoney_guba,688076,1600359574,那天的39.88元，应该是短期内的底了从50元砸到39.88元，撤退了多少股友？,,遥远的塞纳河888,9037094342652420,2025-09-16 11:56:53,204,2,0,0,False,False,"https://guba.eastmoney.com/news,688076,1600359574.html",2026-07-06 17:07:00
eastmoney_guba,688076,1600494668,豪能今天又把佛山隐士的脸打的啪啪响，神棍一个，啥豪能不靠谱，豪能靠谱的很，豪能我,,独孤燕,2128027197149058,2025-09-16 14:27:45,297,7,1,0,False,False,"https://guba.eastmoney.com/news,688076,1600494668.html",2026-07-06 17:07:00
eastmoney_guba,688076,1600529853,阳光诺和皓元医药科创板cro都在新高了,,医药不值得投资,5383084759787052,2025-09-16 14:52:41,226,0,0,0,False,False,"https://guba.eastmoney.com/news,688076,1600529853.html",2026-07-06 17:07:00
eastmoney_guba,688076,1600533927,昨做大阳一出来，这个佛山隐私就开始巴拉巴拉了，真的应该全民抵制让他闭嘴。。。这种,,江枫丨渔火,3125395530799198,2025-09-16 14:55:27,337,16,0,0,False,False,"https://guba.eastmoney.com/news,688076,1600533927.html",2026-07-06 17:07:00
eastmoney_guba,688076,1600535004,带着帽子，连董秘都回避了，不会有作为，需要等事态明朗再看了。,,niu146,1463013340527168,2025-09-16 14:56:08,100,0,0,0,False,False,"https://guba.eastmoney.com/news,688076,1600535004.html",2026-07-06 17:07:00
eastmoney_guba,688076,1600582201,诺泰生物收到行政处罚预通知到今天为止，刚好2个月整了。。。慢慢长路还是挺熬人的。,,江枫丨渔火,3125395530799198,2025-09-16 16:33:04,660,3,0,0,False,False,"https://guba.eastmoney.com/news,688076,1600582201.html",2026-07-06 17:07:00
eastmoney_guba,688076,1600585083,今天诺泰走势正常，收盘微涨0.11%。收盘股价站上所有各条均线。技术指标上，今日,,佛山隐士,5331047298658940,2025-09-16 16:42:29,1231,21,0,0,False,False,"https://guba.eastmoney.com/news,688076,1600585083.html",2026-07-06 17:07:00
eastmoney_guba,688076,1600609984,在外面左一枪右一炮地终于把从50下来的亏损全部找回了。它还在，又啲巴啲的，恶心地,,只看最本质,7139144735501360,2025-09-16 18:07:54,179,0,0,0,False,False,"https://guba.eastmoney.com/news,688076,1600609984.html",2026-07-06 17:07:00
eastmoney_guba,688076,1600734511,按目前GLP1受体激动剂研究进展，GLP1有益于血糖，有益于减肥，有益于肝，有益,,股友l2835902H3,3184386264913326,2025-09-17 09:05:47,201,2,1,0,False,False,"https://guba.eastmoney.com/news,688076,1600734511.html",2026-07-06 17:07:00
eastmoney_guba,688076,1600766306,ST诺泰24年立案调查中，信披违规受损投资者可索赔,,知股微声,6820335832347056,2025-09-17 09:33:06,142,1,0,0,False,False,"https://guba.eastmoney.com/news,688076,1600766306.html",2026-07-06 17:07:00
eastmoney_guba,688076,1600893449,事实再次证明佛山隐士你真不行，豪能再次把你的脸打的啪啪啪的响，我带粉豪能妥妥滴大,,独孤燕,2128027197149058,2025-09-17 10:27:02,74,0,0,0,False,False,"https://guba.eastmoney.com/news,688076,1600893449.html",2026-07-06 17:07:00
eastmoney_guba,688076,1600936100,关于诺泰目前是否在美国FDA的绿名单中的回答……是的！其他就自己判断吧,,听海的枫,9501094056680964,2025-09-17 10:51:13,500,1,0,0,True,False,"https://guba.eastmoney.com/news,688076,1600936100.html",2026-07-06 17:07:00
eastmoney_guba,688076,1601008138,....压力太大突破不了啊,,医药不值得投资,5383084759787052,2025-09-17 11:48:06,152,0,0,0,False,False,"https://guba.eastmoney.com/news,688076,1601008138.html",2026-07-06 17:07:00
eastmoney_guba,688076,1601028600,今天我三支重仓的票中东睦股份又涨停了，所以说，有些粉丝患得患失是不对的，东睦的粉,,佛山隐士,5331047298658940,2025-09-17 12:50:31,1251,38,0,0,False,False,"https://guba.eastmoney.com/news,688076,1601028600.html",2026-07-06 17:07:00
eastmoney_guba,688076,1601154959,哎这才反弹多少就开始横盘了,,医药不值得投资,5383084759787052,2025-09-17 14:26:35,80,0,0,0,False,False,"https://guba.eastmoney.com/news,688076,1601154959.html",2026-07-06 17:07:00
eastmoney_guba,688076,1601157110,佛山：精师不明，学艺不精。天天瞎蒙，靠蒙瞎猜，忽悠粉丝。你的三支票一支涨停两支大,,独孤燕,2128027197149058,2025-09-17 14:28:10,304,2,0,0,True,False,"https://guba.eastmoney.com/news,688076,1601157110.html",2026-07-06 17:07:00
eastmoney_guba,688076,1601170359,隐士发帖，诺泰必跌,,江枫丨渔火,3125395530799198,2025-09-17 14:37:21,379,9,1,0,False,False,"https://guba.eastmoney.com/news,688076,1601170359.html",2026-07-06 17:07:00
eastmoney_guba,688076,1601245059,深度解读：为何ST诺泰的多肽减肥药原料药不会涉及专利纠纷如果一家公司作为CDMO,,佛山隐士,5331047298658940,2025-09-17 16:22:21,1134,17,3,0,False,False,"https://guba.eastmoney.com/news,688076,1601245059.html",2026-07-06 17:06:58
eastmoney_guba,688076,1601245737,我只看趋势和未来，我和隐士有本质的区别,,江枫丨渔火,3125395530799198,2025-09-17 16:24:09,890,34,0,0,False,False,"https://guba.eastmoney.com/news,688076,1601245737.html",2026-07-06 17:07:00
eastmoney_guba,688076,1601276632,前两天诺泰总体来说出现了反弹，这是不错的消息。但是诺泰未能稳在44元上方。目前一,,萤火之约,4903065278637186,2025-09-17 17:59:13,190,1,0,0,False,False,"https://guba.eastmoney.com/news,688076,1601276632.html",2026-07-06 17:07:00
eastmoney_guba,688076,1601530664,不争气呀不争气,,luotuoxzx,6756094607583200,2025-09-18 10:05:18,60,0,0,0,False,False,"https://guba.eastmoney.com/news,688076,1601530664.html",2026-07-06 17:07:00
eastmoney_guba,688076,1601554815,哟，这垃圾票还墨迹呢，都没人信他能拉，我还有一点底仓给个机会也割了他,,屯老二才买A股,8960346358579732,2025-09-18 10:15:44,83,2,0,0,False,False,"https://guba.eastmoney.com/news,688076,1601554815.html",2026-07-06 17:07:00
eastmoney_guba,688076,1601632022,一动不动是,,想天天涨停板,8453325540161218,2025-09-18 10:53:12,58,0,0,0,False,False,"https://guba.eastmoney.com/news,688076,1601632022.html",2026-07-06 17:07:00
eastmoney_guba,688076,1601646277,有个律所好像揭不开锅了，总到这里来要饭。,,luotuoxzx,6756094607583200,2025-09-18 11:00:47,92,2,0,0,False,False,"https://guba.eastmoney.com/news,688076,1601646277.html",2026-07-06 17:07:00
eastmoney_guba,688076,1601658182,要吹至少要创新高了再吹吧，科创50一路新高，这边指数基金都跑不过，还有脸吹。,,还康得新正义,4313075457881082,2025-09-18 11:07:33,107,3,0,0,False,False,"https://guba.eastmoney.com/news,688076,1601658182.html",2026-07-06 17:07:00
eastmoney_guba,688076,1601703948,隐士这次3支票，一支东睦昨天今天还是可以的，其它两次表现比较拉胯，我不看多也不看,,独孤燕,2128027197149058,2025-09-18 11:43:08,218,4,1,0,False,False,"https://guba.eastmoney.com/news,688076,1601703948.html",2026-07-06 17:07:00
eastmoney_guba,688076,1601718061,就这么难吗，主力拉到46让我跑一点吧，拜托,,独守花自开,3447335569687896,2025-09-18 12:12:20,130,3,0,0,False,False,"https://guba.eastmoney.com/news,688076,1601718061.html",2026-07-06 17:07:00
eastmoney_guba,688076,1601742658,你不是减肥药嘛,,一定会发财的蘑菇,7995356505160028,2025-09-18 13:02:56,73,0,0,0,False,False,"https://guba.eastmoney.com/news,688076,1601742658.html",2026-07-06 17:07:00
eastmoney_guba,688076,1601744039,为什么ST？,,秋枫飞雪,5400013611700572,2025-09-18 13:04:01,85,0,0,0,False,False,"https://guba.eastmoney.com/news,688076,1601744039.html",2026-07-06 17:07:00
eastmoney_guba,688076,1601890227,这吧有股神，买点,,问财于道,2553375942078778,2025-09-18 14:27:02,76,0,0,0,False,False,"https://guba.eastmoney.com/news,688076,1601890227.html",2026-07-06 17:07:00
eastmoney_guba,688076,1601914801,又破43了，回调有点大,,古越新安,4541336174369464,2025-09-18 14:39:39,117,2,0,0,False,False,"https://guba.eastmoney.com/news,688076,1601914801.html",2026-07-06 17:07:00
eastmoney_guba,688076,1601915223,今天诺泰是被大盘带下来的，跟隐士的黑嘴没关系,,深谋远虑的钱翔云,8210094435390506,2025-09-18 14:39:50,264,11,0,0,False,False,"https://guba.eastmoney.com/news,688076,1601915223.html",2026-07-06 17:06:58
eastmoney_guba,688076,1602002039,专业知识解读：ST诺泰在生产多肽药物上、相比国内外所有公司最大优势在于：诺泰是固,,佛山隐士,5331047298658940,2025-09-18 16:34:21,1262,26,1,0,False,False,"https://guba.eastmoney.com/news,688076,1602002039.html",2026-07-06 17:06:58
eastmoney_guba,688076,1602085025,今天诺泰走势不佳，但大家不用担心，9月12日和15日两天的长阳线，已经确立了诺泰,,佛山隐士,5331047298658940,2025-09-18 21:21:36,1484,34,2,0,False,False,"https://guba.eastmoney.com/news,688076,1602085025.html",2026-07-06 17:06:58
eastmoney_guba,688076,1602093304,它完全可以在自己的小群里挥洒自己的那点能耐，为什么一再在大群里喧嚣，其用心就是拉,,只看最本质,7139144735501360,2025-09-18 21:49:40,156,2,0,0,False,False,"https://guba.eastmoney.com/news,688076,1602093304.html",2026-07-06 17:07:00
eastmoney_guba,688076,1602117122,我对诺泰生物收到正式行政处罚决定书的时间预测如下：1.当前进展与参考时间。诺泰生,,神机的蓝岷,2834113661101498,2025-09-18 23:26:58,589,2,3,0,False,False,"https://guba.eastmoney.com/news,688076,1602117122.html",2026-07-06 17:07:00
eastmoney_guba,688076,1602128268,80前不会考虑卖出，随便跌，跌多点可以补，补的前提条件是每跌百分之10，补10万,,股友tcoluc0226,3500094558052162,2025-09-19 01:04:53,214,2,0,0,False,False,"https://guba.eastmoney.com/news,688076,1602128268.html",2026-07-06 17:07:00
eastmoney_guba,688076,1602151366,三只喜鹊挂枝头,,luotuoxzx,6756094607583200,2025-09-19 07:53:13,118,2,0,0,False,False,"https://guba.eastmoney.com/news,688076,1602151366.html",2026-07-06 17:07:00
eastmoney_guba,688076,1602368791,弗山隐土的不少发帖，9月18日说次日诺泰要收复前日阵地，大家拭目以待。至于谁损失,,原菏泽老徐3516,4309054884528074,2025-09-19 10:43:49,228,6,0,0,False,False,"https://guba.eastmoney.com/news,688076,1602368791.html",2026-07-06 17:06:58
eastmoney_guba,688076,1602413221,股价会周期性表现，基本面的信息，真不用写太多，会审美疲劳,,石头小叮当,2519345662868604,2025-09-19 11:09:52,161,2,0,0,False,False,"https://guba.eastmoney.com/news,688076,1602413221.html",2026-07-06 17:07:00
eastmoney_guba,688076,1602430001,一看到隐士天天吹喇叭，烦死了。好股票不用天天吹，关键时刻提醒一下就行了。闭嘴吧，,,古越新安,4541336174369464,2025-09-19 11:21:27,365,6,1,0,False,False,"https://guba.eastmoney.com/news,688076,1602430001.html",2026-07-06 17:07:00
eastmoney_guba,688076,1602443728,反弹结束。。。继续破40？,,医药不值得投资,5383084759787052,2025-09-19 11:33:05,101,1,0,0,False,False,"https://guba.eastmoney.com/news,688076,1602443728.html",2026-07-06 17:07:00
eastmoney_guba,688076,1602513765,空仓应对黑周一,,没翻倍不算赚,5013023721672056,2025-09-19 13:27:43,143,1,0,0,False,False,"https://guba.eastmoney.com/news,688076,1602513765.html",2026-07-06 17:06:58
eastmoney_guba,688076,1602514751,主力看隐士不顺眼，只要他一发言，主力就打他的脸,,深谋远虑的钱翔云,8210094435390506,2025-09-19 13:28:21,141,2,0,0,False,False,"https://guba.eastmoney.com/news,688076,1602514751.html",2026-07-06 17:07:00
eastmoney_guba,688076,1602527550,重要的事情说三遍。不管大家有没有这票，即便有票，我们都是散户，都是要看主力的脸色,,勇敢坚毅的严茜松,7172027579442060,2025-09-19 13:36:33,233,2,0,0,False,False,"https://guba.eastmoney.com/news,688076,1602527550.html",2026-07-06 17:06:58
eastmoney_guba,688076,1602537247,跌这么欢是为了啥？,,平等的车柏1,8345386180434982,2025-09-19 13:42:41,126,0,0,0,False,False,"https://guba.eastmoney.com/news,688076,1602537247.html",2026-07-06 17:07:00
eastmoney_guba,688076,1602552362,是的，已经严重审美疲劳，字数太多多，意思简单单，无非就是说，诺泰是值得持有和潜伏,,石头小叮当,2519345662868604,2025-09-19 13:53:37,181,1,0,0,False,False,"https://guba.eastmoney.com/news,688076,1602552362.html",2026-07-06 17:06:58
eastmoney_guba,688076,1602555781,“隐士”这个词，表面看是“隐居不仕的人”，但它的含义远不止“躲起来”这么简单。它,,石头小叮当,2519345662868604,2025-09-19 13:56:02,167,0,0,0,False,False,"https://guba.eastmoney.com/news,688076,1602555781.html",2026-07-06 17:07:00
eastmoney_guba,688076,1602591882,其实大家都知道，买诺泰都是考虑长线持有。如果做短线赚快钱，应该去搞科技股才对。所,,最爱送转股,7969094294915914,2025-09-19 14:25:03,195,0,0,0,False,False,"https://guba.eastmoney.com/news,688076,1602591882.html",2026-07-06 17:07:00
eastmoney_guba,688076,1602609995,看样子还有跌破40的可能，前几天的低点还需确认,,老高盈利并不难,1944111678218282,2025-09-19 14:39:27,227,2,0,0,False,False,"https://guba.eastmoney.com/news,688076,1602609995.html",2026-07-06 17:06:58
eastmoney_guba,688076,1602644318,前天想减仓的你，它劝你稳住并加仓，它减没减你不知道，你只感觉到小山头上的风有点冷,,只看最本质,7139144735501360,2025-09-19 15:05:05,183,0,0,0,False,False,"https://guba.eastmoney.com/news,688076,1602644318.html",2026-07-06 17:06:58
eastmoney_guba,688076,1602647435,佛山出来吹票呀，高位让粉丝接盘还嘚瑟,,傲气的佛觅儿,5598486666742320,2025-09-19 15:08:45,157,0,0,0,False,False,"https://guba.eastmoney.com/news,688076,1602647435.html",2026-07-06 17:06:58
eastmoney_guba,688076,1602667041,希望诺泰再跌一跌，维持在35-40是最好的,,江枫丨渔火,3125395530799198,2025-09-19 15:46:09,528,8,0,0,False,False,"https://guba.eastmoney.com/news,688076,1602667041.html",2026-07-06 17:06:58
eastmoney_guba,688076,1602668832,死多头，屁股决定脑袋，所谓解盘只为自己找理由而已，大家其实也差不多，他也挺可怜的,,股友l2835902H3,3184386264913326,2025-09-19 15:50:47,173,0,0,0,False,False,"https://guba.eastmoney.com/news,688076,1602668832.html",2026-07-06 17:06:58
eastmoney_guba,688076,1602669285,沿20日线，30日线下跌。隐士来写小作文啊，带粉抢筹啊。,,看涨必跌,4016094080719814,2025-09-19 15:51:59,178,0,0,0,False,False,"https://guba.eastmoney.com/news,688076,1602669285.html",2026-07-06 17:06:58
eastmoney_guba,688076,1602703231,佛山隐士在诺泰被搞的灰头土脸，你让人家以后怎么在江湖里混啊,,深谋远虑的钱翔云,8210094435390506,2025-09-19 17:44:19,304,7,0,0,False,False,"https://guba.eastmoney.com/news,688076,1602703231.html",2026-07-06 17:06:58
eastmoney_guba,688076,1602704391,这波行情要到25,,想天天涨停板,8453325540161218,2025-09-19 17:48:32,492,1,0,0,False,False,"https://guba.eastmoney.com/news,688076,1602704391.html",2026-07-06 17:06:58
eastmoney_guba,688076,1602722959,这里基本没有做短线的吧长线投资不关注一时,,秋刀鱼之滋味,8586023872626028,2025-09-19 19:14:20,180,0,0,0,False,False,"https://guba.eastmoney.com/news,688076,1602722959.html",2026-07-06 17:06:58
eastmoney_guba,688076,1602725223,应该是100元的股票，让大股东生生整成ST了！,,华远股东,3047426769600740,2025-09-19 19:25:47,284,2,0,0,False,False,"https://guba.eastmoney.com/news,688076,1602725223.html",2026-07-06 17:06:58
eastmoney_guba,688076,1602731492,减肥药之王,,股友c916k32077,3204486733325336,2025-09-19 19:56:57,191,0,0,0,False,False,"https://guba.eastmoney.com/news,688076,1602731492.html",2026-07-06 17:06:58
eastmoney_guba,688076,1602735261,诺泰42元，圣诺生物已经跌到38元了,,中国股市投资巨头,3556366205011162,2025-09-19 20:15:29,227,1,0,0,False,False,"https://guba.eastmoney.com/news,688076,1602735261.html",2026-07-06 17:06:58
eastmoney_guba,688076,1602751232,我看到400元。各位一定不要跑。,,别听他们忽悠,3124396168972760,2025-09-19 21:34:30,219,2,0,0,False,False,"https://guba.eastmoney.com/news,688076,1602751232.html",2026-07-06 17:06:58
eastmoney_guba,688076,1602765371,诺泰这票在40左右上下我都说了可以进点玩玩了，它跌破了40，在40左右上下徘徊了,,独孤燕,2128027197149058,2025-09-19 22:54:03,341,2,0,0,False,False,"https://guba.eastmoney.com/news,688076,1602765371.html",2026-07-06 17:06:58
eastmoney_guba,688076,1602769684,个人观点：诺泰3000万技术转让，认定虚假并处罚很重，应该有些牵强，会不会与易有,,股友76636kq858,9304077574992074,2025-09-19 23:24:36,504,4,0,0,False,False,"https://guba.eastmoney.com/news,688076,1602769684.html",2026-07-06 17:06:58
eastmoney_guba,688076,1602831188,火车上无聊，瞎扯下，咱也会。结合周期和波浪理论，现在是b浪b，支撑位在42块钱，,,屯老二才买A股,8960346358579732,2025-09-20 15:10:41,316,0,0,0,False,False,"https://guba.eastmoney.com/news,688076,1602831188.html",2026-07-06 17:06:58
eastmoney_guba,688076,1602841831,看着这走势，下周估计能在24块企稳,,别听他们忽悠,3124396168972760,2025-09-20 17:26:05,1216,1,0,0,False,False,"https://guba.eastmoney.com/news,688076,1602841831.html",2026-07-06 17:06:58
eastmoney_guba,688076,1602847952,大家握紧筹码，再坚持几个月。,,忠与叶,1181054527685094,2025-09-20 18:47:58,384,4,0,0,False,False,"https://guba.eastmoney.com/news,688076,1602847952.html",2026-07-06 17:06:58
eastmoney_guba,688076,1602860849,向专业律师朋友咨询：诺泰生物被处罚的法理依据是否充分（注：回答是肯定的，长知识了,,佛山隐士,5331047298658940,2025-09-20 21:34:58,2171,42,2,0,False,False,"https://guba.eastmoney.com/news,688076,1602860849.html",2026-07-06 17:06:52
eastmoney_guba,688076,1602871627,这货st之后居然最高搞到50+，真离谱。,,Acolamatata,4794205738036076,2025-09-21 00:17:25,236,0,0,0,False,False,"https://guba.eastmoney.com/news,688076,1602871627.html",2026-07-06 17:06:58
eastmoney_guba,688076,1602888733,周一要是再，看我怎么收拾你，算了，确实没办法，,,屯老二才买A股,8960346358579732,2025-09-21 10:02:18,179,0,0,0,False,False,"https://guba.eastmoney.com/news,688076,1602888733.html",2026-07-06 17:06:58
eastmoney_guba,688076,1602889325,看样子横盘个半年一年都很正常。不是今年的主线真是很难涨。,,别听他们忽悠,3124396168972760,2025-09-21 10:08:32,179,1,0,0,False,False,"https://guba.eastmoney.com/news,688076,1602889325.html",2026-07-06 17:06:58
eastmoney_guba,688076,1602919487,诺泰的三季度业绩自愿披露还有6个交易日,,江枫丨渔火,3125395530799198,2025-09-21 16:45:58,638,5,1,0,False,False,"https://guba.eastmoney.com/news,688076,1602919487.html",2026-07-06 17:06:58
eastmoney_guba,688076,1602950688,真垃圾，在药店里卖，这一盒7粒的40元，在网上买10粒的才13左右…退市吧，药价,,l捉妖师zg,7250094371821410,2025-09-21 22:35:37,851,11,0,0,True,False,"https://guba.eastmoney.com/news,688076,1602950688.html",2026-07-06 17:06:58
eastmoney_guba,688076,1603065554,天天先涨后跌有意思吗？不服都不行,,股友922h8X6591,6699256662728486,2025-09-22 09:51:36,77,1,0,0,False,False,"https://guba.eastmoney.com/news,688076,1603065554.html",2026-07-06 17:06:58
eastmoney_guba,688076,1603069267,这种走势就是多做高抛低吸，在44块和39的箱体里面多做几次成本就降下来了。,,别听他们忽悠,3124396168972760,2025-09-22 09:53:13,114,1,0,0,False,False,"https://guba.eastmoney.com/news,688076,1603069267.html",2026-07-06 17:06:58
eastmoney_guba,688076,1603159297,诺泰这段时间的走势完全就是教科书,,江枫丨渔火,3125395530799198,2025-09-22 10:39:04,392,7,0,0,False,False,"https://guba.eastmoney.com/news,688076,1603159297.html",2026-07-06 17:06:58
eastmoney_guba,688076,1603221793,如果这个主力打压至今还没吸到足够的筹码，那今年他绝对是个loser！等三季报一预,,股友86pt611905,2931316098174320,2025-09-22 11:23:29,141,1,0,0,False,False,"https://guba.eastmoney.com/news,688076,1603221793.html",2026-07-06 17:06:58
eastmoney_guba,688076,1603224143,周五赚钱没跑，彻底套牢了,,账户天天涨,1320305502224462,2025-09-22 11:25:22,72,0,0,0,False,False,"https://guba.eastmoney.com/news,688076,1603224143.html",2026-07-06 17:06:58
eastmoney_guba,688076,1603276268,大牛市外面好票多的是，佛山天天把粉耗这里有点瞎扯淡了就，2个月了，天天纸上谈兵…,,独孤燕,2128027197149058,2025-09-22 13:09:57,180,8,0,0,False,False,"https://guba.eastmoney.com/news,688076,1603276268.html",2026-07-06 17:06:58
eastmoney_guba,688076,1603343125,对愁眠又在吠空,,原菏泽老徐3516,4309054884528074,2025-09-22 14:00:19,103,0,0,0,False,False,"https://guba.eastmoney.com/news,688076,1603343125.html",2026-07-06 17:06:58
eastmoney_guba,688076,1603361513,某某继续出来吹票,,傲气的佛觅儿,5598486666742320,2025-09-22 14:14:30,168,5,0,0,False,False,"https://guba.eastmoney.com/news,688076,1603361513.html",2026-07-06 17:06:58
eastmoney_guba,688076,1603374064,2个多月时间50个多个交易日证明佛山隐士不行，瞎扯淡,,独孤燕,2128027197149058,2025-09-22 14:24:50,427,12,0,0,True,False,"https://guba.eastmoney.com/news,688076,1603374064.html",2026-07-06 17:06:58
eastmoney_guba,688076,1603400334,今天有这样一个消息，辉瑞收购减肥药公司，减肥药板块午后大跳水，诺泰跟板块跳了，也,,萤火之约,4903065278637186,2025-09-22 14:46:03,761,6,0,0,True,False,"https://guba.eastmoney.com/news,688076,1603400334.html",2026-07-06 17:06:58
eastmoney_guba,688076,1603404816,隐士周末一篇小作文，周一早盘冲进来的粉丝又被埋了。送到主力嘴边的肉，咋说呢，只能,,看涨必跌,4016094080719814,2025-09-22 14:49:21,171,3,0,0,False,False,"https://guba.eastmoney.com/news,688076,1603404816.html",2026-07-06 17:06:58
eastmoney_guba,688076,1603418094,最近一个多月流出10个亿了。。。,,医药不值得投资,5383084759787052,2025-09-22 15:00:05,122,2,0,0,False,False,"https://guba.eastmoney.com/news,688076,1603418094.html",2026-07-06 17:06:58
eastmoney_guba,688076,1603467610,隐湿废，诺泰生。,,只看最本质,7139144735501360,2025-09-22 16:58:20,107,0,0,0,False,False,"https://guba.eastmoney.com/news,688076,1603467610.html",2026-07-06 17:06:58
eastmoney_guba,688076,1603476875,三只松鼠,,想天天涨停板,8453325540161218,2025-09-22 17:26:51,100,0,0,0,False,False,"https://guba.eastmoney.com/news,688076,1603476875.html",2026-07-06 17:06:58
eastmoney_guba,688076,1603490036,你是主力，早盘进来千八百万的散户资金抢筹，你是主力你不高抛压盘吗？压盘下去再接回,,看涨必跌,4016094080719814,2025-09-22 18:17:34,160,0,0,0,False,False,"https://guba.eastmoney.com/news,688076,1603490036.html",2026-07-06 17:06:58
eastmoney_guba,688076,1603490449,佛山隐士不死，此股不涨,,股友Z8zlKt,4487345851200262,2025-09-22 18:19:20,118,1,0,0,False,False,"https://guba.eastmoney.com/news,688076,1603490449.html",2026-07-06 17:06:58
eastmoney_guba,688076,1603497534,隐湿是时候该反省一下，自己不是自恋的那个文曲星，而实际上就是是个扫＊星,,只看最本质,7139144735501360,2025-09-22 18:50:22,136,1,0,0,False,False,"https://guba.eastmoney.com/news,688076,1603497534.html",2026-07-06 17:06:58
eastmoney_guba,688076,1603502033,辉瑞73亿美元收购Metsera引发减肥药板块震荡：竞争格局重构下投资者信心受打,,佛山隐士,5331047298658940,2025-09-22 19:11:26,4647,42,16,0,False,False,"https://guba.eastmoney.com/news,688076,1603502033.html",2026-07-06 17:06:50
eastmoney_guba,688076,1603515946,关于Metsera这家公司，是一家典型的初创企业，0营收，常年亏损，给73亿美元,,萤火之约,4903065278637186,2025-09-22 20:10:45,706,0,0,0,True,False,"https://guba.eastmoney.com/news,688076,1603515946.html",2026-07-06 17:06:58
eastmoney_guba,688076,1603519915,还有几个交易日，耐心等待三季度报,,江枫丨渔火,3125395530799198,2025-09-22 20:27:40,587,5,1,0,False,False,"https://guba.eastmoney.com/news,688076,1603519915.html",2026-07-06 17:06:58
eastmoney_guba,688076,1603561783,科普一下，童梓权，1970年1月生，新加坡国籍，毕业于新加坡国立大学化工系，硕士,,神机的蓝岷,2834113661101498,2025-09-22 23:35:56,744,4,0,0,False,False,"https://guba.eastmoney.com/news,688076,1603561783.html",2026-07-06 17:06:58
eastmoney_guba,688076,1603580208,佛山隐士就是一个托，我数次都给大家提醒，好多粉还是被忽悠进去了，大家可以想想，机,,独孤燕,2128027197149058,2025-09-23 04:40:42,825,10,1,0,False,False,"https://guba.eastmoney.com/news,688076,1603580208.html",2026-07-06 17:06:56
eastmoney_guba,688076,1603581671,"公司与诺泰生物签订的""司美格鲁肽注射液""项目目前处于III期临床试验随访阶段，请",,股友A197669V05,8030376544910926,2025-09-23 05:22:44,429,0,0,0,False,False,"https://guba.eastmoney.com/news,688076,1603581671.html",2026-07-06 17:06:58
eastmoney_guba,688076,1603793510,本人多年来的炒股体会，与操作原则,,老高盈利并不难,1944111678218282,2025-09-23 10:27:09,396,6,0,0,False,False,"https://guba.eastmoney.com/news,688076,1603793510.html",2026-07-06 17:06:58
eastmoney_guba,688076,1603973075,诺泰呀！是不是金子，到了证明你的成色的时候啦！挺住！涨啊！,,股友SDIPLp4274,4160085463132982,2025-09-23 13:21:32,111,1,0,0,False,False,"https://guba.eastmoney.com/news,688076,1603973075.html",2026-07-06 17:06:58
eastmoney_guba,688076,1604082154,有点东西,,古越新安,4541336174369464,2025-09-23 14:50:33,220,2,0,0,False,False,"https://guba.eastmoney.com/news,688076,1604082154.html",2026-07-06 17:06:58
eastmoney_guba,688076,1604154434,诺泰的双底形态已经逐步在形成,,江枫丨渔火,3125395530799198,2025-09-23 17:30:42,649,4,1,0,False,False,"https://guba.eastmoney.com/news,688076,1604154434.html",2026-07-06 17:06:58
eastmoney_guba,688076,1604197370,1.36都锁门了,,想天天涨停板,8453325540161218,2025-09-23 20:33:55,118,0,0,0,False,False,"https://guba.eastmoney.com/news,688076,1604197370.html",2026-07-06 17:06:58
eastmoney_guba,688076,1604486756,不想涨就别涨，磨磨唧唧,,金蟾聚,3202395863936896,2025-09-24 10:58:54,64,0,0,0,False,False,"https://guba.eastmoney.com/news,688076,1604486756.html",2026-07-06 17:06:58
eastmoney_guba,688076,1604536694,好的走势,,股友922h8X6591,6699256662728486,2025-09-24 11:33:16,75,0,0,0,False,False,"https://guba.eastmoney.com/news,688076,1604536694.html",2026-07-06 17:06:58
eastmoney_guba,688076,1604557312,这个股票为啥是ST呢？财务不是正的吗？,,乐悠悠之小柿子,6328365790988252,2025-09-24 12:13:49,100,1,0,0,False,False,"https://guba.eastmoney.com/news,688076,1604557312.html",2026-07-06 17:06:58
eastmoney_guba,688076,1604562970,目前来看我机器人带粉都是赚了好几波了，不夸不炫耀，有粉都赚了4波了跟我，我能让粉,,独孤燕,2128027197149058,2025-09-24 12:30:55,269,13,0,0,False,False,"https://guba.eastmoney.com/news,688076,1604562970.html",2026-07-06 17:06:56
eastmoney_guba,688076,1604566495,感谢我师傅，燕子@独孤燕又进去喜提7个点，卖飞我乐意。你们卖飞了吗？话说师傅说诺,,股友79K59802O5,7601026949971310,2025-09-24 12:42:33,891,49,0,0,True,False,"https://guba.eastmoney.com/news,688076,1604566495.html",2026-07-06 17:06:42
eastmoney_guba,688076,1604611256,减肥药题材已经没人炒作了，大家跟我一起去雅创电子炒存储芯片板块吧。,,最爱送转股,7969094294915914,2025-09-24 13:25:48,95,0,0,0,False,False,"https://guba.eastmoney.com/news,688076,1604611256.html",2026-07-06 17:06:58
eastmoney_guba,688076,1604622726,无量反弹,,股友03627F7M73,6950187586920228,2025-09-24 13:33:54,72,0,0,0,False,False,"https://guba.eastmoney.com/news,688076,1604622726.html",2026-07-06 17:06:58
eastmoney_guba,688076,1604657620,庄股，近二个月走的真烂,,股友I5t7xU,3481375639382760,2025-09-24 13:57:47,82,1,0,0,False,False,"https://guba.eastmoney.com/news,688076,1604657620.html",2026-07-06 17:06:58
eastmoney_guba,688076,1604660791,牛市的主线在科技芯片股，医药股只是阶段行情已过不碰,,没翻倍不算赚,5013023721672056,2025-09-24 13:59:59,843,0,0,0,False,False,"https://guba.eastmoney.com/news,688076,1604660791.html",2026-07-06 17:06:58
eastmoney_guba,688076,1604684493,这是一只，成交量如此之低，所以一直分仓，不能堵它啥时起，搞不好，一个AI科技,,独守花自开,3447335569687896,2025-09-24 14:16:54,94,0,0,0,False,False,"https://guba.eastmoney.com/news,688076,1604684493.html",2026-07-06 17:06:58
eastmoney_guba,688076,1604711503,无量，真是浪费行情,,别听他们忽悠,3124396168972760,2025-09-24 14:36:03,422,0,0,0,False,False,"https://guba.eastmoney.com/news,688076,1604711503.html",2026-07-06 17:06:58
eastmoney_guba,688076,1604730464,技术指标处于超卖状态，业绩指标，在大A中非常优秀，走势这么差一方面是医疗板块疲软,,luotuoxzx,6756094607583200,2025-09-24 14:48:33,328,7,0,0,False,False,"https://guba.eastmoney.com/news,688076,1604730464.html",2026-07-06 17:06:58
eastmoney_guba,688076,1604732709,诺泰的走势确实有点让人失望,,江枫丨渔火,3125395530799198,2025-09-24 14:49:58,498,2,0,0,False,False,"https://guba.eastmoney.com/news,688076,1604732709.html",2026-07-06 17:06:58
eastmoney_guba,688076,1604734411,看到这个股这么多人在吹。就知道啥情况了。,,独具慧眼的陈怡萱,8885386005614760,2025-09-24 14:51:01,73,0,0,0,False,False,"https://guba.eastmoney.com/news,688076,1604734411.html",2026-07-06 17:06:58
eastmoney_guba,688076,1604744197,。。。。先知先觉的资金已经开始跑路了,,医药不值得投资,5383084759787052,2025-09-24 14:57:14,87,0,0,0,False,False,"https://guba.eastmoney.com/news,688076,1604744197.html",2026-07-06 17:06:58
eastmoney_guba,688076,1604745139,今天普涨行情你还绿你真是烂泥扶不上墙,,股友7286Pc6782,1097087585978120,2025-09-24 14:58:17,141,0,0,0,False,False,"https://guba.eastmoney.com/news,688076,1604745139.html",2026-07-06 17:06:58
eastmoney_guba,688076,1604757090,买就买稀缺的票，涨的好的都是稀缺的大票，没有所谓市盈率而言，牛市就是要泡沫。诺泰,,独守花自开,3447335569687896,2025-09-24 15:11:11,164,2,0,0,False,False,"https://guba.eastmoney.com/news,688076,1604757090.html",2026-07-06 17:06:58
eastmoney_guba,688076,1604761164,三季度业绩得打个问号了,,江枫丨渔火,3125395530799198,2025-09-24 15:18:06,346,6,0,0,False,False,"https://guba.eastmoney.com/news,688076,1604761164.html",2026-07-06 17:06:58
eastmoney_guba,688076,1604778823,继续吹票，250一样天天分析，丢人现眼的,,晚上的清秋,3598396081954208,2025-09-24 15:57:22,181,4,0,0,False,False,"https://guba.eastmoney.com/news,688076,1604778823.html",2026-07-06 17:06:58
eastmoney_guba,688076,1604801107,套在诺泰的滋味！,,想天天涨停板,8453325540161218,2025-09-24 17:03:22,91,0,0,0,False,False,"https://guba.eastmoney.com/news,688076,1604801107.html",2026-07-06 17:06:58
eastmoney_guba,688076,1604801304,原料药供不应求的时刻不久就会来临，提前潜伏等主力来抬轿。哈哈,,最爱送转股,7969094294915914,2025-09-24 17:03:57,603,0,0,0,True,False,"https://guba.eastmoney.com/news,688076,1604801304.html",2026-07-06 17:06:58
eastmoney_guba,688076,1604818250,今天这走势毁了,,股友c916k32077,3204486733325336,2025-09-24 18:01:15,118,1,0,0,False,False,"https://guba.eastmoney.com/news,688076,1604818250.html",2026-07-06 17:06:58
eastmoney_guba,688076,1604845036,现在不交筹码，跌到20再涨到30你们纷纷交出筹码。,,还康得新正义,4313075457881082,2025-09-24 19:53:14,158,2,0,0,False,False,"https://guba.eastmoney.com/news,688076,1604845036.html",2026-07-06 17:06:58
eastmoney_guba,688076,1604850072,7月中旬撤出稳定币，果断布局机器人和稀土，开始就告诉无脑粉，我做豪能福达中鼎长盈,,独孤燕,2128027197149058,2025-09-24 20:12:25,316,1,0,0,False,False,"https://guba.eastmoney.com/news,688076,1604850072.html",2026-07-06 17:06:58
eastmoney_guba,688076,1605034496,这票是缺少父爱吗,,后来399,1115335825927852,2025-09-25 09:52:09,84,2,0,0,False,False,"https://guba.eastmoney.com/news,688076,1605034496.html",2026-07-06 17:06:56
eastmoney_guba,688076,1605051695,烂庄把持，成功躲过一波牛市,,股友I5t7xU,3481375639382760,2025-09-25 09:59:28,51,0,0,0,False,False,"https://guba.eastmoney.com/news,688076,1605051695.html",2026-07-06 17:06:58
eastmoney_guba,688076,1605089985,温水煮青蛙啊,,医药不值得投资,5383084759787052,2025-09-25 10:17:07,47,0,0,0,False,False,"https://guba.eastmoney.com/news,688076,1605089985.html",2026-07-06 17:06:56
eastmoney_guba,688076,1605120668,减肥药的市场应该崩了吧，博瑞医药，众生药业，丽珠集团，包括诺泰生物，走势都破位下,,晚上的清秋,3598396081954208,2025-09-25 10:33:06,243,6,0,0,False,False,"https://guba.eastmoney.com/news,688076,1605120668.html",2026-07-06 17:06:56
eastmoney_guba,688076,1605136300,以后我坚决不碰科创板的ST票了,,江枫丨渔火,3125395530799198,2025-09-25 10:42:05,388,5,1,0,False,False,"https://guba.eastmoney.com/news,688076,1605136300.html",2026-07-06 17:06:56
eastmoney_guba,688076,1605178732,没有资金关注，不论是上涨还是下跌，都缩量到极致了！,,luotuoxzx,6756094607583200,2025-09-25 11:08:15,98,2,0,0,False,False,"https://guba.eastmoney.com/news,688076,1605178732.html",2026-07-06 17:06:56
eastmoney_guba,688076,1605190565,以后就这样每天阴跌了。。,,医药不值得投资,5383084759787052,2025-09-25 11:15:42,70,0,0,0,False,False,"https://guba.eastmoney.com/news,688076,1605190565.html",2026-07-06 17:06:56
eastmoney_guba,688076,1605193759,改名弱太,,股友IZmwRB,6965375868397286,2025-09-25 11:17:45,72,0,0,0,False,False,"https://guba.eastmoney.com/news,688076,1605193759.html",2026-07-06 17:06:56
eastmoney_guba,688076,1605205810,每次看它这S样子，就默念那位老湿高堂一千遍,,只看最本质,7139144735501360,2025-09-25 11:26:07,77,0,0,0,False,False,"https://guba.eastmoney.com/news,688076,1605205810.html",2026-07-06 17:06:56
eastmoney_guba,688076,1605213250,等18块，拿个一两年,,萨克马爱迪克,9948027252537598,2025-09-25 11:32:06,67,0,0,0,False,False,"https://guba.eastmoney.com/news,688076,1605213250.html",2026-07-06 17:06:56
eastmoney_guba,688076,1605222414,佛山隐士这货这次又把粉坑惨了，一群无脑粉你们7月中进去跟着佛山白白折腾了两个半月,,独孤燕,2128027197149058,2025-09-25 11:46:13,825,4,4,0,False,False,"https://guba.eastmoney.com/news,688076,1605222414.html",2026-07-06 17:06:56
eastmoney_guba,688076,1605228855,都消停点，别发任何消息，看好就拿着，不看好走就好了。天天给主力透露消息不值得。,,股友Q9528868w6,6628177385979546,2025-09-25 11:59:59,135,1,0,0,False,False,"https://guba.eastmoney.com/news,688076,1605228855.html",2026-07-06 17:06:56
eastmoney_guba,688076,1605299101,目前我已经带燕子赚了好几波了。其他人我可不带,,别听他们忽悠,3124396168972760,2025-09-25 13:33:06,133,6,1,0,False,False,"https://guba.eastmoney.com/news,688076,1605299101.html",2026-07-06 17:06:56
eastmoney_guba,688076,1605318344,一点买盘都没有，全是卖盘。废了,,小000A,8722366054020780,2025-09-25 13:47:11,86,0,0,0,False,False,"https://guba.eastmoney.com/news,688076,1605318344.html",2026-07-06 17:06:56
eastmoney_guba,688076,1605324864,还是芯片科技强,,想天天涨停板,8453325540161218,2025-09-25 13:52:13,69,0,0,0,False,False,"https://guba.eastmoney.com/news,688076,1605324864.html",2026-07-06 17:06:56
eastmoney_guba,688076,1605337177,就你在这里吹吹吹，拿个豪能就来这里嘲讽嘲笑，你那豪能在机器人公司里算个啥呢？好多,,萤火之约,4903065278637186,2025-09-25 14:01:44,258,14,1,0,False,False,"https://guba.eastmoney.com/news,688076,1605337177.html",2026-07-06 17:06:56
eastmoney_guba,688076,1605404942,大佬你这还有多少货要出啊？都已经流出15亿了,,医药不值得投资,5383084759787052,2025-09-25 14:51:46,79,0,0,0,False,False,"https://guba.eastmoney.com/news,688076,1605404942.html",2026-07-06 17:06:56
eastmoney_guba,688076,1605408327,钝刀子割肉，明天再跌就斩了这货,,弯角如月,3346094761510684,2025-09-25 14:53:37,80,0,0,0,False,False,"https://guba.eastmoney.com/news,688076,1605408327.html",2026-07-06 17:06:56
eastmoney_guba,688076,1605420781,诺泰生物这个走势真的不正常啊，喋喋不休了，红一天，跌7天，这谁受得了，感觉看不到,,神机的蓝岷,2834113661101498,2025-09-25 15:02:32,229,5,0,0,False,False,"https://guba.eastmoney.com/news,688076,1605420781.html",2026-07-06 17:06:56
eastmoney_guba,688076,1605423857,7连阴,,再分一杯羹,8920585199186374,2025-09-25 15:05:42,78,0,0,0,False,False,"https://guba.eastmoney.com/news,688076,1605423857.html",2026-07-06 17:06:56
eastmoney_guba,688076,1605432846,我有预测未来之能，我知道明天小燕子会出来叽叽喳喳。,,别听他们忽悠,3124396168972760,2025-09-25 15:18:58,222,6,0,0,False,False,"https://guba.eastmoney.com/news,688076,1605432846.html",2026-07-06 17:06:54
eastmoney_guba,688076,1605433775,他推荐其他的公司我是没咋了解，我也就看看诺泰这边，如果真如你所说，那确实是有点问,,萤火之约,4903065278637186,2025-09-25 15:20:36,329,3,0,0,False,False,"https://guba.eastmoney.com/news,688076,1605433775.html",2026-07-06 17:06:56
eastmoney_guba,688076,1605476627,诺泰生物还能值得投资者信任吗？还是一个负责人的公司吗？三季度公司各种信息处于静默,,股友86pt611905,2931316098174320,2025-09-25 17:24:19,159,0,0,0,False,False,"https://guba.eastmoney.com/news,688076,1605476627.html",2026-07-06 17:06:56
eastmoney_guba,688076,1605478702,诺泰已经迎来了7连阴。。。。。。,,江枫丨渔火,3125395530799198,2025-09-25 17:31:51,629,10,0,0,False,False,"https://guba.eastmoney.com/news,688076,1605478702.html",2026-07-06 17:06:56
eastmoney_guba,688076,1605536529,今天开始补仓，希望不是补疮！！,,高贵典雅的钱昊祥,2289084918147260,2025-09-25 21:25:45,130,1,0,0,False,False,"https://guba.eastmoney.com/news,688076,1605536529.html",2026-07-06 17:06:56
eastmoney_guba,688076,1605543770,诺泰生物关于本次处罚是否涉及“一案两罚”过度处罚的分析,,江枫丨渔火,3125395530799198,2025-09-25 21:52:37,627,1,2,0,False,False,"https://guba.eastmoney.com/news,688076,1605543770.html",2026-07-06 17:06:56
eastmoney_guba,688076,1605564318,本月板块-4%，诺泰也-4%，有啥好吵的？,,Acolamatata,4794205738036076,2025-09-25 23:30:47,205,2,0,0,False,False,"https://guba.eastmoney.com/news,688076,1605564318.html",2026-07-06 17:06:56
eastmoney_guba,688076,1605566402,卖了好久了，回来看看大家，希望大家一切安好。,,中国股市投资巨头,3556366205011162,2025-09-25 23:46:46,170,0,0,0,False,False,"https://guba.eastmoney.com/news,688076,1605566402.html",2026-07-06 17:06:56
eastmoney_guba,688076,1605658378,美国加征关税必大跌，清仓远离,,股友33Ld396332,4396006987210858,2025-09-26 09:38:42,70,0,0,0,False,False,"https://guba.eastmoney.com/news,688076,1605658378.html",2026-07-06 17:06:56
eastmoney_guba,688076,1605659358,诺泰生物正式迎来8连阴,,江枫丨渔火,3125395530799198,2025-09-26 09:39:04,199,6,0,0,False,False,"https://guba.eastmoney.com/news,688076,1605659358.html",2026-07-06 17:06:56
eastmoney_guba,688076,1605688503,马上就要练成了，可能是两市仅有,,老高盈利并不难,1944111678218282,2025-09-26 09:49:40,299,8,0,0,False,False,"https://guba.eastmoney.com/news,688076,1605688503.html",2026-07-06 17:06:54
eastmoney_guba,688076,1605695382,开启连续15日阴跌，公司违规被ST，一个创新药，减肥药公司给整毁了！,,华远股东,3047426769600740,2025-09-26 09:52:08,73,0,0,0,False,False,"https://guba.eastmoney.com/news,688076,1605695382.html",2026-07-06 17:06:56
eastmoney_guba,688076,1605811934,诺泰最新利空，雪球大神爆料。,,江枫丨渔火,3125395530799198,2025-09-26 10:52:11,1426,12,1,0,False,False,"https://guba.eastmoney.com/news,688076,1605811934.html",2026-07-06 17:06:56
eastmoney_guba,688076,1605817312,今天重仓买入，吃糖。,,股友7186d92W66,4067087346650862,2025-09-26 10:55:58,99,1,0,0,False,False,"https://guba.eastmoney.com/news,688076,1605817312.html",2026-07-06 17:06:56
eastmoney_guba,688076,1605817364,医药板块利空消息速递,,江枫丨渔火,3125395530799198,2025-09-26 10:55:59,312,5,0,0,False,False,"https://guba.eastmoney.com/news,688076,1605817364.html",2026-07-06 17:06:56
eastmoney_guba,688076,1605819615,今天重仓买入，吃糖，有不服的吗？,,股友7186d92W66,4067087346650862,2025-09-26 10:57:35,107,1,0,0,False,False,"https://guba.eastmoney.com/news,688076,1605819615.html",2026-07-06 17:06:56
eastmoney_guba,688076,1605831531,弗山隐土这几天怎么不说话了？,,原菏泽老徐3516,4309054884528074,2025-09-26 11:06:18,111,1,0,0,False,False,"https://guba.eastmoney.com/news,688076,1605831531.html",2026-07-06 17:06:56
eastmoney_guba,688076,1605838639,看样子40附近确实是在筑双底,,江枫丨渔火,3125395530799198,2025-09-26 11:11:40,146,0,0,0,False,False,"https://guba.eastmoney.com/news,688076,1605838639.html",2026-07-06 17:06:56
eastmoney_guba,688076,1605841535,翰宇也要扩多肽，哎大家都来卷都没什么搞头了,,这股的预期是什么,6492094712751706,2025-09-26 11:13:51,146,2,0,0,False,False,"https://guba.eastmoney.com/news,688076,1605841535.html",2026-07-06 17:06:56
eastmoney_guba,688076,1605875337,股吧清静很多，最起码不是坏事。,,勇敢坚毅的严茜松,7172027579442060,2025-09-26 11:56:22,136,0,0,0,False,False,"https://guba.eastmoney.com/news,688076,1605875337.html",2026-07-06 17:06:56
eastmoney_guba,688076,1605920385,翰宇药业也要扩产说明什么，说明诺泰先行扩产这一步走的没错，需求确实存在，不会出现,,币锭拿下,6046346014730666,2025-09-26 13:21:58,192,0,0,0,False,False,"https://guba.eastmoney.com/news,688076,1605920385.html",2026-07-06 17:06:56
eastmoney_guba,688076,1605942526,佛山隐士不说话了独孤燕也消停了就剩下一个江枫渔火这个大什么时候不发帖了,,梦回2011,3048336233422380,2025-09-26 13:39:22,261,5,0,0,False,False,"https://guba.eastmoney.com/news,688076,1605942526.html",2026-07-06 17:06:56
eastmoney_guba,688076,1605975094,小燕子快来请安，他们以为你说不了话了,,别听他们忽悠,3124396168972760,2025-09-26 14:04:38,665,7,2,0,False,False,"https://guba.eastmoney.com/news,688076,1605975094.html",2026-07-06 17:06:56
eastmoney_guba,688076,1606000848,还在替佛山你干爹狡辩维护呢！你是被你干爹忽悠到，把腰子，噶，了给，现在跑来给,,独孤燕,2128027197149058,2025-09-26 14:25:07,254,8,0,0,False,False,"https://guba.eastmoney.com/news,688076,1606000848.html",2026-07-06 17:06:56
eastmoney_guba,688076,1606027889,这段时间诺泰就是不行，也不知道能不能反弹了…… //@独孤燕 :还在替佛山你干爹,,萤火之约,4903065278637186,2025-09-26 14:44:40,164,0,0,0,False,False,"https://guba.eastmoney.com/news,688076,1606027889.html",2026-07-06 17:06:56
eastmoney_guba,688076,1606046275,哈哈哈，隐士被你们骂到雪球去发帖了,,江枫丨渔火,3125395530799198,2025-09-26 14:57:21,467,12,0,0,False,False,"https://guba.eastmoney.com/news,688076,1606046275.html",2026-07-06 17:06:56
eastmoney_guba,688076,1606129640,2024.10.7，诺泰生物因为第三季度利润增长超过了50%，而出了预增公告！那,,遥远的塞纳河888,9037094342652420,2025-09-26 19:01:52,327,0,1,0,False,False,"https://guba.eastmoney.com/news,688076,1606129640.html",2026-07-06 17:06:56
eastmoney_guba,688076,1606145761,转发,,桃花坞里桃花庵A,9486386415256786,2025-09-26 20:25:01,236,1,0,0,False,False,"https://guba.eastmoney.com/news,688076,1606145761.html",2026-07-06 17:06:56
eastmoney_guba,688076,1606151974,凭良心讲，现在看来还是佛山隐士18日晚上的贴子讲的对，如果19日不能收复前一天的,,独孤的百灵,7090147389391010,2025-09-26 20:55:20,605,12,2,0,False,False,"https://guba.eastmoney.com/news,688076,1606151974.html",2026-07-06 17:06:56
eastmoney_guba,688076,1606167077,斥股吧乱象：谄媚者与恶言者的“共舞”在东财股吧的公共讨论空间里，独孤燕以恶言为刃,,独孤的百灵,7090147389391010,2025-09-26 22:09:36,1092,25,2,0,False,False,"https://guba.eastmoney.com/news,688076,1606167077.html",2026-07-06 17:06:56
eastmoney_guba,688076,1606195584,大家都在等602产能出来。不考虑602车间的话原有净利润半年3亿，全面大概算6亿,,巴别塔2014,4901013399772576,2025-09-27 03:47:40,404,0,2,0,False,False,"https://guba.eastmoney.com/news,688076,1606195584.html",2026-07-06 17:06:56
eastmoney_guba,688076,1606207315,参考药明的多肽&寡核苷酸业务,,萤火之约,4903065278637186,2025-09-27 08:16:12,971,7,1,0,True,False,"https://guba.eastmoney.com/news,688076,1606207315.html",2026-07-06 17:06:56
eastmoney_guba,688076,1606210687,看了这么多帖子，基本没有谈诺泰中报的。我抛块：1.中报存货的子科目同比2024年,,端庄大气的章严芬,8150356072579194,2025-09-27 08:58:05,739,5,0,0,False,False,"https://guba.eastmoney.com/news,688076,1606210687.html",2026-07-06 17:06:56
eastmoney_guba,688076,1606211295,早都该这样打击了，佛山隐士就属于打击的范围之内，大家可以像广东佛山市公安举报此人,,独孤燕,2128027197149058,2025-09-27 09:06:46,249,0,1,0,False,False,"https://guba.eastmoney.com/news,688076,1606211295.html",2026-07-06 17:06:56
eastmoney_guba,688076,1606217779,什么时候会摘掉ST的帽子呀？,,股友5X0m867188,7923094316846716,2025-09-27 10:25:28,242,1,0,0,False,False,"https://guba.eastmoney.com/news,688076,1606217779.html",2026-07-06 17:06:56
eastmoney_guba,688076,1606219858,此人不知是佛山自己小号自编自导自演还是佛山的，此人至今还在替佛山带粉炒st导致粉,,独孤燕,2128027197149058,2025-09-27 10:49:33,331,3,0,0,False,False,"https://guba.eastmoney.com/news,688076,1606219858.html",2026-07-06 17:06:56
eastmoney_guba,688076,1606225755,我一直说的问题核心就是佛山7月中带粉炒st诺泰到目前为止粉大亏，而且还拿不出自己,,独孤燕,2128027197149058,2025-09-27 12:05:30,258,0,0,0,False,False,"https://guba.eastmoney.com/news,688076,1606225755.html",2026-07-06 17:06:56
eastmoney_guba,688076,1606235186,前期巨量说明主力被套背，ST后水一战，拉高出货基本完成，后面是漫漫熊途,,股友1519CT5157,9229386454450290,2025-09-27 14:46:22,256,0,0,0,False,False,"https://guba.eastmoney.com/news,688076,1606235186.html",2026-07-06 17:06:56
eastmoney_guba,688076,1606248483,大家自己判断，不用那些人出来胡乱猜测，判断不准影响大家真金白银财富。,,原菏泽老徐3516,4309054884528074,2025-09-27 18:41:23,289,0,0,0,False,False,"https://guba.eastmoney.com/news,688076,1606248483.html",2026-07-06 17:06:56
eastmoney_guba,688076,1606249095,忠心耿耿的小太逞，真是人如其名，人小还亏st还要逞强，所以叫小太逞，世无英雄，却,,独孤燕,2128027197149058,2025-09-27 18:53:04,346,0,0,0,False,False,"https://guba.eastmoney.com/news,688076,1606249095.html",2026-07-06 17:06:56
eastmoney_guba,688076,1606268332,诺泰生物技术壁垒挖掘帖。。。。长链多肽药物的规模化大生产技术壁垒极高，难点主要有,,神机的蓝岷,2834113661101498,2025-09-28 01:13:36,665,1,0,0,False,False,"https://guba.eastmoney.com/news,688076,1606268332.html",2026-07-06 17:06:56
eastmoney_guba,688076,1606269670,$ST诺泰(SH688076)$,,独孤燕,2128027197149058,2025-09-28 02:26:21,730,2,0,0,True,False,"https://guba.eastmoney.com/news,688076,1606269670.html",2026-07-06 17:06:56
eastmoney_guba,688076,1606291197,我再次提醒佛山的粉以及半路来了不知情的人，佛山就是机构托，佛山的票跟进去高位一定,,独孤燕,2128027197149058,2025-09-28 11:27:38,568,5,0,0,False,False,"https://guba.eastmoney.com/news,688076,1606291197.html",2026-07-06 17:06:56
eastmoney_guba,688076,1606419163,你们都看好那就把股票都给你们主力把股票都放出来给兄弟们让他们吃个饱,,日进满堂得段正淳,4597315893746268,2025-09-29 09:35:17,95,2,0,0,False,False,"https://guba.eastmoney.com/news,688076,1606419163.html",2026-07-06 17:06:56
eastmoney_guba,688076,1606537612,刚有点起色，就来一棍子,,luotuoxzx,6756094607583200,2025-09-29 10:34:12,71,0,0,0,False,False,"https://guba.eastmoney.com/news,688076,1606537612.html",2026-07-06 17:06:56
eastmoney_guba,688076,1606547041,如果诺泰不被ST，股价应该在65元左右，科创板和减肥药指数都创了新高，ST诺泰选,,华远股东,3047426769600740,2025-09-29 10:40:13,213,1,0,0,False,False,"https://guba.eastmoney.com/news,688076,1606547041.html",2026-07-06 17:06:56
eastmoney_guba,688076,1606605028,刚买就套，真不是啥玩意,,北京鸿程2收车,1823094613289884,2025-09-29 11:22:43,121,2,0,0,False,False,"https://guba.eastmoney.com/news,688076,1606605028.html",2026-07-06 17:06:56
eastmoney_guba,688076,1606620091,翰宇就是你的下场,,股友33Ld396332,4396006987210858,2025-09-29 11:41:19,115,1,0,0,False,False,"https://guba.eastmoney.com/news,688076,1606620091.html",2026-07-06 17:06:56
eastmoney_guba,688076,1606718201,今天大A的价值洼地就是诺泰,,luotuoxzx,6756094607583200,2025-09-29 13:57:12,171,4,0,0,False,False,"https://guba.eastmoney.com/news,688076,1606718201.html",2026-07-06 17:06:56
eastmoney_guba,688076,1606760441,正在出货中,,股友xC11082157,5915087048945050,2025-09-29 14:28:00,101,1,0,0,False,False,"https://guba.eastmoney.com/news,688076,1606760441.html",2026-07-06 17:06:56
eastmoney_guba,688076,1606875724,理赔广告这么多,,原菏泽老徐3516,4309054884528074,2025-09-29 19:10:25,121,0,0,0,False,False,"https://guba.eastmoney.com/news,688076,1606875724.html",2026-07-06 17:06:56
eastmoney_guba,688076,1606882397,都在聊多肽寡核苷酸我诺泰不是龙头么值得拥有,,秋刀鱼之滋味,8586023872626028,2025-09-29 19:41:55,152,0,0,0,False,False,"https://guba.eastmoney.com/news,688076,1606882397.html",2026-07-06 17:06:56
eastmoney_guba,688076,1606897671,当“恶币”驱逐良币，正义何在？在东财诺泰股吧这片本应理性交流的公共空间里，一个自,,独孤的百灵,7090147389391010,2025-09-29 20:47:04,2712,28,6,0,False,False,"https://guba.eastmoney.com/news,688076,1606897671.html",2026-07-06 17:06:50
eastmoney_guba,688076,1606913013,一个自称啥忠心耿耿的小太逞居然闭口不提佛山隐士带粉大牛市炒诺泰大亏的事，每天掐头,,独孤燕,2128027197149058,2025-09-29 21:53:54,391,4,0,0,True,False,"https://guba.eastmoney.com/news,688076,1606913013.html",2026-07-06 17:06:56
eastmoney_guba,688076,1606933934,大家可以看看，小太逞这种无耻之徒，当有人质疑立马和人家反脸，把丑恶的小人嘴脸暴露,,独孤燕,2128027197149058,2025-09-29 23:53:40,308,2,0,0,True,False,"https://guba.eastmoney.com/news,688076,1606933934.html",2026-07-06 17:06:56
eastmoney_guba,688076,1606968938,看错了行情就是看错了，误导了观众就是误导了，再辩驳就显得人品有问题，没有谁让你赔,,晚上的清秋,3598396081954208,2025-09-30 08:51:41,142,3,0,0,False,False,"https://guba.eastmoney.com/news,688076,1606968938.html",2026-07-06 17:06:56
eastmoney_guba,688076,1607112304,一点量没有，玩不了一点,,萤火之约,4903065278637186,2025-09-30 10:22:25,82,0,0,0,False,False,"https://guba.eastmoney.com/news,688076,1607112304.html",2026-07-06 17:06:56
eastmoney_guba,688076,1607117950,到底还能不能拿啊底层逻辑变了吗，咋泡都不冒一个没任何交易,,独守花自开,3447335569687896,2025-09-30 10:25:40,200,5,0,0,False,False,"https://guba.eastmoney.com/news,688076,1607117950.html",2026-07-06 17:06:56
eastmoney_guba,688076,1607163347,纯飞无,,想天天涨停板,8453325540161218,2025-09-30 10:54:13,102,0,0,0,False,False,"https://guba.eastmoney.com/news,688076,1607163347.html",2026-07-06 17:06:56
eastmoney_guba,688076,1607165813,成交量已经压到极致了，就看横盘震荡多久了？,,luotuoxzx,6756094607583200,2025-09-30 10:56:02,136,1,0,0,False,False,"https://guba.eastmoney.com/news,688076,1607165813.html",2026-07-06 17:06:56
eastmoney_guba,688076,1607173629,以佛山隐士为首的一伙机构托此票亏了输了，现在人也亏输在股市里面了，佛山目前跑路了,,独孤燕,2128027197149058,2025-09-30 11:02:01,219,3,0,0,False,False,"https://guba.eastmoney.com/news,688076,1607173629.html",2026-07-06 17:06:54
eastmoney_guba,688076,1607225354,出大事了,,想天天涨停板,8453325540161218,2025-09-30 12:06:12,379,1,0,0,True,False,"https://guba.eastmoney.com/news,688076,1607225354.html",2026-07-06 17:06:54
eastmoney_guba,688076,1607226715,机构货出完了么,,随便聊聊00,8440386164089148,2025-09-30 12:11:26,148,0,0,0,False,False,"https://guba.eastmoney.com/news,688076,1607226715.html",2026-07-06 17:06:56
eastmoney_guba,688076,1607228665,这成交量就是来搞笑的，除了一笔1000手大单外，最大的分时成交不超过250万，根,,萤火之约,4903065278637186,2025-09-30 12:18:51,238,0,0,0,False,False,"https://guba.eastmoney.com/news,688076,1607228665.html",2026-07-06 17:06:54
eastmoney_guba,688076,1607230498,诺泰生物这种走法大概率是三季度报利润下跌了,,江枫丨渔火,3125395530799198,2025-09-30 12:26:02,500,8,0,0,False,False,"https://guba.eastmoney.com/news,688076,1607230498.html",2026-07-06 17:06:54
eastmoney_guba,688076,1607264360,就问你们服不服，嘴再硬，账户钱少了，也就剩一张嘴还可以洗白。,,晚上的清秋,3598396081954208,2025-09-30 13:20:07,172,0,0,0,False,False,"https://guba.eastmoney.com/news,688076,1607264360.html",2026-07-06 17:06:54
eastmoney_guba,688076,1607270126,要放假了，主力不上班了么？地量啊，估计今天破不了亿了,,币锭拿下,6046346014730666,2025-09-30 13:24:37,172,0,0,0,False,False,"https://guba.eastmoney.com/news,688076,1607270126.html",2026-07-06 17:06:54
eastmoney_guba,688076,1607278989,每日换手率剩1个点了，期待一根巨量大阳启动,,巴别塔2014,4901013399772576,2025-09-30 13:31:29,170,0,0,0,False,False,"https://guba.eastmoney.com/news,688076,1607278989.html",2026-07-06 17:06:54
eastmoney_guba,688076,1607303609,扣去罚款业绩肯定没什么看点，等利空出尽吧,,股友195o25077c,3526047535413716,2025-09-30 13:50:54,274,2,1,0,False,False,"https://guba.eastmoney.com/news,688076,1607303609.html",2026-07-06 17:06:54
eastmoney_guba,688076,1607328910,大t啊,,北京鸿程2收车,1823094613289884,2025-09-30 14:11:42,214,0,0,0,False,False,"https://guba.eastmoney.com/news,688076,1607328910.html",2026-07-06 17:06:54
eastmoney_guba,688076,1607332945,哎呦攻势这么凌厉，让我刮目相看,,luotuoxzx,6756094607583200,2025-09-30 14:15:09,217,0,0,0,False,False,"https://guba.eastmoney.com/news,688076,1607332945.html",2026-07-06 17:06:54
eastmoney_guba,688076,1607357994,今天我们领月饼和奖金，没时间操盘，大家散了吧！,,华远股东,3047426769600740,2025-09-30 14:35:14,253,0,0,0,False,False,"https://guba.eastmoney.com/news,688076,1607357994.html",2026-07-06 17:06:54
eastmoney_guba,688076,1607394511,收盘完美，58，68，节假日后开盘直接高开8个点，和23年一样,,生财满堂的叶孤城,4717325948839376,2025-09-30 15:01:56,292,0,0,0,False,False,"https://guba.eastmoney.com/news,688076,1607394511.html",2026-07-06 17:06:54
eastmoney_guba,688076,1607400744,有没有哪只股票今晚发三季报预告的啊？,,生财满堂的叶孤城,4717325948839376,2025-09-30 15:10:20,344,1,0,0,False,False,"https://guba.eastmoney.com/news,688076,1607400744.html",2026-07-06 17:06:54
eastmoney_guba,688076,1607403559,今天加了点诺泰，我就不信你发完业绩预告还跌！！我就不信了,,萤火之约,4903065278637186,2025-09-30 15:15:37,653,7,0,0,False,False,"https://guba.eastmoney.com/news,688076,1607403559.html",2026-07-06 17:06:54
eastmoney_guba,688076,1607570453,一个闭口不提佛山隐士带粉大亏st的人居然还在貌似要做好人，真是修桥补路瞎双眼，s,,独孤燕,2128027197149058,2025-10-02 00:10:51,955,2,0,0,True,False,"https://guba.eastmoney.com/news,688076,1607570453.html",2026-07-06 17:06:54
eastmoney_guba,688076,1607582543,美股减肥药指数周一涨0.61%，周二涨2.89%，周三涨5.87%，本周三天涨幅,,股友SDIPLp4274,4160085463132982,2025-10-02 08:01:49,499,0,1,0,False,False,"https://guba.eastmoney.com/news,688076,1607582543.html",2026-07-06 17:06:54
eastmoney_guba,688076,1607655549,没啥人讨论的票还是不买了，根本拉不动的，特别是st了的票。,,萤火之约,4903065278637186,2025-10-03 09:43:23,426,1,0,0,False,False,"https://guba.eastmoney.com/news,688076,1607655549.html",2026-07-06 17:06:54
eastmoney_guba,688076,1607728288,诺泰已经成僵尸股了，一周了都没新帖子，关注度降到冰点，资金也看不上，太难了,,神机的蓝岷,2834113661101498,2025-10-04 21:34:53,642,5,0,0,False,False,"https://guba.eastmoney.com/news,688076,1607728288.html",2026-07-06 17:06:54
eastmoney_guba,688076,1607734882,“隐形冠军”投资逻辑的深化实践：七匹狼的战略升级与资产价值重估前景分析（2025,,国色天香的林念茜,7681147590288848,2025-10-05 05:41:55,6224,5,4,0,True,False,"https://guba.eastmoney.com/news,688076,1607734882.html",2026-07-06 17:06:52
eastmoney_guba,688076,1607791734,9日大盘破4000点，要千股涨停，不知道有诺泰嘛？,,华远股东,3047426769600740,2025-10-06 14:50:29,370,1,0,0,False,False,"https://guba.eastmoney.com/news,688076,1607791734.html",2026-07-06 17:06:54
eastmoney_guba,688076,1607841409,2025Q3 多肽类药物行业发展与诺泰Q4展望,,萤火之约,4903065278637186,2025-10-07 15:42:52,1266,4,3,0,False,False,"https://guba.eastmoney.com/news,688076,1607841409.html",2026-07-06 17:06:54
eastmoney_guba,688076,1607911776,今天还会有三季度预告吗,,生财满堂的叶孤城,4717325948839376,2025-10-08 16:43:01,356,5,0,0,False,False,"https://guba.eastmoney.com/news,688076,1607911776.html",2026-07-06 17:06:54
eastmoney_guba,688076,1607916910,我统计了下诺泰生物2021年上市以来的业绩预披露情况，2021年和2022年三季,,江枫丨渔火,3125395530799198,2025-10-08 17:54:04,729,6,0,0,False,False,"https://guba.eastmoney.com/news,688076,1607916910.html",2026-07-06 17:06:54
eastmoney_guba,688076,1607919757,事出反常必有妖呀，如果三季报好的话公司早都发出来了，哎。。。最担心的就是诺泰的业,,神机的蓝岷,2834113661101498,2025-10-08 18:32:42,529,7,0,0,False,False,"https://guba.eastmoney.com/news,688076,1607919757.html",2026-07-06 17:06:54
eastmoney_guba,688076,1607942444,看来诺泰彻底没戏了,,萤火之约,4903065278637186,2025-10-08 23:08:03,188,0,0,0,False,False,"https://guba.eastmoney.com/news,688076,1607942444.html",2026-07-06 17:06:54
eastmoney_guba,688076,1608017689,多肽的应用前景广阔，对多肽的需求激增。,,股友A197669V05,8030376544910926,2025-10-09 09:36:00,3953,1,0,0,False,False,"https://guba.eastmoney.com/news,688076,1608017689.html",2026-07-06 17:06:54
eastmoney_guba,688076,1608044625,距离23号发布业绩只有5个交易日了，距离你们跑路还有5个交易日，我要说的就这么多,,江枫丨渔火,3125395530799198,2025-10-09 09:46:34,4143,7,0,0,False,False,"https://guba.eastmoney.com/news,688076,1608044625.html",2026-07-06 17:06:54
eastmoney_guba,688076,1608078230,要破位了,,随便聊聊00,8440386164089148,2025-10-09 10:02:08,3940,0,0,0,False,False,"https://guba.eastmoney.com/news,688076,1608078230.html",2026-07-06 17:06:54
eastmoney_guba,688076,1608129298,不知道还有没有人再来为那些死吹洗白了…少看股吧，少信大V,,晚上的清秋,3598396081954208,2025-10-09 10:31:53,4006,2,0,0,False,False,"https://guba.eastmoney.com/news,688076,1608129298.html",2026-07-06 17:06:54
eastmoney_guba,688076,1608140889,佛山不出来了，燕子也不知道去哪里孤独了，就剩下几个要饭的在这里乞讨，证明这还是个,,luotuoxzx,6756094607583200,2025-10-09 10:39:04,3981,0,0,0,False,False,"https://guba.eastmoney.com/news,688076,1608140889.html",2026-07-06 17:06:54
eastmoney_guba,688076,1608167660,不知道哪里是底，今天都不能跟随大盘，看来是要走独立行情了，有人说破不了40，谁知,,腼腆羞涩的钱兰芳,7068385883064042,2025-10-09 10:56:32,4021,0,0,0,False,False,"https://guba.eastmoney.com/news,688076,1608167660.html",2026-07-06 17:06:54
eastmoney_guba,688076,1608203552,俏丽哇滴,,遥远的塞纳河888,9037094342652420,2025-10-09 11:24:45,4053,5,0,0,False,False,"https://guba.eastmoney.com/news,688076,1608203552.html",2026-07-06 17:06:54
eastmoney_guba,688076,1608205101,今天又加仓，捡便宜。,,股友7186d92W66,4067087346650862,2025-10-09 11:26:01,3969,0,0,0,False,False,"https://guba.eastmoney.com/news,688076,1608205101.html",2026-07-06 17:06:54
eastmoney_guba,688076,1608223133,这种票如出业绩好也是高开低走，如业绩差就直接低开低走，等明年在来看看,,股友03627F7M73,6950187586920228,2025-10-09 11:58:31,3980,0,0,0,False,False,"https://guba.eastmoney.com/news,688076,1608223133.html",2026-07-06 17:06:54
eastmoney_guba,688076,1608228612,剑派牛x股，负20起步,,十几年的新股民,8443513755370648,2025-10-09 12:15:39,4101,4,0,0,False,False,"https://guba.eastmoney.com/news,688076,1608228612.html",2026-07-06 17:06:54
eastmoney_guba,688076,1608270356,今天最后一跌了，涨不涨不知道,,生财满堂的叶孤城,4717325948839376,2025-10-09 13:22:10,4017,2,0,0,False,False,"https://guba.eastmoney.com/news,688076,1608270356.html",2026-07-06 17:06:54
eastmoney_guba,688076,1608285767,这个公司连三季度预披露都不发了，确实有点东西，业绩好的时候国庆前就发，现在直接不,,江枫丨渔火,3125395530799198,2025-10-09 13:35:03,4076,2,0,0,False,False,"https://guba.eastmoney.com/news,688076,1608285767.html",2026-07-06 17:06:54
eastmoney_guba,688076,1608286457,我快坚持不住了，说明底部就在眼前。顶住！！,,高贵典雅的钱昊祥,2289084918147260,2025-10-09 13:35:36,4013,1,0,0,False,False,"https://guba.eastmoney.com/news,688076,1608286457.html",2026-07-06 17:06:54
eastmoney_guba,688076,1608321536,看样子诺泰是不破不立了,,江枫丨渔火,3125395530799198,2025-10-09 14:05:19,4490,7,0,0,False,False,"https://guba.eastmoney.com/news,688076,1608321536.html",2026-07-06 17:06:54
eastmoney_guba,688076,1608360319,什么时候才能摘帽了？,,股友5X0m867188,7923094316846716,2025-10-09 14:38:16,33837,1,0,0,False,False,"https://guba.eastmoney.com/news,688076,1608360319.html",2026-07-06 17:06:54
eastmoney_guba,688076,1608409317,今天下午3点30分打了公司证券部电话,,江枫丨渔火,3125395530799198,2025-10-09 15:42:15,1438,16,2,0,False,False,"https://guba.eastmoney.com/news,688076,1608409317.html",2026-07-06 17:06:54
eastmoney_guba,688076,1608412720,我今天40.42进1000股，打个底仓做T,,悠然自得老秦人,1242013197007768,2025-10-09 15:51:49,179,0,0,0,False,False,"https://guba.eastmoney.com/news,688076,1608412720.html",2026-07-06 17:06:54
eastmoney_guba,688076,1608434041,现在是挤出效应，基金不能买，只能不断卖出，又不在热点上，没有游资关注，这种情况下,,股友L7E5567193,6881326576753498,2025-10-09 17:05:25,323,1,0,0,False,False,"https://guba.eastmoney.com/news,688076,1608434041.html",2026-07-06 17:06:54
eastmoney_guba,688076,1608478698,从戴帽以来，强行拉高然后一路向下，看看筹码图，每下一个台阶，就留下一个筹码峰，短,,了解以后,8951356227100036,2025-10-09 20:25:49,369,1,0,0,False,False,"https://guba.eastmoney.com/news,688076,1608478698.html",2026-07-06 17:06:54
eastmoney_guba,688076,1608503073,别忘记了，这是牛市，你居然走的跟一样。,,gugg12472625,7587094851546694,2025-10-09 22:03:39,151,0,0,0,False,False,"https://guba.eastmoney.com/news,688076,1608503073.html",2026-07-06 17:06:54
eastmoney_guba,688076,1608556333,越跌越买，不解释，昨天买了10000股，其他资金套在光模块，还有一个ST铖昌，越,,十八岁女大学生,2041386070087928,2025-10-10 08:28:05,118,0,0,0,False,False,"https://guba.eastmoney.com/news,688076,1608556333.html",2026-07-06 17:06:54
eastmoney_guba,688076,1608636751,压盘吸筹,,金蟾聚,3202395863936896,2025-10-10 09:48:42,174,1,0,0,False,False,"https://guba.eastmoney.com/news,688076,1608636751.html",2026-07-06 17:06:54
eastmoney_guba,688076,1608671982,ST的票有好多不确定因素，一个炒股20年的人以及一些无脑粉跟做，我简直是不可思议,,独孤燕,2128027197149058,2025-10-10 10:05:02,466,18,1,0,False,False,"https://guba.eastmoney.com/news,688076,1608671982.html",2026-07-06 17:06:54
eastmoney_guba,688076,1608792928,继续砸都几把满产了，行业也快干价格战了营收利润都到顶了还忽悠人买,,日进满堂得段正淳,4597315893746268,2025-10-10 11:28:20,240,2,0,0,False,False,"https://guba.eastmoney.com/news,688076,1608792928.html",2026-07-06 17:06:54
eastmoney_guba,688076,1608849273,真是不景气呀，一个小股吧里，竟然这么多要饭的,,luotuoxzx,6756094607583200,2025-10-10 13:21:01,211,0,0,0,False,False,"https://guba.eastmoney.com/news,688076,1608849273.html",2026-07-06 17:06:54
eastmoney_guba,688076,1608875070,10月1日美国对进口药品征收100％关税，对医药企业产生负面影响，但是中国是人口,,华远股东,3047426769600740,2025-10-10 13:43:30,350,2,0,0,False,False,"https://guba.eastmoney.com/news,688076,1608875070.html",2026-07-06 17:06:54
eastmoney_guba,688076,1608879295,诺泰，你有点过分了，医疗股都在涨，你争点气啊！,,最美的时光遇见你,8822047574683478,2025-10-10 13:47:08,221,0,0,0,False,False,"https://guba.eastmoney.com/news,688076,1608879295.html",2026-07-06 17:06:54
eastmoney_guba,688076,1608982213,ST诺泰24年涉信披违规被查，投资者可报名参与索赔,,知股微声,6820335832347056,2025-10-10 15:29:06,327,0,0,0,False,False,"https://guba.eastmoney.com/news,688076,1608982213.html",2026-07-06 17:06:54
eastmoney_guba,688076,1608993709,ST诺泰:2025年第三季度业绩预告的自愿性披露公告,,ST诺泰资讯,9038395923854884,2025-10-10 16:02:20,1557,36,32,0,False,False,"https://guba.eastmoney.com/news,688076,1608993709.html",2026-07-06 17:06:39
eastmoney_guba,688076,1608997988,ST诺泰：三季度净利润同比预增5.62%—13.74%,,ST诺泰资讯,9038395923854884,2025-10-10 16:16:19,606,0,1,0,False,False,"https://guba.eastmoney.com/news,688076,1608997988.html",2026-07-06 17:06:54
eastmoney_guba,688076,1608998195,ST诺泰(688076.SH)：第三季度净利润预增5.62%到13.74%,,格隆汇,9507112872296268,2025-10-10 16:17:03,441,0,1,0,False,False,"https://guba.eastmoney.com/news,688076,1608998195.html",2026-07-06 17:06:54
eastmoney_guba,688076,1608998810,ST诺泰：预计第三季度归母净利润1.3亿元-1.4亿元，同比增长5.62%-13.74%,,ST诺泰资讯,9038395923854884,2025-10-10 16:19:01,594,1,2,0,False,False,"https://guba.eastmoney.com/news,688076,1608998810.html",2026-07-06 17:06:54
eastmoney_guba,688076,1609000904,ST诺泰预计第三季度归母净利润1.3亿元到1.4亿元 同比增5.62%到13.74%,,ST诺泰资讯,9038395923854884,2025-10-10 16:26:22,648,0,2,0,False,False,"https://guba.eastmoney.com/news,688076,1609000904.html",2026-07-06 17:06:54
eastmoney_guba,688076,1609002519,ST诺泰(688076.SH)发预增，预计第三季度归母净利润1.3亿元至1.4亿元，同比增加5.62%到13.74%,,智通财经,1229034599342114,2025-10-10 16:31:23,819,5,1,0,False,False,"https://guba.eastmoney.com/news,688076,1609002519.html",2026-07-06 17:06:52
eastmoney_guba,688076,1609003139,不是预期发不出来预告吗？这发出来了，又说不及预期，哈哈哈哈哈,,有判断力的CUBA,7424094307338244,2025-10-10 16:33:23,902,1,0,0,False,False,"https://guba.eastmoney.com/news,688076,1609003139.html",2026-07-06 17:06:54
eastmoney_guba,688076,1609003420,三季度增长不及预期，机构预测2025年净利润5.8个亿，前三季度加起来才4.5个,,傲气的佛觅儿,5598486666742320,2025-10-10 16:34:22,1318,6,0,0,False,False,"https://guba.eastmoney.com/news,688076,1609003420.html",2026-07-06 17:06:54
eastmoney_guba,688076,1609005397,ST诺泰：第三季度净利润同比预增5.62%—13.74%,,ST诺泰资讯,9038395923854884,2025-10-10 16:41:31,828,0,4,0,False,False,"https://guba.eastmoney.com/news,688076,1609005397.html",2026-07-06 17:06:54
eastmoney_guba,688076,1609006817,诺泰生物2025年三季报预披露分析速递。。。。单三季度净利润1.3-1.4亿，我,,江枫丨渔火,3125395530799198,2025-10-10 16:46:55,1145,9,4,0,False,False,"https://guba.eastmoney.com/news,688076,1609006817.html",2026-07-06 17:06:54
eastmoney_guba,688076,1609011140,关于此次业绩预告：1.单看此次业绩，业绩明显是不及预期的。2.但是这个预告看出不,,萤火之约,4903065278637186,2025-10-10 17:04:24,434,1,0,0,False,False,"https://guba.eastmoney.com/news,688076,1609011140.html",2026-07-06 17:06:54
eastmoney_guba,688076,1609028178,坐等翰宇和圣诺的预告。,,管住手机会永远有,1505346236358364,2025-10-10 18:23:08,843,0,0,0,False,False,"https://guba.eastmoney.com/news,688076,1609028178.html",2026-07-06 17:06:54
eastmoney_guba,688076,1609029762,利好就是利空，利空就是利好，倒着看，这业绩预示着我们终于买到垃圾股了，好开心，说,,屯老二才买A股,8960346358579732,2025-10-10 18:32:06,894,1,0,0,False,False,"https://guba.eastmoney.com/news,688076,1609029762.html",2026-07-06 17:06:54
eastmoney_guba,688076,1609029776,ST诺泰预计第三季度净利1.3亿元—1.4亿元，同比增长5.62%—13.74%,,ST诺泰资讯,9038395923854884,2025-10-10 18:32:10,1443,2,13,0,False,False,"https://guba.eastmoney.com/news,688076,1609029776.html",2026-07-06 17:06:52
eastmoney_guba,688076,1609032215,诺泰生物最大的看点是2026年3月司美格鲁肽专利权到期后，仿制药的大量生产，带来,,股友A197669V05,8030376544910926,2025-10-10 18:43:38,1023,1,0,0,False,False,"https://guba.eastmoney.com/news,688076,1609032215.html",2026-07-06 17:06:54
eastmoney_guba,688076,1609043137,去年4.044亿利润，今年前三季度就4.5亿，全年增长50%左右，就这还有人喷？,,大混沌789,2636365924839354,2025-10-10 19:43:59,713,5,1,0,False,False,"https://guba.eastmoney.com/news,688076,1609043137.html",2026-07-06 17:06:54
eastmoney_guba,688076,1609049834,才20倍市盈率的成长股，上升空间很大,,智慧晶晨,8166113231626094,2025-10-10 20:18:58,204,0,0,0,False,False,"https://guba.eastmoney.com/news,688076,1609049834.html",2026-07-06 17:06:54
eastmoney_guba,688076,1609061083,预告中规中矩，连续7个季度正增长，业绩可以的。,,悠然自得老秦人,1242013197007768,2025-10-10 21:16:56,492,1,1,0,False,False,"https://guba.eastmoney.com/news,688076,1609061083.html",2026-07-06 17:06:54
eastmoney_guba,688076,1609075418,《诺吧风牛》——戏孤独眼与2O5红布飘摇诺吧前，两只瓷牛怒目圆。独孤眼燃幽冥火，,,独孤的百灵,7090147389391010,2025-10-10 22:32:18,1318,14,3,0,False,False,"https://guba.eastmoney.com/news,688076,1609075418.html",2026-07-06 17:06:50
eastmoney_guba,688076,1609087062,其实诺泰是有主力资金在里面的，前两个月有大V带粉抢筹，这是必须要被割掉的。后面怎,,看涨必跌,4016094080719814,2025-10-10 23:32:26,410,0,1,0,False,False,"https://guba.eastmoney.com/news,688076,1609087062.html",2026-07-06 17:06:54
eastmoney_guba,688076,1609118327,亏钱不可怕，怕的是花钱买的别人推荐文章，结果是个套别问，问就是形式大好,,十几年的新股民,8443513755370648,2025-10-11 06:43:45,219,0,0,0,False,False,"https://guba.eastmoney.com/news,688076,1609118327.html",2026-07-06 17:06:54
eastmoney_guba,688076,1609130195,诺泰美国市场有多少？,,随便聊聊00,8440386164089148,2025-10-11 08:30:21,404,3,0,0,False,False,"https://guba.eastmoney.com/news,688076,1609130195.html",2026-07-06 17:06:54
eastmoney_guba,688076,1609134635,从三季度看，增长10%左右和现在的估值是匹配的；但是在快速成长的赛道，诺泰新产线,,Evanslv,1761055120183906,2025-10-11 09:01:24,254,1,0,0,False,False,"https://guba.eastmoney.com/news,688076,1609134635.html",2026-07-06 17:06:54
eastmoney_guba,688076,1609145566,减肥原料药龙头（诺泰）动态市盈率20，喊空！那个减肥原料药动态市盈率55，喊多！,,遥远的塞纳河888,9037094342652420,2025-10-11 10:05:46,216,0,0,0,False,False,"https://guba.eastmoney.com/news,688076,1609145566.html",2026-07-06 17:06:54
eastmoney_guba,688076,1609147995,哈哈哈，千载难逢的好机会，这种龙龙潜力股下周就是大笔加仓时机，下周必将一飞冲天,,七星最好六星也行,9654535227433138,2025-10-11 10:21:00,218,1,0,0,False,False,"https://guba.eastmoney.com/news,688076,1609147995.html",2026-07-06 17:06:54
eastmoney_guba,688076,1609148201,利空出尽，涨停,,七星最好六星也行,9654535227433138,2025-10-11 10:22:03,169,0,0,0,False,False,"https://guba.eastmoney.com/news,688076,1609148201.html",2026-07-06 17:06:54
eastmoney_guba,688076,1609148863,ST诺泰24年涉信披违规被查，投资者可报名参与索赔,,股事心声,9066047349400580,2025-10-11 10:26:43,216,0,0,0,False,False,"https://guba.eastmoney.com/news,688076,1609148863.html",2026-07-06 17:06:54
eastmoney_guba,688076,1609184334,股票不涨，马上要跌破40了，以佛山隐士为首的一伙大亏深套，这叫报应活该，本小姐开,,独孤燕,2128027197149058,2025-10-11 15:36:51,241,1,0,0,False,False,"https://guba.eastmoney.com/news,688076,1609184334.html",2026-07-06 17:06:54
eastmoney_guba,688076,1609185060,小丑股票不涨，你说啥一切都是扯淡？好好想想吧！7月中旬进去大牛市深套大亏，心拨凉,,独孤燕,2128027197149058,2025-10-11 15:43:48,270,0,0,0,True,False,"https://guba.eastmoney.com/news,688076,1609185060.html",2026-07-06 17:06:54
eastmoney_guba,688076,1609192421,笑佛山隐士：自夸自吹装大师，一进诺泰股价跌，天天分析天天跌，纸上谈兵是股神，实战,,独孤燕,2128027197149058,2025-10-11 16:53:09,213,4,0,0,False,False,"https://guba.eastmoney.com/news,688076,1609192421.html",2026-07-06 17:06:54
eastmoney_guba,688076,1609296525,我预算的30-35，还有谁不服气？还有谁？？？？明天就能看到~周末紧急调用了储备,,江枫丨渔火,3125395530799198,2025-10-12 20:32:33,489,6,0,0,False,False,"https://guba.eastmoney.com/news,688076,1609296525.html",2026-07-06 17:06:52
eastmoney_guba,688076,1609417806,板块跌幅第一，业绩有毛用,,股友I5t7xU,3481375639382760,2025-10-13 09:43:09,64,1,0,0,False,False,"https://guba.eastmoney.com/news,688076,1609417806.html",2026-07-06 17:06:52
eastmoney_guba,688076,1609435294,ST诺泰24年遭立案调查，信披违规受损者可索赔,,股事心声,9066047349400580,2025-10-13 09:51:01,96,0,0,0,False,False,"https://guba.eastmoney.com/news,688076,1609435294.html",2026-07-06 17:06:52
eastmoney_guba,688076,1609443673,一地鸡毛,,最美的时光遇见你,8822047574683478,2025-10-13 09:55:08,28,0,0,0,False,False,"https://guba.eastmoney.com/news,688076,1609443673.html",2026-07-06 17:06:52
eastmoney_guba,688076,1609458462,再跌点我调资金加仓，感觉还是跌的不多,,财运满堂的说不得,6060385841515926,2025-10-13 10:02:53,61,2,0,0,False,False,"https://guba.eastmoney.com/news,688076,1609458462.html",2026-07-06 17:06:52
eastmoney_guba,688076,1609461325,公司提交了申诉材料，罚款金额过大。从这个角度看是正确的选择，连续四年造假的罚款7,,这股的预期是什么,6492094712751706,2025-10-13 10:04:27,169,1,0,0,False,False,"https://guba.eastmoney.com/news,688076,1609461325.html",2026-07-06 17:06:52
eastmoney_guba,688076,1609472590,主力砸盘，散户卖，配合的挺好！,,华远股东,3047426769600740,2025-10-13 10:10:49,38,0,0,0,False,False,"https://guba.eastmoney.com/news,688076,1609472590.html",2026-07-06 17:06:52
eastmoney_guba,688076,1609475830,这公司算是废了，扶不起的阿斗，今年牛市，一年没涨几个点，跌起来跟孙子一样的，都是,,傲气的佛觅儿,5598486666742320,2025-10-13 10:12:43,85,1,0,0,False,False,"https://guba.eastmoney.com/news,688076,1609475830.html",2026-07-06 17:06:52
eastmoney_guba,688076,1609477002,从二季报到三季报，产能提升了，利润一直没跟着产能增长，只能说明货没有预期的好卖，,,晚上的清秋,3598396081954208,2025-10-13 10:13:28,140,0,0,0,False,False,"https://guba.eastmoney.com/news,688076,1609477002.html",2026-07-06 17:06:52
eastmoney_guba,688076,1609480816,药板块跌幅第一，至于这么搞嘛？怀疑主力要司了,,股友7286Pc6782,1097087585978120,2025-10-13 10:15:54,47,0,0,0,False,False,"https://guba.eastmoney.com/news,688076,1609480816.html",2026-07-06 17:06:52
eastmoney_guba,688076,1609501824,什么佛山影视，坑爹货色还有一群拥趸，只要脸皮厚，都可以成为网红。,,bobo3772866,8520094644936128,2025-10-13 10:29:56,104,3,0,0,False,False,"https://guba.eastmoney.com/news,688076,1609501824.html",2026-07-06 17:06:52
eastmoney_guba,688076,1609516390,走人走人，耗不起,,股友1v775R5522,4010436681346564,2025-10-13 10:40:26,34,0,0,0,False,False,"https://guba.eastmoney.com/news,688076,1609516390.html",2026-07-06 17:06:52
eastmoney_guba,688076,1609530852,呼叫隐湿，用嘴把诺泰拉起来,,只看最本质,7139144735501360,2025-10-13 10:51:46,36,0,0,0,False,False,"https://guba.eastmoney.com/news,688076,1609530852.html",2026-07-06 17:06:52
eastmoney_guba,688076,1609540167,走了走了···受不了,,股友S7k0rJ,1977355843346738,2025-10-13 10:59:28,36,0,0,0,False,False,"https://guba.eastmoney.com/news,688076,1609540167.html",2026-07-06 17:06:52
eastmoney_guba,688076,1609540609,被套12个点了,,股友tcoluc0226,3500094558052162,2025-10-13 10:59:49,30,0,0,0,False,False,"https://guba.eastmoney.com/news,688076,1609540609.html",2026-07-06 17:06:52
eastmoney_guba,688076,1609541610,当初听我的人真的应该感谢我。我说了~会到30-35~还有3元就到~当初听我话的应,,江枫丨渔火,3125395530799198,2025-10-13 11:00:36,288,8,0,0,False,False,"https://guba.eastmoney.com/news,688076,1609541610.html",2026-07-06 17:06:52
eastmoney_guba,688076,1609543254,终于放量了，再放,,屯老二才买A股,8960346358579732,2025-10-13 11:01:55,36,0,0,0,False,False,"https://guba.eastmoney.com/news,688076,1609543254.html",2026-07-06 17:06:52
eastmoney_guba,688076,1609544762,诺泰今天再次验证本小姐周末预料跌破40，继续把佛山隐士以及一群洗白粉脸打的啪啪响,,独孤燕,2128027197149058,2025-10-13 11:03:12,335,4,0,0,True,False,"https://guba.eastmoney.com/news,688076,1609544762.html",2026-07-06 17:06:52
eastmoney_guba,688076,1609552099,这家公司正在作死的路上迈开大步快走！,,股友86pt611905,2931316098174320,2025-10-13 11:09:38,46,0,0,0,False,False,"https://guba.eastmoney.com/news,688076,1609552099.html",2026-07-06 17:06:52
eastmoney_guba,688076,1609553351,我重仓诺泰，死嗑到底，要卖的，赶紧卖。,,股友7186d92W66,4067087346650862,2025-10-13 11:10:41,58,1,0,0,False,False,"https://guba.eastmoney.com/news,688076,1609553351.html",2026-07-06 17:06:52
eastmoney_guba,688076,1609553496,天天骂人那女的估计没少买这货,,瘦虎盼盼,1869034718466210,2025-10-13 11:10:49,136,3,0,0,False,False,"https://guba.eastmoney.com/news,688076,1609553496.html",2026-07-06 17:06:52
eastmoney_guba,688076,1609557133,我看好诺泰生物，重仓。要走的，赶紧卖了走。,,股友7186d92W66,4067087346650862,2025-10-13 11:14:00,90,2,0,0,False,False,"https://guba.eastmoney.com/news,688076,1609557133.html",2026-07-06 17:06:52
eastmoney_guba,688076,1609560529,可劲砸,,股友7186d92W66,4067087346650862,2025-10-13 11:17:00,37,0,0,0,False,False,"https://guba.eastmoney.com/news,688076,1609560529.html",2026-07-06 17:06:52
eastmoney_guba,688076,1609562007,所有板块里面排名倒数第一，服了，你也没爆雷啊，这么惨,,生财满堂的叶孤城,4717325948839376,2025-10-13 11:18:24,46,0,0,0,False,False,"https://guba.eastmoney.com/news,688076,1609562007.html",2026-07-06 17:06:52
eastmoney_guba,688076,1609570035,看样子要去试试35元那得低点，,,老高盈利并不难,1944111678218282,2025-10-13 11:25:34,94,3,0,0,False,False,"https://guba.eastmoney.com/news,688076,1609570035.html",2026-07-06 17:06:50
eastmoney_guba,688076,1609570302,坚持不住走了，留下的同仁们，继续饱受煎熬吧！,,最美的时光遇见你,8822047574683478,2025-10-13 11:25:48,48,0,0,0,False,False,"https://guba.eastmoney.com/news,688076,1609570302.html",2026-07-06 17:06:52
eastmoney_guba,688076,1609587291,诺泰4季度的主旋律就是盘跌盘底。如4季度产能放量，则明年1月份走势反转。如明年1,,看涨必跌,4016094080719814,2025-10-13 11:51:49,304,4,0,0,False,False,"https://guba.eastmoney.com/news,688076,1609587291.html",2026-07-06 17:06:52
eastmoney_guba,688076,1609588557,估值陷阱？,,随便聊聊00,8440386164089148,2025-10-13 11:54:48,62,2,0,0,False,False,"https://guba.eastmoney.com/news,688076,1609588557.html",2026-07-06 17:06:52
eastmoney_guba,688076,1609595007,作图煞费苦心，主力辛苦了,,股友l2835902H3,3184386264913326,2025-10-13 12:12:51,48,0,0,0,False,False,"https://guba.eastmoney.com/news,688076,1609595007.html",2026-07-06 17:06:52
eastmoney_guba,688076,1609598242,不到20我倒立唱歌,,有毅力的梅梁0,9547087219575372,2025-10-13 12:22:36,93,3,0,0,False,False,"https://guba.eastmoney.com/news,688076,1609598242.html",2026-07-06 17:06:52
eastmoney_guba,688076,1609616322,看来下跌是有原因的，就是行业竞争加剧了，将来反内卷了才有机会了。行业内的人更了解,,股友mM68oB,1159054932808956,2025-10-13 13:04:11,63,1,0,0,False,False,"https://guba.eastmoney.com/news,688076,1609616322.html",2026-07-06 17:06:52
eastmoney_guba,688076,1609624842,放量下跌，缩量反弹，股东增加，别幻想！,,股友03627F7M73,6950187586920228,2025-10-13 13:12:28,56,0,0,0,False,False,"https://guba.eastmoney.com/news,688076,1609624842.html",2026-07-06 17:06:52
eastmoney_guba,688076,1609628103,空狗继续砸啊，有多少老子收多少,,你将最终胜利,1450306394783606,2025-10-13 13:15:34,41,0,0,0,False,False,"https://guba.eastmoney.com/news,688076,1609628103.html",2026-07-06 17:06:52
eastmoney_guba,688076,1609628484,这么跌，这么多大单，肯定是机构行为了。,,还康得新正义,4313075457881082,2025-10-13 13:15:58,49,0,0,0,False,False,"https://guba.eastmoney.com/news,688076,1609628484.html",2026-07-06 17:06:52
eastmoney_guba,688076,1609638248,多肽产能持续放量，现在看2025年每股收益1.5元，另外诺泰积极处理证监会处罚，,,华远股东,3047426769600740,2025-10-13 13:25:38,547,7,0,0,False,False,"https://guba.eastmoney.com/news,688076,1609638248.html",2026-07-06 17:06:52
eastmoney_guba,688076,1609645708,今天又跌这么多阿，实在没有道理！！！,,高贵典雅的钱昊祥,2289084918147260,2025-10-13 13:33:12,36,0,0,0,False,False,"https://guba.eastmoney.com/news,688076,1609645708.html",2026-07-06 17:06:52
eastmoney_guba,688076,1609647774,主力出货了,,只争朝夕的曹露,6611095373438144,2025-10-13 13:35:10,34,0,0,0,False,False,"https://guba.eastmoney.com/news,688076,1609647774.html",2026-07-06 17:06:52
eastmoney_guba,688076,1609657033,放量下跌，先观望下，等企稳补倍仓,,随便聊聊00,8440386164089148,2025-10-13 13:43:53,58,0,0,0,False,False,"https://guba.eastmoney.com/news,688076,1609657033.html",2026-07-06 17:06:52
eastmoney_guba,688076,1609659469,短中长期均线都破了，长线做股东吧,,老高盈利并不难,1944111678218282,2025-10-13 13:46:10,73,1,0,0,False,False,"https://guba.eastmoney.com/news,688076,1609659469.html",2026-07-06 17:06:52
eastmoney_guba,688076,1609775843,是真的差！,,萤火之约,4903065278637186,2025-10-13 16:14:27,42,0,0,0,False,False,"https://guba.eastmoney.com/news,688076,1609775843.html",2026-07-06 17:06:52
eastmoney_guba,688076,1609788902,今天打电话给公司询问主要问为什么产能从数吨到现在的十多吨持续增加，但收入、利润没,,股友A197669V05,8030376544910926,2025-10-13 16:58:28,1346,14,3,0,False,False,"https://guba.eastmoney.com/news,688076,1609788902.html",2026-07-06 17:06:50
eastmoney_guba,688076,1609798918,请教：与翰宇药业、圣诺生物相比，ST诺泰的优势及短板主要体现在哪几方面？,,股友582771F8A5,3880047424683960,2025-10-13 17:34:48,464,5,2,0,False,False,"https://guba.eastmoney.com/news,688076,1609798918.html",2026-07-06 17:06:52
eastmoney_guba,688076,1609809658,圣诺生物利润增长100%，吊打ST诺泰,,十八岁女大学生,2041386070087928,2025-10-13 18:19:46,457,6,0,0,False,False,"https://guba.eastmoney.com/news,688076,1609809658.html",2026-07-06 17:06:52
eastmoney_guba,688076,1609822711,诺泰是第三季度，3个月利润1.1-1.4亿，圣诺生物是前三个季度，9个月总共利润,,听海的枫,9501094056680964,2025-10-13 19:24:24,501,6,2,0,False,False,"https://guba.eastmoney.com/news,688076,1609822711.html",2026-07-06 17:06:52
eastmoney_guba,688076,1609854355,一个季度相当于圣诺3个季度，市值却只有2倍，不说龙头效应了，带帽果然被针对。,,管住手机会永远有,1505346236358364,2025-10-13 21:46:09,207,2,3,0,False,False,"https://guba.eastmoney.com/news,688076,1609854355.html",2026-07-06 17:06:52
eastmoney_guba,688076,1609869059,诺泰生物2023年初到2024年6月的一波上涨，是由研发需求带来的司美格鲁肽等多,,股友A197669V05,8030376544910926,2025-10-13 22:46:22,222,0,0,0,False,False,"https://guba.eastmoney.com/news,688076,1609869059.html",2026-07-06 17:06:52
eastmoney_guba,688076,1609896853,诺泰如此杀跌确实莫名其妙其一，原料药自23年起营收持续递增，从23H1的1.5亿,,股友l2835902H3,3184386264913326,2025-10-14 07:08:43,412,2,0,0,False,False,"https://guba.eastmoney.com/news,688076,1609896853.html",2026-07-06 17:06:52
eastmoney_guba,688076,1609913533,688076在去年高速增长的基础上再能增长已经相当不易了，,,港投a,3037064833302550,2025-10-14 08:58:14,71,2,0,0,False,False,"https://guba.eastmoney.com/news,688076,1609913533.html",2026-07-06 17:06:52
eastmoney_guba,688076,1609924077,距离30-35区间箱体还有几个交易日了。这波庄家不打到这个区间是不可能的。没办法,,江枫丨渔火,3125395530799198,2025-10-14 09:23:47,299,10,0,0,False,False,"https://guba.eastmoney.com/news,688076,1609924077.html",2026-07-06 17:06:52
eastmoney_guba,688076,1610019864,贴吧里黑诺泰的，天天喊着代理索赔索赔，是何用意？？？,,华远股东,3047426769600740,2025-10-14 10:03:34,70,2,0,0,False,False,"https://guba.eastmoney.com/news,688076,1610019864.html",2026-07-06 17:06:52
eastmoney_guba,688076,1610094115,公司就不能回购股票吗？跌的这么惨,,生财满堂的叶孤城,4717325948839376,2025-10-14 10:41:47,66,2,0,0,False,False,"https://guba.eastmoney.com/news,688076,1610094115.html",2026-07-06 17:06:52
eastmoney_guba,688076,1610109991,垃圾股本性不改，业绩增长，股价跌跌不休！,,LYJ6696,6698024878368346,2025-10-14 10:50:53,37,0,0,0,False,False,"https://guba.eastmoney.com/news,688076,1610109991.html",2026-07-06 17:06:52
eastmoney_guba,688076,1610195324,等放量大阳线再补仓了。。。,,医药不值得投资,5383084759787052,2025-10-14 12:31:58,41,0,0,0,False,False,"https://guba.eastmoney.com/news,688076,1610195324.html",2026-07-06 17:06:52
eastmoney_guba,688076,1610225473,惨，加仓被套，下跌中继,,随便聊聊00,8440386164089148,2025-10-14 13:14:24,39,0,0,0,False,False,"https://guba.eastmoney.com/news,688076,1610225473.html",2026-07-06 17:06:52
eastmoney_guba,688076,1610241944,#复盘记录#,,股友9y9672R297,9796007461529126,2025-10-14 13:28:13,32,0,0,0,False,False,"https://guba.eastmoney.com/news,688076,1610241944.html",2026-07-06 17:06:52
eastmoney_guba,688076,1610244780,臭垃圾股，快退市,,股友9y9672R297,9796007461529126,2025-10-14 13:30:42,28,0,0,0,False,False,"https://guba.eastmoney.com/news,688076,1610244780.html",2026-07-06 17:06:52
eastmoney_guba,688076,1610248919,别炒了，谁炒它套死谁。,,股友9y9672R297,9796007461529126,2025-10-14 13:34:21,31,0,0,0,False,False,"https://guba.eastmoney.com/news,688076,1610248919.html",2026-07-06 17:06:52
eastmoney_guba,688076,1610257376,涨的时候没份，下跌那是必有一份，真扯蛋,,股友I5t7xU,3481375639382760,2025-10-14 13:41:31,36,0,0,0,False,False,"https://guba.eastmoney.com/news,688076,1610257376.html",2026-07-06 17:06:52
eastmoney_guba,688076,1610258030,谁再捧它，肯定拿了好处费。,,股友9y9672R297,9796007461529126,2025-10-14 13:42:02,41,0,2,0,False,False,"https://guba.eastmoney.com/news,688076,1610258030.html",2026-07-06 17:06:52
eastmoney_guba,688076,1610261511,冻着退市吧！,,股友9y9672R297,9796007461529126,2025-10-14 13:45:02,34,0,0,0,False,False,"https://guba.eastmoney.com/news,688076,1610261511.html",2026-07-06 17:06:52
eastmoney_guba,688076,1610277788,别指望主力，主力都。,,股友9y9672R297,9796007461529126,2025-10-14 13:58:27,39,0,0,0,False,False,"https://guba.eastmoney.com/news,688076,1610277788.html",2026-07-06 17:06:52
eastmoney_guba,688076,1610284490,你算什么创投，纯垃圾股。,,股友9y9672R297,9796007461529126,2025-10-14 14:03:24,34,0,0,0,False,False,"https://guba.eastmoney.com/news,688076,1610284490.html",2026-07-06 17:06:52
eastmoney_guba,688076,1610301110,亏得都不认识了，减了三分之二的仓位~等到30再接了~这票完全走坏了。,,江枫丨渔火,3125395530799198,2025-10-14 14:15:34,106,2,0,0,False,False,"https://guba.eastmoney.com/news,688076,1610301110.html",2026-07-06 17:06:52
eastmoney_guba,688076,1610309879,佛山真是好老师啊，全吧都得感谢他～成功带领散户深亏20%,,晚上的清秋,3598396081954208,2025-10-14 14:21:14,114,2,0,0,False,False,"https://guba.eastmoney.com/news,688076,1610309879.html",2026-07-06 17:06:52
eastmoney_guba,688076,1610320043,你看看它的财收，不跌才怪，30也止不了跌。,,股友9y9672R297,9796007461529126,2025-10-14 14:28:19,38,0,0,0,False,False,"https://guba.eastmoney.com/news,688076,1610320043.html",2026-07-06 17:06:52
eastmoney_guba,688076,1610321479,速度还挺快，又留下一个筹码峰。这种每下一个台阶留下一个筹码峰的票，短期基本废了，,,了解以后,8951356227100036,2025-10-14 14:29:15,218,0,0,0,False,False,"https://guba.eastmoney.com/news,688076,1610321479.html",2026-07-06 17:06:52
eastmoney_guba,688076,1610328985,$ST诺泰(SH688076)$,,股友9y9672R297,9796007461529126,2025-10-14 14:35:04,34,0,0,0,False,False,"https://guba.eastmoney.com/news,688076,1610328985.html",2026-07-06 17:06:52
eastmoney_guba,688076,1610335369,你再看看它的管理层，再看看它的科研丛队，就知道能不能挣饭。,,股友9y9672R297,9796007461529126,2025-10-14 14:39:46,55,0,0,0,False,False,"https://guba.eastmoney.com/news,688076,1610335369.html",2026-07-06 17:06:52
eastmoney_guba,688076,1610348276,不行就是不行，不要烧地瓜顶门充糊劲，胡搞八搞，亏对股民，摸前。,,股友9y9672R297,9796007461529126,2025-10-14 14:47:43,48,0,0,0,False,False,"https://guba.eastmoney.com/news,688076,1610348276.html",2026-07-06 17:06:52
eastmoney_guba,688076,1610358923,公司最大的利空就是为了管理自己的利益，不承认错误。一个心术不正，一个目光短浅。按,,屯老二才买A股,8960346358579732,2025-10-14 14:55:07,81,0,0,0,False,False,"https://guba.eastmoney.com/news,688076,1610358923.html",2026-07-06 17:06:52
eastmoney_guba,688076,1610360473,你要看清外不行就要回内，不要一棵树吊死，人挪活。,,股友9y9672R297,9796007461529126,2025-10-14 14:56:13,46,0,0,0,False,False,"https://guba.eastmoney.com/news,688076,1610360473.html",2026-07-06 17:06:52
eastmoney_guba,688076,1610394816,江枫渔火已割肉，明日诺泰触底反弹。,,看涨必跌,4016094080719814,2025-10-14 15:53:56,66,0,0,0,False,False,"https://guba.eastmoney.com/news,688076,1610394816.html",2026-07-06 17:06:52
eastmoney_guba,688076,1610403046,我说这么好的股怎么不涨反跌，原来是在洗两个大V啊，给主力点个赞,,股友kRWLqa,7311385648827186,2025-10-14 16:16:50,158,0,0,0,False,False,"https://guba.eastmoney.com/news,688076,1610403046.html",2026-07-06 17:06:52
eastmoney_guba,688076,1610423745,这个东西这么贵？这个公司居然不咋赚钱,,山雨欲来1,1574416648412580,2025-10-14 17:28:08,426,0,0,0,True,False,"https://guba.eastmoney.com/news,688076,1610423745.html",2026-07-06 17:06:52
eastmoney_guba,688076,1610434015,手上还有东方3。这个又要进来当诺泰3,,股友97103io951,5837117453075450,2025-10-14 18:08:30,74,2,0,0,False,False,"https://guba.eastmoney.com/news,688076,1610434015.html",2026-07-06 17:06:52
eastmoney_guba,688076,1610446798,兄弟们，再见了。这票愿赌服输。。。。亏了15万。选择性错误。其实这票ST带帽过后,,江枫丨渔火,3125395530799198,2025-10-14 19:05:47,796,9,1,0,False,False,"https://guba.eastmoney.com/news,688076,1610446798.html",2026-07-06 17:06:48
eastmoney_guba,688076,1610479870,市场也在担忧GLP-1产品供不应求的态势是否会迎来转变。对此，诺泰生物董事长兼总,,股友l2835902H3,3184386264913326,2025-10-14 21:29:56,385,0,1,0,False,False,"https://guba.eastmoney.com/news,688076,1610479870.html",2026-07-06 17:06:52
eastmoney_guba,688076,1610482266,诺泰下跌的真实原因，给大家分享一下今天我决定全部卖出的原因，诺泰、圣诺、瀚宇连续,,江枫丨渔火,3125395530799198,2025-10-14 21:38:30,947,18,2,0,False,False,"https://guba.eastmoney.com/news,688076,1610482266.html",2026-07-06 17:06:50
eastmoney_guba,688076,1610499383,三季报出来都超过去年全年利润5000万了,,罗杰斯说散户赚钱为零,2022045089864484,2025-10-14 22:49:38,162,3,0,0,False,False,"https://guba.eastmoney.com/news,688076,1610499383.html",2026-07-06 17:06:50
eastmoney_guba,688076,1610507812,利拉鲁肽仿制药刚上市一年，司美还未到期，GLP市场还没正式打开大门，好戏还在后头,,股友l2835902H3,3184386264913326,2025-10-14 23:46:09,389,0,1,0,False,False,"https://guba.eastmoney.com/news,688076,1610507812.html",2026-07-06 17:06:50
eastmoney_guba,688076,1610508343,其实寡核苷酸比多肽更有前景。,,还康得新正义,4313075457881082,2025-10-14 23:50:18,80,0,0,0,False,False,"https://guba.eastmoney.com/news,688076,1610508343.html",2026-07-06 17:06:52
eastmoney_guba,688076,1610508955,想知道基金出光没？,,医药不值得投资,5383084759787052,2025-10-14 23:54:58,67,1,0,0,False,False,"https://guba.eastmoney.com/news,688076,1610508955.html",2026-07-06 17:06:52
eastmoney_guba,688076,1610534763,昨天我也岀干净了！,,股友0e3QEd,8186316001543026,2025-10-15 06:46:09,139,3,0,0,False,False,"https://guba.eastmoney.com/news,688076,1610534763.html",2026-07-06 17:06:50
eastmoney_guba,688076,1610545784,肥胖已成为全球性社会问题，抑制肥胖率过快上升并且达到降低肥胖率的任务刻不容缓，但,,股友l2835902H3,3184386264913326,2025-10-15 08:19:30,64,0,0,0,False,False,"https://guba.eastmoney.com/news,688076,1610545784.html",2026-07-06 17:06:50
eastmoney_guba,688076,1610574255,太狠了，真的一天都不涨，公司没有差到这个地步吧,,生财满堂的叶孤城,4717325948839376,2025-10-15 09:29:27,60,1,0,0,False,False,"https://guba.eastmoney.com/news,688076,1610574255.html",2026-07-06 17:06:50
eastmoney_guba,688076,1610661411,"买好了,明年见！希望有大收获",,这股的预期是什么,6492094712751706,2025-10-15 10:05:51,43,0,0,0,False,False,"https://guba.eastmoney.com/news,688076,1610661411.html",2026-07-06 17:06:50
eastmoney_guba,688076,1610680568,相信自己原来判断的就耐心持有，诺泰未来价格在100+！不相信自己原来判断的就赶紧,,上海的中心,1836446835971762,2025-10-15 10:16:23,174,2,0,0,False,False,"https://guba.eastmoney.com/news,688076,1610680568.html",2026-07-06 17:06:50
eastmoney_guba,688076,1610704204,操盘手厉害，我就看中你这份定力，坚决持仓不动！,,luotuoxzx,6756094607583200,2025-10-15 10:30:27,103,3,0,0,False,False,"https://guba.eastmoney.com/news,688076,1610704204.html",2026-07-06 17:06:50
eastmoney_guba,688076,1610740171,现在赶紧卖，下午还得跌，每天都是冲高开盘冲高卖尾盘买，不亦乐乎啊,,北京鸿程2收车,1823094613289884,2025-10-15 10:53:14,54,1,0,0,False,False,"https://guba.eastmoney.com/news,688076,1610740171.html",2026-07-06 17:06:50
eastmoney_guba,688076,1610744103,炒股是为了赚钱，诺泰目前的价格，也没多少人盈利吧？耐心等待，说不定哪天就涨了呢！,,股友SDIPLp4274,4160085463132982,2025-10-15 10:55:55,215,5,0,0,False,False,"https://guba.eastmoney.com/news,688076,1610744103.html",2026-07-06 17:06:50
eastmoney_guba,688076,1610755408,企业有个问题，假如高管一直觉得处罚不甘心，一直拖着，结果就是可能明年7月了处罚还,,屯老二才买A股,8960346358579732,2025-10-15 11:03:52,145,1,0,0,False,False,"https://guba.eastmoney.com/news,688076,1610755408.html",2026-07-06 17:06:50
eastmoney_guba,688076,1610779003,大哥，你不是也有创新药概念么？咋为么软呢,,让子弹歇一会儿,7723004784289326,2025-10-15 11:22:28,51,0,0,0,False,False,"https://guba.eastmoney.com/news,688076,1610779003.html",2026-07-06 17:06:50
eastmoney_guba,688076,1610790964,缩量了？,,随便聊聊00,8440386164089148,2025-10-15 11:37:07,39,0,0,0,False,False,"https://guba.eastmoney.com/news,688076,1610790964.html",2026-07-06 17:06:50
eastmoney_guba,688076,1610810874,减肥药又猛涨，机构睡迷糊了？,,悠然自得老秦人,1242013197007768,2025-10-15 12:43:26,48,0,0,0,False,False,"https://guba.eastmoney.com/news,688076,1610810874.html",2026-07-06 17:06:50
eastmoney_guba,688076,1610826995,大盘涨，板块涨，你就不涨。大盘跌，板块跌，你争当第一。,,永时胜,9427034659555570,2025-10-15 13:08:33,53,0,0,0,False,False,"https://guba.eastmoney.com/news,688076,1610826995.html",2026-07-06 17:06:50
eastmoney_guba,688076,1610861904,300199涨了7个点，你还在睡觉啊,,股友h7582G0518,3677396111177948,2025-10-15 13:36:46,73,1,0,0,False,False,"https://guba.eastmoney.com/news,688076,1610861904.html",2026-07-06 17:06:50
eastmoney_guba,688076,1610878404,卖出的鸡构就是个生口,,悠然自得老秦人,1242013197007768,2025-10-15 13:49:09,67,2,0,0,False,False,"https://guba.eastmoney.com/news,688076,1610878404.html",2026-07-06 17:06:50
eastmoney_guba,688076,1610905595,今天最后一层仓位全部出清，打开股吧雪球~10个人有9个人都还在意诺泰未来会翻倍,,江枫丨渔火,3125395530799198,2025-10-15 14:11:25,556,16,0,0,False,False,"https://guba.eastmoney.com/news,688076,1610905595.html",2026-07-06 17:06:50
eastmoney_guba,688076,1610912415,ST诺泰当前风险与收益并存，但收益潜力大于风险。短期风险主要来自ST标签带来的流,,傲气的佛觅儿,5598486666742320,2025-10-15 14:16:37,280,4,1,0,False,False,"https://guba.eastmoney.com/news,688076,1610912415.html",2026-07-06 17:06:50
eastmoney_guba,688076,1610934339,不怕他砸盘，就怕他没量啊，牛市最怕缩量,,屯老二才买A股,8960346358579732,2025-10-15 14:32:32,45,0,0,0,False,False,"https://guba.eastmoney.com/news,688076,1610934339.html",2026-07-06 17:06:50
eastmoney_guba,688076,1610941096,股票的走势好多时候会走极端，涨的时候找不到顶，跌的时候找不到底。甚至与业绩等毫无,,老高盈利并不难,1944111678218282,2025-10-15 14:37:43,265,7,0,0,False,False,"https://guba.eastmoney.com/news,688076,1610941096.html",2026-07-06 17:06:50
eastmoney_guba,688076,1610951127,老乡别走！主力还在,,股友03627F7M73,6950187586920228,2025-10-15 14:45:03,62,0,0,0,False,False,"https://guba.eastmoney.com/news,688076,1610951127.html",2026-07-06 17:06:50
eastmoney_guba,688076,1610975392,下午把诺泰果断切一半的仓位到康龙分摊CRO单股的风险，多挣2个多点，完美。等康龙,,独守花自开,3447335569687896,2025-10-15 15:04:40,68,0,0,0,False,False,"https://guba.eastmoney.com/news,688076,1610975392.html",2026-07-06 17:06:50
eastmoney_guba,688076,1610989901,佛山彻底跑路了，带进去的粉都不管了，不回答了,,独孤燕,2128027197149058,2025-10-15 15:31:17,323,5,0,0,False,False,"https://guba.eastmoney.com/news,688076,1610989901.html",2026-07-06 17:06:50
eastmoney_guba,688076,1611002224,买盘枯竭，叠加财务造假，还得往下跌,,weka,4923235732188266,2025-10-15 16:03:05,113,1,0,0,False,False,"https://guba.eastmoney.com/news,688076,1611002224.html",2026-07-06 17:06:50
eastmoney_guba,688076,1611013689,环境,,股友E136V29091,1815017066272066,2025-10-15 16:40:45,541,0,0,0,True,False,"https://guba.eastmoney.com/news,688076,1611013689.html",2026-07-06 17:06:50
eastmoney_guba,688076,1611037389,今天也有点差劲诶,,萤火之约,4903065278637186,2025-10-15 18:11:29,48,0,0,0,False,False,"https://guba.eastmoney.com/news,688076,1611037389.html",2026-07-06 17:06:50
eastmoney_guba,688076,1611065604,今天先出了，空仓观望！,,H天空,5617396291881210,2025-10-15 20:21:49,54,0,0,0,False,False,"https://guba.eastmoney.com/news,688076,1611065604.html",2026-07-06 17:06:50
eastmoney_guba,688076,1611097670,$ST诺泰(SH688076)$,,双击666666,2008513819576860,2025-10-15 22:38:11,360,1,0,0,True,False,"https://guba.eastmoney.com/news,688076,1611097670.html",2026-07-06 17:06:50
eastmoney_guba,688076,1611109499,有没有人觉得独孤燕是个男的,,股友16280D6l67,5560406829403140,2025-10-15 23:46:36,133,3,0,0,False,False,"https://guba.eastmoney.com/news,688076,1611109499.html",2026-07-06 17:06:50
eastmoney_guba,688076,1611109593,仔细看了看处罚金额，4270万那个是因为融资金额4.3亿。符合条款！这个属于欺诈,,这股的预期是什么,6492094712751706,2025-10-15 23:47:20,238,1,0,0,False,False,"https://guba.eastmoney.com/news,688076,1611109593.html",2026-07-06 17:06:50
eastmoney_guba,688076,1611215292,这个电话能打通，随时有人接。公司提出了申辩，我给他们建议如果时间较长就撤回身边，,,这股的预期是什么,6492094712751706,2025-10-16 09:48:28,804,3,0,0,True,False,"https://guba.eastmoney.com/news,688076,1611215292.html",2026-07-06 17:06:46
eastmoney_guba,688076,1611334387,主力也太够了，天天造假盘，不管涨跌，天天流出。。,,管住手机会永远有,1505346236358364,2025-10-16 10:53:10,68,0,0,0,False,False,"https://guba.eastmoney.com/news,688076,1611334387.html",2026-07-06 17:06:50
eastmoney_guba,688076,1611337900,都卧倒了，打压扫射毛都没有，僵尸股了散户都走吧,,股友l2835902H3,3184386264913326,2025-10-16 10:55:27,59,0,2,0,False,False,"https://guba.eastmoney.com/news,688076,1611337900.html",2026-07-06 17:06:50
eastmoney_guba,688076,1611375190,ST诺泰无视业绩连续增长，每天跌跌不休，已沦为市场弃儿！,,LYJ6696,6698024878368346,2025-10-16 11:22:33,120,2,0,0,False,False,"https://guba.eastmoney.com/news,688076,1611375190.html",2026-07-06 17:06:50
eastmoney_guba,688076,1611448310,大盘涨，诺泰也跌，大盘稍跌，诺泰就跟着大跌，无休无止，看不到止跌的迹象，谁来告诉,,追蓝光者,8395375991557040,2025-10-16 13:22:04,224,9,0,0,False,False,"https://guba.eastmoney.com/news,688076,1611448310.html",2026-07-06 17:06:50
eastmoney_guba,688076,1611478886,688开头的股票跌一个月一天就涨回去了,,巴别塔2014,4901013399772576,2025-10-16 13:46:54,58,0,0,0,False,False,"https://guba.eastmoney.com/news,688076,1611478886.html",2026-07-06 17:06:50
eastmoney_guba,688076,1611481485,啥时候跌倒破30再来,,股友97103io951,5837117453075450,2025-10-16 13:49:00,47,0,0,0,False,False,"https://guba.eastmoney.com/news,688076,1611481485.html",2026-07-06 17:06:50
eastmoney_guba,688076,1611484979,匆匆忙忙，连滚带爬！,,华远股东,3047426769600740,2025-10-16 13:51:45,52,0,0,0,False,False,"https://guba.eastmoney.com/news,688076,1611484979.html",2026-07-06 17:06:50
eastmoney_guba,688076,1611507282,走势说明一切，有产能没订单，后面的雷不知道还有多大，不要与趋势做对；罚款+计提投,,账户已注销,3045346389416400,2025-10-16 14:12:04,182,1,0,0,False,False,"https://guba.eastmoney.com/news,688076,1611507282.html",2026-07-06 17:06:50
eastmoney_guba,688076,1611521662,最后一篇文章写给股吧里面一同战斗过的兄弟，没有仓位一身轻，再次证明我的选择是对的,,江枫丨渔火,3125395530799198,2025-10-16 14:24:12,945,8,0,0,False,False,"https://guba.eastmoney.com/news,688076,1611521662.html",2026-07-06 17:06:50
eastmoney_guba,688076,1611534290,史上最烂绩优生物医药股！,,LYJ6696,6698024878368346,2025-10-16 14:34:16,58,0,0,0,False,False,"https://guba.eastmoney.com/news,688076,1611534290.html",2026-07-06 17:06:50
eastmoney_guba,688076,1611570887,无底洞，会到30吗？,,没翻倍不算赚,5013023721672056,2025-10-16 15:03:51,59,0,0,0,False,False,"https://guba.eastmoney.com/news,688076,1611570887.html",2026-07-06 17:06:50
eastmoney_guba,688076,1611574818,回头看一身冷汗,,小户巨亏,2616065001225224,2025-10-16 15:09:27,493,1,0,0,True,False,"https://guba.eastmoney.com/news,688076,1611574818.html",2026-07-06 17:06:50
eastmoney_guba,688076,1611599870,我就是人呢？情愿拿亏损股或几百年才回本的股票，就不买盈利好的股票。真的是。唉,,生龙活虎的付雅松,5712177583597268,2025-10-16 16:11:10,75,0,0,0,False,False,"https://guba.eastmoney.com/news,688076,1611599870.html",2026-07-06 17:06:50
eastmoney_guba,688076,1611611041,业绩大幅低于预期，竞争激烈，才是下跌原因，与立案没啥关系,,股友uOxNHj,8885075480613284,2025-10-16 16:49:09,78,0,0,0,False,False,"https://guba.eastmoney.com/news,688076,1611611041.html",2026-07-06 17:06:50
eastmoney_guba,688076,1611619872,无底洞,,翻倍大赢家,3859007282848644,2025-10-16 17:19:11,59,0,0,0,False,False,"https://guba.eastmoney.com/news,688076,1611619872.html",2026-07-06 17:06:50
eastmoney_guba,688076,1611620752,10月16日科创板主力资金净流出46.20亿元,,博睿数据资讯,1108084873295646,2025-10-16 17:22:31,756,0,2,0,False,False,"https://guba.eastmoney.com/news,688076,1611620752.html",2026-07-06 17:06:50
eastmoney_guba,688076,1611624910,没个头呀,,就是高吸低抛,2849057600812640,2025-10-16 17:38:37,61,1,0,0,False,False,"https://guba.eastmoney.com/news,688076,1611624910.html",2026-07-06 17:06:50
eastmoney_guba,688076,1611638402,估计有半年的盘整，等等哈,,想天天涨停板,8453325540161218,2025-10-16 18:36:10,61,0,0,0,False,False,"https://guba.eastmoney.com/news,688076,1611638402.html",2026-07-06 17:06:50
eastmoney_guba,688076,1611670546,兄弟们，熬住，盘整的时候，我就开始进底仓,,frog112917,5888065486786656,2025-10-16 21:00:35,58,0,0,0,False,False,"https://guba.eastmoney.com/news,688076,1611670546.html",2026-07-06 17:06:50
eastmoney_guba,688076,1611691440,唉，今天真有点熬不住了，挥、含泪又砍5手！！,,高贵典雅的钱昊祥,2289084918147260,2025-10-16 22:25:47,73,0,0,0,False,False,"https://guba.eastmoney.com/news,688076,1611691440.html",2026-07-06 17:06:50
eastmoney_guba,688076,1611694429,怎么还有人在弄这个破股，有脑子没,,股友706l505N11,3693037529226322,2025-10-16 22:38:18,63,0,0,0,False,False,"https://guba.eastmoney.com/news,688076,1611694429.html",2026-07-06 17:06:50
eastmoney_guba,688076,1611734544,诺泰奥司他韦近期零售大量出货，应该是病毒性流感和南方登革热高发期原因，主力在这几,,华远股东,3047426769600740,2025-10-17 07:48:27,260,1,0,0,False,False,"https://guba.eastmoney.com/news,688076,1611734544.html",2026-07-06 17:06:50
eastmoney_guba,688076,1611736948,from 特朗普：减肥药物价格将下调，会进行GLP药物谈判,,萤火之约,4903065278637186,2025-10-17 08:03:45,1504,14,3,0,True,False,"https://guba.eastmoney.com/news,688076,1611736948.html",2026-07-06 17:06:50
eastmoney_guba,688076,1611753066,呵呵,,山雨欲来1,1574416648412580,2025-10-17 09:13:56,165,0,2,0,False,False,"https://guba.eastmoney.com/news,688076,1611753066.html",2026-07-06 17:06:50
eastmoney_guba,688076,1611845115,怎么不跌了？出了就涨点。意难平,,最美的时光遇见你,8822047574683478,2025-10-17 09:57:30,82,3,0,0,False,False,"https://guba.eastmoney.com/news,688076,1611845115.html",2026-07-06 17:06:50
eastmoney_guba,688076,1611890780,把佛山小太逞等给跌的两眼泪汪汪，跌的哭爹喊娘的给，,,独孤燕,2128027197149058,2025-10-17 10:18:57,728,24,0,0,True,False,"https://guba.eastmoney.com/news,688076,1611890780.html",2026-07-06 17:06:46
eastmoney_guba,688076,1611914815,不破不立。36.4破了，也该企稳了吧现在跑路的都是割大肉，稳住呀,,傲气的佛觅儿,5598486666742320,2025-10-17 10:33:28,69,1,0,0,False,False,"https://guba.eastmoney.com/news,688076,1611914815.html",2026-07-06 17:06:50
eastmoney_guba,688076,1611931701,等明年吧,,七月当圆子,6180094012890770,2025-10-17 10:44:59,475,12,0,0,False,False,"https://guba.eastmoney.com/news,688076,1611931701.html",2026-07-06 17:06:27
eastmoney_guba,688076,1611931823,江苏诺泰澳赛诺生物制药股份有限公司关于收到《行政处罚事先告知书》的公告公司于20,,富春江上打渔船,2656545245758714,2025-10-17 10:45:05,1116,3,0,0,False,False,"https://guba.eastmoney.com/news,688076,1611931823.html",2026-07-06 17:06:50
eastmoney_guba,688076,1611954517,险资出去后，游资进来,,悠然自得老秦人,1242013197007768,2025-10-17 11:01:11,43,0,0,0,False,False,"https://guba.eastmoney.com/news,688076,1611954517.html",2026-07-06 17:06:50
eastmoney_guba,688076,1611965747,这个位置看看能不能稳住，不能就看30，我等你，幺蛾子真多,,财运满堂的说不得,6060385841515926,2025-10-17 11:08:49,60,1,0,0,False,False,"https://guba.eastmoney.com/news,688076,1611965747.html",2026-07-06 17:06:50
eastmoney_guba,688076,1612095015,清仓吗？，大盘掉头好危险,,想天天涨停板,8453325540161218,2025-10-17 13:48:19,113,3,0,0,False,False,"https://guba.eastmoney.com/news,688076,1612095015.html",2026-07-06 17:06:50
eastmoney_guba,688076,1612113722,散户跟大神一样分析来分析去，个个亏损20%，太可笑了。那些赚了没走的，半路加仓的,,晚上的清秋,3598396081954208,2025-10-17 14:04:19,59,0,0,0,False,False,"https://guba.eastmoney.com/news,688076,1612113722.html",2026-07-06 17:06:50
eastmoney_guba,688076,1612135198,一身冷汗中，什么时候也能来个5个点阳线？！,,高贵典雅的钱昊祥,2289084918147260,2025-10-17 14:21:04,66,1,0,0,False,False,"https://guba.eastmoney.com/news,688076,1612135198.html",2026-07-06 17:06:50
eastmoney_guba,688076,1612136006,大灾之年，过分了吧又拉一碗,,屯老二才买A股,8960346358579732,2025-10-17 14:21:41,43,0,0,0,False,False,"https://guba.eastmoney.com/news,688076,1612136006.html",2026-07-06 17:06:50
eastmoney_guba,688076,1612145275,37买500手，35买1000手，32买1500手，30元买1500。不知道10,,华远股东,3047426769600740,2025-10-17 14:28:02,159,3,0,0,False,False,"https://guba.eastmoney.com/news,688076,1612145275.html",2026-07-06 17:06:48
eastmoney_guba,688076,1612158241,又留下一个筹码峰，看来这个位置稳不住啊,,了解以后,8951356227100036,2025-10-17 14:36:11,70,0,0,0,False,False,"https://guba.eastmoney.com/news,688076,1612158241.html",2026-07-06 17:06:50
eastmoney_guba,688076,1612209811,被st的科创板小散少，没机构拉不起来的，吃教训啦！,,时刻落袋为安,2205004714926754,2025-10-17 15:19:02,58,0,0,0,False,False,"https://guba.eastmoney.com/news,688076,1612209811.html",2026-07-06 17:06:50
eastmoney_guba,688076,1612286793,毁灭吧！,,gugg12472625,7587094851546694,2025-10-17 20:11:28,47,0,0,0,False,False,"https://guba.eastmoney.com/news,688076,1612286793.html",2026-07-06 17:06:50
eastmoney_guba,688076,1612295691,继续下探30，目前没有企稳的迹象。,,萨克马爱迪克,9948027252537598,2025-10-17 20:56:12,99,2,0,0,False,False,"https://guba.eastmoney.com/news,688076,1612295691.html",2026-07-06 17:06:50
eastmoney_guba,688076,1612344552,大概跌到多少才能企稳？,,chenmetor,3920094180800202,2025-10-18 06:29:00,70,1,0,0,False,False,"https://guba.eastmoney.com/news,688076,1612344552.html",2026-07-06 17:06:50
eastmoney_guba,688076,1612362006,守不住内心的躁动。请看这里,,想天天涨停板,8453325540161218,2025-10-18 10:22:28,548,1,0,0,True,False,"https://guba.eastmoney.com/news,688076,1612362006.html",2026-07-06 17:06:50
eastmoney_guba,688076,1612392028,佛山的漂白粉小太逞莫能两可的还在给佛山脸上贴金呢！佛山不是诺泰不翻倍绝不走，高位,,独孤燕,2128027197149058,2025-10-18 18:32:08,487,5,0,0,True,False,"https://guba.eastmoney.com/news,688076,1612392028.html",2026-07-06 17:06:48
eastmoney_guba,688076,1612457679,基本到底了。,,韭黄见光,2346067193268134,2025-10-19 18:52:39,76,1,0,0,False,False,"https://guba.eastmoney.com/news,688076,1612457679.html",2026-07-06 17:06:50
eastmoney_guba,688076,1612473883,买诺泰生物的计划是长期持股！跌多少加仓就行，,,想天天涨停板,8453325540161218,2025-10-19 22:10:20,436,1,0,0,True,False,"https://guba.eastmoney.com/news,688076,1612473883.html",2026-07-06 17:06:50
eastmoney_guba,688076,1612507100,10倍股，预计5-7个涨停,,萨克马爱迪克,9948027252537598,2025-10-20 09:12:25,102,1,0,0,False,False,"https://guba.eastmoney.com/news,688076,1612507100.html",2026-07-06 17:06:48
eastmoney_guba,688076,1612525986,真是不争气,,luotuoxzx,6756094607583200,2025-10-20 09:28:33,38,0,0,0,False,False,"https://guba.eastmoney.com/news,688076,1612525986.html",2026-07-06 17:06:50
eastmoney_guba,688076,1612567910,越跌越买，三年五倍，五年十倍,,股友l2835902H3,3184386264913326,2025-10-20 09:45:50,67,1,0,0,False,False,"https://guba.eastmoney.com/news,688076,1612567910.html",2026-07-06 17:06:48
eastmoney_guba,688076,1612703155,这。。。,,九转还阳金丹,1673336271826970,2025-10-20 11:12:36,47,0,0,0,False,False,"https://guba.eastmoney.com/news,688076,1612703155.html",2026-07-06 17:06:48
eastmoney_guba,688076,1612728099,当初华通st，在地沟里也是大量被洗出去了。前车之鉴,,想天天涨停板,8453325540161218,2025-10-20 11:46:07,126,2,0,0,False,False,"https://guba.eastmoney.com/news,688076,1612728099.html",2026-07-06 17:06:48
eastmoney_guba,688076,1612838871,公司对外公布的两个电话，一个打了始终占线，另一个始终没人接听。,,gugg12472625,7587094851546694,2025-10-20 14:19:59,79,0,0,0,False,False,"https://guba.eastmoney.com/news,688076,1612838871.html",2026-07-06 17:06:48
eastmoney_guba,688076,1612850783,今天有个好的情况，量能明显萎缩了,,陈扶摇,2707385668627232,2025-10-20 14:30:56,109,3,0,0,False,False,"https://guba.eastmoney.com/news,688076,1612850783.html",2026-07-06 17:06:48
eastmoney_guba,688076,1612852204,主力不敢往低了打了，怕筹码给别人抢跑了，主力也不永毅，拉吧利空一堆，不拉这票又容,,屯老二才买A股,8960346358579732,2025-10-20 14:32:16,177,2,0,0,False,False,"https://guba.eastmoney.com/news,688076,1612852204.html",2026-07-06 17:06:48
eastmoney_guba,688076,1612900653,今天这么硬吗还以为要继续跌,,就是高吸低抛,2849057600812640,2025-10-20 15:34:48,48,0,0,0,False,False,"https://guba.eastmoney.com/news,688076,1612900653.html",2026-07-06 17:06:48
eastmoney_guba,688076,1612914160,我只接受20进来，明年5月,,有毅力的梅梁0,9547087219575372,2025-10-20 16:17:30,66,0,0,0,False,False,"https://guba.eastmoney.com/news,688076,1612914160.html",2026-07-06 17:06:48
eastmoney_guba,688076,1612933140,差不多了吧，今天少量买入，如果不是底的话，估计离底不远了。这个预计等处罚下来才能,,瘦虎盼盼,1869034718466210,2025-10-20 17:34:37,109,0,0,0,False,False,"https://guba.eastmoney.com/news,688076,1612933140.html",2026-07-06 17:06:48
eastmoney_guba,688076,1612978392,什么时候能到30快，那一定是到底了，到时候可以借点钱，再买入,,屯老二才买A股,8960346358579732,2025-10-20 21:14:26,73,1,0,0,False,False,"https://guba.eastmoney.com/news,688076,1612978392.html",2026-07-06 17:06:48
eastmoney_guba,688076,1613113970,昨天缩量今天拉升。等后天三季报,,随便聊聊00,8440386164089148,2025-10-21 09:54:23,308,8,0,0,False,False,"https://guba.eastmoney.com/news,688076,1613113970.html",2026-07-06 17:06:48
eastmoney_guba,688076,1613114903,可以啊，有人抄底来了,,想天天涨停板,8453325540161218,2025-10-21 09:54:51,51,0,4,0,False,False,"https://guba.eastmoney.com/news,688076,1613114903.html",2026-07-06 17:06:48
eastmoney_guba,688076,1613175905,那个隐土出来走两步？,,原菏泽老徐3516,4309054884528074,2025-10-21 10:29:23,231,4,0,0,False,False,"https://guba.eastmoney.com/news,688076,1613175905.html",2026-07-06 17:06:48
eastmoney_guba,688076,1613704442,明天直接低开五个点三季报能有好东西给你嘛利润这么差和二季度相比下了一个台阶这垃圾,,日进满堂得段正淳,4597315893746268,2025-10-22 10:01:31,80,1,0,0,False,False,"https://guba.eastmoney.com/news,688076,1613704442.html",2026-07-06 17:06:48
eastmoney_guba,688076,1613726298,被折磨的红一分钱也高兴,,阳光开朗的钱子轩,8069027400305304,2025-10-22 10:13:45,90,2,0,0,False,False,"https://guba.eastmoney.com/news,688076,1613726298.html",2026-07-06 17:06:48
eastmoney_guba,688076,1613734547,2毛钱得玩一天,,稳健老师,4617395870494756,2025-10-22 10:18:47,43,0,0,0,False,False,"https://guba.eastmoney.com/news,688076,1613734547.html",2026-07-06 17:06:48
eastmoney_guba,688076,1613754261,掐指一算今日有望大阳至涨停哈,,股友aUcNrk,3580315964816674,2025-10-22 10:31:38,53,1,0,0,False,False,"https://guba.eastmoney.com/news,688076,1613754261.html",2026-07-06 17:06:48
eastmoney_guba,688076,1613772590,小日子流感爆发，跟诺子没关系？,,股友0e3QEd,8186316001543026,2025-10-22 10:44:34,112,2,0,0,False,False,"https://guba.eastmoney.com/news,688076,1613772590.html",2026-07-06 17:06:48
eastmoney_guba,688076,1613854181,算利好吗,,悠然自得老秦人,1242013197007768,2025-10-22 12:42:23,670,1,1,0,True,False,"https://guba.eastmoney.com/news,688076,1613854181.html",2026-07-06 17:06:48
eastmoney_guba,688076,1613857135,提示开仓,,悠然自得老秦人,1242013197007768,2025-10-22 12:54:51,695,1,0,0,True,False,"https://guba.eastmoney.com/news,688076,1613857135.html",2026-07-06 17:06:48
eastmoney_guba,688076,1613970691,要是说，取消st，是不是也能一周翻一倍，天天一字板,,屯老二才买A股,8960346358579732,2025-10-22 14:40:44,242,3,0,0,False,False,"https://guba.eastmoney.com/news,688076,1613970691.html",2026-07-06 17:06:48
eastmoney_guba,688076,1613990342,看走势就知道正式三季报没任何波澜。看来还得阴跌盘整。,,别听他们忽悠,3124396168972760,2025-10-22 14:55:56,51,0,0,0,False,False,"https://guba.eastmoney.com/news,688076,1613990342.html",2026-07-06 17:06:48
eastmoney_guba,688076,1614022078,"三季报3,62亿元每股1146元明天跌4.5%开盘收盘一2.6%",,股友H8qfST,8226395791682556,2025-10-22 16:04:33,276,5,0,0,False,False,"https://guba.eastmoney.com/news,688076,1614022078.html",2026-07-06 17:06:48
eastmoney_guba,688076,1614050908,ST诺泰:2025年第三季度报告,,ST诺泰资讯,9038395923854884,2025-10-22 17:57:54,842,19,26,0,False,False,"https://guba.eastmoney.com/news,688076,1614050908.html",2026-07-06 17:06:48
eastmoney_guba,688076,1614050911,ST诺泰:江苏诺泰澳赛诺生物制药股份有限公司投资者关系管理制度,,ST诺泰资讯,9038395923854884,2025-10-22 17:57:54,100,0,0,0,False,False,"https://guba.eastmoney.com/news,688076,1614050911.html",2026-07-06 17:06:48
eastmoney_guba,688076,1614050909,ST诺泰:江苏诺泰澳赛诺生物制药股份有限公司信息披露管理制度,,ST诺泰资讯,9038395923854884,2025-10-22 17:57:54,76,0,0,0,False,False,"https://guba.eastmoney.com/news,688076,1614050909.html",2026-07-06 17:06:48
eastmoney_guba,688076,1614050907,ST诺泰:江苏诺泰澳赛诺生物制药股份有限公司独立董事工作制度,,ST诺泰资讯,9038395923854884,2025-10-22 17:57:54,82,0,0,0,False,False,"https://guba.eastmoney.com/news,688076,1614050907.html",2026-07-06 17:06:48
eastmoney_guba,688076,1614050906,ST诺泰:关于召开2025年第三季度业绩说明会的公告,,ST诺泰资讯,9038395923854884,2025-10-22 17:57:54,134,0,0,0,False,False,"https://guba.eastmoney.com/news,688076,1614050906.html",2026-07-06 17:06:48
eastmoney_guba,688076,1614050905,ST诺泰:江苏诺泰澳赛诺生物制药股份有限公司信息披露暂缓与豁免事务管理制度,,ST诺泰资讯,9038395923854884,2025-10-22 17:57:54,68,0,2,0,False,False,"https://guba.eastmoney.com/news,688076,1614050905.html",2026-07-06 17:06:48
eastmoney_guba,688076,1614050904,ST诺泰:江苏诺泰澳赛诺生物制药股份有限公司董事、高级管理人员和核心技术人员所持本公司股份及其变动管理制度,,ST诺泰资讯,9038395923854884,2025-10-22 17:57:54,93,0,0,0,False,False,"https://guba.eastmoney.com/news,688076,1614050904.html",2026-07-06 17:06:48
eastmoney_guba,688076,1614050903,ST诺泰:江苏诺泰澳赛诺生物制药股份有限公司独立董事专门会议工作细则,,ST诺泰资讯,9038395923854884,2025-10-22 17:57:54,56,0,0,0,False,False,"https://guba.eastmoney.com/news,688076,1614050903.html",2026-07-06 17:06:48
eastmoney_guba,688076,1614050916,ST诺泰:江苏诺泰澳赛诺生物制药股份有限公司内幕信息知情人登记管理制度,,ST诺泰资讯,9038395923854884,2025-10-22 17:57:56,104,0,0,0,False,False,"https://guba.eastmoney.com/news,688076,1614050916.html",2026-07-06 17:06:48
eastmoney_guba,688076,1614050917,ST诺泰:江苏诺泰澳赛诺生物制药股份有限公司对外投资管理制度,,ST诺泰资讯,9038395923854884,2025-10-22 17:57:57,106,0,0,0,False,False,"https://guba.eastmoney.com/news,688076,1614050917.html",2026-07-06 17:06:48
eastmoney_guba,688076,1614053694,ST诺泰股东户数下降16.30%，户均持股83.65万元,,ST诺泰资讯,9038395923854884,2025-10-22 18:11:50,665,0,8,0,False,False,"https://guba.eastmoney.com/news,688076,1614053694.html",2026-07-06 17:06:48
eastmoney_guba,688076,1614054580,ST诺泰：前三季度净利润同比增长26.92%,,ST诺泰资讯,9038395923854884,2025-10-22 18:16:10,1140,0,2,0,False,False,"https://guba.eastmoney.com/news,688076,1614054580.html",2026-07-06 17:06:48
eastmoney_guba,688076,1614054581,ST诺泰：第三季度归母净利润1.34亿元，同比增长9.27%,,ST诺泰资讯,9038395923854884,2025-10-22 18:16:10,465,0,1,0,False,False,"https://guba.eastmoney.com/news,688076,1614054581.html",2026-07-06 17:06:48
eastmoney_guba,688076,1614055614,机构跑完了？,,随便聊聊00,8440386164089148,2025-10-22 18:21:10,152,2,0,0,False,False,"https://guba.eastmoney.com/news,688076,1614055614.html",2026-07-06 17:06:48
eastmoney_guba,688076,1614055662,牛散方东晖都买入了啊,,股友Z8zlKt,4487345851200262,2025-10-22 18:21:23,352,2,0,0,False,False,"https://guba.eastmoney.com/news,688076,1614055662.html",2026-07-06 17:06:48
eastmoney_guba,688076,1614055948,一分钟看懂ST诺泰2025三季度报告,,财报直击,7800476752446500,2025-10-22 18:22:44,2323,0,4,0,False,False,"https://guba.eastmoney.com/news,688076,1614055948.html",2026-07-06 17:06:48
eastmoney_guba,688076,1614056362,公司业绩不错，我的公司,,屯老二才买A股,8960346358579732,2025-10-22 18:24:34,69,1,0,0,False,False,"https://guba.eastmoney.com/news,688076,1614056362.html",2026-07-06 17:06:46
eastmoney_guba,688076,1614057588,ST诺泰：2025年前三季度净利润同比增长26.92%,,一句话财报,2491125312925070,2025-10-22 18:29:27,114,0,0,0,False,False,"https://guba.eastmoney.com/news,688076,1614057588.html",2026-07-06 17:06:48
eastmoney_guba,688076,1614059162,ST诺泰第三季度营收4.79亿元同比增13.8% 净利润增9.3%,,ST诺泰资讯,9038395923854884,2025-10-22 18:36:40,568,0,3,0,False,False,"https://guba.eastmoney.com/news,688076,1614059162.html",2026-07-06 17:06:48
eastmoney_guba,688076,1614060359,小号诺和诺德，千亿市值可期,,萨克马爱迪克,9948027252537598,2025-10-22 18:41:33,51,0,0,0,False,False,"https://guba.eastmoney.com/news,688076,1614060359.html",2026-07-06 17:06:48
eastmoney_guba,688076,1614060490,ST诺泰(688076.SH)：第三季度净利润同比上升9.27%,,格隆汇,9507112872296268,2025-10-22 18:42:15,294,0,1,0,False,False,"https://guba.eastmoney.com/news,688076,1614060490.html",2026-07-06 17:06:48
eastmoney_guba,688076,1614061854,公有十胜1.业绩增长20%，股价下跌50%，相当于业绩增长70%。2.被动机构退,,屯老二才买A股,8960346358579732,2025-10-22 18:48:54,522,1,1,0,False,False,"https://guba.eastmoney.com/news,688076,1614061854.html",2026-07-06 17:06:48
eastmoney_guba,688076,1614062266,ST诺泰(688076.SH)发布前三季度业绩，归母净利润4.45亿元，增长26.92%,,智通财经,1229034599342114,2025-10-22 18:50:53,569,2,2,0,False,False,"https://guba.eastmoney.com/news,688076,1614062266.html",2026-07-06 17:06:48
eastmoney_guba,688076,1614069251,国内奥司他韦第二研发投入增加20倍pe今年没涨,,hb要多学习,4149386253751828,2025-10-22 19:21:05,93,0,0,0,False,False,"https://guba.eastmoney.com/news,688076,1614069251.html",2026-07-06 17:06:48
eastmoney_guba,688076,1614075484,公司加大了投入，研发费用占营业收入的比例达到了28.61%，显示出其对创新的重视,,巴别塔2014,4901013399772576,2025-10-22 19:50:34,282,1,1,0,False,False,"https://guba.eastmoney.com/news,688076,1614075484.html",2026-07-06 17:06:48
eastmoney_guba,688076,1614082686,ST诺泰：2025年前三季度净利润4.45亿元 同比增长26.92%,,ST诺泰资讯,9038395923854884,2025-10-22 20:25:30,729,2,0,0,False,False,"https://guba.eastmoney.com/news,688076,1614082686.html",2026-07-06 17:06:48
eastmoney_guba,688076,1614084184,ST诺泰前三季度净利4.45亿元，同比增长26.92%,,ST诺泰资讯,9038395923854884,2025-10-22 20:32:50,685,0,2,0,False,False,"https://guba.eastmoney.com/news,688076,1614084184.html",2026-07-06 17:06:48
eastmoney_guba,688076,1614088121,在雪球和其他股吧里，有很多所谓的的大V分析长篇大论地分析诺泰，其实都没有说到点子,,股友58o62972X3,8000316130229804,2025-10-22 20:51:58,764,4,0,0,False,False,"https://guba.eastmoney.com/news,688076,1614088121.html",2026-07-06 17:06:46
eastmoney_guba,688076,1614092685,俏丽哇滴！有本事你铽么的跌到27,,遥远的塞纳河888,9037094342652420,2025-10-22 21:13:48,63,0,0,0,False,False,"https://guba.eastmoney.com/news,688076,1614092685.html",2026-07-06 17:06:48
eastmoney_guba,688076,1614097587,流感概念异动好几天了，什么轮到你呀？,,股友xC11082157,5915087048945050,2025-10-22 21:40:00,50,0,0,0,False,False,"https://guba.eastmoney.com/news,688076,1614097587.html",2026-07-06 17:06:48
eastmoney_guba,688076,1614113778,保密制度是在此地无银。突然招这么多研发，肯定有猫腻,,还康得新正义,4313075457881082,2025-10-22 23:13:51,84,0,0,0,False,False,"https://guba.eastmoney.com/news,688076,1614113778.html",2026-07-06 17:06:48
eastmoney_guba,688076,1614114116,递延收益1.46亿。这个科目含金量高呀！估计是预收款。,,永时胜,9427034659555570,2025-10-22 23:16:49,192,2,0,0,False,False,"https://guba.eastmoney.com/news,688076,1614114116.html",2026-07-06 17:06:48
eastmoney_guba,688076,1614116607,排名上升好快呀，希望明天还是不要放量，慢慢来,,屯老二才买A股,8960346358579732,2025-10-22 23:39:45,53,0,0,0,False,False,"https://guba.eastmoney.com/news,688076,1614116607.html",2026-07-06 17:06:48
eastmoney_guba,688076,1614119462,干事情最重要的是人。1研发投入翻倍，研发人员50%增加。明确说了项目加快特别缺人,,这股的预期是什么,6492094712751706,2025-10-23 00:13:44,476,0,0,0,True,False,"https://guba.eastmoney.com/news,688076,1614119462.html",2026-07-06 17:06:48
eastmoney_guba,688076,1614120688,深度解析：2026年司美格鲁肽专利到期后的仿制药与多肽原料药市场变化司美格鲁肽作,,佛山隐士,5331047298658940,2025-10-23 00:32:54,2179,35,5,0,False,False,"https://guba.eastmoney.com/news,688076,1614120688.html",2026-07-06 17:06:46
eastmoney_guba,688076,1614131586,研发费用同比去年增加了近一个亿，这投入很厉害了。加大研发，未来才有更多的创新和回,,菜就多练88,4656094453940714,2025-10-23 06:42:05,113,1,0,0,False,False,"https://guba.eastmoney.com/news,688076,1614131586.html",2026-07-06 17:06:48
eastmoney_guba,688076,1614134226,信达生物与武田制药达成百亿美元合作；东亚药业被浙江证监局责令改正丨医药早参,,信达生物资讯,5001095398219162,2025-10-23 07:19:39,1860,0,3,0,False,False,"https://guba.eastmoney.com/news,688076,1614134226.html",2026-07-06 17:06:48
eastmoney_guba,688076,1614134280,第一次见一个股票一家机构基金都没有的，剩余的都是一致行动人的机构，等于全部是散户,,生财满堂的叶孤城,4717325948839376,2025-10-23 07:20:16,329,3,1,0,False,False,"https://guba.eastmoney.com/news,688076,1614134280.html",2026-07-06 17:06:46
eastmoney_guba,688076,1614142904,坏了，隐士一来，诺泰又危险了,,萤火之约,4903065278637186,2025-10-23 08:23:00,62,0,0,0,False,False,"https://guba.eastmoney.com/news,688076,1614142904.html",2026-07-06 17:06:48
eastmoney_guba,688076,1614153482,机构风向标 | ST诺泰(688076)2025年三季度已披露前十大机构持股比例合计下跌3.46个百分点,,ST诺泰资讯,9038395923854884,2025-10-23 09:11:30,1012,0,0,0,False,False,"https://guba.eastmoney.com/news,688076,1614153482.html",2026-07-06 17:06:48
eastmoney_guba,688076,1614159748,社保基金都好像走光了，没有砸盘的了,,老高盈利并不难,1944111678218282,2025-10-23 09:22:14,49,0,0,0,False,False,"https://guba.eastmoney.com/news,688076,1614159748.html",2026-07-06 17:06:48
eastmoney_guba,688076,1614171135,ST诺泰24年立案调查中，信披违规受损者可索赔,,知股微声,6820335832347056,2025-10-23 09:29:26,100,0,0,0,False,False,"https://guba.eastmoney.com/news,688076,1614171135.html",2026-07-06 17:06:48
eastmoney_guba,688076,1614178295,社保走了这么喜大普奔吗？,,封控在家炒股,1838346159592874,2025-10-23 09:31:39,96,2,0,0,False,False,"https://guba.eastmoney.com/news,688076,1614178295.html",2026-07-06 17:06:48
eastmoney_guba,688076,1614187467,总算放量了，哪怕也不是很高，千万别冷了,,屯老二才买A股,8960346358579732,2025-10-23 09:35:23,54,0,0,0,False,False,"https://guba.eastmoney.com/news,688076,1614187467.html",2026-07-06 17:06:48
eastmoney_guba,688076,1614229950,还没长到我出的价位。被折腾怕了，一直亏，忍痛出的。不敢再进来了。有坚持下来的朋友,,最美的时光遇见你,8822047574683478,2025-10-23 09:51:14,117,3,0,0,False,False,"https://guba.eastmoney.com/news,688076,1614229950.html",2026-07-06 17:06:48
eastmoney_guba,688076,1614239489,可以，挺好的,,想天天涨停板,8453325540161218,2025-10-23 09:55:12,35,0,0,0,False,False,"https://guba.eastmoney.com/news,688076,1614239489.html",2026-07-06 17:06:48
eastmoney_guba,688076,1614257152,完了，又没量能了，主力没吸够,,屯老二才买A股,8960346358579732,2025-10-23 10:02:48,48,0,0,0,False,False,"https://guba.eastmoney.com/news,688076,1614257152.html",2026-07-06 17:06:48
eastmoney_guba,688076,1614259621,全网被黑的诺泰，诺泰虽然被迫ST，一直坚信一直好的票子还会涨起来，从40元成本跌,,华远股东,3047426769600740,2025-10-23 10:03:59,193,6,0,0,False,False,"https://guba.eastmoney.com/news,688076,1614259621.html",2026-07-06 17:06:48
eastmoney_guba,688076,1614264436,诺泰生物：前三季度业绩稳中有升 技术平台优势稳固,,ST诺泰资讯,9038395923854884,2025-10-23 10:06:21,1294,1,1,0,False,False,"https://guba.eastmoney.com/news,688076,1614264436.html",2026-07-06 17:06:48
eastmoney_guba,688076,1614309798,财报带来的利好也就利好半小时,,屯老二才买A股,8960346358579732,2025-10-23 10:32:42,61,1,0,0,False,False,"https://guba.eastmoney.com/news,688076,1614309798.html",2026-07-06 17:06:48
eastmoney_guba,688076,1614338721,有人不是傻就是坏，还违背事实狂咬正确的股友。牛散方东晖明明是二次进入！看看下面的,,佛山隐士,5331047298658940,2025-10-23 10:53:48,1302,18,2,0,False,False,"https://guba.eastmoney.com/news,688076,1614338721.html",2026-07-06 17:06:46
eastmoney_guba,688076,1614350787,今日大涨的原因之一，是十大股东中第九位，已经换成新面孔的牛散方东晖，持股598.,,aaabbc111223,2847094394307642,2025-10-23 11:02:47,397,5,0,0,False,False,"https://guba.eastmoney.com/news,688076,1614350787.html",2026-07-06 17:06:48
eastmoney_guba,688076,1614405101,$诺泰生物(SH688076)$ 方的仓位是最不值得炫的，6月割在最低位，然后社,,传承2020927,7828395614651192,2025-10-23 12:34:38,197,1,0,0,False,False,"https://guba.eastmoney.com/news,688076,1614405101.html",2026-07-06 17:06:48
eastmoney_guba,688076,1614420888,摘帽了必然暴涨，可提前埋伏,,时尚的魏铭鹃,7907246673537228,2025-10-23 13:07:30,221,7,0,0,False,False,"https://guba.eastmoney.com/news,688076,1614420888.html",2026-07-06 17:06:48
eastmoney_guba,688076,1614490217,我来了，各位可以走了，一般我买的股都挺惨,,STW5555,2262376395333000,2025-10-23 14:11:19,98,3,0,0,False,False,"https://guba.eastmoney.com/news,688076,1614490217.html",2026-07-06 17:06:46
eastmoney_guba,688076,1614565357,还是不够强势。10:30后成交量非常小，此外，尾盘板块大幅拉升，诺泰只是小小拉升,,萤火之约,4903065278637186,2025-10-23 15:27:28,373,5,0,0,False,False,"https://guba.eastmoney.com/news,688076,1614565357.html",2026-07-06 17:06:46
eastmoney_guba,688076,1614580301,今日诺泰早盘调控高开，9：42股价至全天最高点39元整，后虽有小幅回调，但基本全,,佛山隐士,5331047298658940,2025-10-23 16:15:04,1191,26,1,0,False,False,"https://guba.eastmoney.com/news,688076,1614580301.html",2026-07-06 17:06:46
eastmoney_guba,688076,1614601101,杠上了，读死书，死读书。,,股友29u3950R67,4861326318020490,2025-10-23 17:33:11,62,1,0,0,False,False,"https://guba.eastmoney.com/news,688076,1614601101.html",2026-07-06 17:06:46
eastmoney_guba,688076,1614602472,忽悠人的大骗子重现江湖，大家要擦亮眼睛,,股友86pt611905,2931316098174320,2025-10-23 17:38:08,62,0,0,0,False,False,"https://guba.eastmoney.com/news,688076,1614602472.html",2026-07-06 17:06:48
eastmoney_guba,688076,1614603659,业绩明牌，不用担心了，逢低加仓！,,弹鼓168,4890112571958390,2025-10-23 17:42:21,58,0,0,0,False,False,"https://guba.eastmoney.com/news,688076,1614603659.html",2026-07-06 17:06:48
eastmoney_guba,688076,1614609627,那个一涨就出来了,,奋勇当先的石榴花,6162376310865794,2025-10-23 18:09:06,57,0,0,0,False,False,"https://guba.eastmoney.com/news,688076,1614609627.html",2026-07-06 17:06:48
eastmoney_guba,688076,1614616786,奉劝佛山之流不要再解盘，本身自己就一韭菜，就不要现眼了，大家也看清楚了，如果其再,,股友l2835902H3,3184386264913326,2025-10-23 18:41:07,304,15,0,0,False,False,"https://guba.eastmoney.com/news,688076,1614616786.html",2026-07-06 17:06:46
eastmoney_guba,688076,1614637728,明天10月24日是弱太太立案周年纪念日，惩处结果不会跨年，惩处金额进第4季度损益,,xdhynj,5645335959421612,2025-10-23 20:09:45,84,0,0,0,False,False,"https://guba.eastmoney.com/news,688076,1614637728.html",2026-07-06 17:06:48
eastmoney_guba,688076,1614706002,8.7亿存货按一半是成品，估计能卖30亿，净利润30X0.28=8.4亿。算得有,,股友xC11082157,5915087048945050,2025-10-24 08:17:27,87,0,0,0,False,False,"https://guba.eastmoney.com/news,688076,1614706002.html",2026-07-06 17:06:46
eastmoney_guba,688076,1614706324,立案一年决定书还不下来，是不是有更大的雷？,,weka,4923235732188266,2025-10-24 08:20:04,51,0,0,0,False,False,"https://guba.eastmoney.com/news,688076,1614706324.html",2026-07-06 17:06:46
eastmoney_guba,688076,1614706366,呼叫孤独燕，没你感觉不热闹了,,股友xC11082157,5915087048945050,2025-10-24 08:20:20,54,0,0,0,False,False,"https://guba.eastmoney.com/news,688076,1614706366.html",2026-07-06 17:06:46
eastmoney_guba,688076,1614755489,好消息暂时没人卖了，坏消息，买的人也失踪了,,屯老二才买A股,8960346358579732,2025-10-24 09:36:31,59,2,0,0,False,False,"https://guba.eastmoney.com/news,688076,1614755489.html",2026-07-06 17:06:46
eastmoney_guba,688076,1614785281,事实证明他出来就是给主力打配合的，一出来就不断有大单砸盘。吃一堑长一智，倡导大家,,还康得新正义,4313075457881082,2025-10-24 09:47:51,119,5,0,0,False,False,"https://guba.eastmoney.com/news,688076,1614785281.html",2026-07-06 17:06:46
eastmoney_guba,688076,1614790332,隐士一现身，此股必跌，我现在希望他光光,,股友Z8zlKt,4487345851200262,2025-10-24 09:49:59,44,0,0,0,False,False,"https://guba.eastmoney.com/news,688076,1614790332.html",2026-07-06 17:06:46
eastmoney_guba,688076,1614845413,他，带着他的粉丝又来了，送上嘴的肉，继续洗。,,看涨必跌,4016094080719814,2025-10-24 10:15:18,62,1,0,0,False,False,"https://guba.eastmoney.com/news,688076,1614845413.html",2026-07-06 17:06:46
eastmoney_guba,688076,1614852469,隐士一来就完蛋！,,萤火之约,4903065278637186,2025-10-24 10:18:55,117,3,0,0,False,False,"https://guba.eastmoney.com/news,688076,1614852469.html",2026-07-06 17:06:46
eastmoney_guba,688076,1614864596,什么隐士了，傻士了，稻草一大堆，瞎分析，下跌没有其他原因，就是ST的帽子搞的。2,,华远股东,3047426769600740,2025-10-24 10:25:32,145,3,0,0,False,False,"https://guba.eastmoney.com/news,688076,1614864596.html",2026-07-06 17:06:46
eastmoney_guba,688076,1614889703,放量的时候再来吧，歇着，散户主打一个机动性,,屯老二才买A股,8960346358579732,2025-10-24 10:40:32,42,0,0,0,False,False,"https://guba.eastmoney.com/news,688076,1614889703.html",2026-07-06 17:06:46
eastmoney_guba,688076,1614919966,佛山隐士就是一个扫，把，星。这货一来股必跌无疑。,,独孤燕,2128027197149058,2025-10-24 11:01:26,327,18,0,0,False,False,"https://guba.eastmoney.com/news,688076,1614919966.html",2026-07-06 17:06:46
eastmoney_guba,688076,1614926432,可以信息分享，可以观点分析，可以讨论探讨，严禁解盘，严公开预测股价走开，严防神棍,,股友l2835902H3,3184386264913326,2025-10-24 11:06:06,60,0,0,0,False,False,"https://guba.eastmoney.com/news,688076,1614926432.html",2026-07-06 17:06:46
eastmoney_guba,688076,1614966725,股市冥灯,,股友6N596892h7,9152047191130642,2025-10-24 11:46:03,82,0,0,0,False,False,"https://guba.eastmoney.com/news,688076,1614966725.html",2026-07-06 17:06:46
eastmoney_guba,688076,1614988880,三圣10送5.8可能要上修，只是觉得三圣的10转5.8目前看来比较有良心，有没有,,一天一天做,1821105445869652,2025-10-24 12:59:25,1487,21,1,0,True,False,"https://guba.eastmoney.com/news,688076,1614988880.html",2026-07-06 17:06:46
eastmoney_guba,688076,1615027031,减肥药毕竟不是急需的，赔钱真没感觉，主要是人家疯长，难受,,屯老二才买A股,8960346358579732,2025-10-24 13:26:34,89,2,0,0,False,False,"https://guba.eastmoney.com/news,688076,1615027031.html",2026-07-06 17:06:46
eastmoney_guba,688076,1615031999,求教，这个股票缺口一直整不明白，.10.13的缺口是前一日收盘价，40.10吗,,长西路养家,4365055033871386,2025-10-24 13:30:02,103,3,0,0,False,False,"https://guba.eastmoney.com/news,688076,1615031999.html",2026-07-06 17:06:46
eastmoney_guba,688076,1615077586,下午拉爆了,,就是高吸低抛,2849057600812640,2025-10-24 14:04:42,65,2,0,0,False,False,"https://guba.eastmoney.com/news,688076,1615077586.html",2026-07-06 17:06:46
eastmoney_guba,688076,1615095664,现在能上车吗还是还有底部,,天天学习1234,2587057409043280,2025-10-24 14:18:29,115,3,0,0,False,False,"https://guba.eastmoney.com/news,688076,1615095664.html",2026-07-06 17:06:46
eastmoney_guba,688076,1615105108,佛山隐士研究的非常深入，希望多来这里发表高见,,luotuoxzx,6756094607583200,2025-10-24 14:25:28,140,2,0,0,False,False,"https://guba.eastmoney.com/news,688076,1615105108.html",2026-07-06 17:06:46
eastmoney_guba,688076,1615109885,诺泰目前的投资原则是，现价买入，买了就不买，至少捂一年,,股友l2835902H3,3184386264913326,2025-10-24 14:28:50,66,0,0,0,False,False,"https://guba.eastmoney.com/news,688076,1615109885.html",2026-07-06 17:06:46
eastmoney_guba,688076,1615113284,今天拉的有点过了，场外资金有点急了,,股友l2835902H3,3184386264913326,2025-10-24 14:31:26,47,0,0,0,False,False,"https://guba.eastmoney.com/news,688076,1615113284.html",2026-07-06 17:06:46
eastmoney_guba,688076,1615115513,多日不T，有点生疏,,股友jykiLS,1715095161176580,2025-10-24 14:32:59,285,3,0,0,True,False,"https://guba.eastmoney.com/news,688076,1615115513.html",2026-07-06 17:06:46
eastmoney_guba,688076,1615116730,下周二转战禾元生物,,大混沌789,2636365924839354,2025-10-24 14:33:51,41,0,0,0,False,False,"https://guba.eastmoney.com/news,688076,1615116730.html",2026-07-06 17:06:46
eastmoney_guba,688076,1615126158,家人们，都没跑吧！,,想天天涨停板,8453325540161218,2025-10-24 14:40:17,146,6,0,0,False,False,"https://guba.eastmoney.com/news,688076,1615126158.html",2026-07-06 17:06:46
eastmoney_guba,688076,1615139996,方东晖是近年来A股市场上颇为活跃的“牛散”之一，其投资动向备受市场关注。以下是关,,坚定的起飞888,9428094500891484,2025-10-24 14:49:53,767,4,1,0,False,False,"https://guba.eastmoney.com/news,688076,1615139996.html",2026-07-06 17:06:46
eastmoney_guba,688076,1615151252,难得又红了一天,,红桃77777,6889064611246648,2025-10-24 14:57:29,41,0,0,0,False,False,"https://guba.eastmoney.com/news,688076,1615151252.html",2026-07-06 17:06:46
eastmoney_guba,688076,1615182103,诺泰10月24日简评：如期今日股价稳定上扬，恭喜持仓诺泰的粉丝和股友们！但那些上,,佛山隐士,5331047298658940,2025-10-24 15:53:15,1136,38,0,0,False,False,"https://guba.eastmoney.com/news,688076,1615182103.html",2026-07-06 17:06:46
eastmoney_guba,688076,1615185129,我在想摘帽后会是多少？,,生龙活虎的付雅松,5712177583597268,2025-10-24 16:02:56,54,0,0,0,False,False,"https://guba.eastmoney.com/news,688076,1615185129.html",2026-07-06 17:06:46
eastmoney_guba,688076,1615202802,回复下隐士的评论,,萤火之约,4903065278637186,2025-10-24 17:01:55,925,7,0,0,True,False,"https://guba.eastmoney.com/news,688076,1615202802.html",2026-07-06 17:06:46
eastmoney_guba,688076,1615249607,大利空？诺泰被移除奥司他韦集采名单,,sun8880806,1831047511329030,2025-10-24 20:12:15,880,11,0,0,False,False,"https://guba.eastmoney.com/news,688076,1615249607.html",2026-07-06 17:06:46
eastmoney_guba,688076,1615250553,交投收盘拿到路条，起飞。正平二万手封的稳稳的，其他高标股都在互道SB，后市看压力,,一天一天做,1821105445869652,2025-10-24 20:16:17,2149,30,1,0,True,False,"https://guba.eastmoney.com/news,688076,1615250553.html",2026-07-06 17:06:46
eastmoney_guba,688076,1615253300,实在看不下去这里面头铁的人了,,哈士基,8105087494478586,2025-10-24 20:27:50,452,3,0,0,False,False,"https://guba.eastmoney.com/news,688076,1615253300.html",2026-07-06 17:06:46
eastmoney_guba,688076,1615275623,兄弟们，我又回来了！！你们有没有想我，本周诺泰强势4连阳建立反弹趋势，37附近我,,江枫丨渔火,3125395530799198,2025-10-24 22:12:50,1165,26,2,0,False,False,"https://guba.eastmoney.com/news,688076,1615275623.html",2026-07-06 17:06:46
eastmoney_guba,688076,1615318523,方东晖2024年12月31日持有422.3597万占总股本1.92你说是加仓了还,,老高盈利并不难,1944111678218282,2025-10-25 10:03:35,366,6,0,0,False,False,"https://guba.eastmoney.com/news,688076,1615318523.html",2026-07-06 17:06:46
eastmoney_guba,688076,1615364271,兄弟们，我很担心诺泰的订单问题，目前除了订单问题，其他都不是问题，不过回过头来想,,江枫丨渔火,3125395530799198,2025-10-25 22:24:20,655,12,0,0,False,False,"https://guba.eastmoney.com/news,688076,1615364271.html",2026-07-06 17:06:46
eastmoney_guba,688076,1615367310,三季报营收15.27亿元（+22%），净利润4.45亿元（+26.92%），扣非,,ST小树苗,9909315949663870,2025-10-25 23:30:27,410,1,0,0,True,False,"https://guba.eastmoney.com/news,688076,1615367310.html",2026-07-06 17:06:46
eastmoney_guba,688076,1615380716,抄底了，兄弟们,,聚宝盆1234567890,3248025313579206,2025-10-26 09:21:24,40,0,0,0,False,False,"https://guba.eastmoney.com/news,688076,1615380716.html",2026-07-06 17:06:46
eastmoney_guba,688076,1615422545,药明业绩超预期，多肽业务增长超100%～明天上40没问题吧！,,萤火之约,4903065278637186,2025-10-26 18:28:28,280,2,0,0,False,False,"https://guba.eastmoney.com/news,688076,1615422545.html",2026-07-06 17:06:46
eastmoney_guba,688076,1615437206,奥司他韦，流感。。。,,weka,4923235732188266,2025-10-26 21:12:23,67,0,0,0,False,False,"https://guba.eastmoney.com/news,688076,1615437206.html",2026-07-06 17:06:46
eastmoney_guba,688076,1615448587,三年过后。原料药市场的三巨头药明康德和诺泰生物，占两席，剩下的那个位置不确定，看,,江枫丨渔火,3125395530799198,2025-10-26 23:21:48,598,7,0,0,False,False,"https://guba.eastmoney.com/news,688076,1615448587.html",2026-07-06 17:06:46
eastmoney_guba,688076,1615565829,是个逆子一样的配方，一样的味道,,永时胜,9427034659555570,2025-10-27 09:51:36,43,0,0,0,False,False,"https://guba.eastmoney.com/news,688076,1615565829.html",2026-07-06 17:06:46
eastmoney_guba,688076,1615608129,韩宇，圣诺4个点了,,市场永远是正确,5939206511040982,2025-10-27 10:10:08,123,5,0,0,False,False,"https://guba.eastmoney.com/news,688076,1615608129.html",2026-07-06 17:06:44
eastmoney_guba,688076,1615614537,应该退市,,乐悠悠de布莱克,6386065133829102,2025-10-27 10:13:12,36,0,0,0,False,False,"https://guba.eastmoney.com/news,688076,1615614537.html",2026-07-06 17:06:46
eastmoney_guba,688076,1615620330,今天又是最弱的,,红桃77777,6889064611246648,2025-10-27 10:15:56,36,0,0,0,False,False,"https://guba.eastmoney.com/news,688076,1615620330.html",2026-07-06 17:06:46
eastmoney_guba,688076,1615633179,再好的基本面在资金面前，都是不堪一击。不停，显得自己很了不起吗？反而更加显得,,还康得新正义,4313075457881082,2025-10-27 10:21:58,55,0,0,0,False,False,"https://guba.eastmoney.com/news,688076,1615633179.html",2026-07-06 17:06:46
eastmoney_guba,688076,1615640676,本周出发落地。90%不采纳。利空落地早日摘帽。210%部分采纳，意外之喜。另外大,,这股的预期是什么,6492094712751706,2025-10-27 10:25:42,529,8,2,0,False,False,"https://guba.eastmoney.com/news,688076,1615640676.html",2026-07-06 17:06:46
eastmoney_guba,688076,1615646578,别慌，今天40还会有的,,股友aUcNrk,3580315964816674,2025-10-27 10:29:00,50,0,0,0,False,False,"https://guba.eastmoney.com/news,688076,1615646578.html",2026-07-06 17:06:46
eastmoney_guba,688076,1615689427,填坑后回调。等下一个节点结案,,随便聊聊00,8440386164089148,2025-10-27 10:54:51,35,0,0,0,False,False,"https://guba.eastmoney.com/news,688076,1615689427.html",2026-07-06 17:06:46
eastmoney_guba,688076,1615709267,资本弃子，各个板块都是红的,,屯老二才买A股,8960346358579732,2025-10-27 11:09:52,38,0,0,0,False,False,"https://guba.eastmoney.com/news,688076,1615709267.html",2026-07-06 17:06:46
eastmoney_guba,688076,1615729349,大盘一涨，你就下跌，老跟大盘对着干好吗？,,luotuoxzx,6756094607583200,2025-10-27 11:26:35,62,2,2,0,False,False,"https://guba.eastmoney.com/news,688076,1615729349.html",2026-07-06 17:06:46
eastmoney_guba,688076,1615736972,再回来看看，果然还是一如既往地差。前期切了点机器人，阿里巴巴，cpo，前,,独守花自开,3447335569687896,2025-10-27 11:34:56,58,0,0,0,False,False,"https://guba.eastmoney.com/news,688076,1615736972.html",2026-07-06 17:06:46
eastmoney_guba,688076,1615744774,常山是原研药，诺泰是原料药。诺泰最多碰瓷翰宇和圣诺，还能碰瓷常山我是没想到的,,账户已注销,3045346389416400,2025-10-27 11:51:56,111,1,0,0,False,False,"https://guba.eastmoney.com/news,688076,1615744774.html",2026-07-06 17:06:46
eastmoney_guba,688076,1615761124,这个诺泰，虐人不商量。,,最美的时光遇见你,8822047574683478,2025-10-27 12:49:55,45,0,0,0,False,False,"https://guba.eastmoney.com/news,688076,1615761124.html",2026-07-06 17:06:46
eastmoney_guba,688076,1615818765,不服的可以买看看，买入很难，除非你比报价高。因为有资金限额，操作空间并不大，主力,,屯老二才买A股,8960346358579732,2025-10-27 13:41:21,136,3,0,0,False,False,"https://guba.eastmoney.com/news,688076,1615818765.html",2026-07-06 17:06:46
eastmoney_guba,688076,1615822771,另外还有一点，是所有股市都有的，就是个人炒作完了让基金接盘，从机构到散户，再到大,,屯老二才买A股,8960346358579732,2025-10-27 13:44:19,150,3,0,0,False,False,"https://guba.eastmoney.com/news,688076,1615822771.html",2026-07-06 17:06:46
eastmoney_guba,688076,1615938819,诺泰10月27日简评：如上周五预期“股价将很快封闭10月10日留下的跳空缺口，之,,佛山隐士,5331047298658940,2025-10-27 15:30:20,535,10,0,0,False,False,"https://guba.eastmoney.com/news,688076,1615938819.html",2026-07-06 17:06:46
eastmoney_guba,688076,1615952784,深度研究报告：2026年后司美格鲁肽专利到期的诺泰生物及全球多肽原料药市场投资要,,佛山隐士,5331047298658940,2025-10-27 16:08:06,2922,47,24,0,False,False,"https://guba.eastmoney.com/news,688076,1615952784.html",2026-07-06 17:06:44
eastmoney_guba,688076,1615963218,佛山隐士新发的两篇分析文章，已懒到来连AI数据都不改了，直接复制就来发，股价还是,,江枫丨渔火,3125395530799198,2025-10-27 16:38:59,361,14,0,0,False,False,"https://guba.eastmoney.com/news,688076,1615963218.html",2026-07-06 17:06:44
eastmoney_guba,688076,1615970431,隐士那些ai文字就别拿出来害人了，随便翻阅了一下，简单列举一些不可靠的地方，此外,,萤火之约,4903065278637186,2025-10-27 16:59:45,364,9,0,0,True,False,"https://guba.eastmoney.com/news,688076,1615970431.html",2026-07-06 17:06:46
eastmoney_guba,688076,1616010211,倡导大家拉黑佛山，鸟人一个,,还康得新正义,4313075457881082,2025-10-27 19:07:28,78,1,0,0,False,False,"https://guba.eastmoney.com/news,688076,1616010211.html",2026-07-06 17:06:46
eastmoney_guba,688076,1616020338,大家理性一点，网友的建议可以参考，但是主意还是自己拿滴。所以都不要激动。,,生龙活虎的付雅松,5712177583597268,2025-10-27 19:41:13,72,0,0,0,False,False,"https://guba.eastmoney.com/news,688076,1616020338.html",2026-07-06 17:06:46
eastmoney_guba,688076,1616099262,看看那些牛股的吧里，那里有这样的杠精存在。股市是筹码者的游戏。死多一定是大空。追,,勇敢坚毅的严茜松,7172027579442060,2025-10-28 07:17:56,91,2,0,0,False,False,"https://guba.eastmoney.com/news,688076,1616099262.html",2026-07-06 17:06:46
eastmoney_guba,688076,1616169323,大盘4000点了，股票还在3000点，有啥吹的。,,还康得新正义,4313075457881082,2025-10-28 09:37:21,33,0,0,0,False,False,"https://guba.eastmoney.com/news,688076,1616169323.html",2026-07-06 17:06:46
eastmoney_guba,688076,1616187998,股吧里面只要是广东IP，全部拉黑，有误伤的兄弟说句对不住了，佛山隐士是团伙作案，,,江枫丨渔火,3125395530799198,2025-10-28 09:44:17,147,3,0,0,False,False,"https://guba.eastmoney.com/news,688076,1616187998.html",2026-07-06 17:06:44
eastmoney_guba,688076,1616197527,一种无本万利的牟利手段。号召粉丝买入，利润分成，亏了不赔。需要做的只是喊涨，喊到,,看涨必跌,4016094080719814,2025-10-28 09:48:12,65,1,0,0,False,False,"https://guba.eastmoney.com/news,688076,1616197527.html",2026-07-06 17:06:44
eastmoney_guba,688076,1616205713,此股吧中出现跳大神似的理论派，此股已废，大家小心。,,股友6898e3P798,7953087570987110,2025-10-28 09:51:52,74,2,1,0,False,False,"https://guba.eastmoney.com/news,688076,1616205713.html",2026-07-06 17:06:46
eastmoney_guba,688076,1616214923,这的真是,,股友vLul1c,3996355947637206,2025-10-28 09:56:02,36,0,0,0,False,False,"https://guba.eastmoney.com/news,688076,1616214923.html",2026-07-06 17:06:46
eastmoney_guba,688076,1616215502,真是。,,股友vLul1c,3996355947637206,2025-10-28 09:56:19,38,0,0,0,False,False,"https://guba.eastmoney.com/news,688076,1616215502.html",2026-07-06 17:06:46
eastmoney_guba,688076,1616237348,搞反了，本来买的结果卖出了，后悔呀,,股友5W072A8195,6218077170803352,2025-10-28 10:06:47,90,4,0,0,False,False,"https://guba.eastmoney.com/news,688076,1616237348.html",2026-07-06 17:06:44
eastmoney_guba,688076,1616253957,庄家出货，没有对手盘，便派了几个爪牙忽悠散户。,,股友6898e3P798,7953087570987110,2025-10-28 10:15:22,84,3,0,0,False,False,"https://guba.eastmoney.com/news,688076,1616253957.html",2026-07-06 17:06:46
eastmoney_guba,688076,1616287630,可笑至极，滑稽可笑。做的是苍白无力的狡辩。拿出单并不是比谁多，或者炫耀，而是看你,,独孤燕,2128027197149058,2025-10-28 10:33:54,376,5,0,0,True,False,"https://guba.eastmoney.com/news,688076,1616287630.html",2026-07-06 17:06:46
eastmoney_guba,688076,1616351844,，留个翻倍平亏的底仓，其他资金切主线吧，大盘已经4000点了。浪费行,,独守花自开,3447335569687896,2025-10-28 11:17:19,61,1,0,0,False,False,"https://guba.eastmoney.com/news,688076,1616351844.html",2026-07-06 17:06:46
eastmoney_guba,688076,1616356121,不到500手就能把股价压住，看见市场的清淡。,,luotuoxzx,6756094607583200,2025-10-28 11:20:18,41,0,0,0,False,False,"https://guba.eastmoney.com/news,688076,1616356121.html",2026-07-06 17:06:46
eastmoney_guba,688076,1616410124,资金怕存货跌价，四季度提计亏损+处罚落地，暴雷，不敢进来,,weka,4923235732188266,2025-10-28 13:05:04,55,0,0,0,False,False,"https://guba.eastmoney.com/news,688076,1616410124.html",2026-07-06 17:06:46
eastmoney_guba,688076,1616445278,散户行情，波动来回,,股友gfC0OB,2037385833052840,2025-10-28 13:31:21,40,0,0,0,False,False,"https://guba.eastmoney.com/news,688076,1616445278.html",2026-07-06 17:06:44
eastmoney_guba,688076,1616469844,缺口必补，大a对缺口有强迫症,,屯老二才买A股,8960346358579732,2025-10-28 13:47:38,34,0,0,0,False,False,"https://guba.eastmoney.com/news,688076,1616469844.html",2026-07-06 17:06:44
eastmoney_guba,688076,1616500673,会不会31才是底,,天下一白,7463396292408060,2025-10-28 14:12:24,257,3,0,0,True,False,"https://guba.eastmoney.com/news,688076,1616500673.html",2026-07-06 17:06:44
eastmoney_guba,688076,1616500904,清一色的广东佬加我们江苏的一个30万，这一伙人搞笑的一B,,独孤燕,2128027197149058,2025-10-28 14:12:35,459,3,0,0,True,False,"https://guba.eastmoney.com/news,688076,1616500904.html",2026-07-06 17:06:44
eastmoney_guba,688076,1616504052,上午补早了，郁闷，下午能v起来吗？,,胖子的崛起,6850014915263034,2025-10-28 14:15:15,62,2,0,0,False,False,"https://guba.eastmoney.com/news,688076,1616504052.html",2026-07-06 17:06:44
eastmoney_guba,688076,1616572872,三花赚的在你身上赔了一半，你这货真是无可救药！,,萤火之约,4903065278637186,2025-10-28 15:21:27,46,0,0,0,False,False,"https://guba.eastmoney.com/news,688076,1616572872.html",2026-07-06 17:06:44
eastmoney_guba,688076,1616575353,长线持有，300亿市值目标。,,大方的杨心宇,9818376354210682,2025-10-28 15:26:43,59,0,0,0,False,False,"https://guba.eastmoney.com/news,688076,1616575353.html",2026-07-06 17:06:44
eastmoney_guba,688076,1616578417,药明的多肽业务（source：药明康德2025Q3电话会议）行业持续高增，诺泰四,,萤火之约,4903065278637186,2025-10-28 15:33:01,660,6,0,0,True,False,"https://guba.eastmoney.com/news,688076,1616578417.html",2026-07-06 17:06:44
eastmoney_guba,688076,1616598100,这个股为什么ST了？业经还好啊！,,工地炒股人,6431017447139746,2025-10-28 16:23:51,175,2,0,0,False,False,"https://guba.eastmoney.com/news,688076,1616598100.html",2026-07-06 17:06:44
eastmoney_guba,688076,1616617683,ST诺泰:关于自愿披露阿戈美拉汀片拟中选第十一批全国药品集中采购的公告,,ST诺泰资讯,9038395923854884,2025-10-28 17:18:06,462,16,6,0,False,False,"https://guba.eastmoney.com/news,688076,1616617683.html",2026-07-06 17:06:44
eastmoney_guba,688076,1616630535,你不算合成生物？,,基民HuefbM,1240385769189584,2025-10-28 17:55:42,58,1,0,0,False,False,"https://guba.eastmoney.com/news,688076,1616630535.html",2026-07-06 17:06:44
eastmoney_guba,688076,1616632968,日落西山，半年线都要拐头朝下了,,只看最本质,7139144735501360,2025-10-28 18:03:21,53,0,0,0,False,False,"https://guba.eastmoney.com/news,688076,1616632968.html",2026-07-06 17:06:44
eastmoney_guba,688076,1616637452,ST诺泰24年立案调查中，信披违规受损者可索赔,,股民索赔宝,2093306079314580,2025-10-28 18:17:28,146,0,0,0,False,False,"https://guba.eastmoney.com/news,688076,1616637452.html",2026-07-06 17:06:44
eastmoney_guba,688076,1616657776,ST诺泰：阿戈美拉汀片拟中选第十一批全国药品集中采购,,ST诺泰资讯,9038395923854884,2025-10-28 19:26:00,1016,0,5,0,False,False,"https://guba.eastmoney.com/news,688076,1616657776.html",2026-07-06 17:06:44
eastmoney_guba,688076,1616673978,寡核苷酸+多肽减肥药，小药明你是怎么搞的，大好的前景弄到如此田地,,基民HuefbM,1240385769189584,2025-10-28 20:19:40,169,2,0,0,False,False,"https://guba.eastmoney.com/news,688076,1616673978.html",2026-07-06 17:06:44
eastmoney_guba,688076,1616764392,只申诉不听证的话三个多月处罚应该落地了，情报准不准，不会有误吧,,股友l2835902H3,3184386264913326,2025-10-29 09:03:06,197,3,0,0,False,False,"https://guba.eastmoney.com/news,688076,1616764392.html",2026-07-06 17:06:44
eastmoney_guba,688076,1616842555,那个佛山一出来就没涨过，不信都不行，被套三个月人的观察,,生财满堂的叶孤城,4717325948839376,2025-10-29 09:48:23,128,8,0,0,False,False,"https://guba.eastmoney.com/news,688076,1616842555.html",2026-07-06 17:06:44
eastmoney_guba,688076,1616879779,佛山又和粉开了一个国际玩笑，又忽悠了一波人股价跌跑路了，等反弹的时候再出来又说自,,独孤燕,2128027197149058,2025-10-29 10:02:50,149,0,0,0,True,False,"https://guba.eastmoney.com/news,688076,1616879779.html",2026-07-06 17:06:44
eastmoney_guba,688076,1616887474,佛山学人家大师价值投资，人家是翻了好几倍才来得瑟，他是反弹5%就出来得瑟。层次太,,还康得新正义,4313075457881082,2025-10-29 10:06:12,220,2,1,0,False,False,"https://guba.eastmoney.com/news,688076,1616887474.html",2026-07-06 17:06:44
eastmoney_guba,688076,1616888262,诺泰补了缺口，就掉头，主力也是急着跑路，一路向下去破35元，见到大盘4000点就,,华远股东,3047426769600740,2025-10-29 10:06:34,51,0,0,0,False,False,"https://guba.eastmoney.com/news,688076,1616888262.html",2026-07-06 17:06:44
eastmoney_guba,688076,1616933882,佛山隐士是团伙作案，股吧里面你们仔细观察一下，几个广东IP的人，全部在佛山的帖子,,江枫丨渔火,3125395530799198,2025-10-29 10:28:57,246,1,0,0,False,False,"https://guba.eastmoney.com/news,688076,1616933882.html",2026-07-06 17:06:44
eastmoney_guba,688076,1616985452,这走势估计得破36远远没到底部医药今年没啥行情,,医药不值得投资,5383084759787052,2025-10-29 10:59:50,44,0,0,0,False,False,"https://guba.eastmoney.com/news,688076,1616985452.html",2026-07-06 17:06:44
eastmoney_guba,688076,1617012948,我近一阵不停买，这两天又买，重仓，要拿。,,股友7186d92W66,4067087346650862,2025-10-29 11:18:55,64,1,0,0,False,False,"https://guba.eastmoney.com/news,688076,1617012948.html",2026-07-06 17:06:44
eastmoney_guba,688076,1617015139,这股，跌了就买，送钱，为什么不要？,,股友7186d92W66,4067087346650862,2025-10-29 11:20:31,58,0,0,0,False,False,"https://guba.eastmoney.com/news,688076,1617015139.html",2026-07-06 17:06:44
eastmoney_guba,688076,1617044361,从3600熊到4000了,,屯老二才买A股,8960346358579732,2025-10-29 12:00:12,44,0,0,0,False,False,"https://guba.eastmoney.com/news,688076,1617044361.html",2026-07-06 17:06:44
eastmoney_guba,688076,1617055392,正式处罚迟迟出不来不是好事情，好像摘帽要等正式处罚12个月后，遥遥无期了,,老高盈利并不难,1944111678218282,2025-10-29 12:31:38,152,1,0,0,False,False,"https://guba.eastmoney.com/news,688076,1617055392.html",2026-07-06 17:06:44
eastmoney_guba,688076,1617083603,自从带帽以后，诺泰是即不跟st板块也不跟减肥药板块了，走出了自己独立下跌的走势啊,,st会更好,2230094161317678,2025-10-29 13:11:45,87,1,0,0,False,False,"https://guba.eastmoney.com/news,688076,1617083603.html",2026-07-06 17:06:44
eastmoney_guba,688076,1617133941,稍微看盘就知道诺泰没主力在稳股价，核心原因极有可能是筹码太不干净了。筹码干净的股,,还康得新正义,4313075457881082,2025-10-29 13:46:17,134,1,0,0,False,False,"https://guba.eastmoney.com/news,688076,1617133941.html",2026-07-06 17:06:44
eastmoney_guba,688076,1617143621,今天大盘救了诺泰，明天继续36元去补缺口，选了这个股的真的是倒了血霉，浪费大把时,,江枫丨渔火,3125395530799198,2025-10-29 13:52:43,335,9,0,0,False,False,"https://guba.eastmoney.com/news,688076,1617143621.html",2026-07-06 17:06:44
eastmoney_guba,688076,1617243820,买了你，真是见鬼了,,股友vLul1c,3996355947637206,2025-10-29 15:03:53,42,0,0,0,False,False,"https://guba.eastmoney.com/news,688076,1617243820.html",2026-07-06 17:06:44
eastmoney_guba,688076,1617245510,事实证明佛山隐士和它的无脑粉就是跑来搞笑的，大盘飞到4000点上了，佛山还重仓s,,独孤燕,2128027197149058,2025-10-29 15:05:49,312,12,0,0,False,False,"https://guba.eastmoney.com/news,688076,1617245510.html",2026-07-06 17:06:42
eastmoney_guba,688076,1617247903,自从切了一部分康龙后，康龙算上今天大涨都有10个点利润了。诺泰还是这个吊样。这个,,独守花自开,3447335569687896,2025-10-29 15:09:00,96,1,0,0,False,False,"https://guba.eastmoney.com/news,688076,1617247903.html",2026-07-06 17:06:44
eastmoney_guba,688076,1617250497,诺泰把我害的惨不忍睹，现在总算均衡配置了，大家千万不要单调，遇上诺泰这种容易踏空,,独守花自开,3447335569687896,2025-10-29 15:13:15,50,0,0,0,False,False,"https://guba.eastmoney.com/news,688076,1617250497.html",2026-07-06 17:06:44
eastmoney_guba,688076,1617255972,诺泰还有几十万在里面，继续陪大家熬着，反正亏的不少，有种明年都不涨。有种跌破35,,独守花自开,3447335569687896,2025-10-29 15:22:20,133,2,0,0,False,False,"https://guba.eastmoney.com/news,688076,1617255972.html",2026-07-06 17:06:44
eastmoney_guba,688076,1617259356,国盾赚的都赔给你了，国盾还是极小的仓位。继续拿着，拿到量子计算到来的那天,,独守花自开,3447335569687896,2025-10-29 15:29:13,106,0,0,0,False,False,"https://guba.eastmoney.com/news,688076,1617259356.html",2026-07-06 17:06:44
eastmoney_guba,688076,1617316075,神奇的公司！,,萤火之约,4903065278637186,2025-10-29 17:54:04,119,2,0,0,False,False,"https://guba.eastmoney.com/news,688076,1617316075.html",2026-07-06 17:06:44
eastmoney_guba,688076,1617349120,我觉得最可怕的，是三季报显示机构还剩7家（当然三季报可能不准），但是持股比例达3,,稳健老师,4617395870494756,2025-10-29 19:25:18,540,10,0,0,False,False,"https://guba.eastmoney.com/news,688076,1617349120.html",2026-07-06 17:06:44
eastmoney_guba,688076,1617422335,莫道谗言如浪深，莫言迁客似沙沉。千淘万漉虽辛苦，吹尽狂沙始到金！与诺泰股友有共勉,,佛山隐士,5331047298658940,2025-10-29 23:55:39,1229,43,0,0,False,False,"https://guba.eastmoney.com/news,688076,1617422335.html",2026-07-06 17:06:39
eastmoney_guba,688076,1618018009,ST诺泰:江苏诺泰澳赛诺生物制药股份有限公司投资者关系活动记录表(2025-00,,ST诺泰资讯,9038395923854884,2025-10-30 00:00:00,118,0,0,0,False,False,"https://guba.eastmoney.com/news,688076,1618018009.html",2026-07-06 17:06:44
eastmoney_guba,688076,1617424288,诺泰生物：技术平台为基构建生态闭环，细分领域优势愈发凸显证券市场周刊市场号10-,,永时胜,9427034659555570,2025-10-30 00:14:40,311,0,1,0,True,False,"https://guba.eastmoney.com/news,688076,1617424288.html",2026-07-06 17:06:44
eastmoney_guba,688076,1617444374,这股什么时候出决定书?,,买的每个都涨停,1037396264199502,2025-10-30 07:02:01,77,1,0,0,False,False,"https://guba.eastmoney.com/news,688076,1617444374.html",2026-07-06 17:06:44
eastmoney_guba,688076,1617501781,翰宇11万散户，诺泰生物1.5万散户……,,听海的枫,9501094056680964,2025-10-30 09:32:50,93,0,0,0,False,False,"https://guba.eastmoney.com/news,688076,1617501781.html",2026-07-06 17:06:44
eastmoney_guba,688076,1617527249,好股天天向下，越吹越掉价,,八方来宝贝,6340067344263662,2025-10-30 09:41:13,48,0,0,0,False,False,"https://guba.eastmoney.com/news,688076,1617527249.html",2026-07-06 17:06:44
eastmoney_guba,688076,1617554484,挂卖盘的都是散户，赚个蝇头小利就卖！,,华远股东,3047426769600740,2025-10-30 09:50:11,52,0,0,0,False,False,"https://guba.eastmoney.com/news,688076,1617554484.html",2026-07-06 17:06:44
eastmoney_guba,688076,1617581780,都闭嘴吧！只要吧里有声音，这票不会涨！,,股友0e3QEd,8186316001543026,2025-10-30 10:00:31,68,2,0,0,False,False,"https://guba.eastmoney.com/news,688076,1617581780.html",2026-07-06 17:06:44
eastmoney_guba,688076,1617643226,等缩量8千左右,,随便聊聊00,8440386164089148,2025-10-30 10:31:10,39,0,0,0,False,False,"https://guba.eastmoney.com/news,688076,1617643226.html",2026-07-06 17:06:44
eastmoney_guba,688076,1617657988,半死不活的样子会持续到多久,,我滴个乖乖啊,8386094309231136,2025-10-30 10:39:25,47,0,0,0,False,False,"https://guba.eastmoney.com/news,688076,1617657988.html",2026-07-06 17:06:44
eastmoney_guba,688076,1617702406,今天大盘跌破4000点，就要一路向下3500点见，股票会跌到你天天做梦！,,华远股东,3047426769600740,2025-10-30 11:06:36,42,0,0,0,False,False,"https://guba.eastmoney.com/news,688076,1617702406.html",2026-07-06 17:06:44
eastmoney_guba,688076,1617717401,买这个票还要开通风险权限啊，真麻烦。。,,Acolamatata,4794205738036076,2025-10-30 11:16:56,40,0,0,0,False,False,"https://guba.eastmoney.com/news,688076,1617717401.html",2026-07-06 17:06:44
eastmoney_guba,688076,1617737672,卖了两个多月了，回来看看。,,中国股市投资巨头,3556366205011162,2025-10-30 11:32:27,50,0,0,0,False,False,"https://guba.eastmoney.com/news,688076,1617737672.html",2026-07-06 17:06:44
eastmoney_guba,688076,1617737717,啥叫控盘，这就叫控盘，留个缺口就不补，慢慢吸筹码，省的你们跑进来推高,,屯老二才买A股,8960346358579732,2025-10-30 11:32:29,93,2,0,0,False,False,"https://guba.eastmoney.com/news,688076,1617737717.html",2026-07-06 17:06:44
eastmoney_guba,688076,1617741298,今天下午3-4点，公司举行三季度业绩说明会，看看管理层对产能逐季成倍扩大，业绩逐,,股友A197669V05,8030376544910926,2025-10-30 11:37:32,92,0,0,0,False,False,"https://guba.eastmoney.com/news,688076,1617741298.html",2026-07-06 17:06:44
eastmoney_guba,688076,1617850978,砸到37把缺口补了得了~迟早还是得补不是~,,Acolamatata,4794205738036076,2025-10-30 13:53:38,52,0,0,0,False,False,"https://guba.eastmoney.com/news,688076,1617850978.html",2026-07-06 17:06:44
eastmoney_guba,688076,1617857546,今天就是底部,,医药不值得投资,5383084759787052,2025-10-30 13:59:01,49,0,0,0,False,False,"https://guba.eastmoney.com/news,688076,1617857546.html",2026-07-06 17:06:44
eastmoney_guba,688076,1617953018,关于st摘帽的问题元宝是这样说的，不知对还是不对,,老高盈利并不难,1944111678218282,2025-10-30 15:13:22,857,5,0,0,False,False,"https://guba.eastmoney.com/news,688076,1617953018.html",2026-07-06 17:06:42
eastmoney_guba,688076,1617980614,2025诺泰三季度业绩交流会内容记录。有效内容较少！,,萤火之约,4903065278637186,2025-10-30 16:12:01,436,2,0,0,True,False,"https://guba.eastmoney.com/news,688076,1617980614.html",2026-07-06 17:06:44
eastmoney_guba,688076,1617982278,诺泰Q3，未回答的问题,,萤火之约,4903065278637186,2025-10-30 16:16:31,547,2,0,0,True,False,"https://guba.eastmoney.com/news,688076,1617982278.html",2026-07-06 17:06:44
eastmoney_guba,688076,1618017027,公司于7月19日收到证监会的行政处罚事先告知书已满3个月，至今还没有看到正式的处,,ST诺泰股友,3640366193403336,2025-10-30 17:45:00,824,2,0,0,False,False,"https://guba.eastmoney.com/news,688076,1618017027.html",2026-07-06 17:06:35
eastmoney_guba,688076,1618017025,您好！请问截至10月10日收盘公司股东人数是多少，谢谢！,,ST诺泰股友,3640366193403336,2025-10-30 17:45:00,508,6,1,0,False,False,"https://guba.eastmoney.com/news,688076,1618017025.html",2026-07-06 17:06:39
eastmoney_guba,688076,1618018237,ST诺泰:江苏诺泰澳赛诺生物制药股份有限公司投资者关系活动记录表(2025-004),,ST诺泰资讯,9038395923854884,2025-10-30 17:49:38,397,2,8,0,False,False,"https://guba.eastmoney.com/news,688076,1618018237.html",2026-07-06 17:06:44
eastmoney_guba,688076,1618037845,根据这个解释公司可能申诉了，或要求听证了,,老高盈利并不难,1944111678218282,2025-10-30 18:41:19,792,5,1,0,False,False,"https://guba.eastmoney.com/news,688076,1618037845.html",2026-07-06 17:06:44
eastmoney_guba,688076,1618115351,深挖三季报业绩交流会隐藏信息：1.国外订单占比63%，公司第一次明确答复业务比例,,江枫丨渔火,3125395530799198,2025-10-30 22:42:24,954,3,1,0,False,False,"https://guba.eastmoney.com/news,688076,1618115351.html",2026-07-06 17:06:42
eastmoney_guba,688076,1618183647,集合竞价都没人参与了，还以为停盘了呢,,怎么没有后悔药,6630094328775608,2025-10-31 09:21:39,40,0,0,0,False,False,"https://guba.eastmoney.com/news,688076,1618183647.html",2026-07-06 17:06:44
eastmoney_guba,688076,1618279318,昨天应该提问建议童总立项多肽后悔药项目，买这股的后悔死了,,股友l2835902H3,3184386264913326,2025-10-31 09:58:51,52,0,0,0,False,False,"https://guba.eastmoney.com/news,688076,1618279318.html",2026-07-06 17:06:44
eastmoney_guba,688076,1618287995,辉瑞赶紧来收购了吧,,大混沌789,2636365924839354,2025-10-31 10:02:40,68,1,0,0,False,False,"https://guba.eastmoney.com/news,688076,1618287995.html",2026-07-06 17:06:44
eastmoney_guba,688076,1618298434,集合竞价没人参与，感情都憋着呢！,,怎么没有后悔药,6630094328775608,2025-10-31 10:07:19,51,0,0,0,False,False,"https://guba.eastmoney.com/news,688076,1618298434.html",2026-07-06 17:06:44
eastmoney_guba,688076,1618373703,缺口必补,,车公庄大街,5432005148950946,2025-10-31 10:47:30,160,7,0,0,False,False,"https://guba.eastmoney.com/news,688076,1618373703.html",2026-07-06 17:06:44
eastmoney_guba,688076,1618435375,昊帆生物，圣诺生物都涨起来了，你还在等什么？？？,,华远股东,3047426769600740,2025-10-31 11:27:52,90,1,0,0,False,False,"https://guba.eastmoney.com/news,688076,1618435375.html",2026-07-06 17:06:44
eastmoney_guba,688076,1618512180,哦豁，没涨过板块,,还康得新正义,4313075457881082,2025-10-31 13:23:07,43,0,0,0,False,False,"https://guba.eastmoney.com/news,688076,1618512180.html",2026-07-06 17:06:44
eastmoney_guba,688076,1618564287,ST诺泰2025年第三季度业绩说明会,,诺泰生物,4643336231441050,2025-10-31 14:02:50,243,0,0,0,False,False,"https://guba.eastmoney.com/news,688076,1618564287.html",2026-07-06 17:06:44
eastmoney_guba,688076,1618655986,砖家今天还没有出现吗？,,股友6898e3P798,7953087570987110,2025-10-31 15:29:11,131,4,0,0,False,False,"https://guba.eastmoney.com/news,688076,1618655986.html",2026-07-06 17:06:44
eastmoney_guba,688076,1618656884,好像有股友讲过，诺泰股东人数10月后还在持续下降,,股友l2835902H3,3184386264913326,2025-10-31 15:30:57,342,4,1,0,False,False,"https://guba.eastmoney.com/news,688076,1618656884.html",2026-07-06 17:06:44
eastmoney_guba,688076,1618672540,司美格鲁肽制剂作为公司重要的研发品种，预计会全力保证提交上市申请的进度诺泰生物的,,佛山隐士,5331047298658940,2025-10-31 16:10:22,1040,11,1,0,False,False,"https://guba.eastmoney.com/news,688076,1618672540.html",2026-07-06 17:06:44
eastmoney_guba,688076,1618743097,诺泰的这个1个多亿的项目什么时候完成，大哥们有知道的吗。对两家都是好事。,,这股的预期是什么,6492094712751706,2025-10-31 21:29:42,1556,7,0,0,True,False,"https://guba.eastmoney.com/news,688076,1618743097.html",2026-07-06 17:06:44
eastmoney_guba,688076,1618763314,帽子有得戴了，根本不止12个月,,股友922h8X6591,6699256662728486,2025-10-31 23:38:47,233,4,0,0,False,False,"https://guba.eastmoney.com/news,688076,1618763314.html",2026-07-06 17:06:44
eastmoney_guba,688076,1618775295,诺泰生物替尔泊肽原料药研发进度较为领先，已取得多项重要成果，具体如下：-通过欧盟,,股友A197669V05,8030376544910926,2025-11-01 05:17:38,601,1,0,0,False,False,"https://guba.eastmoney.com/news,688076,1618775295.html",2026-07-06 17:06:44
eastmoney_guba,688076,1618822750,业绩这么好怎么还是ST啊？,,梦想起飞ll,1713315869451156,2025-11-01 16:56:33,198,3,0,0,False,False,"https://guba.eastmoney.com/news,688076,1618822750.html",2026-07-06 17:06:44
eastmoney_guba,688076,1618827123,诺泰22年4月28日买入持有到24年10月23日至，都是盈利的。请问高人：还能索,,持久碳纤维,9516125384004600,2025-11-01 18:04:33,98,1,0,0,False,False,"https://guba.eastmoney.com/news,688076,1618827123.html",2026-07-06 17:06:44
eastmoney_guba,688076,1618827460,深度研究报告：诺泰生物司美格鲁肽制剂研发情况、竞争与价值分析一、研究背景诺泰生物,,佛山隐士,5331047298658940,2025-11-01 18:10:39,2536,39,9,0,False,False,"https://guba.eastmoney.com/news,688076,1618827460.html",2026-07-06 17:06:42
eastmoney_guba,688076,1618839346,这股上市以来总共就涨了2波，一波是24年他们自己转债抛售借利好涨了一波，另一波就,,谦虚的付航16,6879375756794310,2025-11-01 21:10:06,147,0,0,0,False,False,"https://guba.eastmoney.com/news,688076,1618839346.html",2026-07-06 17:06:44
eastmoney_guba,688076,1618912727,翰宇药业：公司司美格鲁肽注射液体重管理和和降糖适应症均已开展III期临床，所有受,,股友1t8F101013,2538396367292222,2025-11-02 20:19:00,402,5,2,0,False,False,"https://guba.eastmoney.com/news,688076,1618912727.html",2026-07-06 17:06:42
eastmoney_guba,688076,1619006854,诺泰生物己申请六种司美格鲁肽注射新药研发！,,股友A197669V05,8030376544910926,2025-11-03 09:36:55,509,3,0,0,True,False,"https://guba.eastmoney.com/news,688076,1619006854.html",2026-07-06 17:06:42
eastmoney_guba,688076,1619058172,2025年4月24日公司与投资者交流部分情回复值得回味：,,股友A197669V05,8030376544910926,2025-11-03 09:58:14,542,0,0,0,False,False,"https://guba.eastmoney.com/news,688076,1619058172.html",2026-07-06 17:06:44
eastmoney_guba,688076,1619142671,杭州本地医药股并且刚中标集采的抗抑郁的药希望能跟上这波诺奖级别的医药中间体行情,,医药不值得投资,5383084759787052,2025-11-03 10:44:16,458,0,0,0,True,False,"https://guba.eastmoney.com/news,688076,1619142671.html",2026-07-06 17:06:42
eastmoney_guba,688076,1619261178,8月1号，常山42，诺泰48，现在常山71，诺泰39,,大混沌789,2636365924839354,2025-11-03 13:21:44,139,3,0,0,False,False,"https://guba.eastmoney.com/news,688076,1619261178.html",2026-07-06 17:06:42
eastmoney_guba,688076,1619322610,39.3有个1800手的压单,,就是高吸低抛,2849057600812640,2025-11-03 14:14:06,106,2,0,0,False,False,"https://guba.eastmoney.com/news,688076,1619322610.html",2026-07-06 17:06:42
eastmoney_guba,688076,1619403874,板块最差，主力不想让游资们发现密秘基地！,,想天天涨停板,8453325540161218,2025-11-03 15:55:23,76,0,0,0,False,False,"https://guba.eastmoney.com/news,688076,1619403874.html",2026-07-06 17:06:42
eastmoney_guba,688076,1619464326,静默，等待花好月圆,,大飞哥的春天,9075094271751868,2025-11-03 19:58:41,73,0,0,0,False,False,"https://guba.eastmoney.com/news,688076,1619464326.html",2026-07-06 17:06:42
eastmoney_guba,688076,1619510150,ST诺泰，，想象空间很大！或许2026年就被国际大药企，收购股权了！多肽药明星药,,股友fSSLfz,6711385897116788,2025-11-04 00:28:05,405,5,0,0,False,False,"https://guba.eastmoney.com/news,688076,1619510150.html",2026-07-06 17:06:42
eastmoney_guba,688076,1619624039,股是好股，想象空间很大，为啥就是不涨。,,市场永远是正确,5939206511040982,2025-11-04 09:53:51,53,0,0,0,False,False,"https://guba.eastmoney.com/news,688076,1619624039.html",2026-07-06 17:06:42
eastmoney_guba,688076,1619684473,在这里躲避牛市是一件很悲哀的事情,,股友2K53K79560,4882047187217266,2025-11-04 10:23:19,82,1,0,0,False,False,"https://guba.eastmoney.com/news,688076,1619684473.html",2026-07-06 17:06:42
eastmoney_guba,688076,1619732474,不要慌，跌了就加油,,想天天涨停板,8453325540161218,2025-11-04 10:50:36,78,1,0,0,False,False,"https://guba.eastmoney.com/news,688076,1619732474.html",2026-07-06 17:06:42
eastmoney_guba,688076,1619786993,刚又打了公司证券部电话，咨询了正式处罚书下达时间，接电话的小姑娘表示公司也着急，,,傲气的佛觅儿,5598486666742320,2025-11-04 11:33:37,833,10,0,0,False,False,"https://guba.eastmoney.com/news,688076,1619786993.html",2026-07-06 17:06:42
eastmoney_guba,688076,1619848848,38.0238.66打满干一票,,股友672C1w5027,2015055078742746,2025-11-04 13:24:53,52,0,0,0,False,False,"https://guba.eastmoney.com/news,688076,1619848848.html",2026-07-06 17:06:42
eastmoney_guba,688076,1619950936,总于迎来了新的一轮熊市待到明年开春又一个牛市再见,,QJHY22302,5702013601648246,2025-11-04 14:46:06,57,0,0,0,False,False,"https://guba.eastmoney.com/news,688076,1619950936.html",2026-07-06 17:06:42
eastmoney_guba,688076,1619992072,在牛市里买这货被套了13个点，哈哈,,股友tcoluc0226,3500094558052162,2025-11-04 15:50:22,52,0,0,0,False,False,"https://guba.eastmoney.com/news,688076,1619992072.html",2026-07-06 17:06:42
eastmoney_guba,688076,1620066652,诺泰生物,,中登股友3f186X2879,2125366354747656,2025-11-04 21:06:18,97,0,0,0,False,False,"https://guba.eastmoney.com/news,688076,1620066652.html",2026-07-06 17:06:42
eastmoney_guba,688076,1620068058,诺泰生物消息,,生机盎然的春天,4112376448102284,2025-11-04 21:12:33,184,1,0,0,False,False,"https://guba.eastmoney.com/news,688076,1620068058.html",2026-07-06 17:06:42
eastmoney_guba,688076,1620079908,ST诺泰(688076)业绩三季报亮眼：营收15.27亿增22%，净利4.45亿,,毋虚证券诉讼团队,4978456877426788,2025-11-04 22:13:09,685,0,0,0,False,False,"https://guba.eastmoney.com/news,688076,1620079908.html",2026-07-06 17:06:42
eastmoney_guba,688076,1620096772,今天晚上这么多事务所来拉单呀,,永时胜,9427034659555570,2025-11-04 23:56:40,111,2,0,0,False,False,"https://guba.eastmoney.com/news,688076,1620096772.html",2026-07-06 17:06:42
eastmoney_guba,688076,1620310546,这么多律师,,山雨欲来1,1574416648412580,2025-11-05 10:40:32,224,3,0,0,False,False,"https://guba.eastmoney.com/news,688076,1620310546.html",2026-07-06 17:06:42
eastmoney_guba,688076,1620593614,呜呜呜，还有很长的横盘要受,,想天天涨停板,8453325540161218,2025-11-05 15:30:27,61,0,0,0,False,False,"https://guba.eastmoney.com/news,688076,1620593614.html",2026-07-06 17:06:42
eastmoney_guba,688076,1620626560,礼来上1000你再出正式处罚？,,时刻落袋为安,2205004714926754,2025-11-05 17:09:13,90,0,0,0,False,False,"https://guba.eastmoney.com/news,688076,1620626560.html",2026-07-06 17:06:42
eastmoney_guba,688076,1620657129,"_src=""https://mp.weixin.qq.com/s/r6mgrhl",,管住手机会永远有,1505346236358364,2025-11-05 19:24:24,77,0,0,0,False,False,"https://guba.eastmoney.com/news,688076,1620657129.html",2026-07-06 17:06:42
eastmoney_guba,688076,1620657290,近日，诺华宣布收购抗体偶联核苷酸龙头企业AvidityBiosciences（以,,管住手机会永远有,1505346236358364,2025-11-05 19:25:09,380,2,1,0,False,False,"https://guba.eastmoney.com/news,688076,1620657290.html",2026-07-06 17:06:42
eastmoney_guba,688076,1620848679,诺泰，是有一个小缺口要补么,,移魂北京,3845075278137812,2025-11-06 09:56:53,44,0,0,0,False,False,"https://guba.eastmoney.com/news,688076,1620848679.html",2026-07-06 17:06:42
eastmoney_guba,688076,1620850458,补缺口去了吗,,就是高吸低抛,2849057600812640,2025-11-06 09:57:33,43,0,0,0,False,False,"https://guba.eastmoney.com/news,688076,1620850458.html",2026-07-06 17:06:42
eastmoney_guba,688076,1620853965,如果此股某士代表着大部分散户，那此股必shi.除非闭嘴，或者转空,,股友29u3950R67,4861326318020490,2025-11-06 09:58:55,125,3,0,0,False,False,"https://guba.eastmoney.com/news,688076,1620853965.html",2026-07-06 17:06:42
eastmoney_guba,688076,1620865367,st了，机构基金不能买入，一堆散户不会有行情的,,科技股才是未来,4321045426032008,2025-11-06 10:03:29,68,0,0,0,False,False,"https://guba.eastmoney.com/news,688076,1620865367.html",2026-07-06 17:06:42
eastmoney_guba,688076,1620871977,标准的下降通道,,瘦虎盼盼爸,7815027138875422,2025-11-06 10:06:24,53,0,0,0,False,False,"https://guba.eastmoney.com/news,688076,1620871977.html",2026-07-06 17:06:42
eastmoney_guba,688076,1620912327,擅长低位止损,,山雨欲来1,1574416648412580,2025-11-06 10:26:40,52,0,0,0,False,False,"https://guba.eastmoney.com/news,688076,1620912327.html",2026-07-06 17:06:42
eastmoney_guba,688076,1620959481,今天能有个地量不？这筹码估计目前除了死多头，就是套牢的，再就是主力了,,币锭拿下,6046346014730666,2025-11-06 10:52:46,118,3,0,0,False,False,"https://guba.eastmoney.com/news,688076,1620959481.html",2026-07-06 17:06:42
eastmoney_guba,688076,1620963030,这票红了怕是要犯法,,稳健老师,4617395870494756,2025-11-06 10:54:45,47,0,0,0,False,False,"https://guba.eastmoney.com/news,688076,1620963030.html",2026-07-06 17:06:42
eastmoney_guba,688076,1620969376,诡异的盘面，好恶心看吐了……,,财运满堂的说不得,6060385841515926,2025-11-06 10:58:30,56,0,0,0,False,False,"https://guba.eastmoney.com/news,688076,1620969376.html",2026-07-06 17:06:42
eastmoney_guba,688076,1621038691,太专业了，看不懂,,遥远的塞纳河888,9037094342652420,2025-11-06 12:15:18,994,8,0,0,True,False,"https://guba.eastmoney.com/news,688076,1621038691.html",2026-07-06 17:06:42
eastmoney_guba,688076,1621058788,死去吧！什么都不是的东西！,,股友922h8X6591,6699256662728486,2025-11-06 13:02:34,51,0,0,0,False,False,"https://guba.eastmoney.com/news,688076,1621058788.html",2026-07-06 17:06:42
eastmoney_guba,688076,1621083484,大户急着出啊拼命大单砸。。可惜接盘的没有几个,,医药不值得投资,5383084759787052,2025-11-06 13:20:39,70,0,0,0,False,False,"https://guba.eastmoney.com/news,688076,1621083484.html",2026-07-06 17:06:42
eastmoney_guba,688076,1621338087,严重怀疑公司高层的能力，一个证监会处罚决定书竟然拖了这么长时间，从侧面印证公司高,,股友86pt611905,2931316098174320,2025-11-06 21:35:03,102,0,0,0,False,False,"https://guba.eastmoney.com/news,688076,1621338087.html",2026-07-06 17:06:42
eastmoney_guba,688076,1621348108,基本面好的股票多的一塌糊涂，可是有什么用吗？？毫无成交量被市场抛弃，死气沉沉，千,,信自己的韭皇gsh,6042014584022442,2025-11-06 22:21:52,121,1,0,0,False,False,"https://guba.eastmoney.com/news,688076,1621348108.html",2026-07-06 17:06:42
eastmoney_guba,688076,1621348147,三大交易所首次齐官宣上市公司信披评级：优良率超85% 24家连续3年评级不合格,,龙源电力资讯,5665306427271474,2025-11-06 22:21:59,11670,22,16,0,False,False,"https://guba.eastmoney.com/news,688076,1621348147.html",2026-07-06 17:06:42
eastmoney_guba,688076,1621377644,降医保覆盖、关税豁免根据白宫公布的协议文本，在“川普大药房”渠道，诺和诺德的司美,,股友A197669V05,8030376544910926,2025-11-07 04:38:51,885,2,1,0,False,False,"https://guba.eastmoney.com/news,688076,1621377644.html",2026-07-06 17:06:42
eastmoney_guba,688076,1621400477,下降趋势中多空看盘看涨的，当天基本完蛋,,稳健老师,4617395870494756,2025-11-07 08:40:18,52,0,0,0,False,False,"https://guba.eastmoney.com/news,688076,1621400477.html",2026-07-06 17:06:42
eastmoney_guba,688076,1621488435,减肥药降价,,山雨欲来1,1574416648412580,2025-11-07 09:49:49,56,0,0,0,False,False,"https://guba.eastmoney.com/news,688076,1621488435.html",2026-07-06 17:06:42
eastmoney_guba,688076,1621517598,美版集采减肥药，减肥药开始走量模式，市场怎么选择呢？,,财运满堂的说不得,6060385841515926,2025-11-07 10:01:33,66,0,0,0,False,False,"https://guba.eastmoney.com/news,688076,1621517598.html",2026-07-06 17:06:42
eastmoney_guba,688076,1621533179,这个没有庄家的股又ST在这两年里不可能会有大的涨幅的不跌过35元以下已经很好了大,,QJHY22302,5702013601648246,2025-11-07 10:08:52,66,0,0,0,False,False,"https://guba.eastmoney.com/news,688076,1621533179.html",2026-07-06 17:06:42
eastmoney_guba,688076,1621552506,这盘面没体现出美国降价啊,,山雨欲来1,1574416648412580,2025-11-07 10:18:22,175,3,0,0,False,False,"https://guba.eastmoney.com/news,688076,1621552506.html",2026-07-06 17:06:42
eastmoney_guba,688076,1621585159,死在这里了,,数字经典,8484386143037724,2025-11-07 10:36:10,52,0,0,0,False,False,"https://guba.eastmoney.com/news,688076,1621585159.html",2026-07-06 17:06:42
eastmoney_guba,688076,1621639335,减肥药降价实质,,股海钱行,3091013693094962,2025-11-07 11:09:59,351,2,0,0,False,False,"https://guba.eastmoney.com/news,688076,1621639335.html",2026-07-06 17:06:42
eastmoney_guba,688076,1621641853,浆糊大师隐士，出来走两步,,股友2K53K79560,4882047187217266,2025-11-07 11:11:40,91,2,0,0,False,False,"https://guba.eastmoney.com/news,688076,1621641853.html",2026-07-06 17:06:42
eastmoney_guba,688076,1621645208,跟佛山进去的人估计很难一时半会出来，大亏深套的妥妥滴。佛山的粉掉了好几千一下子。,,独孤燕,2128027197149058,2025-11-07 11:14:00,156,4,0,0,False,False,"https://guba.eastmoney.com/news,688076,1621645208.html",2026-07-06 17:06:42
eastmoney_guba,688076,1621774560,正式处罚遥遥无期，正式开始持久战模式，煎熬的等待吧......,,老高盈利并不难,1944111678218282,2025-11-07 13:52:04,727,0,0,0,False,False,"https://guba.eastmoney.com/news,688076,1621774560.html",2026-07-06 17:06:42
eastmoney_guba,688076,1621804502,股,,gugg12472625,7587094851546694,2025-11-07 14:13:10,51,0,0,0,False,False,"https://guba.eastmoney.com/news,688076,1621804502.html",2026-07-06 17:06:42
eastmoney_guba,688076,1621805012,刚打电话问董秘,,ststststst摘帽,7464535226305640,2025-11-07 14:13:29,701,4,1,0,False,False,"https://guba.eastmoney.com/news,688076,1621805012.html",2026-07-06 17:06:42
eastmoney_guba,688076,1621827608,先别涨，补个缺口，下周我再买点,,财运满堂的说不得,6060385841515926,2025-11-07 14:30:43,133,3,0,0,False,False,"https://guba.eastmoney.com/news,688076,1621827608.html",2026-07-06 17:06:42
eastmoney_guba,688076,1621925037,看这走势，一时半会起不来了。一只股，烂泥扶不上墙。,,gugg12472625,7587094851546694,2025-11-07 17:16:02,50,0,0,0,False,False,"https://guba.eastmoney.com/news,688076,1621925037.html",2026-07-06 17:06:42
eastmoney_guba,688076,1621936109,成本比别人低百分之三四十，颤抖吧同行。,,想天天涨停板,8453325540161218,2025-11-07 18:00:15,588,1,0,0,True,False,"https://guba.eastmoney.com/news,688076,1621936109.html",2026-07-06 17:06:42
eastmoney_guba,688076,1621984369,死股一支,,你将最终胜利,1450306394783606,2025-11-07 22:12:48,50,0,0,0,False,False,"https://guba.eastmoney.com/news,688076,1621984369.html",2026-07-06 17:06:42
eastmoney_guba,688076,1622003514,O药拿了FDA国家优先审评券。GLP-1口服小分子。,,山雨欲来1,1574416648412580,2025-11-08 00:52:18,166,0,0,0,False,False,"https://guba.eastmoney.com/news,688076,1622003514.html",2026-07-06 17:06:42
eastmoney_guba,688076,1622031162,11月5日至10日，第八届中国国际进口博览会在上海举办，丹麦制药巨头诺和诺德、美,,佛山隐士,5331047298658940,2025-11-08 10:31:35,2185,21,1,0,False,False,"https://guba.eastmoney.com/news,688076,1622031162.html",2026-07-06 17:06:39
eastmoney_guba,688076,1622040259,药中并夕夕啊，这是走可口可乐的路线了？,,还康得新正义,4313075457881082,2025-11-08 12:22:26,836,1,0,0,True,False,"https://guba.eastmoney.com/news,688076,1622040259.html",2026-07-06 17:06:42
eastmoney_guba,688076,1622062860,本人还有底仓愿与股友们一起持久战，ST诺泰生物2500250020.266937,,老高盈利并不难,1944111678218282,2025-11-08 18:02:48,130,0,0,0,False,False,"https://guba.eastmoney.com/news,688076,1622062860.html",2026-07-06 17:06:42
eastmoney_guba,688076,1622118167,和它爹诺和诺德一样的怂，,,你将最终胜利,1450306394783606,2025-11-09 13:47:02,66,0,0,0,False,False,"https://guba.eastmoney.com/news,688076,1622118167.html",2026-07-06 17:06:42
eastmoney_guba,688076,1622140599,当下流感爆发，怎么没有人说诺泰的奥司他韦？,,股友582771F8A5,3880047424683960,2025-11-09 18:14:35,124,1,1,0,False,False,"https://guba.eastmoney.com/news,688076,1622140599.html",2026-07-06 17:06:42
eastmoney_guba,688076,1622180478,这是个骗子公司，可能隐瞒着要退市的雷,,股友27Q7z13051,9830356411711284,2025-11-10 06:29:27,92,0,0,0,False,False,"https://guba.eastmoney.com/news,688076,1622180478.html",2026-07-06 17:06:42
eastmoney_guba,688076,1622315931,牛哇，多次重设低价提醒都能收到消息。。。这是一路下跌，没有回头路了哇~,,Acolamatata,4794205738036076,2025-11-10 10:07:12,63,0,0,0,False,False,"https://guba.eastmoney.com/news,688076,1622315931.html",2026-07-06 17:06:42
eastmoney_guba,688076,1622325864,有段时间没来了，怎么看到那隐士还在，丢人现眼的,,晚上的清秋,3598396081954208,2025-11-10 10:11:41,45,0,0,0,False,False,"https://guba.eastmoney.com/news,688076,1622325864.html",2026-07-06 17:06:42
eastmoney_guba,688076,1622362039,要跌跌深点，我好补仓。天天阴跌最难受，耗时间。,,股友xC11082157,5915087048945050,2025-11-10 10:31:29,56,0,0,0,False,False,"https://guba.eastmoney.com/news,688076,1622362039.html",2026-07-06 17:06:42
eastmoney_guba,688076,1622376210,一叶障目，只看到看到一面，没看到事物永恒在变的规律。市场的竞争有大鳄的参与进去，,,勇敢坚毅的严茜松,7172027579442060,2025-11-10 10:39:42,156,0,0,0,False,False,"https://guba.eastmoney.com/news,688076,1622376210.html",2026-07-06 17:06:42
eastmoney_guba,688076,1622400148,刚刚查了一下公司短期负债十三点几个亿，公司账上只有10个亿左右。被ST过后不能融,,股友vLul1c,3996355947637206,2025-11-10 10:54:03,194,1,0,0,False,False,"https://guba.eastmoney.com/news,688076,1622400148.html",2026-07-06 17:06:42
eastmoney_guba,688076,1622404575,这个公司还申诉，搞得结果一直出不来。,,万花镜写轮眼,1399145319247286,2025-11-10 10:56:52,203,4,0,0,False,False,"https://guba.eastmoney.com/news,688076,1622404575.html",2026-07-06 17:06:42
eastmoney_guba,688076,1622451673,时间换空间了，装死跌5%加一次,,随便聊聊00,8440386164089148,2025-11-10 11:28:40,126,4,0,0,False,False,"https://guba.eastmoney.com/news,688076,1622451673.html",2026-07-06 17:06:42
eastmoney_guba,688076,1622600805,见鬼了，什么玩意,,你将最终胜利,1450306394783606,2025-11-10 14:25:02,48,0,0,0,False,False,"https://guba.eastmoney.com/news,688076,1622600805.html",2026-07-06 17:06:42
eastmoney_guba,688076,1622609395,不要急，还要横盘三个月,,想天天涨停板,8453325540161218,2025-11-10 14:31:59,69,1,0,0,False,False,"https://guba.eastmoney.com/news,688076,1622609395.html",2026-07-06 17:06:42
eastmoney_guba,688076,1622616026,诺泰维权征集中，可测算索赔损失。2022/4/28-2024/10/24期间买入,,旷真星火索赔,8869017182439414,2025-11-10 14:37:15,224,1,0,0,False,False,"https://guba.eastmoney.com/news,688076,1622616026.html",2026-07-06 17:06:39
eastmoney_guba,688076,1622620710,从8月到现在，玩的没信心了，不知道该买啥了，哎,,屯老二才买A股,8960346358579732,2025-11-10 14:40:36,45,0,0,0,False,False,"https://guba.eastmoney.com/news,688076,1622620710.html",2026-07-06 17:06:42
eastmoney_guba,688076,1622622084,你怎么这个B样？,,遥远的塞纳河888,9037094342652420,2025-11-10 14:41:36,175,7,0,0,False,False,"https://guba.eastmoney.com/news,688076,1622622084.html",2026-07-06 17:06:39
eastmoney_guba,688076,1622655023,刚刚清仓了，四五个月白玩，亏了也得反思一下，我亏钱和任何人没关系，因为那些天天吵,,屯老二才买A股,8960346358579732,2025-11-10 15:08:23,977,21,0,0,False,False,"https://guba.eastmoney.com/news,688076,1622655023.html",2026-07-06 17:06:39
eastmoney_guba,688076,1622664711,不得不说，ST的公司，信用堪忧！还暗暗的在分批裁员了，要小心呀！！！,,江涛烟柳,7594037032262908,2025-11-10 15:27:19,591,9,0,0,False,False,"https://guba.eastmoney.com/news,688076,1622664711.html",2026-07-06 17:06:23
eastmoney_guba,688076,1622671111,清仓后如何操作？企业被机构抛弃，基本不会影响到指数，指数也影响不到他，可以说已经,,屯老二才买A股,8960346358579732,2025-11-10 15:42:08,161,0,0,0,False,False,"https://guba.eastmoney.com/news,688076,1622671111.html",2026-07-06 17:06:42
eastmoney_guba,688076,1622698706,恭喜诺泰生物公司，收获科创板D级评级一枚。科创板总共有6枚D级评级。从评级来看这,,股友vLul1c,3996355947637206,2025-11-10 17:04:49,210,0,0,0,False,False,"https://guba.eastmoney.com/news,688076,1622698706.html",2026-07-06 17:06:42
eastmoney_guba,688076,1622719308,暴雷？退市，长第二？,,你将最终胜利,1450306394783606,2025-11-10 18:24:37,23,0,0,0,False,False,"https://guba.eastmoney.com/news,688076,1622719308.html",2026-07-06 17:06:42
eastmoney_guba,688076,1622734717,明星返老还童，医药创新发展，市场大的很,,股友L730319i25,6154316379257902,2025-11-10 19:35:02,54,0,0,0,False,False,"https://guba.eastmoney.com/news,688076,1622734717.html",2026-07-06 17:06:39
eastmoney_guba,688076,1622734855,好赛道，年轻需要多肽核苷酸,,股友L730319i25,6154316379257902,2025-11-10 19:35:43,65,0,0,0,False,False,"https://guba.eastmoney.com/news,688076,1622734855.html",2026-07-06 17:06:39
eastmoney_guba,688076,1622748450,加仓就对了,,大方的杨心宇,9818376354210682,2025-11-10 20:40:07,61,0,0,0,False,False,"https://guba.eastmoney.com/news,688076,1622748450.html",2026-07-06 17:06:39
eastmoney_guba,688076,1622754433,请问一下诸位，这货是怎么ST的？,,轻快的许豪焱,4271046983244084,2025-11-10 21:07:05,143,2,0,0,False,False,"https://guba.eastmoney.com/news,688076,1622754433.html",2026-07-06 17:06:39
eastmoney_guba,688076,1622775183,明天看看转战，再复制一遍。哈哈高业绩好赛道！,,这股的预期是什么,6492094712751706,2025-11-10 22:42:18,146,0,0,0,False,False,"https://guba.eastmoney.com/news,688076,1622775183.html",2026-07-06 17:06:39
eastmoney_guba,688076,1622778394,诺和诺德都红了，礼来、辉瑞带带诺泰吧,,十万伏特比卡,2357077339689484,2025-11-10 22:57:56,89,0,0,0,False,False,"https://guba.eastmoney.com/news,688076,1622778394.html",2026-07-06 17:06:39
eastmoney_guba,688076,1622865609,又开始阴跌了,,别听他们忽悠,3124396168972760,2025-11-11 09:36:54,40,0,0,0,False,False,"https://guba.eastmoney.com/news,688076,1622865609.html",2026-07-06 17:06:39
eastmoney_guba,688076,1622893840,成交量不如一个st股,,北京鸿程2收车,1823094613289884,2025-11-11 09:47:34,49,0,0,0,False,False,"https://guba.eastmoney.com/news,688076,1622893840.html",2026-07-06 17:06:39
eastmoney_guba,688076,1622971035,何事惊慌？,,山雨欲来1,1574416648412580,2025-11-11 10:23:42,79,2,0,0,False,False,"https://guba.eastmoney.com/news,688076,1622971035.html",2026-07-06 17:06:39
eastmoney_guba,688076,1622978291,难道被大资金发现了？,,想天天涨停板,8453325540161218,2025-11-11 10:27:35,81,1,0,0,False,False,"https://guba.eastmoney.com/news,688076,1622978291.html",2026-07-06 17:06:39
eastmoney_guba,688076,1623001269,满负荷生产感冒药奥司他韦,,max33333,4556325685991098,2025-11-11 10:40:32,357,3,0,0,False,False,"https://guba.eastmoney.com/news,688076,1623001269.html",2026-07-06 17:06:39
eastmoney_guba,688076,1623024988,现在买入，必有厚报,,股友c916k32077,3204486733325336,2025-11-11 10:55:17,117,2,0,0,False,False,"https://guba.eastmoney.com/news,688076,1623024988.html",2026-07-06 17:06:39
eastmoney_guba,688076,1623123171,诈尸了，还不跑，等啥呢,,你将最终胜利,1450306394783606,2025-11-11 13:10:42,52,0,0,0,False,False,"https://guba.eastmoney.com/news,688076,1623123171.html",2026-07-06 17:06:39
eastmoney_guba,688076,1623226570,回光返照，最后逃跑的机会，赶紧的，明天又一大跌,,你将最终胜利,1450306394783606,2025-11-11 14:25:40,52,0,0,0,False,False,"https://guba.eastmoney.com/news,688076,1623226570.html",2026-07-06 17:06:39
eastmoney_guba,688076,1623242396,哈哈哈，真贱啊，越砸，越动弹，大家继续砸，砸死今天反弹的小柚子,,你将最终胜利,1450306394783606,2025-11-11 14:38:06,63,0,0,0,False,False,"https://guba.eastmoney.com/news,688076,1623242396.html",2026-07-06 17:06:39
eastmoney_guba,688076,1623298495,隐士大师今天可以出来发发软文了,,股友2K53K79560,4882047187217266,2025-11-11 15:38:47,126,3,0,0,False,False,"https://guba.eastmoney.com/news,688076,1623298495.html",2026-07-06 17:06:39
eastmoney_guba,688076,1623307557,隐士稍后就到,,看涨必跌,4016094080719814,2025-11-11 16:00:58,157,4,0,0,False,False,"https://guba.eastmoney.com/news,688076,1623307557.html",2026-07-06 17:06:39
eastmoney_guba,688076,1623307832,有消息了，明天干20个进去，要快,,东方红13号,2015396188268070,2025-11-11 16:01:46,159,2,0,0,False,False,"https://guba.eastmoney.com/news,688076,1623307832.html",2026-07-06 17:06:39
eastmoney_guba,688076,1623374279,明天大跌，我好买。,,股友7186d92W66,4067087346650862,2025-11-11 20:31:01,53,0,0,0,False,False,"https://guba.eastmoney.com/news,688076,1623374279.html",2026-07-06 17:06:39
eastmoney_guba,688076,1623408732,诺和诺德大涨,,十万伏特比卡,2357077339689484,2025-11-11 23:31:26,99,0,0,0,False,False,"https://guba.eastmoney.com/news,688076,1623408732.html",2026-07-06 17:06:39
eastmoney_guba,688076,1623453999,诺泰生物拟处罚后，资格自测：哪些投资者符合条件？索赔条件指引：2022年4月28,,福建证威,6523466837012258,2025-11-12 09:20:12,504,6,0,0,True,False,"https://guba.eastmoney.com/news,688076,1623453999.html",2026-07-06 17:06:07
eastmoney_guba,688076,1623522394,诺泰筑底完成，利空被优质业绩淹没，目标60！,,华远股东,3047426769600740,2025-11-12 09:47:27,142,2,0,0,False,False,"https://guba.eastmoney.com/news,688076,1623522394.html",2026-07-06 17:06:39
eastmoney_guba,688076,1623527954,董秘你也多出来回答问题奥司他韦忙得很,,这股的预期是什么,6492094712751706,2025-11-12 09:49:36,480,2,0,0,True,False,"https://guba.eastmoney.com/news,688076,1623527954.html",2026-07-06 17:06:39
eastmoney_guba,688076,1623536527,隐士大湿应该已清仓走了,,股友l2835902H3,3184386264913326,2025-11-12 09:52:58,179,4,0,0,False,False,"https://guba.eastmoney.com/news,688076,1623536527.html",2026-07-06 17:06:39
eastmoney_guba,688076,1623554175,受不了啦,,还康得新正义,4313075457881082,2025-11-12 10:00:17,886,4,1,0,True,False,"https://guba.eastmoney.com/news,688076,1623554175.html",2026-07-06 17:06:39
eastmoney_guba,688076,1623622496,转战下一个st优质股再来一次翻三倍！,,这股的预期是什么,6492094712751706,2025-11-12 10:34:10,140,0,1,0,False,False,"https://guba.eastmoney.com/news,688076,1623622496.html",2026-07-06 17:06:39
eastmoney_guba,688076,1623718508,【盘中播报】27只个股突破年线,,曼恩斯特资讯,7506366254874314,2025-11-12 11:30:20,1046,0,1,0,False,False,"https://guba.eastmoney.com/news,688076,1623718508.html",2026-07-06 17:06:39
eastmoney_guba,688076,1623846413,今天都在均线之上运行，后市可期！,,股友c916k32077,3204486733325336,2025-11-12 14:07:46,131,1,0,0,False,False,"https://guba.eastmoney.com/news,688076,1623846413.html",2026-07-06 17:06:39
eastmoney_guba,688076,1623846865,溜了，格局了一个月。跟本没跟风盘，主力也不愿理拉。,,STW5555,2262376395333000,2025-11-12 14:08:06,221,4,0,0,False,False,"https://guba.eastmoney.com/news,688076,1623846865.html",2026-07-06 17:06:39
eastmoney_guba,688076,1623849808,诺泰生物的老铁们，建科院和大盘的未来会如何？,,股友81662A33v9,4082037078867502,2025-11-12 14:10:21,281,3,0,0,False,False,"https://guba.eastmoney.com/news,688076,1623849808.html",2026-07-06 17:06:39
eastmoney_guba,688076,1623883439,【盘中播报】32只个股跨越牛熊分界线,,曼恩斯特资讯,7506366254874314,2025-11-12 14:37:40,4124,1,8,0,False,False,"https://guba.eastmoney.com/news,688076,1623883439.html",2026-07-06 17:06:39
eastmoney_guba,688076,1623969313,诺泰年底前翻倍,,股友c916k32077,3204486733325336,2025-11-12 16:51:58,104,0,0,0,False,False,"https://guba.eastmoney.com/news,688076,1623969313.html",2026-07-06 17:06:39
eastmoney_guba,688076,1623997241,今天创新药和生物细胞板块大涨，看来林园还是对的，只有买大健康才能睡的安稳,,想天天涨停板,8453325540161218,2025-11-12 18:33:04,290,4,0,0,False,False,"https://guba.eastmoney.com/news,688076,1623997241.html",2026-07-06 17:06:39
eastmoney_guba,688076,1624052480,那个可怜的弗山隐土，竟然设置不让在下评论发言。怎么？怕了？怕实话戳了痛处？也奉上,,原菏泽老徐3516,4309054884528074,2025-11-12 22:33:17,336,6,0,0,False,False,"https://guba.eastmoney.com/news,688076,1624052480.html",2026-07-06 17:06:39
eastmoney_guba,688076,1624093536,美股减肥药昨天晚上狂飙，利空落地诺和诺德连续两天触疧反弹。,,股友xC11082157,5915087048945050,2025-11-13 07:55:53,164,0,0,0,False,False,"https://guba.eastmoney.com/news,688076,1624093536.html",2026-07-06 17:06:39
eastmoney_guba,688076,1624156053,看来要出消息了,,金蟾聚,3202395863936896,2025-11-13 09:38:30,110,1,0,0,False,False,"https://guba.eastmoney.com/news,688076,1624156053.html",2026-07-06 17:06:39
eastmoney_guba,688076,1624195722,原来诺泰不是等自己摘帽，是在等世纪华通摘帽啊，世纪华通刚摘帽，诺泰就涨起来了,,稳健老师,4617395870494756,2025-11-13 09:54:14,226,1,0,0,False,False,"https://guba.eastmoney.com/news,688076,1624195722.html",2026-07-06 17:06:39
eastmoney_guba,688076,1624214815,预计2025年每股收益2.3元，股价应该是多少？？都能看明白，ST不是风险！,,华远股东,3047426769600740,2025-11-13 10:02:40,311,2,0,0,False,False,"https://guba.eastmoney.com/news,688076,1624214815.html",2026-07-06 17:06:39
eastmoney_guba,688076,1624255782,应该跟最近甲流有点严重有关,,高位进东方的小伙,6504346474073600,2025-11-13 10:22:38,171,1,0,0,False,False,"https://guba.eastmoney.com/news,688076,1624255782.html",2026-07-06 17:06:39
eastmoney_guba,688076,1624267155,每天开盘拉一下，然后全天高位震荡。三天都是一个套路。,,市场永远是正确,5939206511040982,2025-11-13 10:28:42,250,3,2,0,False,False,"https://guba.eastmoney.com/news,688076,1624267155.html",2026-07-06 17:06:39
eastmoney_guba,688076,1624338479,一个大阳线就能改变三观,,股友c916k32077,3204486733325336,2025-11-13 11:09:23,214,2,0,0,False,False,"https://guba.eastmoney.com/news,688076,1624338479.html",2026-07-06 17:06:39
eastmoney_guba,688076,1624447899,看来41.17就是近期高点了,,别听他们忽悠,3124396168972760,2025-11-13 13:27:20,267,4,0,0,False,False,"https://guba.eastmoney.com/news,688076,1624447899.html",2026-07-06 17:06:39
eastmoney_guba,688076,1624548032,终于有T的机会,,股友jykiLS,1715095161176580,2025-11-13 14:33:31,378,0,0,0,True,False,"https://guba.eastmoney.com/news,688076,1624548032.html",2026-07-06 17:06:39
eastmoney_guba,688076,1624605823,今日股价在41.17元受阻，但这早在预判当中。我在前面27日的收评中曾指出，股价,,佛山隐士,5331047298658940,2025-11-13 15:19:20,1724,13,0,0,False,False,"https://guba.eastmoney.com/news,688076,1624605823.html",2026-07-06 17:06:39
eastmoney_guba,688076,1624608230,还好定的方向是过42追。盘中差点没忍住买进来。科创加上st的属性真不好吸引跟风盘,,STW5555,2262376395333000,2025-11-13 15:23:28,248,2,0,0,False,False,"https://guba.eastmoney.com/news,688076,1624608230.html",2026-07-06 17:06:39
eastmoney_guba,688076,1624631955,嗨的不轻，去年12.31股价36.51，今收盘40.09.涨了10%，不要说大盘,,股友29u3950R67,4861326318020490,2025-11-13 16:17:28,515,7,0,0,False,False,"https://guba.eastmoney.com/news,688076,1624631955.html",2026-07-06 17:06:39
eastmoney_guba,688076,1624719697,能不能跟百济神州混混,,让子弹歇一会儿,7723004784289326,2025-11-13 21:55:24,201,0,0,0,False,False,"https://guba.eastmoney.com/news,688076,1624719697.html",2026-07-06 17:06:39
eastmoney_guba,688076,1624721505,这两天奥司他韦要卖断货了,,ST观察,8396325736948510,2025-11-13 22:03:18,315,2,0,0,False,False,"https://guba.eastmoney.com/news,688076,1624721505.html",2026-07-06 17:06:39
eastmoney_guba,688076,1624763605,仙人指路能否成功？,,大混沌789,2636365924839354,2025-11-14 06:49:03,185,0,0,0,False,False,"https://guba.eastmoney.com/news,688076,1624763605.html",2026-07-06 17:06:39
eastmoney_guba,688076,1624880389,怎么还有主力资金流入？,,山雨欲来1,1574416648412580,2025-11-14 09:54:15,251,3,0,0,False,False,"https://guba.eastmoney.com/news,688076,1624880389.html",2026-07-06 17:06:39
eastmoney_guba,688076,1624945726,最差流感股了吧。。。,,医药不值得投资,5383084759787052,2025-11-14 10:24:35,208,0,0,0,False,False,"https://guba.eastmoney.com/news,688076,1624945726.html",2026-07-06 17:06:39
eastmoney_guba,688076,1624946136,你也是甲流概念啊。奥司他韦,,这股的预期是什么,6492094712751706,2025-11-14 10:24:49,515,1,0,0,True,False,"https://guba.eastmoney.com/news,688076,1624946136.html",2026-07-06 17:06:39
eastmoney_guba,688076,1624974543,众生药业，同样的流感。问题出在这个群。天天喜欢嗨。人性啊,,股友29u3950R67,4861326318020490,2025-11-14 10:40:31,197,0,0,0,False,False,"https://guba.eastmoney.com/news,688076,1624974543.html",2026-07-06 17:06:39
eastmoney_guba,688076,1625010467,贞姬拔菜,,瀾山之間,4913325835592410,2025-11-14 11:01:54,183,0,0,0,False,False,"https://guba.eastmoney.com/news,688076,1625010467.html",2026-07-06 17:06:39
eastmoney_guba,688076,1625072741,这走势是佛山又发言了吗，已经拉黑看不到，麻烦告知一下。,,还康得新正义,4313075457881082,2025-11-14 12:13:12,328,7,0,0,False,False,"https://guba.eastmoney.com/news,688076,1625072741.html",2026-07-06 17:06:39
eastmoney_guba,688076,1625147881,常山500多亿市值，你这真的看不得,,股友I5t7xU,3481375639382760,2025-11-14 13:43:31,195,0,0,0,False,False,"https://guba.eastmoney.com/news,688076,1625147881.html",2026-07-06 17:06:39
eastmoney_guba,688076,1625291980,此票短期行情预计结束了，中期还可以。持股的解套希望大大滴！,,独孤燕,2128027197149058,2025-11-14 16:01:34,518,21,0,0,False,False,"https://guba.eastmoney.com/news,688076,1625291980.html",2026-07-06 17:06:37
eastmoney_guba,688076,1625376220,牛市结束了。。。完美错过！,,医药不值得投资,5383084759787052,2025-11-14 22:12:43,197,0,0,0,False,False,"https://guba.eastmoney.com/news,688076,1625376220.html",2026-07-06 17:06:39
eastmoney_guba,688076,1625408417,诺泰生物在减肥药领域的在研产品主要有以下几种：-司美格鲁肽注射液：处于Ⅲ期临床试,,股友A197669V05,8030376544910926,2025-11-15 06:56:11,1751,5,0,0,False,False,"https://guba.eastmoney.com/news,688076,1625408417.html",2026-07-06 17:06:39
eastmoney_guba,688076,1625444281,这个药利润应该不错,,ST观察,8396325736948510,2025-11-15 14:22:58,969,5,0,0,True,False,"https://guba.eastmoney.com/news,688076,1625444281.html",2026-07-06 17:06:39
eastmoney_guba,688076,1625459204,诺泰生物多肽产能从2025年初的不足吨，到2025年底的十多吨，产能数10倍的增,,股友A197669V05,8030376544910926,2025-11-15 18:13:24,745,2,1,0,False,False,"https://guba.eastmoney.com/news,688076,1625459204.html",2026-07-06 17:06:39
eastmoney_guba,688076,1625546446,诺泰生物替尔博泰原料药产能及与诺唯赞合作情况投资分析报告投资要点：诺泰生物已确定,,佛山隐士,5331047298658940,2025-11-16 17:53:12,3306,19,4,0,False,False,"https://guba.eastmoney.com/news,688076,1625546446.html",2026-07-06 17:06:37
eastmoney_guba,688076,1625565228,这个药属于特效药吧诺泰还能憋多久。,,这股的预期是什么,6492094712751706,2025-11-16 21:19:03,1567,3,0,0,True,False,"https://guba.eastmoney.com/news,688076,1625565228.html",2026-07-06 17:06:39
eastmoney_guba,688076,1625808617,其实这个股就是在等处罚决定书下来,,lchhrzq,5466375529183552,2025-11-17 10:50:05,246,1,0,0,False,False,"https://guba.eastmoney.com/news,688076,1625808617.html",2026-07-06 17:06:39
eastmoney_guba,688076,1625884058,诺泰你还不涨吗？,,华远股东,3047426769600740,2025-11-17 12:08:39,645,0,0,0,True,False,"https://guba.eastmoney.com/news,688076,1625884058.html",2026-07-06 17:06:39
eastmoney_guba,688076,1626014798,比翰宇强,,山雨欲来1,1574416648412580,2025-11-17 14:29:19,212,1,0,0,False,False,"https://guba.eastmoney.com/news,688076,1626014798.html",2026-07-06 17:06:39
eastmoney_guba,688076,1626052892,公司申诉都是个漫长的等待期。,,股友vLul1c,3996355947637206,2025-11-17 14:58:33,1178,2,0,0,True,False,"https://guba.eastmoney.com/news,688076,1626052892.html",2026-07-06 17:06:39
eastmoney_guba,688076,1626163555,今天跌的有点多，你们还是割了吧，不必在这里受气，,,想天天涨停板,8453325540161218,2025-11-17 20:42:28,83,0,0,0,False,False,"https://guba.eastmoney.com/news,688076,1626163555.html",2026-07-06 17:06:39
eastmoney_guba,688076,1626193880,诺和诺德红了,,十万伏特比卡,2357077339689484,2025-11-17 22:46:50,220,0,0,0,False,False,"https://guba.eastmoney.com/news,688076,1626193880.html",2026-07-06 17:06:39
eastmoney_guba,688076,1626407638,一家非常优秀且快速成长的企业，非要给一顶st的帽子戴戴吗？,,股友3859K22Q77,7996037521549190,2025-11-18 10:25:40,517,3,1,0,False,False,"https://guba.eastmoney.com/news,688076,1626407638.html",2026-07-06 17:06:35
eastmoney_guba,688076,1626517323,你们还没有看懂佛山隐士是怎么回事吗？每次发言就是骗人接盘，然后波段下跌，估计是小,,江枫丨渔火,3125395530799198,2025-11-18 11:38:00,424,3,0,0,False,False,"https://guba.eastmoney.com/news,688076,1626517323.html",2026-07-06 17:06:37
eastmoney_guba,688076,1626534043,佛山老弟，不要气馁，有话尽管说，不要被那些骂你的人吓倒，支持你！,,luotuoxzx,6756094607583200,2025-11-18 12:16:18,245,2,0,0,False,False,"https://guba.eastmoney.com/news,688076,1626534043.html",2026-07-06 17:06:39
eastmoney_guba,688076,1626671512,抗跌！,,七月当圆子,6180094012890770,2025-11-18 14:35:15,277,3,0,0,False,False,"https://guba.eastmoney.com/news,688076,1626671512.html",2026-07-06 17:06:39
eastmoney_guba,688076,1626699281,诺泰应该改名为泰弱,,luotuoxzx,6756094607583200,2025-11-18 14:58:13,217,0,0,0,False,False,"https://guba.eastmoney.com/news,688076,1626699281.html",2026-07-06 17:06:39
eastmoney_guba,688076,1626759300,诺泰生物的第二优势赛道——小核酸药物市场竞争力深度分析1.公司概况与研究背景1.,,佛山隐士,5331047298658940,2025-11-18 17:32:46,2305,30,5,0,False,False,"https://guba.eastmoney.com/news,688076,1626759300.html",2026-07-06 17:06:37
eastmoney_guba,688076,1626889586,又到了关键价位,,红桃77777,6889064611246648,2025-11-19 09:25:38,200,0,0,0,False,False,"https://guba.eastmoney.com/news,688076,1626889586.html",2026-07-06 17:06:39
eastmoney_guba,688076,1626889797,什么时候出回复啊，这速度太慢了……,,财运满堂的说不得,6060385841515926,2025-11-19 09:25:51,212,0,0,0,False,False,"https://guba.eastmoney.com/news,688076,1626889797.html",2026-07-06 17:06:39
eastmoney_guba,688076,1627162143,天马股份处罚决定那么快就出来了，你的怎么那么慢！,,时刻落袋为安,2205004714926754,2025-11-19 12:11:32,597,6,0,0,False,False,"https://guba.eastmoney.com/news,688076,1627162143.html",2026-07-06 17:06:37
eastmoney_guba,688076,1627192846,狗大户，你倒是再砸啊，不砸你就是子配狗天长地久,,你将最终胜利,1450306394783606,2025-11-19 13:11:18,215,1,0,0,False,False,"https://guba.eastmoney.com/news,688076,1627192846.html",2026-07-06 17:06:37
eastmoney_guba,688076,1627239560,跌的要坚持不住了,,lchhrzq,5466375529183552,2025-11-19 13:44:59,158,0,0,0,False,False,"https://guba.eastmoney.com/news,688076,1627239560.html",2026-07-06 17:06:37
eastmoney_guba,688076,1627266207,稳如泰山,,想天天涨停板,8453325540161218,2025-11-19 14:06:48,166,0,0,0,False,False,"https://guba.eastmoney.com/news,688076,1627266207.html",2026-07-06 17:06:37
eastmoney_guba,688076,1627369952,再过几天诺泰见红，佛山就回来了。,,看涨必跌,4016094080719814,2025-11-19 16:05:27,232,1,0,0,False,False,"https://guba.eastmoney.com/news,688076,1627369952.html",2026-07-06 17:06:37
eastmoney_guba,688076,1627388416,这货一冒出来这个票就跌，哪天这货活跃的时候不跌了，就可以加仓了。,,股友B8UXUh,4629385848436686,2025-11-19 16:57:42,249,2,0,0,False,False,"https://guba.eastmoney.com/news,688076,1627388416.html",2026-07-06 17:06:37
eastmoney_guba,688076,1627431323,$ST诺泰(SH688076)$,,股友a9bBMH,2549355530576280,2025-11-19 19:50:28,80,0,0,0,False,False,"https://guba.eastmoney.com/news,688076,1627431323.html",2026-07-06 17:06:37
eastmoney_guba,688076,1627436152,明天靠圣诺带带你。,,这股的预期是什么,6492094712751706,2025-11-19 20:11:33,521,0,0,0,False,False,"https://guba.eastmoney.com/news,688076,1627436152.html",2026-07-06 17:06:37
eastmoney_guba,688076,1627472700,紧跟诺和诺德,,十万伏特比卡,2357077339689484,2025-11-19 22:53:26,239,0,0,0,False,False,"https://guba.eastmoney.com/news,688076,1627472700.html",2026-07-06 17:06:37
eastmoney_guba,688076,1627801119,和任何一个受到处罚的个股都不同的是什么？诺泰的处罚不仅仅罚公司和法人，而且还处罚,,谦虚的付航16,6879375756794310,2025-11-20 11:24:20,559,7,0,0,False,False,"https://guba.eastmoney.com/news,688076,1627801119.html",2026-07-06 17:06:37
eastmoney_guba,688076,1627910593,咋不涨的这个股？吃不消，卖了,,lchhrzq,5466375529183552,2025-11-20 13:47:49,168,2,0,0,False,False,"https://guba.eastmoney.com/news,688076,1627910593.html",2026-07-06 17:06:37
eastmoney_guba,688076,1628078070,目前减肥药三剑客从前期高点到今日的跌幅，除翰宇外，相比人形机器人板块的跌幅更小（,,佛山隐士,5331047298658940,2025-11-20 17:15:28,2697,14,5,0,False,False,"https://guba.eastmoney.com/news,688076,1628078070.html",2026-07-06 17:06:29
eastmoney_guba,688076,1628097784,0.49，成交量破新低,,想天天涨停板,8453325540161218,2025-11-20 18:30:03,248,3,0,0,False,False,"https://guba.eastmoney.com/news,688076,1628097784.html",2026-07-06 17:06:37
eastmoney_guba,688076,1628124425,$ST诺泰(SH688076)$,,勇敢坚毅的严茜松,7172027579442060,2025-11-20 20:18:52,173,1,0,0,False,False,"https://guba.eastmoney.com/news,688076,1628124425.html",2026-07-06 17:06:37
eastmoney_guba,688076,1628187598,可以,,想天天涨停板,8453325540161218,2025-11-21 03:46:18,784,2,0,0,True,False,"https://guba.eastmoney.com/news,688076,1628187598.html",2026-07-06 17:06:37
eastmoney_guba,688076,1628396241,我买到现在没见他红过，肯定我的原因,,lchhrzq,5466375529183552,2025-11-21 10:24:13,244,2,0,0,False,False,"https://guba.eastmoney.com/news,688076,1628396241.html",2026-07-06 17:06:37
eastmoney_guba,688076,1628508570,怎么隐士还好意思发帖的？250一个,,晚上的清秋,3598396081954208,2025-11-21 11:20:05,288,5,0,0,False,False,"https://guba.eastmoney.com/news,688076,1628508570.html",2026-07-06 17:06:37
eastmoney_guba,688076,1628508707,他爷死了,,股友9y9672R297,9796007461529126,2025-11-21 11:20:10,193,0,0,0,False,False,"https://guba.eastmoney.com/news,688076,1628508707.html",2026-07-06 17:06:37
eastmoney_guba,688076,1628588437,啥玩意，丝毫抵抗力都没有，一群散户yy的垃圾股,,你将最终胜利,1450306394783606,2025-11-21 13:19:36,190,0,0,0,False,False,"https://guba.eastmoney.com/news,688076,1628588437.html",2026-07-06 17:06:37
eastmoney_guba,688076,1628609106,ST诺泰24年信披违规立案调查中，受损投资者可索赔,,股闻小录,5244017530769832,2025-11-21 13:36:27,1121,2,1,0,False,False,"https://guba.eastmoney.com/news,688076,1628609106.html",2026-07-06 17:06:37
eastmoney_guba,688076,1628690665,这嘴真是反向开光了,,别听他们忽悠,3124396168972760,2025-11-21 14:37:06,179,0,0,0,False,False,"https://guba.eastmoney.com/news,688076,1628690665.html",2026-07-06 17:06:37
eastmoney_guba,688076,1628708566,磷酸奥司他韦都买断货了，股价是不是要触底了,,斐然发财地珮青,9921355845063052,2025-11-21 14:48:37,374,3,0,0,False,False,"https://guba.eastmoney.com/news,688076,1628708566.html",2026-07-06 17:06:37
eastmoney_guba,688076,1628713739,医院里面已经买断货了,,斐然发财地珮青,9921355845063052,2025-11-21 14:52:03,248,1,0,0,False,False,"https://guba.eastmoney.com/news,688076,1628713739.html",2026-07-06 17:06:37
eastmoney_guba,688076,1628772592,此公司有市值管理吗？,,山雨欲来1,1574416648412580,2025-11-21 16:19:34,190,0,0,0,False,False,"https://guba.eastmoney.com/news,688076,1628772592.html",2026-07-06 17:06:37
eastmoney_guba,688076,1628838909,这股好久能消st？,,认真得杨桃,2150326039657538,2025-11-21 20:51:57,186,0,0,0,False,False,"https://guba.eastmoney.com/news,688076,1628838909.html",2026-07-06 17:06:37
eastmoney_guba,688076,1628906396,礼来一万亿市值啦，兄弟你加油出个处罚决定稳步向上吧,,时刻落袋为安,2205004714926754,2025-11-22 10:40:22,157,0,0,0,False,False,"https://guba.eastmoney.com/news,688076,1628906396.html",2026-07-06 17:06:37
eastmoney_guba,688076,1628928481,礼来市值站上万亿美元，会对减肥药相关上市公司的市值产生一波催化吗？,,股友SDIPLp4274,4160085463132982,2025-11-22 14:52:40,289,2,0,0,False,False,"https://guba.eastmoney.com/news,688076,1628928481.html",2026-07-06 17:06:37
eastmoney_guba,688076,1628957894,诺泰真的已经是良心股了，这段时间跌的并不多。,,大气的宋思明,4136007409885006,2025-11-22 22:04:32,204,1,0,0,False,False,"https://guba.eastmoney.com/news,688076,1628957894.html",2026-07-06 17:06:37
eastmoney_guba,688076,1629032358,财务造假可索赔！北京观韬律师事务所蒋金平律师提示，上市公司财务造假，投资者可索赔,,专抄黑庄底部,4312094085430934,2025-11-23 21:05:09,188,0,0,0,False,False,"https://guba.eastmoney.com/news,688076,1629032358.html",2026-07-06 17:06:37
eastmoney_guba,688076,1629148223,$ST诺泰(SH688076)$,,晚上的清秋,3598396081954208,2025-11-24 09:49:57,391,0,0,0,True,False,"https://guba.eastmoney.com/news,688076,1629148223.html",2026-07-06 17:06:37
eastmoney_guba,688076,1629196927,连跌6天这也是醉了错过了牛市还亏钱,,傲气的佛觅儿,5598486666742320,2025-11-24 10:12:39,133,2,0,0,False,False,"https://guba.eastmoney.com/news,688076,1629196927.html",2026-07-06 17:06:37
eastmoney_guba,688076,1629217614,佛山的作用就是劝退大资金的，股票炒作资金面是大于基本面的。而且是远远大于。,,还康得新正义,4313075457881082,2025-11-24 10:25:27,131,0,0,0,False,False,"https://guba.eastmoney.com/news,688076,1629217614.html",2026-07-06 17:06:37
eastmoney_guba,688076,1629230789,罚款太多，业绩影响,,大方的杨心宇,9818376354210682,2025-11-24 10:34:09,123,0,0,0,False,False,"https://guba.eastmoney.com/news,688076,1629230789.html",2026-07-06 17:06:37
eastmoney_guba,688076,1629274339,不能卖,,想天天涨停板,8453325540161218,2025-11-24 11:03:37,125,0,0,0,False,False,"https://guba.eastmoney.com/news,688076,1629274339.html",2026-07-06 17:06:37
eastmoney_guba,688076,1629309126,基本面不差，被ST耽误了,,股友SDIPLp4274,4160085463132982,2025-11-24 11:30:10,134,0,0,0,False,False,"https://guba.eastmoney.com/news,688076,1629309126.html",2026-07-06 17:06:37
eastmoney_guba,688076,1629323513,35元有强支撑,,股友6X91180a65,6058094558671066,2025-11-24 11:54:57,109,0,0,0,False,False,"https://guba.eastmoney.com/news,688076,1629323513.html",2026-07-06 17:06:37
eastmoney_guba,688076,1629330818,超跌我会补到时候t出来,,股友209m2799a7,5082047102103022,2025-11-24 12:15:37,104,0,0,0,False,False,"https://guba.eastmoney.com/news,688076,1629330818.html",2026-07-06 17:06:37
eastmoney_guba,688076,1629338379,我买后，没红过，肯定我的原因，自闭了要,,lchhrzq,5466375529183552,2025-11-24 12:42:20,126,2,0,0,False,False,"https://guba.eastmoney.com/news,688076,1629338379.html",2026-07-06 17:06:37
eastmoney_guba,688076,1629375230,是不是要出决定书了，这么压价,,坤哥668,7826094388254576,2025-11-24 13:26:07,109,0,0,0,False,False,"https://guba.eastmoney.com/news,688076,1629375230.html",2026-07-06 17:06:37
eastmoney_guba,688076,1629425152,可悲的佛山啊！这货我也是彻底服了……,,独孤燕,2128027197149058,2025-11-24 14:05:12,92,2,0,0,False,False,"https://guba.eastmoney.com/news,688076,1629425152.html",2026-07-06 17:06:37
eastmoney_guba,688076,1629443333,此票在这次40左右我都说过短线行情结束了，中期还可以，短期5个交易日，听我的40,,独孤燕,2128027197149058,2025-11-24 14:20:02,424,11,0,0,False,False,"https://guba.eastmoney.com/news,688076,1629443333.html",2026-07-06 17:06:37
eastmoney_guba,688076,1629443417,今天还跌，整个板块都没几个跌的,,股友I5t7xU,3481375639382760,2025-11-24 14:20:07,99,0,0,0,False,False,"https://guba.eastmoney.com/news,688076,1629443417.html",2026-07-06 17:06:37
eastmoney_guba,688076,1629572448,为啥不出决定书？就他能的？非要申述？,,lchhrzq,5466375529183552,2025-11-24 18:32:08,184,2,0,0,False,False,"https://guba.eastmoney.com/news,688076,1629572448.html",2026-07-06 17:06:37
eastmoney_guba,688076,1629602923,兄弟们，把它当成割韭菜的工具想，就明白这么走原因了。,,还康得新正义,4313075457881082,2025-11-24 20:57:17,120,1,0,0,False,False,"https://guba.eastmoney.com/news,688076,1629602923.html",2026-07-06 17:06:37
eastmoney_guba,688076,1629616513,明天准时扣钱。,,万花镜写轮眼,1399145319247286,2025-11-24 22:02:56,258,3,0,0,False,False,"https://guba.eastmoney.com/news,688076,1629616513.html",2026-07-06 17:06:37
eastmoney_guba,688076,1629679056,什么意思？有人挂错单了？,,稳健老师,4617395870494756,2025-11-25 09:17:56,348,6,0,0,False,False,"https://guba.eastmoney.com/news,688076,1629679056.html",2026-07-06 17:06:37
eastmoney_guba,688076,1629933375,奥司他韦神药,,壹剑西来,7768094531188920,2025-11-25 12:42:05,166,1,0,0,False,False,"https://guba.eastmoney.com/news,688076,1629933375.html",2026-07-06 17:06:37
eastmoney_guba,688076,1629966857,高度控盘，300手就可以打压或拉升,,股友jykiLS,1715095161176580,2025-11-25 13:21:14,155,1,0,0,False,False,"https://guba.eastmoney.com/news,688076,1629966857.html",2026-07-06 17:06:37
eastmoney_guba,688076,1629975761,只要每只股票，股吧里有人看多这只股票，发了很多所谓利好，不是蠢就是坏，这个股票是,,傻愚乐,9084014219395116,2025-11-25 13:28:15,237,2,0,0,False,False,"https://guba.eastmoney.com/news,688076,1629975761.html",2026-07-06 17:06:37
eastmoney_guba,688076,1630016583,没天理，往年炒流感都能涨一波？,,股友xC11082157,5915087048945050,2025-11-25 14:01:54,134,0,0,0,False,False,"https://guba.eastmoney.com/news,688076,1630016583.html",2026-07-06 17:06:37
eastmoney_guba,688076,1630118547,$ST诺泰(SH688076)$,,饮水and思源,4612054572559332,2025-11-25 15:58:54,767,4,0,0,True,False,"https://guba.eastmoney.com/news,688076,1630118547.html",2026-07-06 17:06:37
eastmoney_guba,688076,1630141206,财某社发的，盘后发的,,饮水and思源,4612054572559332,2025-11-25 17:16:58,968,0,1,0,True,False,"https://guba.eastmoney.com/news,688076,1630141206.html",2026-07-06 17:06:37
eastmoney_guba,688076,1630158840,人气大涨，明天有戏,,想天天涨停板,8453325540161218,2025-11-25 18:27:59,241,3,0,0,False,False,"https://guba.eastmoney.com/news,688076,1630158840.html",2026-07-06 17:06:37
eastmoney_guba,688076,1630232206,ST有很大的风险，比如ST苏吴最近连续5个涨停宣布停牌，退市概率很大。原因就是财,,独孤燕,2128027197149058,2025-11-26 02:16:57,1151,43,0,0,False,False,"https://guba.eastmoney.com/news,688076,1630232206.html",2026-07-06 17:06:35
eastmoney_guba,688076,1630243845,号外，号外，礼来站稳人民币7万多亿市值，美股减肥药全线大涨！,,股友xC11082157,5915087048945050,2025-11-26 07:12:46,146,0,0,0,False,False,"https://guba.eastmoney.com/news,688076,1630243845.html",2026-07-06 17:06:37
eastmoney_guba,688076,1630354358,卖的好卖的妙卖的呱呱叫,,nqlai455b,4962306291789598,2025-11-26 09:59:43,282,0,0,0,True,False,"https://guba.eastmoney.com/news,688076,1630354358.html",2026-07-06 17:06:37
eastmoney_guba,688076,1630428164,厉害了，别的减肥药猛冲，它往回跑了,,别听他们忽悠,3124396168972760,2025-11-26 10:40:43,117,0,0,0,False,False,"https://guba.eastmoney.com/news,688076,1630428164.html",2026-07-06 17:06:37
eastmoney_guba,688076,1630487269,ST诺泰24年因信披违规被立案调查，受损投资者可索赔,,小艾股声,6801087421796618,2025-11-26 11:19:44,156,0,0,0,False,False,"https://guba.eastmoney.com/news,688076,1630487269.html",2026-07-06 17:06:37
eastmoney_guba,688076,1630514630,$ST诺泰(SH688076)$,,大吉成金de殷野王,5533094556118370,2025-11-26 11:55:36,90,0,0,0,False,False,"https://guba.eastmoney.com/news,688076,1630514630.html",2026-07-06 17:06:37
eastmoney_guba,688076,1630545029,$ST诺泰(SH688076)$,,大吉成金de殷野王,5533094556118370,2025-11-26 13:07:42,105,0,0,0,False,False,"https://guba.eastmoney.com/news,688076,1630545029.html",2026-07-06 17:06:37
eastmoney_guba,688076,1630548808,哦,,基民96w175888W,3674386157750014,2025-11-26 13:10:34,103,0,0,0,False,False,"https://guba.eastmoney.com/news,688076,1630548808.html",2026-07-06 17:06:37
eastmoney_guba,688076,1630710578,你好董秘，按法规公司什么时候可以申请摘帽？,,ST诺泰股友,3640366193403336,2025-11-26 13:21:00,701,0,1,0,False,False,"https://guba.eastmoney.com/news,688076,1630710578.html",2026-07-06 17:06:37
eastmoney_guba,688076,1630564456,要出决定书了，顶住,,坤哥668,7826094388254576,2025-11-26 13:22:52,190,1,0,0,False,False,"https://guba.eastmoney.com/news,688076,1630564456.html",2026-07-06 17:06:37
eastmoney_guba,688076,1630566472,啥概念都不跟，跟的是st板块,,科技股才是未来,4321045426032008,2025-11-26 13:24:30,111,0,0,0,False,False,"https://guba.eastmoney.com/news,688076,1630566472.html",2026-07-06 17:06:37
eastmoney_guba,688076,1630567338,这熊样，佛山隐士都懒得出来了。,,luotuoxzx,6756094607583200,2025-11-26 13:25:13,111,0,0,0,False,False,"https://guba.eastmoney.com/news,688076,1630567338.html",2026-07-06 17:06:37
eastmoney_guba,688076,1630710575,你好董秘，公司有生产和销售抗病毒流感药物吗？如有销量怎么样？,,ST诺泰股友,3640366193403336,2025-11-26 13:27:00,412,1,0,0,False,False,"https://guba.eastmoney.com/news,688076,1630710575.html",2026-07-06 17:06:37
eastmoney_guba,688076,1630710577,你好董秘，美国减肥药大幅度降价对公司有和影响，利弊如何？,,ST诺泰股友,3640366193403336,2025-11-26 13:35:00,484,1,0,0,False,False,"https://guba.eastmoney.com/news,688076,1630710577.html",2026-07-06 17:06:37
eastmoney_guba,688076,1630710603,请问10月31日的股东人数多少，谢谢,,ST诺泰股友,3640366193403336,2025-11-26 13:35:00,226,1,0,0,False,False,"https://guba.eastmoney.com/news,688076,1630710603.html",2026-07-06 17:06:37
eastmoney_guba,688076,1630646177,跌跌不休，退市概念股,,你将最终胜利,1450306394783606,2025-11-26 14:27:22,113,0,0,0,False,False,"https://guba.eastmoney.com/news,688076,1630646177.html",2026-07-06 17:06:37
eastmoney_guba,688076,1630698949,一路向南。。。跌的稀里哗啦这周破36下个月破30,,医药不值得投资,5383084759787052,2025-11-26 15:09:59,109,0,0,0,False,False,"https://guba.eastmoney.com/news,688076,1630698949.html",2026-07-06 17:06:37
eastmoney_guba,688076,1630740559,问题来了，为什么佛山隐士这几个月用一大推文章和数据配合AI来说诺泰好，诺泰劲，无,,石头小叮当,2519345662868604,2025-11-26 16:54:21,380,7,0,0,False,False,"https://guba.eastmoney.com/news,688076,1630740559.html",2026-07-06 17:06:37
eastmoney_guba,688076,1630775602,ST的票有很多不确定因素，昨天本人说的它数年财务造假有误，它2021年年报虚假记,,独孤燕,2128027197149058,2025-11-26 19:13:33,1035,7,1,0,False,False,"https://guba.eastmoney.com/news,688076,1630775602.html",2026-07-06 17:06:35
eastmoney_guba,688076,1630826809,诺和诺德司美格鲁肽治疗阿尔茨海默症Ⅲ期临床试验失败与诺泰生物股价分析一、司美格鲁,,佛山隐士,5331047298658940,2025-11-26 23:06:33,1763,9,1,0,False,False,"https://guba.eastmoney.com/news,688076,1630826809.html",2026-07-06 17:06:33
eastmoney_guba,688076,1631092124,ST的票有很多不确定因素，交易都有些地方受限制的，好票多的是，何必像佛山隐士一样,,独孤燕,2128027197149058,2025-11-27 11:14:40,309,8,0,0,False,False,"https://guba.eastmoney.com/news,688076,1631092124.html",2026-07-06 17:06:35
eastmoney_guba,688076,1631115595,这股真踏马垃圾。。。,,股友Q9528868w6,6628177385979546,2025-11-27 11:37:09,97,0,0,0,False,False,"https://guba.eastmoney.com/news,688076,1631115595.html",2026-07-06 17:06:37
eastmoney_guba,688076,1631128517,更完蛋了。连反弹都懒的做了。本来两个一个红脸一个黑脸，现在都统一了。大盘股就算了,,股友29u3950R67,4861326318020490,2025-11-27 12:09:28,129,0,0,0,False,False,"https://guba.eastmoney.com/news,688076,1631128517.html",2026-07-06 17:06:37
eastmoney_guba,688076,1631198533,如果砸破了35，再反身向上呢？就是空头陷阱,,股友6X91180a65,6058094558671066,2025-11-27 13:45:10,95,0,0,0,False,False,"https://guba.eastmoney.com/news,688076,1631198533.html",2026-07-06 17:06:37
eastmoney_guba,688076,1631233600,说了，这股必须以割韭菜思维操作。执念太深会被市场收拾的。,,还康得新正义,4313075457881082,2025-11-27 14:13:11,108,1,0,0,False,False,"https://guba.eastmoney.com/news,688076,1631233600.html",2026-07-06 17:06:37
eastmoney_guba,688076,1631282090,退市股，没啥好说的,,你将最终胜利,1450306394783606,2025-11-27 14:49:53,87,0,0,0,False,False,"https://guba.eastmoney.com/news,688076,1631282090.html",2026-07-06 17:06:37
eastmoney_guba,688076,1631305434,打公司电话呀,,股友0e3QEd,8186316001543026,2025-11-27 15:09:02,99,0,0,0,False,False,"https://guba.eastmoney.com/news,688076,1631305434.html",2026-07-06 17:06:37
eastmoney_guba,688076,1631310102,还是不能加仓，佛山yin尸发言期间还是下跌，再等等，还有几块钱就要被套了，主力加,,股友B8UXUh,4629385848436686,2025-11-27 15:15:50,131,1,0,0,False,False,"https://guba.eastmoney.com/news,688076,1631310102.html",2026-07-06 17:06:35
eastmoney_guba,688076,1631355162,做股票不能感情用事，股价走势包含一切信息，因为有些信息你不知道......,,老高盈利并不难,1944111678218282,2025-11-27 17:30:53,312,0,0,0,False,False,"https://guba.eastmoney.com/news,688076,1631355162.html",2026-07-06 17:06:35
eastmoney_guba,688076,1631355549,近期流感来势汹汹，请问公司抗病毒流感药物如奥司他韦销量如何，产能情况是怎么样的？,,ST诺泰股友,3640366193403336,2025-11-27 17:32:00,456,1,0,0,False,False,"https://guba.eastmoney.com/news,688076,1631355549.html",2026-07-06 17:06:35
eastmoney_guba,688076,1631359115,ST诺泰(688076.SH)：公司奥司他韦生产线积极有序组织生产，全力备货,,格隆汇,9507112872296268,2025-11-27 17:46:28,1077,5,2,0,False,False,"https://guba.eastmoney.com/news,688076,1631359115.html",2026-07-06 17:06:35
eastmoney_guba,688076,1631452003,你生产的是假奥司他韦哇?甲流这么凶的你都没反应，还跌！,,仓并空,4731094422184346,2025-11-28 08:20:38,122,2,0,0,False,False,"https://guba.eastmoney.com/news,688076,1631452003.html",2026-07-06 17:06:35
eastmoney_guba,688076,1631453570,这是st后大涨了？,,冰河世纪的鱼,4424097010836990,2025-11-28 08:31:38,95,0,0,0,False,False,"https://guba.eastmoney.com/news,688076,1631453570.html",2026-07-06 17:06:35
eastmoney_guba,688076,1631454779,诺泰生物磷酸奥司他韦胶囊75mg*10粒京东平台销量第一,,风轻1云淡,6663025159946828,2025-11-28 08:40:02,180,2,0,0,False,False,"https://guba.eastmoney.com/news,688076,1631454779.html",2026-07-06 17:06:35
eastmoney_guba,688076,1631455281,$ST诺泰(SH688076)$,,风轻1云淡,6663025159946828,2025-11-28 08:43:15,220,1,0,0,True,False,"https://guba.eastmoney.com/news,688076,1631455281.html",2026-07-06 17:06:35
eastmoney_guba,688076,1631479235,诺泰生物这一波感觉可以好好布局了！近期全国流感高发，公司的奥司他韦生产线积极有序,,adelelll,6483306357718110,2025-11-28 09:27:45,226,2,0,0,False,False,"https://guba.eastmoney.com/news,688076,1631479235.html",2026-07-06 17:06:35
eastmoney_guba,688076,1631485250,布局下，看好这一波奥司他韦的销量预期,,adelelll,6483306357718110,2025-11-28 09:30:45,95,0,0,0,False,False,"https://guba.eastmoney.com/news,688076,1631485250.html",2026-07-06 17:06:35
eastmoney_guba,688076,1631507148,st了，没有机构玩了，只有散户在里面瞎倒腾,,科技股才是未来,4321045426032008,2025-11-28 09:39:30,97,1,0,0,False,False,"https://guba.eastmoney.com/news,688076,1631507148.html",2026-07-06 17:06:35
eastmoney_guba,688076,1631536260,准备好钱随时买,,满仓就是干10086,1426325949741448,2025-11-28 09:51:58,86,0,0,0,False,False,"https://guba.eastmoney.com/news,688076,1631536260.html",2026-07-06 17:06:35
eastmoney_guba,688076,1631543575,线上线下估计得大几千万了吧？,,ST观察,8396325736948510,2025-11-28 09:55:09,256,1,0,0,True,False,"https://guba.eastmoney.com/news,688076,1631543575.html",2026-07-06 17:06:35
eastmoney_guba,688076,1631613578,接近年底尾声，看好,,轩辕闫,5187055066477296,2025-11-28 10:34:25,128,1,0,0,False,False,"https://guba.eastmoney.com/news,688076,1631613578.html",2026-07-06 17:06:35
eastmoney_guba,688076,1631655448,感觉这只股可能要被向上了，毕竟流感季，公司有产品、有产能，而且又是创新药行业,,adelelll,6483306357718110,2025-11-28 11:02:54,117,1,0,0,False,False,"https://guba.eastmoney.com/news,688076,1631655448.html",2026-07-06 17:06:35
eastmoney_guba,688076,1631672533,……,,七星最好六星也行,9654535227433138,2025-11-28 11:15:42,93,0,0,0,False,False,"https://guba.eastmoney.com/news,688076,1631672533.html",2026-07-06 17:06:35
eastmoney_guba,688076,1631676000,看看能不能到40,,誓不做韭菜韭菜,2488034956102064,2025-11-28 11:18:26,42,0,0,0,False,False,"https://guba.eastmoney.com/news,688076,1631676000.html",2026-07-06 17:06:35
eastmoney_guba,688076,1631703513,在酝酿大阳线吗,,争分夺秒的荞麦面,9040436671364082,2025-11-28 11:57:58,93,0,0,0,False,False,"https://guba.eastmoney.com/news,688076,1631703513.html",2026-07-06 17:06:35
eastmoney_guba,688076,1631710938,$ST诺泰请问公司目前拿到订单的量如何？有没有什么大订单，据说公司的大订单都被其,,亨通888,1463013691001356,2025-11-28 12:24:43,237,2,0,0,False,False,"https://guba.eastmoney.com/news,688076,1631710938.html",2026-07-06 17:06:35
eastmoney_guba,688076,1631714530,建立良好的声誉需要时间和努力，但很容易被破坏。因此，我们要珍惜自己的声誉，避免做,,南山吴用,1388246357786382,2025-11-28 12:39:52,115,1,0,0,False,False,"https://guba.eastmoney.com/news,688076,1631714530.html",2026-07-06 17:06:35
eastmoney_guba,688076,1631747327,基本都是中单和小单,,精辟的牛仔,8743406671228664,2025-11-28 13:21:57,76,0,0,0,False,False,"https://guba.eastmoney.com/news,688076,1631747327.html",2026-07-06 17:06:35
eastmoney_guba,688076,1631769681,正式处罚不出来没戏，横盘下跌是主基调，熬着吧......,,老高盈利并不难,1944111678218282,2025-11-28 13:40:23,221,1,0,0,False,False,"https://guba.eastmoney.com/news,688076,1631769681.html",2026-07-06 17:06:35
eastmoney_guba,688076,1631782275,流感高发季来袭，诺泰生物陪您安心过冬,,股友A197669V05,8030376544910926,2025-11-28 13:51:26,216,0,0,0,True,False,"https://guba.eastmoney.com/news,688076,1631782275.html",2026-07-06 17:06:35
eastmoney_guba,688076,1631796340,本周开始大量回血了吗,,万绿丛中一点红,8198476670909546,2025-11-28 14:03:59,95,0,0,0,False,False,"https://guba.eastmoney.com/news,688076,1631796340.html",2026-07-06 17:06:35
eastmoney_guba,688076,1631801801,人多力量大，柴多火焰高。大家一起哇,,ST观察,8396325736948510,2025-11-28 14:08:34,559,9,0,0,True,False,"https://guba.eastmoney.com/news,688076,1631801801.html",2026-07-06 17:06:35
eastmoney_guba,688076,1631864614,[抄底],,誓不做韭菜韭菜,2488034956102064,2025-11-28 14:58:19,88,0,0,0,False,False,"https://guba.eastmoney.com/news,688076,1631864614.html",2026-07-06 17:06:35
eastmoney_guba,688076,1631865289,感觉可以持续布局,,誓不做韭菜韭菜,2488034956102064,2025-11-28 14:59:06,91,0,0,0,False,False,"https://guba.eastmoney.com/news,688076,1631865289.html",2026-07-06 17:06:35
eastmoney_guba,688076,1631869369,暂时的目标是一个月内42元，后面看研发管线，如果顺利。看到50,,tony112233,5281094328849002,2025-11-28 15:02:54,154,1,0,0,False,False,"https://guba.eastmoney.com/news,688076,1631869369.html",2026-07-06 17:06:35
eastmoney_guba,688076,1631871124,好啦，开盘日要出点货啦……,,奔跑吧股票人,7509376499137144,2025-11-28 15:05:22,94,0,0,0,False,False,"https://guba.eastmoney.com/news,688076,1631871124.html",2026-07-06 17:06:35
eastmoney_guba,688076,1631873659,看好公司创新管线布局,,捕风的蝉,3878375950476588,2025-11-28 15:09:34,99,0,0,0,False,False,"https://guba.eastmoney.com/news,688076,1631873659.html",2026-07-06 17:06:35
eastmoney_guba,688076,1631874553,炒股不是一件容易的事情，但是只要我们不断学习和积累经验，就能够变得更加得心应手。,,直线拉板,7585066981286418,2025-11-28 15:11:17,98,0,0,0,False,False,"https://guba.eastmoney.com/news,688076,1631874553.html",2026-07-06 17:06:35
eastmoney_guba,688076,1631877570,这支股极度关注，不错！感觉调整到位了！！,,我的梦想家园,3461017267277254,2025-11-28 15:17:11,93,0,0,0,False,False,"https://guba.eastmoney.com/news,688076,1631877570.html",2026-07-06 17:06:35
eastmoney_guba,688076,1631880163,大市羸弱日出慢反弹,,股友18e91386G5,4771047187140146,2025-11-28 15:22:26,101,0,0,0,False,False,"https://guba.eastmoney.com/news,688076,1631880163.html",2026-07-06 17:06:35
eastmoney_guba,688076,1631881526,其实可以看看公司前三季度的业绩，增长那么多说明基本面没问题，等一年时间一到，估计,,誓不做韭菜韭菜,2488034956102064,2025-11-28 15:25:55,236,2,0,0,False,False,"https://guba.eastmoney.com/news,688076,1631881526.html",2026-07-06 17:06:35
eastmoney_guba,688076,1631882797,股票市场是不稳定的，但是我们可以通过投资优质企业来降低风险。,,华达人的专业炒股,9191396485475154,2025-11-28 15:29:14,103,0,0,0,False,False,"https://guba.eastmoney.com/news,688076,1631882797.html",2026-07-06 17:06:35
eastmoney_guba,688076,1631886326,离利好越来越近股价越来越稳了,,小张炒股55,2774165773603024,2025-11-28 15:35:13,99,0,0,0,False,False,"https://guba.eastmoney.com/news,688076,1631886326.html",2026-07-06 17:06:35
eastmoney_guba,688076,1631888661,交易日能收红就够了。,,恭喜成章的明月心,7247436670023010,2025-11-28 15:40:32,91,0,0,0,False,False,"https://guba.eastmoney.com/news,688076,1631888661.html",2026-07-06 17:06:35
eastmoney_guba,688076,1631890653,投资成功需要的不仅仅是眼光，更需要的是耐心和毅力。,,xaan,9604486675375230,2025-11-28 15:46:28,107,0,0,0,False,False,"https://guba.eastmoney.com/news,688076,1631890653.html",2026-07-06 17:06:35
eastmoney_guba,688076,1631892731,利好不断来。,,冲上第一名,2851365760336764,2025-11-28 15:52:32,105,0,0,0,False,False,"https://guba.eastmoney.com/news,688076,1631892731.html",2026-07-06 17:06:35
eastmoney_guba,688076,1631894728,可以了啊差不多得了.该拉升了,,花开生财de赵云,2985476676454780,2025-11-28 15:59:11,106,0,0,0,False,False,"https://guba.eastmoney.com/news,688076,1631894728.html",2026-07-06 17:06:35
eastmoney_guba,688076,1631967390,没戏了，下面好多韭菜看好！,,股友0e3QEd,8186316001543026,2025-11-28 21:10:46,99,0,0,0,False,False,"https://guba.eastmoney.com/news,688076,1631967390.html",2026-07-06 17:06:35
eastmoney_guba,688076,1631968304,我希望你努力漏一下让我超额进点货,,股友209m2799a7,5082047102103022,2025-11-28 21:15:32,106,0,0,0,False,False,"https://guba.eastmoney.com/news,688076,1631968304.html",2026-07-06 17:06:35
eastmoney_guba,688076,1632004376,$ST诺泰(SH688076)$,,想天天涨停板,8453325540161218,2025-11-29 05:30:30,720,1,1,0,True,False,"https://guba.eastmoney.com/news,688076,1632004376.html",2026-07-06 17:06:35
eastmoney_guba,688076,1632074942,为了不被索赔而维持住这股价耗了多少银子？,,传承2020927,7828395614651192,2025-11-29 21:44:09,116,0,0,0,False,False,"https://guba.eastmoney.com/news,688076,1632074942.html",2026-07-06 17:06:35
eastmoney_guba,688076,1632081948,诺泰要起来要到摘冒才有可能，ST有很多交易的限制，比如大资金大机构等一时半会它不,,独孤燕,2128027197149058,2025-11-29 23:28:10,357,3,0,0,False,False,"https://guba.eastmoney.com/news,688076,1632081948.html",2026-07-06 17:06:35
eastmoney_guba,688076,1632138919,流感数据攀升带动药物需求激增，诺泰生物、康缘药业等多家企业加速入局,,ST诺泰资讯,9038395923854884,2025-11-30 19:25:40,4009,7,19,0,False,False,"https://guba.eastmoney.com/news,688076,1632138919.html",2026-07-06 17:06:35
eastmoney_guba,688076,1632140844,流感数据攀升带动药物需求激增，诺泰生物、康缘药业等多家企业加速入局证券时报网41,,三万年,2839104791283652,2025-11-30 19:47:52,716,3,1,0,False,False,"https://guba.eastmoney.com/news,688076,1632140844.html",2026-07-06 17:06:35
eastmoney_guba,688076,1632164631,路过的，问问诺泰为什么st？,,这不是技术性调整,1100345707171752,2025-12-01 00:55:24,159,1,0,0,False,False,"https://guba.eastmoney.com/news,688076,1632164631.html",2026-07-06 17:06:35
eastmoney_guba,688076,1632300336,"看准时机T一T,可以这样计划操作",,大发来财地嬴政,7199376161249288,2025-12-01 10:09:29,126,0,0,0,False,False,"https://guba.eastmoney.com/news,688076,1632300336.html",2026-07-06 17:06:35
eastmoney_guba,688076,1632333417,诺泰生物现在的多肽产能系供仿制药研发企业研发用。如相关仿制药研发成功，药品专利到,,股友A197669V05,8030376544910926,2025-12-01 10:27:53,354,1,0,0,False,False,"https://guba.eastmoney.com/news,688076,1632333417.html",2026-07-06 17:06:35
eastmoney_guba,688076,1632372387,持仓这么好，那就一直涨吧,,股友809686H6u5,7921016981304800,2025-12-01 10:52:34,135,0,0,0,False,False,"https://guba.eastmoney.com/news,688076,1632372387.html",2026-07-06 17:06:35
eastmoney_guba,688076,1632424101,投资就像是种子，需要耐心的等待它们生长成为巨大的树。,,股友925290VK29,9596346485475438,2025-12-01 11:36:12,168,0,0,0,False,False,"https://guba.eastmoney.com/news,688076,1632424101.html",2026-07-06 17:06:35
eastmoney_guba,688076,1632438425,ST诺泰好消息天天有股价天天跌，大盘天天涨大部分股票跟着涨,,QJHY22302,5702013601648246,2025-12-01 12:10:36,158,0,0,0,False,False,"https://guba.eastmoney.com/news,688076,1632438425.html",2026-07-06 17:06:35
eastmoney_guba,688076,1632441147,中单稳住，小单跟进,,二姐股神,7324456670054924,2025-12-01 12:18:31,132,0,0,0,False,False,"https://guba.eastmoney.com/news,688076,1632441147.html",2026-07-06 17:06:35
eastmoney_guba,688076,1632451301,诺泰的奥司他韦销量冲到京东第一位。,,老马识牛LMSN,6199335854695468,2025-12-01 12:50:45,284,2,0,0,False,False,"https://guba.eastmoney.com/news,688076,1632451301.html",2026-07-06 17:06:35
eastmoney_guba,688076,1632459480,希望每天比大盘和行业指数强一点就好了,,半年翻五倍,6095366085256458,2025-12-01 13:01:30,133,0,0,0,False,False,"https://guba.eastmoney.com/news,688076,1632459480.html",2026-07-06 17:06:35
eastmoney_guba,688076,1632486180,月线四连阴了，牛都跑了,,LeonDady,9515365865096050,2025-12-01 13:24:17,165,1,0,0,False,False,"https://guba.eastmoney.com/news,688076,1632486180.html",2026-07-06 17:06:35
eastmoney_guba,688076,1632511498,盘整阶段握住，不要被震走,,小八八八,9077336485475448,2025-12-01 13:45:10,159,0,0,0,False,False,"https://guba.eastmoney.com/news,688076,1632511498.html",2026-07-06 17:06:35
eastmoney_guba,688076,1632552793,感觉这个价格在底部了，主要是流感爆发，公司奥司他韦销量不错,,tony112233,5281094328849002,2025-12-01 14:20:31,230,0,0,0,False,False,"https://guba.eastmoney.com/news,688076,1632552793.html",2026-07-06 17:06:35
eastmoney_guba,688076,1632647118,周三我从港股回来，准备打个窝，怎么看,,桥水总指挥,2838385689601238,2025-12-01 16:53:23,192,1,0,0,False,False,"https://guba.eastmoney.com/news,688076,1632647118.html",2026-07-06 17:06:35
eastmoney_guba,688076,1632653150,契机在哪里呢,,股友XqIFFn,6389325529583792,2025-12-01 17:13:04,344,0,0,0,False,False,"https://guba.eastmoney.com/news,688076,1632653150.html",2026-07-06 17:06:35
eastmoney_guba,688076,1632695745,明天起正式开展上涨,,股友c916k32077,3204486733325336,2025-12-01 20:03:31,173,1,0,0,False,False,"https://guba.eastmoney.com/news,688076,1632695745.html",2026-07-06 17:06:35
eastmoney_guba,688076,1632715942,求求主力拉个涨停吧！房子才装修三分之一，现在急需买材料、付工钱，开支好大，处处需,,股友0e3QEd,8186316001543026,2025-12-01 21:25:29,294,4,1,0,False,False,"https://guba.eastmoney.com/news,688076,1632715942.html",2026-07-06 17:06:35
eastmoney_guba,688076,1632769979,不是被ST，早已经100出头,,刚好的夏梦儿,5731094079148310,2025-12-02 08:23:35,208,1,0,0,False,False,"https://guba.eastmoney.com/news,688076,1632769979.html",2026-07-06 17:06:35
eastmoney_guba,688076,1632788431,各位大神，为啥诺泰这么就不出决定书啊，我看别的都很快的么，复议难道没有期限的吗？,,lchhrzq,5466375529183552,2025-12-02 09:24:33,511,4,0,0,False,False,"https://guba.eastmoney.com/news,688076,1632788431.html",2026-07-06 17:06:33
eastmoney_guba,688076,1632833166,没救了,,一空空,2610097020348354,2025-12-02 09:41:49,1003,4,2,0,True,False,"https://guba.eastmoney.com/news,688076,1632833166.html",2026-07-06 17:06:33
eastmoney_guba,688076,1632882070,世卫组织2025年12月发布的GLP-1类减肥药指南核心条款聚焦用药适用人群、药,,股友A197669V05,8030376544910926,2025-12-02 10:03:15,839,1,0,0,False,False,"https://guba.eastmoney.com/news,688076,1632882070.html",2026-07-06 17:06:35
eastmoney_guba,688076,1632904941,ST诺泰24年立案告知书发布，投资者维权进行中,,股事心声,9066047349400580,2025-12-02 10:15:47,243,0,0,0,False,False,"https://guba.eastmoney.com/news,688076,1632904941.html",2026-07-06 17:06:35
eastmoney_guba,688076,1633000641,清仓止损,,山雨欲来1,1574416648412580,2025-12-02 11:20:48,422,5,0,0,False,False,"https://guba.eastmoney.com/news,688076,1633000641.html",2026-07-06 17:06:35
eastmoney_guba,688076,1633153097,退市,,你将最终胜利,1450306394783606,2025-12-02 14:37:45,174,1,0,0,False,False,"https://guba.eastmoney.com/news,688076,1633153097.html",2026-07-06 17:06:35
eastmoney_guba,688076,1633319500,各位难友，诺泰的持仓有多少？,,故事照亮未来,3297094203566288,2025-12-03 00:00:53,307,4,0,0,False,False,"https://guba.eastmoney.com/news,688076,1633319500.html",2026-07-06 17:06:35
eastmoney_guba,688076,1633363660,近期必有10cm大涨,,管住手机会永远有,1505346236358364,2025-12-03 09:17:44,181,2,0,0,False,False,"https://guba.eastmoney.com/news,688076,1633363660.html",2026-07-06 17:06:35
eastmoney_guba,688076,1633368486,这钩庄家太坏了，诺泰的奥司他韦已经卖爆了，就是压着不让涨,,坚定的起飞888,9428094500891484,2025-12-03 09:24:10,213,2,0,0,False,False,"https://guba.eastmoney.com/news,688076,1633368486.html",2026-07-06 17:06:33
eastmoney_guba,688076,1633467684,5个月的同床共枕等你硬起，度日如年，等得心焦焦，今天与你再也不见！,,股友0e3QEd,8186316001543026,2025-12-03 10:02:15,167,1,0,0,False,False,"https://guba.eastmoney.com/news,688076,1633467684.html",2026-07-06 17:06:35
eastmoney_guba,688076,1633470730,诺泰奥司他韦京东销量第一上百万加上线下的不得了,,秋刀鱼之滋味,8586023872626028,2025-12-03 10:03:31,271,1,0,0,False,False,"https://guba.eastmoney.com/news,688076,1633470730.html",2026-07-06 17:06:33
eastmoney_guba,688076,1633614310,11时16分砸500手卖单砸盘的，是家里出了什么事？,,股友A197669V05,8030376544910926,2025-12-03 11:25:02,176,2,0,0,False,False,"https://guba.eastmoney.com/news,688076,1633614310.html",2026-07-06 17:06:35
eastmoney_guba,688076,1633790407,每天比大盘和行业指数强一点就OK了,,再靠近一点点,4184345863996412,2025-12-03 14:35:42,125,0,0,0,False,False,"https://guba.eastmoney.com/news,688076,1633790407.html",2026-07-06 17:06:35
eastmoney_guba,688076,1633812159,短线超短线低吸的应有所收获,,xaan,9604486675375230,2025-12-03 14:52:21,124,0,0,0,False,False,"https://guba.eastmoney.com/news,688076,1633812159.html",2026-07-06 17:06:35
eastmoney_guba,688076,1633829460,中单稳住，小单跟进,,见贤思齐的大橙子,5551356357462676,2025-12-03 15:07:42,126,0,0,0,False,False,"https://guba.eastmoney.com/news,688076,1633829460.html",2026-07-06 17:06:35
eastmoney_guba,688076,1633839225,不要被别人的言论所左右，要有独立思考的能力和自己的判断。,,小张炒股55,2774165773603024,2025-12-03 15:25:20,153,0,0,0,False,False,"https://guba.eastmoney.com/news,688076,1633839225.html",2026-07-06 17:06:33
eastmoney_guba,688076,1633845784,即使有内部消息，也不要轻易改变自己的决策，我们要相信自己的判断和理性。,,善良的仇诗翠,9151496671362228,2025-12-03 15:39:38,189,1,0,0,False,False,"https://guba.eastmoney.com/news,688076,1633845784.html",2026-07-06 17:06:33
eastmoney_guba,688076,1633852275,当前行情越是年底临近，越是需要耐心,,股友15019gz668,6632306170008410,2025-12-03 15:55:39,157,0,0,0,False,False,"https://guba.eastmoney.com/news,688076,1633852275.html",2026-07-06 17:06:33
eastmoney_guba,688076,1633861594,正式处罚为啥还不下来？这破公司有啥可申诉的，早下来早摘帽。这样搞，摘帽得2027,,愚公学交易,2288094332450944,2025-12-03 16:23:18,293,3,0,0,False,False,"https://guba.eastmoney.com/news,688076,1633861594.html",2026-07-06 17:06:33
eastmoney_guba,688076,1633901424,拿着不动了就当存银行了,,有执行力的付如11,8291446844078188,2025-12-03 18:49:56,125,0,0,0,False,False,"https://guba.eastmoney.com/news,688076,1633901424.html",2026-07-06 17:06:33
eastmoney_guba,688076,1634000342,现在甲流太厉害了，很多学校整班整班的学生请病假，对这个货竟然没有一点点影响，也是,,盆满锅不满,7202306313611568,2025-12-04 08:17:14,165,1,0,0,False,False,"https://guba.eastmoney.com/news,688076,1634000342.html",2026-07-06 17:06:33
eastmoney_guba,688076,1634062267,ST诺泰24年信披违规立案调查中，受损投资者仍可索赔,,知股微声,6820335832347056,2025-12-04 09:39:31,175,0,0,0,False,False,"https://guba.eastmoney.com/news,688076,1634062267.html",2026-07-06 17:06:33
eastmoney_guba,688076,1634175539,盘中拉高诱多、日线单阳诱多、集合竞价涨停诱多等诸多,,勤快的巨蟹,8652416671158692,2025-12-04 10:25:40,136,0,0,0,False,False,"https://guba.eastmoney.com/news,688076,1634175539.html",2026-07-06 17:06:33
eastmoney_guba,688076,1634197399,你在干嘛？要不暴跌让我补仓，要不给我涨上去。,,随便聊聊00,8440386164089148,2025-12-04 10:38:38,129,0,0,0,False,False,"https://guba.eastmoney.com/news,688076,1634197399.html",2026-07-06 17:06:33
eastmoney_guba,688076,1634241350,底部形成满仓梭哈,,大A胜斗士,7998426670479202,2025-12-04 11:07:21,125,0,0,0,False,False,"https://guba.eastmoney.com/news,688076,1634241350.html",2026-07-06 17:06:33
eastmoney_guba,688076,1634261744,大家都不希望这个票涨吗？我不理解为啥稍微上去点就有主动卖单？大家都赚钱了吗,,lchhrzq,5466375529183552,2025-12-04 11:22:47,96,1,0,0,False,False,"https://guba.eastmoney.com/news,688076,1634261744.html",2026-07-06 17:06:33
eastmoney_guba,688076,1634282252,没看错，公司妥妥的！,,模糊的枣真夜,7666496670255196,2025-12-04 11:50:25,133,0,0,0,False,False,"https://guba.eastmoney.com/news,688076,1634282252.html",2026-07-06 17:06:33
eastmoney_guba,688076,1634311199,学学海王的操盘手法,,大混沌789,2636365924839354,2025-12-04 13:03:59,115,0,0,0,False,False,"https://guba.eastmoney.com/news,688076,1634311199.html",2026-07-06 17:06:33
eastmoney_guba,688076,1634314817,真是垃圾啊！一个处罚决定书磨磨唧唧,,股友M56669p959,7763067189590298,2025-12-04 13:07:17,122,0,0,0,False,False,"https://guba.eastmoney.com/news,688076,1634314817.html",2026-07-06 17:06:33
eastmoney_guba,688076,1634326827,判断的准确性不是唯一的标准，我们还要看重投资的风险和回报。,,股神徒弟123,8581426671171648,2025-12-04 13:17:06,141,0,0,0,False,False,"https://guba.eastmoney.com/news,688076,1634326827.html",2026-07-06 17:06:33
eastmoney_guba,688076,1634343662,兄弟们，我拿了大半个月，没见几次红的，我忍不住了，亏得不算多，但是恶心到不行，我,,lchhrzq,5466375529183552,2025-12-04 13:30:07,245,4,0,0,False,False,"https://guba.eastmoney.com/news,688076,1634343662.html",2026-07-06 17:06:33
eastmoney_guba,688076,1634379602,即将起飞咯,,一战到底满仓红,7961406670472330,2025-12-04 13:59:12,141,0,0,0,False,False,"https://guba.eastmoney.com/news,688076,1634379602.html",2026-07-06 17:06:33
eastmoney_guba,688076,1634428861,毁灭吧,,你将最终胜利,1450306394783606,2025-12-04 14:38:47,112,0,0,0,False,False,"https://guba.eastmoney.com/news,688076,1634428861.html",2026-07-06 17:06:33
eastmoney_guba,688076,1634472827,到12.19五个月了，真是着的还没正式处罚！,,时刻落袋为安,2205004714926754,2025-12-04 15:14:59,191,1,0,0,False,False,"https://guba.eastmoney.com/news,688076,1634472827.html",2026-07-06 17:06:33
eastmoney_guba,688076,1634473413,退市概念股,,七星最好六星也行,9654535227433138,2025-12-04 15:15:52,130,0,0,0,False,False,"https://guba.eastmoney.com/news,688076,1634473413.html",2026-07-06 17:06:33
eastmoney_guba,688076,1634482250,看见了吗？现在是合理估值，没高估，期待上涨是不可能的,,屯老二才买A股,8960346358579732,2025-12-04 15:31:15,991,5,1,0,True,False,"https://guba.eastmoney.com/news,688076,1634482250.html",2026-07-06 17:06:33
eastmoney_guba,688076,1634617430,诺和诺德红了,,十万伏特比卡,2357077339689484,2025-12-05 03:06:13,161,0,0,0,False,False,"https://guba.eastmoney.com/news,688076,1634617430.html",2026-07-06 17:06:33
eastmoney_guba,688076,1634641610,隐士和他的粉丝割肉走了吗？,,看涨必跌,4016094080719814,2025-12-05 08:47:08,197,2,0,0,False,False,"https://guba.eastmoney.com/news,688076,1634641610.html",2026-07-06 17:06:33
eastmoney_guba,688076,1634722906,处罚决定怎么情况了,,天下一白,7463396292408060,2025-12-05 09:46:27,129,0,0,0,False,False,"https://guba.eastmoney.com/news,688076,1634722906.html",2026-07-06 17:06:33
eastmoney_guba,688076,1634744671,几时摘帽,,哦洗吧买校服,3309057441047238,2025-12-05 09:55:04,118,0,0,0,False,False,"https://guba.eastmoney.com/news,688076,1634744671.html",2026-07-06 17:06:33
eastmoney_guba,688076,1634822156,我以为不涨是我的原因，我昨天卖了，今天来看还是跌，看来跟我无关，这股票就是被下了,,lchhrzq,5466375529183552,2025-12-05 10:36:28,167,1,0,0,False,False,"https://guba.eastmoney.com/news,688076,1634822156.html",2026-07-06 17:06:33
eastmoney_guba,688076,1634848169,35元的时间快了,,QJHY22302,5702013601648246,2025-12-05 10:53:12,107,0,0,0,False,False,"https://guba.eastmoney.com/news,688076,1634848169.html",2026-07-06 17:06:33
eastmoney_guba,688076,1634919262,$ST诺泰(SH688076)$,,风轻1云淡,6663025159946828,2025-12-05 12:05:24,664,4,0,0,True,False,"https://guba.eastmoney.com/news,688076,1634919262.html",2026-07-06 17:06:33
eastmoney_guba,688076,1635046452,诺泰已经没救了。名字要改成弱泰，大家来思科瑞做兄弟吧。公司把超募的四点几个亿投资,,股友vLul1c,3996355947637206,2025-12-05 14:20:29,164,2,0,0,False,False,"https://guba.eastmoney.com/news,688076,1635046452.html",2026-07-06 17:06:33
eastmoney_guba,688076,1635074781,大家都来思科瑞，电子板块最出牛股。处罚已经结束。明年就会摘帽。而且增资子公司以后,,股友vLul1c,3996355947637206,2025-12-05 14:40:51,180,0,0,0,False,False,"https://guba.eastmoney.com/news,688076,1635074781.html",2026-07-06 17:06:33
eastmoney_guba,688076,1635146486,ST诺泰24年信披违规立案调查中，受损投资者仍可索赔,,股民索赔宝,2093306079314580,2025-12-05 16:51:47,205,1,0,0,False,False,"https://guba.eastmoney.com/news,688076,1635146486.html",2026-07-06 17:06:33
eastmoney_guba,688076,1635173108,又集中发处罚通知书了有没有你,,时刻落袋为安,2205004714926754,2025-12-05 18:49:28,226,2,0,0,False,False,"https://guba.eastmoney.com/news,688076,1635173108.html",2026-07-06 17:06:33
eastmoney_guba,688076,1635215181,处罚确实太重了，5000多万，哪里去赚。,,万花镜写轮眼,1399145319247286,2025-12-05 22:47:42,185,0,0,0,False,False,"https://guba.eastmoney.com/news,688076,1635215181.html",2026-07-06 17:06:33
eastmoney_guba,688076,1635248623,吃一堑长一智，诺泰的走势说明，什么概念，业绩对股价走势影响极小。没资金都是白搭。,,还康得新正义,4313075457881082,2025-12-06 09:06:31,202,1,0,0,False,False,"https://guba.eastmoney.com/news,688076,1635248623.html",2026-07-06 17:06:33
eastmoney_guba,688076,1635256300,这个接近5000的罚款，还没有计提，四季度估计很难看,,lchhrzq,5466375529183552,2025-12-06 10:47:33,557,7,0,0,False,False,"https://guba.eastmoney.com/news,688076,1635256300.html",2026-07-06 17:06:33
eastmoney_guba,688076,1635319257,隐士概念股,,臭鱼烂虾博俊科技,4492305887731472,2025-12-07 10:13:45,152,1,0,0,False,False,"https://guba.eastmoney.com/news,688076,1635319257.html",2026-07-06 17:06:33
eastmoney_guba,688076,1635329970,礼来的替尔泊肽抢在专利到期之前成功进入国家医保，这次是真完蛋了，诺泰的8个多亿司,,神机的蓝岷,2834113661101498,2025-12-07 12:54:22,1254,19,2,0,True,False,"https://guba.eastmoney.com/news,688076,1635329970.html",2026-07-06 17:06:31
eastmoney_guba,688076,1635352888,睁开眼看看是否利好诺泰生物？2024年2月，国内多肽原料药龙头诺泰生物（6880,,股友GZqiXO8289,4594014935347234,2025-12-07 17:48:35,711,10,0,0,False,False,"https://guba.eastmoney.com/news,688076,1635352888.html",2026-07-06 17:06:33
eastmoney_guba,688076,1635353609,诺泰生物(688076)已于2025年7月18日收到《行政处罚事先告知书》(处罚,,底部不慌高位别贪,1458513596672430,2025-12-07 17:58:31,209,0,0,0,False,False,"https://guba.eastmoney.com/news,688076,1635353609.html",2026-07-06 17:06:33
eastmoney_guba,688076,1635358297,诺泰真的有这么差吗？高低也得拿到摘帽再决定去留！,,修身养性的老天才,5406035154204304,2025-12-07 19:03:07,149,1,0,0,False,False,"https://guba.eastmoney.com/news,688076,1635358297.html",2026-07-06 17:06:33
eastmoney_guba,688076,1635393958,ST诺泰（688076，现更名为诺泰生物）与替尔泊肽注射液的关系主要体现在以下两,,底部不慌高位别贪,1458513596672430,2025-12-08 07:40:44,385,0,1,0,False,False,"https://guba.eastmoney.com/news,688076,1635393958.html",2026-07-06 17:06:33
eastmoney_guba,688076,1635443327,基金经理再去追高位票就要被降薪了，大家耐心等待高低切吧。,,最爱送转股,7969094294915914,2025-12-08 09:34:26,112,2,0,0,False,False,"https://guba.eastmoney.com/news,688076,1635443327.html",2026-07-06 17:06:33
eastmoney_guba,688076,1635530137,我宁愿在低位股陪大家一起亏，也不去高位股高位接盘亏。,,最爱送转股,7969094294915914,2025-12-08 10:12:20,97,1,0,0,False,False,"https://guba.eastmoney.com/news,688076,1635530137.html",2026-07-06 17:06:33
eastmoney_guba,688076,1635570591,投资要善于发现市场的变化和机会，抓住时机获得收益。,,妮妮妮12398,1101466665828736,2025-12-08 10:35:21,82,0,0,0,False,False,"https://guba.eastmoney.com/news,688076,1635570591.html",2026-07-06 17:06:33
eastmoney_guba,688076,1635620953,持仓这么好，要什么时候才能涨,,牛比比,2016057224059400,2025-12-08 11:09:23,89,1,0,0,False,False,"https://guba.eastmoney.com/news,688076,1635620953.html",2026-07-06 17:06:33
eastmoney_guba,688076,1635657125,消息配合，明天开始连续涨停啦？？,,花开生财de赵云,2985476676454780,2025-12-08 11:43:17,110,1,0,0,False,False,"https://guba.eastmoney.com/news,688076,1635657125.html",2026-07-06 17:06:33
eastmoney_guba,688076,1635670163,财富不是天生的，我们要不断努力，争取更好的生活。,,冲上第一名,2851365760336764,2025-12-08 12:17:20,108,1,0,0,False,False,"https://guba.eastmoney.com/news,688076,1635670163.html",2026-07-06 17:06:33
eastmoney_guba,688076,1635679598,上车，越快越好！,,雄姿英发的夏兰,7348346358185186,2025-12-08 12:50:36,75,0,0,0,False,False,"https://guba.eastmoney.com/news,688076,1635679598.html",2026-07-06 17:06:33
eastmoney_guba,688076,1635699593,又多了一批选手，哈哈哈彻底没技术含量了,,股友326899Ku82,1337185539721342,2025-12-08 13:11:23,620,4,0,0,True,False,"https://guba.eastmoney.com/news,688076,1635699593.html",2026-07-06 17:06:33
eastmoney_guba,688076,1635710635,还没退市？？？？,,你将最终胜利,1450306394783606,2025-12-08 13:19:36,50,0,0,0,False,False,"https://guba.eastmoney.com/news,688076,1635710635.html",2026-07-06 17:06:33
eastmoney_guba,688076,1635711937,它M的说这票不行，佛山这些货一遍又一遍的分析每天,,独孤燕,2128027197149058,2025-12-08 13:20:33,94,0,0,0,False,False,"https://guba.eastmoney.com/news,688076,1635711937.html",2026-07-06 17:06:33
eastmoney_guba,688076,1635739598,退市股，大垃圾,,你将最终胜利,1450306394783606,2025-12-08 13:40:55,43,0,0,0,False,False,"https://guba.eastmoney.com/news,688076,1635739598.html",2026-07-06 17:06:33
eastmoney_guba,688076,1635745066,大概率要退,,赚钱喝茅台,2305094303592934,2025-12-08 13:44:51,74,0,0,0,False,False,"https://guba.eastmoney.com/news,688076,1635745066.html",2026-07-06 17:06:33
eastmoney_guba,688076,1635765724,趋势不错了,,周余明,5211426673643786,2025-12-08 13:59:23,78,0,0,0,False,False,"https://guba.eastmoney.com/news,688076,1635765724.html",2026-07-06 17:06:33
eastmoney_guba,688076,1635774781,要退市，就干脆电,,你将最终胜利,1450306394783606,2025-12-08 14:05:26,41,0,1,0,False,False,"https://guba.eastmoney.com/news,688076,1635774781.html",2026-07-06 17:06:33
eastmoney_guba,688076,1635812637,投资不是赌博，我们要谨慎决策，承担合理的风险。,,diany,1536436672103910,2025-12-08 14:33:28,83,0,0,0,False,False,"https://guba.eastmoney.com/news,688076,1635812637.html",2026-07-06 17:06:33
eastmoney_guba,688076,1635828100,抄底！,,大方的杨心宇,9818376354210682,2025-12-08 14:44:57,73,0,0,0,False,False,"https://guba.eastmoney.com/news,688076,1635828100.html",2026-07-06 17:06:33
eastmoney_guba,688076,1635888417,口服减肥药从临床试验受理到上市，没有固定时长，国内常规情况需5年左右，若遇试验数,,股友B8UXUh,4629385848436686,2025-12-08 16:25:38,415,5,1,0,False,False,"https://guba.eastmoney.com/news,688076,1635888417.html",2026-07-06 17:06:33
eastmoney_guba,688076,1635895519,多肽减重依从性是关键。多肽属于天然产物，具备副作用低、易代谢等特点，近年来减肥成,,捕风的蝉,3878375950476588,2025-12-08 16:48:30,639,14,2,0,False,False,"https://guba.eastmoney.com/news,688076,1635895519.html",2026-07-06 17:06:33
eastmoney_guba,688076,1635900562,重大利好来袭！！诺泰生物新药司美格鲁肽片获国家药监局临床试验申请受理！！感觉可以,,誓不做韭菜韭菜,2488034956102064,2025-12-08 17:05:14,195,2,0,0,False,False,"https://guba.eastmoney.com/news,688076,1635900562.html",2026-07-06 17:06:33
eastmoney_guba,688076,1635903883,诺泰生物研发投入开花结果，2类新药口服司美格鲁肽片获临床受理,,ST诺泰资讯,9038395923854884,2025-12-08 17:16:19,1715,11,12,0,False,False,"https://guba.eastmoney.com/news,688076,1635903883.html",2026-07-06 17:06:31
eastmoney_guba,688076,1635915946,诺泰生物的司美格鲁肽注射液（化药2类）针对2型糖尿病与肥胖症适应症，其Ⅲ期临床试,,股友A197669V05,8030376544910926,2025-12-08 18:02:03,571,1,0,0,False,False,"https://guba.eastmoney.com/news,688076,1635915946.html",2026-07-06 17:06:33
eastmoney_guba,688076,1635933585,ST诺泰：2.2类新药司美格鲁肽片（口服）获国家药监局临床试验申请受理,,ST诺泰资讯,9038395923854884,2025-12-08 19:20:40,1439,10,12,0,False,False,"https://guba.eastmoney.com/news,688076,1635933585.html",2026-07-06 17:06:33
eastmoney_guba,688076,1635933805,哪个基金持仓这个股呀,,稳扎稳打不急不急,5161345825287658,2025-12-08 19:21:43,84,0,0,0,False,False,"https://guba.eastmoney.com/news,688076,1635933805.html",2026-07-06 17:06:33
eastmoney_guba,688076,1635986027,明天高开秒板,,股友02329p3l35,2251037275744936,2025-12-08 23:48:11,111,1,0,0,False,False,"https://guba.eastmoney.com/news,688076,1635986027.html",2026-07-06 17:06:33
eastmoney_guba,688076,1635998791,有多少人懂这几个字的含金量。趁着还没什么媒体宣传，明天打满。,,还康得新正义,4313075457881082,2025-12-09 05:35:25,1367,4,0,0,True,False,"https://guba.eastmoney.com/news,688076,1635998791.html",2026-07-06 17:06:31
eastmoney_guba,688076,1635999893,ST股票26年予期摘帽公司，都有了公告，ST诺泰有这方面的消息吗？,,n341113718080706,3411013718080706,2025-12-09 05:52:22,138,0,0,0,False,False,"https://guba.eastmoney.com/news,688076,1635999893.html",2026-07-06 17:06:33
eastmoney_guba,688076,1636042178,口服+注射，诺泰生物切入减肥赛道。,,股友A197669V05,8030376544910926,2025-12-09 09:27:47,409,2,0,0,False,False,"https://guba.eastmoney.com/news,688076,1636042178.html",2026-07-06 17:06:33
eastmoney_guba,688076,1636043173,这个新药进展确实强,,adelelll,6483306357718110,2025-12-09 09:29:01,127,2,0,0,False,False,"https://guba.eastmoney.com/news,688076,1636043173.html",2026-07-06 17:06:33
eastmoney_guba,688076,1636071849,这么大的利好只涨这么一点,,红桃77777,6889064611246648,2025-12-09 09:39:13,137,3,0,0,False,False,"https://guba.eastmoney.com/news,688076,1636071849.html",2026-07-06 17:06:33
eastmoney_guba,688076,1636119479,信不信，今天还要跌回去，这股被主力遗弃了，游资玩散户！,,华远股东,3047426769600740,2025-12-09 09:58:40,107,1,0,0,False,False,"https://guba.eastmoney.com/news,688076,1636119479.html",2026-07-06 17:06:33
eastmoney_guba,688076,1636148834,消息真假？,,山雨欲来1,1574416648412580,2025-12-09 10:10:44,213,1,0,0,False,False,"https://guba.eastmoney.com/news,688076,1636148834.html",2026-07-06 17:06:33
eastmoney_guba,688076,1636158178,屁用没有，赶紧逃,,你将最终胜利,1450306394783606,2025-12-09 10:14:59,102,0,0,0,False,False,"https://guba.eastmoney.com/news,688076,1636158178.html",2026-07-06 17:06:33
eastmoney_guba,688076,1636207712,博士预测一下，一月炒医药！立帖为证,,半导体专业博士,7005513533592170,2025-12-09 10:41:45,90,0,0,0,False,False,"https://guba.eastmoney.com/news,688076,1636207712.html",2026-07-06 17:06:33
eastmoney_guba,688076,1636232015,细数诺泰制约因素之三大不确定:.st取消时间不确定.口服药审批通过不确定.注射液,,屯老二才买A股,8960346358579732,2025-12-09 10:56:25,812,5,1,0,False,False,"https://guba.eastmoney.com/news,688076,1636232015.html",2026-07-06 17:06:33
eastmoney_guba,688076,1636239457,不跑等绿啊,,你将最终胜利,1450306394783606,2025-12-09 11:01:23,93,0,0,0,False,False,"https://guba.eastmoney.com/news,688076,1636239457.html",2026-07-06 17:06:33
eastmoney_guba,688076,1636301977,[下跌][下跌][下跌],,你将最终胜利,1450306394783606,2025-12-09 12:34:44,252,0,0,0,True,False,"https://guba.eastmoney.com/news,688076,1636301977.html",2026-07-06 17:06:33
eastmoney_guba,688076,1636436879,今天是个布局的好时机呀,,adelelll,6483306357718110,2025-12-09 14:39:51,177,2,0,0,False,False,"https://guba.eastmoney.com/news,688076,1636436879.html",2026-07-06 17:06:33
eastmoney_guba,688076,1636475441,要是有主力，这么好的消息起码10%，醒醒吧，到时看看药明明年一季度，谁涨谁不涨。,,股友29u3950R67,4861326318020490,2025-12-09 15:12:32,401,3,0,0,False,False,"https://guba.eastmoney.com/news,688076,1636475441.html",2026-07-06 17:06:31
eastmoney_guba,688076,1636482361,隐士概念股。。。。。去同花顺申请个概念板块。隐士概念。,,江枫丨渔火,3125395530799198,2025-12-09 15:23:21,214,2,0,0,False,False,"https://guba.eastmoney.com/news,688076,1636482361.html",2026-07-06 17:06:31
eastmoney_guba,688076,1636555624,ST诺泰:关于自愿披露醋酸阿托西班注射液获得药品注册证书的公告,,ST诺泰资讯,9038395923854884,2025-12-09 19:19:26,737,4,4,0,False,False,"https://guba.eastmoney.com/news,688076,1636555624.html",2026-07-06 17:06:27
eastmoney_guba,688076,1636559172,ST诺泰(688076.SH)：醋酸阿托西班注射液获得药品注册证书,,格隆汇,9507112872296268,2025-12-09 19:34:41,965,7,0,0,False,False,"https://guba.eastmoney.com/news,688076,1636559172.html",2026-07-06 17:06:31
eastmoney_guba,688076,1636559524,ST诺泰：醋酸阿托西班注射液获得药品注册证书,,ST诺泰资讯,9038395923854884,2025-12-09 19:36:09,452,0,0,0,False,False,"https://guba.eastmoney.com/news,688076,1636559524.html",2026-07-06 17:06:31
eastmoney_guba,688076,1636561869,ST诺泰：醋酸阿托西班注射液获药品注册证书,,ST诺泰资讯,9038395923854884,2025-12-09 19:46:49,681,0,2,0,False,False,"https://guba.eastmoney.com/news,688076,1636561869.html",2026-07-06 17:06:31
eastmoney_guba,688076,1636576308,你就不能先出处罚单再发利好吗？,,时刻落袋为安,2205004714926754,2025-12-09 20:49:20,185,1,0,0,False,False,"https://guba.eastmoney.com/news,688076,1636576308.html",2026-07-06 17:06:31
eastmoney_guba,688076,1636603127,恭喜诺泰喜报不断，明晚申诉成功不让罚款！,,股友0e3QEd,8186316001543026,2025-12-09 22:44:21,408,5,0,0,False,False,"https://guba.eastmoney.com/news,688076,1636603127.html",2026-07-06 17:06:31
eastmoney_guba,688076,1636638861,又一喜报,,老马识牛LMSN,6199335854695468,2025-12-10 07:44:45,1556,7,1,0,True,False,"https://guba.eastmoney.com/news,688076,1636638861.html",2026-07-06 17:06:29
eastmoney_guba,688076,1636659094,喜报联苯苄唑化学原料药喜获中国上市许可,,股友A197669V05,8030376544910926,2025-12-10 09:15:27,633,2,1,0,False,False,"https://guba.eastmoney.com/news,688076,1636659094.html",2026-07-06 17:06:31
eastmoney_guba,688076,1636660025,复星医药涨停开盘，要卖的好自为之。,,千首歌,9527305560930174,2025-12-10 09:17:01,145,0,0,0,False,False,"https://guba.eastmoney.com/news,688076,1636660025.html",2026-07-06 17:06:31
eastmoney_guba,688076,1636665791,诺泰生物联苯苄唑化学原料药喜获中国上市许可,,股友A197669V05,8030376544910926,2025-12-10 09:24:10,450,0,1,0,False,False,"https://guba.eastmoney.com/news,688076,1636665791.html",2026-07-06 17:06:31
eastmoney_guba,688076,1636770458,37.92挂个单子，看能不能买到,,股友1KYr0U,1521225602339526,2025-12-10 10:04:57,172,2,0,0,False,False,"https://guba.eastmoney.com/news,688076,1636770458.html",2026-07-06 17:06:31
eastmoney_guba,688076,1636882673,申诉成功？,,钱回家,1790094491271892,2025-12-10 11:07:25,318,3,0,0,False,False,"https://guba.eastmoney.com/news,688076,1636882673.html",2026-07-06 17:06:31
eastmoney_guba,688076,1637035706,一直认为犯事了就应该承担责任。也正如此这样的业绩也只能有这样的估值。但这两天接连,,股友h7582G0518,3677396111177948,2025-12-10 14:03:25,259,1,0,0,False,False,"https://guba.eastmoney.com/news,688076,1637035706.html",2026-07-06 17:06:31
eastmoney_guba,688076,1637127256,出处罚决定书大跌之时，就可以是买入！,,股友03627F7M73,6950187586920228,2025-12-10 15:24:04,211,2,0,0,False,False,"https://guba.eastmoney.com/news,688076,1637127256.html",2026-07-06 17:06:31
eastmoney_guba,688076,1637188742,申诉跟摘帽99.99%没有关系只是上市公司管理层可以少罚款历史上从来没有st又摘,,股友mA078I,9268385596158126,2025-12-10 18:21:28,452,5,0,0,False,False,"https://guba.eastmoney.com/news,688076,1637188742.html",2026-07-06 17:06:31
eastmoney_guba,688076,1637208753,减肥药，流感，辅助生殖概念于一体，就这白菜价。,,大混沌789,2636365924839354,2025-12-10 19:46:57,131,0,0,0,False,False,"https://guba.eastmoney.com/news,688076,1637208753.html",2026-07-06 17:06:31
eastmoney_guba,688076,1637215628,都是想一口吃个胖子的公司不错长期股东根本不会在这里聒噪,,秋刀鱼之滋味,8586023872626028,2025-12-10 20:17:52,144,0,0,0,False,False,"https://guba.eastmoney.com/news,688076,1637215628.html",2026-07-06 17:06:31
eastmoney_guba,688076,1637249686,学学诺和诺德,,十万伏特比卡,2357077339689484,2025-12-10 23:04:01,157,1,0,0,False,False,"https://guba.eastmoney.com/news,688076,1637249686.html",2026-07-06 17:06:31
eastmoney_guba,688076,1637353978,今天是来真的吗,,红桃77777,6889064611246648,2025-12-11 09:41:05,148,1,0,0,False,False,"https://guba.eastmoney.com/news,688076,1637353978.html",2026-07-06 17:06:31
eastmoney_guba,688076,1637360750,涨这么急干嘛，我还没来得急加仓,,陈扶摇,2707385668627232,2025-12-11 09:43:27,121,0,0,0,False,False,"https://guba.eastmoney.com/news,688076,1637360750.html",2026-07-06 17:06:31
eastmoney_guba,688076,1637367139,你再不进，今晚又岀利好,,股友0e3QEd,8186316001543026,2025-12-11 09:45:48,113,0,0,0,False,False,"https://guba.eastmoney.com/news,688076,1637367139.html",2026-07-06 17:06:31
eastmoney_guba,688076,1637369509,消息应该要落地了，主升浪要开启,,小兔乖乖宝宝,8980094451666448,2025-12-11 09:46:38,116,0,0,0,False,False,"https://guba.eastmoney.com/news,688076,1637369509.html",2026-07-06 17:06:31
eastmoney_guba,688076,1637370249,完全不适应，这是怎么了？,,财运满堂的说不得,6060385841515926,2025-12-11 09:46:53,112,0,0,0,False,False,"https://guba.eastmoney.com/news,688076,1637370249.html",2026-07-06 17:06:31
eastmoney_guba,688076,1637384431,应该是要出消息了,,傲气的佛觅儿,5598486666742320,2025-12-11 09:51:52,136,1,0,0,False,False,"https://guba.eastmoney.com/news,688076,1637384431.html",2026-07-06 17:06:31
eastmoney_guba,688076,1637386623,主力大哥我要换车，要不然去见未来丈母娘没面子。求你来2个涨停吧！祝你天天换丈母娘,,永时胜,9427034659555570,2025-12-11 09:52:38,178,2,0,0,False,False,"https://guba.eastmoney.com/news,688076,1637386623.html",2026-07-06 17:06:31
eastmoney_guba,688076,1637389258,心都碎了，踏空,,最美的时光遇见你,8822047574683478,2025-12-11 09:53:33,258,6,0,0,False,False,"https://guba.eastmoney.com/news,688076,1637389258.html",2026-07-06 17:06:31
eastmoney_guba,688076,1637400103,这么急着涨，难道是给量化看上了？,,陈扶摇,2707385668627232,2025-12-11 09:57:24,145,1,0,0,False,False,"https://guba.eastmoney.com/news,688076,1637400103.html",2026-07-06 17:06:31
eastmoney_guba,688076,1637449552,今天现在这个成交量已经顶之前两天了,,就是高吸低抛,2849057600812640,2025-12-11 10:18:09,135,0,0,0,False,False,"https://guba.eastmoney.com/news,688076,1637449552.html",2026-07-06 17:06:31
eastmoney_guba,688076,1637449659,高抛低吸，37到40做T,,别听他们忽悠,3124396168972760,2025-12-11 10:18:12,101,0,0,0,False,False,"https://guba.eastmoney.com/news,688076,1637449659.html",2026-07-06 17:06:31
eastmoney_guba,688076,1637525001,这个票我买过三次，第一次持有27天，1500大洋出局；第二次持有6天，赚2600,,股友25G8u36031,4468007308186104,2025-12-11 10:58:36,193,2,0,0,False,False,"https://guba.eastmoney.com/news,688076,1637525001.html",2026-07-06 17:06:31
eastmoney_guba,688076,1637528849,不会不下来吧，昨天刚出来想T一下，还没上车啊，怎么回事,,股友l2835902H3,3184386264913326,2025-12-11 11:00:53,127,0,0,0,False,False,"https://guba.eastmoney.com/news,688076,1637528849.html",2026-07-06 17:06:31
eastmoney_guba,688076,1637541115,我打赌，今天佛山老汪肯定出来要吠一波,,婀娜多姿的爱念茜,5288496636061772,2025-12-11 11:08:45,187,2,0,0,False,False,"https://guba.eastmoney.com/news,688076,1637541115.html",2026-07-06 17:06:31
eastmoney_guba,688076,1637549556,是金子总会发光，亮起来红起来吧,,股友922h8X6591,6699256662728486,2025-12-11 11:14:27,159,1,0,0,False,False,"https://guba.eastmoney.com/news,688076,1637549556.html",2026-07-06 17:06:31
eastmoney_guba,688076,1637584547,和村里的事情应该有个了断了，一年多了大家都拖不起,,陈扶摇,2707385668627232,2025-12-11 11:50:33,171,1,0,0,False,False,"https://guba.eastmoney.com/news,688076,1637584547.html",2026-07-06 17:06:31
eastmoney_guba,688076,1637600521,废废，难道不是管专利到期再涨吗？,,想天天涨停板,8453325540161218,2025-12-11 12:37:53,168,2,0,0,False,False,"https://guba.eastmoney.com/news,688076,1637600521.html",2026-07-06 17:06:31
eastmoney_guba,688076,1637611900,nl又有雷,,安心做一只Hk,7666094511100976,2025-12-11 13:01:27,82,0,0,0,False,False,"https://guba.eastmoney.com/news,688076,1637611900.html",2026-07-06 17:06:31
eastmoney_guba,688076,1637686293,这么好的业绩，怎么ST?,,阳光顽童,3697513341377952,2025-12-11 13:51:34,151,1,0,0,False,False,"https://guba.eastmoney.com/news,688076,1637686293.html",2026-07-06 17:06:31
eastmoney_guba,688076,1637692701,ST诺泰业绩较好却被ST，主要是因为公司存在信息披露违法违规行为。2025年7月,,阳光顽童,3697513341377952,2025-12-11 13:56:19,1317,5,1,0,False,False,"https://guba.eastmoney.com/news,688076,1637692701.html",2026-07-06 17:06:31
eastmoney_guba,688076,1637696337,出来干活,,稳扎稳打不急不急,5161345825287658,2025-12-11 13:59:08,120,0,0,0,False,False,"https://guba.eastmoney.com/news,688076,1637696337.html",2026-07-06 17:06:31
eastmoney_guba,688076,1637719046,申诉成功要摘帽了吗,,股友c916k32077,3204486733325336,2025-12-11 14:15:53,256,2,0,0,False,False,"https://guba.eastmoney.com/news,688076,1637719046.html",2026-07-06 17:06:31
eastmoney_guba,688076,1637794480,诺泰生物热烈欢迎安捷伦高管团队来访发布时间：2025年12月11日近日，安捷伦科,,股友A197669V05,8030376544910926,2025-12-11 15:04:14,1198,0,2,0,False,False,"https://guba.eastmoney.com/news,688076,1637794480.html",2026-07-06 17:06:31
eastmoney_guba,688076,1637900193,创新药要来大行情了,,足智高升的司徒笑,1298095136023114,2025-12-11 19:58:10,125,0,0,0,False,False,"https://guba.eastmoney.com/news,688076,1637900193.html",2026-07-06 17:06:31
eastmoney_guba,688076,1637943409,紧跟诺和诺德,,十万伏特比卡,2357077339689484,2025-12-11 22:59:56,132,0,0,0,False,False,"https://guba.eastmoney.com/news,688076,1637943409.html",2026-07-06 17:06:31
eastmoney_guba,688076,1637975662,美股减肥药连续爆涨今天跟不跟？不求几万亿市值，随便赏口汤也是几百亿市值。,,股友xC11082157,5915087048945050,2025-12-12 07:12:52,137,0,0,0,False,False,"https://guba.eastmoney.com/news,688076,1637975662.html",2026-07-06 17:06:31
eastmoney_guba,688076,1638001299,昨天涨4个点，今天跌3.99,,稳健老师,4617395870494756,2025-12-12 09:15:57,207,4,0,0,False,False,"https://guba.eastmoney.com/news,688076,1638001299.html",2026-07-06 17:06:31
eastmoney_guba,688076,1638001908,大哥没劲儿啊,,安心做一只Hk,7666094511100976,2025-12-12 09:16:49,107,2,0,0,False,False,"https://guba.eastmoney.com/news,688076,1638001908.html",2026-07-06 17:06:31
eastmoney_guba,688076,1638015247,坐等37低吸,,别听他们忽悠,3124396168972760,2025-12-12 09:25:47,103,0,0,0,False,False,"https://guba.eastmoney.com/news,688076,1638015247.html",2026-07-06 17:06:31
eastmoney_guba,688076,1638195377,这量也太感人了,,了解以后,8951356227100036,2025-12-12 10:46:29,112,0,0,0,False,False,"https://guba.eastmoney.com/news,688076,1638195377.html",2026-07-06 17:06:31
eastmoney_guba,688076,1638383629,挂这么多压单干啥,,傲气的佛觅儿,5598486666742320,2025-12-12 13:57:26,104,0,0,0,False,False,"https://guba.eastmoney.com/news,688076,1638383629.html",2026-07-06 17:06:31
eastmoney_guba,688076,1638487101,好久不T，今天T的不容易,,股友jykiLS,1715095161176580,2025-12-12 15:03:54,361,1,0,0,True,False,"https://guba.eastmoney.com/news,688076,1638487101.html",2026-07-06 17:06:31
eastmoney_guba,688076,1638347670,何时摘帽？证监会重罚揭示欺诈发行，ST诺泰经营与财务双隐忧,,CSMAR数据,4439386456034320,2025-12-12 17:00:00,1996,9,1,0,True,False,"https://guba.eastmoney.com/news,688076,1638347670.html",2026-07-06 17:06:29
eastmoney_guba,688076,1638592421,这货没有过20厘米吧,,安心做一只Hk,7666094511100976,2025-12-12 20:25:55,124,0,0,0,False,False,"https://guba.eastmoney.com/news,688076,1638592421.html",2026-07-06 17:06:31
eastmoney_guba,688076,1638678258,让我们看看类似的案例，平复一下复杂的心情：688076诺泰生物：江苏诺泰澳赛诺生,,股友K7hY1T,6248375821968284,2025-12-13 11:17:22,1524,4,0,0,False,False,"https://guba.eastmoney.com/news,688076,1638678258.html",2026-07-06 17:06:31
eastmoney_guba,688076,1638681814,688076诺泰生物：江苏诺泰澳赛诺生物制药股份有限公司（以下简称“ST诺泰”或,,brr886,7477013403784558,2025-12-13 11:57:08,1152,2,0,0,False,False,"https://guba.eastmoney.com/news,688076,1638681814.html",2026-07-06 17:06:31
eastmoney_guba,688076,1638681865,$人福医药(SH600079)$ $ST诺泰(SH688076)$ 688076,,brr886,7477013403784558,2025-12-13 11:57:48,1232,0,1,0,False,False,"https://guba.eastmoney.com/news,688076,1638681865.html",2026-07-06 17:06:31
eastmoney_guba,688076,1638711594,以后诺泰叫红一分,,安心做一只Hk,7666094511100976,2025-12-13 19:06:05,118,0,0,0,False,False,"https://guba.eastmoney.com/news,688076,1638711594.html",2026-07-06 17:06:31
eastmoney_guba,688076,1638777899,和人福医药被ST最接近的案例：诺泰生物和九芝堂，被ST具体原因类似且同属医药行业,,股友0ofSqU,1717315909309860,2025-12-14 16:57:26,6811,30,19,0,True,False,"https://guba.eastmoney.com/news,688076,1638777899.html",2026-07-06 17:06:27
eastmoney_guba,688076,1638807749,放量启动,,大方的杨心宇,9818376354210682,2025-12-14 22:49:35,83,0,0,0,False,False,"https://guba.eastmoney.com/news,688076,1638807749.html",2026-07-06 17:06:31
eastmoney_guba,688076,1638918545,今天不涨，完了。不要认为二重底，三重顶。千万别接。,,股友29u3950R67,4861326318020490,2025-12-15 09:49:02,88,0,0,0,False,False,"https://guba.eastmoney.com/news,688076,1638918545.html",2026-07-06 17:06:31
eastmoney_guba,688076,1638918932,又不行了，老庄,,古越新安,4541336174369464,2025-12-15 09:49:12,58,1,1,0,False,False,"https://guba.eastmoney.com/news,688076,1638918932.html",2026-07-06 17:06:31
eastmoney_guba,688076,1638954478,真是垃圾呢,,财运满堂的说不得,6060385841515926,2025-12-15 10:05:58,64,0,0,0,False,False,"https://guba.eastmoney.com/news,688076,1638954478.html",2026-07-06 17:06:31
eastmoney_guba,688076,1638964254,果然和我说的一样得在37到40高抛低吸,,别听他们忽悠,3124396168972760,2025-12-15 10:11:09,76,0,0,0,False,False,"https://guba.eastmoney.com/news,688076,1638964254.html",2026-07-06 17:06:31
eastmoney_guba,688076,1638978043,赔偿机构估计要十几个亿吧？？散户没多少！,,华远股东,3047426769600740,2025-12-15 10:18:50,123,1,0,0,False,False,"https://guba.eastmoney.com/news,688076,1638978043.html",2026-07-06 17:06:31
eastmoney_guba,688076,1638979906,佛山老弟，快出来给大家打打气！,,luotuoxzx,6756094607583200,2025-12-15 10:19:55,68,0,0,0,False,False,"https://guba.eastmoney.com/news,688076,1638979906.html",2026-07-06 17:06:31
eastmoney_guba,688076,1639286183,近日礼来GIP、GLP-1和胰高血糖素三靶点药物三期临床数据很受关注，请问公司是,,ST诺泰股友,3640366193403336,2025-12-15 11:32:00,1164,2,0,0,False,False,"https://guba.eastmoney.com/news,688076,1639286183.html",2026-07-06 17:06:31
eastmoney_guba,688076,1639286127,尊敬的董秘您好，作为我们，很关心处罚立案书啥时候下来，这意味着来年啥时候可以摘帽,,ST诺泰股友,3640366193403336,2025-12-15 11:33:00,504,0,0,0,False,False,"https://guba.eastmoney.com/news,688076,1639286127.html",2026-07-06 17:06:31
eastmoney_guba,688076,1639112047,一泄千里,,你将最终胜利,1450306394783606,2025-12-15 12:53:21,114,2,0,0,False,False,"https://guba.eastmoney.com/news,688076,1639112047.html",2026-07-06 17:06:31
eastmoney_guba,688076,1639222916,看来还是需要补充完缺口后继续磨,,守护ST的散户,4440056991181278,2025-12-15 14:29:03,85,1,0,0,False,False,"https://guba.eastmoney.com/news,688076,1639222916.html",2026-07-06 17:06:31
eastmoney_guba,688076,1639223716,大家谁知道处罚决定书什么时候落地？,,守护ST的散户,4440056991181278,2025-12-15 14:29:41,419,2,0,0,False,False,"https://guba.eastmoney.com/news,688076,1639223716.html",2026-07-06 17:06:29
eastmoney_guba,688076,1639260447,空头太强了,,安心做一只Hk,7666094511100976,2025-12-15 14:56:13,78,0,0,0,False,False,"https://guba.eastmoney.com/news,688076,1639260447.html",2026-07-06 17:06:31
eastmoney_guba,688076,1639394109,有人说人福医药比九芝堂、ST诺泰多了一些公募持仓，但是这些公募加总起来也就持股二,,股友0ofSqU,1717315909309860,2025-12-15 21:47:39,1995,7,0,0,False,False,"https://guba.eastmoney.com/news,688076,1639394109.html",2026-07-06 17:06:31
eastmoney_guba,688076,1639423927,直逼万亿市值，礼来又大涨，你能不能捡点渣渣辉都够了？,,股友xC11082157,5915087048945050,2025-12-16 01:35:27,85,0,0,0,False,False,"https://guba.eastmoney.com/news,688076,1639423927.html",2026-07-06 17:06:31
eastmoney_guba,688076,1639452689,缺口多少，还会补吗,,长西路养家,4365055033871386,2025-12-16 09:00:54,66,0,0,0,False,False,"https://guba.eastmoney.com/news,688076,1639452689.html",2026-07-06 17:06:31
eastmoney_guba,688076,1639486620,我37再出手,,别听他们忽悠,3124396168972760,2025-12-16 09:32:57,59,0,0,0,False,False,"https://guba.eastmoney.com/news,688076,1639486620.html",2026-07-06 17:06:31
eastmoney_guba,688076,1639606425,这个股票不摘帽，很难涨,,盆满锅不满,7202306313611568,2025-12-16 10:17:41,90,1,0,0,False,False,"https://guba.eastmoney.com/news,688076,1639606425.html",2026-07-06 17:06:29
eastmoney_guba,688076,1639626177,扶不起来的软蛋,,股友922h8X6591,6699256662728486,2025-12-16 10:28:05,52,0,0,0,False,False,"https://guba.eastmoney.com/news,688076,1639626177.html",2026-07-06 17:06:31
eastmoney_guba,688076,1639742480,1）人福医药今天上午已经有3.75亿资金抄底，全天看成交5亿左右没什么问题，换手,,股友0ofSqU,1717315909309860,2025-12-16 11:59:50,4284,18,3,0,True,False,"https://guba.eastmoney.com/news,688076,1639742480.html",2026-07-06 17:06:27
eastmoney_guba,688076,1639985116,放量洗盘，快涨了，明天买买买,,大方的杨心宇,9818376354210682,2025-12-16 17:43:15,69,0,0,0,False,False,"https://guba.eastmoney.com/news,688076,1639985116.html",2026-07-06 17:06:31
eastmoney_guba,688076,1640309847,买进去，大家都在等处罚书落地,,大方的杨心宇,9818376354210682,2025-12-17 10:40:27,85,2,0,0,False,False,"https://guba.eastmoney.com/news,688076,1640309847.html",2026-07-06 17:06:29
eastmoney_guba,688076,1640368237,这成交量，大家都潜伏了,,大方的杨心宇,9818376354210682,2025-12-17 11:17:36,65,2,0,0,False,False,"https://guba.eastmoney.com/news,688076,1640368237.html",2026-07-06 17:06:31
eastmoney_guba,688076,1640483851,死股,,生财满堂的叶孤城,4717325948839376,2025-12-17 13:43:33,48,0,0,0,False,False,"https://guba.eastmoney.com/news,688076,1640483851.html",2026-07-06 17:06:31
eastmoney_guba,688076,1640519664,垃圾，毫无独立走势,,你将最终胜利,1450306394783606,2025-12-17 14:07:27,44,0,0,0,False,False,"https://guba.eastmoney.com/news,688076,1640519664.html",2026-07-06 17:06:31
eastmoney_guba,688076,1640594419,流动性问题,,想天天涨停板,8453325540161218,2025-12-17 14:58:33,52,0,0,0,False,False,"https://guba.eastmoney.com/news,688076,1640594419.html",2026-07-06 17:06:31
eastmoney_guba,688076,1640594666,这个处罚有没有可能会取消？,,股友c916k32077,3204486733325336,2025-12-17 14:58:48,397,13,0,0,False,False,"https://guba.eastmoney.com/news,688076,1640594666.html",2026-07-06 17:06:29
eastmoney_guba,688076,1640605082,随便来点买盘就大涨了，没人卖了，这成交量阶段新低,,大方的杨心宇,9818376354210682,2025-12-17 15:10:09,59,1,0,0,False,False,"https://guba.eastmoney.com/news,688076,1640605082.html",2026-07-06 17:06:29
eastmoney_guba,688076,1640671620,ST诺泰:关于收到《行政处罚决定书》的公告,,ST诺泰资讯,9038395923854884,2025-12-17 18:30:14,916,26,110,0,False,False,"https://guba.eastmoney.com/news,688076,1640671620.html",2026-07-06 17:06:20
eastmoney_guba,688076,1640675593,明天逃命吧,,股友c916k32077,3204486733325336,2025-12-17 18:46:50,75,1,0,0,False,False,"https://guba.eastmoney.com/news,688076,1640675593.html",2026-07-06 17:06:29
eastmoney_guba,688076,1640676305,终于正式落地了。公司可以卸下历史包袱，轻装上阵了。主要是公司业绩好，创新药研发管,,誓不做韭菜韭菜,2488034956102064,2025-12-17 18:50:04,144,2,0,0,False,False,"https://guba.eastmoney.com/news,688076,1640676305.html",2026-07-06 17:06:29
eastmoney_guba,688076,1640676368,大家为什么不去买国科军工这只股票呢。,,最爱送转股,7969094294915914,2025-12-17 18:50:26,49,0,0,0,False,False,"https://guba.eastmoney.com/news,688076,1640676368.html",2026-07-06 17:06:29
eastmoney_guba,688076,1640676484,包袱终于落地，申请摘帽倒计时！,,誓不做韭菜韭菜,2488034956102064,2025-12-17 18:51:01,54,0,0,0,False,False,"https://guba.eastmoney.com/news,688076,1640676484.html",2026-07-06 17:06:29
eastmoney_guba,688076,1640678579,这半年熬走多少人，公告出来就这几个回复，不知道想什么呢，非要申诉……,,财运满堂的说不得,6060385841515926,2025-12-17 19:01:14,83,0,0,0,False,False,"https://guba.eastmoney.com/news,688076,1640678579.html",2026-07-06 17:06:29
eastmoney_guba,688076,1640679007,炸,,想天天涨停板,8453325540161218,2025-12-17 19:03:20,57,0,0,0,False,False,"https://guba.eastmoney.com/news,688076,1640679007.html",2026-07-06 17:06:29
eastmoney_guba,688076,1640680873,终于等到正式落地了。接下来就可以好好发展主业，做好内控，其实市场还是看长远成长预,,進擊的小散,8314005150356132,2025-12-17 19:11:08,66,0,0,0,False,False,"https://guba.eastmoney.com/news,688076,1640680873.html",2026-07-06 17:06:29
eastmoney_guba,688076,1640681161,浪费摘帽时间，维持原判。公司是,,永时胜,9427034659555570,2025-12-17 19:12:19,67,0,0,0,False,False,"https://guba.eastmoney.com/news,688076,1640681161.html",2026-07-06 17:06:29
eastmoney_guba,688076,1640681173,诺泰生物索赔登记。收正式处罚，2021年度虚增利润2595万元，虚增收入3000,,索赔集结号,6687446605322692,2025-12-17 19:12:20,1223,26,0,0,False,False,"https://guba.eastmoney.com/news,688076,1640681173.html",2026-07-06 17:06:00
eastmoney_guba,688076,1640682170,关于对江苏诺泰澳赛诺生物制药股份有限公司及有关责任人予以纪律处分的决定,,ST诺泰资讯,9038395923854884,2025-12-17 19:16:33,1048,6,19,0,False,False,"https://guba.eastmoney.com/news,688076,1640682170.html",2026-07-06 17:06:27
eastmoney_guba,688076,1640682469,安心了，最大的风险出清了。和历史告一段落了，接下来如果明日大盘好，公司估计可以起,,tony112233,5281094328849002,2025-12-17 19:17:52,68,0,0,0,False,False,"https://guba.eastmoney.com/news,688076,1640682469.html",2026-07-06 17:06:29
eastmoney_guba,688076,1640682740,处罚落地，剑指60块，指日可待！！！！,,坤哥668,7826094388254576,2025-12-17 19:19:11,70,1,0,0,False,False,"https://guba.eastmoney.com/news,688076,1640682740.html",2026-07-06 17:06:29
eastmoney_guba,688076,1640683241,罚得够狠啊，公司加一众实控人、高管，罚了好几千万,,你将最终胜利,1450306394783606,2025-12-17 19:21:36,99,2,0,0,False,False,"https://guba.eastmoney.com/news,688076,1640683241.html",2026-07-06 17:06:29
eastmoney_guba,688076,1640684009,和之前事先告知书一样，市场都有预期了，情绪都已经消化了。接下来就聚焦创新药整个板,,adelelll,6483306357718110,2025-12-17 19:25:12,140,2,0,0,False,False,"https://guba.eastmoney.com/news,688076,1640684009.html",2026-07-06 17:06:29
eastmoney_guba,688076,1640684217,利空出尽+创新药取得新进展，感觉下一轮可以启动了！！近期，公司全资子公司杭州诺澳,,细心的大巴车,7744016933999568,2025-12-17 19:26:16,243,2,0,0,False,False,"https://guba.eastmoney.com/news,688076,1640684217.html",2026-07-06 17:06:29
eastmoney_guba,688076,1640687473,年报存虚假记载、公开发行文件编造重大虚假内容，ST诺泰被处以4740万元罚款,,ST诺泰资讯,9038395923854884,2025-12-17 19:39:50,733,0,5,0,False,False,"https://guba.eastmoney.com/news,688076,1640687473.html",2026-07-06 17:06:29
eastmoney_guba,688076,1640687524,虽然公司搔操作了一番该罚的子儿一个没减少，但是也明确了处罚长期未落地不是进一步查,,财源富贵的伯南,7838595186499754,2025-12-17 19:39:59,141,0,0,0,False,False,"https://guba.eastmoney.com/news,688076,1640687524.html",2026-07-06 17:06:29
eastmoney_guba,688076,1640691143,这是属于上市违法，处罚是最理想的，退市就完了，这个很轻的处罚。,,千首歌,9527305560930174,2025-12-17 19:54:53,75,0,0,0,False,False,"https://guba.eastmoney.com/news,688076,1640691143.html",2026-07-06 17:06:29
eastmoney_guba,688076,1640692127,终于等到了，要是再跌，我就开始补仓了！买入后躺到现在,,lchhrzq,5466375529183552,2025-12-17 19:59:07,59,0,0,0,False,False,"https://guba.eastmoney.com/news,688076,1640692127.html",2026-07-06 17:06:29
eastmoney_guba,688076,1640692185,处罚落地，公司应吸取教训，但客观说，这处罚有些牵强，感觉在杀富,,股友76636kq858,9304077574992074,2025-12-17 19:59:20,106,1,0,0,False,False,"https://guba.eastmoney.com/news,688076,1640692185.html",2026-07-06 17:06:29
eastmoney_guba,688076,1640694484,金域医学再坏，也没事！什么世道？,,大国强大,1240094517543632,2025-12-17 20:08:57,65,0,0,0,False,False,"https://guba.eastmoney.com/news,688076,1640694484.html",2026-07-06 17:06:29
eastmoney_guba,688076,1640698263,st美辰虚增营收十几个亿，虚增利润6个多亿，只是罚款60万，这就是国有控股和民营,,股友76636kq858,9304077574992074,2025-12-17 20:23:34,138,1,0,0,False,False,"https://guba.eastmoney.com/news,688076,1640698263.html",2026-07-06 17:06:29
eastmoney_guba,688076,1640700020,ST诺泰：行政处罚落地 轻装上阵推动稳健发展与创新布局,,ST诺泰资讯,9038395923854884,2025-12-17 20:31:00,1923,3,18,0,False,False,"https://guba.eastmoney.com/news,688076,1640700020.html",2026-07-06 17:06:27
eastmoney_guba,688076,1640700309,江苏的上市公司，总部却跑到杭州，不罚你罚谁。,,股友9t21682i22,8280306138931302,2025-12-17 20:32:01,88,1,0,0,False,False,"https://guba.eastmoney.com/news,688076,1640700309.html",2026-07-06 17:06:29
eastmoney_guba,688076,1640700524,罚的钱有点多了，利空落地，剩下的都是利好了,,股友u79i637993,5936064926884784,2025-12-17 20:32:37,163,3,0,0,False,False,"https://guba.eastmoney.com/news,688076,1640700524.html",2026-07-06 17:06:29
eastmoney_guba,688076,1640703625,年报、可转债文件双造假：ST诺泰被罚4740万元，6名责任人合计被罚2880万元,,ST诺泰资讯,9038395923854884,2025-12-17 20:45:40,981,6,9,0,False,False,"https://guba.eastmoney.com/news,688076,1640703625.html",2026-07-06 17:06:29
eastmoney_guba,688076,1640707002,利空落地，明天大涨，目标价70,,大方的杨心宇,9818376354210682,2025-12-17 20:59:05,65,0,0,0,False,False,"https://guba.eastmoney.com/news,688076,1640707002.html",2026-07-06 17:06:29
eastmoney_guba,688076,1640710145,关于11月20号的四个预测，第一个今天已兑现，时间带也非常准确（平安落地，没有节,,佛山隐士,5331047298658940,2025-12-17 21:11:38,1121,16,1,0,False,False,"https://guba.eastmoney.com/news,688076,1640710145.html",2026-07-06 17:06:29
eastmoney_guba,688076,1640712223,诺泰处罚落地，看你们几个谁才是真龙,,等风来有,6129306571942318,2025-12-17 21:19:46,813,2,0,0,False,False,"https://guba.eastmoney.com/news,688076,1640712223.html",2026-07-06 17:06:27
eastmoney_guba,688076,1640714446,一笔交易，买方卖方都觉得没问题。第三方觉得有问题，然后收走几倍罚款,,还康得新正义,4313075457881082,2025-12-17 21:29:16,138,2,0,0,False,False,"https://guba.eastmoney.com/news,688076,1640714446.html",2026-07-06 17:06:29
eastmoney_guba,688076,1640716945,这个处罚，证据看起来并不充分。,,股友3859K22Q77,7996037521549190,2025-12-17 21:38:22,80,1,0,0,False,False,"https://guba.eastmoney.com/news,688076,1640716945.html",2026-07-06 17:06:29
eastmoney_guba,688076,1640721910,明天低开的可以加仓了，明年预订了摘帽股，大胆干,,股友tcoluc0226,3500094558052162,2025-12-17 22:01:00,86,1,0,0,False,False,"https://guba.eastmoney.com/news,688076,1640721910.html",2026-07-06 17:06:29
eastmoney_guba,688076,1640723220,司美格鲁肽片剂是不错的方向。国内外首家临床申请。,,永时胜,9427034659555570,2025-12-17 22:07:03,171,2,0,0,False,False,"https://guba.eastmoney.com/news,688076,1640723220.html",2026-07-06 17:06:29
eastmoney_guba,688076,1640728551,诺泰生物于2025年12月17日收到中国证监会正式下发的《行政处罚决定书》，正式,,佛山隐士,5331047298658940,2025-12-17 22:30:10,1699,18,2,0,False,False,"https://guba.eastmoney.com/news,688076,1640728551.html",2026-07-06 17:06:27
eastmoney_guba,688076,1640743178,预期申请摘帽股清单——更新,,ST龙头,8949094786992986,2025-12-17 23:52:09,6360,11,18,0,True,False,"https://guba.eastmoney.com/news,688076,1640743178.html",2026-07-06 17:06:29
eastmoney_guba,688076,1640751309,从国内减肥原研药企业，看诺泰的价值,,屯老二才买A股,8960346358579732,2025-12-18 01:24:05,498,2,0,0,False,False,"https://guba.eastmoney.com/news,688076,1640751309.html",2026-07-06 17:06:29
eastmoney_guba,688076,1640751783,上市首年就进行业绩造假 还涉及欺诈发行 ST诺泰五年内不得申请再融资,,ST诺泰资讯,9038395923854884,2025-12-18 01:36:20,5039,7,4,0,False,False,"https://guba.eastmoney.com/news,688076,1640751783.html",2026-07-06 17:06:29
eastmoney_guba,688076,1640753840,减肥药的赛道逻辑，绝非普通药品的逻辑,,屯老二才买A股,8960346358579732,2025-12-18 02:49:16,396,2,0,0,False,False,"https://guba.eastmoney.com/news,688076,1640753840.html",2026-07-06 17:06:29
eastmoney_guba,688076,1640767165,根据公司法的要求，公司管理人员因履行职务不法行为对公司造成损失的，要承担责任，股,,股友0886r8085z,6038005399095200,2025-12-18 07:10:52,86,2,0,0,False,False,"https://guba.eastmoney.com/news,688076,1640767165.html",2026-07-06 17:06:29
eastmoney_guba,688076,1640768403,诺泰生物被证监会行政处罚后，可向有责任的高管追偿,,股友A197669V05,8030376544910926,2025-12-18 07:24:09,160,2,0,0,False,False,"https://guba.eastmoney.com/news,688076,1640768403.html",2026-07-06 17:06:29
eastmoney_guba,688076,1640768676,诺泰生物受到行政处罚和股民索赔后，可向有责任的高管实际控制人等追偿。追偿通知书,,股友A197669V05,8030376544910926,2025-12-18 07:26:59,153,1,0,0,False,False,"https://guba.eastmoney.com/news,688076,1640768676.html",2026-07-06 17:06:29
eastmoney_guba,688076,1640776608,转发,,股民朱老师,7962346522739520,2025-12-18 08:18:03,65,0,0,0,False,False,"https://guba.eastmoney.com/news,688076,1640776608.html",2026-07-06 17:06:29
eastmoney_guba,688076,1640779786,感觉今天也许可以布局了，利空出尽,,誓不做韭菜韭菜,2488034956102064,2025-12-18 08:34:36,44,0,0,0,False,False,"https://guba.eastmoney.com/news,688076,1640779786.html",2026-07-06 17:06:29
eastmoney_guba,688076,1640788415,这里的散户能蠢到什么程度，把5年不能融资定增，理解成5年不能拥有融资融券资质。这,,千首歌,9527305560930174,2025-12-18 09:08:29,189,1,1,0,False,False,"https://guba.eastmoney.com/news,688076,1640788415.html",2026-07-06 17:06:29
eastmoney_guba,688076,1640792026,落地，涨停,,足智高升的司徒笑,1298095136023114,2025-12-18 09:16:26,48,0,0,0,False,False,"https://guba.eastmoney.com/news,688076,1640792026.html",2026-07-06 17:06:29
eastmoney_guba,688076,1640792211,诺泰生物因信披违规收行政处罚，上海海汇所梁律师团队提示：2022年4月28日至2,,上海海汇所,3946057453956086,2025-12-18 09:16:42,750,1,0,0,False,False,"https://guba.eastmoney.com/news,688076,1640792211.html",2026-07-06 17:06:00
eastmoney_guba,688076,1640794820,靴子落地开始大涨,,红桃77777,6889064611246648,2025-12-18 09:19:41,66,1,0,0,False,False,"https://guba.eastmoney.com/news,688076,1640794820.html",2026-07-06 17:06:29
eastmoney_guba,688076,1640796185,上市首年业绩即造假！ST诺泰及相关责任人遭监管严惩：重罚逾七千万元并禁“再融资”五年,,ST诺泰资讯,9038395923854884,2025-12-18 09:21:19,1995,0,11,0,False,False,"https://guba.eastmoney.com/news,688076,1640796185.html",2026-07-06 17:06:29
eastmoney_guba,688076,1640805941,这个消息没什么反应，看来不够强势，后面不能留缺口,,守护ST的散户,4440056991181278,2025-12-18 09:26:16,61,0,0,0,False,False,"https://guba.eastmoney.com/news,688076,1640805941.html",2026-07-06 17:06:29
eastmoney_guba,688076,1640872908,一切尘埃落定，后面五个月把前面五个月欠下的还上。,,大混沌789,2636365924839354,2025-12-18 09:54:46,60,0,0,0,False,False,"https://guba.eastmoney.com/news,688076,1640872908.html",2026-07-06 17:06:29
eastmoney_guba,688076,1640886892,出来的不是时候，创新药行情走完就出来了。,,万花镜写轮眼,1399145319247286,2025-12-18 10:01:21,43,0,0,0,False,False,"https://guba.eastmoney.com/news,688076,1640886892.html",2026-07-06 17:06:29
eastmoney_guba,688076,1640892895,#诺泰生物又一重磅CDMO长期供货协议落地诺泰生物是在多肽、寡核苷酸等领域处于领,,adelelll,6483306357718110,2025-12-18 10:04:24,507,4,2,0,False,False,"https://guba.eastmoney.com/news,688076,1640892895.html",2026-07-06 17:06:27
eastmoney_guba,688076,1640896439,这么多人不看好啊……,,财运满堂的说不得,6060385841515926,2025-12-18 10:06:16,65,2,0,0,False,False,"https://guba.eastmoney.com/news,688076,1640896439.html",2026-07-06 17:06:29
eastmoney_guba,688076,1640910273,最后洗盘,,大方的杨心宇,9818376354210682,2025-12-18 10:13:20,47,0,0,0,False,False,"https://guba.eastmoney.com/news,688076,1640910273.html",2026-07-06 17:06:29
eastmoney_guba,688076,1640911007,哈哈哈哈，你好棒棒哦,,看西边的太阳,8347066981478244,2025-12-18 10:13:42,40,0,0,0,False,False,"https://guba.eastmoney.com/news,688076,1640911007.html",2026-07-06 17:06:29
eastmoney_guba,688076,1640919004,我如果是银行行长听到诺泰不能在证券市场融资，会带着大钱箱跑到公司求他们跟我贷款，,,这个人很懒188,4412111794992950,2025-12-18 10:17:52,360,3,0,0,False,False,"https://guba.eastmoney.com/news,688076,1640919004.html",2026-07-06 17:06:27
eastmoney_guba,688076,1640920954,可以这样计划操作,,adelelll,6483306357718110,2025-12-18 10:18:56,44,0,0,0,False,False,"https://guba.eastmoney.com/news,688076,1640920954.html",2026-07-06 17:06:29
eastmoney_guba,688076,1640924718,不申诉股价早就上去了，现在好了，处罚落地也上不去了,,傲气的佛觅儿,5598486666742320,2025-12-18 10:21:02,60,1,0,0,False,False,"https://guba.eastmoney.com/news,688076,1640924718.html",2026-07-06 17:06:29
eastmoney_guba,688076,1640931760,佛山老弟快出来打打气,,luotuoxzx,6756094607583200,2025-12-18 10:25:10,46,0,0,0,False,False,"https://guba.eastmoney.com/news,688076,1640931760.html",2026-07-06 17:06:29
eastmoney_guba,688076,1640933712,出来了！几乎与我发帖的时间同步，心有灵犀呀！,,luotuoxzx,6756094607583200,2025-12-18 10:26:20,48,0,0,0,False,False,"https://guba.eastmoney.com/news,688076,1640933712.html",2026-07-06 17:06:29
eastmoney_guba,688076,1640934088,没出息，散了,,稳健老师,4617395870494756,2025-12-18 10:26:34,41,0,0,0,False,False,"https://guba.eastmoney.com/news,688076,1640934088.html",2026-07-06 17:06:29
eastmoney_guba,688076,1640935926,又被诱多了,,山雨欲来1,1574416648412580,2025-12-18 10:27:39,85,1,0,0,False,False,"https://guba.eastmoney.com/news,688076,1640935926.html",2026-07-06 17:06:29
eastmoney_guba,688076,1640944860,末士还没出就跌，出来更跌。次次这样。,,股友29u3950R67,4861326318020490,2025-12-18 10:33:02,59,0,0,0,False,False,"https://guba.eastmoney.com/news,688076,1640944860.html",2026-07-06 17:06:29
eastmoney_guba,688076,1640949473,这个处罚对小股东来说是好事，至少一年内不太敢做假账了，小股东看到的信息更真实了；,,luotuoxzx,6756094607583200,2025-12-18 10:35:45,119,0,0,0,False,False,"https://guba.eastmoney.com/news,688076,1640949473.html",2026-07-06 17:06:29
eastmoney_guba,688076,1640949515,五年不能再融资到底有多大的影响？诺泰生物被罚近5000万且五年禁再融资，市场评价,,亨通888,1463013691001356,2025-12-18 10:35:46,570,2,1,0,True,False,"https://guba.eastmoney.com/news,688076,1640949515.html",2026-07-06 17:06:29
eastmoney_guba,688076,1640972525,股市的魅力就在于，同样的时间，同样的价位，买的和卖的都认为自己是正确的。现在的诺,,内心的眼睛,8619013587733762,2025-12-18 10:49:59,114,0,0,0,False,False,"https://guba.eastmoney.com/news,688076,1640972525.html",2026-07-06 17:06:29
eastmoney_guba,688076,1640973265,在短期内，市场是不可预测的，但长期来看，市场往往是正确的。,,yfei33,6975094336740896,2025-12-18 10:50:28,73,0,0,0,False,False,"https://guba.eastmoney.com/news,688076,1640973265.html",2026-07-06 17:06:29
eastmoney_guba,688076,1641014554,厉害啊，赶快加仓,,perkylll,1371246357712926,2025-12-18 11:20:34,94,0,0,0,False,False,"https://guba.eastmoney.com/news,688076,1641014554.html",2026-07-06 17:06:29
eastmoney_guba,688076,1641014731,不能直接融资也就意味着股本不再加大，未必坏事，资金不足还可以间接融资的，关键是企,,股友O9Z0255285,3854017346180274,2025-12-18 11:20:42,207,2,0,0,False,False,"https://guba.eastmoney.com/news,688076,1641014731.html",2026-07-06 17:06:29
eastmoney_guba,688076,1641043349,回踩完成继续延续上涨过程,,做个收菜的人,7590386499136342,2025-12-18 12:06:40,91,0,0,0,False,False,"https://guba.eastmoney.com/news,688076,1641043349.html",2026-07-06 17:06:29
eastmoney_guba,688076,1641048000,没有什么能够替代坚定的信念和专注的决心。,,小白吃嘎嘎,5155013926535940,2025-12-18 12:22:29,118,0,0,0,False,False,"https://guba.eastmoney.com/news,688076,1641048000.html",2026-07-06 17:06:29
eastmoney_guba,688076,1641055854,a炒股和赌博的最大区别就是前者可以有策略，后者只能靠运气。,,倩姐来了,6084346365349282,2025-12-18 12:53:44,110,0,0,0,False,False,"https://guba.eastmoney.com/news,688076,1641055854.html",2026-07-06 17:06:29
eastmoney_guba,688076,1641056106,688076及实控人等被罚7620万元,,ST诺泰资讯,9038395923854884,2025-12-18 12:54:40,593,2,2,0,False,False,"https://guba.eastmoney.com/news,688076,1641056106.html",2026-07-06 17:06:27
eastmoney_guba,688076,1641089541,反向看这股的K线真好看各种技术分析估计都满足,,模糊的枣真夜,7666496670255196,2025-12-18 13:24:39,103,0,0,0,False,False,"https://guba.eastmoney.com/news,688076,1641089541.html",2026-07-06 17:06:29
eastmoney_guba,688076,1641108682,诺泰管理人的罚款也准备在二级市场筹集吗？前两天买入，今天冲高卖出，估计就差不多了,,股友L7E5567193,6881326576753498,2025-12-18 13:39:14,201,3,0,0,False,False,"https://guba.eastmoney.com/news,688076,1641108682.html",2026-07-06 17:06:29
eastmoney_guba,688076,1641133468,年报和发行文件存虚假记载 ST诺泰及6名高管被处罚7620万元,,ST诺泰资讯,9038395923854884,2025-12-18 13:56:30,437,0,2,0,False,False,"https://guba.eastmoney.com/news,688076,1641133468.html",2026-07-06 17:06:29
eastmoney_guba,688076,1641134505,大家去看看st沪科。这么稀烂的公司还涨停了,,傲气的佛觅儿,5598486666742320,2025-12-18 13:57:16,136,0,0,0,False,False,"https://guba.eastmoney.com/news,688076,1641134505.html",2026-07-06 17:06:29
eastmoney_guba,688076,1641135162,垃圾堆里的大垃圾,,你将最终胜利,1450306394783606,2025-12-18 13:57:47,126,0,0,0,False,False,"https://guba.eastmoney.com/news,688076,1641135162.html",2026-07-06 17:06:29
eastmoney_guba,688076,1641136199,今天又套了一帮人,,盆满锅不满,7202306313611568,2025-12-18 13:58:35,134,0,0,0,False,False,"https://guba.eastmoney.com/news,688076,1641136199.html",2026-07-06 17:06:29
eastmoney_guba,688076,1641136498,实在太差劲了,,古越新安,4541336174369464,2025-12-18 13:58:49,122,0,0,0,False,False,"https://guba.eastmoney.com/news,688076,1641136498.html",2026-07-06 17:06:29
eastmoney_guba,688076,1641137350,上市首年虚增收入3000万！诺泰生物及相关责任人被罚7620万,,ST诺泰资讯,9038395923854884,2025-12-18 13:59:29,1526,3,2,0,False,False,"https://guba.eastmoney.com/news,688076,1641137350.html",2026-07-06 17:06:27
eastmoney_guba,688076,1641138563,建议对处理决定修改为:一，责任人增持股票合计7000万元，二，大股东五年不得减持,,这个人很懒188,4412111794992950,2025-12-18 14:00:23,184,1,0,0,False,False,"https://guba.eastmoney.com/news,688076,1641138563.html",2026-07-06 17:06:27
eastmoney_guba,688076,1641141201,好家伙，进来就先跌一块,,股友aUcNrk,3580315964816674,2025-12-18 14:02:19,131,0,0,0,False,False,"https://guba.eastmoney.com/news,688076,1641141201.html",2026-07-06 17:06:29
eastmoney_guba,688076,1641143905,上市首年业绩即造假！ST诺泰及相关责任人遭监管严惩：重罚总计7320万元并禁“再融资”五年?,,ST诺泰资讯,9038395923854884,2025-12-18 14:04:29,1802,0,2,0,False,False,"https://guba.eastmoney.com/news,688076,1641143905.html",2026-07-06 17:06:27
eastmoney_guba,688076,1641145616,医药都涨翻天了，利空出尽，才想起来要筹码？,,移魂北京,3845075278137812,2025-12-18 14:05:49,142,0,0,0,False,False,"https://guba.eastmoney.com/news,688076,1641145616.html",2026-07-06 17:06:27
eastmoney_guba,688076,1641183869,处罚落地这么大的利好一个涨停都不值吗？博士实在看不下去了，搞！,,半导体专业博士,7005513533592170,2025-12-18 14:35:53,181,0,0,0,False,False,"https://guba.eastmoney.com/news,688076,1641183869.html",2026-07-06 17:06:27
eastmoney_guba,688076,1641222858,不得不信yin士唱多就die的因果律,,别听他们忽悠,3124396168972760,2025-12-18 15:04:52,143,0,0,0,False,False,"https://guba.eastmoney.com/news,688076,1641222858.html",2026-07-06 17:06:27
eastmoney_guba,688076,1641224309,厚面皮来了准没好事，又套一批,,股友B8UXUh,4629385848436686,2025-12-18 15:06:30,185,1,0,0,False,False,"https://guba.eastmoney.com/news,688076,1641224309.html",2026-07-06 17:06:27
eastmoney_guba,688076,1641271157,明天不能跌了吧今天居然绿了，脸都丢到了外婆家,,傲气的佛觅儿,5598486666742320,2025-12-18 17:00:43,645,4,0,0,False,False,"https://guba.eastmoney.com/news,688076,1641271157.html",2026-07-06 17:06:27
eastmoney_guba,688076,1641271823,虚增收入3000万元，这家上市公司及高管合计被罚超7600万元，上交所五年内拒收其再融资申请,,ST诺泰资讯,9038395923854884,2025-12-18 17:03:11,513,2,2,0,False,False,"https://guba.eastmoney.com/news,688076,1641271823.html",2026-07-06 17:06:27
eastmoney_guba,688076,1641286499,上市首年虚增收入3000万！诺泰生物及相关责任人被罚7620万,,每日经济新闻,2643125312925094,2025-12-18 18:00:14,1840,0,0,0,False,False,"https://guba.eastmoney.com/news,688076,1641286499.html",2026-07-06 17:06:27
eastmoney_guba,688076,1641287879,上市首年虚增营收三千万，诺泰生物及相关责任人被罚7620万元,,ST诺泰资讯,9038395923854884,2025-12-18 18:06:20,494,1,1,0,False,False,"https://guba.eastmoney.com/news,688076,1641287879.html",2026-07-06 17:06:27
eastmoney_guba,688076,1641295635,再一喜报诺泰近期好事连连，喜报不断，利好累积，量变到质变。,,老马识牛LMSN,6199335854695468,2025-12-18 18:40:59,797,4,0,0,True,False,"https://guba.eastmoney.com/news,688076,1641295635.html",2026-07-06 17:06:27
eastmoney_guba,688076,1641327475,原来以为是利空出尽会大涨，现在看起来还得继续磨底，要摘帽还要等一年，这一年不确定,,陈扶摇,2707385668627232,2025-12-18 21:06:04,281,1,0,0,False,False,"https://guba.eastmoney.com/news,688076,1641327475.html",2026-07-06 17:06:27
eastmoney_guba,688076,1641328914,GLP-1黑马申诉失败获双重罚单，5年内不得申请再融资，诺泰生物：向投资者致歉，将深刻反思,,ST诺泰资讯,9038395923854884,2025-12-18 21:12:50,1545,3,4,0,False,False,"https://guba.eastmoney.com/news,688076,1641328914.html",2026-07-06 17:06:27
eastmoney_guba,688076,1641331035,五年不能融资，不能增发，这个对上市公司来说杀伤力太大了。,,十的平安喜乐祝福,2956014738829282,2025-12-18 21:22:38,369,3,0,0,False,False,"https://guba.eastmoney.com/news,688076,1641331035.html",2026-07-06 17:06:27
eastmoney_guba,688076,1641333719,上市首年就财务造假，诺泰生物及实控人等被罚7620万元，五年内不得申请再融资,,ST诺泰资讯,9038395923854884,2025-12-18 21:35:19,836,2,1,0,False,False,"https://guba.eastmoney.com/news,688076,1641333719.html",2026-07-06 17:06:27
eastmoney_guba,688076,1641338718,不发股不发可转债，不稀释尔等股份，贷款也是没问题的，好事,,钱回家,1790094491271892,2025-12-18 21:57:25,363,2,0,0,False,False,"https://guba.eastmoney.com/news,688076,1641338718.html",2026-07-06 17:06:27
eastmoney_guba,688076,1641338770,ST诺泰：子公司布美他尼原料药获上市许可,,ST诺泰资讯,9038395923854884,2025-12-18 21:57:40,1328,3,3,0,False,False,"https://guba.eastmoney.com/news,688076,1641338770.html",2026-07-06 17:06:27
eastmoney_guba,688076,1641338913,真是抓着个有钱的使劲罚，大部分作假的公司都是亏损，即使被罚，也就是几百万，多了公,,币锭拿下,6046346014730666,2025-12-18 21:58:25,336,2,0,0,False,False,"https://guba.eastmoney.com/news,688076,1641338913.html",2026-07-06 17:06:27
eastmoney_guba,688076,1641351306,$ST诺泰(SH688076)$,,等稳稳,7629375862316660,2025-12-18 22:52:35,446,0,0,0,True,False,"https://guba.eastmoney.com/news,688076,1641351306.html",2026-07-06 17:06:27
eastmoney_guba,688076,1641353920,诺泰生物因2021年度报告存在虚假记载、公开发行文件编造重大虚假内容于2025年,,股友心手相连,8166406835149086,2025-12-18 23:05:02,1897,4,1,0,False,False,"https://guba.eastmoney.com/news,688076,1641353920.html",2026-07-06 17:06:00
eastmoney_guba,688076,1641377262,诺泰是假st#st股票#st诺泰#诺泰生物,,未卜先生,9511137471183892,2025-12-19 07:02:57,8792,1,4,0,False,False,"https://guba.eastmoney.com/news,688076,1641377262.html",2026-07-06 17:06:27
eastmoney_guba,688076,1641378783,今晚如果公布司美格鲁肽针剂上市那就有戏唱了！,,股友0e3QEd,8186316001543026,2025-12-19 07:24:32,401,1,0,0,False,False,"https://guba.eastmoney.com/news,688076,1641378783.html",2026-07-06 17:06:27
eastmoney_guba,688076,1641389448,减肥药大赚的诺泰生物因财务造假被罚近5000万,,ST诺泰资讯,9038395923854884,2025-12-19 08:39:00,2892,4,6,0,False,False,"https://guba.eastmoney.com/news,688076,1641389448.html",2026-07-06 17:06:27
eastmoney_guba,688076,1641390868,这种上市第一年就业绩造假的股票，还不强制退市，还炒到一百多亿市值，真是烂完了。,,账户已注销,3045346389416400,2025-12-19 08:47:50,253,0,0,0,False,False,"https://guba.eastmoney.com/news,688076,1641390868.html",2026-07-06 17:06:27
eastmoney_guba,688076,1641403685,不认错还申诉，处罚加重了，,,老高盈利并不难,1944111678218282,2025-12-19 09:20:10,508,6,0,0,False,False,"https://guba.eastmoney.com/news,688076,1641403685.html",2026-07-06 17:06:27
eastmoney_guba,688076,1641515071,今天是真涨还是假涨,,红桃77777,6889064611246648,2025-12-19 10:09:25,232,0,0,0,False,False,"https://guba.eastmoney.com/news,688076,1641515071.html",2026-07-06 17:06:27
eastmoney_guba,688076,1641540377,ST诺泰24年信披违规立案调查中，受损投资者可索赔,,股事心声,9066047349400580,2025-12-19 10:22:24,260,0,0,0,False,False,"https://guba.eastmoney.com/news,688076,1641540377.html",2026-07-06 17:06:27
eastmoney_guba,688076,1641540435,这个才是真正的消费股，吃得好玩得好，就糖尿病多，肥胖的人也变多。都吃好了，也有力,,时空之影,8525114084431748,2025-12-19 10:22:26,270,2,0,0,False,False,"https://guba.eastmoney.com/news,688076,1641540435.html",2026-07-06 17:06:27
eastmoney_guba,688076,1641545286,今天工作结束,,股友jykiLS,1715095161176580,2025-12-19 10:25:02,764,6,0,0,True,False,"https://guba.eastmoney.com/news,688076,1641545286.html",2026-07-06 17:06:27
eastmoney_guba,688076,1641705869,5年内不增发不融资对散户太友好了,,沧浪之水3162,1543013552873516,2025-12-19 13:21:38,539,6,1,0,False,False,"https://guba.eastmoney.com/news,688076,1641705869.html",2026-07-06 17:06:27
eastmoney_guba,688076,1641742835,主力快拉，有人卖飞了等你砸呢,,坤哥668,7826094388254576,2025-12-19 13:49:18,217,0,0,0,False,False,"https://guba.eastmoney.com/news,688076,1641742835.html",2026-07-06 17:06:27
eastmoney_guba,688076,1641775755,没有量随波逐流,,天堂不懂韭菜的苦,7547094106001478,2025-12-19 14:14:28,212,0,0,0,False,False,"https://guba.eastmoney.com/news,688076,1641775755.html",2026-07-06 17:06:27
eastmoney_guba,688076,1641848738,反包咯,,就是高吸低抛,2849057600812640,2025-12-19 15:14:13,212,0,0,0,False,False,"https://guba.eastmoney.com/news,688076,1641848738.html",2026-07-06 17:06:27
eastmoney_guba,688076,1641864494,高管集体被罚！诺泰生物造假案终落地,,投资时间网,8676005008765826,2025-12-19 15:41:40,4282,1,0,0,False,False,"https://guba.eastmoney.com/news,688076,1641864494.html",2026-07-06 17:06:27
eastmoney_guba,688076,1641911518,公司要闻|醋酸阿托西班原料药顺利通过GMP符合性检查,,股友A197669V05,8030376544910926,2025-12-19 18:20:45,1360,4,0,0,False,False,"https://guba.eastmoney.com/news,688076,1641911518.html",2026-07-06 17:06:27
eastmoney_guba,688076,1641966460,上市药企财务造假手法披露：从虚构收入到欺诈发行 诺泰生物及实控人等领7620万元罚单,,ST诺泰资讯,9038395923854884,2025-12-19 23:08:40,985,1,4,0,False,False,"https://guba.eastmoney.com/news,688076,1641966460.html",2026-07-06 17:06:27
eastmoney_guba,688076,1641978028,诺泰生物收超四千万元罚单 蹭上“减肥神药”拔高业绩,,ST诺泰资讯,9038395923854884,2025-12-20 01:12:09,1818,4,3,0,False,False,"https://guba.eastmoney.com/news,688076,1641978028.html",2026-07-06 17:06:27
eastmoney_guba,688076,1642017150,诺泰后期预测,,老马识牛LMSN,6199335854695468,2025-12-20 12:53:50,801,1,0,0,False,False,"https://guba.eastmoney.com/news,688076,1642017150.html",2026-07-06 17:06:23
eastmoney_guba,688076,1642030993,问题公司为啥还要去啊？！,,我把门看谁能进,6990114564757216,2025-12-20 16:42:14,272,1,0,0,False,False,"https://guba.eastmoney.com/news,688076,1642030993.html",2026-07-06 17:06:27
eastmoney_guba,688076,1642046608,为什么区别在哪里？人福没有诺泰违规违法严重？,,股友922h8X6591,6699256662728486,2025-12-20 20:36:42,255,1,0,0,False,False,"https://guba.eastmoney.com/news,688076,1642046608.html",2026-07-06 17:06:27
eastmoney_guba,688076,1642066094,罚的这么重，而且财务报表肯定经过严格检查，没有检查出其他问题，证明财务报表已经非,,三万年,2839104791283652,2025-12-21 06:47:44,370,3,0,0,False,False,"https://guba.eastmoney.com/news,688076,1642066094.html",2026-07-06 17:06:27
eastmoney_guba,688076,1642107029,上市公司上市前都一样的，像这样已经很优秀了，不然的话上市干嘛,,n1427426774cae453281,5969094274267742,2025-12-21 17:44:07,234,2,0,0,False,False,"https://guba.eastmoney.com/news,688076,1642107029.html",2026-07-06 17:06:27
eastmoney_guba,688076,1642109939,人们在算力，ai，航天等热门赛道狂欢的时候，却不知道一只十倍股被当成了化工厂来看,,屯老二才买A股,8960346358579732,2025-12-21 18:21:48,316,2,2,0,False,False,"https://guba.eastmoney.com/news,688076,1642109939.html",2026-07-06 17:06:27
eastmoney_guba,688076,1642117670,这个官方帖子的重点部位不知道被谁标记，画了一条虚线。新型口服多肽递送技术平台，取,,屯老二才买A股,8960346358579732,2025-12-21 19:55:52,466,2,0,0,True,False,"https://guba.eastmoney.com/news,688076,1642117670.html",2026-07-06 17:06:27
eastmoney_guba,688076,1642118089,最近各个咨询都在发利空消息，各位道友拿好手里的廉价筹码，不要被吓跑了。让那些喝人,,管住手等机会,1654395875984718,2025-12-21 20:00:37,268,3,0,0,False,False,"https://guba.eastmoney.com/news,688076,1642118089.html",2026-07-06 17:06:27
eastmoney_guba,688076,1642119457,大家自己看吧，做长线投资的，千万别把这家企业当成一个蹭热点的化工厂，对比传统企业,,屯老二才买A股,8960346358579732,2025-12-21 20:15:11,232,0,0,0,True,False,"https://guba.eastmoney.com/news,688076,1642119457.html",2026-07-06 17:06:27
eastmoney_guba,688076,1642122527,口服+靶向递送，不仅对于大分子有用，对小分子同样是新技术，双平台技术，具有稀缺性,,屯老二才买A股,8960346358579732,2025-12-21 20:50:38,516,3,1,0,True,False,"https://guba.eastmoney.com/news,688076,1642122527.html",2026-07-06 17:06:27
eastmoney_guba,688076,1642151577,这股得长线，半年后看,,大方的杨心宇,9818376354210682,2025-12-22 07:58:07,173,0,0,0,False,False,"https://guba.eastmoney.com/news,688076,1642151577.html",2026-07-06 17:06:27
eastmoney_guba,688076,1642167298,处罚下达!受损股民应如何准备材料参与维权？维权时间节点至关重要！2022年4月2,,福建证威,6523466837012258,2025-12-22 09:19:20,559,11,0,0,True,False,"https://guba.eastmoney.com/news,688076,1642167298.html",2026-07-06 17:06:00
eastmoney_guba,688076,1642170328,众多大股东都参与造假绝非无意偶然，是骨子里的基因所为。信誉堪忧。,,股友5RK3256597,4281087579214170,2025-12-22 09:23:46,232,3,0,0,False,False,"https://guba.eastmoney.com/news,688076,1642170328.html",2026-07-06 17:06:27
eastmoney_guba,688076,1642232668,吹的越凶，越是僵死股。还是看药明吧,,股友29u3950R67,4861326318020490,2025-12-22 09:47:07,260,4,0,0,False,False,"https://guba.eastmoney.com/news,688076,1642232668.html",2026-07-06 17:06:27
eastmoney_guba,688076,1642258682,诺泰是马，处罚是缰,,这个人很懒188,4412111794992950,2025-12-22 09:58:48,258,3,0,0,False,False,"https://guba.eastmoney.com/news,688076,1642258682.html",2026-07-06 17:06:27
eastmoney_guba,688076,1642295204,ST泰诺会有10个板，期待！,,华远股东,3047426769600740,2025-12-22 10:17:33,301,4,1,0,False,False,"https://guba.eastmoney.com/news,688076,1642295204.html",2026-07-06 17:06:27
eastmoney_guba,688076,1642305390,什么东西,,你将最终胜利,1450306394783606,2025-12-22 10:23:28,152,0,0,0,False,False,"https://guba.eastmoney.com/news,688076,1642305390.html",2026-07-06 17:06:27
eastmoney_guba,688076,1642335640,什么意思啊，啊pei……,,财运满堂的说不得,6060385841515926,2025-12-22 10:42:24,174,0,0,0,False,False,"https://guba.eastmoney.com/news,688076,1642335640.html",2026-07-06 17:06:27
eastmoney_guba,688076,1642338199,今天上午上百手的单子，卖单比买单多很多，然后还砸不下去，演给谁看呢？,,币锭拿下,6046346014730666,2025-12-22 10:44:05,298,3,0,0,False,False,"https://guba.eastmoney.com/news,688076,1642338199.html",2026-07-06 17:06:27
eastmoney_guba,688076,1642340903,烂票就是烂票,,你将最终胜利,1450306394783606,2025-12-22 10:45:54,184,2,1,0,False,False,"https://guba.eastmoney.com/news,688076,1642340903.html",2026-07-06 17:06:27
eastmoney_guba,688076,1642381970,软的不行,,史酷汪,2840175979875100,2025-12-22 11:16:31,164,0,0,0,False,False,"https://guba.eastmoney.com/news,688076,1642381970.html",2026-07-06 17:06:27
eastmoney_guba,688076,1642455794,图形走好了！应该会突破40.56元,,股友h7582G0518,3677396111177948,2025-12-22 13:17:44,190,1,0,0,False,False,"https://guba.eastmoney.com/news,688076,1642455794.html",2026-07-06 17:06:27
eastmoney_guba,688076,1642490075,风浪越大鱼越贵！,,坤哥668,7826094388254576,2025-12-22 13:43:45,153,0,0,0,False,False,"https://guba.eastmoney.com/news,688076,1642490075.html",2026-07-06 17:06:27
eastmoney_guba,688076,1642570419,今天这个T不好,,股友jykiLS,1715095161176580,2025-12-22 14:48:24,343,0,0,0,True,False,"https://guba.eastmoney.com/news,688076,1642570419.html",2026-07-06 17:06:27
eastmoney_guba,688076,1642627723,医生朋友告诉我，元旦后替尔泊肽大降价，销量会猛增，他们在大量备货。,,ST观察,8396325736948510,2025-12-22 16:27:46,904,4,0,0,True,False,"https://guba.eastmoney.com/news,688076,1642627723.html",2026-07-06 17:06:23
eastmoney_guba,688076,1642663862,【减重版司美格鲁肽在国内获批心血管适应证】诺和诺德宣布，减重版司美格鲁肽注射液（,,一切皆波动,6142013638369874,2025-12-22 18:19:50,934,5,1,0,False,False,"https://guba.eastmoney.com/news,688076,1642663862.html",2026-07-06 17:06:27
eastmoney_guba,688076,1642672556,明天涨停,,财经博主王小雨,7870396119736356,2025-12-22 18:46:39,374,4,0,0,False,False,"https://guba.eastmoney.com/news,688076,1642672556.html",2026-07-06 17:06:27
eastmoney_guba,688076,1642740644,鉴于公司被处罚的事实，建议公司回购注销股票，以增强市场对公司的信心。,,寒山666,1818017664122466,2025-12-22 22:06:18,192,1,0,0,False,False,"https://guba.eastmoney.com/news,688076,1642740644.html",2026-07-06 17:06:27
eastmoney_guba,688076,1642793142,这家上市公司太精明了。一般的中小投资者，从财务报表中的营业收入，净利润，现金流，,,友好的戴茗,7333486871681202,2025-12-23 08:32:18,172,0,0,0,False,False,"https://guba.eastmoney.com/news,688076,1642793142.html",2026-07-06 17:06:27
eastmoney_guba,688076,1642808305,公司准备回购了50亿，哈哈,,财经博主王小雨,7870396119736356,2025-12-23 09:12:41,157,1,0,0,False,False,"https://guba.eastmoney.com/news,688076,1642808305.html",2026-07-06 17:06:27
eastmoney_guba,688076,1642840643,造假3000万元，公司被处罚4700多万元，加上投资者索赔的损失估计对今年的利润,,大有喜帖,9749114110363106,2025-12-23 09:34:13,154,0,0,0,False,False,"https://guba.eastmoney.com/news,688076,1642840643.html",2026-07-06 17:06:27
eastmoney_guba,688076,1642890476,罚款计入今年的财报吗，影响有多大。会有投资人索赔吗,,n8919134967472345650,8919013496747234,2025-12-23 09:52:51,275,5,0,0,False,False,"https://guba.eastmoney.com/news,688076,1642890476.html",2026-07-06 17:06:27
eastmoney_guba,688076,1643050728,这两天这一两千万的流出，12月11日那几天流入基本流完出去了，这笔资金大概率也是,,稳健老师,4617395870494756,2025-12-23 11:24:35,140,1,0,0,False,False,"https://guba.eastmoney.com/news,688076,1643050728.html",2026-07-06 17:06:27
eastmoney_guba,688076,1643072976,诺和诺德口服药上市，应该能带一波节奏,,屯老二才买A股,8960346358579732,2025-12-23 12:01:13,146,1,0,0,False,False,"https://guba.eastmoney.com/news,688076,1643072976.html",2026-07-06 17:06:27
eastmoney_guba,688076,1643159104,那啥，能多跌点吗，十来八点的也行,,财运满堂的说不得,6060385841515926,2025-12-23 13:49:08,82,1,0,0,False,False,"https://guba.eastmoney.com/news,688076,1643159104.html",2026-07-06 17:06:27
eastmoney_guba,688076,1643159195,这1000手单子，操盘手该扣工资了，太不小心了。对倒单子下晚了，要不然就应该显示,,币锭拿下,6046346014730666,2025-12-23 13:49:13,712,4,0,0,True,False,"https://guba.eastmoney.com/news,688076,1643159195.html",2026-07-06 17:06:23
eastmoney_guba,688076,1643187584,刚刚，美国FDA批准诺和诺德的减肥新药韦戈微，它使用的是司美格鲁肽,,这个人很懒188,4412111794992950,2025-12-23 14:11:11,227,1,0,0,False,False,"https://guba.eastmoney.com/news,688076,1643187584.html",2026-07-06 17:06:23
eastmoney_guba,688076,1643251710,ST诺泰（688076）未来1-3个月关键事件清单（附优先级标注）1.1个月内-,,亨通888,1463013691001356,2025-12-23 14:56:52,1158,7,16,0,True,False,"https://guba.eastmoney.com/news,688076,1643251710.html",2026-07-06 17:06:23
eastmoney_guba,688076,1643319372,ST诺泰24年被立案调查，信披违规受损者可索赔,,知股微声,6820335832347056,2025-12-23 17:44:39,92,0,0,0,False,False,"https://guba.eastmoney.com/news,688076,1643319372.html",2026-07-06 17:06:23
eastmoney_guba,688076,1643330126,加仓，为明天准备,,股友jykiLS,1715095161176580,2025-12-23 18:32:03,332,1,0,0,True,False,"https://guba.eastmoney.com/news,688076,1643330126.html",2026-07-06 17:06:23
eastmoney_guba,688076,1643407523,上市首年虚增收入 诺泰生物财务造假处罚“靴子落地”,,ST诺泰资讯,9038395923854884,2025-12-24 04:23:59,4077,5,11,0,False,False,"https://guba.eastmoney.com/news,688076,1643407523.html",2026-07-06 17:06:23
eastmoney_guba,688076,1643414578,司美格鲁肽注射液有多种规格（如0.5mg、1.0mg、1.7mg、2.4mg），,,股友A197669V05,8030376544910926,2025-12-24 06:53:48,125,1,0,0,False,False,"https://guba.eastmoney.com/news,688076,1643414578.html",2026-07-06 17:06:23
eastmoney_guba,688076,1643415483,诺泰生物司美格鲁肽产品研发进展诺泰生物在司美格鲁肽领域布局了注射剂与口服制剂两条,,股友A197669V05,8030376544910926,2025-12-24 07:06:30,540,1,2,0,False,False,"https://guba.eastmoney.com/news,688076,1643415483.html",2026-07-06 17:06:23
eastmoney_guba,688076,1643415523,诺泰生物司美格鲁肽产品研发进展诺泰生物在司美格鲁肽领域布局了注射剂与口服制剂两条,,股友A197669V05,8030376544910926,2025-12-24 07:07:01,596,1,1,0,False,False,"https://guba.eastmoney.com/news,688076,1643415523.html",2026-07-06 17:06:23
eastmoney_guba,688076,1643483115,退市了,,你将最终胜利,1450306394783606,2025-12-24 09:39:04,44,0,0,0,False,False,"https://guba.eastmoney.com/news,688076,1643483115.html",2026-07-06 17:06:23
eastmoney_guba,688076,1643559074,不曾硬气过一回,,yaomomo2000,2192513855029316,2025-12-24 10:12:46,69,0,0,0,False,False,"https://guba.eastmoney.com/news,688076,1643559074.html",2026-07-06 17:06:23
eastmoney_guba,688076,1643611549,继续看跌,,你将最终胜利,1450306394783606,2025-12-24 10:43:13,42,0,0,0,False,False,"https://guba.eastmoney.com/news,688076,1643611549.html",2026-07-06 17:06:23
eastmoney_guba,688076,1643679148,这样就对了，2个1000手的买单，显示成1个118手，1个1000手的连续砸盘,,币锭拿下,6046346014730666,2025-12-24 11:32:06,1108,9,0,0,True,False,"https://guba.eastmoney.com/news,688076,1643679148.html",2026-07-06 17:06:16
eastmoney_guba,688076,1643804541,受罚款影响，今年的业绩预期会怎样呢,,n8919134967472345650,8919013496747234,2025-12-24 14:08:35,102,1,0,0,False,False,"https://guba.eastmoney.com/news,688076,1643804541.html",2026-07-06 17:06:23
eastmoney_guba,688076,1643836576,磨半个月再上,,大方的杨心宇,9818376354210682,2025-12-24 14:33:36,76,0,0,0,False,False,"https://guba.eastmoney.com/news,688076,1643836576.html",2026-07-06 17:06:23
eastmoney_guba,688076,1643916698,美国刚上市减肥新药进入医保,,这个人很懒188,4412111794992950,2025-12-24 16:35:30,264,0,0,0,True,False,"https://guba.eastmoney.com/news,688076,1643916698.html",2026-07-06 17:06:23
eastmoney_guba,688076,1643932511,这走势是对判定有意见，不认啊,,越来越好运,1763094302211820,2025-12-24 17:32:24,159,0,0,0,False,False,"https://guba.eastmoney.com/news,688076,1643932511.html",2026-07-06 17:06:23
eastmoney_guba,688076,1643974928,趣谈浙江华贝现状：浙江华贝药业有限公司（简称“浙江华贝”）尽管卷入了与诺泰生物的,,佛山隐士,5331047298658940,2025-12-24 20:42:28,1940,11,2,0,False,False,"https://guba.eastmoney.com/news,688076,1643974928.html",2026-07-06 17:06:23
eastmoney_guba,688076,1643977976,$ST诺泰(SH688076)$,,请叫苏狮兄,3474306109870900,2025-12-24 20:55:06,999,5,1,0,True,False,"https://guba.eastmoney.com/news,688076,1643977976.html",2026-07-06 17:06:23
eastmoney_guba,688076,1644106427,太弱了,,luotuoxzx,6756094607583200,2025-12-25 09:43:03,65,1,0,0,False,False,"https://guba.eastmoney.com/news,688076,1644106427.html",2026-07-06 17:06:23
eastmoney_guba,688076,1644243091,好奇葩的玩意……,,财运满堂的说不得,6060385841515926,2025-12-25 10:51:40,94,1,0,0,False,False,"https://guba.eastmoney.com/news,688076,1644243091.html",2026-07-06 17:06:23
eastmoney_guba,688076,1644279924,大家来思科瑞吧。航空航天的。热门版块。守着干嘛。,,股友vLul1c,3996355947637206,2025-12-25 11:16:49,52,0,0,0,False,False,"https://guba.eastmoney.com/news,688076,1644279924.html",2026-07-06 17:06:23
eastmoney_guba,688076,1644280921,大家都来思科瑞。航空航天的电子板块、热门板块。问题已经处理过了。不要再守着这个不,,股友vLul1c,3996355947637206,2025-12-25 11:17:32,106,2,0,0,False,False,"https://guba.eastmoney.com/news,688076,1644280921.html",2026-07-06 17:06:23
eastmoney_guba,688076,1644402669,2026年，你能涨多少？(一、ST诺泰）,,Jack小散一枚,6946366539692784,2025-12-25 13:55:31,1345,2,1,0,False,False,"https://guba.eastmoney.com/news,688076,1644402669.html",2026-07-06 17:06:23
eastmoney_guba,688076,1644473996,退市股,,你将最终胜利,1450306394783606,2025-12-25 14:47:53,45,0,0,0,False,False,"https://guba.eastmoney.com/news,688076,1644473996.html",2026-07-06 17:06:23
eastmoney_guba,688076,1644508364,大家都来思科瑞做兄弟吧。市值又小，概念又好，营收又好，问题全部解决，还没有5年的,,股友vLul1c,3996355947637206,2025-12-25 15:26:21,215,3,0,0,False,False,"https://guba.eastmoney.com/news,688076,1644508364.html",2026-07-06 17:06:23
eastmoney_guba,688076,1644557095,ST诺泰24年被立案调查，信披违规受损者可索赔,,股民索赔宝,2093306079314580,2025-12-25 18:24:56,143,2,0,0,False,False,"https://guba.eastmoney.com/news,688076,1644557095.html",2026-07-06 17:06:23
eastmoney_guba,688076,1644686226,市值是银行的几百分之一，波动和银行一样，死拉基,,稳健老师,4617395870494756,2025-12-26 09:32:24,68,0,0,0,False,False,"https://guba.eastmoney.com/news,688076,1644686226.html",2026-07-06 17:06:23
eastmoney_guba,688076,1644718215,继续，等我别的地赚完了就来,,金蟾聚,3202395863936896,2025-12-26 09:44:04,117,4,0,0,False,False,"https://guba.eastmoney.com/news,688076,1644718215.html",2026-07-06 17:06:23
eastmoney_guba,688076,1644822994,黑料都报完了  来个涨停呗,,股友iQUojU,4671355959136046,2025-12-26 10:31:48,87,0,0,0,False,False,"https://guba.eastmoney.com/news,688076,1644822994.html",2026-07-06 17:06:23
eastmoney_guba,688076,1644839016,资金显示天天流出，怎么做到的。朱莉太牛了。,,管住手机会永远有,1505346236358364,2025-12-26 10:40:49,58,0,0,0,False,False,"https://guba.eastmoney.com/news,688076,1644839016.html",2026-07-06 17:06:23
eastmoney_guba,688076,1644842731,该股名称反过来念挺合适，太懦特傻。,,luotuoxzx,6756094607583200,2025-12-26 10:43:02,64,0,0,0,False,False,"https://guba.eastmoney.com/news,688076,1644842731.html",2026-07-06 17:06:23
eastmoney_guba,688076,1644858228,退市了，散了吧,,你将最终胜利,1450306394783606,2025-12-26 10:52:15,53,0,0,0,False,False,"https://guba.eastmoney.com/news,688076,1644858228.html",2026-07-06 17:06:23
eastmoney_guba,688076,1644886332,5年内不能融资，企业只能专心做实业了，减少精力用于资本操作上面，未必不是好事。做,,股友9875x005O0,2501057332865596,2025-12-26 11:09:36,222,3,0,0,False,False,"https://guba.eastmoney.com/news,688076,1644886332.html",2026-07-06 17:06:23
eastmoney_guba,688076,1644908808,几个散户就把支撑线纷纷砸穿，谨防急跌,,你将最终胜利,1450306394783606,2025-12-26 11:21:28,81,1,0,0,False,False,"https://guba.eastmoney.com/news,688076,1644908808.html",2026-07-06 17:06:23
eastmoney_guba,688076,1644918820,被我一手买崩了？……,,财运满堂的说不得,6060385841515926,2025-12-26 11:26:26,78,0,0,0,False,False,"https://guba.eastmoney.com/news,688076,1644918820.html",2026-07-06 17:06:23
eastmoney_guba,688076,1644955396,公司申诉浪费了半年时间。正好给别的公司生产减肥药的空间和时间，不然明年7月底申请,,股友vLul1c,3996355947637206,2025-12-26 12:34:44,1086,32,0,0,True,False,"https://guba.eastmoney.com/news,688076,1644955396.html",2026-07-06 17:06:23
eastmoney_guba,688076,1645027411,买在无人问津时，卖在人声鼎沸处。,,股友xC11082157,5915087048945050,2025-12-26 13:48:50,254,5,0,0,False,False,"https://guba.eastmoney.com/news,688076,1645027411.html",2026-07-06 17:06:23
eastmoney_guba,688076,1645135102,大盘八连阳，垃圾八连跌，可怜多么垃圾,,你将最终胜利,1450306394783606,2025-12-26 15:17:54,74,0,0,0,False,False,"https://guba.eastmoney.com/news,688076,1645135102.html",2026-07-06 17:06:23
eastmoney_guba,688076,1645165009,诺泰现在就是王子落难时刻，也正因此才能这个价格购入，会越来越好的。,,股友9875x005O0,2501057332865596,2025-12-26 16:44:16,287,2,0,0,False,False,"https://guba.eastmoney.com/news,688076,1645165009.html",2026-07-06 17:06:23
eastmoney_guba,688076,1645208528,这个凫山影视看中的票果然,,股友B8UXUh,4629385848436686,2025-12-26 20:09:20,100,0,0,0,False,False,"https://guba.eastmoney.com/news,688076,1645208528.html",2026-07-06 17:06:23
eastmoney_guba,688076,1645230142,放弃st诺泰，享受美好生活。,,萤火之约,4903065278637186,2025-12-26 22:12:25,98,0,0,0,False,False,"https://guba.eastmoney.com/news,688076,1645230142.html",2026-07-06 17:06:23
eastmoney_guba,688076,1645264198,“假ST”预计申请摘帽时间表——更新！,,ST龙头,8949094786992986,2025-12-27 08:25:55,30382,57,193,0,True,False,"https://guba.eastmoney.com/news,688076,1645264198.html",2026-07-06 17:06:23
eastmoney_guba,688076,1645281935,最贵的sT,,拉萨天团二小姐,5295316317945748,2025-12-27 11:44:43,131,1,0,0,False,False,"https://guba.eastmoney.com/news,688076,1645281935.html",2026-07-06 17:06:23
eastmoney_guba,688076,1645305976,估计泰诺会申请行政复议,,股友9875x005O0,2501057332865596,2025-12-27 17:37:53,372,6,1,0,False,False,"https://guba.eastmoney.com/news,688076,1645305976.html",2026-07-06 17:06:23
eastmoney_guba,688076,1645312281,雪球上有说诺泰签了10亿大单的消息。这消息可靠吗，有没有知情的朋友？,,寒山666,1818017664122466,2025-12-27 19:12:44,1426,16,2,0,False,False,"https://guba.eastmoney.com/news,688076,1645312281.html",2026-07-06 17:06:23
eastmoney_guba,688076,1645402344,ST诺泰(SH688076)#诺泰生物又一重磅CDMO长期供货协议落地诺泰生物是,,股友A197669V05,8030376544910926,2025-12-28 21:47:45,951,2,1,0,False,False,"https://guba.eastmoney.com/news,688076,1645402344.html",2026-07-06 17:06:23
eastmoney_guba,688076,1645414321,突然有人造谣唱多，明天估计完蛋，大家小心了,,稳健老师,4617395870494756,2025-12-28 23:58:51,107,1,0,0,False,False,"https://guba.eastmoney.com/news,688076,1645414321.html",2026-07-06 17:06:23
eastmoney_guba,688076,1645493430,处罚决定书》》》受损投资者如何通过法律手段进行索赔？您是否在索赔范围内？维权时间,,福建证威,6523466837012258,2025-12-29 09:36:53,462,14,0,0,True,False,"https://guba.eastmoney.com/news,688076,1645493430.html",2026-07-06 17:05:57
eastmoney_guba,688076,1645516463,漫漫长路，真无语,,天堂不懂韭菜的苦,7547094106001478,2025-12-29 09:45:10,80,0,0,0,False,False,"https://guba.eastmoney.com/news,688076,1645516463.html",2026-07-06 17:06:23
eastmoney_guba,688076,1645666081,大盘连涨9天，你还跌的,,股友I5t7xU,3481375639382760,2025-12-29 11:02:55,66,0,0,0,False,False,"https://guba.eastmoney.com/news,688076,1645666081.html",2026-07-06 17:06:23
eastmoney_guba,688076,1645694870,那个250一样的佛山隐士，不知道害了多少人，你们心心念念，终于迎来了双肽价格大跌,,晚上的清秋,3598396081954208,2025-12-29 11:22:38,380,4,0,0,False,False,"https://guba.eastmoney.com/news,688076,1645694870.html",2026-07-06 17:06:23
eastmoney_guba,688076,1645752743,退市了，跟你们说了都不信,,你将最终胜利,1450306394783606,2025-12-29 13:09:05,62,0,0,0,False,False,"https://guba.eastmoney.com/news,688076,1645752743.html",2026-07-06 17:06:23
eastmoney_guba,688076,1645872688,跌势开始了,,你将最终胜利,1450306394783606,2025-12-29 14:41:39,54,0,0,0,False,False,"https://guba.eastmoney.com/news,688076,1645872688.html",2026-07-06 17:06:23
eastmoney_guba,688076,1645993265,5年不能融资。。。,,万花镜写轮眼,1399145319247286,2025-12-29 20:01:25,301,1,0,0,False,False,"https://guba.eastmoney.com/news,688076,1645993265.html",2026-07-06 17:06:23
eastmoney_guba,688076,1646004846,好公司，股票下跌第5个月,,Tao哥是最棒的,5470515240337640,2025-12-29 20:49:48,428,5,0,0,True,False,"https://guba.eastmoney.com/news,688076,1646004846.html",2026-07-06 17:06:23
eastmoney_guba,688076,1646126184,你们抓紧割肉，我加仓,,大方的杨心宇,9818376354210682,2025-12-30 09:34:51,78,1,0,0,False,False,"https://guba.eastmoney.com/news,688076,1646126184.html",2026-07-06 17:06:23
eastmoney_guba,688076,1646180957,最后的逃跑机会,,你将最终胜利,1450306394783606,2025-12-30 09:54:20,58,0,0,0,False,False,"https://guba.eastmoney.com/news,688076,1646180957.html",2026-07-06 17:06:23
eastmoney_guba,688076,1646240208,大盘涨了这么多跟你没有任何关系，主力太有才了,,KTWU_512,7788336266649690,2025-12-30 10:22:04,68,0,0,0,False,False,"https://guba.eastmoney.com/news,688076,1646240208.html",2026-07-06 17:06:23
eastmoney_guba,688076,1646462797,刚才有千手哥清仓了估计都快疯了,,屯老二才买A股,8960346358579732,2025-12-30 13:50:48,194,2,0,0,False,False,"https://guba.eastmoney.com/news,688076,1646462797.html",2026-07-06 17:06:23
eastmoney_guba,688076,1646621278,ST诺泰:关于日常经营重大合同的进展公告,,ST诺泰资讯,9038395923854884,2025-12-30 17:11:10,751,10,25,0,False,False,"https://guba.eastmoney.com/news,688076,1646621278.html",2026-07-06 17:06:23
eastmoney_guba,688076,1646641415,是不是31号再不缴罚款，说明还是不服？,,越来越好运,1763094302211820,2025-12-30 18:25:01,101,0,0,0,False,False,"https://guba.eastmoney.com/news,688076,1646641415.html",2026-07-06 17:06:23
eastmoney_guba,688076,1646647654,今年业绩发的有点晚啊,,时刻落袋为安,2205004714926754,2025-12-30 18:51:14,143,1,0,0,False,False,"https://guba.eastmoney.com/news,688076,1646647654.html",2026-07-06 17:06:23
eastmoney_guba,688076,1646686000,诺泰生物：重大合同2025年度超额履行 凸显公司海外市场竞争力,,ST诺泰资讯,9038395923854884,2025-12-30 21:25:40,1816,3,5,0,False,False,"https://guba.eastmoney.com/news,688076,1646686000.html",2026-07-06 17:06:23
eastmoney_guba,688076,1646686095,刚查了一下，大户还是太多了，而且这个大股东都是持股百分之5以下随时可以卖，不可能,,稳健老师,4617395870494756,2025-12-30 21:26:06,370,4,0,0,False,False,"https://guba.eastmoney.com/news,688076,1646686095.html",2026-07-06 17:06:23
eastmoney_guba,688076,1646725151,$ST诺泰(SH688076)$,,独孤燕,2128027197149058,2025-12-31 04:49:13,370,0,0,0,True,False,"https://guba.eastmoney.com/news,688076,1646725151.html",2026-07-06 17:06:23
eastmoney_guba,688076,1646745259,$12.30号，诺泰和信达生物联合补充申请玛仕度肽注射液-化药,,股友A197669V05,8030376544910926,2025-12-31 08:17:36,186,5,0,0,False,False,"https://guba.eastmoney.com/news,688076,1646745259.html",2026-07-06 17:06:23
eastmoney_guba,688076,1646748205,凯莱英多肽产能要更加闲置严重了，玛仕度肽也被把订单抢走了。珍惜牛市，远离凯莱英。,,凯旋归来英雄,5936014366284868,2025-12-31 08:31:21,1050,6,2,0,True,False,"https://guba.eastmoney.com/news,688076,1646748205.html",2026-07-06 17:06:20
eastmoney_guba,688076,1646748785,信达生物的玛仕度肽注射液由诺泰生物提侁原料药己证明属实,,股友A197669V05,8030376544910926,2025-12-31 08:34:44,336,4,0,0,False,False,"https://guba.eastmoney.com/news,688076,1646748785.html",2026-07-06 17:06:23
eastmoney_guba,688076,1646764619,不一次性把缺口补了，现在反弹后面又要磨好多天,,守护ST的散户,4440056991181278,2025-12-31 09:21:03,76,1,0,0,False,False,"https://guba.eastmoney.com/news,688076,1646764619.html",2026-07-06 17:06:23
eastmoney_guba,688076,1646766892,今天该大涨了吧,,红桃77777,6889064611246648,2025-12-31 09:23:44,76,2,0,0,False,False,"https://guba.eastmoney.com/news,688076,1646766892.html",2026-07-06 17:06:23
eastmoney_guba,688076,1646864752,为什么这么大利好都没涨停？这股的主力看来是没真实力！,,华远股东,3047426769600740,2025-12-31 09:59:41,76,0,0,0,False,False,"https://guba.eastmoney.com/news,688076,1646864752.html",2026-07-06 17:06:23
eastmoney_guba,688076,1646880003,截至2025年12月31日，诺泰生物近期没有新签10亿人民币合同订单；所谓“10,,华远股东,3047426769600740,2025-12-31 10:05:44,462,2,0,0,False,False,"https://guba.eastmoney.com/news,688076,1646880003.html",2026-07-06 17:06:23
eastmoney_guba,688076,1646895392,做空诺泰是何用意？公司发展前景广阔！,,华远股东,3047426769600740,2025-12-31 10:12:31,452,0,1,0,False,False,"https://guba.eastmoney.com/news,688076,1646895392.html",2026-07-06 17:06:23
eastmoney_guba,688076,1646895708,让子弹飞一会儿,,吖啶锕,4227396211232666,2025-12-31 10:12:40,528,3,0,0,True,False,"https://guba.eastmoney.com/news,688076,1646895708.html",2026-07-06 17:06:23
eastmoney_guba,688076,1646907014,这个合同，好像没啥用继续阴跌？,,随便聊聊00,8440386164089148,2025-12-31 10:18:01,88,0,0,0,False,False,"https://guba.eastmoney.com/news,688076,1646907014.html",2026-07-06 17:06:23
eastmoney_guba,688076,1646930238,啥用没有，退市吧,,你将最终胜利,1450306394783606,2025-12-31 10:30:02,69,0,0,0,False,False,"https://guba.eastmoney.com/news,688076,1646930238.html",2026-07-06 17:06:23
eastmoney_guba,688076,1646970716,心服口服，一直跌。。。,,股友Q9528868w6,6628177385979546,2025-12-31 10:53:49,71,0,0,0,False,False,"https://guba.eastmoney.com/news,688076,1646970716.html",2026-07-06 17:06:23
eastmoney_guba,688076,1647012905,头部优势明显,,屯老二才买A股,8960346358579732,2025-12-31 11:21:11,604,2,1,0,False,False,"https://guba.eastmoney.com/news,688076,1647012905.html",2026-07-06 17:06:23
eastmoney_guba,688076,1647075304,该涨停,,钱来来财运,4855115439036518,2025-12-31 13:10:48,60,0,0,0,False,False,"https://guba.eastmoney.com/news,688076,1647075304.html",2026-07-06 17:06:23
eastmoney_guba,688076,1647084074,缺口为什么不补？墨迹什么,,都是假牙,2803386123290858,2025-12-31 13:17:10,63,0,0,0,False,False,"https://guba.eastmoney.com/news,688076,1647084074.html",2026-07-06 17:06:20
eastmoney_guba,688076,1647120595,每次卖出都是对,,你将最终胜利,1450306394783606,2025-12-31 13:42:32,59,0,0,0,False,False,"https://guba.eastmoney.com/news,688076,1647120595.html",2026-07-06 17:06:20
eastmoney_guba,688076,1647130976,该涨不涨，必下跌，我出了百分之30,,盆满锅不满,7202306313611568,2025-12-31 13:49:49,70,0,0,0,False,False,"https://guba.eastmoney.com/news,688076,1647130976.html",2026-07-06 17:06:20
eastmoney_guba,688076,1647133585,受不了了，卖了卖了，主力出利好就是为了出货，业绩真真假假,,价值不变,2585545193537786,2025-12-31 13:51:39,85,0,0,0,False,False,"https://guba.eastmoney.com/news,688076,1647133585.html",2026-07-06 17:06:20
eastmoney_guba,688076,1647137009,稀烂的股,,丑壕金,8192094277207794,2025-12-31 13:54:09,61,0,0,0,False,False,"https://guba.eastmoney.com/news,688076,1647137009.html",2026-07-06 17:06:20
eastmoney_guba,688076,1647193827,退市了,,你将最终胜利,1450306394783606,2025-12-31 14:35:44,58,0,0,0,False,False,"https://guba.eastmoney.com/news,688076,1647193827.html",2026-07-06 17:06:20
eastmoney_guba,688076,1647208755,凯莱英多肽产能面临玛仕度肽订单流失的供应问题分析,,凯旋归来英雄,5936014366284868,2025-12-31 14:46:25,2394,10,2,0,False,False,"https://guba.eastmoney.com/news,688076,1647208755.html",2026-07-06 17:06:20
eastmoney_guba,688076,1647248320,诺泰生物新增订单-信达的上市减重-玛仕度肽凯莱英多肽订单～玛仕度肽也被把订单抢走,,听海的枫,9501094056680964,2025-12-31 15:26:14,183,1,0,0,False,False,"https://guba.eastmoney.com/news,688076,1647248320.html",2026-07-06 17:06:20
eastmoney_guba,688076,1647248688,诺泰生物新增订单-信达的上市减重-玛仕度肽凯莱英多肽订单～玛仕度肽也被把订单抢走,,听海的枫,9501094056680964,2025-12-31 15:27:00,659,4,0,0,True,False,"https://guba.eastmoney.com/news,688076,1647248688.html",2026-07-06 17:06:20
eastmoney_guba,688076,1647286419,财报造假被罚7620万元后，诺泰生物的困境如何破局？,,每日财报,4789375565327542,2025-12-31 17:20:36,1159,1,2,0,True,False,"https://guba.eastmoney.com/news,688076,1647286419.html",2026-07-06 17:06:20
eastmoney_guba,688076,1647287352,ST诺泰FDA司美格鲁肽DMF文件评审资格对仿制药上市的影响1.DMF文件Fir,,股友A197669V05,8030376544910926,2025-12-31 17:24:25,568,0,0,0,False,False,"https://guba.eastmoney.com/news,688076,1647287352.html",2026-07-06 17:06:20
eastmoney_guba,688076,1647287535,ST诺泰FDA司美格鲁肽DMF文件评审资格对仿制药上市的影响1.DMF文件Fir,,股友A197669V05,8030376544910926,2025-12-31 17:25:15,724,0,0,0,False,False,"https://guba.eastmoney.com/news,688076,1647287535.html",2026-07-06 17:06:20
eastmoney_guba,688076,1647288288,诺泰生物子公司参与siRNA新药LC-1016注射液临床受理相关信息12月30日,,股友A197669V05,8030376544910926,2025-12-31 17:28:23,795,0,0,0,False,False,"https://guba.eastmoney.com/news,688076,1647288288.html",2026-07-06 17:06:20
eastmoney_guba,688076,1647296131,2025年12月30日获NMPA临床受理，诺泰生物子公司杭州诺泰诺和作为核心CD,,股友A197669V05,8030376544910926,2025-12-31 18:03:53,416,3,0,0,False,False,"https://guba.eastmoney.com/news,688076,1647296131.html",2026-07-06 17:06:20
eastmoney_guba,688076,1647309752,诺泰生物：子公司助力siRNA新药LC-1016注射液临床获批,,ST诺泰资讯,9038395923854884,2025-12-31 19:25:59,1587,0,2,0,False,False,"https://guba.eastmoney.com/news,688076,1647309752.html",2026-07-06 17:06:20
eastmoney_guba,688076,1647339657,诺泰生物2025年底核心业务进展汇总,,股友A197669V05,8030376544910926,2025-12-31 22:54:15,1065,0,0,0,False,False,"https://guba.eastmoney.com/news,688076,1647339657.html",2026-07-06 17:06:20
eastmoney_guba,688076,1647343446,等到司美格鲁肽注射液获临床批准时，会不会刹不住车？,,股友0e3QEd,8186316001543026,2025-12-31 23:32:05,175,0,0,0,False,False,"https://guba.eastmoney.com/news,688076,1647343446.html",2026-07-06 17:06:20
eastmoney_guba,688076,1647379137,什么时候可以申请摘帽，有知道的么？,,幸运刺猬,5100535183516786,2026-01-01 11:25:26,323,3,0,0,False,False,"https://guba.eastmoney.com/news,688076,1647379137.html",2026-07-06 17:06:20
eastmoney_guba,688076,1647403157,CXO板块项目需求正在复苏，哪些公司值得买？｜ A股2026投资策略,,药明康德资讯,1123045000374666,2026-01-01 19:26:50,9480,9,11,0,False,False,"https://guba.eastmoney.com/news,688076,1647403157.html",2026-07-06 17:06:20
eastmoney_guba,688076,1647500630,2026年看好诺泰生物的核心逻辑：戴维斯双击下的价值重估与成长爆发,,股友A197669V05,8030376544910926,2026-01-03 07:43:08,1029,0,3,0,False,False,"https://guba.eastmoney.com/news,688076,1647500630.html",2026-07-06 17:06:20
eastmoney_guba,688076,1647540282,英伟达OPENAI甲骨文这是一场“资本收割”——而且不是传统意义上的“收割散户”,,梦回2011,3048336233422380,2026-01-03 21:41:37,559,1,2,0,False,False,"https://guba.eastmoney.com/news,688076,1647540282.html",2026-07-06 17:06:20
eastmoney_guba,688076,1647568939,罚单7620万+五年禁融资：GLP-1明星药企诺泰生物的诚信危机与破局迷思,,股友n5V7386753,7674037403879796,2026-01-04 12:00:42,915,2,1,0,True,False,"https://guba.eastmoney.com/news,688076,1647568939.html",2026-07-06 17:06:20
eastmoney_guba,688076,1647824460,上4千点，减肥板块I张快3个点。你也是带不动,,永时胜,9427034659555570,2026-01-05 10:28:06,101,2,0,0,False,False,"https://guba.eastmoney.com/news,688076,1647824460.html",2026-07-06 17:06:20
eastmoney_guba,688076,1647909891,减肥药，诺泰不涨，那不是笑话吗！！！,,n341113718080706,3411013718080706,2026-01-05 11:23:10,75,0,0,0,False,False,"https://guba.eastmoney.com/news,688076,1647909891.html",2026-07-06 17:06:20
eastmoney_guba,688076,1648004736,股，早卖早脱生,,你将最终胜利,1450306394783606,2026-01-05 13:32:31,47,0,0,0,False,False,"https://guba.eastmoney.com/news,688076,1648004736.html",2026-07-06 17:06:20
eastmoney_guba,688076,1648071169,2026年，你能涨多少？（二、和而泰）,,Jack小散一枚,6946366539692784,2026-01-05 14:22:05,1623,3,2,0,False,False,"https://guba.eastmoney.com/news,688076,1648071169.html",2026-07-06 17:06:20
eastmoney_guba,688076,1648073410,这波医药上涨，大概率还是要错过了,,屯老二才买A股,8960346358579732,2026-01-05 14:23:44,59,0,0,0,False,False,"https://guba.eastmoney.com/news,688076,1648073410.html",2026-07-06 17:06:20
eastmoney_guba,688076,1648081677,……,,你将最终胜利,1450306394783606,2026-01-05 14:29:59,45,0,0,0,False,False,"https://guba.eastmoney.com/news,688076,1648081677.html",2026-07-06 17:06:20
eastmoney_guba,688076,1648082041,拉胯,,你将最终胜利,1450306394783606,2026-01-05 14:30:16,45,0,0,0,False,False,"https://guba.eastmoney.com/news,688076,1648082041.html",2026-07-06 17:06:20
eastmoney_guba,688076,1648084651,越来越深刻体会到林园说的那句话，股市挣钱就是靠泡沫，这句话就没有道理，你只有跟随,,屯老二才买A股,8960346358579732,2026-01-05 14:32:12,277,3,0,0,False,False,"https://guba.eastmoney.com/news,688076,1648084651.html",2026-07-06 17:06:20
eastmoney_guba,688076,1648337051,太拉垮了,,陈扶摇,2707385668627232,2026-01-06 09:33:38,45,0,0,0,False,False,"https://guba.eastmoney.com/news,688076,1648337051.html",2026-07-06 17:06:20
eastmoney_guba,688076,1648348762,退市了,,你将最终胜利,1450306394783606,2026-01-06 09:37:54,30,0,0,0,False,False,"https://guba.eastmoney.com/news,688076,1648348762.html",2026-07-06 17:06:20
eastmoney_guba,688076,1648371525,买了你就掉入泥潭,,股友922h8X6591,6699256662728486,2026-01-06 09:46:12,47,0,0,0,False,False,"https://guba.eastmoney.com/news,688076,1648371525.html",2026-07-06 17:06:20
eastmoney_guba,688076,1648377948,被控盘了，,,吖啶锕,4227396211232666,2026-01-06 09:48:31,58,0,0,0,False,False,"https://guba.eastmoney.com/news,688076,1648377948.html",2026-07-06 17:06:20
eastmoney_guba,688076,1648458999,我猜，棺材板快压不住了，再压下去，会有其他资金来抢筹码了，时间窗口越来越近了,,币锭拿下,6046346014730666,2026-01-06 10:24:07,188,2,0,0,False,False,"https://guba.eastmoney.com/news,688076,1648458999.html",2026-07-06 17:06:20
eastmoney_guba,688076,1648498097,垃圾堆,,你将最终胜利,1450306394783606,2026-01-06 10:43:51,34,0,0,0,False,False,"https://guba.eastmoney.com/news,688076,1648498097.html",2026-07-06 17:06:20
eastmoney_guba,688076,1648513767,每次冲高都是卖出的机会,,你将最终胜利,1450306394783606,2026-01-06 10:53:18,45,0,0,0,False,False,"https://guba.eastmoney.com/news,688076,1648513767.html",2026-07-06 17:06:20
eastmoney_guba,688076,1648537849,太弱特傻,,luotuoxzx,6756094607583200,2026-01-06 11:09:16,57,0,0,0,False,False,"https://guba.eastmoney.com/news,688076,1648537849.html",2026-07-06 17:06:20
eastmoney_guba,688076,1648550456,垃圾中的极品,,股友922h8X6591,6699256662728486,2026-01-06 11:18:05,62,0,0,0,False,False,"https://guba.eastmoney.com/news,688076,1648550456.html",2026-07-06 17:06:20
eastmoney_guba,688076,1648557401,4季度业绩完蛋了,,古越新安,4541336174369464,2026-01-06 11:23:07,311,3,0,0,False,False,"https://guba.eastmoney.com/news,688076,1648557401.html",2026-07-06 17:06:20
eastmoney_guba,688076,1648641996,请问一下，这个st的日涨跌幅是多少呢？,,韭菜蔸子,1681094182823942,2026-01-06 13:26:59,157,3,0,0,False,False,"https://guba.eastmoney.com/news,688076,1648641996.html",2026-07-06 17:06:20
eastmoney_guba,688076,1648645790,这么好的优质资产竟然没人要，等我把金山银山卖了，就全面入主这个玩意儿。,,luotuoxzx,6756094607583200,2026-01-06 13:29:24,102,0,0,0,False,False,"https://guba.eastmoney.com/news,688076,1648645790.html",2026-07-06 17:06:20
eastmoney_guba,688076,1648682323,可怜了相信那些某士的人，你怎么吸，就已经注定结果了,,股友2m9237d605,4803067312085564,2026-01-06 13:52:24,70,0,0,0,False,False,"https://guba.eastmoney.com/news,688076,1648682323.html",2026-07-06 17:06:20
eastmoney_guba,688076,1648732529,这走势说明啥，还有雷没爆完,,你将最终胜利,1450306394783606,2026-01-06 14:28:26,58,0,0,0,False,False,"https://guba.eastmoney.com/news,688076,1648732529.html",2026-07-06 17:06:20
eastmoney_guba,688076,1648760232,雷啥时候爆啊？难道4月30号？？？好漫长,,你将最终胜利,1450306394783606,2026-01-06 14:46:44,58,0,0,0,False,False,"https://guba.eastmoney.com/news,688076,1648760232.html",2026-07-06 17:06:20
eastmoney_guba,688076,1648780545,垃圾你怎么不退市呢,,LeonDady,9515365865096050,2026-01-06 15:00:52,62,0,0,0,False,False,"https://guba.eastmoney.com/news,688076,1648780545.html",2026-07-06 17:06:20
eastmoney_guba,688076,1648794339,用力点砸啊我还没吃够,,就是高吸低抛,2849057600812640,2026-01-06 15:20:09,65,0,0,0,False,False,"https://guba.eastmoney.com/news,688076,1648794339.html",2026-07-06 17:06:20
eastmoney_guba,688076,1648817786,在这里确实浪费了时间和机会,,股友76636kq858,9304077574992074,2026-01-06 16:16:34,100,1,0,0,False,False,"https://guba.eastmoney.com/news,688076,1648817786.html",2026-07-06 17:06:20
eastmoney_guba,688076,1648900904,这货大趋势跟随诺和诺德，不跟随礼来。好在诺和诺德筑底差不多了，拭目以待。,,大混沌789,2636365924839354,2026-01-06 21:42:28,102,0,0,0,False,False,"https://guba.eastmoney.com/news,688076,1648900904.html",2026-07-06 17:06:20
eastmoney_guba,688076,1648901580,横盘半年，最后爆涨就是一两个星期，等待。,,大方的杨心宇,9818376354210682,2026-01-06 21:45:04,71,0,0,0,False,False,"https://guba.eastmoney.com/news,688076,1648901580.html",2026-07-06 17:06:20
eastmoney_guba,688076,1648924969,减肥口服剂型上市对诺泰生物等多肽原料药企业的业绩支撑明显诺和诺德司美格鲁肽口服片,,股友A197669V05,8030376544910926,2026-01-06 23:32:07,375,1,1,0,False,False,"https://guba.eastmoney.com/news,688076,1648924969.html",2026-07-06 17:06:20
eastmoney_guba,688076,1648937778,诺泰的高层业务不行，业绩一般，董事长请了一群臭鱼烂虾，股价能涨我都不信，St估计,,宏图易展,4372335965044028,2026-01-07 02:24:06,88,0,0,0,False,False,"https://guba.eastmoney.com/news,688076,1648937778.html",2026-07-06 17:06:20
eastmoney_guba,688076,1648948360,诺泰生物司美格鲁肽注射液糖尿病适用症于2025年12月11日完成三期临床试验。,,股友A197669V05,8030376544910926,2026-01-07 06:56:40,197,3,0,0,False,False,"https://guba.eastmoney.com/news,688076,1648948360.html",2026-07-06 17:06:20
eastmoney_guba,688076,1648948417,[图片],,股友A197669V05,8030376544910926,2026-01-07 06:57:33,345,1,0,0,True,False,"https://guba.eastmoney.com/news,688076,1648948417.html",2026-07-06 17:06:20
eastmoney_guba,688076,1648959660,天天自己发利好，就是没人买，这是为什么？让你觉得他能涨100元，散户都在买入！,,倾家荡产不是梦,2861316260866254,2026-01-07 08:22:33,107,2,0,0,False,False,"https://guba.eastmoney.com/news,688076,1648959660.html",2026-07-06 17:06:20
eastmoney_guba,688076,1649053135,诺泰生物的控股股东：诺泰是否生产治疗难产和绝育的药？？？,,华远股东,3047426769600740,2026-01-07 09:50:02,52,0,0,0,False,False,"https://guba.eastmoney.com/news,688076,1649053135.html",2026-07-06 17:06:20
eastmoney_guba,688076,1649087004,一般东西便宜了会大家抢购，唯独股市，越跌越无人理采，遭到抛弃。,,怡红院,2465094234703874,2026-01-07 10:03:28,60,0,0,0,False,False,"https://guba.eastmoney.com/news,688076,1649087004.html",2026-07-06 17:06:20
eastmoney_guba,688076,1649087204,被吧友骂两句又小气一生气拉0.05。,,永时胜,9427034659555570,2026-01-07 10:03:33,66,0,0,0,False,False,"https://guba.eastmoney.com/news,688076,1649087204.html",2026-07-06 17:06:20
eastmoney_guba,688076,1649110566,诺泰从来都是让人失望，也许现在才是买入的时机吧！,,最美的时光遇见你,8822047574683478,2026-01-07 10:13:31,89,1,0,0,False,False,"https://guba.eastmoney.com/news,688076,1649110566.html",2026-07-06 17:06:20
eastmoney_guba,688076,1649188153,一直凤凰掉到鸡窝里是还是,,这股的预期是什么,6492094712751706,2026-01-07 10:51:28,70,0,0,0,False,False,"https://guba.eastmoney.com/news,688076,1649188153.html",2026-07-06 17:06:20
eastmoney_guba,688076,1649231166,重仓满仓的佛山隐士呢？不是说不赚不走吗？又跑到北部湾去呢？,,独孤燕,2128027197149058,2026-01-07 11:17:51,241,8,0,0,False,False,"https://guba.eastmoney.com/news,688076,1649231166.html",2026-07-06 17:06:20
eastmoney_guba,688076,1649358310,St思科瑞大涨,,股友gfC0OB,2037385833052840,2026-01-07 13:44:45,66,0,0,0,False,False,"https://guba.eastmoney.com/news,688076,1649358310.html",2026-07-06 17:06:20
eastmoney_guba,688076,1649386606,大盘涨你跌，大盘跌，你还是跌，一句话，烂到家的股,,你将最终胜利,1450306394783606,2026-01-07 14:04:46,32,0,0,0,False,False,"https://guba.eastmoney.com/news,688076,1649386606.html",2026-07-06 17:06:20
eastmoney_guba,688076,1649386717,下面的缺口什么时候补哦，磨磨唧唧,,都是假牙,2803386123290858,2026-01-07 14:04:52,68,0,0,0,False,False,"https://guba.eastmoney.com/news,688076,1649386717.html",2026-07-06 17:06:20
eastmoney_guba,688076,1649387265,30块，在向你招手,,你将最终胜利,1450306394783606,2026-01-07 14:05:17,36,0,0,0,False,False,"https://guba.eastmoney.com/news,688076,1649387265.html",2026-07-06 17:06:20
eastmoney_guba,688076,1649415710,昨天买入今天卖出，这个T真不容易,,股友jykiLS,1715095161176580,2026-01-07 14:26:39,168,0,0,0,True,False,"https://guba.eastmoney.com/news,688076,1649415710.html",2026-07-06 17:06:20
eastmoney_guba,688076,1649418575,别装了，该下来补缺口了,,你将最终胜利,1450306394783606,2026-01-07 14:28:46,53,1,0,0,False,False,"https://guba.eastmoney.com/news,688076,1649418575.html",2026-07-06 17:06:20
eastmoney_guba,688076,1649434052,别装了，就值30元的烂股，跳水吧,,你将最终胜利,1450306394783606,2026-01-07 14:39:53,47,0,0,0,False,False,"https://guba.eastmoney.com/news,688076,1649434052.html",2026-07-06 17:06:20
eastmoney_guba,688076,1649486706,奥司他韦胶囊,,学无止境的华慧2,3384396149270398,2026-01-07 15:36:44,75,0,0,0,False,False,"https://guba.eastmoney.com/news,688076,1649486706.html",2026-07-06 17:06:20
eastmoney_guba,688076,1649518538,ST诺泰:南京证券股份有限公司关于江苏诺泰澳赛诺生物制药股份有限公司2025年度持续督导工作现场检查报告,,ST诺泰资讯,9038395923854884,2026-01-07 17:08:19,662,3,5,0,False,False,"https://guba.eastmoney.com/news,688076,1649518538.html",2026-07-06 17:06:20
eastmoney_guba,688076,1649559068,还在下降通道中，没有走强的迹象，最关键的是没有量，现在追强势板块收获不少，等诺泰,,陈扶摇,2707385668627232,2026-01-07 19:47:12,172,3,0,0,False,False,"https://guba.eastmoney.com/news,688076,1649559068.html",2026-07-06 17:06:20
eastmoney_guba,688076,1649617377,创新药利好，医药要起飞了,,生意发财de玉小刚,8265385864849912,2026-01-08 00:08:10,87,0,0,0,False,False,"https://guba.eastmoney.com/news,688076,1649617377.html",2026-07-06 17:06:20
eastmoney_guba,688076,1649748240,对于让人失望这一块，诺泰从未让人失望过。,,最美的时光遇见你,8822047574683478,2026-01-08 09:53:58,77,1,0,0,False,False,"https://guba.eastmoney.com/news,688076,1649748240.html",2026-07-06 17:06:20
eastmoney_guba,688076,1649825990,谈谈不能撤销其他风险警示的原因,,股友5756D5097i,4079486800555240,2026-01-08 10:28:56,156,2,0,0,False,False,"https://guba.eastmoney.com/news,688076,1649825990.html",2026-07-06 17:06:20
eastmoney_guba,688076,1649936407,好尴尬，主力资金不动，基本没有买盘了，也没有卖盘，T都T不动,,币锭拿下,6046346014730666,2026-01-08 11:32:21,90,0,0,0,False,False,"https://guba.eastmoney.com/news,688076,1649936407.html",2026-07-06 17:06:20
eastmoney_guba,688076,1649939613,又是板块大涨，垃及股陪跑的一天。2025年是失败的一年,,股友326899Ku82,1337185539721342,2026-01-08 11:36:45,279,2,0,0,True,False,"https://guba.eastmoney.com/news,688076,1649939613.html",2026-07-06 17:06:20
eastmoney_guba,688076,1649940959,诺泰生物多肽产能近年无过制风险,,股友A197669V05,8030376544910926,2026-01-08 11:38:54,747,4,0,0,False,False,"https://guba.eastmoney.com/news,688076,1649940959.html",2026-07-06 17:06:20
eastmoney_guba,688076,1650033242,为什么是ST,,高卖低买多点等待,1259094358040114,2026-01-08 13:39:50,97,2,0,0,False,False,"https://guba.eastmoney.com/news,688076,1650033242.html",2026-07-06 17:06:18
eastmoney_guba,688076,1650144743,赶紧卖吧，大盘要调整了，垃圾肯定是暴跌,,你将最终胜利,1450306394783606,2026-01-08 14:52:29,44,0,0,0,False,False,"https://guba.eastmoney.com/news,688076,1650144743.html",2026-07-06 17:06:20
eastmoney_guba,688076,1650146911,不跑，明天非蒙在里面,,你将最终胜利,1450306394783606,2026-01-08 14:53:47,93,1,0,0,False,False,"https://guba.eastmoney.com/news,688076,1650146911.html",2026-07-06 17:06:18
eastmoney_guba,688076,1650154125,雷还在酝酿中,,你将最终胜利,1450306394783606,2026-01-08 14:59:15,102,0,0,0,False,False,"https://guba.eastmoney.com/news,688076,1650154125.html",2026-07-06 17:06:18
eastmoney_guba,688076,1650201084,诺泰生物：子公司诺泰诺和入选浙江省专精特新中小企业名单,,ST诺泰资讯,9038395923854884,2026-01-08 16:36:20,1204,5,5,0,False,False,"https://guba.eastmoney.com/news,688076,1650201084.html",2026-07-06 17:06:18
eastmoney_guba,688076,1650438297,大哥，今天能不能先拉三五个点，算我求你了,,吖啶锕,4227396211232666,2026-01-09 09:51:28,129,6,0,0,False,False,"https://guba.eastmoney.com/news,688076,1650438297.html",2026-07-06 17:06:18
eastmoney_guba,688076,1650453827,天天阳伟，唉,,时空之影,8525114084431748,2026-01-09 09:57:12,51,1,0,0,False,False,"https://guba.eastmoney.com/news,688076,1650453827.html",2026-07-06 17:06:18
eastmoney_guba,688076,1650501755,你也是减肥药板块嘛？？？,,华远股东,3047426769600740,2026-01-09 10:15:53,59,2,0,0,False,False,"https://guba.eastmoney.com/news,688076,1650501755.html",2026-07-06 17:06:18
eastmoney_guba,688076,1650521058,不明白外面都是捡钱行情，为什么会有人死守着这个股，等他来了条大阳线，再回来不行？,,我只等联环揭盲,4538147666392152,2026-01-09 10:23:59,61,0,0,0,False,False,"https://guba.eastmoney.com/news,688076,1650521058.html",2026-07-06 17:06:18
eastmoney_guba,688076,1650538650,反正就是不涨。利好一大堆也没用，大盘，板块升你也不涨,,永时胜,9427034659555570,2026-01-09 10:31:17,132,5,0,0,False,False,"https://guba.eastmoney.com/news,688076,1650538650.html",2026-07-06 17:06:18
eastmoney_guba,688076,1650560585,天天,,你将最终胜利,1450306394783606,2026-01-09 10:41:13,58,0,0,0,False,False,"https://guba.eastmoney.com/news,688076,1650560585.html",2026-07-06 17:06:18
eastmoney_guba,688076,1650561384,看来大盘就是涨到5000点，也和你这个够CS没关系了,,稳健老师,4617395870494756,2026-01-09 10:41:37,91,4,0,0,False,False,"https://guba.eastmoney.com/news,688076,1650561384.html",2026-07-06 17:06:18
eastmoney_guba,688076,1650600364,圣诺和瀚宇如果能大涨，可能还可以稍微带一带诺泰，靠他自己，短期没戏,,币锭拿下,6046346014730666,2026-01-09 11:00:21,161,2,0,0,False,False,"https://guba.eastmoney.com/news,688076,1650600364.html",2026-07-06 17:06:18
eastmoney_guba,688076,1650719786,圣诺生物涨6％，你还要做空嘛？散户不会卖筹码给你了。,,华远股东,3047426769600740,2026-01-09 13:10:05,76,0,0,0,False,False,"https://guba.eastmoney.com/news,688076,1650719786.html",2026-07-06 17:06:18
eastmoney_guba,688076,1650761280,还不够明显么？卖了吧，主力收够筹码就会涨了，不够不涨,,币锭拿下,6046346014730666,2026-01-09 13:35:04,147,3,0,0,False,False,"https://guba.eastmoney.com/news,688076,1650761280.html",2026-07-06 17:06:18
eastmoney_guba,688076,1650763928,股吧里已经哀嚎一片，这股快启动了,,股友jykiLS,1715095161176580,2026-01-09 13:36:40,78,1,0,0,False,False,"https://guba.eastmoney.com/news,688076,1650763928.html",2026-07-06 17:06:18
eastmoney_guba,688076,1650777600,这股从被调查开始，历时一年多了，大股东以及管理层没有任何表态和整改表态，咨询董秘,,股友76636kq858,9304077574992074,2026-01-09 13:45:22,191,2,0,0,False,False,"https://guba.eastmoney.com/news,688076,1650777600.html",2026-07-06 17:06:18
eastmoney_guba,688076,1650811415,看看圣诺，再看看你,,我只等联环揭盲,4538147666392152,2026-01-09 14:06:59,76,0,0,0,False,False,"https://guba.eastmoney.com/news,688076,1650811415.html",2026-07-06 17:06:18
eastmoney_guba,688076,1650829741,拿半年了，成功躲过这波牛市,,股友I5t7xU,3481375639382760,2026-01-09 14:18:32,54,0,0,0,False,False,"https://guba.eastmoney.com/news,688076,1650829741.html",2026-07-06 17:06:18
eastmoney_guba,688076,1650884485,真tm烂，扛了这么久跟死鱼一样,,股友Q9528868w6,6628177385979546,2026-01-09 14:51:26,57,0,0,0,False,False,"https://guba.eastmoney.com/news,688076,1650884485.html",2026-07-06 17:06:18
eastmoney_guba,688076,1650901244,ST诺泰什么时候退市？,,QJHY22302,5702013601648246,2026-01-09 15:01:33,65,0,0,0,False,False,"https://guba.eastmoney.com/news,688076,1650901244.html",2026-07-06 17:06:18
eastmoney_guba,688076,1650958709,人福一共才被罚不到两千万……,,财运满堂的说不得,6060385841515926,2026-01-09 17:04:59,96,0,0,0,False,False,"https://guba.eastmoney.com/news,688076,1650958709.html",2026-07-06 17:06:18
eastmoney_guba,688076,1651026212,这票利好一堆，散户太多,,倾家荡产不是梦,2861316260866254,2026-01-09 21:45:47,151,2,0,0,False,False,"https://guba.eastmoney.com/news,688076,1651026212.html",2026-07-06 17:06:18
eastmoney_guba,688076,1651026597,诺和诺德口服减肥药上市，诺泰为原料药提供商,,十八岁女大学生,2041386070087928,2026-01-09 21:47:46,260,3,0,0,False,False,"https://guba.eastmoney.com/news,688076,1651026597.html",2026-07-06 17:06:18
eastmoney_guba,688076,1651132750,建议诺泰生物回购注销股票，提升股民信心，对冲st对公司的负面影响。25年股市这么,,寒山666,1818017664122466,2026-01-10 19:04:20,347,8,0,0,False,False,"https://guba.eastmoney.com/news,688076,1651132750.html",2026-07-06 17:06:18
eastmoney_guba,688076,1651145816,刚得了甲流，买了他家的奥司他韦，习惯一搜上市公司，怎么ST了，发生了甚么，这药还,,一加一减,7079385809904900,2026-01-10 21:42:48,498,2,0,0,True,False,"https://guba.eastmoney.com/news,688076,1651145816.html",2026-07-06 17:06:18
eastmoney_guba,688076,1651162344,习惯造假的公司，不可信！,,华远股东,3047426769600740,2026-01-11 02:15:14,93,0,0,0,False,False,"https://guba.eastmoney.com/news,688076,1651162344.html",2026-07-06 17:06:18
eastmoney_guba,688076,1651178119,证券代码：688076证券简称：ST诺泰江苏诺泰澳赛诺生物制药股份有限公司投资者,,时刻落袋为安,2205004714926754,2026-01-11 09:34:05,768,1,1,0,False,False,"https://guba.eastmoney.com/news,688076,1651178119.html",2026-07-06 17:06:18
eastmoney_guba,688076,1651292245,2026年诺泰生物将迎来戴维斯双击，风险出清叠加GLP-1赛道红利、AI制药技术,,股友A197669V05,8030376544910926,2026-01-12 09:24:12,466,0,1,0,False,False,"https://guba.eastmoney.com/news,688076,1651292245.html",2026-07-06 17:06:18
eastmoney_guba,688076,1651521336,有大雷,,你将最终胜利,1450306394783606,2026-01-12 10:51:00,99,2,0,0,False,False,"https://guba.eastmoney.com/news,688076,1651521336.html",2026-07-06 17:06:18
eastmoney_guba,688076,1651542689,在这里心里苦,,大方的杨心宇,9818376354210682,2026-01-12 11:02:09,44,0,0,0,False,False,"https://guba.eastmoney.com/news,688076,1651542689.html",2026-07-06 17:06:18
eastmoney_guba,688076,1651554318,老套路做空，主力趁消息面打压。诺泰虽然身背罚款，2025业绩不会改变，2026年,,华远股东,3047426769600740,2026-01-12 11:08:24,350,7,0,0,False,False,"https://guba.eastmoney.com/news,688076,1651554318.html",2026-07-06 17:06:18
eastmoney_guba,688076,1651597297,大盘都要4200了，放在一年前想都不敢想，还有人说经济不好吗？只不过不是原来的那,,屯老二才买A股,8960346358579732,2026-01-12 11:33:48,65,0,0,0,False,False,"https://guba.eastmoney.com/news,688076,1651597297.html",2026-07-06 17:06:18
eastmoney_guba,688076,1651604532,30号司美格鲁肽专利到期,,冀R7T283,7091023766929840,2026-01-12 11:43:15,119,1,0,0,False,False,"https://guba.eastmoney.com/news,688076,1651604532.html",2026-07-06 17:06:18
eastmoney_guba,688076,1651665360,你也算是AI医疗概念股啊！,,股友h7582G0518,3677396111177948,2026-01-12 13:11:43,148,4,0,0,False,False,"https://guba.eastmoney.com/news,688076,1651665360.html",2026-07-06 17:06:18
eastmoney_guba,688076,1651686317,不愧是st天天阴阳怪气，,,股友922h8X6591,6699256662728486,2026-01-12 13:22:18,53,0,0,0,False,False,"https://guba.eastmoney.com/news,688076,1651686317.html",2026-07-06 17:06:18
eastmoney_guba,688076,1651688410,各位，价值投资也许是对的，但是长期投资一定是错的,,屯老二才买A股,8960346358579732,2026-01-12 13:23:26,75,1,0,0,False,False,"https://guba.eastmoney.com/news,688076,1651688410.html",2026-07-06 17:06:18
eastmoney_guba,688076,1651721703,好可怜，持有这票的，那位隐湿还在吗？,,只看最本质,7139144735501360,2026-01-12 13:42:10,100,2,0,0,False,False,"https://guba.eastmoney.com/news,688076,1651721703.html",2026-07-06 17:06:18
eastmoney_guba,688076,1651778040,你到底配不配ST的伟大称号,,luotuoxzx,6756094607583200,2026-01-12 14:14:56,263,0,0,0,True,False,"https://guba.eastmoney.com/news,688076,1651778040.html",2026-07-06 17:06:18
eastmoney_guba,688076,1651787627,哈哈哈哈又疯了一群,,秋刀鱼之滋味,8586023872626028,2026-01-12 14:20:32,90,3,0,0,False,False,"https://guba.eastmoney.com/news,688076,1651787627.html",2026-07-06 17:06:18
eastmoney_guba,688076,1651796990,买这股票的真可怜，外面AI应用都长疯了！,,股友RqPaD5,3127316051660808,2026-01-12 14:26:00,84,2,0,0,False,False,"https://guba.eastmoney.com/news,688076,1651796990.html",2026-07-06 17:06:18
eastmoney_guba,688076,1651799093,隐士该出山了吧,,luotuoxzx,6756094607583200,2026-01-12 14:27:13,110,2,0,0,False,False,"https://guba.eastmoney.com/news,688076,1651799093.html",2026-07-06 17:06:18
eastmoney_guba,688076,1651856219,诺泰你在我心里再也不是最美了,,最美的时光遇见你,8822047574683478,2026-01-12 14:58:51,46,0,0,0,False,False,"https://guba.eastmoney.com/news,688076,1651856219.html",2026-07-06 17:06:18
eastmoney_guba,688076,1651877881,大股东赵氏兄弟的格局真大啊,,股友76636kq858,9304077574992074,2026-01-12 15:21:54,122,1,0,0,False,False,"https://guba.eastmoney.com/news,688076,1651877881.html",2026-07-06 17:06:18
eastmoney_guba,688076,1651884231,1月29日上海市金融法院开庭相关案由：证券虚假陈述责任纠纷,,前边909,1153014289949930,2026-01-12 15:33:01,237,1,0,0,False,False,"https://guba.eastmoney.com/news,688076,1651884231.html",2026-07-06 17:06:18
eastmoney_guba,688076,1651948533,这里躲牛市,,多财亨通de张无忌,9176085036293022,2026-01-12 18:26:42,45,0,0,0,False,False,"https://guba.eastmoney.com/news,688076,1651948533.html",2026-07-06 17:06:18
eastmoney_guba,688076,1651999430,一个ST就把你了，学学人家ST嘉澳好吗？,,柔美的何芝菲1,4202017010504258,2026-01-12 21:11:00,62,1,0,0,False,False,"https://guba.eastmoney.com/news,688076,1651999430.html",2026-07-06 17:06:18
eastmoney_guba,688076,1652015132,我在若泰躲牛市,,有毅力的姜昊17,4229094027957574,2026-01-12 21:56:48,51,0,0,0,False,False,"https://guba.eastmoney.com/news,688076,1652015132.html",2026-07-06 17:06:18
eastmoney_guba,688076,1652027202,这票就跟大盘反着来,,倾家荡产不是梦,2861316260866254,2026-01-12 22:35:16,50,0,0,0,False,False,"https://guba.eastmoney.com/news,688076,1652027202.html",2026-07-06 17:06:18
eastmoney_guba,688076,1652132831,$ST诺泰(SH688076)$,,勇敢坚毅的严茜松,7172027579442060,2026-01-13 09:32:21,100,3,0,0,False,False,"https://guba.eastmoney.com/news,688076,1652132831.html",2026-07-06 17:06:18
eastmoney_guba,688076,1652133934,控制的死死的，就是不涨,,股友I5t7xU,3481375639382760,2026-01-13 09:32:35,44,0,0,0,False,False,"https://guba.eastmoney.com/news,688076,1652133934.html",2026-07-06 17:06:18
eastmoney_guba,688076,1652216043,药名带起来的？,,财运满堂的说不得,6060385841515926,2026-01-13 09:55:32,46,0,0,0,False,False,"https://guba.eastmoney.com/news,688076,1652216043.html",2026-07-06 17:06:18
eastmoney_guba,688076,1652242821,一鲸落万物生，商业航天倒了，资金终于是向低估值板块流了一部分,,币锭拿下,6046346014730666,2026-01-13 10:04:49,92,2,0,0,False,False,"https://guba.eastmoney.com/news,688076,1652242821.html",2026-07-06 17:06:18
eastmoney_guba,688076,1652255425,该补涨了吧,,红桃77777,6889064611246648,2026-01-13 10:09:43,51,1,0,0,False,False,"https://guba.eastmoney.com/news,688076,1652255425.html",2026-07-06 17:06:18
eastmoney_guba,688076,1652275454,目测今天最终涨幅1.2左右，大幅跑输板块指数，买板块指数etf都舒服过什么,,稳健老师,4617395870494756,2026-01-13 10:17:24,107,2,0,0,False,False,"https://guba.eastmoney.com/news,688076,1652275454.html",2026-07-06 17:06:18
eastmoney_guba,688076,1652306294,假ST诺泰预计2026年12月26日摘帽,,华远股东,3047426769600740,2026-01-13 10:30:19,976,0,2,0,False,False,"https://guba.eastmoney.com/news,688076,1652306294.html",2026-07-06 17:06:18
eastmoney_guba,688076,1652333535,Ai制药加油,,蓝天的祝唯彦,7923555198714308,2026-01-13 10:42:21,47,0,0,0,False,False,"https://guba.eastmoney.com/news,688076,1652333535.html",2026-07-06 17:06:18
eastmoney_guba,688076,1652406193,39.84，就这样把我一个人晾山顶了？,,满仓泽生的雷神,5883476837065498,2026-01-13 11:19:34,188,4,0,0,False,False,"https://guba.eastmoney.com/news,688076,1652406193.html",2026-07-06 17:06:18
eastmoney_guba,688076,1652488285,涨半小时要下跌2天！,,股友03627F7M73,6950187586920228,2026-01-13 13:10:53,75,1,0,0,False,False,"https://guba.eastmoney.com/news,688076,1652488285.html",2026-07-06 17:06:18
eastmoney_guba,688076,1652527957,好好打工，买住不动，等翻倍。,,大方的杨心宇,9818376354210682,2026-01-13 13:33:08,61,0,0,0,False,False,"https://guba.eastmoney.com/news,688076,1652527957.html",2026-07-06 17:06:18
eastmoney_guba,688076,1652600894,服了！一点人气都没有,,活力的肖羽君,6581094116519550,2026-01-13 14:18:17,70,0,0,0,False,False,"https://guba.eastmoney.com/news,688076,1652600894.html",2026-07-06 17:06:18
eastmoney_guba,688076,1652743589,一个月买一手。。等到脱帽,,敏捷的席芝菲1,9415255898101188,2026-01-13 17:21:49,94,2,0,0,False,False,"https://guba.eastmoney.com/news,688076,1652743589.html",2026-07-06 17:06:18
eastmoney_guba,688076,1652757599,股东人数多少,,大方的杨心宇,9818376354210682,2026-01-13 18:09:51,61,0,0,0,False,False,"https://guba.eastmoney.com/news,688076,1652757599.html",2026-07-06 17:06:18
eastmoney_guba,688076,1652762782,39之上还行,,東辉0531,5921024806581390,2026-01-13 18:28:22,62,0,0,0,False,False,"https://guba.eastmoney.com/news,688076,1652762782.html",2026-07-06 17:06:18
eastmoney_guba,688076,1652800252,记住诺和诺德股价超越60元的时候，这是个转折点,,大混沌789,2636365924839354,2026-01-13 20:51:40,89,0,0,0,False,False,"https://guba.eastmoney.com/news,688076,1652800252.html",2026-07-06 17:06:18
eastmoney_guba,688076,1652802830,诺泰生物有没有ia制药概念？,,股友xC11082157,5915087048945050,2026-01-13 21:01:05,74,0,0,0,False,False,"https://guba.eastmoney.com/news,688076,1652802830.html",2026-07-06 17:06:18
eastmoney_guba,688076,1652833797,散了吧。闭着眼找一只，大概率也比他强。,,寒山666,1818017664122466,2026-01-13 22:52:38,59,0,0,0,False,False,"https://guba.eastmoney.com/news,688076,1652833797.html",2026-07-06 17:06:18
eastmoney_guba,688076,1652889873,直接收购诺泰吧，大股东直接卖公司，省得他们花心思财务造假了。,,观海云远11,3573095269174092,2026-01-14 09:02:26,376,3,0,0,True,False,"https://guba.eastmoney.com/news,688076,1652889873.html",2026-07-06 17:06:18
eastmoney_guba,688076,1652979650,隐士的分析，90%我赞成，还有10%吹过头。另外天天嗐吹上涨，庄家怎么弄？必然下,,古越新安,4541336174369464,2026-01-14 09:49:18,124,0,0,0,False,False,"https://guba.eastmoney.com/news,688076,1652979650.html",2026-07-06 17:06:18
eastmoney_guba,688076,1652985104,转发,,华远股东,3047426769600740,2026-01-14 09:51:07,221,1,0,0,False,False,"https://guba.eastmoney.com/news,688076,1652985104.html",2026-07-06 17:06:16
eastmoney_guba,688076,1653056974,3个月了，成交额又再次上了3个亿，成交能上6个亿的时候应该就真正的启动了,,币锭拿下,6046346014730666,2026-01-14 10:17:04,59,0,0,0,False,False,"https://guba.eastmoney.com/news,688076,1653056974.html",2026-07-06 17:06:18
eastmoney_guba,688076,1653059058,可以了，一个点不错了，休息吧，把孩子累着……,,财运满堂的说不得,6060385841515926,2026-01-14 10:17:52,59,1,0,0,False,False,"https://guba.eastmoney.com/news,688076,1653059058.html",2026-07-06 17:06:18
eastmoney_guba,688076,1653070484,你不拉升谁会买,,冀R7T283,7091023766929840,2026-01-14 10:22:21,58,0,0,0,False,False,"https://guba.eastmoney.com/news,688076,1653070484.html",2026-07-06 17:06:18
eastmoney_guba,688076,1653075815,2026减肥王者，爆发增长。,,满仓泽生的雷神,5883476837065498,2026-01-14 10:24:29,51,0,0,0,False,False,"https://guba.eastmoney.com/news,688076,1653075815.html",2026-07-06 17:06:18
eastmoney_guba,688076,1653082682,这压盘压得好厉害啊，每次拉起来，就有资金往外逃，往下压，有必要吗？真的不让涨？大,,稳健老师,4617395870494756,2026-01-14 10:27:13,153,3,0,0,False,False,"https://guba.eastmoney.com/news,688076,1653082682.html",2026-07-06 17:06:18
eastmoney_guba,688076,1653137284,鸭狗鸭鸭,,大恩不言谢,2349385543014706,2026-01-14 10:50:57,54,0,0,0,False,False,"https://guba.eastmoney.com/news,688076,1653137284.html",2026-07-06 17:06:18
eastmoney_guba,688076,1653182381,翰宇，圣诺都涨疯了……啥时能支棱起来，躲了一年牛市了,,听海的枫,9501094056680964,2026-01-14 11:12:33,85,1,0,0,False,False,"https://guba.eastmoney.com/news,688076,1653182381.html",2026-07-06 17:06:18
eastmoney_guba,688076,1653184470,没必要浪费时间错过大牛市了，商业航天倒车接人,,weka,4923235732188266,2026-01-14 11:13:33,76,1,0,0,False,False,"https://guba.eastmoney.com/news,688076,1653184470.html",2026-07-06 17:06:18
eastmoney_guba,688076,1653185043,大股东是要把罚的钱从股市赚回来了吗。。这天天资金流出打压。,,管住手机会永远有,1505346236358364,2026-01-14 11:13:51,82,1,0,0,False,False,"https://guba.eastmoney.com/news,688076,1653185043.html",2026-07-06 17:06:18
eastmoney_guba,688076,1653198479,现在还坚守在这里的兄弟们都是牛人，想必以后肯定有高回报,,日进满堂de千仞雪,7656396467936408,2026-01-14 11:20:37,65,0,0,0,False,False,"https://guba.eastmoney.com/news,688076,1653198479.html",2026-07-06 17:06:18
eastmoney_guba,688076,1653202434,大盘涨了半年,,冀R7T283,7091023766929840,2026-01-14 11:22:40,68,0,0,0,False,False,"https://guba.eastmoney.com/news,688076,1653202434.html",2026-07-06 17:06:18
eastmoney_guba,688076,1653235540,炒股以来遇到的最烂的一只股票，没有之一，走了。。。，次奥,,股友Q9528868w6,6628177385979546,2026-01-14 11:56:29,80,0,0,0,False,False,"https://guba.eastmoney.com/news,688076,1653235540.html",2026-07-06 17:06:18
eastmoney_guba,688076,1653257332,问下各位大佬，诺泰会被退市吗？,,炒股养老929,8860094468752914,2026-01-14 12:48:41,387,6,1,0,False,False,"https://guba.eastmoney.com/news,688076,1653257332.html",2026-07-06 17:06:16
eastmoney_guba,688076,1653257740,融资保证金的提高，利好ST.,,股友JW1688,6103094488575896,2026-01-14 12:49:45,71,0,0,0,False,False,"https://guba.eastmoney.com/news,688076,1653257740.html",2026-07-06 17:06:16
eastmoney_guba,688076,1653277556,会的，看这走势，涨时候不动，跌时候挺快,,你将最终胜利,1450306394783606,2026-01-14 13:04:48,51,0,0,0,False,False,"https://guba.eastmoney.com/news,688076,1653277556.html",2026-07-06 17:06:16
eastmoney_guba,688076,1653296564,你真是个啊,,冀R7T283,7091023766929840,2026-01-14 13:13:07,70,0,0,0,False,False,"https://guba.eastmoney.com/news,688076,1653296564.html",2026-07-06 17:06:16
eastmoney_guba,688076,1653317833,标准的弱势股，涨时候没你，跌时候哪次也拉不下，而且跌势还非常猛烈,,你将最终胜利,1450306394783606,2026-01-14 13:21:38,70,0,0,0,False,False,"https://guba.eastmoney.com/news,688076,1653317833.html",2026-07-06 17:06:16
eastmoney_guba,688076,1653389299,幸亏上午跑了，跟它耗不起，跑对了,,股道钟馗,4058045484323866,2026-01-14 13:57:10,67,0,0,0,False,False,"https://guba.eastmoney.com/news,688076,1653389299.html",2026-07-06 17:06:16
eastmoney_guba,688076,1653452579,主力吸筹就大大方方的好了，反而拆单拆的我心里发毛呢,,币锭拿下,6046346014730666,2026-01-14 14:30:52,433,2,0,0,True,False,"https://guba.eastmoney.com/news,688076,1653452579.html",2026-07-06 17:06:16
eastmoney_guba,688076,1653460346,为什么在互动易上对st诺泰提问，提交时显示“系统繁忙”，从末提交成功，而对其他公,,股友A197669V05,8030376544910926,2026-01-14 14:35:46,115,1,0,0,False,False,"https://guba.eastmoney.com/news,688076,1653460346.html",2026-07-06 17:06:16
eastmoney_guba,688076,1653496498,全让si这帽子给耽误了！！,,n341113718080706,3411013718080706,2026-01-14 14:57:05,62,0,0,0,False,False,"https://guba.eastmoney.com/news,688076,1653496498.html",2026-07-06 17:06:16
eastmoney_guba,688076,1653544187,三季报预告制造跳空缺口，后期真实报表没那么差就补上了，经历过多次试探40位置，1,,希夏邦马,9993094331262574,2026-01-14 16:10:12,182,0,1,0,False,False,"https://guba.eastmoney.com/news,688076,1653544187.html",2026-07-06 17:06:16
eastmoney_guba,688076,1653591197,给大家带来1个好消息1个坏消息。好消息是公司董秘确认，公司罚款已经处理完毕，已缴,,神机的蓝岷,2834113661101498,2026-01-14 18:22:03,1762,22,3,0,False,False,"https://guba.eastmoney.com/news,688076,1653591197.html",2026-07-06 17:06:16
eastmoney_guba,688076,1653655448,都悲观了，看来转折要到,,股友76636kq858,9304077574992074,2026-01-14 21:55:09,190,4,0,0,False,False,"https://guba.eastmoney.com/news,688076,1653655448.html",2026-07-06 17:06:16
eastmoney_guba,688076,1653675938,概念都不给添加，死死的压盘,,时刻落袋为安,2205004714926754,2026-01-14 23:08:01,364,0,0,0,True,False,"https://guba.eastmoney.com/news,688076,1653675938.html",2026-07-06 17:06:16
eastmoney_guba,688076,1653890663,浪费生命c,,大恩不言谢,2349385543014706,2026-01-15 10:13:16,84,0,0,0,False,False,"https://guba.eastmoney.com/news,688076,1653890663.html",2026-07-06 17:06:16
eastmoney_guba,688076,1654108075,抄底！加仓,,大方的杨心宇,9818376354210682,2026-01-15 13:09:50,74,0,0,0,False,False,"https://guba.eastmoney.com/news,688076,1654108075.html",2026-07-06 17:06:16
eastmoney_guba,688076,1654131940,不怕你跌，就怕你没量，有量就有活性，大涨的股票必然是有活性的股票,,币锭拿下,6046346014730666,2026-01-15 13:25:32,98,1,0,0,False,False,"https://guba.eastmoney.com/news,688076,1654131940.html",2026-07-06 17:06:16
eastmoney_guba,688076,1654179524,为什么突然下跌,,股友76636kq858,9304077574992074,2026-01-15 13:57:24,77,0,0,0,False,False,"https://guba.eastmoney.com/news,688076,1654179524.html",2026-07-06 17:06:16
eastmoney_guba,688076,1654190480,不如直接砸到36，我要猛猛加仓,,就是高吸低抛,2849057600812640,2026-01-15 14:04:51,105,2,0,0,False,False,"https://guba.eastmoney.com/news,688076,1654190480.html",2026-07-06 17:06:16
eastmoney_guba,688076,1654191873,不在上升通道内的股票总是不抗跌,,没翻倍不算赚,5013023721672056,2026-01-15 14:05:49,61,0,0,0,False,False,"https://guba.eastmoney.com/news,688076,1654191873.html",2026-07-06 17:06:16
eastmoney_guba,688076,1654194011,主力预先知道，风险加大，减仓减仓！,,华远股东,3047426769600740,2026-01-15 14:07:13,64,0,0,0,False,False,"https://guba.eastmoney.com/news,688076,1654194011.html",2026-07-06 17:06:16
eastmoney_guba,688076,1654197002,哈哈哈，还当宝呢，,,你将最终胜利,1450306394783606,2026-01-15 14:09:13,74,0,0,0,False,False,"https://guba.eastmoney.com/news,688076,1654197002.html",2026-07-06 17:06:16
eastmoney_guba,688076,1654198173,砸破所有支撑了，哈哈哈,,你将最终胜利,1450306394783606,2026-01-15 14:09:59,66,0,0,0,False,False,"https://guba.eastmoney.com/news,688076,1654198173.html",2026-07-06 17:06:16
eastmoney_guba,688076,1654221541,改个名字吧，诺夫药业,,Tao哥是最棒的,5470515240337640,2026-01-15 14:24:56,58,0,0,0,False,False,"https://guba.eastmoney.com/news,688076,1654221541.html",2026-07-06 17:06:16
eastmoney_guba,688076,1654233242,缺口终于是补上了,,币锭拿下,6046346014730666,2026-01-15 14:32:36,106,1,0,0,False,False,"https://guba.eastmoney.com/news,688076,1654233242.html",2026-07-06 17:06:16
eastmoney_guba,688076,1654254263,Ai制药,,帅的已经很明显,6196114868978848,2026-01-15 14:45:47,75,0,0,0,False,False,"https://guba.eastmoney.com/news,688076,1654254263.html",2026-07-06 17:06:16
eastmoney_guba,688076,1654269100,大牛市就耗死在这里了，草,,时空之影,8525114084431748,2026-01-15 14:54:51,112,2,0,0,False,False,"https://guba.eastmoney.com/news,688076,1654269100.html",2026-07-06 17:06:16
eastmoney_guba,688076,1654307466,有熟悉的朋友说说我25到27这个区间能买到这个票吗？,,指数一万点无盈利,9588486802613468,2026-01-15 15:45:27,456,7,0,0,False,False,"https://guba.eastmoney.com/news,688076,1654307466.html",2026-07-06 17:06:16
eastmoney_guba,688076,1654342323,唉，能不能涨几个点表示表示。,,永时胜,9427034659555570,2026-01-15 17:15:19,898,8,1,0,True,False,"https://guba.eastmoney.com/news,688076,1654342323.html",2026-07-06 17:06:16
eastmoney_guba,688076,1654351565,ST都不是挖坑的吗？咋戴帽后还拉上去了搞不懂。怎么不把机构散户砸出翔来？,,指数一万点无盈利,9588486802613468,2026-01-15 17:44:06,185,3,0,0,False,False,"https://guba.eastmoney.com/news,688076,1654351565.html",2026-07-06 17:06:16
eastmoney_guba,688076,1654369340,诺泰 与 翰宇  的差距~~,,mouses1984,5045094180855966,2026-01-15 18:46:42,492,1,0,0,False,False,"https://guba.eastmoney.com/news,688076,1654369340.html",2026-07-06 17:06:16
eastmoney_guba,688076,1654386690,能到26块我就进场玩玩你到不了就算了，现在价位不便宜,,指数一万点无盈利,9588486802613468,2026-01-15 19:47:13,106,2,0,0,False,False,"https://guba.eastmoney.com/news,688076,1654386690.html",2026-07-06 17:06:16
eastmoney_guba,688076,1654410135,人家都涨一波了，你现在才添加al制药，服了，这是让大家来接盘么,,股友tcoluc0226,3500094558052162,2026-01-15 21:02:57,80,0,0,0,False,False,"https://guba.eastmoney.com/news,688076,1654410135.html",2026-07-06 17:06:16
eastmoney_guba,688076,1654427906,明天翰宇起飞，弱胎能挪动下跟跑一下吗？,,只看最本质,7139144735501360,2026-01-15 21:55:05,64,0,0,0,False,False,"https://guba.eastmoney.com/news,688076,1654427906.html",2026-07-06 17:06:16
eastmoney_guba,688076,1654434677,思考诺泰生物这只股未来的走势。因ST诺泰决定书时间确定，摘帽时间基本确定，业绩很,,剑是什么样的剑,3287335915781350,2026-01-15 22:17:48,1040,3,3,0,False,False,"https://guba.eastmoney.com/news,688076,1654434677.html",2026-07-06 17:06:14
eastmoney_guba,688076,1654451062,就是个,,基民BsCdWx,8604385942717522,2026-01-15 23:17:49,75,0,0,0,False,False,"https://guba.eastmoney.com/news,688076,1654451062.html",2026-07-06 17:06:16
eastmoney_guba,688076,1654451345,大,,基民BsCdWx,8604385942717522,2026-01-15 23:19:10,94,1,0,0,False,False,"https://guba.eastmoney.com/news,688076,1654451345.html",2026-07-06 17:06:16
eastmoney_guba,688076,1654458139,美股医药全线大跌哦。。减肥药跌最多，明天估计完犊子,,稳健老师,4617395870494756,2026-01-15 23:59:06,269,4,1,0,False,False,"https://guba.eastmoney.com/news,688076,1654458139.html",2026-07-06 17:06:16
eastmoney_guba,688076,1654610080,圣诺生物：预告净利润增长很快，诺泰应该更不错。,,没翻倍不算赚,5013023721672056,2026-01-16 09:54:17,126,0,0,0,False,False,"https://guba.eastmoney.com/news,688076,1654610080.html",2026-07-06 17:06:16
eastmoney_guba,688076,1654611465,不要小看688076总有一天让你看不懂,,港投a,3037064833302550,2026-01-16 09:54:46,350,4,0,0,False,False,"https://guba.eastmoney.com/news,688076,1654611465.html",2026-07-06 17:06:16
eastmoney_guba,688076,1654915588,诺泰了不起，竟然力压三大指数,,luotuoxzx,6756094607583200,2026-01-16 13:27:40,83,0,0,0,False,False,"https://guba.eastmoney.com/news,688076,1654915588.html",2026-07-06 17:06:16
eastmoney_guba,688076,1654931748,昨天洗盘，多肽签大订单，圣年报大涨，卖铲永不过时,,股友xC11082157,5915087048945050,2026-01-16 13:37:43,103,0,0,0,False,False,"https://guba.eastmoney.com/news,688076,1654931748.html",2026-07-06 17:06:16
eastmoney_guba,688076,1654951536,近几日成交量温和放量，一直在洗盘，都秃噜皮了，本月目标50+不变！！,,管住手机会永远有,1505346236358364,2026-01-16 13:50:17,133,1,0,0,False,False,"https://guba.eastmoney.com/news,688076,1654951536.html",2026-07-06 17:06:16
eastmoney_guba,688076,1654965186,圣诺，德预告都是大增，老二业绩应该也不差，主要是在水底！,,股友xC11082157,5915087048945050,2026-01-16 13:58:57,249,2,0,0,False,False,"https://guba.eastmoney.com/news,688076,1654965186.html",2026-07-06 17:06:16
eastmoney_guba,688076,1655109987,AI制药连续大涨好几天，现在结束了你来个AI制药概念，干啥都趁不上热乎的,,观海云远11,3573095269174092,2026-01-16 16:31:38,95,0,0,0,False,False,"https://guba.eastmoney.com/news,688076,1655109987.html",2026-07-06 17:06:16
eastmoney_guba,688076,1655147582,ST诺泰:关于部分募投项目延期的公告,,ST诺泰资讯,9038395923854884,2026-01-16 18:39:51,1272,16,10,0,False,False,"https://guba.eastmoney.com/news,688076,1655147582.html",2026-07-06 17:06:02
eastmoney_guba,688076,1655147580,ST诺泰:南京证券股份有限公司关于江苏诺泰澳赛诺生物制药股份有限公司部分募投项目延期的核查意见,,ST诺泰资讯,9038395923854884,2026-01-16 18:39:51,758,2,1,0,False,False,"https://guba.eastmoney.com/news,688076,1655147580.html",2026-07-06 17:06:16
eastmoney_guba,688076,1655147591,ST诺泰:南京证券股份有限公司关于江苏诺泰澳赛诺生物制药股份有限公司申请2026年度综合授信额度及担保额度预计的核查意见,,ST诺泰资讯,9038395923854884,2026-01-16 18:39:51,905,1,0,0,False,False,"https://guba.eastmoney.com/news,688076,1655147591.html",2026-07-06 17:06:16
eastmoney_guba,688076,1655147584,ST诺泰:关于2026年度申请综合授信额度及提供担保的公告,,ST诺泰资讯,9038395923854884,2026-01-16 18:39:51,749,1,2,0,False,False,"https://guba.eastmoney.com/news,688076,1655147584.html",2026-07-06 17:06:16
eastmoney_guba,688076,1655147588,ST诺泰:江苏诺泰澳赛诺生物制药股份有限公司内部审计管理制度,,ST诺泰资讯,9038395923854884,2026-01-16 18:39:51,795,0,0,0,False,False,"https://guba.eastmoney.com/news,688076,1655147588.html",2026-07-06 17:06:16
eastmoney_guba,688076,1655147587,ST诺泰:关于召开2026年第一次临时股东会的通知,,ST诺泰资讯,9038395923854884,2026-01-16 18:39:51,827,0,1,0,False,False,"https://guba.eastmoney.com/news,688076,1655147587.html",2026-07-06 17:06:16
eastmoney_guba,688076,1655147586,ST诺泰:关于使用闲置募集资金进行现金管理的公告,,ST诺泰资讯,9038395923854884,2026-01-16 18:39:51,801,0,2,0,False,False,"https://guba.eastmoney.com/news,688076,1655147586.html",2026-07-06 17:06:16
eastmoney_guba,688076,1655147585,ST诺泰:关于提前归还临时补充流动资金的募集资金的公告,,ST诺泰资讯,9038395923854884,2026-01-16 18:39:51,715,0,1,0,False,False,"https://guba.eastmoney.com/news,688076,1655147585.html",2026-07-06 17:06:16
eastmoney_guba,688076,1655147583,ST诺泰:南京证券股份有限公司关于江苏诺泰澳赛诺生物制药股份有限公司使用暂时闲置募集资金进行现金管理的核查意见,,ST诺泰资讯,9038395923854884,2026-01-16 18:39:51,672,0,1,0,False,False,"https://guba.eastmoney.com/news,688076,1655147583.html",2026-07-06 17:06:16
eastmoney_guba,688076,1655150115,ST诺泰：拟使用不超5000.00万元闲置募集资金进行现金管理,,ST诺泰资讯,9038395923854884,2026-01-16 18:50:30,1086,6,2,0,False,False,"https://guba.eastmoney.com/news,688076,1655150115.html",2026-07-06 17:06:16
eastmoney_guba,688076,1655159789,诺泰公告，用闲置资金6000万，买理财，就是昭告天下:老Zi不差钱,,听海的枫,9501094056680964,2026-01-16 19:31:15,195,0,0,0,False,False,"https://guba.eastmoney.com/news,688076,1655159789.html",2026-07-06 17:06:16
eastmoney_guba,688076,1655160252,利空来袭，防不慎防，延期十个月也太夸张了吧？严重怀疑管理层项目管控能力,,股友M56669p959,7763067189590298,2026-01-16 19:33:12,827,5,0,0,False,False,"https://guba.eastmoney.com/news,688076,1655160252.html",2026-07-06 17:06:16
eastmoney_guba,688076,1655170675,60亿的授信额度……牛,,听海的枫,9501094056680964,2026-01-16 20:16:21,214,0,0,0,False,False,"https://guba.eastmoney.com/news,688076,1655170675.html",2026-07-06 17:06:16
eastmoney_guba,688076,1655221183,诺和诺德继续大涨。你也要加油！,,萤火之约,4903065278637186,2026-01-17 00:16:52,99,0,0,0,False,False,"https://guba.eastmoney.com/news,688076,1655221183.html",2026-07-06 17:06:16
eastmoney_guba,688076,1655239821,当初选择诺泰生物理由是：赛道好，营利强，研发投入高，高学历人员多且建有博士后站。,,股友xC11082157,5915087048945050,2026-01-17 07:50:45,806,6,2,0,False,False,"https://guba.eastmoney.com/news,688076,1655239821.html",2026-07-06 17:06:16
eastmoney_guba,688076,1655285880,怎么这么多吹套的！去年跌一年了，大盘涨多少,,多财亨通de张无忌,9176085036293022,2026-01-17 15:25:08,86,0,0,0,False,False,"https://guba.eastmoney.com/news,688076,1655285880.html",2026-07-06 17:06:16
eastmoney_guba,688076,1655343851,从莱茵衣藻里提取司美格鲁肽，降本50%又环保！深圳学生心声：让糖尿病患者都可以用,,sjmou嘿,4378094538624910,2026-01-18 07:59:25,330,0,0,0,False,False,"https://guba.eastmoney.com/news,688076,1655343851.html",2026-07-06 17:06:16
eastmoney_guba,688076,1655714086,又要完犊子了,,luotuoxzx,6756094607583200,2026-01-19 11:11:42,60,0,0,0,False,False,"https://guba.eastmoney.com/news,688076,1655714086.html",2026-07-06 17:06:16
eastmoney_guba,688076,1655757385,希望越大失望越大对你已没有任何信心,,股友922h8X6591,6699256662728486,2026-01-19 11:54:41,56,0,0,0,False,False,"https://guba.eastmoney.com/news,688076,1655757385.html",2026-07-06 17:06:16
eastmoney_guba,688076,1655771934,退市股,,你将最终胜利,1450306394783606,2026-01-19 12:37:14,50,0,0,0,False,False,"https://guba.eastmoney.com/news,688076,1655771934.html",2026-07-06 17:06:16
eastmoney_guba,688076,1655874227,st诺泰为什么股价不涨,,傲气的佛觅儿,5598486666742320,2026-01-19 14:04:53,368,6,0,0,False,False,"https://guba.eastmoney.com/news,688076,1655874227.html",2026-07-06 17:06:16
eastmoney_guba,688076,1655904638,啊泰你只要不跌就行了不求你涨拉低我GDP啊,,秋刀鱼之滋味,8586023872626028,2026-01-19 14:28:27,79,0,0,0,False,False,"https://guba.eastmoney.com/news,688076,1655904638.html",2026-07-06 17:06:16
eastmoney_guba,688076,1655928728,退市,,你将最终胜利,1450306394783606,2026-01-19 14:45:50,52,0,0,0,False,False,"https://guba.eastmoney.com/news,688076,1655928728.html",2026-07-06 17:06:16
eastmoney_guba,688076,1655968775,人都跑完了吗？佛山隐士还在吗？我们的机器人都解套又赚了这波,,独孤燕,2128027197149058,2026-01-19 15:25:10,252,6,0,0,False,False,"https://guba.eastmoney.com/news,688076,1655968775.html",2026-07-06 17:06:14
eastmoney_guba,688076,1656349687,还有人吹吗？？哈哈哈,,你将最终胜利,1450306394783606,2026-01-20 10:43:27,75,2,0,0,False,False,"https://guba.eastmoney.com/news,688076,1656349687.html",2026-07-06 17:06:16
eastmoney_guba,688076,1656383162,搞帽之前必破20，爱信不信。,,股友7o872z6913,6421345664837696,2026-01-20 11:02:53,197,5,0,0,False,False,"https://guba.eastmoney.com/news,688076,1656383162.html",2026-07-06 17:06:16
eastmoney_guba,688076,1656424966,优秀的基本面会害人,,七月当圆子,6180094012890770,2026-01-20 11:30:42,255,2,0,0,False,False,"https://guba.eastmoney.com/news,688076,1656424966.html",2026-07-06 17:06:14
eastmoney_guba,688076,1656454379,诺泰贷款能否享受贴息贷？,,股友xC11082157,5915087048945050,2026-01-20 12:30:37,77,0,0,0,False,False,"https://guba.eastmoney.com/news,688076,1656454379.html",2026-07-06 17:06:16
eastmoney_guba,688076,1656485795,下跌要加速了，大盘大涨他不涨。,,没翻倍不算赚,5013023721672056,2026-01-20 13:12:11,52,0,0,0,False,False,"https://guba.eastmoney.com/news,688076,1656485795.html",2026-07-06 17:06:16
eastmoney_guba,688076,1656510307,下跌要加速了，大盘大涨他不涨，大盘小跌他大跌。,,你将最终胜利,1450306394783606,2026-01-20 13:27:46,51,0,0,0,False,False,"https://guba.eastmoney.com/news,688076,1656510307.html",2026-07-06 17:06:16
eastmoney_guba,688076,1656533659,没什么看头了，封账号，偶尔看下就行了，浪费了一波大牛市，气死了。,,时空之影,8525114084431748,2026-01-20 13:42:55,82,1,0,0,False,False,"https://guba.eastmoney.com/news,688076,1656533659.html",2026-07-06 17:06:16
eastmoney_guba,688076,1656547197,慢慢建仓了,,不要炒币,1945306182154586,2026-01-20 13:52:17,55,0,0,0,False,False,"https://guba.eastmoney.com/news,688076,1656547197.html",2026-07-06 17:06:16
eastmoney_guba,688076,1656625582,越来越好！股神说，当你喜欢的东西降价了，应该是好事，说明可以用便宜一点的价格买回,,想天天涨停板,8453325540161218,2026-01-20 14:42:39,150,2,0,0,False,False,"https://guba.eastmoney.com/news,688076,1656625582.html",2026-07-06 17:06:16
eastmoney_guba,688076,1656695356,加仓就对了,,大方的杨心宇,9818376354210682,2026-01-20 16:21:32,90,1,0,0,False,False,"https://guba.eastmoney.com/news,688076,1656695356.html",2026-07-06 17:06:16
eastmoney_guba,688076,1656729367,是 NT的吗？江苏大红鹰恒顺的控股权,,NT水门,3208027689019162,2026-01-20 18:13:24,1043,10,0,0,True,False,"https://guba.eastmoney.com/news,688076,1656729367.html",2026-07-06 17:06:14
eastmoney_guba,688076,1656768031,三分之一仓在里面被套着！！公告上分析：大概是故意拖延投产时间，因为现在投产也会没,,高贵典雅的钱昊祥,2289084918147260,2026-01-20 20:47:52,252,1,0,0,False,False,"https://guba.eastmoney.com/news,688076,1656768031.html",2026-07-06 17:06:16
eastmoney_guba,688076,1656967399,蜗牛蜗居,,股友922h8X6591,6699256662728486,2026-01-21 10:01:39,53,0,0,0,False,False,"https://guba.eastmoney.com/news,688076,1656967399.html",2026-07-06 17:06:16
eastmoney_guba,688076,1657034434,大家躲躲吧，去军工和锂矿不好嘛，等着这里太难受了，别错过牛市，等一季报才回来看看,,华远股东,3047426769600740,2026-01-21 10:32:26,72,1,0,0,False,False,"https://guba.eastmoney.com/news,688076,1657034434.html",2026-07-06 17:06:16
eastmoney_guba,688076,1657038016,科创都在涨，就你不涨,,股友Zzs7mX,6791385693988938,2026-01-21 10:34:12,76,0,0,0,False,False,"https://guba.eastmoney.com/news,688076,1657038016.html",2026-07-06 17:06:16
eastmoney_guba,688076,1657302167,天天大托单，什么时候不挂大托单了就参考今天的ST开元，上午来一个超级大跌，然后拉,,司马神,3153326367888576,2026-01-21 14:24:53,127,0,0,0,False,False,"https://guba.eastmoney.com/news,688076,1657302167.html",2026-07-06 17:06:14
eastmoney_guba,688076,1657366209,很厉害，主力非常喜欢戴green帽子,,股友5h55788T17,9299366485602102,2026-01-21 15:06:11,91,1,0,0,False,False,"https://guba.eastmoney.com/news,688076,1657366209.html",2026-07-06 17:06:14
eastmoney_guba,688076,1657380365,2026年第一帖之ST,,实战实情,3621316430978470,2026-01-21 15:26:18,1695,0,0,0,False,False,"https://guba.eastmoney.com/news,688076,1657380365.html",2026-07-06 17:06:14
eastmoney_guba,688076,1657428064,股托真是多，比如下面这位发的跟ST诺泰没有关系。无孔不入。,,生龙活虎的付雅松,5712177583597268,2026-01-21 17:30:47,111,0,0,0,False,False,"https://guba.eastmoney.com/news,688076,1657428064.html",2026-07-06 17:06:14
eastmoney_guba,688076,1657440089,ST诺泰24年立案调查中，信披违规受损者可索赔,,股事心声,9066047349400580,2026-01-21 18:16:05,165,1,0,0,False,False,"https://guba.eastmoney.com/news,688076,1657440089.html",2026-07-06 17:06:14
eastmoney_guba,688076,1657516626,st诺泰，给人一种的感觉啊,,龙行天下甲辰招财,1392085435308932,2026-01-21 23:09:31,389,3,0,0,False,False,"https://guba.eastmoney.com/news,688076,1657516626.html",2026-07-06 17:06:14
eastmoney_guba,688076,1657752528,这周再加点,,不要炒币,1945306182154586,2026-01-22 10:26:33,53,0,0,0,False,False,"https://guba.eastmoney.com/news,688076,1657752528.html",2026-07-06 17:06:14
eastmoney_guba,688076,1657760342,避开，去军工和锂矿！很快一波下跌到30元了！,,华远股东,3047426769600740,2026-01-22 10:30:10,63,0,0,0,False,False,"https://guba.eastmoney.com/news,688076,1657760342.html",2026-07-06 17:06:14
eastmoney_guba,688076,1657961221,砸个黄金坑来，别墨迹,,股友xkrRQm,8036345832498286,2026-01-22 13:38:36,141,2,0,0,False,False,"https://guba.eastmoney.com/news,688076,1657961221.html",2026-07-06 17:06:14
eastmoney_guba,688076,1658066509,大盘不坏，你们心中所想的价格想也不要想。做大事不拘小节。,,生龙活虎的付雅松,5712177583597268,2026-01-22 14:50:15,64,0,0,0,False,False,"https://guba.eastmoney.com/news,688076,1658066509.html",2026-07-06 17:06:14
eastmoney_guba,688076,1658096451,没有卖盘，或者说卖盘都被在37.5左右吃了，完全下不去,,就是高吸低抛,2849057600812640,2026-01-22 15:21:07,85,0,0,0,False,False,"https://guba.eastmoney.com/news,688076,1658096451.html",2026-07-06 17:06:14
eastmoney_guba,688076,1658104906,从ST之前拿到现在，外面风生水起，这里垂头丧气。主啊！挺一挺吧！你又不是没这个实,,首富投资人,1811476816912550,2026-01-22 15:37:38,111,0,3,0,False,False,"https://guba.eastmoney.com/news,688076,1658104906.html",2026-07-06 17:06:14
eastmoney_guba,688076,1658481670,估计月底会发个不痛不痒的利空公告，再向下砸，这帮散户简直太粘人了，就是不下车,,币锭拿下,6046346014730666,2026-01-23 10:38:12,108,1,0,0,False,False,"https://guba.eastmoney.com/news,688076,1658481670.html",2026-07-06 17:06:14
eastmoney_guba,688076,1658646979,退市股,,你将最终胜利,1450306394783606,2026-01-23 13:15:33,40,0,0,0,False,False,"https://guba.eastmoney.com/news,688076,1658646979.html",2026-07-06 17:06:14
eastmoney_guba,688076,1658655856,太烂了,,股友iQUojU,4671355959136046,2026-01-23 13:20:40,82,2,0,0,False,False,"https://guba.eastmoney.com/news,688076,1658655856.html",2026-07-06 17:06:14
eastmoney_guba,688076,1658776361,就在三、四分钱之间跳来跳去，好玩吗？,,首富投资人,1811476816912550,2026-01-23 14:29:51,258,4,0,0,False,False,"https://guba.eastmoney.com/news,688076,1658776361.html",2026-07-06 17:06:14
eastmoney_guba,688076,1658921029,主力这么没中，不砸绿，就这么点实力，宋包，我的任务是坚守阵地两年，哈哈哈，躺好不,,股友5h55788T17,9299366485602102,2026-01-23 19:20:09,101,1,0,0,False,False,"https://guba.eastmoney.com/news,688076,1658921029.html",2026-07-06 17:06:14
eastmoney_guba,688076,1658985255,业绩拉跨，连预告也木有啊,,你将最终胜利,1450306394783606,2026-01-24 00:36:48,96,1,0,0,False,False,"https://guba.eastmoney.com/news,688076,1658985255.html",2026-07-06 17:06:14
eastmoney_guba,688076,1659056162,感觉弱太遇到到斩杀线了,,故事照亮未来,3297094203566288,2026-01-24 16:46:08,62,0,0,0,False,False,"https://guba.eastmoney.com/news,688076,1659056162.html",2026-07-06 17:06:14
eastmoney_guba,688076,1659082365,业绩这么好怎么股价从去年10月份到现在没涨？？？,,A股挣钱买大饼,9504057393740390,2026-01-24 22:20:34,111,1,0,0,False,False,"https://guba.eastmoney.com/news,688076,1659082365.html",2026-07-06 17:06:14
eastmoney_guba,688076,1659101844,谁去问一下股东人数,,吖啶锕,4227396211232666,2026-01-25 07:59:19,61,0,0,0,False,False,"https://guba.eastmoney.com/news,688076,1659101844.html",2026-07-06 17:06:14
eastmoney_guba,688076,1659143177,诺泰生物的股友们，本人38.5元全部清仓了，在这里没有希望的熬是极其错误的，牛市,,老高盈利并不难,1944111678218282,2026-01-25 17:05:33,369,2,0,0,False,False,"https://guba.eastmoney.com/news,688076,1659143177.html",2026-07-06 17:05:56
eastmoney_guba,688076,1659144640,问了deepseek仿制药增加只会给诺泰带来客户，蛋糕大了，需要原材料也就多了。,,生龙活虎的付雅松,5712177583597268,2026-01-25 17:20:37,161,0,0,0,False,False,"https://guba.eastmoney.com/news,688076,1659144640.html",2026-07-06 17:06:14
eastmoney_guba,688076,1659289889,炒啥股呀，炒白银，黄金多好呀，一定跟以前比特币一样势不可挡。目标白银11万，黄金,,生龙活虎的付雅松,5712177583597268,2026-01-26 09:42:35,67,0,0,0,False,False,"https://guba.eastmoney.com/news,688076,1659289889.html",2026-07-06 17:06:14
eastmoney_guba,688076,1659377887,咦咦咦居然还有朋友在啊,,心心的包厢,9789084839423434,2026-01-26 10:13:16,49,0,0,0,False,False,"https://guba.eastmoney.com/news,688076,1659377887.html",2026-07-06 17:06:14
eastmoney_guba,688076,1659420842,天天这么玩，懒得理，年底看你涨到多。,,古越新安,4541336174369464,2026-01-26 10:31:05,59,0,0,0,False,False,"https://guba.eastmoney.com/news,688076,1659420842.html",2026-07-06 17:06:14
eastmoney_guba,688076,1659445642,$ST诺泰(SH688076)$,,风轻1云淡,6663025159946828,2026-01-26 10:43:04,362,3,0,0,True,False,"https://guba.eastmoney.com/news,688076,1659445642.html",2026-07-06 17:06:14
eastmoney_guba,688076,1659484929,不用砸了，这几天出年报预告了,,傲气的佛觅儿,5598486666742320,2026-01-26 11:03:20,121,1,0,0,False,False,"https://guba.eastmoney.com/news,688076,1659484929.html",2026-07-06 17:06:14
eastmoney_guba,688076,1659507308,确实跌不动了，外面这个鸟样，也不怎么跌了真是绝对底部了，有利空就是最后一砸，没有,,不要炒币,1945306182154586,2026-01-26 11:16:46,79,0,0,0,False,False,"https://guba.eastmoney.com/news,688076,1659507308.html",2026-07-06 17:06:14
eastmoney_guba,688076,1659582926,印度发生大规模疫情，奥司他韦有特效吗？？,,华远股东,3047426769600740,2026-01-26 13:09:22,91,1,0,0,False,False,"https://guba.eastmoney.com/news,688076,1659582926.html",2026-07-06 17:06:14
eastmoney_guba,688076,1659602456,今天好几个生物，20cm,,移魂北京,3845075278137812,2026-01-26 13:22:02,159,3,1,0,False,False,"https://guba.eastmoney.com/news,688076,1659602456.html",2026-07-06 17:06:14
eastmoney_guba,688076,1659703418,小单一直往上顶,,就是高吸低抛,2849057600812640,2026-01-26 14:28:59,43,0,0,0,False,False,"https://guba.eastmoney.com/news,688076,1659703418.html",2026-07-06 17:06:14
eastmoney_guba,688076,1659710204,印度现尼帕疫情，我国已将该病毒列入出入境监测目录，是否病毒特效药奥司他韦？？？,,华远股东,3047426769600740,2026-01-26 14:33:54,98,0,0,0,False,False,"https://guba.eastmoney.com/news,688076,1659710204.html",2026-07-06 17:06:14
eastmoney_guba,688076,1659745355,整数点位300手300手的卖是哪个,,不要炒币,1945306182154586,2026-01-26 14:57:14,128,2,0,0,False,False,"https://guba.eastmoney.com/news,688076,1659745355.html",2026-07-06 17:06:14
eastmoney_guba,688076,1659781008,不用等了。1月31日之前按照规则，不可能有25年业绩披露了。正向增幅达到50%才,,江枫丨渔火,3125395530799198,2026-01-26 15:56:15,568,4,0,0,False,False,"https://guba.eastmoney.com/news,688076,1659781008.html",2026-07-06 17:06:14
eastmoney_guba,688076,1659786938,ST诺泰:2026年第一次临时股东会会议资料,,ST诺泰资讯,9038395923854884,2026-01-26 16:10:06,551,3,0,0,False,False,"https://guba.eastmoney.com/news,688076,1659786938.html",2026-07-06 17:06:14
eastmoney_guba,688076,1659808197,ST诺泰24年立案调查中，信披违规受损者可索赔,,知股微声,6820335832347056,2026-01-26 17:16:22,93,0,0,0,False,False,"https://guba.eastmoney.com/news,688076,1659808197.html",2026-07-06 17:06:14
eastmoney_guba,688076,1659878116,年前看到70元,,萨克马爱迪克,9948027252537598,2026-01-26 21:44:07,242,5,0,0,False,False,"https://guba.eastmoney.com/news,688076,1659878116.html",2026-07-06 17:06:14
eastmoney_guba,688076,1659886460,年前见到30,,你将最终胜利,1450306394783606,2026-01-26 22:18:36,51,0,0,0,False,False,"https://guba.eastmoney.com/news,688076,1659886460.html",2026-07-06 17:06:14
eastmoney_guba,688076,1659913288,怎么说，圣诺市值都比你高了,,生意发财de玉小刚,8265385864849912,2026-01-27 01:21:16,87,1,0,0,False,False,"https://guba.eastmoney.com/news,688076,1659913288.html",2026-07-06 17:06:14
eastmoney_guba,688076,1659944770,你已经成功洗走了很多大屁股,,万能的小灰灰,4052014182493802,2026-01-27 08:49:02,114,1,0,0,False,False,"https://guba.eastmoney.com/news,688076,1659944770.html",2026-07-06 17:06:14
eastmoney_guba,688076,1660059665,终于破位了，下面是32元支撑，下去吧！,,华远股东,3047426769600740,2026-01-27 09:53:49,163,3,0,0,False,False,"https://guba.eastmoney.com/news,688076,1660059665.html",2026-07-06 17:06:14
eastmoney_guba,688076,1660093970,终是错付付了你这瘟股,,股友922h8X6591,6699256662728486,2026-01-27 10:04:04,68,1,0,0,False,False,"https://guba.eastmoney.com/news,688076,1660093970.html",2026-07-06 17:06:14
eastmoney_guba,688076,1660297540,罚款计提,,大方的杨心宇,9818376354210682,2026-01-27 12:58:26,135,3,0,0,False,False,"https://guba.eastmoney.com/news,688076,1660297540.html",2026-07-06 17:06:14
eastmoney_guba,688076,1660349387,核苷类药物有效治疗尼帕病毒，跟诺泰有关系吗？尚不明确！,,华远股东,3047426769600740,2026-01-27 13:32:08,709,4,0,0,False,False,"https://guba.eastmoney.com/news,688076,1660349387.html",2026-07-06 17:06:14
eastmoney_guba,688076,1660377416,庄还没吃够啊,,就是高吸低抛,2849057600812640,2026-01-27 13:51:30,50,0,0,0,False,False,"https://guba.eastmoney.com/news,688076,1660377416.html",2026-07-06 17:06:14
eastmoney_guba,688076,1660427433,试个盘发现一点抛压没有,,不要炒币,1945306182154586,2026-01-27 14:25:43,124,2,0,0,False,False,"https://guba.eastmoney.com/news,688076,1660427433.html",2026-07-06 17:06:14
eastmoney_guba,688076,1660471492,退市了,,你将最终胜利,1450306394783606,2026-01-27 14:54:50,43,0,0,0,False,False,"https://guba.eastmoney.com/news,688076,1660471492.html",2026-07-06 17:06:14
eastmoney_guba,688076,1660486733,ST诺泰24年立案调查中，信披违规受损者可索赔,,股民索赔宝,2093306079314580,2026-01-27 15:08:34,94,0,0,0,False,False,"https://guba.eastmoney.com/news,688076,1660486733.html",2026-07-06 17:06:14
eastmoney_guba,688076,1660489763,又是砸尾盘,,你将最终胜利,1450306394783606,2026-01-27 15:12:53,39,0,0,0,False,False,"https://guba.eastmoney.com/news,688076,1660489763.html",2026-07-06 17:06:14
eastmoney_guba,688076,1660527602,只是不想拉，涨停分分钟,,股友jykiLS,1715095161176580,2026-01-27 16:43:07,60,0,0,0,False,False,"https://guba.eastmoney.com/news,688076,1660527602.html",2026-07-06 17:06:14
eastmoney_guba,688076,1660573735,垃圾堆里的大垃圾,,你将最终胜利,1450306394783606,2026-01-27 19:32:52,53,0,0,0,False,False,"https://guba.eastmoney.com/news,688076,1660573735.html",2026-07-06 17:06:14
eastmoney_guba,688076,1660593690,下半年看吧！绝对20元左右能买到,,吉祥善贾de黄忠,1636356218643724,2026-01-27 20:48:48,140,3,0,0,False,False,"https://guba.eastmoney.com/news,688076,1660593690.html",2026-07-06 17:06:14
eastmoney_guba,688076,1660626660,年前看到30元,,你将最终胜利,1450306394783606,2026-01-27 22:50:36,68,0,0,0,False,False,"https://guba.eastmoney.com/news,688076,1660626660.html",2026-07-06 17:06:14
eastmoney_guba,688076,1660682934,st诺泰目标价100元,,n807313832835970,8073013832835970,2026-01-28 09:04:12,292,5,0,0,False,False,"https://guba.eastmoney.com/news,688076,1660682934.html",2026-07-06 17:06:14
eastmoney_guba,688076,1660834816,ST诺泰的情况极为特殊，是“重症监护室里的病人”，但并非没有“生命体征”。,,生龙活虎的付雅松,5712177583597268,2026-01-28 10:10:39,101,0,0,0,False,False,"https://guba.eastmoney.com/news,688076,1660834816.html",2026-07-06 17:06:14
eastmoney_guba,688076,1660836631,又不是不赚钱，造假是做什么,,心心的包厢,9789084839423434,2026-01-28 10:11:17,182,4,0,0,False,False,"https://guba.eastmoney.com/news,688076,1660836631.html",2026-07-06 17:06:14
eastmoney_guba,688076,1660895380,刚才电话给董秘沟通过了。25年的业绩是未达标50%强制披露要求的。31号之前公司,,江枫丨渔火,3125395530799198,2026-01-28 10:35:33,2203,22,3,0,False,False,"https://guba.eastmoney.com/news,688076,1660895380.html",2026-07-06 17:06:12
eastmoney_guba,688076,1661034374,补充一条董秘的回复。2026年司美格鲁肽3月20号国内专利到期，目前国内提交司美,,江枫丨渔火,3125395530799198,2026-01-28 12:36:57,1919,12,3,0,False,False,"https://guba.eastmoney.com/news,688076,1661034374.html",2026-07-06 17:06:12
eastmoney_guba,688076,1661168068,希望今天是最后一跌,,就是高吸低抛,2849057600812640,2026-01-28 14:12:03,42,0,0,0,False,False,"https://guba.eastmoney.com/news,688076,1661168068.html",2026-07-06 17:06:14
eastmoney_guba,688076,1661244234,烂股 烂股 躲过了一个牛市,,股友iQUojU,4671355959136046,2026-01-28 14:55:35,65,0,0,0,False,False,"https://guba.eastmoney.com/news,688076,1661244234.html",2026-07-06 17:06:14
eastmoney_guba,688076,1661245346,割肉,,股友iQUojU,4671355959136046,2026-01-28 14:56:11,61,0,0,0,False,False,"https://guba.eastmoney.com/news,688076,1661245346.html",2026-07-06 17:06:14
eastmoney_guba,688076,1661258862,今晚出公号,,故事照亮未来,3297094203566288,2026-01-28 15:06:22,118,1,0,0,False,False,"https://guba.eastmoney.com/news,688076,1661258862.html",2026-07-06 17:06:14
eastmoney_guba,688076,1661332857,割肉走人了,,生龙活虎的付雅松,5712177583597268,2026-01-28 17:45:10,59,0,0,0,False,False,"https://guba.eastmoney.com/news,688076,1661332857.html",2026-07-06 17:06:14
eastmoney_guba,688076,1661360597,产能过剩了，说啥都没有用啦,,你将最终胜利,1450306394783606,2026-01-28 19:16:39,292,5,0,0,False,False,"https://guba.eastmoney.com/news,688076,1661360597.html",2026-07-06 17:06:14
eastmoney_guba,688076,1661391337,从报表分析诺泰是一家干事业办实事重发展的公司，学历能力兼备的一群高管，带领强大的,,雨林0038,3692326416924550,2026-01-28 20:59:07,670,15,0,0,False,False,"https://guba.eastmoney.com/news,688076,1661391337.html",2026-07-06 17:06:14
eastmoney_guba,688076,1661425494,就算诺泰不参与国内原料药竞争，但是在国内他自己有口服司美，海外原料药销往加拿大中,,就是高吸低抛,2849057600812640,2026-01-28 22:51:43,418,2,0,0,False,False,"https://guba.eastmoney.com/news,688076,1661425494.html",2026-07-06 17:06:14
eastmoney_guba,688076,1661491029,耐心最重要,,大方的杨心宇,9818376354210682,2026-01-29 08:58:46,186,2,0,0,False,False,"https://guba.eastmoney.com/news,688076,1661491029.html",2026-07-06 17:06:14
eastmoney_guba,688076,1661765529,规避医药股，ST泰诺罚款和赔偿有可能超过10亿？？？,,华远股东,3047426769600740,2026-01-29 10:58:33,239,3,0,0,False,False,"https://guba.eastmoney.com/news,688076,1661765529.html",2026-07-06 17:06:14
eastmoney_guba,688076,1661846319,真能跌，何时回头？,,boohn57,6376635210287768,2026-01-29 12:00:00,58,0,0,0,False,False,"https://guba.eastmoney.com/news,688076,1661846319.html",2026-07-06 17:06:14
eastmoney_guba,688076,1661887339,有业绩预告么,,随便聊聊00,8440386164089148,2026-01-29 13:08:12,46,0,0,0,False,False,"https://guba.eastmoney.com/news,688076,1661887339.html",2026-07-06 17:06:14
eastmoney_guba,688076,1661976428,又是500，500的砸,,就是高吸低抛,2849057600812640,2026-01-29 13:55:15,54,0,0,0,False,False,"https://guba.eastmoney.com/news,688076,1661976428.html",2026-07-06 17:06:14
eastmoney_guba,688076,1662030838,吹尽黄沙始见金,,雨林0038,3692326416924550,2026-01-29 14:21:35,242,3,0,0,False,False,"https://guba.eastmoney.com/news,688076,1662030838.html",2026-07-06 17:06:07
eastmoney_guba,688076,1662037848,@妙想能不能跌到35元？,,股友6X91180a65,6058094558671066,2026-01-29 14:25:16,210,3,0,0,False,False,"https://guba.eastmoney.com/news,688076,1662037848.html",2026-07-06 17:06:14
eastmoney_guba,688076,1662149891,连续跌六个月了,,故事照亮未来,3297094203566288,2026-01-29 16:01:21,102,1,0,0,False,False,"https://guba.eastmoney.com/news,688076,1662149891.html",2026-07-06 17:06:14
eastmoney_guba,688076,1662152914,诺泰生物可索赔登记，公司因信披违规收到处罚，根据相关司法解释，凡是2022年4月,,股东515,1563345991894970,2026-01-29 16:07:37,1252,2,0,0,False,False,"https://guba.eastmoney.com/news,688076,1662152914.html",2026-07-06 17:05:49
eastmoney_guba,688076,1662478020,继续杀,,就是高吸低抛,2849057600812640,2026-01-30 09:48:14,73,2,1,0,False,False,"https://guba.eastmoney.com/news,688076,1662478020.html",2026-07-06 17:06:14
eastmoney_guba,688076,1662488248,常山一年营收10亿都不到，亏损将近3亿，市值500多亿，反看诺泰……市值才100,,听海的枫,9501094056680964,2026-01-30 09:51:42,184,3,0,0,False,False,"https://guba.eastmoney.com/news,688076,1662488248.html",2026-07-06 17:06:14
eastmoney_guba,688076,1662551214,诺泰早就是破位下行，等待34.52元支撑！,,华远股东,3047426769600740,2026-01-30 10:13:05,67,1,0,0,False,False,"https://guba.eastmoney.com/news,688076,1662551214.html",2026-07-06 17:06:12
eastmoney_guba,688076,1662617988,这么着急的砸,,就是高吸低抛,2849057600812640,2026-01-30 10:37:12,50,0,0,0,False,False,"https://guba.eastmoney.com/news,688076,1662617988.html",2026-07-06 17:06:14
eastmoney_guba,688076,1662618498,新低了,,股友tLN3nx3989,6739014909763076,2026-01-30 10:37:23,53,0,0,0,False,False,"https://guba.eastmoney.com/news,688076,1662618498.html",2026-07-06 17:06:14
eastmoney_guba,688076,1662636770,才打了公司电话，盘后有预告，姗姗来迟大伙别砸了,,傲气的佛觅儿,5598486666742320,2026-01-30 10:46:18,377,10,0,0,False,False,"https://guba.eastmoney.com/news,688076,1662636770.html",2026-07-06 17:06:12
eastmoney_guba,688076,1662655556,只有每天定投了，目前定投到10%。来个-20%吧。今年大行情注定是惊涛骇浪，,,体贴的邓涛,8970027345082710,2026-01-30 10:55:58,63,1,0,0,False,False,"https://guba.eastmoney.com/news,688076,1662655556.html",2026-07-06 17:06:12
eastmoney_guba,688076,1662675731,猪猪猪使劲砸,,招财7753191,6185013262026100,2026-01-30 11:06:39,35,0,0,0,False,False,"https://guba.eastmoney.com/news,688076,1662675731.html",2026-07-06 17:06:14
eastmoney_guba,688076,1662706657,没量了还砸，猪,,招财7753191,6185013262026100,2026-01-30 11:24:48,33,0,0,0,False,False,"https://guba.eastmoney.com/news,688076,1662706657.html",2026-07-06 17:06:12
eastmoney_guba,688076,1662712131,你砸一砸我买一买，挺好,,只是为了做个实验,4166375946049700,2026-01-30 11:28:11,77,3,0,0,False,False,"https://guba.eastmoney.com/news,688076,1662712131.html",2026-07-06 17:06:12
eastmoney_guba,688076,1662713252,这么优质的假st,,坚韧的玲中翼18,1507315834754354,2026-01-30 11:28:56,61,0,0,0,False,False,"https://guba.eastmoney.com/news,688076,1662713252.html",2026-07-06 17:06:12
eastmoney_guba,688076,1662722571,一路下跌，无任何支撑,,n14119637450f16b,5312094119640056,2026-01-30 11:39:00,53,0,0,0,False,False,"https://guba.eastmoney.com/news,688076,1662722571.html",2026-07-06 17:06:12
eastmoney_guba,688076,1662732991,去年四季度业绩几千万，今年计提一下，估计没利润了！,,股友xC11082157,5915087048945050,2026-01-30 11:56:21,68,0,0,0,False,False,"https://guba.eastmoney.com/news,688076,1662732991.html",2026-07-06 17:06:12
eastmoney_guba,688076,1662764855,有人还记得佛山隐士吗？,,日进满堂de千仞雪,7656396467936408,2026-01-30 13:01:47,104,2,0,0,False,False,"https://guba.eastmoney.com/news,688076,1662764855.html",2026-07-06 17:06:12
eastmoney_guba,688076,1662794181,傻猪继续砸,,招财7753191,6185013262026100,2026-01-30 13:21:55,43,0,0,0,False,False,"https://guba.eastmoney.com/news,688076,1662794181.html",2026-07-06 17:06:12
eastmoney_guba,688076,1662804139,上午跟着黄金白银惊魂，下午回魂啦！,,生龙活虎的付雅松,5712177583597268,2026-01-30 13:28:33,55,0,0,0,False,False,"https://guba.eastmoney.com/news,688076,1662804139.html",2026-07-06 17:06:12
eastmoney_guba,688076,1662815795,按照这样的跌法，今晚估计要出公告了，,,币锭拿下,6046346014730666,2026-01-30 13:36:08,148,2,0,0,False,False,"https://guba.eastmoney.com/news,688076,1662815795.html",2026-07-06 17:06:12
eastmoney_guba,688076,1662844967,现在原料价格是低，但是有人说要跌到35元，我不太相信，,,陈扶摇,2707385668627232,2026-01-30 13:54:52,88,1,0,0,False,False,"https://guba.eastmoney.com/news,688076,1662844967.html",2026-07-06 17:06:12
eastmoney_guba,688076,1662899433,死兲使劲砸,,招财7753191,6185013262026100,2026-01-30 14:32:02,37,0,0,0,False,False,"https://guba.eastmoney.com/news,688076,1662899433.html",2026-07-06 17:06:12
eastmoney_guba,688076,1662918103,他奶奶的到底是人在做庄还是猪在做庄啊？,,招财7753191,6185013262026100,2026-01-30 14:44:39,53,0,0,0,False,False,"https://guba.eastmoney.com/news,688076,1662918103.html",2026-07-06 17:06:12
eastmoney_guba,688076,1662918532,他奶奶的到底是人在做庄还是鬼在做庄啊？,,招财7753191,6185013262026100,2026-01-30 14:44:57,57,0,0,0,False,False,"https://guba.eastmoney.com/news,688076,1662918532.html",2026-07-06 17:06:12
eastmoney_guba,688076,1662919171,他奶奶的到底是人在做庄还是狗在做庄啊？,,招财7753191,6185013262026100,2026-01-30 14:45:21,69,1,0,0,False,False,"https://guba.eastmoney.com/news,688076,1662919171.html",2026-07-06 17:06:12
eastmoney_guba,688076,1662928538,没有最低，只有更低,,榴莲哥,6014094256309422,2026-01-30 14:51:14,52,0,0,0,False,False,"https://guba.eastmoney.com/news,688076,1662928538.html",2026-07-06 17:06:12
eastmoney_guba,688076,1663005581,……,,股友922h8X6591,6699256662728486,2026-01-30 17:04:40,59,0,0,0,False,False,"https://guba.eastmoney.com/news,688076,1663005581.html",2026-07-06 17:06:12
eastmoney_guba,688076,1663012608,ST诺泰:2025年年度业绩预告,,ST诺泰资讯,9038395923854884,2026-01-30 17:23:48,1212,26,18,0,False,False,"https://guba.eastmoney.com/news,688076,1663012608.html",2026-07-06 17:06:10
eastmoney_guba,688076,1663021297,为什么四季度是不赚钱的，看看处罚书罚了多少钱,,只是为了做个实验,4166375946049700,2026-01-30 17:47:04,306,8,0,0,False,False,"https://guba.eastmoney.com/news,688076,1663021297.html",2026-07-06 17:06:12
eastmoney_guba,688076,1663023216,ST诺泰：2025年全年预计净利润3.10亿元—4.20亿元,,ST诺泰资讯,9038395923854884,2026-01-30 17:52:10,2140,10,7,0,False,False,"https://guba.eastmoney.com/news,688076,1663023216.html",2026-07-06 17:06:12
eastmoney_guba,688076,1663023399,资产减值计提太狠了吧，洗大澡去了,,重剑无锋9,7638094098343716,2026-01-30 17:52:39,103,1,0,0,False,False,"https://guba.eastmoney.com/news,688076,1663023399.html",2026-07-06 17:06:12
eastmoney_guba,688076,1663034570,也太狠了吧，对得起一直陪着你的股民吗？,,股友76636kq858,9304077574992074,2026-01-30 18:21:36,122,1,0,0,False,False,"https://guba.eastmoney.com/news,688076,1663034570.html",2026-07-06 17:06:12
eastmoney_guba,688076,1663036050,减肥药三傻，就圣诺Q4正增长，翰宇亏的比诺泰严重。到底为啥？诺泰处罚约4700万,,管住手机会永远有,1505346236358364,2026-01-30 18:25:26,196,0,0,0,False,False,"https://guba.eastmoney.com/news,688076,1663036050.html",2026-07-06 17:06:12
eastmoney_guba,688076,1663038464,25年利润加上7620万的罚款应该在3.9-5亿，,,什么理由,9735513611839352,2026-01-30 18:33:02,382,7,0,0,False,False,"https://guba.eastmoney.com/news,688076,1663038464.html",2026-07-06 17:06:12
eastmoney_guba,688076,1663048324,按以往4个亿营收10%净利润，现在折中4季度亏8000万，其中4700万罚款，剩,,管住手机会永远有,1505346236358364,2026-01-30 19:04:55,170,0,2,0,False,False,"https://guba.eastmoney.com/news,688076,1663048324.html",2026-07-06 17:06:12
eastmoney_guba,688076,1663051892,ST诺泰(688076.SH)：预计2025年归母净利润为3.1亿元到4.2亿元,,格隆汇,9507112872296268,2026-01-30 19:17:22,1462,3,1,0,False,False,"https://guba.eastmoney.com/news,688076,1663051892.html",2026-07-06 17:06:12
eastmoney_guba,688076,1663054995,ST诺泰：预计2025年净利3.1亿元-4.2亿元,,ST诺泰资讯,9038395923854884,2026-01-30 19:28:00,1853,2,3,0,False,False,"https://guba.eastmoney.com/news,688076,1663054995.html",2026-07-06 17:06:12
eastmoney_guba,688076,1663060046,感觉还要跌,,雪涧星沉6,4763355971089152,2026-01-30 19:45:39,137,3,0,0,False,False,"https://guba.eastmoney.com/news,688076,1663060046.html",2026-07-06 17:06:12
eastmoney_guba,688076,1663063274,第四季度怎么没赚钱,,坚持就能赚钱,3127376242834582,2026-01-30 19:56:45,64,0,0,0,False,False,"https://guba.eastmoney.com/news,688076,1663063274.html",2026-07-06 17:06:12
eastmoney_guba,688076,1663070665,ST票，业绩越好越不可能涨赶紧下来,,指数一万点无盈利,9588486802613468,2026-01-30 20:20:36,66,0,0,0,False,False,"https://guba.eastmoney.com/news,688076,1663070665.html",2026-07-06 17:06:12
eastmoney_guba,688076,1663075513,亏损,,江南好雨,8824094259644122,2026-01-30 20:37:36,63,0,0,0,False,False,"https://guba.eastmoney.com/news,688076,1663075513.html",2026-07-06 17:06:12
eastmoney_guba,688076,1663080534,说不定是四季度研发投入加大了,,jyz8186,8424112014234750,2026-01-30 20:54:48,52,0,0,0,False,False,"https://guba.eastmoney.com/news,688076,1663080534.html",2026-07-06 17:06:12
eastmoney_guba,688076,1663088038,大家周一怎么看是不是都要割肉了？,,医药不值得投资,5383084759787052,2026-01-30 21:20:07,211,3,0,0,False,False,"https://guba.eastmoney.com/news,688076,1663088038.html",2026-07-06 17:06:12
eastmoney_guba,688076,1663092693,业绩预告分析,,老马识牛LMSN,6199335854695468,2026-01-30 21:36:19,929,7,0,0,False,False,"https://guba.eastmoney.com/news,688076,1663092693.html",2026-07-06 17:06:12
eastmoney_guba,688076,1663099628,$ST诺泰(SH688076)$,,弹鼓168,4890112571958390,2026-01-30 22:00:52,68,0,0,0,False,False,"https://guba.eastmoney.com/news,688076,1663099628.html",2026-07-06 17:06:12
eastmoney_guba,688076,1663105369,本来处罚就有点牵强，公司在st期间有很多制约，管理层索性有点控制，为2026年打,,股友76636kq858,9304077574992074,2026-01-30 22:21:12,170,0,0,0,False,False,"https://guba.eastmoney.com/news,688076,1663105369.html",2026-07-06 17:06:12
eastmoney_guba,688076,1663106148,财务大洗澡明显。,,永时胜,9427034659555570,2026-01-30 22:24:09,133,1,0,0,False,False,"https://guba.eastmoney.com/news,688076,1663106148.html",2026-07-06 17:06:12
eastmoney_guba,688076,1663148048,2026.01.31日st股业绩预告。,,st股民老吴,1099037468010440,2026-01-31 04:33:51,2468,4,17,0,False,False,"https://guba.eastmoney.com/news,688076,1663148048.html",2026-07-06 17:06:12
eastmoney_guba,688076,1663207084,还是那句话，下半年20见,,吉祥善贾de黄忠,1636356218643724,2026-01-31 13:32:00,111,2,0,0,False,False,"https://guba.eastmoney.com/news,688076,1663207084.html",2026-07-06 17:06:12
eastmoney_guba,688076,1663238407,最惨的股民就是缴费的剑粉，大牛市股票亏钱，还是花钱买的荐股,,十几年的新股民,8443513755370648,2026-01-31 19:04:18,148,2,0,0,False,False,"https://guba.eastmoney.com/news,688076,1663238407.html",2026-07-06 17:06:12
eastmoney_guba,688076,1663254848,2025年苦是你给的，苦不堪言！,,股友0e3QEd,8186316001543026,2026-01-31 21:57:05,54,0,0,0,False,False,"https://guba.eastmoney.com/news,688076,1663254848.html",2026-07-06 17:06:12
eastmoney_guba,688076,1663278291,学球某粉举报删我帖子，等着周一跌停吧,,十几年的新股民,8443513755370648,2026-02-01 08:25:52,85,1,0,0,False,False,"https://guba.eastmoney.com/news,688076,1663278291.html",2026-07-06 17:06:12
eastmoney_guba,688076,1663289289,其实主要是减值影响了业绩，未来可以轻装了，而且研发创新也不错，可能对2026年业,,誓不做韭菜韭菜,2488034956102064,2026-02-01 10:32:55,105,0,0,0,False,False,"https://guba.eastmoney.com/news,688076,1663289289.html",2026-07-06 17:06:12
eastmoney_guba,688076,1663290558,研究了下，感觉2025年计提减值加上之前立案调查事项的落地，属于利空消息集中释放,,高山上的小韭,2609037409701682,2026-02-01 10:45:42,470,6,0,0,False,False,"https://guba.eastmoney.com/news,688076,1663290558.html",2026-07-06 17:06:12
eastmoney_guba,688076,1663301866,某球上几个大V拼命拉人头买诺泰，我在想他们这个目的是什么,,司马神,3153326367888576,2026-02-01 12:46:12,112,0,0,0,False,False,"https://guba.eastmoney.com/news,688076,1663301866.html",2026-07-06 17:06:12
eastmoney_guba,688076,1663312888,一首凉凉送给诺泰生物,,江枫丨渔火,3125395530799198,2026-02-01 15:00:28,609,4,1,0,False,False,"https://guba.eastmoney.com/news,688076,1663312888.html",2026-07-06 17:06:12
eastmoney_guba,688076,1663318624,ST诺泰：将于2026年02月02日召开2026年第一次临时股东大会,,ST诺泰资讯,9038395923854884,2026-02-01 16:04:11,748,4,0,0,False,False,"https://guba.eastmoney.com/news,688076,1663318624.html",2026-07-06 17:06:10
eastmoney_guba,688076,1663325338,客观解读一下业绩预告,,股友58o62972X3,8000316130229804,2026-02-01 17:09:38,1368,7,2,0,False,False,"https://guba.eastmoney.com/news,688076,1663325338.html",2026-07-06 17:06:12
eastmoney_guba,688076,1663326710,问一下为什么要这样地大洗澡呢？有理由猜测是为了26年的净利润增长率。提高26年净,,股友58o62972X3,8000316130229804,2026-02-01 17:23:23,305,1,0,0,False,False,"https://guba.eastmoney.com/news,688076,1663326710.html",2026-07-06 17:06:12
eastmoney_guba,688076,1663337303,我也认为是利空出尽，集中卸下包袱。这样利于2026年轻装上阵。往事已矣，最主要是,,细心的大巴车,7744016933999568,2026-02-01 19:10:45,99,1,0,0,False,False,"https://guba.eastmoney.com/news,688076,1663337303.html",2026-07-06 17:06:12
eastmoney_guba,688076,1663359749,我当初说过的话明天就成真了，当初47元的时候，我说诺泰会回到35。我的帖子都没删,,江枫丨渔火,3125395530799198,2026-02-01 22:14:41,680,5,0,0,False,False,"https://guba.eastmoney.com/news,688076,1663359749.html",2026-07-06 17:06:12
eastmoney_guba,688076,1663372997,很明显了，财务大洗澡，2026年大概率业绩同比增长较多。赌一个预期吧,,誓不做韭菜韭菜,2488034956102064,2026-02-02 00:21:29,91,0,0,0,False,False,"https://guba.eastmoney.com/news,688076,1663372997.html",2026-07-06 17:06:12
eastmoney_guba,688076,1663435436,啊,,绝对反击2026,5532113599128316,2026-02-02 09:26:31,45,0,0,0,False,False,"https://guba.eastmoney.com/news,688076,1663435436.html",2026-07-06 17:06:12
eastmoney_guba,688076,1663438950,啊啊啊？,,沉迷养股的小姐姐,7323094328978108,2026-02-02 09:29:22,34,0,0,0,False,False,"https://guba.eastmoney.com/news,688076,1663438950.html",2026-07-06 17:06:12
eastmoney_guba,688076,1663470678,怎么回事？在吓宝宝吗？,,首富投资人,1811476816912550,2026-02-02 09:39:04,82,1,0,0,False,False,"https://guba.eastmoney.com/news,688076,1663470678.html",2026-07-06 17:06:12
eastmoney_guba,688076,1663516626,你是真缺德啊，害死股民了,,股友JFiRTW,2816094180097482,2026-02-02 09:55:10,36,0,0,0,False,False,"https://guba.eastmoney.com/news,688076,1663516626.html",2026-07-06 17:06:12
eastmoney_guba,688076,1663524326,我已吃饱，看命了,,股友5h55788T17,9299366485602102,2026-02-02 09:58:13,43,0,0,0,False,False,"https://guba.eastmoney.com/news,688076,1663524326.html",2026-07-06 17:06:12
eastmoney_guba,688076,1663527618,请教一下，大概什么时间点摘帽,,调调丨,6303094222826394,2026-02-02 09:59:33,69,1,0,0,False,False,"https://guba.eastmoney.com/news,688076,1663527618.html",2026-07-06 17:06:12
eastmoney_guba,688076,1663533511,愿赌服输，弱胎估计是得罪哪位大人物了，下死手罚它，申诉了加重处罚，这是不搞退市不,,故事照亮未来,3297094203566288,2026-02-02 10:01:56,74,0,0,0,False,False,"https://guba.eastmoney.com/news,688076,1663533511.html",2026-07-06 17:06:12
eastmoney_guba,688076,1663552607,今天加仓没,,瑶光引途,7910094179091010,2026-02-02 10:10:18,43,0,0,0,False,False,"https://guba.eastmoney.com/news,688076,1663552607.html",2026-07-06 17:06:12
eastmoney_guba,688076,1663575095,好大一个缺口，不知道啥时候补上，妥妥的套利空间,,币锭拿下,6046346014730666,2026-02-02 10:20:59,138,3,0,0,False,False,"https://guba.eastmoney.com/news,688076,1663575095.html",2026-07-06 17:06:07
eastmoney_guba,688076,1663584391,……,,股友iQUojU,4671355959136046,2026-02-02 10:25:36,51,0,0,0,False,False,"https://guba.eastmoney.com/news,688076,1663584391.html",2026-07-06 17:06:12
eastmoney_guba,688076,1663585207,没人关注的烂票,,股友iQUojU,4671355959136046,2026-02-02 10:26:00,58,0,0,0,False,False,"https://guba.eastmoney.com/news,688076,1663585207.html",2026-07-06 17:06:12
eastmoney_guba,688076,1663587988,今天会是加仓好时机,,股友eIKYTT,1127225829494044,2026-02-02 10:27:30,72,1,0,0,False,False,"https://guba.eastmoney.com/news,688076,1663587988.html",2026-07-06 17:06:12
eastmoney_guba,688076,1663590519,今天这成交量远低于我的预期，看样现在里面的大部分都是滚刀肉了,,币锭拿下,6046346014730666,2026-02-02 10:28:50,423,10,0,0,False,False,"https://guba.eastmoney.com/news,688076,1663590519.html",2026-07-06 17:06:12
eastmoney_guba,688076,1663602817,这个业绩又不影响摘帽，干嘛慌不择路,,首富投资人,1811476816912550,2026-02-02 10:35:27,61,0,0,0,False,False,"https://guba.eastmoney.com/news,688076,1663602817.html",2026-07-06 17:06:12
eastmoney_guba,688076,1663624424,唉！一路跌，止不住的跌,,n14119637450f16b,5312094119640056,2026-02-02 10:48:20,63,1,0,0,False,False,"https://guba.eastmoney.com/news,688076,1663624424.html",2026-07-06 17:06:12
eastmoney_guba,688076,1663631301,常山药业赔几个亿还400多市值里,,科技股才是未来,4321045426032008,2026-02-02 10:52:50,76,0,0,0,False,False,"https://guba.eastmoney.com/news,688076,1663631301.html",2026-07-06 17:06:12
eastmoney_guba,688076,1663714841,佛山老瘾快出来走几步！,,luotuoxzx,6756094607583200,2026-02-02 12:18:30,82,1,0,0,False,False,"https://guba.eastmoney.com/news,688076,1663714841.html",2026-07-06 17:06:12
eastmoney_guba,688076,1663883871,目前看到25块,,别听他们忽悠,3124396168972760,2026-02-02 14:42:44,109,3,0,0,False,False,"https://guba.eastmoney.com/news,688076,1663883871.html",2026-07-06 17:06:10
eastmoney_guba,688076,1663890707,来个大哥把这个庄的筹码吃了看他怎么办,,就是高吸低抛,2849057600812640,2026-02-02 14:46:35,45,0,0,0,False,False,"https://guba.eastmoney.com/news,688076,1663890707.html",2026-07-06 17:06:12
eastmoney_guba,688076,1663925879,$ST诺泰(SH688076)$,,趣法律法援平台,5377037660516526,2026-02-02 15:06:42,377,0,1,0,True,False,"https://guba.eastmoney.com/news,688076,1663925879.html",2026-07-06 17:06:12
eastmoney_guba,688076,1663937851,减肥行业进入竞争时期，价格大幅下降才是关键,,股友uOxNHj,8885075480613284,2026-02-02 15:22:03,126,3,0,0,False,False,"https://guba.eastmoney.com/news,688076,1663937851.html",2026-07-06 17:06:10
eastmoney_guba,688076,1663954308,股东大会开完没有，进展如何？,,生龙活虎的付雅松,5712177583597268,2026-02-02 15:52:19,52,0,0,0,False,False,"https://guba.eastmoney.com/news,688076,1663954308.html",2026-07-06 17:06:12
eastmoney_guba,688076,1663954555,今天好于预期，主要是大盘不行。不然估计还有可能红,,diany,1536436672103910,2026-02-02 15:52:52,42,0,0,0,False,False,"https://guba.eastmoney.com/news,688076,1663954555.html",2026-07-06 17:06:12
eastmoney_guba,688076,1663957384,这样跌下去有退市风险吗？,,有判断力的严宇7,3547087168668640,2026-02-02 15:59:13,45,0,0,0,False,False,"https://guba.eastmoney.com/news,688076,1663957384.html",2026-07-06 17:06:12
eastmoney_guba,688076,1663965302,肯定有地雷,,東辉0531,5921024806581390,2026-02-02 16:18:20,66,0,0,0,False,False,"https://guba.eastmoney.com/news,688076,1663965302.html",2026-07-06 17:06:12
eastmoney_guba,688076,1663994365,ST诺泰:国浩律师(杭州)事务所关于江苏诺泰澳赛诺生物制药股份有限公司2026年第一次临时股东会法律意见书,,ST诺泰资讯,9038395923854884,2026-02-02 17:42:37,118,0,1,0,False,False,"https://guba.eastmoney.com/news,688076,1663994365.html",2026-07-06 17:06:12
eastmoney_guba,688076,1663994400,ST诺泰:2026年第一次临时股东会决议公告,,ST诺泰资讯,9038395923854884,2026-02-02 17:42:44,355,1,0,0,False,False,"https://guba.eastmoney.com/news,688076,1663994400.html",2026-07-06 17:06:12
eastmoney_guba,688076,1664008309,怎么能做到第四季度亏的，第四季度市场也没发生什么大事儿了。看来ST都是有内部原因,,闲淡鱼,5658513401185000,2026-02-02 18:30:37,93,0,0,0,False,False,"https://guba.eastmoney.com/news,688076,1664008309.html",2026-07-06 17:06:12
eastmoney_guba,688076,1664009541,没有创新药，也没有生物制剂，化学合成比不过生物制品，所以没有坚持持有。glp-1,,没翻倍不算赚,5013023721672056,2026-02-02 18:35:34,196,1,0,0,False,False,"https://guba.eastmoney.com/news,688076,1664009541.html",2026-07-06 17:06:12
eastmoney_guba,688076,1664064364,又要开始新一轮下跌了控制仓位优先,,时刻落袋为安,2205004714926754,2026-02-02 22:07:17,57,0,0,0,False,False,"https://guba.eastmoney.com/news,688076,1664064364.html",2026-07-06 17:06:10
eastmoney_guba,688076,1664172399,就想问，索赔啥时候结束,,股民3573,9801094391333426,2026-02-03 09:29:12,41,0,0,0,False,False,"https://guba.eastmoney.com/news,688076,1664172399.html",2026-07-06 17:06:10
eastmoney_guba,688076,1664189635,大家控制好仓位，等跌到位了再上,,别听他们忽悠,3124396168972760,2026-02-03 09:34:56,49,0,0,0,False,False,"https://guba.eastmoney.com/news,688076,1664189635.html",2026-07-06 17:06:10
eastmoney_guba,688076,1664194121,写在诺泰35块之际35块钱的诺泰，安全边际强过茅台。除了公司管理层喜欢耍小聪明外,,卡巴拉,2028023787975112,2026-02-03 09:36:33,1056,26,2,0,False,False,"https://guba.eastmoney.com/news,688076,1664194121.html",2026-07-06 17:06:10
eastmoney_guba,688076,1664225602,下跌趋势等30吧唉,,财运满堂的说不得,6060385841515926,2026-02-03 09:47:47,35,0,0,0,False,False,"https://guba.eastmoney.com/news,688076,1664225602.html",2026-07-06 17:06:10
eastmoney_guba,688076,1664233629,$ST诺泰(SH688076)$,,无常无欲,4889376390153356,2026-02-03 09:50:38,94,2,0,0,True,False,"https://guba.eastmoney.com/news,688076,1664233629.html",2026-07-06 17:06:10
eastmoney_guba,688076,1664249085,这管理层尿性十足,,股友76636kq858,9304077574992074,2026-02-03 09:56:47,46,0,0,0,False,False,"https://guba.eastmoney.com/news,688076,1664249085.html",2026-07-06 17:06:10
eastmoney_guba,688076,1664265875,砸盘猪，亏损股都在大涨,,招财7753191,6185013262026100,2026-02-03 10:04:15,47,1,0,0,False,False,"https://guba.eastmoney.com/news,688076,1664265875.html",2026-07-06 17:06:10
eastmoney_guba,688076,1664275012,他奶奶的，究竟是人在做庄还是猪在做庄啊？,,招财7753191,6185013262026100,2026-02-03 10:08:11,43,0,0,0,False,False,"https://guba.eastmoney.com/news,688076,1664275012.html",2026-07-06 17:06:10
eastmoney_guba,688076,1664284603,什么时候是个头呀？,,n14119637450f16b,5312094119640056,2026-02-03 10:12:22,44,0,0,0,False,False,"https://guba.eastmoney.com/news,688076,1664284603.html",2026-07-06 17:06:10
eastmoney_guba,688076,1664285852,ST诺泰2025年四季度出现单季大额资产减值集中计提，符合财务大洗澡的典型特征，,,傲气的佛觅儿,5598486666742320,2026-02-03 10:12:53,769,5,1,0,False,False,"https://guba.eastmoney.com/news,688076,1664285852.html",2026-07-06 17:06:07
eastmoney_guba,688076,1664293716,诺泰生物四季度财报属于典型的财务大洗澡，大家去豆包deepseek问询！26年一,,傲气的佛觅儿,5598486666742320,2026-02-03 10:16:20,203,5,0,0,False,False,"https://guba.eastmoney.com/news,688076,1664293716.html",2026-07-06 17:06:10
eastmoney_guba,688076,1664301315,他奶奶的，究竟是猪在做庄还是兲在做庄啊？,,招财7753191,6185013262026100,2026-02-03 10:19:53,36,0,0,0,False,False,"https://guba.eastmoney.com/news,688076,1664301315.html",2026-07-06 17:06:10
eastmoney_guba,688076,1664321538,多少人是给箭牌忽悠来的，做个统计，都给它拉黑了没呀，嘿嘿，牛市守股，守了个下跌百,,婉约的贲晹,7489013790558352,2026-02-03 10:30:18,79,1,0,0,False,False,"https://guba.eastmoney.com/news,688076,1664321538.html",2026-07-06 17:06:10
eastmoney_guba,688076,1664326280,月线7连阴，日线也7连阴上哪找这么差的股票,,潘戈223,7718094254713630,2026-02-03 10:32:35,43,0,0,0,False,False,"https://guba.eastmoney.com/news,688076,1664326280.html",2026-07-06 17:06:10
eastmoney_guba,688076,1664338773,是阴爹,,混元靈通,9170094289270828,2026-02-03 10:38:26,42,1,0,0,False,False,"https://guba.eastmoney.com/news,688076,1664338773.html",2026-07-06 17:06:10
eastmoney_guba,688076,1664362742,看来是真的止不住。,,别听他们忽悠,3124396168972760,2026-02-03 10:50:03,49,0,0,0,False,False,"https://guba.eastmoney.com/news,688076,1664362742.html",2026-07-06 17:06:10
eastmoney_guba,688076,1664363786,多头不死，下跌不止,,吉祥善贾de黄忠,1636356218643724,2026-02-03 10:50:34,45,0,0,0,False,False,"https://guba.eastmoney.com/news,688076,1664363786.html",2026-07-06 17:06:10
eastmoney_guba,688076,1664368756,左侧交易好难，主动买套吧，就一年，是骡子是马我等你明牌,,币锭拿下,6046346014730666,2026-02-03 10:53:04,241,3,0,0,True,False,"https://guba.eastmoney.com/news,688076,1664368756.html",2026-07-06 17:06:10
eastmoney_guba,688076,1664393752,关注一段时间了，能到30就来一点,,名去哪了,8785395875352726,2026-02-03 11:09:08,45,0,0,0,False,False,"https://guba.eastmoney.com/news,688076,1664393752.html",2026-07-06 17:06:10
eastmoney_guba,688076,1664396007,这是啥鸟,,東辉0531,5921024806581390,2026-02-03 11:10:41,65,1,0,0,False,False,"https://guba.eastmoney.com/news,688076,1664396007.html",2026-07-06 17:06:10
eastmoney_guba,688076,1664414678,挖个坑，埋点土等到12345等,,随便聊聊00,8440386164089148,2026-02-03 11:23:18,44,0,0,0,False,False,"https://guba.eastmoney.com/news,688076,1664414678.html",2026-07-06 17:06:10
eastmoney_guba,688076,1664415117,总之，是个可以放在自选股里长期跟踪的标的，跌多了敢买，涨多了也别太贪心,,心想事成欢乐家,7899016981301922,2026-02-03 11:23:36,56,0,0,0,False,False,"https://guba.eastmoney.com/news,688076,1664415117.html",2026-07-06 17:06:10
eastmoney_guba,688076,1664426158,新规将推动资本投资者从“财务投资”走向“价值创造。证券日报发表的。,,生龙活虎的付雅松,5712177583597268,2026-02-03 11:32:37,62,0,0,0,False,False,"https://guba.eastmoney.com/news,688076,1664426158.html",2026-07-06 17:06:10
eastmoney_guba,688076,1664434878,锁仓过大年,,日常收菜王,8548406671109214,2026-02-03 11:46:53,48,0,0,0,False,False,"https://guba.eastmoney.com/news,688076,1664434878.html",2026-07-06 17:06:10
eastmoney_guba,688076,1664444780,我又开始进啦,,刘宏兵,5522466673640950,2026-02-03 12:11:32,55,0,0,0,False,False,"https://guba.eastmoney.com/news,688076,1664444780.html",2026-07-06 17:06:10
eastmoney_guba,688076,1664451854,看月线，可以做中线,,稳赚不赔123321,8519014325037784,2026-02-03 12:35:37,45,0,0,0,False,False,"https://guba.eastmoney.com/news,688076,1664451854.html",2026-07-06 17:06:10
eastmoney_guba,688076,1664458790,新年特辑：“妖股”排行榜！,,股友809686H6u5,7921016981304800,2026-02-03 12:58:50,65,0,0,0,False,False,"https://guba.eastmoney.com/news,688076,1664458790.html",2026-07-06 17:06:10
eastmoney_guba,688076,1664493463,不要猜测市场会做出什么样的反应，而是应该始终做好应对市场变化的准备。,,普通的尉股民,8533436671145594,2026-02-03 13:22:52,48,0,0,0,False,False,"https://guba.eastmoney.com/news,688076,1664493463.html",2026-07-06 17:06:10
eastmoney_guba,688076,1664502358,那个雪球十几万粉丝叫剑什么的我刚刷到了，一天到晚到处发帖，都是酱油贴，唯独对诺泰,,司马神,3153326367888576,2026-02-03 13:28:59,299,7,0,0,False,False,"https://guba.eastmoney.com/news,688076,1664502358.html",2026-07-06 17:06:10
eastmoney_guba,688076,1664506072,下跌趋势中，你怎么样操作都是亏，不管你做差价还是抄底摊平成本，都会亏。,,没翻倍不算赚,5013023721672056,2026-02-03 13:31:29,45,0,0,0,False,False,"https://guba.eastmoney.com/news,688076,1664506072.html",2026-07-06 17:06:10
eastmoney_guba,688076,1664529127,差不多了，应该可以进了。,,首富投资人,1811476816912550,2026-02-03 13:46:44,42,0,0,0,False,False,"https://guba.eastmoney.com/news,688076,1664529127.html",2026-07-06 17:06:10
eastmoney_guba,688076,1664530302,强势洗盘后市看涨,,勤快的巨蟹,8652416671158692,2026-02-03 13:47:30,53,0,0,0,False,False,"https://guba.eastmoney.com/news,688076,1664530302.html",2026-07-06 17:06:10
eastmoney_guba,688076,1664540844,哪儿是底呀？底在哪儿？,,股友peUjj6,5855024806540832,2026-02-03 13:54:25,142,5,0,0,False,False,"https://guba.eastmoney.com/news,688076,1664540844.html",2026-07-06 17:06:10
eastmoney_guba,688076,1664551936,只要不退市跌到25都没有关系,,QJHY22302,5702013601648246,2026-02-03 14:01:32,63,1,0,0,False,False,"https://guba.eastmoney.com/news,688076,1664551936.html",2026-07-06 17:06:10
eastmoney_guba,688076,1664561511,隐士呢，这是他最确定的投资机会，然后牛市里大跌40%，,,晚上的清秋,3598396081954208,2026-02-03 14:08:07,68,1,0,0,False,False,"https://guba.eastmoney.com/news,688076,1664561511.html",2026-07-06 17:06:10
eastmoney_guba,688076,1664564807,行业中有138只股是涨的包刮ST诺泰9只是跌的,,QJHY22302,5702013601648246,2026-02-03 14:10:24,51,0,0,0,False,False,"https://guba.eastmoney.com/news,688076,1664564807.html",2026-07-06 17:06:10
eastmoney_guba,688076,1664565526,本周一是倒车接人的机会啊，把握住了,,倩姐来了,6084346365349282,2026-02-03 14:10:54,55,0,0,0,False,False,"https://guba.eastmoney.com/news,688076,1664565526.html",2026-07-06 17:06:10
eastmoney_guba,688076,1664567958,人在做，天在看，居心不良，信心崩塌！,,红尘摆摊,1020205508220778,2026-02-03 14:12:33,49,1,0,0,False,False,"https://guba.eastmoney.com/news,688076,1664567958.html",2026-07-06 17:06:10
eastmoney_guba,688076,1664569318,倒霉透顶，牛市买了个gou庄股,,永时胜,9427034659555570,2026-02-03 14:13:29,43,0,0,0,False,False,"https://guba.eastmoney.com/news,688076,1664569318.html",2026-07-06 17:06:10
eastmoney_guba,688076,1664578107,36.02---35.28跳空缺口出来起码还要跌十个百分点才会止跌，时间可能要一,,QJHY22302,5702013601648246,2026-02-03 14:19:09,83,2,0,0,False,False,"https://guba.eastmoney.com/news,688076,1664578107.html",2026-07-06 17:06:10
eastmoney_guba,688076,1664603627,2026大盘情绪还是在的，可以冲上5000点,,一个月十倍,7734007676895818,2026-02-03 14:34:48,42,0,0,0,False,False,"https://guba.eastmoney.com/news,688076,1664603627.html",2026-07-06 17:06:10
eastmoney_guba,688076,1664604986,拿了一年好可怜快坚持不下去了,,秋刀鱼之滋味,8586023872626028,2026-02-03 14:35:37,154,6,0,0,False,False,"https://guba.eastmoney.com/news,688076,1664604986.html",2026-07-06 17:06:10
eastmoney_guba,688076,1664622905,摘帽之前必须见20，爱信不信,,有毅力的梅梁0,9547087219575372,2026-02-03 14:46:42,67,1,0,0,False,False,"https://guba.eastmoney.com/news,688076,1664622905.html",2026-07-06 17:06:10
eastmoney_guba,688076,1664626994,34打了个窝，明天能让我跑吗？,,桥水总指挥,2838385689601238,2026-02-03 14:49:15,40,0,0,0,False,False,"https://guba.eastmoney.com/news,688076,1664626994.html",2026-07-06 17:06:10
eastmoney_guba,688076,1664641859,持有这个股的人，都在思考一个问题，沉没成本还是机会成本哪个重要?如果看准大盘要涨,,股友k210F85290,4697047054688334,2026-02-03 14:59:25,277,3,0,0,False,False,"https://guba.eastmoney.com/news,688076,1664641859.html",2026-07-06 17:06:10
eastmoney_guba,688076,1664645368,可以百年传承的股，佩服,,股友JFiRTW,2816094180097482,2026-02-03 15:01:56,52,0,0,0,False,False,"https://guba.eastmoney.com/news,688076,1664645368.html",2026-07-06 17:06:10
eastmoney_guba,688076,1664659121,弱弱的问一句，立案受处罚咋还有股权激励,,离岸的水,3494117085943454,2026-02-03 15:21:10,58,0,0,0,False,False,"https://guba.eastmoney.com/news,688076,1664659121.html",2026-07-06 17:06:10
eastmoney_guba,688076,1664678028,看K线，已经跌破30月K线了，和去年对等跌幅类似，应该在节前有个探底反弹了,,故事照亮未来,3297094203566288,2026-02-03 16:07:49,126,0,0,0,False,False,"https://guba.eastmoney.com/news,688076,1664678028.html",2026-07-06 17:06:10
eastmoney_guba,688076,1664696068,卖了卖了，跌跌不休何处去,,股友68019vX173,3884376498038826,2026-02-03 17:05:10,59,0,0,0,False,False,"https://guba.eastmoney.com/news,688076,1664696068.html",2026-07-06 17:06:10
eastmoney_guba,688076,1664709926,ST诺泰:关于自愿披露通过药品GMP符合性检查的公告,,ST诺泰资讯,9038395923854884,2026-02-03 17:55:03,406,1,7,0,False,False,"https://guba.eastmoney.com/news,688076,1664709926.html",2026-07-06 17:06:10
eastmoney_guba,688076,1664713366,ST诺泰(688076.SH)：通过药品GMP符合性检查,,格隆汇,9507112872296268,2026-02-03 18:09:01,636,1,0,0,False,False,"https://guba.eastmoney.com/news,688076,1664713366.html",2026-07-06 17:06:10
eastmoney_guba,688076,1664714640,ST诺泰：子公司原料药GMP检查通过,,ST诺泰资讯,9038395923854884,2026-02-03 18:14:10,929,1,0,0,False,False,"https://guba.eastmoney.com/news,688076,1664714640.html",2026-07-06 17:06:10
eastmoney_guba,688076,1664715502,发利好，我今天34买的能跑吧？,,桥水总指挥,2838385689601238,2026-02-03 18:17:32,245,4,0,0,False,False,"https://guba.eastmoney.com/news,688076,1664715502.html",2026-07-06 17:06:10
eastmoney_guba,688076,1664718013,ST诺泰(688076.SH)子公司通过药品GMP符合性检查,,智通财经,1229034599342114,2026-02-03 18:27:37,687,0,0,0,False,False,"https://guba.eastmoney.com/news,688076,1664718013.html",2026-07-06 17:06:10
eastmoney_guba,688076,1664737813,敲定60亿元综合授信额度 诺泰生物直面多肽业务价格下行|直击股东会,,ST诺泰资讯,9038395923854884,2026-02-03 19:56:20,2071,2,9,0,False,False,"https://guba.eastmoney.com/news,688076,1664737813.html",2026-07-06 17:06:10
eastmoney_guba,688076,1664765687,现在诺泰及未来的诺泰生产，一，多肽药，二，奥格特韦钠，三，寡核苷酸生产。多肽在生,,生龙活虎的付雅松,5712177583597268,2026-02-03 21:44:44,315,2,0,0,False,False,"https://guba.eastmoney.com/news,688076,1664765687.html",2026-07-06 17:06:10
eastmoney_guba,688076,1664785203,“奥格特韦钠”，这是近期在我国获批上市的一种新型口服抗新冠病毒药物药物类型：口服,,听海的枫,9501094056680964,2026-02-03 22:56:45,291,0,0,0,False,False,"https://guba.eastmoney.com/news,688076,1664785203.html",2026-07-06 17:06:10
eastmoney_guba,688076,1664818744,……,,史酷汪,2840175979875100,2026-02-04 06:17:38,57,0,0,0,False,False,"https://guba.eastmoney.com/news,688076,1664818744.html",2026-07-06 17:06:10
eastmoney_guba,688076,1664823805,屋漏偏逢连夜雨，昨晚诺和诺德跌15个点，礼来跌4个点！,,股友0e3QEd,8186316001543026,2026-02-04 07:27:36,200,3,0,0,False,False,"https://guba.eastmoney.com/news,688076,1664823805.html",2026-07-06 17:06:10
eastmoney_guba,688076,1664848679,讲个简单的逻辑：公司既然一本正经地开股东会申请60亿额度授信，想必应该已经跟银行,,股友58o62972X3,8000316130229804,2026-02-04 09:18:08,336,2,0,0,False,False,"https://guba.eastmoney.com/news,688076,1664848679.html",2026-07-06 17:06:10
eastmoney_guba,688076,1664851961,什么情况，一点机会不给吗,,桥水总指挥,2838385689601238,2026-02-04 09:21:59,60,0,0,0,False,False,"https://guba.eastmoney.com/news,688076,1664851961.html",2026-07-06 17:06:10
eastmoney_guba,688076,1664863823,一路向下头也不回,,股民3573,9801094391333426,2026-02-04 09:26:50,49,0,0,0,False,False,"https://guba.eastmoney.com/news,688076,1664863823.html",2026-07-06 17:06:10
eastmoney_guba,688076,1664883627,ST诺泰：奥格特韦钠原料药通过GMP符合性检查,,ST诺泰资讯,9038395923854884,2026-02-04 09:34:31,881,2,1,0,False,False,"https://guba.eastmoney.com/news,688076,1664883627.html",2026-07-06 17:06:07
eastmoney_guba,688076,1664913069,我35块出个一半先,,别听他们忽悠,3124396168972760,2026-02-04 09:44:13,49,0,0,0,False,False,"https://guba.eastmoney.com/news,688076,1664913069.html",2026-07-06 17:06:10
eastmoney_guba,688076,1664914232,全球GLP-1原料药产能已经开始过剩。凯莱英激进建设的多肽产能会大幅闲置。珍惜牛,,凯旋归来英雄,5936014366284868,2026-02-04 09:44:38,216,1,0,0,False,False,"https://guba.eastmoney.com/news,688076,1664914232.html",2026-07-06 17:06:10
eastmoney_guba,688076,1664947246,减肥药营收放量的唯一锚点是，因为消化系统的过滤效应，口服药的用量必定几十倍高于注,,币锭拿下,6046346014730666,2026-02-04 09:56:23,82,0,0,0,False,False,"https://guba.eastmoney.com/news,688076,1664947246.html",2026-07-06 17:06:10
eastmoney_guba,688076,1664974304,指数创新高，等待公司也创新高,,一个月十倍,7734007676895818,2026-02-04 10:07:16,57,0,0,0,False,False,"https://guba.eastmoney.com/news,688076,1664974304.html",2026-07-06 17:06:10
eastmoney_guba,688076,1665046342,希望每天比大盘和行业指数强一点就好了,,看西边的太阳,8347066981478244,2026-02-04 10:43:19,51,0,0,0,False,False,"https://guba.eastmoney.com/news,688076,1665046342.html",2026-07-06 17:06:10
eastmoney_guba,688076,1665107254,"看准时机T一T,",,憨态可掬的n,5666077669954856,2026-02-04 11:19:22,49,0,0,0,False,False,"https://guba.eastmoney.com/news,688076,1665107254.html",2026-07-06 17:06:10
eastmoney_guba,688076,1665138494,理财就像是种子，需要耐心的等待它们生长成为巨大的树。,,割韭菜的仙女,8705316358512554,2026-02-04 11:55:16,63,0,0,0,False,False,"https://guba.eastmoney.com/news,688076,1665138494.html",2026-07-06 17:06:10
eastmoney_guba,688076,1665152652,盘整阶段握住，不要被震走,,做个收菜的人,7590386499136342,2026-02-04 12:31:59,128,3,0,0,False,False,"https://guba.eastmoney.com/news,688076,1665152652.html",2026-07-06 17:06:10
eastmoney_guba,688076,1665176073,中单稳住，小单跟进,,妮妮妮12398,1101466665828736,2026-02-04 13:07:54,55,0,0,0,False,False,"https://guba.eastmoney.com/news,688076,1665176073.html",2026-07-06 17:06:10
eastmoney_guba,688076,1665197864,kdj都低于20了，诺泰处于明显的超卖状态，拿好了,,就是高吸低抛,2849057600812640,2026-02-04 13:21:42,59,0,0,0,False,False,"https://guba.eastmoney.com/news,688076,1665197864.html",2026-07-06 17:06:10
eastmoney_guba,688076,1665213672,坚持到年底，不动摇,,古越新安,4541336174369464,2026-02-04 13:32:51,49,0,0,0,False,False,"https://guba.eastmoney.com/news,688076,1665213672.html",2026-07-06 17:06:10
eastmoney_guba,688076,1665266291,老马来诺泰了，卧槽,,娴雅文静的红翻天,3308325928715898,2026-02-04 14:11:45,328,5,0,0,False,False,"https://guba.eastmoney.com/news,688076,1665266291.html",2026-07-06 17:06:07
eastmoney_guba,688076,1665271284,创新药集体反扑，这还是躲在角落里没人要,,不要炒币,1945306182154586,2026-02-04 14:15:27,48,0,0,0,False,False,"https://guba.eastmoney.com/news,688076,1665271284.html",2026-07-06 17:06:10
eastmoney_guba,688076,1665290151,说实话，下载个软件就只是想来骂你……什么,,股友j37oX3,9753335927910674,2026-02-04 14:29:49,66,0,0,0,False,False,"https://guba.eastmoney.com/news,688076,1665290151.html",2026-07-06 17:06:10
eastmoney_guba,688076,1665315264,怎么能那么垃圾，跌够一轮牛市,,股友j37oX3,9753335927910674,2026-02-04 14:47:06,139,1,1,0,False,False,"https://guba.eastmoney.com/news,688076,1665315264.html",2026-07-06 17:06:07
eastmoney_guba,688076,1665337906,，就连这样都还要收盘跌回去，公司,,股友j37oX3,9753335927910674,2026-02-04 15:03:05,112,1,0,0,False,False,"https://guba.eastmoney.com/news,688076,1665337906.html",2026-07-06 17:06:10
eastmoney_guba,688076,1665379860,压到这个价格估计主力也是亏钱的,,ST小阿芳,4609027126243586,2026-02-04 16:34:55,75,0,0,0,False,False,"https://guba.eastmoney.com/news,688076,1665379860.html",2026-07-06 17:06:07
eastmoney_guba,688076,1665414000,还得往下去33.2。34.3双头都过不去,,ST小阿芳,4609027126243586,2026-02-04 18:49:19,49,0,0,0,False,False,"https://guba.eastmoney.com/news,688076,1665414000.html",2026-07-06 17:06:07
eastmoney_guba,688076,1665414065,都是量化交易,,ST小阿芳,4609027126243586,2026-02-04 18:49:41,66,0,0,0,False,False,"https://guba.eastmoney.com/news,688076,1665414065.html",2026-07-06 17:06:07
eastmoney_guba,688076,1665426634,支撑全部跌破，已经新低了，底在哪里,,n14119637450f16b,5312094119640056,2026-02-04 19:47:23,109,2,0,0,False,False,"https://guba.eastmoney.com/news,688076,1665426634.html",2026-07-06 17:06:07
eastmoney_guba,688076,1665438853,哇诺和诺德今天跌停，腰斩了。,,生龙活虎的付雅松,5712177583597268,2026-02-04 20:42:54,284,2,0,0,False,False,"https://guba.eastmoney.com/news,688076,1665438853.html",2026-07-06 17:06:07
eastmoney_guba,688076,1665511428,34打的窝，昨天没跑，今天能让我跑吗？,,桥水总指挥,2838385689601238,2026-02-05 07:59:14,103,2,0,0,False,False,"https://guba.eastmoney.com/news,688076,1665511428.html",2026-07-06 17:06:07
eastmoney_guba,688076,1665562984,无论诺和涨还是礼来涨，诺泰都不涨。,,观海云远11,3573095269174092,2026-02-05 09:33:05,145,2,0,0,False,False,"https://guba.eastmoney.com/news,688076,1665562984.html",2026-07-06 17:06:07
eastmoney_guba,688076,1665647990,先来一个涨停簌簌口,,就是要挣钱1981,5088094362347942,2026-02-05 10:05:40,58,0,0,0,False,False,"https://guba.eastmoney.com/news,688076,1665647990.html",2026-07-06 17:06:07
eastmoney_guba,688076,1665650063,35我卖一半，然后等着接回来摊下成本,,别听他们忽悠,3124396168972760,2026-02-05 10:06:30,82,1,0,0,False,False,"https://guba.eastmoney.com/news,688076,1665650063.html",2026-07-06 17:06:07
eastmoney_guba,688076,1665666824,何事？,,山雨欲来1,1574416648412580,2026-02-05 10:13:59,51,0,0,0,False,False,"https://guba.eastmoney.com/news,688076,1665666824.html",2026-07-06 17:06:07
eastmoney_guba,688076,1665668045,今天吃药了？,,财运满堂的说不得,6060385841515926,2026-02-05 10:14:33,53,0,0,0,False,False,"https://guba.eastmoney.com/news,688076,1665668045.html",2026-07-06 17:06:07
eastmoney_guba,688076,1665678546,打了针肾上腺素,,東辉0531,5921024806581390,2026-02-05 10:19:01,52,0,0,0,False,False,"https://guba.eastmoney.com/news,688076,1665678546.html",2026-07-06 17:06:07
eastmoney_guba,688076,1665698732,快跑呀逃命要紧,,QJHY22302,5702013601648246,2026-02-05 10:28:33,56,0,0,0,False,False,"https://guba.eastmoney.com/news,688076,1665698732.html",2026-07-06 17:06:07
eastmoney_guba,688076,1665706553,今天终于不被翰宇药业和圣诺生物拉在后面了，希望到收盘能挺住,,币锭拿下,6046346014730666,2026-02-05 10:32:37,97,0,0,0,False,False,"https://guba.eastmoney.com/news,688076,1665706553.html",2026-07-06 17:06:07
eastmoney_guba,688076,1665707230,卖了，走了，伤心了！,,股友RqPaD5,3127316051660808,2026-02-05 10:33:02,57,0,0,0,False,False,"https://guba.eastmoney.com/news,688076,1665707230.html",2026-07-06 17:06:07
eastmoney_guba,688076,1665709092,大A多肽原料药哪家强，专利到期会有大量仿制药上市，卖铲人看好你！,,股友xC11082157,5915087048945050,2026-02-05 10:34:06,100,0,0,0,False,False,"https://guba.eastmoney.com/news,688076,1665709092.html",2026-07-06 17:06:07
eastmoney_guba,688076,1665716629,挺住，看好你,,古越新安,4541336174369464,2026-02-05 10:38:25,66,0,0,0,False,False,"https://guba.eastmoney.com/news,688076,1665716629.html",2026-07-06 17:06:07
eastmoney_guba,688076,1665739686,华尔街只信迭代：量化四次“变种”揭秘,,量化攀登者,5667077610327508,2026-02-05 10:51:37,731,0,1,0,False,False,"https://guba.eastmoney.com/news,688076,1665739686.html",2026-07-06 17:06:07
eastmoney_guba,688076,1665764854,哪位专家懂得，诺泰生物如果减肥药研发成功，能不能形成原料药到生产的闭环销售？,,股友xC11082157,5915087048945050,2026-02-05 11:06:48,188,1,0,0,False,False,"https://guba.eastmoney.com/news,688076,1665764854.html",2026-07-06 17:06:07
eastmoney_guba,688076,1665839556,别啊！还没上车呢主力不干活了吗今天？？？？赶紧砸啊，还没上车呢,,稳健老师,4617395870494756,2026-02-05 13:05:52,63,0,0,0,False,False,"https://guba.eastmoney.com/news,688076,1665839556.html",2026-07-06 17:06:07
eastmoney_guba,688076,1665875412,看起来是下die中继的反弹罢了，估摸着还是音die,,别听他们忽悠,3124396168972760,2026-02-05 13:34:08,66,0,0,0,False,False,"https://guba.eastmoney.com/news,688076,1665875412.html",2026-07-06 17:06:07
eastmoney_guba,688076,1665908108,产能过剩说法被礼来展望搞得不攻自破，连星巴克都在考虑产品里加glp-1靶点的原料,,不要炒币,1945306182154586,2026-02-05 14:00:06,198,0,0,0,False,False,"https://guba.eastmoney.com/news,688076,1665908108.html",2026-07-06 17:06:07
eastmoney_guba,688076,1665928378,这近半小时一动不动，是要表达什么意思吧,,JZ56999,1322094581114374,2026-02-05 14:16:26,61,0,0,0,False,False,"https://guba.eastmoney.com/news,688076,1665928378.html",2026-07-06 17:06:07
eastmoney_guba,688076,1665938124,今天终于拉红了全仓买入！！！！最后3层仓也打进来了！跟主力抢筹吗,,司马神,3153326367888576,2026-02-05 14:24:16,154,2,0,0,False,False,"https://guba.eastmoney.com/news,688076,1665938124.html",2026-07-06 17:06:07
eastmoney_guba,688076,1665962113,全仓梭哈！打入！,,司马神,3153326367888576,2026-02-05 14:43:12,114,1,0,0,False,False,"https://guba.eastmoney.com/news,688076,1665962113.html",2026-07-06 17:06:07
eastmoney_guba,688076,1666028127,2025年度全球药王的归属已经没有悬念——替尔泊肽正式登顶。,,山雨欲来1,1574416648412580,2026-02-05 16:40:04,205,0,0,0,False,False,"https://guba.eastmoney.com/news,688076,1666028127.html",2026-07-06 17:06:07
eastmoney_guba,688076,1666041732,大盘连续暴涨时候他暴跌，这一个阳线连前面的跌幅都收不回来，就喊着满仓了，被洗脑的,,股友773z82T058,5079256729332326,2026-02-05 17:29:06,72,0,0,0,False,False,"https://guba.eastmoney.com/news,688076,1666041732.html",2026-07-06 17:06:07
eastmoney_guba,688076,1666047529,今日弱胎小阳随想，前几日破位下杀竟然没有量，主力昨夜梦中惊坐起，庄家竟是我自己，,,故事照亮未来,3297094203566288,2026-02-05 17:53:51,131,0,0,0,False,False,"https://guba.eastmoney.com/news,688076,1666047529.html",2026-07-06 17:06:07
eastmoney_guba,688076,1666072991,诺泰生物独家原料供应商，助力-全球首款治疗轻重型新冠创新药成功上市！(浙江艾森药,,听海的枫,9501094056680964,2026-02-05 19:58:59,682,7,0,0,False,False,"https://guba.eastmoney.com/news,688076,1666072991.html",2026-07-06 17:06:07
eastmoney_guba,688076,1666156403,吧里又开始了，一堆人乱喊，目测今天-3个点以上，立帖为证,,稳健老师,4617395870494756,2026-02-06 08:06:49,116,1,0,0,False,False,"https://guba.eastmoney.com/news,688076,1666156403.html",2026-07-06 17:06:07
eastmoney_guba,688076,1666285793,今天这走势出乎我意料啊，还能拉红？主力上班了？,,币锭拿下,6046346014730666,2026-02-06 10:03:28,85,1,0,0,False,False,"https://guba.eastmoney.com/news,688076,1666285793.html",2026-07-06 17:06:07
eastmoney_guba,688076,1666344811,ST5%,,股友7t65968F81,4477316185546414,2026-02-06 10:32:28,57,0,0,0,False,False,"https://guba.eastmoney.com/news,688076,1666344811.html",2026-07-06 17:06:07
eastmoney_guba,688076,1666371748,这种短期下探如此快的情况，要做的不是一阳改三观去追高，而是得高抛低吸,,别听他们忽悠,3124396168972760,2026-02-06 10:46:59,91,0,0,0,False,False,"https://guba.eastmoney.com/news,688076,1666371748.html",2026-07-06 17:06:07
eastmoney_guba,688076,1666424827,主力的愚蠢诺泰的主力作茧自缚，自以为聪明。在正确的共识之下，不去顺势自我加强，逆,,卡巴拉,2028023787975112,2026-02-06 11:22:54,518,9,0,0,False,False,"https://guba.eastmoney.com/news,688076,1666424827.html",2026-07-06 17:06:07
eastmoney_guba,688076,1666443080,感觉下午要跳水,,就是高吸低抛,2849057600812640,2026-02-06 11:46:13,56,0,0,0,False,False,"https://guba.eastmoney.com/news,688076,1666443080.html",2026-07-06 17:06:07
eastmoney_guba,688076,1666501718,板块上去了，主别午睡了，起来干活,,首富投资人,1811476816912550,2026-02-06 13:27:05,73,1,0,0,False,False,"https://guba.eastmoney.com/news,688076,1666501718.html",2026-07-06 17:06:07
eastmoney_guba,688076,1666535267,太强了！居然能红！贷款补仓！加仓！干！庄家手里现在没有一点筹码，全在我们手上，别,,司马神,3153326367888576,2026-02-06 13:51:51,131,1,0,0,False,False,"https://guba.eastmoney.com/news,688076,1666535267.html",2026-07-06 17:06:07
eastmoney_guba,688076,1666647893,涨1小时，下跌10天,,股友03627F7M73,6950187586920228,2026-02-06 15:19:07,64,0,0,0,False,False,"https://guba.eastmoney.com/news,688076,1666647893.html",2026-07-06 17:06:07
eastmoney_guba,688076,1666914152,信达、诺泰.礼来是不是合作伙伴？,,股友xC11082157,5915087048945050,2026-02-08 21:17:44,109,0,0,0,False,False,"https://guba.eastmoney.com/news,688076,1666914152.html",2026-07-06 17:06:07
eastmoney_guba,688076,1666965997,芭比Q了，快点跑,,股民3573,9801094391333426,2026-02-09 09:26:18,57,0,0,0,False,False,"https://guba.eastmoney.com/news,688076,1666965997.html",2026-07-06 17:06:07
eastmoney_guba,688076,1667018045,今天的盘面有点特别，出现了多次1000手左右的压单，之前很少有500手以上的压单,,币锭拿下,6046346014730666,2026-02-09 09:47:08,304,4,0,0,False,False,"https://guba.eastmoney.com/news,688076,1667018045.html",2026-07-06 17:06:07
eastmoney_guba,688076,1667074678,让庄家圧，到4月份还能压得住？,,古越新安,4541336174369464,2026-02-09 10:13:32,70,0,0,0,False,False,"https://guba.eastmoney.com/news,688076,1667074678.html",2026-07-06 17:06:07
eastmoney_guba,688076,1667092737,哪有什么庄家都在YY，看哪个平台不是我们诺泰家人最多，家人们加把劲买进来，我早已,,司马神,3153326367888576,2026-02-09 10:23:27,185,4,0,0,False,False,"https://guba.eastmoney.com/news,688076,1667092737.html",2026-07-06 17:06:07
eastmoney_guba,688076,1667117515,预定仓位打满了,,七月当圆子,6180094012890770,2026-02-09 10:38:06,394,8,0,0,False,False,"https://guba.eastmoney.com/news,688076,1667117515.html",2026-07-06 17:06:00
eastmoney_guba,688076,1667139386,内心毫无波澜,,就是高吸低抛,2849057600812640,2026-02-09 10:51:54,62,0,0,0,False,False,"https://guba.eastmoney.com/news,688076,1667139386.html",2026-07-06 17:06:07
eastmoney_guba,688076,1667141030,浪费大好行情还亏了20多个点，骂都骂不动了！,,坚定的起飞888,9428094500891484,2026-02-09 10:53:00,73,0,0,0,False,False,"https://guba.eastmoney.com/news,688076,1667141030.html",2026-07-06 17:06:07
eastmoney_guba,688076,1667152282,每天开盘冲高一下就往下跌，只能这样做差价,,股民3573,9801094391333426,2026-02-09 11:00:35,71,0,0,0,False,False,"https://guba.eastmoney.com/news,688076,1667152282.html",2026-07-06 17:06:07
eastmoney_guba,688076,1667160168,谁挂的250单笑死了,,就是高吸低抛,2849057600812640,2026-02-09 11:05:43,69,0,0,0,False,False,"https://guba.eastmoney.com/news,688076,1667160168.html",2026-07-06 17:06:07
eastmoney_guba,688076,1667163205,研究表明，此股多空发生严重分歧。,,股友7t65968F81,4477316185546414,2026-02-09 11:07:50,148,2,0,0,False,False,"https://guba.eastmoney.com/news,688076,1667163205.html",2026-07-06 17:06:07
eastmoney_guba,688076,1667198819,到底是什么回事，怎么那么垃圾，简直了公司,,股友j37oX3,9753335927910674,2026-02-09 11:39:54,74,0,0,0,False,False,"https://guba.eastmoney.com/news,688076,1667198819.html",2026-07-06 17:06:07
eastmoney_guba,688076,1667206745,还是想和股吧里面的兄弟说说真心话,,江枫丨渔火,3125395530799198,2026-02-09 12:00:45,1822,25,2,0,False,False,"https://guba.eastmoney.com/news,688076,1667206745.html",2026-07-06 17:06:07
eastmoney_guba,688076,1667210038,退市吧，只跌不涨的股,,股友892800pn25,8203346180960940,2026-02-09 12:13:14,69,0,0,0,False,False,"https://guba.eastmoney.com/news,688076,1667210038.html",2026-07-06 17:06:07
eastmoney_guba,688076,1667292574,$ST诺泰(SH688076)$,,半山观潮起,6179385686760192,2026-02-09 13:54:55,436,0,1,0,True,False,"https://guba.eastmoney.com/news,688076,1667292574.html",2026-07-06 17:06:07
eastmoney_guba,688076,1667323965,再洗下去，散户都该满仓梭哈了！,,dena2008888,4216094259214052,2026-02-09 14:21:51,118,1,0,0,False,False,"https://guba.eastmoney.com/news,688076,1667323965.html",2026-07-06 17:06:07
eastmoney_guba,688076,1667360327,主力恶意操作，非人心地打压股指，太可恶了,,拉萨顶峰,3140007529124966,2026-02-09 14:52:05,152,1,0,0,False,False,"https://guba.eastmoney.com/news,688076,1667360327.html",2026-07-06 17:06:07
eastmoney_guba,688076,1667367144,说主力故意洗盘压价什么的那些人我总感觉像是拖，因为我在其他股吧也见过说的话基本都,,司马神,3153326367888576,2026-02-09 14:57:01,247,2,0,0,False,False,"https://guba.eastmoney.com/news,688076,1667367144.html",2026-07-06 17:06:07
eastmoney_guba,688076,1667443288,此股平日只需关注即可，哪天放量十个点以上大阳线再买入都来得及，记住即使这个时候买,,大混沌789,2636365924839354,2026-02-09 19:37:29,137,0,0,0,False,False,"https://guba.eastmoney.com/news,688076,1667443288.html",2026-07-06 17:06:07
eastmoney_guba,688076,1667771667,看来今天全都没欲望骂gou庄了。哈哈哈,,永时胜,9427034659555570,2026-02-10 11:31:37,173,3,0,0,False,False,"https://guba.eastmoney.com/news,688076,1667771667.html",2026-07-06 17:06:07
eastmoney_guba,688076,1667870347,6道上影叉，主路跑路了，还要跌，30元见。,,华远股东,3047426769600740,2026-02-10 14:01:08,422,2,0,0,True,False,"https://guba.eastmoney.com/news,688076,1667870347.html",2026-07-06 17:06:07
eastmoney_guba,688076,1667932860,涨吧，我要还房贷，要不然过年都没得过了。帮帮忙,,华扬电子3887,6040095002869462,2026-02-10 14:54:09,117,1,0,0,False,False,"https://guba.eastmoney.com/news,688076,1667932860.html",2026-07-06 17:06:07
eastmoney_guba,688076,1668160283,最近就是上午拉下，下午拉胯,,别听他们忽悠,3124396168972760,2026-02-11 09:43:08,72,0,0,0,False,False,"https://guba.eastmoney.com/news,688076,1668160283.html",2026-07-06 17:06:07
eastmoney_guba,688076,1668233983,诺德ST是因为虚报吗？,,泰然处之的我,1218054927709794,2026-02-11 10:17:17,76,0,0,0,False,False,"https://guba.eastmoney.com/news,688076,1668233983.html",2026-07-06 17:06:07
eastmoney_guba,688076,1668261599,下跌通道别死扛,,吉祥善贾de黄忠,1636356218643724,2026-02-11 10:33:04,66,0,0,0,False,False,"https://guba.eastmoney.com/news,688076,1668261599.html",2026-07-06 17:06:07
eastmoney_guba,688076,1668348000,上午又加了3笔，贷款贷了3笔全打进来了，干就完了！家人们冲冲冲！早就满仓了,,司马神,3153326367888576,2026-02-11 11:39:11,102,0,0,0,False,False,"https://guba.eastmoney.com/news,688076,1668348000.html",2026-07-06 17:06:07
eastmoney_guba,688076,1668360092,已经有底仓的就别加了，真的看好，啥时候过60均线啥时候再上仓位，左侧磨底没个头。,,币锭拿下,6046346014730666,2026-02-11 12:16:00,131,2,0,0,False,False,"https://guba.eastmoney.com/news,688076,1668360092.html",2026-07-06 17:06:07
eastmoney_guba,688076,1668452166,弱势下跌没有底，放弃诺泰是最好的选择。,,华远股东,3047426769600740,2026-02-11 14:09:32,87,1,0,0,False,False,"https://guba.eastmoney.com/news,688076,1668452166.html",2026-07-06 17:06:07
eastmoney_guba,688076,1668453136,各位股友，诺泰投资者号码0571-86297893长期被设置成呼叫转移到手机，高,,老少顽主,1589094234445396,2026-02-11 14:10:25,165,3,0,0,False,False,"https://guba.eastmoney.com/news,688076,1668453136.html",2026-07-06 17:06:07
eastmoney_guba,688076,1668569569,随着春节期间减肥人士的激增，节后风口即将来临。,,大混沌789,2636365924839354,2026-02-11 17:59:25,275,5,0,0,False,False,"https://guba.eastmoney.com/news,688076,1668569569.html",2026-07-06 17:06:06
eastmoney_guba,688076,1668577774,业绩这么好为什么要ST呢,,左买右卖,8040094509165208,2026-02-11 18:43:02,87,1,0,0,False,False,"https://guba.eastmoney.com/news,688076,1668577774.html",2026-07-06 17:06:07
eastmoney_guba,688076,1668581274,缩量到极致，要变盘了,,傲气的佛觅儿,5598486666742320,2026-02-11 19:02:08,654,3,1,0,True,False,"https://guba.eastmoney.com/news,688076,1668581274.html",2026-07-06 17:06:07
eastmoney_guba,688076,1668683472,$ST诺泰(SH688076)$,,滚雪球3333,3724094279835908,2026-02-12 09:13:14,211,0,0,0,True,False,"https://guba.eastmoney.com/news,688076,1668683472.html",2026-07-06 17:06:07
eastmoney_guba,688076,1668739978,发个牢骚，持有半年了，好悲观，这么个下跌趋势，能到30以下，亏惨了，我跟建工爷叔,,sjmou嘿,4378094538624910,2026-02-12 09:43:33,236,6,0,0,False,False,"https://guba.eastmoney.com/news,688076,1668739978.html",2026-07-06 17:06:07
eastmoney_guba,688076,1668760880,成交量都没了,,江阴城西炒家,9135376510407800,2026-02-12 09:51:13,64,0,0,0,False,False,"https://guba.eastmoney.com/news,688076,1668760880.html",2026-07-06 17:06:07
eastmoney_guba,688076,1668896081,毕竟大盘还在涨，要是大盘调整一波，诺泰会去哪里，30必破,,股友tLN3nx3989,6739014909763076,2026-02-12 11:06:53,141,3,0,0,False,False,"https://guba.eastmoney.com/news,688076,1668896081.html",2026-07-06 17:06:07
eastmoney_guba,688076,1668915869,市场会教育每一个犟种，拿票的逻辑没变，只能忘记持仓等摘帽，摘帽时可能是20也可能,,币锭拿下,6046346014730666,2026-02-12 11:22:01,97,0,0,0,False,False,"https://guba.eastmoney.com/news,688076,1668915869.html",2026-07-06 17:06:07
eastmoney_guba,688076,1668934291,垃圾股都能炒上天，机会总是有点，就是需要极大的耐心去等。诺泰也是完全理性的规划和,,boohn57,6376635210287768,2026-02-12 11:46:08,93,0,0,0,False,False,"https://guba.eastmoney.com/news,688076,1668934291.html",2026-07-06 17:06:06
eastmoney_guba,688076,1668969548,清仓了，拜拜，月线7连阴，这种股票还拿什么呢？你说日线可以造假，周线月线你不好造,,股友87mX622262,1351326560749034,2026-02-12 13:12:04,246,6,0,0,False,False,"https://guba.eastmoney.com/news,688076,1668969548.html",2026-07-06 17:06:06
eastmoney_guba,688076,1668983957,果然是上午拉下，下午拉胯,,别听他们忽悠,3124396168972760,2026-02-12 13:24:10,68,1,0,0,False,False,"https://guba.eastmoney.com/news,688076,1668983957.html",2026-07-06 17:06:06
eastmoney_guba,688076,1668984139,，这种苟东西股票，的跌了整整一个牛市,,股友j37oX3,9753335927910674,2026-02-12 13:24:18,83,1,0,0,False,False,"https://guba.eastmoney.com/news,688076,1668984139.html",2026-07-06 17:06:06
eastmoney_guba,688076,1668989166,产品降低，利润降低，以后也不会有这么高的利润支撑这么高的市值。机构都在跑，守着干,,股友vLul1c,3996355947637206,2026-02-12 13:28:24,121,2,0,0,False,False,"https://guba.eastmoney.com/news,688076,1668989166.html",2026-07-06 17:06:06
eastmoney_guba,688076,1668989361,垃圾堆,,你将最终胜利,1450306394783606,2026-02-12 13:28:33,62,0,0,0,False,False,"https://guba.eastmoney.com/news,688076,1668989361.html",2026-07-06 17:06:06
eastmoney_guba,688076,1669002706,估值陷阱越跌越贵,,医药不值得投资,5383084759787052,2026-02-12 13:39:27,74,0,0,0,False,False,"https://guba.eastmoney.com/news,688076,1669002706.html",2026-07-06 17:06:06
eastmoney_guba,688076,1669017154,割才一了百了，不割才是卡的喉咙的刺，年都过得不痛快！,,股友0e3QEd,8186316001543026,2026-02-12 13:51:08,74,0,0,0,False,False,"https://guba.eastmoney.com/news,688076,1669017154.html",2026-07-06 17:06:06
eastmoney_guba,688076,1669019175,为什么赚钱的公司，股价却是越来越跌，那是因为目前来看，减肥药的原料药只会越来越多,,股友vLul1c,3996355947637206,2026-02-12 13:52:44,1202,17,0,0,False,False,"https://guba.eastmoney.com/news,688076,1669019175.html",2026-07-06 17:06:06
eastmoney_guba,688076,1669028721,跑啊，争相割肉,,大方的杨心宇,9818376354210682,2026-02-12 14:00:05,74,0,0,0,False,False,"https://guba.eastmoney.com/news,688076,1669028721.html",2026-07-06 17:06:06
eastmoney_guba,688076,1669034061,"快过年了，短裤都没买一条,整整7个月已经被这股耗得元气大伤!割了！",,股友0e3QEd,8186316001543026,2026-02-12 14:04:21,239,2,0,0,False,False,"https://guba.eastmoney.com/news,688076,1669034061.html",2026-07-06 17:06:06
eastmoney_guba,688076,1669046953,确实，不能逆势而为，拂山老妖曾经在45还在吹票，40继续吹，38就没有声音了，这,,李大光,3670385569758982,2026-02-12 14:14:39,128,2,0,0,False,False,"https://guba.eastmoney.com/news,688076,1669046953.html",2026-07-06 17:06:06
eastmoney_guba,688076,1669054374,砸盘的人这是家里出什么事了吗？,,斐然纳福得小燕子,6988095488209994,2026-02-12 14:20:28,104,2,0,0,False,False,"https://guba.eastmoney.com/news,688076,1669054374.html",2026-07-06 17:06:06
eastmoney_guba,688076,1669068896,失望至极，跌的太慢目标26,,指数一万点无盈利,9588486802613468,2026-02-12 14:32:08,78,0,0,0,False,False,"https://guba.eastmoney.com/news,688076,1669068896.html",2026-07-06 17:06:06
eastmoney_guba,688076,1669075046,早死早超生,,永时胜,9427034659555570,2026-02-12 14:36:43,67,0,0,0,False,False,"https://guba.eastmoney.com/news,688076,1669075046.html",2026-07-06 17:06:06
eastmoney_guba,688076,1669096305,突然热闹起来了,,就是高吸低抛,2849057600812640,2026-02-12 14:52:35,80,0,0,0,False,False,"https://guba.eastmoney.com/news,688076,1669096305.html",2026-07-06 17:06:06
eastmoney_guba,688076,1669110926,烂股 别碰,,股友iQUojU,4671355959136046,2026-02-12 15:04:00,91,1,1,0,False,False,"https://guba.eastmoney.com/news,688076,1669110926.html",2026-07-06 17:06:06
eastmoney_guba,688076,1669177920,真垃圾，,,你将最终胜利,1450306394783606,2026-02-12 19:08:59,82,0,0,0,False,False,"https://guba.eastmoney.com/news,688076,1669177920.html",2026-07-06 17:06:06
eastmoney_guba,688076,1669201580,今天顶住压力加了5手！39的成本，不知道猴年马月能解套,,高贵典雅的钱昊祥,2289084918147260,2026-02-12 21:15:37,111,2,0,0,False,False,"https://guba.eastmoney.com/news,688076,1669201580.html",2026-07-06 17:06:06
eastmoney_guba,688076,1669307802,最近开盘三十分钟就是当日最高点了,,别听他们忽悠,3124396168972760,2026-02-13 09:33:26,94,3,0,0,False,False,"https://guba.eastmoney.com/news,688076,1669307802.html",2026-07-06 17:06:06
eastmoney_guba,688076,1669348583,否极泰来，降糖，降脂，减肥赛道坡长雪厚。,,boohn57,6376635210287768,2026-02-13 09:50:28,336,1,1,0,True,False,"https://guba.eastmoney.com/news,688076,1669348583.html",2026-07-06 17:06:06
eastmoney_guba,688076,1669365157,赶紧卖，下午还是新低，28-30元磨底！,,华远股东,3047426769600740,2026-02-13 09:58:26,144,5,0,0,False,False,"https://guba.eastmoney.com/news,688076,1669365157.html",2026-07-06 17:06:06
eastmoney_guba,688076,1669365741,大家都过个欢乐年，其他的等年后再议！,,股友xC11082157,5915087048945050,2026-02-13 09:58:44,82,0,0,0,False,False,"https://guba.eastmoney.com/news,688076,1669365741.html",2026-07-06 17:06:06
eastmoney_guba,688076,1669403920,祝所有诺泰的股东们新年快乐！我坚信2026诺泰一定能给大家带来惊喜，一定会有极好,,boohn57,6376635210287768,2026-02-13 10:18:50,113,1,0,0,False,False,"https://guba.eastmoney.com/news,688076,1669403920.html",2026-07-06 17:06:06
eastmoney_guba,688076,1669418040,之前说过佛山隐士就是，赌徒极端无脑，此票佛山坑进去多少人，佛山根本就没有,,独孤燕,2128027197149058,2026-02-13 10:27:17,508,5,0,0,True,False,"https://guba.eastmoney.com/news,688076,1669418040.html",2026-07-06 17:06:06
eastmoney_guba,688076,1669510792,强力要求彻查佛山隐士这个人如果是公司故意放出来的内鬼请大家一起要求对这个公司提起,,QJHY22302,5702013601648246,2026-02-13 11:41:11,111,2,0,0,False,False,"https://guba.eastmoney.com/news,688076,1669510792.html",2026-07-06 17:06:06
eastmoney_guba,688076,1669547915,虽然你很垃圾，但我们只能坚持,,股友76636kq858,9304077574992074,2026-02-13 13:16:05,67,0,0,0,False,False,"https://guba.eastmoney.com/news,688076,1669547915.html",2026-07-06 17:06:06
eastmoney_guba,688076,1669558610,今天还有大单在卖，机构肯定是放假了，散户割肉盘都这么猛吗？,,st会更好,2230094161317678,2026-02-13 13:25:09,127,2,0,0,False,False,"https://guba.eastmoney.com/news,688076,1669558610.html",2026-07-06 17:06:06
eastmoney_guba,688076,1669560662,长点志气，下午翻红，过年红红火火！,,首富投资人,1811476816912550,2026-02-13 13:26:49,79,0,0,0,False,False,"https://guba.eastmoney.com/news,688076,1669560662.html",2026-07-06 17:06:06
eastmoney_guba,688076,1669560875,幸好平盘的时候管住了手，感谢不杀之恩！,,股友EDLiio,6059395997062800,2026-02-13 13:27:00,77,0,0,0,False,False,"https://guba.eastmoney.com/news,688076,1669560875.html",2026-07-06 17:06:06
eastmoney_guba,688076,1669562118,不管怎么样，爬也要爬上来。加油！,,首富投资人,1811476816912550,2026-02-13 13:27:59,79,0,0,0,False,False,"https://guba.eastmoney.com/news,688076,1669562118.html",2026-07-06 17:06:06
eastmoney_guba,688076,1669644259,每天删帖，我继续说你垃圾股,,股民3573,9801094391333426,2026-02-13 14:36:54,82,0,0,0,False,False,"https://guba.eastmoney.com/news,688076,1669644259.html",2026-07-06 17:06:06
eastmoney_guba,688076,1669686107,ST诺泰，为什么现在是垃圾，因为国际减肥药巨头产品降价，导致原料药价格也下降，利,,股友vLul1c,3996355947637206,2026-02-13 15:04:02,1117,12,0,0,False,False,"https://guba.eastmoney.com/news,688076,1669686107.html",2026-07-06 17:06:04
eastmoney_guba,688076,1669776058,造假的公司害人抗人良心坏透了,,股友922h8X6591,6699256662728486,2026-02-13 23:26:23,95,0,0,0,False,False,"https://guba.eastmoney.com/news,688076,1669776058.html",2026-07-06 17:06:06
eastmoney_guba,688076,1669857193,11块多抄底的，还有2倍利润，羡慕啊,,搞遍烂股,9935094113102168,2026-02-14 08:19:15,156,0,0,0,False,False,"https://guba.eastmoney.com/news,688076,1669857193.html",2026-07-06 17:06:04
eastmoney_guba,688076,1670079697,破公司，没塌锅吗？,,你将最终胜利,1450306394783606,2026-02-19 16:43:32,92,0,0,0,False,False,"https://guba.eastmoney.com/news,688076,1670079697.html",2026-07-06 17:06:06
eastmoney_guba,688076,1670106377,这破公司过年还放假？…,,你将最终胜利,1450306394783606,2026-02-20 09:48:34,56,0,0,0,False,False,"https://guba.eastmoney.com/news,688076,1670106377.html",2026-07-06 17:06:06
eastmoney_guba,688076,1670282370,诺和诺德暴跌，明天大幅度低开跑不了,,买熟悉的,6787356122784764,2026-02-23 22:53:13,340,3,0,0,False,False,"https://guba.eastmoney.com/news,688076,1670282370.html",2026-07-06 17:06:06
eastmoney_guba,688076,1670354724,坏消息不断，你真坑人,,股友922h8X6591,6699256662728486,2026-02-24 09:34:51,72,0,0,0,False,False,"https://guba.eastmoney.com/news,688076,1670354724.html",2026-07-06 17:06:06
eastmoney_guba,688076,1670386084,开年就跌,,别听他们忽悠,3124396168972760,2026-02-24 09:46:20,54,0,0,0,False,False,"https://guba.eastmoney.com/news,688076,1670386084.html",2026-07-06 17:06:06
eastmoney_guba,688076,1670392852,难道ST你没错？,,首富投资人,1811476816912550,2026-02-24 09:49:20,55,0,0,0,False,False,"https://guba.eastmoney.com/news,688076,1670392852.html",2026-07-06 17:06:06
eastmoney_guba,688076,1670421700,纽币,,绝对反击2026,5532113599128316,2026-02-24 10:04:03,55,0,0,0,False,False,"https://guba.eastmoney.com/news,688076,1670421700.html",2026-07-06 17:06:06
eastmoney_guba,688076,1670444651,这是在恐慌抛售了吗,,sjmou嘿,4378094538624910,2026-02-24 10:18:50,50,0,0,0,False,False,"https://guba.eastmoney.com/news,688076,1670444651.html",2026-07-06 17:06:06
eastmoney_guba,688076,1670447934,所有减肥药最重要的环节就是肽，今年司美格鲁肽可以生产仿制药，多家减肥药企业对肽需,,华远股东,3047426769600740,2026-02-24 10:21:16,601,8,0,0,False,False,"https://guba.eastmoney.com/news,688076,1670447934.html",2026-07-06 17:06:06
eastmoney_guba,688076,1670458321,顶格处罚，顶格做空，苦了广大散户,,拉萨顶峰,3140007529124966,2026-02-24 10:29:04,64,0,0,0,False,False,"https://guba.eastmoney.com/news,688076,1670458321.html",2026-07-06 17:06:06
eastmoney_guba,688076,1670462986,算你狠，亏一万割肉了,,旺股股旺,2341315958597742,2026-02-24 10:32:33,100,1,0,0,False,False,"https://guba.eastmoney.com/news,688076,1670462986.html",2026-07-06 17:06:06
eastmoney_guba,688076,1670476611,你好，奔雷手文泰来,,屯老二才买A股,8960346358579732,2026-02-24 10:43:26,68,0,0,0,False,False,"https://guba.eastmoney.com/news,688076,1670476611.html",2026-07-06 17:06:06
eastmoney_guba,688076,1670487784,到底了，已建仓，不翻倍不走。你们成本都多少,,马里奥向上冲,6826486632238284,2026-02-24 10:52:37,190,3,0,0,False,False,"https://guba.eastmoney.com/news,688076,1670487784.html",2026-07-06 17:06:06
eastmoney_guba,688076,1670537137,还有10%的下跌空间,,QJHY22302,5702013601648246,2026-02-24 11:49:16,63,0,0,0,False,False,"https://guba.eastmoney.com/news,688076,1670537137.html",2026-07-06 17:06:06
eastmoney_guba,688076,1670570557,快了快了离29.29还有一步之遥了,,QJHY22302,5702013601648246,2026-02-24 13:14:36,70,2,0,0,False,False,"https://guba.eastmoney.com/news,688076,1670570557.html",2026-07-06 17:06:06
eastmoney_guba,688076,1670606836,这个走法，后面肯定有大雷。这么多ST就它跌最厉害，这么多减肥药，也就它跌最厉害,,weka,4923235732188266,2026-02-24 13:53:42,125,2,0,0,False,False,"https://guba.eastmoney.com/news,688076,1670606836.html",2026-07-06 17:06:06
eastmoney_guba,688076,1670608949,下跌中继，要破30,,股友YPtsnT,9424185579731522,2026-02-24 13:56:21,132,3,0,0,False,False,"https://guba.eastmoney.com/news,688076,1670608949.html",2026-07-06 17:06:06
eastmoney_guba,688076,1670611755,哪个剑粉要是花钱买了这个票，真是倒了大霉了,,十几年的新股民,8443513755370648,2026-02-24 13:59:22,330,8,1,0,False,False,"https://guba.eastmoney.com/news,688076,1670611755.html",2026-07-06 17:06:06
eastmoney_guba,688076,1670624358,不断创新底，名符其实ST。,,首富投资人,1811476816912550,2026-02-24 14:14:00,53,0,0,0,False,False,"https://guba.eastmoney.com/news,688076,1670624358.html",2026-07-06 17:06:06
eastmoney_guba,688076,1670627257,只能熬了，5月后开启每月定投,,随便聊聊00,8440386164089148,2026-02-24 14:17:13,77,1,0,0,False,False,"https://guba.eastmoney.com/news,688076,1670627257.html",2026-07-06 17:06:06
eastmoney_guba,688076,1670645250,这么会这样，是资金清仓吗,,dyjxf66,4374013997537180,2026-02-24 14:36:26,80,0,0,0,False,False,"https://guba.eastmoney.com/news,688076,1670645250.html",2026-07-06 17:06:06
eastmoney_guba,688076,1670669265,今天唯一亏损的票，都跌破33了，只能说庆幸自己跑得快，清仓了，真的是跌得匪夷所思,,南寒的都灵人,1431087104865032,2026-02-24 15:00:26,128,1,0,0,False,False,"https://guba.eastmoney.com/news,688076,1670669265.html",2026-07-06 17:06:06
eastmoney_guba,688076,1670670843,唉，开年当头又一棒。从希望到失望再到绝望，现在是无望。关闭不看了。由它去。,,永时胜,9427034659555570,2026-02-24 15:02:41,70,0,0,0,False,False,"https://guba.eastmoney.com/news,688076,1670670843.html",2026-07-06 17:06:06
eastmoney_guba,688076,1670676849,一次作假，永不信任。,,极目7,4880375827248278,2026-02-24 15:15:51,72,0,0,0,False,False,"https://guba.eastmoney.com/news,688076,1670676849.html",2026-07-06 17:06:06
eastmoney_guba,688076,1670678506,到18.09时操底,,QJHY22302,5702013601648246,2026-02-24 15:20:37,61,0,0,0,False,False,"https://guba.eastmoney.com/news,688076,1670678506.html",2026-07-06 17:06:06
eastmoney_guba,688076,1670679096,新的一年，诺泰请吃大面,,别听他们忽悠,3124396168972760,2026-02-24 15:22:18,70,0,0,0,False,False,"https://guba.eastmoney.com/news,688076,1670679096.html",2026-07-06 17:06:06
eastmoney_guba,688076,1670684654,真痛…今天入局了，然后绿了…………,,股友EDLiio,6059395997062800,2026-02-24 15:38:56,174,1,0,0,False,False,"https://guba.eastmoney.com/news,688076,1670684654.html",2026-07-06 17:06:06
eastmoney_guba,688076,1670702709,一键清仓，各位江湖再见。诺泰的估值可能会随着一季报的的披露重新估值了。白马股也不,,江枫丨渔火,3125395530799198,2026-02-24 16:43:54,1275,4,0,0,False,False,"https://guba.eastmoney.com/news,688076,1670702709.html",2026-07-06 17:06:06
eastmoney_guba,688076,1670736114,没有可见理由的大跌，均视为挖坑,,只看最本质,7139144735501360,2026-02-24 20:21:39,70,0,0,0,False,False,"https://guba.eastmoney.com/news,688076,1670736114.html",2026-07-06 17:06:06
eastmoney_guba,688076,1670736540,明天再买500股，越跌越买,,高贵典雅的钱昊祥,2289084918147260,2026-02-24 20:24:06,102,1,0,0,False,False,"https://guba.eastmoney.com/news,688076,1670736540.html",2026-07-06 17:06:06
eastmoney_guba,688076,1670741817,20:32:17财联社2月24日电，诺和诺德将司美格鲁肽（Wegovy）在美售价,,股友EY7v9G,1314115311923274,2026-02-24 20:55:54,294,1,0,0,False,False,"https://guba.eastmoney.com/news,688076,1670741817.html",2026-07-06 17:06:06
eastmoney_guba,688076,1670766159,难道要到20,,東辉0531,5921024806581390,2026-02-24 23:48:10,62,0,0,0,False,False,"https://guba.eastmoney.com/news,688076,1670766159.html",2026-07-06 17:06:06
eastmoney_guba,688076,1670782808,礼来出了四针月套餐，售价299美元，所以偌泰跌,,股友65e568Q128,3688097215804784,2026-02-25 03:51:34,136,0,0,0,False,False,"https://guba.eastmoney.com/news,688076,1670782808.html",2026-07-06 17:06:06
eastmoney_guba,688076,1670782879,Vikingthrapie研制的口服减肥药今年下半年上市，又是一家竞争对手,,股友65e568Q128,3688097215804784,2026-02-25 03:53:07,400,7,0,0,False,False,"https://guba.eastmoney.com/news,688076,1670782879.html",2026-07-06 17:06:06
eastmoney_guba,688076,1670791489,懂的朋友们聊聊这货，已经被st了，肯定有大问题，是不是有可能会有更大的什么雷，直,,浩瀚临沂,8449325940972662,2026-02-25 06:59:49,159,2,0,0,False,False,"https://guba.eastmoney.com/news,688076,1670791489.html",2026-07-06 17:06:06
eastmoney_guba,688076,1670805421,这个股我给大家分析下吧，原本之前处罚落地属于利空落地了，原本属于利好了。但是增加,,suiyu而安,7146316390548712,2026-02-25 08:57:58,351,2,1,0,False,False,"https://guba.eastmoney.com/news,688076,1670805421.html",2026-07-06 17:06:06
eastmoney_guba,688076,1670953871,市值给到80亿，算多了，50亿才合理。原料药做仿制药，导致的结果是，大企业不愿意,,屯老二才买A股,8960346358579732,2026-02-25 10:35:22,183,2,0,0,False,False,"https://guba.eastmoney.com/news,688076,1670953871.html",2026-07-06 17:06:06
eastmoney_guba,688076,1671021739,预签23亿新订单？2026年又要加班加点了。,,华远股东,3047426769600740,2026-02-25 11:26:15,1023,8,0,0,False,False,"https://guba.eastmoney.com/news,688076,1671021739.html",2026-07-06 17:06:04
eastmoney_guba,688076,1671092843,就是个卖仿制药原料的。网上还有吹是礼来核心供应商的。公司自己都否认有业务合作了。,,股友7t65968F81,4477316185546414,2026-02-25 13:31:31,187,1,0,0,False,False,"https://guba.eastmoney.com/news,688076,1671092843.html",2026-07-06 17:06:06
eastmoney_guba,688076,1671150890,又开始砸了。。。看来还得跌,,医药不值得投资,5383084759787052,2026-02-25 14:19:02,62,0,0,0,False,False,"https://guba.eastmoney.com/news,688076,1671150890.html",2026-07-06 17:06:06
eastmoney_guba,688076,1671233819,不要停，继续砸出翔来,,指数一万点无盈利,9588486802613468,2026-02-25 16:44:32,68,0,0,0,False,False,"https://guba.eastmoney.com/news,688076,1671233819.html",2026-07-06 17:06:06
eastmoney_guba,688076,1671300174,未来可期,,屯老二才买A股,8960346358579732,2026-02-25 22:43:44,1215,5,1,0,True,False,"https://guba.eastmoney.com/news,688076,1671300174.html",2026-07-06 17:06:04
eastmoney_guba,688076,1671507346,詹姆斯诺泰，赢得艰难。输得干脆，,,别听他们忽悠,3124396168972760,2026-02-26 10:29:33,50,0,0,0,False,False,"https://guba.eastmoney.com/news,688076,1671507346.html",2026-07-06 17:06:06
eastmoney_guba,688076,1671510163,这是家很奇怪的公司。网上各种吹，公司自己不否认也不承认。小散很容易困惑。1、礼来,,股友7t65968F81,4477316185546414,2026-02-26 10:31:05,1047,6,2,0,False,False,"https://guba.eastmoney.com/news,688076,1671510163.html",2026-07-06 17:06:04
eastmoney_guba,688076,1671513209,还是要去考验30,,瑶光引途,7910094179091010,2026-02-26 10:32:51,65,0,0,0,False,False,"https://guba.eastmoney.com/news,688076,1671513209.html",2026-07-06 17:06:06
eastmoney_guba,688076,1671517465,亏了20%，你厉害，熬不住，全卖了，你可以涨了。,,股友237U2155d8,3953047298395646,2026-02-26 10:35:19,142,1,0,0,False,False,"https://guba.eastmoney.com/news,688076,1671517465.html",2026-07-06 17:06:04
eastmoney_guba,688076,1671523542,跌跌不休，来个大的我要加开仓,,风月无痕,8626356184560414,2026-02-26 10:38:58,92,1,0,0,False,False,"https://guba.eastmoney.com/news,688076,1671523542.html",2026-07-06 17:06:06
eastmoney_guba,688076,1671540128,就是大单自己倒着玩,,就是高吸低抛,2849057600812640,2026-02-26 10:48:58,53,0,0,0,False,False,"https://guba.eastmoney.com/news,688076,1671540128.html",2026-07-06 17:06:06
eastmoney_guba,688076,1671561116,没订单了。。,,医药不值得投资,5383084759787052,2026-02-26 11:03:13,76,0,0,0,False,False,"https://guba.eastmoney.com/news,688076,1671561116.html",2026-07-06 17:06:06
eastmoney_guba,688076,1671562468,按照这个跌法，20也不是不可能，天天吃面，都不用花钱买饭了,,别听他们忽悠,3124396168972760,2026-02-26 11:04:15,157,1,0,0,False,False,"https://guba.eastmoney.com/news,688076,1671562468.html",2026-07-06 17:06:06
eastmoney_guba,688076,1671588334,直接躺平了,,柔美的范瑶银,1471305987030304,2026-02-26 11:24:26,85,1,0,0,False,False,"https://guba.eastmoney.com/news,688076,1671588334.html",2026-07-06 17:06:04
eastmoney_guba,688076,1671650431,极品拉ji，gou装。天天左手换右手做跌。生仔毛是忽眼,,永时胜,9427034659555570,2026-02-26 13:18:35,92,1,0,0,False,False,"https://guba.eastmoney.com/news,688076,1671650431.html",2026-07-06 17:06:04
eastmoney_guba,688076,1671689711,牛逼，继续新低，市值破百亿近在眼前，那时我再加点仓，这勾庄太恶心人了,,st会更好,2230094161317678,2026-02-26 13:48:32,539,20,0,0,False,False,"https://guba.eastmoney.com/news,688076,1671689711.html",2026-07-06 17:06:04
eastmoney_guba,688076,1671750782,跌到29块买点，现在价钱一般般，,,陈万贤zz,4648355820112974,2026-02-26 14:38:11,57,0,0,0,False,False,"https://guba.eastmoney.com/news,688076,1671750782.html",2026-07-06 17:06:04
eastmoney_guba,688076,1671756956,佩服天天跌,,绝对反击2026,5532113599128316,2026-02-26 14:43:00,57,0,0,0,False,False,"https://guba.eastmoney.com/news,688076,1671756956.html",2026-07-06 17:06:04
eastmoney_guba,688076,1671779280,被st时不跌反涨，现在却止不住的跌，什么原因呢？,,十几年的新股民,8443513755370648,2026-02-26 15:00:52,332,4,0,0,False,False,"https://guba.eastmoney.com/news,688076,1671779280.html",2026-07-06 17:06:04
eastmoney_guba,688076,1671781455,新低路上还有新低啊，咋了？,,负责的谷翔云,3191076955619792,2026-02-26 15:03:33,61,0,0,0,False,False,"https://guba.eastmoney.com/news,688076,1671781455.html",2026-07-06 17:06:04
eastmoney_guba,688076,1671795387,诺泰生物最近有大的合同吗？,,剑是什么样的剑,3287335915781350,2026-02-26 15:31:20,92,0,0,0,False,False,"https://guba.eastmoney.com/news,688076,1671795387.html",2026-07-06 17:06:04
eastmoney_guba,688076,1671825659,割肉出局，祝股东们越来越好,,股友68019vX173,3884376498038826,2026-02-26 17:06:15,81,0,0,0,False,False,"https://guba.eastmoney.com/news,688076,1671825659.html",2026-07-06 17:06:04
eastmoney_guba,688076,1671891575,明天跌破百亿市值,,陈万贤zz,4648355820112974,2026-02-26 22:23:23,93,1,0,0,False,False,"https://guba.eastmoney.com/news,688076,1671891575.html",2026-07-06 17:06:04
eastmoney_guba,688076,1672000339,这样跌何时是底,,dyjxf66,4374013997537180,2026-02-27 09:34:56,110,4,0,0,False,False,"https://guba.eastmoney.com/news,688076,1672000339.html",2026-07-06 17:06:04
eastmoney_guba,688076,1672016330,我天天挂跌停价等着你,,永时胜,9427034659555570,2026-02-27 09:41:01,61,1,0,0,False,False,"https://guba.eastmoney.com/news,688076,1672016330.html",2026-07-06 17:06:04
eastmoney_guba,688076,1672025200,今天晚上25年业绩快报要出来了。26年是最困难的一年，一季度甚至26年都有可能亏,,什么理由,9735513611839352,2026-02-27 09:44:35,274,1,0,0,False,False,"https://guba.eastmoney.com/news,688076,1672025200.html",2026-07-06 17:06:04
eastmoney_guba,688076,1672033911,今天剩下了吃面的钱,,别听他们忽悠,3124396168972760,2026-02-27 09:48:23,52,0,0,0,False,False,"https://guba.eastmoney.com/news,688076,1672033911.html",2026-07-06 17:06:04
eastmoney_guba,688076,1672033974,垃圾企业补跌空间巨大。,,凯旋归来英雄,5936014366284868,2026-02-27 09:48:24,61,0,0,0,False,False,"https://guba.eastmoney.com/news,688076,1672033974.html",2026-07-06 17:06:04
eastmoney_guba,688076,1672045703,骗子公司，大家赶快走，受不了了,,理性的纳兰飞文,2429187523943220,2026-02-27 09:53:43,52,0,0,0,False,False,"https://guba.eastmoney.com/news,688076,1672045703.html",2026-07-06 17:06:04
eastmoney_guba,688076,1672079499,每天都亏这个股 你会的,,绝对反击2026,5532113599128316,2026-02-27 10:09:58,60,0,0,0,False,False,"https://guba.eastmoney.com/news,688076,1672079499.html",2026-07-06 17:06:04
eastmoney_guba,688076,1672112707,主力是送财童子这种一根筋的主力，打到31，依然没有洗出对手盘！送财童板上钉钉！,,卡巴拉,2028023787975112,2026-02-27 10:27:56,534,21,0,0,False,False,"https://guba.eastmoney.com/news,688076,1672112707.html",2026-07-06 17:06:04
eastmoney_guba,688076,1672187387,准备起势了吗？,,陈万贤zz,4648355820112974,2026-02-27 11:17:10,89,1,0,0,False,False,"https://guba.eastmoney.com/news,688076,1672187387.html",2026-07-06 17:06:04
eastmoney_guba,688076,1672244687,估计大概率是诱多,,别听他们忽悠,3124396168972760,2026-02-27 13:09:55,61,0,0,0,False,False,"https://guba.eastmoney.com/news,688076,1672244687.html",2026-07-06 17:06:04
eastmoney_guba,688076,1672279471,昨天清仓了，还是要祝剩下的朋友找钱钱,,股友68019vX173,3884376498038826,2026-02-27 13:37:28,83,1,0,0,False,False,"https://guba.eastmoney.com/news,688076,1672279471.html",2026-07-06 17:06:04
eastmoney_guba,688076,1672309824,这股被雷噼了？,,至简做单,1059095160964560,2026-02-27 14:01:57,60,0,0,0,False,False,"https://guba.eastmoney.com/news,688076,1672309824.html",2026-07-06 17:06:04
eastmoney_guba,688076,1672365257,"操盘的，你不服就再往下砸！老子和你打明牌，营收到1,00亿才准备卖！你就是我的轿",,卡巴拉,2028023787975112,2026-02-27 14:48:01,272,6,0,0,False,False,"https://guba.eastmoney.com/news,688076,1672365257.html",2026-07-06 17:06:04
eastmoney_guba,688076,1672388342,操盘的，从今天开始起，每天一骂！骂到上海一套房为止！你就是个！,,卡巴拉,2028023787975112,2026-02-27 15:08:27,109,3,0,0,False,False,"https://guba.eastmoney.com/news,688076,1672388342.html",2026-07-06 17:06:04
eastmoney_guba,688076,1672437682,ST诺泰24年实控人被立案调查，信披违规受损者可索赔,,股事心声,9066047349400580,2026-02-27 18:05:14,138,0,0,0,False,False,"https://guba.eastmoney.com/news,688076,1672437682.html",2026-07-06 17:06:04
eastmoney_guba,688076,1672457114,ST诺泰:关于2025年度计提资产减值准备的公告,,ST诺泰资讯,9038395923854884,2026-02-27 20:00:00,932,3,2,0,False,False,"https://guba.eastmoney.com/news,688076,1672457114.html",2026-07-06 17:06:04
eastmoney_guba,688076,1672457113,ST诺泰:关于自愿披露依帕司他片获得药品注册证书的公告,,ST诺泰资讯,9038395923854884,2026-02-27 20:00:00,813,3,4,0,False,False,"https://guba.eastmoney.com/news,688076,1672457113.html",2026-07-06 17:06:04
eastmoney_guba,688076,1672457116,ST诺泰:2025年度业绩快报公告,,ST诺泰资讯,9038395923854884,2026-02-27 20:00:00,1286,19,16,0,False,False,"https://guba.eastmoney.com/news,688076,1672457116.html",2026-07-06 17:06:04
eastmoney_guba,688076,1672458480,ST诺泰业绩快报：2025年度归母净利润3.27亿元，同比下降19.14%,,ST诺泰资讯,9038395923854884,2026-02-27 20:06:40,1228,4,0,0,False,False,"https://guba.eastmoney.com/news,688076,1672458480.html",2026-07-06 17:06:04
eastmoney_guba,688076,1672461269,圣诺四季度放量利润大增，你营收是人家几倍反倒降毛利率扣非还亏钱？,,江阴城西炒家,9135376510407800,2026-02-27 20:22:29,127,0,0,0,False,False,"https://guba.eastmoney.com/news,688076,1672461269.html",2026-07-06 17:06:04
eastmoney_guba,688076,1672463762,营收涨19.57%、净利跌19.14%：ST诺泰2025年增收不增利,,ST诺泰资讯,9038395923854884,2026-02-27 20:37:09,1122,0,0,0,False,False,"https://guba.eastmoney.com/news,688076,1672463762.html",2026-07-06 17:06:04
eastmoney_guba,688076,1672481225,$ST诺泰(SH688076)$,,股友xC11082157,5915087048945050,2026-02-27 22:03:38,272,1,0,0,True,False,"https://guba.eastmoney.com/news,688076,1672481225.html",2026-07-06 17:06:04
eastmoney_guba,688076,1672481427,8681万减值再加罚款4704万，差不多1.3个亿。肉疼呀。难怪跌跌不休，26年,,永时胜,9427034659555570,2026-02-27 22:04:30,291,2,0,0,False,False,"https://guba.eastmoney.com/news,688076,1672481427.html",2026-07-06 17:06:04
eastmoney_guba,688076,1672483903,ST诺泰(688076.SH)：依帕司他片获得药品注册证书,,格隆汇,9507112872296268,2026-02-27 22:18:12,749,0,0,0,False,False,"https://guba.eastmoney.com/news,688076,1672483903.html",2026-07-06 17:06:04
eastmoney_guba,688076,1672500518,利空出尽是利好，持股待飞,,马里奥向上冲,6826486632238284,2026-02-28 00:15:27,94,0,0,0,False,False,"https://guba.eastmoney.com/news,688076,1672500518.html",2026-07-06 17:06:04
eastmoney_guba,688076,1672512322,只看诺泰生物的2025年业绩快报还以为减肥原料药正处严冬，而看了圣诺生物的业绩快,,股友RqPaD5,3127316051660808,2026-02-28 05:54:12,252,1,0,0,False,False,"https://guba.eastmoney.com/news,688076,1672512322.html",2026-07-06 17:06:04
eastmoney_guba,688076,1672514224,操盘的，你就是欠骂！（第2骂）财务洗澡，秀财技。骂！,,卡巴拉,2028023787975112,2026-02-28 06:48:02,81,0,0,0,False,False,"https://guba.eastmoney.com/news,688076,1672514224.html",2026-07-06 17:06:04
eastmoney_guba,688076,1672529490,ST诺泰：2025年净利3.27亿元 同比下降19.14%,,ST诺泰资讯,9038395923854884,2026-02-28 10:01:20,1665,1,0,0,False,False,"https://guba.eastmoney.com/news,688076,1672529490.html",2026-07-06 17:05:56
eastmoney_guba,688076,1672577585,司美格鲁肽原料药获准进入印度市场，依帕司他片喜获中国上市许可,,滚雪球3333,3724094279835908,2026-02-28 17:27:16,429,2,0,0,False,False,"https://guba.eastmoney.com/news,688076,1672577585.html",2026-07-06 17:06:04
eastmoney_guba,688076,1672592775,斯美格鲁肽原料药获批进入印度市场，批准前与批准后：核心区别一、批准前（未获FOR,,股友A197669V05,8030376544910926,2026-02-28 19:51:08,998,2,1,0,False,False,"https://guba.eastmoney.com/news,688076,1672592775.html",2026-07-06 17:06:04
eastmoney_guba,688076,1672686099,操盘的，你就是欠骂！（第3骂）,,卡巴拉,2028023787975112,2026-03-01 20:16:42,71,0,0,0,False,False,"https://guba.eastmoney.com/news,688076,1672686099.html",2026-07-06 17:06:04
eastmoney_guba,688076,1672690842,主力应该借机继续打压没说我没提醒在座各位，好自为之吧,,指数一万点无盈利,9588486802613468,2026-03-01 21:03:20,464,13,0,0,False,False,"https://guba.eastmoney.com/news,688076,1672690842.html",2026-07-06 17:06:02
eastmoney_guba,688076,1672710230,ST诺泰24年立案，信披违规受损者可索赔,,知股微声,6820335832347056,2026-03-02 00:31:57,218,0,0,0,False,False,"https://guba.eastmoney.com/news,688076,1672710230.html",2026-07-06 17:06:04
eastmoney_guba,688076,1672739747,诺泰生物.司美格鲁肽：印度获批+专利到期核心影响一、核心事件汇总1.市场准入突破,,股友A197669V05,8030376544910926,2026-03-02 09:17:23,381,2,0,0,False,False,"https://guba.eastmoney.com/news,688076,1672739747.html",2026-07-06 17:06:04
eastmoney_guba,688076,1672765154,操盘的你就是傻13（第4骂）,,卡巴拉,2028023787975112,2026-03-02 09:28:58,75,1,0,0,False,False,"https://guba.eastmoney.com/news,688076,1672765154.html",2026-07-06 17:06:04
eastmoney_guba,688076,1672813703,天天拉稀13,,股民3573,9801094391333426,2026-03-02 09:44:10,45,0,0,0,False,False,"https://guba.eastmoney.com/news,688076,1672813703.html",2026-07-06 17:06:04
eastmoney_guba,688076,1672857140,我割了，你放心涨,,壹颗嫩韭菜,7734466897337758,2026-03-02 10:00:59,158,1,1,0,False,False,"https://guba.eastmoney.com/news,688076,1672857140.html",2026-07-06 17:06:02
eastmoney_guba,688076,1672862967,摘帽前探20的观点不变，当然，中间会有反抽，莫在意。,,股友7o872z6913,6421345664837696,2026-03-02 10:03:25,180,2,0,0,False,False,"https://guba.eastmoney.com/news,688076,1672862967.html",2026-07-06 17:06:04
eastmoney_guba,688076,1672903935,29.29快到了后面就是向18.2进军,,QJHY22302,5702013601648246,2026-03-02 10:19:23,50,0,0,0,False,False,"https://guba.eastmoney.com/news,688076,1672903935.html",2026-07-06 17:06:04
eastmoney_guba,688076,1672973039,这烂票是怎么了？,,股友iQUojU,4671355959136046,2026-03-02 10:59:11,71,1,0,0,False,False,"https://guba.eastmoney.com/news,688076,1672973039.html",2026-07-06 17:06:04
eastmoney_guba,688076,1672977451,制药属于化工，化工需要石油,,别听他们忽悠,3124396168972760,2026-03-02 11:02:08,143,5,0,0,False,False,"https://guba.eastmoney.com/news,688076,1672977451.html",2026-07-06 17:06:04
eastmoney_guba,688076,1673063573,空仓等待,,没翻倍不算赚,5013023721672056,2026-03-02 13:13:00,48,0,0,0,False,False,"https://guba.eastmoney.com/news,688076,1673063573.html",2026-07-06 17:06:04
eastmoney_guba,688076,1673083257,起码再等半年,,QJHY22302,5702013601648246,2026-03-02 13:28:43,56,0,0,0,False,False,"https://guba.eastmoney.com/news,688076,1673083257.html",2026-07-06 17:06:04
eastmoney_guba,688076,1673087798,利润同比下降16%,,QJHY22302,5702013601648246,2026-03-02 13:32:17,87,1,0,0,False,False,"https://guba.eastmoney.com/news,688076,1673087798.html",2026-07-06 17:06:04
eastmoney_guba,688076,1673100237,耐心等吧主力还没有走完再等2--3个月后主力抛完了换庄家的时候再买现在千万不要买,,QJHY22302,5702013601648246,2026-03-02 13:42:13,92,1,0,0,False,False,"https://guba.eastmoney.com/news,688076,1673100237.html",2026-07-06 17:06:04
eastmoney_guba,688076,1673128986,股价提前反应基本面！再吹也没有用！,,多财亨通de张无忌,9176085036293022,2026-03-02 14:04:34,54,0,0,0,False,False,"https://guba.eastmoney.com/news,688076,1673128986.html",2026-07-06 17:06:04
eastmoney_guba,688076,1673129368,这是什么神仙股,,古诗拾贝哥,2637075147824538,2026-03-02 14:04:52,60,0,0,0,False,False,"https://guba.eastmoney.com/news,688076,1673129368.html",2026-07-06 17:06:04
eastmoney_guba,688076,1673148237,这个坑股还有人坚守吗,,股友aUcNrk,3580315964816674,2026-03-02 14:20:10,46,0,0,0,False,False,"https://guba.eastmoney.com/news,688076,1673148237.html",2026-07-06 17:06:04
eastmoney_guba,688076,1673156789,真可怜,,坚毅不拔的雷淳美,2889345869988142,2026-03-02 14:27:02,45,0,0,0,False,False,"https://guba.eastmoney.com/news,688076,1673156789.html",2026-07-06 17:06:04
eastmoney_guba,688076,1673163200,这到底是怎么回事，,,dyjxf66,4374013997537180,2026-03-02 14:31:53,58,0,0,0,False,False,"https://guba.eastmoney.com/news,688076,1673163200.html",2026-07-06 17:06:04
eastmoney_guba,688076,1673174200,唉，含泪融资200股！！,,高贵典雅的钱昊祥,2289084918147260,2026-03-02 14:39:59,59,0,0,0,False,False,"https://guba.eastmoney.com/news,688076,1673174200.html",2026-07-06 17:06:04
eastmoney_guba,688076,1673179200,这可如何是好？,,大方的杨心宇,9818376354210682,2026-03-02 14:43:27,52,0,0,0,False,False,"https://guba.eastmoney.com/news,688076,1673179200.html",2026-07-06 17:06:04
eastmoney_guba,688076,1673184713,碰上千年难遇的苟股，命也。,,永时胜,9427034659555570,2026-03-02 14:47:23,64,0,0,0,False,False,"https://guba.eastmoney.com/news,688076,1673184713.html",2026-07-06 17:06:04
eastmoney_guba,688076,1673186561,恐慌性下跌，跌破年线，散户割肉出局，下方28元有支撑！,,华远股东,3047426769600740,2026-03-02 14:48:38,64,0,0,0,False,False,"https://guba.eastmoney.com/news,688076,1673186561.html",2026-07-06 17:06:04
eastmoney_guba,688076,1673190729,破位了，深不见底,,股友c916k32077,3204486733325336,2026-03-02 14:51:38,56,0,0,0,False,False,"https://guba.eastmoney.com/news,688076,1673190729.html",2026-07-06 17:06:04
eastmoney_guba,688076,1673214939,病了哦,,负责的谷翔云,3191076955619792,2026-03-02 15:18:33,50,0,0,0,False,False,"https://guba.eastmoney.com/news,688076,1673214939.html",2026-07-06 17:06:04
eastmoney_guba,688076,1673217539,ST诺泰24年立案调查中，信披违规受损者可索赔,,股民索赔宝,2093306079314580,2026-03-02 15:22:44,141,1,0,0,False,False,"https://guba.eastmoney.com/news,688076,1673217539.html",2026-07-06 17:06:04
eastmoney_guba,688076,1673264300,真是“好”公司，这么“有作为”的董事长。,,Tao哥是最棒的,5470515240337640,2026-03-02 17:43:30,121,2,0,0,False,False,"https://guba.eastmoney.com/news,688076,1673264300.html",2026-07-06 17:06:04
eastmoney_guba,688076,1673300981,这货也是无敌啦,,東辉0531,5921024806581390,2026-03-02 20:33:15,60,0,0,0,False,False,"https://guba.eastmoney.com/news,688076,1673300981.html",2026-07-06 17:06:04
eastmoney_guba,688076,1673317318,我46的成本，估计没个8到10年是回不了本了。,,有判断力的严宇7,3547087168668640,2026-03-02 21:40:56,92,2,0,0,False,False,"https://guba.eastmoney.com/news,688076,1673317318.html",2026-07-06 17:06:04
eastmoney_guba,688076,1673332962,佛山隐士还在吗？,,李大光,3670385569758982,2026-03-02 22:42:31,78,1,0,0,False,False,"https://guba.eastmoney.com/news,688076,1673332962.html",2026-07-06 17:06:04
eastmoney_guba,688076,1673373262,诺泰生物是假st#st股票#st诺泰#诺泰生物,,未卜先生,9511137471183892,2026-03-03 06:52:48,5528,4,5,0,False,False,"https://guba.eastmoney.com/news,688076,1673373262.html",2026-07-06 17:06:04
eastmoney_guba,688076,1673379806,操盘的，散财童子！傻13！（第5骂）,,卡巴拉,2028023787975112,2026-03-03 07:54:57,202,5,0,0,False,False,"https://guba.eastmoney.com/news,688076,1673379806.html",2026-07-06 17:06:02
eastmoney_guba,688076,1673413645,这股跌还有一个原因产品竞争激烈，未来预期降低了……,,佛心渡股海,8662325567039616,2026-03-03 09:28:30,77,0,0,0,False,False,"https://guba.eastmoney.com/news,688076,1673413645.html",2026-07-06 17:06:04
eastmoney_guba,688076,1673446461,我这个乌鸦嘴，我说诺泰不会涨停,,股友aUcNrk,3580315964816674,2026-03-03 09:39:50,65,0,0,0,False,False,"https://guba.eastmoney.com/news,688076,1673446461.html",2026-07-06 17:06:04
eastmoney_guba,688076,1673448673,正在推进与印度减肥药企签署23亿美金多肽采购订单，是不是小作文？？等待官方确认！,,华远股东,3047426769600740,2026-03-03 09:40:34,546,5,1,0,False,False,"https://guba.eastmoney.com/news,688076,1673448673.html",2026-07-06 17:06:02
eastmoney_guba,688076,1673458038,诺泰生物2026 年投资逻辑,,股友A197669V05,8030376544910926,2026-03-03 09:43:43,304,0,0,0,False,False,"https://guba.eastmoney.com/news,688076,1673458038.html",2026-07-06 17:06:04
eastmoney_guba,688076,1673465671,st不是5%吗？,,吃瓜的股神,7472375916931482,2026-03-03 09:46:14,110,2,0,0,False,False,"https://guba.eastmoney.com/news,688076,1673465671.html",2026-07-06 17:06:04
eastmoney_guba,688076,1673485319,诺泰生物 2026 年投资逻辑,,股友A197669V05,8030376544910926,2026-03-03 09:52:57,604,0,4,0,False,False,"https://guba.eastmoney.com/news,688076,1673485319.html",2026-07-06 17:06:04
eastmoney_guba,688076,1673537232,哈哈哈，昨天买，今短线已卖出，哈哈哈,,你将最终胜利,1450306394783606,2026-03-03 10:11:39,76,1,0,0,False,False,"https://guba.eastmoney.com/news,688076,1673537232.html",2026-07-06 17:06:02
eastmoney_guba,688076,1673566178,大家都跌的时候爆拉，是准备启动了？,,就是高吸低抛,2849057600812640,2026-03-03 10:22:54,77,1,0,0,False,False,"https://guba.eastmoney.com/news,688076,1673566178.html",2026-07-06 17:06:02
eastmoney_guba,688076,1673585072,发生了什么事？好像从下跌开始还没涨超过5个点,,屯老二才买A股,8960346358579732,2026-03-03 10:32:37,81,1,0,0,False,False,"https://guba.eastmoney.com/news,688076,1673585072.html",2026-07-06 17:06:02
eastmoney_guba,688076,1673599493,看来是没缘分了一直看着不敢下场。下来26不好吗？双赢,,指数一万点无盈利,9588486802613468,2026-03-03 10:40:36,59,0,0,0,False,False,"https://guba.eastmoney.com/news,688076,1673599493.html",2026-07-06 17:06:02
eastmoney_guba,688076,1673614032,"诺和诺德4亿欧元扩产GLP-1,行业需求得到龙头认证，诺泰生物的产能都是优质的。",,boohn57,6376635210287768,2026-03-03 10:49:12,175,0,0,0,False,False,"https://guba.eastmoney.com/news,688076,1673614032.html",2026-07-06 17:06:02
eastmoney_guba,688076,1673644292,今天上午放量明显，站上32.31的五日线。看明天了,,十八岁女大学生,2041386070087928,2026-03-03 11:09:10,127,2,0,0,False,False,"https://guba.eastmoney.com/news,688076,1673644292.html",2026-07-06 17:06:02
eastmoney_guba,688076,1673674218,是否真底部看不出来，但是真的高度控盘，外加筹码干净，上午拉升回调后基本走横线，按,,币锭拿下,6046346014730666,2026-03-03 11:33:31,376,2,0,0,False,False,"https://guba.eastmoney.com/news,688076,1673674218.html",2026-07-06 17:06:02
eastmoney_guba,688076,1673694730,？,,壹颗嫩韭菜,7734466897337758,2026-03-03 12:23:23,58,0,0,0,False,False,"https://guba.eastmoney.com/news,688076,1673694730.html",2026-07-06 17:06:02
eastmoney_guba,688076,1673741127,主力提前获息，小作文23亿美元印度药企采购大单是否成真？？待官方确认？？,,华远股东,3047426769600740,2026-03-03 13:24:07,127,0,0,0,False,False,"https://guba.eastmoney.com/news,688076,1673741127.html",2026-07-06 17:06:02
eastmoney_guba,688076,1673746416,早上拉升的主力被散户挂山顶了,,一尺茶,2994094474977468,2026-03-03 13:27:41,114,1,0,0,False,False,"https://guba.eastmoney.com/news,688076,1673746416.html",2026-07-06 17:06:02
eastmoney_guba,688076,1673752865,明显不同于2月5日，2月5日多数减肥药比如翰宇、圣诺、通化东宝、昊凡都冲高，原因,,股友58o62972X3,8000316130229804,2026-03-03 13:32:06,480,0,0,0,False,False,"https://guba.eastmoney.com/news,688076,1673752865.html",2026-07-06 17:06:02
eastmoney_guba,688076,1673825569,跌破五日线了，呵呵了,,古诗拾贝哥,2637075147824538,2026-03-03 14:18:04,60,0,0,0,False,False,"https://guba.eastmoney.com/news,688076,1673825569.html",2026-07-06 17:06:02
eastmoney_guba,688076,1673840757,看来只是反弹出逃不是反转,,别听他们忽悠,3124396168972760,2026-03-03 14:26:47,56,0,0,0,False,False,"https://guba.eastmoney.com/news,688076,1673840757.html",2026-07-06 17:06:02
eastmoney_guba,688076,1673862224,今天他怎么这么坚挺？吃什么了！,,屯老二才买A股,8960346358579732,2026-03-03 14:40:09,110,1,0,0,False,False,"https://guba.eastmoney.com/news,688076,1673862224.html",2026-07-06 17:06:02
eastmoney_guba,688076,1673893041,明天继续新低。。今天骗了不少人进来,,医药不值得投资,5383084759787052,2026-03-03 14:58:38,123,1,0,0,False,False,"https://guba.eastmoney.com/news,688076,1673893041.html",2026-07-06 17:06:02
eastmoney_guba,688076,1673920976,盘后有消息吗,,就是高吸低抛,2849057600812640,2026-03-03 15:37:33,67,0,0,0,False,False,"https://guba.eastmoney.com/news,688076,1673920976.html",2026-07-06 17:06:02
eastmoney_guba,688076,1673928581,看明白了等待吧。,,指数一万点无盈利,9588486802613468,2026-03-03 15:56:27,129,2,0,0,False,False,"https://guba.eastmoney.com/news,688076,1673928581.html",2026-07-06 17:06:02
eastmoney_guba,688076,1673934189,今天上午了,,韭菜九财,1335345610632254,2026-03-03 16:11:27,309,3,0,0,False,False,"https://guba.eastmoney.com/news,688076,1673934189.html",2026-07-06 17:06:02
eastmoney_guba,688076,1674078794,操盘的，傻13，蠢！（第六骂）,,卡巴拉,2028023787975112,2026-03-04 07:40:37,179,6,0,0,False,False,"https://guba.eastmoney.com/news,688076,1674078794.html",2026-07-06 17:06:02
eastmoney_guba,688076,1674089953,今天高开就走,,十八岁女大学生,2041386070087928,2026-03-04 08:47:42,107,2,0,0,False,False,"https://guba.eastmoney.com/news,688076,1674089953.html",2026-07-06 17:06:02
eastmoney_guba,688076,1674145034,32.5全部清了有本事到,,医药不值得投资,5383084759787052,2026-03-04 09:37:11,80,0,0,0,False,False,"https://guba.eastmoney.com/news,688076,1674145034.html",2026-07-06 17:06:02
eastmoney_guba,688076,1674149800,开始上攻！,,就是高吸低抛,2849057600812640,2026-03-04 09:39:03,80,0,0,0,False,False,"https://guba.eastmoney.com/news,688076,1674149800.html",2026-07-06 17:06:02
eastmoney_guba,688076,1674228896,反弹无力，还得下跌,,股友tcoluc0226,3500094558052162,2026-03-04 10:15:28,79,1,0,0,False,False,"https://guba.eastmoney.com/news,688076,1674228896.html",2026-07-06 17:06:02
eastmoney_guba,688076,1674264474,早上涨多少，下午跌回来，多少年了都是这样，这股的主力没有新的玩意，所以散户们上午,,华远股东,3047426769600740,2026-03-04 10:35:33,274,7,0,0,False,False,"https://guba.eastmoney.com/news,688076,1674264474.html",2026-07-06 17:06:02
eastmoney_guba,688076,1674382856,有没有大佬能查一下一二月的出口,,吖啶锕,4227396211232666,2026-03-04 12:54:54,308,3,1,0,False,False,"https://guba.eastmoney.com/news,688076,1674382856.html",2026-07-06 17:06:02
eastmoney_guba,688076,1674403347,等个回踩进,,不要炒币,1945306182154586,2026-03-04 13:13:14,259,6,0,0,False,False,"https://guba.eastmoney.com/news,688076,1674403347.html",2026-07-06 17:06:02
eastmoney_guba,688076,1674617243,明天拉大阳线我就走,,十八岁女大学生,2041386070087928,2026-03-04 20:38:23,92,1,0,0,False,False,"https://guba.eastmoney.com/news,688076,1674617243.html",2026-07-06 17:06:02
eastmoney_guba,688076,1674625767,海峡封锁，全球原料药中断，谁手里有料谁受益！,,股友xC11082157,5915087048945050,2026-03-04 21:18:18,134,0,0,0,False,False,"https://guba.eastmoney.com/news,688076,1674625767.html",2026-07-06 17:06:02
eastmoney_guba,688076,1674691582,$ST诺泰(SH688076)$,,重剑无锋9,7638094098343716,2026-03-05 08:55:28,191,1,0,0,True,False,"https://guba.eastmoney.com/news,688076,1674691582.html",2026-07-06 17:06:02
eastmoney_guba,688076,1674692768,产量提升10倍，从180-1800毫摩尔升，妥妥现金牛！贵上天的原料药！公司要闻,,听海的枫,9501094056680964,2026-03-05 08:59:15,355,2,0,0,False,False,"https://guba.eastmoney.com/news,688076,1674692768.html",2026-07-06 17:06:02
eastmoney_guba,688076,1674697862,诺泰的寡核苷酸原料药，是小核酸药物的“芯片级原料”，主要做罕见病、乙肝、高血脂、,,越来越好运,1763094302211820,2026-03-05 09:11:47,516,3,0,0,False,False,"https://guba.eastmoney.com/news,688076,1674697862.html",2026-07-06 17:06:02
eastmoney_guba,688076,1674817815,发利好为了出货？,,时刻落袋为安,2205004714926754,2026-03-05 10:07:21,95,1,0,0,False,False,"https://guba.eastmoney.com/news,688076,1674817815.html",2026-07-06 17:06:02
eastmoney_guba,688076,1674830439,现在是温水煮青蛙千万要小心不要去买进去就套牢,,QJHY22302,5702013601648246,2026-03-05 10:13:35,82,0,0,0,False,False,"https://guba.eastmoney.com/news,688076,1674830439.html",2026-07-06 17:06:02
eastmoney_guba,688076,1674870019,说是延期到12月，结果3月就说投产了，这不是典型的自己制造利空要筹码么？就差2个,,币锭拿下,6046346014730666,2026-03-05 10:34:52,1601,17,2,0,True,False,"https://guba.eastmoney.com/news,688076,1674870019.html",2026-07-06 17:06:02
eastmoney_guba,688076,1674947378,僵尸股,,股友03627F7M73,6950187586920228,2026-03-05 11:27:04,93,0,0,0,False,False,"https://guba.eastmoney.com/news,688076,1674947378.html",2026-07-06 17:06:02
eastmoney_guba,688076,1674967301,连云港工厂,,英气俊朗的朱亚特,1669255619529442,2026-03-05 12:04:27,284,3,0,0,False,False,"https://guba.eastmoney.com/news,688076,1674967301.html",2026-07-06 17:06:02
eastmoney_guba,688076,1674970382,一年后回头看，这就是阶段大底,,大方的杨心宇,9818376354210682,2026-03-05 12:15:09,109,0,0,0,False,False,"https://guba.eastmoney.com/news,688076,1674970382.html",2026-07-06 17:06:02
eastmoney_guba,688076,1674977112,好像今天一下子好消息不断是你们在唱多嘛哪样这我可要走了啊,,低吸有钱赚,6738416626968316,2026-03-05 12:41:17,104,0,0,0,False,False,"https://guba.eastmoney.com/news,688076,1674977112.html",2026-07-06 17:06:02
eastmoney_guba,688076,1675047968,今天主力又得闷杀一批一阳改三观的,,别听他们忽悠,3124396168972760,2026-03-05 13:47:11,104,0,0,0,False,False,"https://guba.eastmoney.com/news,688076,1675047968.html",2026-07-06 17:06:02
eastmoney_guba,688076,1675058423,你绿起来真好看,,股友YPtsnT,9424185579731522,2026-03-05 13:53:59,95,0,0,0,False,False,"https://guba.eastmoney.com/news,688076,1675058423.html",2026-07-06 17:06:02
eastmoney_guba,688076,1675117849,绿了才像你，红了我都睡不好觉,,就是高吸低抛,2849057600812640,2026-03-05 14:33:03,186,6,0,0,False,False,"https://guba.eastmoney.com/news,688076,1675117849.html",2026-07-06 17:06:02
eastmoney_guba,688076,1675179399,市值底于100亿的上市公司可以退市,,QJHY22302,5702013601648246,2026-03-05 15:40:03,112,0,0,0,False,False,"https://guba.eastmoney.com/news,688076,1675179399.html",2026-07-06 17:06:02
eastmoney_guba,688076,1675195364,诺泰生物司美格鲁肽注射液Ⅲ期临床进展汇总,,股友A197669V05,8030376544910926,2026-03-05 16:25:27,1744,9,2,0,False,False,"https://guba.eastmoney.com/news,688076,1675195364.html",2026-07-06 17:06:00
eastmoney_guba,688076,1675224804,你什么时候原料也能涨价一下,,追风88899,7696345967044630,2026-03-05 18:29:14,103,0,0,0,False,False,"https://guba.eastmoney.com/news,688076,1675224804.html",2026-07-06 17:06:02
eastmoney_guba,688076,1675247532,精伦电子营收暴增120%，也没有投资参与必要,,骑牛研究社灯塔,6462456627077166,2026-03-05 20:26:35,2127,2,1,0,True,False,"https://guba.eastmoney.com/news,688076,1675247532.html",2026-07-06 17:06:02
eastmoney_guba,688076,1675281349,明天高开就走,,十八岁女大学生,2041386070087928,2026-03-05 23:06:37,155,1,0,0,False,False,"https://guba.eastmoney.com/news,688076,1675281349.html",2026-07-06 17:06:02
eastmoney_guba,688076,1675330594,操盘的，春䖵货！（第8骂）,,卡巴拉,2028023787975112,2026-03-06 08:56:27,80,1,0,0,False,False,"https://guba.eastmoney.com/news,688076,1675330594.html",2026-07-06 17:06:02
eastmoney_guba,688076,1675341116,前天有消息资金进入，看看这几天资金点后续，否则反弹结束,,豁达的范筠研,2641355765619256,2026-03-06 09:20:42,84,0,0,0,False,False,"https://guba.eastmoney.com/news,688076,1675341116.html",2026-07-06 17:06:02
eastmoney_guba,688076,1675377318,别急啊，再调整一下,,仓小利,2579035323975262,2026-03-06 09:36:31,81,0,0,0,False,False,"https://guba.eastmoney.com/news,688076,1675377318.html",2026-07-06 17:06:02
eastmoney_guba,688076,1675400769,诺泰的几天强势，不要看做反转，就是超跌反弹，还有下跌的空间，不要抄底，不要补仓！,,华远股东,3047426769600740,2026-03-06 09:45:28,369,7,0,0,False,False,"https://guba.eastmoney.com/news,688076,1675400769.html",2026-07-06 17:06:02
eastmoney_guba,688076,1675422879,回来看看诺泰，还涨了点,,陈扶摇,2707385668627232,2026-03-06 09:54:57,76,0,0,0,False,False,"https://guba.eastmoney.com/news,688076,1675422879.html",2026-07-06 17:06:02
eastmoney_guba,688076,1675426566,是不是底部确立了呢,,陈扶摇,2707385668627232,2026-03-06 09:56:33,103,0,0,0,False,False,"https://guba.eastmoney.com/news,688076,1675426566.html",2026-07-06 17:06:02
eastmoney_guba,688076,1675429137,谁来为诺泰写篇小作文，从此一飞冲天,,luotuoxzx,6756094607583200,2026-03-06 09:57:40,119,1,0,0,False,False,"https://guba.eastmoney.com/news,688076,1675429137.html",2026-07-06 17:06:02
eastmoney_guba,688076,1675442418,你下来，等等我还有三天能开通,,单恋一枝花2,6965017055864904,2026-03-06 10:03:59,95,0,0,0,False,False,"https://guba.eastmoney.com/news,688076,1675442418.html",2026-07-06 17:06:02
eastmoney_guba,688076,1675444239,终于拉起了,,红桃77777,6889064611246648,2026-03-06 10:04:54,99,0,0,0,False,False,"https://guba.eastmoney.com/news,688076,1675444239.html",2026-07-06 17:06:02
eastmoney_guba,688076,1675448140,今天是随着化学制药板块一起动的，好处是板块一起动，坏处也是板块一起动，继续坐等后,,币锭拿下,6046346014730666,2026-03-06 10:06:54,132,0,0,0,False,False,"https://guba.eastmoney.com/news,688076,1675448140.html",2026-07-06 17:06:02
eastmoney_guba,688076,1675587827,走了，上午高开抄底长光华芯,,十八岁女大学生,2041386070087928,2026-03-06 11:52:14,162,0,0,0,False,False,"https://guba.eastmoney.com/news,688076,1675587827.html",2026-07-06 17:06:02
eastmoney_guba,688076,1675589732,@,,朱唇的隆蕙,8151365670746784,2026-03-06 11:58:04,164,0,0,0,False,False,"https://guba.eastmoney.com/news,688076,1675589732.html",2026-07-06 17:06:02
eastmoney_guba,688076,1675614446,熟悉的一幕又要出现了？,,yaomomo2000,2192513855029316,2026-03-06 13:05:26,440,4,0,0,False,False,"https://guba.eastmoney.com/news,688076,1675614446.html",2026-07-06 17:06:02
eastmoney_guba,688076,1675689712,688076今年的生产和销售都好于往年，今后美容和瘦身应该是方向,,港投a,3037064833302550,2026-03-06 14:04:09,266,0,0,0,False,False,"https://guba.eastmoney.com/news,688076,1675689712.html",2026-07-06 17:06:02
eastmoney_guba,688076,1675763317,周六周日提前骂！,,卡巴拉,2028023787975112,2026-03-06 15:02:08,324,4,0,0,False,False,"https://guba.eastmoney.com/news,688076,1675763317.html",2026-07-06 17:06:02
eastmoney_guba,688076,1676002548,还是688开头的股票好，周末大家都休息去了,,古诗拾贝哥,2637075147824538,2026-03-08 12:49:53,185,0,0,0,False,False,"https://guba.eastmoney.com/news,688076,1676002548.html",2026-07-06 17:06:02
eastmoney_guba,688076,1676030673,周一高开就走,,十八岁女大学生,2041386070087928,2026-03-08 19:27:39,148,0,0,0,False,False,"https://guba.eastmoney.com/news,688076,1676030673.html",2026-07-06 17:06:02
eastmoney_guba,688076,1676037872,ST花王已打报告申请摘帽，ST诺泰也要赶紧报了。,,首富投资人,1811476816912550,2026-03-08 20:40:22,334,3,0,0,False,False,"https://guba.eastmoney.com/news,688076,1676037872.html",2026-07-06 17:06:02
eastmoney_guba,688076,1676048685,虽然还亏2个点，坚定看好,,股友U8386z1126,6743306520058312,2026-03-08 22:31:04,198,0,0,0,False,False,"https://guba.eastmoney.com/news,688076,1676048685.html",2026-07-06 17:06:02
eastmoney_guba,688076,1676144424,看这个样子还真的跌不下去了,,陈扶摇,2707385668627232,2026-03-09 09:35:15,135,2,0,0,False,False,"https://guba.eastmoney.com/news,688076,1676144424.html",2026-07-06 17:06:02
eastmoney_guba,688076,1676238829,还在硬挺，有必要吗？这波反弹的主力肯定是被套了。,,股友7t65968F81,4477316185546414,2026-03-09 10:07:59,212,3,0,0,False,False,"https://guba.eastmoney.com/news,688076,1676238829.html",2026-07-06 17:06:02
eastmoney_guba,688076,1676532196,这波反弹结束了？,,医药不值得投资,5383084759787052,2026-03-09 14:45:38,131,1,0,0,False,False,"https://guba.eastmoney.com/news,688076,1676532196.html",2026-07-06 17:06:02
eastmoney_guba,688076,1676540441,看来反弹真的结束了,,别听他们忽悠,3124396168972760,2026-03-09 14:51:47,112,0,0,0,False,False,"https://guba.eastmoney.com/news,688076,1676540441.html",2026-07-06 17:06:02
eastmoney_guba,688076,1676589958,大盘跌诺泰跌大盘反弹诺泰也跌，开年大盘大涨诺泰也是跌,,司马神,3153326367888576,2026-03-09 16:32:57,133,0,0,0,False,False,"https://guba.eastmoney.com/news,688076,1676589958.html",2026-07-06 17:06:02
eastmoney_guba,688076,1676699944,还不错,,如果可爱,4635027299462196,2026-03-10 05:01:53,149,2,0,0,False,False,"https://guba.eastmoney.com/news,688076,1676699944.html",2026-07-06 17:06:02
eastmoney_guba,688076,1676855794,没人玩，没量。,,市场永远是正确,5939206511040982,2026-03-10 10:07:19,79,0,0,0,False,False,"https://guba.eastmoney.com/news,688076,1676855794.html",2026-07-06 17:06:02
eastmoney_guba,688076,1676908883,反弹结束了。。。看的出来主力开始出货了,,医药不值得投资,5383084759787052,2026-03-10 10:37:28,147,4,0,0,False,False,"https://guba.eastmoney.com/news,688076,1676908883.html",2026-07-06 17:06:00
eastmoney_guba,688076,1676910470,最差的，没有更差的了，毫无资金关注,,你将最终胜利,1450306394783606,2026-03-10 10:38:31,99,0,0,0,False,False,"https://guba.eastmoney.com/news,688076,1676910470.html",2026-07-06 17:06:02
eastmoney_guba,688076,1676940450,不争气的东西,,luotuoxzx,6756094607583200,2026-03-10 10:58:41,3055,0,0,0,False,False,"https://guba.eastmoney.com/news,688076,1676940450.html",2026-07-06 17:06:02
eastmoney_guba,688076,1676957805,亵的走势,,luotuoxzx,6756094607583200,2026-03-10 11:11:56,3064,0,0,0,False,False,"https://guba.eastmoney.com/news,688076,1676957805.html",2026-07-06 17:06:02
eastmoney_guba,688076,1676974394,公司信息不透明，被控下压打，躺死不动，都在等事绩催化明澈操作。,,股友95X60327Q5,5705094242459054,2026-03-10 11:24:24,3481,3,0,0,False,False,"https://guba.eastmoney.com/news,688076,1676974394.html",2026-07-06 17:05:53
eastmoney_guba,688076,1676975467,走了主力不想涨今天关键的一天。。坐等继续破30,,医药不值得投资,5383084759787052,2026-03-10 11:25:20,3043,0,0,0,False,False,"https://guba.eastmoney.com/news,688076,1676975467.html",2026-07-06 17:06:02
eastmoney_guba,688076,1676989820,快回到31我要买一点,,单恋一枝花2,6965017055864904,2026-03-10 11:48:47,3158,5,0,0,False,False,"https://guba.eastmoney.com/news,688076,1676989820.html",2026-07-06 17:06:00
eastmoney_guba,688076,1677003112,GLP-1减重药物正加速从千元级别的“暴利”时代，迈入百元级的“平民”时代，市场,,xdhynj,5645335959421612,2026-03-10 12:45:52,3297,1,0,0,False,False,"https://guba.eastmoney.com/news,688076,1677003112.html",2026-07-06 17:06:00
eastmoney_guba,688076,1677076561,算低位缩量，至少这个价格没有什么人抛,,基民gBHS4l,8880145323275300,2026-03-10 13:55:35,3177,0,0,0,False,False,"https://guba.eastmoney.com/news,688076,1677076561.html",2026-07-06 17:06:00
eastmoney_guba,688076,1677083354,什么时候摘帽啊,,我滴个乖乖啊,8386094309231136,2026-03-10 14:01:15,3500,9,0,0,False,False,"https://guba.eastmoney.com/news,688076,1677083354.html",2026-07-06 17:06:00
eastmoney_guba,688076,1677111119,大户就是要今天收阴线,,医药不值得投资,5383084759787052,2026-03-10 14:25:06,3156,0,0,0,False,False,"https://guba.eastmoney.com/news,688076,1677111119.html",2026-07-06 17:06:00
eastmoney_guba,688076,1677319962,操盘的，傻13！（第13骂）,,卡巴拉,2028023787975112,2026-03-11 09:23:12,24734,3,0,0,False,False,"https://guba.eastmoney.com/news,688076,1677319962.html",2026-07-06 17:06:00
eastmoney_guba,688076,1677406245,继续寻底。。。看的出来25左右才有真正反弹,,医药不值得投资,5383084759787052,2026-03-11 09:55:14,1036,0,0,0,False,False,"https://guba.eastmoney.com/news,688076,1677406245.html",2026-07-06 17:06:00
eastmoney_guba,688076,1677491819,你们看的懂的说一下是不是大资金在跑,,低吸有钱赚,6738416626968316,2026-03-11 10:37:36,287,5,0,0,False,False,"https://guba.eastmoney.com/news,688076,1677491819.html",2026-07-06 17:06:00
eastmoney_guba,688076,1677529903,又是倒数第一！,,医药不值得投资,5383084759787052,2026-03-11 11:01:09,120,0,0,0,False,False,"https://guba.eastmoney.com/news,688076,1677529903.html",2026-07-06 17:06:00
eastmoney_guba,688076,1677710512,追涨富三代，抄底毁一生,,你将最终胜利,1450306394783606,2026-03-11 14:18:17,110,0,0,0,False,False,"https://guba.eastmoney.com/news,688076,1677710512.html",2026-07-06 17:06:00
eastmoney_guba,688076,1677815224,礼来国内投资扩产能，诺泰是原料药供应商吗？,,股友3P5N982830,4736057731969762,2026-03-11 17:25:10,309,3,0,0,False,False,"https://guba.eastmoney.com/news,688076,1677815224.html",2026-07-06 17:06:00
eastmoney_guba,688076,1677815469,@妙想,,股友3P5N982830,4736057731969762,2026-03-11 17:26:12,747,2,0,0,True,False,"https://guba.eastmoney.com/news,688076,1677815469.html",2026-07-06 17:06:00
eastmoney_guba,688076,1677833096,有个感觉明天能红能涨能上20日线对不对明天看,,低吸有钱赚,6738416626968316,2026-03-11 18:47:41,228,3,0,0,False,False,"https://guba.eastmoney.com/news,688076,1677833096.html",2026-07-06 17:06:00
eastmoney_guba,688076,1677934691,操盘的，草包！（第14骂）,,卡巴拉,2028023787975112,2026-03-12 08:55:25,184,6,0,0,False,False,"https://guba.eastmoney.com/news,688076,1677934691.html",2026-07-06 17:06:00
eastmoney_guba,688076,1678097621,往下拉的很坚决,,别听他们忽悠,3124396168972760,2026-03-12 10:20:16,67,0,0,0,False,False,"https://guba.eastmoney.com/news,688076,1678097621.html",2026-07-06 17:06:00
eastmoney_guba,688076,1678115053,又串了，体质不行,,yaomomo2000,2192513855029316,2026-03-12 10:28:49,108,1,0,0,False,False,"https://guba.eastmoney.com/news,688076,1678115053.html",2026-07-06 17:06:00
eastmoney_guba,688076,1678146262,在2026年3月20日司美格鲁肽专制到期后的全球减肥仿制药浪潮中，诺泰是最受益的,,股友A197669V05,8030376544910926,2026-03-12 10:44:43,222,0,0,0,False,False,"https://guba.eastmoney.com/news,688076,1678146262.html",2026-07-06 17:06:00
eastmoney_guba,688076,1678370307,太受伤了，不知道能不能在30到34之间做一个平台出来。看看筹码分布和集中度，如果,,了解以后,8951356227100036,2026-03-12 14:25:46,215,2,0,0,False,False,"https://guba.eastmoney.com/news,688076,1678370307.html",2026-07-06 17:06:00
eastmoney_guba,688076,1678393376,还是不行今天的明天早盘就走,,医药不值得投资,5383084759787052,2026-03-12 14:42:39,86,0,0,0,False,False,"https://guba.eastmoney.com/news,688076,1678393376.html",2026-07-06 17:06:00
eastmoney_guba,688076,1678531957,以3季度数据为基础，在其他因素不变的条件下，公司减肥药的原料价格25%，利润将下,,xdhynj,5645335959421612,2026-03-12 21:58:53,357,2,0,0,False,False,"https://guba.eastmoney.com/news,688076,1678531957.html",2026-07-06 17:05:57
eastmoney_guba,688076,1678592161,操盘的，春䖵！（第14、15、16骂）,,卡巴拉,2028023787975112,2026-03-13 08:54:30,131,3,0,0,False,False,"https://guba.eastmoney.com/news,688076,1678592161.html",2026-07-06 17:06:00
eastmoney_guba,688076,1678781697,下周破30了,,医药不值得投资,5383084759787052,2026-03-13 10:32:14,215,3,0,0,False,False,"https://guba.eastmoney.com/news,688076,1678781697.html",2026-07-06 17:06:00
eastmoney_guba,688076,1678787287,痛失行情,,别听他们忽悠,3124396168972760,2026-03-13 10:35:30,152,0,0,0,False,False,"https://guba.eastmoney.com/news,688076,1678787287.html",2026-07-06 17:06:00
eastmoney_guba,688076,1678823021,主力你还没吃饱吗？跌跌不休到何时？大家都跌傻了不会给你筹吗的。死心吧,,低吸有钱赚,6738416626968316,2026-03-13 10:57:29,169,0,0,0,False,False,"https://guba.eastmoney.com/news,688076,1678823021.html",2026-07-06 17:06:00
eastmoney_guba,688076,1678831283,减肥药还得看你。。,,医药不值得投资,5383084759787052,2026-03-13 11:02:57,195,1,0,0,False,False,"https://guba.eastmoney.com/news,688076,1678831283.html",2026-07-06 17:06:00
eastmoney_guba,688076,1678888618,几十手就能压住价格了，看主力表演,,就是高吸低抛,2849057600812640,2026-03-13 12:22:14,211,0,0,0,False,False,"https://guba.eastmoney.com/news,688076,1678888618.html",2026-07-06 17:06:00
eastmoney_guba,688076,1678915289,阶段底部,,大方的杨心宇,9818376354210682,2026-03-13 13:11:45,225,1,0,0,False,False,"https://guba.eastmoney.com/news,688076,1678915289.html",2026-07-06 17:06:00
eastmoney_guba,688076,1678924957,这真是个ZS股啊,,被忽悠惨的人,8384015119237270,2026-03-13 13:19:13,213,0,0,0,False,False,"https://guba.eastmoney.com/news,688076,1678924957.html",2026-07-06 17:06:00
eastmoney_guba,688076,1678924977,一点生气都没有，死气沉沉，交易量持续低迷。,,我滴个乖乖啊,8386094309231136,2026-03-13 13:19:15,211,0,0,0,False,False,"https://guba.eastmoney.com/news,688076,1678924977.html",2026-07-06 17:06:00
eastmoney_guba,688076,1679042863,这个股票85%的时间是跌的,,医药不值得投资,5383084759787052,2026-03-13 14:39:24,221,1,0,0,False,False,"https://guba.eastmoney.com/news,688076,1679042863.html",2026-07-06 17:06:00
eastmoney_guba,688076,1679053352,小庄要弃守了。,,股友7t65968F81,4477316185546414,2026-03-13 14:45:23,403,4,0,0,False,False,"https://guba.eastmoney.com/news,688076,1679053352.html",2026-07-06 17:06:00
eastmoney_guba,688076,1679146451,一季度业绩如果没有1个亿估计神仙来了也守不住,,医药不值得投资,5383084759787052,2026-03-13 18:24:08,798,9,0,0,False,False,"https://guba.eastmoney.com/news,688076,1679146451.html",2026-07-06 17:06:00
eastmoney_guba,688076,1679250091,凯莱英80%多肽产能空置估计诺泰也快了。。,,医药不值得投资,5383084759787052,2026-03-14 13:07:06,309,0,0,0,False,False,"https://guba.eastmoney.com/news,688076,1679250091.html",2026-07-06 17:06:00
eastmoney_guba,688076,1679306940,26年原料药价格已经跌破50万了。。。,,医药不值得投资,5383084759787052,2026-03-15 11:01:40,215,2,0,0,False,False,"https://guba.eastmoney.com/news,688076,1679306940.html",2026-07-06 17:06:00
eastmoney_guba,688076,1679361069,理想的买入价格,,眼幕半度,4662027299465964,2026-03-15 23:03:45,101,2,0,0,False,False,"https://guba.eastmoney.com/news,688076,1679361069.html",2026-07-06 17:06:00
eastmoney_guba,688076,1679384528,第18骂,,卡巴拉,2028023787975112,2026-03-16 08:30:00,124,5,0,0,False,False,"https://guba.eastmoney.com/news,688076,1679384528.html",2026-07-06 17:06:00
eastmoney_guba,688076,1679473448,看来突破三十已经是趋势了,,别听他们忽悠,3124396168972760,2026-03-16 09:44:52,40,0,0,0,False,False,"https://guba.eastmoney.com/news,688076,1679473448.html",2026-07-06 17:06:00
eastmoney_guba,688076,1679574444,哎呀早上下跌刚卖了就搞我啊。。。,,剑是什么样的剑,3287335915781350,2026-03-16 10:28:09,62,1,0,0,False,False,"https://guba.eastmoney.com/news,688076,1679574444.html",2026-07-06 17:06:00
eastmoney_guba,688076,1679580565,咋回事，早上刚割了，这还能追回来吗？各位大佬？？？,,剑是什么样的剑,3287335915781350,2026-03-16 10:31:20,53,0,0,0,False,False,"https://guba.eastmoney.com/news,688076,1679580565.html",2026-07-06 17:06:00
eastmoney_guba,688076,1679585468,这是要玩阴跌啊，额度啊,,股友7t65968F81,4477316185546414,2026-03-16 10:34:06,56,0,0,0,False,False,"https://guba.eastmoney.com/news,688076,1679585468.html",2026-07-06 17:06:00
eastmoney_guba,688076,1679799966,打压时间应该没有多久了。原料药以后会有信息出来，信心变好。,,股友95X60327Q5,5705094242459054,2026-03-16 14:24:57,368,5,0,0,False,False,"https://guba.eastmoney.com/news,688076,1679799966.html",2026-07-06 17:05:56
eastmoney_guba,688076,1679818709,出货够坚决的，多大的利空呀,,股友RqPaD5,3127316051660808,2026-03-16 14:40:40,54,0,0,0,False,False,"https://guba.eastmoney.com/news,688076,1679818709.html",2026-07-06 17:06:00
eastmoney_guba,688076,1680000859,第19骂,,卡巴拉,2028023787975112,2026-03-17 08:09:54,114,4,0,0,False,False,"https://guba.eastmoney.com/news,688076,1680000859.html",2026-07-06 17:06:00
eastmoney_guba,688076,1680023152,司美格鲁肽专利周五到期，一定会炒一波,,基民HaHDbD,6591325539183744,2026-03-17 09:24:29,353,6,0,0,False,False,"https://guba.eastmoney.com/news,688076,1680023152.html",2026-07-06 17:06:00
eastmoney_guba,688076,1680313046,这里全是散户，随风散，走人了！,,华远股东,3047426769600740,2026-03-17 13:09:59,52,1,0,0,False,False,"https://guba.eastmoney.com/news,688076,1680313046.html",2026-07-06 17:06:00
eastmoney_guba,688076,1680359153,最近都是少量大单诱多，然后就开始发套，如断脊之犬,,别听他们忽悠,3124396168972760,2026-03-17 13:43:08,58,0,0,0,False,False,"https://guba.eastmoney.com/news,688076,1680359153.html",2026-07-06 17:06:00
eastmoney_guba,688076,1680370465,看着诺泰，想起了佛山隐士,,石头小叮当,2519345662868604,2026-03-17 13:50:13,75,0,0,0,False,False,"https://guba.eastmoney.com/news,688076,1680370465.html",2026-07-06 17:06:00
eastmoney_guba,688076,1680384196,看你有多绿！,,华远股东,3047426769600740,2026-03-17 13:59:46,39,0,0,0,False,False,"https://guba.eastmoney.com/news,688076,1680384196.html",2026-07-06 17:06:00
eastmoney_guba,688076,1680394338,庄家你不能雄起一次，每天都呀。,,股友A197669V05,8030376544910926,2026-03-17 14:06:06,50,0,0,0,False,False,"https://guba.eastmoney.com/news,688076,1680394338.html",2026-07-06 17:06:00
eastmoney_guba,688076,1680429714,也不知道纪教授推进的怎么样了？一点消息都不给，出来就是连板，只能继续煎熬。,,大混沌789,2636365924839354,2026-03-17 14:28:42,253,3,0,0,False,False,"https://guba.eastmoney.com/news,688076,1680429714.html",2026-07-06 17:06:00
eastmoney_guba,688076,1680557282,大家有没亏麻,,帅的已经很明显,6196114868978848,2026-03-17 18:34:37,56,0,0,0,False,False,"https://guba.eastmoney.com/news,688076,1680557282.html",2026-07-06 17:06:00
eastmoney_guba,688076,1680603948,明天看下可能反包不,,古诗拾贝哥,2637075147824538,2026-03-17 22:03:04,58,0,0,0,False,False,"https://guba.eastmoney.com/news,688076,1680603948.html",2026-07-06 17:06:00
eastmoney_guba,688076,1680652589,今天我要跑路,,单恋一枝花2,6965017055864904,2026-03-18 08:03:27,67,0,0,0,False,False,"https://guba.eastmoney.com/news,688076,1680652589.html",2026-07-06 17:06:00
eastmoney_guba,688076,1680661311,司美格鲁肽注射液的Ⅲ期临床试验进展（纪立农教授牵头推进）,,实战实情,3621316430978470,2026-03-18 08:46:59,352,4,0,0,False,False,"https://guba.eastmoney.com/news,688076,1680661311.html",2026-07-06 17:06:00
eastmoney_guba,688076,1680687894,第20骂！,,卡巴拉,2028023787975112,2026-03-18 09:26:02,99,5,0,0,False,False,"https://guba.eastmoney.com/news,688076,1680687894.html",2026-07-06 17:06:00
eastmoney_guba,688076,1680722889,诺泰25元股价势在必得，一周到底，25元股价指日可期！减肥药概念股盈利周期已是过,,华远股东,3047426769600740,2026-03-18 09:38:59,105,2,0,0,False,False,"https://guba.eastmoney.com/news,688076,1680722889.html",2026-07-06 17:06:00
eastmoney_guba,688076,1680731770,这些天大资金真是坚定往下拉啊,,别听他们忽悠,3124396168972760,2026-03-18 09:41:52,67,1,0,0,False,False,"https://guba.eastmoney.com/news,688076,1680731770.html",2026-07-06 17:06:00
eastmoney_guba,688076,1680767598,20～25元是合理价位！期待！,,华远股东,3047426769600740,2026-03-18 09:54:59,54,0,0,0,False,False,"https://guba.eastmoney.com/news,688076,1680767598.html",2026-07-06 17:06:00
eastmoney_guba,688076,1680803920,行业里做的最大的公司市值100亿，可能吗？市值千亿才是起点，坚守3年雷打不动。,,管住手机会永远有,1505346236358364,2026-03-18 10:09:48,79,0,0,0,False,False,"https://guba.eastmoney.com/news,688076,1680803920.html",2026-07-06 17:06:00
eastmoney_guba,688076,1680811027,不知不觉已被套28个点,,股友tcoluc0226,3500094558052162,2026-03-18 10:13:12,234,7,0,0,False,False,"https://guba.eastmoney.com/news,688076,1680811027.html",2026-07-06 17:05:57
eastmoney_guba,688076,1680836939,医药板块都在涨，这货怎么不跟啊,,扁豆卢,2631067291149914,2026-03-18 10:26:33,67,0,0,0,False,False,"https://guba.eastmoney.com/news,688076,1680836939.html",2026-07-06 17:06:00
eastmoney_guba,688076,1680915637,从ST前50多元持有，到现在不离不弃，就算投在你家入股了，坐等ST摘帽，俺就不陪,,首富投资人,1811476816912550,2026-03-18 11:12:23,139,2,0,0,False,False,"https://guba.eastmoney.com/news,688076,1680915637.html",2026-07-06 17:06:00
eastmoney_guba,688076,1681070748,主力你能不能痛快的给大家一刀你自己的时间也是时间啊,,低吸有钱赚,6738416626968316,2026-03-18 14:15:43,84,2,0,0,False,False,"https://guba.eastmoney.com/news,688076,1681070748.html",2026-07-06 17:06:00
eastmoney_guba,688076,1681113405,幸亏早走了。,,剑是什么样的剑,3287335915781350,2026-03-18 14:46:22,47,0,0,0,False,False,"https://guba.eastmoney.com/news,688076,1681113405.html",2026-07-06 17:06:00
eastmoney_guba,688076,1681125271,佩服！出货那么坚决！,,股友RqPaD5,3127316051660808,2026-03-18 14:54:03,60,0,0,0,False,False,"https://guba.eastmoney.com/news,688076,1681125271.html",2026-07-06 17:06:00
eastmoney_guba,688076,1681162719,快一点跌到18.5可以买进了，也不知什么时候能跌到目标早日跌到18.5早日可以开,,QJHY22302,5702013601648246,2026-03-18 15:50:59,63,0,0,0,False,False,"https://guba.eastmoney.com/news,688076,1681162719.html",2026-07-06 17:06:00
eastmoney_guba,688076,1681186733,你又回来了，那我要开始买了,,壹颗嫩韭菜,7734466897337758,2026-03-18 17:17:42,197,1,1,0,False,False,"https://guba.eastmoney.com/news,688076,1681186733.html",2026-07-06 17:05:57
eastmoney_guba,688076,1681199741,我之前就说过，诺泰三月内大概率跌到20元以下。一、五年不能融资，堵上了扩产能增产,,ST丹朱,3780366396100108,2026-03-18 18:16:15,687,10,0,0,False,False,"https://guba.eastmoney.com/news,688076,1681199741.html",2026-07-06 17:06:00
eastmoney_guba,688076,1681203688,有的小白乱说一通。逻辑都错误。不能融资？银行贷款额度都几十个亿你不看公告靠蒙的吗,,管住手机会永远有,1505346236358364,2026-03-18 18:36:27,436,4,0,0,False,False,"https://guba.eastmoney.com/news,688076,1681203688.html",2026-07-06 17:05:57
eastmoney_guba,688076,1681294704,Ai制药定制抗癌药物,,股民3573,9801094391333426,2026-03-19 05:53:07,61,0,0,0,False,False,"https://guba.eastmoney.com/news,688076,1681294704.html",2026-07-06 17:06:00
eastmoney_guba,688076,1681320381,第21骂！,,卡巴拉,2028023787975112,2026-03-19 08:55:43,98,3,0,0,False,False,"https://guba.eastmoney.com/news,688076,1681320381.html",2026-07-06 17:05:57
eastmoney_guba,688076,1681381564,看这走势，下周25也不是不可能,,别听他们忽悠,3124396168972760,2026-03-19 09:39:14,51,0,0,0,False,False,"https://guba.eastmoney.com/news,688076,1681381564.html",2026-07-06 17:06:00
eastmoney_guba,688076,1681394284,这票有毒,,账户天天涨,1320305502224462,2026-03-19 09:43:12,41,0,0,0,False,False,"https://guba.eastmoney.com/news,688076,1681394284.html",2026-07-06 17:06:00
eastmoney_guba,688076,1681400906,是真的有毒吧，被套30个点了,,股友tcoluc0226,3500094558052162,2026-03-19 09:45:30,101,2,0,0,False,False,"https://guba.eastmoney.com/news,688076,1681400906.html",2026-07-06 17:05:57
eastmoney_guba,688076,1681409013,哎呀幸亏跑得快哈哈哈哈,,剑是什么样的剑,3287335915781350,2026-03-19 09:48:09,39,0,0,0,False,False,"https://guba.eastmoney.com/news,688076,1681409013.html",2026-07-06 17:06:00
eastmoney_guba,688076,1681412891,机会难得，多砸点,,蜉蝣天地任逍遥,9844346187863798,2026-03-19 09:49:25,42,0,0,0,False,False,"https://guba.eastmoney.com/news,688076,1681412891.html",2026-07-06 17:06:00
eastmoney_guba,688076,1681413744,到30加,,股友I5t7xU,3481375639382760,2026-03-19 09:49:44,51,1,0,0,False,False,"https://guba.eastmoney.com/news,688076,1681413744.html",2026-07-06 17:06:00
eastmoney_guba,688076,1681416511,这么大的下跌趋势！不知道为什么有人买买买！,,多财亨通de张无忌,9176085036293022,2026-03-19 09:50:41,77,1,0,0,False,False,"https://guba.eastmoney.com/news,688076,1681416511.html",2026-07-06 17:06:00
eastmoney_guba,688076,1681427405,国内的司美格鲁肽市场逐步放开，国内需求旺盛，以前人们买不起，以后国产降价，自然需,,内心的眼睛,8619013587733762,2026-03-19 09:54:47,322,2,0,0,False,False,"https://guba.eastmoney.com/news,688076,1681427405.html",2026-07-06 17:05:57
eastmoney_guba,688076,1681441945,套人太厉害了。什么破庄。大家一起干他。。。,,剑是什么样的剑,3287335915781350,2026-03-19 10:00:52,41,0,0,0,False,False,"https://guba.eastmoney.com/news,688076,1681441945.html",2026-07-06 17:06:00
eastmoney_guba,688076,1681450320,这几个月阴跌的本质应该还是ST之后带来的资金缺乏。感觉还得等到摘帽才能有希望修复,,别听他们忽悠,3124396168972760,2026-03-19 10:04:47,88,0,0,0,False,False,"https://guba.eastmoney.com/news,688076,1681450320.html",2026-07-06 17:06:00
eastmoney_guba,688076,1681475398,跌到哪里是个头？,,弱有效市场,9162114828087000,2026-03-19 10:15:13,83,2,0,0,False,False,"https://guba.eastmoney.com/news,688076,1681475398.html",2026-07-06 17:05:57
eastmoney_guba,688076,1681489694,隐士老师还好吗，缺心眼的玩意,,晚上的清秋,3598396081954208,2026-03-19 10:21:44,74,1,0,0,False,False,"https://guba.eastmoney.com/news,688076,1681489694.html",2026-07-06 17:05:57
eastmoney_guba,688076,1681492128,谁出来透露下，是不是机构或者内幕消息就要出来不好的了？不然不会这么跌,,sjmou嘿,4378094538624910,2026-03-19 10:22:49,58,0,0,0,False,False,"https://guba.eastmoney.com/news,688076,1681492128.html",2026-07-06 17:05:57
eastmoney_guba,688076,1681506205,难道无可救药了，一泻再泻？,,首富投资人,1811476816912550,2026-03-19 10:29:55,68,1,0,0,False,False,"https://guba.eastmoney.com/news,688076,1681506205.html",2026-07-06 17:05:57
eastmoney_guba,688076,1681513747,今天好多大单放量了,,小兔乖乖宝宝,8980094451666448,2026-03-19 10:34:21,63,1,0,0,False,False,"https://guba.eastmoney.com/news,688076,1681513747.html",2026-07-06 17:05:57
eastmoney_guba,688076,1681537644,期待破29元，物美价廉！,,华远股东,3047426769600740,2026-03-19 10:49:11,90,2,0,0,False,False,"https://guba.eastmoney.com/news,688076,1681537644.html",2026-07-06 17:05:57
eastmoney_guba,688076,1681554513,犯了啥天条，一路向下，服了,,九头鸟1,6959066968139000,2026-03-19 11:00:46,52,0,0,0,False,False,"https://guba.eastmoney.com/news,688076,1681554513.html",2026-07-06 17:05:57
eastmoney_guba,688076,1681555309,看来还是得听前辈的，不要随便抄底，一个不小心就挂在半山腰了,,九头鸟1,6959066968139000,2026-03-19 11:01:23,78,1,0,0,False,False,"https://guba.eastmoney.com/news,688076,1681555309.html",2026-07-06 17:05:57
eastmoney_guba,688076,1681644773,哈哈哈，太狠了，幸亏跑的早，我在28块钱那里等大家。,,剑是什么样的剑,3287335915781350,2026-03-19 13:13:33,58,0,0,0,False,False,"https://guba.eastmoney.com/news,688076,1681644773.html",2026-07-06 17:05:57
eastmoney_guba,688076,1681716537,幸亏跑得早，等你们割了，我在28块钱这里接筹码。,,剑是什么样的剑,3287335915781350,2026-03-19 14:03:36,76,1,0,0,False,False,"https://guba.eastmoney.com/news,688076,1681716537.html",2026-07-06 17:05:57
eastmoney_guba,688076,1681769024,明天破30？,,喜欢吃红辣椒辣,2519346480857818,2026-03-19 14:41:14,73,0,0,0,False,False,"https://guba.eastmoney.com/news,688076,1681769024.html",2026-07-06 17:05:57
eastmoney_guba,688076,1681831183,等到18.09再买,,QJHY22302,5702013601648246,2026-03-19 15:43:16,56,0,0,0,False,False,"https://guba.eastmoney.com/news,688076,1681831183.html",2026-07-06 17:05:57
eastmoney_guba,688076,1681887283,不谈基本面，不谈技术面，只是从概率的角度，在当前这个位置，是该买还是该卖，一目了,,股友58o62972X3,8000316130229804,2026-03-19 19:05:58,908,2,0,0,True,False,"https://guba.eastmoney.com/news,688076,1681887283.html",2026-07-06 17:05:57
eastmoney_guba,688076,1681909550,45卖的，25能买回来吗？仿制减肥原料药,,没翻倍不算赚,5013023721672056,2026-03-19 20:37:24,65,0,0,0,False,False,"https://guba.eastmoney.com/news,688076,1681909550.html",2026-07-06 17:05:57
eastmoney_guba,688076,1681930823,看礼来，以三靶点Retatrutide（瑞他鲁肽）为例，诺泰于2024年初就立项,,只看最本质,7139144735501360,2026-03-19 21:42:03,181,0,0,0,False,False,"https://guba.eastmoney.com/news,688076,1681930823.html",2026-07-06 17:05:57
eastmoney_guba,688076,1681933908,一买就套，再见，再也不来了,,壹颗嫩韭菜,7734466897337758,2026-03-19 21:51:50,84,0,0,0,False,False,"https://guba.eastmoney.com/news,688076,1681933908.html",2026-07-06 17:05:57
eastmoney_guba,688076,1681995319,22、23、24三连骂！,,卡巴拉,2028023787975112,2026-03-20 08:15:32,161,6,0,0,False,False,"https://guba.eastmoney.com/news,688076,1681995319.html",2026-07-06 17:05:57
eastmoney_guba,688076,1681997930,司美格鲁肽印度专利到期对诺泰生物的影响分析（以下信息仅供参考，不作为投资依据）,,股友A197669V05,8030376544910926,2026-03-20 08:28:35,1185,2,3,0,False,False,"https://guba.eastmoney.com/news,688076,1681997930.html",2026-07-06 17:05:57
eastmoney_guba,688076,1682001149,左侧抄底的这里是一个较低位置，右侧交易的还早，抄底抄到会暴富，抄在半山腰要你命。,,一毛八分八,7373065077106824,2026-03-20 08:44:08,152,3,0,0,False,False,"https://guba.eastmoney.com/news,688076,1682001149.html",2026-07-06 17:05:57
eastmoney_guba,688076,1682164846,看来这主力不认可专利到期逻辑,,别听他们忽悠,3124396168972760,2026-03-20 10:12:26,59,0,0,0,False,False,"https://guba.eastmoney.com/news,688076,1682164846.html",2026-07-06 17:05:57
eastmoney_guba,688076,1682171864,跟跌的速度百米冲刺一样。跟涨的速度像蜗牛一样慢。,,永时胜,9427034659555570,2026-03-20 10:15:01,53,0,0,0,False,False,"https://guba.eastmoney.com/news,688076,1682171864.html",2026-07-06 17:05:57
eastmoney_guba,688076,1682180127,难道是司美格鲁肽注射液审批失败？,,sjmou嘿,4378094538624910,2026-03-20 10:18:05,68,0,0,0,False,False,"https://guba.eastmoney.com/news,688076,1682180127.html",2026-07-06 17:05:57
eastmoney_guba,688076,1682253269,只要一个大订单，改变所有的预期！,,股友RqPaD5,3127316051660808,2026-03-20 10:55:32,95,1,0,0,False,False,"https://guba.eastmoney.com/news,688076,1682253269.html",2026-07-06 17:05:57
eastmoney_guba,688076,1682277336,印度来个订单吧,,时刻落袋为安,2205004714926754,2026-03-20 11:08:51,140,2,0,0,False,False,"https://guba.eastmoney.com/news,688076,1682277336.html",2026-07-06 17:05:57
eastmoney_guba,688076,1682301528,上面的套牢盘不割肉，就不可能涨，想入手的继续等待,,单恋一枝花2,6965017055864904,2026-03-20 11:26:03,60,0,0,0,False,False,"https://guba.eastmoney.com/news,688076,1682301528.html",2026-07-06 17:05:57
eastmoney_guba,688076,1682307584,去一去工厂就知道为啥这么跌了订单少了很多相比去年都不要加班了最近已经没那么忙了,,医药不值得投资,5383084759787052,2026-03-20 11:31:06,204,0,0,0,False,False,"https://guba.eastmoney.com/news,688076,1682307584.html",2026-07-06 17:05:57
eastmoney_guba,688076,1682325317,25年一季度业绩基数太大，今年下降是肯定的，要是来个转亏，那就进一步探底,,大方的杨心宇,9818376354210682,2026-03-20 12:10:10,193,2,0,0,False,False,"https://guba.eastmoney.com/news,688076,1682325317.html",2026-07-06 17:05:57
eastmoney_guba,688076,1682325398,反正越跌越买,,大方的杨心宇,9818376354210682,2026-03-20 12:10:30,62,0,0,0,False,False,"https://guba.eastmoney.com/news,688076,1682325398.html",2026-07-06 17:05:57
eastmoney_guba,688076,1682560086,利润大下降，市值大幅缩水，造假处罚就要决定离退市还有一步之遥。,,QJHY22302,5702013601648246,2026-03-20 15:29:18,115,1,0,0,False,False,"https://guba.eastmoney.com/news,688076,1682560086.html",2026-07-06 17:05:57
eastmoney_guba,688076,1682586477,诺泰生物索赔提示：2022年4月28日（含）至2024年10月23日（含）买入，,,厚润_赵邦宏,7490306509824472,2026-03-20 16:27:55,136,1,2,0,False,False,"https://guba.eastmoney.com/news,688076,1682586477.html",2026-07-06 17:05:57
eastmoney_guba,688076,1682735305,"印度司美格鲁肽仿制药获批上市企业药企名称,品牌名,剂型,月费(印度卢比),月费(",,股友58o62972X3,8000316130229804,2026-03-21 13:32:42,939,2,0,0,False,False,"https://guba.eastmoney.com/news,688076,1682735305.html",2026-07-06 17:05:57
eastmoney_guba,688076,1682752254,周一，计划打板MC,,三精st小玩家,2320104534377590,2026-03-21 17:58:55,6668,59,7,0,True,False,"https://guba.eastmoney.com/news,688076,1682752254.html",2026-07-06 17:05:56
eastmoney_guba,688076,1682852267,垃圾，幸好早走了。,,剑是什么样的剑,3287335915781350,2026-03-23 00:26:47,60,0,0,0,False,False,"https://guba.eastmoney.com/news,688076,1682852267.html",2026-07-06 17:05:57
eastmoney_guba,688076,1682859006,诺泰生物是为减肥仿制药提供原料药，但司美格鲁肽刚到期，它以前为什么还能有那么大的,,股友RqPaD5,3127316051660808,2026-03-23 04:48:20,294,2,0,0,False,False,"https://guba.eastmoney.com/news,688076,1682859006.html",2026-07-06 17:05:57
eastmoney_guba,688076,1682873612,第25骂！,,卡巴拉,2028023787975112,2026-03-23 08:42:46,169,12,0,0,False,False,"https://guba.eastmoney.com/news,688076,1682873612.html",2026-07-06 17:05:57
eastmoney_guba,688076,1682955059,今天这早盘大单多了好多，好现象，终于有人来了,,扶摇展翅,1064005119671204,2026-03-23 09:40:34,257,4,0,0,False,False,"https://guba.eastmoney.com/news,688076,1682955059.html",2026-07-06 17:05:57
eastmoney_guba,688076,1683034062,什么破公司,,剑是什么样的剑,3287335915781350,2026-03-23 10:11:45,47,0,0,0,False,False,"https://guba.eastmoney.com/news,688076,1683034062.html",2026-07-06 17:05:57
eastmoney_guba,688076,1683137894,主力占据上风，我等散户纵有千般筹谋，终难逃被动挨打之局。此前虽奋力抵抗，试图逆势,,只是为了做个实验,4166375946049700,2026-03-23 11:16:27,122,0,0,0,False,False,"https://guba.eastmoney.com/news,688076,1683137894.html",2026-07-06 17:05:57
eastmoney_guba,688076,1683188286,利润大幅下降跌下去是正常现象,,QJHY22302,5702013601648246,2026-03-23 12:39:35,60,0,0,0,False,False,"https://guba.eastmoney.com/news,688076,1683188286.html",2026-07-06 17:05:57
eastmoney_guba,688076,1683302771,今天打光最后一发子弹！,,卡巴拉,2028023787975112,2026-03-23 14:00:24,139,9,0,0,False,False,"https://guba.eastmoney.com/news,688076,1683302771.html",2026-07-06 17:05:57
eastmoney_guba,688076,1683304956,25元就要到了，等了好久么么唧唧的，就等着抄你的底。,,华远股东,3047426769600740,2026-03-23 14:02:03,71,1,0,0,False,False,"https://guba.eastmoney.com/news,688076,1683304956.html",2026-07-06 17:05:57
eastmoney_guba,688076,1683320638,说20不会有人相信，下个月就相信了,,股友7o872z6913,6421345664837696,2026-03-23 14:10:28,87,2,0,0,False,False,"https://guba.eastmoney.com/news,688076,1683320638.html",2026-07-06 17:05:57
eastmoney_guba,688076,1683320915,估计是融资盘爆仓了,,别听他们忽悠,3124396168972760,2026-03-23 14:10:38,83,1,0,0,False,False,"https://guba.eastmoney.com/news,688076,1683320915.html",2026-07-06 17:05:57
eastmoney_guba,688076,1683363228,斗胆预测，28.5就是今年的最低点！,,卡巴拉,2028023787975112,2026-03-23 14:34:59,211,4,0,0,False,False,"https://guba.eastmoney.com/news,688076,1683363228.html",2026-07-06 17:05:57
eastmoney_guba,688076,1683394782,今天诺泰表现中规中矩，没有意外也没有惊喜，跟随大盘，随波逐流。,,luotuoxzx,6756094607583200,2026-03-23 14:52:18,60,0,0,0,False,False,"https://guba.eastmoney.com/news,688076,1683394782.html",2026-07-06 17:05:57
eastmoney_guba,688076,1683441984,外面的资金摩拳擦掌，想着怎么这么跌散户还不跑啊，赶紧跑来他们来进货啊,,司马神,3153326367888576,2026-03-23 15:58:36,65,0,0,0,False,False,"https://guba.eastmoney.com/news,688076,1683441984.html",2026-07-06 17:05:57
eastmoney_guba,688076,1683460323,从50.86跌到现在，也该息息了，是名正言顺的ST股？,,首富投资人,1811476816912550,2026-03-23 16:50:17,88,1,0,0,False,False,"https://guba.eastmoney.com/news,688076,1683460323.html",2026-07-06 17:05:57
eastmoney_guba,688076,1683464939,腰斩了，还跌，简直是,,n14119637450f16b,5312094119640056,2026-03-23 17:03:24,67,1,0,0,False,False,"https://guba.eastmoney.com/news,688076,1683464939.html",2026-07-06 17:05:57
eastmoney_guba,688076,1683474694,有人还记得佛山隐士吗？,,日进满堂de千仞雪,7656396467936408,2026-03-23 17:36:01,62,0,0,0,False,False,"https://guba.eastmoney.com/news,688076,1683474694.html",2026-07-06 17:05:57
eastmoney_guba,688076,1683477878,假ST为什么跌出了真ST的走势,,茶道的花璟,7236007742591998,2026-03-23 17:47:37,99,1,0,0,False,False,"https://guba.eastmoney.com/news,688076,1683477878.html",2026-07-06 17:05:57
eastmoney_guba,688076,1683507858,有多少人是被之前那几个大V忽悠的一直拿着，错过整轮牛市不说，下跌一次没落下，不知,,司马神,3153326367888576,2026-03-23 19:28:26,157,1,0,0,False,False,"https://guba.eastmoney.com/news,688076,1683507858.html",2026-07-06 17:05:57
eastmoney_guba,688076,1683623955,2021年年度报告存虚假记载，公开发行文件编造重大虚假内容，收到行政处罚。股民索,,股友相互帮,1452046920294394,2026-03-24 08:01:23,911,5,0,0,False,False,"https://guba.eastmoney.com/news,688076,1683623955.html",2026-07-06 17:05:37
eastmoney_guba,688076,1683641543,第26骂！,,卡巴拉,2028023787975112,2026-03-24 09:10:50,42,2,0,0,False,False,"https://guba.eastmoney.com/news,688076,1683641543.html",2026-07-06 17:05:57
eastmoney_guba,688076,1683662021,雪球上那个键擎心就是个坏人,,你将最终胜利,1450306394783606,2026-03-24 09:28:07,85,1,0,0,False,False,"https://guba.eastmoney.com/news,688076,1683662021.html",2026-07-06 17:05:57
eastmoney_guba,688076,1683697836,没量了，随他吧,,古诗拾贝哥,2637075147824538,2026-03-24 09:40:20,46,0,0,0,False,False,"https://guba.eastmoney.com/news,688076,1683697836.html",2026-07-06 17:05:57
eastmoney_guba,688076,1683714289,什么时候发布退市公告,,QJHY22302,5702013601648246,2026-03-24 09:45:05,171,1,1,0,False,False,"https://guba.eastmoney.com/news,688076,1683714289.html",2026-07-06 17:05:57
eastmoney_guba,688076,1683846876,明天,,你将最终胜利,1450306394783606,2026-03-24 10:49:55,95,1,0,0,False,False,"https://guba.eastmoney.com/news,688076,1683846876.html",2026-07-06 17:05:57
eastmoney_guba,688076,1683896616,这是犯了天条？边角料？,,账户天天涨,1320305502224462,2026-03-24 11:29:26,51,0,0,0,False,False,"https://guba.eastmoney.com/news,688076,1683896616.html",2026-07-06 17:05:57
eastmoney_guba,688076,1683902624,踏马的，你好坏也是CRO创新药概念，今天板块大涨，你踏马的毫无波澜。,,Thinjk231,1282094451742746,2026-03-24 11:38:29,126,3,0,0,False,False,"https://guba.eastmoney.com/news,688076,1683902624.html",2026-07-06 17:05:57
eastmoney_guba,688076,1683919882,今天27.9收市9.81是底,,QJHY22302,5702013601648246,2026-03-24 12:40:59,55,0,0,0,False,False,"https://guba.eastmoney.com/news,688076,1683919882.html",2026-07-06 17:05:57
eastmoney_guba,688076,1683920453,筹码下不来，没人割肉没人接盘。进退两难,,时刻落袋为安,2205004714926754,2026-03-24 12:43:41,80,1,0,0,False,False,"https://guba.eastmoney.com/news,688076,1683920453.html",2026-07-06 17:05:57
eastmoney_guba,688076,1683970653,太坑了，简直是，比什么还什么，无语了,,n14119637450f16b,5312094119640056,2026-03-24 13:33:30,56,0,0,0,False,False,"https://guba.eastmoney.com/news,688076,1683970653.html",2026-07-06 17:05:57
eastmoney_guba,688076,1683979984,没钱补了，还套一个跌停价。,,股友U8386z1126,6743306520058312,2026-03-24 13:41:51,80,2,0,0,False,False,"https://guba.eastmoney.com/news,688076,1683979984.html",2026-07-06 17:05:57
eastmoney_guba,688076,1684043999,一坨一坨的诺泰！散户还不走等啥，等25元在走嘛？,,华远股东,3047426769600740,2026-03-24 14:34:27,65,2,0,0,False,False,"https://guba.eastmoney.com/news,688076,1684043999.html",2026-07-06 17:05:57
eastmoney_guba,688076,1684086860,可以建仓了。,,股友7t65968F81,4477316185546414,2026-03-24 15:05:17,342,2,1,0,False,False,"https://guba.eastmoney.com/news,688076,1684086860.html",2026-07-06 17:05:57
eastmoney_guba,688076,1684126989,求组织索赔的律师群信息！非常感激！,,勤奋好学的老韭菜,8530094286547092,2026-03-24 17:04:07,72,1,0,0,False,False,"https://guba.eastmoney.com/news,688076,1684126989.html",2026-07-06 17:05:57
eastmoney_guba,688076,1684172997,啥时候没人因为想博弈反弹买进来，啥时候才能回归自身逻辑的上涨，现在，还早呢。根本,,司马神,3153326367888576,2026-03-24 20:53:13,203,3,0,0,False,False,"https://guba.eastmoney.com/news,688076,1684172997.html",2026-07-06 17:05:57
eastmoney_guba,688076,1684252560,第27骂！,,卡巴拉,2028023787975112,2026-03-25 08:59:52,65,2,0,0,False,False,"https://guba.eastmoney.com/news,688076,1684252560.html",2026-07-06 17:05:57
eastmoney_guba,688076,1684254348,蠢！,,卡巴拉,2028023787975112,2026-03-25 09:05:09,46,0,0,0,False,False,"https://guba.eastmoney.com/news,688076,1684254348.html",2026-07-06 17:05:57
eastmoney_guba,688076,1684320245,索赔事件解决不好，直接影响到年底摘帽申报的受理，有可能2年也摘不了帽。,,股友7o872z6913,6421345664837696,2026-03-25 09:44:30,71,0,0,0,False,False,"https://guba.eastmoney.com/news,688076,1684320245.html",2026-07-06 17:05:57
eastmoney_guba,688076,1684377211,每隔0.4元挂1000手卖单压盘，还没吸够么？主力？这个价格了，我是不相信你在跑,,币锭拿下,6046346014730666,2026-03-25 10:09:01,644,4,2,0,True,False,"https://guba.eastmoney.com/news,688076,1684377211.html",2026-07-06 17:05:57
eastmoney_guba,688076,1684524983,滚出去吧把个好公司经营成这熊样,,股友922h8X6591,6699256662728486,2026-03-25 12:32:49,68,0,0,0,False,False,"https://guba.eastmoney.com/news,688076,1684524983.html",2026-07-06 17:05:57
eastmoney_guba,688076,1684558558,怕了，怕了天天跌什么时候才能企稳啊？,,单恋一枝花2,6965017055864904,2026-03-25 13:20:43,108,3,0,0,False,False,"https://guba.eastmoney.com/news,688076,1684558558.html",2026-07-06 17:05:56
eastmoney_guba,688076,1684615806,终于缩量了,,随便聊聊00,8440386164089148,2026-03-25 14:06:36,81,1,0,0,False,False,"https://guba.eastmoney.com/news,688076,1684615806.html",2026-07-06 17:05:57
eastmoney_guba,688076,1684677502,ST里面最神奇的股。ST以后不大跌，反而大涨，感觉有名堂，等我追进去以后，跌了3,,速来救驾888,6253013922199432,2026-03-25 14:53:24,192,3,0,0,False,False,"https://guba.eastmoney.com/news,688076,1684677502.html",2026-07-06 17:05:56
eastmoney_guba,688076,1684686124,不要在诺泰这里躺平，躺着躺着就被埋葬了，趁现在赶紧跑路吧！,,华远股东,3047426769600740,2026-03-25 15:00:13,103,2,0,0,False,False,"https://guba.eastmoney.com/news,688076,1684686124.html",2026-07-06 17:05:57
eastmoney_guba,688076,1684772744,牛市买了这个公司的人，真是倒了大血霉了。,,Tao哥是最棒的,5470515240337640,2026-03-25 19:56:43,63,0,0,0,False,False,"https://guba.eastmoney.com/news,688076,1684772744.html",2026-07-06 17:05:56
eastmoney_guba,688076,1684784007,近8个月资金流出22个亿。该走的都走完了。,,管住手机会永远有,1505346236358364,2026-03-25 20:43:08,89,1,0,0,False,False,"https://guba.eastmoney.com/news,688076,1684784007.html",2026-07-06 17:05:56
eastmoney_guba,688076,1684816505,有熟悉的说说能抄底了吗？,,指数一万点无盈利,9588486802613468,2026-03-25 22:59:03,64,0,0,0,False,False,"https://guba.eastmoney.com/news,688076,1684816505.html",2026-07-06 17:05:56
eastmoney_guba,688076,1684866425,第28骂！,,卡巴拉,2028023787975112,2026-03-26 08:56:24,153,11,0,0,False,False,"https://guba.eastmoney.com/news,688076,1684866425.html",2026-07-06 17:05:56
eastmoney_guba,688076,1684903623,诺泰生物2026年投资逻辑,,股友A197669V05,8030376544910926,2026-03-26 09:32:47,606,2,0,0,False,False,"https://guba.eastmoney.com/news,688076,1684903623.html",2026-07-06 17:05:56
eastmoney_guba,688076,1684948318,又是躺平的一天，主力在29.8830.2830.5830.88各挂1000手压盘,,币锭拿下,6046346014730666,2026-03-26 09:49:24,240,8,0,0,False,False,"https://guba.eastmoney.com/news,688076,1684948318.html",2026-07-06 17:05:56
eastmoney_guba,688076,1685015115,每天拉拉稀,,壹颗嫩韭菜,7734466897337758,2026-03-26 10:21:08,61,0,0,0,False,False,"https://guba.eastmoney.com/news,688076,1685015115.html",2026-07-06 17:05:56
eastmoney_guba,688076,1685112051,25下周能看到,,医药不值得投资,5383084759787052,2026-03-26 11:26:01,66,1,0,0,False,False,"https://guba.eastmoney.com/news,688076,1685112051.html",2026-07-06 17:05:56
eastmoney_guba,688076,1685165919,截止到去年12月15日，董秘就再也没有回答投资者的问题。为什么呢？有人知道么？破,,内心的眼睛,8619013587733762,2026-03-26 13:13:47,73,0,0,0,False,False,"https://guba.eastmoney.com/news,688076,1685165919.html",2026-07-06 17:05:56
eastmoney_guba,688076,1685171088,连跌8个月了！这是要奔着退市去的节奏吗？,,人性难违,7318025095480368,2026-03-26 13:17:29,109,2,0,0,False,False,"https://guba.eastmoney.com/news,688076,1685171088.html",2026-07-06 17:05:56
eastmoney_guba,688076,1685174347,就问你们恐慌了嘛？？？,,低吸有钱赚,6738416626968316,2026-03-26 13:19:57,75,1,0,0,False,False,"https://guba.eastmoney.com/news,688076,1685174347.html",2026-07-06 17:05:56
eastmoney_guba,688076,1685187653,没承接，也没放量,,随便聊聊00,8440386164089148,2026-03-26 13:28:50,67,1,0,0,False,False,"https://guba.eastmoney.com/news,688076,1685187653.html",2026-07-06 17:05:56
eastmoney_guba,688076,1685191870,你最好往25走吧,,古诗拾贝哥,2637075147824538,2026-03-26 13:31:52,57,0,0,0,False,False,"https://guba.eastmoney.com/news,688076,1685191870.html",2026-07-06 17:05:56
eastmoney_guba,688076,1685205289,大家都多少的本，我麻木了，48.6,,左可可,9247094362806168,2026-03-26 13:42:10,143,3,0,0,False,False,"https://guba.eastmoney.com/news,688076,1685205289.html",2026-07-06 17:05:56
eastmoney_guba,688076,1685216364,越跌越买主力在吸，快点砸下来，我要28.01买,,左可可,9247094362806168,2026-03-26 13:50:49,58,0,0,0,False,False,"https://guba.eastmoney.com/news,688076,1685216364.html",2026-07-06 17:05:56
eastmoney_guba,688076,1685243442,要去24啦，主力引导散户多杀多的代表,,时刻落袋为安,2205004714926754,2026-03-26 14:11:28,62,0,0,0,False,False,"https://guba.eastmoney.com/news,688076,1685243442.html",2026-07-06 17:05:56
eastmoney_guba,688076,1685300244,卧槽，300股都要赔的裤衩都没了,,单恋一枝花2,6965017055864904,2026-03-26 14:52:21,113,3,0,0,False,False,"https://guba.eastmoney.com/news,688076,1685300244.html",2026-07-06 17:05:56
eastmoney_guba,688076,1685336274,哎，无语了,,基民60882e5g00,5044396102800382,2026-03-26 15:41:04,62,0,0,0,False,False,"https://guba.eastmoney.com/news,688076,1685336274.html",2026-07-06 17:05:56
eastmoney_guba,688076,1685363182,我决定了，明天买进,,红牛1999,3794094644899332,2026-03-26 17:07:24,67,0,0,0,False,False,"https://guba.eastmoney.com/news,688076,1685363182.html",2026-07-06 17:05:56
eastmoney_guba,688076,1685383931,什么时候急速下跌离底部就不远了，这种慢跌杀伤力最大，,,老高盈利并不难,1944111678218282,2026-03-26 18:25:28,71,0,0,0,False,False,"https://guba.eastmoney.com/news,688076,1685383931.html",2026-07-06 17:05:56
eastmoney_guba,688076,1685417218,25元快到，在跌一周在抄你！,,华远股东,3047426769600740,2026-03-26 20:39:29,51,1,0,0,False,False,"https://guba.eastmoney.com/news,688076,1685417218.html",2026-07-06 17:05:56
eastmoney_guba,688076,1685471700,礼来，诺和诺德计划在中国投资30亿美元！,,华远股东,3047426769600740,2026-03-27 01:07:23,158,3,0,0,False,False,"https://guba.eastmoney.com/news,688076,1685471700.html",2026-07-06 17:05:56
eastmoney_guba,688076,1685507376,28，29，30三连骂（操盘的）,,卡巴拉,2028023787975112,2026-03-27 08:33:30,63,2,0,0,False,False,"https://guba.eastmoney.com/news,688076,1685507376.html",2026-07-06 17:05:56
eastmoney_guba,688076,1685639987,董秘已准备好资料随时提交摘帽申请！,,华远股东,3047426769600740,2026-03-27 10:09:45,128,3,0,0,False,False,"https://guba.eastmoney.com/news,688076,1685639987.html",2026-07-06 17:05:56
eastmoney_guba,688076,1685669468,不干人事,,币锭拿下,6046346014730666,2026-03-27 10:26:33,238,2,0,0,True,False,"https://guba.eastmoney.com/news,688076,1685669468.html",2026-07-06 17:05:56
eastmoney_guba,688076,1685701964,你们成本多少啊,,仓小利,2579035323975262,2026-03-27 10:47:12,140,3,0,0,False,False,"https://guba.eastmoney.com/news,688076,1685701964.html",2026-07-06 17:05:56
eastmoney_guba,688076,1685742488,板块都要涨疯了。。。cro减肥药,,医药不值得投资,5383084759787052,2026-03-27 11:16:23,67,0,0,0,False,False,"https://guba.eastmoney.com/news,688076,1685742488.html",2026-07-06 17:05:56
eastmoney_guba,688076,1685760550,诺泰生物是全球GLP-1原料药市占约20%-30%的企业，产能10吨-11.6吨,,华远股东,3047426769600740,2026-03-27 11:32:28,535,2,0,0,False,False,"https://guba.eastmoney.com/news,688076,1685760550.html",2026-07-06 17:05:56
eastmoney_guba,688076,1685764368,我出来躲躲，去干军工，你们躺着看吧！,,华远股东,3047426769600740,2026-03-27 11:39:31,277,3,0,0,True,False,"https://guba.eastmoney.com/news,688076,1685764368.html",2026-07-06 17:05:56
eastmoney_guba,688076,1685765769,突击一下能到30否,,股友aUcNrk,3580315964816674,2026-03-27 11:42:25,54,0,0,0,False,False,"https://guba.eastmoney.com/news,688076,1685765769.html",2026-07-06 17:05:56
eastmoney_guba,688076,1685768604,我理解的这个票还有最后一跌。现在还没到位，要配合年报发布，最后跌一下。年报实际快,,了解以后,8951356227100036,2026-03-27 11:50:02,155,1,0,0,False,False,"https://guba.eastmoney.com/news,688076,1685768604.html",2026-07-06 17:05:56
eastmoney_guba,688076,1685770112,董秘三个多月不回答问题，太不负责了,,重剑无锋9,7638094098343716,2026-03-27 11:54:39,66,0,0,0,False,False,"https://guba.eastmoney.com/news,688076,1685770112.html",2026-07-06 17:05:56
eastmoney_guba,688076,1685861715,不卖等啥时候,,你将最终胜利,1450306394783606,2026-03-27 13:55:18,57,0,0,0,False,False,"https://guba.eastmoney.com/news,688076,1685861715.html",2026-07-06 17:05:56
eastmoney_guba,688076,1685862045,跌时一马当先，涨时磨磨叽叽,,首富投资人,1811476816912550,2026-03-27 13:55:35,72,1,0,0,False,False,"https://guba.eastmoney.com/news,688076,1685862045.html",2026-07-06 17:05:56
eastmoney_guba,688076,1685895871,这个公司问题很多内部又有人在散布煽动韭菜现在可以买进了，大单还是大量的抛单让韭菜,,QJHY22302,5702013601648246,2026-03-27 14:23:56,148,1,0,0,False,False,"https://guba.eastmoney.com/news,688076,1685895871.html",2026-07-06 17:05:56
eastmoney_guba,688076,1685906404,仅28.77这个价大单就抛出134000股合3855180元你看大单走得快吗,,QJHY22302,5702013601648246,2026-03-27 14:33:06,124,2,0,0,False,False,"https://guba.eastmoney.com/news,688076,1685906404.html",2026-07-06 17:05:56
eastmoney_guba,688076,1685911207,主力蠢在什么地方？,,卡巴拉,2028023787975112,2026-03-27 14:37:09,272,8,1,0,False,False,"https://guba.eastmoney.com/news,688076,1685911207.html",2026-07-06 17:05:56
eastmoney_guba,688076,1685934929,https://roadshow.lvb.eastmoney.com/LVB/N,,和气民丰得苗人凤,1428175747433412,2026-03-27 14:56:08,207,1,0,0,False,False,"https://guba.eastmoney.com/news,688076,1685934929.html",2026-07-06 17:05:56
eastmoney_guba,688076,1685935244,杂毛就是杂毛,,观海云远11,3573095269174092,2026-03-27 14:56:22,60,0,0,0,False,False,"https://guba.eastmoney.com/news,688076,1685935244.html",2026-07-06 17:05:56
eastmoney_guba,688076,1685937425,对于主力祛魅是成功的第一步！,,卡巴拉,2028023787975112,2026-03-27 14:58:31,113,1,0,0,False,False,"https://guba.eastmoney.com/news,688076,1685937425.html",2026-07-06 17:05:56
eastmoney_guba,688076,1685947901,我出一个预测4月份才会开始慢慢向上走也没几天了下个月出业绩就是不好也落地了也没有,,低吸有钱赚,6738416626968316,2026-03-27 15:11:22,135,0,0,0,False,False,"https://guba.eastmoney.com/news,688076,1685947901.html",2026-07-06 17:05:56
eastmoney_guba,688076,1686011689,历史的低价，没有了。再低也是诱空。怕了？,,财来就手,1677013765512314,2026-03-27 18:50:33,85,0,0,0,False,False,"https://guba.eastmoney.com/news,688076,1686011689.html",2026-07-06 17:05:56
eastmoney_guba,688076,1686040864,诺泰大C浪调整即将结束，将开启主升三浪3,,卡巴拉,2028023787975112,2026-03-27 20:51:24,128,1,0,0,False,False,"https://guba.eastmoney.com/news,688076,1686040864.html",2026-07-06 17:05:56
eastmoney_guba,688076,1686052714,看这股最近下跌不少，医药创新药要反弹，这股是不是可以进了？老散户给点建议,,三木四火是狗,7703094297792866,2026-03-27 21:36:26,166,2,0,0,False,False,"https://guba.eastmoney.com/news,688076,1686052714.html",2026-07-06 17:05:56
eastmoney_guba,688076,1686127304,所有支撑位都跌破了，目前2层仓位。每跌5个点，加一层仓位。17元满仓，拿稳1年,,无常无欲,4889376390153356,2026-03-28 13:01:18,139,0,0,0,False,False,"https://guba.eastmoney.com/news,688076,1686127304.html",2026-07-06 17:05:56
eastmoney_guba,688076,1686218859,坚信28，29不是底,,指数一万点无盈利,9588486802613468,2026-03-29 19:41:11,74,0,0,0,False,False,"https://guba.eastmoney.com/news,688076,1686218859.html",2026-07-06 17:05:56
eastmoney_guba,688076,1686263920,第32骂！（操盘的）,,卡巴拉,2028023787975112,2026-03-30 08:46:02,94,3,0,0,False,False,"https://guba.eastmoney.com/news,688076,1686263920.html",2026-07-06 17:05:56
eastmoney_guba,688076,1686333406,天天大单砸盘,,小兔乖乖宝宝,8980094451666448,2026-03-30 09:40:36,81,1,0,0,False,False,"https://guba.eastmoney.com/news,688076,1686333406.html",2026-07-06 17:05:56
eastmoney_guba,688076,1686420983,都在等，等一季度预告，等年报。,,随便聊聊00,8440386164089148,2026-03-30 10:16:41,322,7,0,0,False,False,"https://guba.eastmoney.com/news,688076,1686420983.html",2026-07-06 17:05:56
eastmoney_guba,688076,1686476628,怎么都不来美诺华,,大混沌789,2636365924839354,2026-03-30 10:52:43,84,0,0,0,False,False,"https://guba.eastmoney.com/news,688076,1686476628.html",2026-07-06 17:05:56
eastmoney_guba,688076,1686513534,问董秘，董秘啥也不说，完全消息真空，股东人数也不知道，要不就是公司真的完蛋了，要,,币锭拿下,6046346014730666,2026-03-30 11:22:13,153,2,0,0,False,False,"https://guba.eastmoney.com/news,688076,1686513534.html",2026-07-06 17:05:56
eastmoney_guba,688076,1686516409,生产装置9套，运行8套，停产1套，检修0套。产能利用率90%。三班倒。周末轮班上,,股友53z79975Z0,1059326302783348,2026-03-30 11:24:37,685,10,0,0,False,False,"https://guba.eastmoney.com/news,688076,1686516409.html",2026-07-06 17:05:56
eastmoney_guba,688076,1686525963,关于产能利用率的一点AI分析，,,币锭拿下,6046346014730666,2026-03-30 11:34:36,609,4,1,0,True,False,"https://guba.eastmoney.com/news,688076,1686525963.html",2026-07-06 17:05:56
eastmoney_guba,688076,1686544040,还没见底不要买,,医药不值得投资,5383084759787052,2026-03-30 12:30:12,94,2,0,0,False,False,"https://guba.eastmoney.com/news,688076,1686544040.html",2026-07-06 17:05:56
eastmoney_guba,688076,1686645273,建了底仓，就等着起飞啦,,喜欢吃红辣椒辣,2519346480857818,2026-03-30 14:27:24,78,0,0,0,False,False,"https://guba.eastmoney.com/news,688076,1686645273.html",2026-07-06 17:05:56
eastmoney_guba,688076,1686780930,好票。。。可以等等看,,想天天涨停板,8453325540161218,2026-03-30 20:14:51,78,0,0,0,False,False,"https://guba.eastmoney.com/news,688076,1686780930.html",2026-07-06 17:05:56
eastmoney_guba,688076,1686835374,同样都是诺，你偏偏是懦夫的懦,,Tao哥是最棒的,5470515240337640,2026-03-30 23:43:37,350,0,0,0,True,False,"https://guba.eastmoney.com/news,688076,1686835374.html",2026-07-06 17:05:56
eastmoney_guba,688076,1686841471,还有什么说的，其他创新药都涨,,股民3573,9801094391333426,2026-03-31 00:34:45,281,0,0,0,True,False,"https://guba.eastmoney.com/news,688076,1686841471.html",2026-07-06 17:05:56
eastmoney_guba,688076,1686886100,第33骂！操盘的,,卡巴拉,2028023787975112,2026-03-31 09:15:28,79,2,0,0,False,False,"https://guba.eastmoney.com/news,688076,1686886100.html",2026-07-06 17:05:56
eastmoney_guba,688076,1686894548,看看有没有机会抄底,,仓小利,2579035323975262,2026-03-31 09:24:39,129,4,0,0,False,False,"https://guba.eastmoney.com/news,688076,1686894548.html",2026-07-06 17:05:56
eastmoney_guba,688076,1686929215,这个股票很奇怪。年底摘帽，这算个题材吧。11吨的多肽原料药产能，如果50万/公斤,,股友7t65968F81,4477316185546414,2026-03-31 09:36:51,1319,13,0,0,False,False,"https://guba.eastmoney.com/news,688076,1686929215.html",2026-07-06 17:05:53
eastmoney_guba,688076,1687039747,外围减肥药都是利好，唯独你独行，25元的底未到，还是不该涨。远离！,,华远股东,3047426769600740,2026-03-31 10:25:45,94,1,0,0,False,False,"https://guba.eastmoney.com/news,688076,1687039747.html",2026-07-06 17:05:56
eastmoney_guba,688076,1687164053,量化也玩st？？,,心心的包厢,9789084839423434,2026-03-31 11:56:27,65,0,0,0,False,False,"https://guba.eastmoney.com/news,688076,1687164053.html",2026-07-06 17:05:56
eastmoney_guba,688076,1687336154,今天凯莱英拯救了诺泰,,别听他们忽悠,3124396168972760,2026-03-31 14:56:30,93,0,0,0,False,False,"https://guba.eastmoney.com/news,688076,1687336154.html",2026-07-06 17:05:56
eastmoney_guba,688076,1687342858,今天终算硬气了一回,,股友16m59U2809,9594096920033498,2026-03-31 15:01:52,65,0,0,0,False,False,"https://guba.eastmoney.com/news,688076,1687342858.html",2026-07-06 17:05:56
eastmoney_guba,688076,1687343081,估计今天盘后要发一季度预告了,,就是高吸低抛,2849057600812640,2026-03-31 15:02:04,144,2,0,0,False,False,"https://guba.eastmoney.com/news,688076,1687343081.html",2026-07-06 17:05:56
eastmoney_guba,688076,1687426107,美诺华补涨。。。,,医药不值得投资,5383084759787052,2026-03-31 19:12:16,93,0,0,0,False,False,"https://guba.eastmoney.com/news,688076,1687426107.html",2026-07-06 17:05:56
eastmoney_guba,688076,1687478179,我把话撂这儿，今年必翻番！,,业绩第一位,1922057401238848,2026-03-31 22:35:34,135,2,0,0,False,False,"https://guba.eastmoney.com/news,688076,1687478179.html",2026-07-06 17:05:56
eastmoney_guba,688076,1687486601,基本面没问题，行业板块也没问题，只是被ST这顶帽子拖累了，后面肯定会补涨的！,,茶道的花璟,7236007742591998,2026-03-31 23:17:28,111,0,0,0,False,False,"https://guba.eastmoney.com/news,688076,1687486601.html",2026-07-06 17:05:56
eastmoney_guba,688076,1687506689,板块都涨了几天了涨飞了，这边才一个多点,,司马神,3153326367888576,2026-04-01 01:42:35,87,0,0,0,False,False,"https://guba.eastmoney.com/news,688076,1687506689.html",2026-07-06 17:05:56
eastmoney_guba,688076,1687536303,第34骂！操盘的贝戋货！,,卡巴拉,2028023787975112,2026-04-01 08:22:40,95,2,0,0,False,False,"https://guba.eastmoney.com/news,688076,1687536303.html",2026-07-06 17:05:53
eastmoney_guba,688076,1687546965,官方新闻原文（连云港开发区2026-03-12）标题：连云港市开发区：抢！快！拼,,股友A197669V05,8030376544910926,2026-04-01 09:04:19,603,1,0,0,False,False,"https://guba.eastmoney.com/news,688076,1687546965.html",2026-07-06 17:05:56
eastmoney_guba,688076,1687676491,到底要压盘吸筹到何时？每天都是隔几毛挂1000手的压盘。。。,,币锭拿下,6046346014730666,2026-04-01 10:04:11,238,0,0,0,True,False,"https://guba.eastmoney.com/news,688076,1687676491.html",2026-07-06 17:05:56
eastmoney_guba,688076,1687712566,诱多？还是来了？,,古越新安,4541336174369464,2026-04-01 10:21:39,187,3,0,0,False,False,"https://guba.eastmoney.com/news,688076,1687712566.html",2026-07-06 17:05:56
eastmoney_guba,688076,1687741622,2025年10派2.5元，转4股！,,华远股东,3047426769600740,2026-04-01 10:37:08,220,2,0,0,False,False,"https://guba.eastmoney.com/news,688076,1687741622.html",2026-07-06 17:05:53
eastmoney_guba,688076,1687774331,狼来了的套路上演了好几次了这欠会不一样吗？？？,,低吸有钱赚,6738416626968316,2026-04-01 10:58:27,210,5,0,0,False,False,"https://guba.eastmoney.com/news,688076,1687774331.html",2026-07-06 17:05:53
eastmoney_guba,688076,1687803480,自导自演，票还是自己的票，左手倒右手，主力资金上会显示主力净流出，大单卖，拆成小,,币锭拿下,6046346014730666,2026-04-01 11:19:32,525,3,0,0,True,False,"https://guba.eastmoney.com/news,688076,1687803480.html",2026-07-06 17:05:56
eastmoney_guba,688076,1687881791,买了个最高价,,西北狼y,3277336221003132,2026-04-01 13:21:29,60,0,0,0,False,False,"https://guba.eastmoney.com/news,688076,1687881791.html",2026-07-06 17:05:56
eastmoney_guba,688076,1688041486,今天放量了，应该是转好了,,古越新安,4541336174369464,2026-04-01 15:54:42,79,0,0,0,False,False,"https://guba.eastmoney.com/news,688076,1688041486.html",2026-07-06 17:05:53
eastmoney_guba,688076,1688050094,泰诺麦博四年亏损超19亿，却要融资15亿，仅一款产品实现上市,,短平快解读,9344376164999738,2026-04-01 16:21:30,7811,2,0,0,True,False,"https://guba.eastmoney.com/news,688076,1688050094.html",2026-07-06 17:05:53
eastmoney_guba,688076,1688052804,司美格鲁肽专利到期，公司为此提前大幅增加产能，本来是一个大利好，却因为增加产能带,,股友RqPaD5,3127316051660808,2026-04-01 16:31:18,366,2,0,0,False,False,"https://guba.eastmoney.com/news,688076,1688052804.html",2026-07-06 17:05:53
eastmoney_guba,688076,1688086104,今天是cro普涨。,,别听他们忽悠,3124396168972760,2026-04-01 18:44:40,66,0,0,0,False,False,"https://guba.eastmoney.com/news,688076,1688086104.html",2026-07-06 17:05:53
eastmoney_guba,688076,1688192916,第35骂！操盘的，骂到你怀疑人生！,,卡巴拉,2028023787975112,2026-04-02 08:29:33,77,1,0,0,False,False,"https://guba.eastmoney.com/news,688076,1688192916.html",2026-07-06 17:05:53
eastmoney_guba,688076,1688255551,这拉高出货有点明显，演都不演,,别听他们忽悠,3124396168972760,2026-04-02 09:39:48,59,0,0,0,False,False,"https://guba.eastmoney.com/news,688076,1688255551.html",2026-07-06 17:05:53
eastmoney_guba,688076,1688287466,又开始了,,古越新安,4541336174369464,2026-04-02 09:51:58,64,0,0,0,False,False,"https://guba.eastmoney.com/news,688076,1688287466.html",2026-07-06 17:05:53
eastmoney_guba,688076,1688321123,涨的时候总是比翰宇，圣诺少，跌的时候总是比他们多，牛,,股友tLN3nx3989,6739014909763076,2026-04-02 10:06:37,83,1,0,0,False,False,"https://guba.eastmoney.com/news,688076,1688321123.html",2026-07-06 17:05:53
eastmoney_guba,688076,1688367545,可惜了，这是个ST。不然很多散户都可以买入了。,,速来救驾888,6253013922199432,2026-04-02 10:27:23,253,6,0,0,False,False,"https://guba.eastmoney.com/news,688076,1688367545.html",2026-07-06 17:05:53
eastmoney_guba,688076,1688395202,瀚宇市值是诺泰两倍了,,秋刀鱼之滋味,8586023872626028,2026-04-02 10:42:17,105,1,0,0,False,False,"https://guba.eastmoney.com/news,688076,1688395202.html",2026-07-06 17:05:53
eastmoney_guba,688076,1688409346,别人看不起你，偏偏你也不争气。,,速来救驾888,6253013922199432,2026-04-02 10:50:58,76,2,0,0,False,False,"https://guba.eastmoney.com/news,688076,1688409346.html",2026-07-06 17:05:53
eastmoney_guba,688076,1688411669,诺泰生物（688076）：多肽API龙头地位稳固，小核酸布局蓄势待发最近关注医药,,diany,1536436672103910,2026-04-02 10:52:23,604,2,0,0,False,False,"https://guba.eastmoney.com/news,688076,1688411669.html",2026-07-06 17:05:53
eastmoney_guba,688076,1688416005,别怪我。。。。卖了一半,,医药不值得投资,5383084759787052,2026-04-02 10:55:28,99,4,0,0,False,False,"https://guba.eastmoney.com/news,688076,1688416005.html",2026-07-06 17:05:53
eastmoney_guba,688076,1688425756,跑路。。。。。30.54，小赚200，喝酒去。。。。。。。。。。。。,,知4注意,6944013675597374,2026-04-02 11:02:14,82,2,0,0,False,False,"https://guba.eastmoney.com/news,688076,1688425756.html",2026-07-06 17:05:53
eastmoney_guba,688076,1688502174,搞事的前管理层你们害惨了企业害惨了看好你的股民,,股友922h8X6591,6699256662728486,2026-04-02 13:01:33,88,0,0,0,False,False,"https://guba.eastmoney.com/news,688076,1688502174.html",2026-07-06 17:05:53
eastmoney_guba,688076,1688607774,币定拿下大哥出来啊今天主力战况如何啊？,,低吸有钱赚,6738416626968316,2026-04-02 14:17:03,75,0,0,0,False,False,"https://guba.eastmoney.com/news,688076,1688607774.html",2026-07-06 17:05:53
eastmoney_guba,688076,1688651441,真的不能怪我卖一半就这个表现明天医药回调就破29,,医药不值得投资,5383084759787052,2026-04-02 14:52:03,83,2,0,0,False,False,"https://guba.eastmoney.com/news,688076,1688651441.html",2026-07-06 17:05:53
eastmoney_guba,688076,1688681273,从今天开始，拉黑一切诺泰唱空着。,,单恋一枝花2,6965017055864904,2026-04-02 15:32:14,112,2,0,0,False,False,"https://guba.eastmoney.com/news,688076,1688681273.html",2026-07-06 17:05:53
eastmoney_guba,688076,1688687002,所有的反转都是在质疑中开始的…相信28.18是底，2026大家发财,,就是高吸低抛,2849057600812640,2026-04-02 15:46:53,84,0,0,0,False,False,"https://guba.eastmoney.com/news,688076,1688687002.html",2026-07-06 17:05:53
eastmoney_guba,688076,1688733605,ST是真不能买，不管业绩多好！,,管住手等机会,1654395875984718,2026-04-02 18:30:15,77,0,0,0,False,False,"https://guba.eastmoney.com/news,688076,1688733605.html",2026-07-06 17:05:53
eastmoney_guba,688076,1688735263,理性分析，司美格鲁肽专利解禁，对诺泰是利好吗？真心向各位股东请教,,长线的逻辑,3608087414858326,2026-04-02 18:37:56,543,7,0,0,False,False,"https://guba.eastmoney.com/news,688076,1688735263.html",2026-07-06 17:05:53
eastmoney_guba,688076,1688754438,财务造假退市股民可以得到赔偿吗？,,春秋鬼谷,7453305991251396,2026-04-02 19:59:23,70,0,0,0,False,False,"https://guba.eastmoney.com/news,688076,1688754438.html",2026-07-06 17:05:53
eastmoney_guba,688076,1688764967,干嘛要这样,,见性如来,9108386158906308,2026-04-02 20:39:54,80,0,0,0,False,False,"https://guba.eastmoney.com/news,688076,1688764967.html",2026-07-06 17:05:53
eastmoney_guba,688076,1688780226,为啥国内所有的司美仿制药迟迟不批准觉得有点阻碍啊,,医药不值得投资,5383084759787052,2026-04-02 21:28:51,119,0,0,0,False,False,"https://guba.eastmoney.com/news,688076,1688780226.html",2026-07-06 17:05:53
eastmoney_guba,688076,1688844837,美国宣布将对进口专利药及制药成分加征100%关税，利空尽了吧,,我是小白啊啊啊,6241094176055758,2026-04-03 07:37:07,279,3,0,0,False,False,"https://guba.eastmoney.com/news,688076,1688844837.html",2026-07-06 17:05:53
eastmoney_guba,688076,1688873365,这股要赔很多钱啊,,孤注不掷,8696496778117728,2026-04-03 09:21:06,67,0,0,0,False,False,"https://guba.eastmoney.com/news,688076,1688873365.html",2026-07-06 17:05:53
eastmoney_guba,688076,1688886428,原料不受新关税影响,,这个人很懒188,4412111794992950,2026-04-03 09:29:36,95,0,0,0,False,False,"https://guba.eastmoney.com/news,688076,1688886428.html",2026-07-06 17:05:53
eastmoney_guba,688076,1688890344,这个货到底是不是造药的,,上贵打狗专业队,5927084930864160,2026-04-03 09:30:31,63,0,0,0,False,False,"https://guba.eastmoney.com/news,688076,1688890344.html",2026-07-06 17:05:53
eastmoney_guba,688076,1688908863,翰宇涨的时候你跌，翰宇跌的时候你大跌。,,观海云远11,3573095269174092,2026-04-03 09:36:27,157,3,0,0,False,False,"https://guba.eastmoney.com/news,688076,1688908863.html",2026-07-06 17:05:53
eastmoney_guba,688076,1688921000,板块涨，跟不动，板块跌，跌最多。杀猪盘诺泰,,Tao哥是最棒的,5470515240337640,2026-04-03 09:40:04,69,0,0,0,False,False,"https://guba.eastmoney.com/news,688076,1688921000.html",2026-07-06 17:05:53
eastmoney_guba,688076,1688970360,真的是扶不起的阿斗,,别听他们忽悠,3124396168972760,2026-04-03 09:56:11,73,0,0,0,False,False,"https://guba.eastmoney.com/news,688076,1688970360.html",2026-07-06 17:05:53
eastmoney_guba,688076,1689157517,。。。怪不得最近圣诺瀚宇都不行了机构说是上头暂时不批仿制药司美。。阻力很大met,,医药不值得投资,5383084759787052,2026-04-03 12:03:29,227,1,0,0,False,False,"https://guba.eastmoney.com/news,688076,1689157517.html",2026-07-06 17:05:53
eastmoney_guba,688076,1689191249,主力短时间打压吸筹的好机会，所以不会涨只会跌，这股质地的优秀不用说，但越是优秀的,,一毛八分八,7373065077106824,2026-04-03 13:10:18,210,1,1,0,False,False,"https://guba.eastmoney.com/news,688076,1689191249.html",2026-07-06 17:05:53
eastmoney_guba,688076,1689279399,来两个利空吧,,股友03627F7M73,6950187586920228,2026-04-03 14:19:19,197,3,0,0,False,False,"https://guba.eastmoney.com/news,688076,1689279399.html",2026-07-06 17:05:53
eastmoney_guba,688076,1689514777,坐等印度大单！,,股友RqPaD5,3127316051660808,2026-04-05 04:57:56,244,3,0,0,False,False,"https://guba.eastmoney.com/news,688076,1689514777.html",2026-07-06 17:05:53
eastmoney_guba,688076,1689700795,清明节，我许了一个世界和平的愿，你今天还能绿。。。,,速来救驾888,6253013922199432,2026-04-07 09:34:58,54,0,0,0,False,False,"https://guba.eastmoney.com/news,688076,1689700795.html",2026-07-06 17:05:53
eastmoney_guba,688076,1689709230,远离指数涨，它不涨，指数跌跟着跌的诺泰！25元必破！,,华远股东,3047426769600740,2026-04-07 09:38:11,87,1,0,0,False,False,"https://guba.eastmoney.com/news,688076,1689709230.html",2026-07-06 17:05:53
eastmoney_guba,688076,1689820874,听人说，有大问题，该跑就跑,,招财大小星,8927007249841862,2026-04-07 10:39:28,106,1,0,0,False,False,"https://guba.eastmoney.com/news,688076,1689820874.html",2026-07-06 17:05:53
eastmoney_guba,688076,1689822483,弱泰弱泰赶紧淘汰,,股友aUcNrk,3580315964816674,2026-04-07 10:40:42,65,1,0,0,False,False,"https://guba.eastmoney.com/news,688076,1689822483.html",2026-07-06 17:05:53
eastmoney_guba,688076,1689852349,ST里面最垃圾的药。真是服气了。,,速来救驾888,6253013922199432,2026-04-07 11:04:27,58,0,0,0,False,False,"https://guba.eastmoney.com/news,688076,1689852349.html",2026-07-06 17:05:53
eastmoney_guba,688076,1689871992,39，40骂！操盘的2，b！,,卡巴拉,2028023787975112,2026-04-07 11:20:45,79,2,0,0,False,False,"https://guba.eastmoney.com/news,688076,1689871992.html",2026-07-06 17:05:53
eastmoney_guba,688076,1689932476,一季度不预告了？,,随便聊聊00,8440386164089148,2026-04-07 13:19:00,136,1,0,0,False,False,"https://guba.eastmoney.com/news,688076,1689932476.html",2026-07-06 17:05:53
eastmoney_guba,688076,1690076418,业绩出来那天加仓就对了,,大方的杨心宇,9818376354210682,2026-04-07 17:10:26,136,1,0,0,False,False,"https://guba.eastmoney.com/news,688076,1690076418.html",2026-07-06 17:05:53
eastmoney_guba,688076,1690099405,ST诺泰:2026年第一季度业绩预告的自愿性披露公告,,ST诺泰资讯,9038395923854884,2026-04-07 18:58:09,1803,27,17,0,False,False,"https://guba.eastmoney.com/news,688076,1690099405.html",2026-07-06 17:05:49
eastmoney_guba,688076,1690102069,ST诺泰：一季度归属于上市公司股东的净利润同比预减8.27%—21.37%,,ST诺泰资讯,9038395923854884,2026-04-07 19:11:29,570,0,4,0,False,False,"https://guba.eastmoney.com/news,688076,1690102069.html",2026-07-06 17:05:53
eastmoney_guba,688076,1690105665,ST诺泰(688076.SH)：一季度净利润为1.20亿元—1.40亿元，同比预减8.27%—21.37%,,格隆汇,9507112872296268,2026-04-07 19:29:09,583,0,1,0,False,False,"https://guba.eastmoney.com/news,688076,1690105665.html",2026-07-06 17:05:53
eastmoney_guba,688076,1690105758,ST诺泰：2026年第一季度归母净利润同比预降8.27%至21.37%,,ST诺泰资讯,9038395923854884,2026-04-07 19:29:41,430,0,1,0,False,False,"https://guba.eastmoney.com/news,688076,1690105758.html",2026-07-06 17:05:53
eastmoney_guba,688076,1690109723,ST诺泰一季度净利同比预降8.27%至21.37%,,ST诺泰资讯,9038395923854884,2026-04-07 19:49:00,517,0,0,0,False,False,"https://guba.eastmoney.com/news,688076,1690109723.html",2026-07-06 17:05:53
eastmoney_guba,688076,1690115357,ST诺泰：2026年一季度净利同比预降8.27%-21.37%,,ST诺泰资讯,9038395923854884,2026-04-07 20:14:29,1359,1,2,0,False,False,"https://guba.eastmoney.com/news,688076,1690115357.html",2026-07-06 17:05:53
eastmoney_guba,688076,1690135873,看环比，扭亏,,财富直通车361,2180306028100076,2026-04-07 21:48:15,89,0,0,0,False,False,"https://guba.eastmoney.com/news,688076,1690135873.html",2026-07-06 17:05:53
eastmoney_guba,688076,1690135977,深夜15股提前发一季报，黄金龙头增2261%，9个龙头利润翻倍,,鹏哥投研,2498094596062616,2026-04-07 21:48:44,30508,8,116,0,True,False,"https://guba.eastmoney.com/news,688076,1690135977.html",2026-07-06 17:05:53
eastmoney_guba,688076,1690156121,今天发布预告但是主力也没拉，说明业绩还不及预期，但也没特别不及预期,,别听他们忽悠,3124396168972760,2026-04-07 23:30:12,130,0,0,0,False,False,"https://guba.eastmoney.com/news,688076,1690156121.html",2026-07-06 17:05:53
eastmoney_guba,688076,1690196252,单季1.2亿-1.4亿的扣非净利润，在行业价格战的背景下，已经远超市场此前的悲观,,重剑无锋9,7638094098343716,2026-04-08 08:17:42,949,11,1,0,False,False,"https://guba.eastmoney.com/news,688076,1690196252.html",2026-07-06 17:05:53
eastmoney_guba,688076,1690215019,40骂！骂到营收100亿！,,卡巴拉,2028023787975112,2026-04-08 09:12:37,217,6,0,0,False,False,"https://guba.eastmoney.com/news,688076,1690215019.html",2026-07-06 17:05:53
eastmoney_guba,688076,1690216181,大股东已经把公司卖得差不多了，3年退市。,,观海云远11,3573095269174092,2026-04-08 09:15:10,146,2,0,0,False,False,"https://guba.eastmoney.com/news,688076,1690216181.html",2026-07-06 17:05:53
eastmoney_guba,688076,1690359985,这是哪位主力大哥出手了？,,封控在家炒股,1838346159592874,2026-04-08 10:19:27,131,1,0,0,False,False,"https://guba.eastmoney.com/news,688076,1690359985.html",2026-07-06 17:05:53
eastmoney_guba,688076,1690614748,这股走的怎么这么平，好像死水一潭,,灵入江水,9904355621218358,2026-04-08 14:33:49,122,2,0,0,False,False,"https://guba.eastmoney.com/news,688076,1690614748.html",2026-07-06 17:05:53
eastmoney_guba,688076,1690690726,今天跟随大势，硬气了一会，不容易,,别听他们忽悠,3124396168972760,2026-04-08 16:44:14,76,0,0,0,False,False,"https://guba.eastmoney.com/news,688076,1690690726.html",2026-07-06 17:05:53
eastmoney_guba,688076,1690821814,42骂！操盘的，2，B！,,卡巴拉,2028023787975112,2026-04-09 08:27:21,131,7,0,0,False,False,"https://guba.eastmoney.com/news,688076,1690821814.html",2026-07-06 17:05:53
eastmoney_guba,688076,1690897209,ST里面调整时间最长的，医药板块大涨，你也是反弹力度最弱的，连ST葫芦娃都比不过,,速来救驾888,6253013922199432,2026-04-09 09:44:01,90,0,0,0,False,False,"https://guba.eastmoney.com/news,688076,1690897209.html",2026-07-06 17:05:53
eastmoney_guba,688076,1690932433,还是冲高回落，老套路,,古越新安,4541336174369464,2026-04-09 09:58:41,93,2,0,0,False,False,"https://guba.eastmoney.com/news,688076,1690932433.html",2026-07-06 17:05:53
eastmoney_guba,688076,1690972915,什么破股啊玩人啊,,剑是什么样的剑,3287335915781350,2026-04-09 10:18:57,62,0,0,0,False,False,"https://guba.eastmoney.com/news,688076,1690972915.html",2026-07-06 17:05:53
eastmoney_guba,688076,1690988331,冲高回落这一招割了多少韭菜，唉！,,股友RqPaD5,3127316051660808,2026-04-09 10:28:16,95,1,0,0,False,False,"https://guba.eastmoney.com/news,688076,1690988331.html",2026-07-06 17:05:53
eastmoney_guba,688076,1690989024,上方到底有多少亿的套牢盘啊散庄大家一起稳坐不动,,低吸有钱赚,6738416626968316,2026-04-09 10:28:43,63,0,0,0,False,False,"https://guba.eastmoney.com/news,688076,1690989024.html",2026-07-06 17:05:53
eastmoney_guba,688076,1691002613,大家都期待减肥药原料药在专利到期后大卖，结果是诺和诺德和礼来大幅度降价，封杀了全,,晚上的清秋,3598396081954208,2026-04-09 10:37:06,482,8,0,0,False,False,"https://guba.eastmoney.com/news,688076,1691002613.html",2026-07-06 17:05:53
eastmoney_guba,688076,1691121313,司美注射液已经申请了啊估计四季度上市了,,医药不值得投资,5383084759787052,2026-04-09 13:17:06,178,1,0,0,False,False,"https://guba.eastmoney.com/news,688076,1691121313.html",2026-07-06 17:05:53
eastmoney_guba,688076,1691202703,还得是翰宇,,观海云远11,3573095269174092,2026-04-09 14:30:05,73,0,0,0,False,False,"https://guba.eastmoney.com/news,688076,1691202703.html",2026-07-06 17:05:53
eastmoney_guba,688076,1691235509,诺泰生物司美格鲁肽注射液申请上市！,,股友A197669V05,8030376544910926,2026-04-09 14:55:26,1910,16,6,0,True,False,"https://guba.eastmoney.com/news,688076,1691235509.html",2026-07-06 17:05:53
eastmoney_guba,688076,1691312380,啥消息也没用，天天搞这种套人走势，说白了就是资金不认可，啥时候放量了再说，能涨美,,司马神,3153326367888576,2026-04-09 18:50:44,115,1,0,0,False,False,"https://guba.eastmoney.com/news,688076,1691312380.html",2026-07-06 17:05:53
eastmoney_guba,688076,1691415030,43、44、45三连骂！操盘的，呆，B！,,卡巴拉,2028023787975112,2026-04-10 08:26:25,156,8,0,0,False,False,"https://guba.eastmoney.com/news,688076,1691415030.html",2026-07-06 17:05:53
eastmoney_guba,688076,1691470943,我说今天能上31，在座的各位，谁赞成谁反对？,,币锭拿下,6046346014730666,2026-04-10 09:37:34,132,3,0,0,False,False,"https://guba.eastmoney.com/news,688076,1691470943.html",2026-07-06 17:05:53
eastmoney_guba,688076,1691593692,。。。。上不去了。。。为啥压力这么大,,医药不值得投资,5383084759787052,2026-04-10 10:32:03,143,4,0,0,False,False,"https://guba.eastmoney.com/news,688076,1691593692.html",2026-07-06 17:05:53
eastmoney_guba,688076,1691702726,板块最最最后一个补涨，就这点？,,司马神,3153326367888576,2026-04-10 12:43:38,79,0,0,0,False,False,"https://guba.eastmoney.com/news,688076,1691702726.html",2026-07-06 17:05:53
eastmoney_guba,688076,1691755712,上升通道开启…下周回36,,就是高吸低抛,2849057600812640,2026-04-10 13:34:46,265,6,0,0,False,False,"https://guba.eastmoney.com/news,688076,1691755712.html",2026-07-06 17:05:53
eastmoney_guba,688076,1691783477,今晚应当会出司美格鲁肽注射液申请上市市受理公告吧？,,股友A197669V05,8030376544910926,2026-04-10 13:57:13,544,6,0,0,False,False,"https://guba.eastmoney.com/news,688076,1691783477.html",2026-07-06 17:05:51
eastmoney_guba,688076,1691865121,3个月了，终于真正站上20日平均线了，我服了,,币锭拿下,6046346014730666,2026-04-10 14:59:49,127,1,0,0,False,False,"https://guba.eastmoney.com/news,688076,1691865121.html",2026-07-06 17:05:53
eastmoney_guba,688076,1692158589,仿制药席卷印度减重药市场：礼来市场份额下滑，诺和诺德稳守阵地来源：环球市场播报核,,股友A197669V05,8030376544910926,2026-04-12 22:17:00,975,3,1,0,False,False,"https://guba.eastmoney.com/news,688076,1692158589.html",2026-07-06 17:05:53
eastmoney_guba,688076,1692201453,46骂！操盘的，春虫虫货！,,卡巴拉,2028023787975112,2026-04-13 09:14:56,134,3,0,0,False,False,"https://guba.eastmoney.com/news,688076,1692201453.html",2026-07-06 17:05:51
eastmoney_guba,688076,1692562286,还得是ST金泰，冲20个点哦,,股友aUcNrk,3580315964816674,2026-04-13 14:25:28,88,0,0,0,False,False,"https://guba.eastmoney.com/news,688076,1692562286.html",2026-07-06 17:05:51
eastmoney_guba,688076,1692583544,目前没有大幅上涨的条件，只能冲高回落。主力借此降低成本。,,西北狼y,3277336221003132,2026-04-13 14:44:01,197,3,0,0,False,False,"https://guba.eastmoney.com/news,688076,1692583544.html",2026-07-06 17:05:51
eastmoney_guba,688076,1692616266,今天四个多点买的，感觉这票今年能猛涨，先打个底仓。,,万手哥出手一万手,6332396000892070,2026-04-13 15:23:51,225,4,0,0,False,False,"https://guba.eastmoney.com/news,688076,1692616266.html",2026-07-06 17:05:51
eastmoney_guba,688076,1692772178,一波,,韭菜不怕输,5233047430809942,2026-04-14 09:00:14,56,0,0,0,False,False,"https://guba.eastmoney.com/news,688076,1692772178.html",2026-07-06 17:05:51
eastmoney_guba,688076,1692777278,第47骂！操盘的！,,卡巴拉,2028023787975112,2026-04-14 09:13:23,84,1,0,0,False,False,"https://guba.eastmoney.com/news,688076,1692777278.html",2026-07-06 17:05:51
eastmoney_guba,688076,1692904495,一不小心就T飞了。,,股友7t65968F81,4477316185546414,2026-04-14 10:11:17,91,2,0,0,False,False,"https://guba.eastmoney.com/news,688076,1692904495.html",2026-07-06 17:05:51
eastmoney_guba,688076,1692962172,不懂就问哈今天这么蹦来蹦去的主力是想吸引哪个进来？？？,,低吸有钱赚,6738416626968316,2026-04-14 10:41:51,175,3,0,0,False,False,"https://guba.eastmoney.com/news,688076,1692962172.html",2026-07-06 17:05:51
eastmoney_guba,688076,1693013044,人民币汇率6.81元，公司美元合同又又折价,,xdhynj,5645335959421612,2026-04-14 11:14:41,93,0,0,0,False,False,"https://guba.eastmoney.com/news,688076,1693013044.html",2026-07-06 17:05:51
eastmoney_guba,688076,1693314051,诺泰生物是国内唯一以2.2类改良新药同步申报司美格鲁肽降糖+减重适应症的企业，有,,越来越好运,1763094302211820,2026-04-14 19:38:43,482,7,0,0,False,False,"https://guba.eastmoney.com/news,688076,1693314051.html",2026-07-06 17:05:51
eastmoney_guba,688076,1693342592,$ST诺泰(SH688076)$,,医药不值得投资,5383084759787052,2026-04-14 21:29:04,645,4,0,0,True,False,"https://guba.eastmoney.com/news,688076,1693342592.html",2026-07-06 17:05:51
eastmoney_guba,688076,1693348584,华东医药受理都发个公告，诺泰也不发个公告,,股友3P5N982830,4736057731969762,2026-04-14 21:48:14,356,5,0,0,False,False,"https://guba.eastmoney.com/news,688076,1693348584.html",2026-07-06 17:05:51
eastmoney_guba,688076,1693420339,48骂，操盘的！贝加戋！,,卡巴拉,2028023787975112,2026-04-15 09:09:53,65,1,0,0,False,False,"https://guba.eastmoney.com/news,688076,1693420339.html",2026-07-06 17:05:51
eastmoney_guba,688076,1693455660,消息利好创新药啊,,qingyang888,1091094194850018,2026-04-15 09:33:25,77,1,0,0,False,False,"https://guba.eastmoney.com/news,688076,1693455660.html",2026-07-06 17:05:51
eastmoney_guba,688076,1693599539,给美诺华提鞋都不配。,,观海云远11,3573095269174092,2026-04-15 10:32:35,96,2,0,0,False,False,"https://guba.eastmoney.com/news,688076,1693599539.html",2026-07-06 17:05:51
eastmoney_guba,688076,1693633007,这一点成交量是我们散户买起来的吧,,低吸有钱赚,6738416626968316,2026-04-15 10:51:46,60,0,0,0,False,False,"https://guba.eastmoney.com/news,688076,1693633007.html",2026-07-06 17:05:51
eastmoney_guba,688076,1693689790,减肥药板块都上天了，还一动不动，真是给别人提鞋都不配,,账户天天涨,1320305502224462,2026-04-15 11:32:09,66,0,0,0,False,False,"https://guba.eastmoney.com/news,688076,1693689790.html",2026-07-06 17:05:51
eastmoney_guba,688076,1693754318,票太弱了,,股友iQUojU,4671355959136046,2026-04-15 13:25:33,75,0,0,0,False,False,"https://guba.eastmoney.com/news,688076,1693754318.html",2026-07-06 17:05:51
eastmoney_guba,688076,1693848728,怎么可能比688117的股价还低？,,西北狼y,3277336221003132,2026-04-15 14:37:30,88,0,0,0,False,False,"https://guba.eastmoney.com/news,688076,1693848728.html",2026-07-06 17:05:51
eastmoney_guba,688076,1693933607,快下来25附近。接爷爷上车,,指数一万点无盈利,9588486802613468,2026-04-15 17:14:46,73,1,0,0,False,False,"https://guba.eastmoney.com/news,688076,1693933607.html",2026-07-06 17:05:51
eastmoney_guba,688076,1693952966,ST诺泰24年被立案调查中，信披违规受损投资者可索赔,,股民索赔宝,2093306079314580,2026-04-15 18:32:16,102,0,0,0,False,False,"https://guba.eastmoney.com/news,688076,1693952966.html",2026-07-06 17:05:51
eastmoney_guba,688076,1693981553,为什么华东医药发公告你不发?,,ST观察,8396325736948510,2026-04-15 20:23:20,285,2,0,0,False,False,"https://guba.eastmoney.com/news,688076,1693981553.html",2026-07-06 17:05:51
eastmoney_guba,688076,1694027641,这个是仙股么，都没成交量，估计手里有个上万手的大户能砸跌停,,家财积玉de莱文狄,4618306329698304,2026-04-15 23:25:24,93,1,0,0,False,False,"https://guba.eastmoney.com/news,688076,1694027641.html",2026-07-06 17:05:51
eastmoney_guba,688076,1694633399,公司因涉嫌信息披露违法违规，被中国证监会（2025）148号行政处罚决定书处以4,,ST诺泰股友,3640366193403336,2026-04-16 09:17:00,150,0,0,0,False,False,"https://guba.eastmoney.com/news,688076,1694633399.html",2026-07-06 17:05:51
eastmoney_guba,688076,1694570090,公司股价连读下跌八个月，创中国A股历史纪录，公司对取得这个记家有何感受，是否准备,,ST诺泰股友,3640366193403336,2026-04-16 09:18:00,637,9,1,0,False,False,"https://guba.eastmoney.com/news,688076,1694570090.html",2026-07-06 17:05:51
eastmoney_guba,688076,1694633397,公司司美格鲁肽注射液减肥药、糖尿病三期临床实验己完成三月，何时申报上市申请，预计,,ST诺泰股友,3640366193403336,2026-04-16 09:18:00,207,0,0,0,False,False,"https://guba.eastmoney.com/news,688076,1694633397.html",2026-07-06 17:05:51
eastmoney_guba,688076,1694570045,1、产品价格的波动影响利润是多少？ 2、固定资产折旧影响利润是多少？ 3、资产减,,ST诺泰股友,3640366193403336,2026-04-16 09:18:00,82,0,0,0,False,False,"https://guba.eastmoney.com/news,688076,1694570045.html",2026-07-06 17:05:51
eastmoney_guba,688076,1694152312,还钱！！！,,观海云远11,3573095269174092,2026-04-16 09:46:02,66,1,0,0,False,False,"https://guba.eastmoney.com/news,688076,1694152312.html",2026-07-06 17:05:51
eastmoney_guba,688076,1694633398,公司司美格鲁肽注射液2026年4月9日己经NDA受理，公司为何还不发公告？,,ST诺泰股友,3640366193403336,2026-04-16 10:10:00,294,0,0,0,False,False,"https://guba.eastmoney.com/news,688076,1694633398.html",2026-07-06 17:05:51
eastmoney_guba,688076,1694234424,一季度利润预降，被价格战薅了点毛利。但GLP-1减肥药原料这块它还是大哥级，订单,,股友39r98019O7,2262386297879572,2026-04-16 10:21:18,224,1,0,0,False,False,"https://guba.eastmoney.com/news,688076,1694234424.html",2026-07-06 17:05:51
eastmoney_guba,688076,1694270069,这票纯ST还好，又是ST，又是科创板，门槛太高了,,币锭拿下,6046346014730666,2026-04-16 10:41:06,222,10,0,0,False,False,"https://guba.eastmoney.com/news,688076,1694270069.html",2026-07-06 17:05:51
eastmoney_guba,688076,1694301629,这价位还有大单砸盘，估计还有没有暴露的利空。小心。,,西北狼y,3277336221003132,2026-04-16 11:00:12,98,1,0,0,False,False,"https://guba.eastmoney.com/news,688076,1694301629.html",2026-07-06 17:05:51
eastmoney_guba,688076,1694437699,连续缩量3天，按照正常的逻辑，周五或者周一该有点动作了,,币锭拿下,6046346014730666,2026-04-16 13:42:03,157,3,1,0,False,False,"https://guba.eastmoney.com/news,688076,1694437699.html",2026-07-06 17:05:51
eastmoney_guba,688076,1694463255,操盘手的水平实在差劲了，连化学制药板块的走势都跟不上,,拉萨顶峰,3140007529124966,2026-04-16 14:01:03,65,0,0,0,False,False,"https://guba.eastmoney.com/news,688076,1694463255.html",2026-07-06 17:05:51
eastmoney_guba,688076,1694472385,爱咋咋地吧，12月再说,,你将最终胜利,1450306394783606,2026-04-16 14:08:05,66,0,0,0,False,False,"https://guba.eastmoney.com/news,688076,1694472385.html",2026-07-06 17:05:51
eastmoney_guba,688076,1694482372,都撤了吧！与其在这浪费时间不如赶快换票，外面都涨疯了。,,股友72a8732A85,2459326184979898,2026-04-16 14:15:22,70,0,0,0,False,False,"https://guba.eastmoney.com/news,688076,1694482372.html",2026-07-06 17:05:51
eastmoney_guba,688076,1694500982,忍一忍，等到7月份，可以炒一波摘帽预期。,,股友SDIPLp4274,4160085463132982,2026-04-16 14:28:08,125,2,0,0,False,False,"https://guba.eastmoney.com/news,688076,1694500982.html",2026-07-06 17:05:51
eastmoney_guba,688076,1694707169,一路阴跌，利空释放，业绩变脸，只有业绩复苏才会有新的上涨空间,,日进成章de大年,8993386212523374,2026-04-16 23:36:55,237,4,1,0,False,False,"https://guba.eastmoney.com/news,688076,1694707169.html",2026-07-06 17:05:49
eastmoney_guba,688076,1694755665,这股肯定有大雷,,帅的已经很明显,6196114868978848,2026-04-17 09:12:25,56,0,0,0,False,False,"https://guba.eastmoney.com/news,688076,1694755665.html",2026-07-06 17:05:51
eastmoney_guba,688076,1694759704,50、51、52三连骂！操盘的，骂到你绝望！,,卡巴拉,2028023787975112,2026-04-17 09:18:28,143,6,0,0,False,False,"https://guba.eastmoney.com/news,688076,1694759704.html",2026-07-06 17:05:51
eastmoney_guba,688076,1694870958,下跌模式开始，25元底是必须的！,,华远股东,3047426769600740,2026-04-17 10:00:02,64,0,0,0,False,False,"https://guba.eastmoney.com/news,688076,1694870958.html",2026-07-06 17:05:51
eastmoney_guba,688076,1695026250,大盘涨，板块涨，和我一点关系都没有，现在大盘跌板快跌，和我关联上了，,,时空之影,8525114084431748,2026-04-17 11:28:28,83,1,0,0,False,False,"https://guba.eastmoney.com/news,688076,1695026250.html",2026-07-06 17:05:51
eastmoney_guba,688076,1695085071,诺泰要涨停还差什么？,,股友7t65968F81,4477316185546414,2026-04-17 13:15:42,290,6,0,0,False,False,"https://guba.eastmoney.com/news,688076,1695085071.html",2026-07-06 17:05:51
eastmoney_guba,688076,1695141102,ST诺泰和建科研的未来价格如何？大家探讨探讨,,股友195WK56710,8965077762651922,2026-04-17 13:57:22,294,0,0,0,False,False,"https://guba.eastmoney.com/news,688076,1695141102.html",2026-07-06 17:05:41
eastmoney_guba,688076,1695195335,多笔500手卖出，是什么意思？,,股友76636kq858,9304077574992074,2026-04-17 14:37:10,330,8,0,0,False,False,"https://guba.eastmoney.com/news,688076,1695195335.html",2026-07-06 17:05:51
eastmoney_guba,688076,1695379831,期望大涨的洗洗睡吧，也不看看筹码都分散到什么程度了，不把上边的洗出去涨个铲铲。这,,了解以后,8951356227100036,2026-04-17 23:08:18,171,1,0,0,False,False,"https://guba.eastmoney.com/news,688076,1695379831.html",2026-07-06 17:05:51
eastmoney_guba,688076,1695622973,54减1骂！操盘的，你不配53！,,卡巴拉,2028023787975112,2026-04-20 08:59:29,75,2,0,0,False,False,"https://guba.eastmoney.com/news,688076,1695622973.html",2026-07-06 17:05:51
eastmoney_guba,688076,1695660459,一直盈利，为啥是st，来个课代表,,股友uwclNV,2120335850579724,2026-04-20 09:30:30,95,2,0,0,False,False,"https://guba.eastmoney.com/news,688076,1695660459.html",2026-07-06 17:05:51
eastmoney_guba,688076,1695709652,去20天线板凳钉钉。,,有毅力尹博,7455094357521194,2026-04-20 09:46:43,78,1,0,0,False,False,"https://guba.eastmoney.com/news,688076,1695709652.html",2026-07-06 17:05:51
eastmoney_guba,688076,1695742546,这是月底有雷吧？,,低吸有钱赚,6738416626968316,2026-04-20 09:59:49,84,1,0,0,False,False,"https://guba.eastmoney.com/news,688076,1695742546.html",2026-07-06 17:05:51
eastmoney_guba,688076,1695780054,可以不美容，必须减肥！,,烟斗倪,1368186934537388,2026-04-20 10:16:35,150,4,0,0,False,False,"https://guba.eastmoney.com/news,688076,1695780054.html",2026-07-06 17:05:51
eastmoney_guba,688076,1695909026,缩量了是好是坏呢，有高手指点吗,,照亮你的美,6155077733842268,2026-04-20 11:52:57,68,0,0,0,False,False,"https://guba.eastmoney.com/news,688076,1695909026.html",2026-07-06 17:05:51
eastmoney_guba,688076,1695982268,一季度盈利1.2亿～1.4亿，A股有多少家上市公司能办到，还不满意！,,华远股东,3047426769600740,2026-04-20 13:37:51,183,1,0,0,False,False,"https://guba.eastmoney.com/news,688076,1695982268.html",2026-07-06 17:05:51
eastmoney_guba,688076,1695991847,如果不st怎么这价能买上利润率达40%优质股,,有二说一20127957,5926113351824148,2026-04-20 13:44:35,88,0,0,0,False,False,"https://guba.eastmoney.com/news,688076,1695991847.html",2026-07-06 17:05:51
eastmoney_guba,688076,1696037695,今天不知道又骗了多少人进来,,司马神,3153326367888576,2026-04-20 14:21:48,118,2,0,0,False,False,"https://guba.eastmoney.com/news,688076,1696037695.html",2026-07-06 17:05:51
eastmoney_guba,688076,1696066286,没有被主力看中，真可怜！,,首富投资人,1811476816912550,2026-04-20 14:44:15,60,0,0,0,False,False,"https://guba.eastmoney.com/news,688076,1696066286.html",2026-07-06 17:05:51
eastmoney_guba,688076,1696074321,骗人进来马上一波坑杀。。。,,医药不值得投资,5383084759787052,2026-04-20 14:50:13,57,0,0,0,False,False,"https://guba.eastmoney.com/news,688076,1696074321.html",2026-07-06 17:05:51
eastmoney_guba,688076,1696235256,今年前三个月江苏地区的多态出口稳步增长。,,股友A197669V05,8030376544910926,2026-04-20 22:58:57,392,2,1,0,True,False,"https://guba.eastmoney.com/news,688076,1696235256.html",2026-07-06 17:05:51
eastmoney_guba,688076,1696239893,按照目前的海关数据，诺泰一季度营收应在7.6-9.6亿之间，同比增长35%-70,,币锭拿下,6046346014730666,2026-04-20 23:29:05,897,6,6,0,True,False,"https://guba.eastmoney.com/news,688076,1696239893.html",2026-07-06 17:05:51
eastmoney_guba,688076,1696268622,国产药审批duang,,山雨欲来1,1574416648412580,2026-04-21 07:55:30,704,6,1,0,True,False,"https://guba.eastmoney.com/news,688076,1696268622.html",2026-07-06 17:05:51
eastmoney_guba,688076,1696282111,54骂！操盘的！,,卡巴拉,2028023787975112,2026-04-21 08:58:06,51,2,0,0,False,False,"https://guba.eastmoney.com/news,688076,1696282111.html",2026-07-06 17:05:51
eastmoney_guba,688076,1696282629,发下干字令,,远大的左苍溟2,8673386080914898,2026-04-21 08:59:46,64,0,0,0,False,False,"https://guba.eastmoney.com/news,688076,1696282629.html",2026-07-06 17:05:51
eastmoney_guba,688076,1696376992,来两个涨停板借我吉言哈,,股友iQUojU,4671355959136046,2026-04-21 09:49:17,260,9,0,0,False,False,"https://guba.eastmoney.com/news,688076,1696376992.html",2026-07-06 17:05:51
eastmoney_guba,688076,1696500299,它为什么不涨啊因为没带星板块里涨的都是有星的不带星还不够烂会不会像3月份哪几天走,,低吸有钱赚,6738416626968316,2026-04-21 10:49:29,61,0,0,0,False,False,"https://guba.eastmoney.com/news,688076,1696500299.html",2026-07-06 17:05:51
eastmoney_guba,688076,1696500992,天天这么打压,,小兔乖乖宝宝,8980094451666448,2026-04-21 10:49:55,66,0,0,0,False,False,"https://guba.eastmoney.com/news,688076,1696500992.html",2026-07-06 17:05:51
eastmoney_guba,688076,1696801573,看这单价怎么回事。。。出口的数据,,医药不值得投资,5383084759787052,2026-04-21 17:00:47,1152,1,2,0,True,False,"https://guba.eastmoney.com/news,688076,1696801573.html",2026-07-06 17:05:51
eastmoney_guba,688076,1696864402,诺泰生物司美格鲁肽注射液上市申请，不会受中瑞贸易协定，医药数据6年保护期的影响而,,股友A197669V05,8030376544910926,2026-04-21 20:29:37,445,3,0,0,False,False,"https://guba.eastmoney.com/news,688076,1696864402.html",2026-07-06 17:05:51
eastmoney_guba,688076,1696865859,只有九源基因在2025年年报中明确披露：其自研司美格鲁肽注射液（吉优泰），因涉及,,股友A197669V05,8030376544910926,2026-04-21 20:34:26,431,6,0,0,False,False,"https://guba.eastmoney.com/news,688076,1696865859.html",2026-07-06 17:05:51
eastmoney_guba,688076,1696886881,诺和诺德又开始跌了诺泰明天又玩完了，走势差不多。,,买熟悉的,6787356122784764,2026-04-21 21:42:43,94,0,0,0,False,False,"https://guba.eastmoney.com/news,688076,1696886881.html",2026-07-06 17:05:51
eastmoney_guba,688076,1696958853,55骂！操盘的！,,卡巴拉,2028023787975112,2026-04-22 08:45:31,156,7,0,0,False,False,"https://guba.eastmoney.com/news,688076,1696958853.html",2026-07-06 17:05:49
eastmoney_guba,688076,1696968461,诺泰生物司美格鲁肽注射液减肥、糖尿病两个适应症各四个规格共八个品种的2.2类部药,,股友A197669V05,8030376544910926,2026-04-22 09:12:19,451,2,0,0,True,False,"https://guba.eastmoney.com/news,688076,1696968461.html",2026-07-06 17:05:51
eastmoney_guba,688076,1697005162,诺泰生物司美格鲁肽注射液（8个2.2类改良新药+双适应症+全规格NDA受理）完整,,西北狼y,3277336221003132,2026-04-22 09:32:29,386,2,1,0,False,False,"https://guba.eastmoney.com/news,688076,1697005162.html",2026-07-06 17:05:51
eastmoney_guba,688076,1697087572,今天挂的单子有点大,,首富投资人,1811476816912550,2026-04-22 09:58:47,74,1,0,0,False,False,"https://guba.eastmoney.com/news,688076,1697087572.html",2026-07-06 17:05:51
eastmoney_guba,688076,1697089423,这票机构跟庄在大单出货，压着价出，短期买就是接飞刀。,,买熟悉的,6787356122784764,2026-04-22 09:59:29,140,2,1,0,False,False,"https://guba.eastmoney.com/news,688076,1697089423.html",2026-07-06 17:05:51
eastmoney_guba,688076,1697099455,年报雷不小大户已经在抢着出货,,医药不值得投资,5383084759787052,2026-04-22 10:03:17,105,3,0,0,False,False,"https://guba.eastmoney.com/news,688076,1697099455.html",2026-07-06 17:05:51
eastmoney_guba,688076,1697105936,按这个趋势，20元见了,,稳健老师,4617395870494756,2026-04-22 10:05:51,64,0,0,0,False,False,"https://guba.eastmoney.com/news,688076,1697105936.html",2026-07-06 17:05:51
eastmoney_guba,688076,1697111094,有点垃圾,,股友76636kq858,9304077574992074,2026-04-22 10:07:55,50,0,0,0,False,False,"https://guba.eastmoney.com/news,688076,1697111094.html",2026-07-06 17:05:51
eastmoney_guba,688076,1697115333,没有拉上去就出了哈哈,,股友iQUojU,4671355959136046,2026-04-22 10:09:42,77,0,0,0,False,False,"https://guba.eastmoney.com/news,688076,1697115333.html",2026-07-06 17:05:51
eastmoney_guba,688076,1697174202,诺泰生物司美格鲁肽注射液是2.2类新药，优先审评，4-6个月完成，最早上市时间是,,西北狼y,3277336221003132,2026-04-22 10:37:57,271,3,0,0,False,False,"https://guba.eastmoney.com/news,688076,1697174202.html",2026-07-06 17:05:49
eastmoney_guba,688076,1697186481,科创板st的威力太大了,,医药不值得投资,5383084759787052,2026-04-22 10:44:34,195,2,0,0,False,False,"https://guba.eastmoney.com/news,688076,1697186481.html",2026-07-06 17:05:51
eastmoney_guba,688076,1697188413,看看圣诺生物、翰宇药业，怕什么？！,,股友RqPaD5,3127316051660808,2026-04-22 10:45:39,90,0,0,0,False,False,"https://guba.eastmoney.com/news,688076,1697188413.html",2026-07-06 17:05:51
eastmoney_guba,688076,1697247180,持股8万，成本42元，算大户吗,,小小小明明9665,2986113644039872,2026-04-22 11:22:13,475,10,0,0,False,False,"https://guba.eastmoney.com/news,688076,1697247180.html",2026-07-06 17:05:49
eastmoney_guba,688076,1697397547,今天有人给吓出去吗？？？这是不是最后一砸了。,,低吸有钱赚,6738416626968316,2026-04-22 14:07:40,184,4,0,0,False,False,"https://guba.eastmoney.com/news,688076,1697397547.html",2026-07-06 17:05:51
eastmoney_guba,688076,1697428508,天天跌，准备跌到什么时候？,,单恋一枝花2,6965017055864904,2026-04-22 14:28:45,178,7,0,0,False,False,"https://guba.eastmoney.com/news,688076,1697428508.html",2026-07-06 17:05:49
eastmoney_guba,688076,1697436687,还是没大资金来AI赚钱效应太好了估计两个月内还是这样,,医药不值得投资,5383084759787052,2026-04-22 14:34:00,120,0,0,0,False,False,"https://guba.eastmoney.com/news,688076,1697436687.html",2026-07-06 17:05:51
eastmoney_guba,688076,1697542547,年报后还有一跌，应该差不多了吧，最近这么托着估计就是等年报呢。,,司马神,3153326367888576,2026-04-22 17:04:35,69,0,0,0,False,False,"https://guba.eastmoney.com/news,688076,1697542547.html",2026-07-06 17:05:49
eastmoney_guba,688076,1697577680,持了5万股成本40元，准备持有5年。坚持看到200元。,,西北狼y,3277336221003132,2026-04-22 18:44:19,285,7,0,0,False,False,"https://guba.eastmoney.com/news,688076,1697577680.html",2026-07-06 17:05:49
eastmoney_guba,688076,1697597196,我希望翰宇、圣诺500亿市值，这50亿够了，老板和管理层好优秀,,越来越好运,1763094302211820,2026-04-22 19:40:37,122,2,0,0,False,False,"https://guba.eastmoney.com/news,688076,1697597196.html",2026-07-06 17:05:49
eastmoney_guba,688076,1697603602,ST申请摘帽是在7月21日后还是要到12月份后？,,首富投资人,1811476816912550,2026-04-22 19:57:55,243,3,0,0,False,False,"https://guba.eastmoney.com/news,688076,1697603602.html",2026-07-06 17:05:49
eastmoney_guba,688076,1697630852,什么世道啊，翰宇药业一年5000万利润200亿市值，诺泰一年3亿利润才90多亿市,,潘戈223,7718094254713630,2026-04-22 21:13:40,309,4,0,0,False,False,"https://guba.eastmoney.com/news,688076,1697630852.html",2026-07-06 17:05:49
eastmoney_guba,688076,1697636748,金凯生科，昊帆生物都走出来了，没必要耗在这里。,,大混沌789,2636365924839354,2026-04-22 21:29:46,94,0,0,0,False,False,"https://guba.eastmoney.com/news,688076,1697636748.html",2026-07-06 17:05:49
eastmoney_guba,688076,1697714804,56骂！操盘的！,,卡巴拉,2028023787975112,2026-04-23 08:23:06,66,2,0,0,False,False,"https://guba.eastmoney.com/news,688076,1697714804.html",2026-07-06 17:05:49
eastmoney_guba,688076,1697875259,大盘涨你跌，大盘跌你也跌，能弱成这样也是不错，那再跌些，越跌越加，一股不卖,,经纶富贵地梦轩,3689326239938764,2026-04-23 10:05:36,54,0,0,0,False,False,"https://guba.eastmoney.com/news,688076,1697875259.html",2026-07-06 17:05:49
eastmoney_guba,688076,1697875976,这真可能到25的样子啊,,古诗拾贝哥,2637075147824538,2026-04-23 10:05:52,43,0,0,0,False,False,"https://guba.eastmoney.com/news,688076,1697875976.html",2026-07-06 17:05:49
eastmoney_guba,688076,1697891508,没得救了，跌到25再说，坚决不买,,股民3573,9801094391333426,2026-04-23 10:11:43,53,0,0,0,False,False,"https://guba.eastmoney.com/news,688076,1697891508.html",2026-07-06 17:05:49
eastmoney_guba,688076,1697893031,我的绝味鸭脖都比这个强,,离家五百里,4057335941292986,2026-04-23 10:12:18,175,3,0,0,False,False,"https://guba.eastmoney.com/news,688076,1697893031.html",2026-07-06 17:05:49
eastmoney_guba,688076,1697921214,苦苦挣扎,,拉萨顶峰,3140007529124966,2026-04-23 10:24:44,50,0,0,0,False,False,"https://guba.eastmoney.com/news,688076,1697921214.html",2026-07-06 17:05:49
eastmoney_guba,688076,1697942666,苦苦挣扎,,拉萨顶峰,3140007529124966,2026-04-23 10:35:35,51,0,0,0,False,False,"https://guba.eastmoney.com/news,688076,1697942666.html",2026-07-06 17:05:49
eastmoney_guba,688076,1697976488,补缺口28.80,,拉萨顶峰,3140007529124966,2026-04-23 10:52:33,50,0,0,0,False,False,"https://guba.eastmoney.com/news,688076,1697976488.html",2026-07-06 17:05:49
eastmoney_guba,688076,1697990947,这中股，真,,股友69P035R738,9848087560927432,2026-04-23 11:01:06,55,0,0,0,False,False,"https://guba.eastmoney.com/news,688076,1697990947.html",2026-07-06 17:05:49
eastmoney_guba,688076,1697992030,电话问了，属实，但就是不公告，说自己查官网,,大混沌789,2636365924839354,2026-04-23 11:01:45,1290,9,1,0,False,False,"https://guba.eastmoney.com/news,688076,1697992030.html",2026-07-06 17:05:49
eastmoney_guba,688076,1697992250,st里都算弱股,,股友69P035R738,9848087560927432,2026-04-23 11:01:54,47,0,0,0,False,False,"https://guba.eastmoney.com/news,688076,1697992250.html",2026-07-06 17:05:49
eastmoney_guba,688076,1698037563,五日下跌都不到五个点，也不知道哪里那么多嗡嗡嗡。看好了中长线价值修复就买，不看好,,招财腾达地双双,5478346322887194,2026-04-23 11:29:00,90,1,0,0,False,False,"https://guba.eastmoney.com/news,688076,1698037563.html",2026-07-06 17:05:49
eastmoney_guba,688076,1698206963,再跌，就要连跌9个月了,,股友SDIPLp4274,4160085463132982,2026-04-23 14:28:35,102,2,0,0,False,False,"https://guba.eastmoney.com/news,688076,1698206963.html",2026-07-06 17:05:49
eastmoney_guba,688076,1698331523,40元以上见,,股友5MY40M,3290054876331232,2026-04-23 18:04:08,102,2,0,0,False,False,"https://guba.eastmoney.com/news,688076,1698331523.html",2026-07-06 17:05:49
eastmoney_guba,688076,1698400172,圣诺业绩确实可以。。。,,医药不值得投资,5383084759787052,2026-04-23 21:05:01,126,1,0,0,False,False,"https://guba.eastmoney.com/news,688076,1698400172.html",2026-07-06 17:05:49
eastmoney_guba,688076,1698506845,575859三连骂！操盘的！,,卡巴拉,2028023787975112,2026-04-24 09:02:28,75,2,0,0,False,False,"https://guba.eastmoney.com/news,688076,1698506845.html",2026-07-06 17:05:49
eastmoney_guba,688076,1698516059,烂诺泰，,,谦虚的君清雪,5212585183198414,2026-04-24 09:18:28,230,0,0,0,True,False,"https://guba.eastmoney.com/news,688076,1698516059.html",2026-07-06 17:05:49
eastmoney_guba,688076,1698572402,冲啊，多肽赛道前面是星辰大海！,,股友RqPaD5,3127316051660808,2026-04-24 09:39:50,62,0,0,0,False,False,"https://guba.eastmoney.com/news,688076,1698572402.html",2026-07-06 17:05:49
eastmoney_guba,688076,1698690643,审批时间多长,,科技股才是未来,4321045426032008,2026-04-24 10:22:06,68,0,0,0,False,False,"https://guba.eastmoney.com/news,688076,1698690643.html",2026-07-06 17:05:49
eastmoney_guba,688076,1698693615,审批时间需要多久,,科技股才是未来,4321045426032008,2026-04-24 10:23:34,526,3,0,0,True,False,"https://guba.eastmoney.com/news,688076,1698693615.html",2026-07-06 17:05:49
eastmoney_guba,688076,1698759836,真好意思天天跌,,股友SDIPLp4274,4160085463132982,2026-04-24 10:58:01,70,1,0,0,False,False,"https://guba.eastmoney.com/news,688076,1698759836.html",2026-07-06 17:05:49
eastmoney_guba,688076,1698766463,佛山人呢？彻底跑路啦？,,独孤燕,2128027197149058,2026-04-24 11:01:31,66,0,0,0,False,False,"https://guba.eastmoney.com/news,688076,1698766463.html",2026-07-06 17:05:49
eastmoney_guba,688076,1698930996,$ST诺泰(SH688076)$,,勤劳之金橘,2037345825084558,2026-04-24 13:53:20,70,0,0,0,False,False,"https://guba.eastmoney.com/news,688076,1698930996.html",2026-07-06 17:05:49
eastmoney_guba,688076,1698936540,仙股了,,等稳稳,7629375862316660,2026-04-24 13:57:17,64,0,0,0,False,False,"https://guba.eastmoney.com/news,688076,1698936540.html",2026-07-06 17:05:49
eastmoney_guba,688076,1698989118,想看一看这个股票能连跌几个月，9个月了，立个帖子记录一下,,股友87mX622262,1351326560749034,2026-04-24 14:34:17,95,1,0,0,False,False,"https://guba.eastmoney.com/news,688076,1698989118.html",2026-07-06 17:05:49
eastmoney_guba,688076,1698989418,处罚这个公司5年不得融资它的资金流动性没有了，经营活动受到极大限制利润将会大幅下,,QJHY22302,5702013601648246,2026-04-24 14:34:28,216,3,0,0,False,False,"https://guba.eastmoney.com/news,688076,1698989418.html",2026-07-06 17:05:49
eastmoney_guba,688076,1698991125,月线九连阴,,小兔乖乖宝宝,8980094451666448,2026-04-24 14:35:37,50,0,0,0,False,False,"https://guba.eastmoney.com/news,688076,1698991125.html",2026-07-06 17:05:49
eastmoney_guba,688076,1699013228,ST股票下跌退市都是正常现象不要大惊小怪,,QJHY22302,5702013601648246,2026-04-24 14:49:22,74,1,0,0,False,False,"https://guba.eastmoney.com/news,688076,1699013228.html",2026-07-06 17:05:49
eastmoney_guba,688076,1699088042,隔了这么多天，官方终于确认了，这么大的利好，放在翰宇早就炒上天了，诺泰的市值管理,,听海的枫,9501094056680964,2026-04-24 17:02:19,755,2,0,0,True,False,"https://guba.eastmoney.com/news,688076,1699088042.html",2026-07-06 17:05:49
eastmoney_guba,688076,1699097676,[图片],,股友A197669V05,8030376544910926,2026-04-24 17:29:03,1214,2,0,0,True,False,"https://guba.eastmoney.com/news,688076,1699097676.html",2026-07-06 17:05:49
eastmoney_guba,688076,1699148066,连跌9天了,,西北狼y,3277336221003132,2026-04-24 19:55:27,52,0,0,0,False,False,"https://guba.eastmoney.com/news,688076,1699148066.html",2026-07-06 17:05:49
eastmoney_guba,688076,1699351250,多家减肥药企申报都没有消息，或是延长到2027年3月，但是诺和诺德已经降价销售司,,华远股东,3047426769600740,2026-04-26 12:16:49,392,2,3,0,False,False,"https://guba.eastmoney.com/news,688076,1699351250.html",2026-07-06 17:05:49
eastmoney_guba,688076,1699403425,按2026年4月26日最新状态（诺泰4月9日NDA受理）：一、诺泰司美格鲁肽注射,,韭菜0000000000,8911094938108824,2026-04-26 20:22:06,846,2,0,0,False,False,"https://guba.eastmoney.com/news,688076,1699403425.html",2026-07-06 17:05:49
eastmoney_guba,688076,1699486214,是不是业绩要爆雷？,,喜欢吃红辣椒辣,2519346480857818,2026-04-27 09:26:11,41,0,0,0,False,False,"https://guba.eastmoney.com/news,688076,1699486214.html",2026-07-06 17:05:49
eastmoney_guba,688076,1699488644,60骂！操盘的！,,卡巴拉,2028023787975112,2026-04-27 09:27:58,46,1,0,0,False,False,"https://guba.eastmoney.com/news,688076,1699488644.html",2026-07-06 17:05:49
eastmoney_guba,688076,1699577632,今天预定一个5%涨幅，先把牛皮吹出去,,币锭拿下,6046346014730666,2026-04-27 09:55:29,140,2,0,0,False,False,"https://guba.eastmoney.com/news,688076,1699577632.html",2026-07-06 17:05:49
eastmoney_guba,688076,1699632149,每天都是大单压顶，要不就是大单砸盘,,小兔乖乖宝宝,8980094451666448,2026-04-27 10:19:12,148,3,0,0,False,False,"https://guba.eastmoney.com/news,688076,1699632149.html",2026-07-06 17:05:49
eastmoney_guba,688076,1699688187,30以下是彻底被大单硬压下来的所以必然会回去,,希夏邦马,9993094331262574,2026-04-27 10:48:43,70,0,0,0,False,False,"https://guba.eastmoney.com/news,688076,1699688187.html",2026-07-06 17:05:49
eastmoney_guba,688076,1699807317,明天低开破28元，25元即将来到，准备粮食吧！,,华远股东,3047426769600740,2026-04-27 13:13:53,189,3,0,0,False,False,"https://guba.eastmoney.com/news,688076,1699807317.html",2026-07-06 17:05:49
eastmoney_guba,688076,1700232388,61骂！操盘的！,,卡巴拉,2028023787975112,2026-04-28 08:57:44,38,1,0,0,False,False,"https://guba.eastmoney.com/news,688076,1700232388.html",2026-07-06 17:05:49
eastmoney_guba,688076,1700330400,天天砸盘，压盘,,小兔乖乖宝宝,8980094451666448,2026-04-28 09:49:12,40,0,0,0,False,False,"https://guba.eastmoney.com/news,688076,1700330400.html",2026-07-06 17:05:49
eastmoney_guba,688076,1700332595,笑出猪叫，跑不赢医药etf的辣ji，你们在坚守什么？我买了一年多，被坑了一年多，,,稳健老师,4617395870494756,2026-04-28 09:49:58,243,2,0,0,True,False,"https://guba.eastmoney.com/news,688076,1700332595.html",2026-07-06 17:05:49
eastmoney_guba,688076,1700402208,回来一看，又绿了！,,华远股东,3047426769600740,2026-04-28 10:16:07,34,0,0,0,False,False,"https://guba.eastmoney.com/news,688076,1700402208.html",2026-07-06 17:05:49
eastmoney_guba,688076,1700418003,明晚就可以看去年和今年一季度的答卷，期待4月30的市场是会用脚投票还是钱投票,,币锭拿下,6046346014730666,2026-04-28 10:23:22,279,6,0,0,False,False,"https://guba.eastmoney.com/news,688076,1700418003.html",2026-07-06 17:05:49
eastmoney_guba,688076,1700440609,业绩出来就是新低。。。,,医药不值得投资,5383084759787052,2026-04-28 10:34:17,177,3,0,0,False,False,"https://guba.eastmoney.com/news,688076,1700440609.html",2026-07-06 17:05:49
eastmoney_guba,688076,1700488584,经营优异，业绩恢复，赛道光明，行业龙头，还不让大家有信心吗？在悲观什么？按预报下,,股友jBbnqq,4916335956394996,2026-04-28 11:01:24,121,1,0,0,False,False,"https://guba.eastmoney.com/news,688076,1700488584.html",2026-07-06 17:05:49
eastmoney_guba,688076,1700490523,月线9连阴，放眼全球也是数得上吧,,十几年的新股民,8443513755370648,2026-04-28 11:02:38,49,0,0,0,False,False,"https://guba.eastmoney.com/news,688076,1700490523.html",2026-07-06 17:05:49
eastmoney_guba,688076,1700640278,信不信由你，1.诺泰2026年无缘摘帽，2，减肥原料药过剩，3，诺泰公司治理不思,,股友7o872z6913,6421345664837696,2026-04-28 13:45:54,544,3,2,0,False,False,"https://guba.eastmoney.com/news,688076,1700640278.html",2026-07-06 17:05:49
eastmoney_guba,688076,1700748938,，又绿了！,,股友llWBiS7303,3210085112627348,2026-04-28 14:57:54,46,0,0,0,False,False,"https://guba.eastmoney.com/news,688076,1700748938.html",2026-07-06 17:05:49
eastmoney_guba,688076,1700809567,司美格鲁肽仿制药审批暂停，企业还要干等一年？,,股友A197669V05,8030376544910926,2026-04-28 16:45:04,617,0,1,0,False,False,"https://guba.eastmoney.com/news,688076,1700809567.html",2026-07-06 17:05:49
eastmoney_guba,688076,1700978472,退市股，想啥呢,,吉祥善贾de黄忠,1636356218643724,2026-04-28 22:54:25,40,0,0,0,False,False,"https://guba.eastmoney.com/news,688076,1700978472.html",2026-07-06 17:05:49
eastmoney_guba,688076,1701100117,62骂！操盘的！,,卡巴拉,2028023787975112,2026-04-29 09:31:58,48,2,0,0,False,False,"https://guba.eastmoney.com/news,688076,1701100117.html",2026-07-06 17:05:49
eastmoney_guba,688076,1701206233,美天这么稳定的扣钱吗,,股友69P035R738,9848087560927432,2026-04-29 10:09:01,44,0,0,0,False,False,"https://guba.eastmoney.com/news,688076,1701206233.html",2026-07-06 17:05:49
eastmoney_guba,688076,1701415282,有心脏病的晚上把药准备好哈哈明天不是跌20就是涨20天呐是不是太刺激了,,低吸有钱赚,6738416626968316,2026-04-29 13:18:28,208,5,0,0,False,False,"https://guba.eastmoney.com/news,688076,1701415282.html",2026-07-06 17:05:49
eastmoney_guba,688076,1701492860,今天尾盘可千万别突然拉升，真拉升了，那么诱多的可能性非常大，也就是说明天的年报出,,币锭拿下,6046346014730666,2026-04-29 14:10:12,303,7,1,0,False,False,"https://guba.eastmoney.com/news,688076,1701492860.html",2026-07-06 17:05:47
eastmoney_guba,688076,1701514191,晚上的雷大不大？,,医药不值得投资,5383084759787052,2026-04-29 14:24:25,172,3,0,0,False,False,"https://guba.eastmoney.com/news,688076,1701514191.html",2026-07-06 17:05:49
eastmoney_guba,688076,1701555697,反正已经是死鱼一条了,,弹鼓168,4890112571958390,2026-04-29 14:50:43,47,0,0,0,False,False,"https://guba.eastmoney.com/news,688076,1701555697.html",2026-07-06 17:05:49
eastmoney_guba,688076,1701682019,快出吧。瞧瞧有多差,,股友69P035R738,9848087560927432,2026-04-29 18:59:48,48,0,0,0,False,False,"https://guba.eastmoney.com/news,688076,1701682019.html",2026-07-06 17:05:49
eastmoney_guba,688076,1701691641,只要出了，明天我就买入，就怕不出，不怕业绩差,,生意发财de玉小刚,8265385864849912,2026-04-29 19:22:21,85,1,0,0,False,False,"https://guba.eastmoney.com/news,688076,1701691641.html",2026-07-06 17:05:47
eastmoney_guba,688076,1701691852,ST诺泰:第四届董事会第六次会议决议公告,,ST诺泰资讯,9038395923854884,2026-04-29 19:22:38,74,0,0,0,False,False,"https://guba.eastmoney.com/news,688076,1701691852.html",2026-07-06 17:05:49
eastmoney_guba,688076,1701691847,ST诺泰:中喜会计师事务所(特殊普通合伙)关于江苏诺泰澳赛诺生物制药股份有限公司前期会计差错更正专项说明的鉴证报告,,ST诺泰资讯,9038395923854884,2026-04-29 19:22:38,77,0,1,0,False,False,"https://guba.eastmoney.com/news,688076,1701691847.html",2026-07-06 17:05:49
eastmoney_guba,688076,1701691858,ST诺泰:关于前期会计差错更正的公告,,ST诺泰资讯,9038395923854884,2026-04-29 19:22:39,169,1,1,0,False,False,"https://guba.eastmoney.com/news,688076,1701691858.html",2026-07-06 17:05:47
eastmoney_guba,688076,1701691870,ST诺泰:关于2025年度利润分配方案的公告,,ST诺泰资讯,9038395923854884,2026-04-29 19:22:39,234,1,1,0,False,False,"https://guba.eastmoney.com/news,688076,1701691870.html",2026-07-06 17:05:47
eastmoney_guba,688076,1701691871,ST诺泰:江苏诺泰澳赛诺生物制药股份有限公司内部控制审计报告,,ST诺泰资讯,9038395923854884,2026-04-29 19:22:39,116,0,0,0,False,False,"https://guba.eastmoney.com/news,688076,1701691871.html",2026-07-06 17:05:47
eastmoney_guba,688076,1701691869,ST诺泰:2025年度独立董事述职报告(徐栋娟),,ST诺泰资讯,9038395923854884,2026-04-29 19:22:39,94,0,0,0,False,False,"https://guba.eastmoney.com/news,688076,1701691869.html",2026-07-06 17:05:47
eastmoney_guba,688076,1701691868,ST诺泰:南京证券股份有限公司关于江苏诺泰澳赛诺生物制药股份有限公司开展以套期保值为目的金融衍生品交易的核查意见,,ST诺泰资讯,9038395923854884,2026-04-29 19:22:39,88,0,0,0,False,False,"https://guba.eastmoney.com/news,688076,1701691868.html",2026-07-06 17:05:47
eastmoney_guba,688076,1701691867,ST诺泰:江苏诺泰澳赛诺生物制药股份有限公司关于2025年度独立董事独立性自查情况的专项报告,,ST诺泰资讯,9038395923854884,2026-04-29 19:22:39,87,0,0,0,False,False,"https://guba.eastmoney.com/news,688076,1701691867.html",2026-07-06 17:05:47
eastmoney_guba,688076,1701691866,ST诺泰:关于召开2025年年度股东会的通知,,ST诺泰资讯,9038395923854884,2026-04-29 19:22:39,104,0,0,0,False,False,"https://guba.eastmoney.com/news,688076,1701691866.html",2026-07-06 17:05:47
eastmoney_guba,688076,1701691865,ST诺泰:南京证券股份有限公司关于江苏诺泰澳赛诺生物制药股份有限公司2025年度募集资金存放与实际使用情况的专项核查报告,,ST诺泰资讯,9038395923854884,2026-04-29 19:22:39,74,0,0,0,False,False,"https://guba.eastmoney.com/news,688076,1701691865.html",2026-07-06 17:05:47
eastmoney_guba,688076,1701691857,ST诺泰:董事会关于2024年度财务报表审计报告带有强调事项段的无保留意见涉及事项影响已消除的专项说明,,ST诺泰资讯,9038395923854884,2026-04-29 19:22:39,89,0,0,0,False,False,"https://guba.eastmoney.com/news,688076,1701691857.html",2026-07-06 17:05:47
eastmoney_guba,688076,1701691856,ST诺泰:2025年年度报告摘要,,ST诺泰资讯,9038395923854884,2026-04-29 19:22:39,95,0,1,0,False,False,"https://guba.eastmoney.com/news,688076,1701691856.html",2026-07-06 17:05:49
eastmoney_guba,688076,1701691855,ST诺泰:中喜会计师事务所(特殊普通合伙)关于江苏诺泰澳赛诺生物制药股份有限公司募集资金年度存放、管理与实际使用情况鉴证报告,,ST诺泰资讯,9038395923854884,2026-04-29 19:22:39,68,0,0,0,False,False,"https://guba.eastmoney.com/news,688076,1701691855.html",2026-07-06 17:05:49
eastmoney_guba,688076,1701691854,ST诺泰:2025年度独立董事述职报告(徐强国-届满离任),,ST诺泰资讯,9038395923854884,2026-04-29 19:22:39,69,0,0,0,False,False,"https://guba.eastmoney.com/news,688076,1701691854.html",2026-07-06 17:05:49
eastmoney_guba,688076,1701691853,ST诺泰:江苏诺泰澳赛诺生物制药股份有限公司关于前期会计差错更正后的财务报表及附注,,ST诺泰资讯,9038395923854884,2026-04-29 19:22:39,54,0,0,0,False,False,"https://guba.eastmoney.com/news,688076,1701691853.html",2026-07-06 17:05:49
eastmoney_guba,688076,1701691851,ST诺泰:江苏诺泰澳赛诺生物制药股份有限公司审计报告,,ST诺泰资讯,9038395923854884,2026-04-29 19:22:39,68,0,0,0,False,False,"https://guba.eastmoney.com/news,688076,1701691851.html",2026-07-06 17:05:49
eastmoney_guba,688076,1701691850,ST诺泰:江苏诺泰澳赛诺生物制药股份有限公司关于2025年度董事会审计委员会履职报告,,ST诺泰资讯,9038395923854884,2026-04-29 19:22:39,79,0,0,0,False,False,"https://guba.eastmoney.com/news,688076,1701691850.html",2026-07-06 17:05:49
eastmoney_guba,688076,1701691849,ST诺泰:关于“提质增效重回报”2025年度评估报告暨2026年度行动方案的公告,,ST诺泰资讯,9038395923854884,2026-04-29 19:22:39,72,0,0,0,False,False,"https://guba.eastmoney.com/news,688076,1701691849.html",2026-07-06 17:05:49
eastmoney_guba,688076,1701691846,ST诺泰:关于召开2025年度暨2026年第一季度业绩说明会的公告,,ST诺泰资讯,9038395923854884,2026-04-29 19:22:39,87,0,0,0,False,False,"https://guba.eastmoney.com/news,688076,1701691846.html",2026-07-06 17:05:49
eastmoney_guba,688076,1701691881,ST诺泰:中喜会计师事务所(特殊普通合伙)关于江苏诺泰澳赛诺生物制药股份有限公司2024年度财务报表审计报告带强调事项段的无保留意见涉及事项影响已消除的专项审,,ST诺泰资讯,9038395923854884,2026-04-29 19:22:40,182,2,2,0,False,False,"https://guba.eastmoney.com/news,688076,1701691881.html",2026-07-06 17:05:47
eastmoney_guba,688076,1701691880,ST诺泰:关于2026年第一季度计提资产减值准备的公告,,ST诺泰资讯,9038395923854884,2026-04-29 19:22:40,335,3,3,0,False,False,"https://guba.eastmoney.com/news,688076,1701691880.html",2026-07-06 17:05:47
eastmoney_guba,688076,1701691872,ST诺泰:江苏诺泰澳赛诺生物制药股份有限公司董事会审计委员会关于《董事会关于2024年度财务报表审计报告带有强调事项段的无保留意见涉及事项影响已消除的专项说明,,ST诺泰资讯,9038395923854884,2026-04-29 19:22:40,152,1,0,0,False,False,"https://guba.eastmoney.com/news,688076,1701691872.html",2026-07-06 17:05:47
eastmoney_guba,688076,1701691901,ST诺泰:2025年度独立董事述职报告(曲峰-届满离任),,ST诺泰资讯,9038395923854884,2026-04-29 19:22:40,116,0,0,0,False,False,"https://guba.eastmoney.com/news,688076,1701691901.html",2026-07-06 17:05:47
eastmoney_guba,688076,1701691887,ST诺泰:关于开展以套期保值为目的的金融衍生品交易业务的公告,,ST诺泰资讯,9038395923854884,2026-04-29 19:22:40,130,0,0,0,False,False,"https://guba.eastmoney.com/news,688076,1701691887.html",2026-07-06 17:05:47
eastmoney_guba,688076,1701691886,ST诺泰:江苏诺泰澳赛诺生物制药股份有限公司关于2025年度会计师事务所履职情况评估报告,,ST诺泰资讯,9038395923854884,2026-04-29 19:22:40,121,0,0,0,False,False,"https://guba.eastmoney.com/news,688076,1701691886.html",2026-07-06 17:05:47
eastmoney_guba,688076,1701691885,ST诺泰:2025年年度报告,,ST诺泰资讯,9038395923854884,2026-04-29 19:22:40,247,0,4,0,False,False,"https://guba.eastmoney.com/news,688076,1701691885.html",2026-07-06 17:05:47
eastmoney_guba,688076,1701691883,ST诺泰:关于2025年度募集资金存放、管理与实际使用情况的专项报告,,ST诺泰资讯,9038395923854884,2026-04-29 19:22:40,119,0,0,0,False,False,"https://guba.eastmoney.com/news,688076,1701691883.html",2026-07-06 17:05:47
eastmoney_guba,688076,1701691879,ST诺泰:江苏诺泰澳赛诺生物制药股份有限公司关于开展金融衍生产品交易业务的可行性分析报告,,ST诺泰资讯,9038395923854884,2026-04-29 19:22:40,118,0,0,0,False,False,"https://guba.eastmoney.com/news,688076,1701691879.html",2026-07-06 17:05:47
eastmoney_guba,688076,1701691877,ST诺泰:关于使用闲置自有资金进行委托理财的公告,,ST诺泰资讯,9038395923854884,2026-04-29 19:22:40,126,0,0,0,False,False,"https://guba.eastmoney.com/news,688076,1701691877.html",2026-07-06 17:05:47
eastmoney_guba,688076,1701691876,ST诺泰:2025年度独立董事述职报告(高集馥-届满离任),,ST诺泰资讯,9038395923854884,2026-04-29 19:22:40,116,0,0,0,False,False,"https://guba.eastmoney.com/news,688076,1701691876.html",2026-07-06 17:05:47
eastmoney_guba,688076,1701691874,ST诺泰:江苏诺泰澳赛诺生物制药股份有限公司2025年度内部控制评价报告,,ST诺泰资讯,9038395923854884,2026-04-29 19:22:40,119,0,0,0,False,False,"https://guba.eastmoney.com/news,688076,1701691874.html",2026-07-06 17:05:47
eastmoney_guba,688076,1701691905,ST诺泰:中喜会计师事务所(特殊普通合伙)关于江苏诺泰澳赛诺生物制药股份有限公司非经营性资金占用及其他关联资金往来情况的专项说明,,ST诺泰资讯,9038395923854884,2026-04-29 19:22:41,148,0,0,0,False,False,"https://guba.eastmoney.com/news,688076,1701691905.html",2026-07-06 17:05:47
eastmoney_guba,688076,1701691903,ST诺泰:2025年度独立董事述职报告(刘坚),,ST诺泰资讯,9038395923854884,2026-04-29 19:22:41,126,0,0,0,False,False,"https://guba.eastmoney.com/news,688076,1701691903.html",2026-07-06 17:05:47
eastmoney_guba,688076,1701691897,ST诺泰:江苏诺泰澳赛诺生物制药股份有限公司委托理财管理制度,,ST诺泰资讯,9038395923854884,2026-04-29 19:22:41,120,0,0,0,False,False,"https://guba.eastmoney.com/news,688076,1701691897.html",2026-07-06 17:05:47
eastmoney_guba,688076,1701691894,ST诺泰:江苏诺泰澳赛诺生物制药股份有限公司董事、高级管理人员薪酬管理制度,,ST诺泰资讯,9038395923854884,2026-04-29 19:22:41,124,0,0,0,False,False,"https://guba.eastmoney.com/news,688076,1701691894.html",2026-07-06 17:05:47
eastmoney_guba,688076,1701691893,ST诺泰:江苏诺泰澳赛诺生物制药股份有限公司金融衍生品业务管理制度,,ST诺泰资讯,9038395923854884,2026-04-29 19:22:41,125,0,1,0,False,False,"https://guba.eastmoney.com/news,688076,1701691893.html",2026-07-06 17:05:47
eastmoney_guba,688076,1701691908,ST诺泰:2025年度独立董事述职报告(寿均华),,ST诺泰资讯,9038395923854884,2026-04-29 19:22:42,153,0,0,0,False,False,"https://guba.eastmoney.com/news,688076,1701691908.html",2026-07-06 17:05:47
eastmoney_guba,688076,1701691918,ST诺泰:2025年度独立董事述职报告(胡文言-届满离任),,ST诺泰资讯,9038395923854884,2026-04-29 19:22:43,161,0,0,0,False,False,"https://guba.eastmoney.com/news,688076,1701691918.html",2026-07-06 17:05:47
eastmoney_guba,688076,1701691925,ST诺泰:2026年第一季度报告,,ST诺泰资讯,9038395923854884,2026-04-29 19:22:44,453,6,4,0,False,False,"https://guba.eastmoney.com/news,688076,1701691925.html",2026-07-06 17:05:47
eastmoney_guba,688076,1701691963,ST诺泰:江苏诺泰澳赛诺生物制药股份有限公司审计委员会对会计师事务所2025年度履行监督职责情况的报告,,ST诺泰资讯,9038395923854884,2026-04-29 19:22:47,173,0,0,0,False,False,"https://guba.eastmoney.com/news,688076,1701691963.html",2026-07-06 17:05:47
eastmoney_guba,688076,1701693741,图解财报：ST诺泰全年归母净利润3.32亿元，同比减少17.80%,,ST诺泰资讯,9038395923854884,2026-04-29 19:27:10,329,0,1,0,False,False,"https://guba.eastmoney.com/news,688076,1701693741.html",2026-07-06 17:05:47
eastmoney_guba,688076,1701694215,图解财报：ST诺泰一季度归母净利润1.29亿元，同比减少15.17%,,ST诺泰资讯,9038395923854884,2026-04-29 19:28:11,483,0,2,0,False,False,"https://guba.eastmoney.com/news,688076,1701694215.html",2026-07-06 17:05:47
eastmoney_guba,688076,1701696410,计提3000w一季度,,医药不值得投资,5383084759787052,2026-04-29 19:33:19,166,1,0,0,False,False,"https://guba.eastmoney.com/news,688076,1701696410.html",2026-07-06 17:05:47
eastmoney_guba,688076,1701696961,方总还在增持，也是套住了吗？,,时刻落袋为安,2205004714926754,2026-04-29 19:34:55,545,6,0,0,False,False,"https://guba.eastmoney.com/news,688076,1701696961.html",2026-07-06 17:05:47
eastmoney_guba,688076,1701698413,这股有董秘吗？,,坤哥668,7826094388254576,2026-04-29 19:38:34,59,0,0,0,False,False,"https://guba.eastmoney.com/news,688076,1701698413.html",2026-07-06 17:05:47
eastmoney_guba,688076,1701700467,ST诺泰：2025年净利润33241.87万元，同比减少17.80%,,ST诺泰资讯,9038395923854884,2026-04-29 19:43:21,319,0,0,0,False,False,"https://guba.eastmoney.com/news,688076,1701700467.html",2026-07-06 17:05:47
eastmoney_guba,688076,1701702178,审计没问题就行了，哈,,经纶富贵地梦轩,3689326239938764,2026-04-29 19:47:11,137,2,0,0,False,False,"https://guba.eastmoney.com/news,688076,1701702178.html",2026-07-06 17:05:47
eastmoney_guba,688076,1701705665,减肥药的红利吃完了，没办法,,快乐的哥淼洋,9832047073634002,2026-04-29 19:54:17,93,1,0,0,False,False,"https://guba.eastmoney.com/news,688076,1701705665.html",2026-07-06 17:05:47
eastmoney_guba,688076,1701706749,90分的报表，可以了,,希夏邦马,9993094331262574,2026-04-29 19:56:29,80,0,0,0,False,False,"https://guba.eastmoney.com/news,688076,1701706749.html",2026-07-06 17:05:47
eastmoney_guba,688076,1701713804,吓死我了！我以为一季度没做生意，没想到这哇塞！,,股友0e3QEd,8186316001543026,2026-04-29 20:11:24,96,0,0,0,False,False,"https://guba.eastmoney.com/news,688076,1701713804.html",2026-07-06 17:05:47
eastmoney_guba,688076,1701728536,我就连云港的，在我们这儿都是不入流，撤吧,,临韵潇潇,5596027748408110,2026-04-29 20:45:58,164,2,0,0,False,False,"https://guba.eastmoney.com/news,688076,1701728536.html",2026-07-06 17:05:47
eastmoney_guba,688076,1701732255,审计没问题就行,,经纶富贵地梦轩,3689326239938764,2026-04-29 20:53:56,67,0,0,0,False,False,"https://guba.eastmoney.com/news,688076,1701732255.html",2026-07-06 17:05:47
eastmoney_guba,688076,1701775121,ST诺泰(688076.SH)：2026年一季度归母净利润1.29亿元，同比下降15.17%,,格隆汇,9507112872296268,2026-04-29 22:38:39,311,0,0,0,False,False,"https://guba.eastmoney.com/news,688076,1701775121.html",2026-07-06 17:05:47
eastmoney_guba,688076,1701783225,诺泰生物：2025年营收突破19亿元，多肽基本盘与前沿创新双轮驱动,,ST诺泰资讯,9038395923854884,2026-04-29 23:06:00,891,3,5,0,False,False,"https://guba.eastmoney.com/news,688076,1701783225.html",2026-07-06 17:05:47
eastmoney_guba,688076,1701799862,17倍的动态市盈率，真无语了，目前这个价格如果能融到瀚宇的券，简直可以和瀚宇做无,,币锭拿下,6046346014730666,2026-04-30 00:28:32,175,1,0,0,False,False,"https://guba.eastmoney.com/news,688076,1701799862.html",2026-07-06 17:05:47
eastmoney_guba,688076,1701814833,一分钟看懂ST诺泰2025年度报告,,财报直击,7800476752446500,2026-04-30 04:45:38,1263,0,0,0,False,False,"https://guba.eastmoney.com/news,688076,1701814833.html",2026-07-06 17:05:47
eastmoney_guba,688076,1701814934,一分钟看懂ST诺泰2026一季度报告,,财报直击,7800476752446500,2026-04-30 04:48:27,2095,0,0,0,False,False,"https://guba.eastmoney.com/news,688076,1701814934.html",2026-07-06 17:05:47
eastmoney_guba,688076,1701847956,罚款交了没？,,十几年的新股民,8443513755370648,2026-04-30 08:31:41,85,1,0,0,False,False,"https://guba.eastmoney.com/news,688076,1701847956.html",2026-07-06 17:05:47
eastmoney_guba,688076,1701849089,这亇年报，季报，很好了。罚款去年交了，资产计提一季度提了，分红每股0.35元。出,,古越新安,4541336174369464,2026-04-30 08:36:11,301,5,0,0,False,False,"https://guba.eastmoney.com/news,688076,1701849089.html",2026-07-06 17:05:47
eastmoney_guba,688076,1701865180,对比一下圣诺生物和诺泰生物的研发投入和人员情况：一、专利和研发投入诺泰今年申请专,,科技股才是未来,4321045426032008,2026-04-30 09:09:23,618,1,2,0,True,False,"https://guba.eastmoney.com/news,688076,1701865180.html",2026-07-06 17:05:47
eastmoney_guba,688076,1701873067,63～69七连骂！操盘的！,,卡巴拉,2028023787975112,2026-04-30 09:20:56,73,1,0,0,False,False,"https://guba.eastmoney.com/news,688076,1701873067.html",2026-07-06 17:05:47
eastmoney_guba,688076,1701887603,意外收获，前期数据修正完成，进度很快，坐等就行。,,大混沌789,2636365924839354,2026-04-30 09:28:56,95,0,0,0,False,False,"https://guba.eastmoney.com/news,688076,1701887603.html",2026-07-06 17:05:47
eastmoney_guba,688076,1701901047,ST诺泰一季度归母净利润1.29亿元，同比降15.2%,,ST诺泰资讯,9038395923854884,2026-04-30 09:33:01,217,0,0,0,False,False,"https://guba.eastmoney.com/news,688076,1701901047.html",2026-07-06 17:05:47
eastmoney_guba,688076,1701943228,常山药业，一季度营收2个多亿，利润500多万，市值400亿，而诺泰营收5个多亿，,,听海的枫,9501094056680964,2026-04-30 09:45:29,236,2,0,0,False,False,"https://guba.eastmoney.com/news,688076,1701943228.html",2026-07-06 17:05:47
eastmoney_guba,688076,1701981797,ST诺泰：2025年净利润3.32亿元 拟10派3.5元,,ST诺泰资讯,9038395923854884,2026-04-30 09:58:19,259,0,2,0,False,False,"https://guba.eastmoney.com/news,688076,1701981797.html",2026-07-06 17:05:47
eastmoney_guba,688076,1702027386,删软件、锁仓，等司美格鲁肽注射液上市、等摘帽！,,股友RqPaD5,3127316051660808,2026-04-30 10:16:27,81,0,0,0,False,False,"https://guba.eastmoney.com/news,688076,1702027386.html",2026-07-06 17:05:47
eastmoney_guba,688076,1702027608,百亿营收之前谁会卖？百亿营收之后谁会买？人生最大的机会不会超过3～5次，错过茅台,,卡巴拉,2028023787975112,2026-04-30 10:16:32,269,4,0,0,False,False,"https://guba.eastmoney.com/news,688076,1702027608.html",2026-07-06 17:05:47
eastmoney_guba,688076,1702034953,真鸡毛没人关注这股，太怂了,,越来越好运,1763094302211820,2026-04-30 10:19:45,70,1,0,0,False,False,"https://guba.eastmoney.com/news,688076,1702034953.html",2026-07-06 17:05:47
eastmoney_guba,688076,1702040960,还是没量啊，技术上涨幅上不了5%，根本吸引不到外面的跟风盘,,币锭拿下,6046346014730666,2026-04-30 10:22:13,199,7,0,0,False,False,"https://guba.eastmoney.com/news,688076,1702040960.html",2026-07-06 17:05:47
eastmoney_guba,688076,1702059465,年报考试合格，更正了问题！那就不客气了,,ST国企改革奔小康,8864365592878620,2026-04-30 10:30:53,653,10,0,0,False,False,"https://guba.eastmoney.com/news,688076,1702059465.html",2026-07-06 17:05:43
eastmoney_guba,688076,1702073700,珍惜手中筹码，不是ST。散户不会有这样的机会。5年后股价200元。,,西北狼y,3277336221003132,2026-04-30 10:37:46,283,8,0,0,False,False,"https://guba.eastmoney.com/news,688076,1702073700.html",2026-07-06 17:05:47
eastmoney_guba,688076,1702133831,ST诺泰拟每10股派发现金红利3.5元，分红率33.28%,,ST诺泰资讯,9038395923854884,2026-04-30 11:12:00,344,1,1,0,False,False,"https://guba.eastmoney.com/news,688076,1702133831.html",2026-07-06 17:05:47
eastmoney_guba,688076,1702134324,ST诺泰：2025年归母净利润为3.32亿元，同比下降17.8%,,ST诺泰资讯,9038395923854884,2026-04-30 11:12:20,166,0,0,0,False,False,"https://guba.eastmoney.com/news,688076,1702134324.html",2026-07-06 17:05:47
eastmoney_guba,688076,1702140833,较去年同期下降17.80%，ST诺泰(688076.SH)2025年净利润为3.32亿元,,ST诺泰资讯,9038395923854884,2026-04-30 11:16:40,204,0,0,0,False,False,"https://guba.eastmoney.com/news,688076,1702140833.html",2026-07-06 17:05:47
eastmoney_guba,688076,1702161404,主力你砸不出筹码了，长点你就砸，估计散户都躺着了，你往下砸到25元我可以多买点。,,华远股东,3047426769600740,2026-04-30 11:31:47,81,0,2,0,False,False,"https://guba.eastmoney.com/news,688076,1702161404.html",2026-07-06 17:05:47
eastmoney_guba,688076,1702239971,分红后要不要除权？,,股民3573,9801094391333426,2026-04-30 13:28:01,102,1,0,0,False,False,"https://guba.eastmoney.com/news,688076,1702239971.html",2026-07-06 17:05:47
eastmoney_guba,688076,1702278835,2026年2月公告2025年计提了9100万的资产减值、信用减值准备，刚2个月又,,股友5F37792L88,8446037019161208,2026-04-30 13:54:10,204,2,0,0,False,False,"https://guba.eastmoney.com/news,688076,1702278835.html",2026-07-06 17:05:47
eastmoney_guba,688076,1702293351,预估2026年每股盈利1.8元，撤销ST，机构进驻创新药，股价42元不算高。,,华远股东,3047426769600740,2026-04-30 14:04:27,308,1,0,0,False,False,"https://guba.eastmoney.com/news,688076,1702293351.html",2026-07-06 17:05:47
eastmoney_guba,688076,1702324015,怒涨一个点，下周开盘又要补缺,,司马神,3153326367888576,2026-04-30 14:26:22,116,0,1,0,False,False,"https://guba.eastmoney.com/news,688076,1702324015.html",2026-07-06 17:05:47
eastmoney_guba,688076,1702386459,ST诺泰2025年营收19.43亿元增19.57%，净利3.32亿元降17.80%,,ST诺泰资讯,9038395923854884,2026-04-30 15:14:50,410,0,0,0,False,False,"https://guba.eastmoney.com/news,688076,1702386459.html",2026-07-06 17:05:47
eastmoney_guba,688076,1702392576,诺泰生物：2025年扣非净利润3.66亿元 研发生产销售齐头并进,,ST诺泰资讯,9038395923854884,2026-04-30 15:26:29,604,0,1,0,False,False,"https://guba.eastmoney.com/news,688076,1702392576.html",2026-07-06 17:05:47
eastmoney_guba,688076,1702499503,我没忘记，曾经的你，是造假被ST,,九二加满888,1374113052408858,2026-04-30 22:03:16,105,0,0,0,False,False,"https://guba.eastmoney.com/news,688076,1702499503.html",2026-07-06 17:05:47
eastmoney_guba,688076,1702502074,官方界面都提示抄底了,,司马神,3153326367888576,2026-04-30 22:17:33,709,1,3,0,True,False,"https://guba.eastmoney.com/news,688076,1702502074.html",2026-07-06 17:05:47
eastmoney_guba,688076,1702526525,FDA的禁令，没人关注吗？,,股友yiQrL8,1067305928001858,2026-05-01 04:41:39,987,9,0,0,False,False,"https://guba.eastmoney.com/news,688076,1702526525.html",2026-07-06 17:05:47
eastmoney_guba,688076,1702611002,谁还信佛山隐士佬的鬼话？不是自己长期重仓持有吗？还敢出来嘚瑟吗？人跑路啦？害人害,,独孤燕,2128027197149058,2026-05-01 23:27:17,1155,12,0,0,True,False,"https://guba.eastmoney.com/news,688076,1702611002.html",2026-07-06 17:05:41
eastmoney_guba,688076,1702770174,诺德是否给礼来公司供应替尔泊肽的原料药？,,St头号玩家,9058316244324840,2026-05-04 18:18:55,131,1,0,0,False,False,"https://guba.eastmoney.com/news,688076,1702770174.html",2026-07-06 17:05:47
eastmoney_guba,688076,1702813531,这股是不是要退市了？,,帅的已经很明显,6196114868978848,2026-05-05 10:45:31,253,6,0,0,False,False,"https://guba.eastmoney.com/news,688076,1702813531.html",2026-07-06 17:05:47
eastmoney_guba,688076,1702896818,劣迹斑斑的公司。,,东山挥麈,8876104657667302,2026-05-06 06:35:06,49,0,0,0,False,False,"https://guba.eastmoney.com/news,688076,1702896818.html",2026-07-06 17:05:47
eastmoney_guba,688076,1702923905,70骂！操盘的！休想低位骗筹！,,卡巴拉,2028023787975112,2026-05-06 09:22:18,48,0,0,0,False,False,"https://guba.eastmoney.com/news,688076,1702923905.html",2026-07-06 17:05:47
eastmoney_guba,688076,1703006833,上窜下跳，为搞筹码，庄家也是颠了,,古越新安,4541336174369464,2026-05-06 09:47:22,67,1,0,0,False,False,"https://guba.eastmoney.com/news,688076,1703006833.html",2026-07-06 17:05:45
eastmoney_guba,688076,1703023454,下跌了9个月股东都变少了，在有了确定性后更洗不出去了，还在洗,,小兔乖乖宝宝,8980094451666448,2026-05-06 09:53:20,78,0,0,0,False,False,"https://guba.eastmoney.com/news,688076,1703023454.html",2026-07-06 17:05:47
eastmoney_guba,688076,1703075322,这只票是被下了诅咒了吗？,,聪颖的阿凡达,8308513612572554,2026-05-06 10:15:29,56,0,0,0,False,False,"https://guba.eastmoney.com/news,688076,1703075322.html",2026-07-06 17:05:45
eastmoney_guba,688076,1703177664,大盘涨的这么好这垃圾票真不涨啊,,股友iQUojU,4671355959136046,2026-05-06 11:17:18,66,0,0,0,False,False,"https://guba.eastmoney.com/news,688076,1703177664.html",2026-07-06 17:05:45
eastmoney_guba,688076,1703186005,这个票启动的契机会是啥呢，盲猜印度订单或者BD的大额预付款,,币锭拿下,6046346014730666,2026-05-06 11:23:25,291,7,0,0,False,False,"https://guba.eastmoney.com/news,688076,1703186005.html",2026-07-06 17:05:45
eastmoney_guba,688076,1703211378,科创板里的败类,,喜欢吃红辣椒辣,2519346480857818,2026-05-06 12:06:37,58,0,0,0,False,False,"https://guba.eastmoney.com/news,688076,1703211378.html",2026-07-06 17:05:45
eastmoney_guba,688076,1703219783,要不你去收购个光模块的，改行吧,,离家五百里,4057335941292986,2026-05-06 12:36:26,50,0,0,0,False,False,"https://guba.eastmoney.com/news,688076,1703219783.html",2026-07-06 17:05:45
eastmoney_guba,688076,1703242113,谁说不会绿的,,司马神,3153326367888576,2026-05-06 13:08:06,43,1,0,0,False,False,"https://guba.eastmoney.com/news,688076,1703242113.html",2026-07-06 17:05:45
eastmoney_guba,688076,1703253490,要不是今天大A全起飞，肯定补缺了,,司马神,3153326367888576,2026-05-06 13:16:19,50,0,0,0,False,False,"https://guba.eastmoney.com/news,688076,1703253490.html",2026-07-06 17:05:45
eastmoney_guba,688076,1703263467,加油砸啊，还有一半没建仓呢,,极速光轮机,7526014521651218,2026-05-06 13:23:13,61,0,0,0,False,False,"https://guba.eastmoney.com/news,688076,1703263467.html",2026-07-06 17:05:45
eastmoney_guba,688076,1703270297,今天手中的St股全跌，在大盘这么猛情况下，三只全绿,,经纶富贵地梦轩,3689326239938764,2026-05-06 13:28:04,77,0,0,0,False,False,"https://guba.eastmoney.com/news,688076,1703270297.html",2026-07-06 17:05:45
eastmoney_guba,688076,1703276024,这票没庄散户自己玩,,股友iQUojU,4671355959136046,2026-05-06 13:32:20,72,0,0,0,False,False,"https://guba.eastmoney.com/news,688076,1703276024.html",2026-07-06 17:05:45
eastmoney_guba,688076,1703289790,今天卖了1000手！,,华远股东,3047426769600740,2026-05-06 13:42:35,63,0,0,0,False,False,"https://guba.eastmoney.com/news,688076,1703289790.html",2026-07-06 17:05:45
eastmoney_guba,688076,1703293403,重磅：蛰龙已惊眠，一啸动千山，st诺泰年报点评,,ST砖家,1036365834650008,2026-05-06 13:45:21,2088,15,4,0,False,False,"https://guba.eastmoney.com/news,688076,1703293403.html",2026-07-06 17:05:43
eastmoney_guba,688076,1703323659,马上就可以买科创了，第一个就买你,,股友1JAQgi,3185396028321048,2026-05-06 14:06:52,83,1,0,0,False,False,"https://guba.eastmoney.com/news,688076,1703323659.html",2026-07-06 17:05:45
eastmoney_guba,688076,1703386634,之前的什么股神，什么老人，还有什么小雨比较早之前吹票的，都消失了，然后过一阵又有,,司马神,3153326367888576,2026-05-06 14:52:39,144,1,1,0,False,False,"https://guba.eastmoney.com/news,688076,1703386634.html",2026-07-06 17:05:45
eastmoney_guba,688076,1703435468,方东晖是谁-身份：1987年生，A股知名牛散，著名浙商方秀宝之子（东音泵业/罗欣,,bobo3772866,8520094644936128,2026-05-06 16:20:28,1116,4,2,0,False,False,"https://guba.eastmoney.com/news,688076,1703435468.html",2026-07-06 17:05:45
eastmoney_guba,688076,1703500725,给礼来供货替尔泊肽原研30%份额，竟然跌成这副鸟样！,,大混沌789,2636365924839354,2026-05-06 20:18:48,122,0,0,0,False,False,"https://guba.eastmoney.com/news,688076,1703500725.html",2026-07-06 17:05:45
eastmoney_guba,688076,1703500831,据报道，诺和诺德预计司美格鲁肽（Ozempic）仿制药在华上市将推迟至明年，是利,,管住手等机会,1654395875984718,2026-05-06 20:19:12,231,1,0,0,False,False,"https://guba.eastmoney.com/news,688076,1703500831.html",2026-07-06 17:05:45
eastmoney_guba,688076,1703596067,操盘的！71骂！,,卡巴拉,2028023787975112,2026-05-07 09:07:44,106,3,0,0,False,False,"https://guba.eastmoney.com/news,688076,1703596067.html",2026-07-06 17:05:45
eastmoney_guba,688076,1703636370,今日高点已现,,账户天天涨,1320305502224462,2026-05-07 09:34:24,75,2,0,0,False,False,"https://guba.eastmoney.com/news,688076,1703636370.html",2026-07-06 17:05:45
eastmoney_guba,688076,1703705671,科创板起飞了,,司马神,3153326367888576,2026-05-07 09:56:44,69,0,0,0,False,False,"https://guba.eastmoney.com/news,688076,1703705671.html",2026-07-06 17:05:45
eastmoney_guba,688076,1703721896,熟悉的配方，一样的味道,,永时胜,9427034659555570,2026-05-07 10:03:06,203,2,2,0,False,False,"https://guba.eastmoney.com/news,688076,1703721896.html",2026-07-06 17:05:45
eastmoney_guba,688076,1703747527,这点成交不可能涨的,,小兔乖乖宝宝,8980094451666448,2026-05-07 10:14:08,68,1,0,0,False,False,"https://guba.eastmoney.com/news,688076,1703747527.html",2026-07-06 17:05:45
eastmoney_guba,688076,1703778418,每天都是一两万的小的单子在买，买一整天，不如人家卖一单的金额大，不绿才怪,,司马神,3153326367888576,2026-05-07 10:28:28,82,1,0,0,False,False,"https://guba.eastmoney.com/news,688076,1703778418.html",2026-07-06 17:05:45
eastmoney_guba,688076,1703825899,随时拉升，守好手中筹码,,孤注不掷,8696496778117728,2026-05-07 10:54:49,290,6,0,0,False,False,"https://guba.eastmoney.com/news,688076,1703825899.html",2026-07-06 17:05:45
eastmoney_guba,688076,1703832996,讨论的不少，每天帖子不少发，成交量没有，散户都躺平了躺的平平的，谁拉谁做慈善现在,,司马神,3153326367888576,2026-05-07 10:59:09,82,0,1,0,False,False,"https://guba.eastmoney.com/news,688076,1703832996.html",2026-07-06 17:05:45
eastmoney_guba,688076,1703904671,$ST诺泰(SH688076)$,,趣法律法援平台,5377037660516526,2026-05-07 12:47:25,642,4,0,0,True,False,"https://guba.eastmoney.com/news,688076,1703904671.html",2026-07-06 17:05:45
eastmoney_guba,688076,1703953258,远离，深套,,股友SDIPLp4274,4160085463132982,2026-05-07 13:25:54,80,1,0,0,False,False,"https://guba.eastmoney.com/news,688076,1703953258.html",2026-07-06 17:05:45
eastmoney_guba,688076,1703960975,ST以后，诺泰变成了阿斗，振不起来，不死不活的，害了我们坚守的股民。活该ST！,,首富投资人,1811476816912550,2026-05-07 13:30:44,73,0,0,0,False,False,"https://guba.eastmoney.com/news,688076,1703960975.html",2026-07-06 17:05:45
eastmoney_guba,688076,1704069115,今日30块收，明日目标32块,,轻松起飞了,6942017071133730,2026-05-07 14:43:29,360,9,0,0,False,False,"https://guba.eastmoney.com/news,688076,1704069115.html",2026-07-06 17:05:45
eastmoney_guba,688076,1704103996,怒涨5分钱，换手率5.3‰，可以可以,,茶道的花璟,7236007742591998,2026-05-07 15:09:50,88,0,0,0,False,False,"https://guba.eastmoney.com/news,688076,1704103996.html",2026-07-06 17:05:45
eastmoney_guba,688076,1704110678,我的天呐看K线4连阳啊少有的4连阳明天能不能来根中大阳壮壮士气啊,,低吸有钱赚,6738416626968316,2026-05-07 15:21:02,236,3,0,0,False,False,"https://guba.eastmoney.com/news,688076,1704110678.html",2026-07-06 17:05:45
eastmoney_guba,688076,1704289318,72～74骂！操盘的！,,卡巴拉,2028023787975112,2026-05-08 08:32:58,179,5,0,0,False,False,"https://guba.eastmoney.com/news,688076,1704289318.html",2026-07-06 17:05:45
eastmoney_guba,688076,1704392847,ST前，大概有11个亿的基金持仓，目前基本跑光，不知道公司年报已经出了审计合规的,,币锭拿下,6046346014730666,2026-05-08 09:50:15,233,1,0,0,False,False,"https://guba.eastmoney.com/news,688076,1704392847.html",2026-07-06 17:05:45
eastmoney_guba,688076,1704462671,今天是有什么消息催化？,,韭菜0000000000,8911094938108824,2026-05-08 10:17:48,88,0,0,0,False,False,"https://guba.eastmoney.com/news,688076,1704462671.html",2026-07-06 17:05:45
eastmoney_guba,688076,1704470502,今天到尾盘，如果还能挺住，收8个点以上的大阳，那就是独立行情了，主力终于开始动了,,币锭拿下,6046346014730666,2026-05-08 10:21:24,310,4,0,0,False,False,"https://guba.eastmoney.com/news,688076,1704470502.html",2026-07-06 17:05:45
eastmoney_guba,688076,1704471160,该涨涨了！！！,,红桃77777,6889064611246648,2026-05-08 10:21:44,71,0,0,0,False,False,"https://guba.eastmoney.com/news,688076,1704471160.html",2026-07-06 17:05:45
eastmoney_guba,688076,1704488896,预测今日，收盘32.5以上,,币锭拿下,6046346014730666,2026-05-08 10:29:53,415,7,0,0,False,False,"https://guba.eastmoney.com/news,688076,1704488896.html",2026-07-06 17:05:45
eastmoney_guba,688076,1704588274,完蛋了，终于启动了，很多人套出去了。,,古越新安,4541336174369464,2026-05-08 11:28:39,75,0,0,0,False,False,"https://guba.eastmoney.com/news,688076,1704588274.html",2026-07-06 17:05:45
eastmoney_guba,688076,1704596151,干字令牛逼收货5个点,,远大的左苍溟2,8673386080914898,2026-05-08 11:39:29,86,0,0,0,False,False,"https://guba.eastmoney.com/news,688076,1704596151.html",2026-07-06 17:05:45
eastmoney_guba,688076,1704659405,跑,,望眼欲穿74,6139335664765416,2026-05-08 13:24:24,114,2,0,0,False,False,"https://guba.eastmoney.com/news,688076,1704659405.html",2026-07-06 17:05:45
eastmoney_guba,688076,1704678846,技术分享|博士后工作站在《ChemicalScience》发表大环肽抑制剂与底物,,股友Rm70603750,2944067053617022,2026-05-08 13:37:18,202,1,0,0,False,False,"https://guba.eastmoney.com/news,688076,1704678846.html",2026-07-06 17:05:45
eastmoney_guba,688076,1704720748,这项技术在国内属于第一梯队，对标国际顶级水平，是实打实的“卡脖子”突破，下面用对,,越来越好运,1763094302211820,2026-05-08 14:04:39,1964,8,5,0,True,False,"https://guba.eastmoney.com/news,688076,1704720748.html",2026-07-06 17:05:45
eastmoney_guba,688076,1704733279,找到上涨原因了，有最新科研成果发布。本研究是诺泰生物在大环肽领域的又一重要科研成,,Happygrand,4270013640354548,2026-05-08 14:12:38,635,2,1,0,False,False,"https://guba.eastmoney.com/news,688076,1704733279.html",2026-07-06 17:05:45
eastmoney_guba,688076,1704754029,以为还会冲高回落，妈的不下来了，亏着t失败，,,股友AcUxBt,5978315823509004,2026-05-08 14:26:20,121,1,0,0,False,False,"https://guba.eastmoney.com/news,688076,1704754029.html",2026-07-06 17:05:45
eastmoney_guba,688076,1704811605,今天这个实体大阳线主力你总不会还玩前几次套人的把戏了吧？奶奶的被你吊着玩三次了,,低吸有钱赚,6738416626968316,2026-05-08 15:04:32,83,0,0,0,False,False,"https://guba.eastmoney.com/news,688076,1704811605.html",2026-07-06 17:05:45
eastmoney_guba,688076,1704821722,放量，大阳，这是sT第一次超过5%的吧,,生机四海得江浩,7891336164639830,2026-05-08 15:16:08,309,3,0,0,False,False,"https://guba.eastmoney.com/news,688076,1704821722.html",2026-07-06 17:05:45
eastmoney_guba,688076,1704857015,ST诺泰:南京证券股份有限公司关于江苏诺泰澳赛诺生物制药股份有限公司2025年度持续督导报告书,,ST诺泰资讯,9038395923854884,2026-05-08 16:46:47,820,6,13,0,False,False,"https://guba.eastmoney.com/news,688076,1704857015.html",2026-07-06 17:05:45
eastmoney_guba,688076,1704913582,其实可能就是跌多了补涨而已，不要在意,,离家五百里,4057335941292986,2026-05-08 20:51:47,78,0,0,0,False,False,"https://guba.eastmoney.com/news,688076,1704913582.html",2026-07-06 17:05:45
eastmoney_guba,688076,1704984473,深套30多点,,飘逸的赵梓轩,7505104921436338,2026-05-09 08:55:24,370,6,0,0,False,False,"https://guba.eastmoney.com/news,688076,1704984473.html",2026-07-06 17:05:45
eastmoney_guba,688076,1705049157,价值回归。,,股友JW1688,6103094488575896,2026-05-09 19:27:35,93,0,0,0,False,False,"https://guba.eastmoney.com/news,688076,1705049157.html",2026-07-06 17:05:45
eastmoney_guba,688076,1705136265,这股市有时没道理的，诺泰比翰宇市值低，更不用说美诺华；诺泰的产能、出口、技术、认,,越来越好运,1763094302211820,2026-05-10 20:49:20,281,0,0,0,False,False,"https://guba.eastmoney.com/news,688076,1705136265.html",2026-07-06 17:05:45
eastmoney_guba,688076,1705179826,75骂！操盘的！,,卡巴拉,2028023787975112,2026-05-11 09:01:02,118,3,0,0,False,False,"https://guba.eastmoney.com/news,688076,1705179826.html",2026-07-06 17:05:45
eastmoney_guba,688076,1705182947,百元股可以期待的,,港投a,3037064833302550,2026-05-11 09:09:10,82,0,0,0,False,False,"https://guba.eastmoney.com/news,688076,1705182947.html",2026-07-06 17:05:45
eastmoney_guba,688076,1705254367,估计上周五有大批人套牢了,,别听他们忽悠,3124396168972760,2026-05-11 09:39:16,80,0,0,0,False,False,"https://guba.eastmoney.com/news,688076,1705254367.html",2026-07-06 17:05:45
eastmoney_guba,688076,1705299543,tn强的可怕,,古越新安,4541336174369464,2026-05-11 09:52:57,59,0,0,0,False,False,"https://guba.eastmoney.com/news,688076,1705299543.html",2026-07-06 17:05:45
eastmoney_guba,688076,1705314444,ST被边缘化了没人敢买,,股友iQUojU,4671355959136046,2026-05-11 09:58:17,93,0,0,0,False,False,"https://guba.eastmoney.com/news,688076,1705314444.html",2026-07-06 17:05:45
eastmoney_guba,688076,1705341356,，彻底飞了，操,,股友AcUxBt,5978315823509004,2026-05-11 10:09:03,84,0,0,0,False,False,"https://guba.eastmoney.com/news,688076,1705341356.html",2026-07-06 17:05:45
eastmoney_guba,688076,1705444555,老套路又开始了。冲高回落，开始拿筹码了,,古越新安,4541336174369464,2026-05-11 10:58:15,60,0,0,0,False,False,"https://guba.eastmoney.com/news,688076,1705444555.html",2026-07-06 17:05:45
eastmoney_guba,688076,1705449367,突破32.2元，双底已成。持有待涨。,,西北狼y,3277336221003132,2026-05-11 11:00:53,125,2,0,0,False,False,"https://guba.eastmoney.com/news,688076,1705449367.html",2026-07-06 17:05:45
eastmoney_guba,688076,1705549791,造价的st是最！,,HX3295094360182582,3295094360182582,2026-05-11 13:05:46,94,0,0,0,False,False,"https://guba.eastmoney.com/news,688076,1705549791.html",2026-07-06 17:05:45
eastmoney_guba,688076,1705700830,目前来看，围绕ST这顶帽子所顾虑的风险因素已消除，以后的买卖应该按正股的思维去操,,长线持股A,4460356318011126,2026-05-11 14:40:56,232,2,0,0,False,False,"https://guba.eastmoney.com/news,688076,1705700830.html",2026-07-06 17:05:45
eastmoney_guba,688076,1705722769,不好，量能萎缩了。,,西北狼y,3277336221003132,2026-05-11 14:53:58,242,3,0,0,False,False,"https://guba.eastmoney.com/news,688076,1705722769.html",2026-07-06 17:05:45
eastmoney_guba,688076,1705853286,诺泰作为原料药供应商:国产全球首个双靶点GCG/GLP-1减重降糖药玛仕度肽注射,,听海的枫,9501094056680964,2026-05-11 21:20:55,815,4,2,0,False,False,"https://guba.eastmoney.com/news,688076,1705853286.html",2026-07-06 17:05:45
eastmoney_guba,688076,1705908516,世界防治减肥日,,股民3573,9801094391333426,2026-05-12 06:21:26,351,1,0,0,True,False,"https://guba.eastmoney.com/news,688076,1705908516.html",2026-07-06 17:05:45
eastmoney_guba,688076,1705919246,76骂！操盘的！骂到营收100亿！,,卡巴拉,2028023787975112,2026-05-12 07:53:39,146,3,0,0,False,False,"https://guba.eastmoney.com/news,688076,1705919246.html",2026-07-06 17:05:45
eastmoney_guba,688076,1705971430,今天能过33吗,,古越新安,4541336174369464,2026-05-12 09:31:24,177,5,0,0,False,False,"https://guba.eastmoney.com/news,688076,1705971430.html",2026-07-06 17:05:45
eastmoney_guba,688076,1706175464,七连阳日子不过啦！,,就是高吸低抛,2849057600812640,2026-05-12 10:47:05,68,0,0,0,False,False,"https://guba.eastmoney.com/news,688076,1706175464.html",2026-07-06 17:05:45
eastmoney_guba,688076,1706197676,卖不动的多肽，降价卖，在减产，到亏损，还是ST！,,华远股东,3047426769600740,2026-05-12 10:59:25,133,1,0,0,False,False,"https://guba.eastmoney.com/news,688076,1706197676.html",2026-07-06 17:05:45
eastmoney_guba,688076,1706454396,这波行情结束了吗？,,细那坎子,5192513362661486,2026-05-12 14:46:03,74,0,0,0,False,False,"https://guba.eastmoney.com/news,688076,1706454396.html",2026-07-06 17:05:45
eastmoney_guba,688076,1706467171,走势疲弱，调整开始了。,,西北狼y,3277336221003132,2026-05-12 14:53:56,169,3,0,0,False,False,"https://guba.eastmoney.com/news,688076,1706467171.html",2026-07-06 17:05:45
eastmoney_guba,688076,1706511937,"请贵公司的司美格鲁肽注射液审批,是否会受中国-瑞士自由贸易协定对医药数据6年保护",,ST诺泰股友,3640366193403336,2026-05-12 15:57:00,525,3,0,0,False,False,"https://guba.eastmoney.com/news,688076,1706511937.html",2026-07-06 17:05:43
eastmoney_guba,688076,1706514583,今天这大行情下还能红盘，已经挺好的了,,茶道的花璟,7236007742591998,2026-05-12 16:04:57,91,0,0,0,False,False,"https://guba.eastmoney.com/news,688076,1706514583.html",2026-07-06 17:05:45
eastmoney_guba,688076,1706515882,继4月9日公司司四个品种的司美格鲁肽注射液上市申请被NDA受理，4月22日又有四,,ST诺泰股友,3640366193403336,2026-05-12 16:08:00,152,0,0,0,False,False,"https://guba.eastmoney.com/news,688076,1706515882.html",2026-07-06 17:05:45
eastmoney_guba,688076,1706519709,公司在手订单较上年有多大增涨，司美格鲁肽专利到期会否有利于增加公司相关产品销售？,,ST诺泰股友,3640366193403336,2026-05-12 16:19:00,424,1,0,0,False,False,"https://guba.eastmoney.com/news,688076,1706519709.html",2026-07-06 17:05:45
eastmoney_guba,688076,1706519559,公司在手计单较上年同期有多大增涨？,,ST诺泰股友,3640366193403336,2026-05-12 16:19:00,174,1,0,0,False,False,"https://guba.eastmoney.com/news,688076,1706519559.html",2026-07-06 17:05:45
eastmoney_guba,688076,1706519849,对股民投资决策有关的信息，如研发新药上市申清被医药管理当局受理，公司能否向其他医,,ST诺泰股友,3640366193403336,2026-05-12 16:20:00,102,0,0,0,False,False,"https://guba.eastmoney.com/news,688076,1706519849.html",2026-07-06 17:05:45
eastmoney_guba,688076,1706524713,ST诺泰：公司2.2类新药司美格鲁肽注射液涵盖降糖与减重两个适应症的上市申请均已获国家药监局受理,,ST诺泰资讯,9038395923854884,2026-05-12 16:35:50,915,1,4,0,False,False,"https://guba.eastmoney.com/news,688076,1706524713.html",2026-07-06 17:05:45
eastmoney_guba,688076,1706525257,贵公司的司美格鲁肽注射液上市申请是否会申请优先审批？,,ST诺泰股友,3640366193403336,2026-05-12 16:36:00,271,1,0,0,False,False,"https://guba.eastmoney.com/news,688076,1706525257.html",2026-07-06 17:05:45
eastmoney_guba,688076,1706525252,诺泰生物在4月一次性拿下了司美格鲁肽注射液双适应症、8个规格 的NDA受理，请问,,ST诺泰股友,3640366193403336,2026-05-12 16:36:00,169,0,0,0,False,False,"https://guba.eastmoney.com/news,688076,1706525252.html",2026-07-06 17:05:45
eastmoney_guba,688076,1706528619,ST诺泰：公司自主研发的2.2类新药司美格鲁肽注射液未申请优先审评,,ST诺泰资讯,9038395923854884,2026-05-12 16:47:20,762,0,1,0,False,False,"https://guba.eastmoney.com/news,688076,1706528619.html",2026-07-06 17:05:45
eastmoney_guba,688076,1706530417,ST诺泰(688076.SH)：公司自主研发的2.2类新药司美格鲁肽注射液未申请优先审评,,格隆汇,9507112872296268,2026-05-12 16:53:07,591,0,2,0,False,False,"https://guba.eastmoney.com/news,688076,1706530417.html",2026-07-06 17:05:45
eastmoney_guba,688076,1706572711,先上40再说！,,股友JW1688,6103094488575896,2026-05-12 19:25:33,93,0,0,0,False,False,"https://guba.eastmoney.com/news,688076,1706572711.html",2026-07-06 17:05:43
eastmoney_guba,688076,1706596441,Ai赋能也可以炒一把,,古越新安,4541336174369464,2026-05-12 21:00:26,433,1,0,0,True,False,"https://guba.eastmoney.com/news,688076,1706596441.html",2026-07-06 17:05:43
eastmoney_guba,688076,1706766281,今天换套路了，先踩后拉，庄家煞费苦心,,古越新安,4541336174369464,2026-05-13 09:46:00,55,0,0,0,False,False,"https://guba.eastmoney.com/news,688076,1706766281.html",2026-07-06 17:05:43
eastmoney_guba,688076,1706885290,今天不会被瀚宇带起来吧，真是悲哀,,币锭拿下,6046346014730666,2026-05-13 10:31:48,210,4,0,0,False,False,"https://guba.eastmoney.com/news,688076,1706885290.html",2026-07-06 17:05:43
eastmoney_guba,688076,1706933995,主板的ST3000可以拉个涨停这个688三个亿才能看到点水花真的是二选一大多数都,,低吸有钱赚,6738416626968316,2026-05-13 10:55:16,75,0,0,0,False,False,"https://guba.eastmoney.com/news,688076,1706933995.html",2026-07-06 17:05:43
eastmoney_guba,688076,1707152317,看看300199,,多财亨通de张无忌,9176085036293022,2026-05-13 14:00:27,75,0,0,0,False,False,"https://guba.eastmoney.com/news,688076,1707152317.html",2026-07-06 17:05:43
eastmoney_guba,688076,1707164268,操盘兄，该醒了！过时辰哉。,,首富投资人,1811476816912550,2026-05-13 14:07:10,85,0,0,0,False,False,"https://guba.eastmoney.com/news,688076,1707164268.html",2026-07-06 17:05:43
eastmoney_guba,688076,1707258132,肽原料药价格持续下跌，利空,,西北狼y,3277336221003132,2026-05-13 14:57:12,247,3,0,0,False,False,"https://guba.eastmoney.com/news,688076,1707258132.html",2026-07-06 17:05:43
eastmoney_guba,688076,1707299102,公司问答丨ST诺泰：公司自主研发的2.2类新药司美格鲁肽注射液未申请优先审评,,格隆汇,9507112872296268,2026-05-13 15:53:30,623,2,0,0,False,False,"https://guba.eastmoney.com/news,688076,1707299102.html",2026-07-06 17:05:43
eastmoney_guba,688076,1707321601,业绩说明会，有什么内容？,,古越新安,4541336174369464,2026-05-13 16:49:40,213,1,0,0,False,False,"https://guba.eastmoney.com/news,688076,1707321601.html",2026-07-06 17:05:43
eastmoney_guba,688076,1707326831,好了，拜拜了，余下的一点全给你了，其他的都热火朝天，没脾气了，就此别过，,,股友AcUxBt,5978315823509004,2026-05-13 17:03:47,102,0,0,0,False,False,"https://guba.eastmoney.com/news,688076,1707326831.html",2026-07-06 17:05:43
eastmoney_guba,688076,1707334193,天雷滚滚好怕怕,,帅的已经很明显,6196114868978848,2026-05-13 17:25:21,119,1,0,0,False,False,"https://guba.eastmoney.com/news,688076,1707334193.html",2026-07-06 17:05:43
eastmoney_guba,688076,1707386172,翰宇要开启新一轮上涨了....,,封控在家炒股,1838346159592874,2026-05-13 20:20:08,1068,0,0,0,False,False,"https://guba.eastmoney.com/news,688076,1707386172.html",2026-07-06 17:05:43
eastmoney_guba,688076,1707405451,就那么不如翰宇药业，渣渣,,越来越好运,1763094302211820,2026-05-13 21:22:10,130,0,0,0,False,False,"https://guba.eastmoney.com/news,688076,1707405451.html",2026-07-06 17:05:43
eastmoney_guba,688076,1707498317,CYHB2502608正式批件：•申请人：信达生物制药（苏州）有限公司•批准事项,,越来越好运,1763094302211820,2026-05-14 08:41:50,572,1,0,0,False,False,"https://guba.eastmoney.com/news,688076,1707498317.html",2026-07-06 17:05:43
eastmoney_guba,688076,1707602846,要去补缺口,,聪明的翼支付,9918356124465582,2026-05-14 09:45:09,80,0,0,0,False,False,"https://guba.eastmoney.com/news,688076,1707602846.html",2026-07-06 17:05:43
eastmoney_guba,688076,1707703573,杀的惨不忍睹,,古越新安,4541336174369464,2026-05-14 10:15:44,111,1,0,0,False,False,"https://guba.eastmoney.com/news,688076,1707703573.html",2026-07-06 17:05:43
eastmoney_guba,688076,1708007511,主要是不能走优先程序，上市就晚了！,,孤注不掷,8696496778117728,2026-05-14 14:01:29,172,1,0,0,False,False,"https://guba.eastmoney.com/news,688076,1708007511.html",2026-07-06 17:05:43
eastmoney_guba,688076,1708033872,ST诺泰2025年年度暨2026年第一季度业绩说明会,,诺泰生物,4643336231441050,2026-05-14 14:18:42,294,0,2,0,False,False,"https://guba.eastmoney.com/news,688076,1708033872.html",2026-07-06 17:05:43
eastmoney_guba,688076,1708143452,ST诺泰:江苏诺泰澳赛诺生物制药股份有限公司投资者关系活动记录表(2026-001),,ST诺泰资讯,9038395923854884,2026-05-14 15:34:06,1156,0,7,0,False,False,"https://guba.eastmoney.com/news,688076,1708143452.html",2026-07-06 17:05:43
eastmoney_guba,688076,1708171766,【调研快报】ST诺泰接待网上投资者调研,,ST诺泰资讯,9038395923854884,2026-05-14 16:37:09,848,1,1,0,False,False,"https://guba.eastmoney.com/news,688076,1708171766.html",2026-07-06 17:05:43
eastmoney_guba,688076,1708332940,减肥药特大利空，国内药店不许售卖要去医院了，不过诺泰利好不跟利空也不会跟看看今天,,司马神,3153326367888576,2026-05-15 08:11:41,599,6,1,0,False,False,"https://guba.eastmoney.com/news,688076,1708332940.html",2026-07-06 17:05:43
eastmoney_guba,688076,1708339652,79～81骂！操盘的！你操控情绪，我把握格局！,,卡巴拉,2028023787975112,2026-05-15 08:39:28,112,1,0,0,False,False,"https://guba.eastmoney.com/news,688076,1708339652.html",2026-07-06 17:05:43
eastmoney_guba,688076,1708421529,快上车！！！,,吖啶锕,4227396211232666,2026-05-15 09:41:35,79,0,0,0,False,False,"https://guba.eastmoney.com/news,688076,1708421529.html",2026-07-06 17:05:43
eastmoney_guba,688076,1708446495,药店确实不得卖，网上的没法开处方单，上海在2026年5月15日出台了，预计深圳也,,股友8N329D2777,1370017310504838,2026-05-15 09:48:27,120,0,0,0,False,False,"https://guba.eastmoney.com/news,688076,1708446495.html",2026-07-06 17:05:43
eastmoney_guba,688076,1708689590,看看300199不好吗！一样的东西,,多财亨通de张无忌,9176085036293022,2026-05-15 11:36:56,328,5,0,0,False,False,"https://guba.eastmoney.com/news,688076,1708689590.html",2026-07-06 17:05:43
eastmoney_guba,688076,1708906094,严禁国内减肥药滥用乱象，昨天中央提到的后续减肥药的使用将会进行严格监管，使用者需,,司马神,3153326367888576,2026-05-15 14:40:08,364,1,0,0,False,False,"https://guba.eastmoney.com/news,688076,1708906094.html",2026-07-06 17:05:43
eastmoney_guba,688076,1708971862,有个问题想问一下大家啊没做过ST的股票不懂这个股业绩也行罚款也交了12月摘帽请问,,低吸有钱赚,6738416626968316,2026-05-15 15:52:44,375,3,1,0,False,False,"https://guba.eastmoney.com/news,688076,1708971862.html",2026-07-06 17:05:43
eastmoney_guba,688076,1709269265,操盘的18～24号，七连骂！,,卡巴拉,2028023787975112,2026-05-17 19:08:16,215,7,0,0,False,False,"https://guba.eastmoney.com/news,688076,1709269265.html",2026-07-06 17:05:41
eastmoney_guba,688076,1709467318,天天瞎洗盘,,古越新安,4541336174369464,2026-05-18 10:00:43,58,0,0,0,False,False,"https://guba.eastmoney.com/news,688076,1709467318.html",2026-07-06 17:05:43
eastmoney_guba,688076,1709527753,又跌破60均线，走势太弱，还要磨底等放量,,瑶光引途,7910094179091010,2026-05-18 10:24:57,73,0,0,0,False,False,"https://guba.eastmoney.com/news,688076,1709527753.html",2026-07-06 17:05:43
eastmoney_guba,688076,1709641508,割肉了，买科技股去。,,西北狼y,3277336221003132,2026-05-18 11:27:16,73,0,0,0,False,False,"https://guba.eastmoney.com/news,688076,1709641508.html",2026-07-06 17:05:43
eastmoney_guba,688076,1709693224,成本45的兄弟还有没有,,账户天天涨,1320305502224462,2026-05-18 13:03:02,601,16,0,0,False,False,"https://guba.eastmoney.com/news,688076,1709693224.html",2026-07-06 17:05:41
eastmoney_guba,688076,1709794210,上下再来一波，我买点玩玩,,白发的柴琳,1281037783819914,2026-05-18 14:11:25,77,0,0,0,False,False,"https://guba.eastmoney.com/news,688076,1709794210.html",2026-07-06 17:05:43
eastmoney_guba,688076,1709859212,要去下面补缺口了,,聪明的翼支付,9918356124465582,2026-05-18 14:55:39,75,0,0,0,False,False,"https://guba.eastmoney.com/news,688076,1709859212.html",2026-07-06 17:05:43
eastmoney_guba,688076,1709911070,ST诺泰:2025年年度股东会会议资料,,ST诺泰资讯,9038395923854884,2026-05-18 16:23:10,740,0,2,0,False,False,"https://guba.eastmoney.com/news,688076,1709911070.html",2026-07-06 17:05:43
eastmoney_guba,688076,1709928753,一份案例清单，一串硬核数字：投资者保护正在“动真格”,,锦州港A3资讯,9933057538754478,2026-05-18 17:14:50,5920,7,7,0,False,False,"https://guba.eastmoney.com/news,688076,1709928753.html",2026-07-06 17:05:38
eastmoney_guba,688076,1709968835,同样的都这么强了,,司马神,3153326367888576,2026-05-18 19:35:34,506,0,0,0,True,False,"https://guba.eastmoney.com/news,688076,1709968835.html",2026-07-06 17:05:43
eastmoney_guba,688076,1710012735,凯莱英又在吹嘘所谓的多肽连续反应技术，其实其实忽悠不知情的小散而已。凯莱英唯一的,,凯旋归来英雄,5936014366284868,2026-05-18 22:09:37,810,3,3,0,True,False,"https://guba.eastmoney.com/news,688076,1710012735.html",2026-07-06 17:05:43
eastmoney_guba,688076,1710287105,这个股是因为什么被st的,,股友Kt55623239,1631017617481638,2026-05-19 10:34:17,79,0,0,0,False,False,"https://guba.eastmoney.com/news,688076,1710287105.html",2026-07-06 17:05:43
eastmoney_guba,688076,1710321848,涛声依旧，这13股大部分时间都是拉高走低，每天开盘卖尾盘接，用不了多久就能解套,,谦虚的君清雪,5212585183198414,2026-05-19 10:52:01,99,0,0,0,False,False,"https://guba.eastmoney.com/news,688076,1710321848.html",2026-07-06 17:05:43
eastmoney_guba,688076,1710400952,今天是加仓机会,,勤劳之金橘,2037345825084558,2026-05-19 11:57:34,39,0,0,0,False,False,"https://guba.eastmoney.com/news,688076,1710400952.html",2026-07-06 17:05:43
eastmoney_guba,688076,1710401430,加仓,,勤劳之金橘,2037345825084558,2026-05-19 11:58:47,41,0,0,0,False,False,"https://guba.eastmoney.com/news,688076,1710401430.html",2026-07-06 17:05:43
eastmoney_guba,688076,1710488606,进场埋伏如何？现在,,杨梅小姐,7796057279389182,2026-05-19 13:40:40,92,0,0,0,False,False,"https://guba.eastmoney.com/news,688076,1710488606.html",2026-07-06 17:05:43
eastmoney_guba,688076,1710656068,明天开始就不客气了！,,股友JW1688,6103094488575896,2026-05-19 16:02:24,101,1,0,0,False,False,"https://guba.eastmoney.com/news,688076,1710656068.html",2026-07-06 17:05:43
eastmoney_guba,688076,1710720645,TN，翰宇都有3亿美洲多肽大单了！诺泰，什么时候雄起一下,,古越新安,4541336174369464,2026-05-19 19:29:12,235,2,0,0,False,False,"https://guba.eastmoney.com/news,688076,1710720645.html",2026-07-06 17:05:43
eastmoney_guba,688076,1710826092,这公司是不是要黄了？隔壁瀚宇风生水起，美诺华暴涨2倍,,帅的已经很明显,6196114868978848,2026-05-20 08:17:14,107,1,0,0,False,False,"https://guba.eastmoney.com/news,688076,1710826092.html",2026-07-06 17:05:43
eastmoney_guba,688076,1710845649,没事就集合竞价吓唬人，你真想逼走散户，很简单，你连杀我三个跌停，我就走！,,只是为了做个实验,4166375946049700,2026-05-20 09:17:47,194,3,0,0,False,False,"https://guba.eastmoney.com/news,688076,1710845649.html",2026-07-06 17:05:43
eastmoney_guba,688076,1711154700,$ST诺泰(SH688076)$,,勤劳之金橘,2037345825084558,2026-05-20 11:19:23,82,0,0,0,False,False,"https://guba.eastmoney.com/news,688076,1711154700.html",2026-07-06 17:05:43
eastmoney_guba,688076,1711156205,#技术面分析#,,勤劳之金橘,2037345825084558,2026-05-20 11:20:19,114,0,0,0,False,False,"https://guba.eastmoney.com/news,688076,1711156205.html",2026-07-06 17:05:43
eastmoney_guba,688076,1711158951,高毛率的科技己经10倍，诺泰这样高毛利还呆在底板上的不多，珍惜手中筹码,,勤劳之金橘,2037345825084558,2026-05-20 11:22:00,250,2,0,0,False,False,"https://guba.eastmoney.com/news,688076,1711158951.html",2026-07-06 17:05:43
eastmoney_guba,688076,1711299399,没亏为啥ST？,,常阳ljf,4093055124684416,2026-05-20 13:52:19,138,2,0,0,False,False,"https://guba.eastmoney.com/news,688076,1711299399.html",2026-07-06 17:05:43
eastmoney_guba,688076,1711498929,ST诺泰:关于公司控股股东、实际控制人续签一致行动协议的公告,,ST诺泰资讯,9038395923854884,2026-05-20 18:44:46,969,0,4,0,False,False,"https://guba.eastmoney.com/news,688076,1711498929.html",2026-07-06 17:05:43
eastmoney_guba,688076,1711727703,没量没戏,,小兔乖乖宝宝,8980094451666448,2026-05-21 09:47:38,60,0,0,0,False,False,"https://guba.eastmoney.com/news,688076,1711727703.html",2026-07-06 17:05:43
eastmoney_guba,688076,1712349713,诺泰生物业绩好于预期 寡核苷酸从战略赛道进入商业化兑现期（原文30%精简版）,,股友A197669V05,8030376544910926,2026-05-21 17:02:59,1086,2,0,0,False,False,"https://guba.eastmoney.com/news,688076,1712349713.html",2026-07-06 17:05:43
eastmoney_guba,688076,1712356485,诺泰生物业绩好于预期 寡核苷酸从战略赛道进入商业化兑现期（让券周刊4月30日，原文30%精简版）,,股友A197669V05,8030376544910926,2026-05-21 17:21:09,1269,4,0,0,False,False,"https://guba.eastmoney.com/news,688076,1712356485.html",2026-07-06 17:05:43
eastmoney_guba,688076,1712403543,ST诺泰：控股股东续签一致行动协议 合计控制29.17%股份,,ST诺泰资讯,9038395923854884,2026-05-21 19:54:50,818,0,2,0,False,False,"https://guba.eastmoney.com/news,688076,1712403543.html",2026-07-06 17:05:43
eastmoney_guba,688076,1712704600,科创st还是影响挺大的，现在瀚宇活跃,,小兔乖乖宝宝,8980094451666448,2026-05-22 10:18:49,65,0,0,0,False,False,"https://guba.eastmoney.com/news,688076,1712704600.html",2026-07-06 17:05:43
eastmoney_guba,688076,1712724731,天天来看一下这个绿色比较养眼，科技不行了你也还是一样拉垮,,低吸有钱赚,6738416626968316,2026-05-22 10:26:51,63,0,0,0,False,False,"https://guba.eastmoney.com/news,688076,1712724731.html",2026-07-06 17:05:43
eastmoney_guba,688076,1712766388,冲着缺口去了，我先出了，到缺口再来,,聪明的翼支付,9918356124465582,2026-05-22 10:46:09,256,9,0,0,False,False,"https://guba.eastmoney.com/news,688076,1712766388.html",2026-07-06 17:05:41
eastmoney_guba,688076,1713083764,熬不动了，再见了。,,AXYZ12,8825335519661310,2026-05-22 14:56:37,77,0,0,0,False,False,"https://guba.eastmoney.com/news,688076,1713083764.html",2026-07-06 17:05:43
eastmoney_guba,688076,1713129538,下周谁去开股东大会啊，能不能代大伙扔几个臭鸡蛋啊。,,低吸有钱赚,6738416626968316,2026-05-22 16:06:03,91,1,0,0,False,False,"https://guba.eastmoney.com/news,688076,1713129538.html",2026-07-06 17:05:43
eastmoney_guba,688076,1713233787,加油,,股友9932Q0g869,3222017778641012,2026-05-22 23:00:26,66,0,0,0,False,False,"https://guba.eastmoney.com/news,688076,1713233787.html",2026-07-06 17:05:43
eastmoney_guba,688076,1713328193,再缩量跌两天可以下手了,,白发的柴琳,1281037783819914,2026-05-23 20:23:15,71,0,0,0,False,False,"https://guba.eastmoney.com/news,688076,1713328193.html",2026-07-06 17:05:43
eastmoney_guba,688076,1713367181,[图片],,股友A197669V05,8030376544910926,2026-05-24 11:06:14,1706,2,0,0,True,False,"https://guba.eastmoney.com/news,688076,1713367181.html",2026-07-06 17:05:43
eastmoney_guba,688076,1713370512,86～95，七连骂！,,卡巴拉,2028023787975112,2026-05-24 11:47:42,68,1,0,0,False,False,"https://guba.eastmoney.com/news,688076,1713370512.html",2026-07-06 17:05:43
eastmoney_guba,688076,1713371933,这个股吧好冷清，没有什么人讨论的,,惬意的邓昭,6737375913239288,2026-05-24 12:06:20,177,1,0,0,False,False,"https://guba.eastmoney.com/news,688076,1713371933.html",2026-07-06 17:05:43
eastmoney_guba,688076,1713931810,你要去补缺口么,,随便聊聊00,8440386164089148,2026-05-25 14:06:17,61,0,0,0,False,False,"https://guba.eastmoney.com/news,688076,1713931810.html",2026-07-06 17:05:43
eastmoney_guba,688076,1713967520,什么情况,,只是为了做个实验,4166375946049700,2026-05-25 14:30:36,58,0,0,0,False,False,"https://guba.eastmoney.com/news,688076,1713967520.html",2026-07-06 17:05:43
eastmoney_guba,688076,1713967873,玩死你们,,古越新安,4541336174369464,2026-05-25 14:30:47,43,0,0,0,False,False,"https://guba.eastmoney.com/news,688076,1713967873.html",2026-07-06 17:05:43
eastmoney_guba,688076,1713975631,不要挣扎了！S了这么拉升的心吧！,,弹鼓168,4890112571958390,2026-05-25 14:35:39,67,0,0,0,False,False,"https://guba.eastmoney.com/news,688076,1713975631.html",2026-07-06 17:05:43
eastmoney_guba,688076,1713979290,一觉醒来竟这样。小幸运。底部补了点。,,永时胜,9427034659555570,2026-05-25 14:37:55,522,4,0,0,True,False,"https://guba.eastmoney.com/news,688076,1713979290.html",2026-07-06 17:05:43
eastmoney_guba,688076,1714056786,ST诺泰：将于2026年05月26日召开2025年年度股东大会,,ST诺泰资讯,9038395923854884,2026-05-25 16:01:40,396,0,0,0,False,False,"https://guba.eastmoney.com/news,688076,1714056786.html",2026-07-06 17:05:43
eastmoney_guba,688076,1714060838,现在这个阶段，时不时突然拉升一下，是不是主力在吸筹啊,,马里奥向上冲,6826486632238284,2026-05-25 16:13:17,348,4,0,0,False,False,"https://guba.eastmoney.com/news,688076,1714060838.html",2026-07-06 17:05:43
eastmoney_guba,688076,1714081584,明天股东大会，统统反对票,,帅的已经很明显,6196114868978848,2026-05-25 17:14:57,316,9,0,0,False,False,"https://guba.eastmoney.com/news,688076,1714081584.html",2026-07-06 17:05:43
eastmoney_guba,688076,1714189603,一日游,,股友326899Ku82,1337185539721342,2026-05-26 01:23:20,79,1,0,0,False,False,"https://guba.eastmoney.com/news,688076,1714189603.html",2026-07-06 17:05:43
eastmoney_guba,688076,1714412088,昨天拉一下，为了今天的阴跌,,首富投资人,1811476816912550,2026-05-26 10:13:28,107,1,0,0,False,False,"https://guba.eastmoney.com/news,688076,1714412088.html",2026-07-06 17:05:43
eastmoney_guba,688076,1714474781,你比翰宇差的不是一点半点，人家最近涨了不少，你是跌了不少,,经纶富贵地梦轩,3689326239938764,2026-05-26 10:41:03,263,7,0,0,False,False,"https://guba.eastmoney.com/news,688076,1714474781.html",2026-07-06 17:05:43
eastmoney_guba,688076,1714634398,股东大会都不涨一下么？有没在现场的，问问董事长，在干嘛呢,,股东老马,1394355986950520,2026-05-26 13:13:52,86,0,0,0,False,False,"https://guba.eastmoney.com/news,688076,1714634398.html",2026-07-06 17:05:43
eastmoney_guba,688076,1714847279,这个独孤雁还在诺泰吧里泼脏水，佛山隐士去年9月初就离开诺泰去了半导体板块，从他的,,股友xw27010809,2219167659827380,2026-05-26 15:56:11,602,16,1,0,False,False,"https://guba.eastmoney.com/news,688076,1714847279.html",2026-07-06 17:05:41
eastmoney_guba,688076,1714876345,股东会有什么内容？,,古越新安,4541336174369464,2026-05-26 17:18:30,77,0,1,0,False,False,"https://guba.eastmoney.com/news,688076,1714876345.html",2026-07-06 17:05:43
eastmoney_guba,688076,1714922924,ST诺泰:国浩律师(杭州)事务所关于江苏诺泰澳赛诺生物制药股份有限公司2025年年度股东会法律意见书,,ST诺泰资讯,9038395923854884,2026-05-26 20:11:08,609,0,2,0,False,False,"https://guba.eastmoney.com/news,688076,1714922924.html",2026-07-06 17:05:41
eastmoney_guba,688076,1714922923,ST诺泰:2025年年度股东会决议公告,,ST诺泰资讯,9038395923854884,2026-05-26 20:11:08,648,0,0,0,False,False,"https://guba.eastmoney.com/news,688076,1714922923.html",2026-07-06 17:05:43
eastmoney_guba,688076,1714936548,参加股东大会的出来冒个泡，有没有现场提问环节，有什么利好或者利空消息吗？,,股友3P5N982830,4736057731969762,2026-05-26 21:03:07,467,5,0,0,False,False,"https://guba.eastmoney.com/news,688076,1714936548.html",2026-07-06 17:05:41
eastmoney_guba,688076,1715361961,烂票ST股别碰烂死了,,股友iQUojU,4671355959136046,2026-05-27 11:14:11,211,5,0,0,False,False,"https://guba.eastmoney.com/news,688076,1715361961.html",2026-07-06 17:05:41
eastmoney_guba,688076,1715638810,会不会到20，跌幅很大了,,没翻倍不算赚,5013023721672056,2026-05-27 14:43:09,83,1,0,0,False,False,"https://guba.eastmoney.com/news,688076,1715638810.html",2026-07-06 17:05:41
eastmoney_guba,688076,1715653178,有大单做空，有利空？,,西北狼y,3277336221003132,2026-05-27 14:50:36,199,5,0,0,False,False,"https://guba.eastmoney.com/news,688076,1715653178.html",2026-07-06 17:05:41
eastmoney_guba,688076,1715734190,药的机会来了科技要休息了好好表现表现吧在这里的人黑发都要熬成白发了,,低吸有钱赚,6738416626968316,2026-05-27 16:48:08,260,7,0,0,False,False,"https://guba.eastmoney.com/news,688076,1715734190.html",2026-07-06 17:05:41
eastmoney_guba,688076,1715909148,诺泰生物：舒林酸和联苯苄唑原料药通过GMP符合性检查,,ST诺泰资讯,9038395923854884,2026-05-28 09:06:29,1325,0,2,0,False,False,"https://guba.eastmoney.com/news,688076,1715909148.html",2026-07-06 17:05:41
eastmoney_guba,688076,1716063882,有缺必补吗？,,首富投资人,1811476816912550,2026-05-28 10:07:05,203,6,1,0,False,False,"https://guba.eastmoney.com/news,688076,1716063882.html",2026-07-06 17:05:41
eastmoney_guba,688076,1716510424,摘帽确切时间是7月还是12月？求帮助！,,首富投资人,1811476816912550,2026-05-28 14:59:18,663,12,3,0,False,False,"https://guba.eastmoney.com/news,688076,1716510424.html",2026-07-06 17:05:41
eastmoney_guba,688076,1716677219,美股礼来创新高了，降糖药和减肥药，和诺泰的业务方向一致。,,股友380wY58380,8303097668467000,2026-05-28 22:43:42,106,0,0,0,False,False,"https://guba.eastmoney.com/news,688076,1716677219.html",2026-07-06 17:05:41
eastmoney_guba,688076,1716831875,$ST诺泰(SH688076)$,,股友n2857905L6,2945486619086878,2026-05-29 09:44:24,60,0,0,0,False,False,"https://guba.eastmoney.com/news,688076,1716831875.html",2026-07-06 17:05:41
eastmoney_guba,688076,1716928225,MD，最差ST,,古越新安,4541336174369464,2026-05-29 10:10:19,118,5,0,0,False,False,"https://guba.eastmoney.com/news,688076,1716928225.html",2026-07-06 17:05:41
eastmoney_guba,688076,1716930663,跌到24我建仓,,鱼头鱼尾留给别人,1987305940368140,2026-05-29 10:11:00,60,0,0,0,False,False,"https://guba.eastmoney.com/news,688076,1716930663.html",2026-07-06 17:05:41
eastmoney_guba,688076,1717023411,天天跌，牛，最差的St，跌了快一年，没反弹，其他St早弹了,,经纶富贵地梦轩,3689326239938764,2026-05-29 10:46:47,61,2,0,0,False,False,"https://guba.eastmoney.com/news,688076,1717023411.html",2026-07-06 17:05:41
eastmoney_guba,688076,1717077155,真给ST丢脸，以后别把sST带在头上好吗？,,luotuoxzx,6756094607583200,2026-05-29 11:11:52,50,0,0,0,False,False,"https://guba.eastmoney.com/news,688076,1717077155.html",2026-07-06 17:05:41
eastmoney_guba,688076,1717132659,2850手可以砸跌停了，挂在那里吓唬谁？,,十几年的新股民,8443513755370648,2026-05-29 11:54:09,239,9,0,0,False,False,"https://guba.eastmoney.com/news,688076,1717132659.html",2026-07-06 17:05:41
eastmoney_guba,688076,1717244676,请问群里大神，这个股票什么时间摘帽啊？,,沧浪之水3162,1543013552873516,2026-05-29 13:44:56,266,6,0,0,False,False,"https://guba.eastmoney.com/news,688076,1717244676.html",2026-07-06 17:05:41
eastmoney_guba,688076,1717277304,药的机会在6，7月份，但是庄家不做人，只想压筹,,古越新安,4541336174369464,2026-05-29 14:00:38,92,1,0,0,False,False,"https://guba.eastmoney.com/news,688076,1717277304.html",2026-07-06 17:05:41
eastmoney_guba,688076,1717469652,$ST诺泰(SH688076)$,,就是高吸低抛,2849057600812640,2026-05-29 16:35:27,549,3,1,0,True,False,"https://guba.eastmoney.com/news,688076,1717469652.html",2026-07-06 17:05:41
eastmoney_guba,688076,1717476560,诺泰生物司美格鲁肽原料药获巴西CADIFA批准,,股友A197669V05,8030376544910926,2026-05-29 16:51:39,2326,10,6,0,False,False,"https://guba.eastmoney.com/news,688076,1717476560.html",2026-07-06 17:05:41
eastmoney_guba,688076,1717542240,怎么公司不发公告,,股友8N329D2777,1370017310504838,2026-05-29 20:47:27,77,0,0,0,False,False,"https://guba.eastmoney.com/news,688076,1717542240.html",2026-07-06 17:05:41
eastmoney_guba,688076,1717543512,怎么公司不发公告，怕股票涨吗？,,股友8N329D2777,1370017310504838,2026-05-29 20:52:51,244,1,0,0,False,False,"https://guba.eastmoney.com/news,688076,1717543512.html",2026-07-06 17:05:41
eastmoney_guba,688076,1717659653,那个天天骂的兄弟割肉走了吗，怎么不骂了,,只是为了做个实验,4166375946049700,2026-05-30 17:20:31,99,2,0,0,False,False,"https://guba.eastmoney.com/news,688076,1717659653.html",2026-07-06 17:05:41
eastmoney_guba,688076,1717739610,96～102骂！操盘的！休想骗走筹码！,,卡巴拉,2028023787975112,2026-05-31 18:01:25,169,5,0,0,False,False,"https://guba.eastmoney.com/news,688076,1717739610.html",2026-07-06 17:05:41
eastmoney_guba,688076,1717755207,川总塑身概念股。。。,,股友JW1688,6103094488575896,2026-05-31 21:00:59,85,0,0,0,False,False,"https://guba.eastmoney.com/news,688076,1717755207.html",2026-07-06 17:05:41
eastmoney_guba,688076,1717789407,一个ST股市值高达94亿多，之前有财务前科，现在能确保真实吗？还不如选其它的正股,,十倍潜力301563,5501097380642086,2026-06-01 08:12:45,270,2,0,0,False,False,"https://guba.eastmoney.com/news,688076,1717789407.html",2026-07-06 17:05:41
eastmoney_guba,688076,1718009642,往下己经没有人交筹码了。只有快速往上拉，一亇涨停板，很多人就交货了,,古越新安,4541336174369464,2026-06-01 10:35:52,195,4,0,0,False,False,"https://guba.eastmoney.com/news,688076,1718009642.html",2026-07-06 17:05:41
eastmoney_guba,688076,1718021552,科创板带不动你，St板块也带不动你，都不知道是什么拉几板块,,经纶富贵地梦轩,3689326239938764,2026-06-01 10:41:58,78,2,0,0,False,False,"https://guba.eastmoney.com/news,688076,1718021552.html",2026-07-06 17:05:41
eastmoney_guba,688076,1718382064,奇怪了，连翰宇药业一半都不到。人家业绩比你差远了,,买几个菜,6527315512395640,2026-06-01 16:59:13,78,0,0,0,False,False,"https://guba.eastmoney.com/news,688076,1718382064.html",2026-07-06 17:05:41
eastmoney_guba,688076,1718592971,涨就涨零点几，跌就往死跌，真牛，人家还以为你要退市,,经纶富贵地梦轩,3689326239938764,2026-06-02 09:38:10,49,0,0,0,False,False,"https://guba.eastmoney.com/news,688076,1718592971.html",2026-07-06 17:05:41
eastmoney_guba,688076,1718595109,今天换套路，先跌后拉,,古越新安,4541336174369464,2026-06-02 09:38:47,65,1,0,0,False,False,"https://guba.eastmoney.com/news,688076,1718595109.html",2026-07-06 17:05:41
eastmoney_guba,688076,1718647790,什么时候分红？,,股友iQUojU,4671355959136046,2026-06-02 09:53:54,51,0,0,0,False,False,"https://guba.eastmoney.com/news,688076,1718647790.html",2026-07-06 17:05:41
eastmoney_guba,688076,1718668082,都跌成这犊子样了，还好意思跌，老子还在高处站岗呢,,股友iQUojU,4671355959136046,2026-06-02 09:59:30,105,2,0,0,False,False,"https://guba.eastmoney.com/news,688076,1718668082.html",2026-07-06 17:05:41
eastmoney_guba,688076,1718688845,垃圾，退市吧！,,股友5IY1379221,8143107219675020,2026-06-02 10:05:45,49,0,0,0,False,False,"https://guba.eastmoney.com/news,688076,1718688845.html",2026-07-06 17:05:41
eastmoney_guba,688076,1718771789,小气的庄遇到了大气的散户，众散意见高度一致，就放到年底吧，现在不看了,,古越新安,4541336174369464,2026-06-02 10:41:08,98,1,0,0,False,False,"https://guba.eastmoney.com/news,688076,1718771789.html",2026-07-06 17:05:41
eastmoney_guba,688076,1718785792,昨天微盘大反弹，跟你无关今天微盘大跌，又跟你有关系了？,,随便聊聊00,8440386164089148,2026-06-02 10:48:46,58,0,0,0,False,False,"https://guba.eastmoney.com/news,688076,1718785792.html",2026-07-06 17:05:41
eastmoney_guba,688076,1718897276,天天跌，你好意思不？,,单恋一枝花2,6965017055864904,2026-06-02 13:01:16,52,0,0,0,False,False,"https://guba.eastmoney.com/news,688076,1718897276.html",2026-07-06 17:05:41
eastmoney_guba,688076,1719076893,这个22年有二次涨停，四年没有涨停过！,,坚持就能赚钱,3127376242834582,2026-06-02 14:53:36,184,4,0,0,False,False,"https://guba.eastmoney.com/news,688076,1719076893.html",2026-07-06 17:05:41
eastmoney_guba,688076,1719103066,20，到20再买,,腼腆羞涩的钱兰芳,7068385883064042,2026-06-02 15:20:17,60,0,0,0,False,False,"https://guba.eastmoney.com/news,688076,1719103066.html",2026-07-06 17:05:41
eastmoney_guba,688076,1719221684,八月份之前最好不要启动，等中报结束再启动！,,管住手等机会,1654395875984718,2026-06-02 21:58:18,120,2,0,0,False,False,"https://guba.eastmoney.com/news,688076,1719221684.html",2026-07-06 17:05:41
eastmoney_guba,688076,1719293838,诺泰生物一审判决,,北京中登股友,1079086940077214,2026-06-03 08:48:03,1595,37,0,0,False,False,"https://guba.eastmoney.com/news,688076,1719293838.html",2026-07-06 17:05:32
eastmoney_guba,688076,1719623584,去年夏天玩过它，所以还没删自选，走的时候再三告诉过，是ST后机构自救，不信，所以,,股友7o872z6913,6421345664837696,2026-06-03 11:21:51,148,2,0,0,False,False,"https://guba.eastmoney.com/news,688076,1719623584.html",2026-07-06 17:05:41
eastmoney_guba,688076,1719645008,真有本事，天天跌,,生机四海得江浩,7891336164639830,2026-06-03 11:36:36,48,0,0,0,False,False,"https://guba.eastmoney.com/news,688076,1719645008.html",2026-07-06 17:05:41
eastmoney_guba,688076,1719651090,诺泰生物（688076）2025年11月28日，中国证监会正式作出《行政处罚决定,,权维有道,8381396194438610,2026-06-03 11:45:02,545,3,0,0,False,False,"https://guba.eastmoney.com/news,688076,1719651090.html",2026-07-06 17:05:38
eastmoney_guba,688076,1719971758,最近那些索赔的怎么又冒出来了拉黑都拉黑不完,,就是高吸低抛,2849057600812640,2026-06-03 16:20:07,68,0,1,0,False,False,"https://guba.eastmoney.com/news,688076,1719971758.html",2026-07-06 17:05:41
eastmoney_guba,688076,1719973393,董秘你好 近日看到信达与辉瑞签订超100亿美元的肿瘤药物研发合同，我想请问诺泰生,,ST诺泰股友,3640366193403336,2026-06-03 16:24:00,532,0,0,0,False,False,"https://guba.eastmoney.com/news,688076,1719973393.html",2026-07-06 17:05:41
eastmoney_guba,688076,1719973345,公司有英克司兰原料药的技术，建议公司开发相当于英克司兰的长效降脂药物品种，在小核,,ST诺泰股友,3640366193403336,2026-06-03 16:24:00,231,0,0,0,False,False,"https://guba.eastmoney.com/news,688076,1719973345.html",2026-07-06 17:05:41
eastmoney_guba,688076,1719973333,董秘你好 公司瑞他鲁肽原料药当前什么进程？,,ST诺泰股友,3640366193403336,2026-06-03 16:24:00,99,0,0,0,False,False,"https://guba.eastmoney.com/news,688076,1719973333.html",2026-07-06 17:05:41
eastmoney_guba,688076,1719976166,您好！请问截至5月20日收盘公司股东人数是多少，谢谢！,,ST诺泰股友,3640366193403336,2026-06-03 16:32:00,246,0,0,0,False,False,"https://guba.eastmoney.com/news,688076,1719976166.html",2026-07-06 17:05:41
eastmoney_guba,688076,1719988014,ST诺泰：瑞他鲁肽原料药处于小试阶段,,ST诺泰资讯,9038395923854884,2026-06-03 17:06:00,1311,1,2,0,False,False,"https://guba.eastmoney.com/news,688076,1719988014.html",2026-07-06 17:05:41
eastmoney_guba,688076,1720083733,看了要跳空向下呀,,稳健养家持股,5569316400083908,2026-06-03 23:05:49,69,0,0,0,False,False,"https://guba.eastmoney.com/news,688076,1720083733.html",2026-07-06 17:05:41
eastmoney_guba,688076,1720100604,这股流通市值百亿，每天盘口的单子寒颤得吐血，你有几百手都能砸一个点。今天割肉盘就,,家财积玉de莱文狄,4618306329698304,2026-06-04 03:47:18,152,2,0,0,False,False,"https://guba.eastmoney.com/news,688076,1720100604.html",2026-07-06 17:05:41
eastmoney_guba,688076,1720264865,这样的市场真可以关了，没必要存在,,经纶富贵地梦轩,3689326239938764,2026-06-04 09:54:21,99,1,0,0,False,False,"https://guba.eastmoney.com/news,688076,1720264865.html",2026-07-06 17:05:41
eastmoney_guba,688076,1720381059,散户不跑，庄家又不敢一把到底。只能这样了，辛苦磨豆腐了。等7月初吧,,古越新安,4541336174369464,2026-06-04 10:32:32,195,2,0,0,False,False,"https://guba.eastmoney.com/news,688076,1720381059.html",2026-07-06 17:05:41
eastmoney_guba,688076,1720460916,天天都是这样子，阴跌不休。买了医药股本身就够惨，羡慕那些账户上有科技股的。,,永时胜,9427034659555570,2026-06-04 11:08:02,61,0,0,0,False,False,"https://guba.eastmoney.com/news,688076,1720460916.html",2026-07-06 17:05:41
eastmoney_guba,688076,1720496578,把佛山隐士跌的消失啦都哈哈哈,,独孤燕,2128027197149058,2026-06-04 11:25:52,127,5,0,0,False,False,"https://guba.eastmoney.com/news,688076,1720496578.html",2026-07-06 17:05:41
eastmoney_guba,688076,1720523596,坚持一下，争取做时间的,,十几年的新股民,8443513755370648,2026-06-04 11:55:12,121,3,0,0,False,False,"https://guba.eastmoney.com/news,688076,1720523596.html",2026-07-06 17:05:41
eastmoney_guba,688076,1720641158,严冬已经来临，春还会远吗,,雨林0038,3692326416924550,2026-06-04 13:47:12,61,0,0,0,False,False,"https://guba.eastmoney.com/news,688076,1720641158.html",2026-07-06 17:05:41
eastmoney_guba,688076,1720708572,真的是跟跌不跟涨，每天阴跌一两个点，连续跌这么久了,,请叫我陈什么,5271166557090738,2026-06-04 14:21:47,162,5,0,0,False,False,"https://guba.eastmoney.com/news,688076,1720708572.html",2026-07-06 17:05:41
eastmoney_guba,688076,1720844417,散了散了,,股友iQUojU,4671355959136046,2026-06-04 16:37:39,64,0,0,0,False,False,"https://guba.eastmoney.com/news,688076,1720844417.html",2026-07-06 17:05:41
eastmoney_guba,688076,1720852865,ST诺泰:2025年年度权益分派实施公告,,ST诺泰资讯,9038395923854884,2026-06-04 17:00:55,583,2,4,0,False,False,"https://guba.eastmoney.com/news,688076,1720852865.html",2026-07-06 17:05:41
eastmoney_guba,688076,1720872522,ST诺泰24年立案调查中，信披违规受损者可索赔,,小股声,1571275910637074,2026-06-04 17:59:02,82,0,0,0,False,False,"https://guba.eastmoney.com/news,688076,1720872522.html",2026-07-06 17:05:41
eastmoney_guba,688076,1720893595,$ST诺泰(SH688076)$,,美三倍做空半导体,6324167761471266,2026-06-04 19:17:00,41,0,0,0,False,False,"https://guba.eastmoney.com/news,688076,1720893595.html",2026-07-06 17:05:41
eastmoney_guba,688076,1720898395,退市倒计时,,你将最终胜利,1450306394783606,2026-06-04 19:35:40,57,0,0,0,False,False,"https://guba.eastmoney.com/news,688076,1720898395.html",2026-07-06 17:05:41
eastmoney_guba,688076,1720931962,熬不住了走了祝留下的发财,,医药不值得投资,5383084759787052,2026-06-04 21:33:48,173,6,0,0,False,False,"https://guba.eastmoney.com/news,688076,1720931962.html",2026-07-06 17:05:41
eastmoney_guba,688076,1720964473,美股礼来大涨5.25%。,,股友380wY58380,8303097668467000,2026-06-04 23:26:08,73,0,0,0,False,False,"https://guba.eastmoney.com/news,688076,1720964473.html",2026-07-06 17:05:41
eastmoney_guba,688076,1721018020,这个股为什么会被ST?,,木包钢,8178064784799950,2026-06-05 08:31:20,227,2,0,0,False,False,"https://guba.eastmoney.com/news,688076,1721018020.html",2026-07-06 17:05:41
eastmoney_guba,688076,1721101374,下午准绿，强者恒强，弱者恒弱，没救，不应该在张家界出来,,经纶富贵地梦轩,3689326239938764,2026-06-05 09:39:27,57,2,0,0,False,False,"https://guba.eastmoney.com/news,688076,1721101374.html",2026-07-06 17:05:41
eastmoney_guba,688076,1721272290,$ST诺泰(SH688076)$,,美三倍做空半导体,6324167761471266,2026-06-05 10:35:11,59,0,0,0,False,False,"https://guba.eastmoney.com/news,688076,1721272290.html",2026-07-06 17:05:41
eastmoney_guba,688076,1721273044,今天居然有一个1000手的单瞬间把股价从28.7拉到29.28，这是有什么利好？,,股友RqPaD5,3127316051660808,2026-06-05 10:35:32,321,5,0,0,False,False,"https://guba.eastmoney.com/news,688076,1721273044.html",2026-07-06 17:05:38
eastmoney_guba,688076,1721406389,再不涨，到27年28年全球产能过剩，将彻底被股民遗忘,,勤劳之金橘,2037345825084558,2026-06-05 12:28:55,63,0,0,0,False,False,"https://guba.eastmoney.com/news,688076,1721406389.html",2026-07-06 17:05:41
eastmoney_guba,688076,1721436597,织布机似的，量太少了。,,首富投资人,1811476816912550,2026-06-05 13:10:51,56,0,0,0,False,False,"https://guba.eastmoney.com/news,688076,1721436597.html",2026-07-06 17:05:41
eastmoney_guba,688076,1721440793,今天居然涨了？不过还早要超过34元股价就开始反转，那时候毫不犹豫追,,陈扶摇,2707385668627232,2026-06-05 13:13:08,87,0,0,0,False,False,"https://guba.eastmoney.com/news,688076,1721440793.html",2026-07-06 17:05:41
eastmoney_guba,688076,1721480476,又串了，体质太弱了,,yaomomo2000,2192513855029316,2026-06-05 13:32:52,58,0,0,0,False,False,"https://guba.eastmoney.com/news,688076,1721480476.html",2026-07-06 17:05:41
eastmoney_guba,688076,1721616624,一鲸落，万物生。光己灭，该到减肥药了！,,股友A197669V05,8030376544910926,2026-06-05 14:44:29,98,1,0,0,False,False,"https://guba.eastmoney.com/news,688076,1721616624.html",2026-07-06 17:05:38
eastmoney_guba,688076,1721636007,0571-86297893董秘电话,,股友iQUojU,4671355959136046,2026-06-05 14:54:22,81,0,0,0,False,False,"https://guba.eastmoney.com/news,688076,1721636007.html",2026-07-06 17:05:41
eastmoney_guba,688076,1721657680,千亿诺泰！（亏的出现幻觉了）,,就是高吸低抛,2849057600812640,2026-06-05 15:09:23,88,0,0,0,False,False,"https://guba.eastmoney.com/news,688076,1721657680.html",2026-07-06 17:05:41
eastmoney_guba,688076,1721699823,ST诺泰24年立案调查中，信披违规受损者可索赔,,早起看报,5951057799486710,2026-06-05 16:43:46,93,0,0,0,False,False,"https://guba.eastmoney.com/news,688076,1721699823.html",2026-07-06 17:05:41
eastmoney_guba,688076,1721817336,这个有什么玄学吗,,股友1929520rW6,7346007340917162,2026-06-06 06:16:31,440,1,0,0,True,False,"https://guba.eastmoney.com/news,688076,1721817336.html",2026-07-06 17:05:38
eastmoney_guba,688076,1721872589,科技股开始跌了，医药股快起上涨模式！,,华远股东,3047426769600740,2026-06-06 14:13:06,102,1,0,0,False,False,"https://guba.eastmoney.com/news,688076,1721872589.html",2026-07-06 17:05:38
eastmoney_guba,688076,1721915412,诺泰生物(688076)股民索赔征集，索赔条件：2022年4月28日至2024年,,华信消息,4303094365053358,2026-06-06 23:28:24,207,10,0,0,False,False,"https://guba.eastmoney.com/news,688076,1721915412.html",2026-07-06 17:05:37
eastmoney_guba,688076,1721955095,103～106骂！操盘的！时间站在我这边！,,卡巴拉,2028023787975112,2026-06-07 14:36:51,80,0,0,0,False,False,"https://guba.eastmoney.com/news,688076,1721955095.html",2026-07-06 17:05:38
eastmoney_guba,688076,1721955178,操盘的！103～109骂！,,卡巴拉,2028023787975112,2026-06-07 14:38:09,106,1,0,0,False,False,"https://guba.eastmoney.com/news,688076,1721955178.html",2026-07-06 17:05:38
eastmoney_guba,688076,1722185972,真是拉几股，大盘回反而向下跌,,经纶富贵地梦轩,3689326239938764,2026-06-08 10:06:22,38,0,0,0,False,False,"https://guba.eastmoney.com/news,688076,1722185972.html",2026-07-06 17:05:38
eastmoney_guba,688076,1722201123,垃圾的不能再垃圾了,,股民3573,9801094391333426,2026-06-08 10:12:35,70,0,0,0,False,False,"https://guba.eastmoney.com/news,688076,1722201123.html",2026-07-06 17:05:38
eastmoney_guba,688076,1722210512,十足的拉几,,永时胜,9427034659555570,2026-06-08 10:16:41,74,0,0,0,False,False,"https://guba.eastmoney.com/news,688076,1722210512.html",2026-07-06 17:05:38
eastmoney_guba,688076,1722256551,真牛，筹码完全卖不完，一直卖，见过无数St，诺泰和华扬最牛，一直跌，没有弹上去,,经纶富贵地梦轩,3689326239938764,2026-06-08 10:37:47,86,0,0,0,False,False,"https://guba.eastmoney.com/news,688076,1722256551.html",2026-07-06 17:05:38
eastmoney_guba,688076,1722578656,看看这个股吧练人气都没有了，难怪走的织布机行情，不是摘帽确定性挺高的吗？咋没资金,,拿个一万来炒股,9795094334154924,2026-06-08 14:46:38,89,0,0,0,False,False,"https://guba.eastmoney.com/news,688076,1722578656.html",2026-07-06 17:05:38
eastmoney_guba,688076,1722609968,买了诺泰的，基本都没心思吃饭吧？减肥药都省下了。,,十几年的新股民,8443513755370648,2026-06-08 15:10:44,104,2,0,0,False,False,"https://guba.eastmoney.com/news,688076,1722609968.html",2026-07-06 17:05:38
eastmoney_guba,688076,1722634325,怎么联系董秘，就想问问，诺泰生物股票这样跌，管理层有没有应对措施？,,盆满锅不满,7202306313611568,2026-06-08 16:01:59,91,0,0,0,False,False,"https://guba.eastmoney.com/news,688076,1722634325.html",2026-07-06 17:05:38
eastmoney_guba,688076,1722640139,被这货坑了几十个点，我过段时间就会回来看看。还是一样的味道，没人关注，没有量，死,,家财积玉de莱文狄,4618306329698304,2026-06-08 16:17:51,95,0,0,0,False,False,"https://guba.eastmoney.com/news,688076,1722640139.html",2026-07-06 17:05:38
eastmoney_guba,688076,1722673133,想尽方法掏空上市公司的典范。。。。别YY了割肉吧,,医药不值得投资,5383084759787052,2026-06-08 18:02:27,98,1,0,0,False,False,"https://guba.eastmoney.com/news,688076,1722673133.html",2026-07-06 17:05:37
eastmoney_guba,688076,1722692551,感觉有雷,,帅的已经很明显,6196114868978848,2026-06-08 19:15:58,97,1,0,0,False,False,"https://guba.eastmoney.com/news,688076,1722692551.html",2026-07-06 17:05:38
eastmoney_guba,688076,1722735933,这票还有啥搞头抖音害人啊,,白发的柴琳,1281037783819914,2026-06-08 21:55:15,221,8,0,0,False,False,"https://guba.eastmoney.com/news,688076,1722735933.html",2026-07-06 17:05:38
eastmoney_guba,688076,1722786718,ST诺泰综合分析,,qsg419,6445094638219444,2026-06-09 07:08:25,116,0,0,0,False,False,"https://guba.eastmoney.com/news,688076,1722786718.html",2026-07-06 17:05:38
eastmoney_guba,688076,1722816128,跌停了这么爽,,快乐的哥淼洋,9832047073634002,2026-06-09 09:17:55,75,0,0,0,False,False,"https://guba.eastmoney.com/news,688076,1722816128.html",2026-07-06 17:05:38
eastmoney_guba,688076,1722816413,跌停跌停,,快乐的哥淼洋,9832047073634002,2026-06-09 09:18:12,68,0,0,0,False,False,"https://guba.eastmoney.com/news,688076,1722816413.html",2026-07-06 17:05:38
eastmoney_guba,688076,1722817349,哦，发生了什么,,随便聊聊00,8440386164089148,2026-06-09 09:19:11,94,1,0,0,False,False,"https://guba.eastmoney.com/news,688076,1722817349.html",2026-07-06 17:05:38
eastmoney_guba,688076,1722817902,……,,想买哪吒,2125326587089456,2026-06-09 09:19:45,74,0,0,0,False,False,"https://guba.eastmoney.com/news,688076,1722817902.html",2026-07-06 17:05:38
eastmoney_guba,688076,1722878909,没钱喝酒吃药都去玩虚拟AI算力机器人去了,,股民3573,9801094391333426,2026-06-09 09:40:25,66,0,0,0,False,False,"https://guba.eastmoney.com/news,688076,1722878909.html",2026-07-06 17:05:38
eastmoney_guba,688076,1722891739,无论大盘咋样，就是跌，一直绿，牛逼,,经纶富贵地梦轩,3689326239938764,2026-06-09 09:43:59,66,4,0,0,False,False,"https://guba.eastmoney.com/news,688076,1722891739.html",2026-07-06 17:05:38
eastmoney_guba,688076,1722892664,阴跌了一年。白白浪费牛市。躺了，不动了,,永时胜,9427034659555570,2026-06-09 09:44:14,57,0,0,0,False,False,"https://guba.eastmoney.com/news,688076,1722892664.html",2026-07-06 17:05:38
eastmoney_guba,688076,1722915799,难道没与礼来合作？,,股友0e3QEd,8186316001543026,2026-06-09 09:51:31,99,2,0,0,False,False,"https://guba.eastmoney.com/news,688076,1722915799.html",2026-07-06 17:05:38
eastmoney_guba,688076,1722959331,交易稀稀疏疏，快变盘了,,云自然,3263017733709790,2026-06-09 10:06:34,143,3,0,0,False,False,"https://guba.eastmoney.com/news,688076,1722959331.html",2026-07-06 17:05:38
eastmoney_guba,688076,1723092136,A股就留科技股吧，其他都退出吧，天天跌，有什么意义,,经纶富贵地梦轩,3689326239938764,2026-06-09 11:12:27,129,3,0,0,False,False,"https://guba.eastmoney.com/news,688076,1723092136.html",2026-07-06 17:05:38
eastmoney_guba,688076,1723221727,这量缩的,,小兔乖乖宝宝,8980094451666448,2026-06-09 13:35:28,176,4,0,0,False,False,"https://guba.eastmoney.com/news,688076,1723221727.html",2026-07-06 17:05:38
eastmoney_guba,688076,1723278342,主力不进我不进，最恶心主力吃独食,,股友B8UXUh,4629385848436686,2026-06-09 14:09:33,92,1,1,0,False,False,"https://guba.eastmoney.com/news,688076,1723278342.html",2026-07-06 17:05:38
eastmoney_guba,688076,1723345706,连尾盘都懒得拉了,,luotuoxzx,6756094607583200,2026-06-09 14:47:41,74,0,0,0,False,False,"https://guba.eastmoney.com/news,688076,1723345706.html",2026-07-06 17:05:38
eastmoney_guba,688076,1723364293,真牛啊你！,,luotuoxzx,6756094607583200,2026-06-09 14:57:35,74,0,0,0,False,False,"https://guba.eastmoney.com/news,688076,1723364293.html",2026-07-06 17:05:38
eastmoney_guba,688076,1723365491,真是恶心,,经纶富贵地梦轩,3689326239938764,2026-06-09 14:58:34,41,0,0,0,False,False,"https://guba.eastmoney.com/news,688076,1723365491.html",2026-07-06 17:05:38
eastmoney_guba,688076,1723517527,白云山市盈率才5，医药股真是没法玩了,,杏花村的爱,3328145407781832,2026-06-09 22:37:05,95,0,0,0,False,False,"https://guba.eastmoney.com/news,688076,1723517527.html",2026-07-06 17:05:38
eastmoney_guba,688076,1723559446,只要价钱便，风口来了翻几倍都有可能,,n807313832835970,8073013832835970,2026-06-10 05:46:06,203,2,0,0,False,False,"https://guba.eastmoney.com/news,688076,1723559446.html",2026-07-06 17:05:38
eastmoney_guba,688076,1723621025,没人要了,,等稳稳,7629375862316660,2026-06-10 09:27:46,65,0,0,0,False,False,"https://guba.eastmoney.com/news,688076,1723621025.html",2026-07-06 17:05:38
eastmoney_guba,688076,1723621666,今天停牌吗？,,等稳稳,7629375862316660,2026-06-10 09:28:21,73,0,0,0,False,False,"https://guba.eastmoney.com/news,688076,1723621666.html",2026-07-06 17:05:38
eastmoney_guba,688076,1723715255,每次冲高后就回落变绿，次次都一样,,经纶富贵地梦轩,3689326239938764,2026-06-10 09:55:20,90,4,0,0,False,False,"https://guba.eastmoney.com/news,688076,1723715255.html",2026-07-06 17:05:38
eastmoney_guba,688076,1723769447,要跑的，今天跑掉,,古越新安,4541336174369464,2026-06-10 10:13:25,56,0,0,0,False,False,"https://guba.eastmoney.com/news,688076,1723769447.html",2026-07-06 17:05:38
eastmoney_guba,688076,1723834990,老天，你开开眼吧，开开眼吧,,经纶富贵地梦轩,3689326239938764,2026-06-10 10:38:17,67,2,0,0,False,False,"https://guba.eastmoney.com/news,688076,1723834990.html",2026-07-06 17:05:38
eastmoney_guba,688076,1723916796,1000手大卖单，好吓人哦,,就是高吸低抛,2849057600812640,2026-06-10 11:17:45,108,1,0,0,False,False,"https://guba.eastmoney.com/news,688076,1723916796.html",2026-07-06 17:05:38
eastmoney_guba,688076,1724010784,…这票五行缺跌？,,账户天天涨,1320305502224462,2026-06-10 13:17:41,79,1,0,0,False,False,"https://guba.eastmoney.com/news,688076,1724010784.html",2026-07-06 17:05:38
eastmoney_guba,688076,1724120724,真是恶心，冲高回落后，下来后就没有一天能上去的，基本收当天低点，大家好好工作生活,,经纶富贵地梦轩,3689326239938764,2026-06-10 14:28:22,160,5,0,0,False,False,"https://guba.eastmoney.com/news,688076,1724120724.html",2026-07-06 17:05:38
eastmoney_guba,688076,1724177951,这个股票没救了，48的本，今天割了5000股，血亏,,盆满锅不满,7202306313611568,2026-06-10 15:04:40,414,12,0,0,False,False,"https://guba.eastmoney.com/news,688076,1724177951.html",2026-07-06 17:05:38
eastmoney_guba,688076,1724330785,哎38元那个筹码峰看着真吓人，割肉完的等多久啊,,白发的柴琳,1281037783819914,2026-06-10 23:17:35,100,0,0,0,False,False,"https://guba.eastmoney.com/news,688076,1724330785.html",2026-07-06 17:05:38
eastmoney_guba,688076,1724374233,人气怎么一下上了2千多？,,股友0e3QEd,8186316001543026,2026-06-11 07:53:29,254,6,0,0,False,False,"https://guba.eastmoney.com/news,688076,1724374233.html",2026-07-06 17:05:38
eastmoney_guba,688076,1724453231,天天大跌，真心可以,,yaomomo2000,2192513855029316,2026-06-11 09:37:51,69,0,0,0,False,False,"https://guba.eastmoney.com/news,688076,1724453231.html",2026-07-06 17:05:38
eastmoney_guba,688076,1724526867,真牛逼，天天往死跌,,经纶富贵地梦轩,3689326239938764,2026-06-11 09:59:58,30,0,0,0,False,False,"https://guba.eastmoney.com/news,688076,1724526867.html",2026-07-06 17:05:38
eastmoney_guba,688076,1724540155,这价位，这走势，耐人寻味啊！,,新壹,5208094313913872,2026-06-11 10:04:34,177,4,0,0,False,False,"https://guba.eastmoney.com/news,688076,1724540155.html",2026-07-06 17:05:38
eastmoney_guba,688076,1724594195,新药好久开发上市摘帽？,,白发的柴琳,1281037783819914,2026-06-11 10:23:36,87,0,0,0,False,False,"https://guba.eastmoney.com/news,688076,1724594195.html",2026-07-06 17:05:38
eastmoney_guba,688076,1724676446,天天一样，跌下来后，大盘无论怎么回，他只会跌，然后接近最低点收盘，服了,,经纶富贵地梦轩,3689326239938764,2026-06-11 10:58:56,37,0,0,0,False,False,"https://guba.eastmoney.com/news,688076,1724676446.html",2026-07-06 17:05:38
eastmoney_guba,688076,1724679682,这样的行情，全是科技，其他往死跌，我也不敢补了,,经纶富贵地梦轩,3689326239938764,2026-06-11 11:00:38,54,0,0,0,False,False,"https://guba.eastmoney.com/news,688076,1724679682.html",2026-07-06 17:05:38
eastmoney_guba,688076,1724721896,全是套死的全完没有一点恐慌盘最近一个月药实在是太惨了,,低吸有钱赚,6738416626968316,2026-06-11 11:22:56,203,4,0,0,False,False,"https://guba.eastmoney.com/news,688076,1724721896.html",2026-07-06 17:05:38
eastmoney_guba,688076,1724900843,缩量，缩量,,随便聊聊00,8440386164089148,2026-06-11 14:15:52,83,0,0,0,False,False,"https://guba.eastmoney.com/news,688076,1724900843.html",2026-07-06 17:05:38
eastmoney_guba,688076,1724932239,退了,,你将最终胜利,1450306394783606,2026-06-11 14:34:50,70,0,0,0,False,False,"https://guba.eastmoney.com/news,688076,1724932239.html",2026-07-06 17:05:38
eastmoney_guba,688076,1725108636,战诺泰，古海州沃土养诺泰，奈何现董事，驭下无方，股势连衰，持仓者困于阴跌深渊，蒙,,坚持就能赚钱,3127376242834582,2026-06-11 21:44:21,121,0,0,0,False,False,"https://guba.eastmoney.com/news,688076,1725108636.html",2026-07-06 17:05:38
eastmoney_guba,688076,1725113734,割完了,,望眼欲穿74,6139335664765416,2026-06-11 21:59:50,78,0,0,0,False,False,"https://guba.eastmoney.com/news,688076,1725113734.html",2026-07-06 17:05:38
eastmoney_guba,688076,1725133600,688076估值多少？,,金玉如意de花木兰,4811345800452030,2026-06-11 23:22:16,95,0,0,0,False,False,"https://guba.eastmoney.com/news,688076,1725133600.html",2026-07-06 17:05:38
eastmoney_guba,688076,1725223642,又是高开低走的一天,,股友RqPaD5,3127316051660808,2026-06-12 09:26:59,84,1,0,0,False,False,"https://guba.eastmoney.com/news,688076,1725223642.html",2026-07-06 17:05:38
eastmoney_guba,688076,1725252987,天天重复一样的把戏，拉了就回落，下跌，太差,,经纶富贵地梦轩,3689326239938764,2026-06-12 09:36:16,30,0,0,0,False,False,"https://guba.eastmoney.com/news,688076,1725252987.html",2026-07-06 17:05:38
eastmoney_guba,688076,1725279355,继续割，接着奏乐接着舞.............,,股友iQUojU,4671355959136046,2026-06-12 09:43:03,748,0,0,0,False,False,"https://guba.eastmoney.com/news,688076,1725279355.html",2026-07-06 17:05:38
eastmoney_guba,688076,1725382573,虚情假意的上涨，下跌时的大单哪去了？稀稀拉拉的都是几十手的小单,,股友RqPaD5,3127316051660808,2026-06-12 10:16:13,154,2,0,0,False,False,"https://guba.eastmoney.com/news,688076,1725382573.html",2026-07-06 17:05:38
eastmoney_guba,688076,1725418857,翰宇涨7个点，你丫真是拉几,,经纶富贵地梦轩,3689326239938764,2026-06-12 10:31:17,65,1,0,0,False,False,"https://guba.eastmoney.com/news,688076,1725418857.html",2026-07-06 17:05:38
eastmoney_guba,688076,1725437882,等下午拉稀,,古越新安,4541336174369464,2026-06-12 10:40:15,141,4,0,0,False,False,"https://guba.eastmoney.com/news,688076,1725437882.html",2026-07-06 17:05:38
eastmoney_guba,688076,1725551445,交投太淡,,股友76636kq858,9304077574992074,2026-06-12 11:54:12,90,0,0,0,False,False,"https://guba.eastmoney.com/news,688076,1725551445.html",2026-07-06 17:05:38
eastmoney_guba,688076,1725624556,诺泰生物的大红包,,内心的眼睛,8619013587733762,2026-06-12 13:26:26,1623,7,3,0,False,False,"https://guba.eastmoney.com/news,688076,1725624556.html",2026-07-06 17:05:38
eastmoney_guba,688076,1725642710,资金一直跑，要不是板块强拉，估计今天也是萎,,经纶富贵地梦轩,3689326239938764,2026-06-12 13:36:28,55,0,0,0,False,False,"https://guba.eastmoney.com/news,688076,1725642710.html",2026-07-06 17:05:38
eastmoney_guba,688076,1725736070,688117比你强多了,,西北狼y,3277336221003132,2026-06-12 14:30:27,94,0,0,0,False,False,"https://guba.eastmoney.com/news,688076,1725736070.html",2026-07-06 17:05:38
eastmoney_guba,688076,1725764856,圣诺生物10送4后，股价会不会超过这货,,大混沌789,2636365924839354,2026-06-12 14:45:33,195,4,0,0,False,False,"https://guba.eastmoney.com/news,688076,1725764856.html",2026-07-06 17:05:34
eastmoney_guba,688076,1725775932,倒要看看这拉几要跑输板块多少，天天跑输,,经纶富贵地梦轩,3689326239938764,2026-06-12 14:50:24,73,1,0,0,False,False,"https://guba.eastmoney.com/news,688076,1725775932.html",2026-07-06 17:05:38
eastmoney_guba,688076,1725867843,少吹虚的，干些实在行为,,拉萨顶峰,3140007529124966,2026-06-12 17:25:51,90,0,0,0,False,False,"https://guba.eastmoney.com/news,688076,1725867843.html",2026-07-06 17:05:38
eastmoney_guba,688076,1726018749,大家分红到账了没有,,买几个菜,6527315512395640,2026-06-13 10:39:26,123,2,0,0,False,False,"https://guba.eastmoney.com/news,688076,1726018749.html",2026-07-06 17:05:38
eastmoney_guba,688076,1726097149,全球首发！全球首个基础胰岛素/GLP-1RA周制剂诺和杰即将在中国率先上市,,底部不慌高位别贪,1458513596672430,2026-06-14 10:40:07,193,0,0,0,False,False,"https://guba.eastmoney.com/news,688076,1726097149.html",2026-07-06 17:05:38
eastmoney_guba,688076,1726099089,110～116骂！操盘的！休想骗走筹码！大笑大笑大笑,,卡巴拉,2028023787975112,2026-06-14 11:07:43,158,5,0,0,False,False,"https://guba.eastmoney.com/news,688076,1726099089.html",2026-07-06 17:05:37
eastmoney_guba,688076,1726107438,7月22日，戴帽一周年，能不能摘帽，应该问题不大吧！,,n341113718080706,3411013718080706,2026-06-14 13:25:44,317,7,0,0,False,False,"https://guba.eastmoney.com/news,688076,1726107438.html",2026-07-06 17:05:37
eastmoney_guba,688076,1726127608,想了想诺泰的几千万财务造假有赔偿受害投资者公告了吗？我想在不赔偿前会不会不给摘帽,,马出牛力,1631013768184614,2026-06-14 18:46:37,184,3,0,0,False,False,"https://guba.eastmoney.com/news,688076,1726127608.html",2026-07-06 17:05:37
eastmoney_guba,688076,1726341202,真拉几，资金持续跑，没指望,,经纶富贵地梦轩,3689326239938764,2026-06-15 10:13:45,69,1,0,0,False,False,"https://guba.eastmoney.com/news,688076,1726341202.html",2026-07-06 17:05:37
eastmoney_guba,688076,1726381535,还有多少老登在这里,,市场的回馈,7387077670632988,2026-06-15 10:31:10,149,4,0,0,False,False,"https://guba.eastmoney.com/news,688076,1726381535.html",2026-07-06 17:05:38
eastmoney_guba,688076,1726461343,翰宇和圣诺，真是甩你几条街，天差地别,,经纶富贵地梦轩,3689326239938764,2026-06-15 11:15:49,59,0,0,0,False,False,"https://guba.eastmoney.com/news,688076,1726461343.html",2026-07-06 17:05:38
eastmoney_guba,688076,1726471948,疯了？,,古越新安,4541336174369464,2026-06-15 11:22:50,153,4,0,0,False,False,"https://guba.eastmoney.com/news,688076,1726471948.html",2026-07-06 17:05:38
eastmoney_guba,688076,1726593416,后悔吗？不,,望眼欲穿74,6139335664765416,2026-06-15 13:47:29,63,0,0,0,False,False,"https://guba.eastmoney.com/news,688076,1726593416.html",2026-07-06 17:05:38
eastmoney_guba,688076,1726634179,耐心，等待,,随便聊聊00,8440386164089148,2026-06-15 14:15:48,62,0,0,0,False,False,"https://guba.eastmoney.com/news,688076,1726634179.html",2026-07-06 17:05:38
eastmoney_guba,688076,1726646364,从ST前持有，一年多了，该上去了吧！,,首富投资人,1811476816912550,2026-06-15 14:24:29,88,1,0,0,False,False,"https://guba.eastmoney.com/news,688076,1726646364.html",2026-07-06 17:05:38
eastmoney_guba,688076,1726702537,涨这么多？日子不过了啊,,只是为了做个实验,4166375946049700,2026-06-15 15:01:09,66,0,0,0,False,False,"https://guba.eastmoney.com/news,688076,1726702537.html",2026-07-06 17:05:38
eastmoney_guba,688076,1726704484,今天太大手大脚了，接下来要过三天苦日子对冲了,,古越新安,4541336174369464,2026-06-15 15:03:02,81,0,0,0,False,False,"https://guba.eastmoney.com/news,688076,1726704484.html",2026-07-06 17:05:37
eastmoney_guba,688076,1727008889,看来是昨天进来的短线资金出逃了,,别听他们忽悠,3124396168972760,2026-06-16 09:51:12,78,1,0,0,False,False,"https://guba.eastmoney.com/news,688076,1727008889.html",2026-07-06 17:05:37
eastmoney_guba,688076,1727288015,啥时候能回本啊，40的本啊,,股友63L0175a31,7199047709615312,2026-06-16 13:22:12,95,2,0,0,False,False,"https://guba.eastmoney.com/news,688076,1727288015.html",2026-07-06 17:05:37
eastmoney_guba,688076,1727367023,诺和诺德CEO表示，司美格鲁肽的监管数据保护将持续至明年第二季度，预计届时仿制药,,底部不慌高位别贪,1458513596672430,2026-06-16 14:11:12,225,1,0,0,False,False,"https://guba.eastmoney.com/news,688076,1727367023.html",2026-07-06 17:05:37
eastmoney_guba,688076,1727419096,垃圾垃圾,,股友iQUojU,4671355959136046,2026-06-16 14:43:55,67,0,0,0,False,False,"https://guba.eastmoney.com/news,688076,1727419096.html",2026-07-06 17:05:37
eastmoney_guba,688076,1727441154,明天开始建仓,,喜欢吃红辣椒辣,2519346480857818,2026-06-16 14:56:14,79,0,0,0,False,False,"https://guba.eastmoney.com/news,688076,1727441154.html",2026-07-06 17:05:37
eastmoney_guba,688076,1727492246,拉几玩意涨一天跌一个星期，st股就没见走这么烂的,,经纶富贵地梦轩,3689326239938764,2026-06-16 16:24:29,80,2,0,0,False,False,"https://guba.eastmoney.com/news,688076,1727492246.html",2026-07-06 17:05:37
eastmoney_guba,688076,1727615555,37卖的，什么时候能抄底啊，光芯片光模块存储炒完了。,,没翻倍不算赚,5013023721672056,2026-06-17 00:17:52,76,0,0,0,False,False,"https://guba.eastmoney.com/news,688076,1727615555.html",2026-07-06 17:05:37
eastmoney_guba,688076,1727762097,完全没有流动性了，20分钟开盘才200多万的成交,,小兔乖乖宝宝,8980094451666448,2026-06-17 09:49:03,57,0,0,0,False,False,"https://guba.eastmoney.com/news,688076,1727762097.html",2026-07-06 17:05:37
eastmoney_guba,688076,1727938646,科创板猛涨，你丫差成这样,,经纶富贵地梦轩,3689326239938764,2026-06-17 10:58:52,62,1,0,0,False,False,"https://guba.eastmoney.com/news,688076,1727938646.html",2026-07-06 17:05:37
eastmoney_guba,688076,1728123104,可以踢出科创板了，严重拖后腿。,,股友892800pn25,8203346180960940,2026-06-17 13:48:58,71,1,0,0,False,False,"https://guba.eastmoney.com/news,688076,1728123104.html",2026-07-06 17:05:37
eastmoney_guba,688076,1728139214,又要创新低了，走了，沙13，等右侧再进,,盆满善贾地任我行,5316034866968140,2026-06-17 13:58:15,61,0,0,0,False,False,"https://guba.eastmoney.com/news,688076,1728139214.html",2026-07-06 17:05:37
eastmoney_guba,688076,1728177226,走了，亏了30%,,基民96w175888W,3674386157750014,2026-06-17 14:21:00,77,1,0,0,False,False,"https://guba.eastmoney.com/news,688076,1728177226.html",2026-07-06 17:05:37
eastmoney_guba,688076,1728194021,这是干什么啊？,,韭菜蔸子,1681094182823942,2026-06-17 14:31:08,459,4,0,0,True,False,"https://guba.eastmoney.com/news,688076,1728194021.html",2026-07-06 17:05:37
eastmoney_guba,688076,1728242206,只为了跌而交易？指数已经回4100。,,永时胜,9427034659555570,2026-06-17 14:58:24,319,8,0,0,False,False,"https://guba.eastmoney.com/news,688076,1728242206.html",2026-07-06 17:05:37
eastmoney_guba,688076,1728552363,这诺泰能努力向下干到多少,,别听他们忽悠,3124396168972760,2026-06-18 09:42:41,41,0,0,0,False,False,"https://guba.eastmoney.com/news,688076,1728552363.html",2026-07-06 17:05:37
eastmoney_guba,688076,1728566977,两年来跌跌不休，恶意做空，可以举报吗？,,新壹,5208094313913872,2026-06-18 09:47:00,47,0,0,0,False,False,"https://guba.eastmoney.com/news,688076,1728566977.html",2026-07-06 17:05:37
eastmoney_guba,688076,1728574202,最黑暗的时刻！,,首富投资人,1811476816912550,2026-06-18 09:49:09,57,1,0,0,False,False,"https://guba.eastmoney.com/news,688076,1728574202.html",2026-07-06 17:05:37
eastmoney_guba,688076,1728574986,这股有一只无形的手不断地压制股价,,酆都故人,9679114871701158,2026-06-18 09:49:23,72,1,0,0,False,False,"https://guba.eastmoney.com/news,688076,1728574986.html",2026-07-06 17:05:37
eastmoney_guba,688076,1728576149,该醒来了！,,首富投资人,1811476816912550,2026-06-18 09:49:44,41,0,0,0,False,False,"https://guba.eastmoney.com/news,688076,1728576149.html",2026-07-06 17:05:37
eastmoney_guba,688076,1728589703,不会有人出货是放几百手单子卡在这里出货的吧,,就是高吸低抛,2849057600812640,2026-06-18 09:53:51,160,0,0,0,True,False,"https://guba.eastmoney.com/news,688076,1728589703.html",2026-07-06 17:05:37
eastmoney_guba,688076,1728599191,所有板块全涨，丫天天往下，连创新药都涨了,,经纶富贵地梦轩,3689326239938764,2026-06-18 09:56:45,50,0,0,0,False,False,"https://guba.eastmoney.com/news,688076,1728599191.html",2026-07-06 17:05:37
eastmoney_guba,688076,1728609424,垃圾弱泰，天天跌,,烤制财富雀,9572326114968406,2026-06-18 09:59:53,46,0,0,0,False,False,"https://guba.eastmoney.com/news,688076,1728609424.html",2026-07-06 17:05:37
eastmoney_guba,688076,1728625468,到17块我就再加2层仓,,别听他们忽悠,3124396168972760,2026-06-18 10:05:07,47,0,0,0,False,False,"https://guba.eastmoney.com/news,688076,1728625468.html",2026-07-06 17:05:37
eastmoney_guba,688076,1728640557,一步到位跌到25呗，墨迹什么。,,蜉蝣天地任逍遥,9844346187863798,2026-06-18 10:10:08,52,0,0,0,False,False,"https://guba.eastmoney.com/news,688076,1728640557.html",2026-07-06 17:05:37
eastmoney_guba,688076,1728659482,这么久都搞不下来25，磨磨叽叽,,瘦虎盼盼爸,7815027138875422,2026-06-18 10:16:55,61,0,0,0,False,False,"https://guba.eastmoney.com/news,688076,1728659482.html",2026-07-06 17:05:37
eastmoney_guba,688076,1728686378,成功抄底,,怕高别炒股,7200027179104992,2026-06-18 10:27:27,72,1,0,0,False,False,"https://guba.eastmoney.com/news,688076,1728686378.html",2026-07-06 17:05:37
eastmoney_guba,688076,1728693725,机构报团科技，散户报团老登。,,市场的回馈,7387077670632988,2026-06-18 10:30:27,48,0,0,0,False,False,"https://guba.eastmoney.com/news,688076,1728693725.html",2026-07-06 17:05:37
eastmoney_guba,688076,1728744545,688117追上来了,,西北狼y,3277336221003132,2026-06-18 10:51:59,94,2,0,0,False,False,"https://guba.eastmoney.com/news,688076,1728744545.html",2026-07-06 17:05:37
eastmoney_guba,688076,1728753782,靠又下来了还有新低,,股友iQUojU,4671355959136046,2026-06-18 10:56:01,66,0,0,0,False,False,"https://guba.eastmoney.com/news,688076,1728753782.html",2026-07-06 17:05:37
eastmoney_guba,688076,1728777347,走下降趋势，不知道底在哪里，本人1月份38.5元卖出了两万多股很正确。做股票要看,,老高盈利并不难,1944111678218282,2026-06-18 11:06:28,270,6,0,0,False,False,"https://guba.eastmoney.com/news,688076,1728777347.html",2026-07-06 17:05:37
eastmoney_guba,688076,1728900873,买卖都没有量，要不放量跌，或者放量涨，7月申请摘帽，大跌一把吧！,,华远股东,3047426769600740,2026-06-18 13:17:59,505,35,0,0,False,False,"https://guba.eastmoney.com/news,688076,1728900873.html",2026-07-06 17:05:34
eastmoney_guba,688076,1728909915,本人以为什么时候大幅度急跌离底部就不远了，这种阴跌短时间看不到底。,,老高盈利并不难,1944111678218282,2026-06-18 13:23:01,65,0,0,0,False,False,"https://guba.eastmoney.com/news,688076,1728909915.html",2026-07-06 17:05:37
eastmoney_guba,688076,1729068365,此股会到13左右才有机会，大家当心,,赚钱喝茅台,2305094303592934,2026-06-18 14:49:05,147,3,0,0,False,False,"https://guba.eastmoney.com/news,688076,1729068365.html",2026-07-06 17:05:37
eastmoney_guba,688076,1729164300,ST诺泰24年立案调查中，信披违规受损者可索赔,,小股声,1571275910637074,2026-06-18 17:49:12,139,2,0,0,False,False,"https://guba.eastmoney.com/news,688076,1729164300.html",2026-07-06 17:05:34
eastmoney_guba,688076,1729245524,"诺泰生物（688076）因""2021-2023年对外投资及关联交易信息披露不完整",,证索小,6910094272449548,2026-06-19 01:47:52,1260,7,0,0,False,False,"https://guba.eastmoney.com/news,688076,1729245524.html",2026-07-06 17:05:32
eastmoney_guba,688076,1729414429,操盘的！117～123骂！骂到营收100亿！,,卡巴拉,2028023787975112,2026-06-21 08:12:18,75,2,0,0,False,False,"https://guba.eastmoney.com/news,688076,1729414429.html",2026-07-06 17:05:37
eastmoney_guba,688076,1729428880,啥时候摘帽？,,风nice,7775426730202884,2026-06-21 12:36:27,75,1,0,0,False,False,"https://guba.eastmoney.com/news,688076,1729428880.html",2026-07-06 17:05:37
eastmoney_guba,688076,1729511686,集合一个跌停，出啥事了，测试盘么，近期出现两回了,,基民37GEqw,6212395584070118,2026-06-22 09:17:49,178,3,0,0,False,False,"https://guba.eastmoney.com/news,688076,1729511686.html",2026-07-06 17:05:37
eastmoney_guba,688076,1729640189,看来可能有雷，朱莉提前知道了,,别听他们忽悠,3124396168972760,2026-06-22 09:57:02,84,2,0,0,False,False,"https://guba.eastmoney.com/news,688076,1729640189.html",2026-07-06 17:05:37
eastmoney_guba,688076,1729758187,看不到止跌迹象，太可怕了，天天跌，哪里才是底？,,追蓝光者,8395375991557040,2026-06-22 10:37:44,90,3,0,0,False,False,"https://guba.eastmoney.com/news,688076,1729758187.html",2026-07-06 17:05:37
eastmoney_guba,688076,1729762657,为什么这么多大单压着,,股友76636kq858,9304077574992074,2026-06-22 10:39:46,57,0,0,0,False,False,"https://guba.eastmoney.com/news,688076,1729762657.html",2026-07-06 17:05:37
eastmoney_guba,688076,1729762838,估计是7月份有真雷？,,古越新安,4541336174369464,2026-06-22 10:39:51,208,8,0,0,False,False,"https://guba.eastmoney.com/news,688076,1729762838.html",2026-07-06 17:05:37
eastmoney_guba,688076,1729852690,加油，到20我进来,,佛心渡股海,8662325567039616,2026-06-22 11:25:29,60,2,0,0,False,False,"https://guba.eastmoney.com/news,688076,1729852690.html",2026-07-06 17:05:37
eastmoney_guba,688076,1729978302,有票的建议现在换成常山药业，现在诺泰比常山贵了五毛，几周后常山会反超5元,,大混沌789,2636365924839354,2026-06-22 13:47:56,95,2,0,0,False,False,"https://guba.eastmoney.com/news,688076,1729978302.html",2026-07-06 17:05:37
eastmoney_guba,688076,1730010600,你大爷翰宇绿5个点拉红了，你啥都不是,,经纶富贵地梦轩,3689326239938764,2026-06-22 14:08:34,41,0,0,0,False,False,"https://guba.eastmoney.com/news,688076,1730010600.html",2026-07-06 17:05:37
eastmoney_guba,688076,1730055667,始终有大单打压，可能中报不好,,西北狼y,3277336221003132,2026-06-22 14:35:56,44,0,0,0,False,False,"https://guba.eastmoney.com/news,688076,1730055667.html",2026-07-06 17:05:37
eastmoney_guba,688076,1730069096,跟跌是第一名，回拉就不跟了,,别听他们忽悠,3124396168972760,2026-06-22 14:43:42,39,0,0,0,False,False,"https://guba.eastmoney.com/news,688076,1730069096.html",2026-07-06 17:05:37
eastmoney_guba,688076,1730078908,我们作为诺泰的股民太可怜了！,,首富投资人,1811476816912550,2026-06-22 14:49:18,153,4,0,0,False,False,"https://guba.eastmoney.com/news,688076,1730078908.html",2026-07-06 17:05:37
eastmoney_guba,688076,1730100105,准备拿到营收100亿的，还有几个人？,,卡巴拉,2028023787975112,2026-06-22 15:02:24,347,10,0,0,False,False,"https://guba.eastmoney.com/news,688076,1730100105.html",2026-07-06 17:05:34
eastmoney_guba,688076,1730117700,是否已提交摘帽申请！,,华远股东,3047426769600740,2026-06-22 15:26:09,52,0,0,0,False,False,"https://guba.eastmoney.com/news,688076,1730117700.html",2026-07-06 17:05:37
eastmoney_guba,688076,1730130479,退市,,你将最终胜利,1450306394783606,2026-06-22 15:53:31,41,0,0,0,False,False,"https://guba.eastmoney.com/news,688076,1730130479.html",2026-07-06 17:05:37
eastmoney_guba,688076,1730162838,财务造假公司，烂透了,,坤哥668,7826094388254576,2026-06-22 17:11:13,56,1,0,0,False,False,"https://guba.eastmoney.com/news,688076,1730162838.html",2026-07-06 17:05:37
eastmoney_guba,688076,1730222174,39的本，太惨了,,帅的已经很明显,6196114868978848,2026-06-22 20:48:09,145,9,0,0,False,False,"https://guba.eastmoney.com/news,688076,1730222174.html",2026-07-06 17:05:34
eastmoney_guba,688076,1730257329,雪球有个，从50一直叫到现在，现在这人炒股炒的都神经了。,,底部不慌高位别贪,1458513596672430,2026-06-22 22:50:38,122,3,0,0,False,False,"https://guba.eastmoney.com/news,688076,1730257329.html",2026-07-06 17:05:37
eastmoney_guba,688076,1730326607,昨天集合跌停，今天集合涨停，到底是谁,,基民37GEqw,6212395584070118,2026-06-23 09:18:45,75,2,0,0,False,False,"https://guba.eastmoney.com/news,688076,1730326607.html",2026-07-06 17:05:37
eastmoney_guba,688076,1730392036,烂泥扶不上，板块拉冒烟了,,经纶富贵地梦轩,3689326239938764,2026-06-23 09:42:13,35,0,0,0,False,False,"https://guba.eastmoney.com/news,688076,1730392036.html",2026-07-06 17:05:37
eastmoney_guba,688076,1730422612,终于有次雄起了，就看下午会不会拉垮了,,别听他们忽悠,3124396168972760,2026-06-23 09:50:42,53,1,0,0,False,False,"https://guba.eastmoney.com/news,688076,1730422612.html",2026-07-06 17:05:37
eastmoney_guba,688076,1730502522,主力，这次不会再骗我吧？,,股友A197669V05,8030376544910926,2026-06-23 10:19:59,84,3,0,0,False,False,"https://guba.eastmoney.com/news,688076,1730502522.html",2026-07-06 17:05:37
eastmoney_guba,688076,1730542879,猜猜看，今天会不会到29？,,古越新安,4541336174369464,2026-06-23 10:37:39,31,0,0,0,False,False,"https://guba.eastmoney.com/news,688076,1730542879.html",2026-07-06 17:05:37
eastmoney_guba,688076,1730544485,冲啊，终于有戏了,,股友RqPaD5,3127316051660808,2026-06-23 10:38:25,39,0,0,0,False,False,"https://guba.eastmoney.com/news,688076,1730544485.html",2026-07-06 17:05:37
eastmoney_guba,688076,1730617468,短期看看昙花一现,,石头小叮当,2519345662868604,2026-06-23 11:16:51,34,0,0,0,False,False,"https://guba.eastmoney.com/news,688076,1730617468.html",2026-07-06 17:05:37
eastmoney_guba,688076,1730619569,坚持住，别尿崩,,股友dimSvN,1775275755147584,2026-06-23 11:18:09,52,1,0,0,False,False,"https://guba.eastmoney.com/news,688076,1730619569.html",2026-07-06 17:05:37
eastmoney_guba,688076,1730625357,看来要拉稀,,古越新安,4541336174369464,2026-06-23 11:21:22,53,1,0,0,False,False,"https://guba.eastmoney.com/news,688076,1730625357.html",2026-07-06 17:05:37
eastmoney_guba,688076,1730757917,这根墓碑线又难看了,,拿个一万来炒股,9795094334154924,2026-06-23 13:53:37,71,1,0,0,False,False,"https://guba.eastmoney.com/news,688076,1730757917.html",2026-07-06 17:05:37
eastmoney_guba,688076,1730763284,上午激流勇进，下午一泻千里。,,别听他们忽悠,3124396168972760,2026-06-23 13:56:47,45,0,0,0,False,False,"https://guba.eastmoney.com/news,688076,1730763284.html",2026-07-06 17:05:37
eastmoney_guba,688076,1730796074,给点力啊，阿诺,,股友39r98019O7,2262386297879572,2026-06-23 14:16:11,40,0,0,0,False,False,"https://guba.eastmoney.com/news,688076,1730796074.html",2026-07-06 17:05:37
eastmoney_guba,688076,1731067305,猴年概念股ST天圣，扭亏+小市值，潜伏摘帽不二之选,,到处捡破烂,4508024992995816,2026-06-24 07:29:37,2144,7,0,0,True,False,"https://guba.eastmoney.com/news,688076,1731067305.html",2026-07-06 17:05:32
eastmoney_guba,688076,1731164740,礼来特批使用瑞他鲁肽的79岁老人是不是特朗普？,,股友B8UXUh,4629385848436686,2026-06-24 09:42:44,51,0,0,0,False,False,"https://guba.eastmoney.com/news,688076,1731164740.html",2026-07-06 17:05:37
eastmoney_guba,688076,1731206184,聚首：多肽及创新药物【4股】药明康德/圣诺生物/九芝堂/ST诺泰————A股市场,,论股浅水,6440113683132416,2026-06-24 09:54:57,537,2,0,0,False,False,"https://guba.eastmoney.com/news,688076,1731206184.html",2026-07-06 17:05:34
eastmoney_guba,688076,1731284210,冲高回落，拉稀的一天,,古越新安,4541336174369464,2026-06-24 10:21:56,41,1,0,0,False,False,"https://guba.eastmoney.com/news,688076,1731284210.html",2026-07-06 17:05:37
eastmoney_guba,688076,1731309700,上当受骗了,,弯角如月,3346094761510684,2026-06-24 10:31:19,35,0,0,0,False,False,"https://guba.eastmoney.com/news,688076,1731309700.html",2026-07-06 17:05:37
eastmoney_guba,688076,1731395934,九月份可以申请摘帽，基本面没有问题，688的买入账户有资金额度限制，小户进不来，,,ybz6688,2725014315939530,2026-06-24 11:07:23,330,8,0,0,False,False,"https://guba.eastmoney.com/news,688076,1731395934.html",2026-07-06 17:05:37
eastmoney_guba,688076,1731505173,走势又开始装死,,yaomomo2000,2192513855029316,2026-06-24 13:16:05,34,0,0,0,False,False,"https://guba.eastmoney.com/news,688076,1731505173.html",2026-07-06 17:05:37
eastmoney_guba,688076,1731536242,急呼万手哥,,想买哪吒,2125326587089456,2026-06-24 13:33:09,45,1,0,0,False,False,"https://guba.eastmoney.com/news,688076,1731536242.html",2026-07-06 17:05:37
eastmoney_guba,688076,1731626630,卧槽，这是机构割了？！,,股友L7E5567193,6881326576753498,2026-06-24 14:24:39,221,4,0,0,False,False,"https://guba.eastmoney.com/news,688076,1731626630.html",2026-07-06 17:05:37
eastmoney_guba,688076,1731725306,这个位置估计还要横一年左右，然后一个月全部涨完。,,卡巴拉,2028023787975112,2026-06-24 15:44:23,100,2,0,0,False,False,"https://guba.eastmoney.com/news,688076,1731725306.html",2026-07-06 17:05:34
eastmoney_guba,688076,1731824024,27.99，什么意思？不急？,,古越新安,4541336174369464,2026-06-24 20:53:59,42,0,0,0,False,False,"https://guba.eastmoney.com/news,688076,1731824024.html",2026-07-06 17:05:37
eastmoney_guba,688076,1731852835,信披违规收行政处罚，诺泰生物索赔条件2022年4月28日至2024年10月23日,,司南话信披,2328486799815640,2026-06-24 22:21:26,195,4,0,0,False,False,"https://guba.eastmoney.com/news,688076,1731852835.html",2026-07-06 17:05:32
eastmoney_guba,688076,1731943288,今天停牌吗？,,善思考的汤三仟,4728013690287206,2026-06-25 09:22:34,34,0,0,0,False,False,"https://guba.eastmoney.com/news,688076,1731943288.html",2026-07-06 17:05:37
eastmoney_guba,688076,1731982879,真的不给活路，一直跌,,kissfire86,1790355596948000,2026-06-25 09:35:01,32,0,0,0,False,False,"https://guba.eastmoney.com/news,688076,1731982879.html",2026-07-06 17:05:37
eastmoney_guba,688076,1731996979,一买就上当，当当都一样,,luotuoxzx,6756094607583200,2026-06-25 09:38:35,30,0,0,0,False,False,"https://guba.eastmoney.com/news,688076,1731996979.html",2026-07-06 17:05:37
eastmoney_guba,688076,1732036873,致ST诺泰主力：散户正式投降书尊敬的诺泰操盘主力大佬：您好！历经数月反复磨底、阴,,只是为了做个实验,4166375946049700,2026-06-25 09:48:58,677,20,3,0,False,False,"https://guba.eastmoney.com/news,688076,1732036873.html",2026-07-06 17:05:34
eastmoney_guba,688076,1732064545,自从买了这个票以后，脑瓜子一直嗡嗡的,,深谋远虑的钱翔云,8210094435390506,2026-06-25 09:56:20,86,1,0,0,False,False,"https://guba.eastmoney.com/news,688076,1732064545.html",2026-07-06 17:05:34
eastmoney_guba,688076,1732175720,锚定营收100亿！一年了，洗不出来。恐吓了一年，再磨叽一年。从市值上讲，对于产业,,卡巴拉,2028023787975112,2026-06-25 10:29:32,227,2,2,0,False,False,"https://guba.eastmoney.com/news,688076,1732175720.html",2026-07-06 17:05:34
eastmoney_guba,688076,1732300198,全国及江苏多肽类出口数量及单价统计,,酆都故人,9679114871701158,2026-06-25 11:24:22,1073,10,3,0,True,False,"https://guba.eastmoney.com/news,688076,1732300198.html",2026-07-06 17:05:34
eastmoney_guba,688076,1732327821,....大家还有人继续唱多？过几天就到25了啊幸好割的早,,医药不值得投资,5383084759787052,2026-06-25 11:48:32,270,2,0,0,False,False,"https://guba.eastmoney.com/news,688076,1732327821.html",2026-07-06 17:05:34
eastmoney_guba,688076,1732406526,在其它股上赚的钱都赔在这个上了。,,luotuoxzx,6756094607583200,2026-06-25 13:25:20,27,0,0,0,False,False,"https://guba.eastmoney.com/news,688076,1732406526.html",2026-07-06 17:05:34
eastmoney_guba,688076,1732408021,这个,,luotuoxzx,6756094607583200,2026-06-25 13:26:08,31,0,0,0,False,False,"https://guba.eastmoney.com/news,688076,1732408021.html",2026-07-06 17:05:34
eastmoney_guba,688076,1732409956,在其它股上赚的钱都赔在它里面了,,luotuoxzx,6756094607583200,2026-06-25 13:27:11,32,0,0,0,False,False,"https://guba.eastmoney.com/news,688076,1732409956.html",2026-07-06 17:05:34
eastmoney_guba,688076,1732416702,没空陪你闹了,,股友177r6d8621,5752077666414414,2026-06-25 13:30:44,34,0,0,0,False,False,"https://guba.eastmoney.com/news,688076,1732416702.html",2026-07-06 17:05:34
eastmoney_guba,688076,1732464087,这只股票不能融券做空，哪来的那么多的卖盘呢？,,luotuoxzx,6756094607583200,2026-06-25 13:55:01,215,5,0,0,False,False,"https://guba.eastmoney.com/news,688076,1732464087.html",2026-07-06 17:05:34
eastmoney_guba,688076,1732577156,恶心的量化,,拉萨顶峰,3140007529124966,2026-06-25 14:54:35,39,1,0,0,False,False,"https://guba.eastmoney.com/news,688076,1732577156.html",2026-07-06 17:05:34
eastmoney_guba,688076,1732583107,这个是不是不退市，,,丶九13,6939336023269996,2026-06-25 14:57:36,68,3,0,0,False,False,"https://guba.eastmoney.com/news,688076,1732583107.html",2026-07-06 17:05:34
eastmoney_guba,688076,1732598309,又找新底去了，摘帽前最黑暗的时候到了。,,首富投资人,1811476816912550,2026-06-25 15:08:09,40,0,0,0,False,False,"https://guba.eastmoney.com/news,688076,1732598309.html",2026-07-06 17:05:34
eastmoney_guba,688076,1732602064,涨的股票散户越来越少，跌的股票散户越来越多，所以还是去存储吧！拜拜了！,,华远股东,3047426769600740,2026-06-25 15:11:42,37,0,0,0,False,False,"https://guba.eastmoney.com/news,688076,1732602064.html",2026-07-06 17:05:34
eastmoney_guba,688076,1732605982,哈哈前二天怎么说的只要它拉阳线后面二三天还要跌下来然后再接着创新底25不远了加油,,低吸有钱赚,6738416626968316,2026-06-25 15:15:45,103,1,0,0,False,False,"https://guba.eastmoney.com/news,688076,1732605982.html",2026-07-06 17:05:34
eastmoney_guba,688076,1732611966,不能碰存储以外的股，即使是医药，还会有跌一半的可能。,,没翻倍不算赚,5013023721672056,2026-06-25 15:23:55,129,4,0,0,False,False,"https://guba.eastmoney.com/news,688076,1732611966.html",2026-07-06 17:05:34
eastmoney_guba,688076,1732645535,给黑暗中的战友打打气～诺泰生物小容量注射剂（卡式瓶）生产线通过GMP符合性检查,,领头羊资讯,2286356412613252,2026-06-25 16:33:32,547,7,2,0,False,False,"https://guba.eastmoney.com/news,688076,1732645535.html",2026-07-06 17:05:34
eastmoney_guba,688076,1732646357,诺泰生物小容量注射剂（卡式瓶）生产线通过GMP符合性检查,,ST诺泰资讯,9038395923854884,2026-06-25 16:35:20,921,12,1,0,False,False,"https://guba.eastmoney.com/news,688076,1732646357.html",2026-07-06 17:05:34
eastmoney_guba,688076,1732647667,你咋不跟跟凯莱英呢,,尽职的唐楷严,2490177307023656,2026-06-25 16:38:40,51,0,0,0,False,False,"https://guba.eastmoney.com/news,688076,1732647667.html",2026-07-06 17:05:34
eastmoney_guba,688076,1732669166,明天应该小啦,,股友69H7551W82,5550213388913732,2026-06-25 17:38:10,49,1,0,0,False,False,"https://guba.eastmoney.com/news,688076,1732669166.html",2026-07-06 17:05:34
eastmoney_guba,688076,1732675259,下一代减重药尚未获批，已有国内企业开始布局仿制药,,ST诺泰资讯,9038395923854884,2026-06-25 17:56:39,2056,4,4,0,False,False,"https://guba.eastmoney.com/news,688076,1732675259.html",2026-07-06 17:05:34
eastmoney_guba,688076,1732734900,预期摘帽12月18日，但当前并非理想的左侧建仓时机。,,股民3573,9801094391333426,2026-06-25 21:16:31,67,0,0,0,False,False,"https://guba.eastmoney.com/news,688076,1732734900.html",2026-07-06 17:05:34
eastmoney_guba,688076,1732877288,竞价给个20%，忽悠我们吧,,股友76636kq858,9304077574992074,2026-06-26 09:31:03,82,2,0,0,False,False,"https://guba.eastmoney.com/news,688076,1732877288.html",2026-07-06 17:05:34
eastmoney_guba,688076,1733178591,你必须破25，要不怎么叫250呢！,,华远股东,3047426769600740,2026-06-26 11:06:05,30,0,0,0,False,False,"https://guba.eastmoney.com/news,688076,1733178591.html",2026-07-06 17:05:34
eastmoney_guba,688076,1733427098,这票长线可以买吗,,股友63L0175a31,7199047709615312,2026-06-26 14:22:51,179,6,0,0,False,False,"https://guba.eastmoney.com/news,688076,1733427098.html",2026-07-06 17:05:34
eastmoney_guba,688076,1733431643,月底破25,,相思成灾,6885057794142460,2026-06-26 14:25:26,25,0,0,0,False,False,"https://guba.eastmoney.com/news,688076,1733431643.html",2026-07-06 17:05:34
eastmoney_guba,688076,1733436048,退市,,你将最终胜利,1450306394783606,2026-06-26 14:27:54,41,0,0,0,False,False,"https://guba.eastmoney.com/news,688076,1733436048.html",2026-07-06 17:05:34
eastmoney_guba,688076,1733594715,割了吧，很快就要15,,左可可,9247094362806168,2026-06-26 18:15:50,41,0,0,0,False,False,"https://guba.eastmoney.com/news,688076,1733594715.html",2026-07-06 17:05:34
eastmoney_guba,688076,1733611566,ST诺泰:关于公司2023年限制性股票激励计划第三个归属期符合归属条件的公告,,ST诺泰资讯,9038395923854884,2026-06-26 19:19:47,602,2,2,0,False,False,"https://guba.eastmoney.com/news,688076,1733611566.html",2026-07-06 17:05:34
eastmoney_guba,688076,1733611567,ST诺泰:江苏诺泰澳赛诺生物制药股份有限公司董事会薪酬与考核委员会关于2023年限制性股票激励计划第三个归属期归属名单的核查意见,,ST诺泰资讯,9038395923854884,2026-06-26 19:19:48,543,1,0,0,False,False,"https://guba.eastmoney.com/news,688076,1733611567.html",2026-07-06 17:05:34
eastmoney_guba,688076,1733611562,ST诺泰:关于调整2023年限制性股票激励计划相关事项的公告,,ST诺泰资讯,9038395923854884,2026-06-26 19:19:48,535,0,0,0,False,False,"https://guba.eastmoney.com/news,688076,1733611562.html",2026-07-06 17:05:34
eastmoney_guba,688076,1733611560,ST诺泰:关于作废处理2023年限制性股票激励计划部分限制性股票的公告,,ST诺泰资讯,9038395923854884,2026-06-26 19:19:48,546,1,0,0,False,False,"https://guba.eastmoney.com/news,688076,1733611560.html",2026-07-06 17:05:34
eastmoney_guba,688076,1733611572,ST诺泰:国浩律师(杭州)事务所关于江苏诺泰澳赛诺生物制药股份有限公司2023年限制性股票激励计划第三个归属期归属条件成就、授予价格调整及部分限制性股票作废相,,ST诺泰资讯,9038395923854884,2026-06-26 19:19:48,529,0,1,0,False,False,"https://guba.eastmoney.com/news,688076,1733611572.html",2026-07-06 17:05:34
eastmoney_guba,688076,1733640706,退市,,股东老马,1394355986950520,2026-06-26 21:11:29,43,0,0,0,False,False,"https://guba.eastmoney.com/news,688076,1733640706.html",2026-07-06 17:05:34
eastmoney_guba,688076,1733640727,已经这样了，还有脸拿奖励？这是吸散户的血啊！,,首富投资人,1811476816912550,2026-06-26 21:11:37,42,0,0,0,False,False,"https://guba.eastmoney.com/news,688076,1733640727.html",2026-07-06 17:05:34
eastmoney_guba,688076,1733665201,都不知道说啥好，干脆你就抱紧礼来大腿，鼎力合作啊，哎,,shinwha,3417346184898440,2026-06-26 22:46:09,48,0,0,0,False,False,"https://guba.eastmoney.com/news,688076,1733665201.html",2026-07-06 17:05:34
eastmoney_guba,688076,1733718889,静待板块转暖、摘帽之前，应该有风起？,,首富投资人,1811476816912550,2026-06-27 10:13:58,46,0,0,0,False,False,"https://guba.eastmoney.com/news,688076,1733718889.html",2026-07-06 17:05:34
eastmoney_guba,688076,1733732325,公司因2021年度报告存在虚假记载、公开发行文件编造虚假内容已于2025年12月,,梁律聊信披2,7131094518830116,2026-06-27 12:20:35,756,3,0,0,False,False,"https://guba.eastmoney.com/news,688076,1733732325.html",2026-07-06 17:05:32
eastmoney_guba,688076,1733737679,啥时候出预报,,离家五百里,4057335941292986,2026-06-27 13:27:53,50,0,0,0,False,False,"https://guba.eastmoney.com/news,688076,1733737679.html",2026-07-06 17:05:34
eastmoney_guba,688076,1733786635,诺泰生物（688076）凡在2022年4月28日至2024年10月23日期间买入,,捉妖擒_龙君,8930017751047982,2026-06-27 23:52:26,65,0,0,0,False,False,"https://guba.eastmoney.com/news,688076,1733786635.html",2026-07-06 17:05:34
eastmoney_guba,688076,1733795818,什么时候把雪球那以策略为首的多头打的不说话，就到底了。,,市场的回馈,7387077670632988,2026-06-28 07:08:39,66,1,0,0,False,False,"https://guba.eastmoney.com/news,688076,1733795818.html",2026-07-06 17:05:34
eastmoney_guba,688076,1733816984,还有三四块到底，大概22附近,,Insunny,5107513334329184,2026-06-28 12:16:35,84,4,0,0,False,False,"https://guba.eastmoney.com/news,688076,1733816984.html",2026-07-06 17:05:34
eastmoney_guba,688076,1733836865,124～130骂！操盘的！,,卡巴拉,2028023787975112,2026-06-28 16:43:34,94,2,0,0,False,False,"https://guba.eastmoney.com/news,688076,1733836865.html",2026-07-06 17:05:32
eastmoney_guba,688076,1733902647,15再来买,,赚钱喝茅台,2305094303592934,2026-06-29 09:02:51,33,0,0,0,False,False,"https://guba.eastmoney.com/news,688076,1733902647.html",2026-07-06 17:05:34
eastmoney_guba,688076,1733994846,圣诺生物除权除息后马上赶上你了，不作为啊,,股友76636kq858,9304077574992074,2026-06-29 09:44:45,66,2,0,0,False,False,"https://guba.eastmoney.com/news,688076,1733994846.html",2026-07-06 17:05:34
eastmoney_guba,688076,1734023728,圣诺减肥原料药龙头。。马上超越诺泰，耻辱啊，,,管住手机会永远有,1505346236358364,2026-06-29 09:52:04,39,0,0,0,False,False,"https://guba.eastmoney.com/news,688076,1734023728.html",2026-07-06 17:05:34
eastmoney_guba,688076,1734051269,什么意思？临近半年度快报期，股价忽下忽上，想收筹码了？,,古越新安,4541336174369464,2026-06-29 09:59:12,31,0,0,0,False,False,"https://guba.eastmoney.com/news,688076,1734051269.html",2026-07-06 17:05:34
eastmoney_guba,688076,1734065872,谢谢你小弟把，把你带红,,随便聊聊00,8440386164089148,2026-06-29 10:03:31,62,3,0,0,False,False,"https://guba.eastmoney.com/news,688076,1734065872.html",2026-07-06 17:05:34
eastmoney_guba,688076,1734132740,不是，你不是正宗减肥股么,,基民37GEqw,6212395584070118,2026-06-29 10:26:24,52,2,0,0,False,False,"https://guba.eastmoney.com/news,688076,1734132740.html",2026-07-06 17:05:34
eastmoney_guba,688076,1734143085,上去如登山，下来如坐滑梯！,,华远股东,3047426769600740,2026-06-29 10:30:35,34,1,0,0,False,False,"https://guba.eastmoney.com/news,688076,1734143085.html",2026-07-06 17:05:34
eastmoney_guba,688076,1734208454,闻小散收26.27,,盆满锅不满,7202306313611568,2026-06-29 11:00:26,186,3,0,0,False,False,"https://guba.eastmoney.com/news,688076,1734208454.html",2026-07-06 17:05:32
eastmoney_guba,688076,1734265710,跌一泄千里，涨如蜗牛。今天如果不是板块救了你估计已经是25了,,永时胜,9427034659555570,2026-06-29 11:38:19,33,0,0,0,False,False,"https://guba.eastmoney.com/news,688076,1734265710.html",2026-07-06 17:05:34
eastmoney_guba,688076,1734294792,减肥药又要c位，你呢,,时刻落袋为安,2205004714926754,2026-06-29 12:51:39,40,0,0,0,False,False,"https://guba.eastmoney.com/news,688076,1734294792.html",2026-07-06 17:05:34
eastmoney_guba,688076,1734326983,你爷爷翰宇又大涨，什么时候轮到你,,不知名的诗人,9276316050816722,2026-06-29 13:16:35,55,1,0,0,False,False,"https://guba.eastmoney.com/news,688076,1734326983.html",2026-07-06 17:05:32
eastmoney_guba,688076,1734328906,板块救了你,,还康得新正义,4313075457881082,2026-06-29 13:17:51,37,0,0,0,False,False,"https://guba.eastmoney.com/news,688076,1734328906.html",2026-07-06 17:05:34
eastmoney_guba,688076,1734342862,这股绝对正宗减肥药，不仅让你荷包减肥，持有绝对让你大幅减肥，真正的减肥神药。,,股友RqPaD5,3127316051660808,2026-06-29 13:27:39,53,0,0,0,False,False,"https://guba.eastmoney.com/news,688076,1734342862.html",2026-07-06 17:05:34
eastmoney_guba,688076,1734376957,真的是大垃圾,,你将最终胜利,1450306394783606,2026-06-29 13:49:59,35,0,0,0,False,False,"https://guba.eastmoney.com/news,688076,1734376957.html",2026-07-06 17:05:34
eastmoney_guba,688076,1734397009,ST诺泰：赛道风口已至，摘帽倒计时开启,,ST砖家,1036365834650008,2026-06-29 14:02:22,1490,22,2,0,False,False,"https://guba.eastmoney.com/news,688076,1734397009.html",2026-07-06 17:05:32
eastmoney_guba,688076,1734408041,诺泰请开始你的跳水表演,,给你一个意外,1506345824788338,2026-06-29 14:09:25,32,0,0,0,False,False,"https://guba.eastmoney.com/news,688076,1734408041.html",2026-07-06 17:05:34
eastmoney_guba,688076,1734434469,扶不起的阿斗,,账户天天涨,1320305502224462,2026-06-29 14:27:44,68,2,0,0,False,False,"https://guba.eastmoney.com/news,688076,1734434469.html",2026-07-06 17:05:34
eastmoney_guba,688076,1734570065,劣迹斑斑的公司，害人不浅。,,东山挥麈,8876104657667302,2026-06-29 17:56:24,94,4,0,0,False,False,"https://guba.eastmoney.com/news,688076,1734570065.html",2026-07-06 17:05:32
eastmoney_guba,688076,1734591788,申请摘帽时间，诺泰到底最早是7月还是I2月？有专业的人土解读一下官方文件吗？,,永时胜,9427034659555570,2026-06-29 19:13:41,300,3,0,0,False,False,"https://guba.eastmoney.com/news,688076,1734591788.html",2026-07-06 17:05:34
eastmoney_guba,688076,1734722412,年底了,,快人快语的爱泽哈,2913355822810420,2026-06-30 09:19:13,33,0,0,0,False,False,"https://guba.eastmoney.com/news,688076,1734722412.html",2026-07-06 17:05:34
eastmoney_guba,688076,1734798519,真拉胯,,股友76636kq858,9304077574992074,2026-06-30 09:46:13,36,0,0,0,False,False,"https://guba.eastmoney.com/news,688076,1734798519.html",2026-07-06 17:05:34
eastmoney_guba,688076,1734811632,圣诺生物股价反超诺泰,,酆都故人,9679114871701158,2026-06-30 09:50:23,179,2,0,0,True,False,"https://guba.eastmoney.com/news,688076,1734811632.html",2026-07-06 17:05:32
eastmoney_guba,688076,1734856032,跟跌不跟涨的,,单恋一枝花2,6965017055864904,2026-06-30 10:05:39,37,0,0,0,False,False,"https://guba.eastmoney.com/news,688076,1734856032.html",2026-07-06 17:05:34
eastmoney_guba,688076,1734858153,继续压吧主力，不到100不走,,单恋一枝花2,6965017055864904,2026-06-30 10:06:29,85,3,0,0,False,False,"https://guba.eastmoney.com/news,688076,1734858153.html",2026-07-06 17:05:32
eastmoney_guba,688076,1734971711,想吃独食的老庄，你这样打压是吃不到筹码的，大家都躺平了，你真想吃到大量的筹码，应,,只是为了做个实验,4166375946049700,2026-06-30 10:58:37,176,1,0,0,False,False,"https://guba.eastmoney.com/news,688076,1734971711.html",2026-07-06 17:05:32
eastmoney_guba,688076,1735014684,真踏马烂啊,,kissfire86,1790355596948000,2026-06-30 11:22:35,40,0,0,0,False,False,"https://guba.eastmoney.com/news,688076,1735014684.html",2026-07-06 17:05:32
eastmoney_guba,688076,1735122283,这个烂3；建筑老板真嗨,,越来越好运,1763094302211820,2026-06-30 13:30:12,37,0,0,0,False,False,"https://guba.eastmoney.com/news,688076,1735122283.html",2026-07-06 17:05:32
eastmoney_guba,688076,1735229061,这么差的股性，还要量化,,拉萨顶峰,3140007529124966,2026-06-30 14:33:59,34,0,0,0,False,False,"https://guba.eastmoney.com/news,688076,1735229061.html",2026-07-06 17:05:34
eastmoney_guba,688076,1735235287,这么差的股性，还要量化,,拉萨顶峰,3140007529124966,2026-06-30 14:37:45,36,0,0,0,False,False,"https://guba.eastmoney.com/news,688076,1735235287.html",2026-07-06 17:05:32
eastmoney_guba,688076,1735239187,圣诺生物除权都超过你了,,股友76636kq858,9304077574992074,2026-06-30 14:40:02,184,5,0,0,False,False,"https://guba.eastmoney.com/news,688076,1735239187.html",2026-07-06 17:05:32
eastmoney_guba,688076,1735270639,诺泰生物（688076）因虚假陈述已被中国证监会处罚，现在法院一审判决投资者胜诉,,股友10K7812h10,4805047333700014,2026-06-30 14:58:09,153,0,1,0,False,False,"https://guba.eastmoney.com/news,688076,1735270639.html",2026-07-06 17:05:32
eastmoney_guba,688076,1735397341,恭喜诺泰半年下跌百分之二十八,,坚持就能赚钱,3127376242834582,2026-06-30 20:27:46,51,0,0,0,False,False,"https://guba.eastmoney.com/news,688076,1735397341.html",2026-07-06 17:05:32
eastmoney_guba,688076,1735540839,真行，涨一天够跌几个月,,yaomomo2000,2192513855029316,2026-07-01 09:34:16,25,1,0,0,False,False,"https://guba.eastmoney.com/news,688076,1735540839.html",2026-07-06 17:05:34
eastmoney_guba,688076,1735558652,没意思删股关机走人,,股民3573,9801094391333426,2026-07-01 09:39:01,31,1,0,0,False,False,"https://guba.eastmoney.com/news,688076,1735558652.html",2026-07-06 17:05:32
eastmoney_guba,688076,1735615198,开始逐步建仓,,想买哪吒,2125326587089456,2026-07-01 09:56:41,24,0,0,0,False,False,"https://guba.eastmoney.com/news,688076,1735615198.html",2026-07-06 17:05:32
eastmoney_guba,688076,1735615555,买了你，这辈子造的孽也都还完了,,yaomomo2000,2192513855029316,2026-07-01 09:56:49,26,0,0,0,False,False,"https://guba.eastmoney.com/news,688076,1735615555.html",2026-07-06 17:05:34
eastmoney_guba,688076,1735651977,造罪呀，难道半度报不行？,,古越新安,4541336174369464,2026-07-01 10:09:18,32,0,0,0,False,False,"https://guba.eastmoney.com/news,688076,1735651977.html",2026-07-06 17:05:34
eastmoney_guba,688076,1735656317,一潭死水,,小兔乖乖宝宝,8980094451666448,2026-07-01 10:10:53,26,0,0,0,False,False,"https://guba.eastmoney.com/news,688076,1735656317.html",2026-07-06 17:05:32
eastmoney_guba,688076,1735770844,快跑，明后天又会猛跌,,古越新安,4541336174369464,2026-07-01 10:56:11,25,0,0,0,False,False,"https://guba.eastmoney.com/news,688076,1735770844.html",2026-07-06 17:05:34
eastmoney_guba,688076,1735773830,下跌如山倒，上涨如抽丝,,yaomomo2000,2192513855029316,2026-07-01 10:57:40,30,0,0,0,False,False,"https://guba.eastmoney.com/news,688076,1735773830.html",2026-07-06 17:05:34
eastmoney_guba,688076,1735807974,我感觉这种走势有一点引诱我割肉去追其他医药股的感觉,,天天涨停不行吗,6357025163398760,2026-07-01 11:15:07,58,2,0,0,False,False,"https://guba.eastmoney.com/news,688076,1735807974.html",2026-07-06 17:05:32
eastmoney_guba,688076,1735827043,第二季度净利润在9000万到1亿左右,,相思成灾,6885057794142460,2026-07-01 11:25:40,372,6,0,0,False,False,"https://guba.eastmoney.com/news,688076,1735827043.html",2026-07-06 17:05:32
eastmoney_guba,688076,1735831353,别睡了！,,首富投资人,1811476816912550,2026-07-01 11:28:15,23,0,0,0,False,False,"https://guba.eastmoney.com/news,688076,1735831353.html",2026-07-06 17:05:34
eastmoney_guba,688076,1735835881,是时候该.醒来了,,首富投资人,1811476816912550,2026-07-01 11:31:20,32,0,0,0,False,False,"https://guba.eastmoney.com/news,688076,1735835881.html",2026-07-06 17:05:34
eastmoney_guba,688076,1735903916,别睡了,,基民37GEqw,6212395584070118,2026-07-01 13:13:55,33,1,0,0,False,False,"https://guba.eastmoney.com/news,688076,1735903916.html",2026-07-06 17:05:32
eastmoney_guba,688076,1735927688,大单打压出货，中报不好,,西北狼y,3277336221003132,2026-07-01 13:27:40,33,0,0,0,False,False,"https://guba.eastmoney.com/news,688076,1735927688.html",2026-07-06 17:05:34
eastmoney_guba,688076,1735929364,诺泰是时候了，子弹上堂，可一飞冲天了,,首富投资人,1811476816912550,2026-07-01 13:28:35,55,1,0,0,False,False,"https://guba.eastmoney.com/news,688076,1735929364.html",2026-07-06 17:05:34
eastmoney_guba,688076,1735955160,跑,,望眼欲穿74,6139335664765416,2026-07-01 13:43:25,31,0,0,0,False,False,"https://guba.eastmoney.com/news,688076,1735955160.html",2026-07-06 17:05:32
eastmoney_guba,688076,1735955639,不后悔,,望眼欲穿74,6139335664765416,2026-07-01 13:43:43,42,1,0,0,False,False,"https://guba.eastmoney.com/news,688076,1735955639.html",2026-07-06 17:05:32
eastmoney_guba,688076,1736037935,风口上猪都能起飞，可他是苟，飞不了,,经纶富贵地梦轩,3689326239938764,2026-07-01 14:34:30,36,0,0,0,False,False,"https://guba.eastmoney.com/news,688076,1736037935.html",2026-07-06 17:05:32
eastmoney_guba,688076,1736155723,涨不涨不知道，但这票绝对安全，,,买几个菜,6527315512395640,2026-07-01 17:51:53,62,1,0,0,False,False,"https://guba.eastmoney.com/news,688076,1736155723.html",2026-07-06 17:05:32
eastmoney_guba,688076,1736164692,这家公司没有瀚宇有生意头脑，董事长又没有实权，一手好牌打的稀巴烂，,,什么理由,9735513611839352,2026-07-01 18:25:33,211,4,0,0,False,False,"https://guba.eastmoney.com/news,688076,1736164692.html",2026-07-06 17:05:32
eastmoney_guba,688076,1736283338,大部分医药股低点起来至少20多个点了，底部已经确立，诺泰还在磨底,,相思成灾,6885057794142460,2026-07-02 08:32:53,61,0,0,0,False,False,"https://guba.eastmoney.com/news,688076,1736283338.html",2026-07-06 17:05:32
eastmoney_guba,688076,1736350046,原料药有利好,,yaomomo2000,2192513855029316,2026-07-02 09:36:54,40,1,0,0,False,False,"https://guba.eastmoney.com/news,688076,1736350046.html",2026-07-06 17:05:32
eastmoney_guba,688076,1736359884,拉高出货了,,股友iQUojU,4671355959136046,2026-07-02 09:39:44,31,0,0,0,False,False,"https://guba.eastmoney.com/news,688076,1736359884.html",2026-07-06 17:05:32
eastmoney_guba,688076,1736378209,减肥药概念持续走强，争光股份、美诺华双双涨停,,争光股份资讯,3314365982667494,2026-07-02 09:45:10,1849,4,2,0,False,False,"https://guba.eastmoney.com/news,688076,1736378209.html",2026-07-06 17:05:32
eastmoney_guba,688076,1736381352,冲高回落，快跑,,古越新安,4541336174369464,2026-07-02 09:46:05,23,0,0,0,False,False,"https://guba.eastmoney.com/news,688076,1736381352.html",2026-07-06 17:05:34
eastmoney_guba,688076,1736400671,这一波看到20-22左右,,平克马,3297355814792002,2026-07-02 09:52:03,67,2,0,0,False,False,"https://guba.eastmoney.com/news,688076,1736400671.html",2026-07-06 17:05:32
eastmoney_guba,688076,1736409595,还在等什么，冲过去,,基民37GEqw,6212395584070118,2026-07-02 09:54:54,28,1,0,0,False,False,"https://guba.eastmoney.com/news,688076,1736409595.html",2026-07-06 17:05:32
eastmoney_guba,688076,1736424706,7月2日减肥药概念板块走势强劲 争光股份、美诺华双双涨停,,争光股份资讯,3314365982667494,2026-07-02 10:00:00,2404,4,2,0,False,False,"https://guba.eastmoney.com/news,688076,1736424706.html",2026-07-06 17:05:32
eastmoney_guba,688076,1736473230,板块最差的,,西北狼y,3277336221003132,2026-07-02 10:18:51,28,0,0,0,False,False,"https://guba.eastmoney.com/news,688076,1736473230.html",2026-07-06 17:05:32
eastmoney_guba,688076,1736483645,一轮反弹行情结束，继续阴跌....,,封控在家炒股,1838346159592874,2026-07-02 10:23:12,241,0,0,0,False,False,"https://guba.eastmoney.com/news,688076,1736483645.html",2026-07-06 17:05:32
eastmoney_guba,688076,1736602567,诺泰长点志气，别ST弄得垂头丧气！,,首富投资人,1811476816912550,2026-07-02 11:23:53,40,0,0,0,False,False,"https://guba.eastmoney.com/news,688076,1736602567.html",2026-07-06 17:05:32
eastmoney_guba,688076,1736676348,感觉有点意思了,,股友76636kq858,9304077574992074,2026-07-02 13:14:19,41,0,0,0,False,False,"https://guba.eastmoney.com/news,688076,1736676348.html",2026-07-06 17:05:32
eastmoney_guba,688076,1736691406,越靠近摘帽，越难跌了。,,随便聊聊00,8440386164089148,2026-07-02 13:23:34,33,0,0,0,False,False,"https://guba.eastmoney.com/news,688076,1736691406.html",2026-07-06 17:05:32
eastmoney_guba,688076,1736691657,诺泰洗ST耻辱、长志气的时候到了。,,首富投资人,1811476816912550,2026-07-02 13:23:44,74,1,0,0,False,False,"https://guba.eastmoney.com/news,688076,1736691657.html",2026-07-06 17:05:32
eastmoney_guba,688076,1736706091,加仓了,,仓佑嘉措8888,6126326474017660,2026-07-02 13:32:17,65,1,0,0,False,False,"https://guba.eastmoney.com/news,688076,1736706091.html",2026-07-06 17:05:32
eastmoney_guba,688076,1736776354,摘帽前的行情来了！,,股友dimSvN,1775275755147584,2026-07-02 14:11:38,40,0,0,0,False,False,"https://guba.eastmoney.com/news,688076,1736776354.html",2026-07-06 17:05:32
eastmoney_guba,688076,1736777904,看看人家艾力斯吧,,盆满锅不满,7202306313611568,2026-07-02 14:12:36,43,0,0,0,False,False,"https://guba.eastmoney.com/news,688076,1736777904.html",2026-07-06 17:05:32
eastmoney_guba,688076,1736803271,下来吧，不要骗了，没啥意思,,只是为了做个实验,4166375946049700,2026-07-02 14:27:55,67,2,0,0,False,False,"https://guba.eastmoney.com/news,688076,1736803271.html",2026-07-06 17:05:32
eastmoney_guba,688076,1736887159,坚持就是胜利，加仓加仓,,单恋一枝花2,6965017055864904,2026-07-02 15:22:19,33,0,0,0,False,False,"https://guba.eastmoney.com/news,688076,1736887159.html",2026-07-06 17:05:32
eastmoney_guba,688076,1736901795,今天这样涨，是有什么利好吗？,,股友177r6d8621,5752077666414414,2026-07-02 15:47:58,59,0,0,0,False,False,"https://guba.eastmoney.com/news,688076,1736901795.html",2026-07-06 17:05:32
eastmoney_guba,688076,1736973733,根据我的判断，还会有新低,,别听他们忽悠,3124396168972760,2026-07-02 20:03:17,38,0,0,0,False,False,"https://guba.eastmoney.com/news,688076,1736973733.html",2026-07-06 17:05:32
eastmoney_guba,688076,1737008842,今年产品销售最大亮点为司美格鲁肽放量，具体为第一梯队市场加拿大，中东，东南亚，印,,酆都故人,9679114871701158,2026-07-02 22:01:19,1648,12,0,0,False,False,"https://guba.eastmoney.com/news,688076,1737008842.html",2026-07-06 17:05:32
eastmoney_guba,688076,1737222345,冲高回落，肯定的，这庄家操盘的,,古越新安,4541336174369464,2026-07-03 10:01:39,23,0,0,0,False,False,"https://guba.eastmoney.com/news,688076,1737222345.html",2026-07-06 17:05:34
eastmoney_guba,688076,1737232668,股票跳水哪家强，江苏诺泰一等奖,,盆满锅不满,7202306313611568,2026-07-03 10:05:17,24,0,0,0,False,False,"https://guba.eastmoney.com/news,688076,1737232668.html",2026-07-06 17:05:32
eastmoney_guba,688076,1737251540,财务造假很严重吗？请哪位告知，谢谢！,,股友05mT579651,8185137221671064,2026-07-03 10:12:23,97,3,0,0,False,False,"https://guba.eastmoney.com/news,688076,1737251540.html",2026-07-06 17:05:32
eastmoney_guba,688076,1737279654,中报估计是不行了，走了,,古越新安,4541336174369464,2026-07-03 10:24:02,26,0,0,0,False,False,"https://guba.eastmoney.com/news,688076,1737279654.html",2026-07-06 17:05:34
eastmoney_guba,688076,1737295173,再次回到了大家无比熟悉的阴die节奏,,别听他们忽悠,3124396168972760,2026-07-03 10:31:08,41,2,0,0,False,False,"https://guba.eastmoney.com/news,688076,1737295173.html",2026-07-06 17:05:32
eastmoney_guba,688076,1737347682,大单持续打压，中报很差？,,西北狼y,3277336221003132,2026-07-03 10:55:12,31,0,0,0,False,False,"https://guba.eastmoney.com/news,688076,1737347682.html",2026-07-06 17:05:32
eastmoney_guba,688076,1737390391,国内环肽赛道已形成清晰的“三足鼎立”格局：以元思生肽、博瑞医药为代表的治疗型方向,,越来越好运,1763094302211820,2026-07-03 11:18:06,470,4,0,0,False,False,"https://guba.eastmoney.com/news,688076,1737390391.html",2026-07-06 17:05:32
eastmoney_guba,688076,1737423419,你真狗。688117已经30多了。,,西北狼y,3277336221003132,2026-07-03 11:49:19,37,0,0,0,False,False,"https://guba.eastmoney.com/news,688076,1737423419.html",2026-07-06 17:05:32
eastmoney_guba,688076,1737516558,操盘手束手束脚,,拉萨顶峰,3140007529124966,2026-07-03 13:33:11,23,0,0,0,False,False,"https://guba.eastmoney.com/news,688076,1737516558.html",2026-07-06 17:05:32
eastmoney_guba,688076,1737521635,操盘手睡觉了,,拉萨顶峰,3140007529124966,2026-07-03 13:36:10,28,0,0,0,False,False,"https://guba.eastmoney.com/news,688076,1737521635.html",2026-07-06 17:05:32
eastmoney_guba,688076,1737579368,涨不过板块的坚决要换股，一定要买龙头,,相思成灾,6885057794142460,2026-07-03 14:08:14,40,1,0,0,False,False,"https://guba.eastmoney.com/news,688076,1737579368.html",2026-07-06 17:05:32
eastmoney_guba,688076,1737593520,7月18日会申请摘帽不,,股民3573,9801094391333426,2026-07-03 14:15:31,296,5,0,0,False,False,"https://guba.eastmoney.com/news,688076,1737593520.html",2026-07-06 17:05:32
eastmoney_guba,688076,1737595121,诺泰诺泰诺泰长长志气！,,首富投资人,1811476816912550,2026-07-03 14:16:18,27,0,0,0,False,False,"https://guba.eastmoney.com/news,688076,1737595121.html",2026-07-06 17:05:32
eastmoney_guba,688076,1737623540,好像你才是减肥药龙头吧，这走势有点苟呀,,拿个一万来炒股,9795094334154924,2026-07-03 14:30:31,64,1,0,0,False,False,"https://guba.eastmoney.com/news,688076,1737623540.html",2026-07-06 17:05:32
eastmoney_guba,688076,1737681644,嘿，怎么这么差劲,,古越新安,4541336174369464,2026-07-03 15:02:46,40,0,0,0,False,False,"https://guba.eastmoney.com/news,688076,1737681644.html",2026-07-06 17:05:34
eastmoney_guba,688076,1737745494,圣诺生物人家都知道增持，管理层也不维护增持一下,,越来越好运,1763094302211820,2026-07-03 17:54:42,590,2,3,0,True,False,"https://guba.eastmoney.com/news,688076,1737745494.html",2026-07-06 17:05:32
eastmoney_guba,688076,1737857965,这票摘帽目前到什么进度了？哪位知晓的分享分享,,线条来财,1317135317907052,2026-07-04 13:41:03,80,0,0,0,False,False,"https://guba.eastmoney.com/news,688076,1737857965.html",2026-07-06 17:05:32
eastmoney_guba,688076,1737929717,操盘的！131～158骂！改为每月一骂！彰显持有信心！,,卡巴拉,2028023787975112,2026-07-05 12:48:24,78,3,0,0,False,False,"https://guba.eastmoney.com/news,688076,1737929717.html",2026-07-06 17:05:32
eastmoney_guba,688076,1737954482,今天人气增长不少，是哪里又发了小作文？,,韭菜0000000000,8911094938108824,2026-07-05 17:38:37,93,1,0,0,False,False,"https://guba.eastmoney.com/news,688076,1737954482.html",2026-07-06 17:05:32
eastmoney_guba,688076,1738029475,信达与诺泰合作的减肥药，首单开出。,,古越新安,4541336174369464,2026-07-06 09:23:13,61,0,0,0,False,False,"https://guba.eastmoney.com/news,688076,1738029475.html",2026-07-06 17:05:32
eastmoney_guba,688076,1738084085,有谁问过董秘，半年度业绩快报几号出？,,古越新安,4541336174369464,2026-07-06 09:39:23,74,2,0,0,False,False,"https://guba.eastmoney.com/news,688076,1738084085.html",2026-07-06 17:05:32
eastmoney_guba,688076,1738097194,真是无法与：圣诺生物、甘李药业相比。,,股友76636kq858,9304077574992074,2026-07-06 09:43:33,62,1,0,0,False,False,"https://guba.eastmoney.com/news,688076,1738097194.html",2026-07-06 17:05:32
eastmoney_guba,688076,1738118400,天天下跪,,yaomomo2000,2192513855029316,2026-07-06 09:51:09,21,0,0,0,False,False,"https://guba.eastmoney.com/news,688076,1738118400.html",2026-07-06 17:05:32
eastmoney_guba,688076,1738120365,差的一匹,,古越新安,4541336174369464,2026-07-06 09:51:52,34,0,0,0,False,False,"https://guba.eastmoney.com/news,688076,1738120365.html",2026-07-06 17:05:32
eastmoney_guba,688076,1738145575,交易规则变了，是驴是马拉出去一溜就知道了,,股民3573,9801094391333426,2026-07-06 10:01:08,39,0,0,0,False,False,"https://guba.eastmoney.com/news,688076,1738145575.html",2026-07-06 17:05:32
eastmoney_guba,688076,1738244050,真差劲,,经纶富贵地梦轩,3689326239938764,2026-07-06 10:37:33,29,0,0,0,False,False,"https://guba.eastmoney.com/news,688076,1738244050.html",2026-07-06 17:05:32
eastmoney_guba,688076,1738327706,大家走吧，这股太差劲了,,股友RqPaD5,3127316051660808,2026-07-06 11:18:19,28,0,0,0,False,False,"https://guba.eastmoney.com/news,688076,1738327706.html",2026-07-06 17:05:32
eastmoney_guba,688076,1738352811,退市,,你将最终胜利,1450306394783606,2026-07-06 11:37:24,29,0,0,0,False,False,"https://guba.eastmoney.com/news,688076,1738352811.html",2026-07-06 17:05:32
eastmoney_guba,688076,1738401243,又是玩完的一天,,yaomomo2000,2192513855029316,2026-07-06 13:04:59,34,0,0,0,False,False,"https://guba.eastmoney.com/news,688076,1738401243.html",2026-07-06 17:05:32
eastmoney_guba,688076,1738422305,又yang尾了，就不能一硬到底吗,,股友dimSvN,1775275755147584,2026-07-06 13:18:35,33,0,0,0,False,False,"https://guba.eastmoney.com/news,688076,1738422305.html",2026-07-06 17:05:32
eastmoney_guba,688076,1738546363,天天小涨也好的，至少大家不会跑,,拿个一万来炒股,9795094334154924,2026-07-06 14:40:26,40,0,0,0,False,False,"https://guba.eastmoney.com/news,688076,1738546363.html",2026-07-06 17:05:32
eastmoney_guba,688076,1738726293,磨磨唧唧，一个涨停筹码全给庄,,基民37GEqw,6212395584070118,2026-07-06 21:36:00,30,0,0,0,False,False,"https://guba.eastmoney.com/news,688076,1738726293.html",2026-07-06 17:05:32
